code_amc,area_amc_km2,dist_rio_km,dist_rio_principal_km,comp_total_rios_km,comp_rios_principais_km,pct_comp_principal,comp_maior_rio_km,densidade_hidro_km_km2,n_rios_distintos,n_segmentos_rios,otto_min
3001,30178.028608364573,0.4454857013504738,1.611969696808767,9423.344353096607,3591.693174727632,38.114845856687445,360.4503468012138,0.3122584472096596,122,1376,1
3002,373.2582773469803,4.197104656336476,4.197104656336476,49.48087835927564,49.360374850740044,99.75646449187778,15.288975157329796,0.13256471821863522,6,7,4
3003,2230.910170549793,1.5634660696250893,1.7772540876753256,699.4038907890251,337.1414256530842,48.20411068527823,64.3174592724388,0.3135060747948725,20,75,1
3004,1499.8585012291414,0.12687552806228386,0.12687552806228386,593.7670864348847,246.34638214835516,41.48872306605541,93.48708619542303,0.3958820688406871,14,113,1
3005,1950.2443830545894,2.551506818528931,2.551506818528931,370.73030593608627,304.7320190842136,82.19776322703687,75.42502243913,0.1900942821101355,20,27,3
3006,730.7344170017417,0.7864733428713782,0.7864733428713782,135.701156373242,106.3657137759623,78.38231936904545,30.05227192088891,0.1857051662217226,9,15,5
3007,15081.880354016082,1.2821012869284993,1.2821012869284993,3394.4994091218327,1945.9917863735868,57.32779864813766,157.82318323921086,0.2250713657344409,76,421,2
3008,16259.365407518051,0.19264882461393135,9.578813565888515,4347.108937193875,1768.4642439481743,40.6813877797538,202.1656042116967,0.26736030762823293,83,522,3
3009,11298.292733249406,1.051313786415935,2.1296618144560133,3368.125886275054,1743.6791255409394,51.77001051671926,127.16591715855311,0.29810927772858087,112,569,2
3010,7563.645163260072,0.24782300233439172,5.93309222704507,2738.8071096334443,806.2693891271548,29.43870659204854,72.27468227713784,0.3621014802409064,40,461,3
3011,1019.9021343987735,3.8714565725175607,10.758620696567858,288.93480698251005,67.50089642143956,23.361981592451603,26.660274827492902,0.28329659997509027,4,75,2
3012,610.2056740685798,1.5771720087362382,1.5771720087362382,222.88713104318416,106.2300819795394,47.660931109996405,34.402504988249106,0.36526558259786734,11,46,3
3013,1152.4056252488924,1.1964310361361865,8.794026136689462,396.0547563695737,210.12751673604893,53.055168093972085,156.59267641583605,0.34367652126310577,7,60,1
3014,5759.597520798779,1.34572085780618,7.749884121522891,1190.2638929917084,275.89833942339556,23.179594125965604,85.3087969502494,0.2066574771402837,14,179,3
3015,31669.246633695737,3.354251473234473,5.15667301825668,8391.855412874012,4816.501088717601,57.394948455958485,403.55572329182917,0.26498437142944753,202,677,2
3016,1110.5934661828203,3.741473428228862,9.084843493558513,192.97130774957253,120.27420698923386,62.32750785174709,105.9814782747125,0.17375512608842106,3,12,2
3017,204.5753965947837,0.8296487473782819,0.8296487473782819,97.54050855844761,36.63524940151681,37.55901003895675,19.96781186566176,0.476794913670155,3,23,1
3018,1311.3156653057536,0.26426619763100895,3.999438490706991,584.6684702523959,198.85733152766628,34.01198142971887,92.00826350110597,0.44586401712517587,12,124,1
3019,1596.3201518216667,0.5430136167682293,0.5430136167682293,352.6478976633499,239.7844056046261,67.99541616253524,40.530428783317866,0.22091301501200747,14,43,1
3020,13347.47591591541,0.08557741275535725,0.08557741275535725,3309.8549927726976,2186.993504580648,66.07520599410255,376.6540792310826,0.24797609777486518,115,260,3
3021,2257.1239844134852,1.101915262348537,1.101915262348537,766.1841744706068,337.98624198577164,44.11292392188895,41.52237927107553,0.33945152316021315,17,96,2
3022,5762.838366749634,0.4475124941454718,0.4475124941454718,1929.5051382583206,1116.5312765466908,57.8661986645205,110.88504470514916,0.33481854174345055,69,230,1
3023,1716.307080691245,0.2020292171182207,0.2020292171182207,662.1661508613247,348.64132798928125,52.65163849522959,54.7394296870976,0.38580866927067414,30,121,3
3024,2724.4302000626903,3.0408589025266073,3.0408589025266073,612.0743107106418,328.71033852581706,53.70431870342209,90.49026524058328,0.22466140284913805,10,75,2
3025,7547.256291248404,1.458168615098879,1.458168615098879,1889.784617556951,1082.5283270487394,57.283158990266045,71.62634585458692,0.25039359266867545,72,188,2
3026,776.5277689708278,2.6562076846268186,2.6562076846268186,263.74877265951085,92.61599946096008,35.11523429173399,35.19050073706534,0.3396514370749042,8,59,1
3027,1796.6832303640765,4.096435802914101,4.096435802914101,235.92328086712124,104.55417881796112,44.31702476910239,39.67276913532594,0.13131044854206947,4,27,2
3028,7322.345775746617,0.16039631813699876,0.16039631813699876,2031.2863844608837,795.9374781644779,39.183912433682984,122.25588529337708,0.27740924106438625,45,309,3
3029,3642.9617158603755,1.6661284566565762,2.7737391800523143,1283.828342266029,565.9593459589363,44.08372422749184,56.53488068729049,0.3524133500159008,36,208,2
3030,1480.1127879388087,1.3966602000979491,3.6563272731247256,508.08239339615193,154.22213802112822,30.35376545726535,26.04838610470888,0.34327275430388166,15,102,2
3031,1592.4147638132874,0.8654844932215088,2.79154565401901,668.6592607715947,178.12808997860105,26.639590659830446,53.315723616704624,0.41990270120981865,13,85,3
3032,2744.773914742814,0.5520007802483334,4.670200012485978,1229.7751928143562,213.96106816657434,17.398388698744338,52.555951232148324,0.4480424366498639,10,258,3
3033,2437.2445299595083,0.4404550321331831,0.4404550321331831,1029.4532478860785,425.08900750187894,41.292696717871756,44.2244264955862,0.42238406332711376,27,200,3
3034,669.2026501776295,0.3676802297259503,0.3676802297259503,135.02881064348787,56.71008271420706,41.998505684788135,35.48610020478541,0.20177566632117575,2,17,3
3035,4165.547616437947,0.6790357336656406,0.6790357336656406,1677.8236501321699,1095.302368472488,65.28113776356687,122.24271458433967,0.4027858530559577,73,236,1
3036,11669.071767569072,2.8184625883989574,7.272681169440425,1709.4926938027177,918.4300348249876,53.7252974613168,258.9530532635402,0.14649774445245725,28,205,1
3037,10338.229762510207,0.7741271147125022,0.7741271147125022,4663.273446903333,2748.7563181085716,58.944780944250546,141.10095988305787,0.4510707881356906,203,770,1
3038,6622.424346225777,1.6270935339667763,4.000890997266701,1561.3646547714598,932.4753612580638,59.721818244601685,113.8083467617978,0.23576934565682214,57,147,2
3039,505.3002676452036,1.6188213770467177,2.284558298566594,188.03532176176356,99.66433066416496,53.00298355137627,81.61313539834401,0.3721259096854318,3,23,1
3040,1018.1229225054792,0.0988900211674408,0.36802598712984663,438.6466661604456,86.45889284889957,19.710372725658683,46.22568648667071,0.4308386113937877,4,99,4
3041,3266.422228071511,0.6539205316307527,3.792345196102103,1244.9117896785513,432.98880066990165,34.780681190408174,80.0328952081071,0.3811239646178702,32,220,3
3042,979.8610947457167,0.9701633537638155,1.7599432969626774,240.37313002125666,153.98694958577218,64.0616318355362,26.583138665900613,0.24531347484883637,14,27,2
3043,2592.5342377782827,0.22312718240566637,2.367338104183023,729.1502157829245,373.64572045952144,51.2439977897174,44.5514289564308,0.2812499851140953,21,89,3
3044,2451.1519843694623,0.8492822817943708,0.8492822817943708,745.0792025724523,290.83775777503627,39.03447536461801,171.4365750599646,0.3039710337521635,9,129,1
3045,361.69531969917307,0.32140231013594417,2.721443823761694,111.0650279312352,49.65798250759145,44.71072796950692,28.69942929126024,0.3070679156799969,3,14,5
3046,319.10191850067974,0.7527556964333098,3.354543938539771,67.34230575211974,29.193154820012172,43.35039392246123,16.188146579444687,0.21103698175345284,4,11,2
3047,1139.9500713439052,2.56588123486107,7.854017636802905,263.22508271382213,85.50955540592531,32.48533708274722,59.783314272901116,0.2309093085134,5,32,2
3048,7979.635353580781,0.8593422131801561,1.2110724122575096,3059.5862550093634,1706.5892823073293,55.778433424231295,85.24321224274536,0.38342431946296957,121,434,3
3049,2443.258419974571,1.3670357397702648,1.3670357397702648,614.8611192681767,388.21326246052405,63.138365769913264,53.67120230317745,0.2516561957758754,28,65,4
3050,700.0097988364975,0.31381286428682803,0.31381286428682803,245.26323715930914,143.4152569186995,58.474012893153265,47.07961621232142,0.3503711484710169,9,29,3
3051,890.254646569892,0.5683802912802091,5.318322755088903,337.96035790158317,80.1006826457669,23.701206598051026,41.259685615724784,0.37962212183191413,5,48,4
3052,449.48495760404813,1.1484576411419087,6.143372915860124,108.46245885752211,18.768763754291655,17.304387114205642,20.029328216054353,0.2413038679551693,1,18,4
3053,1251.7878941694344,0.06783273012670993,0.06783273012670993,362.40537712512696,229.50296248663963,63.327692405457775,64.58398734249421,0.2895102108057885,14,37,3
3054,1536.1245086471051,0.32540458697680696,0.32540458697680696,444.2200876719304,159.8355682739488,35.981166252885004,44.631416961876575,0.2891823450321509,9,43,5
3055,274.3694260969559,1.0829577907113537,2.6074826600932846,96.67627426426397,53.19652072121038,55.025414587035115,21.721773146568232,0.3523580438226407,5,12,4
3056,600.9157235428313,0.26393664661127847,0.26393664661127847,198.86425324436317,120.68106147564143,60.68514552353926,72.8209403468964,0.33093534659388685,7,28,1
3057,2142.43509163551,2.1253325611113003,2.1253325611113003,675.7115741853607,381.2839354246186,56.427024486637706,147.61403396097916,0.3153941871207544,15,86,1
3058,1457.923981335126,0.38865408334414797,0.38865408334414797,430.3675874355433,284.56211969599093,66.12071354899842,169.9089911118109,0.2951920627860341,11,54,1
3059,1828.027851693885,0.03815330061651192,0.03815330061651192,1159.332939411309,364.9810065927533,31.481983663647554,40.385743985696635,0.6341987286118477,26,285,3
3060,688.3724775256619,0.10644658769855907,4.9773634464171055,226.7507271138538,64.05047828073624,28.24708837585154,22.414639530675682,0.3294012101252272,5,24,2
3061,312.14061829016583,5.852583250284428,5.852583250284428,36.72284306318989,22.06042309907384,60.07275379282027,16.570977619209764,0.1176483959836728,2,9,4
3062,6522.516074466034,0.99977873760543845,1.1015163793577556,1636.2086001385837,735.1677677417705,44.93117611528892,83.90066386034094,0.25085543392432835,45,156,2
3063,3349.972192788333,1.5408251302046803,4.625865382166013,1563.790527712542,697.1511563784497,44.5808529994243,112.9188568525965,0.46680701740718883,42,246,1
3064,3637.6226208400153,3.411255922686472,3.411255922686472,871.4167928337229,481.9091006325731,55.30179181714798,49.991186016496435,0.23955667854091242,38,90,2
3065,434.0294546048869,1.3941151677478791,1.8270971309206072,233.69118726191903,35.63421539682772,15.24842071040069,16.847757389679057,0.5384224153051013,3,63,2
3066,551.011749683403,0.23563464390013084,5.339725937689911,209.17678586666833,100.44863785393501,48.02092996971572,29.989386041055266,0.37962309512792763,9,43,3
3067,2885.1011662255005,0.07712448510115061,10.811039183485674,730.2675803949438,207.02421339629086,28.34908997114837,23.667302767326294,0.25311680191455227,16,128,2
3068,1988.173409284493,1.1622496427867584,1.1622496427867584,490.461049837286,204.4058881501452,41.67627342027635,47.05043082053594,0.24668927144227018,13,47,2
3069,8536.190492020236,2.1660247953826683,3.4681496381323726,2417.455930545775,1275.6164666952068,52.76689641275976,189.25504877933278,0.2832007946408472,68,276,3
3070,575.4387450192412,0.7020315532180433,3.3406178703587153,372.300495071946,94.2562471432585,25.31725001468068,27.296578081640835,0.6469854494408388,6,117,3
3071,983.6851626691029,1.0957729896042994,1.0957729896042994,276.3755404504524,230.95723123009228,83.56645123286425,46.30146662482096,0.2809593464849495,16,24,2
3072,3020.9682026619002,6.384976062538064,8.05286954264665,574.6119129690904,260.4815790552004,45.33174011469064,84.23296197793998,0.1902078653005272,12,50,3
3073,190.15470485511852,0.5967772804615191,0.5967772804615191,106.76590723037414,70.2728134163217,65.81952538902753,54.68532257697733,0.5614686594881813,4,17,1
3074,532.6355598327349,1.7233157164540986,1.7233157164540986,145.16826726700563,65.54384824466014,45.15025871605012,15.242126336330806,0.27254708137134753,8,31,4
3075,533.7009223603997,0.3243457298715512,1.2693007460228825,156.25370213606828,85.27416314190201,54.574171348365155,22.790180453260668,0.292773903116009,6,16,4
3076,515.7090696864482,0.6487012768343776,0.6487012768343776,99.64075277548463,66.8877049101874,67.12886348912077,54.65504436094464,0.1932111700809651,2,8,2
3077,4034.129553148515,1.5978884045367283,1.5978884045367283,955.5306211463488,690.5616660875278,72.2699671580448,82.40968867941302,0.23686165963623712,46,96,3
3078,747.4550029764044,2.738891824014385,5.800262608522755,132.3761158809106,20.524032581254755,15.504332065248668,17.753809963547567,0.17710245480166975,4,26,5
3079,408.3947103717096,0.03319592699946737,4.6756736334763875,173.06819340240003,28.856628741683963,16.673559811530218,23.12754491954785,0.4237767752791855,2,50,4
3080,693.6152744114781,1.348949594028054,1.348949594028054,413.8815734286269,136.04466659715047,32.870433315053376,31.134680107442428,0.5967019307350159,9,97,3
3081,1143.9719055607072,2.1477654468938536,2.1477654468938536,417.64531753139124,162.82342936528048,38.986054082371524,55.626560749235935,0.3650835440112371,8,46,3
3082,357.23871466005113,0.10240748738740205,2.5256289074850047,212.8889346033037,74.06193097403224,34.78899977212949,41.321778121569466,0.5959290689025379,9,60,3
3083,462.217355555053,0.7428470425767083,1.2294581821079804,268.02560365902593,67.25605230175034,25.093144603942935,23.51008953144703,0.5798691901933621,7,77,3
3084,2983.2103703413463,1.8506227222700913,1.8506227222700913,1153.9075533500165,752.4045721277737,65.20492650762168,309.0495331174627,0.38680059737724215,33,124,1
3085,2509.9801112854166,0.5311344595730032,4.224076928980199,583.7605929945889,421.72926668384235,72.2435312943009,79.72256886802967,0.2325757843139371,30,57,2
3086,4029.050985999249,0.0500654869395311,1.435356376605912,1306.265038788424,541.8317880274551,41.479467943964146,65.86304490683158,0.3242115930842349,26,134,3
3087,2335.765750440222,1.5488236033005167,3.5698611037533454,483.08910342335406,373.6794667156345,77.35207937161053,126.98601762447028,0.20682258198721606,24,45,3
3088,385.58392765522467,0.5822270527792536,8.080482812717836,73.24243345761211,35.31524899948537,48.21692471471952,18.23979368384096,0.18995198763342352,5,11,5
3089,712.6691535499417,0.6908843636139225,1.3381371961769295,363.9756337004682,116.51961597180815,32.01302647300213,34.209935714694346,0.5107217449884506,11,86,3
3090,1944.2756673796553,0.46700234506591615,2.0602727799375726,638.4073196117253,221.26584528987038,34.6590395336386,48.7478687029118,0.32835226522796607,17,113,2
3091,937.086497416917,0.4783239864514295,1.4641205458080278,435.04444546857155,138.2988939459607,31.789601128455665,68.54978571714464,0.46425217593869234,8,105,3
3092,463.64161908168103,0.05423457877299893,1.3957253135882544,137.48049080811305,34.67589720431198,25.222413013283823,10.112776663396435,0.2965231876301699,6,47,4
3093,2357.314359260186,2.6623180272862133,2.6623180272862133,686.7836996959123,362.2092502161154,52.73993112773221,54.59980188287145,0.2913415841200963,23,74,2
3094,2076.016844878153,2.560843214241887,2.560843214241887,538.1185135688776,375.7724349684365,69.83079479578967,36.56459415947569,0.25920720002657843,24,54,2
3095,390.7982775665565,0.27287344368577876,0.27287344368577876,136.01975497033277,87.73718766963827,64.50326843242337,58.642485440086,0.34805617828540036,6,29,1
3096,841.297443019324,0.9375350112397177,2.0144401920855888,364.3975286362473,190.42623332332423,52.257827882640086,156.34140643945716,0.43313756824038907,10,76,1
3097,3566.590652086451,0.6866410894079688,2.104807238602965,955.2753887172358,494.74432066171744,51.79075337909319,79.28902884246925,0.26783992947393637,29,97,3
3098,3169.004882030559,0.37622657231262807,1.2714856812654372,1563.5731537288502,742.0484433497064,47.45850500055273,101.17127988209815,0.49339562794456193,45,255,3
3099,4441.444084839013,1.7899112309921539,1.959293440606815,1297.9309462976216,707.5228564349397,54.511594661731834,77.58598701451464,0.2922317429883094,47,146,2
3100,1495.8645459373074,1.664880399617665,1.664880399617665,336.31786018035825,183.61215056045725,54.59482599645199,34.4309832480916,0.22483176106672265,13,39,3
3101,1748.731637229842,1.5926517479616058,1.5926517479616058,381.22649424743213,265.8936145992758,69.74688764068416,50.895953744290104,0.21800171400303098,17,33,2
3102,1970.7676336551579,0.7862300486746914,1.6371239239744957,969.4550788224034,233.67286002342124,24.103526313696097,69.48572420856561,0.4919174956330936,13,217,3
4001,6540.335375311443,1.1529832723646238,2.041287000827548,1726.629082550628,792.9318113394454,45.923691391095005,67.06837567649421,0.26399702514772155,51,156,4
4002,112.6397014209168,1.0355318241013611,6.541218497085466,15.406156710945904,0,0,8.774399312897422,0.13677377085167802,0,4,NA
4003,516.7033919383515,2.942121514542256,5.033387874529022,82.01149494387997,54.168193708850694,66.04951384670856,19.956100206270072,0.15872064364861932,5,10,4
4004,2480.3448302290913,0.5963900980731235,4.947874673688596,560.2152059044279,294.0331662795845,52.48575247165752,81.47533204466026,0.22586182335489413,24,55,4
4005,540.1122442590811,1.287996791805843,1.287996791805843,104.50088410874379,68.09026702307602,65.15759900387175,22.47911524749496,0.19347993906728914,8,13,5
4006,2224.172704836895,2.105677493887386,2.105677493887386,432.0073768543731,426.87285456321075,98.81147346868266,36.026304229692514,0.19423283808621933,30,34,3
4007,1879.4014980440606,1.1077464811489635,1.1077464811489635,301.2250634118186,216.01096690335478,71.71082128980625,35.36728820364316,0.16027712211856324,19,27,4
4008,5634.827754157413,4.625709426516061,4.625709426516061,960.4102758031162,703.3412981852977,73.23342074793486,98.64721101522133,0.17044181609535786,43,73,3
4009,1159.267706028252,2.5464481331789233,2.9126334345067684,336.2997142427896,182.2104978331333,54.18098503098564,49.958522097122696,0.29009668128769023,13,42,2
4010,224.24215989250715,0.6071399879083063,8.920676777713782,62.18381574425707,6.90168901759145,11.098850938925937,13.717972216609,0.2773065322509627,1,9,4
4011,13649.071966757625,1.3907280476816886,1.3907280476816886,2665.8334765849327,1549.743017862532,58.13352677406659,182.3832831177625,0.19531243465325568,58,181,3
4012,2857.265300212527,0.2946969996021215,0.2946969996021215,629.9031324996217,404.2587278099263,64.17791989789305,64.64666663298385,0.2204566486887895,26,53,2
4013,1803.8260369205839,0.20924828583290764,1.8787415628932373,430.089643025986,282.4805780767313,65.6794653526832,42.400437374477775,0.2384318854606495,25,45,4
4014,8932.848713358808,2.430706403712491,2.430706403712491,2034.6045849047798,1177.3597603626654,57.8667604063109,101.29828088905514,0.22776660057637488,76,185,3
4015,6903.482806696535,0.8558572229566086,0.8558572229566086,1862.135971497912,591.5401365512149,31.766753105326508,89.30307333553098,0.26973862666704956,40,180,4
4016,7105.688095958867,1.0598060910929212,1.0598060910929212,1635.3003219583015,1261.0411412900903,77.11373405589322,100.73607733126792,0.23013961489364082,71,123,3
4017,11916.817187036957,0.15785011096281082,2.4340115027207565,2026.2250175064012,1253.9530557508742,61.88616984376528,116.76917378428398,0.1700307209302931,76,198,2
4018,501.00734718307615,1.488344760390715,1.488344760390715,80.74204526965629,51.27908865918127,63.50977175265152,25.012503761578117,0.16115940359683356,5,8,4
4019,2672.9695724718977,1.3741678565690376,1.3741678565690376,532.1441549528181,323.7625871400656,60.84114316143745,67.22956333560974,0.19908350638675773,17,39,4
4020,6990.256431478336,0.8678383980162023,1.169293899192532,2242.948900938103,1327.2091606761023,59.17250990965524,128.6276379635372,0.3208678999010273,99,445,2
4021,10231.769371887443,2.1354566105844355,2.1354566105844355,2337.5284146746726,1659.6502562096475,71.00021740016498,123.36947370772522,0.2284578873618094,105,190,2
4022,1849.5806712835058,0.11506604846730153,0.11506604846730153,433.66506863839413,125.56098738527861,28.953447364232133,26.235093824558124,0.2344666958146004,10,56,4
4023,1033.4428188273478,0.2653057076638905,0.2653057076638905,240.60157918625927,138.510345171823,57.56834416477234,34.53157143000565,0.2328155702501963,13,26,4
4024,3639.3439886651577,0.6038940382595727,0.6038940382595727,771.0956394598635,479.21853259171604,62.1477425196437,76.39922515985477,0.21187764659275496,31,65,3
4025,12890.705927469075,3.9095928929462547,3.9095928929462547,1700.5053739583727,1308.2328686338265,76.93200437165164,137.79489598380607,0.13191716446922663,69,114,2
4026,970.8672079377134,1.0866436131837098,1.6767595544592384,288.503278406872,99.14105055793894,34.36392511911831,36.3778770081641,0.2971603902656285,11,49,5
4027,8700.367105429197,0.036353841584373915,0.036353841584373915,1260.7437214465965,978.1620086966764,77.58610985381854,68.99874718209006,0.14490695693287103,73,104,3
4028,2437.6153912961117,0.6832013396274259,0.6832013396274259,531.1250006796342,457.3753109332457,86.11443828627583,90.60690526009732,0.2178871213958114,23,36,1
4029,4221.623076339705,0.7021568609328317,0.7021568609328317,922.5244828687132,627.1555343415552,67.98253553025836,86.71847365098168,0.2185236498348342,36,62,4
4030,9214.778239357807,1.9084707013370126,4.766924352126013,1515.8656000243823,667.8796172519213,44.05928977088593,88.203195778768,0.16450375262964825,20,105,4
4031,5519.769853049412,1.218378543809619,6.5988468716081154,1396.1934872424138,768.0704225172748,55.01174654769885,121.63778794750985,0.2529441488345901,37,117,3
4032,1269.892579211597,0.9071820958042468,0.9071820958042468,264.1333535992169,102.82502777293176,38.92920995087711,25.57852517959246,0.20799661162143498,13,26,5
4033,832.3279561081848,0.37476092124093846,3.0229174243504295,230.85279901446435,52.384837178588015,22.69187872194947,29.91462343768438,0.2773579780906199,4,31,5
4034,9187.494397766135,2.7237265169350957,2.7237265169350957,1790.9172549527825,1034.40226182227,57.758238632277966,145.84783949913205,0.19492988810836495,41,125,3
4035,2450.897245826468,1.8501752274798429,5.472614524790952,557.6538120092102,272.32837135461745,48.83466507176313,38.33447687733188,0.22753047397593512,19,60,4
4036,733.1429142019073,0.3697406543720961,1.1797658534899536,303.6809228438025,98.4562267904339,32.42094559923167,37.67781270806857,0.4142179061696133,5,67,2
4037,4051.7939141077486,0.3403499185104425,0.5699085358210281,880.2641244171892,617.9485152159605,70.20035215283774,110.21743392305044,0.2172529361259563,36,63,2
4038,592.7306240279903,3.956565285479711,3.956565285479711,132.73191792284865,89.85270544322464,67.69487463855691,24.4946413326737,0.2239329512297659,7,14,5
4039,4754.743152415959,7.761021171774085,13.068156534787772,506.98683834060483,294.68447613748145,58.124679745533356,45.517754347385235,0.10662759734624086,15,36,3
4040,2325.6216511404887,3.260010712271145,3.260010712271145,568.1744400818019,295.4977692040163,52.008282731175406,42.58472425615097,0.24431078021791214,27,59,4
4041,1628.7713969831973,1.6401130684875351,1.6401130684875351,305.41896124941184,214.2876711971507,70.16187545152401,56.17728658671621,0.18751493414920437,25,31,4
4042,1529.9412953810506,0.5854351893616957,5.299108149084044,238.03293661908154,173.41023137461997,72.85135991584403,34.5730610943422,0.155583052328682,12,19,3
4043,1933.9089304109682,0.4984443835547424,6.713584416723843,457.70239136975385,164.95662741552962,36.0401497842011,50.32152910980298,0.23667215357058677,8,50,5
4044,3981.4419378550406,1.9724664310380216,1.9724664310380216,763.2003185935996,750.388859151911,98.32135035460976,88.11323235245398,0.1916894257171475,43,48,3
4045,1215.8849724317674,4.768069978217693,5.375795165773424,230.77060055044896,198.96508798093757,86.21769302777442,41.394906248680236,0.18979640819880209,14,15,5
4046,917.5075302025155,1.2658980784875342,2.697414350311528,203.38984598479047,125.67044598113677,61.78796457249612,28.112650858681324,0.22167648688387065,11,23,4
4047,219.87017509369863,1.2962662008111965,1.2962662008111965,51.860596985991144,25.738473440814126,49.63011406861887,15.792056999212766,0.2358691758165496,1,9,6
4048,847.5264520290552,0.897474239736091,0.897474239736091,199.88369403879685,177.5639422193788,88.83363051360966,38.892437142770135,0.23584360530607293,14,16,5
4049,1242.6429754050646,2.385567824882856,11.219760295922828,224.51874189087368,100.8053153645732,44.89839668421497,41.28203065789269,0.18067839784608067,8,21,4
4050,950.2866737266936,0.0023305160058319924,0.0023305160058319924,179.20584501271213,70.11297118561524,39.12426582996872,53.14645841899346,0.18858082509978719,2,18,5
4051,1049.405956054321,0.5352897842048949,4.378700072365508,208.02927726091653,103.42046077646586,49.71437777325585,37.257015825990706,0.19823527402406718,6,20,5
4052,3424.6966218347725,0.037651792619540804,0.037651792619540804,785.6741235788653,452.64233703416846,57.61196957490641,87.85767353909763,0.2294142256483853,24,77,2
4053,269.7794269072798,2.1821793348975884,4.846568441245001,46.82496350268972,15.027546861770826,32.09302418550228,20.710852448615817,0.17356758459859484,2,4,4
4054,658.6100228792338,1.29071826112976,3.628057129508584,155.58878082925588,116.2859935855236,74.73931794165583,26.896148721605776,0.23623810058199715,11,18,3
4055,491.060468728272,0.15547425323021977,1.5985370107194732,124.4895746623018,33.66561169227202,27.04291647199813,12.373832188702028,0.2535117008801375,4,21,5
4056,225.15400043305394,1.871646226243595,4.562632378182274,44.682687425185215,17.893661770837276,40.046073327164265,8.343491808675259,0.19845389084468398,3,10,4
4057,979.5096542211636,0.9072843816706437,0.9072843816706437,255.44989314826833,63.265862195821974,24.766446920806178,44.976291418279395,0.2607936451135685,4,33,5
4058,528.5594709873313,1.0628422388734449,4.072900072979005,167.28238782253703,42.679496028959946,25.51344261909799,23.40701506838407,0.31648735289911495,4,31,6
4059,776.1634232438336,0.6905394831206102,0.6905394831206102,216.5465773336066,80.64711534852252,37.242387453799125,34.421455061152365,0.2789961119638821,5,31,5
4060,1171.9624190966945,2.649193626990284,2.649193626990284,277.3831362896632,128.1822647064114,46.21126807527129,38.9051341035641,0.23668262033816742,9,32,4
4061,2565.3683768117103,3.806156128107831,4.5773332251381325,472.73520868386373,232.22397389978065,49.12347750579284,62.60582671888333,0.18427576053283554,14,40,4
4062,1766.0659267694266,1.970440220860012,1.970440220860012,347.75882534262416,170.78693568822328,49.11074090498149,22.51399427269088,0.19691157621661468,11,33,4
4063,1491.902373236216,0.9289412761896193,2.5424576975168534,538.1158821266532,130.56155391105682,24.26272077216396,59.813020583029775,0.3606910825936814,4,117,2
4064,1541.9966864530027,1.0249788076028745,1.0249788076028745,314.8897255084069,204.9567934170417,65.08843471667029,41.06626010432992,0.20420908052191472,15,27,5
4065,1573.8122865729747,0.7814169472806658,0.7814169472806658,406.6346684779749,220.90417019398424,54.32497209862208,31.400470765778458,0.2583755838909064,16,42,2
4066,3050.1097317074727,1.139472402647366,1.139472402647366,766.5117952203692,528.4191140420064,68.93815820408712,61.456214096990934,0.2513063012953539,37,66,5
4067,2142.457102426922,3.0323085456900998,3.0323085456900998,487.01284440830597,238.47396585644248,48.96666866069525,56.377515504826356,0.2273150971641999,13,51,4
4068,1095.6231915722328,2.4058539057177515,6.602577508679282,213.3714775134345,111.65030306387936,52.32672349885637,55.441160428900524,0.1947489603677007,9,26,4
4069,681.917523513587,0.485352315059173,0.485352315059173,167.26362531733793,125.5104568086272,75.03750834678175,36.91476762279108,0.24528424560130146,7,17,5
4070,1398.5238424536906,1.3336733744852982,2.1112751717817746,366.98090672172503,164.0914301609417,44.71388760434048,48.12080778255654,0.2624058994073795,11,42,2
4071,93.8021445625219,1.901097428957151,1.901097428957151,25.733180174645984,17.966999316071565,69.82036108297967,12.162972463887243,0.2743346678763198,3,5,4
4072,403.03256665171574,1.2559873430410633,7.6950959340392835,80.33315650312126,19.61584520909703,24.41811832494703,12.313992572575657,0.1993217500275651,4,12,5
4073,2442.121329276685,0.6296180862143593,0.6296180862143593,460.24850521461605,329.1096461629021,71.506945146826,54.0282474337505,0.18846258770891364,26,49,3
4074,1320.3558295093223,2.723597572285291,4.538144360269476,249.24913871038714,133.59232787481523,53.597909531812526,26.328070724098172,0.18877421763117783,11,26,3
4075,1761.3128791790186,3.789031461975235,3.789031461975235,435.8445032270524,208.032615314994,47.73092554218122,53.57092068102352,0.24745433271924283,14,42,2
4076,359.30292828046896,1.2935344727267968,3.0234320427621224,102.16357259650859,18.513716530490274,18.121641657550036,13.582427893499371,0.28433826878460766,3,23,5
4077,526.4563937507196,1.254062064573896,1.254062064573896,103.8586093781533,59.67196393320583,57.45499991814627,28.718169514183934,0.1972786551953836,8,16,4
4078,2509.0368082434607,0.7125922089858595,0.7125922089858595,461.1709092995404,260.7469349437123,56.54019576814884,66.69305866467873,0.1838039632516987,13,35,3
4079,2039.6645690321677,3.539239596502917,3.539239596502917,319.5426492542143,234.55781432734761,73.40422784713898,55.17338991582911,0.15666431339043121,25,35,3
4080,1504.3073181674238,2.0057387930442463,2.958112890954415,385.84416765458684,231.48958349400954,59.99561556188722,42.723101841291786,0.2564929140440729,12,32,2
4081,5702.05308996019,2.8773524896353493,2.8773524896353493,1239.6065357827442,1009.1127036028254,81.40588763237082,94.24282618294737,0.21739652651873131,56,86,3
4082,1734.832827734753,1.163467232873869,1.163467232873869,304.2700031448803,153.5399809971162,50.46175416904539,58.26188393434978,0.17538865894195635,4,25,4
4083,4566.783730825396,1.0056414606861102,4.979448554683399,1000.1438329542013,426.36882179848124,42.630750473067764,76.65158564788139,0.21900398440226473,16,112,4
4084,196.71704070100915,0.9440720792353919,0.9440720792353919,44.91842836484349,38.77577826310679,86.32487750496541,15.105135660693907,0.22834030140334996,3,5,4
4085,2488.5793752616596,0.6598398938261453,0.6598398938261453,491.5945132606013,349.6775340250467,71.13129308660075,60.18791881513674,0.197540218386208,22,37,3
4086,5351.730041008489,1.6148360514172033,1.6148360514172033,1238.8838061637045,719.2213792453911,58.05398179127979,81.6779046728578,0.23149220843924467,46,129,2
4087,1195.190196292989,1.1292481301266137,1.1292481301266137,277.448269611252,227.67481925552752,82.06027724538892,42.06224241222494,0.23213733719686427,21,26,3
4088,387.4668508845515,0.9139178237057884,0.9139178237057884,92.28601299889222,34.65323477200027,37.549823256982876,13.56607865497858,0.2381778280857102,4,14,5
4089,183.9760087340824,0.7695466229278195,9.829939686219047,50.60754488289069,0,0,9.714264232925983,0.2750768713329273,0,7,NA
4090,1043.9840974309948,1.235086759106862,1.235086759106862,226.62583405642184,170.3749037818712,75.17894175271027,36.399494705352446,0.21707786029892218,16,24,3
4091,1344.72143273144,3.2925025047737284,3.744455703279659,268.18281488348185,166.16793503146434,61.96069464915557,53.52939809312778,0.19943373278340673,10,22,3
4092,1008.1792684096354,2.060831273161026,2.060831273161026,233.88348089476844,163.34078097444876,69.8385282917612,39.751498374583505,0.23198600509184322,14,25,3
4093,365.475295196963,1.4876725889452616,3.4785433257849245,74.95394774896921,17.388442291676874,23.198834502904493,10.767758272762679,0.2050862226093143,4,17,5
4094,520.0538166234196,0.40679498282706056,5.493742534462398,102.04121888350927,30.60296995595318,29.990792241407537,24.38612195210618,0.19621280648613942,6,12,4
4095,763.3948674546959,1.2962982130137746,1.2962982130137746,100.10195221281383,50.31077481784831,50.25953411067256,22.837821060590713,0.13112735817385415,3,9,5
4096,178.40718449562573,1.0693846886762424,1.1219784990551023,59.65232631479624,12.011810915581195,20.136366270432895,7.70794672729407,0.33436056111439183,6,15,7
4097,626.0751122007018,0.05212058796852257,0.05212058796852257,168.0947644069616,118.7698052967031,70.65645721669144,25.89358734288586,0.26848977244295125,16,27,4
4098,2097.7471333638223,1.9211418990405429,4.603157974181989,651.8442169301053,502.8859267622109,77.14817646623892,106.25205168680904,0.31073536298192755,38,61,1
4099,2263.9458912262135,1.0020238133962605,1.0020238133962605,565.5835594992661,461.6651941399638,81.62634616690318,70.4994269496154,0.24982203050485938,36,52,5
4100,2434.020623953503,1.5815104573062597,1.5815104573062597,602.3129778664369,524.5133644030873,87.08319157609091,98.83233319824568,0.24745598781661876,38,51,4
4101,138.26463139517824,0.32511510752435746,5.693396288211473,29.060887543874685,1.76905785759385,6.087418544678012,8.10057853616619,0.21018309057516596,1,6,5
4102,73.44824667896431,1.0949564726286463,1.0949564726286463,20.848713530483547,20.848713530483547,100,9.52471713516711,0.28385583690801225,3,3,5
4103,1336.9810798448225,1.1779467063009423,1.1779467063009423,413.0026811048959,228.9445199803092,55.43414860354407,28.074909220118414,0.3089069002777745,20,54,3
4104,3490.4006879880003,1.959588343553076,1.959588343553076,918.6680203170183,716.3263888582154,77.97445573549214,90.50265006665873,0.26319844122153596,61,89,1
4105,259.9406644259669,0.5370293540734683,0.5370293540734683,65.35986991190497,65.35986991190497,100,14.55231671659712,0.25144149745189237,8,9,4
4106,544.5742699014598,0.11466100858116868,0.11466100858116868,150.0781232967213,122.22587704317733,81.44150150486827,21.928505084266593,0.2755879805409789,13,16,4
4107,561.311434813648,0.83202420127647,0.83202420127647,177.49358599839698,119.84024257808312,67.51806940176726,29.1170160879548,0.3162123110093486,7,15,1
4108,1928.7230405834744,0.06739351183545214,0.06739351183545214,288.77739082378423,199.39049786596388,69.04643652924844,35.76538383246721,0.14972465447212355,21,39,1
4109,1421.0549592434188,2.2262769667405453,2.2262769667405453,345.8445520175172,291.2378253291494,84.21061532708431,29.465783590997646,0.24337169352102161,25,37,4
4110,1788.531639712441,3.9824980981612232,3.9824980981612232,393.317888301821,300.0923157125843,76.29765251925231,27.551502095275417,0.21991105975908729,35,39,3
4111,1099.13754298788,0.843983492395243,12.168648711606501,155.6669884867508,38.7439305599281,24.888983166283644,22.537204339221724,0.1416264865847343,4,30,4
4112,114.64605184158088,2.230018702785841,2.230018702785841,15.242611882601953,15.242611882601953,100,8.085316280029648,0.13295365725864117,5,5,5
4113,1065.7647711883217,2.038945910578855,2.3154272205064275,337.35681969079144,219.91217009869226,65.1868162322183,30.904683772009903,0.3165396612937773,33,48,3
4114,1569.952300018164,2.3820322949231105,3.407700569680664,373.7493165098071,342.1850042215119,91.55468360904229,40.047335637780854,0.2380641223975295,30,35,4
4115,885.001479869038,2.4006972619275304,2.4006972619275304,272.4613551606462,242.77838365618905,89.105621424016,41.937650789543554,0.3078654232317949,19,22,4
4116,146.2764127855793,0.3454377176120398,0.3454377176120398,35.089191912227434,33.616441592492166,95.80283774154951,16.12282814198234,0.23988277565750307,3,4,5
4117,4788.593650889683,2.15527493884351,2.15527493884351,1203.3518222318542,822.7345325881478,68.37024030613289,109.81591217056952,0.25129545540124937,60,127,4
4118,568.945643529861,1.406766989161069,4.76905987700671,92.95044166916273,36.28859700215221,39.04080104461873,14.910932479924451,0.16337314948485804,5,12,4
4119,711.9686713575411,1.7796203370410433,1.7796203370410433,182.1680421945052,140.566511799635,77.16310177476066,43.22251541038956,0.2558652501480966,14,17,5
4120,1508.706973196155,1.2679735255837974,7.138067447385373,450.38061603990093,328.24251739913177,72.88113779968974,160.56605395732745,0.29852093484116515,22,40,1
4121,308.0683179334327,1.4074084952499282,1.4074084952499282,94.05598425017986,85.19266270588041,90.57654692047677,11.293544737410022,0.30530885123508045,14,18,4
4122,1622.6166362702197,1.445746673889558,1.445746673889558,431.02044152308764,354.19566704037277,82.17607169366705,51.32599066396759,0.2656329485896559,25,40,1
4123,842.854484697847,0.5857976835153466,3.8694346357204843,158.54669518181112,109.62667703960068,69.14472541599676,25.76711061967696,0.18810684176242848,11,19,3
4124,2835.3307282416445,0.6099683938273285,0.6099683938273285,765.5234142667726,500.30001559404366,65.35397954786751,59.24850235800031,0.2699943984106287,41,71,4
4125,663.199052207145,1.5043276871751414,1.5043276871751414,170.51239004130548,101.35622306109494,59.44214554528388,19.13366983868693,0.2571059012732836,12,24,4
4126,1886.667362980874,0.846841852724721,0.846841852724721,378.8514908923421,280.2563391475531,73.97525043056866,69.92655438856066,0.2008046030402354,20,32,4
4127,3214.9552891407957,0.11249191497509944,0.11249191497509944,801.7177640919505,690.9122359224045,86.17898553176659,48.71576859583026,0.24937135729380902,54,70,4
4128,222.55652186708056,0.13664273244122874,0.13664273244122874,45.93719664257216,35.65297506817561,77.61243104489819,23.462151069416674,0.2064068770359722,7,9,5
4129,846.0256126262133,0.3478109341676321,0.3478109341676321,228.15267682466714,195.00973501612037,85.47334957020172,33.45231464491745,0.2696758507303825,18,24,4
4130,756.7414216719974,0.14976830538358005,1.3665642692747164,203.00601927786,178.65849076155152,88.00649921469406,25.47637973286299,0.26826339019387135,16,20,3
4131,623.1835730883763,0.9122154060621143,0.9122154060621143,106.95536563618089,92.95083351713099,86.90619022640932,27.049166111566237,0.1716273827728336,12,18,6
4132,1060.6404164668454,0.5920292222821577,1.0294429413932162,315.20138032399217,199.78461526836614,63.38316636272647,39.65302608282848,0.2971802464156287,22,38,3
4133,364.69838636822226,0.04249502798879325,6.822548153191862,49.32699378541638,25.4061305386647,51.50553193893619,12.390734140865629,0.13525421452129147,4,6,4
4134,910.393121844461,0.4686405323949995,0.4686405323949995,196.41458114255192,188.34926624722806,95.89372904577267,33.078741131393144,0.2157469959182194,17,20,1
4135,486.2525935762838,1.0764635554202298,1.0764635554202298,117.46402119224192,92.5163015035795,78.76139482077417,37.99515379124087,0.24156996331540193,9,12,3
4136,5048.410934213233,0.13577410415200375,0.13577410415200375,1153.298514412304,1089.2838253764871,94.44942586538946,127.3252701138545,0.228447828324823,61,77,3
4137,1227.7947721432292,1.1422577683689696,1.1422577683689696,293.9066588513174,263.90867112772264,89.79336234135128,46.816850611332775,0.23937767574810256,24,32,1
4138,725.4542609634404,0.45293974738651593,3.0491254497628018,224.19160335929914,149.55410497606974,66.70816512980099,34.343845229166966,0.30903616592114463,13,26,4
4139,238.4545321026472,1.7045469700361615,1.7045469700361615,52.482558326226375,50.272209399970855,95.7884123854706,15.83197789972312,0.22009461453068244,6,7,1
4140,691.9608139514679,1.0669721067550464,1.2866764607909926,174.27637839684866,143.5281450104745,82.35662591268873,24.833663308899407,0.25185873951681875,14,20,4
4141,776.3005899789505,0.09058723224486732,1.9989241947569751,219.87272096933359,162.50226534506996,73.90742454482778,29.419142887790997,0.28323142324971756,21,29,4
4142,2985.054980868077,0.19835458092099387,0.19835458092099387,771.4387672643013,608.876262749319,78.92736126141727,97.88967499760571,0.2584336878913905,51,62,3
4143,1175.5065286179704,3.251887863010205,3.251887863010205,205.31131860474122,132.81071264396502,64.68747731324446,32.01227684065474,0.1746577442203774,15,26,4
4144,1308.837853632944,0.2892031020731171,0.2892031020731171,224.6281633544915,211.39607381612547,94.10933636247377,35.864792523253605,0.17162413413624206,15,17,4
4145,2507.4428889035057,0.24970609135056554,0.24970609135056554,652.0447024904771,423.58707819939286,64.96288928987644,69.4292100847135,0.26004369047688003,31,81,5
4146,815.75546736916294,0.599126081428035,0.599126081428035,215.4776924786502,61.166964296519744,28.386680585314068,45.38869846139335,0.2641449565438679,6,37,5
4147,503.10005150431067,1.5886892606749174,1.5886892606749174,129.5920270306252,114.89802648892675,88.6613390666187,34.655748452461744,0.25758698820072534,15,17,5
4148,2638.45116824955,0.9622811028479034,0.9622811028479034,697.8281979285175,638.7869635347852,91.5392879552597,40.119349078044486,0.2644840299968423,46,61,3
4149,314.9651841111153,0.020798690971678017,1.27277884530004,86.94814449768545,48.15667599331106,55.38551313719293,21.56727873062856,0.2760563671285375,5,11,1
4150,181.26128993255378,2.420592807494946,2.420592807494946,58.982480227222055,46.80339173158095,79.35134560513086,14.089339932786961,0.32540031161186744,6,8,4
4151,205.44701231328153,0.7311983990173504,0.7311983990173504,45.529514501831756,37.103432506872544,81.49314332218454,21.35959069149738,0.22161195721067398,6,8,4
4152,620.6736767105086,0.5900063564232232,0.5900063564232232,136.78989803952794,126.13885239796217,92.2135729361477,27.867808978407506,0.22038939812059852,11,14,4
4153,2697.427378622363,0.30649508957249816,0.30649508957249816,526.9000255687422,483.1713765930662,91.70076924394249,40.229113101024204,0.1953342765571846,33,43,4
4154,100.08083500946125,1.5172598654111988,1.5172598654111988,25.575588556706297,14.422782256946055,56.39276775573631,11.024628099818402,0.2555493122563224,4,5,6
4155,156.0049431558268,1.0397108543720026,1.0397108543720026,50.30595803481726,44.02070653654011,87.50595010251656,13.948102813322174,0.3224638720874937,6,7,3
4156,550.1024961238085,1.1724527082464655,1.1724527082464655,119.45812216847749,107.08763479290891,89.64449871552318,22.478268079949036,0.21715611728762582,11,15,5
4157,59.357410811676026,2.9248726927718343,2.9248726927718343,3.9644360351142485,3.9644360351142485,100,3.9644360351142485,0.06678923458592664,1,1,6
4158,966.7738179721829,0.12163242016309397,0.12163242016309397,243.08975827856707,219.87542837306688,90.45030524120318,27.222642629258846,0.2514442920976595,19,24,3
4159,415.76052777083214,1.3635805894719093,1.3635805894719093,88.40698738235398,72.23875146774681,81.71158593530544,34.30096894815802,0.2126392032845505,7,8,4
4160,3201.9433681968308,1.5351527532613982,1.5351527532613982,1042.3768514987564,601.6113060829176,57.71533636975009,59.53939528628173,0.32554506174347775,40,131,4
4161,1871.122187013292,0.749956083667247,0.749956083667247,404.68131974328685,316.6987250741253,78.25879516134472,38.4498457757675,0.21627733482720554,31,45,3
4162,1587.4144471411691,0.05903816920080308,0.05903816920080308,383.5133364908158,264.2458524724218,68.90134640174367,56.906992685435306,0.2415962240872247,19,36,3
4163,4259.846710175918,0.7652017266207808,2.7911340145169152,970.6464104923344,819.4559118030215,84.42373071645879,58.28138728920626,0.2278594692559371,61,85,3
4164,273.96010266663575,1.9383292410702297,1.9383292410702297,36.796170702137736,35.5808857390449,96.69725153486628,12.628926410919377,0.13431215109052796,5,6,5
4165,872.6098217101394,0.940246857765112,0.940246857765112,306.08004129808745,306.08004129808745,100,32.39422921679896,0.3507639195468053,25,29,3
4166,1477.7056154846084,1.907477823444082,1.907477823444082,380.7893433733757,287.7612326790073,75.56966540338514,21.637925771976946,0.25768958267678854,29,43,3
4167,1230.6012060024627,0.2748780384759154,0.2748780384759154,364.99258104444664,156.07859748890587,42.76212876499524,32.65670755797982,0.2965969635525582,15,49,5
4168,1461.0385620800926,0.8052486213591113,0.8052486213591113,375.02967873641484,325.42668298039695,86.77358124745088,22.974479273658474,0.25668705020521976,39,48,4
4169,211.98340451343392,2.08263422059577,2.08263422059577,62.730751224747564,38.81587834710224,61.87695442708042,16.41130735488549,0.2959229349520715,6,10,3
4170,1189.1914469312198,0.7552126781679137,0.7552126781679137,271.6312830496993,225.59588390192374,83.05224691687937,36.083316413483566,0.22841678162978735,26,31,5
4171,588.1933408570981,2.8666039084503634,2.8666039084503634,119.71850783720076,109.50766607004444,91.47095804013733,36.56457073661872,0.20353597961981423,11,12,4
4172,783.6230727392535,1.1469627647592608,1.1469627647592608,176.48856594134563,147.28424265488994,83.45256921847192,30.155535433193027,0.2252212474096858,12,17,4
4173,1758.0491689636813,0.9607078698616311,4.525128227311567,575.52841244479,361.468125979602,62.80630428724096,30.701134685658396,0.3273676428424622,34,71,4
4174,668.82839966006,0.45004316238391706,0.45004316238391706,238.20742366677482,133.66121906877277,56.11127353266272,43.06489745635368,0.35615626338212697,17,42,3
4175,1874.9241857077122,0.46250174581303005,3.2560593176616477,531.1425662843062,340.6509004443007,64.13549243988845,51.146823256529686,0.28328748987992824,30,66,3
4176,867.1900565217754,0.8243137451009495,0.8243137451009495,209.80139066373155,107.32096506491357,51.15360042437801,32.420834962527195,0.24193242194822534,9,31,3
4177,551.6887342792587,0.4579900849526329,0.4579900849526329,116.55014109640783,49.745693373311624,42.68179592520873,13.662860276666802,0.21126068714937984,8,16,4
4178,360.7751558301072,0.27940170309817813,0.27940170309817813,103.7062691723726,40.62347884822583,39.17167127158398,28.148036591510056,0.28745402086724886,6,22,4
4179,248.6956282986408,0.04429629355977844,0.04429629355977844,75.72279894420281,49.14111155373556,64.89605804183986,18.859016030789384,0.3044798151951136,5,8,5
4180,936.5232489183567,0.47498769647612754,0.47498769647612754,256.19754801486886,238.3592360984509,93.03728234144431,43.186958659504626,0.27356240041105845,18,22,3
4181,946.8903543855438,0.601173999092228,0.601173999092228,230.96582438228012,172.79907658453376,74.81586379573092,35.441547242842326,0.2439203476015536,15,21,4
4182,750.9551387607057,1.033555098575323,1.033555098575323,104.09504063210842,78.46454398233857,75.37779274196848,19.679941802069163,0.13861685639956536,8,14,3
4183,4307.982593251569,0.9291311915564503,0.9291311915564503,1225.1838317376871,702.8183808032234,57.36432056946189,65.78612047463635,0.2843985102578945,60,116,4
4184,696.7699228286605,5.636184498007045e-4,3.3842860507434533,165.95776281364317,111.73059369086853,67.32471672104471,23.970083086119196,0.23818158243672222,15,28,5
4185,573.4807197654361,3.285365514808366,3.285365514808366,114.31146906387939,99.29427367573075,86.86291453418663,29.492953093025328,0.1993292278607637,12,15,3
4186,298.92115429848775,2.976946554336746,2.976946554336746,56.82869412589417,53.87599589308786,94.80421241729553,17.633630915092994,0.19011265448663386,4,8,4
4187,566.6849222985405,0.8925325188142166,0.8925325188142166,141.34591949938275,126.98883472936096,89.84258985270212,24.87671880015423,0.24942594012571767,11,17,3
4188,1048.937791091138,2.8831395790636103,2.8831395790636103,321.0363379779944,181.55017544580392,56.551285312209224,39.50988253118768,0.3060585105281051,24,36,4
4189,149.77625740356783,0.24972342478761725,0.488826482970971,31.467464866687312,18.83305439747326,59.84929029796317,7.56578407820479,0.2100964826614617,4,7,5
4190,605.957211018801,0.22573381176745594,3.663853848969068,159.99938266352305,107.26133683657467,67.03859418141886,36.059054009052026,0.26404402778624375,15,24,4
4191,644.7814225151635,0.5459628948008051,0.5459628948008051,171.55584343236458,146.41791900437897,85.34708936457989,21.61507452742147,0.2660682169829886,16,20,4
4192,2118.0254985517645,1.112460794857622,1.112460794857622,597.0731049648865,305.4911365318811,51.16477931958548,65.42345783784336,0.2819008106243977,27,55,4
4193,885.9776457331003,1.1501782578984885,1.1501782578984885,217.0377925589456,131.94857056155863,60.79520483775771,23.453375256964595,0.24496982920980828,24,27,3
4194,415.2757721387194,0.8589112937571967,0.8589112937571967,110.09449268703715,102.5551008725422,93.15189013502521,18.718102110363215,0.26511176445482837,9,12,4
4195,415.66863616395284,0.7759876363316124,0.7759876363316124,121.36845320073026,71.70593343441647,59.081195766598945,13.488622084634827,0.2919836683392651,16,23,3
4196,190.66121739668148,0.8651503336943583,3.8165262553137436,57.8808237389478,22.21573353156641,38.38185446662454,9.909641597030976,0.3035794302022286,3,8,4
4197,134.17111737100856,0.6568186146453185,3.1517379941116883,16.623675647921964,12.866067714310766,77.39604637870256,7.418791984113068,0.12389906243349193,4,7,5
4198,284.3988082093858,0.5631138354528477,0.8447597307862752,70.50349953176071,35.41747016374363,50.23505272640916,20.052737247399865,0.24790363917366776,9,10,5
4199,950.1030300667475,0.7013959911729761,2.394844205395129,234.7295976369641,196.84382442458377,83.85982270928825,30.212611932716047,0.24705699298788011,17,22,3
4200,576.0027632480133,1.29441102371363,1.29441102371363,147.50607071131785,88.22945433173213,59.814117416499286,27.89765106025321,0.25608569979690393,10,22,3
4201,112.05838431477756,1.0526608276266196,4.102054199640551,23.57629247523375,11.575367129284118,49.097486983772896,11.944360042382659,0.21039293596279932,4,6,5
4202,75.92957756026394,2.744700204466505,2.744700204466505,9.890236151256435,9.871965066299412,99.81526138832689,7.701285721550728,0.13025538227717298,2,3,4
4203,440.7189585405665,0.43172994886157984,3.2956612457653036,137.64651381889368,41.18291088986595,29.919327229784944,15.88116609154359,0.312322651774972,7,22,5
4204,117.69302007253712,2.4441193202602234,2.4441193202602234,25.91410405233577,10.333481089166533,39.87589564469285,6.130914180026934,0.22018386507852603,6,10,5
4205,600.7218447614298,0.004255898133855072,1.0339578550409851,173.77941342407635,119.26070136271882,68.62763489233633,52.605305421454645,0.28928432508241975,11,19,1
4206,2302.4281654715874,2.762812515525992,2.762812515525992,635.4927020589847,474.06456596374875,74.5979559525685,54.58201241315984,0.27600978462180253,51,65,5
4207,482.8699883605566,1.3678070926336647,1.8356764070034177,128.46883197656058,105.49979665162479,82.1209277211094,21.202780794324532,0.266052633365637,14,15,4
4208,1302.2213381530228,0.9175653437243165,4.527087753605012,372.34113240125004,176.8139787541046,47.487092713561026,44.625569208181716,0.2859276848660397,15,47,4
4209,141.81086470951485,1.466568801985956,5.508999911857447,27.90165752131239,0.16971404527433726,0.6082579328654685,8.685319503585813,0.1967526083312876,2,8,7
4210,1377.5336663635194,1.5033506552541076,1.5033506552541076,307.9957265511828,274.30466630096043,89.06119230046409,40.37681773532,0.22358489964477238,21,31,4
4211,587.4679934431248,0.02307094053565441,0.02307094053565441,134.92131620609626,67.28442616869066,49.86938169644871,24.732344030774353,0.22966581620102944,6,15,5
4212,1309.7165281719379,1.7923635092886023,1.7923635092886023,282.56361014342764,171.81942131676834,60.80734218732335,56.135903165857584,0.21574409734129357,8,25,4
4213,217.42845938982106,0.929813518029051,0.929813518029051,57.014710178995294,24.07185679799029,42.22043174896041,15.083130031345881,0.26222284947885,3,8,6
4214,338.5265533287995,2.0248726089163727,2.2037086819419276,85.16280501574232,50.27824222227546,59.037794977492275,18.34794260360105,0.2515690547117187,6,14,4
4215,612.6579815916908,9.745614077575906,11.86713872847642,38.992904735516326,12.392274038764521,31.78084352222453,11.216247912214723,0.06364546926200555,2,6,3
4216,562.6998954394272,0.8308053850618229,0.8308053850618229,158.7801030105909,157.58064590958438,99.24457971857689,28.661081413624228,0.28217546208462563,16,18,3
4217,1588.797989752634,0.3834332375350832,0.3834332375350832,428.2505073526109,242.21544030074764,56.559288580436736,31.307599744423314,0.26954371173347647,25,50,3
4218,1382.6709184594984,2.0625200194656794,2.0625200194656794,335.81655805252905,312.31754704765774,93.00242634218306,50.90366600756952,0.24287525944834276,29,34,3
4219,969.2107923386559,2.5128099577516703,2.5128099577516703,226.09137598224467,198.58802164328168,87.8352926026144,30.95369497383915,0.23327368800413148,24,28,3
4220,854.0702667023041,0.8404832750802624,0.8404832750802624,132.9304398107583,68.27047453963759,51.35804458093153,14.893834846516148,0.15564344643915898,10,19,4
4221,834.3849912273305,0.6445153702290121,0.6445153702290121,198.65573347071083,182.12204879314024,91.67721747129525,20.082412474414173,0.23808641761221053,16,19,1
4222,280.3456238272214,0.5336217679241746,2.466552876956229,105.32215362324993,57.17671788179593,54.28745607151555,25.456993907782053,0.37568681181968644,7,18,3
4223,122.18096354436132,2.643922510021625,2.643922510021625,42.34915845261039,42.34915845261039,100,15.193696200228999,0.34661012013736747,5,5,4
4224,1001.4172126967879,0.6836393804265128,0.6836393804265128,251.04173678607404,145.4900097434318,57.95451051528199,25.5890442455645,0.2506864607509849,11,25,4
4225,424.3858961449595,1.3088189825943297,1.3088189825943297,79.26812789098854,65.4639080516989,82.58540953777343,23.066116326000742,0.1867831344327064,7,13,4
4226,861.8626267175241,0.3695759806577241,3.3369180919818806,165.84288288730758,89.94441731340301,54.23471646626007,28.770195865313728,0.19242380136488116,11,26,3
4227,1961.45196289594,0.9293193284909151,0.9293193284909151,484.63055461099094,378.9238732096802,78.18819296563738,46.25081945267398,0.24707745271287168,33,43,3
4228,4017.508000965284,0.6544249121547776,0.6544249121547776,1090.23975760239,760.8939727592456,69.79143509062374,86.86777361801245,0.2713721434631714,58,103,3
4229,909.0784852391818,2.244017626955042,2.244017626955042,165.92166780016657,137.55369899196688,82.90279432197751,20.518174729156158,0.182516328891572,20,23,5
4230,925.4110814568363,2.8234109904623423,2.8234109904623423,221.64498691434812,169.61579825242254,76.52588971839386,50.09272989093017,0.23950976096528,17,26,1
4231,615.6031585080083,0.9267899791949846,3.487398075980761,165.73120499720343,129.2468825210506,77.98584613153058,39.89297257371839,0.2692176001807298,17,22,4
4232,420.93458443869554,1.7244627302518722,1.7244627302518722,85.72488482891652,72.25552398865398,84.2876886132379,35.84601189320419,0.2036536982182831,8,9,4
4233,263.6279088897137,0.9106269091707152,1.2795983938620374,67.62297418752581,53.178946425798785,78.64035420614276,20.253869712254076,0.2565091627526252,4,6,5
4234,696.9438912838683,2.0346619956574514,2.0346619956574514,152.89222079803437,99.49962348050488,65.0782773388717,27.551507500814285,0.219375221893954,11,21,4
4235,835.4074933561349,0.33421231355231223,0.33421231355231223,223.3580995957186,176.24930141432412,78.90884715322072,46.106554635688425,0.2673642520231751,14,22,5
4236,1312.7741312435667,1.8761573621465961,1.8761573621465961,235.790921518653,214.70057353091076,91.0554876956644,27.753777591770856,0.17961271166677592,17,22,4
5001,609.2522960356744,2.1860620391588506,3.05900493884013,197.7201202882701,112.57058494471501,56.93430935637224,32.35889375164815,0.3245291344403776,23,33,4
5002,6066.777465051309,1.2182587215680662,2.2096572502224623,1252.945611116159,701.4080177777811,55.98072346914941,75.905599112616855,0.20652572446145628,40,134,1
5003,576.7883568457146,0.1471266166711156,3.3575469846420294,144.40613037945553,81.00387549711002,56.094485243982646,20.06120949448339,0.25036242265563413,9,27,5
5004,50.60925937551427,0.9468757634458377,0.9468757634458377,7.390675268015174,7.390675268015174,100,7.390675268015174,0.14603405304111058,1,1,7
5005,380.88234634602475,0.3660261659915086,4.927201703175728,95.99808488717055,26.159231153750735,27.249742726114246,13.540674403553396,0.25204130831508276,3,16,4
5006,128.21579059314175,0.7255341263581748,5.881418532647186,32.837804664175366,3.3760932060433086,10.281117268860795,16.093421389188965,0.25611357627842646,1,5,6
5007,191.1837550278582,1.1852932428001193,2.9917412441450675,44.53532696893517,19.69436275523267,44.22188876926877,16.96626435388061,0.23294514203074282,2,6,6
5008,1065.6719800810595,0.15926305501966334,0.15926305501966334,336.0638458535038,253.81225420528398,75.52501030293072,38.18927830799563,0.3153539289152947,27,44,5
5009,245.65826467928068,2.6883201878354814,2.6883201878354814,51.805897277659604,22.50724323785233,43.44533039785451,12.705955036827246,0.2108860344889875,5,10,4
5010,1601.0979306557817,2.4017987961686527,2.4017987961686527,377.8912811253242,224.8962615558542,59.51348252495654,37.27623987157661,0.23602009214423664,21,53,4
5011,115.72667123599457,1.0076326418070203,1.0076326418070203,20.66452519028934,20.66452519028934,100.00000000000001,13.196588854511822,0.17856320388019623,3,3,1
5012,1165.2751576180515,1.318418431361963,1.318418431361963,408.09586472052587,281.33398806325664,68.93821094117705,25.27781270732,0.3502141636269995,32,58,4
5013,246.67857146545387,0.8275651487969409,0.8275651487969409,80.27351484678883,59.36748232653725,73.95650039723172,12.226035776470974,0.32541746277313244,8,10,1
5014,152.4893841781993,0.879500983772701,0.879500983772701,50.979105100805334,49.322436741545275,96.750299253028885,16.02460833344125,0.3343124859185679,6,7,4
5015,301.60327721716106,0.12906647236163485,0.9048906407571284,117.65301902438158,56.04398962251358,47.63497790983113,30.019489359798538,0.39009197814408625,8,18,5
5016,1675.0141872811394,1.3046704239888318,3.742851691288245,517.9855781626698,292.9301171915044,56.55179015418683,47.83228328833666,0.30924250200140513,20,60,4
5017,122.36328176230037,0.5554077688038084,2.077105091534512,24.128867945713175,13.365209128813213,55.39094979044686,13.365209128813213,0.1971904283556669,1,3,5
5018,61.66835343882513,2.272518864285686,2.775666693045979,14.707499753963011,7.750564143951872,52.698040276107726,4.480393310117553,0.2384934724834646,3,5,6
5019,479.04058866744293,0.5851239736771423,8.786989931683244,129.03242789976477,23.840566771107824,18.476414928523006,18.481739422166346,0.2693559396682793,3,16,1
5020,261.4756507857274,0.9930854775206878,0.9930854775206878,76.20188754310396,49.172134274519635,64.52876150437241,17.311762523844525,0.2914301477560886,7,11,6
5021,1228.8268090236356,0.24488299125145427,0.24488299125145427,387.62937446999706,273.3564119708809,70.52004568658896,25.383920661658966,0.31544671032851895,28,46,4
5022,213.7442558166964,0.20868297319681955,0.20868297319681955,68.66791511702297,59.90656022822789,87.24097728340216,11.889516910091663,0.3212620374505477,10,14,4
5023,246.02423234476828,0.1831034750557097,1.5205398444667544,76.38237000846442,68.26888987493261,89.37781043893676,24.815679928172766,0.3104668563762666,7,10,1
5024,1095.5350848042124,1.7788907912829688,3.1523616244517147,336.02915181435884,150.0398644102331,44.650847582748845,26.21755102350227,0.3067260523878265,14,48,4
5025,245.72557780722434,1.240669879795773,1.240669879795773,44.248355926400144,34.35555272826527,77.64255192986171,15.641935109712575,0.18007224287051504,5,6,6
5026,726.8523830886944,0.4091444656191549,0.4091444656191549,190.74865450336978,122.50401259998132,64.22274008638796,27.701635430645776,0.262431078086035,9,21,1
5027,394.55427511632195,1.0318036481742427,1.360345668284224,120.1687320712589,79.30199825214417,65.99220686219678,17.593767444537157,0.3045683183532378,14,22,4
5028,185.85342909292612,0.4543746537190084,0.4543746537190084,61.578676821378345,53.36329768651387,86.65872740543796,12.83215547923591,0.33132924757922655,9,11,4
5029,117.20744609319955,0.5459980268163346,1.6763437449103622,31.35815716973903,11.277573701190539,35.963764197449464,9.352502074868756,0.26754407006534414,2,7,5
5030,296.3719655319257,0.8171975723856494,0.8171975723856494,115.73579241869977,76.1034798072007,65.75621786204182,17.965910878671313,0.3905085699012666,12,24,5
5031,864.9201905974278,0.076889472458021,0.076889472458021,330.9902505833669,152.21940561121977,45.98909041669192,28.993745361500153,0.38268299686094903,39,58,4
5032,108.27125144801174,0.97274191294284,3.857291631212012,22.538816478980916,2.654486621872029,11.777400221291701,19.49924165021771,0.20816990824016943,1,3,6
5033,124.15008873611879,2.2081833582241988,2.2081833582241988,46.26917042078956,46.26917042078956,100,19.426575526182912,0.37268737293563076,5,5,5
5034,125.70863519022107,1.8904720295628543,1.8904720295628543,31.818365211663647,28.295732401354197,88.92893212182328,16.373711503843012,0.2531120090796977,3,4,5
5035,265.03235446703803,2.7807262623088347,2.7807262623088347,54.096384474864756,36.17000873039864,66.8621555423997,15.032563785072256,0.20411237934949072,7,11,4
5036,136.40344640691805,2.017529318791821,2.11262219561523,30.812444925086176,26.40663076914847,85.70118610629733,8.862619955395742,0.22589198247357073,5,6,5
5037,140.23023228744685,2.2989455939142163,2.2989455939142163,26.432201367886293,26.432201367886293,100,10.315057439492191,0.18849146105459638,5,5,1
5038,268.6567657321143,1.5554308129576953,1.5554308129576953,63.77089525082808,34.37224864246209,53.89958617840755,21.334170316185528,0.23736939986248456,3,13,4
5039,579.379012134145,0.2800416115878761,1.6071750128681348,189.6475833103847,122.37147710525676,64.52572448813059,19.717200369294392,0.32732905289719944,19,33,5
5040,181.4420293398785,1.273100034399988,3.1641917892794504,36.36928177828639,16.34065297018126,44.92982036268076,16.77712404918675,0.20044573967015766,3,5,4
5041,63.27079508680864,0.003353620302850792,2.8563818661919727,22.16513958220476,7.476950727622947,33.73292868241535,7.476950727622947,0.3503218120112731,1,5,7
5042,342.4877021735584,1.592195938284507,1.592195938284507,166.91950339287672,109.9160053970887,65.84970789086313,78.57353068562578,0.48737371395685597,3,13,1
5043,193.11122793873943,0.21881767248738226,3.1477872100139352,38.69792513049137,29.541731688254842,76.33931687199926,15.879719673325052,0.20039189612924782,3,4,5
5044,1128.8191451185992,2.683029961245512,2.683029961245512,144.0072413449418,123.07873803009346,85.46704796273535,31.455293393679824,0.12757335129163822,8,13,4
5045,295.88295223440423,0.14796000977604076,5.675341062955471,85.9215337126973,17.647031442997392,20.538543343517567,12.055351456321754,0.290390281237388,3,18,1
5046,259.51572551515795,0.161044423730745,5.54136731816819,92.52561826904272,24.515459926310218,26.495861778545517,24.515459926310218,0.35653183669456834,1,15,1
5047,312.9993738424103,0.0014438472930931572,0.0014438472930931572,68.42609490987267,46.593883448934164,68.09373457641449,21.55319033176314,0.21861415909516807,5,9,4
5048,578.2538534554926,1.12250689779883,1.5360824016813335,155.46584276824458,68.05359426914983,43.773984727049275,35.15860252305817,0.26885396757708,8,31,3
5049,127.96968710222822,1.0594742948396563,1.0594742948396563,46.6958463101454,23.100164004351047,49.46941929464972,6.093165825888508,0.36489771419728917,10,14,5
5050,132.90239862059556,2.2434757325445065,2.2434757325445065,42.15754087149546,39.92981511280625,94.71571227202327,11.415355584783999,0.31720677210533366,6,8,4
5051,54.69223078105033,1.1645252796947947,1.1645252796947947,13.174034032082444,12.208021371085652,92.66729796929108,8.053589424680357,0.24087578516996533,3,5,4
5052,436.3052698328039,1.9625347743424635,1.9625347743424635,115.41942486924255,29.053651683728642,25.172237443258116,21.76353890317003,0.2645382324019884,1,10,6
5053,304.71565109173235,2.0976740754155134,2.144553500311196,108.62543459414867,87.85399828325363,80.87792570082482,19.034886861549236,0.356481310378927,15,20,4
5054,187.93858050879098,1.4251081323366996,1.4626730452608492,51.42721184138476,27.400773150513192,53.28068967655584,27.400773150513192,0.2736383966621436,1,6,4
5055,189.16764175390733,1.0681920418418234,1.0681920418418234,61.460787050180414,39.67578689056797,64.55463523136173,13.99697363285817,0.3249011642812369,8,11,5
5056,254.46762011246776,0.34241229833266795,0.34241229833266795,76.13156260665434,60.575483351762685,79.5668462300392,18.32890779010087,0.2991797642977376,8,14,5
5057,331.0835316594459,0.3751980136959674,0.3751980136959674,136.49949333385936,111.24634840067552,81.49945885043101,45.24945354235443,0.4122811323465747,20,27,3
5058,368.95603695202425,0.07031356250573309,0.07031356250573309,98.99568996981544,90.76384549753082,91.68464356903358,22.541981451558563,0.2683129697175492,8,11,4
5059,717.1810361895585,1.4409093035107199,1.4409093035107199,179.7624828436726,90.84642078751124,50.53691924499857,24.372487751574372,0.25065147260274107,8,22,5
5060,88.00120899744135,3.567542759416345,4.326811652114251,8.046252391812613,0.2966256740243908,3.6865072033561783,5.845210441738073,0.0914334301026087,1,3,5
5061,117.44765531000016,1.2200239643390396,1.7844014908534749,41.225772243863645,17.625152310631826,42.7527523471808,9.4179733748467,0.35101400819836925,4,7,4
5062,933.8093211902095,1.3185756772438293,1.3185756772438293,304.395516756813,136.30613522475085,44.77928475327981,38.627917524404836,0.3259718122848016,18,54,3
5063,117.64796922818577,0.9464264677177991,0.9464264677177991,28.12975808393028,20.760628211855003,73.80308124197823,7.79591670054525,0.23910109344404248,4,8,5
5064,106.13072473705769,1.4623254589374448,1.4623254589374448,21.5369672774798,12.929011399261096,60.03171770976483,9.142535101876065,0.20292867433854178,2,4,5
5065,117.98203399111433,1.2535617371350738,2.313463737757441,30.712136045227098,19.70551473378437,64.16198047822452,11.006621311442728,0.2603119729868375,5,6,4
5066,113.0876094670744,0.6200861580853992,0.6200861580853992,27.599877380530753,23.25319558221874,84.25108293641114,11.090471603809421,0.24405748349085488,3,4,5
5067,176.64812373981923,2.0923800239982016,4.605060067382803,30.41858901440492,18.73748590071849,61.598800298873925,8.309123462141132,0.17219876651057855,4,9,5
5068,79.46416933180868,0.21292654433948782,0.21292654433948782,25.75402488710918,11.885510707370896,46.15010958275506,11.885510707370896,0.32409606875233654,1,6,4
5069,676.8737963389985,0.18167923159084257,0.18167923159084257,254.19343635354596,145.8842584194801,57.391040662661474,22.000170093727295,0.37554037063984425,25,42,5
5070,130.36796013736608,0.9107854098679746,2.310213110880912,44.725328882825394,34.5209146995884,77.18426127179245,16.630719801138696,0.3430699447601943,6,10,4
5071,30.930130965192973,1.552749495108334,2.8199838911631585,9.863945284831237,0.11241750483166718,1.1396809449515366,4.052270803487654,0.31891055669733714,1,6,7
5072,198.54507844396377,1.55390261335543,1.55390261335543,40.83917606202553,11.185097658441777,27.388157002614665,11.185097658441777,0.2056922104646968,1,9,5
5073,512.3050978195221,1.951846761961718,1.951846761961718,129.2659428638453,71.54792508993901,55.34940101376882,36.8008558255606,0.25232218733334544,7,16,4
5074,788.6514985112938,1.9657251968787826,1.9657251968787826,221.65836610019298,107.47726304028485,48.48779900854429,42.43094183425866,0.28105996947778417,6,29,1
5075,345.51117520481216,0.8883515609598183,0.8883515609598183,87.72228510227853,49.49729039013187,56.424989764483705,25.594997234444897,0.25389131060747455,4,11,4
5076,291.8631306600633,2.2106410360611743,2.2106410360611743,58.891463775919725,41.97440255894856,71.27417093699677,11.267092287382232,0.20177767449671938,8,11,6
5077,282.722667053576,3.5734903599021464,3.5734903599021464,68.01715409468747,59.87170067718712,88.02441306767852,27.27068660555489,0.2405790621726068,7,11,5
5078,135.1470890250461,0.21988559979149527,0.21988559979149527,34.92030147104017,27.228648033227486,77.97369119452917,5.7326549150302695,0.25838737425242336,9,12,4
5079,82.2490468294878,1.418657042242973,1.418657042242973,18.54143785515696,9.213489774188975,49.69134457728376,7.180836105679542,0.22543042831360222,3,5,4
5080,211.64872073676563,1.4115376216310511,1.4115376216310511,60.580744006691894,27.619935345099442,45.59193816115642,19.075153089194067,0.2862325073159224,4,10,4
5081,72.11691803619323,0.2316101538882133,0.2316101538882133,12.245134734602868,12.245134734602868,100,7.578848105642884,0.16979559121560656,3,3,5
5082,167.02467976963786,1.4258056355138955,1.4258056355138955,35.183502539697344,29.67779382398245,84.3514479278951,20.069912997383934,0.2106485256443706,5,7,1
5083,308.58015556806765,2.00027049645913,2.00027049645913,56.082758101824325,46.21792964704977,82.41022947397863,17.272540181296694,0.1817445389467159,7,8,1
5084,278.7353609722031,0.8987965900868281,0.8987965900868281,79.63663236887068,44.176587223330884,55.47269630728277,18.922229671405876,0.2857069590708028,4,9,4
5085,141.04939949846826,0.26222440012065573,0.6336360504178823,54.38339108367278,15.352504082646753,28.230133827119786,15.655663442465494,0.3855627267967444,4,12,5
5086,253.94844770416879,1.5026855907510843,1.5026855907510843,84.40606813882317,78.4481663503095,92.9413821542846,23.086297132839707,0.33237481426604354,7,9,5
5087,81.41143229290441,0.7723493213360888,4.035833215915877,15.29922532617379,0.34419679002970793,2.249766133196685,7.4495136534755995,0.18792477782640887,1,4,4
5088,383.31068117873764,0.058124423696332465,0.058124423696332465,123.65650417533064,86.12657270842125,69.64985245442789,18.235658720370015,0.32260124814437313,12,20,5
5089,275.3773895205391,1.4227843641156916,2.158403442654957,43.93233584039352,16.550666189293338,37.673084921826195,10.990309384310248,0.15953501453726582,1,7,5
5090,513.4869837857188,0.19559379019181894,0.19559379019181894,135.3196052915251,109.23280619817038,80.72208455149217,36.20240500535351,0.26353074092330797,15,20,4
5091,42.15409129725681,0.3174459538611262,1.5963179989645917,17.353013881243093,10.524043078948342,60.646773816759286,10.524043078948342,0.41165669445642505,1,4,5
5092,41.39638438398409,0.34274233856692693,0.34274233856692693,13.733409743749153,6.245887029181217,45.47950687937547,6.021483149778344,0.33175384633500726,2,5,5
5093,318.9782423280928,0.5066338322850311,3.0431106019254828,88.33235241275554,39.98777609147637,45.2696831899407,13.548276837780513,0.2769228138196936,6,17,4
5094,461.4865235874796,0.5971011227817639,0.5971011227817639,112.47322764961653,84.6682801501469,75.278608002529,24.48000237082203,0.24371941952990975,8,14,4
5095,260.1107342323904,1.6271399000250562,1.6271399000250562,87.09756478998175,64.56472075525846,74.12919168399632,17.95675922580633,0.3348480217358745,7,10,4
5096,221.9591745261667,3.8222502887077763,8.299569055854082,40.89029920596729,7.891150024633263,19.29834258459443,17.600632236151643,0.18422441556317262,1,9,1
5097,295.5505137220807,0.32541754507304854,0.32541754507304854,74.45552841138037,37.15760816185969,49.90577456727878,16.391994484996403,0.25192149887918724,9,17,5
5098,953.0987036984238,1.0175637585582622,1.8742598080735857,352.0928452238795,101.2806457811019,28.765323452313332,32.643355072895346,0.3694190789029627,19,52,5
5099,193.267578658664,0.14119511543060687,0.14119511543060687,43.789585032329306,42.49591538738818,97.04571385185307,18.713058742374667,0.22657491409703787,5,7,4
5100,419.5210013833387,1.6536341191370791,1.6536341191370791,116.36677381432376,70.00307928741404,60.157274274108346,25.72970695618139,0.27738009165360766,4,8,3
5101,82.10353602552924,1.073874896016969,1.073874896016969,30.852687876684257,22.23154279532751,72.0570696601386,10.709836045736452,0.37577782115365815,3,7,4
5102,230.9294920446062,1.8471788891487069,2.463713811935541,77.98690414849571,48.18622448272863,61.78758473470971,14.717160357492848,0.3377087242431201,4,11,5
5103,109.84679460741697,0.6510309316217852,5.5671090600590185,18.788236291131156,4.675415882825198,24.88480456801681,6.689917091545623,0.17104036907293202,2,6,7
5104,167.77437032694735,0.5335925259468207,0.5335925259468207,39.25163815490408,20.87781997791504,53.18967808559239,14.738018526272754,0.23395491265092005,2,5,5
5105,505.06597669675944,2.6037156922463494,2.6037156922463494,91.65273246460774,77.45767087595065,84.51212396298321,25.51163172005057,0.18146685124988304,7,9,5
5106,78.21148446245104,0.1666407234801502,0.1666407234801502,17.827606694141288,16.67189211380461,93.51727576132538,13.28662523830918,0.22794103470443955,2,3,6
5107,99.95888770740936,1.7360512329873794,1.7360512329873794,28.011665349852656,16.38293827671743,58.48612737622758,11.19230158277871,0.28023186324207483,2,5,5
5108,127.22218589533398,2.1914633616641743,2.1914633616641743,27.82815339172418,11.967809920766866,43.006123159885895,10.66155075620886,0.21873663933599186,3,5,4
5109,127.88207651339793,0.5687351564520425,0.5687351564520425,33.1630123676345,19.37491281337367,58.42325962005384,11.799012023188835,0.259324944290845,3,6,6
5110,263.48003125987617,0.6722204325450667,2.7133661820528805,84.71324372369814,47.71689029761431,56.32754478538015,18.055135621372308,0.32151675145409253,8,14,4
5111,154.3692821064974,0.48217027954342356,7.358327913403461,51.808731663863426,0,0,13.787713767323867,0.33561555094958107,0,12,NA
5112,126.28068644729137,0.060216695084532534,0.060216695084532534,39.00266010634434,39.00266010634434,100,11.446954574152027,0.30885689018347046,8,8,5
5113,624.9960165711464,0.9884660605787353,0.9884660605787353,209.1156277793751,173.55834784660752,82.99635454779025,44.038835993503675,0.3345871369334887,20,32,4
5114,188.3031284616,0.30084453434890246,0.30084453434890246,52.32629506614542,52.32629506614542,100,20.06805885906325,0.277883301746716,3,5,4
5115,301.7719469337385,1.0469175565096422,3.0186054426750126,111.8465171438053,65.9146342705815,58.933112942473265,21.990617577569694,0.37063258623030315,5,12,5
5116,190.56512766255904,0.73761362033553,0.73761362033553,52.13651366876407,48.56947129629784,93.15826448402647,10.109208787875998,0.2735889525447919,9,10,5
5117,404.9068412652247,3.2021735246925433,3.5121013723804437,110.16202024061673,94.12472732847328,85.44208532385784,28.524399402774062,0.27206756965723305,12,16,4
5118,75.43704166196311,0.3432539417598724,2.4969962281782285,33.00211837704267,12.564832024211348,38.07280454139528,12.502403303718394,0.43747895794915576,2,7,4
5119,249.9264785403995,2.4277323165473854,2.4277323165473854,76.46441446970873,62.65822939453482,81.94430027232706,27.479458794572103,0.3059476327449178,8,10,1
5120,276.55693255897376,0.9338837293835547,0.9338837293835547,81.0934572202696,62.5618190085871,77.14780101020227,17.557374561024666,0.29322518321965046,9,13,5
5121,291.8282562869173,1.101744538883138,1.101744538883138,67.9663867753051,61.61156245606506,90.65004832425636,17.758731658933474,0.23289858096702765,6,8,4
5122,342.1456784355702,0.5903919771593914,0.5903919771593914,78.23760561788775,71.11193575855961,90.89227002404714,26.357525197983353,0.22866752541087776,5,7,4
5123,174.8397959404366,0.6813823412852587,3.4574769380020105,56.762033572689845,42.96760059173653,75.69778228031934,15.716498105157523,0.324651680513441,6,9,4
5124,242.7336448859102,0.07115128043917704,0.07115128043917704,51.45906436176058,2.845737311034661,5.53009920862327,14.554996859649236,0.21199807050212344,2,13,5
5125,1186.6934074727812,0.7507440127657028,13.407446783593636,190.0291066126922,37.818838135677446,19.901602870110793,30.04584087375292,0.1601332790896547,5,19,1
5126,195.62550711155725,0.10331860894572092,0.10331860894572092,49.734561823161386,34.628508853720426,69.6266491234953,12.852240320322602,0.25423352280334177,5,8,4
5127,469.18340408786986,0.24926032040028173,0.24926032040028173,129.37294446272765,52.841187353227525,40.84407877757708,19.70880533122844,0.27574066630561883,4,19,3
5128,863.904233628913,0.515188752897915,1.4863765188434679,311.6259728762929,251.2050907891404,80.61108914335009,51.34549653182745,0.36071819160704655,26,38,4
5129,198.23990458281327,0.8248565382125991,2.5646790661627343,89.12723874308436,45.04898248102128,50.54457325989666,14.367188931011134,0.4495928250704545,10,17,5
5130,168.26994816760933,0.9924816238914412,0.9924816238914412,33.973864666038295,18.540113082024426,54.57169287119079,10.117672606184836,0.2019009635172515,2,5,5
5131,25.91591258957079,0.694253287079814,0.694253287079814,7.82782888409307,7.82782888409307,100,6.198648901827138,0.30204720196668605,2,2,1
5132,96.61800217917728,1.3032088292389856,1.3032088292389856,28.2921252366199,27.686312650042165,97.85872365009327,10.060540167056702,0.2928245730454288,3,4,5
5133,561.8610469935528,0.8633148597048715,0.8633148597048715,162.74262051796876,103.09749477319491,63.35002745135942,31.62628070498099,0.2896492315827621,14,24,4
5134,193.9023676328516,1.1491647978071895,1.1491647978071895,50.074498040419286,32.40168313166195,64.70695543569475,23.93484246119088,0.2582459340322954,3,5,5
5135,157.8717640595603,0.3553068660062593,0.3553068660062593,47.48431859168357,20.42955301700666,43.02378895373831,13.32186532400956,0.30077777919659626,4,11,6
5136,213.87753368440247,1.1922445045929584,1.1922445045929584,64.7268531008226,44.97304357863103,69.48127620012394,14.000618339575825,0.30263512013530836,7,11,5
5137,123.972131449586,0.41151811281270695,0.4393050898813939,48.957728526368996,20.55635797383419,41.98797328344672,20.090969140569328,0.39490914574037106,2,11,4
5138,353.8758154327294,0.20607719081837664,3.2853127422251087,92.76011561166511,52.253748161057125,56.33212918773672,19.40813690910528,0.26212617976799407,5,13,5
5139,357.20218751284597,0.17875822931290025,4.377753492277351,107.03631073879835,58.655548959794494,54.79967363872635,19.144986077719878,0.2996518903875667,6,13,4
5140,223.21873699013375,2.415983292845712,2.415983292845712,40.5875313073655,25.86530006936779,63.727206943167694,21.94987855479498,0.1818285142844414,2,6,4
5141,102.5771298729459,2.786618753066783,2.786618753066783,19.014268473470384,18.80454469211795,98.89701893267653,10.473896917073702,0.18536557317427227,3,4,1
5142,135.44179223994402,1.5022795633376966,1.5022795633376966,33.56661203231672,25.2392140965256,75.19142555175422,7.350528619938608,0.2478305364776277,7,9,5
5143,213.89509918342756,0.3100874308689329,0.6807757702990049,70.4524678185506,48.91307458494793,69.42705642465627,11.86235320130023,0.32937859767480454,8,14,5
5144,873.8694532343252,0.1166192454960793,0.1166192454960793,205.02106052363936,116.1772432578866,56.66600443932984,30.037368803168626,0.2346129158821434,13,25,4
5145,84.39280096565176,0.606615399350691,0.606615399350691,21.46883971337577,11.28312266433112,52.55581025788448,11.28312266433112,0.25439183754682676,1,3,6
5146,37.97844567196779,0.14672814411857385,1.6738750761285808,17.379597472314376,10.395280129997918,59.81312367307444,6.984317342316459,0.4576173975740772,3,3,7
5147,47.74421125475705,1.172381415056884,3.935718476725397,9.765414372530707,0.6476679179273412,6.632262525891138,9.117746454603365,0.20453609172478934,1,2,5
6001,236.04799908947228,3.6111193650600426,3.6111193650600426,35.02986535829735,27.538534268130864,78.61444509265849,17.065490524170738,0.14840145010091585,3,6,5
6002,344.4872318380065,0.34405214948350793,1.0326102332550795,121.57411162198942,89.10674896871197,73.29418062767485,18.357478234468683,0.3529132588552921,10,17,5
6003,321.7005406145314,1.1431106323455322,2.833447845454479,74.42156091426635,29.925691577925196,40.21105068247574,24.090589928050353,0.23133800388430148,2,10,4
6004,160.72587148595204,3.323017053717609,4.83023417806055,25.140484195447193,16.72797244175491,66.53798833669345,16.72797244175491,0.15641840335359172,1,2,4
6005,97.38627702827323,4.062113393789795,4.062113393789795,6.998744581646806,4.958525736593039,70.84878836121631,3.7453888406428484,0.07186581924283775,2,3,4
6006,1265.6022820020376,0.9152459609447616,0.9152459609447616,300.2618813054802,231.77580084954465,77.19121716077599,49.66582675613318,0.23724821421031286,18,32,3
6007,399.77287422434773,0.7065955408981551,5.442650304875479,98.12469759625955,38.41628477444647,39.15047456504046,12.083363940243542,0.24545111467766356,3,18,4
6008,183.26381154338404,2.248533240337822,2.248533240337822,53.771218390708626,49.7481530116641,92.51818073041899,10.681297222187903,0.29340881834698374,11,12,5
6009,574.8534639510044,2.1695052828708232,2.1695052828708232,174.25861044474178,123.52578239335861,70.88647274191895,38.40612898594182,0.3031357056580146,14,23,3
6010,960.6712989876082,0.04081239988410997,0.04081239988410997,250.06161314282178,197.06728131371722,78.80749021688625,27.21865844961093,0.260298827919962,20,27,4
6011,1338.9471346221274,0.7495001180681522,0.7495001180681522,357.2127716100232,215.0799483952751,60.21059869328593,47.91711907904745,0.26678631468958963,19,43,3
6012,231.63837169080088,0.27569666495260853,0.27569666495260853,67.8800079054728,67.8800079054728,100,14.740134984441797,0.2930430196430557,7,7,4
6013,99.16123682114116,2.343706813642735,2.343706813642735,7.9698833714974935,5.830975877210541,73.16262491448398,5.830975877210541,0.08037297261502406,1,2,4
6014,336.6418991765325,3.455037464842677,6.280927846566867,62.223503341768726,36.43890865446324,58.561326022289265,19.69669464827599,0.18483588493878828,4,8,5
6015,270.47991880237686,0.8082741446780148,7.184912254051727,51.655762250239476,7.546211436315282,14.608653725326253,14.919276806557823,0.19097817863506972,1,7,4
6016,208.40973494731367,1.2198978801294007,1.2198978801294007,71.99875473727593,53.14942840817223,73.81992730584709,19.18834631598303,0.34546733028319115,6,10,5
6017,33.24504024291061,2.0362732503256047,2.0362732503256047,5.771370902358535,5.771370902358535,100.00000000000001,5.771370902358535,0.17360096002859432,1,1,4
6018,568.0643726918958,2.0842658958124662,10.043326306525381,62.812722010194456,19.511335558606124,31.062712989001575,20.878007252121524,0.11057324667720808,4,10,3
6019,1364.1110725390959,1.1072768660806174,1.1072768660806174,338.5366281492835,311.78609846768506,92.09818747594947,39.411841447542415,0.24817379974722031,30,34,4
6020,102.77805288228893,0.008715830259809605,0.008715830259809605,38.419538293823074,38.419538293823074,100,14.164615848076632,0.3738107233635252,8,9,5
6021,259.1217042982675,4.836269446396221,5.841533668812672,28.49358856082214,9.496738697924574,33.32938803988458,9.496738697924574,0.10996218413268845,1,5,4
6022,712.9021894709938,1.8076135875900263,1.927331959908584,207.94866385140952,69.54450523791074,33.443112328725526,16.817293043029935,0.29169311992956143,19,43,4
6023,962.335313970506,1.0203489156770431,5.969920856535511,240.31428000987407,105.95216562640007,44.08900112887453,51.30475569441795,0.24971990170282715,8,28,4
6024,595.8662611256241,0.7296147318168529,0.7296147318168529,137.9671782536854,115.28252299606326,83.5579334558028,13.072335639974709,0.23154051043779159,16,19,3
6025,32.30581889242698,1.3524628401850685,1.3524628401850685,16.675893086665404,16.675893086665404,100,7.743322637400459,0.5161885275898241,3,3,1
6026,100.13968099864864,0.5399208703227418,4.038328166623476,23.117767323192584,2.313295168084303,10.00656826303257,11.051442209359141,0.23085521236586076,2,6,5
6027,602.8163520680866,0.908543051288695,0.908543051288695,223.3098099980379,175.51866073486136,78.59872378038544,28.43490431313426,0.3704441812700124,20,30,5
6028,270.2430582553694,0.018893434392326113,0.018893434392326113,38.935070935482365,33.757066018244046,86.70092337620606,15.504191973091688,0.14407426850050742,4,7,4
6029,170.90458982704698,1.1831966090584527,1.1831966090584527,47.15532930415289,45.46070473153844,96.40629257048745,12.628082117562869,0.27591610823251395,8,9,3
6030,1071.7313726882512,3.5220139270809905,3.5220139270809905,241.24041177854056,141.3259433781481,58.583030237854906,24.31351731140845,0.22509410280062164,12,27,4
6031,47.531534886160614,1.677300310358653,1.677300310358653,21.73175529979707,13.594488325115616,62.55586876243983,9.74850788298623,0.457207101597818,4,7,5
6032,184.43851034344917,0.7437473602557213,1.7763331205269175,41.447300847536994,20.153555194002536,48.62452990156574,15.25047432365905,0.22472151163201534,2,5,5
6033,228.4931253457187,0.20859401442402037,0.20859401442402037,54.96742680120006,24.371556619498918,44.338179969099144,24.371556619498918,0.24056490416520093,2,8,3
6034,192.17950972442455,0.07656311679888549,0.07656311679888549,60.66338419894675,32.53902249282014,53.63865356754212,11.663036411149854,0.3156600008290941,8,16,5
6035,25.835269702356815,1.5914771611200076,7.470204328797623,6.424106442970609,0,0,6.424106442970609,0.24865644976737253,0,1,NA
6036,651.583563310734,0.860621885038617,0.860621885038617,202.0936661771526,153.74515699006685,76.0761877887335,34.155183089749045,0.31015771047124474,17,29,5
6037,93.32931566801241,1.1342477216857363,4.2680425627721155,10.126656785093004,2.3548543994042683,23.254016102044098,5.13014410296369,0.10850456485843284,4,8,5
6038,151.00949768919628,0.6914582014021157,0.6914582014021157,55.698246249571916,51.65469763700164,92.74025865293495,11.272572151004729,0.3688393584634561,8,9,5
6039,673.0009656283783,0.6597845275890579,0.6597845275890579,180.9889969077632,167.897344840365,92.76660333441703,34.07465990314621,0.26892828710695016,19,24,3
6040,32.14657378509775,0.6491296839641136,0.6491296839641136,16.435840459362048,16.435840459362048,100,12.649940104865976,0.5112781402222479,2,2,1
6041,192.90235300650193,0.7305159482154361,0.7305159482154361,45.98900371137403,44.94385917769449,97.72740340225928,17.199491374028355,0.23840561296742677,4,5,5
6042,220.67254416782654,1.7072609847808988,1.7072609847808988,52.223094197787596,34.06109539289787,65.22228511373967,14.112749275532218,0.23665424439059682,6,9,5
6043,164.34998665826024,0.696382164495054,4.36824701111104,19.939848357957644,13.351558495042767,66.95917769963579,9.85662135692509,0.12132552465257816,3,4,4
6044,306.1333715655241,2.2512957312054187,2.2512957312054187,59.73587712362323,49.220293056309295,82.39653525878265,16.573175977574977,0.19513023626970868,8,10,4
6045,166.86599740378844,2.530794981084756,2.530794981084756,49.574290193943355,39.893172551330174,80.47149519491063,21.40050111832255,0.29709042564244936,3,5,4
6046,565.3550944698322,2.0419032122103458,3.0733684195161493,146.51874049931936,71.15791629130159,48.565743910167,31.687052498144652,0.25916232458596467,9,23,3
6047,1541.1891568417116,0.47713089770465905,0.47713089770465905,434.0424673945553,298.77580701073447,68.83561620230583,37.24028818836486,0.28162829038066856,32,55,3
6048,55.84524298166329,2.869325424911175,2.869325424911175,13.817870496724895,13.524769424073625,97.87882602662442,5.832352101187257,0.24743146880499695,3,4,5
6049,544.3371336634968,1.2715211689455614,3.0005612628518232,132.6094318705101,91.23105672940545,68.79680837369877,25.070458922042274,0.24361636138622828,13,17,3
6050,614.5871969592303,1.6165549286487855,1.6165549286487855,121.92335332856744,121.92335332856744,100,21.603522537563265,0.19838251420108163,12,12,4
6051,1151.9042621028095,1.2407869772380586,1.2407869772380586,291.7852658018256,256.56537207723477,87.92951603371522,28.283609740400973,0.25330687228222376,29,37,3
6052,54.53595105563188,0.08441465124208059,0.08441465124208059,12.936312659203871,12.936312659203871,100,7.348689742749715,0.23720706082502527,2,2,6
6053,433.6778435877793,1.7954480606996717,7.902259807780799,78.75072754104964,27.318684403587017,34.69007240516841,23.241677336120297,0.18158808134986026,3,10,4
6054,529.6210476363907,0.42864382317759203,0.42864382317759203,172.6287252845481,145.2314572550302,84.12936897705853,23.12469501158258,0.3259476300176531,17,24,4
6055,551.9031680489322,0.4272519911950779,0.4272519911950779,161.6001008599272,113.3681606795975,70.15352099183619,24.081863592070526,0.2928051698474751,10,23,5
6056,902.9398825446232,0.2506131792726847,4.763426734995792,256.0446698479123,127.79245910827241,49.91022042527959,28.22630288788789,0.28356779315843167,12,35,3
6057,281.1928220945255,0.3379454974764205,2.0504811450940426,83.27211579361857,37.206984463301566,44.6812046369943,17.178052751917612,0.2961388387276326,15,19,5
6058,173.58155989096664,0.7209825075132027,0.7209825075132027,51.0136355438869,51.0136355438869,100.00000000000001,14.616678757888973,0.29388856498311544,6,6,1
6059,333.5931988152962,1.810288277558152,1.810288277558152,79.71418603569141,69.66900667830818,87.39850476189322,18.69189427759431,0.23895626864931244,9,13,3
6060,379.1092844011394,2.180704553308993,2.8603143710649603,128.72687189130178,23.165513100617257,17.99586423585158,15.887347414850211,0.33955082924082275,4,40,3
6061,857.2211925072138,1.9322302287364521,1.9322302287364521,223.89627195731845,162.2111129297092,72.44922459478542,25.149082131866322,0.26118844694268833,18,29,3
6062,196.4741958374791,0.4394823121668485,0.4394823121668485,62.40813667291058,62.40813667291058,100,20.10381418872795,0.31764037209514157,10,10,3
6063,136.98222443168842,0.015613167936521519,7.784999823421915,25.673662272025446,0,0,7.964168898213533,0.18742331261256914,0,8,NA
6064,898.4700426381916,0.7118038913291881,0.7118038913291881,236.41382375957534,126.7990513312025,53.63436423250475,41.16086514995232,0.26312933380103554,12,37,5
6065,39.44628439693445,1.9357066428939782,1.9357066428939782,6.5014183301702655,5.551647139178482,85.39132320428749,5.551647139178482,0.16481700189423976,1,2,4
6066,222.98298030939108,0.025568319138893524,0.025568319138893524,47.94102525772235,31.000817056339137,64.66448493682458,16.98966181885745,0.21499858505435576,6,11,5
6067,61.30107851663169,1.4517279400261622,1.4517279400261622,6.914460899638786,6.907323021611666,99.8967688424199,5.50315957868273,0.11279509377249884,2,3,7
6068,268.7222273753193,0.2463581671266562,0.2463581671266562,69.50045050071654,65.92225967335942,94.85155736174656,17.311083492318726,0.2586330545840801,6,7,3
6069,166.74228399513726,0.21488688968057956,0.21488688968057956,36.37714537086058,36.37714537086058,100,17.71953760121842,0.21816389040179787,3,3,4
6070,59.3183231715832,2.045247619788843,2.045247619788843,14.629662468798875,14.629662468798875,100,6.21073923971965,0.2466297374334294,4,4,5
6071,240.43641472568703,0.35401476426379197,2.772556425828871,65.46988786187937,45.271916632456104,69.14921975728053,16.128681853967628,0.2722960577189346,7,10,4
6072,164.19844268294037,4.6290554028618,4.6290554028618,8.661325480724614,1.9442954540259887,22.44801281689425,6.717030026698625,0.052749132934526266,2,3,4
6073,189.36170328152102,2.2255420971822963,2.2255420971822963,34.07293535005502,19.56632081792594,57.42481713684919,10.390375818346943,0.17993572490948356,3,7,5
6074,244.77702579221534,0.6191554664502272,0.8476005832549971,80.65194449459054,55.239429032793744,68.49113109293818,10.36348122550492,0.3294914799849468,14,15,4
6075,166.1699138979868,0.685928052575875,0.685928052575875,35.80410755989979,26.644207694234122,74.41662286836426,15.85206020359007,0.21546684787885403,5,6,4
6076,347.3026835487559,0.4169486582573893,0.4169486582573893,72.06333884479322,71.24829638977671,98.86899154537939,25.15474543187483,0.2074943334973588,8,9,5
6077,568.7994965642964,0.4250329242575039,2.07242742734723,110.37133070897222,100.10859367135339,90.70162788498068,15.700290067730965,0.19404259563456905,15,17,4
6078,244.51547121799692,0.555956284073756,0.555956284073756,65.08853849737662,57.75752366769073,88.73685751911397,18.051616688002813,0.2661939474551578,7,8,3
6079,317.6822280409914,0.9128048811702532,0.9128048811702532,46.41096749596489,42.73889985942073,92.08793129153486,14.676177879011426,0.14609242632853972,5,6,4
6080,327.2405363120615,0.62542657635956,0.62542657635956,52.08407957436486,23.209889483568947,44.56234932678462,23.06821576410903,0.15916145402199405,2,8,5
6081,219.38710379924933,0.8249133708369075,0.8249133708369075,43.481675489622845,43.481675489622845,100.00000000000001,12.510766247303218,0.19819613248284115,6,6,3
6082,468.177998050714,1.4216097338037197,1.4216097338037197,140.00816201110385,118.4233565643658,84.58318062555082,15.288634707410665,0.29904899972667637,14,19,3
6083,146.43783794658768,3.1008475541926024,3.1008475541926024,32.140312573984396,32.140312573984396,100,12.247636313067732,0.21948092804885155,5,5,4
6084,244.893058765687,0.6419622412053688,1.8179178624449057,77.4366167059082,29.829803596426775,38.521573985748326,24.216378066262944,0.31620584550744385,2,8,3
6085,327.9964557016075,2.7490091380421093,2.7490091380421093,56.035971118220516,42.98281899711245,76.70576263670081,8.172890394268132,0.17084322145602346,6,9,5
6086,262.5507923221684,1.2452358487757034,1.2452358487757034,63.17085511760881,52.1367734062841,82.53295496668214,16.668913260579863,0.24060432101112728,8,12,5
6087,212.76598319268692,2.331574552776411,2.331574552776411,62.22703377164431,59.610574789223925,95.79530177828812,16.474458912767552,0.29246702333657226,8,9,1
6088,70.95750168714011,1.6434141311009933,5.567394130779074,16.69056505993281,0,0,12.361818146272775,0.23521917574724452,0,2,NA
6089,170.43626394886476,2.216105476024238,3.382275484973609,32.90900164472254,20.416621878895874,62.03962702760991,9.910442428157793,0.19308685183686072,7,9,5
6090,78.81191923193833,0.08184726666005199,0.08184726666005199,25.138419189759418,25.138419189759418,99.99999999999999,10.639990970621945,0.31896722519570536,3,3,6
6091,403.1195967074164,0.1185807163964029,2.917331445862215,97.05240107257671,33.84094841913615,34.86873899578184,16.494125593351576,0.24075336913729153,8,18,4
6092,177.56285921850744,1.4893992099345328,1.4893992099345328,42.96419742074377,37.47634244429793,87.22691146141082,15.618877008492257,0.24196612743136994,5,7,5
6093,84.80339550244523,1.9604018063738395,1.9604018063738395,16.489856609068866,16.489856609068866,100,6.063592242411138,0.19444807028503236,3,4,5
6094,107.80360680796595,3.9615892472783254,3.9615892472783254,0.08076815092038807,0.08076815092038807,100,0.08076815092038807,7.492156645951836e-4,1,1,4
6095,102.91077089410993,1.0415471106584653,1.7865343579780433,16.63964088564983,3.851945225783798,23.149208881699778,10.471969955508973,0.1616899838673951,1,3,7
6096,260.55714994846437,0.9424343878569382,2.6529575916799986,67.30836793509071,50.32962132461481,74.77468681628193,22.608274834608586,0.2583247780703913,4,7,4
6097,89.58513612055444,1.9606064888822157,1.9606064888822157,21.531351954659375,21.448925749753208,99.6171805417526,6.466430869550841,0.24034513856946874,9,10,1
6098,243.45449373770262,1.0658763650216923,1.2568334417086064,62.71593648366218,49.41004474653921,78.78387458889459,23.30091744274406,0.25760845700893986,6,10,4
6099,156.1040871601672,2.271100342927588,2.271100342927588,30.45462218473582,27.67420378895702,90.87029095645003,8.291254715691341,0.19509176690222413,7,8,5
6100,352.53541720655943,0.5924107688509126,0.5924107688509126,64.22197844606148,43.400789140600686,67.57933995610549,21.51605218729245,0.1821717061932311,4,9,5
6101,589.7583739324458,1.2453938501573243,1.2453938501573243,166.53243209331282,155.8062203961687,93.55908542119056,22.99748051988978,0.28237400171682575,15,18,1
6102,155.35157113963723,3.2416699073644213,3.2416699073644213,19.924959651302757,19.924959651302757,100,10.83900628189114,0.12825721365504103,4,4,3
6103,206.6648631909734,0.7198312712543551,0.7198312712543551,30.851313079938027,10.322899772863561,33.46016341708428,11.168841227886954,0.14928184986835022,1,5,5
6104,184.770071829369,1.887964344458882,1.887964344458882,46.382796034071305,46.382796034071305,100,16.07895066514671,0.2510298100490256,8,8,5
6105,244.80050166285392,1.4943873481482004,4.2851104895345316,41.46649365503957,29.466683428286164,71.06143015954032,11.058749002990474,0.16938892434194594,5,8,4
6106,194.1351214938282,0.24392381098602084,0.24392381098602084,37.40085435872994,32.68820720828588,87.39962701054166,12.966852572106768,0.19265372525557647,4,6,3
6107,31.42610999873561,2.7950183485342737,2.7950183485342737,2.1854085961730565,2.1854085961730565,100,2.1854085961730565,0.06954117440119009,1,1,4
6108,116.00405271358785,1.235168909323737,3.5314009284376424,28.728982361071914,14.142114945356884,49.225951576062805,12.676731054978411,0.24765498867529492,3,5,3
6109,986.4920361026013,0.5581869612674136,2.4816834548854194,203.74551495564137,85.44793266796603,41.938558837267855,45.406818552856805,0.20653538751371184,8,28,3
6110,195.99257416532313,2.31983409800637,2.31983409800637,52.688582460954784,52.688582460954784,100,24.72947576100703,0.2688294833890546,6,6,4
6111,206.1013433413092,1.4475471083708535,1.4475471083708535,25.68923680154655,18.24317439914351,71.01485552130232,18.24317439914351,0.1246437135492344,1,4,3
6112,191.4063096568951,0.5199330822456094,0.5199330822456094,42.664977385973,13.067765491199989,30.628788040788432,12.023471189101663,0.22290266952250426,5,9,3
6113,47.716231480618475,0.3895795366677393,1.1047784027215592,9.898089047199088,2.6473783100887247,26.746357781433243,4.048996570680784,0.20743652086647965,2,5,5
6114,83.93763583602315,0.49063744715317037,2.145581225030033,29.609245141611037,18.33024517278288,61.90716813318103,10.2909340155808,0.3527529081168589,2,4,5
6115,311.05019547863355,0.17450290247698533,4.30298876508557,113.07104235924633,42.909306005582316,37.94897889881655,11.839126191356305,0.3635138122490372,6,21,4
6116,595.6226627968479,1.5617415379625856,1.5617415379625856,142.0662553414055,111.23576380086034,78.29851186937032,33.96070415325418,0.23851720932563103,14,21,4
6117,318.38580612920117,0.3823359366107234,0.3823359366107234,90.37370572567293,40.15174727144635,44.42857239175955,23.58695085431389,0.2838496691306623,3,12,5
6118,129.20970537049527,1.7249325078750029,4.391973177410488,27.100562784722932,13.33075989241803,49.189974386557076,13.731502890521924,0.20974092237897232,1,3,4
6119,546.2674308218402,0.6636298441304269,0.6636298441304269,172.97896751673898,166.8430157726815,96.45277583041204,43.95202804970814,0.31665619759995245,17,18,4
6120,473.5406113364607,0.5615358666192843,0.7026613203426211,174.94310079577855,147.8318804792825,84.50283538294853,13.599497968445423,0.3694363199431648,22,32,4
6121,577.4570571296949,1.4223905959198482,1.4223905959198482,170.1809579522131,119.41505075119196,70.16945502488225,24.371962250628176,0.2947075559143977,17,24,3
6122,112.53635854848996,0.5092389948449388,1.5707057784576628,35.51067602172772,26.40531652216408,74.35881115303918,13.352509797799712,0.31554847233151573,5,6,5
6123,352.07363686507966,0.5502019954881433,4.415518075461849,109.06736894873167,51.899227663250926,47.58456004164429,40.25494029654756,0.30978567415579616,5,14,4
6124,401.9198710835147,1.7959025706016833,1.7959025706016833,86.7874964939985,83.09185129970633,95.7417308442032,17.18610447309056,0.21593233561712846,11,12,5
6125,565.02267780167,1.1098789025725853,1.1098789025725853,168.71451387304086,124.21210341167227,73.62265436460491,39.31645136130422,0.29859777403883553,15,30,3
6126,201.23640232458914,0.5506709224941343,0.5506709224941343,41.95996074564852,38.88673344474758,92.67580987615759,14.161334224581466,0.20851078761569283,5,6,3
6127,64.51932553611184,0.07409972300383506,0.07409972300383506,19.943533919309438,10.969723116607657,55.003908339367634,10.969723116607657,0.3091094606707711,1,3,4
6128,44.0979395782342,0.13527138459881777,0.13527138459881777,10.555083425069563,6.3744093349356685,60.3918422832708,4.6440022853391625,0.23935547841966132,2,4,4
6129,80.14570486146195,0.25779820486528887,0.25779820486528887,31.055002434068466,22.722986269855802,73.17013198790755,8.332016164212662,0.387481805640732,4,5,5
6130,137.03576993426097,0.13442773285076154,0.13442773285076154,35.65742412511912,35.65742412511912,100,9.46427382737045,0.26020523066513773,8,8,1
6131,629.7138308576592,1.4614898121143975,1.4614898121143975,116.90628735584461,40.86883943224912,34.95863255656277,19.332467934263367,0.1856498644735503,6,20,4
6132,465.7148244762777,2.56442975259095,4.0782828881089115,80.67607729782583,38.511693432555894,47.73619977875865,18.574204677369618,0.17323064042152958,3,10,4
6133,192.22220166790683,0.15823966937414016,6.036078991540333,41.56216594990231,18.19927832246947,43.78808925503616,11.668448315474352,0.2162193835533488,2,5,4
6134,526.063552138403,2.1294746061725562,2.1294746061725562,105.02474056545843,55.31216961269888,52.665847413566944,28.124977361058406,0.19964268601871754,3,13,5
6135,72.76820091676879,2.7426121107387886,9.493642827872376,4.941972308465943,0,0,3.770181814122137,0.0679138998381793,0,2,NA
6136,402.59015472932504,2.3404509652645884,7.764832424134459,68.78696365496288,25.419907675436356,36.954542437638686,11.683317576853117,0.17086101795313569,3,14,4
6137,156.75161847775118,0.9083357903007746,0.9083357903007746,43.78108162722529,27.76887011857857,63.426642482287335,11.17838293970658,0.2793022620907703,7,10,6
6138,418.73193534994044,1.2627390656290574,1.2627390656290574,110.20304376883,94.98356341196384,86.18960072573707,17.806464059199314,0.2631828013708381,11,13,3
6139,264.18901516313787,3.5780663943863087,3.5780663943863087,73.51621778874775,62.14720248884515,84.53536424769295,29.88594792825504,0.27827128899871617,6,12,3
6140,184.12416960396556,0.8087735391443371,0.8087735391443371,66.35353561446502,55.695141222643336,83.9369608670888,17.642250922759263,0.3603738485674394,7,10,5
6141,202.54723926558646,0.5500164941387733,1.2908248488559049,39.63911660683139,30.524045886700264,77.00485908770167,11.648648732761627,0.19570307030872586,2,5,3
6142,410.65917008044147,0.39100591616329755,0.39100591616329755,89.1639360790301,60.11994497305035,67.42630217643519,26.010906202650354,0.21712393774517277,9,12,3
6143,210.33362380956927,3.081704198823767,4.955062035276102,14.224843456475309,1.4767634184462493,10.381579403420497,8.843164651132016,0.06762990718666133,2,4,5
6144,210.1070666250431,0.7872361707540098,4.8153770293419464,43.64623108643283,18.971545187002164,43.46662865215722,9.324754072046414,0.2077332846892002,3,6,4
6145,455.61540076916765,0.08308906684661678,0.08308906684661678,124.63470218487927,81.76168517704208,65.60105953136497,32.853743824192385,0.2735524347387546,12,17,5
6146,401.8364838306183,2.510482098451466,2.510482098451466,82.65710958907522,79.84146635390941,96.59358614260333,25.02484912537932,0.20569836964807994,8,11,5
6147,353.87800906016554,0.4635509448459995,0.4635509448459995,90.50239428418041,72.76343804279556,80.39946193502466,21.719734142564402,0.25574461245709507,8,13,5
6148,729.3415985906445,1.4841903484502477,1.4841903484502477,204.8206526213508,172.52892724487728,84.23414584262125,26.468046952928425,0.28082952215688706,21,28,1
6149,357.8480754392898,1.1745201135971461,1.1745201135971461,96.10945792252743,93.3663484409926,97.14584855556461,12.94059017795644,0.2685761487037332,11,14,4
6150,248.2007472675987,0.39907926734079996,0.39907926734079996,81.17729817370895,53.8775828322769,66.37025873537429,17.222099850717953,0.32706306917838285,8,10,3
6151,816.6872822711116,1.7545762417043838,1.850421093727599,168.8521293156561,143.6358316421777,85.06604697513853,27.040818438860107,0.20675249018951064,14,17,5
6152,341.47899141980577,0.12948345589136123,0.12948345589136123,78.31353354675514,30.3388830260271,38.74028108808809,10.711907207749073,0.22933631501353016,5,14,5
6153,175.91367196724704,1.3817375142508894,2.425004713081747,41.82502159252515,22.844727212325875,54.619761909241,14.00031563028924,0.23775878886953397,3,5,5
6154,724.8881208329901,0.9601467951705499,0.9601467951705499,201.22737495094466,127.25597677924114,63.23989308624817,30.35051799406048,0.2775978377459247,15,28,4
6155,676.5503187510711,0.6316556287486366,0.6316556287486366,185.48920264560115,118.82484614880036,64.06024957464999,28.776794398890587,0.27416911574000713,14,27,3
6156,134.60460437701235,0.7353136691748731,2.7937365110165864,40.78649162104397,20.526305089503275,50.32623369574802,9.906347337119017,0.3030096318756348,4,8,4
6157,207.08959938875384,0.5610326903630952,0.5610326903630952,41.27387530909314,40.78526063626231,98.81616477936302,14.865208589799652,0.19930443359259573,6,6,6
6158,531.4152654576246,0.4040416748874814,0.4040416748874814,156.73713911764472,104.75169174820631,66.83271899557968,34.922934898764524,0.294942861648266,17,22,5
6159,93.1422995524426,0.20451366954495523,0.20451366954495523,28.99362457447226,28.99362457447226,100,13.87291545767241,0.31128310889670235,6,6,3
6160,49.9926015623503,0.7972340510807849,0.7972340510807849,10.947144930393565,10.854547925130184,99.15414470300567,10.854547925130184,0.21897530010996505,1,2,4
6161,570.2423266372339,1.1006689458186567,1.1006689458186567,117.6594723024356,117.29260323719745,99.68819419460327,33.088248988155506,0.20633240783139203,9,9,3
6162,276.6551706010642,1.485980531560611,1.5206486304021831,61.14189357376529,37.83066612090911,61.873559861648545,11.493884246397894,0.22100397921689918,7,13,4
6163,29.252963514509975,1.3885354756933899,1.3885354756933899,4.072538858498779,3.4219634739302522,84.02531179755661,1.9893321148163996,0.13921799261393566,2,3,7
6164,83.74386722277653,2.7410616156261813,2.7410616156261813,5.101219370510451,5.101219370510451,100,5.101219370510451,0.06091454263677746,1,1,5
6165,55.77419458333942,0.5652165201299287,6.541121523676965,8.798747232212175,0,0,8.798747232212175,0.1577565986912609,0,1,NA
6166,65.53780198744442,0.04819787604473563,4.042415287908449,14.978967228161167,4.160327586230279,27.77446216991961,8.565965754972382,0.22855461693742493,1,3,4
6167,560.6504199614255,0.42857040795518386,0.42857040795518386,127.76101247674686,107.79099642692458,84.36924092672096,16.928044894547376,0.2278799906821388,11,15,5
6168,247.0145872943717,3.6463686124320107,4.086299278180362,36.40015528018652,21.856050133961254,60.043837631258754,11.06306978944572,0.14736034692885486,3,6,4
6169,237.34679698401442,0.06627087497660562,6.9639649247244835,44.12068281532336,6.200139116543738,14.05268169238395,18.16214840026543,0.18589120803806314,2,8,7
6170,189.97596916195343,1.0803131141692588,1.0803131141692588,49.8173424913141,38.157780576902034,76.59537556334931,14.910824578257476,0.2622297057415988,6,8,5
7001,224.31757682738333,0.15292754746934992,0.15292754746934992,91.47390163281035,87.02965868127691,95.14151810275537,19.956840265709978,0.40778749006905185,11,14,1
7002,377.9133135145962,0.1998125635583212,0.1998125635583212,82.4830399945114,16.821902598608492,20.394377558984075,16.821902598608492,0.2182591537393023,1,10,4
7003,1491.4030153291687,0.26817724214681243,0.26817724214681243,379.4084825477855,158.99330765001446,41.90557537943018,62.29043520333731,0.25439701988536345,11,41,6
7004,201.86144416928076,2.0982937631685368,4.5697519514737115,55.189665711010015,16.165794381861236,29.29134317738086,13.054898759687443,0.2734036999394893,2,10,4
7005,645.7951607021699,0.9142581452327277,0.9142581452327277,164.96449812909853,110.0436652238164,66.70748341118707,32.548359868250074,0.255443998604346,10,18,4
7006,886.0499046455562,4.011795600093095,4.011795600093095,177.71929404861635,110.72989120438389,62.306060688094426,23.352645531332758,0.20057481313054126,18,21,6
7007,217.96290604846,0.6479160626519049,6.284909154692324,63.51121725463247,13.183118524951427,20.757149830866858,13.183118524951427,0.2913854398716446,4,10,6
7008,273.55984555712365,0.5642282267608603,0.5642282267608603,69.23389653350362,44.35384429333242,64.06377008098734,21.21847264223367,0.25308501104211395,9,12,5
7009,454.9125436255395,0.0036869569596178174,0.0036869569596178174,123.46646500526971,93.94814844647594,76.09203717176652,30.668318134701494,0.2714070357815873,8,14,4
7010,235.541198578749,0.7526139743175793,0.7526139743175793,34.479281963820206,34.479281963820206,100,23.2897349724909,0.1463832321983055,2,2,6
7011,118.27739694600773,0.4017778090516208,3.0278533761068505,33.05815135806988,17.364847426603326,52.52818658404613,12.50458843006598,0.2794967780121213,3,5,4
7012,478.0726015211995,0.16712373162986946,1.3317291767296717,181.15761421507497,158.51112667136482,87.49901424688467,18.6316100406709,0.3789332700486116,16,22,1
7013,1892.9129484411985,1.5074613624687878,2.7980699602702743,344.7005999546995,130.4842194143319,37.85436388317285,57.51081135489251,0.18210060860884184,11,41,4
7014,350.44681199285344,0.7322066255440607,0.7322066255440607,71.47010972748744,43.94589901876473,61.488500838082686,17.03446522467647,0.203939962589658,6,13,5
7015,115.12409548216796,0.22019985218728183,0.2918421493228143,27.494569681113326,13.714191316482927,49.87963614467307,10.967477523907144,0.23882550013495718,2,5,5
7016,234.72904004978324,1.0487238962853447,1.0487238962853447,83.7798742832062,75.48172135318511,90.09529078311775,33.19443766481358,0.35692164150391226,7,9,1
7017,73.83050787358277,1.051169308689266,1.051169308689266,18.34201172358477,9.447281665724299,51.50624592381364,9.447281665724299,0.2484340451103372,1,5,4
7018,1829.7335654253172,0.3812584202164765,0.3812584202164765,518.7062385698223,428.31505053049005,82.5737225970987,59.99104681590736,0.28348730567734337,42,59,2
7019,648.7087344302695,0.3461343663594759,0.3461343663594759,170.45721970659662,139.03682788403546,81.56699265854259,27.074119855202028,0.26276387330640955,11,18,5
7020,1243.0494971366218,1.7347071752532661,3.1190567319917157,364.5454416980347,152.2740928533227,41.7709496363574,49.3838452591047,0.29326703605750953,14,43,5
7021,491.9547129570266,3.0174620572096456,3.0174620572096456,48.130528278598284,22.834819600600568,47.44352579806255,16.486974748200392,0.09783528241714924,2,8,5
7022,1617.4871930808456,0.13776548864403268,2.147091010428241,337.0490351713315,211.23769817545343,62.672690360343374,54.641956141584124,0.20837817858041308,17,38,4
7023,792.8423783956147,5.086438897182647,5.086438897182647,134.7805491923143,92.86923346206798,68.90403253184232,24.675931276789402,0.1699966511187942,10,15,4
7024,223.81021591312123,0.01921610779188711,0.01921610779188711,25.48665968005298,19.38843843641888,76.07288942455317,13.293872310837445,0.11387621237962796,4,6,5
7025,396.2243688020744,0.5758685800395984,8.32423956344531,61.01420286227233,16.871107809681714,27.651115671813255,16.871107809681714,0.15398902154034522,1,7,5
7026,160.01457102999257,1.459050315067119,1.459050315067119,21.312322059930754,19.64582938227139,92.18061423352582,11.920535440035781,0.13318988341340518,3,5,4
7027,106.06169852612528,1.8156462928476758,1.8156462928476758,23.76641763763534,23.76641763763534,100.00000000000001,9.521106585800919,0.22408105817559726,4,4,4
7028,763.3285344307766,1.4689133986725962,1.4689133986725962,199.0357764984047,169.2394786379593,85.02967738531962,39.0358779124107,0.26074719798969404,17,23,4
7029,93.80886038965649,0.033580615815149366,0.033580615815149366,22.96902652278863,13.637945501240605,59.37537443177998,13.637945501240605,0.24484922242293045,3,4,7
7030,1330.7178963696729,0.14219118169286893,2.6172373432866958,370.423538247676,147.18750087723026,39.734921159037256,30.91006130126262,0.27836368569042863,31,49,5
7031,450.21770053291203,0.002618011288996642,0.002618011288996642,83.88563232403504,76.0736419069542,90.68733202498308,37.66847540290782,0.18632237742927835,6,9,1
7032,1656.3941349312706,1.3510415697442608,2.1872175153753366,555.2048285465063,316.8727430658914,57.07312450712031,51.48106345204525,0.33518883992519305,33,69,2
7033,179.66164048118162,1.3134066200285341,1.3134066200285341,59.34806070299026,50.62083772340262,85.29484725160039,17.879106891229988,0.33033239896975436,6,8,4
7034,330.36000615712504,0.3910363578908602,0.3910363578908602,86.51103751765582,53.403623703796576,61.7304164140877,19.707661187420285,0.2618689790086444,8,11,4
7035,122.16733200681377,1.60677996431205,1.60677996431205,29.48120261454618,16.305557743079447,55.308319529116496,12.06073241652855,0.24131821600967676,3,5,4
7036,179.41234704239497,1.4633119015147873,1.4633119015147873,43.92981761183373,28.151025179392764,64.08181665614177,12.401748633068387,0.24485392636579884,6,9,4
7037,314.4267524874416,2.3392408311721753,2.3392408311721753,37.90950363139916,37.90950363139916,100,18.81904281597772,0.12056704250352644,6,6,4
7038,72.86869348584166,3.1318162776172938,3.1318162776172938,7.471804278647903,7.471804278647903,100.00000000000001,7.471804278647903,0.10253792021260363,1,1,5
7039,37.6109111401449,1.08177847631275,1.08177847631275,1.8211896137987187,1.8211896137987187,100,1.8211896137987187,0.048421842454511255,1,1,7
7040,424.0852218647642,0.5558230282769565,0.5558230282769565,97.04734981016172,68.83408237193453,70.92834838517867,34.12111754336841,0.228839263446697,7,11,4
7041,336.92664117416797,2.1860666381248586,2.1860666381248586,96.9673440454417,83.40302819387792,86.01145985270344,23.19897486745767,0.28779957473091666,8,12,4
7042,637.6411371967947,0.6325708480701561,0.6325708480701561,153.51459922192677,18.81934205175,12.258991748754797,19.920403892196738,0.24075391355207948,1,18,4
7043,4646.40877815693,1.9829192954021018,3.168302830846021,1279.200177782926,758.2248884359918,59.273357024553114,71.8791025614128,0.27530943549274645,72,117,2
7044,215.1649993183619,0.45328243500171406,0.45328243500171406,52.17155231302971,37.187015127608475,71.27833748263058,17.922662815159832,0.24247230022684016,7,10,4
7045,921.7191314125544,0.9746340309732165,0.9746340309732165,228.37596738118881,92.00577757116905,40.28697880350939,27.97816946278294,0.24777175562277604,9,20,4
7046,443.71680690839503,3.896688143068003,3.896688143068003,81.88045452819624,44.1885191627666,53.967115128250676,18.956774867875456,0.18453313747274935,7,12,4
7047,208.06932697481898,0.17606903104590196,8.101917778628152,37.89610315774535,13.940243922911478,36.78542847765686,13.940243922911478,0.18213209851124104,1,8,4
7048,148.66016524871714,0.53317704700549,3.9641110325206856,36.44075054737868,10.70353003899252,29.37241927845656,10.8959481343435,0.2451278759606595,5,7,5
7049,48.66489659809095,1.2219877955695961,1.2219877955695961,8.072081627011684,8.072081627011684,100,4.2401982524853405,0.16587072389522636,3,3,5
7050,85.18772981219948,1.6601060346840482,1.6601060346840482,17.5338859105182,14.386420006680456,82.04923928500273,7.414255968073372,0.20582642534520537,3,4,5
7051,90.328945974722,1.5156870451701763,3.944359179790358,18.875273164616093,10.19827388374332,54.029808177087354,8.676999280872773,0.20896151240266017,4,4,5
7052,328.8149255332365,0.32266603264444493,0.32266603264444493,88.6137843333235,80.2419137508129,90.55240598796735,25.890066227490255,0.2694944099317245,9,10,5
7053,101.8427277762965,5.245576184023912,5.245576184023912,5.417052582042988,1.5479265505152695,28.575069690969926,3.8691260315277183,0.05319037206016183,2,3,5
7054,292.95194399239347,1.820349802735794,7.304700564049819,65.36158114747673,5.79287661090645,8.862815906848795,21.703984434301677,0.22311366245507436,1,6,5
7055,105.89542465903628,0.844828266585867,2.0433532710691713,16.328710758829548,7.966355334260798,48.78741164517896,7.966355334260798,0.1541965652567614,1,3,6
7056,1403.7885295579283,0.6356496902600807,7.502220644976014,413.5829331737938,116.33034723077638,28.127453504444446,34.941532848173075,0.29461911425080284,12,49,5
7057,6099.277210620186,0.1434959800877313,0.1434959800877313,1327.2429641159376,828.0963903231647,62.392223030148124,100.68250396332549,0.21760659800884521,49,113,2
7058,348.55682586883694,0.6265803009530472,0.6265803009530472,51.15115225102919,51.15115225102919,100,26.114135870552772,0.146751256767175,7,7,5
7059,1336.7443174522823,1.6324583605441814,1.6324583605441814,212.78052372943003,155.4013049779502,73.03361334684804,23.128087417629306,0.1591781771213893,10,23,4
7060,107.99724562114325,0.46310788802940694,0.46310788802940694,21.606863015331587,21.606863015331587,100,13.579142948073027,0.20006864889062953,3,3,5
7061,17.271154916661114,363.0207447613096,363.0207447613096,0,0,0,0,0,0,0,NA
7062,89.81592884422066,0.013035305748555732,0.013035305748555732,23.617175733401165,23.617175733401165,100,12.795790414066989,0.262950860023543,3,3,5
7063,995.1840665542212,0.501032530456457,0.501032530456457,218.94568542697502,90.07056449392125,41.1383144263706,31.546395177655288,0.22000521590449526,9,27,4
7064,213.21770535765643,4.103318692954691,5.2931974163334115,40.688227604519625,17.82407816462193,43.80647478152143,17.82407816462193,0.1908294976548417,1,6,4
7065,256.6372663206327,1.0018328717391523,1.0018328717391523,57.9819207811715,41.744644514962346,71.99596693684923,23.589055772092212,0.22592946695719213,5,10,5
7066,458.49549339816724,0.7913022178570067,3.577274845279722,115.72767351426752,65.92800186370978,56.96822537055653,23.136817408291446,0.25240743950729994,7,14,4
7067,232.70396412996288,1.576503041243514,1.576503041243514,30.967033483826977,27.584622990449173,89.07738290416381,18.061991723044553,0.13307479999151278,4,6,5
7068,504.37780689351644,2.331463949786736,2.669933190152102,159.72181243875121,120.46878159042215,75.42412633003305,29.77743728731871,0.31667097611309347,14,23,1
7069,521.4992757784576,2.006326422679675,2.006326422679675,85.370780311903,73.66116103794445,86.28380901383666,14.997857694835316,0.1637025865174357,8,9,4
7070,508.1271565949057,1.3291324015597672,1.3291324015597672,96.51301238138707,35.1207317824346,36.38963380777013,16.69745325874973,0.18993870161978008,4,11,5
7071,635.6017795286232,0.31128885437345305,0.31128885437345305,115.36772027471439,58.65445422633779,50.8413047312276,25.322836423915764,0.1815094356096261,11,12,6
7072,1906.3915615660906,0.7637220302326093,1.6099455776073979,497.3046536355943,149.8283101454486,30.12807321429914,57.504030340392944,0.26086175771102404,11,59,5
7073,190.0682328442607,1.4749581450640592,1.4749581450640592,57.73389263180984,49.114424902158135,85.07035064373504,21.35887710391467,0.3037535087681706,6,9,5
7074,838.4483577448318,0.013499783042511341,6.227097295951433,188.39130785891584,48.94045803260676,25.97808709373032,21.932167887964383,0.22469041309309795,5,24,5
7075,1562.4038588994206,0.10936434350618786,0.10936434350618786,366.6379139798078,102.83757025080816,28.048809555596538,39.439409985732986,0.2346627038146672,6,44,5
7076,243.29440565598412,1.8624894869385233,6.442204513778316,59.04428502557157,30.514318547712445,51.68039300416113,29.11833655852209,0.2426865708908227,2,9,5
7077,529.3382199277229,1.4257520641898682,1.4257520641898682,149.2297632754035,124.45304321924158,83.39693134107804,28.21239047881909,0.28191760514814085,13,20,1
7078,860.6979276529121,3.4142079243211043,3.4142079243211043,105.75584752877316,51.77702261627832,48.95901628719989,42.38206936721499,0.12287219956154073,2,12,5
7079,429.27555946862554,1.428474843656856,1.428474843656856,122.27418520915822,109.71464561546333,89.72838005650092,25.960324210233175,0.28483845052933854,10,15,2
7080,1084.532117009399,0.04059963390546894,0.04522426068266121,296.0978764628325,207.81947179961972,70.18607302498035,36.462681693030184,0.2730190022212744,19,29,5
7081,67.07359204300165,3.304563905653595,3.304563905653595,7.756759580248961,7.756759580248961,100,7.756759580248961,0.1156455073298596,1,1,1
7082,305.9295402765407,1.3325809071478285,1.3325809071478285,84.34679923699177,71.50364625269543,84.77339614487262,12.516386700483512,0.27570661911480554,10,11,5
7083,404.9993829949622,1.975748372549947,1.975748372549947,85.1246165349369,85.1246165349369,100,27.392891098146237,0.2101845585675763,6,7,4
7084,103.82788707078409,1.107834037151059,1.107834037151059,24.42136798653196,19.404325817347445,79.45634260967141,6.9373454171755355,0.23521010275286472,7,7,6
7085,259.4530409745567,3.6475051935204985,3.6475051935204985,47.395584702729685,43.240828272829276,91.23387451392466,26.48802526753736,0.18267500170629158,4,5,1
7086,287.62704224578016,3.1547616112577854,5.873655608727551,48.40494029451585,3.7163030740510132,7.67752847424142,10.846578875275178,0.1682906444281875,1,11,5
7087,672.524351686768,0.8379910626084124,1.7591749551679938,209.36002942115638,175.37633316828334,83.76782027265091,37.68850120501831,0.3113047563200611,13,18,4
7088,1333.5206318552107,0.37919895793192127,1.041984965064461,254.5840796028024,108.45913928881916,42.602483021733015,30.345957517991657,0.19091124165707268,8,28,2
7089,135.5038416977897,1.8568308611610413,6.871842280068973,7.996570783987803,4.963669393648104,62.07247491121158,3.260726953708826,0.059013609384022656,2,3,5
7090,122.14516256707934,3.3429016451818647,4.280675741066667,28.703923730493717,16.495054170235033,57.466199830761994,7.070476357742569,0.23499844879022677,5,6,5
7091,225.8624505142739,1.5665239330870855,3.7062789664584623,63.41923081609625,37.172631273450015,58.61413138428563,18.893408399635867,0.28078695981423585,5,8,4
7092,148.83205437328493,2.3427347501392783,2.3427347501392783,38.50130660349797,26.266175521232714,68.22151723766783,12.175348774222433,0.25868961337409907,6,8,5
7093,57.62964671272234,3.10593259289913,3.10593259289913,11.683749578648598,11.683749578648598,100,4.888896124455575,0.20273852513604407,5,5,4
7094,198.35820383351165,1.9890406897445754,1.9890406897445754,33.57243876828849,33.3515779751429,99.3421365821234,9.507477943333631,0.1692515767911818,6,7,4
7095,223.67246624049432,4.483369583804748,9.153496526220165,20.528076403960288,0,0,9.80383770699317,0.09177739553284285,0,4,NA
7096,4848.517823357655,0.6360532403084599,0.6360532403084599,1160.9533453637114,756.7018784448152,65.17935294012617,103.12615283419821,0.23944499899966082,35,101,2
7097,189.06137060108136,0.26335139617933107,0.26335139617933107,54.243685261380904,53.27175260995072,98.20821051013257,14.506106351119268,0.28691046240130585,7,8,5
7098,274.4235224716407,2.587558661194061,2.587558661194061,73.31586900804797,60.12767617750163,82.01181680176408,21.634799662921765,0.2671632094352427,7,9,4
7099,108.43608024536915,1.2434825190504757,1.2434825190504757,28.99323392852149,28.99323392852149,100,9.376989740293823,0.267376263167348,5,5,5
7100,60.36339610392234,0.36719855522005324,0.36719855522005324,20.58295749020922,14.02615536363799,68.14450921501377,11.085906610756265,0.3409840866934219,2,5,6
7101,821.3229358169201,0.7876229187098454,0.7876229187098454,229.72037495421978,196.0184185985282,85.32913923616573,38.93353004441812,0.27969555571430726,16,21,4
7102,197.35709148138434,0.840127456086983,0.840127456086983,34.27770909695952,34.27770909695952,100,19.500328206714915,0.17368369608442855,3,3,5
7103,150.5967419081483,0.5172147636411912,0.7899153197823023,60.15460967897808,45.65545247219152,75.8968476661008,25.115641776106287,0.3994416407472313,7,7,6
7104,42.168910816161635,0.8286857867422228,0.8286857867422228,17.08924121768378,14.274428840111813,83.52874570780108,5.982776147108484,0.40525687969949103,5,6,1
7105,138.99713129168728,1.4560086576856663,1.4560086576856663,23.73872422372068,16.397788193929426,69.0761139452646,8.028640417958385,0.17078571336774326,3,5,6
7106,554.3827724230028,2.5194934287732544,4.575710850983803,155.16565269684293,63.35820327199117,40.832621247550286,21.55021087559676,0.27988902328019866,4,23,2
7107,4683.421645136397,0.9508344547819825,3.4489016362392784,1198.3455862529672,677.9902354116388,56.57718801565452,78.80654562148723,0.25586967756734347,49,130,4
7108,340.2341856112164,0.8403666519579998,2.017272948257503,69.95083993492685,41.86362782335886,59.84721250281388,18.526215668217286,0.2055961537470525,4,10,4
7109,158.17054326245199,1.587053204612607,1.587053204612607,31.072566739711505,30.969422562734323,99.66805388868838,30.344618073754667,0.1964497693363351,2,3,5
7110,371.0409522546321,1.9690465225930804,1.9690465225930804,53.33275086952405,42.39886235075189,79.4987351289616,19.18756535612265,0.14373817915636358,4,7,6
7111,231.15637261276154,1.907713791565604,1.907713791565604,49.78586322791137,38.80979085821663,77.9534356581343,14.704941992745475,0.2153774203375037,7,8,4
7112,2594.3553279798325,0.3923079477498678,3.505918390121498,761.1750849619158,311.17349427421277,40.88067258399319,68.33155893629606,0.29339662025194757,25,89,4
7113,327.73592467468217,1.8005593483783724,1.8005593483783724,60.55019067431259,41.598676144955924,68.70114805865256,28.131633358598613,0.184752985912106,2,7,5
7114,278.5638033423285,0.05740186122096911,0.05740186122096911,81.05769597430775,67.05019259403625,82.71909506937952,21.4211664960521,0.2909843095252958,9,11,4
7115,803.9885636155009,0.7546267983845915,6.44705634405181,237.8327077761109,129.7301595932913,54.546811835239936,34.02074564888396,0.2958160333855842,16,25,5
7116,995.7813975364345,0.7349430149294802,0.7349430149294802,252.899035701724,156.6872395881855,61.95644010797522,35.4461146029564,0.2539704360087433,12,32,5
7117,247.4892217543025,2.400639526238036,2.7279326491922538,52.301981559672456,40.22810359365829,76.9150659191778,15.560230296262695,0.21133034072730567,4,5,4
7118,203.9107346613251,1.6510358885053285,1.6510358885053285,28.01952160284624,28.01952160284624,100,12.294652116743249,0.13741072361582043,2,3,5
7119,110.29112760868156,2.827928669333599,2.827928669333599,17.293775563395094,17.293775563395094,100,9.521180733652523,0.15680114927063105,3,3,5
7120,231.1253285475335,1.122331048819631,1.122331048819631,70.43795735868703,52.059520886766485,73.90833414101843,13.697306952670697,0.30476087498216653,5,9,5
7121,219.22906215235275,0.990532493045569,0.990532493045569,92.20727443922323,90.53374072898612,98.18503071431725,29.785967625281682,0.42059786021957246,7,8,1
7122,314.6498699386196,2.288481624290889,10.437766538715316,80.00097750762919,0,0,11.54141517448587,0.2542539665541111,0,12,NA
7123,288.9126420840438,0.21724954816540687,0.21724954816540687,61.385959962480925,61.385959962480925,100,15.420525108292894,0.2124723913764353,5,5,5
7124,443.33598459201073,1.056686261308956,1.334589767038742,156.82929934091047,89.34288042349094,56.968232848684906,22.257394776323675,0.35374818375105715,8,16,1
7125,189.7843255999758,0.5990890732596221,6.772357090590534,19.992049045193912,6.991430743771007,34.97105638329627,8.0130781441261,0.10534088619801414,2,4,5
7126,87.4901552773831,1.0417897262410472,1.0417897262410472,19.771330868167624,18.143525445320645,91.76683940144976,15.33639952703935,0.22598349271965085,2,3,4
7127,1685.8492641831647,0.3824830870691439,0.3824830870691439,521.005912561799,333.6208317565768,64.03398190169376,36.96411371747352,0.309046558094409,39,61,5
7128,252.21167248494552,3.4890689852497108,4.529640232531428,63.95183878563171,42.685438340567295,66.74622520808204,23.38034130744497,0.25356415171248264,8,9,4
7129,268.9200228391122,0.6499867565025074,0.6499867565025074,71.02142750129518,32.2871024149295,45.46107217338133,15.174756092072558,0.26409869652504614,6,12,5
7130,306.15370092451093,2.421325489627036,7.334839247937849,49.094334495207185,13.221670557298,26.93115344824312,13.221670557298,0.16035845507323296,6,10,4
7131,335.7657819869914,1.169869542882906,2.7494524953553725,110.39196301823607,47.773179803949844,43.27595822900442,22.103649657311685,0.3287766917908061,14,21,4
7132,92.45748482185915,1.5365086667304046,1.5365086667304046,15.672005603578596,8.998702831352624,57.41896129298111,8.998702831352624,0.1695049960938734,2,3,5
7133,196.0695147533734,2.057079986051109,2.057079986051109,33.47334257839313,26.148947297253134,78.11872159469412,12.89582492814856,0.1707218106827962,3,4,6
7134,160.76002009762263,0.44604786066188706,6.8442916711910815,39.29024343438683,1.1873865607534848,3.0220901093076047,8.728689822957763,0.24440307615368273,1,7,5
7135,719.6978224760749,1.8776569132588832,1.8776569132588832,198.25177095158918,169.83136410944905,85.66448778453532,41.67351337581455,0.27546529218265037,13,19,4
7136,383.47033003330813,0.5861616623795444,0.5861616623795444,68.57569883483373,37.698216993810156,54.973143014710274,19.487743925895384,0.1788292169276232,7,11,4
7137,258.77539283374546,3.8000120045213035,4.49262210645839,56.387376420579166,34.898066989873364,61.889857633342466,18.286041827453218,0.21790084367413626,5,7,4
7138,231.93073488121414,3.470367385765045,9.186215647094192,25.329490493634626,6.934107821300616,27.375630879915164,13.205090462067746,0.1092114441262276,2,7,4
7139,69.45279631624186,0.4740281954007199,2.4745963121795254,25.23717956067687,10.826205315047009,42.89784161109581,14.41097424562986,0.3633716840681768,2,3,1
7140,1472.7068029739798,0.1430412852747117,11.923828705764214,332.7644476009619,23.591461936626445,7.089537992026242,17.974305842402565,0.22595430871167183,8,50,3
7141,798.8397904010764,0.29853461984353513,1.013055788407776,188.82957631049334,89.17277931089312,47.22394714494614,36.061617927351875,0.23637978300465853,8,21,4
7142,114.08631140197129,0.6388636401771608,0.6388636401771608,14.480815799713273,13.815038886131394,95.40235216861842,7.068375932756006,0.1269286001253176,3,4,5
7143,2977.8530424676637,1.9770593342226168,1.9770593342226168,731.8267055183502,450.7349303576798,61.590391134800946,67.36389417033547,0.24575648800718045,37,70,4
7144,1535.8504117754462,1.4091854643733799,1.4091854643733799,533.3631791839757,386.2187264043743,72.41195895736062,37.16897343535755,0.3472754736363985,32,57,4
7145,2421.4469002796864,2.0322611629221297,2.0322611629221297,700.5188685673721,359.06735806643445,51.257342832286795,74.9959027690615,0.2892976379066828,33,56,3
7146,375.8990021234417,1.3413952859217813,1.3413952859217813,109.07872986634185,72.1542545726129,66.14878506655344,24.05805974704478,0.2901809508675456,4,12,1
7147,404.7970692053951,0.4274695629070206,3.738909650607898,120.84620294293754,69.86916256004852,57.81659734318678,15.7061278340434,0.2985352714636871,13,17,4
7148,138.3976341777295,1.0640009331599065,7.997859335457741,25.4009013327217,0,0,17.125299357092448,0.1835356614557587,0,3,NA
7149,387.62850698822695,2.6299875896022487,10.175315510130318,91.2510539825433,18.943130618231347,20.75935541725934,18.353130134427673,0.23540852217382138,2,14,4
7150,228.24422617359554,3.4933342488160553,3.7152421785247514,47.14595064529879,23.33740014082052,49.50032785720831,12.769803319142772,0.20655922577178812,4,6,5
7151,1263.3189083837035,0.9252729113757252,1.4676697858637613,214.18086477661222,85.2314581421883,39.79415165359593,37.81621448565689,0.16953824038827717,5,25,5
7152,476.0732774943119,0.022040956142951682,0.022040956142951682,101.08864083004485,63.903541354629795,63.21535320874236,24.848496991843323,0.21233840589015762,10,12,4
7153,151.56007771524992,2.2925865521346283,2.2925865521346283,33.32436242873154,31.488316616991636,94.49037977645777,14.52574698803066,0.2198755960744566,3,4,4
7154,320.0749916454861,2.0844733626125107,2.0844733626125107,108.68363347332641,71.20620089556134,65.516949166994,24.283653591717325,0.3395567798489674,14,18,5
7155,292.43179659779906,0.633040249885892,0.633040249885892,85.86330842397453,85.0692902114184,99.07525318191162,26.39173414137217,0.2936182365355709,7,8,5
7156,25.786614141369103,0.878607764381675,0.878607764381675,7.281048929231785,7.281048929231785,100,6.8426940875440705,0.28235769493874346,2,2,4
7157,119.17397563862791,2.134631826786484,2.218651644452954,22.844639807759407,13.975089162764009,61.17447804109055,8.268487453496968,0.1916915139009155,5,5,5
7158,229.51943960648978,1.3873340718115226,1.3873340718115226,75.01820107670726,40.242199179477645,53.643247374499666,24.503333754470642,0.3268490076715318,3,10,4
7159,950.7791385753555,0.75487525085313,3.964591556501248,240.5406452888576,137.5343538182046,57.17717837376048,18.078715369807046,0.25299318793351205,16,28,5
7160,178.47917336775518,0.0023540158723707187,0.0023540158723707187,38.885300019985536,20.170871760316672,51.87274304158545,20.170871760316672,0.2178702382258496,1,5,5
7161,320.90376622940965,0.7709472172472035,3.5632208023078,108.40434662297356,19.611546325903987,18.091106986800302,17.863540757550343,0.33780951808922305,11,16,5
7162,475.47257328997625,2.051945871517235,3.837961856029887,151.77280598023182,55.839988846653604,36.79182741994418,30.070350022190766,0.3192041234472429,10,23,5
7163,196.51600567378188,0.20073968904588013,1.5500807772452287,31.853430186689774,8.006763446376901,25.13626758389932,7.8347684686512205,0.16209076750504853,5,7,4
7164,228.2559252670241,0.6568132548637836,0.6568132548637836,60.78611888906831,41.01226046682414,67.46977964108797,27.302701532655856,0.2663068606782407,5,9,6
7165,373.7371621954253,1.7531940547249216,1.7531940547249216,42.32560262922661,42.32560262922661,99.99999999999999,21.66591153910125,0.11324964951463606,5,5,5
8001,712.4184643982896,7.7050926269698286,11.164303554230981,50.83549948601094,26.581588410855918,52.28942113211796,17.21321871823596,0.07135623517134235,5,8,5
8002,190.00208737341464,0.16184532880151273,0.16184532880151273,29.892453779650815,29.892453779650815,100,23.546750358932062,0.15732697568160195,4,4,5
8003,628.3847213461995,1.2160789470028097,1.2160789470028097,141.8528305455221,85.28967829636224,60.12546804202956,24.008448487547817,0.2257420107885951,8,16,5
8004,529.8736703605247,1.3994252174012904,2.9457111656235653,120.0654440685245,107.94971995424727,89.90906650262963,28.985864046674102,0.2265925838263152,7,8,4
8005,232.53037950764994,0.3999922660321589,0.3999922660321589,63.594495930761006,63.594495930761006,100,19.148753798007764,0.273488978366669,8,8,1
8006,76.64814899801206,2.3456516567528145,2.3456516567528145,25.512740433243454,25.512740433243454,99.99999999999999,12.488651181881972,0.33285527135045556,4,4,1
8007,321.39120459454944,0.5670534225881877,0.5670534225881877,65.18541165241781,62.568301550999394,95.98512913384148,18.71435875524639,0.20282263708694942,6,10,5
8008,48.948488529854814,2.1548947785583557,2.1548947785583557,6.305200431485493,6.305200431485493,99.99999999999999,3.328797971097031,0.1288129750449762,3,3,5
8009,333.92681744576,1.2571220292490675,1.2571220292490675,49.13999718509567,43.06312977406021,87.63356174371414,18.553162215481258,0.1471579837791181,6,7,2
8010,186.73509783614892,2.0497627885157197,2.0497627885157197,49.88311862619045,49.88311862619045,100,9.486680991037888,0.26713306284799493,6,6,5
8011,166.72927617273962,1.6433582767623267,1.6433582767623267,44.701027294708666,31.926085821357724,71.42136938122867,12.774941473350937,0.26810544807017717,3,4,4
8012,273.0564739039833,1.5589503415272263,1.5589503415272263,59.69820842666456,50.43278815937231,84.47956729107837,18.524632986159013,0.21862952953701673,6,8,5
8013,124.60196114946508,0.1094197017121012,0.1094197017121012,35.04877921236514,35.04877921236514,100,10.019997827758441,0.2812859355425611,5,5,4
8014,159.2056381367057,0.39678675586585016,0.39678675586585016,38.218969078245486,27.696398488922945,72.46767549438673,9.39197664554413,0.24006039940261326,5,7,5
8015,295.29692496604736,1.3726174004558558,1.3726174004558558,70.97451233627477,70.97451233627477,100,21.2106573039698,0.24034964923673105,5,5,5
8016,167.32110670258913,0.8880329170201113,0.8880329170201113,36.54790528394184,30.982341763820237,84.77186728792645,16.25782309489275,0.21842973671519644,3,5,6
8017,574.7198957347537,4.886761264634005,4.886761264634005,101.21178390811598,101.21178390811598,100,38.01291481960366,0.17610628178918575,8,8,5
8018,242.94898993728233,2.307092446581501,2.307092446581501,52.68830162456796,52.68830162456796,100,17.089669444313333,0.2168698113878536,6,6,4
8019,113.06759374144173,0.127545685604918,8.664085149972157,22.349918747211234,0,0,13.462877942684402,0.19766865118152332,0,5,NA
8020,173.0365317567206,0.2057956072173082,0.2057956072173082,54.01511541234622,54.01511541234622,100,20.32771546744964,0.3121601829623375,7,7,5
8021,88.58417797025919,0.521970374245443,3.6944252539560396,11.736348229203209,3.7154852775148908,31.65793315734922,7.325526352547928,0.13248808645200175,2,4,5
8022,208.28904056409408,1.0328548179701866,1.0328548179701866,47.51998542640653,37.696397229167225,79.3274595749762,21.026905498976383,0.22814443476100135,3,7,5
8023,39.764298036124586,0.532670519931614,0.532670519931614,16.6679201092473,12.416279791997692,74.49207645955289,6.913499106122857,0.41916797057765315,2,4,1
8024,1931.8163213689347,1.4229733672155798,1.4229733672155798,493.16291901286553,381.8912066859069,77.43712918447225,45.459399766732005,0.2552845804012038,31,40,1
8025,607.783792189517,0.05521896717351077,5.785808351379435,112.12679414819192,60.87301442798396,54.28944516823641,19.956311528412893,0.1844846729858649,9,11,2
8026,140.35798110687028,0.7389743903579632,0.7389743903579632,31.26916316973425,31.26916316973425,100,19.4155250878767,0.22278151141206232,2,2,6
8027,713.0878428806291,2.7197019095547303,5.153249405881985,121.12972906859353,70.82446653933295,58.469928962877766,18.384840188774028,0.16986649019182712,9,14,5
8028,172.62240809290577,0.64975994057986,0.64975994057986,37.128681407412586,26.159302341348038,70.45578067882973,13.478928748948187,0.21508610508683115,3,5,6
8029,92.11033589135069,2.95204436828965,2.95204436828965,22.995645344468894,20.803681314413414,90.46791687199722,7.994589884763536,0.24965325684615403,6,7,1
8030,333.725866731415,1.7306040015553728,3.489403844797995,78.31104634466467,60.972724698639205,77.85967311723101,15.564616736509171,0.23465680713233406,9,15,5
8031,500.8412609549284,3.240074080154662,3.240074080154662,120.26094932060364,68.05229313394813,56.58719103615882,26.375742290056216,0.2401178950218843,6,14,5
8032,265.5273937506615,0.7798297065390087,0.7798297065390087,39.8780952531936,35.6996133332681,89.52186183067289,17.947181505929557,0.15018448639103646,3,4,5
8033,334.5099497393242,1.0273936445420249,6.432948467556997,69.00790575278396,45.868882053034696,66.46902489311411,25.768150482450487,0.2062955251601939,4,12,5
8034,427.8856726127314,0.1321812766158583,0.1321812766158583,114.65425279481957,60.99009424557104,53.194794574882756,36.43637821111576,0.26795534446087954,3,13,2
8035,375.45845978495913,5.800266364823937,5.800266364823937,34.588616226422246,34.588616226422246,100,17.090911569664204,0.09212368325974757,3,3,5
8036,142.3801152961368,0.2203270145185611,1.157981327318537,25.527985722736997,20.669360364106076,80.96745504560711,17.3174641655031,0.17929459931705538,2,3,6
8037,211.0385832196527,3.6530684333232215,3.6530684333232215,29.625242235888017,26.426245808192007,89.20178811628165,6.77470205266614,0.14037832221918178,5,6,5
8038,86.41897050357,2.316138185847892,2.316138185847892,28.822884992134505,28.822884992134505,100,9.756632795487727,0.33352497517826624,4,4,1
8039,103.87652492153738,0.28731422775399573,0.28731422775399573,40.16043638546245,28.864361128203296,71.87262820344208,17.62816972172113,0.3866170572783161,4,8,5
8040,299.3132323038286,3.1488110102088247,4.551825257837241,63.738363065688525,34.78619004146733,54.57653502274103,23.281820303791125,0.21294869784102502,3,8,5
8041,241.87595734317256,0.9391482251561517,0.9391482251561517,34.87687124671905,34.87687124671905,100,17.10144095477654,0.1441932122142917,4,4,5
8042,88.50063710371494,2.978472511476872,5.332991919466114,10.098988737115977,3.9658386008570874,39.26966059761775,3.9658386008570874,0.11411204560347801,1,3,6
8043,316.315233206025,2.1388507553210263,2.1388507553210263,64.13078122687998,64.13078122687998,100,19.612180933229286,0.202743258922057,5,5,5
8044,504.2393572915394,0.30445951016265965,0.30445951016265965,148.73961384913562,148.73961384913562,100,25.11259036665392,0.2949781918017515,13,13,1
8045,454.23501657363937,2.336399426883384,2.336399426883384,114.53059950950768,89.38979854458583,78.04883492045738,18.397420282193927,0.2521395210202608,8,12,5
8046,335.03867949163,2.0750992550427863,2.0750992550427863,64.02707402270849,51.42170368728256,80.31243731213583,25.91503947908931,0.19110352906076336,5,6,1
8047,302.54093459372626,1.933278286208016,1.933278286208016,66.97392789872887,37.80511210386001,56.44750620125646,16.194443781803546,0.22137145834055905,8,10,5
8048,332.47113776821584,2.430644249566264,2.430644249566264,88.34895120087829,72.46056537365385,82.01632774213795,13.343757075178896,0.2657341981440544,11,15,1
8049,174.47005680334763,2.892606121488511,2.892606121488511,29.021824908068712,29.021824908068712,100,9.388205350533473,0.1663427263096521,6,6,5
8050,93.30170808769525,1.2877741765130757,1.2877741765130757,13.076459324813406,13.076459324813406,100,7.106186952095472,0.14015241084892793,4,4,5
8051,907.2676675110753,1.3251769276984429,1.3251769276984429,76.53964102063183,56.84167762332149,74.26436401498066,12.770963023533051,0.08436280026445171,10,10,5
8052,220.9602182653329,2.1075450508019147,2.1075450508019147,44.13019452765208,26.937550096850046,61.041086233986384,26.344235603535488,0.19972008931788693,2,7,5
8053,114.14098470076799,0.9502513849141744,0.9502513849141744,31.563107987133865,31.563107987133865,100,10.598164603745944,0.27652738470655136,4,5,4
8054,167.57076895730617,1.372969224197209,1.372969224197209,43.22643940649547,32.603607076624115,75.42515072783186,15.59656323564413,0.2579593068377501,4,6,5
8055,86.06292931468714,3.405924098411034,5.443083459734959,12.686318510427219,3.364725291206708,26.522472129650158,6.63968006586661,0.14740746813346295,1,3,7
8056,427.79784057749083,3.002117987642875,3.6712950898240124,100.5252645472184,73.64008503470802,73.25530091006928,24.531427870010226,0.2349831041959394,8,11,4
8057,234.02467462410058,0.8797820765622085,1.6408433711102672,47.992051600957566,28.259240136695908,58.88316751212207,11.07735946400014,0.20507261329620152,4,9,5
8058,183.0871351231053,5.602790237797308,7.550809635703943,4.1293787198053415,4.1293787198053415,100,3.677772030274191,0.022554171908522155,2,2,5
8059,322.54558530072427,5.415503604920207,5.415503604920207,15.98658713186963,15.98658713186963,100,7.808298680083705,0.049563806979297485,3,3,6
8060,118.71323759794164,2.26634396703363,2.26634396703363,35.24235318077262,23.03958320538347,65.37470153370268,14.898370663081616,0.29686961533415107,3,4,7
8061,173.20774201523608,0.5960505828101553,0.7375758701077553,35.29227084816138,26.576812048289234,75.3049078724097,16.621753085983375,0.2037568900647462,2,3,5
8062,204.52903807650537,0.7651374015286518,0.7651374015286518,33.55328021250964,23.397701186341866,69.73297703876511,13.536410198869078,0.16405142530401393,5,5,5
8063,48.99743887349966,2.4303188945222205,2.4303188945222205,4.598188376703193,4.598188376703193,100,4.144178496257344,0.09384548422162796,2,2,6
8064,683.1384327733241,1.1622587405069664,1.1622587405069664,112.52311859742973,103.17483736873739,91.69212394286957,19.544653712627728,0.16471495849036302,10,13,2
8065,245.0289028313203,1.5101382786804525,1.5101382786804525,61.60536499136586,47.4629747108474,77.0435735872995,23.016320072777006,0.2514208090535974,5,9,1
8066,119.04153210957136,0.2746480385239991,0.2746480385239991,20.91359212663622,20.91359212663622,100,13.957106357451185,0.17568315659266195,2,2,4
8067,690.1617066199967,0.09106229937914295,0.09106229937914295,167.94182257605706,133.25196301417932,79.34412105944159,38.76475536617399,0.24333691795005064,10,16,2
8068,240.38689036356055,5.446612688403179,5.446612688403179,30.18442189752403,27.797041834946416,92.0906881348175,14.165004049747287,0.1255660067480102,5,7,1
8069,249.9153231304965,0.2531996946951816,0.2531996946951816,44.916838324881155,42.513027865298994,94.64830885425299,19.82116928741688,0.1797282285945598,5,6,4
8070,117.47222177502078,0.9124703061844632,0.9124703061844632,18.13681128182168,18.13681128182168,100,11.272976223804951,0.1543923406552806,2,2,5
8071,408.001509183085,4.439443929718812,4.439443929718812,52.437312212036964,52.437312212036964,100,22.767480260812494,0.12852234864775083,7,7,2
8072,291.5827411393969,0.6631793569187483,0.6631793569187483,44.263277496395325,33.53355490534262,75.75931291593466,15.536535880238173,0.1518034892032049,5,8,5
8073,308.64345135284,0.16278834131970177,0.16278834131970177,84.79707858036068,84.79707858036068,100.00000000000001,26.612211309165012,0.27474122068257,7,7,5
8074,258.51697783137075,0.7648610553381062,0.7648610553381062,79.43892029199816,76.07579725343429,95.76640389093677,24.144830485014328,0.30728705309179244,7,8,1
8075,240.58361301027,2.508940865109754,3.774203170816329,49.458418627274035,29.784942509692815,60.222189338799026,16.19744375367786,0.2055768387897756,4,8,2
8076,320.3946862755786,0.6827701999967469,0.6827701999967469,80.0511544641842,76.02757601207806,94.97374087976917,19.208206772569415,0.2498516919701047,7,8,4
8077,307.0168410861332,0.7960159951045719,0.7960159951045719,75.21473246923588,75.21473246923588,100,22.139448259161032,0.24498568939459087,6,6,4
8078,129.48100293391707,1.0918540612950969,1.0918540612950969,37.819062429129396,37.819062429129396,100,14.804465818819356,0.29208193922031195,5,5,1
8079,29.634039829079867,1.7167287444375208,2.4514738721077136,10.798467181596559,6.222645291412604,57.62526464883494,4.575821890183954,0.36439402942963006,2,3,1
8080,780.0423308022154,2.4855945143538087,2.517318465114135,125.20257392538743,56.197241147688615,44.88505258779944,28.286596445071464,0.16050740963843066,6,12,5
8081,225.2161477176962,3.4062369946878883,3.4062369946878883,47.38582140963785,47.38582140963785,100,17.99187430245265,0.21040152711001434,6,6,5
8082,139.92934076765778,0.2964440389389914,4.267311587188927,28.811986152127446,6.624977484756147,22.993824340245858,16.6170139379598,0.20590382255832676,3,4,2
8083,256.5116423375721,0.4721554275010197,0.4721554275010197,57.39446889798214,53.16636801809249,92.63326072865134,16.934705858044865,0.22374995682437834,9,11,4
8084,496.0247432243685,2.08371147893029,2.08371147893029,87.97588038122876,58.40440457263994,66.38683730080815,16.194537814392234,0.17736187878320084,5,8,5
8085,398.4946126580011,1.0182766993936683,2.5337754284315896,131.90580329754314,94.11011726190063,71.34645702404325,15.110906493493964,0.33101025486321517,12,20,5
8086,77.12914163869766,0.2861224272388336,0.2861224272388336,22.063239003497703,22.063239003497703,100,14.068539805707438,0.28605580892952676,3,3,6
8087,315.67632137011856,0.7723004327484595,0.7723004327484595,62.046334058180555,45.810487021494176,73.83270537553096,20.422650119136208,0.19655048496790348,6,9,6
8088,42.72774264938572,0.3482411641591149,0.3482411641591149,16.447169969861623,14.115441180037509,85.82291789957266,5.874487967637404,0.38492953172891475,3,6,4
8089,129.54572118653388,0.3675802295925613,0.3675802295925613,26.925225049659367,26.925225049659367,100,12.564913273055323,0.20784341468823606,4,4,5
8090,165.86558192613077,2.1801911727003667,2.1801911727003667,22.55457130164518,16.43819710076063,72.88188669567658,13.469537925738729,0.13598102173897653,3,4,5
8091,697.9827474799923,2.2935119326862203,2.2935119326862203,133.52561099953107,51.64104858098609,38.675013875178934,27.6568771692699,0.1913021653925029,7,20,2
8092,421.8647516164669,0.37635049737322723,0.37635049737322723,104.89215075244475,100.80591672367869,96.10434717998113,21.102140503358797,0.2486392862890952,11,13,4
8093,344.1102936241691,0.6356183507862491,0.6356183507862491,72.87244745035434,72.87244745035434,100,29.30247409031377,0.21177061192462984,7,8,4
9001,35.7081335455382,1.8601204238051325,3.410968511180699,4.827053637775231,1.255651296450023,26.012789388202187,2.8246224659283863,0.13518078819827817,2,4,2
9002,359.1891578778754,2.6684110268334282,3.6078050519325804,83.65991179320761,21.229553721020526,25.3760173373075,11.750527071990021,0.2329132435051173,3,16,4
9003,181.64050309181417,1.0297748126454238,1.0297748126454238,47.882982468034754,41.5856549223061,86.8485060429714,24.751293714731236,0.2636140158884676,4,6,1
9004,198.27483870693874,0.7900873597879421,0.7900873597879421,60.38335118476683,39.15132167152476,64.83794109360667,17.475871119188422,0.30454369086143496,5,8,5
9005,147.1734026498267,3.139971165364596,3.553548823919825,20.473651530289857,16.104831661841146,78.66125706992113,7.32477968263298,0.13911244261304007,4,4,5
9006,90.55903889303161,0.6238332933401952,0.6238332933401952,30.678189116015577,30.678189116015577,100,29.14531895591966,0.33876451750170045,2,2,1
9007,205.72596439974214,1.68036192338878,1.68036192338878,47.49578825948875,19.72630727773555,41.532750588247396,19.72630727773555,0.23086919727448987,2,7,5
9008,149.22127866297768,1.2678341488929366,1.2678341488929366,38.28809516415309,27.971764049050762,73.05603459541933,10.986269413589572,0.25658602785885726,4,6,1
9009,201.36098784234093,3.1680489597472272,3.1680489597472272,54.151183313830884,41.39078677906762,76.4356090598964,20.38982031505047,0.2689258922201429,5,7,4
9010,170.03730821945192,0.30528206841812955,2.225979920774997,65.3316732939291,34.03176015638279,52.09075237254817,26.85829636919593,0.38421963966643935,3,8,2
9011,901.5752304011124,0.7518553245460585,0.8690220750041077,177.85435841246306,142.4457199816096,80.0912169108968,33.51913560113483,0.19727067960078642,13,17,2
9012,442.5296191064411,0.782099851181938,0.782099851181938,67.12531667918556,36.59940240322766,54.52399215954317,28.08858776306243,0.15168547771949248,3,13,4
9013,636.0347596963979,6.176850900181649,6.176850900181649,120.82375615614455,81.08704980962489,67.11184322463323,22.316394708662244,0.18996407714229022,8,11,4
9014,46.061485575336455,2.340259214437234,2.4055894011578327,12.704755566955274,11.983963351773685,94.32659517624762,6.276463014351708,0.27582166333250036,3,4,4
9015,83.87529928779459,1.733791651657755,1.733791651657755,21.792105298452167,13.903728357708781,63.801675732065796,13.903728357708781,0.2598155295241173,3,4,7
9016,236.17650062227298,2.0499250177851374,2.0499250177851374,68.00537444866849,55.263667888831435,81.26367707973625,26.932399414975915,0.287943018333701,3,6,4
9017,128.47784721763875,0.7703725269881648,2.4469014292904445,54.13060841124966,34.375682378367834,63.50507298422259,23.530136177343206,0.4213225048794097,2,8,4
9018,91.87885095678419,1.9387385407538484,1.9387385407538484,10.012090177900921,10.012090177900921,100,3.4332900083122015,0.10897056366769511,3,3,4
9019,644.8536904236462,0.2840489682399257,0.2840489682399257,195.60228267274377,172.918062254917,88.4028856371891,38.77806483734212,0.3033281588948339,14,18,1
9020,184.93612297315545,2.1267418065879595,2.1267418065879595,58.640163756797676,50.17847792168301,85.57015312882075,13.191801478346422,0.31708334106966024,6,9,4
9021,399.9875215134425,3.0959420089160945,3.0959420089160945,88.72664355056725,47.544120343928086,53.58494184087067,24.37351072292058,0.22182352893122786,3,10,6
9022,654.7744572264246,0.3594061312546506,0.3594061312546506,170.80697545202605,100.77074663600695,58.996856755601335,42.88130830580264,0.2608638342056768,7,19,2
9023,20.050563481641763,2.524598767482137,2.524598767482137,3.44713826787331,3.44713826787331,100,3.44713826787331,0.17192226398173296,1,1,5
9024,242.43905403734604,0.05709296412733337,3.5623051278507423,70.55002870041974,26.67209028413253,37.805924073243986,16.287798186941522,0.2910010888326268,3,9,4
9025,54.59656391859412,3.780351819880595,3.780351819880595,1.548694282184768,0,0,1.548694282184768,0.028366149278074338,0,1,NA
9026,312.7515333520097,1.020796390150549,1.020796390150549,95.30302198925659,83.2584636562819,87.36182958150849,33.33309218028573,0.30472439564985493,7,10,4
9027,336.8203826974269,1.8617193373484255,1.8617193373484255,53.357198230951184,43.32060408005979,81.1898029063501,24.23174832922505,0.15841439821319578,5,7,5
9028,493.21559273622165,0.06619876385777729,2.9288281649394223,119.93348206825594,52.85683129717016,44.07178911647753,25.577332562306207,0.2431664445215502,4,14,5
9029,184.2795168780041,0.4175460996598361,6.816803672494845,42.9685274355951,3.3820279921699843,7.870942278017921,13.849026797233646,0.233170393343504,2,6,6
9030,740.3179351470166,0.714563390105737,2.9953342020584044,189.21094192594197,106.16789559857314,56.110864687797886,34.48471225497269,0.25558065385565376,9,19,1
9031,365.19775467799565,0.27072516410872133,0.27072516410872133,103.49610606311329,65.76640896209645,63.544814837759425,18.956989866422024,0.2833974325892789,8,17,4
9032,407.8868864424641,2.448649838394383,3.8300147991552187,122.96222317777405,26.366083130571187,21.442425526457924,14.207535585008271,0.30146157492395603,6,19,6
9033,969.3843801066637,0.4969394949218737,0.4969394949218737,245.17195341348804,151.5466226064755,61.81238126813335,32.881181136836176,0.25291510616924856,11,25,4
9034,162.29708607687854,0.051835214402329334,0.051835214402329334,42.06944085821286,33.369948428504166,79.32111230327806,12.272039888636733,0.25921254580186964,4,5,4
9035,136.63898879320865,1.1045626731493272,1.1045626731493272,28.22468034948379,19.340716138753663,68.52412817177358,13.565309587009157,0.2065638848674401,2,4,4
9036,63.60382665266466,0.02560353043362126,0.02560353043362126,9.816925645052775,6.083800959461188,61.972568392907306,6.083800959461188,0.15434489026363477,2,3,7
9037,100.79555691483364,3.900797738623509,4.147069778653315,22.112028835660865,8.03951385032984,36.35810133063967,14.072514985331026,0.21937503509548778,1,2,5
9038,93.78491339903911,0.9417969687531993,0.9417969687531993,21.20635628440359,21.20635628440359,100,10.211382836033456,0.22611692558881077,3,3,4
9039,95.78494911581487,2.86621897335764,4.089107934203364,17.6122422626714,5.0765557142611994,28.824017058979486,7.968362787486458,0.1838727527158385,4,7,5
9040,407.4703833484736,1.805018456230073,2.7600944558593365,132.1012707527499,72.15668110289565,54.6222460175642,47.843840211047706,0.32419845994003277,7,10,6
9041,75.61063988960778,1.2270652482051578,5.395666169581092,9.745736640623887,5.282447216038165,54.2026468683644,5.282447216038165,0.12889371991630744,1,3,7
9042,311.2566052579651,0.3627510699646092,0.3627510699646092,91.39710271846508,58.91691536033365,64.46256348170935,21.569552390259364,0.2936390784147904,9,12,2
9043,340.1667333326371,0.620976293345632,0.620976293345632,75.89602735623546,65.6338389403615,86.47862243473428,18.127583105783415,0.2231141964197287,4,8,4
9044,756.4656310440464,3.9737164986387894,3.9737164986387894,170.1030941639804,104.91536348959356,61.67751621757952,48.24110445280523,0.2248655949236058,8,17,4
9045,483.3607718518734,2.5834021768135,2.5834021768135,115.12100909698997,70.63579678881105,61.357867988544186,33.761732186275324,0.2381678774964158,7,16,4
9046,81.24822100965297,2.9555517539301794,6.225787209099694,10.591717183142372,5.431151499184565,51.27734630064244,5.431151499184565,0.13036245042071737,4,4,2
9047,156.8498713731048,1.5004545842214612,3.8318778863734115,37.699575491655565,26.18849002584926,69.46627298667018,11.584474534788635,0.2403545196538806,5,7,4
9048,374.7082796454873,1.2439841396680076,1.2439841396680076,105.37936267415785,76.58809527741835,72.67845746442346,24.320056455796824,0.281230408823252,5,12,1
9049,82.48186505830296,2.381067648885549,2.381067648885549,10.305068183520884,5.626769051525622,54.6019584860539,5.626769051525622,0.12493738079560478,1,4,4
9050,34.018585924430326,2.6192721322692214,5.099876979085982,5.14328973486692,0,0,3.6067271407522568,0.1511905799462783,0,2,NA
9051,155.60742813458748,0.45075556358754837,0.9933478110282519,30.502511998057763,21.40130941474486,70.16244896849014,9.208622670922198,0.19602221027440686,4,6,4
9052,205.89069571563076,0.932237245333845,0.932237245333845,74.7138806699884,45.533007019264744,60.94316961045602,24.06779471888824,0.36288128713295853,6,10,1
9053,1232.1779467271385,0.5004990604077892,0.5004990604077892,281.94770480896165,206.89603564234113,73.38099658677022,46.958473467754786,0.22882060627514053,18,22,2
9054,439.8109931554657,1.123231558293752,3.140923784458993,73.63204299356471,50.13445701487385,68.0878255941581,32.41560896844663,0.16741746827491652,3,5,4
9055,876.8974607915859,0.02966229745220626,0.02966229745220626,240.24213241549484,147.48664356747312,61.390831859749476,44.313336291246365,0.2739683294311576,11,22,2
9056,89.09443485580796,0.5934950235952274,2.7067923445986173,35.249397678162396,15.114326713156785,42.878255257451876,10.908822753816688,0.39564084709904335,4,9,2
9057,530.9603156177458,1.8998278449549273,1.8998278449549273,108.27284023446254,38.18226075144214,35.26485558960056,18.113788987019802,0.2039188938414211,3,14,5
9058,78.97839248299141,1.6397555681725797,1.6397555681725797,18.554588882895946,15.87424335437446,85.55427153122055,10.695157908772625,0.2349324707627066,3,4,4
9059,258.3878656944922,1.5688619254937914,1.5688619254937914,48.879452768184485,39.57371400457988,80.96185976602895,24.027957060237288,0.18917085226431515,2,4,5
9060,105.7032981631313,1.348232328628594,1.348232328628594,27.88551755871124,24.424687241701733,87.58914798793695,17.40547807940183,0.26380934221821234,2,3,5
9061,247.5224109061984,0.16014234875505312,0.16014234875505312,52.0514211168172,41.91658543660956,80.52918544248314,22.253149427877045,0.21028973063995696,5,8,5
9062,327.86905631096676,0.17312133294847637,2.7258086841609828,99.66705840758151,59.81193937532164,60.011743429534036,29.329284091903812,0.3039843391413323,8,12,5
9063,67.71881612265605,2.4374292789999608,2.4374292789999608,16.07100444250762,16.07100444250762,100,8.472111599641202,0.2373196308305055,2,2,4
9064,234.33646532888386,0.7750987162113497,1.7083419944533027,43.95070794935738,24.296954201635316,55.282281754441165,11.105733327907991,0.18755385717572357,5,10,4
9065,436.8388347877035,1.9681538575709256,1.9681538575709256,112.06579376269376,83.83380111291272,74.80766280069007,19.132753674957865,0.25653807500231957,8,17,1
9066,102.22392439023912,3.269307333723482,3.269307333723482,22.208567086387873,22.208567086387873,100.00000000000001,14.199516875591016,0.21725410385935512,3,3,4
9067,83.49867373275202,0.8247914848799418,4.8589503391973645,30.344018715005745,0,0,8.171323890551797,0.36340719389299025,4,5,8
9068,144.16955617494094,1.4035445800994522,1.4035445800994522,42.59330873537568,42.59330873537568,100,24.72369292121061,0.2954389946494065,5,6,4
9069,564.7545799274187,2.090257902485111,2.090257902485111,120.22246077482974,74.47412699172911,61.94693280419137,23.85691105020279,0.21287558356814126,7,14,4
9070,165.923248676527,0.5083268236643043,0.5083268236643043,37.55255245575655,29.48674373703163,78.52127700712795,22.524319592356296,0.22632483847376036,2,3,5
9071,48.67921426778222,0.8057742157721265,4.037384100600705,23.586844440661757,5.7573257889808245,24.40905481640297,7.895818161752879,0.4845362604028808,3,6,2
9072,1021.3253729463901,3.0064587369482023,7.821109908716204,196.323571376687,91.68531609951653,46.70112480971501,31.487648379432247,0.19222431614551902,8,22,4
9073,304.95594036523465,0.5692695433089061,0.5692695433089061,68.82892185425877,46.64817222932141,67.774085330141,24.601088324116553,0.22570120054662607,5,10,4
9074,118.84071769475102,1.2608215344950913,1.2608215344950913,29.444987598191872,26.384392484405872,89.60571776918003,11.52918206284596,0.24776851040081194,4,5,5
10001,530.3734789258425,1.618996013337895,1.618996013337895,61.20945738175162,61.20945738175162,100,17.30775701781968,0.11540821668858371,5,6,3
10002,1483.920983802803,2.493511405489041,2.493511405489041,342.2521972805135,289.24840928886033,84.51323660949043,61.32878250648323,0.23064044582982668,25,32,5
10003,180.0557615707247,0.7326706145971783,3.2380161539001326,60.47399855701116,43.41002249483687,71.78295388209295,12.782890529703028,0.33586261294536457,8,11,3
10004,1066.9888186991197,2.2992358773767796,5.207747679800516,126.45310339331793,77.70792665739528,61.451972764712345,32.14886193530019,0.1185139911283142,8,13,4
10005,661.499069926124,0.37113066876700007,0.37113066876700007,80.18393870886668,40.16587626840984,50.092171718135276,17.091737790197882,0.12121549727624197,4,10,5
10006,702.8884263670424,1.4101096936039428,1.4101096936039428,146.16901052328504,139.04126801257112,95.12362949903225,25.8486624872191,0.20795478349071125,10,14,4
10007,159.70897211942886,4.153203818950563,4.153203818950563,26.786120107100157,26.786120107100157,100,19.76602962369469,0.16771831758499922,3,3,3
10008,1238.9501820828414,1.7822628960131444,2.41843489503626,249.3225908813298,207.663794753542,83.29120679336428,27.99591724069974,0.201236978279615,21,32,4
10009,2643.5361202395134,0.7531313890665914,0.7531313890665914,582.6035330051991,495.62424523381594,85.07058696971428,96.59493785387609,0.2203879601056532,19,28,1
10010,250.65931403928406,2.139446563163503,2.139446563163503,36.44985295661284,36.44985295661284,100,20.092395517523382,0.14541591281503433,5,5,4
10011,463.1669581306453,2.278838640998502,2.278838640998502,57.908785110806406,57.908785110806406,100,37.926947717013526,0.1250278848571752,4,4,5
10012,173.3694676734069,0.07943646781234763,6.575365446353319,22.387567255732858,0.6044842622146821,2.7000890954772667,17.10394863008612,0.12913212202915983,1,3,6
10013,3881.235860510865,7.320955340512599,14.408006998449952,357.539899045534,195.72457171273362,54.74202242469375,88.62317402651388,0.09212011634832032,10,26,4
10014,1948.2779498463456,4.651493453027696,4.651493453027696,260.177638389036,260.177638389036,100,39.48554926453979,0.13354236155552415,15,15,4
10015,2294.4103186672546,0.5973187366435975,0.5973187366435975,347.46618922237127,319.3397693559815,91.9052786317608,74.78496251234192,0.15144030097641936,16,20,3
10016,2073.5881879801277,1.9174625089514086,1.9174625089514086,491.89611843523716,443.6581685893206,90.19346808440662,57.702689525950554,0.23721977260797902,34,46,3
10017,1540.4337603634744,2.8566915321247457,2.8566915321247457,220.63749041419078,153.50058485612993,69.57139721267298,26.782672944533214,0.1432307549284885,13,24,3
10018,176.85917215627836,3.168968891843182,3.168968891843182,35.74611661945793,35.74611661945793,100,19.695620093720404,0.20211627241968275,4,4,4
10019,572.5150882693491,5.400964373559945,5.400964373559945,73.17325031892695,33.06539969059091,45.18782416590046,24.538289064918253,0.1278101692308612,2,9,6
10020,294.14498701357644,2.2461322383669216,4.387589928286254,50.3766105568991,38.213712413836696,75.85606096042385,19.123136969608115,0.17126455585175054,5,6,3
10021,313.9157125829488,0.5901374564360728,0.5901374564360728,54.14684480655008,53.33706182657343,98.50446875922366,12.185377062699917,0.17248848221397126,8,9,3
10022,561.5702851492249,1.2539568833537944,1.2539568833537944,131.28581790802767,127.16845577867828,96.8638180460331,14.437820433509138,0.23378341301150107,16,19,4
10023,1082.3057912810905,0.9898805911230257,0.9898805911230257,194.39932135093005,175.7668709336231,90.41537270406845,22.729900589842238,0.17961589313942952,15,15,4
10024,1490.5143534434462,2.520367716304315,2.520367716304315,271.26756958348955,267.0836931824723,98.457656988839,57.74517582414166,0.18199594586714063,14,16,3
10025,1556.5412121088184,2.1799261464892425,2.1799261464892425,289.4568406262592,156.53369354204364,54.0784226081417,33.20547814586826,0.18596156553677112,9,24,3
10026,329.62062414944677,4.539865372270623,4.539865372270623,40.30737161749063,20.826184514931015,51.66842609477885,19.481187102559613,0.12228413110223244,3,4,5
10027,1552.0329948676738,0.8691256258447074,0.8691256258447074,390.41350830566756,388.84932570059954,99.59935233494959,82.49511108951171,0.25154974771586874,22,23,1
10028,181.19803931291318,2.3602562770103668,2.3602562770103668,51.42526172416664,47.95856930018914,93.25877534163648,30.077023948971902,0.2838069436025172,6,6,4
10029,457.6320306148931,0.9522675518470015,0.9522675518470015,94.97552806293196,74.1897493126685,78.11459522868823,18.67115066736257,0.20753688926738575,7,9,3
10030,3368.5812017196067,2.4523973174476863,2.4523973174476863,362.0776379589226,240.58149272410813,66.44472552359113,50.556245106011914,0.10748668839394097,12,22,5
10031,946.0768562173748,0.08828565076768446,3.999788842224008,196.16592556296632,155.80976089942837,79.42753587417289,38.71937448601787,0.20734671213423528,8,13,5
10032,988.4748655072771,0.33627547131125807,0.33627547131125807,218.81832668731766,193.38080480185997,88.3750496265302,50.15221297000065,0.22136964157912292,21,26,4
10033,19089.47826924579,0.5430430885619428,0.5430430885619428,3100.835314157081,1676.3586741928968,54.06151905389376,207.3836520216826,0.16243688121915303,83,203,2
10034,1347.198745491743,0.30387266191994344,0.30387266191994344,213.08938124678528,213.08938124678528,100,60.94779742619456,0.15817219393936208,13,13,3
10035,783.7874751305966,0.4017310749687754,0.4017310749687754,155.2601453472343,142.12850486910324,91.54216914536401,31.831162689669586,0.19808959733805961,12,12,5
10036,1543.4819795524293,1.9844007601919782,1.9844007601919782,223.06939405921406,170.32792718160985,76.35647548152485,28.251623534418133,0.1445234845721351,18,22,4
10037,207.60214315382606,1.5811513680080596,1.5811513680080596,56.20794484756289,48.2188566084384,85.78654981819551,20.53307489693243,0.27074838435514,5,6,3
10038,11948.14588737485,3.951770257820855,3.951770257820855,1348.0071169881219,1071.7222197659646,79.50419595413814,132.09431254726286,0.11282144775387364,37,62,3
10039,994.2943895494708,4.390623191393269,12.000779846822661,103.80702642291988,27.321604589800465,26.319610079658386,33.73329349238476,0.10440270760248013,2,9,4
10040,824.5544528219634,1.968212715382869,1.968212715382869,95.37874308268933,72.23411187347995,75.7339733559458,24.587468704476763,0.11567306774739274,6,11,4
10041,128.36087413808332,1.1701540805441324,1.1701540805441324,26.465279901473508,26.465279901473508,100,12.668190868301979,0.20617871356191972,3,3,5
10042,1968.4504382111504,0.2117694475360883,2.702158424060198,436.1156668405725,183.46331535624407,42.06758190673103,93.71860972524085,0.2215527799810378,7,24,1
10043,628.8206412366428,0.7984719581206453,0.7984719581206453,79.81503618293833,62.06679066211451,77.76328074306157,29.375803380824134,0.12692814285799137,8,10,4
10044,549.4975797437218,0.6560721947951142,6.1792324386110025,78.98329062575044,52.20815338922042,66.10025104752893,29.350281968593336,0.14373728572669453,3,9,4
10045,1952.1937819216878,0.08996981356882414,0.08996981356882414,307.2004622355653,304.6597209797503,99.1729370335821,29.859659129787605,0.15736166413416464,25,26,3
10046,2811.114980723376,1.5589249851985947,7.088683620152566,572.24899634184,256.4316884375425,44.811208071452846,90.73052343280139,0.2035665564254454,17,44,3
10047,8586.438220088045,0.5172023305083148,1.871213862214941,1343.740294388966,895.6498881195088,66.65349635338458,139.79928520749345,0.15649565744795954,44,88,2
10048,2022.2577552696685,1.0345917735466632,1.0345917735466632,268.9976968376297,268.9976968376297,100,30.91491413994925,0.1330185017892335,21,22,4
10049,935.544847101592,0.31162670752666405,0.31162670752666405,156.76551647896093,136.771300432275,87.24578179196106,33.8957008546079,0.16756600922407472,9,14,3
10050,6471.002725584089,0.6796363099239694,0.6796363099239694,1088.759464975066,707.417316872885,64.97461924605044,83.62872493715878,0.16825204858444748,37,73,4
10051,1487.3194047234754,0.7327805850704131,0.7327805850704131,264.44384395574184,225.84364720022862,85.40325379554932,51.04899725176949,0.17779896040884885,22,25,4
10052,2038.483974037199,0.07521043069080874,0.07521043069080874,496.57096494852215,283.73415423286656,57.13869200191363,51.602792545015674,0.243598169655986,26,51,4
10053,480.59575261739997,0.8574199606727115,0.8574199606727115,92.0962410622354,90.45434275590418,98.21719291971787,19.910383849064765,0.19162932789285966,5,7,6
10054,2761.8322914691175,0.24938761445893923,0.24938761445893923,469.11717340469903,295.57298358350954,63.00621685587366,109.56364999395679,0.1698572266150016,7,21,4
10055,2245.7343783157803,2.7498479342725455,2.7498479342725455,384.4909831223525,284.14305221807734,73.90109643420624,51.41845060210984,0.1712094657475506,24,36,4
10056,2229.4047514482922,4.467272239338933,4.467272239338933,308.5192401324479,301.89992069552096,97.85448731363228,67.2367828185801,0.1383863741799348,16,20,3
10057,303.0230327509552,4.119156279575092,4.119156279575092,64.787012318533,64.787012318533,100,17.24870082353618,0.2138022701785159,9,9,5
10058,515.6573227317383,0.23898697160839555,0.23898697160839555,110.7182381470915,91.0354280439585,82.22261261330408,39.02400412531457,0.21471282044547,12,13,4
10059,314.8479144945771,1.330765172853225,5.299982333621196,64.37031528334582,44.70159167551313,69.44441933948167,25.207208741462235,0.20444891746124152,3,6,3
10060,394.9590412800591,2.637599960275915,2.637599960275915,87.26491888849927,87.26491888849927,100,25.30335396974699,0.22094675591087712,10,10,3
10061,669.8921933513705,0.6539121571862294,4.284034239125037,127.84545021745072,102.470366959393,80.15175102837249,31.930871947995374,0.19084481277182683,10,14,4
10062,547.6711787571331,0.1562606330826806,2.75164870219971,97.0848249393466,65.33028794699024,67.29196657439007,37.67389336104379,0.17726845725142537,6,9,4
10063,3327.9875641899253,0.6128817262582089,1.954156129592941,861.7060887859244,536.3572402745326,62.24364052367524,52.38954775538682,0.2589270759476755,42,89,3
10064,1241.4799039552809,1.4594090460864841,7.738349922216502,141.16808794327966,69.5016331095807,49.23324677848294,32.66714491348103,0.11370952320172607,7,12,4
10065,460.34063921503736,3.4229389834327524,3.4229389834327524,104.32407413327971,104.32407413327971,99.99999999999999,63.96193591957545,0.22662364615726913,7,7,1
10066,951.6182117901144,0.08797532012308279,0.08797532012308279,193.73694462944474,135.73697141079376,70.06251268719762,35.70809483991324,0.20358684000488075,9,15,3
10067,625.7999727617156,0.3886998747597686,2.6406739578150233,165.0390460767234,107.91397424895858,65.38693528244916,40.92786571746516,0.2637249173220481,11,13,4
10068,968.5249881047724,2.376676315306843,2.376676315306843,261.4018035387018,204.05063002660518,78.06014620568388,41.59781985381007,0.26989680880636613,14,25,1
10069,1446.1281566537298,0.43105628693769166,0.43105628693769166,329.8447557766855,273.10264319764144,82.7973276563293,46.91920762165734,0.22808819139510442,23,29,4
10070,2793.7253955903243,0.11582924894559175,0.946596278366841,541.4251155239646,178.42094713311423,32.95394728049275,41.65258832036757,0.19380040585898725,12,39,6
10071,8931.278636471636,5.380530487927322,5.380530487927322,1329.3712981179212,875.6021686195504,65.86588486295726,120.05250245268661,0.14884445466624682,51,101,3
10072,440.31540005065364,2.0847377004279966,3.0238547109758613,147.58034838587926,77.10340595204866,52.245035870525186,26.57844450508717,0.3351696269739866,5,19,5
10073,2100.680920062824,0.5439596219325792,2.4393636263128,555.0574859820103,465.4168053402197,83.85019878018618,72.82654574692299,0.26422741344526063,22,27,1
10074,444.72367665842427,1.6819100790648758,1.6819100790648758,86.13788142549973,67.45223672859655,78.30728549660893,22.37608916575973,0.19368854402519034,5,7,4
10075,257.9890823792326,0.04548727525521271,2.0253645956094615,61.12340879095555,44.56049989461254,72.90251112632018,18.3098977471779,0.2369224628703738,4,8,1
10076,419.24046880521485,0.965811153752065,0.965811153752065,82.98536341871045,82.98536341871045,99.99999999999999,20.15504799494445,0.19794215872148221,7,7,4
10077,1619.678899761629,0.7926729782375855,0.7926729782375855,298.1273996466482,194.8290677892424,65.3509432612236,40.39088453641235,0.18406574271636442,16,25,4
10078,1336.3913265190079,2.074529645298778,2.074529645298778,440.6304101853326,386.2771026366234,87.66464903640042,30.61894461033768,0.3297166042921526,44,48,3
10079,5238.117206153471,0.9089890614663986,0.9089890614663986,894.4926656899218,624.7531972158077,69.8444180907773,57.80106409824539,0.17076606545556441,50,74,4
10080,3173.5635221867396,2.735141628557989,2.735141628557989,496.8393101390991,455.901331683135,91.76031815105314,80.53767354497137,0.15655565318470532,24,30,4
10081,6165.925186076284,3.292037206800284,4.429220505305116,1097.5414338563717,650.5028180536659,59.269089802653696,64.42152007071432,0.17800109484539453,34,79,4
10082,2486.2947513906433,0.11522355491652214,0.11522355491652214,416.6435361013109,380.8398595629392,91.406640584563,125.23353551974718,0.16757608319298117,13,19,4
10083,2391.6820437045158,0.519642718209972,0.519642718209972,627.0378310478468,401.8335247643701,64.08441482595454,43.75224884811595,0.26217441097505484,18,40,1
10084,256.6321886132822,1.649888308081417,1.649888308081417,47.3405614327416,24.48535011646448,51.72171468910794,17.34496004890028,0.1844685255132935,3,5,4
10085,4398.735926785295,7.118290767511319,7.118290767511319,704.5366980091695,624.5853431657763,88.65192472311035,93.58138439494498,0.16016799138111987,19,33,2
10086,9655.08789873112,0.3482257143797611,4.536609143296222,2174.175673326158,1179.3164589999792,54.24200415212099,82.5976074041001,0.22518445156898986,49,144,2
10087,2144.1240817470507,1.8832720278105748,1.8832720278105748,331.05984232460963,327.555415838612,98.94145225787867,76.49766691263622,0.1544033039612424,19,23,3
10088,648.0599444206023,2.287651466015009,2.287651466015009,99.64808789371574,96.18168025420766,96.52135057201967,43.370018425885,0.15376368922601144,5,6,5
10089,416.0474457391477,3.182158307508488,3.182158307508488,95.37373965721856,86.29991430911252,90.48603380687582,23.051395530108465,0.22923765218117872,11,12,4
10090,603.6685998740445,4.195363781625597,4.195363781625597,63.64926223063332,61.1035815191152,96.00045527268827,30.470287280234434,0.10543742418259579,5,6,6
10091,3003.431823081892,0.6233093001510822,0.6233093001510822,560.2474457423317,492.75257171843685,87.95266724786873,103.59546053987435,0.18653576266880217,32,35,5
10092,1243.7550904620027,3.35820828358413,6.707934668015025,133.03333611984803,55.86669382051827,41.99450712879115,23.436268368691017,0.10696103850351417,6,13,4
10093,128.45778167367766,1.3263523694221566,1.3263523694221566,37.09058609924903,27.31275723234204,73.63797692292341,22.89715128051614,0.28873755732035405,3,6,3
10094,282.49306634815946,3.1858880723421916,3.2809611304506756,47.00679987252401,38.13272232798166,81.12171522288769,13.91404694645612,0.1663998358621317,5,6,4
10095,10334.167087651396,1.8238727536609816,4.208711925197737,1632.6704836847116,1185.5793891773878,72.6159626835232,240.51737663601872,0.15798762201509575,82,123,4
10096,162.73936022609183,5.5353242322354195,5.5353242322354195,28.01154218624205,26.63578424848364,95.08860337424007,11.594539447298727,0.17212518315990644,5,6,3
10097,289.4716314436263,0.30516017451116145,0.30516017451116145,42.88593056935974,42.88593056935974,100,17.452491277873705,0.148152447117125,5,5,4
10098,1015.2430900049949,2.5247586604377292,4.22933164620433,163.6171990987215,110.6079046058259,67.60163675646871,23.180521380736625,0.16116061336395457,8,14,5
10099,117.98298948606865,1.1191409951517606,6.073078358696712,8.55663485230297,1.3951771048735118,16.305207934612373,7.161457747429458,0.07252430956000934,1,2,4
10100,964.780016874115,0.15475627011015855,0.15475627011015855,305.75156706757764,259.0023776192595,84.71007364028144,35.28180189369239,0.31691324625297695,18,25,1
10101,2227.000973396078,2.662222340947993,2.662222340947993,417.58675464814667,384.10473292834376,91.9820201797314,42.13387284268478,0.18751080921682103,30,36,4
10102,1044.955440802438,2.8063577645198476,2.8063577645198476,172.25266268912,172.25266268912,100,27.502844496952612,0.16484211284343803,16,16,3
10103,347.75935914241506,1.766645121664836,1.766645121664836,60.44248447501467,37.86661462400605,62.64900417794557,22.101794759239752,0.1738054861386553,3,9,4
10104,536.535791549636,2.303071419761093,2.3108349640150623,101.19448767297959,62.62286069848504,61.88366791366864,24.29284377404978,0.1886071521542061,9,12,4
10105,3452.7632373881306,2.452187038357688,2.452187038357688,607.9726553339359,451.94805335910763,74.33690469366094,57.473285121576325,0.1760829264950821,29,49,3
10106,882.9413355093227,2.5838198653912774,2.5838198653912774,203.44656105726648,148.48259742580711,72.9835867729472,37.58936218519924,0.23041911492331343,8,19,4
10107,21709.202495994745,0.1374093367346232,0.1374093367346232,2872.271759342317,2093.937541192816,72.90179052111276,234.82726054740579,0.1323066455284223,74,172,3
10108,7207.0849198498445,0.36016242991553965,0.36016242991553965,1113.1240361640516,630.227424645695,56.61789739241714,139.17267443845603,0.15444858060410407,21,65,3
10109,161.9344357729559,1.1175754679701828,1.1175754679701828,39.860644745033724,39.860644745033724,100,11.617161842286592,0.24615298503229607,5,6,5
10110,607.2908114010082,1.4766804857373677,1.4766804857373677,150.8508277912503,134.81806400577955,89.37177606498975,37.396294834785685,0.2483996545958605,9,14,3
10111,1051.6101565417007,0.3935256336688943,0.3935256336688943,202.52138439738843,153.69066010266886,75.88860828696308,63.560223397048034,0.19258218755075102,4,11,5
10112,146.00234093103956,4.830816015174409,4.830816015174409,3.667979418997413,3.667979418997413,100,2.2025219545128745,0.025122743893057773,2,2,5
10113,6074.675803539743,0.17596409531392807,0.17596409531392807,1166.4025399063817,822.5197610035027,70.51765860090806,56.07729013151002,0.1920106648698377,45,89,2
10114,445.10899593863905,1.2167274317455894,1.2167274317455894,95.08390050182786,95.08390050182786,99.99999999999999,26.25386194510486,0.21361936372756604,9,9,4
10115,677.6118248742716,0.09047702520463202,0.09047702520463202,81.9298149990536,81.9298149990536,99.99999999999999,34.989107719207034,0.12090965947097422,7,8,3
10116,84.7377491773001,1.4641507223180472,1.4641507223180472,25.119396782677875,25.119396782677875,99.99999999999999,11.66822883835832,0.296436913023493,4,4,4
10117,193.02735688056754,3.5878730599373343,3.5878730599373343,19.651162519133706,19.651162519133706,100,12.05582541053192,0.10180506450851179,2,2,5
10118,3254.518875991778,1.9657446660078748,6.005002637247113,686.8666384713152,436.76932117732116,63.58866433655759,59.59020060961876,0.21105013202973064,40,50,4
10119,1214.167241199503,1.129667357936008,1.129667357936008,329.7239875036348,279.41327923900434,84.74156865397127,51.23923022881418,0.27156389689602656,15,28,1
10120,1297.1040149734408,1.712392072943266,1.712392072943266,342.2402322630277,243.82273257853095,71.24315308176327,40.33547670110026,0.26384948956467097,18,32,1
10121,2728.833609518293,0.8687251662005088,0.8687251662005088,688.3945849855801,556.685923258467,80.86727225928543,101.39953022012047,0.2522669695156308,22,33,1
10122,1336.6369188654057,2.50540387345852,2.50540387345852,210.13362948293695,180.02885601311326,85.6735099736769,60.78180099180395,0.15721070285961225,10,13,4
10123,1065.9109223863297,1.7485387105404837,1.7485387105404837,239.56669342254108,237.0430682092163,98.94658761730551,32.07051738337369,0.22475301490128863,15,16,3
10124,162.4171854739874,2.952530421741572,2.952530421741572,26.730361770953234,26.730361770953234,99.99999999999999,14.240417177564273,0.1645784077155699,3,3,5
10125,293.19256780280364,0.5149202619034171,0.5149202619034171,65.3546763415354,65.3546763415354,100,24.24844173010875,0.2229070021498357,7,7,5
10126,16515.84669954612,5.478597954859374,5.478597954859374,1633.2381777555718,1379.3390271707542,84.45424837339213,143.0544981465281,0.0988891582410035,54,71,4
10127,421.6898742124267,2.908508515874957,3.1900919939168286,65.09088075431579,51.63705211827117,79.33070119787466,27.61740708586187,0.15435722964864507,4,5,5
10128,3711.704935814486,0.44610960948323203,0.44610960948323203,557.8460746805223,488.66001406249006,87.59764319258588,44.7361439801099,0.1502937556533195,28,31,5
10129,1254.9510503160134,6.511781105926452,8.96295503363705,153.506330594756,95.38248500852839,62.13586412949329,45.978333188883326,0.12232057222957109,4,8,2
10130,197.26471772165047,1.5229566855593997,1.5229566855593997,48.61511085125475,48.22415368074773,99.1958114181757,45.196448223753706,0.24644605184720814,4,5,3
10131,106.17050757988184,3.769711913934877,5.9016642713173235,6.827334270619147,0,0,4.446865163988612,0.06430537468686692,0,2,NA
10132,1301.891364702715,0.556690400026587,0.556690400026587,201.10052514778548,151.4412415661921,75.30623873552813,46.706099396726415,0.15446797682209568,11,16,4
10133,2323.7644773801544,3.274937178608487,3.274937178608487,360.9303339278669,351.55727955199103,97.40308489068444,53.08249972384448,0.1553213922672512,21,21,5
10134,980.85725350305745,0.9116265207591823,0.9116265207591823,155.14035756488587,90.70267185128048,58.46491092000031,31.219168993512422,0.15816812998100777,6,12,3
10135,2450.5685041905735,0.20476861710231783,0.20476861710231783,356.73336825270366,313.7978239275139,87.96424776984277,42.577689011339416,0.14557167760977702,16,20,3
10136,427.6824668801099,0.95836123067571,1.5372728200146086,94.2943376803922,60.56557385245397,64.23034016924659,27.533216669488986,0.22047744526039983,6,12,3
10137,231.2630519129746,0.7168860403858239,0.7168860403858239,42.256657658945485,42.256657658945485,100,19.79195193891289,0.18272117966706966,5,5,5
10138,850.4718817779752,2.3650409005094684,2.3650409005094684,130.99599327141456,125.18155077737612,95.56135852033938,30.202745167796113,0.1540274241607584,9,10,3
10139,1175.8972831475194,0.24359201857961935,0.24359201857961935,258.7443423002652,258.7443423002652,100,60.74701460164165,0.22003991845927673,18,19,4
10140,1387.0550184480944,1.4979242638797954,1.4979242638797954,151.05947485326695,133.18908923125394,88.169967068023,52.600264817157694,0.10890662074982414,7,9,4
10141,956.6897348263536,1.3951451289967856,1.3951451289967856,173.84306394129865,137.64199988065164,79.17600895893611,41.72297863380303,0.18171310678153402,8,13,4
10142,945.5141319732255,1.928972347707024,6.651443929097613,117.13094676050413,46.318097003813946,39.543859487894224,23.58372519451988,0.12388069389937048,4,10,5
10143,447.0204525853933,3.660434108201063,3.660434108201063,81.86776416652378,81.18532917073172,99.16641793905114,22.04027869665412,0.18314098089479425,7,8,3
10144,787.7834111440925,0.8769054148751896,0.8769054148751896,177.84860723257887,115.66289429227513,65.03446728768513,51.161848200972216,0.22575825374932756,7,12,5
10145,294.201246081769,0.8679947760918058,0.8679947760918058,40.512791821617924,35.51113735559579,87.6541352962172,17.876728270364836,0.13770435156606364,2,3,6
10146,2462.608516882075,2.3670332627512716,2.3670332627512716,400.1061015806893,328.081811795791,81.99870246908165,64.57973747827803,0.16247247536009754,15,21,4
10147,623.7098435245201,7.503117095076664,13.873833515211922,38.94772736558901,20.93141639594159,53.742330584440865,14.092462638188584,0.06244526644873746,3,5,4
10148,1728.5023051812525,1.0743366888482742,3.117762155215889,299.42109068774977,205.02935739151476,68.47525567440033,35.98254194357486,0.17322573987331313,14,24,2
10149,127.57999088754264,2.6568209640363305,2.6568209640363305,22.352742236496418,22.352742236496418,100,9.300660744374461,0.17520570491496265,6,6,5
10150,835.1773763888913,0.17026891710617606,4.054260137989202,204.3356245686363,108.60154395956947,53.148609885737386,19.58751417215384,0.24466135020579105,15,29,4
10151,827.564520631622,0.60489604006278,0.60489604006278,156.4802422925191,156.4802422925191,100,37.46165767291992,0.189085247604729,13,13,4
10152,1758.681014298721,1.9212923163195526,1.9212923163195526,473.69846486276504,459.4410964134673,96.99020167746833,65.4116352367126,0.2693487113418653,37,40,1
10153,1221.0849613779023,1.1583842758310325,1.1583842758310325,249.62467143079638,173.50143787690553,69.5049238853001,44.379626077950874,0.2044285855008105,14,23,4
10154,370.27830085342134,1.0844781205766398,1.0844781205766398,47.700532839778774,47.700532839778774,100,25.20472580059314,0.12882346259512933,5,5,5
10155,267.07145357806337,3.255440906261777,3.255440906261777,47.21682293433545,47.21682293433545,100.00000000000001,22.15167601673829,0.1767947202958337,7,7,3
10156,3603.4795725868075,1.2150036446860846,1.2150036446860846,641.5850317631841,602.9975100462281,93.9855950799053,93.25732262525032,0.17804597440873335,28,36,3
10157,1064.2189691551087,3.9525406720880683,5.369091073178549,166.26693990456525,132.56863393507788,79.7324074233701,33.112209546216626,0.15623376835367425,6,9,5
10158,413.43498238864436,3.7392350806052685,3.7392350806052685,61.59089542235716,58.715434649085324,95.33135416597945,31.346267690641433,0.14897359450937658,4,5,4
10159,1948.0634759752668,2.60718870155732,2.60718870155732,216.75968401106599,216.75968401106599,100,54.96138410530647,0.11126931267090705,13,13,3
10160,1030.777048868524,3.92843596127587,3.92843596127587,131.1377225231442,121.26901446466702,92.47454670662329,50.76365603841983,0.12722219869669496,8,9,3
10161,278.1305895333187,1.1763968055965484,4.1283178682897175,63.04848043538208,25.640679231193943,40.66819541745004,25.640679231193943,0.2266866098445787,1,10,5
10162,3256.63142506928,1.2137692795648558,1.2137692795648558,805.5236602917462,624.3676294531584,77.51077469618009,67.19416599287229,0.24734873406025978,20,35,1
10163,2342.8803488261383,3.3022704625334383,5.14483877570063,307.9318926542748,256.0072618336359,83.1376248906649,68.47566119020591,0.13143304258305766,13,17,3
10164,788.9591990671764,0.1174586074601419,0.1174586074601419,147.25713133273723,143.75848394447038,97.62412362878275,25.64617211940158,0.1866473342434517,13,14,4
10165,737.5029495048951,1.0595300180312368,1.0595300180312368,195.47839311048614,185.8998984142005,95.09997266507517,36.938544405839096,0.26505438824579053,13,15,1
10166,1209.3498513813133,9.06261616133809,9.06261616133809,167.55057368923622,115.59279788090701,68.98979534101883,62.62796671336697,0.13854599105284612,6,9,3
10167,259.272783655102,0.7070431955655675,0.7070431955655675,50.73465759676321,41.81385052958566,82.41673938537296,26.425403986982218,0.19568061437660603,3,4,6
10168,787.3845824421047,1.0195140074231566,1.0195140074231566,114.06246574898336,114.06246574898336,100,38.42922418628948,0.14486245767629088,9,10,3
10169,839.1118478081669,3.7759017000183266,5.275435922351073,123.6356100246921,92.39802531616432,74.73415248059268,41.92342085256043,0.14734103724984823,7,9,3
10170,9981.700754973077,2.455258337762757,2.455258337762757,1333.3369402914177,1111.8353479758982,83.38742551698091,165.0987479913607,0.1335781319257766,37,53,2
10171,1221.742981519403,0.03683032302554304,0.03683032302554304,296.74796356216996,271.9442892445585,91.64150142098111,29.4917137949438,0.24288902662090486,18,20,4
10172,283.97500945730314,0.12091810662387997,0.12091810662387997,68.95999218447628,68.95999218447628,100,23.111145241032744,0.24283824240824511,9,9,4
10173,3670.9812604294866,1.0901733344241427,6.3214169141181085,621.7225179117959,489.4649795469375,78.72724011845719,63.85329744981013,0.16936139789475727,23,33,4
10174,111.06370371251388,3.4231962502445272,3.4231962502445272,11.995265820162967,11.995265820162967,100,11.995265820162967,0.10800347385508109,1,1,6
10175,1407.0885011353128,3.178754259542663,3.702154469744507,355.22443653542126,287.89651304448734,81.04637052912312,58.30938906437815,0.25245351393946264,27,29,4
10176,490.35267458422254,1.9965124858983836,1.9965124858983836,99.71334503987484,90.07084281304274,90.32977760100606,18.80465242140801,0.2033502623890515,13,16,4
10177,1463.5461610486868,1.69433542842081,1.69433542842081,246.4010045174381,217.53405038375203,88.28456312902607,42.77597558208559,0.16835888820949957,17,19,4
10178,118.212480608689,0.15192227450098522,0.15192227450098522,19.84330614241181,19.84330614241181,100,16.86087219640146,0.1678613462828667,2,2,1
10179,459.2763271629865,0.2970255656030895,0.2970255656030895,121.60030763273673,106.07158178963539,87.22969855470927,34.55758726429086,0.26476502367077936,10,13,4
10180,1004.204674352767,2.1156630962657057,5.067699341823865,227.19410283009753,132.7960980355889,58.45050394415287,46.32572233627306,0.22624282542453744,14,15,3
10181,1626.640007349781,5.213826469542424,6.210906375316201,338.3644437144333,305.1216262764888,90.17544010445727,105.13976986198266,0.20801433764420738,21,22,4
10182,1583.6294830473025,3.043601954452315,12.574194954985641,163.53125076322397,67.87329546225097,41.50478587149336,39.157240050526504,0.10326358060002053,4,13,3
10183,408.10284852158344,1.4483945813003412,1.4483945813003412,72.83778430179402,69.20063198982609,95.00650335971527,22.370029932187105,0.17847899019979965,7,9,5
10184,323.1365486699944,4.1197597622245885,4.1197597622245885,48.4925633084682,48.4925633084682,100,14.278776709750527,0.1500683333657549,6,6,5
10185,1804.3430476736626,3.0772807777389244,3.0772807777389244,373.54874777992063,303.3034395169447,81.19514288818831,49.496569207067715,0.20702756510827394,26,27,3
10186,1289.914701827634,0.36434072058135575,0.36434072058135575,162.95878470091208,162.95878470091208,100,25.179749173972926,0.12633299277077903,11,12,3
10187,313.2498155174802,3.631727477927786,3.631727477927786,38.65662899717469,38.65662899717469,100,20.456479911345667,0.12340511337034625,3,3,5
10188,1721.8730470498645,2.195801246386847,3.1088564580328537,388.3767238563761,343.9755935655307,88.56750995529144,75.63884939568815,0.22555479599485764,28,39,3
10189,313.61846492631526,0.6692160133299987,0.6692160133299987,55.54393211891654,55.54393211891654,100,34.02723531948187,0.17710670234919554,3,3,4
10190,1217.4159677686519,0.5297507355262974,0.5297507355262974,197.36785015490648,197.15445453573918,99.89187924021068,54.58352492664231,0.16212030676470698,12,14,3
10191,603.8566640686853,2.5544885307303837,2.5544885307303837,119.87478361806232,107.85678148222289,89.97453695171583,23.833903031336376,0.1985152946899121,8,11,1
10192,3513.135651904245,2.100142774464614,2.100142774464614,696.3116375954426,444.14327569896716,63.78512891623028,59.31252879279149,0.19820232025996967,26,57,2
10193,1238.7903203286978,0.6591955873763007,0.6591955873763007,296.1299871217471,279.0842128665294,94.24382028281057,67.51005684956013,0.23904770828623575,31,35,4
10194,2455.0530740331997,0.46051371795390067,0.46051371795390067,508.9946308907202,410.55483685411144,80.6599543369754,47.947718466183964,0.20732530643605837,36,40,5
10195,898.2117088500197,1.6153067615354868,1.6153067615354868,291.1277853341329,264.61621981913316,90.89349527920466,55.885857134733726,0.3241193389772927,22,27,1
10196,641.4689143298775,0.9404701598466368,0.9404701598466368,157.92466096569626,136.8911803784334,86.68131977700958,36.12436632037328,0.24619222761663392,7,9,1
10197,3225.0783026015424,1.3461779403938556,1.3461779403938556,480.5168187586448,400.77031516722434,83.40401407854243,84.61986118000058,0.14899384562881185,22,28,3
10198,5352.341573505924,3.068098431931693,3.9595621059081427,838.430216132144,612.6530549219278,73.07144269540117,144.49138611746665,0.1566473672536841,26,48,4
10199,239.01700993006264,0.5334755247208636,0.5334755247208636,52.6830738060335,48.95268150624405,92.91918251861334,29.622150037504543,0.22041558390111557,3,6,4
10200,218.71378703655822,1.0743737646446343,1.0743737646446343,55.26617686838898,54.836930349231,99.22331063322837,15.0254275901186,0.25268721106800274,6,6,3
10201,7737.821917685027,1.4365618508283249,1.4365618508283249,1230.8979252732715,1200.4841758976152,97.52914122680772,69.77663588944235,0.15907550449823832,55,56,2
10202,950.2741114928644,0.13462052613865164,3.1535414054960182,91.85793702434198,40.41637445440726,43.99878308141961,33.455833385034026,0.09666467381715232,3,9,4
10203,585.2744164818362,0.15758837669918518,0.15758837669918518,44.311706909910235,44.311706909910235,100,18.49649787501818,0.07571099242005812,3,4,3
10204,405.17169223755684,4.20141315777492,4.20141315777492,40.50210130065865,39.493889984873945,97.5107184975405,13.306759386706972,0.0999628110171917,5,6,6
10205,457.4976814115245,1.7022942738606923,1.7022942738606923,110.27405101503774,110.27405101503774,100,27.047595709323325,0.2410373986482457,10,10,4
10206,615.2870483835757,1.5674114314625638,1.5674114314625638,136.8389932299016,110.0696456225621,80.4373395510411,34.67538593806546,0.22239862449468448,6,9,5
10207,776.1129797589167,3.761180186758241,3.761180186758241,72.98637814721296,72.98637814721296,100,23.34651217478897,0.09404091936445214,5,5,4
10208,2684.6297590338672,0.9610320467167335,0.9610320467167335,380.5063485369476,331.5069042354975,87.1225685222195,50.425401264275514,0.14173513023780326,23,26,3
10209,208.37219951429387,1.8627096804922971,8.130045875641208,37.916090009618756,0,0,14.298788629816727,0.1819632853998731,0,3,NA
10210,57.76083013204026,0.11627193867170708,0.11627193867170708,20.127301095189075,20.127301095189075,100,8.644226161835103,0.34845934605126716,3,3,1
10211,1278.4213786008202,1.7535736903632075,1.7535736903632075,218.95322120307364,194.95628890013433,89.04015562270136,42.180178874111526,0.17126842907047515,11,14,3
10212,845.5112637479735,1.080772466165931,1.080772466165931,239.67597608031923,210.96319964727422,88.02016918732694,40.179829217385226,0.28346869681887626,17,26,4
10213,2139.118560350513,1.1165878337789243,3.015217421159108,414.83243173364895,267.9332761840509,64.58831462726197,43.65589604150187,0.1939268067804877,18,39,3
10214,650.4089176659135,4.761892111332314,4.761892111332314,107.86745193946098,96.03076273377457,89.02663501096737,43.97118157324033,0.16584559191863318,6,7,4
10215,1287.2846140970707,3.9196710187699972,3.9196710187699972,240.16587524586865,210.29695870466614,87.56321375356747,32.564592820016735,0.1865678130662085,17,22,4
10216,3003.889777627417,2.776147331982446,2.9867597787818405,811.5235672954512,536.7270759917506,66.13819950793177,80.91876524857473,0.2701575714726865,38,81,4
10217,2292.664476688377,0.3738186315461996,0.3738186315461996,364.20498840802026,247.5547404504989,67.97126572389568,34.10873644994198,0.15885664566761795,19,30,5
10218,724.6166727522955,3.6463921135756463,3.6463921135756463,104.35316240453399,86.63250198130216,83.01856885320238,61.66336991183211,0.1440115392434619,4,6,1
10219,1868.4248242674967,5.977176373299881,5.977176373299881,169.9939000434598,167.85421846968416,98.7413186160041,46.45712926399616,0.0909824670682722,12,13,4
10220,491.9139411890574,0.42336350274073514,0.42336350274073514,106.74776241793775,72.14619916457849,67.58567817291798,21.707833600784202,0.21700495448432788,10,10,6
10221,1466.4896093150226,1.47249475874717,1.47249475874717,245.05313875370683,197.7332451117974,80.68994591027509,40.75686689396566,0.16710185820421042,13,17,4
10222,530.1256905827105,4.061373820436559,4.061373820436559,92.87261482954294,92.87261482954294,100,33.14365324852351,0.1751898021155285,8,9,4
10223,2232.778854355839,0.013926549312759202,0.013926549312759202,283.6523327217336,283.6523327217336,100,37.04092748166131,0.1270400479511742,18,18,3
10224,9227.99688665936,0.13160714320884845,0.13160714320884845,1855.598195248351,1073.462199190936,57.84992688286513,176.81650409537855,0.20108353069894658,60,121,3
10225,439.55810009701224,0.6335169801572778,0.6335169801572778,95.95825852857288,87.24990404048813,90.92485147019241,15.313652374557018,0.21830620003907222,12,14,3
10226,822.0330026668984,3.5807027969502685,3.5807027969502685,205.64713660129428,192.01599627490734,93.37158758849398,36.22928553244107,0.2501689542075794,20,22,1
10227,1277.0681817596599,0.8881428602421624,0.8881428602421624,221.3116908279903,195.98273021521138,88.55507338179197,37.53984540054377,0.1732966915854462,14,14,3
10228,771.8655688924975,0.19391026905678713,4.134295016885975,153.38914864597422,88.13519706409483,57.45856068835283,34.32168870917447,0.1987252117827498,10,12,4
10229,632.211985711076,1.6742100872831116,1.6742100872831116,184.33848468074262,157.513172636712,85.44779616123589,28.694578675167808,0.2915770166448351,13,18,1
10230,3370.5341942033892,1.4579421831186532,1.4579421831186532,768.7808937441839,625.624350002777,81.37875890174723,67.24064892912358,0.2280887388908042,39,67,4
10231,1238.5606578044105,0.39832610386925993,0.39832610386925993,274.1761450846084,239.2118698424578,87.2475137356093,84.72136301362481,0.22136674805304965,16,20,4
10232,1568.5099153259534,0.6587323796095326,3.04593254385465,321.5948572690959,191.0854163707415,59.418057239282895,29.22081721005551,0.205032084353936,20,37,4
10233,284.164793209931,3.9150167500482507,3.9150167500482507,37.90383940184936,37.04015342440044,97.72137601077219,15.238382065534129,0.133386824503088,3,4,5
10234,1698.1394778664453,2.5890191684209367,2.5890191684209367,349.2696289505735,233.04397325820804,66.723228686794,68.90947181362927,0.20567782181791003,16,32,3
10235,3184.601577021512,0.32965189562300107,0.32965189562300107,990.1941181185174,773.0356790381315,78.06910431936195,76.09119936049356,0.3109318682950048,65,86,4
10236,1702.6844634668037,3.1325382776140156,3.1325382776140156,189.1882852457764,187.47063254700748,99.09209352125714,69.01885331611757,0.11111177044546099,11,11,4
10237,613.4199456569233,0.7257475516061851,0.7257475516061851,122.2554325758289,113.77400293377805,93.06253353053226,19.483396334300522,0.1993013651437486,14,15,4
10238,2456.5782743729383,1.0079026070058799,1.0079026070058799,409.993462952952,392.48823285071734,95.73036360722575,50.78987627467823,0.16689615276256817,23,27,3
10239,1779.3758659566422,0.041456995206832895,2.9550016457234762,414.3568900850659,373.8368616934861,90.2209835624403,106.12124332543146,0.23286642131807045,14,17,1
10240,1494.0662621566464,2.0659952677941336,2.155702754274665,203.8016351374995,141.59067058640784,69.47474709458558,34.71929374567008,0.1364073604361543,13,21,4
10241,110.04892769318656,0.020644303894576475,0.020644303894576475,26.022284097261082,26.022284097261082,100,13.804726339251166,0.23646104185413336,4,4,4
10242,283.58461148481297,6.073851397614112,6.073851397614112,21.6817034858936,20.310647927288947,93.67643986323915,13.183866659063122,0.07645585341309938,3,4,4
10243,253.57362337651915,1.4529106179249869,1.4529106179249869,72.38742125224589,61.84387550348548,85.43456091353264,15.747015667055665,0.28546904953423063,5,6,4
10244,399.3304147134917,2.50250136371515,2.50250136371515,53.08173197332646,42.255206020804984,79.60404540311193,9.413458298021641,0.1329268445816007,7,10,1
10245,2493.9566204899147,0.8469343974989725,0.8469343974989725,493.91335148558534,466.87783521689147,94.52626332384479,47.060251839781706,0.19804408281510552,34,40,3
10246,853.2203087226335,2.8118834258853314,2.8118834258853314,179.7674132396619,172.2742937628529,95.8317698732087,29.154674667033483,0.21069284380817643,11,12,4
10247,469.57375978867935,4.02875156929372,4.02875156929372,69.21080551837008,68.95791617564834,99.63461002826412,35.85210317227589,0.1473907007698147,3,4,5
10248,949.9477442065463,0.561507294563686,0.561507294563686,83.49594370018038,75.45710845781645,90.37218470009752,34.74723379129092,0.08789530183044039,4,6,3
10249,1323.3413207976396,0.019486730950201103,0.019486730950201103,356.42963960524224,224.38460249161466,62.95340722509163,70.5144360544959,0.26934067122638133,15,26,1
10250,541.9433745231911,2.872049502609179,7.254957458704966,102.51821766171733,38.864420872846615,37.90977034061283,18.836779489481863,0.18916776637764823,3,11,3
10251,3525.0066416147847,1.1440659048416273,1.1440659048416273,727.7801275066975,435.300001587965,59.81202084745837,74.44258617390074,0.20646205851496088,26,53,4
10252,155.1066620910968,0.06935503680603108,4.509326824764106,10.848542404441542,2.8658710420726603,26.417106881559807,7.982671362368881,0.06994246577281127,2,3,5
10253,2536.241597359093,1.6970619316412563,1.6970619316412563,383.7242105931513,241.81231242618549,63.01721542469213,65.66954962687683,0.15129639502510764,10,25,4
10254,658.3626557554938,0.1433489206420577,0.1433489206420577,107.60879264288303,94.63806020231478,87.94640091947346,36.06698826856653,0.1634491138009616,8,9,3
10255,1173.397283838334,1.1536883396806268,1.1536883396806268,253.43598959416602,187.2753533704657,73.8945378950933,25.280704090505132,0.21598481016177587,19,24,4
10256,2625.704585725661,0.2138501927839051,0.2138501927839051,476.89640722172476,377.8562239194725,79.23234861859522,65.9183112669919,0.18162607088943547,23,36,4
10257,606.3275410866876,3.218612025858029,3.218612025858029,130.016562977286,109.93317155922732,84.55320540847765,29.842653851009608,0.21443288349439715,8,9,4
10258,1578.5639607277299,0.05128298516088154,0.05128298516088154,257.3030917310844,195.6931151954785,76.05548533400584,37.39901256652898,0.16299820478130372,12,16,2
10259,159.0489379598632,2.109072269542748,2.109072269542748,20.5809680280113,16.176425120192576,78.59895170225224,16.176425120192576,0.12940022292512893,1,2,5
10260,896.2070796859172,0.8440773984958146,0.8440773984958146,158.22126383823155,111.12627127583058,70.23472609184073,33.174592549102464,0.17654542953809452,10,16,4
10261,1716.4906445131494,0.4621490963581701,0.4621490963581701,280.81640554029246,242.48137638725385,86.34872165702649,55.36272082118159,0.16359914715407076,17,20,3
10262,11781.585444824173,4.806897821378497,4.806897821378497,2381.7523083799892,1123.7070782963071,47.17984629814952,131.07103001503097,0.20215889614638652,66,147,2
10263,616.1845729486589,1.6958499368562026,1.6958499368562026,103.08199277110397,98.00627379578212,95.07603720215945,19.248742236372063,0.1672907717858312,10,11,4
10264,440.26580294878636,0.8629460600035743,0.8629460600035743,81.7864150839255,81.7864150839255,100,25.60500117681624,0.18576599530588403,6,6,4
10265,976.7625085632944,0.8044892659594803,4.141088005497834,177.42207929249966,69.43214015140157,39.13387805411474,48.8454035000591,0.1816430071148689,2,13,4
10266,926.5948074120939,3.34725496325614,3.34725496325614,142.1723651305552,139.62729119498186,98.20986734430687,25.311570221971472,0.15343531389694637,11,13,4
10267,883.8327190149283,0.8517650219113483,0.8517650219113483,141.3103059904997,125.7904385752475,89.0171723099265,31.41374751703524,0.1598835423834461,10,11,5
10268,289.8615347187431,1.19311784074338,1.19311784074338,87.34259334362903,78.44648602347989,89.81469752661283,17.017573776440933,0.3013252290559313,9,10,4
10269,984.909997834292,1.931490797717459,1.931490797717459,182.7809776863903,157.75535310782294,86.30840862362302,43.73480679864343,0.18558140143597426,16,17,4
10270,2612.979839183291,2.2308275217813254,2.2308275217813254,609.7556130931338,479.8408966167574,78.69396956965228,83.92655269105369,0.23335641704901866,21,30,1
10271,163.87485695323318,6.163135132497076,6.163135132497076,8.882717040446215,3.2007821979131066,36.03381919449635,3.2007821979131066,0.054204270292551204,1,3,6
10272,1609.0194434487807,2.5575933492871843,2.5575933492871843,346.5016904806255,299.0375579778836,86.30190449088275,62.4473825496935,0.21534959809928209,18,24,1
10273,1341.4389170088352,0.2935275464064166,0.2935275464064166,392.3137549297214,313.3335690977838,79.86810688142046,52.8846802964255,0.2924574126748236,41,45,3
10274,4693.992078723639,0.3986001999594589,0.3986001999594589,969.7205728875514,382.6615607039227,39.46101293535165,64.99058596660382,0.2065876031796014,11,72,2
10275,181.34406991376318,4.066553598628513,4.066553598628513,31.944282323381653,19.927487354250555,62.382016138345385,15.78268638846832,0.17615289178506097,4,6,4
10276,5729.881270775325,0.12941438972309757,0.12941438972309757,960.8982637840468,805.3488211103736,83.81207995307278,141.87652447937378,0.16769950691387103,29,50,3
10277,1065.142884314808,3.1893758702529507,3.1893758702529507,127.787488379215,110.60427536026032,86.55328996844923,34.88607446313416,0.11997215609379859,5,7,3
10278,816.0975608594115,0.24658886800864693,0.24658886800864693,147.03444562768266,135.08187704577298,91.87090580653754,21.760819463381594,0.18016773077087064,11,14,3
10279,821.1722072060729,0.5606205725125515,0.5606205725125515,184.14543888300793,151.57421905086147,82.31223101168433,52.18496174971395,0.22424704254122022,11,15,4
10280,716.3800729091299,0.305380127549334,0.305380127549334,116.52592828816005,81.52084758113264,69.95940627011147,33.63417808874592,0.16265936573998047,5,10,3
10281,2721.3112857295932,0.595654425449759,3.181673625748814,378.1491633620389,208.0034711224761,55.00566741260622,44.84815169750221,0.13895843718615813,15,28,2
10282,2171.474550349075,4.42285327477774,4.42285327477774,239.0400722965622,201.13769929036644,84.14392505739681,90.58100778300992,0.1100819128910055,7,9,4
10283,150.05173361059968,1.6070332642635696,1.6070332642635696,37.62217041994854,36.20281938294811,96.22735471888713,25.286187692459475,0.250727995703016,3,4,1
10284,345.30608794796944,0.18251281282475806,5.1147700703205246,43.31868069449036,25.817891501886177,59.5999026008424,22.369917848095827,0.12545009255967013,2,5,4
10285,881.9471448383646,0.7491656093213473,0.7491656093213473,135.67251192367445,82.84066402587578,61.05928374973968,21.828315033768735,0.1538329283310275,6,10,6
10286,298.1189420014251,2.190912122985796,2.190912122985796,55.13866791196239,55.13866791196239,100,15.029453823251721,0.1849552649750743,6,6,5
10287,315.44293601650355,2.9250129029984815,2.9250129029984815,57.8563085561706,57.8563085561706,100,18.987247752798744,0.18341291546038502,7,7,4
10288,1562.1236022967466,0.8780031061905754,0.9609463943199166,263.97382355599416,140.54294487963426,53.241243009014596,28.433196628134645,0.16898395438611952,13,24,4
10289,1981.7857482155227,3.2742598961983913,3.388430389843756,435.8026207183782,299.7640194485945,68.7843544755336,35.44459938253122,0.21990400380605818,22,39,3
10290,1831.6253628353425,0.4150904558784117,0.4150904558784117,404.3194371550205,300.4496264756277,74.30996357477419,55.51701385101994,0.22074352395357588,13,31,3
10291,230.69815885078197,0.014017147220894612,2.963808187124013,50.211345579614225,20.01217804404907,39.85588876983612,15.285815567701025,0.21764952884644156,1,7,4
10292,655.3346891367132,2.1217035067458156,2.1217035067458156,156.4664097431166,146.77875516275387,93.80847646707831,34.81089333957413,0.23875801531158566,13,16,1
10293,260.9541461238926,1.0524834018587488,1.0524834018587488,67.16524481862764,67.16524481862764,100,23.676316617566414,0.2573833212319982,7,7,5
10294,362.74043070652795,4.105370013501663,4.105370013501663,52.79733951445654,52.79733951445654,99.99999999999999,18.241123078683305,0.145551295210243,6,6,3
10295,15334.905592141204,0.2744344482492921,0.2744344482492921,2000.301752622353,1643.2038779971795,82.1477997428625,159.53818763778838,0.13044108687877823,43,82,3
10296,710.5110110867977,3.8168489801270438,3.8168489801270438,124.47545209481015,82.45580962189011,66.24262714794992,34.05044539834835,0.17519144693396446,8,13,4
10297,99.06278130611622,3.0888904920167657,3.0888904920167657,17.944413081859317,17.944413081859317,100,9.273959791087458,0.18114182587311844,3,3,3
10298,206.20651860985728,0.5553827223925992,2.3164440324994646,46.41376236910996,41.52380882544758,89.46443189678408,18.547315887699277,0.22508387553414252,4,5,4
10299,262.7963664228247,0.6538925862867455,0.6538925862867455,58.70566476227011,56.42423090396639,96.11377561681239,32.79968280437228,0.2233884188026252,6,7,1
10300,300.5376427313874,3.0678510091771685,5.313676522164743,48.99196036580965,22.83961295048247,46.61910399164534,16.539630449713016,0.1630143895471935,5,8,4
10301,214.54182983383774,1.8208676465186626,1.8208676465186626,40.89136127762717,40.89136127762717,100,14.968606943579333,0.19059854812134983,6,6,5
10302,537.5873701907256,0.1979892157851053,0.1979892157851053,132.56403595395764,105.24202048609071,79.38957178600351,32.72619345822264,0.24659068144946653,7,16,4
10303,117.03885092498436,1.9723303033094068,1.9723303033094068,17.85020342761431,17.85020342761431,100,9.113736989204877,0.15251519718913967,3,3,4
10304,1009.2258644860316,2.0931085807154615,3.1251980851100827,134.4490356162616,115.74398293788778,86.08762599699045,35.42053541196404,0.13321996626070662,7,11,4
10305,504.11999022086474,1.9899270198696783,1.9899270198696783,120.69980762693513,102.67819030438503,85.06905878570063,33.6072124553627,0.23942674356962954,8,11,3
10306,2520.7762814573725,1.0034856439952136,1.0034856439952136,385.6463169900127,312.4092676292747,81.00927037697222,65.57750491247201,0.15298712536562484,22,31,3
10307,1956.2674114926313,3.735515047978932,3.735515047978932,340.80944080747514,265.06385819587626,77.77479918627374,85.69406460933125,0.17421413800858526,15,22,3
10308,12714.399574263109,1.4771629227729102,1.4771629227729102,2420.302000572198,1404.5291980601467,58.03115469590545,96.73413414145394,0.1903591267865649,56,150,2
10309,1355.109677885374,1.0372864023343733,1.8183646152754451,179.7478926752719,65.90276818706114,36.66400045430265,42.77178449135151,0.13264453468870913,4,11,5
10310,536.1672916909802,3.137801329764856,3.137801329764856,74.03734237611776,62.928135312303965,84.99512988003025,33.75290246237086,0.1380862718100849,6,8,4
10311,295.73434822095106,2.2550142266043784,2.2550142266043784,49.98418867768827,48.431110766575884,96.89286161844687,20.211259505607,0.1690171905237864,3,5,4
10312,201.10788671792955,2.793893368678316,2.882245648964157,38.55009232247473,30.800938110548824,79.89848079453718,15.952192919801789,0.191688615258259,3,4,1
10313,994.7547640807943,2.7821390552797127,2.7821390552797127,78.307742745858,42.418867470215744,54.1694422324023,28.0656209518179,0.07872065113276282,5,7,4
10314,1385.0272058077035,2.394051935263158,5.303206167330423,156.49076384156868,78.65758348290278,50.26340312488714,40.81354279194085,0.11298750175113584,4,10,5
10315,1235.9528789092644,0.18607172008898573,0.18607172008898573,189.50730628740843,189.50730628740843,100,38.957638315767426,0.1533289088291535,14,14,3
10316,219.75253889798813,4.134153189395883,4.134153189395883,15.165505747247531,15.016289338694241,99.01608023471046,7.841414807323297,0.06901174304196571,3,5,5
10317,410.2235114967197,0.44545822150475195,0.44545822150475195,90.92852687422693,90.17098758628013,99.16688489961503,37.72646454451949,0.22165605901638827,7,9,1
10318,663.6156464309106,1.9341717889122794,3.192864041653535,158.053940764255,80.09783188435752,50.67752913787025,20.25846863368165,0.23817090753406472,5,11,4
10319,231.37036036127841,1.4899714020537427,1.4899714020537427,54.89497756154989,33.333177378664104,60.7217251182769,17.309851888412133,0.2372601982200006,3,6,4
10320,335.07213471277475,0.9493406740747311,0.9493406740747311,56.397490300241174,30.796368585537635,54.60592026628876,20.673836742602404,0.1683144745789898,2,6,4
10321,317.47349657959376,3.0892679914884216,3.0892679914884216,63.28238332649554,63.28238332649554,100,40.2189055655744,0.19933123239668613,6,6,4
10322,198.66053468901683,0.7333512663917258,0.7333512663917258,37.671337450634645,26.506106628189507,70.36146954677065,15.762102892244377,0.1896266790462703,3,7,4
10323,2796.3832973219696,2.1587867258926994,2.1587867258926994,537.8986570736814,402.0709902479744,74.74846515426394,87.7473464286079,0.19235512441689032,30,49,3
10324,3032.4390226547507,1.7464952912212965,1.7464952912212965,599.2509975242867,511.92420595937415,85.42734314574531,65.47439036496846,0.197613535852626,35,44,4
10325,725.3514462874031,0.4053372870175704,0.4053372870175704,100.32921363961303,100.32921363961303,100,27.617911216669903,0.13831807209199387,7,8,4
10326,178.7559316298971,2.599191932762462,2.599191932762462,49.103482063376866,42.72108011142324,87.0021397999515,26.55333237260373,0.274695679274255,7,8,3
10327,267.8738986351709,1.7657324187330334,3.0861716331549087,66.05043567927957,41.56513753774454,62.929391926454436,14.500101922012815,0.24657286886034585,7,9,3
10328,551.9617107331295,0.23528097772525802,0.23528097772525802,60.50403192019657,60.50403192019657,100,29.60130108560568,0.1096163569748952,4,4,6
10329,972.5043996640549,0.025027116537651342,0.025027116537651342,206.18959864022463,173.0029674181346,83.90479857327983,41.52991834721264,0.2120191936524415,13,16,4
10330,391.55249978702886,0.6059566700842615,0.6059566700842615,86.57830383768541,80.85433001680457,93.38867410522157,13.036127281555968,0.22111544144087095,14,16,1
10331,638.6818854147989,1.272202979417948,2.3774527397890735,133.6027223338221,110.62379615800734,82.80055542700752,24.917483050125266,0.20918508162643812,8,11,4
10332,204.6367368312049,3.9389068060965804,3.9389068060965804,26.815832348493547,23.139756760335878,86.29139852761578,13.363812028245878,0.131041145220238,4,5,4
10333,299.74391755122497,0.16981444768390602,2.0307322897765343,90.32451549060431,79.43026717170908,87.93876915948863,57.66878769007399,0.30133894368404734,7,9,1
10334,3357.269794326402,0.27534836202965246,0.27534836202965246,520.1609815021033,456.21698680774404,87.70688364403959,40.94881442240045,0.15493571067214978,36,41,4
10335,421.4255969905218,0.34305459260702037,0.34305459260702037,101.39772900319741,101.39772900319741,100,32.802116017670116,0.2406064788833364,8,8,4
10336,673.2088037797441,4.84624827583662,4.84624827583662,85.46252701165226,81.26718863817496,95.09101998247104,50.66600122088547,0.1269480234539733,7,9,4
