ano,subamostra,tipo_outcome,outcome_var,variavel_endogena,variavel_instrumento,coeficiente,erro_padrao,t_estatistica,p_valor,F_stat_1estagio,n_observacoes,significancia,coeficiente_sig
1863,Atendidos_Dummy1,contemporaneo,log(pib_1920),vizinhos_dens_real_1863,vizinhos_dens_sint_1863,2.213944374898199,3.462456414901617,0.6394143664509078,0.5429038124111378,20.400014826380385,17,,+2.2139
1863,Atendidos_Dummy1,contemporaneo,log(pop_total_1940),vizinhos_dens_real_1863,vizinhos_dens_sint_1863,-0.9396271099167691,1.5432843687669984,-0.6088489775008095,0.5618544931596872,20.400014826380385,17,,-0.9396
1863,Atendidos_Dummy1,persistencia,log(pib_2010),vizinhos_dens_real_1863,vizinhos_dens_sint_1863,12.82772661358087,2.8832885869910028,4.448991568675362,0.0029752560727821157,20.400014826380385,17,***,+12.8277***
1863,Atendidos_Dummy1,persistencia,log(pib_2003),vizinhos_dens_real_1863,vizinhos_dens_sint_1863,12.787091521319875,2.7257243739174264,4.691263593516682,0.00223120293167379,20.400014826380385,17,***,+12.7871***
1863,Atendidos_Dummy1,persistencia,log(pop_total_2010),vizinhos_dens_real_1863,vizinhos_dens_sint_1863,1.8063650105817786,2.1435522360634,0.8426969868945855,0.4272496145035337,20.400014826380385,17,,+1.8064
1863,Atendidos_Dummy1,persistencia,log(pop_total_2000),vizinhos_dens_real_1863,vizinhos_dens_sint_1863,1.230201482394742,2.157596883406242,0.5701720705364564,0.5863872134854949,20.400014826380385,17,,+1.2302
1873,Atendidos_Dummy1,contemporaneo,log(pib_1920),vizinhos_dens_real_1873,vizinhos_dens_sint_1873,3.8168844110802955,3.5754352759588315,1.067529997464914,0.3168848667569302,19.40479435470239,19,,+3.8169
1873,Atendidos_Dummy1,contemporaneo,log(pop_total_1940),vizinhos_dens_real_1873,vizinhos_dens_sint_1873,-0.7461039414238488,1.409311574022814,-0.5294102135939536,0.6108924841781459,19.40479435470239,19,,-0.7461
1873,Atendidos_Dummy1,persistencia,log(pib_2010),vizinhos_dens_real_1873,vizinhos_dens_sint_1873,15.629708096315284,4.7175428183030315,3.3131036003903227,0.01064886592018016,19.40479435470239,19,**,+15.6297**
1873,Atendidos_Dummy1,persistencia,log(pib_2003),vizinhos_dens_real_1873,vizinhos_dens_sint_1873,15.73229665506235,4.768048642544938,3.2995252008723766,0.010866541785026435,19.40479435470239,19,**,+15.7323**
1873,Atendidos_Dummy1,persistencia,log(pop_total_2010),vizinhos_dens_real_1873,vizinhos_dens_sint_1873,4.339507145729312,3.7886223311403064,1.1454050487062404,0.28514818968603767,19.40479435470239,19,,+4.3395
1873,Atendidos_Dummy1,persistencia,log(pop_total_2000),vizinhos_dens_real_1873,vizinhos_dens_sint_1873,3.6557216940688724,3.6418911936459675,1.0037976149444099,0.3448680567898538,19.40479435470239,19,,+3.6557
1875,Atendidos_Dummy1,contemporaneo,log(pib_1920),vizinhos_dens_real_1875,vizinhos_dens_sint_1875,4.536640411960939,4.024493019700269,1.1272576172336892,0.28595505897074264,15.287184142693395,21,,+4.5366
1875,Atendidos_Dummy1,contemporaneo,log(pop_total_1940),vizinhos_dens_real_1875,vizinhos_dens_sint_1875,2.3913065944335306,2.993242789786574,0.7989016469339051,0.44290835924323935,15.287184142693395,21,,+2.3913
1875,Atendidos_Dummy1,persistencia,log(pib_2010),vizinhos_dens_real_1875,vizinhos_dens_sint_1875,18.29815117127275,8.27075612612394,2.212391574873833,0.051352245590881515,15.287184142693395,21,*,+18.2982*
1875,Atendidos_Dummy1,persistencia,log(pib_2003),vizinhos_dens_real_1875,vizinhos_dens_sint_1875,16.99744568179243,7.8835538939184016,2.1560638654230226,0.05648356591566887,15.287184142693395,21,*,+16.9974*
1875,Atendidos_Dummy1,persistencia,log(pop_total_2010),vizinhos_dens_real_1875,vizinhos_dens_sint_1875,3.6624900313471844,4.29253681149992,0.8532227426763567,0.41350574599193324,15.287184142693395,21,,+3.6625
1875,Atendidos_Dummy1,persistencia,log(pop_total_2000),vizinhos_dens_real_1875,vizinhos_dens_sint_1875,2.8422105838416005,4.067071477983988,0.6988346772922859,0.5005849466150641,15.287184142693395,21,,+2.8422
1876,Atendidos_Dummy1,contemporaneo,log(pib_1920),vizinhos_dens_real_1876,vizinhos_dens_sint_1876,3.6865955750104416,3.7060637227977584,0.9947469473696421,0.3412379631516135,17.553918791566037,22,,+3.6866
1876,Atendidos_Dummy1,contemporaneo,log(pop_total_1940),vizinhos_dens_real_1876,vizinhos_dens_sint_1876,2.108358570557966,2.539171590844087,0.8303332386674556,0.4240054852690901,17.553918791566037,22,,+2.1084
1876,Atendidos_Dummy1,persistencia,log(pib_2010),vizinhos_dens_real_1876,vizinhos_dens_sint_1876,17.71118982156569,7.030958549348397,2.5190291902954107,0.0285247310873355,17.553918791566037,22,**,+17.7112**
1876,Atendidos_Dummy1,persistencia,log(pib_2003),vizinhos_dens_real_1876,vizinhos_dens_sint_1876,16.478660638648208,6.770005468955993,2.4340690290741214,0.03316962808748921,17.553918791566037,22,**,+16.4787**
1876,Atendidos_Dummy1,persistencia,log(pop_total_2010),vizinhos_dens_real_1876,vizinhos_dens_sint_1876,3.047524191658077,3.8693646322515285,0.7876032582343541,0.44756783410895806,17.553918791566037,22,,+3.0475
1876,Atendidos_Dummy1,persistencia,log(pop_total_2000),vizinhos_dens_real_1876,vizinhos_dens_sint_1876,2.1510628581562274,3.7298946431884903,0.5767087448661545,0.5757476282801544,17.553918791566037,22,,+2.1511
1880,Atendidos_Dummy1,contemporaneo,log(pib_1920),vizinhos_dens_real_1880,vizinhos_dens_sint_1880,6.801719463711306,5.4140755261534945,1.2563030254850698,0.2234831166947006,5.457825555138208,31,,+6.8017
1880,Atendidos_Dummy1,contemporaneo,log(pop_total_1940),vizinhos_dens_real_1880,vizinhos_dens_sint_1880,3.7977324536932517,3.2468455466650585,1.1696683439697424,0.255885502481333,5.457825555138208,31,,+3.7977
1880,Atendidos_Dummy1,persistencia,log(pib_2010),vizinhos_dens_real_1880,vizinhos_dens_sint_1880,26.38909534274869,12.711685709959573,2.0759713498952306,0.051005583673312226,5.457825555138208,31,*,+26.3891*
1880,Atendidos_Dummy1,persistencia,log(pib_2003),vizinhos_dens_real_1880,vizinhos_dens_sint_1880,23.677473772084646,11.612007005983417,2.0390509375239056,0.05488099642444139,5.457825555138208,31,*,+23.6775*
1880,Atendidos_Dummy1,persistencia,log(pop_total_2010),vizinhos_dens_real_1880,vizinhos_dens_sint_1880,8.428897098584812,6.304554385175264,1.3369536661313919,0.19624723818814596,5.457825555138208,31,,+8.4289
1880,Atendidos_Dummy1,persistencia,log(pop_total_2000),vizinhos_dens_real_1880,vizinhos_dens_sint_1880,7.092826270406519,5.889650832290649,1.2042863783230289,0.24253806311692816,5.457825555138208,31,,+7.0928
1881,Atendidos_Dummy1,contemporaneo,log(pib_1920),vizinhos_dens_real_1881,vizinhos_dens_sint_1881,5.345870913129203,1.8630851481720891,2.869364783662274,0.0071221969565247395,16.539629562069397,45,***,+5.3459***
1881,Atendidos_Dummy1,contemporaneo,log(pop_total_1940),vizinhos_dens_real_1881,vizinhos_dens_sint_1881,1.7693928908819554,1.4726547881825516,1.2014987525118614,0.23811002494385997,16.539629562069397,45,,+1.7694
1881,Atendidos_Dummy1,persistencia,log(pib_2010),vizinhos_dens_real_1881,vizinhos_dens_sint_1881,12.384698837439728,4.888056681302486,2.5336651444352043,0.016219328676413163,16.539629562069397,45,**,+12.3847**
1881,Atendidos_Dummy1,persistencia,log(pib_2003),vizinhos_dens_real_1881,vizinhos_dens_sint_1881,11.151575871393156,4.456344713706197,2.5024042321265476,0.017467243181810994,16.539629562069397,45,**,+11.1516**
1881,Atendidos_Dummy1,persistencia,log(pop_total_2010),vizinhos_dens_real_1881,vizinhos_dens_sint_1881,6.610122800643012,2.8398572258235366,2.3276250441520445,0.02621150659684835,16.539629562069397,45,**,+6.6101**
1881,Atendidos_Dummy1,persistencia,log(pop_total_2000),vizinhos_dens_real_1881,vizinhos_dens_sint_1881,5.892382078609172,2.714552751988604,2.1706640529614245,0.03725169030138344,16.539629562069397,45,**,+5.8924**
1882,Atendidos_Dummy1,contemporaneo,log(pib_1920),vizinhos_dens_real_1882,vizinhos_dens_sint_1882,4.6199132386585005,1.610691176805935,2.8682799689882033,0.005949786492896273,28.656497242924864,66,***,+4.6199***
1882,Atendidos_Dummy1,contemporaneo,log(pop_total_1940),vizinhos_dens_real_1882,vizinhos_dens_sint_1882,2.1837700274677267,1.0589337711458626,2.062234756291405,0.044197978657553524,28.656497242924864,66,**,+2.1838**
1882,Atendidos_Dummy1,persistencia,log(pib_2010),vizinhos_dens_real_1882,vizinhos_dens_sint_1882,12.046685408122457,4.517882584647043,2.666444995507469,0.010192222571142485,28.656497242924864,66,**,+12.0467**
1882,Atendidos_Dummy1,persistencia,log(pib_2003),vizinhos_dens_real_1882,vizinhos_dens_sint_1882,11.571968159735903,4.325014448242955,2.675590636335801,0.009951559257321127,28.656497242924864,66,***,+11.5720***
1882,Atendidos_Dummy1,persistencia,log(pop_total_2010),vizinhos_dens_real_1882,vizinhos_dens_sint_1882,8.81224494505352,3.094981946316746,2.847268610254975,0.006299303347962735,28.656497242924864,66,***,+8.8122***
1882,Atendidos_Dummy1,persistencia,log(pop_total_2000),vizinhos_dens_real_1882,vizinhos_dens_sint_1882,8.294358859045037,2.9712899345547594,2.7915010119293275,0.0073212485312264906,28.656497242924864,66,***,+8.2944***
1883,Atendidos_Dummy1,contemporaneo,log(pib_1920),vizinhos_dens_real_1883,vizinhos_dens_sint_1883,4.771533492023576,2.8539350081873893,1.671913858702096,0.09888211629465203,7.499505228751175,87,*,+4.7715*
1883,Atendidos_Dummy1,contemporaneo,log(pop_total_1940),vizinhos_dens_real_1883,vizinhos_dens_sint_1883,1.1962651874232875,1.5260972798712633,0.7838721706680458,0.4356863126897216,7.499505228751175,87,,+1.1963
1883,Atendidos_Dummy1,persistencia,log(pib_2010),vizinhos_dens_real_1883,vizinhos_dens_sint_1883,17.50899752704049,8.381108779922716,2.0891027651358014,0.040233476897035464,7.499505228751175,87,**,+17.5090**
1883,Atendidos_Dummy1,persistencia,log(pib_2003),vizinhos_dens_real_1883,vizinhos_dens_sint_1883,17.360324200869336,8.156770820374685,2.1283329620473364,0.036732526885939185,7.499505228751175,87,**,+17.3603**
1883,Atendidos_Dummy1,persistencia,log(pop_total_2010),vizinhos_dens_real_1883,vizinhos_dens_sint_1883,13.289757350626829,6.243647613744497,2.1285245697356987,0.03671609904961974,7.499505228751175,87,**,+13.2898**
1883,Atendidos_Dummy1,persistencia,log(pop_total_2000),vizinhos_dens_real_1883,vizinhos_dens_sint_1883,12.811398643666603,5.931641271470278,2.1598404315659225,0.03411560855206161,7.499505228751175,87,**,+12.8114**
1884,Atendidos_Dummy1,contemporaneo,log(pib_1920),vizinhos_dens_real_1884,vizinhos_dens_sint_1884,4.51048188830587,2.3241532012433916,1.9406990407916402,0.055459819487678315,8.759138161350325,104,*,+4.5105*
1884,Atendidos_Dummy1,contemporaneo,log(pop_total_1940),vizinhos_dens_real_1884,vizinhos_dens_sint_1884,1.7067370795762087,1.5433619298692687,1.1058566668939274,0.2717689062171896,8.759138161350325,104,,+1.7067
1884,Atendidos_Dummy1,persistencia,log(pib_2010),vizinhos_dens_real_1884,vizinhos_dens_sint_1884,7.953249301425018,5.531625519721469,1.4377779683512422,0.1540039249849563,8.759138161350325,104,,+7.9532
1884,Atendidos_Dummy1,persistencia,log(pib_2003),vizinhos_dens_real_1884,vizinhos_dens_sint_1884,8.434221498728862,5.364609748042027,1.572196654529657,0.11945341485460896,8.759138161350325,104,,+8.4342
1884,Atendidos_Dummy1,persistencia,log(pop_total_2010),vizinhos_dens_real_1884,vizinhos_dens_sint_1884,6.789871120030293,4.568384688524767,1.4862739420972215,0.14074065783222012,8.759138161350325,104,,+6.7899
1884,Atendidos_Dummy1,persistencia,log(pop_total_2000),vizinhos_dens_real_1884,vizinhos_dens_sint_1884,7.02645223561321,4.512892574546507,1.5569730764795096,0.12302589284254932,8.759138161350325,104,,+7.0265
1885,Atendidos_Dummy1,contemporaneo,log(pib_1920),vizinhos_dens_real_1885,vizinhos_dens_sint_1885,3.8326292394071597,2.0911573436880904,1.8327789876622604,0.0698716678616184,8.819425455937628,113,*,+3.8326*
1885,Atendidos_Dummy1,contemporaneo,log(pop_total_1940),vizinhos_dens_real_1885,vizinhos_dens_sint_1885,1.2420411044057298,1.403097177167356,0.8852138858359231,0.37820812742948096,8.819425455937628,113,,+1.2420
1885,Atendidos_Dummy1,persistencia,log(pib_2010),vizinhos_dens_real_1885,vizinhos_dens_sint_1885,6.300185679247302,4.664032826186782,1.3508021735769398,0.1798695444131644,8.819425455937628,113,,+6.3002
1885,Atendidos_Dummy1,persistencia,log(pib_2003),vizinhos_dens_real_1885,vizinhos_dens_sint_1885,6.644099538373745,4.540165521833278,1.463404694481473,0.14655676572340506,8.819425455937628,113,,+6.6441
1885,Atendidos_Dummy1,persistencia,log(pop_total_2010),vizinhos_dens_real_1885,vizinhos_dens_sint_1885,4.857379151275283,3.847838102548921,1.2623657809453086,0.2098129958549196,8.819425455937628,113,,+4.8574
1885,Atendidos_Dummy1,persistencia,log(pop_total_2000),vizinhos_dens_real_1885,vizinhos_dens_sint_1885,5.072123909519037,3.8170127072912448,1.3288202839435885,0.18699298866972297,8.819425455937628,113,,+5.0721
1886,Atendidos_Dummy1,contemporaneo,log(pib_1920),vizinhos_dens_real_1886,vizinhos_dens_sint_1886,2.9639595067050597,1.5706253812158342,1.887120596771863,0.06204430738399207,14.782255974117223,115,*,+2.9640*
1886,Atendidos_Dummy1,contemporaneo,log(pop_total_1940),vizinhos_dens_real_1886,vizinhos_dens_sint_1886,0.8601664547587264,1.0462933183507535,0.8221083320254646,0.41297114749153163,14.782255974117223,115,,+0.8602
1886,Atendidos_Dummy1,persistencia,log(pib_2010),vizinhos_dens_real_1886,vizinhos_dens_sint_1886,4.613108787455827,3.35010378131396,1.3770047403267305,0.1715855637798331,14.782255974117223,115,,+4.6131
1886,Atendidos_Dummy1,persistencia,log(pib_2003),vizinhos_dens_real_1886,vizinhos_dens_sint_1886,4.919483079333516,3.2581945300112363,1.5098800989382763,0.1342273798382209,14.782255974117223,115,,+4.9195
1886,Atendidos_Dummy1,persistencia,log(pop_total_2010),vizinhos_dens_real_1886,vizinhos_dens_sint_1886,3.6945442783870694,2.740015331156181,1.3483662796981921,0.1805866815616761,14.782255974117223,115,,+3.6945
1886,Atendidos_Dummy1,persistencia,log(pop_total_2000),vizinhos_dens_real_1886,vizinhos_dens_sint_1886,3.8062444864554035,2.710922436116271,1.4040403501578287,0.16340494171369113,14.782255974117223,115,,+3.8062
1887,Atendidos_Dummy1,contemporaneo,log(pib_1920),vizinhos_dens_real_1887,vizinhos_dens_sint_1887,4.688271443209938,1.9584446170040497,2.3938749160963604,0.01824715238620146,13.246475037187421,133,**,+4.6883**
1887,Atendidos_Dummy1,contemporaneo,log(pop_total_1940),vizinhos_dens_real_1887,vizinhos_dens_sint_1887,2.2354927796780957,1.2963970780435319,1.724388937262808,0.08725622562592555,13.246475037187421,133,*,+2.2355*
1887,Atendidos_Dummy1,persistencia,log(pib_2010),vizinhos_dens_real_1887,vizinhos_dens_sint_1887,4.597129550611195,3.645711787072081,1.2609690011461958,0.20980745060350361,13.246475037187421,133,,+4.5971
1887,Atendidos_Dummy1,persistencia,log(pib_2003),vizinhos_dens_real_1887,vizinhos_dens_sint_1887,4.973448761800084,3.5465014458574373,1.4023535130965252,0.16343505070781877,13.246475037187421,133,,+4.9734
1887,Atendidos_Dummy1,persistencia,log(pop_total_2010),vizinhos_dens_real_1887,vizinhos_dens_sint_1887,3.0219228860081353,2.6968194325834554,1.1205506937159833,0.2647545822313518,13.246475037187421,133,,+3.0219
1887,Atendidos_Dummy1,persistencia,log(pop_total_2000),vizinhos_dens_real_1887,vizinhos_dens_sint_1887,3.0984222385245475,2.6466873296055056,1.1706793635447577,0.2440864540326028,13.246475037187421,133,,+3.0984
1888,Atendidos_Dummy1,contemporaneo,log(pib_1920),vizinhos_dens_real_1888,vizinhos_dens_sint_1888,5.037984237994745,2.1488964974475695,2.3444517890828127,0.020684417263142556,12.10891928611628,136,**,+5.0380**
1888,Atendidos_Dummy1,contemporaneo,log(pop_total_1940),vizinhos_dens_real_1888,vizinhos_dens_sint_1888,2.1878771096758722,1.3715511686502677,1.595184459526176,0.1132796616885291,12.10891928611628,136,,+2.1879
1888,Atendidos_Dummy1,persistencia,log(pib_2010),vizinhos_dens_real_1888,vizinhos_dens_sint_1888,5.909941309185919,4.081937570618545,1.4478274610874005,0.15025143566844926,12.10891928611628,136,,+5.9099
1888,Atendidos_Dummy1,persistencia,log(pib_2003),vizinhos_dens_real_1888,vizinhos_dens_sint_1888,6.2284486856495125,3.964875638162497,1.5709064429915025,0.11881572483565904,12.10891928611628,136,,+6.2284
1888,Atendidos_Dummy1,persistencia,log(pop_total_2010),vizinhos_dens_real_1888,vizinhos_dens_sint_1888,4.318275041440533,3.0924433070053188,1.3963958633156943,0.16515168060269794,12.10891928611628,136,,+4.3183
1888,Atendidos_Dummy1,persistencia,log(pop_total_2000),vizinhos_dens_real_1888,vizinhos_dens_sint_1888,4.452260223767998,3.0800829635069182,1.4455000974060606,0.15090248703884984,12.10891928611628,136,,+4.4523
1891,Atendidos_Dummy1,contemporaneo,log(pib_1920),vizinhos_dens_real_1891,vizinhos_dens_sint_1891,5.044895616207921,2.143881294902167,2.3531599572252144,0.020187990688856502,12.310908246519578,139,**,+5.0449**
1891,Atendidos_Dummy1,contemporaneo,log(pop_total_1940),vizinhos_dens_real_1891,vizinhos_dens_sint_1891,2.188253848857944,1.373211209526984,1.593530429752106,0.11358713099099592,12.310908246519578,139,,+2.1883
1891,Atendidos_Dummy1,persistencia,log(pib_2010),vizinhos_dens_real_1891,vizinhos_dens_sint_1891,5.9252848047234075,4.066007808018874,1.4572733463614398,0.1475687494585928,12.310908246519578,139,,+5.9253
1891,Atendidos_Dummy1,persistencia,log(pib_2003),vizinhos_dens_real_1891,vizinhos_dens_sint_1891,6.2491659717276935,3.9512880833861392,1.5815515952894883,0.11629936949526841,12.310908246519578,139,,+6.2492
1891,Atendidos_Dummy1,persistencia,log(pop_total_2010),vizinhos_dens_real_1891,vizinhos_dens_sint_1891,4.332443533248194,3.0844584252158302,1.4046042889830936,0.16263898293980755,12.310908246519578,139,,+4.3324
1891,Atendidos_Dummy1,persistencia,log(pop_total_2000),vizinhos_dens_real_1891,vizinhos_dens_sint_1891,4.468720086096808,3.0736827852159196,1.4538650857501842,0.14851007299378957,12.310908246519578,139,,+4.4687
1892,Atendidos_Dummy1,contemporaneo,log(pib_1920),vizinhos_dens_real_1892,vizinhos_dens_sint_1892,5.0458035424062615,2.1886668546374963,2.3054232907648187,0.02280426021701812,11.876077042627475,139,**,+5.0458**
1892,Atendidos_Dummy1,contemporaneo,log(pop_total_1940),vizinhos_dens_real_1892,vizinhos_dens_sint_1892,2.239457557718692,1.4089353429619211,1.589467940388814,0.11450124979629546,11.876077042627475,139,,+2.2395
1892,Atendidos_Dummy1,persistencia,log(pib_2010),vizinhos_dens_real_1892,vizinhos_dens_sint_1892,5.86751117254021,4.093748686977446,1.4332856316278646,0.15429280108022658,11.876077042627475,139,,+5.8675
1892,Atendidos_Dummy1,persistencia,log(pib_2003),vizinhos_dens_real_1892,vizinhos_dens_sint_1892,6.2955170166613454,4.018475408413579,1.5666431611053957,0.11974657814524692,11.876077042627475,139,,+6.2955
1892,Atendidos_Dummy1,persistencia,log(pop_total_2010),vizinhos_dens_real_1892,vizinhos_dens_sint_1892,4.178798454417622,3.0677072458846233,1.3621894527333223,0.17560740988080212,11.876077042627475,139,,+4.1788
1892,Atendidos_Dummy1,persistencia,log(pop_total_2000),vizinhos_dens_real_1892,vizinhos_dens_sint_1892,4.362241940538011,3.0721039998361976,1.4199525604506236,0.15813078688947446,11.876077042627475,139,,+4.3622
1894,Atendidos_Dummy1,contemporaneo,log(pib_1920),vizinhos_dens_real_1894,vizinhos_dens_sint_1894,3.925707306967817,1.789998757453663,2.1931340961109242,0.030076428326750643,12.594820464404812,145,**,+3.9257**
1894,Atendidos_Dummy1,contemporaneo,log(pop_total_1940),vizinhos_dens_real_1894,vizinhos_dens_sint_1894,0.440671431165373,1.1151873131083656,0.39515463096247744,0.6933764102107711,12.594820464404812,145,,+0.4407
1894,Atendidos_Dummy1,persistencia,log(pib_2010),vizinhos_dens_real_1894,vizinhos_dens_sint_1894,7.58327593079116,4.75049947944597,1.5963112854978283,0.11284740425133925,12.594820464404812,145,,+7.5833
1894,Atendidos_Dummy1,persistencia,log(pib_2003),vizinhos_dens_real_1894,vizinhos_dens_sint_1894,7.138819345843843,4.458843023519616,1.6010474708770461,0.11179371672725864,12.594820464404812,145,,+7.1388
1894,Atendidos_Dummy1,persistencia,log(pop_total_2010),vizinhos_dens_real_1894,vizinhos_dens_sint_1894,5.573435090696064,3.2403382609994322,1.7200164432762104,0.08780909151815931,12.594820464404812,145,*,+5.5734*
1894,Atendidos_Dummy1,persistencia,log(pop_total_2000),vizinhos_dens_real_1894,vizinhos_dens_sint_1894,5.925058406436145,3.267619057644995,1.81326473554919,0.07209791791022387,12.594820464404812,145,*,+5.9251*
1895,Atendidos_Dummy1,contemporaneo,log(pib_1920),vizinhos_dens_real_1895,vizinhos_dens_sint_1895,4.255276858623791,1.9349821126548066,2.1991298166501014,0.029596999200822108,11.775371370992575,149,**,+4.2553**
1895,Atendidos_Dummy1,contemporaneo,log(pop_total_1940),vizinhos_dens_real_1895,vizinhos_dens_sint_1895,0.8673880985502249,1.214324622177665,0.7142967232227623,0.4762954843232077,11.775371370992575,149,,+0.8674
1895,Atendidos_Dummy1,persistencia,log(pib_2010),vizinhos_dens_real_1895,vizinhos_dens_sint_1895,8.806536668153282,5.351161884206403,1.6457242106887453,0.10218176663923983,11.775371370992575,149,,+8.8065
1895,Atendidos_Dummy1,persistencia,log(pib_2003),vizinhos_dens_real_1895,vizinhos_dens_sint_1895,8.364105727869484,5.04735912602514,1.6571251458495533,0.09985128435246468,11.775371370992575,149,*,+8.3641*
1895,Atendidos_Dummy1,persistencia,log(pop_total_2010),vizinhos_dens_real_1895,vizinhos_dens_sint_1895,6.360344949190919,3.594366286915593,1.7695316619077448,0.07909694301553975,11.775371370992575,149,*,+6.3603*
1895,Atendidos_Dummy1,persistencia,log(pop_total_2000),vizinhos_dens_real_1895,vizinhos_dens_sint_1895,6.6869723800113,3.623728892313842,1.845329101245623,0.06721371661533758,11.775371370992575,149,*,+6.6870*
1896,Atendidos_Dummy1,contemporaneo,log(pib_1920),vizinhos_dens_real_1896,vizinhos_dens_sint_1896,4.326250525845789,1.9344683441902755,2.236402853961748,0.02696616569329683,11.966866530951716,151,**,+4.3263**
1896,Atendidos_Dummy1,contemporaneo,log(pop_total_1940),vizinhos_dens_real_1896,vizinhos_dens_sint_1896,0.8593665630375265,1.2097220920102159,0.7103834580796176,0.4786917608038953,11.966866530951716,151,,+0.8594
1896,Atendidos_Dummy1,persistencia,log(pib_2010),vizinhos_dens_real_1896,vizinhos_dens_sint_1896,9.098405631515448,5.374311148781331,1.6929435940043378,0.09277264648569428,11.966866530951716,151,*,+9.0984*
1896,Atendidos_Dummy1,persistencia,log(pib_2003),vizinhos_dens_real_1896,vizinhos_dens_sint_1896,8.65868316788043,5.062445120497502,1.710375710113281,0.08949354454190564,11.966866530951716,151,*,+8.6587*
1896,Atendidos_Dummy1,persistencia,log(pop_total_2010),vizinhos_dens_real_1896,vizinhos_dens_sint_1896,6.6202987285248716,3.6083951850495346,1.834693371711167,0.06875259235469088,11.966866530951716,151,*,+6.6203*
1896,Atendidos_Dummy1,persistencia,log(pop_total_2000),vizinhos_dens_real_1896,vizinhos_dens_sint_1896,6.9089897345462115,3.6354743664358287,1.900436927387744,0.05950790285080548,11.966866530951716,151,*,+6.9090*
1900,Atendidos_Dummy1,contemporaneo,log(pib_1920),vizinhos_dens_real_1900,vizinhos_dens_sint_1900,4.326794500203847,1.933430672435678,2.2378844826916295,0.0268547406998449,11.955303759060437,152,**,+4.3268**
1900,Atendidos_Dummy1,contemporaneo,log(pop_total_1940),vizinhos_dens_real_1900,vizinhos_dens_sint_1900,0.8600089855389021,1.2054441133850597,0.7134374592645972,0.47679757882946805,11.955303759060437,152,,+0.8600
1900,Atendidos_Dummy1,persistencia,log(pib_2010),vizinhos_dens_real_1900,vizinhos_dens_sint_1900,9.102273301328054,5.37743638916974,1.6926789352004623,0.09280621889860077,11.955303759060437,152,*,+9.1023*
1900,Atendidos_Dummy1,persistencia,log(pib_2003),vizinhos_dens_real_1900,vizinhos_dens_sint_1900,8.66248012261585,5.065352069550182,1.7101437380215712,0.08951966496500616,11.955303759060437,152,*,+8.6625*
1900,Atendidos_Dummy1,persistencia,log(pop_total_2010),vizinhos_dens_real_1900,vizinhos_dens_sint_1900,6.623081641329245,3.605180321357119,1.83710135165613,0.06837787872163477,11.955303759060437,152,*,+6.6231*
1900,Atendidos_Dummy1,persistencia,log(pop_total_2000),vizinhos_dens_real_1900,vizinhos_dens_sint_1900,6.911645293608829,3.6317323334443055,1.9031262931907431,0.05913739908113393,11.955303759060437,152,*,+6.9116*
1901,Atendidos_Dummy1,contemporaneo,log(pib_1920),vizinhos_dens_real_1901,vizinhos_dens_sint_1901,2.914295446150417,1.4720931212075685,1.9796950370638235,0.049698869466829373,18.39008005706396,156,**,+2.9143**
1901,Atendidos_Dummy1,contemporaneo,log(pop_total_1940),vizinhos_dens_real_1901,vizinhos_dens_sint_1901,0.585070864369283,0.9596172757164174,0.6096918836027511,0.5430541964079312,18.39008005706396,156,,+0.5851
1901,Atendidos_Dummy1,persistencia,log(pib_2010),vizinhos_dens_real_1901,vizinhos_dens_sint_1901,5.073812576086973,3.785639745687174,1.340278768434678,0.1823257838199241,18.39008005706396,156,,+5.0738
1901,Atendidos_Dummy1,persistencia,log(pib_2003),vizinhos_dens_real_1901,vizinhos_dens_sint_1901,4.962391946242938,3.650150350693222,1.3595034367010388,0.176172785234084,18.39008005706396,156,,+4.9624
1901,Atendidos_Dummy1,persistencia,log(pop_total_2010),vizinhos_dens_real_1901,vizinhos_dens_sint_1901,3.3554136115069886,2.8323516597162754,1.1846740852239759,0.23815355279546482,18.39008005706396,156,,+3.3554
1901,Atendidos_Dummy1,persistencia,log(pop_total_2000),vizinhos_dens_real_1901,vizinhos_dens_sint_1901,4.13571115306132,2.727794986988558,1.5161370897697406,0.13173937288006654,18.39008005706396,156,,+4.1357
1902,Atendidos_Dummy1,contemporaneo,log(pib_1920),vizinhos_dens_real_1902,vizinhos_dens_sint_1902,2.7544593442556065,1.2957630353554053,2.1257431097346484,0.0352926055631983,22.04225437172496,155,**,+2.7545**
1902,Atendidos_Dummy1,contemporaneo,log(pop_total_1940),vizinhos_dens_real_1902,vizinhos_dens_sint_1902,0.686513578128777,0.8832112843227816,0.777292580285785,0.43830704871339077,22.04225437172496,155,,+0.6865
1902,Atendidos_Dummy1,persistencia,log(pib_2010),vizinhos_dens_real_1902,vizinhos_dens_sint_1902,4.208671007625393,3.31607853816639,1.2691710884364509,0.20650107273529134,22.04225437172496,155,,+4.2087
1902,Atendidos_Dummy1,persistencia,log(pib_2003),vizinhos_dens_real_1902,vizinhos_dens_sint_1902,4.155474358438129,3.195617194151629,1.3003667542042132,0.19562723269510773,22.04225437172496,155,,+4.1555
1902,Atendidos_Dummy1,persistencia,log(pop_total_2010),vizinhos_dens_real_1902,vizinhos_dens_sint_1902,3.0601793389323166,2.5892868708891568,1.1818618374569891,0.23927848019575415,22.04225437172496,155,,+3.0602
1902,Atendidos_Dummy1,persistencia,log(pop_total_2000),vizinhos_dens_real_1902,vizinhos_dens_sint_1902,3.874155935494266,2.4688879282910254,1.5691906834248135,0.11887717042157563,22.04225437172496,155,,+3.8742
1904,Atendidos_Dummy1,contemporaneo,log(pib_1920),vizinhos_dens_real_1904,vizinhos_dens_sint_1904,4.52517844113766,2.741622817843286,1.6505474099815884,0.10095157160751851,4.8880400622588684,164,,+4.5252
1904,Atendidos_Dummy1,contemporaneo,log(pop_total_1940),vizinhos_dens_real_1904,vizinhos_dens_sint_1904,0.5508465857079299,1.5937991600123893,0.34561856947122993,0.73012015639092,4.8880400622588684,164,,+0.5508
1904,Atendidos_Dummy1,persistencia,log(pib_2010),vizinhos_dens_real_1904,vizinhos_dens_sint_1904,4.364851930296027,5.923900934578063,0.736820547558147,0.46239788841691776,4.8880400622588684,164,,+4.3649
1904,Atendidos_Dummy1,persistencia,log(pib_2003),vizinhos_dens_real_1904,vizinhos_dens_sint_1904,3.8892925498925486,5.675327927307001,0.6852982946023448,0.49422766526477435,4.8880400622588684,164,,+3.8893
1904,Atendidos_Dummy1,persistencia,log(pop_total_2010),vizinhos_dens_real_1904,vizinhos_dens_sint_1904,2.1740298803335394,4.743404931592051,0.4583268583826892,0.6473899052770615,4.8880400622588684,164,,+2.1740
1904,Atendidos_Dummy1,persistencia,log(pop_total_2000),vizinhos_dens_real_1904,vizinhos_dens_sint_1904,3.63744964655232,4.517906427107325,0.8051184116447639,0.4220429024614347,4.8880400622588684,164,,+3.6374
1905,Atendidos_Dummy1,contemporaneo,log(pib_1920),vizinhos_dens_real_1905,vizinhos_dens_sint_1905,4.322623152201151,2.625642535574965,1.6463106053599108,0.10186558059487269,4.872901907956801,161,,+4.3226
1905,Atendidos_Dummy1,contemporaneo,log(pop_total_1940),vizinhos_dens_real_1905,vizinhos_dens_sint_1905,0.6506196432559117,1.5785046280624024,0.4121746820942428,0.6808201067760928,4.872901907956801,161,,+0.6506
1905,Atendidos_Dummy1,persistencia,log(pib_2010),vizinhos_dens_real_1905,vizinhos_dens_sint_1905,6.101120734405943,6.328620092587934,0.9640522965743452,0.3366247505248615,4.872901907956801,161,,+6.1011
1905,Atendidos_Dummy1,persistencia,log(pib_2003),vizinhos_dens_real_1905,vizinhos_dens_sint_1905,5.313811813603856,5.970907182165034,0.8899504968819634,0.3749666359495403,4.872901907956801,161,,+5.3138
1905,Atendidos_Dummy1,persistencia,log(pop_total_2010),vizinhos_dens_real_1905,vizinhos_dens_sint_1905,2.520030647030331,4.744247195502958,0.5311760840411207,0.5961094849504607,4.872901907956801,161,,+2.5200
1905,Atendidos_Dummy1,persistencia,log(pop_total_2000),vizinhos_dens_real_1905,vizinhos_dens_sint_1905,3.9036513926958176,4.492995127331377,0.8688305422254928,0.38637564003395,4.872901907956801,161,,+3.9037
1906,Atendidos_Dummy1,contemporaneo,log(pib_1920),vizinhos_dens_real_1906,vizinhos_dens_sint_1906,4.129420297101892,2.4842543690620507,1.662237308919773,0.09852608598567983,5.461110548266675,168,*,+4.1294*
1906,Atendidos_Dummy1,contemporaneo,log(pop_total_1940),vizinhos_dens_real_1906,vizinhos_dens_sint_1906,0.4362140643953233,1.4997792399030703,0.2908521819674711,0.7715608556729393,5.461110548266675,168,,+0.4362
1906,Atendidos_Dummy1,persistencia,log(pib_2010),vizinhos_dens_real_1906,vizinhos_dens_sint_1906,6.086681996556375,6.089013524427965,0.9996170926764678,0.3190845315791627,5.461110548266675,168,,+6.0867
1906,Atendidos_Dummy1,persistencia,log(pib_2003),vizinhos_dens_real_1906,vizinhos_dens_sint_1906,5.393928807328669,5.761002337914185,0.9362830443289808,0.35061266399886015,5.461110548266675,168,,+5.3939
1906,Atendidos_Dummy1,persistencia,log(pop_total_2010),vizinhos_dens_real_1906,vizinhos_dens_sint_1906,2.520197142521517,4.533245477666971,0.5559366142727689,0.5790716005085168,5.461110548266675,168,,+2.5202
1906,Atendidos_Dummy1,persistencia,log(pop_total_2000),vizinhos_dens_real_1906,vizinhos_dens_sint_1906,3.8908959361536097,4.240969692783514,0.9174543130488308,0.3603580557249534,5.461110548266675,168,,+3.8909
1907,Atendidos_Dummy1,contemporaneo,log(pib_1920),vizinhos_dens_real_1907,vizinhos_dens_sint_1907,3.804289858513987,2.5298788751227574,1.5037438732434931,0.1345943368812014,6.056373723619157,178,,+3.8043
1907,Atendidos_Dummy1,contemporaneo,log(pop_total_1940),vizinhos_dens_real_1907,vizinhos_dens_sint_1907,0.02969645610056365,1.3182846180176848,0.022526589246879364,0.9820556247468243,6.056373723619157,178,,+0.0297
1907,Atendidos_Dummy1,persistencia,log(pib_2010),vizinhos_dens_real_1907,vizinhos_dens_sint_1907,5.762215560275045,5.659308320729603,1.018183713223134,0.3101088351046382,6.056373723619157,178,,+5.7622
1907,Atendidos_Dummy1,persistencia,log(pib_2003),vizinhos_dens_real_1907,vizinhos_dens_sint_1907,5.287021939507032,5.423868517034919,0.9747695621495824,0.33112787077560857,6.056373723619157,178,,+5.2870
1907,Atendidos_Dummy1,persistencia,log(pop_total_2010),vizinhos_dens_real_1907,vizinhos_dens_sint_1907,2.584857648587929,4.2057503531144755,0.614600827810374,0.5396806179532825,6.056373723619157,178,,+2.5849
1907,Atendidos_Dummy1,persistencia,log(pop_total_2000),vizinhos_dens_real_1907,vizinhos_dens_sint_1907,3.6681159824843315,4.038142996749959,0.9083670354013124,0.36503367011150534,6.056373723619157,178,,+3.6681
1908,Atendidos_Dummy1,contemporaneo,log(pib_1920),vizinhos_dens_real_1908,vizinhos_dens_sint_1908,3.4823286934010698,2.378893456049797,1.4638439079922267,0.14515070524879428,6.42902337439281,180,,+3.4823
1908,Atendidos_Dummy1,contemporaneo,log(pop_total_1940),vizinhos_dens_real_1908,vizinhos_dens_sint_1908,-0.016742951537438433,1.2711151846781354,-0.01317186022105305,0.9895066898356943,6.42902337439281,180,,-0.0167
1908,Atendidos_Dummy1,persistencia,log(pib_2010),vizinhos_dens_real_1908,vizinhos_dens_sint_1908,5.467667275736131,5.438536646848268,1.0053563358637556,0.3162063385450475,6.42902337439281,180,,+5.4677
1908,Atendidos_Dummy1,persistencia,log(pib_2003),vizinhos_dens_real_1908,vizinhos_dens_sint_1908,5.004128871321743,5.214133972847965,0.9597238769429783,0.3386069791578358,6.42902337439281,180,,+5.0041
1908,Atendidos_Dummy1,persistencia,log(pop_total_2010),vizinhos_dens_real_1908,vizinhos_dens_sint_1908,2.3779027688740233,4.05447600495366,0.5864883072359436,0.5583538071639589,6.42902337439281,180,,+2.3779
1908,Atendidos_Dummy1,persistencia,log(pop_total_2000),vizinhos_dens_real_1908,vizinhos_dens_sint_1908,3.442227396571579,3.8648058018204954,0.8906598605679326,0.37441642860812563,6.42902337439281,180,,+3.4422
1910,Atendidos_Dummy1,contemporaneo,log(pib_1920),vizinhos_dens_real_1910,vizinhos_dens_sint_1910,3.407088211292311,2.182592995838596,1.5610277398435612,0.12033415611318034,7.429366951302394,190,,+3.4071
1910,Atendidos_Dummy1,contemporaneo,log(pop_total_1940),vizinhos_dens_real_1910,vizinhos_dens_sint_1910,0.5623974467930746,1.206480841603157,0.46614701817044,0.6416932955866844,7.429366951302394,190,,+0.5624
1910,Atendidos_Dummy1,persistencia,log(pib_2010),vizinhos_dens_real_1910,vizinhos_dens_sint_1910,5.648506991274261,4.9981844155752775,1.1301117609171156,0.2599845579966457,7.429366951302394,190,,+5.6485
1910,Atendidos_Dummy1,persistencia,log(pib_2003),vizinhos_dens_real_1910,vizinhos_dens_sint_1910,5.1184557163246565,4.716230844103727,1.0852852384704186,0.27929668799438706,7.429366951302394,190,,+5.1185
1910,Atendidos_Dummy1,persistencia,log(pop_total_2010),vizinhos_dens_real_1910,vizinhos_dens_sint_1910,3.6384254510565515,3.9883160387035677,0.9122710978138154,0.3628882410753631,7.429366951302394,190,,+3.6384
1910,Atendidos_Dummy1,persistencia,log(pop_total_2000),vizinhos_dens_real_1910,vizinhos_dens_sint_1910,4.537908209082334,3.855830398846679,1.1768951794248192,0.2408447818410107,7.429366951302394,190,,+4.5379
1911,Atendidos_Dummy1,contemporaneo,log(pib_1920),vizinhos_dens_real_1911,vizinhos_dens_sint_1911,2.1009178583601864,1.9246795348940275,1.0915676195808164,0.276498490169374,8.43374645883819,194,,+2.1009
1911,Atendidos_Dummy1,contemporaneo,log(pop_total_1940),vizinhos_dens_real_1911,vizinhos_dens_sint_1911,-0.2328622816818422,1.1819739565920753,-0.1970113473170272,0.8440434313076383,8.43374645883819,194,,-0.2329
1911,Atendidos_Dummy1,persistencia,log(pib_2010),vizinhos_dens_real_1911,vizinhos_dens_sint_1911,3.885908126161432,4.370559127064593,0.8891100688005867,0.3751439116171914,8.43374645883819,194,,+3.8859
1911,Atendidos_Dummy1,persistencia,log(pib_2003),vizinhos_dens_real_1911,vizinhos_dens_sint_1911,3.2771044556262963,4.140282959758845,0.7915170261254739,0.429695812460699,8.43374645883819,194,,+3.2771
1911,Atendidos_Dummy1,persistencia,log(pop_total_2010),vizinhos_dens_real_1911,vizinhos_dens_sint_1911,2.3122681143901946,3.5580925294865517,0.6498617152949265,0.5166193349883333,8.43374645883819,194,,+2.3123
1911,Atendidos_Dummy1,persistencia,log(pop_total_2000),vizinhos_dens_real_1911,vizinhos_dens_sint_1911,3.037051653933924,3.3536041611373846,0.9056082674062221,0.36636741193150413,8.43374645883819,194,,+3.0371
1912,Atendidos_Dummy1,contemporaneo,log(pib_1920),vizinhos_dens_real_1912,vizinhos_dens_sint_1912,1.3711413407032405,1.7793228648943336,0.770597269194687,0.4418783115342546,9.035584941830242,211,,+1.3711
1912,Atendidos_Dummy1,contemporaneo,log(pop_total_1940),vizinhos_dens_real_1912,vizinhos_dens_sint_1912,-0.8931691819048718,1.184791664316371,-0.753861804404434,0.45184152195109306,9.035584941830242,211,,-0.8932
1912,Atendidos_Dummy1,persistencia,log(pib_2010),vizinhos_dens_real_1912,vizinhos_dens_sint_1912,3.6747170590287577,4.108955602224302,0.8943189984918605,0.37225372699602666,9.035584941830242,211,,+3.6747
1912,Atendidos_Dummy1,persistencia,log(pib_2003),vizinhos_dens_real_1912,vizinhos_dens_sint_1912,3.1817086994217885,3.91680627300988,0.8123222027462687,0.41759733935045806,9.035584941830242,211,,+3.1817
1912,Atendidos_Dummy1,persistencia,log(pop_total_2010),vizinhos_dens_real_1912,vizinhos_dens_sint_1912,2.1181162610635518,3.340442919105609,0.6340824592298885,0.5267701254594674,9.035584941830242,211,,+2.1181
1912,Atendidos_Dummy1,persistencia,log(pop_total_2000),vizinhos_dens_real_1912,vizinhos_dens_sint_1912,2.8659736606954507,3.13688628861284,0.9136364525227374,0.36203616637121017,9.035584941830242,211,,+2.8660
1913,Atendidos_Dummy1,contemporaneo,log(pib_1920),vizinhos_dens_real_1913,vizinhos_dens_sint_1913,1.5661004703713348,1.4372123482488979,1.0896792476626536,0.2771213668068476,13.829670924061194,223,,+1.5661
1913,Atendidos_Dummy1,contemporaneo,log(pop_total_1940),vizinhos_dens_real_1913,vizinhos_dens_sint_1913,0.6925486418379226,0.9644402639667762,0.7180835016048025,0.473515465962978,13.829670924061194,223,,+0.6925
1913,Atendidos_Dummy1,persistencia,log(pib_2010),vizinhos_dens_real_1913,vizinhos_dens_sint_1913,1.980845362052661,3.155387271697182,0.6277661635451891,0.5308490509586554,13.829670924061194,223,,+1.9808
1913,Atendidos_Dummy1,persistencia,log(pib_2003),vizinhos_dens_real_1913,vizinhos_dens_sint_1913,1.755223625720987,3.0030410936659404,0.584482053683225,0.5595325016036512,13.829670924061194,223,,+1.7552
1913,Atendidos_Dummy1,persistencia,log(pop_total_2010),vizinhos_dens_real_1913,vizinhos_dens_sint_1913,0.8020021282314425,2.610439821555269,0.3072287365558265,0.7589781351628899,13.829670924061194,223,,+0.8020
1913,Atendidos_Dummy1,persistencia,log(pop_total_2000),vizinhos_dens_real_1913,vizinhos_dens_sint_1913,1.6222372607005153,2.3298599223007015,0.6962810275300073,0.4870339270330968,13.829670924061194,223,,+1.6222
1914,Atendidos_Dummy1,contemporaneo,log(pib_1920),vizinhos_dens_real_1914,vizinhos_dens_sint_1914,1.597790940991331,1.49997708614563,1.0652102327089843,0.28797559535630174,13.10978839873703,231,,+1.5978
1914,Atendidos_Dummy1,contemporaneo,log(pop_total_1940),vizinhos_dens_real_1914,vizinhos_dens_sint_1914,0.8566006891063214,0.9988396255743562,0.8575958213649723,0.39207064427963023,13.10978839873703,231,,+0.8566
1914,Atendidos_Dummy1,persistencia,log(pib_2010),vizinhos_dens_real_1914,vizinhos_dens_sint_1914,2.754544655551424,3.3420636104968584,0.8242047359301791,0.4107366368648925,13.10978839873703,231,,+2.7545
1914,Atendidos_Dummy1,persistencia,log(pib_2003),vizinhos_dens_real_1914,vizinhos_dens_sint_1914,2.537014216177101,3.177522800781519,0.7984251806322575,0.4255048437813863,13.10978839873703,231,,+2.5370
1914,Atendidos_Dummy1,persistencia,log(pop_total_2010),vizinhos_dens_real_1914,vizinhos_dens_sint_1914,0.9732921865846437,2.683145779654971,0.3627429392635537,0.7171532665048288,13.10978839873703,231,,+0.9733
1914,Atendidos_Dummy1,persistencia,log(pop_total_2000),vizinhos_dens_real_1914,vizinhos_dens_sint_1914,1.763911243005664,2.405256119969183,0.733356929584806,0.4641396350574558,13.10978839873703,231,,+1.7639
1915,Atendidos_Dummy1,contemporaneo,log(pib_1920),vizinhos_dens_real_1915,vizinhos_dens_sint_1915,0.4519756071570298,1.4214374240297143,0.3179708086450252,0.7507981166429932,15.04263013050561,245,,+0.4520
1915,Atendidos_Dummy1,contemporaneo,log(pop_total_1940),vizinhos_dens_real_1915,vizinhos_dens_sint_1915,0.26955946001334363,0.983540784356111,0.2740704445620062,0.7842786269945636,15.04263013050561,245,,+0.2696
1915,Atendidos_Dummy1,persistencia,log(pib_2010),vizinhos_dens_real_1915,vizinhos_dens_sint_1915,3.729987987900338,3.4047032910544415,1.0955398074482887,0.274436097519068,15.04263013050561,245,,+3.7300
1915,Atendidos_Dummy1,persistencia,log(pib_2003),vizinhos_dens_real_1915,vizinhos_dens_sint_1915,3.6195348356364048,3.263037609063437,1.1092531773408796,0.2684896033035237,15.04263013050561,245,,+3.6195
1915,Atendidos_Dummy1,persistencia,log(pop_total_2010),vizinhos_dens_real_1915,vizinhos_dens_sint_1915,1.9381748831584389,2.687987414546655,0.7210505795784478,0.4716170852936422,15.04263013050561,245,,+1.9382
1915,Atendidos_Dummy1,persistencia,log(pop_total_2000),vizinhos_dens_real_1915,vizinhos_dens_sint_1915,2.9213974126688167,2.459184553734616,1.1879537093839767,0.23608766811010992,15.04263013050561,245,,+2.9214
1916,Atendidos_Dummy1,contemporaneo,log(pib_1920),vizinhos_dens_real_1916,vizinhos_dens_sint_1916,-0.0033374874042042535,1.4260259517166458,-0.00234041140709017,0.9981346175732575,16.20502258775921,251,,-0.0033
1916,Atendidos_Dummy1,contemporaneo,log(pop_total_1940),vizinhos_dens_real_1916,vizinhos_dens_sint_1916,-1.0812780041985561,1.080603721895293,-1.0006239866563484,0.31804223033384876,16.20502258775921,251,,-1.0813
1916,Atendidos_Dummy1,persistencia,log(pib_2010),vizinhos_dens_real_1916,vizinhos_dens_sint_1916,2.2233440599990124,3.257653914218621,0.6824985460532883,0.49559882994906346,16.20502258775921,251,,+2.2233
1916,Atendidos_Dummy1,persistencia,log(pib_2003),vizinhos_dens_real_1916,vizinhos_dens_sint_1916,1.648475838782812,3.1219339518339404,0.5280303376740035,0.5979786496615609,16.20502258775921,251,,+1.6485
1916,Atendidos_Dummy1,persistencia,log(pop_total_2010),vizinhos_dens_real_1916,vizinhos_dens_sint_1916,-0.49829946807638176,2.6068738798095628,-0.19114828374926351,0.8485751672379234,16.20502258775921,251,,-0.4983
1916,Atendidos_Dummy1,persistencia,log(pop_total_2000),vizinhos_dens_real_1916,vizinhos_dens_sint_1916,0.6333067123665097,2.2292362755223682,0.2840913362663226,0.7765916078891739,16.20502258775921,251,,+0.6333
1917,Atendidos_Dummy1,contemporaneo,log(pib_1920),vizinhos_dens_real_1917,vizinhos_dens_sint_1917,-0.07773450729591935,1.4199674152235853,-0.05474386698069366,0.9563886405113571,16.614207182419896,254,,-0.0777
1917,Atendidos_Dummy1,contemporaneo,log(pop_total_1940),vizinhos_dens_real_1917,vizinhos_dens_sint_1917,-1.1605286202201288,1.0784219413822107,-1.0761359498423058,0.28296070315078087,16.614207182419896,254,,-1.1605
1917,Atendidos_Dummy1,persistencia,log(pib_2010),vizinhos_dens_real_1917,vizinhos_dens_sint_1917,2.0854105775243674,3.225694917333981,0.6464996321623458,0.5185814057004432,16.614207182419896,254,,+2.0854
1917,Atendidos_Dummy1,persistencia,log(pib_2003),vizinhos_dens_real_1917,vizinhos_dens_sint_1917,1.5067693239101254,3.092967845084214,0.4871597117651573,0.6265954215921219,16.614207182419896,254,,+1.5068
1917,Atendidos_Dummy1,persistencia,log(pop_total_2010),vizinhos_dens_real_1917,vizinhos_dens_sint_1917,-0.6006415963035592,2.5871697013428228,-0.2321616537144074,0.8166128046095641,16.614207182419896,254,,-0.6006
1917,Atendidos_Dummy1,persistencia,log(pop_total_2000),vizinhos_dens_real_1917,vizinhos_dens_sint_1917,0.5121380428554715,2.205296944556273,0.23223087671693057,0.8165591042985719,16.614207182419896,254,,+0.5121
1918,Atendidos_Dummy1,contemporaneo,log(pib_1920),vizinhos_dens_real_1918,vizinhos_dens_sint_1918,-0.09847075634209113,1.3896735751402556,-0.07085891111670074,0.9435683264147829,17.425634503580362,260,,-0.0985
1918,Atendidos_Dummy1,contemporaneo,log(pop_total_1940),vizinhos_dens_real_1918,vizinhos_dens_sint_1918,-1.1276069377937261,1.0537725361961403,-1.0700667355254008,0.2856509959070742,17.425634503580362,260,,-1.1276
1918,Atendidos_Dummy1,persistencia,log(pib_2010),vizinhos_dens_real_1918,vizinhos_dens_sint_1918,2.3363034517186785,3.1616212274329114,0.7389574157229605,0.46064602137202104,17.425634503580362,260,,+2.3363
1918,Atendidos_Dummy1,persistencia,log(pib_2003),vizinhos_dens_real_1918,vizinhos_dens_sint_1918,1.7639449283663038,3.028877982493874,0.5823756977208875,0.5608536073901024,17.425634503580362,260,,+1.7639
1918,Atendidos_Dummy1,persistencia,log(pop_total_2010),vizinhos_dens_real_1918,vizinhos_dens_sint_1918,-0.2906848385188223,2.519341691035121,-0.11538126787374711,0.9082382131942608,17.425634503580362,260,,-0.2907
1918,Atendidos_Dummy1,persistencia,log(pop_total_2000),vizinhos_dens_real_1918,vizinhos_dens_sint_1918,0.759873348405985,2.1613341686233194,0.35157605863881425,0.7254608850724948,17.425634503580362,260,,+0.7599
1919,Atendidos_Dummy1,contemporaneo,log(pib_1920),vizinhos_dens_real_1919,vizinhos_dens_sint_1919,-0.09847075634209113,1.3896735751402556,-0.07085891111670074,0.9435683264147829,17.425634503580362,260,,-0.0985
1919,Atendidos_Dummy1,contemporaneo,log(pop_total_1940),vizinhos_dens_real_1919,vizinhos_dens_sint_1919,-1.1276069377937261,1.0537725361961403,-1.0700667355254008,0.2856509959070742,17.425634503580362,260,,-1.1276
1919,Atendidos_Dummy1,persistencia,log(pib_2010),vizinhos_dens_real_1919,vizinhos_dens_sint_1919,2.3363034517186785,3.1616212274329114,0.7389574157229605,0.46064602137202104,17.425634503580362,260,,+2.3363
1919,Atendidos_Dummy1,persistencia,log(pib_2003),vizinhos_dens_real_1919,vizinhos_dens_sint_1919,1.7639449283663038,3.028877982493874,0.5823756977208875,0.5608536073901024,17.425634503580362,260,,+1.7639
1919,Atendidos_Dummy1,persistencia,log(pop_total_2010),vizinhos_dens_real_1919,vizinhos_dens_sint_1919,-0.2906848385188223,2.519341691035121,-0.11538126787374711,0.9082382131942608,17.425634503580362,260,,-0.2907
1919,Atendidos_Dummy1,persistencia,log(pop_total_2000),vizinhos_dens_real_1919,vizinhos_dens_sint_1919,0.759873348405985,2.1613341686233194,0.35157605863881425,0.7254608850724948,17.425634503580362,260,,+0.7599
1920,Atendidos_Dummy1,contemporaneo,log(pib_1920),vizinhos_dens_real_1920,vizinhos_dens_sint_1920,-0.01676975826265059,1.348778248854904,-0.012433295300311899,0.9900900396067853,18.55579847087129,263,,-0.0168
1920,Atendidos_Dummy1,contemporaneo,log(pop_total_1940),vizinhos_dens_real_1920,vizinhos_dens_sint_1920,-1.120904825336333,1.028721671907328,-1.0896094210381417,0.2769557872069943,18.55579847087129,263,,-1.1209
1920,Atendidos_Dummy1,persistencia,log(pib_2010),vizinhos_dens_real_1920,vizinhos_dens_sint_1920,2.3321553414986593,3.070097202440324,0.7596356687485015,0.4482026919598078,18.55579847087129,263,,+2.3322
1920,Atendidos_Dummy1,persistencia,log(pib_2003),vizinhos_dens_real_1920,vizinhos_dens_sint_1920,1.7600852676719785,2.9435452189897657,0.5979474194305211,0.550427334736924,18.55579847087129,263,,+1.7601
1920,Atendidos_Dummy1,persistencia,log(pop_total_2010),vizinhos_dens_real_1920,vizinhos_dens_sint_1920,-0.2776833991009863,2.4509828489911283,-0.11329471326789826,0.9098896876693855,18.55579847087129,263,,-0.2777
1920,Atendidos_Dummy1,persistencia,log(pop_total_2000),vizinhos_dens_real_1920,vizinhos_dens_sint_1920,0.7262836700782916,2.0993157535424603,0.34596209210202644,0.7296681002603851,18.55579847087129,263,,+0.7263
1921,Atendidos_Dummy1,contemporaneo,log(pib_1920),vizinhos_dens_real_1921,vizinhos_dens_sint_1921,-0.09501823196919856,1.3622118909405987,-0.06975290158683689,0.9444456541142753,18.728446554475294,270,,-0.0950
1921,Atendidos_Dummy1,contemporaneo,log(pop_total_1940),vizinhos_dens_real_1921,vizinhos_dens_sint_1921,-1.148413565137039,1.0417733492873065,-1.1023641235617008,0.27135508513674794,18.728446554475294,270,,-1.1484
1921,Atendidos_Dummy1,persistencia,log(pib_2010),vizinhos_dens_real_1921,vizinhos_dens_sint_1921,2.2399911109083024,3.093283280198349,0.7241467748032016,0.4696473633981314,18.728446554475294,270,,+2.2400
1921,Atendidos_Dummy1,persistencia,log(pib_2003),vizinhos_dens_real_1921,vizinhos_dens_sint_1921,1.5818231346880252,2.965754110285753,0.5333628736118029,0.5942525003040218,18.728446554475294,270,,+1.5818
1921,Atendidos_Dummy1,persistencia,log(pop_total_2010),vizinhos_dens_real_1921,vizinhos_dens_sint_1921,-0.3983099714116457,2.479428843481328,-0.16064585699196143,0.8725010387679359,18.728446554475294,270,,-0.3983
1921,Atendidos_Dummy1,persistencia,log(pop_total_2000),vizinhos_dens_real_1921,vizinhos_dens_sint_1921,0.5956594784235045,2.123726666799613,0.28047840983281713,0.779340607511944,18.728446554475294,270,,+0.5957
1922,Atendidos_Dummy1,contemporaneo,log(pib_1920),vizinhos_dens_real_1922,vizinhos_dens_sint_1922,-0.20550455357894848,1.3802576042397317,-0.14888855018635722,0.8817601831476866,18.51947449319891,271,,-0.2055
1922,Atendidos_Dummy1,contemporaneo,log(pop_total_1940),vizinhos_dens_real_1922,vizinhos_dens_sint_1922,-1.1556384356859086,1.0487031224954602,-1.101969099639933,0.2715223051643162,18.51947449319891,271,,-1.1556
1922,Atendidos_Dummy1,persistencia,log(pib_2010),vizinhos_dens_real_1922,vizinhos_dens_sint_1922,2.2361880744900606,3.116953419394111,0.7174274920427723,0.47377222169569455,18.51947449319891,271,,+2.2362
1922,Atendidos_Dummy1,persistencia,log(pib_2003),vizinhos_dens_real_1922,vizinhos_dens_sint_1922,1.5711996251481828,2.9879968842476674,0.5258371029204695,0.5994619866784607,18.51947449319891,271,,+1.5712
1922,Atendidos_Dummy1,persistencia,log(pop_total_2010),vizinhos_dens_real_1922,vizinhos_dens_sint_1922,-0.41424086083313905,2.497514609768916,-0.16586123629181368,0.8683986175564052,18.51947449319891,271,,-0.4142
1922,Atendidos_Dummy1,persistencia,log(pop_total_2000),vizinhos_dens_real_1922,vizinhos_dens_sint_1922,0.5872205459913971,2.135726668490129,0.2749511698547726,0.7835781527093643,18.51947449319891,271,,+0.5872
1923,Atendidos_Dummy1,contemporaneo,log(pib_1920),vizinhos_dens_real_1923,vizinhos_dens_sint_1923,0.4807163915518443,1.2146119231925276,0.3957777643811637,0.6925910722998192,24.175773445849302,280,,+0.4807
1923,Atendidos_Dummy1,contemporaneo,log(pop_total_1940),vizinhos_dens_real_1923,vizinhos_dens_sint_1923,-0.48574720113171627,0.8935591217593505,-0.5436094706025906,0.5871724833735845,24.175773445849302,280,,-0.4857
1923,Atendidos_Dummy1,persistencia,log(pib_2010),vizinhos_dens_real_1923,vizinhos_dens_sint_1923,2.5601990683633926,2.6569034176041457,0.963602610241679,0.33613372561168464,24.175773445849302,280,,+2.5602
1923,Atendidos_Dummy1,persistencia,log(pib_2003),vizinhos_dens_real_1923,vizinhos_dens_sint_1923,1.9799033534798096,2.54955099768476,0.776569425470506,0.43811335677275454,24.175773445849302,280,,+1.9799
1923,Atendidos_Dummy1,persistencia,log(pop_total_2010),vizinhos_dens_real_1923,vizinhos_dens_sint_1923,0.07339166390899556,2.1183947671855723,0.03464494203150872,0.9723892441753121,24.175773445849302,280,,+0.0734
1923,Atendidos_Dummy1,persistencia,log(pop_total_2000),vizinhos_dens_real_1923,vizinhos_dens_sint_1923,0.8596812925237748,1.8206770203838405,0.4721767138811552,0.6371936915800467,24.175773445849302,280,,+0.8597
1924,Atendidos_Dummy1,contemporaneo,log(pib_1920),vizinhos_dens_real_1924,vizinhos_dens_sint_1924,0.49567869378830276,1.226967243296045,0.4039869006255976,0.6865519047601211,23.826268141537486,280,,+0.4957
1924,Atendidos_Dummy1,contemporaneo,log(pop_total_1940),vizinhos_dens_real_1924,vizinhos_dens_sint_1924,-0.47430493379552774,0.904826671744754,-0.5241942447175411,0.6005866186197033,23.826268141537486,280,,-0.4743
1924,Atendidos_Dummy1,persistencia,log(pib_2010),vizinhos_dens_real_1924,vizinhos_dens_sint_1924,2.697367332061006,2.6979419016218995,0.9997870341238453,0.31833605602976256,23.826268141537486,280,,+2.6974
1924,Atendidos_Dummy1,persistencia,log(pib_2003),vizinhos_dens_real_1924,vizinhos_dens_sint_1924,2.112773553797057,2.5864545302688415,0.8168608916459285,0.41475006168198847,23.826268141537486,280,,+2.1128
1924,Atendidos_Dummy1,persistencia,log(pop_total_2010),vizinhos_dens_real_1924,vizinhos_dens_sint_1924,0.1785974670036201,2.1457461899102,0.0832332676825559,0.9337296172954856,23.826268141537486,280,,+0.1786
1924,Atendidos_Dummy1,persistencia,log(pop_total_2000),vizinhos_dens_real_1924,vizinhos_dens_sint_1924,0.9651874482382986,1.8523713869763472,0.5210550405951736,0.6027685389050206,23.826268141537486,280,,+0.9652
1925,Atendidos_Dummy1,contemporaneo,log(pib_1920),vizinhos_dens_real_1925,vizinhos_dens_sint_1925,0.8640139831496256,1.2610218404649451,0.6851697214308828,0.49384256296608264,21.37063177098756,280,,+0.8640
1925,Atendidos_Dummy1,contemporaneo,log(pop_total_1940),vizinhos_dens_real_1925,vizinhos_dens_sint_1925,-0.3641756151131942,0.92588990905683,-0.39332496396268807,0.6943993509494097,21.37063177098756,280,,-0.3642
1925,Atendidos_Dummy1,persistencia,log(pib_2010),vizinhos_dens_real_1925,vizinhos_dens_sint_1925,4.368741882345101,2.9934629059802424,1.4594274322281966,0.14564541057855315,21.37063177098756,280,,+4.3687
1925,Atendidos_Dummy1,persistencia,log(pib_2003),vizinhos_dens_real_1925,vizinhos_dens_sint_1925,3.705032976787128,2.8510524353794255,1.2995316854963606,0.19490380202087274,21.37063177098756,280,,+3.7050
1925,Atendidos_Dummy1,persistencia,log(pop_total_2010),vizinhos_dens_real_1925,vizinhos_dens_sint_1925,1.3707980571373033,2.2965757376589253,0.5968878076429834,0.5510977212988657,21.37063177098756,280,,+1.3708
1925,Atendidos_Dummy1,persistencia,log(pop_total_2000),vizinhos_dens_real_1925,vizinhos_dens_sint_1925,2.137308269358831,2.0328412380296417,1.051389665545375,0.29404841650999514,21.37063177098756,280,,+2.1373
1926,Atendidos_Dummy1,contemporaneo,log(pib_1920),vizinhos_dens_real_1926,vizinhos_dens_sint_1926,0.6411306610299844,1.280101397402892,0.5008436537376878,0.6168953317550349,20.13179183914079,284,,+0.6411
1926,Atendidos_Dummy1,contemporaneo,log(pop_total_1940),vizinhos_dens_real_1926,vizinhos_dens_sint_1926,-0.513014106761761,0.9385156112540005,-0.5466228804402045,0.5850960725373311,20.13179183914079,284,,-0.5130
1926,Atendidos_Dummy1,persistencia,log(pib_2010),vizinhos_dens_real_1926,vizinhos_dens_sint_1926,4.52696007668524,3.1118832278812767,1.454733274091206,0.14692212092079257,20.13179183914079,284,,+4.5270
1926,Atendidos_Dummy1,persistencia,log(pib_2003),vizinhos_dens_real_1926,vizinhos_dens_sint_1926,3.816574263242996,2.957624153031292,1.2904189531084804,0.198025794665854,20.13179183914079,284,,+3.8166
1926,Atendidos_Dummy1,persistencia,log(pop_total_2010),vizinhos_dens_real_1926,vizinhos_dens_sint_1926,1.4075792185760698,2.367975930532572,0.5944229417312941,0.5527345061958002,20.13179183914079,284,,+1.4076
1926,Atendidos_Dummy1,persistencia,log(pop_total_2000),vizinhos_dens_real_1926,vizinhos_dens_sint_1926,2.169197593920491,2.100212035683431,1.0328469492912946,0.3026136591632583,20.13179183914079,284,,+2.1692
1927,Atendidos_Dummy1,contemporaneo,log(pib_1920),vizinhos_dens_real_1927,vizinhos_dens_sint_1927,1.0268836393111447,1.2485209677928752,0.822480091084462,0.41152948027571024,22.16545205467122,288,,+1.0269
1927,Atendidos_Dummy1,contemporaneo,log(pop_total_1940),vizinhos_dens_real_1927,vizinhos_dens_sint_1927,-0.4808148917020324,0.8926741989446108,-0.5386230410495669,0.5905907712710553,22.16545205467122,288,,-0.4808
1927,Atendidos_Dummy1,persistencia,log(pib_2010),vizinhos_dens_real_1927,vizinhos_dens_sint_1927,3.9928758061444345,2.90061811761884,1.3765603206747687,0.16978866672269266,22.16545205467122,288,,+3.9929
1927,Atendidos_Dummy1,persistencia,log(pib_2003),vizinhos_dens_real_1927,vizinhos_dens_sint_1927,3.430890314683798,2.76573569076438,1.2404982609656332,0.21586802242820238,22.16545205467122,288,,+3.4309
1927,Atendidos_Dummy1,persistencia,log(pop_total_2010),vizinhos_dens_real_1927,vizinhos_dens_sint_1927,1.0691805183542242,2.231761634914511,0.47907469221961957,0.6322732588503479,22.16545205467122,288,,+1.0692
1927,Atendidos_Dummy1,persistencia,log(pop_total_2000),vizinhos_dens_real_1927,vizinhos_dens_sint_1927,1.8064550937401904,1.9732113505559055,0.9154899160859097,0.36075139736001205,22.16545205467122,288,,+1.8065
1929,Atendidos_Dummy1,contemporaneo,log(pib_1920),vizinhos_dens_real_1929,vizinhos_dens_sint_1929,1.052208950926211,1.2513027515115556,0.8408907833497191,0.4011450276664238,22.099726984506646,291,,+1.0522
1929,Atendidos_Dummy1,contemporaneo,log(pop_total_1940),vizinhos_dens_real_1929,vizinhos_dens_sint_1929,-0.5107148543382947,0.8909058581422252,-0.5732534472309684,0.5669449910246824,22.099726984506646,291,,-0.5107
1929,Atendidos_Dummy1,persistencia,log(pib_2010),vizinhos_dens_real_1929,vizinhos_dens_sint_1929,3.895086464758869,2.8821303485195964,1.3514608965411912,0.17766663113098818,22.099726984506646,291,,+3.8951
1929,Atendidos_Dummy1,persistencia,log(pib_2003),vizinhos_dens_real_1929,vizinhos_dens_sint_1929,3.3311904021726155,2.7522167514030347,1.2103662985389612,0.22718526172534334,22.099726984506646,291,,+3.3312
1929,Atendidos_Dummy1,persistencia,log(pop_total_2010),vizinhos_dens_real_1929,vizinhos_dens_sint_1929,1.0532670527480745,2.2207821507933283,0.474277520814825,0.6356811406459593,22.099726984506646,291,,+1.0533
1929,Atendidos_Dummy1,persistencia,log(pop_total_2000),vizinhos_dens_real_1929,vizinhos_dens_sint_1929,1.7961781740595217,1.9643587634714985,0.9143839747914679,0.3613220058473302,22.099726984506646,291,,+1.7962
1931,Atendidos_Dummy1,contemporaneo,log(pib_1939),vizinhos_dens_real_1931,vizinhos_dens_sint_1931,-0.5143236175467958,1.2513301866424387,-0.41102150578403746,0.6813745595863248,26.24519960691858,295,,-0.5143
1931,Atendidos_Dummy1,contemporaneo,log(pop_total_1940),vizinhos_dens_real_1931,vizinhos_dens_sint_1931,-0.4016121605540497,0.7918393118845602,-0.5071889643849855,0.6124257754969897,26.24519960691858,295,,-0.4016
1931,Atendidos_Dummy1,persistencia,log(pib_2010),vizinhos_dens_real_1931,vizinhos_dens_sint_1931,4.019615238836452,2.5996900370282643,1.5461901925166897,0.12320033017046605,26.24519960691858,295,,+4.0196
1931,Atendidos_Dummy1,persistencia,log(pib_2003),vizinhos_dens_real_1931,vizinhos_dens_sint_1931,3.4969117401486303,2.4812637474865933,1.4093268979127438,0.15986018420918577,26.24519960691858,295,,+3.4969
1931,Atendidos_Dummy1,persistencia,log(pop_total_2010),vizinhos_dens_real_1931,vizinhos_dens_sint_1931,1.2624337727439143,1.9955224887340202,0.6326331975064913,0.5274950761093031,26.24519960691858,295,,+1.2624
1931,Atendidos_Dummy1,persistencia,log(pop_total_2000),vizinhos_dens_real_1931,vizinhos_dens_sint_1931,1.8342578534438367,1.7639108608958034,1.0398812627710152,0.29930187570630273,26.24519960691858,295,,+1.8343
1932,Atendidos_Dummy1,contemporaneo,log(pib_1939),vizinhos_dens_real_1932,vizinhos_dens_sint_1932,-0.659865257329667,1.174363250654812,-0.5618919503498883,0.5746391342395174,29.35859713170312,298,,-0.6599
1932,Atendidos_Dummy1,contemporaneo,log(pop_total_1940),vizinhos_dens_real_1932,vizinhos_dens_sint_1932,-0.5182940237104764,0.7480918280823028,-0.6928213947198141,0.48899586898665703,29.35859713170312,298,,-0.5183
1932,Atendidos_Dummy1,persistencia,log(pib_2010),vizinhos_dens_real_1932,vizinhos_dens_sint_1932,3.2205389733953025,2.402177134912108,1.3406750595489025,0.18111265545501437,29.35859713170312,298,,+3.2205
1932,Atendidos_Dummy1,persistencia,log(pib_2003),vizinhos_dens_real_1932,vizinhos_dens_sint_1932,2.791701842874615,2.2919695416964347,1.2180361876922223,0.224235604668722,29.35859713170312,298,,+2.7917
1932,Atendidos_Dummy1,persistencia,log(pop_total_2010),vizinhos_dens_real_1932,vizinhos_dens_sint_1932,0.6932721928088694,1.8655952702014988,0.3716091072282739,0.71046495643668806,29.35859713170312,298,,+0.6933
1932,Atendidos_Dummy1,persistencia,log(pop_total_2000),vizinhos_dens_real_1932,vizinhos_dens_sint_1932,1.2316049092834391,1.6483220782351142,0.7471870489062058,0.45557764800035705,29.35859713170312,298,,+1.2316
1933,Atendidos_Dummy1,contemporaneo,log(pib_1939),vizinhos_dens_real_1933,vizinhos_dens_sint_1933,0.08390982688184245,1.1036622860604706,0.07602853512496029,0.9394504969216487,32.03943086038797,299,,+0.0839
1933,Atendidos_Dummy1,contemporaneo,log(pop_total_1940),vizinhos_dens_real_1933,vizinhos_dens_sint_1933,-0.19212513551320365,0.7359693592730545,-0.261050454196861,0.7942448162621925,32.03943086038797,299,,-0.1921
1933,Atendidos_Dummy1,persistencia,log(pib_2010),vizinhos_dens_real_1933,vizinhos_dens_sint_1933,2.9946949053772327,2.271175157434508,1.3185662477745679,0.1883878290272357,32.03943086038797,299,,+2.9947
1933,Atendidos_Dummy1,persistencia,log(pib_2003),vizinhos_dens_real_1933,vizinhos_dens_sint_1933,2.711271401199132,2.168782987709261,1.2501349450656034,0.21229034865984103,32.03943086038797,299,,+2.7113
1933,Atendidos_Dummy1,persistencia,log(pop_total_2010),vizinhos_dens_real_1933,vizinhos_dens_sint_1933,0.7610454332264354,1.7462353763909113,0.43582064795832437,0.6633014683129257,32.03943086038797,299,,+0.7610
1933,Atendidos_Dummy1,persistencia,log(pop_total_2000),vizinhos_dens_real_1933,vizinhos_dens_sint_1933,1.3051049340455676,1.5610718509404424,0.836031303273663,0.4038476297060376,32.03943086038797,299,,+1.3051
1934,Atendidos_Dummy1,contemporaneo,log(pib_1939),vizinhos_dens_real_1934,vizinhos_dens_sint_1934,0.1283034384749151,1.1210762940344476,0.11444666090760518,0.9089643115937723,31.558570739984532,303,,+0.1283
1934,Atendidos_Dummy1,contemporaneo,log(pop_total_1940),vizinhos_dens_real_1934,vizinhos_dens_sint_1934,-0.04069068738136675,0.738413846848352,-0.055105531342674555,0.9560929991355315,31.558570739984532,303,,-0.0407
1934,Atendidos_Dummy1,persistencia,log(pib_2010),vizinhos_dens_real_1934,vizinhos_dens_sint_1934,3.2166429492971114,2.283302154629078,1.4087679735140681,0.1599938350355775,31.558570739984532,303,,+3.2166
1934,Atendidos_Dummy1,persistencia,log(pib_2003),vizinhos_dens_real_1934,vizinhos_dens_sint_1934,3.055684928596575,2.190297943834044,1.3951001219713972,0.16407185942613672,31.558570739984532,303,,+3.0557
1934,Atendidos_Dummy1,persistencia,log(pop_total_2010),vizinhos_dens_real_1934,vizinhos_dens_sint_1934,0.913665339801013,1.7577735621568211,0.519785573905167,0.6036165083954974,31.558570739984532,303,,+0.9137
1934,Atendidos_Dummy1,persistencia,log(pop_total_2000),vizinhos_dens_real_1934,vizinhos_dens_sint_1934,1.4782988667820147,1.578460893710433,0.9365444989308725,0.3497858291139936,31.558570739984532,303,,+1.4783
1936,Atendidos_Dummy1,contemporaneo,log(pib_1939),vizinhos_dens_real_1936,vizinhos_dens_sint_1936,0.1648710398307498,1.108284628517175,0.1487623626534804,0.8818448994737449,32.355143484322184,307,,+0.1649
1936,Atendidos_Dummy1,contemporaneo,log(pop_total_1940),vizinhos_dens_real_1936,vizinhos_dens_sint_1936,-0.011588968809745186,0.7272646301201238,-0.015935009527179966,0.9872972351249809,32.355143484322184,307,,-0.0116
1936,Atendidos_Dummy1,persistencia,log(pib_2010),vizinhos_dens_real_1936,vizinhos_dens_sint_1936,3.4669570368437768,2.298005643426898,1.5086808192836645,0.1324727991443634,32.355143484322184,307,,+3.4670
1936,Atendidos_Dummy1,persistencia,log(pib_2003),vizinhos_dens_real_1936,vizinhos_dens_sint_1936,3.307567875672257,2.2037015292202224,1.5009146346795144,0.13446936345742352,32.355143484322184,307,,+3.3076
1936,Atendidos_Dummy1,persistencia,log(pop_total_2010),vizinhos_dens_real_1936,vizinhos_dens_sint_1936,1.1330511257384404,1.7593884069266825,0.644002837166391,0.520084355475608,32.355143484322184,307,,+1.1331
1936,Atendidos_Dummy1,persistencia,log(pop_total_2000),vizinhos_dens_real_1936,vizinhos_dens_sint_1936,1.6738483534938562,1.5864430765757978,1.0550951233035826,0.29226306840829086,32.355143484322184,307,,+1.6738
1937,Atendidos_Dummy1,contemporaneo,log(pib_1939),vizinhos_dens_real_1937,vizinhos_dens_sint_1937,0.17776339261249452,1.1014795123501147,0.16138601818677395,0.8719021412645348,32.62181141971259,307,,+0.1778
1937,Atendidos_Dummy1,contemporaneo,log(pop_total_1940),vizinhos_dens_real_1937,vizinhos_dens_sint_1937,-0.0019932808260073875,0.7217758669509065,-0.002761634071291228,0.9977984429037695,32.62181141971259,307,,-0.0020
1937,Atendidos_Dummy1,persistencia,log(pib_2010),vizinhos_dens_real_1937,vizinhos_dens_sint_1937,3.424016465047398,2.282624710201679,1.5000347844060937,0.13469702620047658,32.62181141971259,307,,+3.4240
1937,Atendidos_Dummy1,persistencia,log(pib_2003),vizinhos_dens_real_1937,vizinhos_dens_sint_1937,3.2768304255661134,2.1899404187844023,1.4963103093850494,0.13566405893875572,32.62181141971259,307,,+3.2768
1937,Atendidos_Dummy1,persistencia,log(pop_total_2010),vizinhos_dens_real_1937,vizinhos_dens_sint_1937,1.111328428916067,1.7499469960654483,0.6350640513197024,0.5258891101219616,32.62181141971259,307,,+1.1113
1937,Atendidos_Dummy1,persistencia,log(pop_total_2000),vizinhos_dens_real_1937,vizinhos_dens_sint_1937,1.6634108353148918,1.5762556037318698,1.0552925752502813,0.2921729369864214,32.62181141971259,307,,+1.6634
1940,Atendidos_Dummy1,contemporaneo,log(pib_1939),vizinhos_dens_real_1940,vizinhos_dens_sint_1940,-0.0011271442134387355,1.081830168533426,-0.001041886468156771,0.9991694040245553,34.35821276952297,311,,-0.0011
1940,Atendidos_Dummy1,contemporaneo,log(pop_total_1940),vizinhos_dens_real_1940,vizinhos_dens_sint_1940,0.07218868744998289,0.7069324373567524,0.1021153983539066,0.9187349272945317,34.35821276952297,311,,+0.0722
1940,Atendidos_Dummy1,persistencia,log(pib_2010),vizinhos_dens_real_1940,vizinhos_dens_sint_1940,3.468770955247362,2.240796892738604,1.5480077496037499,0.1226998376479641,34.35821276952297,311,,+3.4688
1940,Atendidos_Dummy1,persistencia,log(pib_2003),vizinhos_dens_real_1940,vizinhos_dens_sint_1940,3.1270427641924825,2.127889664385,1.469551178583433,0.14275625682384585,34.35821276952297,311,,+3.1270
1940,Atendidos_Dummy1,persistencia,log(pop_total_2010),vizinhos_dens_real_1940,vizinhos_dens_sint_1940,1.0432756146447202,1.7091387483369591,0.6104101353151447,0.5420633212781786,34.35821276952297,311,,+1.0433
1940,Atendidos_Dummy1,persistencia,log(pop_total_2000),vizinhos_dens_real_1940,vizinhos_dens_sint_1940,1.5711799034112004,1.534198112403582,1.0241049644818558,0.30663046470530586,34.35821276952297,311,,+1.5712
1941,Atendidos_Dummy1,contemporaneo,log(pib_1939),vizinhos_dens_real_1941,vizinhos_dens_sint_1941,0.03253337218944696,1.0278649538955331,0.031651407187440195,0.9747714503299761,38.402320367305165,313,,+0.0325
1941,Atendidos_Dummy1,contemporaneo,log(pop_total_1940),vizinhos_dens_real_1941,vizinhos_dens_sint_1941,0.0604492016192653,0.6673693063131385,0.09057833653335824,0.9278891161506222,38.402320367305165,313,,+0.0604
1941,Atendidos_Dummy1,persistencia,log(pib_2010),vizinhos_dens_real_1941,vizinhos_dens_sint_1941,3.186406182769014,2.0857047045137476,1.5277360097396335,0.12764956910026648,38.402320367305165,313,,+3.1864
1941,Atendidos_Dummy1,persistencia,log(pib_2003),vizinhos_dens_real_1941,vizinhos_dens_sint_1941,2.8916828244200627,1.9840652922203943,1.45745345970139,0.14605491682787436,38.402320367305165,313,,+2.8917
1941,Atendidos_Dummy1,persistencia,log(pop_total_2010),vizinhos_dens_real_1941,vizinhos_dens_sint_1941,0.9279004941506914,1.593279070159746,0.5823841607720723,0.5607527906412131,38.402320367305165,313,,+0.9279
1941,Atendidos_Dummy1,persistencia,log(pop_total_2000),vizinhos_dens_real_1941,vizinhos_dens_sint_1941,1.434457009828412,1.4245042864028494,1.0069867978078852,0.3147663654147816,38.402320367305165,313,,+1.4345
1944,Atendidos_Dummy1,contemporaneo,log(pib_1939),vizinhos_dens_real_1944,vizinhos_dens_sint_1944,0.03868439560923542,0.986918549846332,0.03919715118867587,0.9687592763239014,40.96170840300697,318,,+0.0387
1944,Atendidos_Dummy1,contemporaneo,log(pop_total_1940),vizinhos_dens_real_1944,vizinhos_dens_sint_1944,0.08530654130016557,0.6429808997931081,0.132673523160042,0.8945405268200204,40.96170840300697,318,,+0.0853
1944,Atendidos_Dummy1,persistencia,log(pib_2010),vizinhos_dens_real_1944,vizinhos_dens_sint_1944,3.4389424990110116,1.997463475227647,1.7216547594789346,0.0861628971694309,40.96170840300697,318,*,+3.4389*
1944,Atendidos_Dummy1,persistencia,log(pib_2003),vizinhos_dens_real_1944,vizinhos_dens_sint_1944,3.1875551094550083,1.9070665573397712,1.6714440810610365,0.09567671139386262,40.96170840300697,318,*,+3.1876*
1944,Atendidos_Dummy1,persistencia,log(pop_total_2010),vizinhos_dens_real_1944,vizinhos_dens_sint_1944,1.162030539446236,1.5250770412169148,0.7619487462213773,0.44668919313931943,40.96170840300697,318,,+1.1620
1944,Atendidos_Dummy1,persistencia,log(pop_total_2000),vizinhos_dens_real_1944,vizinhos_dens_sint_1944,1.6121549806331648,1.3724353087867383,1.1746673743466596,0.24105936158241623,40.96170840300697,318,,+1.6122
1947,Atendidos_Dummy1,contemporaneo,log(pib_1939),vizinhos_dens_real_1947,vizinhos_dens_sint_1947,0.045970791813114364,0.9796813028386805,0.04692423105341652,0.962604528086489,41.63305612587684,321,,+0.0460
1947,Atendidos_Dummy1,contemporaneo,log(pop_total_1940),vizinhos_dens_real_1947,vizinhos_dens_sint_1947,0.12688723135413715,0.6392969456925223,0.19847933297520418,0.842803157754217,41.63305612587684,321,,+0.1269
1947,Atendidos_Dummy1,persistencia,log(pib_2010),vizinhos_dens_real_1947,vizinhos_dens_sint_1947,3.4521760516028337,1.9864602654159342,1.7378530603933329,0.0832526871379925,41.63305612587684,321,*,+3.4522*
1947,Atendidos_Dummy1,persistencia,log(pib_2003),vizinhos_dens_real_1947,vizinhos_dens_sint_1947,3.208705102417836,1.8968063251098213,1.6916355981847848,0.0917436101831422,41.63305612587684,321,*,+3.2087*
1947,Atendidos_Dummy1,persistencia,log(pop_total_2010),vizinhos_dens_real_1947,vizinhos_dens_sint_1947,1.197152526529857,1.5191470772839504,0.7880425433659918,0.431287882598285,41.63305612587684,321,,+1.1972
1947,Atendidos_Dummy1,persistencia,log(pop_total_2000),vizinhos_dens_real_1947,vizinhos_dens_sint_1947,1.6452899316089604,1.3705267272073833,1.2004800044734925,0.23089066323547397,41.63305612587684,321,,+1.6453
1948,Atendidos_Dummy1,contemporaneo,log(pib_1939),vizinhos_dens_real_1948,vizinhos_dens_sint_1948,0.41572914954079643,1.2843616522467431,0.3236854267748951,0.74639237327945,21.486350265668715,331,,+0.4157
1948,Atendidos_Dummy1,contemporaneo,log(pop_total_1940),vizinhos_dens_real_1948,vizinhos_dens_sint_1948,0.24565014290998927,0.8334159318437365,0.2947509563040704,0.7683795320602088,21.486350265668715,331,,+0.2457
1948,Atendidos_Dummy1,persistencia,log(pib_2010),vizinhos_dens_real_1948,vizinhos_dens_sint_1948,5.86964910951719,2.917334371606162,2.011990523487922,0.04507747261759215,21.486350265668715,331,**,+5.8696**
1948,Atendidos_Dummy1,persistencia,log(pib_2003),vizinhos_dens_real_1948,vizinhos_dens_sint_1948,5.653212823268652,2.787027277733287,2.0284024015245583,0.043365640437249546,21.486350265668715,331,**,+5.6532**
1948,Atendidos_Dummy1,persistencia,log(pop_total_2010),vizinhos_dens_real_1948,vizinhos_dens_sint_1948,2.649329068471225,2.114690882718393,1.252820963159195,0.21120603197353063,21.486350265668715,331,,+2.6493
1948,Atendidos_Dummy1,persistencia,log(pop_total_2000),vizinhos_dens_real_1948,vizinhos_dens_sint_1948,3.155461159456104,1.9525118700982165,1.6161034448909015,0.10707938429857729,21.486350265668715,331,,+3.1555
1949,Atendidos_Dummy1,contemporaneo,log(pib_1949),vizinhos_dens_real_1949,vizinhos_dens_sint_1949,-0.05090016094604222,1.4055127275121364,-0.03621465672256084,0.9711337795127024,21.69858734890004,338,,-0.0509
1949,Atendidos_Dummy1,contemporaneo,log(pop_total_1950),vizinhos_dens_real_1949,vizinhos_dens_sint_1949,0.7064115269075955,0.9718118205904732,0.7269015584502558,0.4678176801285324,21.69858734890004,338,,+0.7064
1949,Atendidos_Dummy1,persistencia,log(pib_2010),vizinhos_dens_real_1949,vizinhos_dens_sint_1949,5.721010941092531,2.903668897733706,1.9702697320475282,0.04966932632334531,21.69858734890004,338,**,+5.7210**
1949,Atendidos_Dummy1,persistencia,log(pib_2003),vizinhos_dens_real_1949,vizinhos_dens_sint_1949,5.5122253560777565,2.7755333894173173,1.9860057807609253,0.04788563421254859,21.69858734890004,338,**,+5.5122**
1949,Atendidos_Dummy1,persistencia,log(pop_total_2010),vizinhos_dens_real_1949,vizinhos_dens_sint_1949,2.5575752763604953,2.114368666287696,1.2096165239011794,0.227318934607213,21.69858734890004,338,,+2.5576
1949,Atendidos_Dummy1,persistencia,log(pop_total_2000),vizinhos_dens_real_1949,vizinhos_dens_sint_1949,3.0621900494611785,1.958157466885203,1.5638119514117192,0.11885009530002184,21.69858734890004,338,,+3.0622
1950,Atendidos_Dummy1,contemporaneo,log(pib_1949),vizinhos_dens_real_1950,vizinhos_dens_sint_1950,-0.21881164850750262,1.4077843082262491,-0.15542981068115214,0.8765778014006602,22.144612665312017,347,,-0.2188
1950,Atendidos_Dummy1,contemporaneo,log(pop_total_1950),vizinhos_dens_real_1950,vizinhos_dens_sint_1950,0.7780827777024275,0.9726566919946928,0.7999562272139007,0.42431337508436773,22.144612665312017,347,,+0.7781
1950,Atendidos_Dummy1,persistencia,log(pib_2010),vizinhos_dens_real_1950,vizinhos_dens_sint_1950,4.833765731494279,2.7639717652164917,1.748847724251506,0.0812499236453581,22.144612665312017,347,*,+4.8338*
1950,Atendidos_Dummy1,persistencia,log(pib_2003),vizinhos_dens_real_1950,vizinhos_dens_sint_1950,4.624386102185804,2.6471125532698716,1.7469548457520199,0.0815782969260752,22.144612665312017,347,*,+4.6244*
1950,Atendidos_Dummy1,persistencia,log(pop_total_2010),vizinhos_dens_real_1950,vizinhos_dens_sint_1950,1.9460732529208697,2.0564280060396127,0.9463366804990803,0.34467140454936784,22.144612665312017,347,,+1.9461
1950,Atendidos_Dummy1,persistencia,log(pop_total_2000),vizinhos_dens_real_1950,vizinhos_dens_sint_1950,2.488524991309766,1.8666967291897327,1.3331169184562437,0.18341580847983788,22.144612665312017,347,,+2.4885
1951,Atendidos_Dummy1,contemporaneo,log(pib_1949),vizinhos_dens_real_1951,vizinhos_dens_sint_1951,-0.1622151282612866,1.5555202007804483,-0.10428352404545996,0.917006021981638,17.850196855736865,357,,-0.1622
1951,Atendidos_Dummy1,contemporaneo,log(pop_total_1950),vizinhos_dens_real_1951,vizinhos_dens_sint_1951,1.0722286048804526,1.0967431310243478,0.9776478872304412,0.3289456479366978,17.850196855736865,357,,+1.0722
1951,Atendidos_Dummy1,persistencia,log(pib_2010),vizinhos_dens_real_1951,vizinhos_dens_sint_1951,6.099291413165721,3.2025992089688446,1.9044816460594636,0.05769373306110793,17.850196855736865,357,*,+6.0993*
1951,Atendidos_Dummy1,persistencia,log(pib_2003),vizinhos_dens_real_1951,vizinhos_dens_sint_1951,5.871685133386203,3.0803943128893017,1.9061472451164112,0.05747657531142242,17.850196855736865,357,*,+5.8717*
1951,Atendidos_Dummy1,persistencia,log(pop_total_2010),vizinhos_dens_real_1951,vizinhos_dens_sint_1951,2.7009320979938134,2.3324499405590644,1.1579807356321772,0.24768706699885973,17.850196855736865,357,,+2.7009
1951,Atendidos_Dummy1,persistencia,log(pop_total_2000),vizinhos_dens_real_1951,vizinhos_dens_sint_1951,3.25517636397272,2.1427654817568422,1.5191472849860443,0.12965748779581407,17.850196855736865,357,,+3.2552
1953,Atendidos_Dummy1,contemporaneo,log(pib_1949),vizinhos_dens_real_1953,vizinhos_dens_sint_1953,-0.12697689189582229,1.4796134374641452,-0.08581761200644629,0.931661918868677,18.716509333427766,358,,-0.1270
1953,Atendidos_Dummy1,contemporaneo,log(pop_total_1950),vizinhos_dens_real_1953,vizinhos_dens_sint_1953,1.0333049652158681,1.0432522952667274,0.9904650772435483,0.3226511962313232,18.716509333427766,358,,+1.0333
1953,Atendidos_Dummy1,persistencia,log(pib_2010),vizinhos_dens_real_1953,vizinhos_dens_sint_1953,5.739750615255803,3.0097006805914597,1.9070835356716733,0.05735231613938845,18.716509333427766,358,*,+5.7398*
1953,Atendidos_Dummy1,persistencia,log(pib_2003),vizinhos_dens_real_1953,vizinhos_dens_sint_1953,5.5175052044693675,2.8943910417979386,1.906274972797733,0.057457462186174826,18.716509333427766,358,*,+5.5175*
1953,Atendidos_Dummy1,persistencia,log(pop_total_2010),vizinhos_dens_real_1953,vizinhos_dens_sint_1953,2.5123760816128486,2.2051193316516966,1.1393379240528485,0.25536428893887597,18.716509333427766,358,,+2.5124
1953,Atendidos_Dummy1,persistencia,log(pop_total_2000),vizinhos_dens_real_1953,vizinhos_dens_sint_1953,3.044789174772136,2.019445671158312,1.5077351266527057,0.13255092280639133,18.716509333427766,358,,+3.0448
1955,Atendidos_Dummy1,contemporaneo,log(pib_1949),vizinhos_dens_real_1955,vizinhos_dens_sint_1955,-0.17540540192643717,1.469314892754829,-0.11937904038906753,0.9050453639460558,19.15219155955972,359,,-0.1754
1955,Atendidos_Dummy1,contemporaneo,log(pop_total_1950),vizinhos_dens_real_1955,vizinhos_dens_sint_1955,1.00086462999819,1.0321013233032557,0.9697348578092196,0.33286598058101957,19.15219155955972,359,,+1.0009
1955,Atendidos_Dummy1,persistencia,log(pib_2010),vizinhos_dens_real_1955,vizinhos_dens_sint_1955,5.647944920518921,2.964109292299449,1.9054442206945241,0.057563186407170716,19.15219155955972,359,*,+5.6479*
1955,Atendidos_Dummy1,persistencia,log(pib_2003),vizinhos_dens_real_1955,vizinhos_dens_sint_1955,5.433653420383189,2.851917440633211,1.9052632250030195,0.057586782043117145,19.15219155955972,359,*,+5.4337*
1955,Atendidos_Dummy1,persistencia,log(pop_total_2010),vizinhos_dens_real_1955,vizinhos_dens_sint_1955,2.4529888282583756,2.1764907231770794,1.1270384946450334,0.2605186498884611,19.15219155955972,359,,+2.4530
1955,Atendidos_Dummy1,persistencia,log(pop_total_2000),vizinhos_dens_real_1955,vizinhos_dens_sint_1955,2.9963338682566483,1.989891448109308,1.505777549375173,0.133050013234085,19.15219155955972,359,,+2.9963
1956,Atendidos_Dummy1,contemporaneo,log(pib_1949),vizinhos_dens_real_1956,vizinhos_dens_sint_1956,-0.1621646803123843,1.4703290072317168,-0.11029142424232125,0.9122431389844246,19.102558566370444,359,,-0.1622
1956,Atendidos_Dummy1,contemporaneo,log(pop_total_1950),vizinhos_dens_real_1956,vizinhos_dens_sint_1956,1.0010510954010183,1.033293391101609,0.9687965722240645,0.3333333229511578,19.102558566370444,359,,+1.0011
1956,Atendidos_Dummy1,persistencia,log(pib_2010),vizinhos_dens_real_1956,vizinhos_dens_sint_1956,5.669192782297389,2.971700746300756,1.907726674482461,0.05726632488254255,19.102558566370444,359,*,+5.6692*
1956,Atendidos_Dummy1,persistencia,log(pib_2003),vizinhos_dens_real_1956,vizinhos_dens_sint_1956,5.4597169345048915,2.859960078323706,1.9090185824219505,0.057098863704949286,19.102558566370444,359,*,+5.4597*
1956,Atendidos_Dummy1,persistencia,log(pop_total_2010),vizinhos_dens_real_1956,vizinhos_dens_sint_1956,2.4703438735197905,2.181189197383536,1.1325674437059896,0.25819167366681595,19.102558566370444,359,,+2.4703
1956,Atendidos_Dummy1,persistencia,log(pop_total_2000),vizinhos_dens_real_1956,vizinhos_dens_sint_1956,3.0206927568892246,1.9958745381300202,1.5134682562358752,0.1310870188981802,19.102558566370444,359,,+3.0207
1957,Atendidos_Dummy1,contemporaneo,log(pib_1949),vizinhos_dens_real_1957,vizinhos_dens_sint_1957,-0.08729207846165687,1.4913857701502902,-0.0585308511109505,0.9533597741179709,18.62857911770403,362,,-0.0873
1957,Atendidos_Dummy1,contemporaneo,log(pop_total_1950),vizinhos_dens_real_1957,vizinhos_dens_sint_1957,1.0378035780970192,1.051857667418598,0.9866387917710678,0.3245131894038059,18.62857911770403,362,,+1.0378
1957,Atendidos_Dummy1,persistencia,log(pib_2010),vizinhos_dens_real_1957,vizinhos_dens_sint_1957,5.869665618493764,3.0544946953417784,1.9216486535220472,0.055475891518472306,18.62857911770403,362,*,+5.8697*
1957,Atendidos_Dummy1,persistencia,log(pib_2003),vizinhos_dens_real_1957,vizinhos_dens_sint_1957,5.656446848695088,2.9396874104354933,1.9241660962371256,0.05515847500322478,18.62857911770403,362,*,+5.6564*
1957,Atendidos_Dummy1,persistencia,log(pop_total_2010),vizinhos_dens_real_1957,vizinhos_dens_sint_1957,2.6111659285631,2.234486977062417,1.1685751384400038,0.24338402991784713,18.62857911770403,362,,+2.6112
1957,Atendidos_Dummy1,persistencia,log(pop_total_2000),vizinhos_dens_real_1957,vizinhos_dens_sint_1957,3.14673038693733,2.0506929835380627,1.534471718681298,0.12583282251208547,18.62857911770403,362,,+3.1467
1958,Atendidos_Dummy1,contemporaneo,log(pib_1949),vizinhos_dens_real_1958,vizinhos_dens_sint_1958,-0.8396657621412021,1.635450478972188,-0.5134155836188308,0.6079755858551913,16.71539304221948,378,,-0.8397
1958,Atendidos_Dummy1,contemporaneo,log(pop_total_1950),vizinhos_dens_real_1958,vizinhos_dens_sint_1958,0.7492307757224803,1.081759855206434,0.6926036052424069,0.489004869540666,16.71539304221948,378,,+0.7492
1958,Atendidos_Dummy1,persistencia,log(pib_2010),vizinhos_dens_real_1958,vizinhos_dens_sint_1958,7.273120133854358,3.5400835807366593,2.054505202484764,0.04064824844408271,16.71539304221948,378,**,+7.2731**
1958,Atendidos_Dummy1,persistencia,log(pib_2003),vizinhos_dens_real_1958,vizinhos_dens_sint_1958,7.0360804620471775,3.414083162770922,2.060898966601794,0.04003052806743364,16.71539304221948,378,**,+7.0361**
1958,Atendidos_Dummy1,persistencia,log(pop_total_2010),vizinhos_dens_real_1958,vizinhos_dens_sint_1958,3.731410994893136,2.5842559758215353,1.4439014671164376,0.1496363701436344,16.71539304221948,378,,+3.7314
1958,Atendidos_Dummy1,persistencia,log(pop_total_2000),vizinhos_dens_real_1958,vizinhos_dens_sint_1958,4.196972149912291,2.4264588794144246,1.7296695961009416,0.08454645533035683,16.71539304221948,378,*,+4.1970*
1961,Atendidos_Dummy1,contemporaneo,log(pib_1959),vizinhos_dens_real_1961,vizinhos_dens_sint_1961,-1.0126375279486275,2.3305722889570024,-0.4345016598484536,0.6641837857580493,16.87342399624515,379,,-1.0126
1961,Atendidos_Dummy1,contemporaneo,log(pop_total_1960),vizinhos_dens_real_1961,vizinhos_dens_sint_1961,0.8296236003044131,1.4883127842792336,0.5574255687833701,0.5775821626348805,16.87342399624515,379,,+0.8296
1961,Atendidos_Dummy1,persistencia,log(pib_2010),vizinhos_dens_real_1961,vizinhos_dens_sint_1961,7.271326716851567,3.5280310889281536,2.0610154881205025,0.04001735346461344,16.87342399624515,379,**,+7.2713**
1961,Atendidos_Dummy1,persistencia,log(pib_2003),vizinhos_dens_real_1961,vizinhos_dens_sint_1961,7.040313162894792,3.4033153327263106,2.0686631929739447,0.039289191254451516,16.87342399624515,379,**,+7.0403**
1961,Atendidos_Dummy1,persistencia,log(pop_total_2010),vizinhos_dens_real_1961,vizinhos_dens_sint_1961,3.743974308269,2.5769731162193326,1.4528573405382552,0.14713202200612996,16.87342399624515,379,,+3.7440
1961,Atendidos_Dummy1,persistencia,log(pop_total_2000),vizinhos_dens_real_1961,vizinhos_dens_sint_1961,4.206209759372454,2.4199776919823495,1.7381192286640024,0.08304248570835816,16.87342399624515,379,*,+4.2062*
1962,Atendidos_Dummy1,contemporaneo,log(pib_1959),vizinhos_dens_real_1962,vizinhos_dens_sint_1962,-0.6427014212169586,2.2234093579629093,-0.28906121984023786,0.7726972984957361,18.585306867888463,386,,-0.6427
1962,Atendidos_Dummy1,contemporaneo,log(pop_total_1960),vizinhos_dens_real_1962,vizinhos_dens_sint_1962,0.8351217389934265,1.4204219840419803,0.5879391817190747,0.5569337301155217,18.585306867888463,386,,+0.8351
1962,Atendidos_Dummy1,persistencia,log(pib_2010),vizinhos_dens_real_1962,vizinhos_dens_sint_1962,7.587894304606591,3.4757915803161863,2.1830694186549398,0.0296620248908685,18.585306867888463,386,**,+7.5879**
1962,Atendidos_Dummy1,persistencia,log(pib_2003),vizinhos_dens_real_1962,vizinhos_dens_sint_1962,7.350009544022386,3.3566271502626503,2.189700915529823,0.029173241482060523,18.585306867888463,386,**,+7.3500**
1962,Atendidos_Dummy1,persistencia,log(pop_total_2010),vizinhos_dens_real_1962,vizinhos_dens_sint_1962,3.8751278665868663,2.5020249946318844,1.5487966246943918,0.12229014641326265,18.585306867888463,386,,+3.8751
1962,Atendidos_Dummy1,persistencia,log(pop_total_2000),vizinhos_dens_real_1962,vizinhos_dens_sint_1962,4.264851533933226,2.34529053565515,1.8184747130878829,0.06980437241815687,18.585306867888463,386,*,+4.2649*
1966,Atendidos_Dummy1,contemporaneo,log(pib_1959),vizinhos_dens_real_1966,vizinhos_dens_sint_1966,-0.5835104915505819,2.2261335856915037,-0.2621183631122146,0.7933764529557471,18.545112100630114,387,,-0.5835
1966,Atendidos_Dummy1,contemporaneo,log(pop_total_1960),vizinhos_dens_real_1966,vizinhos_dens_sint_1966,0.8732827426471113,1.4244573571460541,0.6130634506299024,0.5402120549178513,18.545112100630114,387,,+0.8733
1966,Atendidos_Dummy1,persistencia,log(pib_2010),vizinhos_dens_real_1966,vizinhos_dens_sint_1966,7.675238533043848,3.4953633728691633,2.1958342278856238,0.028725693369238733,18.545112100630114,387,**,+7.6752**
1966,Atendidos_Dummy1,persistencia,log(pib_2003),vizinhos_dens_real_1966,vizinhos_dens_sint_1966,7.439553764118168,3.37555764222986,2.20394807395547,0.02814494142419671,18.545112100630114,387,**,+7.4396**
1966,Atendidos_Dummy1,persistencia,log(pop_total_2010),vizinhos_dens_real_1966,vizinhos_dens_sint_1966,3.9382191546710255,2.5134377766499907,1.5668655859545646,0.11800323856734418,18.545112100630114,387,,+3.9382
1966,Atendidos_Dummy1,persistencia,log(pop_total_2000),vizinhos_dens_real_1966,vizinhos_dens_sint_1966,4.328796087051812,2.35722327833877,1.836396291700669,0.06710335286280338,18.545112100630114,387,*,+4.3288*
1969,Atendidos_Dummy1,contemporaneo,log(pib_1959),vizinhos_dens_real_1969,vizinhos_dens_sint_1969,-0.5623604881020272,2.2107991676613907,-0.25436977556713064,0.7993504477236495,19.002354628110336,390,,-0.5624
1969,Atendidos_Dummy1,contemporaneo,log(pop_total_1960),vizinhos_dens_real_1969,vizinhos_dens_sint_1969,0.8243097067392479,1.411607984419127,0.5839508672646458,0.559607283287938,19.002354628110336,390,,+0.8243
1969,Atendidos_Dummy1,persistencia,log(pib_2010),vizinhos_dens_real_1969,vizinhos_dens_sint_1969,7.670444512166326,3.469846086389334,2.2106007935781578,0.027671420660613625,19.002354628110336,390,**,+7.6704**
1969,Atendidos_Dummy1,persistencia,log(pib_2003),vizinhos_dens_real_1969,vizinhos_dens_sint_1969,7.45628628979402,3.3550260199292414,2.2224227906140874,0.026855486734626458,19.002354628110336,390,**,+7.4563**
1969,Atendidos_Dummy1,persistencia,log(pop_total_2010),vizinhos_dens_real_1969,vizinhos_dens_sint_1969,3.9316746088662398,2.4938451385252836,1.5765512253063179,0.11574881096851275,19.002354628110336,390,,+3.9317
1969,Atendidos_Dummy1,persistencia,log(pop_total_2000),vizinhos_dens_real_1969,vizinhos_dens_sint_1969,4.326733040312563,2.338424746636505,1.8502767927580137,0.06506640519034991,19.002354628110336,390,*,+4.3267*
1972,Atendidos_Dummy1,contemporaneo,log(pib_1970),vizinhos_dens_real_1972,vizinhos_dens_sint_1972,2.0822981872660207,2.7315775110220017,0.7623060956036875,0.4463617030196302,18.964874006157856,390,,+2.0823
1972,Atendidos_Dummy1,contemporaneo,log(pop_total_1970),vizinhos_dens_real_1972,vizinhos_dens_sint_1972,1.3770836556601653,2.0036696253285506,0.6872807963210795,0.49233404516206103,19.128103702812158,390,,+1.3771
1972,Atendidos_Dummy1,persistencia,log(pib_2010),vizinhos_dens_real_1972,vizinhos_dens_sint_1972,7.588825057873152,3.4474536336453947,2.2012841547193203,0.02832947971083083,19.128103702812158,390,**,+7.5888**
1972,Atendidos_Dummy1,persistencia,log(pib_2003),vizinhos_dens_real_1972,vizinhos_dens_sint_1972,7.3805994401855965,3.333924139811383,2.2137874560646584,0.027449396414751696,19.128103702812158,390,**,+7.3806**
1972,Atendidos_Dummy1,persistencia,log(pop_total_2010),vizinhos_dens_real_1972,vizinhos_dens_sint_1972,3.881223309730056,2.480748232882318,1.5645373675105119,0.11854167599245291,19.128103702812158,390,,+3.8812
1972,Atendidos_Dummy1,persistencia,log(pop_total_2000),vizinhos_dens_real_1972,vizinhos_dens_sint_1972,4.277463211100539,2.3253450772555553,1.8394961044443925,0.06663893515693761,19.128103702812158,390,*,+4.2775*
1985,Atendidos_Dummy1,contemporaneo,log(pib_1985),vizinhos_dens_real_1985,vizinhos_dens_sint_1985,2.5836352534432248,2.8878703416132185,0.8946507106686644,0.3715401403729045,19.557868315519656,398,,+2.5836
1985,Atendidos_Dummy1,contemporaneo,log(pop_total_1991),vizinhos_dens_real_1985,vizinhos_dens_sint_1985,3.5534915754814818,2.142556005280024,1.6585291431003009,0.09803585346669565,19.557868315519656,398,*,+3.5535*
1985,Atendidos_Dummy1,persistencia,log(pib_2010),vizinhos_dens_real_1985,vizinhos_dens_sint_1985,7.503939182325297,3.4110317477674363,2.1999030607782295,0.02841520300915293,19.557868315519656,398,**,+7.5039**
1985,Atendidos_Dummy1,persistencia,log(pib_2003),vizinhos_dens_real_1985,vizinhos_dens_sint_1985,7.281635697645849,3.2985764562412205,2.2075085401971815,0.02787547795497747,19.557868315519656,398,**,+7.2816**
1985,Atendidos_Dummy1,persistencia,log(pop_total_2010),vizinhos_dens_real_1985,vizinhos_dens_sint_1985,3.8355787403828256,2.4567712415575746,1.561227466156392,0.11930248609436628,19.557868315519656,398,,+3.8356
1985,Atendidos_Dummy1,persistencia,log(pop_total_2000),vizinhos_dens_real_1985,vizinhos_dens_sint_1985,4.230942667842434,2.301482332970096,1.8383554838686689,0.06679034789372636,19.557868315519656,398,*,+4.2309*
1996,Atendidos_Dummy1,contemporaneo,log(pib_1996),vizinhos_dens_real_1996,vizinhos_dens_sint_1996,6.72387729571078,3.3995987161299897,1.9778444037551168,0.04866452038412027,19.73710634923611,400,**,+6.7239**
1996,Atendidos_Dummy1,contemporaneo,log(pop_total_1996),vizinhos_dens_real_1996,vizinhos_dens_sint_1996,3.719200966721957,2.1813405316064913,1.7050070416941632,0.08900612168017959,19.73710634923611,400,*,+3.7192*
1996,Atendidos_Dummy1,persistencia,log(pib_2010),vizinhos_dens_real_1996,vizinhos_dens_sint_1996,7.489733208374054,3.399010873372502,2.2035037507669792,0.028155416253719895,19.73710634923611,400,**,+7.4897**
1996,Atendidos_Dummy1,persistencia,log(pib_2003),vizinhos_dens_real_1996,vizinhos_dens_sint_1996,7.293992579143938,3.291225877847429,2.2161932513469575,0.02726693021507616,19.73710634923611,400,**,+7.2940**
1996,Atendidos_Dummy1,persistencia,log(pop_total_2010),vizinhos_dens_real_1996,vizinhos_dens_sint_1996,3.7918431621616007,2.444453858502271,1.551202592338921,0.12168119926722715,19.73710634923611,400,,+3.7918
1996,Atendidos_Dummy1,persistencia,log(pop_total_2000),vizinhos_dens_real_1996,vizinhos_dens_sint_1996,4.204117909276915,2.2934200459908864,1.8331216371052952,0.06756252125073657,19.73710634923611,400,*,+4.2041*
2003,Atendidos_Dummy1,contemporaneo,log(pib_2003),vizinhos_dens_real_2003,vizinhos_dens_sint_2003,7.284847095463395,3.287410399159487,2.2159834675116796,0.027279877232418145,19.801404649993525,401,**,+7.2848**
2003,Atendidos_Dummy1,contemporaneo,log(pop_total_2000),vizinhos_dens_real_2003,vizinhos_dens_sint_2003,4.197034364705414,2.2909952633321127,1.8319699005405554,0.06773230503693747,19.801404649993525,401,*,+4.1970*
2003,Atendidos_Dummy1,persistencia,log(pib_2010),vizinhos_dens_real_2003,vizinhos_dens_sint_2003,7.477772374086104,3.394667720793752,2.20279950472962,0.02820388920184441,19.801404649993525,401,**,+7.4778**
2003,Atendidos_Dummy1,persistencia,log(pib_2003),vizinhos_dens_real_2003,vizinhos_dens_sint_2003,7.284847095463395,3.287410399159487,2.2159834675116796,0.027279877232418145,19.801404649993525,401,**,+7.2848**
2003,Atendidos_Dummy1,persistencia,log(pop_total_2010),vizinhos_dens_real_2003,vizinhos_dens_sint_2003,3.7841022982574093,2.4420197727009847,1.5495788938973334,0.12206850929632013,19.801404649993525,401,,+3.7841
2003,Atendidos_Dummy1,persistencia,log(pop_total_2000),vizinhos_dens_real_2003,vizinhos_dens_sint_2003,4.197034364705414,2.2909952633321127,1.8319699005405554,0.06773230503693747,19.801404649993525,401,*,+4.1970*
1858,Geral,contemporaneo,log(pib_1920),vizinhos_dens_real_1858,vizinhos_dens_sint_1858,5.594029754948159,1.248827675500336,4.479424875579364,8.140557059329458e-6,90009.40625296485,1321,***,+5.5940***
1858,Geral,contemporaneo,log(pop_total_1940),vizinhos_dens_real_1858,vizinhos_dens_sint_1858,1.0386570396066115,0.8649603916281291,1.2008145686897065,0.23004155120814715,90009.40625296485,1321,,+1.0387
1858,Geral,persistencia,log(pib_2010),vizinhos_dens_real_1858,vizinhos_dens_sint_1858,13.393581818316832,3.1130606685722206,4.302383809455177,1.8160285430909843e-5,90009.40625296485,1321,***,+13.3936***
1858,Geral,persistencia,log(pib_2003),vizinhos_dens_real_1858,vizinhos_dens_sint_1858,13.367552944233632,2.928185357425136,4.565132091223974,5.463635745455545e-6,90009.40625296485,1321,***,+13.3676***
1858,Geral,persistencia,log(pop_total_2010),vizinhos_dens_real_1858,vizinhos_dens_sint_1858,11.681783990230823,2.365678543006095,4.938026776616338,8.914748535355815e-7,90009.40625296485,1321,***,+11.6818***
1858,Geral,persistencia,log(pop_total_2000),vizinhos_dens_real_1858,vizinhos_dens_sint_1858,12.019536210248742,2.4345599760190506,4.937046664959503,8.958820845593715e-7,90009.40625296485,1321,***,+12.0195***
1860,Geral,contemporaneo,log(pib_1920),vizinhos_dens_real_1860,vizinhos_dens_sint_1860,4.0275935791405235,1.1855482633336045,3.397241347067107,7.012761573705316e-4,21906.94284745933,1318,***,+4.0276***
1860,Geral,contemporaneo,log(pop_total_1940),vizinhos_dens_real_1860,vizinhos_dens_sint_1860,-0.16039053037407508,0.654991064243246,-0.24487437940757975,0.8065923760142797,21906.94284745933,1318,,-0.1604
1860,Geral,persistencia,log(pib_2010),vizinhos_dens_real_1860,vizinhos_dens_sint_1860,14.366599112503522,2.480787291586456,5.7911450777047975,8.75826292661693e-9,21906.94284745933,1318,***,+14.3666***
1860,Geral,persistencia,log(pib_2003),vizinhos_dens_real_1860,vizinhos_dens_sint_1860,13.716491389738577,2.51864960177536,5.445970483575809,6.155522006098489e-8,21906.94284745933,1318,***,+13.7165***
1860,Geral,persistencia,log(pop_total_2010),vizinhos_dens_real_1860,vizinhos_dens_sint_1860,8.081107181285438,1.7046510651997024,4.7406224923449205,2.365396153435925e-6,21906.94284745933,1318,***,+8.0811***
1860,Geral,persistencia,log(pop_total_2000),vizinhos_dens_real_1860,vizinhos_dens_sint_1860,8.090382426008441,1.7443862930103364,4.637953450119492,3.873895231613579e-6,21906.94284745933,1318,***,+8.0904***
1862,Geral,contemporaneo,log(pib_1920),vizinhos_dens_real_1862,vizinhos_dens_sint_1862,3.801480069893304,1.2573118011057045,3.0234982814527056,0.0025477310391526695,1480.7622198752374,1317,***,+3.8015***
1862,Geral,contemporaneo,log(pop_total_1940),vizinhos_dens_real_1862,vizinhos_dens_sint_1862,-0.1448807996488866,0.6166090448445023,-0.23496379247148882,0.8142738965788006,1480.7622198752374,1317,,-0.1449
1862,Geral,persistencia,log(pib_2010),vizinhos_dens_real_1862,vizinhos_dens_sint_1862,13.535220179162845,2.480342945352221,5.456995454812309,5.7942599863679156e-8,1480.7622198752374,1317,***,+13.5352***
1862,Geral,persistencia,log(pib_2003),vizinhos_dens_real_1862,vizinhos_dens_sint_1862,12.910956742600819,2.5503334214163407,5.062458357084405,4.734668182236802e-7,1480.7622198752374,1317,***,+12.9110***
1862,Geral,persistencia,log(pop_total_2010),vizinhos_dens_real_1862,vizinhos_dens_sint_1862,7.605976632421646,1.8446748011192964,4.1232073142683765,3.973580426861591e-5,1480.7622198752374,1317,***,+7.6060***
1862,Geral,persistencia,log(pop_total_2000),vizinhos_dens_real_1862,vizinhos_dens_sint_1862,7.617339164948639,1.8834014559427898,4.044458573031932,5.553368517268341e-5,1480.7622198752374,1317,***,+7.6173***
1863,Geral,contemporaneo,log(pib_1920),vizinhos_dens_real_1863,vizinhos_dens_sint_1863,3.2334473302925573,1.0662529935350549,3.03253294471173,0.002473251520348634,1526.0529281631366,1316,***,+3.2334***
1863,Geral,contemporaneo,log(pop_total_1940),vizinhos_dens_real_1863,vizinhos_dens_sint_1863,-0.10921952905679237,0.5196911958149825,-0.21016236168002372,0.8335739634566802,1526.0529281631366,1316,,-0.1092
1863,Geral,persistencia,log(pib_2010),vizinhos_dens_real_1863,vizinhos_dens_sint_1863,11.563157357281494,2.016398403882024,5.734559864270769,1.2150213311283418e-8,1526.0529281631366,1316,***,+11.5632***
1863,Geral,persistencia,log(pib_2003),vizinhos_dens_real_1863,vizinhos_dens_sint_1863,11.027578377052166,2.1094948253131953,5.2275920493973755,1.9997037847889915e-7,1526.0529281631366,1316,***,+11.0276***
1863,Geral,persistencia,log(pop_total_2010),vizinhos_dens_real_1863,vizinhos_dens_sint_1863,6.511792968316972,1.5172021387017771,4.291974551188619,1.902574485774853e-5,1526.0529281631366,1316,***,+6.5118***
1863,Geral,persistencia,log(pop_total_2000),vizinhos_dens_real_1863,vizinhos_dens_sint_1863,6.520697684983385,1.5948269513955713,4.0886553110212835,4.6056459361954956e-5,1526.0529281631366,1316,***,+6.5207***
1873,Geral,contemporaneo,log(pib_1920),vizinhos_dens_real_1873,vizinhos_dens_sint_1873,3.301664126659686,1.074855551769475,3.0717282161536406,0.0021726027700577303,1339.4307440573207,1314,***,+3.3017***
1873,Geral,contemporaneo,log(pop_total_1940),vizinhos_dens_real_1873,vizinhos_dens_sint_1873,-0.07957985072095097,0.5208236274331234,-0.15279616079086095,0.878582828512047,1339.4307440573207,1314,,-0.0796
1873,Geral,persistencia,log(pib_2010),vizinhos_dens_real_1873,vizinhos_dens_sint_1873,11.709282403200264,2.0336242878392783,5.7578395740155885,1.0628052135756511e-8,1339.4307440573207,1314,***,+11.7093***
1873,Geral,persistencia,log(pib_2003),vizinhos_dens_real_1873,vizinhos_dens_sint_1873,11.168575589157827,2.1276731683420937,5.249196989150596,1.7835790755594157e-7,1339.4307440573207,1314,***,+11.1686***
1873,Geral,persistencia,log(pop_total_2010),vizinhos_dens_real_1873,vizinhos_dens_sint_1873,6.620558286864562,1.5273019203923195,4.334806496651254,1.5718465269103797e-5,1339.4307440573207,1314,***,+6.6206***
1873,Geral,persistencia,log(pop_total_2000),vizinhos_dens_real_1873,vizinhos_dens_sint_1873,6.573511572176364,1.60500692408921,4.0956281705180935,4.4713152656247185e-5,1339.4307440573207,1314,***,+6.5735***
1875,Geral,contemporaneo,log(pib_1920),vizinhos_dens_real_1875,vizinhos_dens_sint_1875,3.3442314201345664,1.0938286513231459,3.0573631583788092,0.0022787602189278475,1197.5616516711461,1312,***,+3.3442***
1875,Geral,contemporaneo,log(pop_total_1940),vizinhos_dens_real_1875,vizinhos_dens_sint_1875,-0.09240309358135648,0.5290761646058886,-0.17464988930315542,0.8613820871313758,1197.5616516711461,1312,,-0.0924
1875,Geral,persistencia,log(pib_2010),vizinhos_dens_real_1875,vizinhos_dens_sint_1875,11.823306661467354,2.0739591523693095,5.700838730579772,1.4753759218918486e-8,1197.5616516711461,1312,***,+11.8233***
1875,Geral,persistencia,log(pib_2003),vizinhos_dens_real_1875,vizinhos_dens_sint_1875,11.273945733106025,2.168482234190445,5.199003042473578,2.3267329648909906e-7,1197.5616516711461,1312,***,+11.2739***
1875,Geral,persistencia,log(pop_total_2010),vizinhos_dens_real_1875,vizinhos_dens_sint_1875,6.678018843221429,1.5526877420778946,4.300941304711098,1.82863242826434e-5,1197.5616516711461,1312,***,+6.6780***
1875,Geral,persistencia,log(pop_total_2000),vizinhos_dens_real_1875,vizinhos_dens_sint_1875,6.631164142295825,1.6315432547697548,4.064350805845857,5.1069831016232324e-5,1197.5616516711461,1312,***,+6.6312***
1876,Geral,contemporaneo,log(pib_1920),vizinhos_dens_real_1876,vizinhos_dens_sint_1876,3.811862663073012,1.0088294440413452,3.7785006034347957,1.6496501561870215e-4,1445.0897560930953,1310,***,+3.8119***
1876,Geral,contemporaneo,log(pop_total_1940),vizinhos_dens_real_1876,vizinhos_dens_sint_1876,0.4320937173198892,0.589782092726155,0.7326328192207712,0.4639153999861535,1445.0897560930953,1310,,+0.4321
1876,Geral,persistencia,log(pib_2010),vizinhos_dens_real_1876,vizinhos_dens_sint_1876,9.726159719105507,1.940646319151446,5.011814684170942,6.141105070194384e-7,1445.0897560930953,1310,***,+9.7262***
1876,Geral,persistencia,log(pib_2003),vizinhos_dens_real_1876,vizinhos_dens_sint_1876,9.334471602428485,1.9463018631937756,4.796004041793971,1.806723245618288e-6,1445.0897560930953,1310,***,+9.3345***
1876,Geral,persistencia,log(pop_total_2010),vizinhos_dens_real_1876,vizinhos_dens_sint_1876,5.511381249545517,1.404499451487472,3.924089285836704,9.164633683085862e-5,1445.0897560930953,1310,***,+5.5114***
1876,Geral,persistencia,log(pop_total_2000),vizinhos_dens_real_1876,vizinhos_dens_sint_1876,5.426391450927818,1.4400416565613892,3.7682183888244283,1.7183120668973177e-4,1445.0897560930953,1310,***,+5.4264***
1880,Geral,contemporaneo,log(pib_1920),vizinhos_dens_real_1880,vizinhos_dens_sint_1880,3.9194950130802297,1.055633126013478,3.7129329465833636,2.1360206034910158e-4,787.6874657757913,1310,***,+3.9195***
1880,Geral,contemporaneo,log(pop_total_1940),vizinhos_dens_real_1880,vizinhos_dens_sint_1880,0.43499870757957637,0.6070759833484173,0.7165473837068578,0.4737830208850927,787.6874657757913,1310,,+0.4350
1880,Geral,persistencia,log(pib_2010),vizinhos_dens_real_1880,vizinhos_dens_sint_1880,9.94831507590917,2.0023386288928697,4.968347976890292,7.658064330760853e-7,787.6874657757913,1310,***,+9.9483***
1880,Geral,persistencia,log(pib_2003),vizinhos_dens_real_1880,vizinhos_dens_sint_1880,9.548672843027736,2.012853328962437,4.743849293753449,2.3301371173934873e-6,787.6874657757913,1310,***,+9.5487***
1880,Geral,persistencia,log(pop_total_2010),vizinhos_dens_real_1880,vizinhos_dens_sint_1880,5.62567531763197,1.4475246577228924,3.886410699546732,1.0690299720507607e-4,787.6874657757913,1310,***,+5.6257***
1880,Geral,persistencia,log(pop_total_2000),vizinhos_dens_real_1880,vizinhos_dens_sint_1880,5.5382975045168115,1.4846992985217624,3.730248616693633,1.9958929190714536e-4,787.6874657757913,1310,***,+5.5383***
1881,Geral,contemporaneo,log(pib_1920),vizinhos_dens_real_1881,vizinhos_dens_sint_1881,2.96653175849723,0.6357858728054685,4.665929026398642,3.393737562543547e-6,777.7428870934248,1303,***,+2.9665***
1881,Geral,contemporaneo,log(pop_total_1940),vizinhos_dens_real_1881,vizinhos_dens_sint_1881,0.43451654739838136,0.4533962082650656,0.958359464586332,0.3380619431385856,777.7428870934248,1303,,+0.4345
1881,Geral,persistencia,log(pib_2010),vizinhos_dens_real_1881,vizinhos_dens_sint_1881,6.880219673476615,1.612944677807951,4.2656265699249385,2.139587416491587e-5,777.7428870934248,1303,***,+6.8802***
1881,Geral,persistencia,log(pib_2003),vizinhos_dens_real_1881,vizinhos_dens_sint_1881,6.623457852044855,1.5303053200645336,4.328193704355377,1.62010118844103e-5,777.7428870934248,1303,***,+6.6235***
1881,Geral,persistencia,log(pop_total_2010),vizinhos_dens_real_1881,vizinhos_dens_sint_1881,3.9593990742660043,0.9599985526515528,4.124380253834751,3.9562833805664004e-5,777.7428870934248,1303,***,+3.9594***
1881,Geral,persistencia,log(pop_total_2000),vizinhos_dens_real_1881,vizinhos_dens_sint_1881,3.8276281916635586,0.970125947855304,3.9454961493664285,8.394447989257747e-5,777.7428870934248,1303,***,+3.8276***
1882,Geral,contemporaneo,log(pib_1920),vizinhos_dens_real_1882,vizinhos_dens_sint_1882,3.8652683316096783,0.5854425172206296,6.602302050011539,5.920008279377838e-11,454.3205663709849,1297,***,+3.8653***
1882,Geral,contemporaneo,log(pop_total_1940),vizinhos_dens_real_1882,vizinhos_dens_sint_1882,1.3544458445615661,0.42591444037791665,3.1800890417327894,0.0015076635683642433,454.3205663709849,1297,***,+1.3544***
1882,Geral,persistencia,log(pib_2010),vizinhos_dens_real_1882,vizinhos_dens_sint_1882,5.629497435455787,1.4123402529227662,3.985935700555039,7.101657423922224e-5,454.3205663709849,1297,***,+5.6295***
1882,Geral,persistencia,log(pib_2003),vizinhos_dens_real_1882,vizinhos_dens_sint_1882,5.685312645735156,1.3624445545216644,4.172876339713649,3.2111097480575964e-5,454.3205663709849,1297,***,+5.6853***
1882,Geral,persistencia,log(pop_total_2010),vizinhos_dens_real_1882,vizinhos_dens_sint_1882,3.988676817963907,1.0873804218137029,3.6681521369595464,2.543528599437061e-4,454.3205663709849,1297,***,+3.9887***
1882,Geral,persistencia,log(pop_total_2000),vizinhos_dens_real_1882,vizinhos_dens_sint_1882,3.9417839314408973,1.1102387034177494,3.5503931895965644,3.9862441611267685e-4,454.3205663709849,1297,***,+3.9418***
1883,Geral,contemporaneo,log(pib_1920),vizinhos_dens_real_1883,vizinhos_dens_sint_1883,1.2741459746752863,0.5465364487924494,2.331310157795443,0.019892321782363644,501.2616762040189,1293,**,+1.2741**
1883,Geral,contemporaneo,log(pop_total_1940),vizinhos_dens_real_1883,vizinhos_dens_sint_1883,0.6255554806016611,0.3074266227288656,2.034812323828469,0.04207645945035146,501.2616762040189,1293,**,+0.6256**
1883,Geral,persistencia,log(pib_2010),vizinhos_dens_real_1883,vizinhos_dens_sint_1883,3.807744506753623,1.1681085931626392,3.2597521574977915,0.0011445589631013699,501.2616762040189,1293,***,+3.8077***
1883,Geral,persistencia,log(pib_2003),vizinhos_dens_real_1883,vizinhos_dens_sint_1883,3.8472471538809754,1.1313267551668325,3.4006507282802096,6.930697828748751e-4,501.2616762040189,1293,***,+3.8472***
1883,Geral,persistencia,log(pop_total_2010),vizinhos_dens_real_1883,vizinhos_dens_sint_1883,3.082535074196194,0.9150090119692738,3.368857611098268,7.773626456897332e-4,501.2616762040189,1293,***,+3.0825***
1883,Geral,persistencia,log(pop_total_2000),vizinhos_dens_real_1883,vizinhos_dens_sint_1883,2.8401775987095053,0.9163869959867575,3.099321150505008,0.001982134740865766,501.2616762040189,1293,***,+2.8402***
1884,Geral,contemporaneo,log(pib_1920),vizinhos_dens_real_1884,vizinhos_dens_sint_1884,1.8471233888345395,0.44207664411977127,4.178287664376363,3.137804987613327e-5,533.1624364616588,1290,***,+1.8471***
1884,Geral,contemporaneo,log(pop_total_1940),vizinhos_dens_real_1884,vizinhos_dens_sint_1884,0.7525756327873183,0.264079453921352,2.8498075924204613,0.004445165365313967,533.1624364616588,1290,***,+0.7526***
1884,Geral,persistencia,log(pib_2010),vizinhos_dens_real_1884,vizinhos_dens_sint_1884,2.9176914832659104,1.0839056886207064,2.691831507018601,0.007199376546152238,533.1624364616588,1290,***,+2.9177***
1884,Geral,persistencia,log(pib_2003),vizinhos_dens_real_1884,vizinhos_dens_sint_1884,3.053579579299485,1.0504984181392119,2.9067912207887066,0.0037149089243558348,533.1624364616588,1290,***,+3.0536***
1884,Geral,persistencia,log(pop_total_2010),vizinhos_dens_real_1884,vizinhos_dens_sint_1884,2.318802490532201,0.8792456216326165,2.6372636194952674,0.008459731895341271,533.1624364616588,1290,***,+2.3188***
1884,Geral,persistencia,log(pop_total_2000),vizinhos_dens_real_1884,vizinhos_dens_sint_1884,2.1438446355255607,0.8677152430835984,2.4706776245015396,0.013616146613519634,533.1624364616588,1290,**,+2.1438**
1885,Geral,contemporaneo,log(pib_1920),vizinhos_dens_real_1885,vizinhos_dens_sint_1885,1.7866818185240259,0.4643693547410406,3.8475446329148566,1.25238222931136e-4,453.29079770085673,1288,***,+1.7867***
1885,Geral,contemporaneo,log(pop_total_1940),vizinhos_dens_real_1885,vizinhos_dens_sint_1885,0.7341506838978551,0.2740257956540491,2.6791298320859633,0.007476799928479278,453.29079770085673,1288,***,+0.7342***
1885,Geral,persistencia,log(pib_2010),vizinhos_dens_real_1885,vizinhos_dens_sint_1885,2.5956812878448052,1.0858198964979566,2.390526547005201,0.016969328561611974,453.29079770085673,1288,**,+2.5957**
1885,Geral,persistencia,log(pib_2003),vizinhos_dens_real_1885,vizinhos_dens_sint_1885,2.7436380636167197,1.0522583097934375,2.6073807525029733,0.0092307959113273,453.29079770085673,1288,***,+2.7436***
1885,Geral,persistencia,log(pop_total_2010),vizinhos_dens_real_1885,vizinhos_dens_sint_1885,2.039325181774442,0.8770322806367313,2.3252566944216446,0.020215270266318624,453.29079770085673,1288,**,+2.0393**
1885,Geral,persistencia,log(pop_total_2000),vizinhos_dens_real_1885,vizinhos_dens_sint_1885,1.8561193704657775,0.8621803865931876,2.1528202210676954,0.031520829440289146,453.29079770085673,1288,**,+1.8561**
1886,Geral,contemporaneo,log(pib_1920),vizinhos_dens_real_1886,vizinhos_dens_sint_1886,1.7000390321011698,0.4505553059161118,3.773208327098688,1.6860065027527807e-4,474.0029326563403,1287,***,+1.7000***
1886,Geral,contemporaneo,log(pop_total_1940),vizinhos_dens_real_1886,vizinhos_dens_sint_1886,0.6744091596539831,0.2645548880670598,2.549222071009449,0.010913286675350948,474.0029326563403,1287,**,+0.6744**
1886,Geral,persistencia,log(pib_2010),vizinhos_dens_real_1886,vizinhos_dens_sint_1886,2.4263864806797133,1.043778955169417,2.32461716981627,0.02024971288205667,474.0029326563403,1287,**,+2.4264**
1886,Geral,persistencia,log(pib_2003),vizinhos_dens_real_1886,vizinhos_dens_sint_1886,2.5743857490832838,1.011294221107714,2.5456347869400937,0.011025476416167563,474.0029326563403,1287,**,+2.5744**
1886,Geral,persistencia,log(pop_total_2010),vizinhos_dens_real_1886,vizinhos_dens_sint_1886,1.9093601772621167,0.8403001313406168,2.2722359619484043,0.023239111077090133,474.0029326563403,1287,**,+1.9094**
1886,Geral,persistencia,log(pop_total_2000),vizinhos_dens_real_1886,vizinhos_dens_sint_1886,1.7333759210820974,0.8266171349489208,2.0969513548605643,0.03619554547464263,474.0029326563403,1287,**,+1.7334**
1887,Geral,contemporaneo,log(pib_1920),vizinhos_dens_real_1887,vizinhos_dens_sint_1887,2.4305915406995346,0.43586255935567975,5.576509127768608,2.9959237178862716e-8,363.1437166389059,1287,***,+2.4306***
1887,Geral,contemporaneo,log(pop_total_1940),vizinhos_dens_real_1887,vizinhos_dens_sint_1887,1.0724209257792698,0.30413469549417904,3.526138062073866,4.3670591132507927e-4,363.1437166389059,1287,***,+1.0724***
1887,Geral,persistencia,log(pib_2010),vizinhos_dens_real_1887,vizinhos_dens_sint_1887,2.395133803543967,1.0452134926304786,2.291525913539594,0.022096344312585125,363.1437166389059,1287,**,+2.3951**
1887,Geral,persistencia,log(pib_2003),vizinhos_dens_real_1887,vizinhos_dens_sint_1887,2.6691826155578804,1.019089587482738,2.6191834833197065,0.008919197629336737,363.1437166389059,1287,***,+2.6692***
1887,Geral,persistencia,log(pop_total_2010),vizinhos_dens_real_1887,vizinhos_dens_sint_1887,1.844845276569116,0.8079806066862523,2.2832791546016518,0.02257876548440385,363.1437166389059,1287,**,+1.8448**
1887,Geral,persistencia,log(pop_total_2000),vizinhos_dens_real_1887,vizinhos_dens_sint_1887,1.6597936430467453,0.7921596061273151,2.0952767980193943,0.03634433554748653,363.1437166389059,1287,**,+1.6598**
1888,Geral,contemporaneo,log(pib_1920),vizinhos_dens_real_1888,vizinhos_dens_sint_1888,2.469667867111059,0.4426776168555905,5.578930971602997,2.955959882642527e-8,349.98676773013415,1286,***,+2.4697***
1888,Geral,contemporaneo,log(pop_total_1940),vizinhos_dens_real_1888,vizinhos_dens_sint_1888,1.0904936860215249,0.30884968132653395,3.53082341331151,4.291294679689824e-4,349.98676773013415,1286,***,+1.0905***
1888,Geral,persistencia,log(pib_2010),vizinhos_dens_real_1888,vizinhos_dens_sint_1888,2.426613495223409,1.0613826590901956,2.2862758067891114,0.022402546497926043,349.98676773013415,1286,**,+2.4266**
1888,Geral,persistencia,log(pib_2003),vizinhos_dens_real_1888,vizinhos_dens_sint_1888,2.7091453773476237,1.035125706216138,2.617213891103912,0.0089706301956032,349.98676773013415,1286,***,+2.7091***
1888,Geral,persistencia,log(pop_total_2010),vizinhos_dens_real_1888,vizinhos_dens_sint_1888,1.862048986424039,0.8209269491872623,2.2682273840169493,0.02348306220787983,349.98676773013415,1286,**,+1.8620**
1888,Geral,persistencia,log(pop_total_2000),vizinhos_dens_real_1888,vizinhos_dens_sint_1888,1.6766407023419918,0.8047715338027315,2.083374761554347,0.03741714075580792,349.98676773013415,1286,**,+1.6766**
1891,Geral,contemporaneo,log(pib_1920),vizinhos_dens_real_1891,vizinhos_dens_sint_1891,2.4820533516415435,0.44617465381674126,5.562963584796113,3.232602289091775e-8,336.52886076306453,1286,***,+2.4821***
1891,Geral,contemporaneo,log(pop_total_1940),vizinhos_dens_real_1891,vizinhos_dens_sint_1891,1.0998123318110762,0.3119725659636504,3.525349507620555,4.3800733036545816e-4,336.52886076306453,1286,***,+1.0998***
1891,Geral,persistencia,log(pib_2010),vizinhos_dens_real_1891,vizinhos_dens_sint_1891,2.449053603489972,1.0695475179671072,2.289803456460632,0.022196486131957436,336.52886076306453,1286,**,+2.4491**
1891,Geral,persistencia,log(pib_2003),vizinhos_dens_real_1891,vizinhos_dens_sint_1891,2.7341448446523122,1.043276077875216,2.6207299320241266,0.008879147632180256,336.52886076306453,1286,***,+2.7341***
1891,Geral,persistencia,log(pop_total_2010),vizinhos_dens_real_1891,vizinhos_dens_sint_1891,1.8797412012542467,0.8274255420789443,2.271794990194902,0.023265956579716685,336.52886076306453,1286,**,+1.8797**
1891,Geral,persistencia,log(pop_total_2000),vizinhos_dens_real_1891,vizinhos_dens_sint_1891,1.6930512141016427,0.8110319026036772,2.0875272707108015,0.03703987905626219,336.52886076306453,1286,**,+1.6931**
1892,Geral,contemporaneo,log(pib_1920),vizinhos_dens_real_1892,vizinhos_dens_sint_1892,2.4745884892370364,0.44533510399626586,5.55668858581107,3.348066121879808e-8,335.97834412777786,1286,***,+2.4746***
1892,Geral,contemporaneo,log(pop_total_1940),vizinhos_dens_real_1892,vizinhos_dens_sint_1892,1.0994242306829898,0.31142906791,3.530255663227662,4.300423947623981e-4,335.97834412777786,1286,***,+1.0994***
1892,Geral,persistencia,log(pib_2010),vizinhos_dens_real_1892,vizinhos_dens_sint_1892,2.432134139372849,1.0669479180693497,2.2795247061110664,0.022801544157531113,335.97834412777786,1286,**,+2.4321**
1892,Geral,persistencia,log(pib_2003),vizinhos_dens_real_1892,vizinhos_dens_sint_1892,2.722224698911221,1.0411871790338665,2.614539204600286,0.009040785284874252,335.97834412777786,1286,***,+2.7222***
1892,Geral,persistencia,log(pop_total_2010),vizinhos_dens_real_1892,vizinhos_dens_sint_1892,1.8627040217515134,0.825238184445653,2.2571713922844827,0.024167089365517355,335.97834412777786,1286,**,+1.8627**
1892,Geral,persistencia,log(pop_total_2000),vizinhos_dens_real_1892,vizinhos_dens_sint_1892,1.678849031529254,0.8091047345090889,2.0749464932347332,0.03819293645897216,335.97834412777786,1286,**,+1.6788**
1894,Geral,contemporaneo,log(pib_1920),vizinhos_dens_real_1894,vizinhos_dens_sint_1894,2.0860609932273837,0.3912215349275156,5.332173224088708,1.1483915554856251e-7,441.10472293550356,1284,***,+2.0861***
1894,Geral,contemporaneo,log(pop_total_1940),vizinhos_dens_real_1894,vizinhos_dens_sint_1894,0.5439877178215883,0.2672002302726578,2.035880422956558,0.041970367434713725,441.10472293550356,1284,**,+0.5440**
1894,Geral,persistencia,log(pib_2010),vizinhos_dens_real_1894,vizinhos_dens_sint_1894,1.8720931267975334,0.8923490992311378,2.0979380473522733,0.03610858677349604,441.10472293550356,1284,**,+1.8721**
1894,Geral,persistencia,log(pib_2003),vizinhos_dens_real_1894,vizinhos_dens_sint_1894,2.0715555842443227,0.8604043816298191,2.4076534574594834,0.01619784104267271,441.10472293550356,1284,**,+2.0716**
1894,Geral,persistencia,log(pop_total_2010),vizinhos_dens_real_1894,vizinhos_dens_sint_1894,1.4696181069570295,0.6593564515938758,2.2288674106463837,0.02599784837023434,441.10472293550356,1284,**,+1.4696**
1894,Geral,persistencia,log(pop_total_2000),vizinhos_dens_real_1894,vizinhos_dens_sint_1894,1.3659775555886677,0.6439085437707935,2.121384424547879,0.03408348503835917,441.10472293550356,1284,**,+1.3660**
1895,Geral,contemporaneo,log(pib_1920),vizinhos_dens_real_1895,vizinhos_dens_sint_1895,2.0260405001700947,0.3766408339217498,5.379237506125056,8.905587387466339e-8,473.42050647543476,1282,***,+2.0260***
1895,Geral,contemporaneo,log(pop_total_1940),vizinhos_dens_real_1895,vizinhos_dens_sint_1895,0.535848234581862,0.2601852271388427,2.059487544601897,0.039652143809328536,473.42050647543476,1282,**,+0.5358**
1895,Geral,persistencia,log(pib_2010),vizinhos_dens_real_1895,vizinhos_dens_sint_1895,1.8467013574632276,0.8690335800067216,2.125005753458853,0.03377984290824337,473.42050647543476,1282,**,+1.8467**
1895,Geral,persistencia,log(pib_2003),vizinhos_dens_real_1895,vizinhos_dens_sint_1895,2.0411803627763905,0.8378302276556132,2.436269658696785,0.01497706369514221,473.42050647543476,1282,**,+2.0412**
1895,Geral,persistencia,log(pop_total_2010),vizinhos_dens_real_1895,vizinhos_dens_sint_1895,1.4534983295665447,0.6433260179787161,2.2593495194447932,0.02403151498233668,473.42050647543476,1282,**,+1.4535**
1895,Geral,persistencia,log(pop_total_2000),vizinhos_dens_real_1895,vizinhos_dens_sint_1895,1.3509628015678425,0.6281856525784315,2.1505788870260285,0.03169875617088397,473.42050647543476,1282,**,+1.3510**
1896,Geral,contemporaneo,log(pib_1920),vizinhos_dens_real_1896,vizinhos_dens_sint_1896,2.025627262654235,0.37462770267945994,5.407040771855059,7.656171620425541e-8,476.738079902883,1281,***,+2.0256***
1896,Geral,contemporaneo,log(pop_total_1940),vizinhos_dens_real_1896,vizinhos_dens_sint_1896,0.508930007351376,0.25941840689140344,1.9618114745590196,0.05000397091817797,476.738079902883,1281,*,+0.5089*
1896,Geral,persistencia,log(pib_2010),vizinhos_dens_real_1896,vizinhos_dens_sint_1896,1.9977488294531325,0.8646707691858794,2.3104155947518494,0.02102579171315293,476.738079902883,1281,**,+1.9977**
1896,Geral,persistencia,log(pib_2003),vizinhos_dens_real_1896,vizinhos_dens_sint_1896,2.202267710440542,0.8336426941153594,2.641740551421173,0.008350067403427265,476.738079902883,1281,***,+2.2023***
1896,Geral,persistencia,log(pop_total_2010),vizinhos_dens_real_1896,vizinhos_dens_sint_1896,1.5839088306335316,0.6412617462731321,2.4699880194613986,0.013643227027353936,476.738079902883,1281,**,+1.5839**
1896,Geral,persistencia,log(pop_total_2000),vizinhos_dens_real_1896,vizinhos_dens_sint_1896,1.4715441615995286,0.626572365745692,2.3485621806002004,0.018999665398627522,476.738079902883,1281,**,+1.4715**
1900,Geral,contemporaneo,log(pib_1920),vizinhos_dens_real_1900,vizinhos_dens_sint_1900,2.0263391883522983,0.3747799176508199,5.4067443129122665,7.668561581194929e-8,476.6420050331237,1281,***,+2.0263***
1900,Geral,contemporaneo,log(pop_total_1940),vizinhos_dens_real_1900,vizinhos_dens_sint_1900,0.5083839866415566,0.25935873758826156,1.9601575461422427,0.050197144960338086,476.6420050331237,1281,*,+0.5084*
1900,Geral,persistencia,log(pib_2010),vizinhos_dens_real_1900,vizinhos_dens_sint_1900,1.9971606557037818,0.8649924126614968,2.3088765016547534,0.021111353560320168,476.6420050331237,1281,**,+1.9972**
1900,Geral,persistencia,log(pib_2003),vizinhos_dens_real_1900,vizinhos_dens_sint_1900,2.201652621671704,0.8339344695616062,2.640078689671022,0.008390894589374486,476.6420050331237,1281,***,+2.2017***
1900,Geral,persistencia,log(pop_total_2010),vizinhos_dens_real_1900,vizinhos_dens_sint_1900,1.583180727119175,0.6414002375460139,2.4683195210160767,0.013706677543668435,476.6420050331237,1281,**,+1.5832**
1900,Geral,persistencia,log(pop_total_2000),vizinhos_dens_real_1900,vizinhos_dens_sint_1900,1.4711855048710367,0.6267253226832185,2.3474167256756195,0.0190579224237774,476.6420050331237,1281,**,+1.4712**
1901,Geral,contemporaneo,log(pib_1920),vizinhos_dens_real_1901,vizinhos_dens_sint_1901,2.5062903084954526,0.3781214951047071,6.628267212900515,5.021407952433654e-11,536.1740414083023,1280,***,+2.5063***
1901,Geral,contemporaneo,log(pop_total_1940),vizinhos_dens_real_1901,vizinhos_dens_sint_1901,1.0063428641438537,0.25454603386731123,3.9534808256664338,8.1301406374707e-5,536.1740414083023,1280,***,+1.0063***
1901,Geral,persistencia,log(pib_2010),vizinhos_dens_real_1901,vizinhos_dens_sint_1901,2.2525437028204602,0.7719913507435423,2.9178354144135503,0.003587190535884745,536.1740414083023,1280,***,+2.2525***
1901,Geral,persistencia,log(pib_2003),vizinhos_dens_real_1901,vizinhos_dens_sint_1901,2.6528994340642753,0.7596690921831195,3.492177661776964,4.956650001237432e-4,536.1740414083023,1280,***,+2.6529***
1901,Geral,persistencia,log(pop_total_2010),vizinhos_dens_real_1901,vizinhos_dens_sint_1901,1.817844692941097,0.5911486186854674,3.0751060485997987,0.0021495193615245108,536.1740414083023,1280,***,+1.8178***
1901,Geral,persistencia,log(pop_total_2000),vizinhos_dens_real_1901,vizinhos_dens_sint_1901,1.684678479307229,0.5789216231041509,2.9100285981270853,0.003677401967606204,536.1740414083023,1280,***,+1.6847***
1902,Geral,contemporaneo,log(pib_1920),vizinhos_dens_real_1902,vizinhos_dens_sint_1902,2.3979027209743675,0.36106510691072147,6.641192059489934,4.615190091943834e-11,586.7735385289114,1279,***,+2.3979***
1902,Geral,contemporaneo,log(pop_total_1940),vizinhos_dens_real_1902,vizinhos_dens_sint_1902,0.9688453572019089,0.24514310247068002,3.9521624203878476,8.174869022134928e-5,586.7735385289114,1279,***,+0.9688***
1902,Geral,persistencia,log(pib_2010),vizinhos_dens_real_1902,vizinhos_dens_sint_1902,2.2037165645957892,0.7386796044307221,2.983318547550973,0.002906287442133088,586.7735385289114,1279,***,+2.2037***
1902,Geral,persistencia,log(pib_2003),vizinhos_dens_real_1902,vizinhos_dens_sint_1902,2.589433810551607,0.7253126587098991,3.5700932273226655,3.702788714662344e-4,586.7735385289114,1279,***,+2.5894***
1902,Geral,persistencia,log(pop_total_2010),vizinhos_dens_real_1902,vizinhos_dens_sint_1902,1.7752321334215977,0.5665205030252342,3.1335708486132665,0.0017667720225596998,586.7735385289114,1279,***,+1.7752***
1902,Geral,persistencia,log(pop_total_2000),vizinhos_dens_real_1902,vizinhos_dens_sint_1902,1.644531768110203,0.5545937787333862,2.9652906887381265,0.003080888229718055,586.7735385289114,1279,***,+1.6445***
1904,Geral,contemporaneo,log(pib_1920),vizinhos_dens_real_1904,vizinhos_dens_sint_1904,1.9339874891794495,0.36826513506558345,5.251617123176839,1.7682795689652063e-7,442.5650571278485,1279,***,+1.9340***
1904,Geral,contemporaneo,log(pop_total_1940),vizinhos_dens_real_1904,vizinhos_dens_sint_1904,0.8508216052050994,0.2531464590018257,3.360985607145954,7.999151745338376e-4,442.5650571278485,1279,***,+0.8508***
1904,Geral,persistencia,log(pib_2010),vizinhos_dens_real_1904,vizinhos_dens_sint_1904,2.1262775250432653,0.7264575059737711,2.926912458827337,0.0034848867103910723,442.5650571278485,1279,***,+2.1263***
1904,Geral,persistencia,log(pib_2003),vizinhos_dens_real_1904,vizinhos_dens_sint_1904,2.3813379910711876,0.710405870454064,3.3520809583810567,8.258555079878874e-4,442.5650571278485,1279,***,+2.3813***
1904,Geral,persistencia,log(pop_total_2010),vizinhos_dens_real_1904,vizinhos_dens_sint_1904,1.640778908179029,0.5647593975467032,2.9052706609337005,0.003733441175069069,442.5650571278485,1279,***,+1.6408***
1904,Geral,persistencia,log(pop_total_2000),vizinhos_dens_real_1904,vizinhos_dens_sint_1904,1.485223099602639,0.5517083227950589,2.692044035294261,0.007195633348288368,442.5650571278485,1279,***,+1.4852***
1905,Geral,contemporaneo,log(pib_1920),vizinhos_dens_real_1905,vizinhos_dens_sint_1905,1.8153281271650035,0.36335278846655555,4.99604842672645,6.677262460577618e-7,453.8292963914888,1276,***,+1.8153***
1905,Geral,contemporaneo,log(pop_total_1940),vizinhos_dens_real_1905,vizinhos_dens_sint_1905,0.8262479445771264,0.25204638242513006,3.278158316049475,0.0010734459358602486,453.8292963914888,1276,***,+0.8262***
1905,Geral,persistencia,log(pib_2010),vizinhos_dens_real_1905,vizinhos_dens_sint_1905,2.16448572419013,0.7284820046011062,2.971227443532163,0.0030224951300726554,453.8292963914888,1276,***,+2.1645***
1905,Geral,persistencia,log(pib_2003),vizinhos_dens_real_1905,vizinhos_dens_sint_1905,2.3937935327228352,0.7111536453954449,3.3660708177791028,7.854983413719734e-4,453.8292963914888,1276,***,+2.3938***
1905,Geral,persistencia,log(pop_total_2010),vizinhos_dens_real_1905,vizinhos_dens_sint_1905,1.6139958889727382,0.5540284660202931,2.913200291974926,0.003640706902771488,453.8292963914888,1276,***,+1.6140***
1905,Geral,persistencia,log(pop_total_2000),vizinhos_dens_real_1905,vizinhos_dens_sint_1905,1.4492090243834719,0.540843569491295,2.67953453851095,0.007468732376144894,453.8292963914888,1276,***,+1.4492***
1906,Geral,contemporaneo,log(pib_1920),vizinhos_dens_real_1906,vizinhos_dens_sint_1906,1.7869797439241342,0.3557060028079865,5.023754813856102,5.798936670556229e-7,469.8306672143815,1275,***,+1.7870***
1906,Geral,contemporaneo,log(pop_total_1940),vizinhos_dens_real_1906,vizinhos_dens_sint_1906,0.8177091075645531,0.24657719477192686,3.316239801985331,9.384518361778715e-4,469.8306672143815,1275,***,+0.8177***
1906,Geral,persistencia,log(pib_2010),vizinhos_dens_real_1906,vizinhos_dens_sint_1906,2.2043633351195506,0.7127713902283559,3.0926652855880232,0.0020274076881987672,469.8306672143815,1275,***,+2.2044***
1906,Geral,persistencia,log(pib_2003),vizinhos_dens_real_1906,vizinhos_dens_sint_1906,2.4285288036908357,0.6956558320123947,3.490991797863007,4.979157916458212e-4,469.8306672143815,1275,***,+2.4285***
1906,Geral,persistencia,log(pop_total_2010),vizinhos_dens_real_1906,vizinhos_dens_sint_1906,1.6435397377529937,0.539642585904594,3.0456079276952446,0.0023704784739709468,469.8306672143815,1275,***,+1.6435***
1906,Geral,persistencia,log(pop_total_2000),vizinhos_dens_real_1906,vizinhos_dens_sint_1906,1.4790935790069724,0.5269491330738701,2.806900108894621,0.005079384574066221,469.8306672143815,1275,***,+1.4791***
1907,Geral,contemporaneo,log(pib_1920),vizinhos_dens_real_1907,vizinhos_dens_sint_1907,1.963174195283416,0.33107715870395427,5.929657615066299,3.91984591926952e-9,514.4534735077364,1273,***,+1.9632***
1907,Geral,contemporaneo,log(pop_total_1940),vizinhos_dens_real_1907,vizinhos_dens_sint_1907,0.840490850455005,0.22815770587238648,3.6838153120504713,2.3955506335252035e-4,514.4534735077364,1273,***,+0.8405***
1907,Geral,persistencia,log(pib_2010),vizinhos_dens_real_1907,vizinhos_dens_sint_1907,2.2103275496829298,0.6464124312313565,3.419376612965902,6.478050934544252e-4,514.4534735077364,1273,***,+2.2103***
1907,Geral,persistencia,log(pib_2003),vizinhos_dens_real_1907,vizinhos_dens_sint_1907,2.448777169648894,0.6324238769231132,3.8720504696355786,1.1348799347654821e-4,514.4534735077364,1273,***,+2.4488***
1907,Geral,persistencia,log(pop_total_2010),vizinhos_dens_real_1907,vizinhos_dens_sint_1907,1.6916557892360848,0.49203751502125354,3.4380626224466115,6.050985992235707e-4,514.4534735077364,1273,***,+1.6917***
1907,Geral,persistencia,log(pop_total_2000),vizinhos_dens_real_1907,vizinhos_dens_sint_1907,1.5254038612175354,0.48208072233670707,3.1642083795089486,0.0015924260418046618,514.4534735077364,1273,***,+1.5254***
1908,Geral,contemporaneo,log(pib_1920),vizinhos_dens_real_1908,vizinhos_dens_sint_1908,1.9737993202609205,0.33131640450201383,5.957445189674945,3.323792958849065e-9,511.69109438438204,1273,***,+1.9738***
1908,Geral,contemporaneo,log(pop_total_1940),vizinhos_dens_real_1908,vizinhos_dens_sint_1908,0.8508018594759087,0.22849191133098418,3.723553514520133,2.0515492056698073e-4,511.69109438438204,1273,***,+0.8508***
1908,Geral,persistencia,log(pib_2010),vizinhos_dens_real_1908,vizinhos_dens_sint_1908,2.2271059594496103,0.6470088374356575,3.442156939117678,5.960984218065527e-4,511.69109438438204,1273,***,+2.2271***
1908,Geral,persistencia,log(pib_2003),vizinhos_dens_real_1908,vizinhos_dens_sint_1908,2.4610089012147927,0.6329543967689041,3.8881298775673465,1.0631184063428074e-4,511.69109438438204,1273,***,+2.4610***
1908,Geral,persistencia,log(pop_total_2010),vizinhos_dens_real_1908,vizinhos_dens_sint_1908,1.7104050373377497,0.49277435839753475,3.4709700458032327,5.362035983167674e-4,511.69109438438204,1273,***,+1.7104***
1908,Geral,persistencia,log(pop_total_2000),vizinhos_dens_real_1908,vizinhos_dens_sint_1908,1.5439069856649617,0.482765349862485,3.198048464134266,0.001418202576500879,511.69109438438204,1273,***,+1.5439***
1910,Geral,contemporaneo,log(pib_1920),vizinhos_dens_real_1910,vizinhos_dens_sint_1910,1.959300505898321,0.34189832914120655,5.730652474435216,1.251972547397736e-8,475.8069258548802,1272,***,+1.9593***
1910,Geral,contemporaneo,log(pop_total_1940),vizinhos_dens_real_1910,vizinhos_dens_sint_1910,0.8772596242481827,0.2331321613141113,3.7629283720584756,1.7569966563664875e-4,475.8069258548802,1272,***,+0.8773***
1910,Geral,persistencia,log(pib_2010),vizinhos_dens_real_1910,vizinhos_dens_sint_1910,2.103938913088319,0.6293210411814507,3.343188572145159,8.526751174812281e-4,475.8069258548802,1272,***,+2.1039***
1910,Geral,persistencia,log(pib_2003),vizinhos_dens_real_1910,vizinhos_dens_sint_1910,2.3340288706498677,0.612179713870112,3.8126530784472963,1.4416771754743776e-4,475.8069258548802,1272,***,+2.3340***
1910,Geral,persistencia,log(pop_total_2010),vizinhos_dens_real_1910,vizinhos_dens_sint_1910,1.772198597265557,0.5057699568128897,3.5039617782619388,4.7454738887824826e-4,475.8069258548802,1272,***,+1.7722***
1910,Geral,persistencia,log(pop_total_2000),vizinhos_dens_real_1910,vizinhos_dens_sint_1910,1.6022427624200848,0.4948333495943172,3.2379441760214083,0.0012354914871893475,475.8069258548802,1272,***,+1.6022***
1911,Geral,contemporaneo,log(pib_1920),vizinhos_dens_real_1911,vizinhos_dens_sint_1911,2.021956469424464,0.3371711248484233,5.996825707816596,2.6300477667199305e-9,447.2838572784115,1269,***,+2.0220***
1911,Geral,contemporaneo,log(pop_total_1940),vizinhos_dens_real_1911,vizinhos_dens_sint_1911,0.9444962396669235,0.2302671598432318,4.10174095303015,4.365687779166937e-5,447.2838572784115,1269,***,+0.9445***
1911,Geral,persistencia,log(pib_2010),vizinhos_dens_real_1911,vizinhos_dens_sint_1911,2.1606061266353187,0.6352146499975034,3.401379559876036,6.916438331376496e-4,447.2838572784115,1269,***,+2.1606***
1911,Geral,persistencia,log(pib_2003),vizinhos_dens_real_1911,vizinhos_dens_sint_1911,2.403359532640544,0.6163741928873266,3.899189097100759,1.0164401500797078e-4,447.2838572784115,1269,***,+2.4034***
1911,Geral,persistencia,log(pop_total_2010),vizinhos_dens_real_1911,vizinhos_dens_sint_1911,1.8104002797046488,0.50928959606283275,3.554756063544824,3.9244534170493285e-4,447.2838572784115,1269,***,+1.8104***
1911,Geral,persistencia,log(pop_total_2000),vizinhos_dens_real_1911,vizinhos_dens_sint_1911,1.6459558787500188,0.49663167195278407,3.314238643455876,9.452621480724279e-4,447.2838572784115,1269,***,+1.6460***
1912,Geral,contemporaneo,log(pib_1920),vizinhos_dens_real_1912,vizinhos_dens_sint_1912,1.9307624140470008,0.3259088871700604,5.9242398414239075,4.050871108943666e-9,459.57570933450353,1269,***,+1.9308***
1912,Geral,contemporaneo,log(pop_total_1940),vizinhos_dens_real_1912,vizinhos_dens_sint_1912,0.8260056444591891,0.21781840304622674,3.7921756514020957,1.5646288161325766e-4,459.57570933450353,1269,***,+0.8260***
1912,Geral,persistencia,log(pib_2010),vizinhos_dens_real_1912,vizinhos_dens_sint_1912,2.0623860497887523,0.6071174163704086,3.3970134840119117,7.026703807205926e-4,459.57570933450353,1269,***,+2.0624***
1912,Geral,persistencia,log(pib_2003),vizinhos_dens_real_1912,vizinhos_dens_sint_1912,2.2911598580365617,0.5895057709789533,3.886577487158071,1.0700282605488615e-4,459.57570933450353,1269,***,+2.2912***
1912,Geral,persistencia,log(pop_total_2010),vizinhos_dens_real_1912,vizinhos_dens_sint_1912,1.7472213406155956,0.48643578399843534,3.591884886127571,3.410361272410818e-4,459.57570933450353,1269,***,+1.7472***
1912,Geral,persistencia,log(pop_total_2000),vizinhos_dens_real_1912,vizinhos_dens_sint_1912,1.5891937745079887,0.4742445776748447,3.351000410588952,8.292484348151243e-4,459.57570933450353,1269,***,+1.5892***
1913,Geral,contemporaneo,log(pib_1920),vizinhos_dens_real_1913,vizinhos_dens_sint_1913,1.8132529825046264,0.3100711808978932,5.847860408225854,6.355413884953026e-9,467.101436851059,1264,***,+1.8133***
1913,Geral,contemporaneo,log(pop_total_1940),vizinhos_dens_real_1913,vizinhos_dens_sint_1913,1.1010064975863947,0.22319743512229007,4.932881495628085,9.198818221789434e-7,467.101436851059,1264,***,+1.1010***
1913,Geral,persistencia,log(pib_2010),vizinhos_dens_real_1913,vizinhos_dens_sint_1913,2.1684035446904812,0.584029214365901,3.71283403527131,2.1401206791195473e-4,467.101436851059,1264,***,+2.1684***
1913,Geral,persistencia,log(pib_2003),vizinhos_dens_real_1913,vizinhos_dens_sint_1913,2.435363778703981,0.5638313692253295,4.319312318592747,1.6895941250404627e-5,467.101436851059,1264,***,+2.4354***
1913,Geral,persistencia,log(pop_total_2010),vizinhos_dens_real_1913,vizinhos_dens_sint_1913,1.9543125910867016,0.47610805981348975,4.104766871311279,4.310768342746686e-5,467.101436851059,1264,***,+1.9543***
1913,Geral,persistencia,log(pop_total_2000),vizinhos_dens_real_1913,vizinhos_dens_sint_1913,1.8251093338561475,0.46351257866108764,3.93756160647937,8.687492648581383e-5,467.101436851059,1264,***,+1.8251***
1914,Geral,contemporaneo,log(pib_1920),vizinhos_dens_real_1914,vizinhos_dens_sint_1914,1.8279025515249252,0.31407654295272003,5.819926997222748,7.480840718684468e-9,447.63553368424317,1264,***,+1.8279***
1914,Geral,contemporaneo,log(pop_total_1940),vizinhos_dens_real_1914,vizinhos_dens_sint_1914,1.1064911886070432,0.22528533123161015,4.911510139421761,1.0239157785891408e-6,447.63553368424317,1264,***,+1.1065***
1914,Geral,persistencia,log(pib_2010),vizinhos_dens_real_1914,vizinhos_dens_sint_1914,2.1807055004653924,0.5898963111930743,3.6967607002913483,2.2786322617394432e-4,447.63553368424317,1264,***,+2.1807***
1914,Geral,persistencia,log(pib_2003),vizinhos_dens_real_1914,vizinhos_dens_sint_1914,2.447675293514422,0.569500888874712,4.29793059384127,1.858409916204668e-5,447.63553368424317,1264,***,+2.4477***
1914,Geral,persistencia,log(pop_total_2010),vizinhos_dens_real_1914,vizinhos_dens_sint_1914,1.966760514874958,0.48053217547752514,4.092879967757632,4.534792734481654e-5,447.63553368424317,1264,***,+1.9668***
1914,Geral,persistencia,log(pop_total_2000),vizinhos_dens_real_1914,vizinhos_dens_sint_1914,1.8361402974347374,0.4677544037341691,3.9254366880920695,9.131282386266317e-5,447.63553368424317,1264,***,+1.8361***
1915,Geral,contemporaneo,log(pib_1920),vizinhos_dens_real_1915,vizinhos_dens_sint_1915,1.7936467191663743,0.3115593470972107,5.7569985810977204,1.0777267303915763e-8,422.7658744857846,1262,***,+1.7936***
1915,Geral,contemporaneo,log(pop_total_1940),vizinhos_dens_real_1915,vizinhos_dens_sint_1915,1.0622382614482904,0.2241447376788143,4.739072942102316,2.3943485629330698e-6,422.7658744857846,1262,***,+1.0622***
1915,Geral,persistencia,log(pib_2010),vizinhos_dens_real_1915,vizinhos_dens_sint_1915,2.309026259611626,0.5947878815147026,3.8821003779219554,1.0899959384320472e-4,422.7658744857846,1262,***,+2.3090***
1915,Geral,persistencia,log(pib_2003),vizinhos_dens_real_1915,vizinhos_dens_sint_1915,2.571850982424798,0.5730132559818942,4.488292296166464,7.845125252684838e-6,422.7658744857846,1262,***,+2.5719***
1915,Geral,persistencia,log(pop_total_2010),vizinhos_dens_real_1915,vizinhos_dens_sint_1915,2.019672757329367,0.4737022432214716,4.263591288051179,2.1638910238606784e-5,422.7658744857846,1262,***,+2.0197***
1915,Geral,persistencia,log(pop_total_2000),vizinhos_dens_real_1915,vizinhos_dens_sint_1915,1.8754870957249872,0.45867633869725677,4.088911804458432,4.6124653417663504e-5,422.7658744857846,1262,***,+1.8755***
1916,Geral,contemporaneo,log(pib_1920),vizinhos_dens_real_1916,vizinhos_dens_sint_1916,1.7603534975558908,0.3249168219843755,5.41785890556489,7.238701564283579e-8,393.1873144447737,1260,***,+1.7604***
1916,Geral,contemporaneo,log(pop_total_1940),vizinhos_dens_real_1916,vizinhos_dens_sint_1916,0.8790982395204472,0.242445862776325,3.625956860857977,2.995600958205786e-4,393.1873144447737,1260,***,+0.8791***
1916,Geral,persistencia,log(pib_2010),vizinhos_dens_real_1916,vizinhos_dens_sint_1916,2.111514776833201,0.6065791195808621,3.4810212034536057,5.168475223033133e-4,393.1873144447737,1260,***,+2.1115***
1916,Geral,persistencia,log(pib_2003),vizinhos_dens_real_1916,vizinhos_dens_sint_1916,2.3389727332110137,0.5866580265014355,3.9869440586359906,7.083451156646899e-5,393.1873144447737,1260,***,+2.3390***
1916,Geral,persistencia,log(pop_total_2010),vizinhos_dens_real_1916,vizinhos_dens_sint_1916,1.6415715731638059,0.48537937975989204,3.382038136799013,7.41908373089192e-4,393.1873144447737,1260,***,+1.6416***
1916,Geral,persistencia,log(pop_total_2000),vizinhos_dens_real_1916,vizinhos_dens_sint_1916,1.5162586024011044,0.4682315265954881,3.238266789564176,0.0012344139931013082,393.1873144447737,1260,***,+1.5163***
1917,Geral,contemporaneo,log(pib_1920),vizinhos_dens_real_1917,vizinhos_dens_sint_1917,1.7653822077404335,0.3262854851901713,5.410544715807702,7.536832113546838e-8,389.9486688733185,1257,***,+1.7654***
1917,Geral,contemporaneo,log(pop_total_1940),vizinhos_dens_real_1917,vizinhos_dens_sint_1917,0.8669370475819675,0.2430729982752632,3.566570757481758,3.7548247210414127e-4,389.9486688733185,1257,***,+0.8669***
1917,Geral,persistencia,log(pib_2010),vizinhos_dens_real_1917,vizinhos_dens_sint_1917,2.0802950675372993,0.6075048068672876,3.424326925518056,6.364857058894541e-4,389.9486688733185,1257,***,+2.0803***
1917,Geral,persistencia,log(pib_2003),vizinhos_dens_real_1917,vizinhos_dens_sint_1917,2.304665305611737,0.5873922433480439,3.9235542037046756,9.204824611041938e-5,389.9486688733185,1257,***,+2.3047***
1917,Geral,persistencia,log(pop_total_2010),vizinhos_dens_real_1917,vizinhos_dens_sint_1917,1.6112379356866453,0.4856026397282047,3.318017250870932,9.329330617336788e-4,389.9486688733185,1257,***,+1.6112***
1917,Geral,persistencia,log(pop_total_2000),vizinhos_dens_real_1917,vizinhos_dens_sint_1917,1.4867084217949156,0.4684590084262543,3.173614756154179,0.0015425926092025382,389.9486688733185,1257,***,+1.4867***
1918,Geral,contemporaneo,log(pib_1920),vizinhos_dens_real_1918,vizinhos_dens_sint_1918,1.7534551198245754,0.32462332016302914,5.401506949482164,7.917443008062068e-8,387.826531280348,1257,***,+1.7535***
1918,Geral,contemporaneo,log(pop_total_1940),vizinhos_dens_real_1918,vizinhos_dens_sint_1918,0.8640593308987677,0.24199420401787095,3.5705786194571756,3.6984139989977544e-4,387.826531280348,1257,***,+0.8641***
1918,Geral,persistencia,log(pib_2010),vizinhos_dens_real_1918,vizinhos_dens_sint_1918,2.068332572224569,0.6043066968696688,3.42265373350752,6.403788129658764e-4,387.826531280348,1257,***,+2.0683***
1918,Geral,persistencia,log(pib_2003),vizinhos_dens_real_1918,vizinhos_dens_sint_1918,2.2956401150850856,0.584336089458873,3.92862969872522,9.015081542907997e-5,387.826531280348,1257,***,+2.2956***
1918,Geral,persistencia,log(pop_total_2010),vizinhos_dens_real_1918,vizinhos_dens_sint_1918,1.610636174761842,0.483185673248161,3.3333690627342545,8.833779748543736e-4,387.826531280348,1257,***,+1.6106***
1918,Geral,persistencia,log(pop_total_2000),vizinhos_dens_real_1918,vizinhos_dens_sint_1918,1.488799109889475,0.4662286990419888,3.1932807074053433,0.00144209062919018,387.826531280348,1257,***,+1.4888***
1919,Geral,contemporaneo,log(pib_1920),vizinhos_dens_real_1919,vizinhos_dens_sint_1919,1.5010574663734455,0.3271138785651767,4.588791747258021,4.912198594037753e-6,373.5404578782054,1255,***,+1.5011***
1919,Geral,contemporaneo,log(pop_total_1940),vizinhos_dens_real_1919,vizinhos_dens_sint_1919,0.8136681072593237,0.2446137605161325,3.326338246640305,9.05804047885179e-4,373.5404578782054,1255,***,+0.8137***
1919,Geral,persistencia,log(pib_2010),vizinhos_dens_real_1919,vizinhos_dens_sint_1919,1.9355656167364639,0.605412088785143,3.1971043403188206,0.001423323213294165,373.5404578782054,1255,***,+1.9356***
1919,Geral,persistencia,log(pib_2003),vizinhos_dens_real_1919,vizinhos_dens_sint_1919,2.143630166206976,0.5852673971747355,3.662650912309371,2.601728290999337e-4,373.5404578782054,1255,***,+2.1436***
1919,Geral,persistencia,log(pop_total_2010),vizinhos_dens_real_1919,vizinhos_dens_sint_1919,1.6209210430484768,0.4895239624959312,3.311218994845323,9.557347346731772e-4,373.5404578782054,1255,***,+1.6209***
1919,Geral,persistencia,log(pop_total_2000),vizinhos_dens_real_1919,vizinhos_dens_sint_1919,1.4654536977501276,0.4710685995939968,3.1109135676060102,0.0019078000919876992,373.5404578782054,1255,***,+1.4655***
1920,Geral,contemporaneo,log(pib_1920),vizinhos_dens_real_1920,vizinhos_dens_sint_1920,1.4844766725978513,0.32479193043954474,4.5705466591762045,5.352514562732512e-6,374.2654733216549,1254,***,+1.4845***
1920,Geral,contemporaneo,log(pop_total_1940),vizinhos_dens_real_1920,vizinhos_dens_sint_1920,0.795594771725168,0.24255004939032981,3.28012619962339,0.0010665607246198633,374.2654733216549,1254,***,+0.7956***
1920,Geral,persistencia,log(pib_2010),vizinhos_dens_real_1920,vizinhos_dens_sint_1920,1.9049660504547072,0.6013143706268761,3.1680035327756455,0.0015725225059227996,374.2654733216549,1254,***,+1.9050***
1920,Geral,persistencia,log(pib_2003),vizinhos_dens_real_1920,vizinhos_dens_sint_1920,2.1099613314801475,0.5809269407057549,3.632059702579473,2.926917985099855e-4,374.2654733216549,1254,***,+2.1100***
1920,Geral,persistencia,log(pop_total_2010),vizinhos_dens_real_1920,vizinhos_dens_sint_1920,1.5898429501056652,0.4857401528307549,3.2730317657301224,0.0010934567174144044,374.2654733216549,1254,***,+1.5898***
1920,Geral,persistencia,log(pop_total_2000),vizinhos_dens_real_1920,vizinhos_dens_sint_1920,1.4318326743275078,0.46733233152574405,3.0638425328991645,0.0022324690821045896,374.2654733216549,1254,***,+1.4318***
1921,Geral,contemporaneo,log(pib_1920),vizinhos_dens_real_1921,vizinhos_dens_sint_1921,1.4901916942979785,0.3249559499200001,4.58582677025869,4.98124739388691e-6,373.85808928050335,1255,***,+1.4902***
1921,Geral,contemporaneo,log(pop_total_1940),vizinhos_dens_real_1921,vizinhos_dens_sint_1921,0.792431871785785,0.24232109193276866,3.270172915883208,0.0011044472920203614,373.85808928050335,1255,***,+0.7924***
1921,Geral,persistencia,log(pib_2010),vizinhos_dens_real_1921,vizinhos_dens_sint_1921,1.894616040275774,0.6007674415702714,3.153659651268172,0.0016512033377492578,373.85808928050335,1255,***,+1.8946***
1921,Geral,persistencia,log(pib_2003),vizinhos_dens_real_1921,vizinhos_dens_sint_1921,2.102441021762587,0.5804935464783063,3.6218163569905557,3.043937640149808e-4,373.85808928050335,1255,***,+2.1024***
1921,Geral,persistencia,log(pop_total_2010),vizinhos_dens_real_1921,vizinhos_dens_sint_1921,1.5805017166436486,0.4850541994146232,3.258402295147721,0.0011508881092143195,373.85808928050335,1255,***,+1.5805***
1921,Geral,persistencia,log(pop_total_2000),vizinhos_dens_real_1921,vizinhos_dens_sint_1921,1.4231860737888842,0.4667642844444083,3.049046641353267,0.0023444932095882365,373.85808928050335,1255,***,+1.4232***
1922,Geral,contemporaneo,log(pib_1920),vizinhos_dens_real_1922,vizinhos_dens_sint_1922,1.4870606270505353,0.32741194386743216,4.541864323839818,6.120898726991866e-6,368.49074555314286,1255,***,+1.4871***
1922,Geral,contemporaneo,log(pop_total_1940),vizinhos_dens_real_1922,vizinhos_dens_sint_1922,0.7962892997817307,0.244056740039527,3.26272201969413,0.001133638729956397,368.49074555314286,1255,***,+0.7963***
1922,Geral,persistencia,log(pib_2010),vizinhos_dens_real_1922,vizinhos_dens_sint_1922,1.8972677932593909,0.6045821950515284,3.138146986114414,0.0017404024225857598,368.49074555314286,1255,***,+1.8973***
1922,Geral,persistencia,log(pib_2003),vizinhos_dens_real_1922,vizinhos_dens_sint_1922,2.1058037177341085,0.584184718670335,3.6046881242069055,3.2496347926243e-4,368.49074555314286,1255,***,+2.1058***
1922,Geral,persistencia,log(pop_total_2010),vizinhos_dens_real_1922,vizinhos_dens_sint_1922,1.5833100903844153,0.48812096718064973,3.243683834213261,0.0012115016575171794,368.49074555314286,1255,***,+1.5833***
1922,Geral,persistencia,log(pop_total_2000),vizinhos_dens_real_1922,vizinhos_dens_sint_1922,1.4251440115035166,0.4697032109993004,3.034137255462874,0.0024626111990423785,368.49074555314286,1255,***,+1.4251***
1923,Geral,contemporaneo,log(pib_1920),vizinhos_dens_real_1923,vizinhos_dens_sint_1923,1.495452420961049,0.32639335888958904,4.581748924208118,5.079306825224183e-6,356.89958586829545,1251,***,+1.4955***
1923,Geral,contemporaneo,log(pop_total_1940),vizinhos_dens_real_1923,vizinhos_dens_sint_1923,0.82328878981611,0.2447601595587832,3.363655225998427,7.928171319458882e-4,356.89958586829545,1251,***,+0.8233***
1923,Geral,persistencia,log(pib_2010),vizinhos_dens_real_1923,vizinhos_dens_sint_1923,1.9152015188759328,0.6069861448032904,3.155263979701882,0.0016423492389431539,356.89958586829545,1251,***,+1.9152***
1923,Geral,persistencia,log(pib_2003),vizinhos_dens_real_1923,vizinhos_dens_sint_1923,2.1081103221815893,0.5855681343678377,3.600111068983362,3.3071816062556724e-4,356.89958586829545,1251,***,+2.1081***
1923,Geral,persistencia,log(pop_total_2010),vizinhos_dens_real_1923,vizinhos_dens_sint_1923,1.5991118196773768,0.48944866433121964,3.267169646611245,0.001116226555194817,356.89958586829545,1251,***,+1.5991***
1923,Geral,persistencia,log(pop_total_2000),vizinhos_dens_real_1923,vizinhos_dens_sint_1923,1.4355483969847174,0.4710552872181489,3.0475157289125283,0.0023565377606488127,356.89958586829545,1251,***,+1.4355***
1924,Geral,contemporaneo,log(pib_1920),vizinhos_dens_real_1924,vizinhos_dens_sint_1924,1.5009646787416697,0.3276461391142256,4.581054068878853,5.095929920477493e-6,354.35682057065793,1251,***,+1.5010***
1924,Geral,contemporaneo,log(pop_total_1940),vizinhos_dens_real_1924,vizinhos_dens_sint_1924,0.8342620661322395,0.24639645675757804,3.385852528524972,7.319302012599357e-4,354.35682057065793,1251,***,+0.8343***
1924,Geral,persistencia,log(pib_2010),vizinhos_dens_real_1924,vizinhos_dens_sint_1924,1.9465424731752672,0.6092675462856821,3.194889478427174,0.0014343155895767171,354.35682057065793,1251,***,+1.9465***
1924,Geral,persistencia,log(pib_2003),vizinhos_dens_real_1924,vizinhos_dens_sint_1924,2.1391838675194714,0.5876888751809805,3.6399938094126822,2.839400477780739e-4,354.35682057065793,1251,***,+2.1392***
1924,Geral,persistencia,log(pop_total_2010),vizinhos_dens_real_1924,vizinhos_dens_sint_1924,1.6283424653880774,0.4914856467201371,3.313102785919793,9.494647510104618e-4,354.35682057065793,1251,***,+1.6283***
1924,Geral,persistencia,log(pop_total_2000),vizinhos_dens_real_1924,vizinhos_dens_sint_1924,1.4628769953385272,0.47300704700402113,3.0927171267410123,0.0020279133320066055,354.35682057065793,1251,***,+1.4629***
1925,Geral,contemporaneo,log(pib_1920),vizinhos_dens_real_1925,vizinhos_dens_sint_1925,1.5511604234556704,0.3336857205338082,4.648566983850035,3.7021919134723065e-6,338.61187078322547,1251,***,+1.5512***
1925,Geral,contemporaneo,log(pop_total_1940),vizinhos_dens_real_1925,vizinhos_dens_sint_1925,0.8630168126967768,0.24747171351938754,3.4873351803464434,5.05039064931733e-4,338.61187078322547,1251,***,+0.8630***
1925,Geral,persistencia,log(pib_2010),vizinhos_dens_real_1925,vizinhos_dens_sint_1925,2.438509903540116,0.6261674793498482,3.8943413447022657,1.0375062187864079e-4,338.61187078322547,1251,***,+2.4385***
1925,Geral,persistencia,log(pib_2003),vizinhos_dens_real_1925,vizinhos_dens_sint_1925,2.620684040606397,0.603566037521057,4.342000506473109,1.527748262959067e-5,338.61187078322547,1251,***,+2.6207***
1925,Geral,persistencia,log(pop_total_2010),vizinhos_dens_real_1925,vizinhos_dens_sint_1925,1.897715806096636,0.5033351995100298,3.7702823246694486,1.7079018460341348e-4,338.61187078322547,1251,***,+1.8977***
1925,Geral,persistencia,log(pop_total_2000),vizinhos_dens_real_1925,vizinhos_dens_sint_1925,1.717326707959784,0.48342716921479195,3.5524000662791817,3.9615071435574877e-4,338.61187078322547,1251,***,+1.7173***
1926,Geral,contemporaneo,log(pib_1920),vizinhos_dens_real_1926,vizinhos_dens_sint_1926,1.2831835263250795,0.363630202424513,3.528814487271472,4.328607167493146e-4,258.28217469457667,1246,***,+1.2832***
1926,Geral,contemporaneo,log(pop_total_1940),vizinhos_dens_real_1926,vizinhos_dens_sint_1926,0.8434115539336784,0.27279766505668546,3.0917110443684455,0.002034927880183599,258.28217469457667,1246,***,+0.8434***
1926,Geral,persistencia,log(pib_2010),vizinhos_dens_real_1926,vizinhos_dens_sint_1926,2.8500709877752315,0.6989634323723392,4.07756808979528,4.844017138275504e-5,258.28217469457667,1246,***,+2.8501***
1926,Geral,persistencia,log(pib_2003),vizinhos_dens_real_1926,vizinhos_dens_sint_1926,2.9564995391069164,0.6712430931685831,4.404513907399551,1.1526373098602548e-5,258.28217469457667,1246,***,+2.9565***
1926,Geral,persistencia,log(pop_total_2010),vizinhos_dens_real_1926,vizinhos_dens_sint_1926,2.1690332261001775,0.5602774596950957,3.8713555017554526,1.1393313818307349e-4,258.28217469457667,1246,***,+2.1690***
1926,Geral,persistencia,log(pop_total_2000),vizinhos_dens_real_1926,vizinhos_dens_sint_1926,1.9975515019679806,0.5373857367870674,3.7171650924547825,2.105506737266181e-4,258.28217469457667,1246,***,+1.9976***
1927,Geral,contemporaneo,log(pib_1920),vizinhos_dens_real_1927,vizinhos_dens_sint_1927,1.402456599758659,0.36297982289930486,3.863731566555197,1.1751060815030947e-4,267.58502456294434,1245,***,+1.4025***
1927,Geral,contemporaneo,log(pop_total_1940),vizinhos_dens_real_1927,vizinhos_dens_sint_1927,0.8059293469497963,0.26689217317336295,3.0196814592471974,0.002582743127753696,267.58502456294434,1245,***,+0.8059***
1927,Geral,persistencia,log(pib_2010),vizinhos_dens_real_1927,vizinhos_dens_sint_1927,2.7430026493419537,0.6839007600520804,4.010819711814721,6.416617451547409e-5,267.58502456294434,1245,***,+2.7430***
1927,Geral,persistencia,log(pib_2003),vizinhos_dens_real_1927,vizinhos_dens_sint_1927,2.8729484180047775,0.6564228539358885,4.376673360439356,1.3075768849065469e-5,267.58502456294434,1245,***,+2.8729***
1927,Geral,persistencia,log(pop_total_2010),vizinhos_dens_real_1927,vizinhos_dens_sint_1927,2.070392885032035,0.5484573849957444,3.7749384759366484,1.6770531670354502e-4,267.58502456294434,1245,***,+2.0704***
1927,Geral,persistencia,log(pop_total_2000),vizinhos_dens_real_1927,vizinhos_dens_sint_1927,1.909768686681832,0.5269845123066721,3.6239560026585105,3.0200910781970277e-4,267.58502456294434,1245,***,+1.9098***
1929,Geral,contemporaneo,log(pib_1920),vizinhos_dens_real_1929,vizinhos_dens_sint_1929,1.3954502792370347,0.36032629665427046,3.872740602598748,1.1329989587801523e-4,272.43442399340137,1245,***,+1.3955***
1929,Geral,contemporaneo,log(pop_total_1940),vizinhos_dens_real_1929,vizinhos_dens_sint_1929,0.8019943892533743,0.26483201470575285,3.02831359019961,0.002510629144962524,272.43442399340137,1245,***,+0.8020***
1929,Geral,persistencia,log(pib_2010),vizinhos_dens_real_1929,vizinhos_dens_sint_1929,2.7129130283098775,0.6780992978882204,4.000760709764193,6.691909435740899e-5,272.43442399340137,1245,***,+2.7129***
1929,Geral,persistencia,log(pib_2003),vizinhos_dens_real_1929,vizinhos_dens_sint_1929,2.8429357122846253,0.650792663861038,4.368420036295415,1.357179837755599e-5,272.43442399340137,1245,***,+2.8429***
1929,Geral,persistencia,log(pop_total_2010),vizinhos_dens_real_1929,vizinhos_dens_sint_1929,2.0481399535915927,0.5438462530734735,3.7660275160797876,1.7373049261703514e-4,272.43442399340137,1245,***,+2.0481***
1929,Geral,persistencia,log(pop_total_2000),vizinhos_dens_real_1929,vizinhos_dens_sint_1929,1.888039850420412,0.5224861364745922,3.613569276995017,3.142408032803234e-4,272.43442399340137,1245,***,+1.8880***
1931,Geral,contemporaneo,log(pib_1939),vizinhos_dens_real_1931,vizinhos_dens_sint_1931,0.9781806595702365,0.3734503526255108,2.619305759636377,0.008919629122294104,260.64793756661066,1245,***,+0.9782***
1931,Geral,contemporaneo,log(pop_total_1940),vizinhos_dens_real_1931,vizinhos_dens_sint_1931,0.7996185820041503,0.2731527262030805,2.927368117899211,0.0034815296778106923,260.64793756661066,1245,***,+0.7996***
1931,Geral,persistencia,log(pib_2010),vizinhos_dens_real_1931,vizinhos_dens_sint_1931,2.7222595316344735,0.6984708041816251,3.8974564367426265,1.0246771462491504e-4,260.64793756661066,1245,***,+2.7223***
1931,Geral,persistencia,log(pib_2003),vizinhos_dens_real_1931,vizinhos_dens_sint_1931,2.8599582214924624,0.6702950654417176,4.2667153153033865,2.1364012758632947e-5,260.64793756661066,1245,***,+2.8600***
1931,Geral,persistencia,log(pop_total_2010),vizinhos_dens_real_1931,vizinhos_dens_sint_1931,2.063246152291619,0.5607213708125272,3.6796281712998042,2.4370902170457737e-4,260.64793756661066,1245,***,+2.0632***
1931,Geral,persistencia,log(pop_total_2000),vizinhos_dens_real_1931,vizinhos_dens_sint_1931,1.910762736969768,0.5385373587657984,3.548059769425818,4.0274101890710404e-4,260.64793756661066,1245,***,+1.9108***
1932,Geral,contemporaneo,log(pib_1939),vizinhos_dens_real_1932,vizinhos_dens_sint_1932,0.9683710599397878,0.3725192313284639,2.5995196448957008,0.009447652661433862,262.2852163485108,1244,***,+0.9684***
1932,Geral,contemporaneo,log(pop_total_1940),vizinhos_dens_real_1932,vizinhos_dens_sint_1932,0.7906818498665847,0.2724359734563496,2.9022666861330255,0.0037710385089840064,262.2852163485108,1244,***,+0.7907***
1932,Geral,persistencia,log(pib_2010),vizinhos_dens_real_1932,vizinhos_dens_sint_1932,2.6883650773897814,0.6965126707135855,3.859750425840092,1.194229512188985e-4,262.2852163485108,1244,***,+2.6884***
1932,Geral,persistencia,log(pib_2003),vizinhos_dens_real_1932,vizinhos_dens_sint_1932,2.8275983231384654,0.6683075871555099,4.230983423626022,2.500126165566432e-5,262.2852163485108,1244,***,+2.8276***
1932,Geral,persistencia,log(pop_total_2010),vizinhos_dens_real_1932,vizinhos_dens_sint_1932,2.0364850916568846,0.5591148873132642,3.6423374477522557,2.8145912230005356e-4,262.2852163485108,1244,***,+2.0365***
1932,Geral,persistencia,log(pop_total_2000),vizinhos_dens_real_1932,vizinhos_dens_sint_1932,1.8833615024342336,0.5369963115388392,3.507214969572498,4.692095135529195e-4,262.2852163485108,1244,***,+1.8834***
1933,Geral,contemporaneo,log(pib_1939),vizinhos_dens_real_1933,vizinhos_dens_sint_1933,1.1739480391227533,0.36057427681557086,3.2557731225048334,0.0011618595209071016,269.64534665766746,1241,***,+1.1739***
1933,Geral,contemporaneo,log(pop_total_1940),vizinhos_dens_real_1933,vizinhos_dens_sint_1933,1.0299670237921688,0.270016540719297,3.814458999616986,1.4330114859832804e-4,269.64534665766746,1241,***,+1.0300***
1933,Geral,persistencia,log(pib_2010),vizinhos_dens_real_1933,vizinhos_dens_sint_1933,3.1757185215284975,0.6989710659344899,4.543419143226935,6.083076428683386e-6,269.64534665766746,1241,***,+3.1757***
1933,Geral,persistencia,log(pib_2003),vizinhos_dens_real_1933,vizinhos_dens_sint_1933,3.203488044901505,0.6630015448688017,4.831795747226242,1.5246945028286176e-6,269.64534665766746,1241,***,+3.2035***
1933,Geral,persistencia,log(pop_total_2010),vizinhos_dens_real_1933,vizinhos_dens_sint_1933,2.2647055267382705,0.5528004724326003,4.096786525475324,4.4651897856437226e-5,269.64534665766746,1241,***,+2.2647***
1933,Geral,persistencia,log(pop_total_2000),vizinhos_dens_real_1933,vizinhos_dens_sint_1933,2.0496935394909332,0.5291727123624625,3.873392356798197,1.1301976044000523e-4,269.64534665766746,1241,***,+2.0497***
1934,Geral,contemporaneo,log(pib_1939),vizinhos_dens_real_1934,vizinhos_dens_sint_1934,1.2420609800680165,0.3623779079951382,3.42752952833063,6.293766744646837e-4,270.61513116045774,1240,***,+1.2421***
1934,Geral,contemporaneo,log(pop_total_1940),vizinhos_dens_real_1934,vizinhos_dens_sint_1934,1.1449949560905723,0.27372033930824,4.183083211807577,3.0814882658177004e-5,270.61513116045774,1240,***,+1.1450***
1934,Geral,persistencia,log(pib_2010),vizinhos_dens_real_1934,vizinhos_dens_sint_1934,3.045812924807805,0.6952530762783211,4.380869396669188,1.2834535574074825e-5,270.61513116045774,1240,***,+3.0458***
1934,Geral,persistencia,log(pib_2003),vizinhos_dens_real_1934,vizinhos_dens_sint_1934,3.072307260710221,0.6609016244413025,4.648660476977063,3.7039139094073654e-6,270.61513116045774,1240,***,+3.0723***
1934,Geral,persistencia,log(pop_total_2010),vizinhos_dens_real_1934,vizinhos_dens_sint_1934,2.1670668409005094,0.5515247446929463,3.9292286733335846,8.999619333318123e-5,270.61513116045774,1240,***,+2.1671***
1934,Geral,persistencia,log(pop_total_2000),vizinhos_dens_real_1934,vizinhos_dens_sint_1934,1.963385326436364,0.5283704752150574,3.715925507830896,2.1161956059644548e-4,270.61513116045774,1240,***,+1.9634***
1936,Geral,contemporaneo,log(pib_1939),vizinhos_dens_real_1936,vizinhos_dens_sint_1936,1.2394337646035187,0.36002288218331524,3.4426527477562607,5.955353184189349e-4,273.6968903071139,1240,***,+1.2394***
1936,Geral,contemporaneo,log(pop_total_1940),vizinhos_dens_real_1936,vizinhos_dens_sint_1936,1.1398554971868848,0.2717670050685026,4.1942379903681415,2.9357608256772278e-5,273.6968903071139,1240,***,+1.1399***
1936,Geral,persistencia,log(pib_2010),vizinhos_dens_real_1936,vizinhos_dens_sint_1936,3.026547896039677,0.6912080179100918,4.378635400079158,1.2964721065153158e-5,273.6968903071139,1240,***,+3.0265***
1936,Geral,persistencia,log(pib_2003),vizinhos_dens_real_1936,vizinhos_dens_sint_1936,3.052736315638378,0.6570999507511011,4.645771639685765,3.7552137370463655e-6,273.6968903071139,1240,***,+3.0527***
1936,Geral,persistencia,log(pop_total_2010),vizinhos_dens_real_1936,vizinhos_dens_sint_1936,2.149217177735826,0.5478496504849849,3.92300547391648,9.232379757169656e-5,273.6968903071139,1240,***,+2.1492***
1936,Geral,persistencia,log(pop_total_2000),vizinhos_dens_real_1936,vizinhos_dens_sint_1936,1.9469109158899665,0.5247908403534385,3.709879758150413,2.166793168293316e-4,273.6968903071139,1240,***,+1.9469***
1937,Geral,contemporaneo,log(pib_1939),vizinhos_dens_real_1937,vizinhos_dens_sint_1937,1.2507805574437418,0.36069219101073696,3.4677228634719985,5.431621164665016e-4,272.4175405281814,1239,***,+1.2508***
1937,Geral,contemporaneo,log(pop_total_1940),vizinhos_dens_real_1937,vizinhos_dens_sint_1937,1.14805291298217,0.2722349688459186,4.21713976661078,2.6570169946872806e-5,272.4175405281814,1239,***,+1.1481***
1937,Geral,persistencia,log(pib_2010),vizinhos_dens_real_1937,vizinhos_dens_sint_1937,3.0373751543560497,0.6933066000819411,4.3809984702252445,1.282790869540976e-5,272.4175405281814,1239,***,+3.0374***
1937,Geral,persistencia,log(pib_2003),vizinhos_dens_real_1937,vizinhos_dens_sint_1937,3.0623573733169827,0.6589421270327003,4.647384417668309,3.726801714050632e-6,272.4175405281814,1239,***,+3.0624***
1937,Geral,persistencia,log(pop_total_2010),vizinhos_dens_real_1937,vizinhos_dens_sint_1937,2.1574439166176234,0.549287291942479,3.9277149649468845,9.056119842064553e-5,272.4175405281814,1239,***,+2.1574***
1937,Geral,persistencia,log(pop_total_2000),vizinhos_dens_real_1937,vizinhos_dens_sint_1937,1.9546675104371598,0.5260935188585955,3.7154373516670134,2.12031573941841e-4,272.4175405281814,1239,***,+1.9547***
1940,Geral,contemporaneo,log(pib_1939),vizinhos_dens_real_1940,vizinhos_dens_sint_1940,1.2146486017936649,0.35287227886454325,3.4421763185878675,5.966074018297902e-4,286.2694241287636,1238,***,+1.2146***
1940,Geral,contemporaneo,log(pop_total_1940),vizinhos_dens_real_1940,vizinhos_dens_sint_1940,1.1121771107597078,0.2640643755916332,4.21176506019749,2.720269172295635e-5,286.2694241287636,1238,***,+1.1122***
1940,Geral,persistencia,log(pib_2010),vizinhos_dens_real_1940,vizinhos_dens_sint_1940,2.9493104843908498,0.6733298025804046,4.3801870540828505,1.2875885490497424e-5,286.2694241287636,1238,***,+2.9493***
1940,Geral,persistencia,log(pib_2003),vizinhos_dens_real_1940,vizinhos_dens_sint_1940,2.972185813893679,0.6401303557868534,4.643094624438243,3.803993642695442e-6,286.2694241287636,1238,***,+2.9722***
1940,Geral,persistencia,log(pop_total_2010),vizinhos_dens_real_1940,vizinhos_dens_sint_1940,2.087468977808693,0.533584153009161,3.9121644937098683,9.652351050251164e-5,286.2694241287636,1238,***,+2.0875***
1940,Geral,persistencia,log(pop_total_2000),vizinhos_dens_real_1940,vizinhos_dens_sint_1940,1.8900929079931696,0.5112363503969007,3.697101950058495,2.277658646072775e-4,286.2694241287636,1238,***,+1.8901***
1941,Geral,contemporaneo,log(pib_1939),vizinhos_dens_real_1941,vizinhos_dens_sint_1941,1.1495773748279945,0.3492015167601597,3.2920171295176615,0.0010232468115864912,292.21583008740555,1237,***,+1.1496***
1941,Geral,contemporaneo,log(pop_total_1940),vizinhos_dens_real_1941,vizinhos_dens_sint_1941,1.0651968144741193,0.26140640936634835,4.074868772560576,4.902018746728769e-5,292.21583008740555,1237,***,+1.0652***
1941,Geral,persistencia,log(pib_2010),vizinhos_dens_real_1941,vizinhos_dens_sint_1941,2.8403495149412428,0.6654043885817541,4.268606525116518,2.1196590676081416e-5,292.21583008740555,1237,***,+2.8403***
1941,Geral,persistencia,log(pib_2003),vizinhos_dens_real_1941,vizinhos_dens_sint_1941,2.8600800921871423,0.6324599754083873,4.522151920112183,6.718459484931194e-6,292.21583008740555,1237,***,+2.8601***
1941,Geral,persistencia,log(pop_total_2010),vizinhos_dens_real_1941,vizinhos_dens_sint_1941,2.0077941873876224,0.526912907536181,3.8104858671539663,1.4561939367514065e-4,292.21583008740555,1237,***,+2.0078***
1941,Geral,persistencia,log(pop_total_2000),vizinhos_dens_real_1941,vizinhos_dens_sint_1941,1.8118319796352997,0.504472585492596,3.5915370462918674,3.4182636031349144e-4,292.21583008740555,1237,***,+1.8118***
1944,Geral,contemporaneo,log(pib_1939),vizinhos_dens_real_1944,vizinhos_dens_sint_1944,1.1729926717346353,0.35357574426263716,3.3175145376016877,9.350354946281314e-4,282.8908886727285,1237,***,+1.1730***
1944,Geral,contemporaneo,log(pop_total_1940),vizinhos_dens_real_1944,vizinhos_dens_sint_1944,1.0827039246819254,0.26522276805330863,4.082243514117561,4.751028394320531e-5,282.8908886727285,1237,***,+1.0827***
1944,Geral,persistencia,log(pib_2010),vizinhos_dens_real_1944,vizinhos_dens_sint_1944,2.9012796651555837,0.6752204974341344,4.296788495284971,1.8709430616043735e-5,282.8908886727285,1237,***,+2.9013***
1944,Geral,persistencia,log(pib_2003),vizinhos_dens_real_1944,vizinhos_dens_sint_1944,2.9219770452410962,0.6420803129751615,4.550796818082991,5.878861467085897e-6,282.8908886727285,1237,***,+2.9220***
1944,Geral,persistencia,log(pop_total_2010),vizinhos_dens_real_1944,vizinhos_dens_sint_1944,2.05452796646811,0.534626756203488,3.8429202104619735,1.278509736733505e-4,282.8908886727285,1237,***,+2.0545***
1944,Geral,persistencia,log(pop_total_2000),vizinhos_dens_real_1944,vizinhos_dens_sint_1944,1.8556645209991758,0.5117660159572269,3.626001850725217,2.997317009474804e-4,282.8908886727285,1237,***,+1.8557***
1947,Geral,contemporaneo,log(pib_1939),vizinhos_dens_real_1947,vizinhos_dens_sint_1947,1.1724112380357703,0.3498205981678844,3.3514642767636906,8.285302049090492e-4,287.41740860613817,1236,***,+1.1724***
1947,Geral,contemporaneo,log(pop_total_1940),vizinhos_dens_real_1947,vizinhos_dens_sint_1947,1.0859763869452952,0.2623095231037009,4.140057036800632,3.711477078474701e-5,287.41740860613817,1236,***,+1.0860***
1947,Geral,persistencia,log(pib_2010),vizinhos_dens_real_1947,vizinhos_dens_sint_1947,2.8569427099295743,0.6659464169843043,4.2900489244571,1.9278760054110125e-5,287.41740860613817,1236,***,+2.8569***
1947,Geral,persistencia,log(pib_2003),vizinhos_dens_real_1947,vizinhos_dens_sint_1947,2.8749923818412126,0.6332408559131167,4.540124590817105,6.179663603680358e-6,287.41740860613817,1236,***,+2.8750***
1947,Geral,persistencia,log(pop_total_2010),vizinhos_dens_real_1947,vizinhos_dens_sint_1947,2.0197750590150814,0.5274312947020742,3.8294562330738744,1.3496855451587613e-4,287.41740860613817,1236,***,+2.0198***
1947,Geral,persistencia,log(pop_total_2000),vizinhos_dens_real_1947,vizinhos_dens_sint_1947,1.8293132436221606,0.5052070772528546,3.620917690958226,3.0562988132257706e-4,287.41740860613817,1236,***,+1.8293***
1948,Geral,contemporaneo,log(pib_1939),vizinhos_dens_real_1948,vizinhos_dens_sint_1948,1.1802029342881803,0.3766299196969106,3.1335878340147207,0.0017681216761549034,222.25759872107827,1235,***,+1.1802***
1948,Geral,contemporaneo,log(pop_total_1940),vizinhos_dens_real_1948,vizinhos_dens_sint_1948,1.1411069302598986,0.2828605139787191,4.034168340462498,5.821254184288652e-5,222.25759872107827,1235,***,+1.1411***
1948,Geral,persistencia,log(pib_2010),vizinhos_dens_real_1948,vizinhos_dens_sint_1948,3.1311837705797267,0.7358755853014732,4.255045055336283,2.250558240958796e-5,222.25759872107827,1235,***,+3.1312***
1948,Geral,persistencia,log(pib_2003),vizinhos_dens_real_1948,vizinhos_dens_sint_1948,3.192168938454075,0.7015097208985244,4.550427233375191,5.889937018251636e-6,222.25759872107827,1235,***,+3.1922***
1948,Geral,persistencia,log(pop_total_2010),vizinhos_dens_real_1948,vizinhos_dens_sint_1948,2.228459787261006,0.5829243187258728,3.8228972710074327,1.385725674636734e-4,222.25759872107827,1235,***,+2.2285***
1948,Geral,persistencia,log(pop_total_2000),vizinhos_dens_real_1948,vizinhos_dens_sint_1948,2.0264935386993495,0.5566752462356112,3.640351447999615,2.837006405727932e-4,222.25759872107827,1235,***,+2.0265***
1949,Geral,contemporaneo,log(pib_1949),vizinhos_dens_real_1949,vizinhos_dens_sint_1949,1.0895854778156011,0.4044213236229404,2.6941840456253217,0.007153585241784292,209.19864705428063,1231,***,+1.0896***
1949,Geral,contemporaneo,log(pop_total_1950),vizinhos_dens_real_1949,vizinhos_dens_sint_1949,1.0651532027775685,0.31141410788644386,3.420375557185653,6.461566127372283e-4,209.19864705428063,1231,***,+1.0652***
1949,Geral,persistencia,log(pib_2010),vizinhos_dens_real_1949,vizinhos_dens_sint_1949,3.335702548037093,0.7619397887064425,4.377908330132187,1.301521187221727e-5,209.19864705428063,1231,***,+3.3357***
1949,Geral,persistencia,log(pib_2003),vizinhos_dens_real_1949,vizinhos_dens_sint_1949,3.3771344948604414,0.7225900916055263,4.673651817390369,3.2898752652626497e-6,209.19864705428063,1231,***,+3.3771***
1949,Geral,persistencia,log(pop_total_2010),vizinhos_dens_real_1949,vizinhos_dens_sint_1949,2.386134984734884,0.5964880471105263,4.000306454242737,6.709066028856677e-5,209.19864705428063,1231,***,+2.3861***
1949,Geral,persistencia,log(pop_total_2000),vizinhos_dens_real_1949,vizinhos_dens_sint_1949,2.1629352862053977,0.5702081278886818,3.793238258833894,1.5602868484187234e-4,209.19864705428063,1231,***,+2.1629***
1950,Geral,contemporaneo,log(pib_1949),vizinhos_dens_real_1950,vizinhos_dens_sint_1950,0.9548100045645351,0.426352827766855,2.239483222301177,0.02530512559819122,179.38722371353086,1232,**,+0.9548**
1950,Geral,contemporaneo,log(pop_total_1950),vizinhos_dens_real_1950,vizinhos_dens_sint_1950,0.9764845807874353,0.32386578798622495,3.0150902534631667,0.0026224359672094833,179.38722371353086,1232,***,+0.9765***
1950,Geral,persistencia,log(pib_2010),vizinhos_dens_real_1950,vizinhos_dens_sint_1950,3.513519403267308,0.8065942280896623,4.355993733786971,1.4364879767807128e-5,179.38722371353086,1232,***,+3.5135***
1950,Geral,persistencia,log(pib_2003),vizinhos_dens_real_1950,vizinhos_dens_sint_1950,3.608329148188248,0.76945734151845,4.689446644394291,3.049786370511069e-6,179.38722371353086,1232,***,+3.6083***
1950,Geral,persistencia,log(pop_total_2010),vizinhos_dens_real_1950,vizinhos_dens_sint_1950,2.458075353142447,0.62763068771421,3.916435893366841,9.487609744284422e-5,179.38722371353086,1232,***,+2.4581***
1950,Geral,persistencia,log(pop_total_2000),vizinhos_dens_real_1950,vizinhos_dens_sint_1950,2.227789270666038,0.598007862162699,3.725351139380049,2.0401186573329363e-4,179.38722371353086,1232,***,+2.2278***
1951,Geral,contemporaneo,log(pib_1949),vizinhos_dens_real_1951,vizinhos_dens_sint_1951,0.9555318416287496,0.42556550117950775,2.245322609516923,0.024926664121902538,170.61588089227112,1234,**,+0.9555**
1951,Geral,contemporaneo,log(pop_total_1950),vizinhos_dens_real_1951,vizinhos_dens_sint_1951,0.9525423028289364,0.322708207078439,2.95171390728655,0.003220821546857629,170.61588089227112,1234,***,+0.9525***
1951,Geral,persistencia,log(pib_2010),vizinhos_dens_real_1951,vizinhos_dens_sint_1951,3.6263899535657362,0.8150837162656767,4.449101216473958,9.413349874984988e-6,170.61588089227112,1234,***,+3.6264***
1951,Geral,persistencia,log(pib_2003),vizinhos_dens_real_1951,vizinhos_dens_sint_1951,3.720867657033212,0.7803039859452546,4.768484749601503,2.080712476404187e-6,170.61588089227112,1234,***,+3.7209***
1951,Geral,persistencia,log(pop_total_2010),vizinhos_dens_real_1951,vizinhos_dens_sint_1951,2.5579681092159943,0.6340805745466156,4.0341373192910215,5.822300301911661e-5,170.61588089227112,1234,***,+2.5580***
1951,Geral,persistencia,log(pop_total_2000),vizinhos_dens_real_1951,vizinhos_dens_sint_1951,2.3261426193449446,0.6039646941841782,3.8514546326040553,1.2354290848731972e-4,170.61588089227112,1234,***,+2.3261***
1953,Geral,contemporaneo,log(pib_1949),vizinhos_dens_real_1953,vizinhos_dens_sint_1953,0.9473632688648066,0.4190674607778621,2.2606462145887813,0.023957363392709447,172.68430712033012,1235,**,+0.9474**
1953,Geral,contemporaneo,log(pop_total_1950),vizinhos_dens_real_1953,vizinhos_dens_sint_1953,0.9375254774953088,0.317699834451082,2.950978803986959,0.0032283911899853037,172.68430712033012,1235,***,+0.9375***
1953,Geral,persistencia,log(pib_2010),vizinhos_dens_real_1953,vizinhos_dens_sint_1953,3.551796539181969,0.8018930323463556,4.429264747181228,1.0306145824106985e-5,172.68430712033012,1235,***,+3.5518***
1953,Geral,persistencia,log(pib_2003),vizinhos_dens_real_1953,vizinhos_dens_sint_1953,3.6427908116284655,0.7676090787093588,4.745632787138701,2.32496120756657e-6,172.68430712033012,1235,***,+3.6428***
1953,Geral,persistencia,log(pop_total_2010),vizinhos_dens_real_1953,vizinhos_dens_sint_1953,2.5039784187569785,0.6237796150125748,4.014203668240265,6.329482139760252e-5,172.68430712033012,1235,***,+2.5040***
1953,Geral,persistencia,log(pop_total_2000),vizinhos_dens_real_1953,vizinhos_dens_sint_1953,2.276539924247383,0.5940940542444028,3.831952041908239,1.3362801193600557e-4,172.68430712033012,1235,***,+2.2765***
1955,Geral,contemporaneo,log(pib_1949),vizinhos_dens_real_1955,vizinhos_dens_sint_1955,0.9550984317978874,0.42152124211838154,2.265837012146719,0.02363657029453113,170.65728914944265,1235,**,+0.9551**
1955,Geral,contemporaneo,log(pop_total_1950),vizinhos_dens_real_1955,vizinhos_dens_sint_1955,0.9450991533131242,0.3197654156320002,2.9556015350977947,0.0031807460188158897,170.65728914944265,1235,***,+0.9451***
1955,Geral,persistencia,log(pib_2010),vizinhos_dens_real_1955,vizinhos_dens_sint_1955,3.567279216512821,0.8071773868336733,4.419448902683262,1.07777195428728e-5,170.65728914944265,1235,***,+3.5673***
1955,Geral,persistencia,log(pib_2003),vizinhos_dens_real_1955,vizinhos_dens_sint_1955,3.660513135456876,0.7727899967343465,4.736750153244039,2.427239370547151e-6,170.65728914944265,1235,***,+3.6605***
1955,Geral,persistencia,log(pop_total_2010),vizinhos_dens_real_1955,vizinhos_dens_sint_1955,2.518487296821651,0.6279420934537726,4.010699908600817,6.42290496377781e-5,170.65728914944265,1235,***,+2.5185***
1955,Geral,persistencia,log(pop_total_2000),vizinhos_dens_real_1955,vizinhos_dens_sint_1955,2.2904020859820555,0.598053796004706,3.829759298048219,1.3480990094102868e-4,170.65728914944265,1235,***,+2.2904***
1956,Geral,contemporaneo,log(pib_1949),vizinhos_dens_real_1956,vizinhos_dens_sint_1956,0.9560855818325339,0.4212443909063807,2.269669584858683,0.023402116951203755,170.7724250608824,1235,**,+0.9561**
1956,Geral,contemporaneo,log(pop_total_1950),vizinhos_dens_real_1956,vizinhos_dens_sint_1956,0.9414406225362857,0.31952200339128384,2.9464031038369702,0.003276191971441996,170.7724250608824,1235,***,+0.9414***
1956,Geral,persistencia,log(pib_2010),vizinhos_dens_real_1956,vizinhos_dens_sint_1956,3.5737928115987256,0.8070524640492736,4.428203829113806,1.0356147434257322e-5,170.7724250608824,1235,***,+3.5738***
1956,Geral,persistencia,log(pib_2003),vizinhos_dens_real_1956,vizinhos_dens_sint_1956,3.6682581275933135,0.772816419790394,4.746609975740722,2.313965826804381e-6,170.7724250608824,1235,***,+3.6683***
1956,Geral,persistencia,log(pop_total_2010),vizinhos_dens_real_1956,vizinhos_dens_sint_1956,2.5257634993534825,0.6279438746842558,4.022275877160984,6.119125708530125e-5,170.7724250608824,1235,***,+2.5258***
1956,Geral,persistencia,log(pop_total_2000),vizinhos_dens_real_1956,vizinhos_dens_sint_1956,2.299466553211239,0.5981801386195743,3.84410381547896,1.2725341999838408e-4,170.7724250608824,1235,***,+2.2995***
1957,Geral,contemporaneo,log(pib_1949),vizinhos_dens_real_1957,vizinhos_dens_sint_1957,1.0170319003941408,0.4284522213704749,2.373734688878487,0.017763825849819413,165.49075384776017,1235,**,+1.0170**
1957,Geral,contemporaneo,log(pop_total_1950),vizinhos_dens_real_1957,vizinhos_dens_sint_1957,0.9621967201216372,0.3261072582461097,2.9505529110164037,0.0032328133424497463,165.49075384776017,1235,***,+0.9622***
1957,Geral,persistencia,log(pib_2010),vizinhos_dens_real_1957,vizinhos_dens_sint_1957,3.6358305279666157,0.8228622435204336,4.418516655244165,1.0823563999382712e-5,165.49075384776017,1235,***,+3.6358***
1957,Geral,persistencia,log(pib_2003),vizinhos_dens_real_1957,vizinhos_dens_sint_1957,3.7443137951684227,0.7888665630662026,4.746447587555052,2.315789557811488e-6,165.49075384776017,1235,***,+3.7443***
1957,Geral,persistencia,log(pop_total_2010),vizinhos_dens_real_1957,vizinhos_dens_sint_1957,2.576086038389069,0.6403636754510507,4.022848479927536,6.104458573666426e-5,165.49075384776017,1235,***,+2.5761***
1957,Geral,persistencia,log(pop_total_2000),vizinhos_dens_real_1957,vizinhos_dens_sint_1957,2.351377114801193,0.6102205410982259,3.85332344035711,1.2260961105595993e-4,165.49075384776017,1235,***,+2.3514***
1958,Geral,contemporaneo,log(pib_1949),vizinhos_dens_real_1958,vizinhos_dens_sint_1958,0.9292018624523144,0.43203372620522196,2.150762327316388,0.03169139432478258,156.7856630754097,1236,**,+0.9292**
1958,Geral,contemporaneo,log(pop_total_1950),vizinhos_dens_real_1958,vizinhos_dens_sint_1958,0.8594384625826323,0.3256623672993504,2.6390475193980043,0.00842011336459173,156.7856630754097,1236,***,+0.8594***
1958,Geral,persistencia,log(pib_2010),vizinhos_dens_real_1958,vizinhos_dens_sint_1958,3.658755387014261,0.8288389041624963,4.414314251707653,1.1031783853716922e-5,156.7856630754097,1236,***,+3.6588***
1958,Geral,persistencia,log(pib_2003),vizinhos_dens_real_1958,vizinhos_dens_sint_1958,3.7517333273739597,0.7955481165766695,4.7159100112235555,2.6842174742830633e-6,156.7856630754097,1236,***,+3.7517***
1958,Geral,persistencia,log(pop_total_2010),vizinhos_dens_real_1958,vizinhos_dens_sint_1958,2.636184077125703,0.6511342378777634,4.0486030741031165,5.477893950028543e-5,156.7856630754097,1236,***,+2.6362***
1958,Geral,persistencia,log(pop_total_2000),vizinhos_dens_real_1958,vizinhos_dens_sint_1958,2.3688346824718747,0.6177252561208771,3.8347706508673793,1.321177519737022e-4,156.7856630754097,1236,***,+2.3688***
1961,Geral,contemporaneo,log(pib_1959),vizinhos_dens_real_1961,vizinhos_dens_sint_1961,0.1723426726240389,0.6872464874182588,0.25077272242084375,0.8020321627555824,157.44199977973244,1236,,+0.1723
1961,Geral,contemporaneo,log(pop_total_1960),vizinhos_dens_real_1961,vizinhos_dens_sint_1961,0.7151391958162289,0.4283058810989626,1.6696926831387395,0.09523735043222481,157.44199977973244,1236,*,+0.7151*
1961,Geral,persistencia,log(pib_2010),vizinhos_dens_real_1961,vizinhos_dens_sint_1961,3.6516504555904854,0.8268797229284741,4.416180920071197,1.0938489102103457e-5,157.44199977973244,1236,***,+3.6517***
1961,Geral,persistencia,log(pib_2003),vizinhos_dens_real_1961,vizinhos_dens_sint_1961,3.7444478422317067,0.7936361695031448,4.718091218770832,2.656117584104558e-6,157.44199977973244,1236,***,+3.7444***
1961,Geral,persistencia,log(pop_total_2010),vizinhos_dens_real_1961,vizinhos_dens_sint_1961,2.6310648753460897,0.6496104753754234,4.05021928537335,5.44069793141637e-5,157.44199977973244,1236,***,+2.6311***
1961,Geral,persistencia,log(pop_total_2000),vizinhos_dens_real_1961,vizinhos_dens_sint_1961,2.3642346460679984,0.6162907613443908,3.836232496671868,1.313435965225945e-4,157.44199977973244,1236,***,+2.3642***
1962,Geral,contemporaneo,log(pib_1959),vizinhos_dens_real_1962,vizinhos_dens_sint_1962,0.03848113238946582,0.6828001936085086,0.056357822902917076,0.955066006923309,160.3258170891559,1236,,+0.0385
1962,Geral,contemporaneo,log(pop_total_1960),vizinhos_dens_real_1962,vizinhos_dens_sint_1962,0.631588571539865,0.42418733486227617,1.4889378339052184,0.1367628196007423,160.3258170891559,1236,,+0.6316
1962,Geral,persistencia,log(pib_2010),vizinhos_dens_real_1962,vizinhos_dens_sint_1962,3.599913690177736,0.8111786726827621,4.437880101398573,9.907862519005291e-6,160.3258170891559,1236,***,+3.5999***
1962,Geral,persistencia,log(pib_2003),vizinhos_dens_real_1962,vizinhos_dens_sint_1962,3.6721659348399767,0.7790171267031596,4.713844932242724,2.7110844018965325e-6,160.3258170891559,1236,***,+3.6722***
1962,Geral,persistencia,log(pop_total_2010),vizinhos_dens_real_1962,vizinhos_dens_sint_1962,2.5715296990342758,0.6401906897784778,4.016818332556649,6.260302991951448e-5,160.3258170891559,1236,***,+2.5715***
1962,Geral,persistencia,log(pop_total_2000),vizinhos_dens_real_1962,vizinhos_dens_sint_1962,2.279550713478182,0.6070659584707637,3.755029715750344,1.8150885236950596e-4,160.3258170891559,1236,***,+2.2796***
1966,Geral,contemporaneo,log(pib_1959),vizinhos_dens_real_1966,vizinhos_dens_sint_1966,0.0733856568630733,0.6849071583783362,0.1071468679591983,0.914690140328606,159.04932748326442,1235,,+0.0734
1966,Geral,contemporaneo,log(pop_total_1960),vizinhos_dens_real_1966,vizinhos_dens_sint_1966,0.6844791869495649,0.42599486572331696,1.6067780201701611,0.10836268878562406,159.04932748326442,1235,,+0.6845
1966,Geral,persistencia,log(pib_2010),vizinhos_dens_real_1966,vizinhos_dens_sint_1966,3.711502953791218,0.8179793670860538,4.537404124278794,6.259025220541698e-6,159.04932748326442,1235,***,+3.7115***
1966,Geral,persistencia,log(pib_2003),vizinhos_dens_real_1966,vizinhos_dens_sint_1966,3.781793311814563,0.7854275438572262,4.814948675268271,1.6574614491331053e-6,159.04932748326442,1235,***,+3.7818***
1966,Geral,persistencia,log(pop_total_2010),vizinhos_dens_real_1966,vizinhos_dens_sint_1966,2.6957606683331328,0.6467774690485627,4.167987905173494,3.290597969838602e-5,159.04932748326442,1235,***,+2.6958***
1966,Geral,persistencia,log(pop_total_2000),vizinhos_dens_real_1966,vizinhos_dens_sint_1966,2.400374866635617,0.612856479751389,3.916699824417866,9.476105429350145e-5,159.04932748326442,1235,***,+2.4004***
1969,Geral,contemporaneo,log(pib_1959),vizinhos_dens_real_1969,vizinhos_dens_sint_1969,0.09220020999828527,0.6892332961537369,0.1337721356655404,0.8936048786826121,157.3037903315213,1236,,+0.0922
1969,Geral,contemporaneo,log(pop_total_1960),vizinhos_dens_real_1969,vizinhos_dens_sint_1969,0.6911148589996421,0.42856406093027477,1.6126290606343752,0.10708438636744823,157.3037903315213,1236,,+0.6911
1969,Geral,persistencia,log(pib_2010),vizinhos_dens_real_1969,vizinhos_dens_sint_1969,3.818502577246034,0.8260197105788754,4.622774164275117,4.190013966907948e-6,157.3037903315213,1236,***,+3.8185***
1969,Geral,persistencia,log(pib_2003),vizinhos_dens_real_1969,vizinhos_dens_sint_1969,3.885273171404126,0.7936347837781027,4.895542951013642,1.1120598487306124e-6,157.3037903315213,1236,***,+3.8853***
1969,Geral,persistencia,log(pop_total_2010),vizinhos_dens_real_1969,vizinhos_dens_sint_1969,2.7753504054107845,0.6525151165265136,4.253312046140182,2.267659017845843e-5,157.3037903315213,1236,***,+2.7754***
1969,Geral,persistencia,log(pop_total_2000),vizinhos_dens_real_1969,vizinhos_dens_sint_1969,2.4709115032450395,0.6181007153228544,3.9975871924924093,6.783941631141431e-5,157.3037903315213,1236,***,+2.4709***
1972,Geral,contemporaneo,log(pib_1970),vizinhos_dens_real_1972,vizinhos_dens_sint_1972,1.9719828983301846,0.7254687543225621,2.7182189261501817,0.006656970860050671,158.10562285021382,1235,***,+1.9720***
1972,Geral,contemporaneo,log(pop_total_1970),vizinhos_dens_real_1972,vizinhos_dens_sint_1972,1.2212767853817101,0.5352083082087277,2.2818718742785666,0.022669065774217945,159.1693513708761,1235,**,+1.2213**
1972,Geral,persistencia,log(pib_2010),vizinhos_dens_real_1972,vizinhos_dens_sint_1972,3.814689140618633,0.8190533369382098,4.657436785348715,3.553657884563065e-6,159.1693513708761,1235,***,+3.8147***
1972,Geral,persistencia,log(pib_2003),vizinhos_dens_real_1972,vizinhos_dens_sint_1972,3.874435273302011,0.7863304350318956,4.927235549702274,9.4914886232989e-7,159.1693513708761,1235,***,+3.8744***
1972,Geral,persistencia,log(pop_total_2010),vizinhos_dens_real_1972,vizinhos_dens_sint_1972,2.7858538964180735,0.647483625034146,4.302585870447546,1.8235819221620127e-5,159.1693513708761,1235,***,+2.7859***
1972,Geral,persistencia,log(pop_total_2000),vizinhos_dens_real_1972,vizinhos_dens_sint_1972,2.4849639545045954,0.6134311767080313,4.050925431994043,5.4247932309470325e-5,159.1693513708761,1235,***,+2.4850***
1985,Geral,contemporaneo,log(pib_1985),vizinhos_dens_real_1985,vizinhos_dens_sint_1985,2.2156186505897604,0.8052198827345569,2.751569724117388,0.00601936333414612,155.53107308754858,1234,***,+2.2156***
1985,Geral,contemporaneo,log(pop_total_1991),vizinhos_dens_real_1985,vizinhos_dens_sint_1985,2.210406075709368,0.5857770106537057,3.773459926743516,1.687619892706996e-4,156.04586623552422,1234,***,+2.2104***
1985,Geral,persistencia,log(pib_2010),vizinhos_dens_real_1985,vizinhos_dens_sint_1985,3.9195306429744523,0.8285729839839944,4.730459137260703,2.5025034528654042e-6,156.04586623552422,1234,***,+3.9195***
1985,Geral,persistencia,log(pib_2003),vizinhos_dens_real_1985,vizinhos_dens_sint_1985,3.98771502278703,0.7955172164660658,5.012732521995812,6.16174614618036e-7,156.04586623552422,1234,***,+3.9877***
1985,Geral,persistencia,log(pop_total_2010),vizinhos_dens_real_1985,vizinhos_dens_sint_1985,2.9173017176203033,0.6565374579608269,4.443465764590644,9.65936237957961e-6,156.04586623552422,1234,***,+2.9173***
1985,Geral,persistencia,log(pop_total_2000),vizinhos_dens_real_1985,vizinhos_dens_sint_1985,2.612715371139914,0.6214631223928198,4.2041358159437925,2.8129362167928495e-5,156.04586623552422,1234,***,+2.6127***
1996,Geral,contemporaneo,log(pib_1996),vizinhos_dens_real_1996,vizinhos_dens_sint_1996,3.108368560705941,0.8041110750740555,3.8655960066458133,1.1668569705108645e-4,156.28186064499238,1233,***,+3.1084***
1996,Geral,contemporaneo,log(pop_total_1996),vizinhos_dens_real_1996,vizinhos_dens_sint_1996,2.422759735731586,0.5998198784843465,4.039145454554675,5.7012845176516896e-5,156.28186064499238,1233,***,+2.4228***
1996,Geral,persistencia,log(pib_2010),vizinhos_dens_real_1996,vizinhos_dens_sint_1996,3.9374371305012956,0.8278158258802355,4.756416835006179,2.2067571846282586e-6,156.28186064499238,1233,***,+3.9374***
1996,Geral,persistencia,log(pib_2003),vizinhos_dens_real_1996,vizinhos_dens_sint_1996,4.009022648077373,0.7950907982136596,5.0422199037952575,5.300997629198587e-7,156.28186064499238,1233,***,+4.0090***
1996,Geral,persistencia,log(pop_total_2010),vizinhos_dens_real_1996,vizinhos_dens_sint_1996,2.9280402300159043,0.6557495420885118,4.465180746738033,8.744552933569589e-6,156.28186064499238,1233,***,+2.9280***
1996,Geral,persistencia,log(pop_total_2000),vizinhos_dens_real_1996,vizinhos_dens_sint_1996,2.6258512998331414,0.6209649058119859,4.228662965098691,2.5272978215388186e-5,156.28186064499238,1233,***,+2.6259***
2003,Geral,contemporaneo,log(pib_2003),vizinhos_dens_real_2003,vizinhos_dens_sint_2003,4.010365567070836,0.7950114222593027,5.044412513815186,5.241810620887745e-7,156.3158851352879,1233,***,+4.0104***
2003,Geral,contemporaneo,log(pop_total_2000),vizinhos_dens_real_2003,vizinhos_dens_sint_2003,2.6257582120226513,0.6208546188809052,4.229264198365148,2.5206519013976974e-5,156.3158851352879,1233,***,+2.6258***
2003,Geral,persistencia,log(pib_2010),vizinhos_dens_real_2003,vizinhos_dens_sint_2003,3.938738759544894,0.8277241260183327,4.758516316893798,2.184348970386838e-6,156.3158851352879,1233,***,+3.9387***
2003,Geral,persistencia,log(pib_2003),vizinhos_dens_real_2003,vizinhos_dens_sint_2003,4.010365567070836,0.7950114222593027,5.044412513815186,5.241810620887745e-7,156.3158851352879,1233,***,+4.0104***
2003,Geral,persistencia,log(pop_total_2010),vizinhos_dens_real_2003,vizinhos_dens_sint_2003,2.927812444361929,0.6556196226496459,4.465718143897764,8.72298461645957e-6,156.3158851352879,1233,***,+2.9278***
2003,Geral,persistencia,log(pop_total_2000),vizinhos_dens_real_2003,vizinhos_dens_sint_2003,2.6257582120226513,0.6208546188809052,4.229264198365148,2.5206519013976974e-5,156.3158851352879,1233,***,+2.6258***
1858,Nao_Atendidos_Dummy0,contemporaneo,log(pib_1920),vizinhos_dens_real_1858,vizinhos_dens_sint_1858,3.609685932498377,1.3992652064931552,2.5797010572034362,0.009997564623696834,49900.219715831394,1319,***,+3.6097***
1858,Nao_Atendidos_Dummy0,contemporaneo,log(pop_total_1940),vizinhos_dens_real_1858,vizinhos_dens_sint_1858,-0.219747961752499,1.1072384543091474,-0.1984648933545295,0.8427123809058711,49900.219715831394,1319,,-0.2197
1858,Nao_Atendidos_Dummy0,persistencia,log(pib_2010),vizinhos_dens_real_1858,vizinhos_dens_sint_1858,12.835659509683218,6.004354736372417,2.1377250467779647,0.03272513871121237,49900.219715831394,1319,**,+12.8357**
1858,Nao_Atendidos_Dummy0,persistencia,log(pib_2003),vizinhos_dens_real_1858,vizinhos_dens_sint_1858,12.544509440276173,5.5017179503719,2.28010769607486,0.02276263991291989,49900.219715831394,1319,**,+12.5445**
1858,Nao_Atendidos_Dummy0,persistencia,log(pop_total_2010),vizinhos_dens_real_1858,vizinhos_dens_sint_1858,10.46679232368306,4.520529306512075,2.3153908788081656,0.02074659590868262,49900.219715831394,1319,**,+10.4668**
1858,Nao_Atendidos_Dummy0,persistencia,log(pop_total_2000),vizinhos_dens_real_1858,vizinhos_dens_sint_1858,10.43404272651485,4.616317416474367,2.260252444790434,0.02397045143490839,49900.219715831394,1319,**,+10.4340**
1860,Nao_Atendidos_Dummy0,contemporaneo,log(pib_1920),vizinhos_dens_real_1860,vizinhos_dens_sint_1860,4.0023676963458374,1.6953998869178577,2.360721931875269,0.018387028401372324,11746.279462382354,1313,**,+4.0024**
1860,Nao_Atendidos_Dummy0,contemporaneo,log(pop_total_1940),vizinhos_dens_real_1860,vizinhos_dens_sint_1860,-1.0782565707972847,1.2917628567633614,-0.8347171194401442,0.40403107554304885,11746.279462382354,1313,,-1.0783
1860,Nao_Atendidos_Dummy0,persistencia,log(pib_2010),vizinhos_dens_real_1860,vizinhos_dens_sint_1860,15.417828107995891,6.515607803339376,2.3662916144360246,0.01811391414124847,11746.279462382354,1313,**,+15.4178**
1860,Nao_Atendidos_Dummy0,persistencia,log(pib_2003),vizinhos_dens_real_1860,vizinhos_dens_sint_1860,15.779306403149135,6.571638889485656,2.4011219527590533,0.01648528427371274,11746.279462382354,1313,**,+15.7793**
1860,Nao_Atendidos_Dummy0,persistencia,log(pop_total_2010),vizinhos_dens_real_1860,vizinhos_dens_sint_1860,8.5895206185986,3.1962949499837596,2.6873366673004453,0.007294747422024708,11746.279462382354,1313,***,+8.5895***
1860,Nao_Atendidos_Dummy0,persistencia,log(pop_total_2000),vizinhos_dens_real_1860,vizinhos_dens_sint_1860,8.892184083464771,3.038973419653106,2.9260486537851325,0.003492887120770999,11746.279462382354,1313,***,+8.8922***
1862,Nao_Atendidos_Dummy0,contemporaneo,log(pib_1920),vizinhos_dens_real_1862,vizinhos_dens_sint_1862,3.728751440445153,1.670202301636344,2.2325148497232883,0.025752431708833064,992.9588253266585,1306,**,+3.7288**
1862,Nao_Atendidos_Dummy0,contemporaneo,log(pop_total_1940),vizinhos_dens_real_1862,vizinhos_dens_sint_1862,-0.9001623002339323,1.223322343653393,-0.7358341036636681,0.46196574578902183,992.9588253266585,1306,,-0.9002
1862,Nao_Atendidos_Dummy0,persistencia,log(pib_2010),vizinhos_dens_real_1862,vizinhos_dens_sint_1862,14.299324050295306,6.174977098789808,2.3156885963346707,0.020731837392790768,992.9588253266585,1306,**,+14.2993**
1862,Nao_Atendidos_Dummy0,persistencia,log(pib_2003),vizinhos_dens_real_1862,vizinhos_dens_sint_1862,14.467300619789714,6.263913632047676,2.3096264523462704,0.021066497394073954,992.9588253266585,1306,**,+14.4673**
1862,Nao_Atendidos_Dummy0,persistencia,log(pop_total_2010),vizinhos_dens_real_1862,vizinhos_dens_sint_1862,8.021841258489427,3.0667577032970876,2.6157401511913063,0.009007576780681762,992.9588253266585,1306,***,+8.0218***
1862,Nao_Atendidos_Dummy0,persistencia,log(pop_total_2000),vizinhos_dens_real_1862,vizinhos_dens_sint_1862,8.32501736783025,2.92729682720612,2.8439266187350873,0.004526614926473677,992.9588253266585,1306,***,+8.3250***
1863,Nao_Atendidos_Dummy0,contemporaneo,log(pib_1920),vizinhos_dens_real_1863,vizinhos_dens_sint_1863,4.799707565305202,1.6233857127624047,2.9566033060238452,0.003167490545762787,677.4959062841019,1299,***,+4.7997***
1863,Nao_Atendidos_Dummy0,contemporaneo,log(pop_total_1940),vizinhos_dens_real_1863,vizinhos_dens_sint_1863,-0.2663881506357571,1.3347238823623515,-0.19958296555259952,0.8418384516027694,677.4959062841019,1299,,-0.2664
1863,Nao_Atendidos_Dummy0,persistencia,log(pib_2010),vizinhos_dens_real_1863,vizinhos_dens_sint_1863,11.24286224565737,5.850242760994722,1.9217770449829568,0.05485562387291131,677.4959062841019,1299,*,+11.2429*
1863,Nao_Atendidos_Dummy0,persistencia,log(pib_2003),vizinhos_dens_real_1863,vizinhos_dens_sint_1863,11.410822074623274,5.9264325985258175,1.925411600473054,0.054399221398615576,677.4959062841019,1299,*,+11.4108*
1863,Nao_Atendidos_Dummy0,persistencia,log(pop_total_2010),vizinhos_dens_real_1863,vizinhos_dens_sint_1863,6.354097817660756,2.695010858659553,2.3577262396713174,0.018537034681479114,677.4959062841019,1299,**,+6.3541**
1863,Nao_Atendidos_Dummy0,persistencia,log(pop_total_2000),vizinhos_dens_real_1863,vizinhos_dens_sint_1863,7.010350626480163,2.7729998207420588,2.5280746771213938,0.011588457920458997,677.4959062841019,1299,**,+7.0104**
1873,Nao_Atendidos_Dummy0,contemporaneo,log(pib_1920),vizinhos_dens_real_1873,vizinhos_dens_sint_1873,4.929616113608531,1.6506412739114,2.98648542934298,0.0028758794747401483,603.3617314659416,1295,***,+4.9296***
1873,Nao_Atendidos_Dummy0,contemporaneo,log(pop_total_1940),vizinhos_dens_real_1873,vizinhos_dens_sint_1873,-0.21133951140200574,1.3386703280289338,-0.15787270919284757,0.8745820821156998,603.3617314659416,1295,,-0.2113
1873,Nao_Atendidos_Dummy0,persistencia,log(pib_2010),vizinhos_dens_real_1873,vizinhos_dens_sint_1873,11.527236180732304,5.909710136475239,1.9505586423918175,0.05132824668814875,603.3617314659416,1295,*,+11.5272*
1873,Nao_Atendidos_Dummy0,persistencia,log(pib_2003),vizinhos_dens_real_1873,vizinhos_dens_sint_1873,11.686904570740776,5.9853529973587225,1.9525840123210931,0.05108730577931457,603.3617314659416,1295,*,+11.6869*
1873,Nao_Atendidos_Dummy0,persistencia,log(pop_total_2010),vizinhos_dens_real_1873,vizinhos_dens_sint_1873,6.573847903286456,2.717701562584503,2.4188998504437706,0.015706693905005325,603.3617314659416,1295,**,+6.5738**
1873,Nao_Atendidos_Dummy0,persistencia,log(pop_total_2000),vizinhos_dens_real_1873,vizinhos_dens_sint_1873,7.135398715595043,2.795057672480992,2.552862785568718,0.010799734842927221,603.3617314659416,1295,**,+7.1354**
1875,Nao_Atendidos_Dummy0,contemporaneo,log(pib_1920),vizinhos_dens_real_1875,vizinhos_dens_sint_1875,4.911682429722582,1.6574825860473121,2.9633387832060034,0.003099814452799325,562.966045521669,1291,***,+4.9117***
1875,Nao_Atendidos_Dummy0,contemporaneo,log(pop_total_1940),vizinhos_dens_real_1875,vizinhos_dens_sint_1875,-0.29605509432574056,1.3475774025009724,-0.21969431498056524,0.8261444824151847,562.966045521669,1291,,-0.2961
1875,Nao_Atendidos_Dummy0,persistencia,log(pib_2010),vizinhos_dens_real_1875,vizinhos_dens_sint_1875,11.540771079454023,5.960693497307514,1.936145699265877,0.053071170363728555,562.966045521669,1291,*,+11.5408*
1875,Nao_Atendidos_Dummy0,persistencia,log(pib_2003),vizinhos_dens_real_1875,vizinhos_dens_sint_1875,11.691492137571897,6.034299895253574,1.937505980895667,0.05290465290986271,562.966045521669,1291,*,+11.6915*
1875,Nao_Atendidos_Dummy0,persistencia,log(pop_total_2010),vizinhos_dens_real_1875,vizinhos_dens_sint_1875,6.563872425553376,2.7376733253291694,2.3976098115227664,0.01664589933157961,562.966045521669,1291,**,+6.5639**
1875,Nao_Atendidos_Dummy0,persistencia,log(pop_total_2000),vizinhos_dens_real_1875,vizinhos_dens_sint_1875,7.12968174086298,2.815543880768039,2.5322573693712447,0.011452567467304879,562.966045521669,1291,**,+7.1297**
1876,Nao_Atendidos_Dummy0,contemporaneo,log(pib_1920),vizinhos_dens_real_1876,vizinhos_dens_sint_1876,5.319585667294068,1.2739669663574715,4.175607223556067,3.1748031847022816e-5,1064.3709829516251,1288,***,+5.3196***
1876,Nao_Atendidos_Dummy0,contemporaneo,log(pop_total_1940),vizinhos_dens_real_1876,vizinhos_dens_sint_1876,0.939015267492114,1.2469219508715084,0.7530665947742841,0.4515495776428716,1064.3709829516251,1288,,+0.9390
1876,Nao_Atendidos_Dummy0,persistencia,log(pib_2010),vizinhos_dens_real_1876,vizinhos_dens_sint_1876,6.348891761606165,3.7217426841001218,1.705892185596184,0.08827285293586083,1064.3709829516251,1288,*,+6.3489*
1876,Nao_Atendidos_Dummy0,persistencia,log(pib_2003),vizinhos_dens_real_1876,vizinhos_dens_sint_1876,6.634287442977822,3.743985937083713,1.7719851394915866,0.07663694149049818,1064.3709829516251,1288,*,+6.6343*
1876,Nao_Atendidos_Dummy0,persistencia,log(pop_total_2010),vizinhos_dens_real_1876,vizinhos_dens_sint_1876,3.6507495252933357,1.9455152460232206,1.876494945365112,0.06081668333646648,1064.3709829516251,1288,*,+3.6507*
1876,Nao_Atendidos_Dummy0,persistencia,log(pop_total_2000),vizinhos_dens_real_1876,vizinhos_dens_sint_1876,3.9237587135148364,1.969121852485386,1.9926439334175015,0.046514347633632706,1064.3709829516251,1288,**,+3.9238**
1880,Nao_Atendidos_Dummy0,contemporaneo,log(pib_1920),vizinhos_dens_real_1880,vizinhos_dens_sint_1880,5.317546360939262,1.283451600044879,4.143160802287613,3.654003104339787e-5,792.918736529031,1279,***,+5.3175***
1880,Nao_Atendidos_Dummy0,contemporaneo,log(pop_total_1940),vizinhos_dens_real_1880,vizinhos_dens_sint_1880,0.9936110938998832,1.2528177593427787,0.7931010607808802,0.42786825934499184,792.918736529031,1279,,+0.9936
1880,Nao_Atendidos_Dummy0,persistencia,log(pib_2010),vizinhos_dens_real_1880,vizinhos_dens_sint_1880,6.310857934046858,3.720262707031226,1.6963473902311943,0.09006711838219515,792.918736529031,1279,*,+6.3109*
1880,Nao_Atendidos_Dummy0,persistencia,log(pib_2003),vizinhos_dens_real_1880,vizinhos_dens_sint_1880,6.593431010971092,3.743183381239352,1.7614501720693245,0.07840474356946617,792.918736529031,1279,*,+6.5934*
1880,Nao_Atendidos_Dummy0,persistencia,log(pop_total_2010),vizinhos_dens_real_1880,vizinhos_dens_sint_1880,3.622826971881809,1.9473093495870968,1.860427041368638,0.06305796773441372,792.918736529031,1279,*,+3.6228*
1880,Nao_Atendidos_Dummy0,persistencia,log(pop_total_2000),vizinhos_dens_real_1880,vizinhos_dens_sint_1880,3.8838125844674174,1.9697435562932495,1.9717351388503321,0.04885832167436573,792.918736529031,1279,**,+3.8838**
1881,Nao_Atendidos_Dummy0,contemporaneo,log(pib_1920),vizinhos_dens_real_1881,vizinhos_dens_sint_1881,4.102704253540963,1.376930699491132,2.979601119400698,0.0029424749590205267,526.4914807896255,1258,***,+4.1027***
1881,Nao_Atendidos_Dummy0,contemporaneo,log(pop_total_1940),vizinhos_dens_real_1881,vizinhos_dens_sint_1881,1.1252706592281576,1.4377230875603006,0.7826755158656112,0.4339672449357139,526.4914807896255,1258,,+1.1253
1881,Nao_Atendidos_Dummy0,persistencia,log(pib_2010),vizinhos_dens_real_1881,vizinhos_dens_sint_1881,4.224047997895942,3.5723751103257158,1.1824200615681733,0.2372659276496225,526.4914807896255,1258,,+4.2240
1881,Nao_Atendidos_Dummy0,persistencia,log(pib_2003),vizinhos_dens_real_1881,vizinhos_dens_sint_1881,4.3048956033699985,3.5651814470610623,1.2074828917666212,0.227476679411089,526.4914807896255,1258,,+4.3049
1881,Nao_Atendidos_Dummy0,persistencia,log(pop_total_2010),vizinhos_dens_real_1881,vizinhos_dens_sint_1881,1.5482058204245857,1.3672280162835633,1.132368414035986,0.2576986717058812,526.4914807896255,1258,,+1.5482
1881,Nao_Atendidos_Dummy0,persistencia,log(pop_total_2000),vizinhos_dens_real_1881,vizinhos_dens_sint_1881,1.7953085597528788,1.3857796527409323,1.2955223842419246,0.19538139615115865,526.4914807896255,1258,,+1.7953
1882,Nao_Atendidos_Dummy0,contemporaneo,log(pib_1920),vizinhos_dens_real_1882,vizinhos_dens_sint_1882,5.187583085574836,1.2071327014258904,4.297442260860927,1.8662191242063457e-5,311.70981147462203,1231,***,+5.1876***
1882,Nao_Atendidos_Dummy0,contemporaneo,log(pop_total_1940),vizinhos_dens_real_1882,vizinhos_dens_sint_1882,2.634535247261408,1.2723650373850535,2.070581295345766,0.03860927202594962,311.70981147462203,1231,**,+2.6345**
1882,Nao_Atendidos_Dummy0,persistencia,log(pib_2010),vizinhos_dens_real_1882,vizinhos_dens_sint_1882,2.5597660660542756,2.577472774211962,0.993130205550629,0.3208447345430852,311.70981147462203,1231,,+2.5598
1882,Nao_Atendidos_Dummy0,persistencia,log(pib_2003),vizinhos_dens_real_1882,vizinhos_dens_sint_1882,3.008372971094317,2.6158470016887763,1.1500569296109933,0.2503472934395808,311.70981147462203,1231,,+3.0084
1882,Nao_Atendidos_Dummy0,persistencia,log(pop_total_2010),vizinhos_dens_real_1882,vizinhos_dens_sint_1882,1.6441258796175573,1.5479845248877813,1.0621074391791776,0.2883984966752,311.70981147462203,1231,,+1.6441
1882,Nao_Atendidos_Dummy0,persistencia,log(pop_total_2000),vizinhos_dens_real_1882,vizinhos_dens_sint_1882,1.7142344152103208,1.5098453103092744,1.1353708909816593,0.25644442207502255,311.70981147462203,1231,,+1.7142
1883,Nao_Atendidos_Dummy0,contemporaneo,log(pib_1920),vizinhos_dens_real_1883,vizinhos_dens_sint_1883,0.7448975381916062,0.8459119981240272,0.8805851434233821,0.37872065633397123,280.5553618137163,1206,,+0.7449
1883,Nao_Atendidos_Dummy0,contemporaneo,log(pop_total_1940),vizinhos_dens_real_1883,vizinhos_dens_sint_1883,1.526543261639129,0.6280854425862222,2.4304706941676466,0.01522660707102536,280.5553618137163,1206,**,+1.5265**
1883,Nao_Atendidos_Dummy0,persistencia,log(pib_2010),vizinhos_dens_real_1883,vizinhos_dens_sint_1883,0.5379825534121503,1.467640820285448,0.3665628169891838,0.7140104766256454,280.5553618137163,1206,,+0.5380
1883,Nao_Atendidos_Dummy0,persistencia,log(pib_2003),vizinhos_dens_real_1883,vizinhos_dens_sint_1883,0.8590828802321749,1.449626096138834,0.5926237686534436,0.5535458452632637,280.5553618137163,1206,,+0.8591
1883,Nao_Atendidos_Dummy0,persistencia,log(pop_total_2010),vizinhos_dens_real_1883,vizinhos_dens_sint_1883,1.887673265301054,1.2666499319158466,1.49028805650026,0.13641417691978183,280.5553618137163,1206,,+1.8877
1883,Nao_Atendidos_Dummy0,persistencia,log(pop_total_2000),vizinhos_dens_real_1883,vizinhos_dens_sint_1883,1.5275694411160807,1.2208337961071178,1.2512509450402285,0.21108948246289316,280.5553618137163,1206,,+1.5276
1884,Nao_Atendidos_Dummy0,contemporaneo,log(pib_1920),vizinhos_dens_real_1884,vizinhos_dens_sint_1884,1.5260865650540407,0.7248487751817272,2.105386140262753,0.035470962387090424,337.8948352343938,1186,**,+1.5261**
1884,Nao_Atendidos_Dummy0,contemporaneo,log(pop_total_1940),vizinhos_dens_real_1884,vizinhos_dens_sint_1884,1.4801327886630935,0.5918304562129167,2.5009405533712536,0.012522619157799645,337.8948352343938,1186,**,+1.4801**
1884,Nao_Atendidos_Dummy0,persistencia,log(pib_2010),vizinhos_dens_real_1884,vizinhos_dens_sint_1884,1.1896750557772326,1.2933318797325712,0.9198528810897538,0.35783973833300176,337.8948352343938,1186,,+1.1897
1884,Nao_Atendidos_Dummy0,persistencia,log(pib_2003),vizinhos_dens_real_1884,vizinhos_dens_sint_1884,1.5943407226391129,1.2886033945408117,1.2372625505982384,0.21623852291586698,337.8948352343938,1186,,+1.5943
1884,Nao_Atendidos_Dummy0,persistencia,log(pop_total_2010),vizinhos_dens_real_1884,vizinhos_dens_sint_1884,2.125849777174637,1.098929678240241,1.9344729870057233,0.05329647246020836,337.8948352343938,1186,*,+2.1258*
1884,Nao_Atendidos_Dummy0,persistencia,log(pop_total_2000),vizinhos_dens_real_1884,vizinhos_dens_sint_1884,1.8409446642497274,1.0557979411463931,1.7436524475988429,0.0814830371970772,337.8948352343938,1186,*,+1.8409*
1885,Nao_Atendidos_Dummy0,contemporaneo,log(pib_1920),vizinhos_dens_real_1885,vizinhos_dens_sint_1885,1.6936442770476858,0.7210753532926041,2.3487757129876887,0.019002924732133053,321.2738309613682,1175,**,+1.6936**
1885,Nao_Atendidos_Dummy0,contemporaneo,log(pop_total_1940),vizinhos_dens_real_1885,vizinhos_dens_sint_1885,1.5533447833442915,0.6047783299097216,2.568453111698244,0.010340032040739997,321.2738309613682,1175,**,+1.5533**
1885,Nao_Atendidos_Dummy0,persistencia,log(pib_2010),vizinhos_dens_real_1885,vizinhos_dens_sint_1885,1.2176330175252728,1.3143897663855622,0.9263865625442591,0.35443848283194235,321.2738309613682,1175,,+1.2176
1885,Nao_Atendidos_Dummy0,persistencia,log(pib_2003),vizinhos_dens_real_1885,vizinhos_dens_sint_1885,1.5857113015361337,1.3128053254726006,1.2078800038119046,0.22734047317485473,321.2738309613682,1175,,+1.5857
1885,Nao_Atendidos_Dummy0,persistencia,log(pop_total_2010),vizinhos_dens_real_1885,vizinhos_dens_sint_1885,2.2515637647941134,1.1124873764414114,2.023900506625381,0.04321004837318864,321.2738309613682,1175,**,+2.2516**
1885,Nao_Atendidos_Dummy0,persistencia,log(pop_total_2000),vizinhos_dens_real_1885,vizinhos_dens_sint_1885,1.963402858187126,1.0685430533344331,1.8374578844158367,0.06639886790212997,321.2738309613682,1175,*,+1.9634*
1886,Nao_Atendidos_Dummy0,contemporaneo,log(pib_1920),vizinhos_dens_real_1886,vizinhos_dens_sint_1886,1.5453696563011146,0.8192865680027029,1.8862382427048605,0.05951399540317268,254.15928095031322,1172,*,+1.5454*
1886,Nao_Atendidos_Dummy0,contemporaneo,log(pop_total_1940),vizinhos_dens_real_1886,vizinhos_dens_sint_1886,1.7965840761391103,0.6108893038625096,2.9409322847522965,0.0033375917739452933,254.15928095031322,1172,***,+1.7966***
1886,Nao_Atendidos_Dummy0,persistencia,log(pib_2010),vizinhos_dens_real_1886,vizinhos_dens_sint_1886,0.8428735243106712,1.474713275412578,0.5715507809983347,0.5677377444214116,254.15928095031322,1172,,+0.8429
1886,Nao_Atendidos_Dummy0,persistencia,log(pib_2003),vizinhos_dens_real_1886,vizinhos_dens_sint_1886,1.2396448153342263,1.4804723786317608,0.8373305934149847,0.4025802891316822,254.15928095031322,1172,,+1.2396
1886,Nao_Atendidos_Dummy0,persistencia,log(pop_total_2010),vizinhos_dens_real_1886,vizinhos_dens_sint_1886,2.040683935993644,1.2558893951479166,1.6248914465539344,0.1044589905721387,254.15928095031322,1172,,+2.0407
1886,Nao_Atendidos_Dummy0,persistencia,log(pop_total_2000),vizinhos_dens_real_1886,vizinhos_dens_sint_1886,1.7380460875285992,1.2033058254198685,1.4443926479971492,0.14890023745408343,254.15928095031322,1172,,+1.7380
1887,Nao_Atendidos_Dummy0,contemporaneo,log(pib_1920),vizinhos_dens_real_1887,vizinhos_dens_sint_1887,3.305414728175751,0.8623819894495524,3.8328893328182283,1.33596692709111e-4,215.51789107130776,1154,***,+3.3054***
1887,Nao_Atendidos_Dummy0,contemporaneo,log(pop_total_1940),vizinhos_dens_real_1887,vizinhos_dens_sint_1887,2.4766629966723244,0.6718984654740306,3.686067350853399,2.3850403487255206e-4,215.51789107130776,1154,***,+2.4767***
1887,Nao_Atendidos_Dummy0,persistencia,log(pib_2010),vizinhos_dens_real_1887,vizinhos_dens_sint_1887,0.6579252433795612,1.4405565374573395,0.456716016534023,0.6479625663018419,215.51789107130776,1154,,+0.6579
1887,Nao_Atendidos_Dummy0,persistencia,log(pib_2003),vizinhos_dens_real_1887,vizinhos_dens_sint_1887,1.2889690782635734,1.4652442599203968,0.879695702294442,0.3792103901790712,215.51789107130776,1154,,+1.2890
1887,Nao_Atendidos_Dummy0,persistencia,log(pop_total_2010),vizinhos_dens_real_1887,vizinhos_dens_sint_1887,1.8008443251417776,1.2885963267256872,1.3975240250123235,0.16252914659182702,215.51789107130776,1154,,+1.8008
1887,Nao_Atendidos_Dummy0,persistencia,log(pop_total_2000),vizinhos_dens_real_1887,vizinhos_dens_sint_1887,1.584975961084608,1.2486003277241888,1.2694021664831112,0.20455788638393338,215.51789107130776,1154,,+1.5850
1888,Nao_Atendidos_Dummy0,contemporaneo,log(pib_1920),vizinhos_dens_real_1888,vizinhos_dens_sint_1888,3.3558509104666947,0.8716872059968108,3.849833847944503,1.2481907600542306e-4,210.73093605863144,1150,***,+3.3559***
1888,Nao_Atendidos_Dummy0,contemporaneo,log(pop_total_1940),vizinhos_dens_real_1888,vizinhos_dens_sint_1888,2.500804607180616,0.6777977642721678,3.689602915503901,2.3529108778294765e-4,210.73093605863144,1150,***,+2.5008***
1888,Nao_Atendidos_Dummy0,persistencia,log(pib_2010),vizinhos_dens_real_1888,vizinhos_dens_sint_1888,0.45201329373206445,1.4387712833301434,0.3141661909499931,0.7534527584323656,210.73093605863144,1150,,+0.4520
1888,Nao_Atendidos_Dummy0,persistencia,log(pib_2003),vizinhos_dens_real_1888,vizinhos_dens_sint_1888,1.1230267075481515,1.4629128849505548,0.767664786537244,0.4428465948666861,210.73093605863144,1150,,+1.1230
1888,Nao_Atendidos_Dummy0,persistencia,log(pop_total_2010),vizinhos_dens_real_1888,vizinhos_dens_sint_1888,1.5443528466686751,1.2754874605752196,1.2107942213498537,0.22622723282697418,210.73093605863144,1150,,+1.5444
1888,Nao_Atendidos_Dummy0,persistencia,log(pop_total_2000),vizinhos_dens_real_1888,vizinhos_dens_sint_1888,1.3311781958107667,1.2355477347041985,1.0773992444164555,0.2815316854813833,210.73093605863144,1150,,+1.3312
1891,Nao_Atendidos_Dummy0,contemporaneo,log(pib_1920),vizinhos_dens_real_1891,vizinhos_dens_sint_1891,3.419821638496107,0.8892938836083736,3.845547238692271,1.2701092072684594e-4,197.94710839866153,1147,***,+3.4198***
1891,Nao_Atendidos_Dummy0,contemporaneo,log(pop_total_1940),vizinhos_dens_real_1891,vizinhos_dens_sint_1891,2.545628493835751,0.6926627652969716,3.6751340210186423,2.488970543157869e-4,197.94710839866153,1147,***,+2.5456***
1891,Nao_Atendidos_Dummy0,persistencia,log(pib_2010),vizinhos_dens_real_1891,vizinhos_dens_sint_1891,0.4456114931148881,1.4544296670059387,0.3063822907519588,0.7593701315807558,197.94710839866153,1147,,+0.4456
1891,Nao_Atendidos_Dummy0,persistencia,log(pib_2003),vizinhos_dens_real_1891,vizinhos_dens_sint_1891,1.1240970692400363,1.4792249308990866,0.7599230149243088,0.4474593956594811,197.94710839866153,1147,,+1.1241
1891,Nao_Atendidos_Dummy0,persistencia,log(pop_total_2010),vizinhos_dens_real_1891,vizinhos_dens_sint_1891,1.5614591942590144,1.2911651352273965,1.2093412001742243,0.22678519304966568,197.94710839866153,1147,,+1.5615
1891,Nao_Atendidos_Dummy0,persistencia,log(pop_total_2000),vizinhos_dens_real_1891,vizinhos_dens_sint_1891,1.3443639770238045,1.2503127709849309,1.0752221429880982,0.2825052129344516,197.94710839866153,1147,,+1.3444
1892,Nao_Atendidos_Dummy0,contemporaneo,log(pib_1920),vizinhos_dens_real_1892,vizinhos_dens_sint_1892,3.42165041955744,0.8902325142726897,3.8435468989277384,1.280375502057812e-4,195.4909244747954,1147,***,+3.4217***
1892,Nao_Atendidos_Dummy0,contemporaneo,log(pop_total_1940),vizinhos_dens_real_1892,vizinhos_dens_sint_1892,2.546989792076077,0.6933062778205755,3.6736863253028647,2.5029527830974254e-4,195.4909244747954,1147,***,+2.5470***
1892,Nao_Atendidos_Dummy0,persistencia,log(pib_2010),vizinhos_dens_real_1892,vizinhos_dens_sint_1892,0.44584978795754593,1.4552003002609926,0.30638379326721005,0.7593689880134237,195.4909244747954,1147,,+0.4458
1892,Nao_Atendidos_Dummy0,persistencia,log(pib_2003),vizinhos_dens_real_1892,vizinhos_dens_sint_1892,1.1246981904821962,1.4800067321013797,0.7599277530888656,0.44745656442867165,195.4909244747954,1147,,+1.1247
1892,Nao_Atendidos_Dummy0,persistencia,log(pop_total_2010),vizinhos_dens_real_1892,vizinhos_dens_sint_1892,1.562294198918437,1.291851505872626,1.209345030614127,0.22678372264584024,195.4909244747954,1147,,+1.5623
1892,Nao_Atendidos_Dummy0,persistencia,log(pop_total_2000),vizinhos_dens_real_1892,vizinhos_dens_sint_1892,1.3450828880199392,1.2509789744019022,1.0752242168282873,0.2825042850792069,195.4909244747954,1147,,+1.3451
1894,Nao_Atendidos_Dummy0,contemporaneo,log(pib_1920),vizinhos_dens_real_1894,vizinhos_dens_sint_1894,2.896009515650869,0.7931195077109575,3.6514163218719915,2.7284227393606543e-4,226.77517660848684,1139,***,+2.8960***
1894,Nao_Atendidos_Dummy0,contemporaneo,log(pop_total_1940),vizinhos_dens_real_1894,vizinhos_dens_sint_1894,1.55327803713552,0.5540618283116149,2.80343809619371,0.005143374323192452,226.77517660848684,1139,***,+1.5533***
1894,Nao_Atendidos_Dummy0,persistencia,log(pib_2010),vizinhos_dens_real_1894,vizinhos_dens_sint_1894,0.030938726455317422,1.246123931807539,0.024827969085257758,0.9801966045375339,226.77517660848684,1139,,+0.0309
1894,Nao_Atendidos_Dummy0,persistencia,log(pib_2003),vizinhos_dens_real_1894,vizinhos_dens_sint_1894,0.6785216529333078,1.2645693838771013,0.5365634037833473,0.5916757867759432,226.77517660848684,1139,,+0.6785
1894,Nao_Atendidos_Dummy0,persistencia,log(pop_total_2010),vizinhos_dens_real_1894,vizinhos_dens_sint_1894,1.0815931652570736,1.0951353378083901,0.9876342474908923,0.3235451175426737,226.77517660848684,1139,,+1.0816
1894,Nao_Atendidos_Dummy0,persistencia,log(pop_total_2000),vizinhos_dens_real_1894,vizinhos_dens_sint_1894,0.9320962165706965,1.0668741050030797,0.873670297366535,0.38248511462285406,226.77517660848684,1139,,+0.9321
1895,Nao_Atendidos_Dummy0,contemporaneo,log(pib_1920),vizinhos_dens_real_1895,vizinhos_dens_sint_1895,2.516261356691353,0.683814959930554,3.679740140442228,2.446376993301517e-4,272.342414554207,1133,***,+2.5163***
1895,Nao_Atendidos_Dummy0,contemporaneo,log(pop_total_1940),vizinhos_dens_real_1895,vizinhos_dens_sint_1895,1.2343167974544444,0.47497706319125055,2.5986871643051197,0.009481690843378717,272.342414554207,1133,***,+1.2343***
1895,Nao_Atendidos_Dummy0,persistencia,log(pib_2010),vizinhos_dens_real_1895,vizinhos_dens_sint_1895,-0.28267853533647563,1.1170914756798351,-0.2530486907210927,0.8002772747949229,272.342414554207,1133,,-0.2827
1895,Nao_Atendidos_Dummy0,persistencia,log(pib_2003),vizinhos_dens_real_1895,vizinhos_dens_sint_1895,0.307575328161517,1.1193050351158123,0.274791337939164,0.783527505663514,272.342414554207,1133,,+0.3076
1895,Nao_Atendidos_Dummy0,persistencia,log(pop_total_2010),vizinhos_dens_real_1895,vizinhos_dens_sint_1895,0.8014736929357691,0.9715865810158809,0.8249122709144011,0.409597997915388,272.342414554207,1133,,+0.8015
1895,Nao_Atendidos_Dummy0,persistencia,log(pop_total_2000),vizinhos_dens_real_1895,vizinhos_dens_sint_1895,0.6321290683700653,0.9471972045937739,0.6673679623465185,0.5046753406840252,272.342414554207,1133,,+0.6321
1896,Nao_Atendidos_Dummy0,contemporaneo,log(pib_1920),vizinhos_dens_real_1896,vizinhos_dens_sint_1896,2.439168754846756,0.6782623191837638,3.596202657671013,3.370825272823727e-4,276.51100488270185,1130,***,+2.4392***
1896,Nao_Atendidos_Dummy0,contemporaneo,log(pop_total_1940),vizinhos_dens_real_1896,vizinhos_dens_sint_1896,1.1654124806999633,0.47204491089380324,2.468859326315559,0.013704053350931096,276.51100488270185,1130,**,+1.1654**
1896,Nao_Atendidos_Dummy0,persistencia,log(pib_2010),vizinhos_dens_real_1896,vizinhos_dens_sint_1896,-0.2056127870381404,1.0963902724710062,-0.18753612851264856,0.851274542968561,276.51100488270185,1130,,-0.2056
1896,Nao_Atendidos_Dummy0,persistencia,log(pib_2003),vizinhos_dens_real_1896,vizinhos_dens_sint_1896,0.4040440585229247,1.0993417472261924,0.3675327163208254,0.7132916932817682,276.51100488270185,1130,,+0.4040
1896,Nao_Atendidos_Dummy0,persistencia,log(pop_total_2010),vizinhos_dens_real_1896,vizinhos_dens_sint_1896,0.9134269310708937,0.959607225505399,0.9518758371059749,0.3413669883954573,276.51100488270185,1130,,+0.9134
1896,Nao_Atendidos_Dummy0,persistencia,log(pop_total_2000),vizinhos_dens_real_1896,vizinhos_dens_sint_1896,0.7390148902455876,0.9369793453165148,0.7887205773953809,0.4304436046399476,276.51100488270185,1130,,+0.7390
1900,Nao_Atendidos_Dummy0,contemporaneo,log(pib_1920),vizinhos_dens_real_1900,vizinhos_dens_sint_1900,2.4440446333662784,0.6797229553087332,3.5956482185542527,3.3780596191842994e-4,275.45652826817286,1129,***,+2.4440***
1900,Nao_Atendidos_Dummy0,contemporaneo,log(pop_total_1940),vizinhos_dens_real_1900,vizinhos_dens_sint_1900,1.166216736197368,0.4728396163007315,2.466410799757609,0.0137977107327741,275.45652826817286,1129,**,+1.1662**
1900,Nao_Atendidos_Dummy0,persistencia,log(pib_2010),vizinhos_dens_real_1900,vizinhos_dens_sint_1900,-0.20632628503472394,1.097882830998848,-0.18793106077358854,0.8509650422331143,275.45652826817286,1129,,-0.2063
1900,Nao_Atendidos_Dummy0,persistencia,log(pib_2003),vizinhos_dens_real_1900,vizinhos_dens_sint_1900,0.40382485130575824,1.1008351744371816,0.36683498191472647,0.7138120291451815,275.45652826817286,1129,,+0.4038
1900,Nao_Atendidos_Dummy0,persistencia,log(pop_total_2010),vizinhos_dens_real_1900,vizinhos_dens_sint_1900,0.914130497517893,0.9609477553046794,0.9512801216004273,0.34166927942471503,275.45652826817286,1129,,+0.9141
1900,Nao_Atendidos_Dummy0,persistencia,log(pop_total_2000),vizinhos_dens_real_1900,vizinhos_dens_sint_1900,0.740583237150206,0.9383129093058131,0.7892710734397842,0.4301221419366704,275.45652826817286,1129,,+0.7406
1901,Nao_Atendidos_Dummy0,contemporaneo,log(pib_1920),vizinhos_dens_real_1901,vizinhos_dens_sint_1901,4.031815957511586,0.884877683314439,4.556353983761721,5.783758845030417e-6,240.43361488270526,1124,***,+4.0318***
1901,Nao_Atendidos_Dummy0,contemporaneo,log(pop_total_1940),vizinhos_dens_real_1901,vizinhos_dens_sint_1901,2.256027250104295,0.6202287316927992,3.6374117076886896,2.880972421623607e-4,240.43361488270526,1124,***,+2.2560***
1901,Nao_Atendidos_Dummy0,persistencia,log(pib_2010),vizinhos_dens_real_1901,vizinhos_dens_sint_1901,1.3361376552723643,1.278584318538228,1.045013329116953,0.29624535585560846,240.43361488270526,1124,,+1.3361
1901,Nao_Atendidos_Dummy0,persistencia,log(pib_2003),vizinhos_dens_real_1901,vizinhos_dens_sint_1901,2.329715640525795,1.3478393685700232,1.7284816684034712,0.08418124783290458,240.43361488270526,1124,*,+2.3297*
1901,Nao_Atendidos_Dummy0,persistencia,log(pop_total_2010),vizinhos_dens_real_1901,vizinhos_dens_sint_1901,1.8227147276862257,1.065086152773701,1.7113307904149404,0.08730069707853397,240.43361488270526,1124,*,+1.8227*
1901,Nao_Atendidos_Dummy0,persistencia,log(pop_total_2000),vizinhos_dens_real_1901,vizinhos_dens_sint_1901,1.5558085683357827,1.0385070146045687,1.4981204233157601,0.13438756556457995,240.43361488270526,1124,,+1.5558
1902,Nao_Atendidos_Dummy0,contemporaneo,log(pib_1920),vizinhos_dens_real_1902,vizinhos_dens_sint_1902,3.882820945757441,0.8548859556999433,4.541916871915806,6.18660971371392e-6,254.68663942726522,1124,***,+3.8828***
1902,Nao_Atendidos_Dummy0,contemporaneo,log(pop_total_1940),vizinhos_dens_real_1902,vizinhos_dens_sint_1902,2.1958143572732594,0.6024196509541926,3.6449912511904876,2.7983631738609255e-4,254.68663942726522,1124,***,+2.1958***
1902,Nao_Atendidos_Dummy0,persistencia,log(pib_2010),vizinhos_dens_real_1902,vizinhos_dens_sint_1902,1.218356353670893,1.2404537519535621,0.9821860361598581,0.32622320077859546,254.68663942726522,1124,,+1.2184
1902,Nao_Atendidos_Dummy0,persistencia,log(pib_2003),vizinhos_dens_real_1902,vizinhos_dens_sint_1902,2.178040957209201,1.3041089132724253,1.670137313718531,0.0951754078729329,254.68663942726522,1124,*,+2.1780*
1902,Nao_Atendidos_Dummy0,persistencia,log(pop_total_2010),vizinhos_dens_real_1902,vizinhos_dens_sint_1902,1.7149917462823476,1.0316081726370465,1.6624449008564979,0.09670720969414123,254.68663942726522,1124,*,+1.7150*
1902,Nao_Atendidos_Dummy0,persistencia,log(pop_total_2000),vizinhos_dens_real_1902,vizinhos_dens_sint_1902,1.4577287902342326,1.0066622267368899,1.44808134398713,0.14787797084318197,254.68663942726522,1124,,+1.4577
1904,Nao_Atendidos_Dummy0,contemporaneo,log(pib_1920),vizinhos_dens_real_1904,vizinhos_dens_sint_1904,3.488359535488884,0.9193892959936335,3.794213779396709,1.5621178203617373e-4,224.0215726675904,1115,***,+3.4884***
1904,Nao_Atendidos_Dummy0,contemporaneo,log(pop_total_1940),vizinhos_dens_real_1904,vizinhos_dens_sint_1904,2.280057503110883,0.6519851860000533,3.4971001674119275,4.891870103722313e-4,224.0215726675904,1115,***,+2.2801***
1904,Nao_Atendidos_Dummy0,persistencia,log(pib_2010),vizinhos_dens_real_1904,vizinhos_dens_sint_1904,0.925371064741749,1.2707254119737486,0.7282226797561406,0.46663283832959246,224.0215726675904,1115,,+0.9254
1904,Nao_Atendidos_Dummy0,persistencia,log(pib_2003),vizinhos_dens_real_1904,vizinhos_dens_sint_1904,1.7871486193612514,1.3244376984261292,1.3493640519935184,0.17749873096056257,224.0215726675904,1115,,+1.7871
1904,Nao_Atendidos_Dummy0,persistencia,log(pop_total_2010),vizinhos_dens_real_1904,vizinhos_dens_sint_1904,1.5488624979382501,1.06413080401583,1.4555189005835878,0.1458120244036323,224.0215726675904,1115,,+1.5489
1904,Nao_Atendidos_Dummy0,persistencia,log(pop_total_2000),vizinhos_dens_real_1904,vizinhos_dens_sint_1904,1.215446948190273,1.0505436118413454,1.1569695293847844,0.24753690715996315,224.0215726675904,1115,,+1.2154
1905,Nao_Atendidos_Dummy0,contemporaneo,log(pib_1920),vizinhos_dens_real_1905,vizinhos_dens_sint_1905,3.2889397729607244,0.9010004352284156,3.6503198493205327,2.7426443144023464e-4,235.98072102358867,1115,***,+3.2889***
1905,Nao_Atendidos_Dummy0,contemporaneo,log(pop_total_1940),vizinhos_dens_real_1905,vizinhos_dens_sint_1905,2.185685259487181,0.6336717917896592,3.4492386876086427,5.83546038931019e-4,235.98072102358867,1115,***,+2.1857***
1905,Nao_Atendidos_Dummy0,persistencia,log(pib_2010),vizinhos_dens_real_1905,vizinhos_dens_sint_1905,0.8537733025922576,1.2320583639066534,0.6929649825070654,0.48847833630931836,235.98072102358867,1115,,+0.8538
1905,Nao_Atendidos_Dummy0,persistencia,log(pib_2003),vizinhos_dens_real_1905,vizinhos_dens_sint_1905,1.6634255740481012,1.2825972121986935,1.2969196862642265,0.19493177989578833,235.98072102358867,1115,,+1.6634
1905,Nao_Atendidos_Dummy0,persistencia,log(pop_total_2010),vizinhos_dens_real_1905,vizinhos_dens_sint_1905,1.4745980427182848,1.0314116936313287,1.4296890871254462,0.15309125386048994,235.98072102358867,1115,,+1.4746
1905,Nao_Atendidos_Dummy0,persistencia,log(pop_total_2000),vizinhos_dens_real_1905,vizinhos_dens_sint_1905,1.1599203245844867,1.0188309005676806,1.1384816890989395,0.25516819174774164,235.98072102358867,1115,,+1.1599
1906,Nao_Atendidos_Dummy0,contemporaneo,log(pib_1920),vizinhos_dens_real_1906,vizinhos_dens_sint_1906,3.2764517772521744,0.9135932405067558,3.586335397397181,3.5025064009879756e-4,227.01441771084097,1107,***,+3.2765***
1906,Nao_Atendidos_Dummy0,contemporaneo,log(pop_total_1940),vizinhos_dens_real_1906,vizinhos_dens_sint_1906,2.2009129353235206,0.6456118173662189,3.4090344633129104,6.758256997857789e-4,227.01441771084097,1107,***,+2.2009***
1906,Nao_Atendidos_Dummy0,persistencia,log(pib_2010),vizinhos_dens_real_1906,vizinhos_dens_sint_1906,0.6278756810541521,1.239975639610531,0.5063613033973507,0.6127056237724449,227.01441771084097,1107,,+0.6279
1906,Nao_Atendidos_Dummy0,persistencia,log(pib_2003),vizinhos_dens_real_1906,vizinhos_dens_sint_1906,1.4224891927520733,1.288308733885502,1.1041524095407527,0.26977116272599677,227.01441771084097,1107,,+1.4225
1906,Nao_Atendidos_Dummy0,persistencia,log(pop_total_2010),vizinhos_dens_real_1906,vizinhos_dens_sint_1906,1.2717234160598372,1.0340260897394695,1.2298755598906186,0.2190095791307284,227.01441771084097,1107,,+1.2717
1906,Nao_Atendidos_Dummy0,persistencia,log(pop_total_2000),vizinhos_dens_real_1906,vizinhos_dens_sint_1906,0.9755534791906892,1.025511432188343,0.9512848404907118,0.3416710721237083,227.01441771084097,1107,,+0.9756
1907,Nao_Atendidos_Dummy0,contemporaneo,log(pib_1920),vizinhos_dens_real_1907,vizinhos_dens_sint_1907,3.276718513446486,0.8629034397946665,3.797317709413932,1.5444644105572428e-4,227.25337557749037,1095,***,+3.2767***
1907,Nao_Atendidos_Dummy0,contemporaneo,log(pop_total_1940),vizinhos_dens_real_1907,vizinhos_dens_sint_1907,2.1521690491604266,0.6324253416329573,3.4030404974022814,6.909398250674318e-4,227.25337557749037,1095,***,+2.1522***
1907,Nao_Atendidos_Dummy0,persistencia,log(pib_2010),vizinhos_dens_real_1907,vizinhos_dens_sint_1907,0.897231230989809,1.1980842881689195,0.7488882375388493,0.45408824355039323,227.25337557749037,1095,,+0.8972
1907,Nao_Atendidos_Dummy0,persistencia,log(pib_2003),vizinhos_dens_real_1907,vizinhos_dens_sint_1907,1.6263349216910599,1.2449404790652592,1.3063555640123163,0.19171083794158578,227.25337557749037,1095,,+1.6263
1907,Nao_Atendidos_Dummy0,persistencia,log(pop_total_2010),vizinhos_dens_real_1907,vizinhos_dens_sint_1907,1.4588621118376597,1.004236254562073,1.4527080706460251,0.14659637214753915,227.25337557749037,1095,,+1.4589
1907,Nao_Atendidos_Dummy0,persistencia,log(pop_total_2000),vizinhos_dens_real_1907,vizinhos_dens_sint_1907,1.1466985629764812,0.9875929035395443,1.1611044984899146,0.24585692451274627,227.25337557749037,1095,,+1.1467
1908,Nao_Atendidos_Dummy0,contemporaneo,log(pib_1920),vizinhos_dens_real_1908,vizinhos_dens_sint_1908,3.2949808106094287,0.8663970252149424,3.8030841689374273,1.5095592993455659e-4,225.14650770958906,1093,***,+3.2950***
1908,Nao_Atendidos_Dummy0,contemporaneo,log(pop_total_1940),vizinhos_dens_real_1908,vizinhos_dens_sint_1908,2.164485701295021,0.6353763448497662,3.406619901480296,6.820847848117058e-4,225.14650770958906,1093,***,+2.1645***
1908,Nao_Atendidos_Dummy0,persistencia,log(pib_2010),vizinhos_dens_real_1908,vizinhos_dens_sint_1908,0.9437251263102545,1.2027870616059642,0.7846152959528767,0.4328521837085628,225.14650770958906,1093,,+0.9437
1908,Nao_Atendidos_Dummy0,persistencia,log(pib_2003),vizinhos_dens_real_1908,vizinhos_dens_sint_1908,1.6702850956859079,1.250481047736544,1.3357140427751686,0.18192573770991752,225.14650770958906,1093,,+1.6703
1908,Nao_Atendidos_Dummy0,persistencia,log(pop_total_2010),vizinhos_dens_real_1908,vizinhos_dens_sint_1908,1.4986810695689061,1.0084543218669115,1.4861169584701241,0.1375416644771718,225.14650770958906,1093,,+1.4987
1908,Nao_Atendidos_Dummy0,persistencia,log(pop_total_2000),vizinhos_dens_real_1908,vizinhos_dens_sint_1908,1.1843313393032786,0.991179792512909,1.194870343654483,0.23240148302064137,225.14650770958906,1093,,+1.1843
1910,Nao_Atendidos_Dummy0,contemporaneo,log(pib_1920),vizinhos_dens_real_1910,vizinhos_dens_sint_1910,3.321566967938845,0.8884402503198324,3.738649804241876,1.9487339472943146e-4,202.7005858348182,1082,***,+3.3216***
1910,Nao_Atendidos_Dummy0,contemporaneo,log(pop_total_1940),vizinhos_dens_real_1910,vizinhos_dens_sint_1910,2.158371094855068,0.6515233231934321,3.3128071060846196,9.547654989324186e-4,202.7005858348182,1082,***,+2.1584***
1910,Nao_Atendidos_Dummy0,persistencia,log(pib_2010),vizinhos_dens_real_1910,vizinhos_dens_sint_1910,0.9510997413656183,1.2325686702433185,0.7716403672485557,0.4404989570764305,202.7005858348182,1082,,+0.9511
1910,Nao_Atendidos_Dummy0,persistencia,log(pib_2003),vizinhos_dens_real_1910,vizinhos_dens_sint_1910,1.677914718522566,1.2805565630566689,1.3103011354042882,0.19037703494377092,202.7005858348182,1082,,+1.6779
1910,Nao_Atendidos_Dummy0,persistencia,log(pop_total_2010),vizinhos_dens_real_1910,vizinhos_dens_sint_1910,1.5527439573535493,1.0359540613716514,1.4988540662678074,0.13420839708669088,202.7005858348182,1082,,+1.5527
1910,Nao_Atendidos_Dummy0,persistencia,log(pop_total_2000),vizinhos_dens_real_1910,vizinhos_dens_sint_1910,1.2190624035651485,1.0173032460359028,1.198327448885507,0.23105666019182033,202.7005858348182,1082,,+1.2191
1911,Nao_Atendidos_Dummy0,contemporaneo,log(pib_1920),vizinhos_dens_real_1911,vizinhos_dens_sint_1911,3.706218901374657,0.9761159055317594,3.796904527803609,1.5485854655125484e-4,172.94165323327456,1075,***,+3.7062***
1911,Nao_Atendidos_Dummy0,contemporaneo,log(pop_total_1940),vizinhos_dens_real_1911,vizinhos_dens_sint_1911,2.5757442942018938,0.7169383984179982,3.5926995957889143,3.423520297242042e-4,172.94165323327456,1075,***,+2.5757***
1911,Nao_Atendidos_Dummy0,persistencia,log(pib_2010),vizinhos_dens_real_1911,vizinhos_dens_sint_1911,1.305678612825339,1.3149289176055154,0.9929651674274369,0.3209543974459046,172.94165323327456,1075,,+1.3057
1911,Nao_Atendidos_Dummy0,persistencia,log(pib_2003),vizinhos_dens_real_1911,vizinhos_dens_sint_1911,2.0868111485175254,1.372753463982954,1.5201645475821857,0.1287689687730983,172.94165323327456,1075,,+2.0868
1911,Nao_Atendidos_Dummy0,persistencia,log(pop_total_2010),vizinhos_dens_real_1911,vizinhos_dens_sint_1911,1.855398837147208,1.111511771660235,1.6692570285385724,0.09536285078084614,172.94165323327456,1075,*,+1.8554*
1911,Nao_Atendidos_Dummy0,persistencia,log(pop_total_2000),vizinhos_dens_real_1911,vizinhos_dens_sint_1911,1.4949795208075176,1.0819473289161874,1.3817488900361485,0.1673410560463149,172.94165323327456,1075,,+1.4950
1912,Nao_Atendidos_Dummy0,contemporaneo,log(pib_1920),vizinhos_dens_real_1912,vizinhos_dens_sint_1912,3.948442658812847,1.0172615221522445,3.8814430437308123,1.1038456742281152e-4,160.8982810304023,1058,***,+3.9484***
1912,Nao_Atendidos_Dummy0,contemporaneo,log(pop_total_1940),vizinhos_dens_real_1912,vizinhos_dens_sint_1912,2.6068235365364076,0.7247052317198469,3.5970811613295224,3.369550926089946e-4,160.8982810304023,1058,***,+2.6068***
1912,Nao_Atendidos_Dummy0,persistencia,log(pib_2010),vizinhos_dens_real_1912,vizinhos_dens_sint_1912,1.2552119476200139,1.3775795034126557,0.9111720554134969,0.3624160699003257,160.8982810304023,1058,,+1.2552
1912,Nao_Atendidos_Dummy0,persistencia,log(pib_2003),vizinhos_dens_real_1912,vizinhos_dens_sint_1912,2.1341387898227038,1.444325349083975,1.4776025299121314,0.1398172462245769,160.8982810304023,1058,,+2.1341
1912,Nao_Atendidos_Dummy0,persistencia,log(pop_total_2010),vizinhos_dens_real_1912,vizinhos_dens_sint_1912,1.8045982753742398,1.1646661512912966,1.5494554155054934,0.12157680808656583,160.8982810304023,1058,,+1.8046
1912,Nao_Atendidos_Dummy0,persistencia,log(pop_total_2000),vizinhos_dens_real_1912,vizinhos_dens_sint_1912,1.409484710758171,1.134307628745772,1.2425947556366768,0.21429756714964684,160.8982810304023,1058,,+1.4095
1913,Nao_Atendidos_Dummy0,contemporaneo,log(pib_1920),vizinhos_dens_real_1913,vizinhos_dens_sint_1913,3.267460657208477,1.001699793761175,3.2619160726187633,0.0011432274717213652,142.15453165911424,1041,***,+3.2675***
1913,Nao_Atendidos_Dummy0,contemporaneo,log(pop_total_1940),vizinhos_dens_real_1913,vizinhos_dens_sint_1913,3.1943601986067374,0.830993425517384,3.844025837650761,1.2850658383474297e-4,142.15453165911424,1041,***,+3.1944***
1913,Nao_Atendidos_Dummy0,persistencia,log(pib_2010),vizinhos_dens_real_1913,vizinhos_dens_sint_1913,2.7719243232461883,1.5995593315498033,1.7329299817597186,0.08340976070636437,142.15453165911424,1041,*,+2.7719*
1913,Nao_Atendidos_Dummy0,persistencia,log(pib_2003),vizinhos_dens_real_1913,vizinhos_dens_sint_1913,3.740625666767425,1.6521238276764585,2.2641315403266282,0.023774916865680094,142.15453165911424,1041,**,+3.7406**
1913,Nao_Atendidos_Dummy0,persistencia,log(pop_total_2010),vizinhos_dens_real_1913,vizinhos_dens_sint_1913,3.6847791723283967,1.4063058950359852,2.620183265486567,0.008918580978849077,142.15453165911424,1041,***,+3.6848***
1913,Nao_Atendidos_Dummy0,persistencia,log(pop_total_2000),vizinhos_dens_real_1913,vizinhos_dens_sint_1913,3.1937069713290867,1.3533846811522592,2.359792463891341,0.018472355518471626,142.15453165911424,1041,**,+3.1937**
1914,Nao_Atendidos_Dummy0,contemporaneo,log(pib_1920),vizinhos_dens_real_1914,vizinhos_dens_sint_1914,3.3870794897787615,1.0111370683410652,3.349772840724568,8.385745141389396e-4,138.89067387595745,1033,***,+3.3871***
1914,Nao_Atendidos_Dummy0,contemporaneo,log(pop_total_1940),vizinhos_dens_real_1914,vizinhos_dens_sint_1914,3.1271419007093555,0.82731946924587485,3.77984807194231,1.6607861554341542e-4,138.89067387595745,1033,***,+3.1271***
1914,Nao_Atendidos_Dummy0,persistencia,log(pib_2010),vizinhos_dens_real_1914,vizinhos_dens_sint_1914,2.6841346036208447,1.5997997250547762,1.6777941398439367,0.09369545644206076,138.89067387595745,1033,*,+2.6841*
1914,Nao_Atendidos_Dummy0,persistencia,log(pib_2003),vizinhos_dens_real_1914,vizinhos_dens_sint_1914,3.6436433853764094,1.6509794250993277,2.206958687663353,0.027540372952104288,138.89067387595745,1033,**,+3.6436**
1914,Nao_Atendidos_Dummy0,persistencia,log(pop_total_2010),vizinhos_dens_real_1914,vizinhos_dens_sint_1914,3.5916442680973666,1.4049723151987676,2.556380812093967,0.010721495937374407,138.89067387595745,1033,**,+3.5916**
1914,Nao_Atendidos_Dummy0,persistencia,log(pop_total_2000),vizinhos_dens_real_1914,vizinhos_dens_sint_1914,3.0821359448726446,1.3513451170357753,2.280791121392751,0.02276755880837794,138.89067387595745,1033,**,+3.0821**
1915,Nao_Atendidos_Dummy0,contemporaneo,log(pib_1920),vizinhos_dens_real_1915,vizinhos_dens_sint_1915,3.729523336831622,0.9970505740379699,3.740555829307003,1.9406061634359814e-4,134.88440024752143,1017,***,+3.7295***
1915,Nao_Atendidos_Dummy0,contemporaneo,log(pop_total_1940),vizinhos_dens_real_1915,vizinhos_dens_sint_1915,3.1892223584237187,0.81744606500835,3.901446829267129,1.0202040702809034e-4,134.88440024752143,1017,***,+3.1892***
1915,Nao_Atendidos_Dummy0,persistencia,log(pib_2010),vizinhos_dens_real_1915,vizinhos_dens_sint_1915,2.1697535320991355,1.4836147354464864,1.4624777445649724,0.14392484923371876,134.88440024752143,1017,,+2.1698
1915,Nao_Atendidos_Dummy0,persistencia,log(pib_2003),vizinhos_dens_real_1915,vizinhos_dens_sint_1915,3.1671427502569887,1.5527012868134704,2.039763074297925,0.041636578349868676,134.88440024752143,1017,**,+3.1671**
1915,Nao_Atendidos_Dummy0,persistencia,log(pop_total_2010),vizinhos_dens_real_1915,vizinhos_dens_sint_1915,3.018775199323037,1.292189432670048,2.3361707834782,0.01967934376628641,134.88440024752143,1017,**,+3.0188**
1915,Nao_Atendidos_Dummy0,persistencia,log(pop_total_2000),vizinhos_dens_real_1915,vizinhos_dens_sint_1915,2.490132541360844,1.2396189327079492,2.0087887298729346,0.04482822914144624,134.88440024752143,1017,**,+2.4901**
1916,Nao_Atendidos_Dummy0,contemporaneo,log(pib_1920),vizinhos_dens_real_1916,vizinhos_dens_sint_1916,4.2085352476487214,1.0864121233258215,3.8737926034598904,1.141902787124259e-4,115.34168461924355,1009,***,+4.2085***
1916,Nao_Atendidos_Dummy0,contemporaneo,log(pop_total_1940),vizinhos_dens_real_1916,vizinhos_dens_sint_1916,3.5494635658207967,0.9025828459202524,3.9325626249874563,8.989533262755521e-5,115.34168461924355,1009,***,+3.5495***
1916,Nao_Atendidos_Dummy0,persistencia,log(pib_2010),vizinhos_dens_real_1916,vizinhos_dens_sint_1916,1.9914807260098255,1.5457828949886103,1.288331454867405,0.1979313170433266,115.34168461924355,1009,,+1.9915
1916,Nao_Atendidos_Dummy0,persistencia,log(pib_2003),vizinhos_dens_real_1916,vizinhos_dens_sint_1916,3.167083321114282,1.615167397576596,1.9608390596951049,0.05017756493611764,115.34168461924355,1009,*,+3.1671*
1916,Nao_Atendidos_Dummy0,persistencia,log(pop_total_2010),vizinhos_dens_real_1916,vizinhos_dens_sint_1916,2.873167496503761,1.3428806871130754,2.139555303815185,0.03263446181541527,115.34168461924355,1009,**,+2.8732**
1916,Nao_Atendidos_Dummy0,persistencia,log(pop_total_2000),vizinhos_dens_real_1916,vizinhos_dens_sint_1916,2.3380969916180514,1.2875423436835074,1.8159379402847682,0.06968196805544977,115.34168461924355,1009,*,+2.3381*
1917,Nao_Atendidos_Dummy0,contemporaneo,log(pib_1920),vizinhos_dens_real_1917,vizinhos_dens_sint_1917,4.297865028303504,1.1038366232188797,3.8935698797260154,1.0543598574024988e-4,112.72707361872031,1003,***,+4.2979***
1917,Nao_Atendidos_Dummy0,contemporaneo,log(pop_total_1940),vizinhos_dens_real_1917,vizinhos_dens_sint_1917,3.5852686938922873,0.9142412821215966,3.92157821354586,9.406600324280438e-5,112.72707361872031,1003,***,+3.5853***
1917,Nao_Atendidos_Dummy0,persistencia,log(pib_2010),vizinhos_dens_real_1917,vizinhos_dens_sint_1917,2.027882792512104,1.5591097874392021,1.3006670914707357,0.19367663941703528,112.72707361872031,1003,,+2.0279
1917,Nao_Atendidos_Dummy0,persistencia,log(pib_2003),vizinhos_dens_real_1917,vizinhos_dens_sint_1917,3.200954735191489,1.629738811265983,1.9640906340722066,0.04980046528740908,112.72707361872031,1003,**,+3.2010**
1917,Nao_Atendidos_Dummy0,persistencia,log(pop_total_2010),vizinhos_dens_real_1917,vizinhos_dens_sint_1917,2.902790793818462,1.3547419509513476,2.1426890868626454,0.032382604290087554,112.72707361872031,1003,**,+2.9028**
1917,Nao_Atendidos_Dummy0,persistencia,log(pop_total_2000),vizinhos_dens_real_1917,vizinhos_dens_sint_1917,2.365151442590261,1.2985097283015057,1.8214352892711543,0.06884392511324453,112.72707361872031,1003,*,+2.3652*
1918,Nao_Atendidos_Dummy0,contemporaneo,log(pib_1920),vizinhos_dens_real_1918,vizinhos_dens_sint_1918,4.28766711279374,1.105457604449506,3.87863550400823,1.120614197429452e-4,108.54199816996241,997,***,+4.2877***
1918,Nao_Atendidos_Dummy0,contemporaneo,log(pop_total_1940),vizinhos_dens_real_1918,vizinhos_dens_sint_1918,3.564844521713188,0.9162956074722828,3.8904961375371667,1.0680212858341007e-4,108.54199816996241,997,***,+3.5648***
1918,Nao_Atendidos_Dummy0,persistencia,log(pib_2010),vizinhos_dens_real_1918,vizinhos_dens_sint_1918,1.9807204422060614,1.5642632437818327,1.2662321703713904,0.20573117818710923,108.54199816996241,997,,+1.9807
1918,Nao_Atendidos_Dummy0,persistencia,log(pib_2003),vizinhos_dens_real_1918,vizinhos_dens_sint_1918,3.170906176211465,1.635711118572095,1.9385490140701183,0.052843429104879616,108.54199816996241,997,*,+3.1709*
1918,Nao_Atendidos_Dummy0,persistencia,log(pop_total_2010),vizinhos_dens_real_1918,vizinhos_dens_sint_1918,2.8613773858895497,1.358849987319101,2.1057345642213323,0.03548157626947337,108.54199816996241,997,**,+2.8614**
1918,Nao_Atendidos_Dummy0,persistencia,log(pop_total_2000),vizinhos_dens_real_1918,vizinhos_dens_sint_1918,2.3290348108379635,1.3033241358739294,1.7869958414268567,0.07424746533865957,108.54199816996241,997,*,+2.3290*
1919,Nao_Atendidos_Dummy0,contemporaneo,log(pib_1920),vizinhos_dens_real_1919,vizinhos_dens_sint_1919,3.0133100088455946,1.020965446798221,2.951431919949326,0.0032386199752293256,107.481983790513,995,***,+3.0133***
1919,Nao_Atendidos_Dummy0,contemporaneo,log(pop_total_1940),vizinhos_dens_real_1919,vizinhos_dens_sint_1919,3.1818002586963683,0.8748304838305162,3.6370477681168563,2.901939720367101e-4,107.481983790513,995,***,+3.1818***
1919,Nao_Atendidos_Dummy0,persistencia,log(pib_2010),vizinhos_dens_real_1919,vizinhos_dens_sint_1919,1.3023623000445572,1.5397762512381614,0.8458126945374723,0.39786434253887737,107.481983790513,995,,+1.3024
1919,Nao_Atendidos_Dummy0,persistencia,log(pib_2003),vizinhos_dens_real_1919,vizinhos_dens_sint_1919,2.357808182212067,1.5818354040031335,1.4905521625354874,0.13640187740280413,107.481983790513,995,,+2.3578
1919,Nao_Atendidos_Dummy0,persistencia,log(pop_total_2010),vizinhos_dens_real_1919,vizinhos_dens_sint_1919,2.7807649408350796,1.3834941716199751,2.009957828430168,0.04471016244202525,107.481983790513,995,**,+2.7808**
1919,Nao_Atendidos_Dummy0,persistencia,log(pop_total_2000),vizinhos_dens_real_1919,vizinhos_dens_sint_1919,2.096034457379292,1.3182947160867218,1.5899589308840165,0.11216757584653551,107.481983790513,995,,+2.0960
1920,Nao_Atendidos_Dummy0,contemporaneo,log(pib_1920),vizinhos_dens_real_1920,vizinhos_dens_sint_1920,2.968844902879549,1.0146164719229867,2.9260759952504456,0.0035124639607662287,105.60488003969174,991,***,+2.9688***
1920,Nao_Atendidos_Dummy0,contemporaneo,log(pop_total_1940),vizinhos_dens_real_1920,vizinhos_dens_sint_1920,3.1506032812846,0.8704727598737403,3.6194162833327335,3.104792699179102e-4,105.60488003969174,991,***,+3.1506***
1920,Nao_Atendidos_Dummy0,persistencia,log(pib_2010),vizinhos_dens_real_1920,vizinhos_dens_sint_1920,1.2382877703830268,1.530196873065285,0.8092342836268467,0.4185782350632652,105.60488003969174,991,,+1.2383
1920,Nao_Atendidos_Dummy0,persistencia,log(pib_2003),vizinhos_dens_real_1920,vizinhos_dens_sint_1920,2.292522075444187,1.571712738700708,1.4586139177947697,0.1449941179431235,105.60488003969174,991,,+2.2925
1920,Nao_Atendidos_Dummy0,persistencia,log(pop_total_2010),vizinhos_dens_real_1920,vizinhos_dens_sint_1920,2.7244018845861695,1.3742018223667984,1.9825340355712169,0.04770042164123309,105.60488003969174,991,**,+2.7244**
1920,Nao_Atendidos_Dummy0,persistencia,log(pop_total_2000),vizinhos_dens_real_1920,vizinhos_dens_sint_1920,2.0355154407506433,1.308980467825632,1.5550388189763211,0.12026200994335451,105.60488003969174,991,,+2.0355
1921,Nao_Atendidos_Dummy0,contemporaneo,log(pib_1920),vizinhos_dens_real_1921,vizinhos_dens_sint_1921,3.02352266255246,1.0176572652688143,2.9710618355913727,0.003041134694132102,104.25626426435973,985,***,+3.0235***
1921,Nao_Atendidos_Dummy0,contemporaneo,log(pop_total_1940),vizinhos_dens_real_1921,vizinhos_dens_sint_1921,3.142692669068915,0.8694184107316112,3.6147068319203814,3.161981780646511e-4,104.25626426435973,985,***,+3.1427***
1921,Nao_Atendidos_Dummy0,persistencia,log(pib_2010),vizinhos_dens_real_1921,vizinhos_dens_sint_1921,1.2642935877913286,1.5305792055225687,0.8260229743286464,0.4089948073174159,104.25626426435973,985,,+1.2643
1921,Nao_Atendidos_Dummy0,persistencia,log(pib_2003),vizinhos_dens_real_1921,vizinhos_dens_sint_1921,2.3716731674692273,1.5744673141783363,1.506333695283428,0.1323081136202515,104.25626426435973,985,,+2.3717
1921,Nao_Atendidos_Dummy0,persistencia,log(pop_total_2010),vizinhos_dens_real_1921,vizinhos_dens_sint_1921,2.7627094794458444,1.3752031503674895,2.008946444536269,0.04482036359348145,104.25626426435973,985,**,+2.7627**
1921,Nao_Atendidos_Dummy0,persistencia,log(pop_total_2000),vizinhos_dens_real_1921,vizinhos_dens_sint_1921,2.080033985295791,1.3094862538856609,1.5884351432660486,0.11251486288044063,104.25626426435973,985,,+2.0800
1922,Nao_Atendidos_Dummy0,contemporaneo,log(pib_1920),vizinhos_dens_real_1922,vizinhos_dens_sint_1922,3.0835108966105236,1.0315498819083238,2.9892019287580727,0.0028679056843446053,100.6971416524646,984,***,+3.0835***
1922,Nao_Atendidos_Dummy0,contemporaneo,log(pop_total_1940),vizinhos_dens_real_1922,vizinhos_dens_sint_1922,3.1738942743660883,0.8843354807917084,3.589016095480681,3.486079450499391e-4,100.6971416524646,984,***,+3.1739***
1922,Nao_Atendidos_Dummy0,persistencia,log(pib_2010),vizinhos_dens_real_1922,vizinhos_dens_sint_1922,1.2486885847991624,1.5489467853588375,0.8061533143695988,0.4203528613124533,100.6971416524646,984,,+1.2487
1922,Nao_Atendidos_Dummy0,persistencia,log(pib_2003),vizinhos_dens_real_1922,vizinhos_dens_sint_1922,2.3683130416302913,1.5940026674344054,1.4857647920013592,0.13766761398859736,100.6971416524646,984,,+2.3683
1922,Nao_Atendidos_Dummy0,persistencia,log(pop_total_2010),vizinhos_dens_real_1922,vizinhos_dens_sint_1922,2.7750375058265613,1.3932494601884753,1.9917736091935476,0.04667709117957519,100.6971416524646,984,**,+2.7750**
1922,Nao_Atendidos_Dummy0,persistencia,log(pop_total_2000),vizinhos_dens_real_1922,vizinhos_dens_sint_1922,2.086048809807339,1.3261556547147364,1.5730044979192581,0.11604522278753537,100.6971416524646,984,,+2.0860
1923,Nao_Atendidos_Dummy0,contemporaneo,log(pib_1920),vizinhos_dens_real_1923,vizinhos_dens_sint_1923,3.14234070493216,1.0294303321788594,3.0525044839908517,0.0023323457512959803,96.57552882696847,971,***,+3.1423***
1923,Nao_Atendidos_Dummy0,contemporaneo,log(pop_total_1940),vizinhos_dens_real_1923,vizinhos_dens_sint_1923,3.088999992232248,0.884769521836518,3.4913047025177857,5.027146668557471e-4,96.57552882696847,971,***,+3.0890***
1923,Nao_Atendidos_Dummy0,persistencia,log(pib_2010),vizinhos_dens_real_1923,vizinhos_dens_sint_1923,1.0904434633689717,1.5384815403490304,0.7087790361927815,0.4786349492293094,96.57552882696847,971,,+1.0904
1923,Nao_Atendidos_Dummy0,persistencia,log(pib_2003),vizinhos_dens_real_1923,vizinhos_dens_sint_1923,2.1979235904188923,1.5853667898490078,1.3863817537317185,0.16595461340274031,96.57552882696847,971,,+2.1979
1923,Nao_Atendidos_Dummy0,persistencia,log(pop_total_2010),vizinhos_dens_real_1923,vizinhos_dens_sint_1923,2.667041797700605,1.3941171986437175,1.9130685714911675,0.05603870462904569,96.57552882696847,971,*,+2.6670*
1923,Nao_Atendidos_Dummy0,persistencia,log(pop_total_2000),vizinhos_dens_real_1923,vizinhos_dens_sint_1923,1.9784704908603663,1.3223282130770055,1.4962022826818038,0.13493203189557115,96.57552882696847,971,,+1.9785
1924,Nao_Atendidos_Dummy0,contemporaneo,log(pib_1920),vizinhos_dens_real_1924,vizinhos_dens_sint_1924,3.1595774190054353,1.0359920464967274,3.049808567246965,0.002353175708775522,95.45439352815656,971,***,+3.1596***
1924,Nao_Atendidos_Dummy0,contemporaneo,log(pop_total_1940),vizinhos_dens_real_1924,vizinhos_dens_sint_1924,3.1059441159407033,0.8916097664003149,3.4835241077274124,5.173650632392971e-4,95.45439352815656,971,***,+3.1059***
1924,Nao_Atendidos_Dummy0,persistencia,log(pib_2010),vizinhos_dens_real_1924,vizinhos_dens_sint_1924,1.096424884212886,1.5471823028911216,0.7086591426001101,0.47870933110211356,95.45439352815656,971,,+1.0964
1924,Nao_Atendidos_Dummy0,persistencia,log(pib_2003),vizinhos_dens_real_1924,vizinhos_dens_sint_1924,2.2099798834947757,1.594645929266995,1.385874972578163,0.16610928586636242,95.45439352815656,971,,+2.2100
1924,Nao_Atendidos_Dummy0,persistencia,log(pop_total_2010),vizinhos_dens_real_1924,vizinhos_dens_sint_1924,2.68167134974641,1.4028821059042744,1.9115443403691073,0.05623435283787779,95.45439352815656,971,*,+2.6817*
1924,Nao_Atendidos_Dummy0,persistencia,log(pop_total_2000),vizinhos_dens_real_1924,vizinhos_dens_sint_1924,1.9893230155722392,1.3301737412772079,1.4955362249612059,0.13510561371521096,95.45439352815656,971,,+1.9893
1925,Nao_Atendidos_Dummy0,contemporaneo,log(pib_1920),vizinhos_dens_real_1925,vizinhos_dens_sint_1925,3.09583017807701,1.0528020263885594,2.940562518384085,0.00335535323123403,94.82877796182112,971,***,+3.0958***
1925,Nao_Atendidos_Dummy0,contemporaneo,log(pop_total_1940),vizinhos_dens_real_1925,vizinhos_dens_sint_1925,3.103080840641452,0.8800011501314697,3.5262236193417023,4.4161027566349214e-4,94.82877796182112,971,***,+3.1031***
1925,Nao_Atendidos_Dummy0,persistencia,log(pib_2010),vizinhos_dens_real_1925,vizinhos_dens_sint_1925,2.3557410571693485,1.6703128191896761,1.4103592034408239,0.15875994788393483,94.82877796182112,971,,+2.3557
1925,Nao_Atendidos_Dummy0,persistencia,log(pib_2003),vizinhos_dens_real_1925,vizinhos_dens_sint_1925,3.440400966834145,1.7095243494553243,2.0124901806343383,0.044449209023320446,94.82877796182112,971,**,+3.4404**
1925,Nao_Atendidos_Dummy0,persistencia,log(pop_total_2010),vizinhos_dens_real_1925,vizinhos_dens_sint_1925,3.1601555849132237,1.4478741336679506,2.182617612559657,0.02930747106552193,94.82877796182112,971,**,+3.1602**
1925,Nao_Atendidos_Dummy0,persistencia,log(pop_total_2000),vizinhos_dens_real_1925,vizinhos_dens_sint_1925,2.4423400105040107,1.3683119939990591,1.784929183706103,0.07459079242113857,94.82877796182112,971,*,+2.4423*
1926,Nao_Atendidos_Dummy0,contemporaneo,log(pib_1920),vizinhos_dens_real_1926,vizinhos_dens_sint_1926,2.539759322727681,1.1864396521454292,2.1406561371537567,0.032557410214391055,62.80082337568561,962,**,+2.5398**
1926,Nao_Atendidos_Dummy0,contemporaneo,log(pop_total_1940),vizinhos_dens_real_1926,vizinhos_dens_sint_1926,3.396589598787708,1.0568223240384325,3.2139646575673466,0.001353554138801117,62.80082337568561,962,***,+3.3966***
1926,Nao_Atendidos_Dummy0,persistencia,log(pib_2010),vizinhos_dens_real_1926,vizinhos_dens_sint_1926,4.17464933895672,2.111791247033358,1.9768286021742267,0.048351665445643094,62.80082337568561,962,**,+4.1746**
1926,Nao_Atendidos_Dummy0,persistencia,log(pib_2003),vizinhos_dens_real_1926,vizinhos_dens_sint_1926,5.030530609607378,2.1470404888280896,2.34300686725902,0.019335847992073316,62.80082337568561,962,**,+5.0305**
1926,Nao_Atendidos_Dummy0,persistencia,log(pop_total_2010),vizinhos_dens_real_1926,vizinhos_dens_sint_1926,4.749520828468762,1.8646312682263528,2.547163564937174,0.01101791133984669,62.80082337568561,962,**,+4.7495**
1926,Nao_Atendidos_Dummy0,persistencia,log(pop_total_2000),vizinhos_dens_real_1926,vizinhos_dens_sint_1926,3.9993761168436857,1.7473059662291757,2.2888813946390028,0.022306363960127074,62.80082337568561,962,**,+3.9994**
1927,Nao_Atendidos_Dummy0,contemporaneo,log(pib_1920),vizinhos_dens_real_1927,vizinhos_dens_sint_1927,2.762542116432566,1.1469769215921497,2.408542024191565,0.016208141794899107,69.49550780452729,957,**,+2.7625**
1927,Nao_Atendidos_Dummy0,contemporaneo,log(pop_total_1940),vizinhos_dens_real_1927,vizinhos_dens_sint_1927,3.180257879357151,0.9762563509420468,3.2576053167678087,0.0011638544516008715,69.49550780452729,957,***,+3.1803***
1927,Nao_Atendidos_Dummy0,persistencia,log(pib_2010),vizinhos_dens_real_1927,vizinhos_dens_sint_1927,3.878046477875077,1.969282832239617,1.9692684130418536,0.04921593853480646,69.49550780452729,957,**,+3.8780**
1927,Nao_Atendidos_Dummy0,persistencia,log(pib_2003),vizinhos_dens_real_1927,vizinhos_dens_sint_1927,4.701871828345498,1.994543946895125,2.35736687359776,0.018609423309123494,69.49550780452729,957,**,+4.7019**
1927,Nao_Atendidos_Dummy0,persistencia,log(pop_total_2010),vizinhos_dens_real_1927,vizinhos_dens_sint_1927,4.410398677236091,1.725640440822494,2.555803962924025,0.010750775038371881,69.49550780452729,957,**,+4.4104**
1927,Nao_Atendidos_Dummy0,persistencia,log(pop_total_2000),vizinhos_dens_real_1927,vizinhos_dens_sint_1927,3.7256279873024054,1.626888405022448,2.2900329093260696,0.022240418367572578,69.49550780452729,957,**,+3.7256**
1929,Nao_Atendidos_Dummy0,contemporaneo,log(pib_1920),vizinhos_dens_real_1929,vizinhos_dens_sint_1929,2.6208485840980638,1.1093865337357949,2.362430500460924,0.018359316375849553,73.08468796750756,954,**,+2.6208**
1929,Nao_Atendidos_Dummy0,contemporaneo,log(pop_total_1940),vizinhos_dens_real_1929,vizinhos_dens_sint_1929,3.1082801056330776,0.9448530946269605,3.28969669815207,0.001040385117653561,73.08468796750756,954,***,+3.1083***
1929,Nao_Atendidos_Dummy0,persistencia,log(pib_2010),vizinhos_dens_real_1929,vizinhos_dens_sint_1929,3.6572568683358093,1.8980991617909624,1.9267996856839573,0.05430706059732657,73.08468796750756,954,*,+3.6573*
1929,Nao_Atendidos_Dummy0,persistencia,log(pib_2003),vizinhos_dens_real_1929,vizinhos_dens_sint_1929,4.42666012256465,1.9144427281461684,2.3122447370630734,0.020980418416548054,73.08468796750756,954,**,+4.4267**
1929,Nao_Atendidos_Dummy0,persistencia,log(pop_total_2010),vizinhos_dens_real_1929,vizinhos_dens_sint_1929,4.1770100891242326,1.658755519043705,2.518158969883841,0.011962838875735652,73.08468796750756,954,**,+4.1770**
1929,Nao_Atendidos_Dummy0,persistencia,log(pop_total_2000),vizinhos_dens_real_1929,vizinhos_dens_sint_1929,3.502161509506418,1.564351457594555,2.23873062060591,0.025407792077920894,73.08468796750756,954,**,+3.5022**
1931,Nao_Atendidos_Dummy0,contemporaneo,log(pib_1939),vizinhos_dens_real_1931,vizinhos_dens_sint_1931,2.532932422223622,1.143237234725537,2.215579011325428,0.02696135985098923,67.82661567388496,950,**,+2.5329**
1931,Nao_Atendidos_Dummy0,contemporaneo,log(pop_total_1940),vizinhos_dens_real_1931,vizinhos_dens_sint_1931,3.118783041960844,0.98834096563563,3.1555739875206594,0.0016532181055045967,67.82661567388496,950,***,+3.1188***
1931,Nao_Atendidos_Dummy0,persistencia,log(pib_2010),vizinhos_dens_real_1931,vizinhos_dens_sint_1931,3.562026784897608,1.9729516130834448,1.8054303822133089,0.07132994914601046,67.82661567388496,950,*,+3.5620*
1931,Nao_Atendidos_Dummy0,persistencia,log(pib_2003),vizinhos_dens_real_1931,vizinhos_dens_sint_1931,4.368152110815001,1.9870608907609426,2.1982980648077786,0.028173077646307696,67.82661567388496,950,**,+4.3682**
1931,Nao_Atendidos_Dummy0,persistencia,log(pop_total_2010),vizinhos_dens_real_1931,vizinhos_dens_sint_1931,4.2379270510131715,1.738286454601721,2.437991183670687,0.014955080945436286,67.82661567388496,950,**,+4.2379**
1931,Nao_Atendidos_Dummy0,persistencia,log(pop_total_2000),vizinhos_dens_real_1931,vizinhos_dens_sint_1931,3.5660538393140198,1.6382520030999705,2.1767431582968797,0.029750124824466494,67.82661567388496,950,**,+3.5661**
1932,Nao_Atendidos_Dummy0,contemporaneo,log(pib_1939),vizinhos_dens_real_1932,vizinhos_dens_sint_1932,2.5058405119426816,1.13467116341159,2.208428831846249,0.027458192316431873,68.05269658025102,946,**,+2.5058**
1932,Nao_Atendidos_Dummy0,contemporaneo,log(pop_total_1940),vizinhos_dens_real_1932,vizinhos_dens_sint_1932,3.0954987191394907,0.9833960013361944,3.147764191570299,0.0016977713238044974,68.05269658025102,946,***,+3.0955***
1932,Nao_Atendidos_Dummy0,persistencia,log(pib_2010),vizinhos_dens_real_1932,vizinhos_dens_sint_1932,3.515398715026791,1.9572117881258642,1.7961258645355773,0.07279967405197676,68.05269658025102,946,*,+3.5154*
1932,Nao_Atendidos_Dummy0,persistencia,log(pib_2003),vizinhos_dens_real_1932,vizinhos_dens_sint_1932,4.315400595694232,1.9702191509473812,2.1903150183161952,0.02874959632951029,68.05269658025102,946,**,+4.3154**
1932,Nao_Atendidos_Dummy0,persistencia,log(pop_total_2010),vizinhos_dens_real_1932,vizinhos_dens_sint_1932,4.177106820832681,1.7219495238283191,2.4258009674673513,0.015464404731329914,68.05269658025102,946,**,+4.1771**
1932,Nao_Atendidos_Dummy0,persistencia,log(pop_total_2000),vizinhos_dens_real_1932,vizinhos_dens_sint_1932,3.5037572584984127,1.6226817379829144,2.1592387320841993,0.03108730262687049,68.05269658025102,946,**,+3.5038**
1933,Nao_Atendidos_Dummy0,contemporaneo,log(pib_1939),vizinhos_dens_real_1933,vizinhos_dens_sint_1933,2.4959739728701438,0.8666544707450403,2.8800104968297457,0.004068494057582456,109.94298095683651,942,***,+2.4960***
1933,Nao_Atendidos_Dummy0,contemporaneo,log(pop_total_1940),vizinhos_dens_real_1933,vizinhos_dens_sint_1933,3.165694490687187,0.7630824898931702,4.148561305777541,3.65422592509439e-5,109.94298095683651,942,***,+3.1657***
1933,Nao_Atendidos_Dummy0,persistencia,log(pib_2010),vizinhos_dens_real_1933,vizinhos_dens_sint_1933,4.5806581044592205,1.6538109458907952,2.769759213313183,0.005722213349720304,109.94298095683651,942,***,+4.5807***
1933,Nao_Atendidos_Dummy0,persistencia,log(pib_2003),vizinhos_dens_real_1933,vizinhos_dens_sint_1933,4.793791614790249,1.5913614864800838,3.012383833288304,0.002662674338864617,109.94298095683651,942,***,+4.7938***
1933,Nao_Atendidos_Dummy0,persistencia,log(pop_total_2010),vizinhos_dens_real_1933,vizinhos_dens_sint_1933,4.065405685799048,1.3427435645533623,3.027685846441816,0.002532756895839294,109.94298095683651,942,***,+4.0654***
1933,Nao_Atendidos_Dummy0,persistencia,log(pop_total_2000),vizinhos_dens_real_1933,vizinhos_dens_sint_1933,3.312293392921837,1.2645733115371525,2.6192972465120095,0.00895551209023281,109.94298095683651,942,***,+3.3123***
1934,Nao_Atendidos_Dummy0,contemporaneo,log(pib_1939),vizinhos_dens_real_1934,vizinhos_dens_sint_1934,2.5514772865971076,0.810143494804541,3.1494140272183375,0.0016888334883718935,124.93905542369394,937,***,+2.5515***
1934,Nao_Atendidos_Dummy0,contemporaneo,log(pop_total_1940),vizinhos_dens_real_1934,vizinhos_dens_sint_1934,3.1768811802194414,0.7120234532247639,4.461764799784759,9.135836236008666e-6,124.93905542369394,937,***,+3.1769***
1934,Nao_Atendidos_Dummy0,persistencia,log(pib_2010),vizinhos_dens_real_1934,vizinhos_dens_sint_1934,3.964011533190452,1.5304040032551558,2.590173264549122,0.009744629999522799,124.93905542369394,937,***,+3.9640***
1934,Nao_Atendidos_Dummy0,persistencia,log(pib_2003),vizinhos_dens_real_1934,vizinhos_dens_sint_1934,4.098056087945699,1.477926673306147,2.772841279586814,0.005669362382926447,124.93905542369394,937,***,+4.0981***
1934,Nao_Atendidos_Dummy0,persistencia,log(pop_total_2010),vizinhos_dens_real_1934,vizinhos_dens_sint_1934,3.5560050769746296,1.2455724089507634,2.8549163833599303,0.004401672293351542,124.93905542369394,937,***,+3.5560***
1934,Nao_Atendidos_Dummy0,persistencia,log(pop_total_2000),vizinhos_dens_real_1934,vizinhos_dens_sint_1934,2.8585454033925486,1.181890102118547,2.4186220006992056,0.01577283718078841,124.93905542369394,937,**,+2.8585**
1936,Nao_Atendidos_Dummy0,contemporaneo,log(pib_1939),vizinhos_dens_real_1936,vizinhos_dens_sint_1936,2.568804254744461,0.8099148943330954,3.171696523570764,0.0015659961533440654,124.55467025315114,933,***,+2.5688***
1936,Nao_Atendidos_Dummy0,contemporaneo,log(pop_total_1940),vizinhos_dens_real_1936,vizinhos_dens_sint_1936,3.1874251686853974,0.7117449663707648,4.478324848489328,8.47348464529956e-6,124.55467025315114,933,***,+3.1874***
1936,Nao_Atendidos_Dummy0,persistencia,log(pib_2010),vizinhos_dens_real_1936,vizinhos_dens_sint_1936,3.9793871268500096,1.5275241216853659,2.6051222827561147,0.009333219873090486,124.55467025315114,933,***,+3.9794***
1936,Nao_Atendidos_Dummy0,persistencia,log(pib_2003),vizinhos_dens_real_1936,vizinhos_dens_sint_1936,4.135902540576993,1.4756358029394991,2.8027935702957216,0.005173266165640344,124.55467025315114,933,***,+4.1359***
1936,Nao_Atendidos_Dummy0,persistencia,log(pop_total_2010),vizinhos_dens_real_1936,vizinhos_dens_sint_1936,3.5666083479363517,1.2406519050299893,2.8747856940985703,0.0041367271049929395,124.55467025315114,933,***,+3.5666***
1936,Nao_Atendidos_Dummy0,persistencia,log(pop_total_2000),vizinhos_dens_real_1936,vizinhos_dens_sint_1936,2.8676722828909482,1.1762419656632217,2.4379952140833683,0.014958377890217193,124.55467025315114,933,**,+2.8677**
1937,Nao_Atendidos_Dummy0,contemporaneo,log(pib_1939),vizinhos_dens_real_1937,vizinhos_dens_sint_1937,2.596713784418161,0.8158899755308594,3.1826764175262814,0.0015084980878997548,122.86477147966255,932,***,+2.5967***
1937,Nao_Atendidos_Dummy0,contemporaneo,log(pop_total_1940),vizinhos_dens_real_1937,vizinhos_dens_sint_1937,3.216684921402775,0.7181166789014075,4.479334648408025,8.435442958434028e-6,122.86477147966255,932,***,+3.2167***
1937,Nao_Atendidos_Dummy0,persistencia,log(pib_2010),vizinhos_dens_real_1937,vizinhos_dens_sint_1937,4.008976883757377,1.5375175827446594,2.6074348213962253,0.009271046853905243,122.86477147966255,932,***,+4.0090***
1937,Nao_Atendidos_Dummy0,persistencia,log(pib_2003),vizinhos_dens_real_1937,vizinhos_dens_sint_1937,4.1577630289867695,1.4849716069626107,2.799893957225982,0.005219676419496268,122.86477147966255,932,***,+4.1578***
1937,Nao_Atendidos_Dummy0,persistencia,log(pop_total_2010),vizinhos_dens_real_1937,vizinhos_dens_sint_1937,3.5964347604311007,1.2490536261567442,2.8793277447158885,0.00407824583812352,122.86477147966255,932,***,+3.5964***
1937,Nao_Atendidos_Dummy0,persistencia,log(pop_total_2000),vizinhos_dens_real_1937,vizinhos_dens_sint_1937,2.8881279487401676,1.1835601998749232,2.4402036745113436,0.014868046742122332,122.86477147966255,932,**,+2.8881**
1940,Nao_Atendidos_Dummy0,contemporaneo,log(pib_1939),vizinhos_dens_real_1940,vizinhos_dens_sint_1940,2.530992001684495,0.7855309408612512,3.2220143981973917,0.0013181950334600172,132.00346206005017,927,***,+2.5310***
1940,Nao_Atendidos_Dummy0,contemporaneo,log(pop_total_1940),vizinhos_dens_real_1940,vizinhos_dens_sint_1940,3.0063446299150436,0.6663870600629226,4.511409074526708,7.283656570505065e-6,132.00346206005017,927,***,+3.0063***
1940,Nao_Atendidos_Dummy0,persistencia,log(pib_2010),vizinhos_dens_real_1940,vizinhos_dens_sint_1940,3.6421698598593237,1.4394897929559491,2.530181094497542,0.011568214723244194,132.00346206005017,927,**,+3.6422**
1940,Nao_Atendidos_Dummy0,persistencia,log(pib_2003),vizinhos_dens_real_1940,vizinhos_dens_sint_1940,3.904682485220807,1.4028073305089919,2.783477388733091,0.005489522502794147,132.00346206005017,927,***,+3.9047***
1940,Nao_Atendidos_Dummy0,persistencia,log(pop_total_2010),vizinhos_dens_real_1940,vizinhos_dens_sint_1940,3.354571555687495,1.1761907298077785,2.852064270422981,0.004442082665962907,132.00346206005017,927,***,+3.3546***
1940,Nao_Atendidos_Dummy0,persistencia,log(pop_total_2000),vizinhos_dens_real_1940,vizinhos_dens_sint_1940,2.6831680438644447,1.1192276567060742,2.3973389397480593,0.016715584207542763,132.00346206005017,927,**,+2.6832**
1941,Nao_Atendidos_Dummy0,contemporaneo,log(pib_1939),vizinhos_dens_real_1941,vizinhos_dens_sint_1941,2.4328443878033807,0.7870969461993854,3.0909081778943897,0.0020564507253871367,130.44543263089696,924,***,+2.4328***
1941,Nao_Atendidos_Dummy0,contemporaneo,log(pop_total_1940),vizinhos_dens_real_1941,vizinhos_dens_sint_1941,2.9755832475818313,0.6706210648084273,4.437056042120971,1.024126201125985e-5,130.44543263089696,924,***,+2.9756***
1941,Nao_Atendidos_Dummy0,persistencia,log(pib_2010),vizinhos_dens_real_1941,vizinhos_dens_sint_1941,3.6539288247597375,1.456286984613202,2.509071950354786,0.012278450534793806,130.44543263089696,924,**,+3.6539**
1941,Nao_Atendidos_Dummy0,persistencia,log(pib_2003),vizinhos_dens_real_1941,vizinhos_dens_sint_1941,3.9142090922062973,1.4188022120203063,2.758812369366588,0.005918089223367159,130.44543263089696,924,***,+3.9142***
1941,Nao_Atendidos_Dummy0,persistencia,log(pop_total_2010),vizinhos_dens_real_1941,vizinhos_dens_sint_1941,3.361514301541388,1.1905405336615273,2.8235194069394636,0.004854085759311674,130.44543263089696,924,***,+3.3615***
1941,Nao_Atendidos_Dummy0,persistencia,log(pop_total_2000),vizinhos_dens_real_1941,vizinhos_dens_sint_1941,2.6879263670288998,1.1325886651181065,2.3732591096950473,0.017839650271956945,130.44543263089696,924,**,+2.6879**
1944,Nao_Atendidos_Dummy0,contemporaneo,log(pib_1939),vizinhos_dens_real_1944,vizinhos_dens_sint_1944,2.5250872734146963,0.8024916776306691,3.1465588289587445,0.001706302665778472,122.6853745458057,919,***,+2.5251***
1944,Nao_Atendidos_Dummy0,contemporaneo,log(pop_total_1940),vizinhos_dens_real_1944,vizinhos_dens_sint_1944,3.050743869197559,0.6906936812517254,4.416927433980255,1.1227272400889781e-5,122.6853745458057,919,***,+3.0507***
1944,Nao_Atendidos_Dummy0,persistencia,log(pib_2010),vizinhos_dens_real_1944,vizinhos_dens_sint_1944,3.7459258587760154,1.4826771741510805,2.5264608669252477,0.011692075876182156,122.6853745458057,919,**,+3.7459**
1944,Nao_Atendidos_Dummy0,persistencia,log(pib_2003),vizinhos_dens_real_1944,vizinhos_dens_sint_1944,4.015458960869834,1.4463878015687086,2.776198026915595,0.0056138894181036285,122.6853745458057,919,***,+4.0155***
1944,Nao_Atendidos_Dummy0,persistencia,log(pop_total_2010),vizinhos_dens_real_1944,vizinhos_dens_sint_1944,3.442688389106864,1.212380460820552,2.8396105845988444,0.004618519723726834,122.6853745458057,919,***,+3.4427***
1944,Nao_Atendidos_Dummy0,persistencia,log(pop_total_2000),vizinhos_dens_real_1944,vizinhos_dens_sint_1944,2.766917997092715,1.1520476955539778,2.401739101402572,0.016518946876813063,122.6853745458057,919,**,+2.7669**
1947,Nao_Atendidos_Dummy0,contemporaneo,log(pib_1939),vizinhos_dens_real_1947,vizinhos_dens_sint_1947,2.481968515869055,0.78851529205845,3.1476479161105164,0.0017002720384415822,125.0655325500744,915,***,+2.4820***
1947,Nao_Atendidos_Dummy0,contemporaneo,log(pop_total_1940),vizinhos_dens_real_1947,vizinhos_dens_sint_1947,3.009457218387438,0.675605024041158,4.454462461493036,9.472058559966475e-6,125.0655325500744,915,***,+3.0095***
1947,Nao_Atendidos_Dummy0,persistencia,log(pib_2010),vizinhos_dens_real_1947,vizinhos_dens_sint_1947,3.645920136453029,1.4542656201307211,2.507052415999014,0.012350081601095454,125.0655325500744,915,**,+3.6459**
1947,Nao_Atendidos_Dummy0,persistencia,log(pib_2003),vizinhos_dens_real_1947,vizinhos_dens_sint_1947,3.9000140865594424,1.4174600538846929,2.7514102255446695,0.006053544813861293,125.0655325500744,915,***,+3.9000***
1947,Nao_Atendidos_Dummy0,persistencia,log(pop_total_2010),vizinhos_dens_real_1947,vizinhos_dens_sint_1947,3.341239720742085,1.1882923887144448,2.8117993117475137,0.005033974988040155,125.0655325500744,915,***,+3.3412***
1947,Nao_Atendidos_Dummy0,persistencia,log(pop_total_2000),vizinhos_dens_real_1947,vizinhos_dens_sint_1947,2.6915076128373028,1.1309677633720336,2.3798269941951715,0.01752892080912187,125.0655325500744,915,**,+2.6915**
1948,Nao_Atendidos_Dummy0,contemporaneo,log(pib_1939),vizinhos_dens_real_1948,vizinhos_dens_sint_1948,2.4313187722137384,0.8375756315858812,2.9028050489126986,0.003790109094453574,100.39993984942602,904,***,+2.4313***
1948,Nao_Atendidos_Dummy0,contemporaneo,log(pop_total_1940),vizinhos_dens_real_1948,vizinhos_dens_sint_1948,3.08956951307592,0.7273868646062313,4.247491484120283,2.3903197853132022e-5,100.39993984942602,904,***,+3.0896***
1948,Nao_Atendidos_Dummy0,persistencia,log(pib_2010),vizinhos_dens_real_1948,vizinhos_dens_sint_1948,3.632988766243372,1.5483074483264505,2.346425944130303,0.01917391719516395,100.39993984942602,904,**,+3.6330**
1948,Nao_Atendidos_Dummy0,persistencia,log(pib_2003),vizinhos_dens_real_1948,vizinhos_dens_sint_1948,3.9876036425920027,1.5135118663025169,2.63466955983216,0.008568937217758367,100.39993984942602,904,***,+3.9876***
1948,Nao_Atendidos_Dummy0,persistencia,log(pop_total_2010),vizinhos_dens_real_1948,vizinhos_dens_sint_1948,3.288075923837076,1.27542735047307,2.5780189852581508,0.010097326608709715,100.39993984942602,904,**,+3.2881**
1948,Nao_Atendidos_Dummy0,persistencia,log(pop_total_2000),vizinhos_dens_real_1948,vizinhos_dens_sint_1948,2.6515672417200022,1.2105646838144926,2.1903556886897664,0.02875841777918661,100.39993984942602,904,**,+2.6516**
1949,Nao_Atendidos_Dummy0,contemporaneo,log(pib_1949),vizinhos_dens_real_1949,vizinhos_dens_sint_1949,2.1954083907912354,0.8771058686745734,2.5030141391127585,0.012495341015400292,90.74639030764554,893,**,+2.1954**
1949,Nao_Atendidos_Dummy0,contemporaneo,log(pop_total_1950),vizinhos_dens_real_1949,vizinhos_dens_sint_1949,2.62542889426901,0.7194475379803867,3.6492291038190796,2.7860615017916287e-4,90.74639030764554,893,***,+2.6254***
1949,Nao_Atendidos_Dummy0,persistencia,log(pib_2010),vizinhos_dens_real_1949,vizinhos_dens_sint_1949,4.151740804105531,1.6875615841511686,2.4602010635326392,0.014078222362727261,90.74639030764554,893,**,+4.1517**
1949,Nao_Atendidos_Dummy0,persistencia,log(pib_2003),vizinhos_dens_real_1949,vizinhos_dens_sint_1949,4.422634031919813,1.6230003757594347,2.7249741269162513,0.006558994095819301,90.74639030764554,893,***,+4.4226***
1949,Nao_Atendidos_Dummy0,persistencia,log(pop_total_2010),vizinhos_dens_real_1949,vizinhos_dens_sint_1949,3.6409474931839494,1.340816393516619,2.7154705974579216,0.0067485921327443375,90.74639030764554,893,***,+3.6409***
1949,Nao_Atendidos_Dummy0,persistencia,log(pop_total_2000),vizinhos_dens_real_1949,vizinhos_dens_sint_1949,2.929555391692519,1.2650346266671935,2.31579067476643,0.02080007776159768,90.74639030764554,893,**,+2.9296**
1950,Nao_Atendidos_Dummy0,contemporaneo,log(pib_1949),vizinhos_dens_real_1950,vizinhos_dens_sint_1950,1.976960765772267,0.9444990331249595,2.0931315929793124,0.03662749766100543,76.86206682148165,885,**,+1.9770**
1950,Nao_Atendidos_Dummy0,contemporaneo,log(pop_total_1950),vizinhos_dens_real_1950,vizinhos_dens_sint_1950,2.33654222461361,0.7532544279647942,3.1019296241333425,0.0019848917091081796,76.86206682148165,885,***,+2.3365***
1950,Nao_Atendidos_Dummy0,persistencia,log(pib_2010),vizinhos_dens_real_1950,vizinhos_dens_sint_1950,5.190197681053571,1.9033002664949326,2.7269463323365692,0.006521440169004966,76.86206682148165,885,***,+5.1902***
1950,Nao_Atendidos_Dummy0,persistencia,log(pib_2003),vizinhos_dens_real_1950,vizinhos_dens_sint_1950,5.64164988071936,1.8663436792717476,3.0228354741827332,0.0025778740292827216,76.86206682148165,885,***,+5.6416***
1950,Nao_Atendidos_Dummy0,persistencia,log(pop_total_2010),vizinhos_dens_real_1950,vizinhos_dens_sint_1950,4.258292774618635,1.5019556920562311,2.8351653761429403,0.004686733430576353,76.86206682148165,885,***,+4.2583***
1950,Nao_Atendidos_Dummy0,persistencia,log(pop_total_2000),vizinhos_dens_real_1950,vizinhos_dens_sint_1950,3.4799033023995087,1.4106701067719087,2.4668441513676838,0.013823310203290962,76.86206682148165,885,**,+3.4799**
1951,Nao_Atendidos_Dummy0,contemporaneo,log(pib_1949),vizinhos_dens_real_1951,vizinhos_dens_sint_1951,1.7849948722290532,0.903980274975601,1.9745949349140737,0.04863403958449715,77.33475812935019,877,**,+1.7850**
1951,Nao_Atendidos_Dummy0,contemporaneo,log(pop_total_1950),vizinhos_dens_real_1951,vizinhos_dens_sint_1951,2.026194365283506,0.7068123782899124,2.866665083293751,0.004249617185887467,77.33475812935019,877,***,+2.0262***
1951,Nao_Atendidos_Dummy0,persistencia,log(pib_2010),vizinhos_dens_real_1951,vizinhos_dens_sint_1951,5.146177432339709,1.8504929439080713,2.7809765226510152,0.005538179840102249,77.33475812935019,877,***,+5.1462***
1951,Nao_Atendidos_Dummy0,persistencia,log(pib_2003),vizinhos_dens_real_1951,vizinhos_dens_sint_1951,5.589496191174973,1.8159458689967904,3.078008153548575,0.0021500745296240244,77.33475812935019,877,***,+5.5895***
1951,Nao_Atendidos_Dummy0,persistencia,log(pop_total_2010),vizinhos_dens_real_1951,vizinhos_dens_sint_1951,4.282721507056038,1.4647216474208837,2.9239149394679558,0.0035474290433880327,77.33475812935019,877,***,+4.2827***
1951,Nao_Atendidos_Dummy0,persistencia,log(pop_total_2000),vizinhos_dens_real_1951,vizinhos_dens_sint_1951,3.5262896385896276,1.375553686581311,2.563541992572882,0.01053018109166221,77.33475812935019,877,**,+3.5263**
1953,Nao_Atendidos_Dummy0,contemporaneo,log(pib_1949),vizinhos_dens_real_1953,vizinhos_dens_sint_1953,1.7849948722290532,0.903980274975601,1.9745949349140737,0.04863403958449715,77.33475812935019,877,**,+1.7850**
1953,Nao_Atendidos_Dummy0,contemporaneo,log(pop_total_1950),vizinhos_dens_real_1953,vizinhos_dens_sint_1953,2.026194365283506,0.7068123782899124,2.866665083293751,0.004249617185887467,77.33475812935019,877,***,+2.0262***
1953,Nao_Atendidos_Dummy0,persistencia,log(pib_2010),vizinhos_dens_real_1953,vizinhos_dens_sint_1953,5.146177432339709,1.8504929439080713,2.7809765226510152,0.005538179840102249,77.33475812935019,877,***,+5.1462***
1953,Nao_Atendidos_Dummy0,persistencia,log(pib_2003),vizinhos_dens_real_1953,vizinhos_dens_sint_1953,5.589496191174973,1.8159458689967904,3.078008153548575,0.0021500745296240244,77.33475812935019,877,***,+5.5895***
1953,Nao_Atendidos_Dummy0,persistencia,log(pop_total_2010),vizinhos_dens_real_1953,vizinhos_dens_sint_1953,4.282721507056038,1.4647216474208837,2.9239149394679558,0.0035474290433880327,77.33475812935019,877,***,+4.2827***
1953,Nao_Atendidos_Dummy0,persistencia,log(pop_total_2000),vizinhos_dens_real_1953,vizinhos_dens_sint_1953,3.5262896385896276,1.375553686581311,2.563541992572882,0.01053018109166221,77.33475812935019,877,**,+3.5263**
1955,Nao_Atendidos_Dummy0,contemporaneo,log(pib_1949),vizinhos_dens_real_1955,vizinhos_dens_sint_1955,1.8480310325295233,0.9187460801718709,2.011470930231136,0.044588005772597805,74.74502935253393,876,**,+1.8480**
1955,Nao_Atendidos_Dummy0,contemporaneo,log(pop_total_1950),vizinhos_dens_real_1955,vizinhos_dens_sint_1955,2.077282783096568,0.720749113080101,2.8821163223071595,0.004048728322130711,74.74502935253393,876,***,+2.0773***
1955,Nao_Atendidos_Dummy0,persistencia,log(pib_2010),vizinhos_dens_real_1955,vizinhos_dens_sint_1955,5.225119670670132,1.8848868364464748,2.7721131951459252,0.005689996393922923,74.74502935253393,876,***,+5.2251***
1955,Nao_Atendidos_Dummy0,persistencia,log(pib_2003),vizinhos_dens_real_1955,vizinhos_dens_sint_1955,5.677079738671596,1.8507073824076872,3.0675188269287443,0.002226206484630852,74.74502935253393,876,***,+5.6771***
1955,Nao_Atendidos_Dummy0,persistencia,log(pop_total_2010),vizinhos_dens_real_1955,vizinhos_dens_sint_1955,4.358490178397095,1.4927507211211737,2.919770941476099,0.0035945710820659434,74.74502935253393,876,***,+4.3585***
1955,Nao_Atendidos_Dummy0,persistencia,log(pop_total_2000),vizinhos_dens_real_1955,vizinhos_dens_sint_1955,3.590664663614676,1.4007642724082654,2.5633611124600018,0.010535824525571126,74.74502935253393,876,**,+3.5907**
1956,Nao_Atendidos_Dummy0,contemporaneo,log(pib_1949),vizinhos_dens_real_1956,vizinhos_dens_sint_1956,1.842411037329731,0.9178772323139697,2.007252138376949,0.04503602869723307,74.83574424447589,876,**,+1.8424**
1956,Nao_Atendidos_Dummy0,contemporaneo,log(pop_total_1950),vizinhos_dens_real_1956,vizinhos_dens_sint_1956,2.065518585815122,0.7197004925556088,2.869969670967714,0.004205999229523005,74.83574424447589,876,***,+2.0655***
1956,Nao_Atendidos_Dummy0,persistencia,log(pib_2010),vizinhos_dens_real_1956,vizinhos_dens_sint_1956,5.238193203828316,1.8849782361232768,2.7789144211030243,0.0055732774341460765,74.83574424447589,876,***,+5.2382***
1956,Nao_Atendidos_Dummy0,persistencia,log(pib_2003),vizinhos_dens_real_1956,vizinhos_dens_sint_1956,5.690266529341326,1.8510631149206331,3.0740532202681288,0.002178543317473007,74.83574424447589,876,***,+5.6903***
1956,Nao_Atendidos_Dummy0,persistencia,log(pop_total_2010),vizinhos_dens_real_1956,vizinhos_dens_sint_1956,4.37149869374335,1.4932050412087752,2.9275943846295527,0.003506243803757672,74.83574424447589,876,***,+4.3715***
1956,Nao_Atendidos_Dummy0,persistencia,log(pop_total_2000),vizinhos_dens_real_1956,vizinhos_dens_sint_1956,3.6054122460346645,1.4013781098756963,2.572761926725449,0.010256101751212532,74.83574424447589,876,**,+3.6054**
1957,Nao_Atendidos_Dummy0,contemporaneo,log(pib_1949),vizinhos_dens_real_1957,vizinhos_dens_sint_1957,2.002324291491908,0.9390145933919298,2.1323675963959907,0.033261013679005816,71.95499298168701,873,**,+2.0023**
1957,Nao_Atendidos_Dummy0,contemporaneo,log(pop_total_1950),vizinhos_dens_real_1957,vizinhos_dens_sint_1957,2.1171526848014004,0.7376796734738511,2.8700162969536507,0.004205741166307954,71.95499298168701,873,***,+2.1172***
1957,Nao_Atendidos_Dummy0,persistencia,log(pib_2010),vizinhos_dens_real_1957,vizinhos_dens_sint_1957,5.340819251222425,1.918075884575026,2.784467128841334,0.005480010603972177,71.95499298168701,873,***,+5.3408***
1957,Nao_Atendidos_Dummy0,persistencia,log(pib_2003),vizinhos_dens_real_1957,vizinhos_dens_sint_1957,5.844635879298623,1.8872753677607699,3.096864389340923,0.002019630311820775,71.95499298168701,873,***,+5.8446***
1957,Nao_Atendidos_Dummy0,persistencia,log(pop_total_2010),vizinhos_dens_real_1957,vizinhos_dens_sint_1957,4.471165561082735,1.521546380675134,2.9385667225594587,0.003386008906293875,71.95499298168701,873,***,+4.4712***
1957,Nao_Atendidos_Dummy0,persistencia,log(pop_total_2000),vizinhos_dens_real_1957,vizinhos_dens_sint_1957,3.7205151276766695,1.4295165164478856,2.6026387837207645,0.009411120109493748,71.95499298168701,873,***,+3.7205***
1958,Nao_Atendidos_Dummy0,contemporaneo,log(pib_1949),vizinhos_dens_real_1958,vizinhos_dens_sint_1958,1.9428536578139899,0.8846418615477702,2.19620361895917,0.028350028554941942,80.65610300205772,858,**,+1.9429**
1958,Nao_Atendidos_Dummy0,contemporaneo,log(pop_total_1950),vizinhos_dens_real_1958,vizinhos_dens_sint_1958,1.9657988957262884,0.6880688484359572,2.8569799376831657,0.0043825400948787245,80.65610300205772,858,***,+1.9658***
1958,Nao_Atendidos_Dummy0,persistencia,log(pib_2010),vizinhos_dens_real_1958,vizinhos_dens_sint_1958,4.4060650103715435,1.722495953203121,2.5579537659743745,0.010703454265727746,80.65610300205772,858,**,+4.4061**
1958,Nao_Atendidos_Dummy0,persistencia,log(pib_2003),vizinhos_dens_real_1958,vizinhos_dens_sint_1958,4.879835960120586,1.6870654053861796,2.892499570284035,0.003920633757427468,80.65610300205772,858,***,+4.8798***
1958,Nao_Atendidos_Dummy0,persistencia,log(pop_total_2010),vizinhos_dens_real_1958,vizinhos_dens_sint_1958,3.761587924767505,1.3569516376752788,2.7720869486637225,0.005693049387441388,80.65610300205772,858,***,+3.7616***
1958,Nao_Atendidos_Dummy0,persistencia,log(pop_total_2000),vizinhos_dens_real_1958,vizinhos_dens_sint_1958,3.028059919009214,1.27061068674878,2.383153196009526,0.01738644072996742,80.65610300205772,858,**,+3.0281**
1961,Nao_Atendidos_Dummy0,contemporaneo,log(pib_1959),vizinhos_dens_real_1961,vizinhos_dens_sint_1961,0.15967495839770596,1.505968211553032,0.10602810681710267,0.9155853965948144,80.82761872075262,857,,+0.1597
1961,Nao_Atendidos_Dummy0,contemporaneo,log(pop_total_1960),vizinhos_dens_real_1961,vizinhos_dens_sint_1961,1.2923609301436043,0.9419128076336462,1.3720600459721786,0.17041147800443363,80.82761872075262,857,,+1.2924
1961,Nao_Atendidos_Dummy0,persistencia,log(pib_2010),vizinhos_dens_real_1961,vizinhos_dens_sint_1961,4.39949105295244,1.7187684094307152,2.559676468809213,0.01065117327549821,80.82761872075262,857,**,+4.3995**
1961,Nao_Atendidos_Dummy0,persistencia,log(pib_2003),vizinhos_dens_real_1961,vizinhos_dens_sint_1961,4.872489843401323,1.6833611135715763,2.894500653554598,0.0038960974733281,80.82761872075262,857,***,+4.8725***
1961,Nao_Atendidos_Dummy0,persistencia,log(pop_total_2010),vizinhos_dens_real_1961,vizinhos_dens_sint_1961,3.75613989281347,1.3538158873024637,2.774483538007328,0.005651803885777068,80.82761872075262,857,***,+3.7561***
1961,Nao_Atendidos_Dummy0,persistencia,log(pop_total_2000),vizinhos_dens_real_1961,vizinhos_dens_sint_1961,3.0238827006186426,1.2678345234501684,2.385076794083289,0.017296681773587716,80.82761872075262,857,**,+3.0239**
1962,Nao_Atendidos_Dummy0,contemporaneo,log(pib_1959),vizinhos_dens_real_1962,vizinhos_dens_sint_1962,-0.35344981998659564,1.5274412555488055,-0.23139994333831324,0.8170610047080642,77.51352558667246,850,,-0.3534
1962,Nao_Atendidos_Dummy0,contemporaneo,log(pop_total_1960),vizinhos_dens_real_1962,vizinhos_dens_sint_1962,1.0762175769339883,0.9579656925046608,1.1234406256451113,0.2615744583430349,77.51352558667246,850,,+1.0762
1962,Nao_Atendidos_Dummy0,persistencia,log(pib_2010),vizinhos_dens_real_1962,vizinhos_dens_sint_1962,3.8565671230292566,1.6576806700015914,2.326483738888959,0.020232081391870518,77.51352558667246,850,**,+3.8566**
1962,Nao_Atendidos_Dummy0,persistencia,log(pib_2003),vizinhos_dens_real_1962,vizinhos_dens_sint_1962,4.294650413984048,1.616474685945882,2.656800289743497,0.008039769109600638,77.51352558667246,850,***,+4.2947***
1962,Nao_Atendidos_Dummy0,persistencia,log(pop_total_2010),vizinhos_dens_real_1962,vizinhos_dens_sint_1962,3.4416453609381876,1.3421741976811166,2.5642315035442804,0.010514948249492746,77.51352558667246,850,**,+3.4416**
1962,Nao_Atendidos_Dummy0,persistencia,log(pop_total_2000),vizinhos_dens_real_1962,vizinhos_dens_sint_1962,2.665600168933256,1.2582207751323604,2.1185472546762263,0.034424570553739896,77.51352558667246,850,**,+2.6656**
1966,Nao_Atendidos_Dummy0,contemporaneo,log(pib_1959),vizinhos_dens_real_1966,vizinhos_dens_sint_1966,-0.3434262770771417,1.5265087782742142,-0.22497497686544607,0.8220541167372213,77.38719020501964,848,,-0.3434
1966,Nao_Atendidos_Dummy0,contemporaneo,log(pop_total_1960),vizinhos_dens_real_1966,vizinhos_dens_sint_1966,1.1419986565415732,0.9609917386906397,1.1883542912632705,0.23503376787231642,77.38719020501964,848,,+1.1420
1966,Nao_Atendidos_Dummy0,persistencia,log(pib_2010),vizinhos_dens_real_1966,vizinhos_dens_sint_1966,4.024146945916752,1.6703547647332317,2.409157043090447,0.01620624649198459,77.38719020501964,848,**,+4.0241**
1966,Nao_Atendidos_Dummy0,persistencia,log(pib_2003),vizinhos_dens_real_1966,vizinhos_dens_sint_1966,4.4416126231657165,1.6274115976644543,2.72924970520058,0.006482211747271028,77.38719020501964,848,***,+4.4416***
1966,Nao_Atendidos_Dummy0,persistencia,log(pop_total_2010),vizinhos_dens_real_1966,vizinhos_dens_sint_1966,3.6543822672990642,1.359457851445191,2.688117372240869,0.007329578318779041,77.38719020501964,848,***,+3.6544***
1966,Nao_Atendidos_Dummy0,persistencia,log(pop_total_2000),vizinhos_dens_real_1966,vizinhos_dens_sint_1966,2.8686606648294832,1.2716764176715298,2.255810224177995,0.02434211407104597,77.38719020501964,848,**,+2.8687**
1969,Nao_Atendidos_Dummy0,contemporaneo,log(pib_1959),vizinhos_dens_real_1969,vizinhos_dens_sint_1969,-0.28661247441912086,1.5473057388667777,-0.1852332523687473,0.8530914517765967,75.25348772064461,846,,-0.2866
1969,Nao_Atendidos_Dummy0,contemporaneo,log(pop_total_1960),vizinhos_dens_real_1969,vizinhos_dens_sint_1969,1.1592948808339352,0.9738895455406117,1.1903761429027395,0.23423975646035305,75.25348772064461,846,,+1.1593
1969,Nao_Atendidos_Dummy0,persistencia,log(pib_2010),vizinhos_dens_real_1969,vizinhos_dens_sint_1969,4.2394732728093825,1.703407422776833,2.4888193019015654,0.013012247637778846,75.25348772064461,846,**,+4.2395**
1969,Nao_Atendidos_Dummy0,persistencia,log(pib_2003),vizinhos_dens_real_1969,vizinhos_dens_sint_1969,4.645784115467347,1.6613477843349818,2.7963946858526074,0.00528736366684573,75.25348772064461,846,***,+4.6458***
1969,Nao_Atendidos_Dummy0,persistencia,log(pop_total_2010),vizinhos_dens_real_1969,vizinhos_dens_sint_1969,3.8236679941099148,1.3849108069856422,2.7609489180262825,0.005890866980793665,75.25348772064461,846,***,+3.8237***
1969,Nao_Atendidos_Dummy0,persistencia,log(pop_total_2000),vizinhos_dens_real_1969,vizinhos_dens_sint_1969,3.0125056887851294,1.291664444026122,2.3322664819936825,0.019925536148729207,75.25348772064461,846,**,+3.0125**
1972,Nao_Atendidos_Dummy0,contemporaneo,log(pib_1970),vizinhos_dens_real_1972,vizinhos_dens_sint_1972,1.5134984365436945,1.4487651787608369,1.0446816770114709,0.2964761135181733,75.64167751839916,845,,+1.5135
1972,Nao_Atendidos_Dummy0,contemporaneo,log(pop_total_1970),vizinhos_dens_real_1972,vizinhos_dens_sint_1972,0.8317342343311784,1.070493120538212,0.7769636426182798,0.4374023969898754,76.505210865569,845,,+0.8317
1972,Nao_Atendidos_Dummy0,persistencia,log(pib_2010),vizinhos_dens_real_1972,vizinhos_dens_sint_1972,4.260413313089703,1.6855688696306173,2.5275818685612936,0.011670340371128048,76.505210865569,845,**,+4.2604**
1972,Nao_Atendidos_Dummy0,persistencia,log(pib_2003),vizinhos_dens_real_1972,vizinhos_dens_sint_1972,4.651850561137108,1.642260436386223,2.83259004361906,0.004729507068055832,76.505210865569,845,***,+4.6519***
1972,Nao_Atendidos_Dummy0,persistencia,log(pop_total_2010),vizinhos_dens_real_1972,vizinhos_dens_sint_1972,3.860721041172171,1.372797063592275,2.8123028112178545,0.005035308947084918,76.505210865569,845,***,+3.8607***
1972,Nao_Atendidos_Dummy0,persistencia,log(pop_total_2000),vizinhos_dens_real_1972,vizinhos_dens_sint_1972,3.060663856315562,1.281184845670644,2.3889322970515146,0.01712067873279458,76.505210865569,845,**,+3.0607**
1985,Nao_Atendidos_Dummy0,contemporaneo,log(pib_1985),vizinhos_dens_real_1985,vizinhos_dens_sint_1985,1.9151165371722436,1.4981569016540655,1.27831506503613,0.2015018368641285,74.58442554106104,836,,+1.9151
1985,Nao_Atendidos_Dummy0,contemporaneo,log(pop_total_1991),vizinhos_dens_real_1985,vizinhos_dens_sint_1985,2.6875599679319997,1.2221287214389962,2.1990809321357987,0.028151374641036328,74.76489808849554,836,**,+2.6876**
1985,Nao_Atendidos_Dummy0,persistencia,log(pib_2010),vizinhos_dens_real_1985,vizinhos_dens_sint_1985,4.555187765349151,1.7108033081930303,2.6626016816394817,0.007906230039118054,74.76489808849554,836,***,+4.5552***
1985,Nao_Atendidos_Dummy0,persistencia,log(pib_2003),vizinhos_dens_real_1985,vizinhos_dens_sint_1985,4.9747455947135455,1.6712235788812668,2.976708596969227,0.002999510566418926,74.76489808849554,836,***,+4.9747***
1985,Nao_Atendidos_Dummy0,persistencia,log(pop_total_2010),vizinhos_dens_real_1985,vizinhos_dens_sint_1985,4.245926041735986,1.4105546167706484,3.010111052244608,0.0026917525959024675,74.76489808849554,836,***,+4.2459***
1985,Nao_Atendidos_Dummy0,persistencia,log(pop_total_2000),vizinhos_dens_real_1985,vizinhos_dens_sint_1985,3.4318642496625804,1.3120288630250432,2.6156926469971076,0.009068770676486641,74.76489808849554,836,***,+3.4319***
1996,Nao_Atendidos_Dummy0,contemporaneo,log(pib_1996),vizinhos_dens_real_1996,vizinhos_dens_sint_1996,2.2751402191550674,1.5245247668240298,1.4923602873928765,0.13599169990081214,74.70106063265057,833,,+2.2751
1996,Nao_Atendidos_Dummy0,contemporaneo,log(pop_total_1996),vizinhos_dens_real_1996,vizinhos_dens_sint_1996,3.1878986192879855,1.276403376738692,2.4975636051929837,0.01270116216910728,74.70106063265057,833,**,+3.1879**
1996,Nao_Atendidos_Dummy0,persistencia,log(pib_2010),vizinhos_dens_real_1996,vizinhos_dens_sint_1996,4.585044187773507,1.7110691222483099,2.6796370340368556,0.007518892711374079,74.70106063265057,833,***,+4.5850***
1996,Nao_Atendidos_Dummy0,persistencia,log(pib_2003),vizinhos_dens_real_1996,vizinhos_dens_sint_1996,5.00490648269359,1.672074647811906,2.9932314859525335,0.002843774134431233,74.70106063265057,833,***,+5.0049***
1996,Nao_Atendidos_Dummy0,persistencia,log(pop_total_2010),vizinhos_dens_real_1996,vizinhos_dens_sint_1996,4.261544569814608,1.409834608780885,3.0227265973415554,0.0025835335272605493,74.70106063265057,833,***,+4.2615***
1996,Nao_Atendidos_Dummy0,persistencia,log(pop_total_2000),vizinhos_dens_real_1996,vizinhos_dens_sint_1996,3.445558997395474,1.3110850016627325,2.6280210612018124,0.008749879913963508,74.70106063265057,833,***,+3.4456***
2003,Nao_Atendidos_Dummy0,contemporaneo,log(pib_2003),vizinhos_dens_real_2003,vizinhos_dens_sint_2003,5.0204011021636505,1.674184279231981,2.9987147558611174,0.002793752309734528,74.6362306135305,832,***,+5.0204***
2003,Nao_Atendidos_Dummy0,contemporaneo,log(pop_total_2000),vizinhos_dens_real_2003,vizinhos_dens_sint_2003,3.454577322301301,1.3118796043480458,2.6333036285125373,0.008616288473651814,74.6362306135305,832,***,+3.4546***
2003,Nao_Atendidos_Dummy0,persistencia,log(pib_2010),vizinhos_dens_real_2003,vizinhos_dens_sint_2003,4.604162519438277,1.7136902769249196,2.686694662059984,0.007363441476024837,74.6362306135305,832,***,+4.6042***
2003,Nao_Atendidos_Dummy0,persistencia,log(pib_2003),vizinhos_dens_real_2003,vizinhos_dens_sint_2003,5.0204011021636505,1.674184279231981,2.9987147558611174,0.002793752309734528,74.6362306135305,832,***,+5.0204***
2003,Nao_Atendidos_Dummy0,persistencia,log(pop_total_2010),vizinhos_dens_real_2003,vizinhos_dens_sint_2003,4.2713037850856175,1.4109904912546734,3.027166952264513,0.0025463982436844733,74.6362306135305,832,***,+4.2713***
2003,Nao_Atendidos_Dummy0,persistencia,log(pop_total_2000),vizinhos_dens_real_2003,vizinhos_dens_sint_2003,3.454577322301301,1.3118796043480458,2.6333036285125373,0.008616288473651814,74.6362306135305,832,***,+3.4546***
