code_amc,area_km2,comprimento_sintetico_km,densidade_sintetica,comprimento_real_1858,comprimento_real_1860,comprimento_real_1862,comprimento_real_1863,comprimento_real_1873,comprimento_real_1875,comprimento_real_1876,comprimento_real_1880,comprimento_real_1881,comprimento_real_1882,comprimento_real_1883,comprimento_real_1884,comprimento_real_1885,comprimento_real_1886,comprimento_real_1887,comprimento_real_1888,comprimento_real_1891,comprimento_real_1892,comprimento_real_1894,comprimento_real_1895,comprimento_real_1896,comprimento_real_1900,comprimento_real_1901,comprimento_real_1902,comprimento_real_1904,comprimento_real_1905,comprimento_real_1906,comprimento_real_1907,comprimento_real_1908,comprimento_real_1910,comprimento_real_1911,comprimento_real_1912,comprimento_real_1913,comprimento_real_1914,comprimento_real_1915,comprimento_real_1916,comprimento_real_1917,comprimento_real_1918,comprimento_real_1919,comprimento_real_1920,comprimento_real_1921,comprimento_real_1922,comprimento_real_1923,comprimento_real_1924,comprimento_real_1925,comprimento_real_1926,comprimento_real_1927,comprimento_real_1929,comprimento_real_1931,comprimento_real_1932,comprimento_real_1933,comprimento_real_1934,comprimento_real_1936,comprimento_real_1937,comprimento_real_1940,comprimento_real_1941,comprimento_real_1944,comprimento_real_1947,comprimento_real_1948,comprimento_real_1949,comprimento_real_1950,comprimento_real_1951,comprimento_real_1953,comprimento_real_1955,comprimento_real_1956,comprimento_real_1957,comprimento_real_1958,comprimento_real_1961,comprimento_real_1962,comprimento_real_1966,comprimento_real_1969,comprimento_real_1972,comprimento_real_1985,comprimento_real_1996,comprimento_real_2003,densidade_real_1858,densidade_real_1860,densidade_real_1862,densidade_real_1863,densidade_real_1873,densidade_real_1875,densidade_real_1876,densidade_real_1880,densidade_real_1881,densidade_real_1882,densidade_real_1883,densidade_real_1884,densidade_real_1885,densidade_real_1886,densidade_real_1887,densidade_real_1888,densidade_real_1891,densidade_real_1892,densidade_real_1894,densidade_real_1895,densidade_real_1896,densidade_real_1900,densidade_real_1901,densidade_real_1902,densidade_real_1904,densidade_real_1905,densidade_real_1906,densidade_real_1907,densidade_real_1908,densidade_real_1910,densidade_real_1911,densidade_real_1912,densidade_real_1913,densidade_real_1914,densidade_real_1915,densidade_real_1916,densidade_real_1917,densidade_real_1918,densidade_real_1919,densidade_real_1920,densidade_real_1921,densidade_real_1922,densidade_real_1923,densidade_real_1924,densidade_real_1925,densidade_real_1926,densidade_real_1927,densidade_real_1929,densidade_real_1931,densidade_real_1932,densidade_real_1933,densidade_real_1934,densidade_real_1936,densidade_real_1937,densidade_real_1940,densidade_real_1941,densidade_real_1944,densidade_real_1947,densidade_real_1948,densidade_real_1949,densidade_real_1950,densidade_real_1951,densidade_real_1953,densidade_real_1955,densidade_real_1956,densidade_real_1957,densidade_real_1958,densidade_real_1961,densidade_real_1962,densidade_real_1966,densidade_real_1969,densidade_real_1972,densidade_real_1985,densidade_real_1996,densidade_real_2003
3001,30178.028608364704,737.2198869318111,24.42902737283076,0,0,0,0,0,0,0,0,0,0,0,0,0,0,0,0,0,0,0,0,0,0,0,0,0,0,0,0,0,0,0,0,0,0,0,0,0,0,0,0,0,0,0,0,0,0,0,0,0,0,0,0,0,0,0,0,0,0,0,0,0,0,0,0,0,0,0,0,0,0,0,0,255.70512788406756,358.01210738655044,358.01210738655044,0,0,0,0,0,0,0,0,0,0,0,0,0,0,0,0,0,0,0,0,0,0,0,0,0,0,0,0,0,0,0,0,0,0,0,0,0,0,0,0,0,0,0,0,0,0,0,0,0,0,0,0,0,0,0,0,0,0,0,0,0,0,0,0,0,0,0,0,0,0,0,0,8.473221733681822,11.863336470140304,11.863336470140304
3002,373.2582773469803,25.211559447474052,67.54454215100345,0,0,0,0,0,0,0,0,0,0,0,0,0,0,0,0,0,0,0,0,0,0,0,0,0,0,0,0,0,0,0,0,0,0,0,0,0,0,0,0,0,0,0,0,0,0,0,0,0,0,0,0,0,0,0,0,0,0,0,0,0,0,0,0,0,0,0,0,0,0,0,0,0,0,0,0,0,0,0,0,0,0,0,0,0,0,0,0,0,0,0,0,0,0,0,0,0,0,0,0,0,0,0,0,0,0,0,0,0,0,0,0,0,0,0,0,0,0,0,0,0,0,0,0,0,0,0,0,0,0,0,0,0,0,0,0,0,0,0,0,0,0,0,0,0,0,0,0,0,0
3003,2230.910170549793,0,0,0,0,0,0,0,0,0,0,0,0,0,0,0,0,0,0,0,0,0,0,0,0,0,0,0,0,0,0,0,0,0,0,0,0,0,0,0,0,0,0,0,0,0,0,0,0,0,0,0,0,0,0,0,0,0,0,0,0,0,0,0,0,0,0,0,0,0,0,0,0,0,0,0,0,0,0,0,0,0,0,0,0,0,0,0,0,0,0,0,0,0,0,0,0,0,0,0,0,0,0,0,0,0,0,0,0,0,0,0,0,0,0,0,0,0,0,0,0,0,0,0,0,0,0,0,0,0,0,0,0,0,0,0,0,0,0,0,0,0,0,0,0,0,0,0,0,0,0,0,0
3004,1499.8585012291417,28.756823625371766,19.17302438983771,0,0,0,0,0,0,0,0,0,0,0,0,0,0,0,0,0,0,0,0,0,0,0,0,0,0,0,0,0,0,0,0,0,0,0,0,0,0,0,0,0,0,0,0,0,0,0,0,0,0,0,0,0,0,0,0,0,0,0,0,0,0,0,0,0,0,0,0,0,0,0,0,0,0,0,0,0,0,0,0,0,0,0,0,0,0,0,0,0,0,0,0,0,0,0,0,0,0,0,0,0,0,0,0,0,0,0,0,0,0,0,0,0,0,0,0,0,0,0,0,0,0,0,0,0,0,0,0,0,0,0,0,0,0,0,0,0,0,0,0,0,0,0,0,0,0,0,0,0,0
3005,1950.2443830545894,40.83009687715118,20.935887436425087,0,0,0,0,0,0,0,0,0,0,0,0,0,0,0,0,0,0,0,0,0,0,0,0,0,0,0,0,0,0,0,0,0,0,0,0,0,0,0,0,0,0,0,0,0,0,0,0,0,0,0,0,0,0,0,0,0,0,0,0,0,0,0,0,0,0,0,0,0,0,0,0,0,0,0,0,0,0,0,0,0,0,0,0,0,0,0,0,0,0,0,0,0,0,0,0,0,0,0,0,0,0,0,0,0,0,0,0,0,0,0,0,0,0,0,0,0,0,0,0,0,0,0,0,0,0,0,0,0,0,0,0,0,0,0,0,0,0,0,0,0,0,0,0,0,0,0,0,0,0
3006,730.7344170017416,0,0,0,0,0,0,0,0,0,0,0,0,0,0,0,0,0,0,0,0,0,0,0,0,0,0,0,0,0,0,0,0,0,0,0,0,0,0,0,0,0,0,0,0,0,0,0,0,0,0,0,0,0,0,0,0,0,0,0,0,0,0,0,0,0,0,0,0,0,0,0,0,0,0,0,0,0,0,0,0,0,0,0,0,0,0,0,0,0,0,0,0,0,0,0,0,0,0,0,0,0,0,0,0,0,0,0,0,0,0,0,0,0,0,0,0,0,0,0,0,0,0,0,0,0,0,0,0,0,0,0,0,0,0,0,0,0,0,0,0,0,0,0,0,0,0,0,0,0,0,0,0
3007,15081.88035401608,0,0,0,0,0,0,0,0,0,0,0,0,0,0,0,0,0,0,0,0,0,0,0,0,0,0,0,0,0,0,0,0,0,0,0,0,0,0,0,0,0,0,150.64311270068666,150.64311270068666,150.64311270068666,150.64311270068666,150.64311270068666,150.64311270068666,150.64311270068666,150.64311270068666,150.64311270068666,150.64311270068666,150.64311270068666,150.64311270068666,150.64311270068666,150.64311270068666,150.64311270068666,150.64311270068666,150.64311270068666,150.64311270068666,150.64311270068666,150.64311270068666,150.64311270068666,150.64311270068666,150.64311270068666,150.64311270068666,150.64311270068666,150.64311270068666,150.64311270068666,150.64311270068666,150.64311270068666,150.64311270068666,150.64311270068666,150.64311270068666,150.64311270068666,150.64311270068666,150.64311270068666,0,0,0,0,0,0,0,0,0,0,0,0,0,0,0,0,0,0,0,0,0,0,0,0,0,0,0,0,0,0,0,0,0,0,0,0,0,0,0,0,9.988350866380705,9.988350866380705,9.988350866380705,9.988350866380705,9.988350866380705,9.988350866380705,9.988350866380705,9.988350866380705,9.988350866380705,9.988350866380705,9.988350866380705,9.988350866380705,9.988350866380705,9.988350866380705,9.988350866380705,9.988350866380705,9.988350866380705,9.988350866380705,9.988350866380705,9.988350866380705,9.988350866380705,9.988350866380705,9.988350866380705,9.988350866380705,9.988350866380705,9.988350866380705,9.988350866380705,9.988350866380705,9.988350866380705,9.988350866380705,9.988350866380705,9.988350866380705,9.988350866380705,9.988350866380705,9.988350866380705
3008,16259.365407518051,1091.4593120740765,67.12803880829227,0,0,0,0,0,0,0,0,0,0,0,0,0,0,0,0,0,0,0,0,0,0,0,0,0,0,0,0,0,0,0,0,0,0,0,0,0,0,0,0,0,0,0,0,0,0,0,0,0,0,0,0,0,0,0,0,0,0,0,0,0,0,0,0,0,0,0,0,0,0,0,0,202.49506725154544,202.49506725154544,202.49506725154544,0,0,0,0,0,0,0,0,0,0,0,0,0,0,0,0,0,0,0,0,0,0,0,0,0,0,0,0,0,0,0,0,0,0,0,0,0,0,0,0,0,0,0,0,0,0,0,0,0,0,0,0,0,0,0,0,0,0,0,0,0,0,0,0,0,0,0,0,0,0,0,0,12.454057226484078,12.454057226484078,12.454057226484078
3009,11298.292733249404,0,0,0,0,0,0,0,0,0,0,0,0,0,0,0,0,0,0,0,0,0,0,0,0,0,0,0,0,0,0,0,0,0,0,0,0,0,0,0,0,0,0,0,0,0,0,0,0,0,0,0,0,0,0,0,0,0,0,0,0,0,0,0,0,0,0,0,0,0,0,0,0,0,0,0,0,0,0,0,0,0,0,0,0,0,0,0,0,0,0,0,0,0,0,0,0,0,0,0,0,0,0,0,0,0,0,0,0,0,0,0,0,0,0,0,0,0,0,0,0,0,0,0,0,0,0,0,0,0,0,0,0,0,0,0,0,0,0,0,0,0,0,0,0,0,0,0,0,0,0,0,0
3010,7563.645163260071,98.58263064707921,13.033746099822096,0,0,0,0,0,0,0,0,0,0,0,0,0,0,0,0,0,0,0,0,0,0,0,0,0,0,0,0,0,0,0,0,0,0,0,0,0,0,0,0,0,0,0,0,0,0,0,0,0,0,0,0,0,0,0,0,0,0,0,0,0,0,0,0,0,0,0,0,0,0,0,0,0,0,0,0,0,0,0,0,0,0,0,0,0,0,0,0,0,0,0,0,0,0,0,0,0,0,0,0,0,0,0,0,0,0,0,0,0,0,0,0,0,0,0,0,0,0,0,0,0,0,0,0,0,0,0,0,0,0,0,0,0,0,0,0,0,0,0,0,0,0,0,0,0,0,0,0,0,0
3011,1019.9021343987733,31.52717353332441,30.91195955963903,0,0,0,0,0,0,0,0,0,0,0,0,0,0,0,0,0,0,0,0,0,0,0,0,0,0,0,0,0,0,0,0,0,0,0,0,0,0,0,0,0,0,0,0,0,0,0,0,0,0,0,0,0,0,0,0,0,0,0,0,0,0,0,0,0,0,0,0,0,0,0,0,20.668361792962084,20.668361792962084,20.668361792962084,0,0,0,0,0,0,0,0,0,0,0,0,0,0,0,0,0,0,0,0,0,0,0,0,0,0,0,0,0,0,0,0,0,0,0,0,0,0,0,0,0,0,0,0,0,0,0,0,0,0,0,0,0,0,0,0,0,0,0,0,0,0,0,0,0,0,0,0,0,0,0,0,20.265044160483075,20.265044160483075,20.265044160483075
3012,610.2056740685798,5.848279608302786,9.584112139287496,0,0,0,0,0,0,0,0,0,0,0,0,0,0,0,0,0,0,0,0,0,0,0,0,0,0,0,0,0,0,0,0,0,0,0,0,0,0,0,0,0,0,0,0,0,0,0,0,0,0,0,0,0,0,0,0,0,0,0,0,0,0,0,0,0,0,0,0,0,0,0,0,0,0,0,0,0,0,0,0,0,0,0,0,0,0,0,0,0,0,0,0,0,0,0,0,0,0,0,0,0,0,0,0,0,0,0,0,0,0,0,0,0,0,0,0,0,0,0,0,0,0,0,0,0,0,0,0,0,0,0,0,0,0,0,0,0,0,0,0,0,0,0,0,0,0,0,0,0,0
3013,1152.405625248892,0,0,0,0,0,0,0,0,0,0,0,0,0,0,0,0,0,0,0,0,0,0,0,0,0,0,0,0,0,0,0,0,0,0,0,0,0,0,0,0,0,0,0,0,0,0,0,0,0,0,0,0,0,0,0,0,0,0,0,0,0,0,0,0,0,0,0,0,0,0,0,0,0,0,0,0,0,0,0,0,0,0,0,0,0,0,0,0,0,0,0,0,0,0,0,0,0,0,0,0,0,0,0,0,0,0,0,0,0,0,0,0,0,0,0,0,0,0,0,0,0,0,0,0,0,0,0,0,0,0,0,0,0,0,0,0,0,0,0,0,0,0,0,0,0,0,0,0,0,0,0,0
3014,5759.597520798779,406.3688662116952,70.55508041043417,0,0,0,0,0,0,0,0,0,0,0,0,0,0,0,0,0,0,0,0,0,0,0,0,0,0,0,0,0,0,0,0,0,0,0,0,0,0,0,0,0,0,0,0,0,0,0,0,0,0,0,0,0,0,0,0,0,0,0,0,0,0,0,0,0,0,0,0,0,0,0,0,12.35702531682989,12.35702531682989,12.35702531682989,0,0,0,0,0,0,0,0,0,0,0,0,0,0,0,0,0,0,0,0,0,0,0,0,0,0,0,0,0,0,0,0,0,0,0,0,0,0,0,0,0,0,0,0,0,0,0,0,0,0,0,0,0,0,0,0,0,0,0,0,0,0,0,0,0,0,0,0,0,0,0,0,2.145466809478753,2.145466809478753,2.145466809478753
3015,31669.246633695726,0,0,0,0,0,0,0,0,0,0,0,0,0,0,0,0,0,0,0,0,0,0,0,0,0,0,0,0,0,0,0,0,0,0,0,0,0,0,0,0,0,0,0,0,0,0,0,0,0,0,0,0,0,0,0,0,0,0,0,0,0,0,0,0,0,0,0,0,0,0,0,0,0,0,0,0,0,0,0,0,0,0,0,0,0,0,0,0,0,0,0,0,0,0,0,0,0,0,0,0,0,0,0,0,0,0,0,0,0,0,0,0,0,0,0,0,0,0,0,0,0,0,0,0,0,0,0,0,0,0,0,0,0,0,0,0,0,0,0,0,0,0,0,0,0,0,0,0,0,0,0,0
3016,1110.5934661828203,0,0,0,0,0,0,0,0,0,0,0,0,0,0,0,0,0,0,0,0,0,0,0,0,0,0,0,0,0,0,0,0,0,0,0,0,0,0,0,0,0,0,0,0,0,0,0,0,0,0,0,0,0,0,0,0,0,0,0,0,0,0,0,0,0,0,0,0,0,0,0,0,0,0,26.62093065465896,26.62093065465896,26.62093065465896,0,0,0,0,0,0,0,0,0,0,0,0,0,0,0,0,0,0,0,0,0,0,0,0,0,0,0,0,0,0,0,0,0,0,0,0,0,0,0,0,0,0,0,0,0,0,0,0,0,0,0,0,0,0,0,0,0,0,0,0,0,0,0,0,0,0,0,0,0,0,0,0,23.970004745441887,23.970004745441887,23.970004745441887
3017,204.5753965947837,0,0,0,0,0,0,0,0,0,0,0,0,0,0,0,0,0,0,0,0,0,0,0,0,0,0,0,0,0,0,0,0,0,0,0,0,0,0,0,0,0,0,0,0,0,0,0,0,0,0,0,0,0,0,0,0,0,0,0,0,0,0,0,0,0,0,0,0,0,0,0,0,0,0,0,0,0,0,0,0,0,0,0,0,0,0,0,0,0,0,0,0,0,0,0,0,0,0,0,0,0,0,0,0,0,0,0,0,0,0,0,0,0,0,0,0,0,0,0,0,0,0,0,0,0,0,0,0,0,0,0,0,0,0,0,0,0,0,0,0,0,0,0,0,0,0,0,0,0,0,0,0
3018,1311.3156653057533,41.634675590377185,31.75030749035506,0,0,0,0,0,0,0,0,0,0,0,0,0,0,0,0,0,0,0,0,0,0,0,0,0,0,0,0,0,0,0,0,0,0,0,0,0,0,38.64282002153099,51.37860857803374,51.37860857803374,51.37860857803374,51.37860857803374,51.37860857803374,51.37860857803374,51.37860857803374,51.37860857803374,51.37860857803374,51.37860857803374,51.37860857803374,51.37860857803374,51.37860857803374,51.37860857803374,51.37860857803374,51.37860857803374,51.37860857803374,51.37860857803374,51.37860857803374,51.37860857803374,51.37860857803374,51.37860857803374,51.37860857803374,51.37860857803374,51.37860857803374,51.37860857803374,51.37860857803374,51.37860857803374,51.37860857803374,51.37860857803374,51.37860857803374,51.37860857803374,51.37860857803374,91.6240197615482,91.6240197615482,91.6240197615482,0,0,0,0,0,0,0,0,0,0,0,0,0,0,0,0,0,0,0,0,0,0,0,0,0,0,0,0,0,0,0,0,0,0,0,0,0,0,29.468739712280353,39.18096148577165,39.18096148577165,39.18096148577165,39.18096148577165,39.18096148577165,39.18096148577165,39.18096148577165,39.18096148577165,39.18096148577165,39.18096148577165,39.18096148577165,39.18096148577165,39.18096148577165,39.18096148577165,39.18096148577165,39.18096148577165,39.18096148577165,39.18096148577165,39.18096148577165,39.18096148577165,39.18096148577165,39.18096148577165,39.18096148577165,39.18096148577165,39.18096148577165,39.18096148577165,39.18096148577165,39.18096148577165,39.18096148577165,39.18096148577165,39.18096148577165,39.18096148577165,39.18096148577165,69.87182582020375,69.87182582020375,69.87182582020375
3019,1596.3201518216667,413.69043359990593,259.1525472680504,0,0,0,0,0,0,0,0,0,0,0,0,0,0,0,0,0,0,0,0,0,0,0,0,0,0,0,0,0,0,0,0,0,0,0,0,0,0,0,0,0,0,0,0,0,0,0,0,0,0,0,0,0,0,0,0,0,0,0,0,0,0,0,0,0,0,0,0,0,0,0,0,0,0,0,0,0,0,0,0,0,0,0,0,0,0,0,0,0,0,0,0,0,0,0,0,0,0,0,0,0,0,0,0,0,0,0,0,0,0,0,0,0,0,0,0,0,0,0,0,0,0,0,0,0,0,0,0,0,0,0,0,0,0,0,0,0,0,0,0,0,0,0,0,0,0,0,0,0,0
3020,13347.47591591541,0,0,0,0,0,0,0,0,0,0,0,0,0,0,0,0,0,0,0,0,0,0,0,0,0,0,0,0,0,0,0,0,0,0,0,0,0,0,0,0,0,0,0,0,0,0,0,0,0,0,0,0,0,0,0,0,0,0,0,0,0,0,0,0,0,0,0,0,0,0,0,0,0,0,0,0,0,0,0,0,0,0,0,0,0,0,0,0,0,0,0,0,0,0,0,0,0,0,0,0,0,0,0,0,0,0,0,0,0,0,0,0,0,0,0,0,0,0,0,0,0,0,0,0,0,0,0,0,0,0,0,0,0,0,0,0,0,0,0,0,0,0,0,0,0,0,0,0,0,0,0,0
3021,2257.123984413485,0,0,0,0,0,0,0,0,0,0,0,0,0,0,0,0,0,0,0,0,0,0,0,0,0,0,0,0,0,0,0,0,0,0,0,0,0,0,0,0,0,0,0,0,0,0,0,0,0,0,0,0,0,0,0,0,0,0,0,0,0,0,0,0,0,0,0,0,0,0,0,0,0,0,0,0,0,0,0,0,0,0,0,0,0,0,0,0,0,0,0,0,0,0,0,0,0,0,0,0,0,0,0,0,0,0,0,0,0,0,0,0,0,0,0,0,0,0,0,0,0,0,0,0,0,0,0,0,0,0,0,0,0,0,0,0,0,0,0,0,0,0,0,0,0,0,0,0,0,0,0,0
3022,5762.838366749634,0,0,0,0,0,0,0,0,0,0,0,0,0,0,0,0,0,0,0,0,0,0,0,0,0,0,0,0,0,0,0,0,0,0,0,0,0,0,0,0,0,0,0,0,0,0,0,0,0,0,0,0,0,0,0,0,0,0,0,0,0,0,0,0,0,0,0,0,0,0,0,0,0,0,0,0,0,0,0,0,0,0,0,0,0,0,0,0,0,0,0,0,0,0,0,0,0,0,0,0,0,0,0,0,0,0,0,0,0,0,0,0,0,0,0,0,0,0,0,0,0,0,0,0,0,0,0,0,0,0,0,0,0,0,0,0,0,0,0,0,0,0,0,0,0,0,0,0,0,0,0,0
3023,1716.3070806912447,85.4006633631691,49.758382007474964,0,0,0,0,0,0,0,0,0,0,0,0,0,0,0,0,0,0,0,0,0,0,0,0,0,0,0,0,0,0,0,0,0,0,0,0,0,0,0,0,0,0,0,0,0,0,0,0,0,0,0,0,0,0,0,0,0,0,0,0,0,0,0,0,0,0,0,0,0,0,0,0,0,0,0,0,0,0,0,0,0,0,0,0,0,0,0,0,0,0,0,0,0,0,0,0,0,0,0,0,0,0,0,0,0,0,0,0,0,0,0,0,0,0,0,0,0,0,0,0,0,0,0,0,0,0,0,0,0,0,0,0,0,0,0,0,0,0,0,0,0,0,0,0,0,0,0,0,0,0
3024,2724.430200062691,0,0,0,0,0,0,0,0,0,0,0,0,0,0,0,0,0,0,0,0,0,0,0,0,0,0,0,0,0,0,0,0,0,0,0,0,0,0,0,0,0,0,0,0,0,0,0,0,0,0,0,0,0,0,0,0,0,0,0,0,0,0,0,0,0,0,0,0,0,0,0,0,0,0,48.06579699681832,48.06579699681832,48.06579699681832,0,0,0,0,0,0,0,0,0,0,0,0,0,0,0,0,0,0,0,0,0,0,0,0,0,0,0,0,0,0,0,0,0,0,0,0,0,0,0,0,0,0,0,0,0,0,0,0,0,0,0,0,0,0,0,0,0,0,0,0,0,0,0,0,0,0,0,0,0,0,0,0,17.642513651372788,17.642513651372788,17.642513651372788
3025,7547.256291248404,0,0,0,0,0,0,0,0,0,0,0,0,0,0,0,0,0,0,0,0,0,0,0,0,0,0,0,0,0,0,0,0,0,0,0,0,0,0,0,0,0,0,0,0,0,0,0,0,0,0,0,0,0,0,0,0,0,0,0,0,0,0,0,0,0,0,0,0,0,0,0,0,0,0,0,0,0,0,0,0,0,0,0,0,0,0,0,0,0,0,0,0,0,0,0,0,0,0,0,0,0,0,0,0,0,0,0,0,0,0,0,0,0,0,0,0,0,0,0,0,0,0,0,0,0,0,0,0,0,0,0,0,0,0,0,0,0,0,0,0,0,0,0,0,0,0,0,0,0,0,0,0
3026,776.5277689708278,0,0,0,0,0,0,0,0,0,0,0,0,0,0,0,0,0,0,0,0,0,0,0,0,0,0,0,0,0,0,0,0,0,0,0,0,0,0,0,0,0,0,0,0,0,0,0,0,0,0,0,0,0,0,0,0,0,0,0,0,0,0,0,0,0,0,0,0,0,0,0,0,0,0,0,0,0,0,0,0,0,0,0,0,0,0,0,0,0,0,0,0,0,0,0,0,0,0,0,0,0,0,0,0,0,0,0,0,0,0,0,0,0,0,0,0,0,0,0,0,0,0,0,0,0,0,0,0,0,0,0,0,0,0,0,0,0,0,0,0,0,0,0,0,0,0,0,0,0,0,0,0
3027,1796.6832303640765,0,0,0,0,0,0,0,0,0,0,0,0,0,0,0,0,0,0,0,0,0,0,0,0,0,0,0,0,0,0,0,0,0,0,0,0,0,0,0,0,0,0,0,0,0,0,0,0,0,0,0,0,0,0,0,0,0,0,0,0,0,0,0,0,0,0,0,0,0,0,0,0,0,0,0,0,0,0,0,0,0,0,0,0,0,0,0,0,0,0,0,0,0,0,0,0,0,0,0,0,0,0,0,0,0,0,0,0,0,0,0,0,0,0,0,0,0,0,0,0,0,0,0,0,0,0,0,0,0,0,0,0,0,0,0,0,0,0,0,0,0,0,0,0,0,0,0,0,0,0,0,0
3028,7322.345775746616,757.8999628428371,103.5050769322019,0,0,0,0,0,0,0,0,0,0,0,0,0,0,0,0,0,0,0,0,0,0,0,0,0,0,0,0,0,0,0,0,0,0,0,0,0,0,0,0,0,0,0,0,0,0,0,0,0,0,0,0,0,0,0,0,0,0,0,0,0,0,0,0,0,0,0,0,0,0,0,0,1.333477436280944,1.333477436280944,1.333477436280944,0,0,0,0,0,0,0,0,0,0,0,0,0,0,0,0,0,0,0,0,0,0,0,0,0,0,0,0,0,0,0,0,0,0,0,0,0,0,0,0,0,0,0,0,0,0,0,0,0,0,0,0,0,0,0,0,0,0,0,0,0,0,0,0,0,0,0,0,0,0,0,0,0.1821106892681502,0.1821106892681502,0.1821106892681502
3029,3642.961715860375,85.20584619250711,23.389168714440814,0,0,0,0,0,0,0,0,0,0,0,0,0,0,0,0,0,0,0,0,0,0,0,0,0,0,0,0,0,0,0,0,0,0,0,0,0,0,0,0,0,0,0,0,0,0,0,0,0,0,0,0,0,0,0,0,0,0,0,0,0,0,0,0,0,0,0,0,0,0,0,0,0,0,0,0,0,0,0,0,0,0,0,0,0,0,0,0,0,0,0,0,0,0,0,0,0,0,0,0,0,0,0,0,0,0,0,0,0,0,0,0,0,0,0,0,0,0,0,0,0,0,0,0,0,0,0,0,0,0,0,0,0,0,0,0,0,0,0,0,0,0,0,0,0,0,0,0,0,0
3030,1480.1127879388087,55.719860853169244,37.645685725588656,0,0,0,0,0,0,0,0,0,0,0,0,0,0,0,0,0,0,0,0,0,0,0,0,0,0,0,0,0,0,0,0,0,0,0,0,0,0,0,0,0,0,0,0,0,0,0,0,0,0,0,0,0,0,0,0,0,0,0,0,0,0,0,0,0,0,0,0,0,0,0,0,0,0,0,0,0,0,0,0,0,0,0,0,0,0,0,0,0,0,0,0,0,0,0,0,0,0,0,0,0,0,0,0,0,0,0,0,0,0,0,0,0,0,0,0,0,0,0,0,0,0,0,0,0,0,0,0,0,0,0,0,0,0,0,0,0,0,0,0,0,0,0,0,0,0,0,0,0,0
3031,1592.4147638132874,0,0,0,0,0,0,0,0,0,0,0,0,0,0,0,0,0,0,0,0,0,0,0,0,0,0,0,0,0,0,0,0,0,0,0,0,0,0,0,0,0,0,0,0,0,0,0,0,0,0,0,0,0,0,0,0,0,0,0,0,0,0,0,0,0,0,0,0,0,0,0,0,0,0,0,0,0,0,0,0,0,0,0,0,0,0,0,0,0,0,0,0,0,0,0,0,0,0,0,0,0,0,0,0,0,0,0,0,0,0,0,0,0,0,0,0,0,0,0,0,0,0,0,0,0,0,0,0,0,0,0,0,0,0,0,0,0,0,0,0,0,0,0,0,0,0,0,0,0,0,0,0
3032,2744.7739147428138,221.66679761616706,80.75958330321619,0,0,0,0,0,0,0,0,0,0,0,0,0,0,0,0,0,0,0,0,0,0,0,0,0,0,0,0,0,0,0,0,0,0,0,0,0,0,0,0,0,0,0,0,0,0,0,0,0,0,0,0,0,0,0,0,0,0,0,0,0,0,0,0,0,0,0,0,0,0,0,0,0,25.281857126308232,25.281857126308232,0,0,0,0,0,0,0,0,0,0,0,0,0,0,0,0,0,0,0,0,0,0,0,0,0,0,0,0,0,0,0,0,0,0,0,0,0,0,0,0,0,0,0,0,0,0,0,0,0,0,0,0,0,0,0,0,0,0,0,0,0,0,0,0,0,0,0,0,0,0,0,0,0,9.210906949571893,9.210906949571893
3033,2437.2445299595083,65.98644813479926,27.074200936208705,0,0,0,0,0,0,0,0,0,0,0,0,0,0,0,0,0,0,0,0,0,0,0,0,0,0,0,0,0,0,0,0,0,0,0,0,0,0,0,0,0,0,0,0,0,0,0,0,0,0,0,0,0,0,0,0,0,0,0,0,0,0,0,0,0,0,0,0,0,0,0,0,0,0,0,0,0,0,0,0,0,0,0,0,0,0,0,0,0,0,0,0,0,0,0,0,0,0,0,0,0,0,0,0,0,0,0,0,0,0,0,0,0,0,0,0,0,0,0,0,0,0,0,0,0,0,0,0,0,0,0,0,0,0,0,0,0,0,0,0,0,0,0,0,0,0,0,0,0,0
3034,669.2026501776295,152.479144469792,227.85197343333706,0,0,0,0,0,0,0,0,0,0,0,0,0,0,0,0,0,0,0,0,0,0,0,0,0,0,0,0,0,0,0,0,0,0,0,0,0,0,0,0,0,0,0,0,0,0,0,0,0,0,0,0,0,0,0,0,0,0,0,0,0,0,0,0,0,0,0,0,0,0,0,0,0,0,0,0,0,0,0,0,0,0,0,0,0,0,0,0,0,0,0,0,0,0,0,0,0,0,0,0,0,0,0,0,0,0,0,0,0,0,0,0,0,0,0,0,0,0,0,0,0,0,0,0,0,0,0,0,0,0,0,0,0,0,0,0,0,0,0,0,0,0,0,0,0,0,0,0,0,0
3035,4165.547616437947,138.41825602624357,33.229305909269165,0,0,0,0,0,0,0,0,0,0,0,0,0,0,0,0,0,0,0,0,0,0,0,0,0,0,0,0,0,0,0,0,0,0,0,0,0,0,0,0,0,0,0,0,0,0,0,0,0,0,0,0,0,0,0,0,0,0,0,0,0,0,0,0,0,0,0,0,0,0,0,0,0,35.14137650637495,52.87802724070568,0,0,0,0,0,0,0,0,0,0,0,0,0,0,0,0,0,0,0,0,0,0,0,0,0,0,0,0,0,0,0,0,0,0,0,0,0,0,0,0,0,0,0,0,0,0,0,0,0,0,0,0,0,0,0,0,0,0,0,0,0,0,0,0,0,0,0,0,0,0,0,0,0,8.436196088048833,12.694135827913751
3036,11669.071767569078,0,0,0,0,0,0,0,0,0,0,0,0,0,0,0,0,0,0,0,0,0,0,0,0,0,0,0,0,0,0,0,0,0,0,0,0,0,0,0,0,0,0,0,0,0,0,0,0,0,0,0,0,0,0,0,0,0,0,0,0,0,0,0,0,0,0,0,0,0,0,0,0,0,0,0,0,0,0,0,0,0,0,0,0,0,0,0,0,0,0,0,0,0,0,0,0,0,0,0,0,0,0,0,0,0,0,0,0,0,0,0,0,0,0,0,0,0,0,0,0,0,0,0,0,0,0,0,0,0,0,0,0,0,0,0,0,0,0,0,0,0,0,0,0,0,0,0,0,0,0,0,0
3037,10338.229762510207,9.217911470105806,0.8916334500063984,0,0,0,0,0,0,0,0,0,0,0,0,0,0,0,0,0,0,0,0,0,0,0,0,0,0,0,0,0,0,0,0,0,0,0,0,0,0,0,0,0,0,0,0,0,0,0,0,0,0,0,0,0,0,0,0,0,0,0,0,0,0,0,0,0,0,0,0,0,0,0,0,0,0,10.072031831647502,0,0,0,0,0,0,0,0,0,0,0,0,0,0,0,0,0,0,0,0,0,0,0,0,0,0,0,0,0,0,0,0,0,0,0,0,0,0,0,0,0,0,0,0,0,0,0,0,0,0,0,0,0,0,0,0,0,0,0,0,0,0,0,0,0,0,0,0,0,0,0,0,0,0,0.974251110975689
3038,6622.424346225777,56.45614339883151,8.524996352884989,0,0,0,0,0,0,0,0,0,0,0,0,0,0,0,0,0,0,0,40.02351527724252,40.02351527724252,40.02351527724252,40.02351527724252,40.02351527724252,40.02351527724252,40.02351527724252,40.02351527724252,40.02351527724252,40.02351527724252,40.02351527724252,40.02351527724252,40.02351527724252,40.02351527724252,40.02351527724252,40.02351527724252,40.02351527724252,40.02351527724252,40.02351527724252,40.02351527724252,40.02351527724252,82.03411396545417,82.03411396545417,82.03411396545417,82.03411396545417,82.03411396545417,82.03411396545417,82.03411396545417,82.03411396545417,82.03411396545417,82.03411396545417,82.03411396545417,82.03411396545417,82.03411396545417,82.03411396545417,82.03411396545417,82.03411396545417,82.03411396545417,82.03411396545417,82.03411396545417,82.03411396545417,82.03411396545417,82.03411396545417,82.03411396545417,82.03411396545417,82.03411396545417,82.03411396545417,82.03411396545417,82.03411396545417,82.03411396545417,82.03411396545417,82.03411396545417,82.03411396545417,82.03411396545417,82.03411396545417,82.03411396545417,0,0,0,0,0,0,0,0,0,0,0,0,0,0,0,0,0,0,0,6.043634956743982,6.043634956743982,6.043634956743982,6.043634956743982,6.043634956743982,6.043634956743982,6.043634956743982,6.043634956743982,6.043634956743982,6.043634956743982,6.043634956743982,6.043634956743982,6.043634956743982,6.043634956743982,6.043634956743982,6.043634956743982,6.043634956743982,6.043634956743982,6.043634956743982,6.043634956743982,6.043634956743982,12.387323686408994,12.387323686408994,12.387323686408994,12.387323686408994,12.387323686408994,12.387323686408994,12.387323686408994,12.387323686408994,12.387323686408994,12.387323686408994,12.387323686408994,12.387323686408994,12.387323686408994,12.387323686408994,12.387323686408994,12.387323686408994,12.387323686408994,12.387323686408994,12.387323686408994,12.387323686408994,12.387323686408994,12.387323686408994,12.387323686408994,12.387323686408994,12.387323686408994,12.387323686408994,12.387323686408994,12.387323686408994,12.387323686408994,12.387323686408994,12.387323686408994,12.387323686408994,12.387323686408994,12.387323686408994,12.387323686408994
3039,505.3002676452039,0,0,0,0,0,0,0,0,0,0,0,0,0,0,0,0,0,0,0,0,0,0,0,0,0,0,0,0,0,0,0,0,0,0,0,0,0,0,0,0,0,0,0,0,0,0,0,0,0,0,0,0,0,0,0,0,0,0,0,0,0,0,0,0,0,0,0,0,0,0,0,0,0,0,0,0,0,0,0,0,0,0,0,0,0,0,0,0,0,0,0,0,0,0,0,0,0,0,0,0,0,0,0,0,0,0,0,0,0,0,0,0,0,0,0,0,0,0,0,0,0,0,0,0,0,0,0,0,0,0,0,0,0,0,0,0,0,0,0,0,0,0,0,0,0,0,0,0,0,0,0,0
3040,1018.1229225054781,0,0,0,0,0,0,0,0,0,0,0,0,0,0,0,0,0,0,0,0,0,0,0,0,0,0,0,0,0,0,0,0,0,0,0,0,0,0,0,0,0,0,0,0,0,0,0,0,0,0,0,0,0,0,0,0,0,0,0,0,0,0,0,0,0,0,0,0,0,0,0,0,0,0,0,0,0,0,0,0,0,0,0,0,0,0,0,0,0,0,0,0,0,0,0,0,0,0,0,0,0,0,0,0,0,0,0,0,0,0,0,0,0,0,0,0,0,0,0,0,0,0,0,0,0,0,0,0,0,0,0,0,0,0,0,0,0,0,0,0,0,0,0,0,0,0,0,0,0,0,0,0
3041,3266.422228071511,30.5493544331288,9.352543027226789,0,0,0,0,0,0,0,0,0,0,0,0,0,0,0,0,0,0,0,0,0,0,0,0,0,0,0,0,0,0,0,0,0,0,0,0,0,0,0,0,0,0,0,0,0,0,0,0,0,0,0,0,0,0,0,0,0,0,0,0,0,0,0,0,0,0,0,0,0,0,0,0,0,0,0,0,0,0,0,0,0,0,0,0,0,0,0,0,0,0,0,0,0,0,0,0,0,0,0,0,0,0,0,0,0,0,0,0,0,0,0,0,0,0,0,0,0,0,0,0,0,0,0,0,0,0,0,0,0,0,0,0,0,0,0,0,0,0,0,0,0,0,0,0,0,0,0,0,0,0
3042,979.8610947457166,0,0,0,0,0,0,0,0,0,0,0,0,0,0,0,0,0,0,0,0,0,0,0,0,0,0,0,0,0,0,0,0,0,0,0,0,0,0,0,0,0,0,0,0,0,0,0,0,0,0,0,0,0,0,0,0,0,0,0,0,0,0,0,0,0,0,0,0,0,0,0,0,0,0,0,0,0,0,0,0,0,0,0,0,0,0,0,0,0,0,0,0,0,0,0,0,0,0,0,0,0,0,0,0,0,0,0,0,0,0,0,0,0,0,0,0,0,0,0,0,0,0,0,0,0,0,0,0,0,0,0,0,0,0,0,0,0,0,0,0,0,0,0,0,0,0,0,0,0,0,0,0
3043,2592.5342377782827,0,0,0,0,0,0,0,0,0,0,0,0,0,0,0,0,0,0,0,0,0,0,0,0,0,0,0,0,0,0,0,0,0,0,0,0,0,0,0,0,0,0,0,0,0,0,0,0,0,0,0,0,0,0,0,0,0,0,0,0,0,0,0,0,0,0,0,0,0,0,0,0,0,0,0,0,0,0,0,0,0,0,0,0,0,0,0,0,0,0,0,0,0,0,0,0,0,0,0,0,0,0,0,0,0,0,0,0,0,0,0,0,0,0,0,0,0,0,0,0,0,0,0,0,0,0,0,0,0,0,0,0,0,0,0,0,0,0,0,0,0,0,0,0,0,0,0,0,0,0,0,0
3044,2451.151984369461,0,0,0,0,0,0,0,0,0,0,0,0,0,0,0,0,0,0,0,0,0,0,0,0,0,0,0,0,0,0,0,0,0,0,0,0,0,0,0,0,0,0,0,0,0,0,0,0,0,0,0,0,0,0,0,0,0,0,0,0,0,0,0,0,0,0,0,0,0,0,0,0,0,0,0,0,0,0,0,0,0,0,0,0,0,0,0,0,0,0,0,0,0,0,0,0,0,0,0,0,0,0,0,0,0,0,0,0,0,0,0,0,0,0,0,0,0,0,0,0,0,0,0,0,0,0,0,0,0,0,0,0,0,0,0,0,0,0,0,0,0,0,0,0,0,0,0,0,0,0,0,0
3045,361.69531969917307,0,0,0,0,0,0,0,0,0,0,0,0,0,0,0,0,0,0,0,0,0,0,0,0,0,0,0,0,0,0,0,0,0,0,0,0,0,0,0,0,0,0,0,0,0,0,0,0,0,0,0,0,0,0,0,0,0,0,0,0,0,0,0,0,0,0,0,0,0,0,0,0,0,0,0,0,0,0,0,0,0,0,0,0,0,0,0,0,0,0,0,0,0,0,0,0,0,0,0,0,0,0,0,0,0,0,0,0,0,0,0,0,0,0,0,0,0,0,0,0,0,0,0,0,0,0,0,0,0,0,0,0,0,0,0,0,0,0,0,0,0,0,0,0,0,0,0,0,0,0,0,0
3046,319.10191850067974,0,0,0,0,0,0,0,0,0,0,0,0,0,0,0,0,0,0,0,0,0,0,0,0,0,0,0,0,0,0,0,0,0,0,0,0,0,0,0,0,0,0,0,0,0,0,0,0,0,0,0,0,0,0,0,0,0,0,0,0,0,0,0,0,0,0,0,0,0,0,0,0,0,0,0,0,0,0,0,0,0,0,0,0,0,0,0,0,0,0,0,0,0,0,0,0,0,0,0,0,0,0,0,0,0,0,0,0,0,0,0,0,0,0,0,0,0,0,0,0,0,0,0,0,0,0,0,0,0,0,0,0,0,0,0,0,0,0,0,0,0,0,0,0,0,0,0,0,0,0,0,0
3047,1139.9500713439052,0,0,0,0,0,0,0,0,0,0,0,0,0,0,0,0,0,0,0,0,0,0,0,0,0,0,0,0,0,0,0,0,0,0,0,0,0,0,0,0,0,0,0,0,0,0,0,0,0,0,0,0,0,0,0,0,0,0,0,0,0,0,0,0,0,0,0,0,0,0,0,0,0,0,0,0,0,0,0,0,0,0,0,0,0,0,0,0,0,0,0,0,0,0,0,0,0,0,0,0,0,0,0,0,0,0,0,0,0,0,0,0,0,0,0,0,0,0,0,0,0,0,0,0,0,0,0,0,0,0,0,0,0,0,0,0,0,0,0,0,0,0,0,0,0,0,0,0,0,0,0,0
3048,7979.63535358078,0,0,0,0,0,0,0,0,0,0,0,0,0,0,0,0,0,0,0,0,0,0,0,0,0,0,0,0,0,0,0,0,0,0,0,0,0,0,0,0,0,0,0,0,0,0,0,0,0,0,0,0,0,0,0,0,0,0,0,0,0,0,0,0,0,0,0,0,0,0,0,0,0,0,0,0,0,0,0,0,0,0,0,0,0,0,0,0,0,0,0,0,0,0,0,0,0,0,0,0,0,0,0,0,0,0,0,0,0,0,0,0,0,0,0,0,0,0,0,0,0,0,0,0,0,0,0,0,0,0,0,0,0,0,0,0,0,0,0,0,0,0,0,0,0,0,0,0,0,0,0,0
3049,2443.258419974571,0,0,0,0,0,0,0,0,0,0,0,0,0,0,0,0,0,0,0,0,0,0,0,0,0,0,0,0,0,0,0,0,0,0,0,0,0,0,0,0,0,0,0,0,0,0,0,0,0,0,0,0,0,0,0,0,0,0,0,0,0,0,0,0,0,0,0,0,0,0,0,0,0,0,0,0,0,0,0,0,0,0,0,0,0,0,0,0,0,0,0,0,0,0,0,0,0,0,0,0,0,0,0,0,0,0,0,0,0,0,0,0,0,0,0,0,0,0,0,0,0,0,0,0,0,0,0,0,0,0,0,0,0,0,0,0,0,0,0,0,0,0,0,0,0,0,0,0,0,0,0,0
3050,700.0097988364973,0,0,0,0,0,0,0,0,0,0,0,0,0,0,0,0,0,0,0,0,0,0,0,0,0,0,0,0,0,0,0,0,0,0,0,0,0,0,0,0,0,0,0,0,0,0,0,0,0,0,0,0,0,0,0,0,0,0,0,0,0,0,0,0,0,0,0,0,0,0,0,0,0,0,0,0,0,0,0,0,0,0,0,0,0,0,0,0,0,0,0,0,0,0,0,0,0,0,0,0,0,0,0,0,0,0,0,0,0,0,0,0,0,0,0,0,0,0,0,0,0,0,0,0,0,0,0,0,0,0,0,0,0,0,0,0,0,0,0,0,0,0,0,0,0,0,0,0,0,0,0,0
3051,890.2546465698919,0,0,0,0,0,0,0,0,0,0,0,0,0,0,0,0,0,0,0,0,0,0,0,0,0,0,0,0,0,0,0,0,0,0,0,0,0,0,0,0,0,0,0,0,0,0,0,0,0,0,0,0,0,0,0,0,0,0,0,0,0,0,0,0,0,0,0,0,0,0,0,0,0,0,0,0,0,0,0,0,0,0,0,0,0,0,0,0,0,0,0,0,0,0,0,0,0,0,0,0,0,0,0,0,0,0,0,0,0,0,0,0,0,0,0,0,0,0,0,0,0,0,0,0,0,0,0,0,0,0,0,0,0,0,0,0,0,0,0,0,0,0,0,0,0,0,0,0,0,0,0,0
3052,449.48495760404813,0,0,0,0,0,0,0,0,0,0,0,0,0,0,0,0,0,0,0,0,0,0,0,0,0,0,0,0,0,0,0,0,0,0,0,0,0,0,0,0,0,0,0,0,0,0,0,0,0,0,0,0,0,0,0,0,0,0,0,0,0,0,0,0,0,0,0,0,0,0,0,0,0,0,0,0,0,0,0,0,0,0,0,0,0,0,0,0,0,0,0,0,0,0,0,0,0,0,0,0,0,0,0,0,0,0,0,0,0,0,0,0,0,0,0,0,0,0,0,0,0,0,0,0,0,0,0,0,0,0,0,0,0,0,0,0,0,0,0,0,0,0,0,0,0,0,0,0,0,0,0,0
3053,1251.7878941694341,0,0,0,0,0,0,0,0,0,0,0,0,0,0,0,0,0,0,0,0,0,0,0,0,0,0,0,0,0,0,0,0,0,0,0,0,0,0,0,0,0,0,0,0,0,0,0,0,0,0,0,0,0,0,0,0,0,0,0,0,0,0,0,0,0,0,0,0,0,0,0,0,0,0,0,0,0,0,0,0,0,0,0,0,0,0,0,0,0,0,0,0,0,0,0,0,0,0,0,0,0,0,0,0,0,0,0,0,0,0,0,0,0,0,0,0,0,0,0,0,0,0,0,0,0,0,0,0,0,0,0,0,0,0,0,0,0,0,0,0,0,0,0,0,0,0,0,0,0,0,0,0
3054,1536.1245086471051,0,0,0,0,0,0,0,0,0,0,0,0,0,0,0,0,0,0,0,0,0,0,0,0,0,0,0,0,0,0,0,0,0,0,0,0,0,0,0,0,0,0,0,0,0,0,0,0,0,0,0,0,0,0,0,0,0,0,0,0,0,0,0,0,0,0,0,0,0,0,0,0,0,0,0,0,0,0,0,0,0,0,0,0,0,0,0,0,0,0,0,0,0,0,0,0,0,0,0,0,0,0,0,0,0,0,0,0,0,0,0,0,0,0,0,0,0,0,0,0,0,0,0,0,0,0,0,0,0,0,0,0,0,0,0,0,0,0,0,0,0,0,0,0,0,0,0,0,0,0,0,0
3055,274.36942609695586,0,0,0,0,0,0,0,0,0,0,0,0,0,0,0,0,0,0,0,0,0,0,0,0,0,0,0,0,0,0,0,0,0,0,0,0,0,0,0,0,0,0,0,0,0,0,0,0,0,0,0,0,0,0,0,0,0,0,0,0,0,0,0,0,0,0,0,0,0,0,0,0,0,0,0,0,0,0,0,0,0,0,0,0,0,0,0,0,0,0,0,0,0,0,0,0,0,0,0,0,0,0,0,0,0,0,0,0,0,0,0,0,0,0,0,0,0,0,0,0,0,0,0,0,0,0,0,0,0,0,0,0,0,0,0,0,0,0,0,0,0,0,0,0,0,0,0,0,0,0,0,0
3056,600.9157235428314,0,0,0,0,0,0,0,0,0,0,0,0,0,0,0,0,0,0,0,0,0,0,0,0,0,0,0,0,0,0,0,0,0,0,0,0,0,0,0,0,0,0,0,0,0,0,0,0,0,0,0,0,0,0,0,0,0,0,0,0,0,0,0,0,0,0,0,0,0,0,0,0,0,0,0,0,0,0,0,0,0,0,0,0,0,0,0,0,0,0,0,0,0,0,0,0,0,0,0,0,0,0,0,0,0,0,0,0,0,0,0,0,0,0,0,0,0,0,0,0,0,0,0,0,0,0,0,0,0,0,0,0,0,0,0,0,0,0,0,0,0,0,0,0,0,0,0,0,0,0,0,0
3057,2142.4350916355097,10.633022379207933,4.963054619820855,0,0,0,0,0,0,0,0,0,0,0,0,0,0,0,0,0,0,0,0,0,0,0,0,0,0,0,0,0,0,0,0,0,0,0,0,0,0,0,0,0,0,0,0,0,0,0,0,0,0,0,0,0,0,0,0,0,0,0,0,0,0,0,0,0,0,0,0,0,0,0,0,0,0,0,0,0,0,0,0,0,0,0,0,0,0,0,0,0,0,0,0,0,0,0,0,0,0,0,0,0,0,0,0,0,0,0,0,0,0,0,0,0,0,0,0,0,0,0,0,0,0,0,0,0,0,0,0,0,0,0,0,0,0,0,0,0,0,0,0,0,0,0,0,0,0,0,0,0,0
3058,1457.9239813351257,67.5139121579702,46.30825270885719,0,0,0,0,0,0,0,0,0,0,0,0,0,0,0,0,0,0,0,0,0,0,0,0,0,0,0,0,0,0,0,0,0,0,0,0,0,0,0,0,0,0,0,0,0,0,0,0,0,0,0,0,0,0,0,0,0,0,0,0,0,0,0,0,0,0,0,0,0,0,0,0,0,0,0,0,0,0,0,0,0,0,0,0,0,0,0,0,0,0,0,0,0,0,0,0,0,0,0,0,0,0,0,0,0,0,0,0,0,0,0,0,0,0,0,0,0,0,0,0,0,0,0,0,0,0,0,0,0,0,0,0,0,0,0,0,0,0,0,0,0,0,0,0,0,0,0,0,0,0
3059,1828.0278516938847,0,0,0,0,0,0,0,0,0,0,0,0,0,0,0,0,0,0,0,0,0,0,0,0,0,0,0,0,0,0,0,0,0,0,0,0,0,0,0,0,0,20.096215020466083,38.375224175585366,38.375224175585366,38.375224175585366,38.375224175585366,38.375224175585366,38.375224175585366,38.375224175585366,38.375224175585366,38.375224175585366,38.375224175585366,38.375224175585366,38.375224175585366,38.375224175585366,38.375224175585366,38.375224175585366,38.375224175585366,38.375224175585366,38.375224175585366,38.375224175585366,38.375224175585366,38.375224175585366,38.375224175585366,38.375224175585366,38.375224175585366,38.375224175585366,38.375224175585366,38.375224175585366,38.375224175585366,38.375224175585366,38.375224175585366,38.375224175585366,38.375224175585366,59.95544550738116,59.95544550738116,59.95544550738116,0,0,0,0,0,0,0,0,0,0,0,0,0,0,0,0,0,0,0,0,0,0,0,0,0,0,0,0,0,0,0,0,0,0,0,0,0,0,0,10.993385577711278,20.992691189046255,20.992691189046255,20.992691189046255,20.992691189046255,20.992691189046255,20.992691189046255,20.992691189046255,20.992691189046255,20.992691189046255,20.992691189046255,20.992691189046255,20.992691189046255,20.992691189046255,20.992691189046255,20.992691189046255,20.992691189046255,20.992691189046255,20.992691189046255,20.992691189046255,20.992691189046255,20.992691189046255,20.992691189046255,20.992691189046255,20.992691189046255,20.992691189046255,20.992691189046255,20.992691189046255,20.992691189046255,20.992691189046255,20.992691189046255,20.992691189046255,20.992691189046255,32.797884043082455,32.797884043082455,32.797884043082455
3060,688.3724775256619,0,0,0,0,0,0,0,0,0,0,0,0,0,0,0,0,0,0,0,0,0,0,0,0,0,0,0,0,0,0,0,0,0,0,0,0,0,0,0,0,0,0,0,0,0,0,0,0,0,0,0,0,0,0,0,0,0,0,0,0,0,0,0,0,0,0,0,0,0,0,0,0,0,0,0,0,0,0,0,0,0,0,0,0,0,0,0,0,0,0,0,0,0,0,0,0,0,0,0,0,0,0,0,0,0,0,0,0,0,0,0,0,0,0,0,0,0,0,0,0,0,0,0,0,0,0,0,0,0,0,0,0,0,0,0,0,0,0,0,0,0,0,0,0,0,0,0,0,0,0,0,0
3061,312.14061829016583,0,0,0,0,0,0,0,0,0,0,0,0,0,0,0,0,0,0,0,0,0,0,0,0,0,0,0,0,0,0,0,0,0,0,0,0,0,0,0,0,0,0,0,0,0,0,0,0,0,0,0,0,0,0,0,0,0,0,0,0,0,0,0,0,0,0,0,0,0,0,0,0,0,0,0,0,0,0,0,0,0,0,0,0,0,0,0,0,0,0,0,0,0,0,0,0,0,0,0,0,0,0,0,0,0,0,0,0,0,0,0,0,0,0,0,0,0,0,0,0,0,0,0,0,0,0,0,0,0,0,0,0,0,0,0,0,0,0,0,0,0,0,0,0,0,0,0,0,0,0,0,0
3062,6522.516074466033,0,0,0,0,0,0,0,0,0,0,0,0,0,0,0,0,0,0,0,0,0,0,0,0,0,0,0,0,0,0,0,0,0,0,0,0,0,0,0,0,0,0,0,0,0,0,0,0,0,0,0,0,0,0,0,0,0,0,0,0,0,0,0,0,0,0,0,0,0,0,0,0,0,0,0,0,0,0,0,0,0,0,0,0,0,0,0,0,0,0,0,0,0,0,0,0,0,0,0,0,0,0,0,0,0,0,0,0,0,0,0,0,0,0,0,0,0,0,0,0,0,0,0,0,0,0,0,0,0,0,0,0,0,0,0,0,0,0,0,0,0,0,0,0,0,0,0,0,0,0,0,0
3063,3349.972192788333,206.39407161408735,61.610682040407106,0,0,0,0,0,0,0,0,0,0,0,0,0,0,0,0,0,0,0,0,0,0,0,0,0,0,0,0,0,0,0,0,0,0,0,0,0,0,0,0,0,0,0,0,0,0,0,0,0,0,0,0,0,0,0,0,0,0,0,0,0,0,0,0,0,0,0,0,0,0,0,0,0,29.704660727262798,29.704660727262798,0,0,0,0,0,0,0,0,0,0,0,0,0,0,0,0,0,0,0,0,0,0,0,0,0,0,0,0,0,0,0,0,0,0,0,0,0,0,0,0,0,0,0,0,0,0,0,0,0,0,0,0,0,0,0,0,0,0,0,0,0,0,0,0,0,0,0,0,0,0,0,0,0,8.867136506747618,8.867136506747618
3064,3637.6226208400153,0,0,0,0,0,0,0,0,0,0,0,0,0,0,0,0,0,0,0,0,0,0,0,0,0,0,0,0,0,0,0,0,0,0,0,0,0,0,0,0,0,0,0,0,0,0,0,0,0,0,0,0,0,0,0,0,0,0,0,0,0,0,0,0,0,0,0,0,0,0,0,0,0,0,0,0,0,0,0,0,0,0,0,0,0,0,0,0,0,0,0,0,0,0,0,0,0,0,0,0,0,0,0,0,0,0,0,0,0,0,0,0,0,0,0,0,0,0,0,0,0,0,0,0,0,0,0,0,0,0,0,0,0,0,0,0,0,0,0,0,0,0,0,0,0,0,0,0,0,0,0,0
3065,434.0294546048869,0,0,0,0,0,0,0,0,0,0,0,0,0,0,0,0,0,0,0,0,0,0,0,0,0,0,0,0,0,0,0,0,0,0,0,0,0,0,0,0,0,0,0,0,0,0,0,0,0,0,0,0,0,0,0,0,0,0,0,0,0,0,0,0,0,0,0,0,0,0,0,0,0,0,0,0,0,0,0,0,0,0,0,0,0,0,0,0,0,0,0,0,0,0,0,0,0,0,0,0,0,0,0,0,0,0,0,0,0,0,0,0,0,0,0,0,0,0,0,0,0,0,0,0,0,0,0,0,0,0,0,0,0,0,0,0,0,0,0,0,0,0,0,0,0,0,0,0,0,0,0,0
3066,551.011749683403,0,0,0,0,0,0,0,0,0,0,0,0,0,0,0,0,0,0,0,0,0,0,0,0,0,0,0,0,0,0,0,0,0,0,0,0,0,0,0,0,0,0,0,0,0,0,0,0,0,0,0,0,0,0,0,0,0,0,0,0,0,0,0,0,0,0,0,0,0,0,0,0,0,0,0,0,0,0,0,0,0,0,0,0,0,0,0,0,0,0,0,0,0,0,0,0,0,0,0,0,0,0,0,0,0,0,0,0,0,0,0,0,0,0,0,0,0,0,0,0,0,0,0,0,0,0,0,0,0,0,0,0,0,0,0,0,0,0,0,0,0,0,0,0,0,0,0,0,0,0,0,0
3067,2885.1011662255005,487.7586521989698,169.0611954647993,0,0,0,0,0,0,0,0,0,0,0,0,0,0,0,0,0,0,0,0,0,0,0,0,0,0,0,0,0,0,0,0,0,0,0,0,0,0,0,0,0,0,0,0,0,0,0,0,0,0,0,0,0,0,0,0,0,0,0,0,0,0,0,0,0,0,0,0,0,0,0,0,0,0,0,0,0,0,0,0,0,0,0,0,0,0,0,0,0,0,0,0,0,0,0,0,0,0,0,0,0,0,0,0,0,0,0,0,0,0,0,0,0,0,0,0,0,0,0,0,0,0,0,0,0,0,0,0,0,0,0,0,0,0,0,0,0,0,0,0,0,0,0,0,0,0,0,0,0,0
3068,1988.173409284493,0,0,0,0,0,0,0,0,0,0,0,0,0,0,0,0,0,0,0,0,0,0,0,0,0,0,0,0,0,0,0,0,0,0,0,0,0,0,0,0,0,0,0,0,0,0,0,0,0,0,0,0,0,0,0,0,0,0,0,0,0,0,0,0,0,0,0,0,0,0,0,0,0,0,0,0,0,0,0,0,0,0,0,0,0,0,0,0,0,0,0,0,0,0,0,0,0,0,0,0,0,0,0,0,0,0,0,0,0,0,0,0,0,0,0,0,0,0,0,0,0,0,0,0,0,0,0,0,0,0,0,0,0,0,0,0,0,0,0,0,0,0,0,0,0,0,0,0,0,0,0,0
3069,8536.190492020236,0,0,0,0,0,0,0,0,0,0,0,0,0,0,0,0,0,0,0,0,0,0,0,0,0,0,0,0,0,0,0,0,0,0,0,0,0,0,0,0,0,0,0,0,0,0,0,0,0,0,0,0,0,0,0,0,0,0,0,0,0,0,0,0,0,0,0,0,0,0,0,0,0,0,0,0,0,0,0,0,0,0,0,0,0,0,0,0,0,0,0,0,0,0,0,0,0,0,0,0,0,0,0,0,0,0,0,0,0,0,0,0,0,0,0,0,0,0,0,0,0,0,0,0,0,0,0,0,0,0,0,0,0,0,0,0,0,0,0,0,0,0,0,0,0,0,0,0,0,0,0,0
3070,575.4387450192412,0,0,0,0,0,0,0,0,0,0,0,0,0,0,0,0,0,0,0,0,0,0,0,0,0,0,0,0,0,0,0,0,0,0,0,0,0,0,0,0,0,0,0,0,0,0,0,0,0,0,0,0,0,0,0,0,0,0,0,0,0,0,0,0,0,0,0,0,0,0,0,0,0,0,0,0,0,0,0,0,0,0,0,0,0,0,0,0,0,0,0,0,0,0,0,0,0,0,0,0,0,0,0,0,0,0,0,0,0,0,0,0,0,0,0,0,0,0,0,0,0,0,0,0,0,0,0,0,0,0,0,0,0,0,0,0,0,0,0,0,0,0,0,0,0,0,0,0,0,0,0,0
3071,983.6851626691029,0,0,0,0,0,0,0,0,0,0,0,0,0,0,0,0,0,0,0,0,0,0,0,0,0,0,0,0,0,0,0,0,0,0,0,0,0,0,0,0,0,0,0,0,0,0,0,0,0,0,0,0,0,0,0,0,0,0,0,0,0,0,0,0,0,0,0,0,0,0,0,0,0,0,0,0,0,0,0,0,0,0,0,0,0,0,0,0,0,0,0,0,0,0,0,0,0,0,0,0,0,0,0,0,0,0,0,0,0,0,0,0,0,0,0,0,0,0,0,0,0,0,0,0,0,0,0,0,0,0,0,0,0,0,0,0,0,0,0,0,0,0,0,0,0,0,0,0,0,0,0,0
3072,3020.968202661901,0,0,0,0,0,0,0,0,0,0,0,0,0,0,0,0,0,0,0,0,0,0,0,0,0,0,0,0,0,0,0,0,0,0,0,0,0,0,0,0,0,0,0,0,0,0,0,0,0,0,0,0,0,0,0,0,0,0,0,0,0,0,0,0,0,0,0,0,0,0,0,0,0,0,0,0,0,0,0,0,0,0,0,0,0,0,0,0,0,0,0,0,0,0,0,0,0,0,0,0,0,0,0,0,0,0,0,0,0,0,0,0,0,0,0,0,0,0,0,0,0,0,0,0,0,0,0,0,0,0,0,0,0,0,0,0,0,0,0,0,0,0,0,0,0,0,0,0,0,0,0,0
3073,190.15470485511852,0,0,0,0,0,0,0,0,0,0,0,0,0,0,0,0,0,0,0,0,0,0,0,0,0,0,0,0,0,0,0,0,0,0,0,0,0,0,0,0,0,0,0,0,0,0,0,0,0,0,0,0,0,0,0,0,0,0,0,0,0,0,0,0,0,0,0,0,0,0,0,0,0,0,0,0,0,0,0,0,0,0,0,0,0,0,0,0,0,0,0,0,0,0,0,0,0,0,0,0,0,0,0,0,0,0,0,0,0,0,0,0,0,0,0,0,0,0,0,0,0,0,0,0,0,0,0,0,0,0,0,0,0,0,0,0,0,0,0,0,0,0,0,0,0,0,0,0,0,0,0,0
3074,532.6355598327349,0,0,0,0,0,0,0,0,0,0,0,0,0,0,0,0,0,0,0,0,0,0,0,0,0,0,0,0,0,0,0,0,0,0,0,0,0,0,0,0,0,0,0,0,0,0,0,0,0,0,0,0,0,0,0,0,0,0,0,0,0,0,0,0,0,0,0,0,0,0,0,0,0,0,0,0,0,0,0,0,0,0,0,0,0,0,0,0,0,0,0,0,0,0,0,0,0,0,0,0,0,0,0,0,0,0,0,0,0,0,0,0,0,0,0,0,0,0,0,0,0,0,0,0,0,0,0,0,0,0,0,0,0,0,0,0,0,0,0,0,0,0,0,0,0,0,0,0,0,0,0,0
3075,533.7009223603995,0,0,0,0,0,0,0,0,0,0,0,0,0,0,0,0,0,0,0,0,0,0,0,0,0,0,0,0,0,0,0,0,0,0,0,0,0,0,0,0,0,0,0,0,0,0,0,0,0,0,0,0,0,0,0,0,0,0,0,0,0,0,0,0,0,0,0,0,0,0,0,0,0,0,0,0,0,0,0,0,0,0,0,0,0,0,0,0,0,0,0,0,0,0,0,0,0,0,0,0,0,0,0,0,0,0,0,0,0,0,0,0,0,0,0,0,0,0,0,0,0,0,0,0,0,0,0,0,0,0,0,0,0,0,0,0,0,0,0,0,0,0,0,0,0,0,0,0,0,0,0,0
3076,515.7090696864482,0,0,0,0,0,0,0,0,0,0,0,0,0,0,0,0,0,0,0,0,0,0,0,0,0,0,0,0,0,0,0,0,0,0,0,0,0,0,0,0,0,0,0,0,0,0,0,0,0,0,0,0,0,0,0,0,0,0,0,0,0,0,0,0,0,0,0,0,0,0,0,0,0,0,0,0,0,0,0,0,0,0,0,0,0,0,0,0,0,0,0,0,0,0,0,0,0,0,0,0,0,0,0,0,0,0,0,0,0,0,0,0,0,0,0,0,0,0,0,0,0,0,0,0,0,0,0,0,0,0,0,0,0,0,0,0,0,0,0,0,0,0,0,0,0,0,0,0,0,0,0,0
3077,4034.129553148515,0,0,0,0,0,0,0,0,0,0,0,0,0,0,0,0,0,0,0,0,0,0,0,0,0,0,0,0,0,0,0,0,0,0,0,0,0,0,0,0,0,0,0,0,0,0,0,0,0,0,0,0,0,0,0,0,0,0,0,0,0,0,0,0,0,0,0,0,0,0,0,0,0,0,0,0,0,0,0,0,0,0,0,0,0,0,0,0,0,0,0,0,0,0,0,0,0,0,0,0,0,0,0,0,0,0,0,0,0,0,0,0,0,0,0,0,0,0,0,0,0,0,0,0,0,0,0,0,0,0,0,0,0,0,0,0,0,0,0,0,0,0,0,0,0,0,0,0,0,0,0,0
3078,747.4550029764044,0,0,0,0,0,0,0,0,0,0,0,0,0,0,0,0,0,0,0,0,0,0,0,0,0,0,0,0,0,0,0,0,0,0,0,0,0,0,0,0,0,0,0,0,0,0,0,0,0,0,0,0,0,0,0,0,0,0,0,0,0,0,0,0,0,0,0,0,0,0,0,0,0,0,0,0,0,0,0,0,0,0,0,0,0,0,0,0,0,0,0,0,0,0,0,0,0,0,0,0,0,0,0,0,0,0,0,0,0,0,0,0,0,0,0,0,0,0,0,0,0,0,0,0,0,0,0,0,0,0,0,0,0,0,0,0,0,0,0,0,0,0,0,0,0,0,0,0,0,0,0,0
3079,408.39471037170955,0,0,0,0,0,0,0,0,0,0,0,0,0,0,0,0,0,0,0,0,0,0,0,0,0,0,0,0,0,0,0,0,0,0,0,0,0,0,0,0,0,0,0,0,0,0,0,0,0,0,0,0,0,0,0,0,0,0,0,0,0,0,0,0,0,0,0,0,0,0,0,0,0,0,0,0,0,0,0,0,0,0,0,0,0,0,0,0,0,0,0,0,0,0,0,0,0,0,0,0,0,0,0,0,0,0,0,0,0,0,0,0,0,0,0,0,0,0,0,0,0,0,0,0,0,0,0,0,0,0,0,0,0,0,0,0,0,0,0,0,0,0,0,0,0,0,0,0,0,0,0,0
3080,693.6152744114781,0,0,0,0,0,0,0,0,0,0,0,0,0,0,0,0,0,0,0,0,0,0,0,0,0,0,0,0,0,0,0,0,0,0,0,0,0,0,0,0,0,0,25.158126545610692,25.158126545610692,25.158126545610692,25.158126545610692,25.158126545610692,25.158126545610692,25.158126545610692,25.158126545610692,25.158126545610692,25.158126545610692,25.158126545610692,25.158126545610692,25.158126545610692,25.158126545610692,25.158126545610692,25.158126545610692,25.158126545610692,25.158126545610692,25.158126545610692,25.158126545610692,25.158126545610692,25.158126545610692,25.158126545610692,25.158126545610692,25.158126545610692,25.158126545610692,25.158126545610692,25.158126545610692,25.158126545610692,25.158126545610692,25.158126545610692,25.158126545610692,25.158126545610692,25.158126545610692,25.158126545610692,0,0,0,0,0,0,0,0,0,0,0,0,0,0,0,0,0,0,0,0,0,0,0,0,0,0,0,0,0,0,0,0,0,0,0,0,0,0,0,0,36.27100998742707,36.27100998742707,36.27100998742707,36.27100998742707,36.27100998742707,36.27100998742707,36.27100998742707,36.27100998742707,36.27100998742707,36.27100998742707,36.27100998742707,36.27100998742707,36.27100998742707,36.27100998742707,36.27100998742707,36.27100998742707,36.27100998742707,36.27100998742707,36.27100998742707,36.27100998742707,36.27100998742707,36.27100998742707,36.27100998742707,36.27100998742707,36.27100998742707,36.27100998742707,36.27100998742707,36.27100998742707,36.27100998742707,36.27100998742707,36.27100998742707,36.27100998742707,36.27100998742707,36.27100998742707,36.27100998742707
3081,1143.9719055607072,0,0,0,0,0,0,0,0,0,0,0,0,0,0,0,0,0,0,0,0,0,0,0,0,0,0,0,0,0,0,0,0,0,0,0,0,0,0,0,0,0,0,0,0,0,0,0,0,0,0,0,0,0,0,0,0,0,0,0,0,0,0,0,0,0,0,0,0,0,0,0,0,0,0,0,0,0,0,0,0,0,0,0,0,0,0,0,0,0,0,0,0,0,0,0,0,0,0,0,0,0,0,0,0,0,0,0,0,0,0,0,0,0,0,0,0,0,0,0,0,0,0,0,0,0,0,0,0,0,0,0,0,0,0,0,0,0,0,0,0,0,0,0,0,0,0,0,0,0,0,0,0
3082,357.2387146600511,0,0,0,0,0,0,0,0,0,0,0,0,0,0,0,0,0,0,0,0,0,0,0,0,0,0,0,0,0,0,0,0,0,0,0,0,0,0,0,0,0,0,0,0,0,0,0,0,0,0,0,0,0,0,0,0,0,0,0,0,0,0,0,0,0,0,0,0,0,0,0,0,0,0,0,0,0,0,0,0,0,0,0,0,0,0,0,0,0,0,0,0,0,0,0,0,0,0,0,0,0,0,0,0,0,0,0,0,0,0,0,0,0,0,0,0,0,0,0,0,0,0,0,0,0,0,0,0,0,0,0,0,0,0,0,0,0,0,0,0,0,0,0,0,0,0,0,0,0,0,0,0
3083,462.21735555505296,0,0,0,0,0,0,0,0,0,0,0,0,0,0,0,0,0,0,0,0,0,0,0,0,0,0,0,0,0,0,0,0,0,0,0,0,0,0,0,0,0,0,0,0,0,0,0,0,0,0,0,0,0,0,0,0,0,0,0,0,0,0,0,0,0,0,0,0,0,0,0,0,0,0,0,0,0,0,0,0,0,0,0,0,0,0,0,0,0,0,0,0,0,0,0,0,0,0,0,0,0,0,0,0,0,0,0,0,0,0,0,0,0,0,0,0,0,0,0,0,0,0,0,0,0,0,0,0,0,0,0,0,0,0,0,0,0,0,0,0,0,0,0,0,0,0,0,0,0,0,0,0
3084,2983.2103703413463,0,0,0,0,0,0,0,0,0,0,0,0,0,0,0,0,0,0,0,0,0,0,0,0,0,0,0,0,0,0,0,0,0,0,0,0,0,0,0,0,0,0,0,0,0,0,0,0,0,0,0,0,0,0,0,0,0,0,0,0,0,0,0,0,0,0,0,0,0,0,0,0,0,0,0,0,0,0,0,0,0,0,0,0,0,0,0,0,0,0,0,0,0,0,0,0,0,0,0,0,0,0,0,0,0,0,0,0,0,0,0,0,0,0,0,0,0,0,0,0,0,0,0,0,0,0,0,0,0,0,0,0,0,0,0,0,0,0,0,0,0,0,0,0,0,0,0,0,0,0,0,0
3085,2509.9801112854166,0,0,0,0,0,0,0,0,0,0,0,0,0,0,0,0,0,0,0,0,0,0,0,0,0,0,0,0,0,0,0,0,0,0,0,0,0,0,0,0,0,0,0,0,0,0,0,0,0,0,0,0,0,0,0,0,0,0,0,0,0,0,0,0,0,0,0,0,0,0,0,0,0,0,0,0,0,0,0,0,0,0,0,0,0,0,0,0,0,0,0,0,0,0,0,0,0,0,0,0,0,0,0,0,0,0,0,0,0,0,0,0,0,0,0,0,0,0,0,0,0,0,0,0,0,0,0,0,0,0,0,0,0,0,0,0,0,0,0,0,0,0,0,0,0,0,0,0,0,0,0,0
3086,4029.050985999249,0,0,0,0,0,0,0,0,0,0,0,0,0,0,0,0,0,0,0,0,0,0,0,0,0,0,0,0,0,0,0,0,0,0,0,0,0,0,0,0,0,0,0,0,0,0,0,0,0,0,0,0,0,0,0,0,0,0,0,0,0,0,0,0,0,0,0,0,0,0,0,0,0,0,0,0,0,0,0,0,0,0,0,0,0,0,0,0,0,0,0,0,0,0,0,0,0,0,0,0,0,0,0,0,0,0,0,0,0,0,0,0,0,0,0,0,0,0,0,0,0,0,0,0,0,0,0,0,0,0,0,0,0,0,0,0,0,0,0,0,0,0,0,0,0,0,0,0,0,0,0,0
3087,2335.765750440222,0,0,0,0,0,0,0,0,0,0,0,0,0,0,0,0,0,0,0,0,0,0,0,0,0,0,0,0,0,0,0,0,0,0,0,0,0,0,0,0,0,0,0,0,0,0,0,0,0,0,0,0,0,0,0,0,0,0,0,0,0,0,0,0,0,0,0,0,0,0,0,0,0,0,0,0,0,0,0,0,0,0,0,0,0,0,0,0,0,0,0,0,0,0,0,0,0,0,0,0,0,0,0,0,0,0,0,0,0,0,0,0,0,0,0,0,0,0,0,0,0,0,0,0,0,0,0,0,0,0,0,0,0,0,0,0,0,0,0,0,0,0,0,0,0,0,0,0,0,0,0,0
3088,385.58392765522467,0,0,0,0,0,0,0,0,0,0,0,0,0,0,0,0,0,0,0,0,0,0,0,0,0,0,0,0,0,0,0,0,0,0,0,0,0,0,0,0,0,0,0,0,0,0,0,0,0,0,0,0,0,0,0,0,0,0,0,0,0,0,0,0,0,0,0,0,0,0,0,0,0,0,10.1353661472163,10.1353661472163,10.1353661472163,0,0,0,0,0,0,0,0,0,0,0,0,0,0,0,0,0,0,0,0,0,0,0,0,0,0,0,0,0,0,0,0,0,0,0,0,0,0,0,0,0,0,0,0,0,0,0,0,0,0,0,0,0,0,0,0,0,0,0,0,0,0,0,0,0,0,0,0,0,0,0,0,26.28575887187648,26.28575887187648,26.28575887187648
3089,712.6691535499416,0,0,0,0,0,0,0,0,0,0,0,0,0,0,0,0,0,0,0,0,0,0,0,0,0,0,0,0,0,0,0,0,0,0,0,0,0,0,0,0,0,24.977881490266814,24.977881490266814,24.977881490266814,24.977881490266814,24.977881490266814,24.977881490266814,24.977881490266814,24.977881490266814,24.977881490266814,24.977881490266814,24.977881490266814,24.977881490266814,24.977881490266814,24.977881490266814,24.977881490266814,24.977881490266814,24.977881490266814,24.977881490266814,24.977881490266814,24.977881490266814,24.977881490266814,24.977881490266814,24.977881490266814,24.977881490266814,24.977881490266814,24.977881490266814,24.977881490266814,24.977881490266814,24.977881490266814,24.977881490266814,24.977881490266814,24.977881490266814,24.977881490266814,39.894145858306544,39.894145858306544,39.894145858306544,0,0,0,0,0,0,0,0,0,0,0,0,0,0,0,0,0,0,0,0,0,0,0,0,0,0,0,0,0,0,0,0,0,0,0,0,0,0,0,35.04835499873567,35.04835499873567,35.04835499873567,35.04835499873567,35.04835499873567,35.04835499873567,35.04835499873567,35.04835499873567,35.04835499873567,35.04835499873567,35.04835499873567,35.04835499873567,35.04835499873567,35.04835499873567,35.04835499873567,35.04835499873567,35.04835499873567,35.04835499873567,35.04835499873567,35.04835499873567,35.04835499873567,35.04835499873567,35.04835499873567,35.04835499873567,35.04835499873567,35.04835499873567,35.04835499873567,35.04835499873567,35.04835499873567,35.04835499873567,35.04835499873567,35.04835499873567,35.04835499873567,55.97849389100982,55.97849389100982,55.97849389100982
3090,1944.2756673796553,0,0,0,0,0,0,0,0,0,0,0,0,0,0,0,0,0,0,0,0,0,0,0,0,0,0,0,0,0,0,0,0,0,0,0,0,0,0,0,0,0,0,0,0,0,0,0,0,0,0,0,0,0,0,0,0,0,0,0,0,0,0,0,0,0,0,0,0,0,0,0,0,0,0,0,0,0,0,0,0,0,0,0,0,0,0,0,0,0,0,0,0,0,0,0,0,0,0,0,0,0,0,0,0,0,0,0,0,0,0,0,0,0,0,0,0,0,0,0,0,0,0,0,0,0,0,0,0,0,0,0,0,0,0,0,0,0,0,0,0,0,0,0,0,0,0,0,0,0,0,0,0
3091,937.086497416917,0,0,0,0,0,0,0,0,0,0,0,0,0,0,0,0,0,0,0,0,0,0,0,0,0,0,0,0,0,0,0,0,0,0,0,0,0,0,0,0,0,0,0,0,0,0,0,0,0,0,0,0,0,0,0,0,0,0,0,0,0,0,0,0,0,0,0,0,0,0,0,0,0,0,0,0,0,0,0,0,0,0,0,0,0,0,0,0,0,0,0,0,0,0,0,0,0,0,0,0,0,0,0,0,0,0,0,0,0,0,0,0,0,0,0,0,0,0,0,0,0,0,0,0,0,0,0,0,0,0,0,0,0,0,0,0,0,0,0,0,0,0,0,0,0,0,0,0,0,0,0,0
3092,463.641619081681,0,0,0,0,0,0,0,0,0,0,0,0,0,0,0,0,0,0,0,0,0,0,0,0,0,0,0,0,0,0,0,0,0,0,0,0,0,0,0,0,0,0,0,0,0,0,0,0,0,0,0,0,0,0,0,0,0,0,0,0,0,0,0,0,0,0,0,0,0,0,0,0,0,0,0,0,0,0,0,0,0,0,0,0,0,0,0,0,0,0,0,0,0,0,0,0,0,0,0,0,0,0,0,0,0,0,0,0,0,0,0,0,0,0,0,0,0,0,0,0,0,0,0,0,0,0,0,0,0,0,0,0,0,0,0,0,0,0,0,0,0,0,0,0,0,0,0,0,0,0,0,0
3093,2357.3143592601855,0,0,0,0,0,0,0,0,0,0,0,0,0,0,0,0,0,0,0,0,0,0,0,0,0,0,0,0,0,0,0,0,0,0,0,0,0,0,0,0,0,0,0,0,0,0,0,0,0,0,0,0,0,0,0,0,0,0,0,0,0,0,0,0,0,0,0,0,0,0,0,0,0,0,0,0,0,0,0,0,0,0,0,0,0,0,0,0,0,0,0,0,0,0,0,0,0,0,0,0,0,0,0,0,0,0,0,0,0,0,0,0,0,0,0,0,0,0,0,0,0,0,0,0,0,0,0,0,0,0,0,0,0,0,0,0,0,0,0,0,0,0,0,0,0,0,0,0,0,0,0,0
3094,2076.0168448781524,0,0,0,0,0,0,0,0,0,0,0,0,0,0,0,0,0,0,0,0,0,0,0,0,0,0,0,0,0,0,0,0,0,0,0,0,0,0,0,0,0,0,0,0,0,0,0,0,0,0,0,0,0,0,0,0,0,0,0,0,0,0,0,0,0,0,0,0,0,0,0,0,0,0,0,0,0,0,0,0,0,0,0,0,0,0,0,0,0,0,0,0,0,0,0,0,0,0,0,0,0,0,0,0,0,0,0,0,0,0,0,0,0,0,0,0,0,0,0,0,0,0,0,0,0,0,0,0,0,0,0,0,0,0,0,0,0,0,0,0,0,0,0,0,0,0,0,0,0,0,0,0
3095,390.7982775665565,15.568741414132772,39.83830612324353,0,0,0,0,0,0,0,0,0,0,0,0,0,0,0,0,0,0,0,0,0,0,0,0,0,0,0,0,0,0,0,0,0,0,0,0,0,0,0,0,0,0,0,0,0,0,0,0,0,0,0,0,0,0,0,0,0,0,0,0,0,0,0,0,0,0,0,0,0,0,0,0,0,0,0,0,0,0,0,0,0,0,0,0,0,0,0,0,0,0,0,0,0,0,0,0,0,0,0,0,0,0,0,0,0,0,0,0,0,0,0,0,0,0,0,0,0,0,0,0,0,0,0,0,0,0,0,0,0,0,0,0,0,0,0,0,0,0,0,0,0,0,0,0,0,0,0,0,0,0
3096,841.2974430193239,77.96841738316988,92.6763988528835,0,0,0,0,0,0,0,0,0,0,0,0,0,0,0,0,0,0,0,0,0,0,0,0,0,0,0,0,0,0,0,0,0,0,0,0,0,0,33.55142040947004,33.55142040947004,33.55142040947004,33.55142040947004,33.55142040947004,33.55142040947004,33.55142040947004,33.55142040947004,33.55142040947004,33.55142040947004,33.55142040947004,33.55142040947004,33.55142040947004,33.55142040947004,33.55142040947004,33.55142040947004,33.55142040947004,33.55142040947004,33.55142040947004,33.55142040947004,33.55142040947004,33.55142040947004,33.55142040947004,33.55142040947004,33.55142040947004,33.55142040947004,33.55142040947004,33.55142040947004,33.55142040947004,33.55142040947004,33.55142040947004,33.55142040947004,33.55142040947004,33.55142040947004,61.420552678021416,61.420552678021416,61.420552678021416,0,0,0,0,0,0,0,0,0,0,0,0,0,0,0,0,0,0,0,0,0,0,0,0,0,0,0,0,0,0,0,0,0,0,0,0,0,0,39.88056862393126,39.88056862393126,39.88056862393126,39.88056862393126,39.88056862393126,39.88056862393126,39.88056862393126,39.88056862393126,39.88056862393126,39.88056862393126,39.88056862393126,39.88056862393126,39.88056862393126,39.88056862393126,39.88056862393126,39.88056862393126,39.88056862393126,39.88056862393126,39.88056862393126,39.88056862393126,39.88056862393126,39.88056862393126,39.88056862393126,39.88056862393126,39.88056862393126,39.88056862393126,39.88056862393126,39.88056862393126,39.88056862393126,39.88056862393126,39.88056862393126,39.88056862393126,39.88056862393126,39.88056862393126,73.00694087169673,73.00694087169673,73.00694087169673
3097,3566.590652086451,0,0,0,0,0,0,0,0,0,0,0,0,0,0,0,0,0,0,0,0,0,0,0,0,0,0,0,0,0,0,0,0,0,0,0,0,0,0,0,0,0,0,0,0,0,0,0,0,0,0,0,0,0,0,0,0,0,0,0,0,0,0,0,0,0,0,0,0,0,0,0,0,0,0,0,0,0,0,0,0,0,0,0,0,0,0,0,0,0,0,0,0,0,0,0,0,0,0,0,0,0,0,0,0,0,0,0,0,0,0,0,0,0,0,0,0,0,0,0,0,0,0,0,0,0,0,0,0,0,0,0,0,0,0,0,0,0,0,0,0,0,0,0,0,0,0,0,0,0,0,0,0
3098,3169.0048820305587,0,0,0,0,0,0,0,0,0,0,0,0,0,0,0,0,0,0,0,0,0,0,0,0,0,0,0,0,0,0,0,0,0,0,0,0,0,0,0,0,0,0,0,0,0,0,0,0,0,0,0,0,0,0,0,0,0,0,0,0,0,0,0,0,0,0,0,0,0,0,0,0,0,0,0,0,0,0,0,0,0,0,0,0,0,0,0,0,0,0,0,0,0,0,0,0,0,0,0,0,0,0,0,0,0,0,0,0,0,0,0,0,0,0,0,0,0,0,0,0,0,0,0,0,0,0,0,0,0,0,0,0,0,0,0,0,0,0,0,0,0,0,0,0,0,0,0,0,0,0,0,0
3099,4441.444084839013,0,0,0,0,0,0,0,0,0,0,0,0,0,0,0,0,0,0,0,0,0,0,0,0,0,0,0,0,0,0,0,0,0,0,0,0,0,0,0,0,0,0,0,0,0,0,0,0,0,0,0,0,0,0,0,0,0,0,0,0,0,0,0,0,0,0,0,0,0,0,0,0,0,0,0,0,0,0,0,0,0,0,0,0,0,0,0,0,0,0,0,0,0,0,0,0,0,0,0,0,0,0,0,0,0,0,0,0,0,0,0,0,0,0,0,0,0,0,0,0,0,0,0,0,0,0,0,0,0,0,0,0,0,0,0,0,0,0,0,0,0,0,0,0,0,0,0,0,0,0,0,0
3100,1495.8645459373072,0,0,0,0,0,0,0,0,0,0,0,0,0,0,0,0,0,0,0,0,0,0,0,0,0,0,0,0,0,0,0,0,0,0,0,0,0,0,0,0,0,0,13.716954409109924,13.716954409109924,13.716954409109924,13.716954409109924,13.716954409109924,13.716954409109924,13.716954409109924,13.716954409109924,13.716954409109924,13.716954409109924,13.716954409109924,13.716954409109924,13.716954409109924,13.716954409109924,13.716954409109924,13.716954409109924,13.716954409109924,13.716954409109924,13.716954409109924,13.716954409109924,13.716954409109924,13.716954409109924,13.716954409109924,13.716954409109924,13.716954409109924,13.716954409109924,13.716954409109924,13.716954409109924,13.716954409109924,13.716954409109924,13.716954409109924,13.716954409109924,13.716954409109924,13.716954409109924,13.716954409109924,0,0,0,0,0,0,0,0,0,0,0,0,0,0,0,0,0,0,0,0,0,0,0,0,0,0,0,0,0,0,0,0,0,0,0,0,0,0,0,0,9.169917454334005,9.169917454334005,9.169917454334005,9.169917454334005,9.169917454334005,9.169917454334005,9.169917454334005,9.169917454334005,9.169917454334005,9.169917454334005,9.169917454334005,9.169917454334005,9.169917454334005,9.169917454334005,9.169917454334005,9.169917454334005,9.169917454334005,9.169917454334005,9.169917454334005,9.169917454334005,9.169917454334005,9.169917454334005,9.169917454334005,9.169917454334005,9.169917454334005,9.169917454334005,9.169917454334005,9.169917454334005,9.169917454334005,9.169917454334005,9.169917454334005,9.169917454334005,9.169917454334005,9.169917454334005,9.169917454334005
3101,1748.731637229842,30.205579701485778,17.272850252388814,0,0,0,0,0,0,0,0,0,0,0,0,0,0,0,0,0,0,0,31.79452303847076,31.79452303847076,31.79452303847076,31.79452303847076,31.79452303847076,31.79452303847076,31.79452303847076,31.79452303847076,31.79452303847076,31.79452303847076,31.79452303847076,31.79452303847076,31.79452303847076,31.79452303847076,31.79452303847076,31.79452303847076,31.79452303847076,31.79452303847076,31.79452303847076,31.79452303847076,31.79452303847076,31.79452303847076,31.79452303847076,31.79452303847076,31.79452303847076,31.79452303847076,31.79452303847076,31.79452303847076,31.79452303847076,31.79452303847076,31.79452303847076,31.79452303847076,31.79452303847076,31.79452303847076,31.79452303847076,31.79452303847076,31.79452303847076,31.79452303847076,31.79452303847076,31.79452303847076,31.79452303847076,31.79452303847076,31.79452303847076,31.79452303847076,31.79452303847076,31.79452303847076,31.79452303847076,31.79452303847076,31.79452303847076,31.79452303847076,32.53115430957466,32.53115430957466,32.53115430957466,32.53115430957466,32.53115430957466,32.53115430957466,0,0,0,0,0,0,0,0,0,0,0,0,0,0,0,0,0,0,0,18.181476426443755,18.181476426443755,18.181476426443755,18.181476426443755,18.181476426443755,18.181476426443755,18.181476426443755,18.181476426443755,18.181476426443755,18.181476426443755,18.181476426443755,18.181476426443755,18.181476426443755,18.181476426443755,18.181476426443755,18.181476426443755,18.181476426443755,18.181476426443755,18.181476426443755,18.181476426443755,18.181476426443755,18.181476426443755,18.181476426443755,18.181476426443755,18.181476426443755,18.181476426443755,18.181476426443755,18.181476426443755,18.181476426443755,18.181476426443755,18.181476426443755,18.181476426443755,18.181476426443755,18.181476426443755,18.181476426443755,18.181476426443755,18.181476426443755,18.181476426443755,18.181476426443755,18.181476426443755,18.181476426443755,18.181476426443755,18.181476426443755,18.181476426443755,18.181476426443755,18.181476426443755,18.181476426443755,18.181476426443755,18.181476426443755,18.181476426443755,18.602713885308965,18.602713885308965,18.602713885308965,18.602713885308965,18.602713885308965,18.602713885308965
3102,1970.7676336551576,0,0,0,0,0,0,0,0,0,0,0,0,0,0,0,0,0,0,0,0,0,0,0,0,0,0,0,0,0,0,0,0,0,0,0,0,0,0,0,0,0,0,0,0,0,0,0,0,0,0,0,0,0,0,0,0,0,0,0,0,0,0,0,0,0,0,0,0,0,0,0,0,0,0,0,0,0,0,0,0,0,0,0,0,0,0,0,0,0,0,0,0,0,0,0,0,0,0,0,0,0,0,0,0,0,0,0,0,0,0,0,0,0,0,0,0,0,0,0,0,0,0,0,0,0,0,0,0,0,0,0,0,0,0,0,0,0,0,0,0,0,0,0,0,0,0,0,0,0,0,0,0
4001,6540.335375311443,76.64970398237195,11.719537238367073,0,0,0,0,0,0,0,0,0,0,0,0,0,0,0,0,0,0,0,0,0,0,0,0,0,0,0,0,0,0,0,0,0,0,0,0,0,0,0,0,0,0,0,0,0,0,0,0,0,0,0,0,0,0,0,0,0,0,0,0,0,0,0,0,0,0,0,0,0,0,49.794345907829154,49.794345907829154,49.794345907829154,49.794345907829154,49.794345907829154,0,0,0,0,0,0,0,0,0,0,0,0,0,0,0,0,0,0,0,0,0,0,0,0,0,0,0,0,0,0,0,0,0,0,0,0,0,0,0,0,0,0,0,0,0,0,0,0,0,0,0,0,0,0,0,0,0,0,0,0,0,0,0,0,0,0,0,0,0,0,7.613423937829489,7.613423937829489,7.613423937829489,7.613423937829489,7.613423937829489
4002,112.6397014209168,0,0,0,0,0,0,0,0,0,0,0,0,0,0,0,0,0,0,0,0,0,0,0,0,0,0,0,0,0,0,0,0,0,0,0,0,0,0,0,0,0,0,0,0,0,0,0,0,0,0,0,0,0,0,0,0,0,0,0,0,0,0,0,0,0,0,0,0,0,0,0,0,0,0,0,0,0,0,0,0,0,0,0,0,0,0,0,0,0,0,0,0,0,0,0,0,0,0,0,0,0,0,0,0,0,0,0,0,0,0,0,0,0,0,0,0,0,0,0,0,0,0,0,0,0,0,0,0,0,0,0,0,0,0,0,0,0,0,0,0,0,0,0,0,0,0,0,0,0,0,0,0
4003,516.7033919383515,0,0,0,0,0,0,0,0,0,0,0,0,0,0,0,0,0,0,0,0,0,0,0,0,0,0,0,0,0,0,0,0,0,0,0,0,0,0,0,0,0,0,0,0,0,0,0,0,0,0,0,0,0,0,0,0,0,0,0,0,0,0,0,0,0,0,0,0,0,0,0,0,0,0,0,0,0,0,0,0,0,0,0,0,0,0,0,0,0,0,0,0,0,0,0,0,0,0,0,0,0,0,0,0,0,0,0,0,0,0,0,0,0,0,0,0,0,0,0,0,0,0,0,0,0,0,0,0,0,0,0,0,0,0,0,0,0,0,0,0,0,0,0,0,0,0,0,0,0,0,0,0
4004,2480.3448302290913,8.506154786773504,3.4294242812955376,0,0,0,0,0,0,0,0,0,0,0,0,0,0,0,0,0,0,0,0,0,0,0,0,0,0,0,0,0,0,0,0,0,0,0,0,0,0,0,0,0,0,0,0,0,0,0,0,0,0,0,0,0,0,0,0,0,0,0,0,0,0,0,0,0,0,0,0,0,0,0,0,0,0,0,0,0,0,0,0,0,0,0,0,0,0,0,0,0,0,0,0,0,0,0,0,0,0,0,0,0,0,0,0,0,0,0,0,0,0,0,0,0,0,0,0,0,0,0,0,0,0,0,0,0,0,0,0,0,0,0,0,0,0,0,0,0,0,0,0,0,0,0,0,0,0,0,0,0,0
4005,540.1122442590811,0,0,0,0,0,0,0,0,0,0,0,0,0,0,0,0,0,0,0,0,0,0,0,0,0,0,0,0,0,0,0,0,0,0,0,0,0,0,0,0,0,0,0,0,0,0,0,0,0,0,0,0,0,0,0,0,0,0,0,0,0,0,0,0,0,0,0,0,0,0,0,0,0,0,0,0,0,0,0,0,0,0,0,0,0,0,0,0,0,0,0,0,0,0,0,0,0,0,0,0,0,0,0,0,0,0,0,0,0,0,0,0,0,0,0,0,0,0,0,0,0,0,0,0,0,0,0,0,0,0,0,0,0,0,0,0,0,0,0,0,0,0,0,0,0,0,0,0,0,0,0,0
4006,2224.172704836895,0,0,0,0,0,0,0,0,0,0,0,0,0,0,0,0,0,0,0,0,0,0,0,0,0,0,0,0,0,0,0,0,0,0,0,0,0,0,0,0,0,0,0,0,0,0,0,0,0,0,0,0,0,0,0,0,0,0,0,0,0,0,0,0,0,0,0,0,0,0,0,0,0,40.721151483650345,40.721151483650345,40.721151483650345,40.721151483650345,0,0,0,0,0,0,0,0,0,0,0,0,0,0,0,0,0,0,0,0,0,0,0,0,0,0,0,0,0,0,0,0,0,0,0,0,0,0,0,0,0,0,0,0,0,0,0,0,0,0,0,0,0,0,0,0,0,0,0,0,0,0,0,0,0,0,0,0,0,0,0,18.30844852789278,18.30844852789278,18.30844852789278,18.30844852789278
4007,1879.4014980440606,30.58315079450169,16.272813885872885,0,0,0,0,0,0,0,0,0,0,0,0,0,0,0,0,0,0,0,0,0,0,0,0,0,0,0,0,0,0,0,0,0,0,0,0,0,0,0,0,0,0,0,0,0,0,0,0,0,0,0,0,0,0,0,0,0,0,0,0,0,0,0,0,0,0,0,0,0,38.118355594980095,38.118355594980095,69.81700281274273,69.81700281274273,69.81700281274273,69.81700281274273,0,0,0,0,0,0,0,0,0,0,0,0,0,0,0,0,0,0,0,0,0,0,0,0,0,0,0,0,0,0,0,0,0,0,0,0,0,0,0,0,0,0,0,0,0,0,0,0,0,0,0,0,0,0,0,0,0,0,0,0,0,0,0,0,0,0,0,0,0,20.282177935183515,20.282177935183515,37.148529936473395,37.148529936473395,37.148529936473395,37.148529936473395
4008,5634.827754157413,0,0,0,0,0,0,0,0,0,0,0,0,0,0,0,0,0,0,0,0,0,0,0,0,0,0,0,0,0,0,0,0,0,0,0,0,0,0,0,0,0,0,0,0,0,0,0,0,0,0,0,0,0,0,0,0,0,0,0,0,0,0,0,0,0,0,0,0,0,0,0,0,0,0,0,0,0,0,0,0,0,0,0,0,0,0,0,0,0,0,0,0,0,0,0,0,0,0,0,0,0,0,0,0,0,0,0,0,0,0,0,0,0,0,0,0,0,0,0,0,0,0,0,0,0,0,0,0,0,0,0,0,0,0,0,0,0,0,0,0,0,0,0,0,0,0,0,0,0,0,0,0
4009,1159.2677060282517,0,0,0,0,0,0,0,0,0,0,0,0,0,0,0,0,0,0,0,0,0,0,0,0,0,0,0,0,0,0,0,0,0,0,0,0,0,0,0,0,0,0,0,0,0,0,0,0,0,0,0,0,0,0,0,0,0,0,0,0,0,0,0,0,0,0,0,0,0,0,0,0,0,0,0,0,0,0,0,0,0,0,0,0,0,0,0,0,0,0,0,0,0,0,0,0,0,0,0,0,0,0,0,0,0,0,0,0,0,0,0,0,0,0,0,0,0,0,0,0,0,0,0,0,0,0,0,0,0,0,0,0,0,0,0,0,0,0,0,0,0,0,0,0,0,0,0,0,0,0,0,0
4010,224.24215989250712,0,0,0,0,0,0,0,0,0,0,0,0,0,0,0,0,0,0,0,0,0,0,0,0,0,0,0,0,0,0,0,0,0,0,0,0,0,0,0,0,0,0,0,0,0,0,0,0,0,0,0,0,0,0,0,0,0,0,0,0,0,0,0,0,0,0,0,0,0,0,0,0,0,0,0,0,0,0,0,0,0,0,0,0,0,0,0,0,0,0,0,0,0,0,0,0,0,0,0,0,0,0,0,0,0,0,0,0,0,0,0,0,0,0,0,0,0,0,0,0,0,0,0,0,0,0,0,0,0,0,0,0,0,0,0,0,0,0,0,0,0,0,0,0,0,0,0,0,0,0,0,0
4011,13649.071966757625,0,0,0,0,0,0,0,0,0,0,0,0,0,0,0,0,0,0,0,0,0,0,0,0,0,0,0,0,0,0,0,0,0,0,0,0,0,0,0,0,0,0,0,0,0,0,0,0,0,0,0,0,0,0,0,0,0,0,0,0,0,0,0,0,0,0,0,0,0,0,0,0,0,0,0,0,0,0,0,0,0,0,0,0,0,0,0,0,0,0,0,0,0,0,0,0,0,0,0,0,0,0,0,0,0,0,0,0,0,0,0,0,0,0,0,0,0,0,0,0,0,0,0,0,0,0,0,0,0,0,0,0,0,0,0,0,0,0,0,0,0,0,0,0,0,0,0,0,0,0,0,0
4012,2857.265300212527,0,0,0,0,0,0,0,0,0,0,0,0,0,0,0,0,0,0,0,0,0,0,0,0,0,0,0,0,0,0,0,0,0,0,0,0,0,0,0,0,0,0,0,0,0,0,0,0,0,0,0,0,0,0,0,0,0,0,0,0,0,0,0,0,0,0,0,0,0,0,0,0,0,0,0,0,0,0,0,0,0,0,0,0,0,0,0,0,0,0,0,0,0,0,0,0,0,0,0,0,0,0,0,0,0,0,0,0,0,0,0,0,0,0,0,0,0,0,0,0,0,0,0,0,0,0,0,0,0,0,0,0,0,0,0,0,0,0,0,0,0,0,0,0,0,0,0,0,0,0,0,0
4013,1803.8260369205839,0,0,0,0,0,0,0,0,0,0,0,0,0,0,0,0,0,0,0,0,0,0,0,0,0,0,0,0,0,0,0,0,0,0,0,0,0,0,0,0,0,0,0,0,0,0,0,0,0,0,0,0,0,0,0,0,0,0,0,0,0,0,0,0,0,0,0,0,0,0,0,0,0,0,0,0,0,0,0,0,0,0,0,0,0,0,0,0,0,0,0,0,0,0,0,0,0,0,0,0,0,0,0,0,0,0,0,0,0,0,0,0,0,0,0,0,0,0,0,0,0,0,0,0,0,0,0,0,0,0,0,0,0,0,0,0,0,0,0,0,0,0,0,0,0,0,0,0,0,0,0,0
4014,8932.848713358808,0,0,0,0,0,0,0,0,0,0,0,0,0,0,0,0,0,0,0,0,0,0,0,0,0,0,0,0,0,0,0,0,0,0,0,0,0,0,0,0,0,0,0,0,0,0,0,0,0,0,0,0,0,0,0,0,0,0,0,0,0,0,0,0,0,0,0,0,0,0,0,0,0,0,0,0,0,0,0,0,0,0,0,0,0,0,0,0,0,0,0,0,0,0,0,0,0,0,0,0,0,0,0,0,0,0,0,0,0,0,0,0,0,0,0,0,0,0,0,0,0,0,0,0,0,0,0,0,0,0,0,0,0,0,0,0,0,0,0,0,0,0,0,0,0,0,0,0,0,0,0,0
4015,6903.482806696535,0,0,0,0,0,0,0,0,0,0,0,0,0,0,0,0,0,0,0,0,0,0,0,0,0,0,0,0,0,0,0,0,0,0,0,0,0,0,0,0,0,0,0,0,0,0,0,0,0,0,0,0,0,0,0,0,0,0,0,0,0,0,0,0,0,0,0,0,0,0,0,0,0,0,0,0,0,0,0,0,0,0,0,0,0,0,0,0,0,0,0,0,0,0,0,0,0,0,0,0,0,0,0,0,0,0,0,0,0,0,0,0,0,0,0,0,0,0,0,0,0,0,0,0,0,0,0,0,0,0,0,0,0,0,0,0,0,0,0,0,0,0,0,0,0,0,0,0,0,0,0,0
4016,7105.688095958867,0,0,0,0,0,0,0,0,0,0,0,0,0,0,0,0,0,0,0,0,0,0,0,0,0,0,0,0,0,0,0,0,0,0,0,0,0,0,0,0,0,0,0,0,0,0,0,0,0,0,0,0,0,0,0,0,0,0,0,0,0,0,0,0,0,0,0,0,0,0,0,0,0,0,0,0,0,0,0,0,0,0,0,0,0,0,0,0,0,0,0,0,0,0,0,0,0,0,0,0,0,0,0,0,0,0,0,0,0,0,0,0,0,0,0,0,0,0,0,0,0,0,0,0,0,0,0,0,0,0,0,0,0,0,0,0,0,0,0,0,0,0,0,0,0,0,0,0,0,0,0,0
4017,11916.817187036957,0,0,0,0,0,0,0,0,0,0,0,0,0,0,0,0,0,0,0,0,0,0,0,0,0,0,0,0,0,0,0,0,0,0,0,0,0,0,0,0,0,0,0,0,0,0,0,0,0,0,0,0,0,0,0,0,0,0,0,0,0,0,0,0,0,0,0,0,0,0,0,0,0,0,0,0,0,0,0,0,0,0,0,0,0,0,0,0,0,0,0,0,0,0,0,0,0,0,0,0,0,0,0,0,0,0,0,0,0,0,0,0,0,0,0,0,0,0,0,0,0,0,0,0,0,0,0,0,0,0,0,0,0,0,0,0,0,0,0,0,0,0,0,0,0,0,0,0,0,0,0,0
4018,501.0073471830761,0,0,0,0,0,0,0,0,0,0,0,0,0,0,0,0,0,0,0,0,0,0,0,0,0,0,0,0,0,0,0,0,0,0,0,0,0,0,0,0,0,0,0,0,0,0,0,0,0,0,0,0,0,0,0,0,0,0,0,0,0,0,0,0,0,0,0,0,0,0,0,0,0,0,0,0,0,0,0,0,0,0,0,0,0,0,0,0,0,0,0,0,0,0,0,0,0,0,0,0,0,0,0,0,0,0,0,0,0,0,0,0,0,0,0,0,0,0,0,0,0,0,0,0,0,0,0,0,0,0,0,0,0,0,0,0,0,0,0,0,0,0,0,0,0,0,0,0,0,0,0,0
4019,2672.9695724718977,55.61480222568399,20.806373105943276,0,0,0,0,0,0,0,0,0,0,0,0,0,0,0,0,0,0,0,0,0,0,0,0,0,0,0,0,0,0,0,0,0,0,0,0,0,0,0,0,0,0,0,0,0,0,0,0,0,0,0,0,0,0,0,0,0,0,0,0,0,0,0,0,0,0,0,0,0,0,0,0,0,0,0,0,0,0,0,0,0,0,0,0,0,0,0,0,0,0,0,0,0,0,0,0,0,0,0,0,0,0,0,0,0,0,0,0,0,0,0,0,0,0,0,0,0,0,0,0,0,0,0,0,0,0,0,0,0,0,0,0,0,0,0,0,0,0,0,0,0,0,0,0,0,0,0,0,0,0
4020,6990.256431478335,0,0,0,0,0,0,0,0,0,0,0,0,0,0,0,0,0,0,0,0,0,0,0,0,0,0,0,0,0,0,0,0,0,0,0,0,0,0,0,0,0,0,0,0,0,0,0,0,0,0,0,0,0,0,0,0,0,0,0,0,0,0,0,0,0,0,0,0,0,0,0,0,0,0,0,0,0,0,0,0,0,0,0,0,0,0,0,0,0,0,0,0,0,0,0,0,0,0,0,0,0,0,0,0,0,0,0,0,0,0,0,0,0,0,0,0,0,0,0,0,0,0,0,0,0,0,0,0,0,0,0,0,0,0,0,0,0,0,0,0,0,0,0,0,0,0,0,0,0,0,0,0
4021,10231.769371887443,459.469621211348,44.9061745345605,0,0,0,0,0,0,0,0,0,0,0,0,0,0,0,0,0,0,0,0,0,0,0,0,0,0,0,0,0,0,0,0,0,0,0,0,0,0,0,0,0,0,0,0,0,0,0,0,0,0,0,0,0,42.95727104187544,42.95727104187544,42.95727104187544,42.95727104187544,42.95727104187544,42.95727104187544,42.95727104187544,42.95727104187544,85.91319463643227,85.91319463643227,85.91319463643227,85.91319463643227,85.91319463643227,85.91319463643227,85.91319463643227,85.91319463643227,85.91319463643227,111.78401257320039,111.78401257320039,111.78401257320039,111.78401257320039,111.78401257320039,0,0,0,0,0,0,0,0,0,0,0,0,0,0,0,0,0,0,0,0,0,0,0,0,0,0,0,0,0,0,0,0,0,0,0,0,0,0,0,0,0,0,0,0,0,0,0,0,0,0,0,0,0,4.198420574246305,4.198420574246305,4.198420574246305,4.198420574246305,4.198420574246305,4.198420574246305,4.198420574246305,4.198420574246305,8.396709455989619,8.396709455989619,8.396709455989619,8.396709455989619,8.396709455989619,8.396709455989619,8.396709455989619,8.396709455989619,8.396709455989619,10.92518884175941,10.92518884175941,10.92518884175941,10.92518884175941,10.92518884175941
4022,1849.5806712835058,0,0,0,0,0,0,0,0,0,0,0,0,0,0,0,0,0,0,0,0,0,0,0,0,0,0,0,0,0,0,0,0,0,0,0,0,0,0,0,0,0,0,0,0,0,0,0,0,0,0,0,0,0,0,0,0,0,0,0,0,0,0,0,0,0,0,0,0,0,0,0,0,0,0,0,0,0,0,0,0,0,0,0,0,0,0,0,0,0,0,0,0,0,0,0,0,0,0,0,0,0,0,0,0,0,0,0,0,0,0,0,0,0,0,0,0,0,0,0,0,0,0,0,0,0,0,0,0,0,0,0,0,0,0,0,0,0,0,0,0,0,0,0,0,0,0,0,0,0,0,0,0
4023,1033.4428188273478,0,0,0,0,0,0,0,0,0,0,0,0,0,0,0,0,0,0,0,0,0,0,0,0,0,0,0,0,0,0,0,0,0,0,0,0,0,0,0,0,0,0,0,0,0,0,0,0,0,0,0,0,0,0,0,0,0,0,0,0,0,0,0,0,0,0,0,0,0,0,0,0,0,0,0,0,0,0,0,0,0,0,0,0,0,0,0,0,0,0,0,0,0,0,0,0,0,0,0,0,0,0,0,0,0,0,0,0,0,0,0,0,0,0,0,0,0,0,0,0,0,0,0,0,0,0,0,0,0,0,0,0,0,0,0,0,0,0,0,0,0,0,0,0,0,0,0,0,0,0,0,0
4024,3639.3439886651577,0,0,0,0,0,0,0,0,0,0,0,0,0,0,0,0,0,0,0,0,0,0,0,0,0,0,0,0,0,0,0,0,0,0,0,0,0,0,0,0,0,0,0,0,0,0,0,0,0,0,0,0,0,0,0,0,0,0,0,0,0,0,0,0,0,0,0,0,0,0,0,0,0,0,0,0,0,0,0,0,0,0,0,0,0,0,0,0,0,0,0,0,0,0,0,0,0,0,0,0,0,0,0,0,0,0,0,0,0,0,0,0,0,0,0,0,0,0,0,0,0,0,0,0,0,0,0,0,0,0,0,0,0,0,0,0,0,0,0,0,0,0,0,0,0,0,0,0,0,0,0,0
4025,12890.705927469073,0,0,0,0,0,0,0,0,0,0,0,0,0,0,0,0,0,0,0,0,0,0,0,0,0,0,0,0,0,0,0,0,0,0,0,0,0,0,0,0,0,0,0,0,0,0,0,0,0,0,0,0,0,0,0,0,0,0,0,0,0,0,0,0,0,0,0,0,0,0,0,0,0,0,0,0,0,0,0,0,0,0,0,0,0,0,0,0,0,0,0,0,0,0,0,0,0,0,0,0,0,0,0,0,0,0,0,0,0,0,0,0,0,0,0,0,0,0,0,0,0,0,0,0,0,0,0,0,0,0,0,0,0,0,0,0,0,0,0,0,0,0,0,0,0,0,0,0,0,0,0,0
4026,970.8672079377134,0,0,0,0,0,0,0,0,0,0,0,0,0,0,0,0,0,0,0,0,0,0,0,0,0,0,0,0,0,0,0,0,0,0,0,0,0,0,0,0,0,0,0,0,0,0,0,0,0,0,0,0,0,0,0,0,0,0,0,0,0,0,0,0,0,0,0,0,0,0,0,0,0,0,0,0,0,0,0,0,0,0,0,0,0,0,0,0,0,0,0,0,0,0,0,0,0,0,0,0,0,0,0,0,0,0,0,0,0,0,0,0,0,0,0,0,0,0,0,0,0,0,0,0,0,0,0,0,0,0,0,0,0,0,0,0,0,0,0,0,0,0,0,0,0,0,0,0,0,0,0,0
4027,8700.367105429197,0,0,0,0,0,0,0,0,0,0,0,0,0,0,0,0,0,0,0,0,0,0,0,0,0,0,0,0,0,0,0,0,0,0,0,0,0,0,0,0,0,0,0,0,0,0,0,0,0,0,0,0,0,0,0,0,0,0,0,0,0,0,0,0,0,0,0,0,0,0,0,0,0,0,0,0,0,0,0,0,0,0,0,0,0,0,0,0,0,0,0,0,0,0,0,0,0,0,0,0,0,0,0,0,0,0,0,0,0,0,0,0,0,0,0,0,0,0,0,0,0,0,0,0,0,0,0,0,0,0,0,0,0,0,0,0,0,0,0,0,0,0,0,0,0,0,0,0,0,0,0,0
4028,2437.6153912961113,300.88405449822284,123.43376874488759,0,0,0,0,0,0,0,0,0,0,0,0,0,0,0,0,0,0,0,0,0,0,0,0,0,0,0,0,0,0,0,0,0,0,0,0,0,0,0,17.622695556962476,17.622695556962476,17.622695556962476,63.22185537130891,63.22185537130891,63.22185537130891,63.22185537130891,63.22185537130891,63.22185537130891,63.22185537130891,63.22185537130891,63.22185537130891,63.22185537130891,63.22185537130891,63.22185537130891,63.22185537130891,63.22185537130891,63.22185537130891,63.22185537130891,63.22185537130891,63.22185537130891,63.22185537130891,63.22185537130891,63.22185537130891,63.22185537130891,63.22185537130891,63.22185537130891,63.22185537130891,63.22185537130891,63.22185537130891,63.22185537130891,63.22185537130891,63.22185537130891,63.22185537130891,63.22185537130891,63.22185537130891,0,0,0,0,0,0,0,0,0,0,0,0,0,0,0,0,0,0,0,0,0,0,0,0,0,0,0,0,0,0,0,0,0,0,0,0,0,0,0,7.229481574446519,7.229481574446519,7.229481574446519,25.93594362632123,25.93594362632123,25.93594362632123,25.93594362632123,25.93594362632123,25.93594362632123,25.93594362632123,25.93594362632123,25.93594362632123,25.93594362632123,25.93594362632123,25.93594362632123,25.93594362632123,25.93594362632123,25.93594362632123,25.93594362632123,25.93594362632123,25.93594362632123,25.93594362632123,25.93594362632123,25.93594362632123,25.93594362632123,25.93594362632123,25.93594362632123,25.93594362632123,25.93594362632123,25.93594362632123,25.93594362632123,25.93594362632123,25.93594362632123,25.93594362632123,25.93594362632123,25.93594362632123
4029,4221.623076339705,142.73251812670281,33.80986780337029,0,0,0,0,0,0,0,0,0,0,0,0,0,0,0,0,0,0,0,0,0,0,0,0,0,0,0,0,0,0,0,0,0,0,0,0,0,0,0,0,0,0,0,0,0,0,0,0,0,0,0,0,0,0,0,0,0,0,0,0,0,0,0,0,0,0,0,0,0,20.909680559908445,60.610098217716285,67.47592363873528,67.47592363873528,67.47592363873528,67.47592363873528,0,0,0,0,0,0,0,0,0,0,0,0,0,0,0,0,0,0,0,0,0,0,0,0,0,0,0,0,0,0,0,0,0,0,0,0,0,0,0,0,0,0,0,0,0,0,0,0,0,0,0,0,0,0,0,0,0,0,0,0,0,0,0,0,0,0,0,0,0,4.952995608986928,14.357060571657515,15.983407902260963,15.983407902260963,15.983407902260963,15.983407902260963
4030,9214.778239357807,0,0,0,0,0,0,0,0,0,0,0,0,0,0,0,0,0,0,0,0,0,0,0,0,0,0,0,0,0,0,0,0,0,0,0,0,0,0,0,0,0,0,0,0,0,0,0,0,0,0,0,0,0,0,0,0,0,0,0,0,0,0,0,0,0,0,0,0,0,0,0,0,0,0,0,0,0,0,0,0,0,0,0,0,0,0,0,0,0,0,0,0,0,0,0,0,0,0,0,0,0,0,0,0,0,0,0,0,0,0,0,0,0,0,0,0,0,0,0,0,0,0,0,0,0,0,0,0,0,0,0,0,0,0,0,0,0,0,0,0,0,0,0,0,0,0,0,0,0,0,0,0
4031,5519.769853049412,94.82042893759463,17.178330159039298,0,0,0,0,0,0,0,0,0,0,0,0,0,0,0,0,0,0,0,0,0,0,0,0,0,0,0,0,0,0,0,0,0,0,0,0,0,0,0,0,0,0,0,0,0,0,0,0,0,0.19365198806072897,0.19365198806072897,0.19365198806072897,0.19365198806072897,0.19365198806072897,0.19365198806072897,0.19365198806072897,0.19365198806072897,0.19365198806072897,0.19365198806072897,0.19365198806072897,0.19365198806072897,0.19365198806072897,0.19365198806072897,0.19365198806072897,0.19365198806072897,0.19365198806072897,0.19365198806072897,0.19365198806072897,0.19365198806072897,0.19365198806072897,0.19365198806072897,99.27708461281658,99.27708461281658,99.27708461281658,99.27708461281658,0,0,0,0,0,0,0,0,0,0,0,0,0,0,0,0,0,0,0,0,0,0,0,0,0,0,0,0,0,0,0,0,0,0,0,0,0,0,0,0,0,0,0,0,0,0,0,0,0,0.03508334463505674,0.03508334463505674,0.03508334463505674,0.03508334463505674,0.03508334463505674,0.03508334463505674,0.03508334463505674,0.03508334463505674,0.03508334463505674,0.03508334463505674,0.03508334463505674,0.03508334463505674,0.03508334463505674,0.03508334463505674,0.03508334463505674,0.03508334463505674,0.03508334463505674,0.03508334463505674,0.03508334463505674,0.03508334463505674,0.03508334463505674,0.03508334463505674,17.985728980705723,17.985728980705723,17.985728980705723,17.985728980705723
4032,1269.892579211597,0,0,0,0,0,0,0,0,0,0,0,0,0,0,0,0,0,0,0,0,0,0,0,0,0,0,0,0,0,0,0,0,0,0,0,0,0,0,0,0,0,0,0,0,0,0,0,0,0,0,0,0,0,0,0,0,0,0,0,0,0,0,0,0,0,0,0,0,0,0,0,0,0,0,0,0,0,0,0,0,0,0,0,0,0,0,0,0,0,0,0,0,0,0,0,0,0,0,0,0,0,0,0,0,0,0,0,0,0,0,0,0,0,0,0,0,0,0,0,0,0,0,0,0,0,0,0,0,0,0,0,0,0,0,0,0,0,0,0,0,0,0,0,0,0,0,0,0,0,0,0,0
4033,832.3279561081848,0,0,0,0,0,0,0,0,0,0,0,0,0,0,0,0,0,0,0,0,0,0,0,0,0,0,0,0,0,0,0,0,0,0,0,0,0,0,0,0,0,0,0,0,0,0,0,0,0,0,0,0,0,0,0,0,0,0,0,0,0,0,0,0,0,0,0,0,0,0,0,0,0,0,0,0,0,0,0,0,0,0,0,0,0,0,0,0,0,0,0,0,0,0,0,0,0,0,0,0,0,0,0,0,0,0,0,0,0,0,0,0,0,0,0,0,0,0,0,0,0,0,0,0,0,0,0,0,0,0,0,0,0,0,0,0,0,0,0,0,0,0,0,0,0,0,0,0,0,0,0,0
4034,9187.494397766133,0,0,0,0,0,0,0,0,0,0,0,0,0,0,0,0,0,0,0,0,0,0,0,0,0,0,0,0,0,0,0,0,0,0,0,0,0,0,0,0,0,0,0,0,0,0,0,0,0,0,0,0,0,0,0,0,0,0,0,0,0,0,0,0,0,0,0,0,0,0,0,0,0,0,0,0,0,0,0,0,0,0,0,0,0,0,0,0,0,0,0,0,0,0,0,0,0,0,0,0,0,0,0,0,0,0,0,0,0,0,0,0,0,0,0,0,0,0,0,0,0,0,0,0,0,0,0,0,0,0,0,0,0,0,0,0,0,0,0,0,0,0,0,0,0,0,0,0,0,0,0,0
4035,2450.897245826468,0,0,0,0,0,0,0,0,0,0,0,0,0,0,0,0,0,0,0,0,0,0,0,0,0,0,0,0,0,0,0,0,0,0,0,0,0,0,0,0,0,0,0,0,0,0,0,0,0,0,0,0,0,0,0,0,0,0,0,0,0,0,0,0,0,0,0,0,0,0,0,0,0,0,0,0,0,0,0,0,0,0,0,0,0,0,0,0,0,0,0,0,0,0,0,0,0,0,0,0,0,0,0,0,0,0,0,0,0,0,0,0,0,0,0,0,0,0,0,0,0,0,0,0,0,0,0,0,0,0,0,0,0,0,0,0,0,0,0,0,0,0,0,0,0,0,0,0,0,0,0,0
4036,733.1429142019073,0,0,0,0,0,0,0,0,0,0,0,0,0,0,0,0,0,0,0,0,0,0,0,0,0,0,0,0,0,0,0,0,0,0,0,0,0,0,0,0,0,0,0,0,0,0,0,0,0,0,0,0,0,0,0,0,0,0,0,0,0,0,0,0,0,0,0,0,0,0,0,0,0,0,0,0,0,0,0,0,0,0,0,0,0,0,0,0,0,0,0,0,0,0,0,0,0,0,0,0,0,0,0,0,0,0,0,0,0,0,0,0,0,0,0,0,0,0,0,0,0,0,0,0,0,0,0,0,0,0,0,0,0,0,0,0,0,0,0,0,0,0,0,0,0,0,0,0,0,0,0,0
4037,4051.793914107748,0,0,0,0,0,0,0,0,0,0,0,0,0,0,0,0,0,0,0,0,0,0,0,0,0,0,0,0,0,0,0,0,0,0,0,0,0,0,0,0,0,0,0,0,0,0,0,0,0,0,0,0,0,0,0,0,0,0,0,0,0,0,0,0,0,0,0,0,0,0,0,0,0,0,0,0,0,0,0,0,0,0,0,0,0,0,0,0,0,0,0,0,0,0,0,0,0,0,0,0,0,0,0,0,0,0,0,0,0,0,0,0,0,0,0,0,0,0,0,0,0,0,0,0,0,0,0,0,0,0,0,0,0,0,0,0,0,0,0,0,0,0,0,0,0,0,0,0,0,0,0,0
4038,592.7306240279903,0,0,0,0,0,0,0,0,0,0,0,0,0,0,0,0,0,0,0,0,0,0,0,0,0,0,0,0,0,0,0,0,0,0,0,0,0,0,0,0,0,0,0,0,0,0,0,0,0,0,0,0,0,0,0,0,0,0,0,0,0,0,0,0,0,0,0,0,0,0,0,0,13.216245684743555,13.216245684743555,13.216245684743555,13.216245684743555,13.216245684743555,0,0,0,0,0,0,0,0,0,0,0,0,0,0,0,0,0,0,0,0,0,0,0,0,0,0,0,0,0,0,0,0,0,0,0,0,0,0,0,0,0,0,0,0,0,0,0,0,0,0,0,0,0,0,0,0,0,0,0,0,0,0,0,0,0,0,0,0,0,0,22.297220944871324,22.297220944871324,22.297220944871324,22.297220944871324,22.297220944871324
4039,4754.743152415959,0,0,0,0,0,0,0,0,0,0,0,0,0,0,0,0,0,0,0,0,0,0,0,0,0,0,0,0,0,0,0,0,0,0,0,0,0,0,0,0,0,0,0,0,0,0,0,0,0,0,0,0,0,0,0,0,0,0,0,0,0,0,0,0,0,0,0,0,0,0,0,0,0,0,0,0,0,0,0,0,0,0,0,0,0,0,0,0,0,0,0,0,0,0,0,0,0,0,0,0,0,0,0,0,0,0,0,0,0,0,0,0,0,0,0,0,0,0,0,0,0,0,0,0,0,0,0,0,0,0,0,0,0,0,0,0,0,0,0,0,0,0,0,0,0,0,0,0,0,0,0,0
4040,2325.6216511404887,8.524864855802686,3.665628436002081,0,0,0,0,0,0,0,0,0,0,0,0,0,0,0,0,0,0,0,0,0,0,0,0,0,0,0,0,0,0,0,0,0,0,0,0,0,0,0,0,0,0,0,0,0,0,0,0,0,0,0,0,0,0,0,0,0,0,0,0,0,0,0,0,0,0,0,0,0,0,0,0,0,0,0,0,0,0,0,0,0,0,0,0,0,0,0,0,0,0,0,0,0,0,0,0,0,0,0,0,0,0,0,0,0,0,0,0,0,0,0,0,0,0,0,0,0,0,0,0,0,0,0,0,0,0,0,0,0,0,0,0,0,0,0,0,0,0,0,0,0,0,0,0,0,0,0,0,0,0
4041,1628.771396983197,233.6615864523937,143.4587977693988,0,0,0,0,0,0,0,0,0,0,0,0,0,0,0,0,0,0,0,0,0,0,0,0,0,0,0,0,0,0,0,0,0,0,0,0,0,0,0,0,0,0,24.275138223651407,24.275138223651407,24.275138223651407,24.275138223651407,24.275138223651407,24.275138223651407,24.275138223651407,24.275138223651407,24.275138223651407,24.275138223651407,24.275138223651407,41.73955127050377,41.73955127050377,41.73955127050377,41.73955127050377,41.73955127050377,41.73955127050377,41.73955127050377,41.73955127050377,41.73955127050377,41.73955127050377,41.73955127050377,41.73955127050377,41.73955127050377,41.73955127050377,41.73955127050377,41.73955127050377,41.73955127050377,41.73955127050377,41.73955127050377,41.73955127050377,41.73955127050377,41.73955127050377,0,0,0,0,0,0,0,0,0,0,0,0,0,0,0,0,0,0,0,0,0,0,0,0,0,0,0,0,0,0,0,0,0,0,0,0,0,0,0,0,0,0,14.903956607178703,14.903956607178703,14.903956607178703,14.903956607178703,14.903956607178703,14.903956607178703,14.903956607178703,14.903956607178703,14.903956607178703,14.903956607178703,14.903956607178703,25.626402420753195,25.626402420753195,25.626402420753195,25.626402420753195,25.626402420753195,25.626402420753195,25.626402420753195,25.626402420753195,25.626402420753195,25.626402420753195,25.626402420753195,25.626402420753195,25.626402420753195,25.626402420753195,25.626402420753195,25.626402420753195,25.626402420753195,25.626402420753195,25.626402420753195,25.626402420753195,25.626402420753195,25.626402420753195
4042,1529.9412953810506,0,0,0,0,0,0,0,0,0,0,0,0,0,0,0,0,0,0,0,0,0,0,0,0,0,0,0,0,0,0,0,0,0,0,0,0,0,0,0,0,0,0,0,0,0,0,0,0,0,0,0,0,0,0,0,0,0,0,0,0,0,0,0,0,0,0,0,0,0,0,0,0,0,0,0,0,0,0,0,0,0,0,0,0,0,0,0,0,0,0,0,0,0,0,0,0,0,0,0,0,0,0,0,0,0,0,0,0,0,0,0,0,0,0,0,0,0,0,0,0,0,0,0,0,0,0,0,0,0,0,0,0,0,0,0,0,0,0,0,0,0,0,0,0,0,0,0,0,0,0,0,0
4043,1933.9089304109682,0,0,0,0,0,0,0,0,0,0,0,0,0,0,0,0,0,0,0,0,0,0,0,0,0,0,0,0,0,0,0,0,0,0,0,0,0,0,0,0,0,0,0,0,0,0,0,0,0,0,0,0,0,0,0,0,0,0,0,0,0,0,0,0,0,0,0,0,0,0,0,0,0,0,0,0,0,0,0,0,0,0,0,0,0,0,0,0,0,0,0,0,0,0,0,0,0,0,0,0,0,0,0,0,0,0,0,0,0,0,0,0,0,0,0,0,0,0,0,0,0,0,0,0,0,0,0,0,0,0,0,0,0,0,0,0,0,0,0,0,0,0,0,0,0,0,0,0,0,0,0,0
4044,3981.4419378550406,0,0,0,0,0,0,0,0,0,0,0,0,0,0,0,0,0,0,0,0,0,0,0,0,0,0,0,0,0,0,0,0,0,0,0,0,0,0,0,0,0,0,0,0,0,0,0,0,0,0,0,0,0,0,0,0,0,0,0,0,0,0,0,0,0,0,0,0,0,0,0,0,0,0,0,0,0,0,0,0,0,0,0,0,0,0,0,0,0,0,0,0,0,0,0,0,0,0,0,0,0,0,0,0,0,0,0,0,0,0,0,0,0,0,0,0,0,0,0,0,0,0,0,0,0,0,0,0,0,0,0,0,0,0,0,0,0,0,0,0,0,0,0,0,0,0,0,0,0,0,0,0
4045,1215.8849724317674,0,0,0,0,0,0,0,0,0,0,0,0,0,0,0,0,0,0,0,0,0,0,0,0,0,0,0,0,0,0,0,0,0,0,0,0,0,0,0,0,0,0,0,0,0,0,0,0,0,0,0,0,0,0,0,0,0,0,0,0,0,0,0,0,0,0,0,0,0,0,0,0,0,0,0,0,0,0,0,0,0,0,0,0,0,0,0,0,0,0,0,0,0,0,0,0,0,0,0,0,0,0,0,0,0,0,0,0,0,0,0,0,0,0,0,0,0,0,0,0,0,0,0,0,0,0,0,0,0,0,0,0,0,0,0,0,0,0,0,0,0,0,0,0,0,0,0,0,0,0,0,0
4046,917.5075302025155,0,0,0,0,0,0,0,0,0,0,0,0,0,0,0,0,0,0,0,0,0,0,0,0,0,0,0,0,0,0,0,0,0,0,0,0,0,0,0,0,0,0,0,0,0,0,0,0,0,0,0,0,0,0,0,0,0,0,0,0,0,0,0,0,0,0,0,0,0,0,0,0,0,0,0,0,0,0,0,0,0,0,0,0,0,0,0,0,0,0,0,0,0,0,0,0,0,0,0,0,0,0,0,0,0,0,0,0,0,0,0,0,0,0,0,0,0,0,0,0,0,0,0,0,0,0,0,0,0,0,0,0,0,0,0,0,0,0,0,0,0,0,0,0,0,0,0,0,0,0,0,0
4047,219.8701750936986,0,0,0,0,0,0,0,0,0,0,0,0,0,0,0,0,0,0,0,0,0,0,0,0,0,0,0,0,0,0,0,0,0,0,0,0,0,0,0,0,0,0,0,0,0,0,0,0,0,0,0,0,0,0,0,0,0,0,0,0,0,0,0,0,0,0,0,0,0,0,0,0,0,0,0,0,0,0,0,0,0,0,0,0,0,0,0,0,0,0,0,0,0,0,0,0,0,0,0,0,0,0,0,0,0,0,0,0,0,0,0,0,0,0,0,0,0,0,0,0,0,0,0,0,0,0,0,0,0,0,0,0,0,0,0,0,0,0,0,0,0,0,0,0,0,0,0,0,0,0,0,0
4048,847.5264520290552,0,0,0,0,0,0,0,0,0,0,0,0,0,0,0,0,0,0,0,0,0,0,0,0,0,0,0,0,0,0,0,0,0,0,0,0,0,0,0,0,0,0,0,0,0,0,0,0,0,0,0,0,0,0,0,0,0,0,0,0,0,0,0,0,0,0,0,0,0,0,0,0,0,0,0,0,0,0,0,0,0,0,0,0,0,0,0,0,0,0,0,0,0,0,0,0,0,0,0,0,0,0,0,0,0,0,0,0,0,0,0,0,0,0,0,0,0,0,0,0,0,0,0,0,0,0,0,0,0,0,0,0,0,0,0,0,0,0,0,0,0,0,0,0,0,0,0,0,0,0,0,0
4049,1242.6429754050646,0,0,0,0,0,0,0,0,0,0,0,0,0,0,0,0,0,0,0,0,0,0,0,0,0,0,0,0,0,0,0,0,0,0,0,0,0,0,0,0,0,0,0,0,0,0,0,0,0,0,0,0,0,0,0,0,0,0,0,0,0,0,0,0,0,0,0,0,0,0,0,0,0,0,0,0,0,0,0,0,0,0,0,0,0,0,0,0,0,0,0,0,0,0,0,0,0,0,0,0,0,0,0,0,0,0,0,0,0,0,0,0,0,0,0,0,0,0,0,0,0,0,0,0,0,0,0,0,0,0,0,0,0,0,0,0,0,0,0,0,0,0,0,0,0,0,0,0,0,0,0,0
4050,950.2866737266936,0,0,0,0,0,0,0,0,0,0,0,0,0,0,0,0,0,0,0,0,0,0,0,0,0,0,0,0,0,0,0,0,0,0,0,0,0,0,0,0,0,0,0,0,0,0,0,0,0,0,0,0,0,0,0,0,0,0,0,0,0,0,0,0,0,0,0,0,0,0,0,0,0,0,0,0,0,0,0,0,0,0,0,0,0,0,0,0,0,0,0,0,0,0,0,0,0,0,0,0,0,0,0,0,0,0,0,0,0,0,0,0,0,0,0,0,0,0,0,0,0,0,0,0,0,0,0,0,0,0,0,0,0,0,0,0,0,0,0,0,0,0,0,0,0,0,0,0,0,0,0,0
4051,1049.405956054321,0,0,0,0,0,0,0,0,0,0,0,0,0,0,0,0,0,0,0,0,0,0,0,0,0,0,0,0,0,0,0,0,0,0,0,0,0,0,0,0,0,0,0,0,0,0,0,0,0,0,0,0,0,0,0,0,0,0,0,0,0,0,0,0,0,0,0,0,0,0,0,0,0,0,0,0,0,0,0,0,0,0,0,0,0,0,0,0,0,0,0,0,0,0,0,0,0,0,0,0,0,0,0,0,0,0,0,0,0,0,0,0,0,0,0,0,0,0,0,0,0,0,0,0,0,0,0,0,0,0,0,0,0,0,0,0,0,0,0,0,0,0,0,0,0,0,0,0,0,0,0,0
4052,3424.6966218347725,0,0,0,0,0,0,0,0,0,0,0,0,0,0,0,0,0,0,0,0,0,0,0,0,0,0,0,0,0,0,0,0,0,0,0,0,0,0,0,0,0,0,0,0,0,0,0,0,0,0,0,0,0,0,0,0,0,0,0,0,0,0,0,0,0,0,0,0,0,0,0,0,0,0,0,0,0,0,0,0,0,0,0,0,0,0,0,0,0,0,0,0,0,0,0,0,0,0,0,0,0,0,0,0,0,0,0,0,0,0,0,0,0,0,0,0,0,0,0,0,0,0,0,0,0,0,0,0,0,0,0,0,0,0,0,0,0,0,0,0,0,0,0,0,0,0,0,0,0,0,0,0
4053,269.7794269072798,0,0,0,0,0,0,0,0,0,0,0,0,0,0,0,0,0,0,0,0,0,0,0,0,0,0,0,0,0,0,0,0,0,0,0,0,0,0,0,0,0,0,0,0,0,0,0,0,0,0,0,0,0,0,0,0,0,0,0,0,0,0,0,0,0,0,0,0,0,0,0,0,0,0,0,0,0,0,0,0,0,0,0,0,0,0,0,0,0,0,0,0,0,0,0,0,0,0,0,0,0,0,0,0,0,0,0,0,0,0,0,0,0,0,0,0,0,0,0,0,0,0,0,0,0,0,0,0,0,0,0,0,0,0,0,0,0,0,0,0,0,0,0,0,0,0,0,0,0,0,0,0
4054,658.6100228792338,0,0,0,0,0,0,0,0,0,0,0,0,0,0,0,0,0,0,0,0,0,0,0,0,0,0,0,0,0,0,0,0,0,0,0,0,0,0,0,0,0,0,0,0,0,0,0,0,0,0,0,0,0,0,0,0,0,0,0,0,0,0,0,0,0,0,0,0,0,0,0,0,0,0,0,0,0,0,0,0,0,0,0,0,0,0,0,0,0,0,0,0,0,0,0,0,0,0,0,0,0,0,0,0,0,0,0,0,0,0,0,0,0,0,0,0,0,0,0,0,0,0,0,0,0,0,0,0,0,0,0,0,0,0,0,0,0,0,0,0,0,0,0,0,0,0,0,0,0,0,0,0
4055,491.0604687282719,0,0,0,0,0,0,0,0,0,0,0,0,0,0,0,0,0,0,0,0,0,0,0,0,0,0,0,0,0,0,0,0,0,0,0,0,0,0,0,0,0,0,0,0,0,0,0,0,0,0,0,0,0,0,0,0,0,0,0,0,0,0,0,0,0,0,0,0,0,0,0,0,0,0,0,0,0,0,0,0,0,0,0,0,0,0,0,0,0,0,0,0,0,0,0,0,0,0,0,0,0,0,0,0,0,0,0,0,0,0,0,0,0,0,0,0,0,0,0,0,0,0,0,0,0,0,0,0,0,0,0,0,0,0,0,0,0,0,0,0,0,0,0,0,0,0,0,0,0,0,0,0
4056,225.15400043305394,0,0,0,0,0,0,0,0,0,0,0,0,0,0,0,0,0,0,0,0,0,0,0,0,0,0,0,0,0,0,0,0,0,0,0,0,0,0,0,0,0,0,0,0,0,0,0,0,0,0,0,0,0,0,0,0,0,0,0,0,0,0,0,0,0,0,0,0,0,0,0,0,0,0,0,0,0,0,0,0,0,0,0,0,0,0,0,0,0,0,0,0,0,0,0,0,0,0,0,0,0,0,0,0,0,0,0,0,0,0,0,0,0,0,0,0,0,0,0,0,0,0,0,0,0,0,0,0,0,0,0,0,0,0,0,0,0,0,0,0,0,0,0,0,0,0,0,0,0,0,0,0
4057,979.5096542211636,0,0,0,0,0,0,0,0,0,0,0,0,0,0,0,0,0,0,0,0,0,0,0,0,0,0,0,0,0,0,0,0,0,0,0,0,0,0,0,0,0,0,0,0,0,0,0,0,0,0,0,0,0,0,0,0,0,0,0,0,0,0,0,0,0,0,0,0,0,0,0,0,0,0,0,0,0,0,0,0,0,0,0,0,0,0,0,0,0,0,0,0,0,0,0,0,0,0,0,0,0,0,0,0,0,0,0,0,0,0,0,0,0,0,0,0,0,0,0,0,0,0,0,0,0,0,0,0,0,0,0,0,0,0,0,0,0,0,0,0,0,0,0,0,0,0,0,0,0,0,0,0
4058,528.5594709873313,0,0,0,0,0,0,0,0,0,0,0,0,0,0,0,0,0,0,0,0,0,0,0,0,0,0,0,0,0,0,0,0,0,0,0,0,0,0,0,0,0,0,0,0,0,0,0,0,0,0,0,0,0,0,0,0,0,0,0,0,0,0,0,0,0,0,0,0,0,0,0,0,0,0,0,0,0,0,0,0,0,0,0,0,0,0,0,0,0,0,0,0,0,0,0,0,0,0,0,0,0,0,0,0,0,0,0,0,0,0,0,0,0,0,0,0,0,0,0,0,0,0,0,0,0,0,0,0,0,0,0,0,0,0,0,0,0,0,0,0,0,0,0,0,0,0,0,0,0,0,0,0
4059,776.1634232438336,0,0,0,0,0,0,0,0,0,0,0,0,0,0,0,0,0,0,0,0,0,0,0,0,0,0,0,0,0,0,0,0,0,0,0,0,0,0,0,0,0,0,0,0,0,0,0,0,0,0,0,0,0,0,0,0,0,0,0,0,0,0,0,0,0,0,0,0,0,0,0,0,0,0,0,0,0,0,0,0,0,0,0,0,0,0,0,0,0,0,0,0,0,0,0,0,0,0,0,0,0,0,0,0,0,0,0,0,0,0,0,0,0,0,0,0,0,0,0,0,0,0,0,0,0,0,0,0,0,0,0,0,0,0,0,0,0,0,0,0,0,0,0,0,0,0,0,0,0,0,0,0
4060,1171.9624190966945,0,0,0,0,0,0,0,0,0,0,0,0,0,0,0,0,0,0,0,0,0,0,0,0,0,0,0,0,0,0,0,0,0,0,0,0,0,0,0,0,0,0,0,0,0,0,0,0,0,0,0,0,0,0,0,0,0,0,0,0,0,0,0,0,0,0,0,0,0,0,0,0,0,0,0,0,0,0,0,0,0,0,0,0,0,0,0,0,0,0,0,0,0,0,0,0,0,0,0,0,0,0,0,0,0,0,0,0,0,0,0,0,0,0,0,0,0,0,0,0,0,0,0,0,0,0,0,0,0,0,0,0,0,0,0,0,0,0,0,0,0,0,0,0,0,0,0,0,0,0,0,0
4061,2565.3683768117103,0,0,0,0,0,0,0,0,0,0,0,0,0,0,0,0,0,0,0,0,0,0,0,0,0,0,0,0,0,0,0,0,0,0,0,0,0,0,0,0,0,0,0,0,0,0,0,0,0,0,0,0,0,0,0,0,0,0,0,0,0,0,0,0,0,0,0,0,0,0,0,0,0,0,0,0,0,0,0,0,0,0,0,0,0,0,0,0,0,0,0,0,0,0,0,0,0,0,0,0,0,0,0,0,0,0,0,0,0,0,0,0,0,0,0,0,0,0,0,0,0,0,0,0,0,0,0,0,0,0,0,0,0,0,0,0,0,0,0,0,0,0,0,0,0,0,0,0,0,0,0,0
4062,1766.0659267694266,0,0,0,0,0,0,0,0,0,0,0,0,0,0,0,0,0,0,0,0,0,0,0,0,0,0,0,0,0,0,0,0,0,0,0,0,0,0,0,0,0,0,0,0,0,0,0,0,0,0,0,0,0,0,0,0,0,0,0,0,0,0,0,0,0,0,0,0,0,0,0,0,0,0,0,0,0,0,0,0,0,0,0,0,0,0,0,0,0,0,0,0,0,0,0,0,0,0,0,0,0,0,0,0,0,0,0,0,0,0,0,0,0,0,0,0,0,0,0,0,0,0,0,0,0,0,0,0,0,0,0,0,0,0,0,0,0,0,0,0,0,0,0,0,0,0,0,0,0,0,0,0
4063,1491.9023732362157,0,0,0,0,0,0,0,0,0,0,0,0,0,0,0,0,0,0,0,0,0,0,0,0,0,0,0,0,0,0,0,0,0,0,0,0,0,0,0,0,0,0,0,0,0,0,0,0,0,0,0,0,0,0,0,0,0,0,0,0,0,0,0,0,0,0,0,0,0,0,0,0,0,0,0,0,0,0,0,0,0,0,0,0,0,0,0,0,0,0,0,0,0,0,0,0,0,0,0,0,0,0,0,0,0,0,0,0,0,0,0,0,0,0,0,0,0,0,0,0,0,0,0,0,0,0,0,0,0,0,0,0,0,0,0,0,0,0,0,0,0,0,0,0,0,0,0,0,0,0,0,0
4064,1541.9966864530027,71.14721038869476,46.139664899249574,0,0,0,0,0,0,0,0,0,0,0,0,0,0,0,0,0,0,0,0,0,0,0,0,0,0,0,0,0,0,0,0,0,0,0,0,0,0,0,0,0,0,0,0,0,0,0,0,0,0,0,0,0,0,0,0,0,0,0,0,0,0,0,0,0,0,0,0,0,0,0,0,0,0,0,0,0,0,0,0,0,0,0,0,0,0,0,0,0,0,0,0,0,0,0,0,0,0,0,0,0,0,0,0,0,0,0,0,0,0,0,0,0,0,0,0,0,0,0,0,0,0,0,0,0,0,0,0,0,0,0,0,0,0,0,0,0,0,0,0,0,0,0,0,0,0,0,0,0,0
4065,1573.8122865729747,0,0,0,0,0,0,0,0,0,0,0,0,0,0,0,0,0,0,0,0,0,0,0,0,0,0,0,0,0,0,0,0,0,0,0,0,0,0,0,0,0,0,0,0,0,0,0,0,0,0,0,0,0,0,0,0,0,0,0,0,0,0,0,0,0,0,0,0,0,0,0,0,0,0,0,0,0,0,0,0,0,0,0,0,0,0,0,0,0,0,0,0,0,0,0,0,0,0,0,0,0,0,0,0,0,0,0,0,0,0,0,0,0,0,0,0,0,0,0,0,0,0,0,0,0,0,0,0,0,0,0,0,0,0,0,0,0,0,0,0,0,0,0,0,0,0,0,0,0,0,0,0
4066,3050.1097317074727,0,0,0,0,0,0,0,0,0,0,0,0,0,0,0,0,0,0,0,0,0,0,0,0,0,0,0,0,0,0,0,0,0,0,0,0,0,0,0,0,0,0,0,0,0,0,0,0,0,0,0,0,0,0,0,0,0,0,0,0,0,0,0,0,0,0,0,0,0,0,0,0,0,0,0,0,0,0,0,0,0,0,0,0,0,0,0,0,0,0,0,0,0,0,0,0,0,0,0,0,0,0,0,0,0,0,0,0,0,0,0,0,0,0,0,0,0,0,0,0,0,0,0,0,0,0,0,0,0,0,0,0,0,0,0,0,0,0,0,0,0,0,0,0,0,0,0,0,0,0,0,0
4067,2142.457102426922,0,0,0,0,0,0,0,0,0,0,0,0,0,0,0,0,0,0,0,0,0,0,0,0,0,0,0,0,0,0,0,0,0,0,0,0,0,0,0,0,0,0,0,0,0,0,0,0,0,0,0,0,0,0,0,0,0,0,0,0,0,0,0,0,0,0,0,0,0,0,0,0,0,0,0,0,0,0,0,0,0,0,0,0,0,0,0,0,0,0,0,0,0,0,0,0,0,0,0,0,0,0,0,0,0,0,0,0,0,0,0,0,0,0,0,0,0,0,0,0,0,0,0,0,0,0,0,0,0,0,0,0,0,0,0,0,0,0,0,0,0,0,0,0,0,0,0,0,0,0,0,0
4068,1095.6231915722326,0,0,0,0,0,0,0,0,0,0,0,0,0,0,0,0,0,0,0,0,0,0,0,0,0,0,0,0,0,0,0,0,0,0,0,0,0,0,0,0,0,0,0,0,0,0,0,0,0,0,0,0,0,0,0,0,0,0,0,0,0,0,0,0,0,0,0,0,0,0,0,0,0,0,0,0,0,0,0,0,0,0,0,0,0,0,0,0,0,0,0,0,0,0,0,0,0,0,0,0,0,0,0,0,0,0,0,0,0,0,0,0,0,0,0,0,0,0,0,0,0,0,0,0,0,0,0,0,0,0,0,0,0,0,0,0,0,0,0,0,0,0,0,0,0,0,0,0,0,0,0,0
4069,681.917523513587,0,0,0,0,0,0,0,0,0,0,0,0,0,0,0,0,0,0,0,0,0,0,0,0,0,0,0,0,0,0,0,0,0,0,0,0,0,0,0,0,0,0,0,0,0,0,0,0,0,0,0,0,0,0,0,0,0,0,0,0,0,0,0,0,0,0,0,0,0,0,0,0,0,0,0,0,0,0,0,0,0,0,0,0,0,0,0,0,0,0,0,0,0,0,0,0,0,0,0,0,0,0,0,0,0,0,0,0,0,0,0,0,0,0,0,0,0,0,0,0,0,0,0,0,0,0,0,0,0,0,0,0,0,0,0,0,0,0,0,0,0,0,0,0,0,0,0,0,0,0,0,0
4070,1398.5238424536906,0,0,0,0,0,0,0,0,0,0,0,0,0,0,0,0,0,0,0,0,0,0,0,0,0,0,0,0,0,0,0,0,0,0,0,0,0,0,0,0,0,0,0,0,0,0,0,0,0,0,0,0,0,0,0,0,0,0,0,0,0,0,0,0,0,0,0,0,0,0,0,0,0,0,0,0,0,0,0,0,0,0,0,0,0,0,0,0,0,0,0,0,0,0,0,0,0,0,0,0,0,0,0,0,0,0,0,0,0,0,0,0,0,0,0,0,0,0,0,0,0,0,0,0,0,0,0,0,0,0,0,0,0,0,0,0,0,0,0,0,0,0,0,0,0,0,0,0,0,0,0,0
4071,93.8021445625219,0,0,0,0,0,0,0,0,0,0,0,0,0,0,0,0,0,0,0,0,0,0,0,0,0,0,0,0,0,0,0,0,0,0,0,0,0,0,0,0,0,0,0,0,0,0,0,0,0,0,0,0,0,0,0,0,0,0,0,0,0,0,0,0,0,0,0,0,0,0,0,0,0,0,0,0,0,0,0,0,0,0,0,0,0,0,0,0,0,0,0,0,0,0,0,0,0,0,0,0,0,0,0,0,0,0,0,0,0,0,0,0,0,0,0,0,0,0,0,0,0,0,0,0,0,0,0,0,0,0,0,0,0,0,0,0,0,0,0,0,0,0,0,0,0,0,0,0,0,0,0,0
4072,403.03256665171574,0,0,0,0,0,0,0,0,0,0,0,0,0,0,0,0,0,0,0,0,0,0,0,0,0,0,0,0,0,0,0,0,0,0,0,0,0,0,0,0,0,0,0,0,0,0,0,0,0,0,0,0,0,0,0,0,0,0,0,0,0,0,0,0,0,0,0,0,0,0,0,0,0,0,0,0,0,0,0,0,0,0,0,0,0,0,0,0,0,0,0,0,0,0,0,0,0,0,0,0,0,0,0,0,0,0,0,0,0,0,0,0,0,0,0,0,0,0,0,0,0,0,0,0,0,0,0,0,0,0,0,0,0,0,0,0,0,0,0,0,0,0,0,0,0,0,0,0,0,0,0,0
4073,2442.121329276685,0,0,0,0,0,0,0,0,0,0,0,0,0,0,0,0,0,0,0,0,0,0,0,0,0,0,0,0,0,0,0,0,0,0,0,0,0,0,0,0,0,0,0,0,0,0,0,0,0,0,0,0,0,0,0,0,0,0,0,0,0,0,0,0,0,0,0,0,0,0,0,0,0,0,0,0,0,0,0,0,0,0,0,0,0,0,0,0,0,0,0,0,0,0,0,0,0,0,0,0,0,0,0,0,0,0,0,0,0,0,0,0,0,0,0,0,0,0,0,0,0,0,0,0,0,0,0,0,0,0,0,0,0,0,0,0,0,0,0,0,0,0,0,0,0,0,0,0,0,0,0,0
4074,1320.3558295093223,0,0,0,0,0,0,0,0,0,0,0,0,0,0,0,0,0,0,0,0,0,0,0,0,0,0,0,0,0,0,0,0,0,0,0,0,0,0,0,0,0,0,0,0,0,0,0,0,0,0,0,0,0,0,0,0,0,0,0,0,0,0,0,0,0,0,0,0,0,0,0,0,0,0,0,0,0,0,0,0,0,0,0,0,0,0,0,0,0,0,0,0,0,0,0,0,0,0,0,0,0,0,0,0,0,0,0,0,0,0,0,0,0,0,0,0,0,0,0,0,0,0,0,0,0,0,0,0,0,0,0,0,0,0,0,0,0,0,0,0,0,0,0,0,0,0,0,0,0,0,0,0
4075,1761.3128791790186,51.39811398223182,29.18170564118594,0,0,0,0,0,0,0,0,0,0,0,0,0,0,0,0,0,0,0,0,0,0,0,0,0,0,0,0,0,0,0,0,0,0,0,0,0,0,0,0,0,0,0,0,0,0,0,0,0,0,0,0,0,0,0,0,0,0,0,0,0,0,0,0,0,0,0,0,0,27.54160742869151,27.54160742869151,27.54160742869151,27.54160742869151,27.54160742869151,27.54160742869151,0,0,0,0,0,0,0,0,0,0,0,0,0,0,0,0,0,0,0,0,0,0,0,0,0,0,0,0,0,0,0,0,0,0,0,0,0,0,0,0,0,0,0,0,0,0,0,0,0,0,0,0,0,0,0,0,0,0,0,0,0,0,0,0,0,0,0,0,0,15.636976118365283,15.636976118365283,15.636976118365283,15.636976118365283,15.636976118365283,15.636976118365283
4076,359.3029282804689,0,0,0,0,0,0,0,0,0,0,0,0,0,0,0,0,0,0,0,0,0,0,0,0,0,0,0,0,0,0,0,0,0,0,0,0,0,0,0,0,0,0,0,0,0,0,0,0,0,0,0,0,0,0,0,0,0,0,0,0,0,0,0,0,0,0,0,0,0,0,0,0,0,0,0,0,0,0,0,0,0,0,0,0,0,0,0,0,0,0,0,0,0,0,0,0,0,0,0,0,0,0,0,0,0,0,0,0,0,0,0,0,0,0,0,0,0,0,0,0,0,0,0,0,0,0,0,0,0,0,0,0,0,0,0,0,0,0,0,0,0,0,0,0,0,0,0,0,0,0,0,0
4077,526.4563937507195,0,0,0,0,0,0,0,0,0,0,0,0,0,0,0,0,0,0,0,0,0,0,0,0,0,0,0,0,0,0,0,0,0,0,0,0,0,0,0,0,0,0,0,0,0,0,0,0,0,0,0,0,0,0,0,0,0,0,0,0,0,0,0,0,0,0,0,0,0,0,0,0,0,0,0,0,0,0,0,0,0,0,0,0,0,0,0,0,0,0,0,0,0,0,0,0,0,0,0,0,0,0,0,0,0,0,0,0,0,0,0,0,0,0,0,0,0,0,0,0,0,0,0,0,0,0,0,0,0,0,0,0,0,0,0,0,0,0,0,0,0,0,0,0,0,0,0,0,0,0,0,0
4078,2509.0368082434607,0,0,0,0,0,0,0,0,0,0,0,0,0,0,0,0,0,0,0,0,0,0,0,0,0,0,0,0,0,0,0,0,0,0,0,0,0,0,0,0,0,0,0,0,0,0,0,0,0,0,0,0,0,0,0,0,0,0,0,0,0,0,0,0,0,0,0,0,0,0,0,0,0,0,0,0,0,0,0,0,0,0,0,0,0,0,0,0,0,0,0,0,0,0,0,0,0,0,0,0,0,0,0,0,0,0,0,0,0,0,0,0,0,0,0,0,0,0,0,0,0,0,0,0,0,0,0,0,0,0,0,0,0,0,0,0,0,0,0,0,0,0,0,0,0,0,0,0,0,0,0,0
4079,2039.6645690321675,0,0,0,0,0,0,0,0,0,0,0,0,0,0,0,0,0,0,0,0,0,0,0,0,0,0,0,0,0,0,0,0,0,0,0,0,0,0,0,0,0,0,0,0,0,0,0,0,0,0,0,0,0,0,0,0,0,0,0,0,0,0,0,0,0,0,0,0,0,0,0,0,0,0,0,0,0,0,0,0,0,0,0,0,0,0,0,0,0,0,0,0,0,0,0,0,0,0,0,0,0,0,0,0,0,0,0,0,0,0,0,0,0,0,0,0,0,0,0,0,0,0,0,0,0,0,0,0,0,0,0,0,0,0,0,0,0,0,0,0,0,0,0,0,0,0,0,0,0,0,0,0
4080,1504.3073181674235,0,0,0,0,0,0,0,0,0,0,0,0,0,0,0,0,0,0,0,0,0,0,0,0,0,0,0,0,0,0,0,0,0,0,0,0,0,0,0,0,0,0,0,0,0,0,0,0,0,0,0,0,0,0,0,0,0,0,0,0,0,0,0,0,0,0,0,0,0,0,0,0,0,0,0,0,0,0,0,0,0,0,0,0,0,0,0,0,0,0,0,0,0,0,0,0,0,0,0,0,0,0,0,0,0,0,0,0,0,0,0,0,0,0,0,0,0,0,0,0,0,0,0,0,0,0,0,0,0,0,0,0,0,0,0,0,0,0,0,0,0,0,0,0,0,0,0,0,0,0,0,0
4081,5702.05308996019,0,0,0,0,0,0,0,0,0,0,0,0,0,0,0,0,0,0,0,0,0,0,0,0,0,0,0,0,0,0,0,0,0,0,0,0,0,0,0,0,0,0,0,0,0,0,0,0,0,0,0,0,0,0,0,0,0,0,0,0,0,0,0,0,0,0,0,0,0,0,0,0,0,0,0,0,0,0,0,0,0,0,0,0,0,0,0,0,0,0,0,0,0,0,0,0,0,0,0,0,0,0,0,0,0,0,0,0,0,0,0,0,0,0,0,0,0,0,0,0,0,0,0,0,0,0,0,0,0,0,0,0,0,0,0,0,0,0,0,0,0,0,0,0,0,0,0,0,0,0,0,0
4082,1734.8328277347528,0,0,0,0,0,0,0,0,0,0,0,0,0,0,0,0,0,0,0,0,0,0,0,0,0,0,0,0,0,0,0,0,0,0,0,0,0,0,0,0,0,0,0,0,0,0,0,0,0,0,0,0,0,0,0,0,0,0,0,0,0,0,0,0,0,0,0,0,0,0,0,0,0,0,0,0,0,0,0,0,0,0,0,0,0,0,0,0,0,0,0,0,0,0,0,0,0,0,0,0,0,0,0,0,0,0,0,0,0,0,0,0,0,0,0,0,0,0,0,0,0,0,0,0,0,0,0,0,0,0,0,0,0,0,0,0,0,0,0,0,0,0,0,0,0,0,0,0,0,0,0,0
4083,4566.783730825396,0,0,0,0,0,0,0,0,0,0,0,0,0,0,0,0,0,0,0,0,0,0,0,0,0,0,0,0,0,0,0,0,0,0,0,0,0,0,0,0,0,0,0,0,0,0,0,0,0,0,0,0,0,0,0,0,0,0,0,0,0,0,0,0,0,0,0,0,0,0,0,0,0,0,0,0,0,0,0,0,0,0,0,0,0,0,0,0,0,0,0,0,0,0,0,0,0,0,0,0,0,0,0,0,0,0,0,0,0,0,0,0,0,0,0,0,0,0,0,0,0,0,0,0,0,0,0,0,0,0,0,0,0,0,0,0,0,0,0,0,0,0,0,0,0,0,0,0,0,0,0,0
4084,196.71704070100915,0,0,0,0,0,0,0,0,0,0,0,0,0,0,0,0,0,0,0,0,0,0,0,0,0,0,0,0,0,0,0,0,0,0,0,0,0,0,0,0,0,0,0,0,0,0,0,0,0,0,0,0,0,0,0,0,0,0,0,0,0,0,0,0,0,0,0,0,0,0,0,0,0,0,0,0,0,0,0,0,0,0,0,0,0,0,0,0,0,0,0,0,0,0,0,0,0,0,0,0,0,0,0,0,0,0,0,0,0,0,0,0,0,0,0,0,0,0,0,0,0,0,0,0,0,0,0,0,0,0,0,0,0,0,0,0,0,0,0,0,0,0,0,0,0,0,0,0,0,0,0,0
4085,2488.5793752616596,0,0,0,0,0,0,0,0,0,0,0,0,0,0,0,0,0,0,0,0,0,0,0,0,0,0,0,0,0,0,0,0,0,0,0,0,0,0,0,0,0,0,0,0,0,0,0,0,0,0,0,0,0,0,0,0,0,0,0,0,0,0,0,0,0,0,0,0,0,0,0,0,0,0,0,0,0,0,0,0,0,0,0,0,0,0,0,0,0,0,0,0,0,0,0,0,0,0,0,0,0,0,0,0,0,0,0,0,0,0,0,0,0,0,0,0,0,0,0,0,0,0,0,0,0,0,0,0,0,0,0,0,0,0,0,0,0,0,0,0,0,0,0,0,0,0,0,0,0,0,0,0
4086,5351.730041008488,0,0,0,0,0,0,0,0,0,0,0,0,0,0,0,0,0,0,0,0,0,0,0,0,0,0,0,0,0,0,0,0,0,0,0,0,0,0,0,0,0,0,0,0,0,0,0,0,0,0,0,0,0,0,0,0,0,0,0,0,0,0,0,0,0,0,0,0,0,0,0,0,0,0,0,0,0,0,0,0,0,0,0,0,0,0,0,0,0,0,0,0,0,0,0,0,0,0,0,0,0,0,0,0,0,0,0,0,0,0,0,0,0,0,0,0,0,0,0,0,0,0,0,0,0,0,0,0,0,0,0,0,0,0,0,0,0,0,0,0,0,0,0,0,0,0,0,0,0,0,0,0
4087,1195.190196292989,0,0,0,0,0,0,0,0,0,0,0,0,0,0,0,0,0,0,0,0,0,0,0,0,0,0,0,0,0,0,0,0,0,0,0,0,0,0,0,0,0,0,0,0,0,0,0,0,0,0,0,0,0,0,0,0,0,0,0,0,0,0,0,0,0,0,0,0,0,0,0,0,0,0,0,0,0,0,0,0,0,0,0,0,0,0,0,0,0,0,0,0,0,0,0,0,0,0,0,0,0,0,0,0,0,0,0,0,0,0,0,0,0,0,0,0,0,0,0,0,0,0,0,0,0,0,0,0,0,0,0,0,0,0,0,0,0,0,0,0,0,0,0,0,0,0,0,0,0,0,0,0
4088,387.46685088455143,0,0,0,0,0,0,0,0,0,0,0,0,0,0,0,0,0,0,0,0,0,0,0,0,0,0,0,0,0,0,0,0,0,0,0,0,0,0,0,0,0,0,0,0,0,0,0,0,0,0,0,0,0,0,0,0,0,0,0,0,0,0,0,0,0,0,0,0,0,0,0,0,0,0,0,0,0,0,0,0,0,0,0,0,0,0,0,0,0,0,0,0,0,0,0,0,0,0,0,0,0,0,0,0,0,0,0,0,0,0,0,0,0,0,0,0,0,0,0,0,0,0,0,0,0,0,0,0,0,0,0,0,0,0,0,0,0,0,0,0,0,0,0,0,0,0,0,0,0,0,0,0
4089,183.9760087340824,0,0,0,0,0,0,0,0,0,0,0,0,0,0,0,0,0,0,0,0,0,0,0,0,0,0,0,0,0,0,0,0,0,0,0,0,0,0,0,0,0,0,0,0,0,0,0,0,0,0,0,0,0,0,0,0,0,0,0,0,0,0,0,0,0,0,0,0,0,0,0,0,0,0,0,0,0,0,0,0,0,0,0,0,0,0,0,0,0,0,0,0,0,0,0,0,0,0,0,0,0,0,0,0,0,0,0,0,0,0,0,0,0,0,0,0,0,0,0,0,0,0,0,0,0,0,0,0,0,0,0,0,0,0,0,0,0,0,0,0,0,0,0,0,0,0,0,0,0,0,0,0
4090,1043.9840974309948,0,0,0,0,0,0,0,0,0,0,0,0,0,0,0,0,0,0,0,0,0,0,0,0,0,0,0,0,0,0,0,0,0,0,0,0,0,0,0,0,0,0,0,0,0,0,0,0,0,0,0,0,0,0,0,0,0,0,0,0,0,0,0,0,0,0,0,0,0,0,0,0,0,0,0,0,0,0,0,0,0,0,0,0,0,0,0,0,0,0,0,0,0,0,0,0,0,0,0,0,0,0,0,0,0,0,0,0,0,0,0,0,0,0,0,0,0,0,0,0,0,0,0,0,0,0,0,0,0,0,0,0,0,0,0,0,0,0,0,0,0,0,0,0,0,0,0,0,0,0,0,0
4091,1344.72143273144,0,0,0,0,0,0,0,0,0,0,0,0,0,0,0,0,0,0,0,0,0,0,0,0,0,0,0,0,0,0,0,0,0,0,0,0,0,0,0,0,0,0,0,0,0,0,0,0,0,0,0,0,0,0,0,0,0,0,0,0,0,0,0,0,0,0,0,0,0,0,0,0,0,0,0,0,0,0,0,0,0,0,0,0,0,0,0,0,0,0,0,0,0,0,0,0,0,0,0,0,0,0,0,0,0,0,0,0,0,0,0,0,0,0,0,0,0,0,0,0,0,0,0,0,0,0,0,0,0,0,0,0,0,0,0,0,0,0,0,0,0,0,0,0,0,0,0,0,0,0,0,0
4092,1008.1792684096354,0,0,0,0,0,0,0,0,0,0,0,0,0,0,0,0,0,0,0,0,0,0,0,0,0,0,0,0,0,0,0,0,0,0,0,0,0,0,0,0,0,0,0,0,0,0,0,0,0,0,0,0,0,0,0,0,0,0,0,0,0,0,0,0,0,0,0,0,0,0,0,0,0,0,0,0,0,0,0,0,0,0,0,0,0,0,0,0,0,0,0,0,0,0,0,0,0,0,0,0,0,0,0,0,0,0,0,0,0,0,0,0,0,0,0,0,0,0,0,0,0,0,0,0,0,0,0,0,0,0,0,0,0,0,0,0,0,0,0,0,0,0,0,0,0,0,0,0,0,0,0,0
4093,365.4752951969629,0,0,0,0,0,0,0,0,0,0,0,0,0,0,0,0,0,0,0,0,0,0,0,0,0,0,0,0,0,0,0,0,0,0,0,0,0,0,0,0,0,0,0,0,0,0,0,0,0,0,0,0,0,0,0,0,0,0,0,0,0,0,0,0,0,0,0,0,0,0,0,0,0,0,0,0,0,0,0,0,0,0,0,0,0,0,0,0,0,0,0,0,0,0,0,0,0,0,0,0,0,0,0,0,0,0,0,0,0,0,0,0,0,0,0,0,0,0,0,0,0,0,0,0,0,0,0,0,0,0,0,0,0,0,0,0,0,0,0,0,0,0,0,0,0,0,0,0,0,0,0,0
4094,520.0538166234196,0,0,0,0,0,0,0,0,0,0,0,0,0,0,0,0,0,0,0,0,0,0,0,0,0,0,0,0,0,0,0,0,0,0,0,0,0,0,0,0,0,0,0,0,0,0,0,0,0,0,0,0,0,0,0,0,0,0,0,0,0,0,0,0,0,0,0,0,0,0,0,0,0,0,0,0,0,0,0,0,0,0,0,0,0,0,0,0,0,0,0,0,0,0,0,0,0,0,0,0,0,0,0,0,0,0,0,0,0,0,0,0,0,0,0,0,0,0,0,0,0,0,0,0,0,0,0,0,0,0,0,0,0,0,0,0,0,0,0,0,0,0,0,0,0,0,0,0,0,0,0,0
4095,763.3948674546959,0,0,0,0,0,0,0,0,0,0,0,0,0,0,0,0,0,0,0,0,0,0,0,0,0,0,0,0,0,0,0,0,0,0,0,0,0,0,0,0,0,0,0,0,0,0,0,0,0,0,0,0,0,0,0,0,0,0,0,0,0,0,0,0,0,0,0,0,0,0,0,0,0,0,0,0,0,0,0,0,0,0,0,0,0,0,0,0,0,0,0,0,0,0,0,0,0,0,0,0,0,0,0,0,0,0,0,0,0,0,0,0,0,0,0,0,0,0,0,0,0,0,0,0,0,0,0,0,0,0,0,0,0,0,0,0,0,0,0,0,0,0,0,0,0,0,0,0,0,0,0,0
4096,178.40718449562573,0,0,0,0,0,0,0,0,0,0,0,0,0,0,0,0,0,0,0,0,0,0,0,0,0,0,0,0,0,0,0,0,0,0,0,0,0,0,0,0,0,0,0,0,0,0,0,0,0,0,0,0,0,0,0,0,0,0,0,0,0,0,0,0,0,0,0,0,0,0,0,0,0,0,0,0,0,0,0,0,0,0,0,0,0,0,0,0,0,0,0,0,0,0,0,0,0,0,0,0,0,0,0,0,0,0,0,0,0,0,0,0,0,0,0,0,0,0,0,0,0,0,0,0,0,0,0,0,0,0,0,0,0,0,0,0,0,0,0,0,0,0,0,0,0,0,0,0,0,0,0,0
4097,626.0751122007018,104.37749353038458,166.71720612482056,0,0,0,0,0,0,0,0,0,21.41847613695278,21.41847613695278,21.41847613695278,21.41847613695278,21.41847613695278,21.41847613695278,21.41847613695278,21.41847613695278,21.41847613695278,21.41847613695278,21.41847613695278,21.41847613695278,21.41847613695278,21.41847613695278,21.41847613695278,21.41847613695278,21.41847613695278,21.41847613695278,21.41847613695278,21.41847613695278,21.41847613695278,21.41847613695278,21.41847613695278,21.41847613695278,21.41847613695278,21.41847613695278,21.41847613695278,21.41847613695278,21.41847613695278,21.41847613695278,21.41847613695278,21.41847613695278,21.41847613695278,21.41847613695278,21.41847613695278,21.41847613695278,21.41847613695278,21.41847613695278,21.41847613695278,21.41847613695278,21.41847613695278,21.41847613695278,21.41847613695278,21.41847613695278,21.41847613695278,21.41847613695278,21.41847613695278,21.41847613695278,21.41847613695278,21.41847613695278,21.41847613695278,21.41847613695278,21.41847613695278,21.41847613695278,21.41847613695278,21.41847613695278,21.41847613695278,21.41847613695278,21.41847613695278,21.41847613695278,21.41847613695278,21.41847613695278,21.41847613695278,21.41847613695278,21.41847613695278,21.41847613695278,0,0,0,0,0,0,0,0,0,34.210713250787435,34.210713250787435,34.210713250787435,34.210713250787435,34.210713250787435,34.210713250787435,34.210713250787435,34.210713250787435,34.210713250787435,34.210713250787435,34.210713250787435,34.210713250787435,34.210713250787435,34.210713250787435,34.210713250787435,34.210713250787435,34.210713250787435,34.210713250787435,34.210713250787435,34.210713250787435,34.210713250787435,34.210713250787435,34.210713250787435,34.210713250787435,34.210713250787435,34.210713250787435,34.210713250787435,34.210713250787435,34.210713250787435,34.210713250787435,34.210713250787435,34.210713250787435,34.210713250787435,34.210713250787435,34.210713250787435,34.210713250787435,34.210713250787435,34.210713250787435,34.210713250787435,34.210713250787435,34.210713250787435,34.210713250787435,34.210713250787435,34.210713250787435,34.210713250787435,34.210713250787435,34.210713250787435,34.210713250787435,34.210713250787435,34.210713250787435,34.210713250787435,34.210713250787435,34.210713250787435,34.210713250787435,34.210713250787435,34.210713250787435,34.210713250787435,34.210713250787435,34.210713250787435,34.210713250787435,34.210713250787435,34.210713250787435,34.210713250787435,34.210713250787435,34.210713250787435,34.210713250787435
4098,2097.7471333638223,250.73775587581548,119.52715934534366,0,0,0,0,0,0,0,0,0,0,0,0,0,0,0,0,0,0,0,0,0,0,0,0,0,0,0,0,0,0,0,0,0,0,0,0,0,0,0,0,0,0,0,0,0,0,0,0,0,0,0,0,0,0,0,0,0,0,0,0,0,0,0,0,0,0,0,0,0,0,0,0,0,0,0,0,0,0,0,0,0,0,0,0,0,0,0,0,0,0,0,0,0,0,0,0,0,0,0,0,0,0,0,0,0,0,0,0,0,0,0,0,0,0,0,0,0,0,0,0,0,0,0,0,0,0,0,0,0,0,0,0,0,0,0,0,0,0,0,0,0,0,0,0,0,0,0,0,0,0
4099,2263.9458912262135,0,0,0,0,0,0,0,0,0,0,0,0,0,0,0,0,0,0,0,0,0,0,0,0,0,0,0,0,0,0,0,46.815446475465386,46.815446475465386,46.815446475465386,46.815446475465386,46.815446475465386,46.815446475465386,46.815446475465386,46.815446475465386,46.815446475465386,46.815446475465386,46.815446475465386,46.815446475465386,46.815446475465386,46.815446475465386,46.815446475465386,46.815446475465386,46.815446475465386,46.815446475465386,46.815446475465386,46.815446475465386,46.815446475465386,46.815446475465386,46.815446475465386,46.815446475465386,46.815446475465386,46.815446475465386,46.815446475465386,46.815446475465386,46.815446475465386,46.815446475465386,46.815446475465386,46.815446475465386,46.815446475465386,46.815446475465386,46.815446475465386,46.815446475465386,46.815446475465386,46.815446475465386,46.815446475465386,46.815446475465386,46.815446475465386,46.815446475465386,46.815446475465386,46.815446475465386,46.815446475465386,46.815446475465386,0,0,0,0,0,0,0,0,0,0,0,0,0,0,0,0,0,0,0,0,0,0,0,0,0,0,0,0,0,20.678694953309545,20.678694953309545,20.678694953309545,20.678694953309545,20.678694953309545,20.678694953309545,20.678694953309545,20.678694953309545,20.678694953309545,20.678694953309545,20.678694953309545,20.678694953309545,20.678694953309545,20.678694953309545,20.678694953309545,20.678694953309545,20.678694953309545,20.678694953309545,20.678694953309545,20.678694953309545,20.678694953309545,20.678694953309545,20.678694953309545,20.678694953309545,20.678694953309545,20.678694953309545,20.678694953309545,20.678694953309545,20.678694953309545,20.678694953309545,20.678694953309545,20.678694953309545,20.678694953309545,20.678694953309545,20.678694953309545,20.678694953309545,20.678694953309545,20.678694953309545,20.678694953309545,20.678694953309545,20.678694953309545,20.678694953309545,20.678694953309545,20.678694953309545,20.678694953309545,20.678694953309545
4100,2434.020623953503,51.06717462853112,20.980584193072414,0,0,0,0,0,0,0,0,0,0,0,0,0,0,0,0,0,0,0,0,0,0,0,0,0,0,0,0,0,0,0,0,0,0,0,0,0,0,0,0,0,0,0,0,0,0,0,0,0,0,0,0,0,0,0,0,0,0,0,0,0,0,0,0,0,0,0,0,0,0,0,0,0,0,0,0,0,0,0,0,0,0,0,0,0,0,0,0,0,0,0,0,0,0,0,0,0,0,0,0,0,0,0,0,0,0,0,0,0,0,0,0,0,0,0,0,0,0,0,0,0,0,0,0,0,0,0,0,0,0,0,0,0,0,0,0,0,0,0,0,0,0,0,0,0,0,0,0,0,0
4101,138.2646313951782,0,0,0,0,0,0,0,0,0,0,0,0,0,0,0,0,0,0,0,0,0,0,0,0,0,0,0,0,0,0,0,0,0,0,0,0,0,0,0,0,0,0,0,0,0,0,0,0,0,0,0,0,0,0,0,0,0,0,0,0,0,0,0,0,0,0,0,0,0,0,0,0,0,0,0,0,0,0,0,0,0,0,0,0,0,0,0,0,0,0,0,0,0,0,0,0,0,0,0,0,0,0,0,0,0,0,0,0,0,0,0,0,0,0,0,0,0,0,0,0,0,0,0,0,0,0,0,0,0,0,0,0,0,0,0,0,0,0,0,0,0,0,0,0,0,0,0,0,0,0,0,0
4102,73.44824667896431,0,0,0,0,0,0,0,0,0,0,0,0,0,0,0,0,0,0,0,0,0,0,0,0,0,0,0,0,0,0,0,0,0,0,0,0,0,0,0,0,0,0,0,0,0,0,0,0,0,0,0,0,0,0,0,0,0,0,0,0,0,0,0,0,0,0,0,0,0,0,0,0,0,0,0,0,0,0,0,0,0,0,0,0,0,0,0,0,0,0,0,0,0,0,0,0,0,0,0,0,0,0,0,0,0,0,0,0,0,0,0,0,0,0,0,0,0,0,0,0,0,0,0,0,0,0,0,0,0,0,0,0,0,0,0,0,0,0,0,0,0,0,0,0,0,0,0,0,0,0,0,0
4103,1336.9810798448223,26.9534363255981,20.159923526162743,0,0,0,0,0,0,0,0,0,0,0,0,0,0,0,0,0,0,0,0,0,0,0,0,0,0,0,0,0,0,0,0,0,0,0,0,0,0,0,0,0,0,0,0,0,0,0,0,0,0,0,0,0,0,0,0,0,0,0,0,0,0,0,0,0,0,0,0,0,0,0,0,0,0,0,0,0,0,0,0,0,0,0,0,0,0,0,0,0,0,0,0,0,0,0,0,0,0,0,0,0,0,0,0,0,0,0,0,0,0,0,0,0,0,0,0,0,0,0,0,0,0,0,0,0,0,0,0,0,0,0,0,0,0,0,0,0,0,0,0,0,0,0,0,0,0,0,0,0,0
4104,3490.4006879880003,120.57700857508733,34.54531996571216,0,0,0,0,0,0,0,0,0,0,0,0,0,0,0,0,0,0,0,0,0,0,0,0,0,0,0,0,0,0,0,0,0,0,0,0,0,0,0,0,0,0,0,0,0,0,0,0,0,0,0,0,0,0,21.462808370272395,21.462808370272395,21.462808370272395,21.462808370272395,21.462808370272395,21.462808370272395,78.81910322285474,78.81910322285474,78.81910322285474,78.81910322285474,78.81910322285474,78.81910322285474,78.81910322285474,78.81910322285474,78.81910322285474,78.81910322285474,78.81910322285474,78.81910322285474,78.81910322285474,78.81910322285474,78.81910322285474,0,0,0,0,0,0,0,0,0,0,0,0,0,0,0,0,0,0,0,0,0,0,0,0,0,0,0,0,0,0,0,0,0,0,0,0,0,0,0,0,0,0,0,0,0,0,0,0,0,0,0,0,0,0,6.149095845681939,6.149095845681939,6.149095845681939,6.149095845681939,6.149095845681939,6.149095845681939,22.581677654976932,22.581677654976932,22.581677654976932,22.581677654976932,22.581677654976932,22.581677654976932,22.581677654976932,22.581677654976932,22.581677654976932,22.581677654976932,22.581677654976932,22.581677654976932,22.581677654976932,22.581677654976932,22.581677654976932
4105,259.9406644259669,0,0,0,0,0,0,0,0,0,0,0,0,0,0,0,0,0,0,0,0,0,0,0,0,0,0,0,0,0,0,0,0,0,0,0,0,0,0,0,0,0,0,0,0,0,0,0,0,0,0,0,0,0,0,0,0,0,0,0,0,0,0,0,0,0,0,0,0,0,0,0,0,0,0,0,0,0,0,0,0,0,0,0,0,0,0,0,0,0,0,0,0,0,0,0,0,0,0,0,0,0,0,0,0,0,0,0,0,0,0,0,0,0,0,0,0,0,0,0,0,0,0,0,0,0,0,0,0,0,0,0,0,0,0,0,0,0,0,0,0,0,0,0,0,0,0,0,0,0,0,0,0
4106,544.5742699014598,0,0,0,0,0,0,0,0,0,0,0,0,0,0,0,0,0,0,0,0,0,0,0,0,0,0,0,0,0,0,0,0,0,0,0,0,0,0,0,0,0,0,0,0,0,0,0,0,0,0,0,0,0,0,0,0,0,0,0,0,0,0,0,0,0,0,0,0,0,0,0,0,0,0,0,0,0,0,0,0,0,0,0,0,0,0,0,0,0,0,0,0,0,0,0,0,0,0,0,0,0,0,0,0,0,0,0,0,0,0,0,0,0,0,0,0,0,0,0,0,0,0,0,0,0,0,0,0,0,0,0,0,0,0,0,0,0,0,0,0,0,0,0,0,0,0,0,0,0,0,0,0
4107,561.3114348136479,0,0,0,0,0,0,0,0,0,0,0,0,0,0,0,0,0,0,0,0,0,0,0,0,0,0,0,0,0,0,0,0,0,0,0,0,0,0,0,0,0,0,0,0,0,0,0,0,0,0,0,0,0,0,0,0,0,0,0,0,0,0,0,0,0,0,0,0,0,0,0,0,0,0,0,0,0,0,0,0,0,0,0,0,0,0,0,0,0,0,0,0,0,0,0,0,0,0,0,0,0,0,0,0,0,0,0,0,0,0,0,0,0,0,0,0,0,0,0,0,0,0,0,0,0,0,0,0,0,0,0,0,0,0,0,0,0,0,0,0,0,0,0,0,0,0,0,0,0,0,0,0
4108,1928.7230405834744,281.3608078785846,145.87932116654122,0,0,0,0,0,0,0,0,0,0,0,0,0,0,0,0,0,0,0,0,0,0,0,0,0,0,0,0,0,0,0,0,0,0,0,0,0,0,0,0,0,0,0,0,0,0,0,0,0,0,0,0,0,0,0,0,0,0,0,0,0,0,0,0,0,0,0,0,0,0,0,0,0,0,0,0,0,0,0,0,0,0,0,0,0,0,0,0,0,0,0,0,0,0,0,0,0,0,0,0,0,0,0,0,0,0,0,0,0,0,0,0,0,0,0,0,0,0,0,0,0,0,0,0,0,0,0,0,0,0,0,0,0,0,0,0,0,0,0,0,0,0,0,0,0,0,0,0,0,0
4109,1421.0549592434186,243.451597309266,171.3175100834113,0,0,0,0,0,0,0,0,0,14.088263509741726,14.088263509741726,14.088263509741726,14.088263509741726,14.088263509741726,14.088263509741726,14.088263509741726,14.088263509741726,14.088263509741726,14.088263509741726,14.088263509741726,14.088263509741726,14.088263509741726,14.088263509741726,14.088263509741726,14.088263509741726,14.088263509741726,14.088263509741726,14.088263509741726,14.088263509741726,14.088263509741726,14.088263509741726,14.088263509741726,14.088263509741726,14.088263509741726,14.088263509741726,14.088263509741726,14.088263509741726,14.088263509741726,14.088263509741726,14.088263509741726,14.088263509741726,14.088263509741726,14.088263509741726,14.088263509741726,14.088263509741726,14.088263509741726,14.088263509741726,14.088263509741726,14.088263509741726,14.088263509741726,14.088263509741726,14.088263509741726,14.088263509741726,14.088263509741726,14.088263509741726,14.088263509741726,14.088263509741726,14.088263509741726,14.088263509741726,14.088263509741726,14.088263509741726,14.088263509741726,14.088263509741726,14.088263509741726,14.088263509741726,14.088263509741726,14.088263509741726,14.088263509741726,14.088263509741726,14.088263509741726,14.088263509741726,14.088263509741726,14.088263509741726,14.088263509741726,14.088263509741726,0,0,0,0,0,0,0,0,0,9.913946971651562,9.913946971651562,9.913946971651562,9.913946971651562,9.913946971651562,9.913946971651562,9.913946971651562,9.913946971651562,9.913946971651562,9.913946971651562,9.913946971651562,9.913946971651562,9.913946971651562,9.913946971651562,9.913946971651562,9.913946971651562,9.913946971651562,9.913946971651562,9.913946971651562,9.913946971651562,9.913946971651562,9.913946971651562,9.913946971651562,9.913946971651562,9.913946971651562,9.913946971651562,9.913946971651562,9.913946971651562,9.913946971651562,9.913946971651562,9.913946971651562,9.913946971651562,9.913946971651562,9.913946971651562,9.913946971651562,9.913946971651562,9.913946971651562,9.913946971651562,9.913946971651562,9.913946971651562,9.913946971651562,9.913946971651562,9.913946971651562,9.913946971651562,9.913946971651562,9.913946971651562,9.913946971651562,9.913946971651562,9.913946971651562,9.913946971651562,9.913946971651562,9.913946971651562,9.913946971651562,9.913946971651562,9.913946971651562,9.913946971651562,9.913946971651562,9.913946971651562,9.913946971651562,9.913946971651562,9.913946971651562,9.913946971651562,9.913946971651562,9.913946971651562,9.913946971651562,9.913946971651562
4110,1788.531639712441,147.00955771305132,82.19567071046473,0,0,0,0,0,0,0,0,0,0,0,0,0,0,0,0,0,0,0,0,0,0,0,0,0,0,0,0,0,0,0,30.87332878799444,30.87332878799444,30.87332878799444,30.87332878799444,30.87332878799444,30.87332878799444,30.87332878799444,30.87332878799444,30.87332878799444,30.87332878799444,30.87332878799444,30.87332878799444,30.87332878799444,30.87332878799444,30.87332878799444,30.87332878799444,30.87332878799444,30.87332878799444,30.87332878799444,30.87332878799444,30.87332878799444,30.87332878799444,30.87332878799444,30.87332878799444,30.87332878799444,30.87332878799444,30.87332878799444,30.87332878799444,30.87332878799444,30.87332878799444,30.87332878799444,30.87332878799444,30.87332878799444,30.87332878799444,30.87332878799444,30.87332878799444,30.87332878799444,30.87332878799444,30.87332878799444,30.87332878799444,30.87332878799444,30.87332878799444,30.87332878799444,30.87332878799444,0,0,0,0,0,0,0,0,0,0,0,0,0,0,0,0,0,0,0,0,0,0,0,0,0,0,0,0,0,0,0,17.261829817535816,17.261829817535816,17.261829817535816,17.261829817535816,17.261829817535816,17.261829817535816,17.261829817535816,17.261829817535816,17.261829817535816,17.261829817535816,17.261829817535816,17.261829817535816,17.261829817535816,17.261829817535816,17.261829817535816,17.261829817535816,17.261829817535816,17.261829817535816,17.261829817535816,17.261829817535816,17.261829817535816,17.261829817535816,17.261829817535816,17.261829817535816,17.261829817535816,17.261829817535816,17.261829817535816,17.261829817535816,17.261829817535816,17.261829817535816,17.261829817535816,17.261829817535816,17.261829817535816,17.261829817535816,17.261829817535816,17.261829817535816,17.261829817535816,17.261829817535816,17.261829817535816,17.261829817535816,17.261829817535816,17.261829817535816,17.261829817535816,17.261829817535816
4111,1099.13754298788,19.567614554813726,17.802698742890176,0,0,0,0,0,0,0,0,0,0,0,0,0,0,0,0,0,0,0,0,0,0,0,0,0,0,0,0,0,0,0,0,0,0,0,0,0,0,0,0,0,0,0,0,0,0,0,0,0,0,0,0,0,0,0,0,0,0,0,0,0,0,0,0,0,0,0,0,0,0,0,0,0,0,0,0,0,0,0,0,0,0,0,0,0,0,0,0,0,0,0,0,0,0,0,0,0,0,0,0,0,0,0,0,0,0,0,0,0,0,0,0,0,0,0,0,0,0,0,0,0,0,0,0,0,0,0,0,0,0,0,0,0,0,0,0,0,0,0,0,0,0,0,0,0,0,0,0,0,0
4112,114.64605184158087,0,0,0,0,0,0,0,0,0,0,0,0,0,0,0,0,0,0,0,0,0,0,0,0,0,0,0,0,0,0,0,0,0,0,0,0,0,0,0,0,0,0,0,0,0,0,0,0,0,0,0,0,0,0,0,0,0,0,0,0,0,0,0,0,0,0,0,0,0,0,0,0,0,0,0,0,0,0,0,0,0,0,0,0,0,0,0,0,0,0,0,0,0,0,0,0,0,0,0,0,0,0,0,0,0,0,0,0,0,0,0,0,0,0,0,0,0,0,0,0,0,0,0,0,0,0,0,0,0,0,0,0,0,0,0,0,0,0,0,0,0,0,0,0,0,0,0,0,0,0,0,0
4113,1065.7647711883217,0,0,0,0,0,0,0,0,0,0,0,0,0,0,0,0,0,0,0,0,0,0,0,0,0,0,0,0,0,0,0,0,0,0,0,0,0,0,0,0,0,0,0,0,0,0,0,0,0,0,0,0,0,0,0,0,0,0,0,0,0,0,0,0,0,0,0,0,0,0,0,0,0,0,0,0,0,0,0,0,0,0,0,0,0,0,0,0,0,0,0,0,0,0,0,0,0,0,0,0,0,0,0,0,0,0,0,0,0,0,0,0,0,0,0,0,0,0,0,0,0,0,0,0,0,0,0,0,0,0,0,0,0,0,0,0,0,0,0,0,0,0,0,0,0,0,0,0,0,0,0,0
4114,1569.952300018164,0,0,0,0,0,0,0,0,0,0,0,0,0,0,0,0,0,0,0,0,0,0,0,0,0,0,0,0,0,0,0,0,0,0,0,0,0,0,0,0,0,0,0,0,0,0,0,0,0,0,0,0,0,0,0,0,0,0,0,0,0,0,0,0,0,0,0,0,0,0,0,0,0,0,0,0,0,0,0,0,0,0,0,0,0,0,0,0,0,0,0,0,0,0,0,0,0,0,0,0,0,0,0,0,0,0,0,0,0,0,0,0,0,0,0,0,0,0,0,0,0,0,0,0,0,0,0,0,0,0,0,0,0,0,0,0,0,0,0,0,0,0,0,0,0,0,0,0,0,0,0,0
4115,885.0014798690379,0,0,0,0,0,0,0,0,0,0,0,0,0,0,0,0,0,0,0,0,0,0,0,0,0,0,0,0,0,0,0,0,0,0,0,0,0,0,0,0,0,0,0,0,0,0,0,41.66031473006627,41.66031473006627,41.66031473006627,41.66031473006627,41.66031473006627,41.66031473006627,41.66031473006627,41.66031473006627,41.66031473006627,41.66031473006627,41.66031473006627,41.66031473006627,41.66031473006627,41.66031473006627,41.66031473006627,41.66031473006627,41.66031473006627,41.66031473006627,41.66031473006627,41.66031473006627,41.66031473006627,41.66031473006627,41.66031473006627,41.66031473006627,41.66031473006627,41.66031473006627,41.66031473006627,41.66031473006627,41.66031473006627,41.66031473006627,0,0,0,0,0,0,0,0,0,0,0,0,0,0,0,0,0,0,0,0,0,0,0,0,0,0,0,0,0,0,0,0,0,0,0,0,0,0,0,0,0,0,0,0,0,47.073723239684455,47.073723239684455,47.073723239684455,47.073723239684455,47.073723239684455,47.073723239684455,47.073723239684455,47.073723239684455,47.073723239684455,47.073723239684455,47.073723239684455,47.073723239684455,47.073723239684455,47.073723239684455,47.073723239684455,47.073723239684455,47.073723239684455,47.073723239684455,47.073723239684455,47.073723239684455,47.073723239684455,47.073723239684455,47.073723239684455,47.073723239684455,47.073723239684455,47.073723239684455,47.073723239684455,47.073723239684455,47.073723239684455,47.073723239684455
4116,146.2764127855793,0,0,0,0,0,0,0,0,0,0,0,0,0,0,0,0,0,0,0,0,0,0,0,0,0,0,0,0,0,0,0,0,0,0,0,0,0,0,0,0,0,0,0,0,6.923887489364738,6.923887489364738,21.20790897316494,21.20790897316494,21.20790897316494,21.20790897316494,21.20790897316494,21.20790897316494,21.20790897316494,21.20790897316494,21.20790897316494,21.20790897316494,21.20790897316494,21.20790897316494,21.20790897316494,21.20790897316494,21.20790897316494,21.20790897316494,21.20790897316494,21.20790897316494,21.20790897316494,21.20790897316494,21.20790897316494,21.20790897316494,21.20790897316494,21.20790897316494,21.20790897316494,21.20790897316494,21.20790897316494,21.20790897316494,21.20790897316494,21.20790897316494,21.20790897316494,0,0,0,0,0,0,0,0,0,0,0,0,0,0,0,0,0,0,0,0,0,0,0,0,0,0,0,0,0,0,0,0,0,0,0,0,0,0,0,0,0,0,47.334271859087664,47.334271859087664,144.98515905125976,144.98515905125976,144.98515905125976,144.98515905125976,144.98515905125976,144.98515905125976,144.98515905125976,144.98515905125976,144.98515905125976,144.98515905125976,144.98515905125976,144.98515905125976,144.98515905125976,144.98515905125976,144.98515905125976,144.98515905125976,144.98515905125976,144.98515905125976,144.98515905125976,144.98515905125976,144.98515905125976,144.98515905125976,144.98515905125976,144.98515905125976,144.98515905125976,144.98515905125976,144.98515905125976,144.98515905125976,144.98515905125976,144.98515905125976,144.98515905125976
4117,4788.593650889683,0,0,0,0,0,0,0,0,0,0,0,0,0,0,0,0,0,0,34.829645065859786,34.829645065859786,63.83639486902929,63.83639486902929,63.83639486902929,63.83639486902929,63.83639486902929,63.83639486902929,63.83639486902929,63.83639486902929,63.83639486902929,63.83639486902929,63.83639486902929,63.83639486902929,63.83639486902929,63.83639486902929,63.83639486902929,63.83639486902929,63.83639486902929,63.83639486902929,63.83639486902929,63.83639486902929,63.83639486902929,63.83639486902929,63.83639486902929,63.83639486902929,63.83639486902929,63.83639486902929,63.83639486902929,63.83639486902929,63.83639486902929,63.83639486902929,63.83639486902929,63.83639486902929,63.83639486902929,63.83639486902929,63.83639486902929,63.83639486902929,63.83639486902929,63.83639486902929,63.83639486902929,63.83639486902929,63.83639486902929,63.83639486902929,63.83639486902929,63.83639486902929,63.83639486902929,63.83639486902929,63.83639486902929,63.83639486902929,63.83639486902929,63.83639486902929,63.83639486902929,63.83639486902929,63.83639486902929,63.83639486902929,63.83639486902929,63.83639486902929,63.83639486902929,0,0,0,0,0,0,0,0,0,0,0,0,0,0,0,0,7.2734601440631135,7.2734601440631135,13.330927517136267,13.330927517136267,13.330927517136267,13.330927517136267,13.330927517136267,13.330927517136267,13.330927517136267,13.330927517136267,13.330927517136267,13.330927517136267,13.330927517136267,13.330927517136267,13.330927517136267,13.330927517136267,13.330927517136267,13.330927517136267,13.330927517136267,13.330927517136267,13.330927517136267,13.330927517136267,13.330927517136267,13.330927517136267,13.330927517136267,13.330927517136267,13.330927517136267,13.330927517136267,13.330927517136267,13.330927517136267,13.330927517136267,13.330927517136267,13.330927517136267,13.330927517136267,13.330927517136267,13.330927517136267,13.330927517136267,13.330927517136267,13.330927517136267,13.330927517136267,13.330927517136267,13.330927517136267,13.330927517136267,13.330927517136267,13.330927517136267,13.330927517136267,13.330927517136267,13.330927517136267,13.330927517136267,13.330927517136267,13.330927517136267,13.330927517136267,13.330927517136267,13.330927517136267,13.330927517136267,13.330927517136267,13.330927517136267,13.330927517136267,13.330927517136267
4118,568.945643529861,0,0,0,0,0,0,0,0,0,0,0,0,0,0,0,0,0,0,0,0,0,0,0,0,0,0,0,0,0,0,0,0,0,0,0,0,0,0,0,0,0,0,0,0,0,0,0,0,0,0,0,0,0,0,0,0,0,0,0,0,0,0,0,0,0,0,0,0,0,0,0,0,0,0,0,0,0,0,0,0,0,0,0,0,0,0,0,0,0,0,0,0,0,0,0,0,0,0,0,0,0,0,0,0,0,0,0,0,0,0,0,0,0,0,0,0,0,0,0,0,0,0,0,0,0,0,0,0,0,0,0,0,0,0,0,0,0,0,0,0,0,0,0,0,0,0,0,0,0,0,0,0
4119,711.9686713575411,0,0,0,0,0,0,0,0,0,0,0,0,0,0,0,0,0,0,0,0,0,0,0,0,0,0,0,0,0,0,0,0,0,0,0,0,0,0,0,0,0,0,0,0,0,0,0,0,0,0,0,0,0,0,0,0,0,0,0,0,0,0,0,0,0,0,0,0,0,0,0,0,0,0,0,0,0,0,0,0,0,0,0,0,0,0,0,0,0,0,0,0,0,0,0,0,0,0,0,0,0,0,0,0,0,0,0,0,0,0,0,0,0,0,0,0,0,0,0,0,0,0,0,0,0,0,0,0,0,0,0,0,0,0,0,0,0,0,0,0,0,0,0,0,0,0,0,0,0,0,0,0
4120,1508.706973196155,165.14989068701587,109.46452400703781,0,0,0,0,0,0,0,0,0,15.511322316268311,15.511322316268311,15.511322316268311,15.511322316268311,15.511322316268311,15.511322316268311,15.511322316268311,15.511322316268311,15.511322316268311,15.511322316268311,15.511322316268311,15.511322316268311,15.511322316268311,15.511322316268311,15.511322316268311,15.511322316268311,15.511322316268311,15.511322316268311,15.511322316268311,15.511322316268311,15.511322316268311,15.511322316268311,15.511322316268311,15.511322316268311,15.511322316268311,15.511322316268311,15.511322316268311,15.511322316268311,15.511322316268311,15.511322316268311,15.511322316268311,15.511322316268311,15.511322316268311,15.511322316268311,15.511322316268311,15.511322316268311,15.511322316268311,15.511322316268311,15.511322316268311,15.511322316268311,15.511322316268311,15.511322316268311,15.511322316268311,15.511322316268311,15.511322316268311,15.511322316268311,15.511322316268311,15.511322316268311,15.511322316268311,15.511322316268311,15.511322316268311,15.511322316268311,15.511322316268311,15.511322316268311,15.511322316268311,15.511322316268311,15.511322316268311,15.511322316268311,15.511322316268311,15.511322316268311,15.511322316268311,15.511322316268311,15.511322316268311,15.511322316268311,15.511322316268311,15.511322316268311,0,0,0,0,0,0,0,0,0,10.281202772867147,10.281202772867147,10.281202772867147,10.281202772867147,10.281202772867147,10.281202772867147,10.281202772867147,10.281202772867147,10.281202772867147,10.281202772867147,10.281202772867147,10.281202772867147,10.281202772867147,10.281202772867147,10.281202772867147,10.281202772867147,10.281202772867147,10.281202772867147,10.281202772867147,10.281202772867147,10.281202772867147,10.281202772867147,10.281202772867147,10.281202772867147,10.281202772867147,10.281202772867147,10.281202772867147,10.281202772867147,10.281202772867147,10.281202772867147,10.281202772867147,10.281202772867147,10.281202772867147,10.281202772867147,10.281202772867147,10.281202772867147,10.281202772867147,10.281202772867147,10.281202772867147,10.281202772867147,10.281202772867147,10.281202772867147,10.281202772867147,10.281202772867147,10.281202772867147,10.281202772867147,10.281202772867147,10.281202772867147,10.281202772867147,10.281202772867147,10.281202772867147,10.281202772867147,10.281202772867147,10.281202772867147,10.281202772867147,10.281202772867147,10.281202772867147,10.281202772867147,10.281202772867147,10.281202772867147,10.281202772867147,10.281202772867147,10.281202772867147,10.281202772867147,10.281202772867147,10.281202772867147
4121,308.06831793343395,0,0,0,0,0,0,0,0,0,0,0,4.720552605353559,4.720552605353559,4.720552605353559,4.720552605353559,4.720552605353559,4.720552605353559,4.720552605353559,18.765998651171188,18.765998651171188,18.765998651171188,18.765998651171188,18.765998651171188,18.765998651171188,18.765998651171188,18.765998651171188,18.765998651171188,18.765998651171188,18.765998651171188,18.765998651171188,18.765998651171188,18.765998651171188,18.765998651171188,18.765998651171188,18.765998651171188,18.765998651171188,18.765998651171188,18.765998651171188,18.765998651171188,18.765998651171188,18.765998651171188,18.765998651171188,18.765998651171188,18.765998651171188,18.765998651171188,18.765998651171188,18.765998651171188,18.765998651171188,18.765998651171188,18.765998651171188,18.765998651171188,18.765998651171188,18.765998651171188,18.765998651171188,18.765998651171188,18.765998651171188,18.765998651171188,18.765998651171188,18.765998651171188,18.765998651171188,18.765998651171188,18.765998651171188,18.765998651171188,18.765998651171188,18.765998651171188,18.765998651171188,18.765998651171188,18.765998651171188,18.765998651171188,18.765998651171188,18.765998651171188,18.765998651171188,18.765998651171188,18.765998651171188,18.765998651171188,18.765998651171188,18.765998651171188,0,0,0,0,0,0,0,0,0,15.32307066503851,15.32307066503851,15.32307066503851,15.32307066503851,15.32307066503851,15.32307066503851,15.32307066503851,60.915055391142374,60.915055391142374,60.915055391142374,60.915055391142374,60.915055391142374,60.915055391142374,60.915055391142374,60.915055391142374,60.915055391142374,60.915055391142374,60.915055391142374,60.915055391142374,60.915055391142374,60.915055391142374,60.915055391142374,60.915055391142374,60.915055391142374,60.915055391142374,60.915055391142374,60.915055391142374,60.915055391142374,60.915055391142374,60.915055391142374,60.915055391142374,60.915055391142374,60.915055391142374,60.915055391142374,60.915055391142374,60.915055391142374,60.915055391142374,60.915055391142374,60.915055391142374,60.915055391142374,60.915055391142374,60.915055391142374,60.915055391142374,60.915055391142374,60.915055391142374,60.915055391142374,60.915055391142374,60.915055391142374,60.915055391142374,60.915055391142374,60.915055391142374,60.915055391142374,60.915055391142374,60.915055391142374,60.915055391142374,60.915055391142374,60.915055391142374,60.915055391142374,60.915055391142374,60.915055391142374,60.915055391142374,60.915055391142374,60.915055391142374,60.915055391142374,60.915055391142374,60.915055391142374
4122,1622.6166362702197,0,0,0,0,0,0,0,0,0,0,0,0,0,0,0,0,0,0,0,0,0,0,0,0,0,0,0,0,0,0,0,0,0,0,0,0,0,0,0,0,0,0,0,0,0,0,0,0,0,0,0,0,0,0,0,0,0,0,0,0,0,0,0,0,0,0,0,0,0,0,0,0,0,0,0,0,0,0,0,0,0,0,0,0,0,0,0,0,0,0,0,0,0,0,0,0,0,0,0,0,0,0,0,0,0,0,0,0,0,0,0,0,0,0,0,0,0,0,0,0,0,0,0,0,0,0,0,0,0,0,0,0,0,0,0,0,0,0,0,0,0,0,0,0,0,0,0,0,0,0,0,0
4123,842.8544846978469,102.26697585602616,121.33408282532616,0,0,0,0,0,0,0,0,0,0,0,0,0,0,0,0,0,0,0,0,0,0,0,0,0,0,0,0,0,0,0,0,0,0,0,0,0,0,0,0,0,0,0,0,0,0,0,0,0,0,0,0,0,0,0,0,0,0,0,0,0,0,0,0,0,0,0,0,0,0,0,0,0,0,0,0,0,0,0,0,0,0,0,0,0,0,0,0,0,0,0,0,0,0,0,0,0,0,0,0,0,0,0,0,0,0,0,0,0,0,0,0,0,0,0,0,0,0,0,0,0,0,0,0,0,0,0,0,0,0,0,0,0,0,0,0,0,0,0,0,0,0,0,0,0,0,0,0,0,0
4124,2835.3307282416445,0,0,0,0,0,0,0,0,0,0,0,0,0,0,0,0,0,0,0,0,0,0,0,0,0,0,0,0,0,0,0,0,0,0,0,0,0,0,0,0,0,0,0,0,0,0,0,0,0,0,0,0,0,0,0,0,0,0,0,0,0,0,0,0,0,0,0,0,0,0,0,0,0,0,0,0,0,0,0,0,0,0,0,0,0,0,0,0,0,0,0,0,0,0,0,0,0,0,0,0,0,0,0,0,0,0,0,0,0,0,0,0,0,0,0,0,0,0,0,0,0,0,0,0,0,0,0,0,0,0,0,0,0,0,0,0,0,0,0,0,0,0,0,0,0,0,0,0,0,0,0,0
4125,663.199052207145,0,0,0,0,0,0,0,0,0,0,0,0,0,0,0,0,0,0,0,0,0,0,0,0,0,0,0,0,0,0,0,0,0,0,0,0,0,0,0,0,0,0,0,0,0,0,0,0,0,0,0,0,0,0,0,0,0,0,0,0,0,0,0,0,0,0,0,0,0,0,0,0,0,0,0,0,0,0,0,0,0,0,0,0,0,0,0,0,0,0,0,0,0,0,0,0,0,0,0,0,0,0,0,0,0,0,0,0,0,0,0,0,0,0,0,0,0,0,0,0,0,0,0,0,0,0,0,0,0,0,0,0,0,0,0,0,0,0,0,0,0,0,0,0,0,0,0,0,0,0,0,0
4126,1886.667362980874,71.02374062694423,37.64507831138235,0,0,0,0,0,0,0,0,0,0,0,0,0,0,0,0,0,0,0,0,0,0,0,0,0,0,0,0,0,0,0,0,0,0,0,0,0,0,0,0,0,0,0,0,0,0,0,0,0,0,0,0,0,0,0,0,0,0,0,0,0,0,0,0,0,0,0,0,0,0,0,0,0,0,0,0,0,0,0,0,0,0,0,0,0,0,0,0,0,0,0,0,0,0,0,0,0,0,0,0,0,0,0,0,0,0,0,0,0,0,0,0,0,0,0,0,0,0,0,0,0,0,0,0,0,0,0,0,0,0,0,0,0,0,0,0,0,0,0,0,0,0,0,0,0,0,0,0,0,0
4127,3214.9552891407957,0,0,0,0,0,0,0,0,0,0,0,0,0,0,0,0,0,0,0,0,0,0,0,0,0,0,0,0,0,0,0,0,0,0,0,0,0,0,0,0,0,0,0,0,0,0,0,0,0,0,0,0,0,0,0,0,0,0,0,0,0,0,0,0,0,0,0,0,0,0,0,0,0,0,0,0,0,0,0,0,0,0,0,0,0,0,0,0,0,0,0,0,0,0,0,0,0,0,0,0,0,0,0,0,0,0,0,0,0,0,0,0,0,0,0,0,0,0,0,0,0,0,0,0,0,0,0,0,0,0,0,0,0,0,0,0,0,0,0,0,0,0,0,0,0,0,0,0,0,0,0,0
4128,222.55652186708056,0,0,0,0,0,0,0,0,0,0,0,0,0,0,0,0,0,0,12.747555484491524,12.747555484491524,12.747555484491524,12.747555484491524,12.747555484491524,12.747555484491524,12.747555484491524,12.747555484491524,12.747555484491524,12.747555484491524,12.747555484491524,12.747555484491524,12.747555484491524,12.747555484491524,12.747555484491524,12.747555484491524,12.747555484491524,12.747555484491524,12.747555484491524,12.747555484491524,12.747555484491524,12.747555484491524,12.747555484491524,12.747555484491524,12.747555484491524,12.747555484491524,12.747555484491524,12.747555484491524,12.747555484491524,12.747555484491524,12.747555484491524,12.747555484491524,12.747555484491524,12.747555484491524,12.747555484491524,12.747555484491524,12.747555484491524,12.747555484491524,12.747555484491524,12.747555484491524,12.747555484491524,12.747555484491524,12.747555484491524,12.747555484491524,12.747555484491524,12.747555484491524,12.747555484491524,12.747555484491524,12.747555484491524,12.747555484491524,12.747555484491524,12.747555484491524,12.747555484491524,12.747555484491524,12.747555484491524,12.747555484491524,12.747555484491524,12.747555484491524,12.747555484491524,0,0,0,0,0,0,0,0,0,0,0,0,0,0,0,0,57.27783386237884,57.27783386237884,57.27783386237884,57.27783386237884,57.27783386237884,57.27783386237884,57.27783386237884,57.27783386237884,57.27783386237884,57.27783386237884,57.27783386237884,57.27783386237884,57.27783386237884,57.27783386237884,57.27783386237884,57.27783386237884,57.27783386237884,57.27783386237884,57.27783386237884,57.27783386237884,57.27783386237884,57.27783386237884,57.27783386237884,57.27783386237884,57.27783386237884,57.27783386237884,57.27783386237884,57.27783386237884,57.27783386237884,57.27783386237884,57.27783386237884,57.27783386237884,57.27783386237884,57.27783386237884,57.27783386237884,57.27783386237884,57.27783386237884,57.27783386237884,57.27783386237884,57.27783386237884,57.27783386237884,57.27783386237884,57.27783386237884,57.27783386237884,57.27783386237884,57.27783386237884,57.27783386237884,57.27783386237884,57.27783386237884,57.27783386237884,57.27783386237884,57.27783386237884,57.27783386237884,57.27783386237884,57.27783386237884,57.27783386237884,57.27783386237884,57.27783386237884,57.27783386237884
4129,846.0256126262133,0,0,0,0,0,0,0,0,0,0,0,0,0,0,0,0,0,0,0,0,0,0,0,0,0,0,0,0,0,0,0,0,0,0,0,0,0,0,0,0,0,0,0,0,0,0,0,0,0,0,0,0,0,0,0,0,0,0,0,0,0,0,0,0,0,0,0,0,0,0,0,0,0,0,0,0,0,0,0,0,0,0,0,0,0,0,0,0,0,0,0,0,0,0,0,0,0,0,0,0,0,0,0,0,0,0,0,0,0,0,0,0,0,0,0,0,0,0,0,0,0,0,0,0,0,0,0,0,0,0,0,0,0,0,0,0,0,0,0,0,0,0,0,0,0,0,0,0,0,0,0,0
4130,756.7414216719974,47.63425112280201,62.94653597467357,0,0,0,0,0,0,0,0,0,0,0,0,0,0,0,0,0,0,30.01457856114158,30.01457856114158,30.01457856114158,30.01457856114158,30.01457856114158,30.01457856114158,30.01457856114158,30.01457856114158,30.01457856114158,30.01457856114158,30.01457856114158,30.01457856114158,30.01457856114158,30.01457856114158,30.01457856114158,30.01457856114158,30.01457856114158,30.01457856114158,30.01457856114158,30.01457856114158,30.01457856114158,30.01457856114158,30.01457856114158,30.01457856114158,30.01457856114158,30.01457856114158,30.01457856114158,30.01457856114158,30.01457856114158,30.01457856114158,30.01457856114158,30.01457856114158,30.01457856114158,30.01457856114158,30.01457856114158,30.01457856114158,30.01457856114158,30.01457856114158,30.01457856114158,30.01457856114158,30.01457856114158,30.01457856114158,30.01457856114158,30.01457856114158,30.01457856114158,30.01457856114158,30.01457856114158,30.01457856114158,30.01457856114158,30.01457856114158,30.01457856114158,30.01457856114158,30.01457856114158,30.01457856114158,30.01457856114158,30.01457856114158,30.01457856114158,0,0,0,0,0,0,0,0,0,0,0,0,0,0,0,0,0,0,39.6629254082924,39.6629254082924,39.6629254082924,39.6629254082924,39.6629254082924,39.6629254082924,39.6629254082924,39.6629254082924,39.6629254082924,39.6629254082924,39.6629254082924,39.6629254082924,39.6629254082924,39.6629254082924,39.6629254082924,39.6629254082924,39.6629254082924,39.6629254082924,39.6629254082924,39.6629254082924,39.6629254082924,39.6629254082924,39.6629254082924,39.6629254082924,39.6629254082924,39.6629254082924,39.6629254082924,39.6629254082924,39.6629254082924,39.6629254082924,39.6629254082924,39.6629254082924,39.6629254082924,39.6629254082924,39.6629254082924,39.6629254082924,39.6629254082924,39.6629254082924,39.6629254082924,39.6629254082924,39.6629254082924,39.6629254082924,39.6629254082924,39.6629254082924,39.6629254082924,39.6629254082924,39.6629254082924,39.6629254082924,39.6629254082924,39.6629254082924,39.6629254082924,39.6629254082924,39.6629254082924,39.6629254082924,39.6629254082924,39.6629254082924,39.6629254082924
4131,623.1835730883763,0,0,0,0,0,0,0,0,0,0,0,0,0,0,0,0,0,0,0,0,0,0,0,0,0,0,0,0,0,0,0,0,0,0,0,0,0,0,0,0,0,0,0,0,0,0,0,0,0,0,0,0,0,0,0,0,0,0,0,0,0,0,0,0,0,0,0,0,0,0,0,0,0,0,0,0,0,0,0,0,0,0,0,0,0,0,0,0,0,0,0,0,0,0,0,0,0,0,0,0,0,0,0,0,0,0,0,0,0,0,0,0,0,0,0,0,0,0,0,0,0,0,0,0,0,0,0,0,0,0,0,0,0,0,0,0,0,0,0,0,0,0,0,0,0,0,0,0,0,0,0,0
4132,1060.6404164668454,0,0,0,0,0,0,0,0,0,0,0,0,0,0,0,0,0,0,0,0,0,0,0,0,0,0,0,0,0,0,0,0,0,0,0,0,0,0,0,0,0,0,0,0,0,0,0,0,0,0,0,0,0,0,0,0,0,0,0,0,0,0,0,0,0,0,0,0,0,0,0,0,0,0,0,0,0,0,0,0,0,0,0,0,0,0,0,0,0,0,0,0,0,0,0,0,0,0,0,0,0,0,0,0,0,0,0,0,0,0,0,0,0,0,0,0,0,0,0,0,0,0,0,0,0,0,0,0,0,0,0,0,0,0,0,0,0,0,0,0,0,0,0,0,0,0,0,0,0,0,0,0
4133,364.6983863682222,0,0,0,0,0,0,0,0,0,0,0,0,0,0,0,0,0,0,0,0,0,0,0,0,0,0,0,0,0,0,0,0,0,0,0,0,0,0,0,0,0,0,0,0,0,0,0,0,0,0,0,0,0,0,0,0,0,0,0,0,0,0,0,0,0,0,0,0,0,0,0,0,0,0,0,0,0,0,0,0,0,0,0,0,0,0,0,0,0,0,0,0,0,0,0,0,0,0,0,0,0,0,0,0,0,0,0,0,0,0,0,0,0,0,0,0,0,0,0,0,0,0,0,0,0,0,0,0,0,0,0,0,0,0,0,0,0,0,0,0,0,0,0,0,0,0,0,0,0,0,0,0
4134,910.3931218444609,0,0,0,0,0,0,0,0,0,0,0,0,0,0,0,0,0,0,0,0,0,0,0,0,0,0,0,0,0,0,0,0,0,0,0,0,0,0,0,0,0,0,0,0,0,0,0,0,0,0,0,0,0,0,0,0,0,0,0,0,0,0,0,0,0,0,0,0,0,0,0,0,0,0,0,0,0,0,0,0,0,0,0,0,0,0,0,0,0,0,0,0,0,0,0,0,0,0,0,0,0,0,0,0,0,0,0,0,0,0,0,0,0,0,0,0,0,0,0,0,0,0,0,0,0,0,0,0,0,0,0,0,0,0,0,0,0,0,0,0,0,0,0,0,0,0,0,0,0,0,0,0
4135,486.2525935762838,0,0,0,0,0,0,0,0,0,0,0,0,0,0,0,0,0,0,0,0,0,0,0,0,0,0,0,0,0,0,0,0,0,0,0,0,0,0,0,0,0,0,0,0,0,0,0,0,0,0,0,0,0,0,0,0,0,0,0,0,0,0,0,0,0,0,0,0,0,0,0,0,0,0,0,0,0,0,0,0,0,0,0,0,0,0,0,0,0,0,0,0,0,0,0,0,0,0,0,0,0,0,0,0,0,0,0,0,0,0,0,0,0,0,0,0,0,0,0,0,0,0,0,0,0,0,0,0,0,0,0,0,0,0,0,0,0,0,0,0,0,0,0,0,0,0,0,0,0,0,0,0
4136,5048.410934213232,0,0,0,0,0,0,0,0,0,0,0,0,0,0,0,0,0,0,0,0,0,0,0,0,0,0,0,0,0,0,0,0,0,0,0,0,0,0,0,0,0,0,0,0,0,0,0,0,0,0,0,0,0,0,0,0,0,0,0,0,0,0,0,0,0,0,0,0,0,0,0,0,0,0,0,0,0,0,0,0,0,0,0,0,0,0,0,0,0,0,0,0,0,0,0,0,0,0,0,0,0,0,0,0,0,0,0,0,0,0,0,0,0,0,0,0,0,0,0,0,0,0,0,0,0,0,0,0,0,0,0,0,0,0,0,0,0,0,0,0,0,0,0,0,0,0,0,0,0,0,0,0
4137,1227.7947721432292,123.36376852547394,100.47588678858038,0,0,0,0,0,0,0,0,0,0,0,0,0,0,0,0,0,0,0,0,0,0,0,0,0,0,0,0,0,0,0,0,0,0,0,0,0,0,0,0,0,0,0,0,0,0,0,0,0,0,0,0,0,0,41.143654346553774,41.143654346553774,41.143654346553774,41.143654346553774,41.143654346553774,41.143654346553774,41.143654346553774,41.143654346553774,41.143654346553774,41.143654346553774,41.143654346553774,41.143654346553774,41.143654346553774,41.143654346553774,41.143654346553774,41.143654346553774,41.143654346553774,41.143654346553774,41.143654346553774,41.143654346553774,41.143654346553774,0,0,0,0,0,0,0,0,0,0,0,0,0,0,0,0,0,0,0,0,0,0,0,0,0,0,0,0,0,0,0,0,0,0,0,0,0,0,0,0,0,0,0,0,0,0,0,0,0,0,0,0,0,0,33.51020486488448,33.51020486488448,33.51020486488448,33.51020486488448,33.51020486488448,33.51020486488448,33.51020486488448,33.51020486488448,33.51020486488448,33.51020486488448,33.51020486488448,33.51020486488448,33.51020486488448,33.51020486488448,33.51020486488448,33.51020486488448,33.51020486488448,33.51020486488448,33.51020486488448,33.51020486488448,33.51020486488448
4138,725.4542609634403,23.244353338260744,32.041101126611416,0,0,0,0,0,0,0,0,0,0,0,0,0,0,0,0,0,0,0,0,0,0,0,0,0,0,0,0,0,0,0,0,0,0,0,0,30.686219696123292,30.686219696123292,30.686219696123292,30.686219696123292,30.686219696123292,30.686219696123292,30.686219696123292,30.686219696123292,30.686219696123292,30.686219696123292,30.686219696123292,30.686219696123292,30.686219696123292,30.686219696123292,30.686219696123292,30.686219696123292,30.686219696123292,30.686219696123292,30.686219696123292,30.686219696123292,30.686219696123292,30.686219696123292,30.686219696123292,30.686219696123292,30.686219696123292,30.686219696123292,30.686219696123292,30.686219696123292,30.686219696123292,30.686219696123292,30.686219696123292,30.686219696123292,30.686219696123292,30.686219696123292,30.686219696123292,30.686219696123292,30.686219696123292,30.686219696123292,30.686219696123292,0,0,0,0,0,0,0,0,0,0,0,0,0,0,0,0,0,0,0,0,0,0,0,0,0,0,0,0,0,0,0,0,0,0,0,0,42.29931692091852,42.29931692091852,42.29931692091852,42.29931692091852,42.29931692091852,42.29931692091852,42.29931692091852,42.29931692091852,42.29931692091852,42.29931692091852,42.29931692091852,42.29931692091852,42.29931692091852,42.29931692091852,42.29931692091852,42.29931692091852,42.29931692091852,42.29931692091852,42.29931692091852,42.29931692091852,42.29931692091852,42.29931692091852,42.29931692091852,42.29931692091852,42.29931692091852,42.29931692091852,42.29931692091852,42.29931692091852,42.29931692091852,42.29931692091852,42.29931692091852,42.29931692091852,42.29931692091852,42.29931692091852,42.29931692091852,42.29931692091852,42.29931692091852,42.29931692091852,42.29931692091852
4139,238.45453210264716,0,0,0,0,0,0,0,0,0,0,0,0,0,0,0,0,0,0,0,0,0,0,0,0,0,0,0,0,0,0,0,0,0,0,0,0,0,0,0,0,0,0,0,0,0,0,0,0,0,0,0,0,0,0,0,0,0,0,0,0,0,0,0,0,0,0,0,0,0,0,0,0,0,0,0,0,0,0,0,0,0,0,0,0,0,0,0,0,0,0,0,0,0,0,0,0,0,0,0,0,0,0,0,0,0,0,0,0,0,0,0,0,0,0,0,0,0,0,0,0,0,0,0,0,0,0,0,0,0,0,0,0,0,0,0,0,0,0,0,0,0,0,0,0,0,0,0,0,0,0,0,0
4140,691.9608139514678,120.24586875656716,173.77554672481912,0,0,0,0,0,0,0,0,0,0,0,0,0,0,0,0,0,0,0,0,0,0,0,0,0,0,0,0,0,0,0,0,0,0,0,0,0,0,0,0,0,0,0,0,0,0,0,0,0,0,0,0,0,0,0,0,0,0,0,0,0,0,0,0,0,0,0,0,0,0,0,0,0,0,0,0,0,0,0,0,0,0,0,0,0,0,0,0,0,0,0,0,0,0,0,0,0,0,0,0,0,0,0,0,0,0,0,0,0,0,0,0,0,0,0,0,0,0,0,0,0,0,0,0,0,0,0,0,0,0,0,0,0,0,0,0,0,0,0,0,0,0,0,0,0,0,0,0,0,0
4141,776.3005899789505,0,0,0,0,0,0,0,0,0,0,0,0,0,0,0,0,0,0,0,0,0,0,0,0,0,0,0,0,0,0,0,0,0,0,0,0,0,0,0,0,0,0,0,0,0,0,0,0,0,0,0,0,0,0,0,0,0,0,0,0,0,0,0,0,0,0,0,0,0,0,0,0,0,0,0,0,0,0,0,0,0,0,0,0,0,0,0,0,0,0,0,0,0,0,0,0,0,0,0,0,0,0,0,0,0,0,0,0,0,0,0,0,0,0,0,0,0,0,0,0,0,0,0,0,0,0,0,0,0,0,0,0,0,0,0,0,0,0,0,0,0,0,0,0,0,0,0,0,0,0,0,0
4142,2985.054980868077,65.43947829273404,21.92236950815014,0,0,0,0,0,0,0,0,0,0,0,0,0,0,0,0,0,0,0,0,0,0,0,0,0,0,0,0,0,0,0,22.501786606166462,22.501786606166462,22.501786606166462,22.501786606166462,22.501786606166462,22.501786606166462,22.501786606166462,22.501786606166462,22.501786606166462,22.501786606166462,22.501786606166462,22.501786606166462,22.501786606166462,22.501786606166462,22.501786606166462,22.501786606166462,22.501786606166462,22.501786606166462,143.29692360610045,143.29692360610045,143.29692360610045,143.29692360610045,143.29692360610045,143.29692360610045,143.29692360610045,143.29692360610045,143.29692360610045,143.29692360610045,143.29692360610045,143.29692360610045,143.29692360610045,143.29692360610045,143.29692360610045,143.29692360610045,143.29692360610045,143.29692360610045,191.1578800376574,191.1578800376574,191.1578800376574,191.1578800376574,193.4125049294227,193.4125049294227,193.4125049294227,193.4125049294227,0,0,0,0,0,0,0,0,0,0,0,0,0,0,0,0,0,0,0,0,0,0,0,0,0,0,0,0,0,0,0,7.53814812470314,7.53814812470314,7.53814812470314,7.53814812470314,7.53814812470314,7.53814812470314,7.53814812470314,7.53814812470314,7.53814812470314,7.53814812470314,7.53814812470314,7.53814812470314,7.53814812470314,7.53814812470314,7.53814812470314,7.53814812470314,7.53814812470314,7.53814812470314,48.0047853471793,48.0047853471793,48.0047853471793,48.0047853471793,48.0047853471793,48.0047853471793,48.0047853471793,48.0047853471793,48.0047853471793,48.0047853471793,48.0047853471793,48.0047853471793,48.0047853471793,48.0047853471793,48.0047853471793,48.0047853471793,48.0047853471793,48.0047853471793,64.03831127494583,64.03831127494583,64.03831127494583,64.03831127494583,64.793615584653935,64.793615584653935,64.793615584653935,64.793615584653935
4143,1175.5065286179704,28.87480606585745,24.56371390791443,0,0,0,0,0,0,0,0,0,0,0,0,0,0,0,0,0,0,0,0,0,0,0,0,0,0,0,0,0,0,0,0,0,0,0,0,0,0,0,0,0,0,0,0,0,6.94591136028067,6.94591136028067,6.94591136028067,6.94591136028067,6.94591136028067,6.94591136028067,6.94591136028067,6.94591136028067,6.94591136028067,6.94591136028067,6.94591136028067,6.94591136028067,6.94591136028067,6.94591136028067,6.94591136028067,6.94591136028067,6.94591136028067,6.94591136028067,6.94591136028067,6.94591136028067,6.94591136028067,6.94591136028067,6.94591136028067,6.94591136028067,6.94591136028067,6.94591136028067,6.94591136028067,6.94591136028067,6.94591136028067,6.94591136028067,0,0,0,0,0,0,0,0,0,0,0,0,0,0,0,0,0,0,0,0,0,0,0,0,0,0,0,0,0,0,0,0,0,0,0,0,0,0,0,0,0,0,0,0,0,5.908866681027199,5.908866681027199,5.908866681027199,5.908866681027199,5.908866681027199,5.908866681027199,5.908866681027199,5.908866681027199,5.908866681027199,5.908866681027199,5.908866681027199,5.908866681027199,5.908866681027199,5.908866681027199,5.908866681027199,5.908866681027199,5.908866681027199,5.908866681027199,5.908866681027199,5.908866681027199,5.908866681027199,5.908866681027199,5.908866681027199,5.908866681027199,5.908866681027199,5.908866681027199,5.908866681027199,5.908866681027199,5.908866681027199,5.908866681027199
4144,1308.8378536329437,0,0,0,0,0,0,0,0,0,0,0,0,0,0,0,0,0,0,0,0,0,0,0,0,0,0,0,0,0,0,0,0,0,0,0,0,0,0,0,0,0,0,0,0,0,0,0,0,0,0,0,0,0,0,0,0,0,0,0,0,0,0,0,0,0,0,0,0,0,0,0,0,0,0,0,0,0,0,0,0,0,0,0,0,0,0,0,0,0,0,0,0,0,0,0,0,0,0,0,0,0,0,0,0,0,0,0,0,0,0,0,0,0,0,0,0,0,0,0,0,0,0,0,0,0,0,0,0,0,0,0,0,0,0,0,0,0,0,0,0,0,0,0,0,0,0,0,0,0,0,0,0
4145,2507.4428889035057,0,0,0,0,0,0,0,0,0,0,0,0,0,0,0,0,0,0,0,0,0,0,0,0,0,0,0,0,0,0,0,0,0,0,0,0,0,0,0,0,0,0,0,0,0,0,0,0,0,0,0,0,0,0,0,0,0,0,0,0,0,0,0,0,0,0,0,0,0,0,0,0,0,0,0,0,0,0,0,0,0,0,0,0,0,0,0,0,0,0,0,0,0,0,0,0,0,0,0,0,0,0,0,0,0,0,0,0,0,0,0,0,0,0,0,0,0,0,0,0,0,0,0,0,0,0,0,0,0,0,0,0,0,0,0,0,0,0,0,0,0,0,0,0,0,0,0,0,0,0,0,0
4146,815.7554673691628,1.873712505999639,2.2969046251598177,0,0,0,0,0,0,0,0,0,0,0,0,0,0,0,0,0,0,0,0,0,0,0,0,0,0,0,0,0,0,0,0,0,0,0,0,0,0,0,0,0,0,0,0,0,0,0,0,0,0,0,0,0,0,0,0,0,0,0,0,0,0,0,0,0,0,0,0,0,0,0,0,0,0,0,0,0,0,0,0,0,0,0,0,0,0,0,0,0,0,0,0,0,0,0,0,0,0,0,0,0,0,0,0,0,0,0,0,0,0,0,0,0,0,0,0,0,0,0,0,0,0,0,0,0,0,0,0,0,0,0,0,0,0,0,0,0,0,0,0,0,0,0,0,0,0,0,0,0,0
4147,503.10005150431067,0,0,0,0,0,0,0,0,0,0,0,0,0,0,0,0,0,0,0,0,0,0,0,0,0,0,0,0,0,0,0,0,0,0,0,0,0,0,0,0,0,0,0,0,0,0,0,0,0,0,0,0,0,0,0,0,0,0,0,0,0,0,0,0,0,0,0,0,0,0,0,0,0,0,0,0,0,0,0,0,0,0,0,0,0,0,0,0,0,0,0,0,0,0,0,0,0,0,0,0,0,0,0,0,0,0,0,0,0,0,0,0,0,0,0,0,0,0,0,0,0,0,0,0,0,0,0,0,0,0,0,0,0,0,0,0,0,0,0,0,0,0,0,0,0,0,0,0,0,0,0,0
4148,2638.45116824955,145.59800577316065,55.183134531823065,0,0,0,0,0,0,0,0,0,8.270720793284749,8.270720793284749,8.270720793284749,8.270720793284749,8.270720793284749,8.270720793284749,8.270720793284749,8.270720793284749,8.270720793284749,24.554628930004217,24.554628930004217,24.554628930004217,24.554628930004217,24.554628930004217,24.554628930004217,24.554628930004217,24.554628930004217,24.554628930004217,24.554628930004217,24.554628930004217,24.554628930004217,24.554628930004217,24.554628930004217,24.554628930004217,24.554628930004217,24.554628930004217,24.554628930004217,24.554628930004217,24.554628930004217,24.554628930004217,24.554628930004217,24.554628930004217,24.554628930004217,24.554628930004217,24.554628930004217,24.554628930004217,24.554628930004217,24.554628930004217,24.554628930004217,24.554628930004217,24.554628930004217,24.554628930004217,24.554628930004217,24.554628930004217,24.554628930004217,24.554628930004217,24.554628930004217,24.554628930004217,24.554628930004217,24.554628930004217,24.554628930004217,49.623022656950496,49.623022656950496,49.623022656950496,49.623022656950496,49.623022656950496,49.623022656950496,49.623022656950496,49.623022656950496,49.623022656950496,49.623022656950496,49.623022656950496,49.623022656950496,49.623022656950496,49.623022656950496,49.623022656950496,0,0,0,0,0,0,0,0,0,3.1346878399011127,3.1346878399011127,3.1346878399011127,3.1346878399011127,3.1346878399011127,3.1346878399011127,3.1346878399011127,3.1346878399011127,3.1346878399011127,9.306455706093171,9.306455706093171,9.306455706093171,9.306455706093171,9.306455706093171,9.306455706093171,9.306455706093171,9.306455706093171,9.306455706093171,9.306455706093171,9.306455706093171,9.306455706093171,9.306455706093171,9.306455706093171,9.306455706093171,9.306455706093171,9.306455706093171,9.306455706093171,9.306455706093171,9.306455706093171,9.306455706093171,9.306455706093171,9.306455706093171,9.306455706093171,9.306455706093171,9.306455706093171,9.306455706093171,9.306455706093171,9.306455706093171,9.306455706093171,9.306455706093171,9.306455706093171,9.306455706093171,9.306455706093171,9.306455706093171,9.306455706093171,9.306455706093171,9.306455706093171,9.306455706093171,9.306455706093171,9.306455706093171,9.306455706093171,18.807633529133046,18.807633529133046,18.807633529133046,18.807633529133046,18.807633529133046,18.807633529133046,18.807633529133046,18.807633529133046,18.807633529133046,18.807633529133046,18.807633529133046,18.807633529133046,18.807633529133046,18.807633529133046,18.807633529133046
4149,314.9651841111153,98.24612283611016,311.92692968074306,0,0,0,0,16.87660033329998,16.87660033329998,16.87660033329998,16.87660033329998,16.87660033329998,16.87660033329998,16.87660033329998,16.87660033329998,16.87660033329998,16.87660033329998,16.87660033329998,16.87660033329998,16.87660033329998,16.87660033329998,16.87660033329998,16.87660033329998,16.87660033329998,16.87660033329998,16.87660033329998,16.87660033329998,16.87660033329998,16.87660033329998,16.87660033329998,16.87660033329998,16.87660033329998,16.87660033329998,16.87660033329998,16.87660033329998,16.87660033329998,16.87660033329998,16.87660033329998,16.87660033329998,16.87660033329998,16.87660033329998,16.87660033329998,16.87660033329998,16.87660033329998,16.87660033329998,16.87660033329998,16.87660033329998,16.87660033329998,16.87660033329998,16.87660033329998,16.87660033329998,16.87660033329998,16.87660033329998,16.87660033329998,16.87660033329998,16.87660033329998,16.87660033329998,24.306081113813374,24.306081113813374,24.306081113813374,24.306081113813374,24.306081113813374,24.306081113813374,24.306081113813374,24.306081113813374,24.306081113813374,24.306081113813374,24.306081113813374,24.306081113813374,24.306081113813374,24.306081113813374,24.306081113813374,24.306081113813374,24.306081113813374,24.306081113813374,24.306081113813374,24.306081113813374,24.306081113813374,0,0,0,0,53.58243128023366,53.58243128023366,53.58243128023366,53.58243128023366,53.58243128023366,53.58243128023366,53.58243128023366,53.58243128023366,53.58243128023366,53.58243128023366,53.58243128023366,53.58243128023366,53.58243128023366,53.58243128023366,53.58243128023366,53.58243128023366,53.58243128023366,53.58243128023366,53.58243128023366,53.58243128023366,53.58243128023366,53.58243128023366,53.58243128023366,53.58243128023366,53.58243128023366,53.58243128023366,53.58243128023366,53.58243128023366,53.58243128023366,53.58243128023366,53.58243128023366,53.58243128023366,53.58243128023366,53.58243128023366,53.58243128023366,53.58243128023366,53.58243128023366,53.58243128023366,53.58243128023366,53.58243128023366,53.58243128023366,53.58243128023366,53.58243128023366,53.58243128023366,53.58243128023366,53.58243128023366,53.58243128023366,53.58243128023366,53.58243128023366,53.58243128023366,77.17069168266714,77.17069168266714,77.17069168266714,77.17069168266714,77.17069168266714,77.17069168266714,77.17069168266714,77.17069168266714,77.17069168266714,77.17069168266714,77.17069168266714,77.17069168266714,77.17069168266714,77.17069168266714,77.17069168266714,77.17069168266714,77.17069168266714,77.17069168266714,77.17069168266714,77.17069168266714,77.17069168266714
4150,181.26128993255375,0,0,0,0,0,0,0,0,0,0,0,0,0,0,0,0,0,0,0,0,0,0,0,0,0,0,0,0,0,0,0,0,0,0,0,0,0,0,0,0,0,0,0,0,0,0,0,0,0,0,0,0,0,0,0,0,0,0,0,0,0,0,0,0,0,0,0,0,0,0,0,0,0,0,0,0,0,0,0,0,0,0,0,0,0,0,0,0,0,0,0,0,0,0,0,0,0,0,0,0,0,0,0,0,0,0,0,0,0,0,0,0,0,0,0,0,0,0,0,0,0,0,0,0,0,0,0,0,0,0,0,0,0,0,0,0,0,0,0,0,0,0,0,0,0,0,0,0,0,0,0,0
4151,205.44701231328153,0,0,0,0,0,0,0,0,0,0,0,0,0,0,0,0,0,0,0,0,0,0,0,0,0,0,0,0,0,0,0,0,0,0,0,0,0,0,0,0,0,0,0,0,0,0,0,0,0,0,0,0,0,0,0,0,0,0,0,0,0,0,0,0,0,0,0,0,0,0,0,0,0,0,0,0,0,0,0,0,0,0,0,0,0,0,0,0,0,0,0,0,0,0,0,0,0,0,0,0,0,0,0,0,0,0,0,0,0,0,0,0,0,0,0,0,0,0,0,0,0,0,0,0,0,0,0,0,0,0,0,0,0,0,0,0,0,0,0,0,0,0,0,0,0,0,0,0,0,0,0,0
4152,620.6736767105085,0,0,0,0,0,0,0,0,0,0,0,0,0,0,0,0,0,0,0,0,0,0,0,0,0,0,0,0,0,0,0,0,0,0,0,0,0,0,0,0,0,0,0,0,0,0,0,0,0,0,0,0,0,0,0,0,0,0,0,0,0,0,0,0,0,0,0,0,0,0,0,0,0,0,0,0,0,0,0,0,0,0,0,0,0,0,0,0,0,0,0,0,0,0,0,0,0,0,0,0,0,0,0,0,0,0,0,0,0,0,0,0,0,0,0,0,0,0,0,0,0,0,0,0,0,0,0,0,0,0,0,0,0,0,0,0,0,0,0,0,0,0,0,0,0,0,0,0,0,0,0,0
4153,2697.427378622363,0,0,0,0,0,0,0,0,0,0,0,28.88034826022867,28.88034826022867,28.88034826022867,28.88034826022867,28.88034826022867,28.88034826022867,28.88034826022867,28.88034826022867,28.88034826022867,28.88034826022867,28.88034826022867,28.88034826022867,28.88034826022867,28.88034826022867,28.88034826022867,28.88034826022867,28.88034826022867,28.88034826022867,28.88034826022867,28.88034826022867,28.88034826022867,28.88034826022867,28.88034826022867,28.88034826022867,28.88034826022867,28.88034826022867,28.88034826022867,28.88034826022867,28.88034826022867,28.88034826022867,28.88034826022867,28.88034826022867,28.88034826022867,28.88034826022867,28.88034826022867,28.88034826022867,28.88034826022867,28.88034826022867,28.88034826022867,28.88034826022867,28.88034826022867,28.88034826022867,28.88034826022867,28.88034826022867,28.88034826022867,28.88034826022867,28.88034826022867,28.88034826022867,28.88034826022867,28.88034826022867,28.88034826022867,28.88034826022867,28.88034826022867,28.88034826022867,28.88034826022867,28.88034826022867,28.88034826022867,28.88034826022867,28.88034826022867,28.88034826022867,28.88034826022867,28.88034826022867,28.88034826022867,28.88034826022867,28.88034826022867,28.88034826022867,0,0,0,0,0,0,0,0,0,10.706626798968177,10.706626798968177,10.706626798968177,10.706626798968177,10.706626798968177,10.706626798968177,10.706626798968177,10.706626798968177,10.706626798968177,10.706626798968177,10.706626798968177,10.706626798968177,10.706626798968177,10.706626798968177,10.706626798968177,10.706626798968177,10.706626798968177,10.706626798968177,10.706626798968177,10.706626798968177,10.706626798968177,10.706626798968177,10.706626798968177,10.706626798968177,10.706626798968177,10.706626798968177,10.706626798968177,10.706626798968177,10.706626798968177,10.706626798968177,10.706626798968177,10.706626798968177,10.706626798968177,10.706626798968177,10.706626798968177,10.706626798968177,10.706626798968177,10.706626798968177,10.706626798968177,10.706626798968177,10.706626798968177,10.706626798968177,10.706626798968177,10.706626798968177,10.706626798968177,10.706626798968177,10.706626798968177,10.706626798968177,10.706626798968177,10.706626798968177,10.706626798968177,10.706626798968177,10.706626798968177,10.706626798968177,10.706626798968177,10.706626798968177,10.706626798968177,10.706626798968177,10.706626798968177,10.706626798968177,10.706626798968177,10.706626798968177,10.706626798968177,10.706626798968177,10.706626798968177,10.706626798968177
4154,100.08083500946125,0,0,0,0,0,0,0,0,0,0,0,0,0,0,0,0,0,0,0,0,0,0,0,0,0,0,0,0,0,0,0,0,0,0,0,0,0,0,0,0,0,0,0,0,0,0,0,0,0,0,0,0,0,0,0,0,0,0,0,0,0,0,0,0,0,0,0,0,0,0,0,0,0,0,0,0,0,0,0,0,0,0,0,0,0,0,0,0,0,0,0,0,0,0,0,0,0,0,0,0,0,0,0,0,0,0,0,0,0,0,0,0,0,0,0,0,0,0,0,0,0,0,0,0,0,0,0,0,0,0,0,0,0,0,0,0,0,0,0,0,0,0,0,0,0,0,0,0,0,0,0,0
4155,156.0049431558268,35.598294887378245,228.18696745923364,0,0,0,0,0,0,0,0,0,0,0,0,0,0,0,0,0,0,0.6519224244746673,0.6519224244746673,0.6519224244746673,0.6519224244746673,0.6519224244746673,0.6519224244746673,0.6519224244746673,0.6519224244746673,0.6519224244746673,0.6519224244746673,0.6519224244746673,0.6519224244746673,0.6519224244746673,0.6519224244746673,0.6519224244746673,0.6519224244746673,0.6519224244746673,0.6519224244746673,0.6519224244746673,0.6519224244746673,0.6519224244746673,0.6519224244746673,0.6519224244746673,0.6519224244746673,0.6519224244746673,0.6519224244746673,0.6519224244746673,0.6519224244746673,0.6519224244746673,0.6519224244746673,0.6519224244746673,0.6519224244746673,0.6519224244746673,0.6519224244746673,0.6519224244746673,0.6519224244746673,0.6519224244746673,0.6519224244746673,0.6519224244746673,0.6519224244746673,0.6519224244746673,0.6519224244746673,0.6519224244746673,0.6519224244746673,0.6519224244746673,0.6519224244746673,0.6519224244746673,0.6519224244746673,0.6519224244746673,0.6519224244746673,0.6519224244746673,0.6519224244746673,0.6519224244746673,0.6519224244746673,0.6519224244746673,0.6519224244746673,0.6519224244746673,0,0,0,0,0,0,0,0,0,0,0,0,0,0,0,0,0,0,4.178857485454736,4.178857485454736,4.178857485454736,4.178857485454736,4.178857485454736,4.178857485454736,4.178857485454736,4.178857485454736,4.178857485454736,4.178857485454736,4.178857485454736,4.178857485454736,4.178857485454736,4.178857485454736,4.178857485454736,4.178857485454736,4.178857485454736,4.178857485454736,4.178857485454736,4.178857485454736,4.178857485454736,4.178857485454736,4.178857485454736,4.178857485454736,4.178857485454736,4.178857485454736,4.178857485454736,4.178857485454736,4.178857485454736,4.178857485454736,4.178857485454736,4.178857485454736,4.178857485454736,4.178857485454736,4.178857485454736,4.178857485454736,4.178857485454736,4.178857485454736,4.178857485454736,4.178857485454736,4.178857485454736,4.178857485454736,4.178857485454736,4.178857485454736,4.178857485454736,4.178857485454736,4.178857485454736,4.178857485454736,4.178857485454736,4.178857485454736,4.178857485454736,4.178857485454736,4.178857485454736,4.178857485454736,4.178857485454736,4.178857485454736,4.178857485454736
4156,550.1024961238085,136.54614301977506,248.2194572500965,0,0,0,0,3.698282023342096,3.698282023342096,3.698282023342096,3.698282023342096,3.698282023342096,37.1266049708628,37.1266049708628,37.1266049708628,37.1266049708628,37.1266049708628,37.1266049708628,37.1266049708628,37.1266049708628,37.1266049708628,37.1266049708628,37.1266049708628,37.1266049708628,37.1266049708628,37.1266049708628,37.1266049708628,37.1266049708628,37.1266049708628,37.1266049708628,37.1266049708628,37.1266049708628,37.1266049708628,37.1266049708628,37.1266049708628,37.1266049708628,37.1266049708628,37.1266049708628,37.1266049708628,37.1266049708628,37.1266049708628,37.1266049708628,37.1266049708628,37.1266049708628,37.1266049708628,37.1266049708628,37.1266049708628,37.1266049708628,37.1266049708628,37.1266049708628,37.1266049708628,37.1266049708628,37.1266049708628,37.1266049708628,37.1266049708628,37.1266049708628,37.1266049708628,37.1266049708628,37.1266049708628,37.1266049708628,37.1266049708628,37.1266049708628,37.1266049708628,37.1266049708628,37.1266049708628,37.1266049708628,37.1266049708628,37.1266049708628,37.1266049708628,37.1266049708628,37.1266049708628,37.1266049708628,37.1266049708628,37.1266049708628,37.1266049708628,37.1266049708628,37.1266049708628,37.1266049708628,0,0,0,0,6.722896277332551,6.722896277332551,6.722896277332551,6.722896277332551,6.722896277332551,67.49034085914586,67.49034085914586,67.49034085914586,67.49034085914586,67.49034085914586,67.49034085914586,67.49034085914586,67.49034085914586,67.49034085914586,67.49034085914586,67.49034085914586,67.49034085914586,67.49034085914586,67.49034085914586,67.49034085914586,67.49034085914586,67.49034085914586,67.49034085914586,67.49034085914586,67.49034085914586,67.49034085914586,67.49034085914586,67.49034085914586,67.49034085914586,67.49034085914586,67.49034085914586,67.49034085914586,67.49034085914586,67.49034085914586,67.49034085914586,67.49034085914586,67.49034085914586,67.49034085914586,67.49034085914586,67.49034085914586,67.49034085914586,67.49034085914586,67.49034085914586,67.49034085914586,67.49034085914586,67.49034085914586,67.49034085914586,67.49034085914586,67.49034085914586,67.49034085914586,67.49034085914586,67.49034085914586,67.49034085914586,67.49034085914586,67.49034085914586,67.49034085914586,67.49034085914586,67.49034085914586,67.49034085914586,67.49034085914586,67.49034085914586,67.49034085914586,67.49034085914586,67.49034085914586,67.49034085914586,67.49034085914586,67.49034085914586,67.49034085914586,67.49034085914586,67.49034085914586,67.49034085914586
4157,59.357410811676026,0,0,0,0,0,0,0,0,0,0,0,0,0,0,0,0,0,0,0,0,0,0,0,0,0,0,0,0,0,0,0,0,0,0,0,0,0,0,0,0,0,0,0,0,0,0,0,0,0,0,0,0,0,0,0,0,0,0,0,0,0,0,0,0,0,0,0,0,0,0,0,0,0,0,0,0,0,0,0,0,0,0,0,0,0,0,0,0,0,0,0,0,0,0,0,0,0,0,0,0,0,0,0,0,0,0,0,0,0,0,0,0,0,0,0,0,0,0,0,0,0,0,0,0,0,0,0,0,0,0,0,0,0,0,0,0,0,0,0,0,0,0,0,0,0,0,0,0,0,0,0,0
4158,966.7738179721829,62.35726713059043,64.50036810200899,0,0,0,0,0,0,0,0,0,0,0,0,0,0,0,0,0,0,0,0,0,0,0,0,0,0,0,0,0,0,0,0,0,0,0,0,0,0,0,0,0,0,0,0,0,0,0,0,0,0,0,0,0,0,0,0,0,0,0,0,0,0,0,0,0,0,0,0,0,0,0,0,0,0,0,0,0,0,0,0,0,0,0,0,0,0,0,0,0,0,0,0,0,0,0,0,0,0,0,0,0,0,0,0,0,0,0,0,0,0,0,0,0,0,0,0,0,0,0,0,0,0,0,0,0,0,0,0,0,0,0,0,0,0,0,0,0,0,0,0,0,0,0,0,0,0,0,0,0,0
4159,415.7605277708321,0,0,0,0,0,0,0,0,0,0,0,0,0,0,0,0,0,0,0,0,0,0,0,0,0,0,0,0,0,0,0,0,0,0,0,0,0,0,0,0,0,0,0,0,0,0,0,0,0,0,0,0,0,0,0,0,0,0,0,0,0,0,0,0,0,0,0,0,0,0,0,0,0,0,0,0,0,0,0,0,0,0,0,0,0,0,0,0,0,0,0,0,0,0,0,0,0,0,0,0,0,0,0,0,0,0,0,0,0,0,0,0,0,0,0,0,0,0,0,0,0,0,0,0,0,0,0,0,0,0,0,0,0,0,0,0,0,0,0,0,0,0,0,0,0,0,0,0,0,0,0,0
4160,3201.9433681968308,81.18690615463842,25.355509707330864,0,0,0,0,0,0,0,0,0,0,0,0,0,0,0,0,0,0,0,0,0,0,0,0,0,0,0,0,0,0,0,0,0,0,0,0,0,0,0,0,0,0,0,0,0,0,0,0,0,0,0,0,0,0,0,0,0,0,0,0,0,0,0,0,0,0,0,0,0,0,0,0,0,0,0,0,0,0,0,0,0,0,0,0,0,0,0,0,0,0,0,0,0,0,0,0,0,0,0,0,0,0,0,0,0,0,0,0,0,0,0,0,0,0,0,0,0,0,0,0,0,0,0,0,0,0,0,0,0,0,0,0,0,0,0,0,0,0,0,0,0,0,0,0,0,0,0,0,0,0
4161,1871.122187013292,64.84146908408887,34.65378666028733,0,0,0,0,0,0,0,0,0,0,0,0,0,0,0,0,0,0,0,0,0,0,0,0,0,0,0,0,0,0,0,0,0,0,0,0,4.313040007773743,4.313040007773743,4.313040007773743,4.313040007773743,4.313040007773743,4.313040007773743,4.313040007773743,4.313040007773743,4.313040007773743,4.313040007773743,4.313040007773743,4.313040007773743,4.313040007773743,4.313040007773743,4.313040007773743,4.313040007773743,4.313040007773743,4.313040007773743,4.313040007773743,4.313040007773743,4.313040007773743,4.313040007773743,4.313040007773743,4.313040007773743,4.313040007773743,4.313040007773743,4.313040007773743,4.313040007773743,4.313040007773743,4.313040007773743,4.313040007773743,4.313040007773743,4.313040007773743,4.313040007773743,4.313040007773743,4.313040007773743,4.313040007773743,4.313040007773743,4.313040007773743,0,0,0,0,0,0,0,0,0,0,0,0,0,0,0,0,0,0,0,0,0,0,0,0,0,0,0,0,0,0,0,0,0,0,0,0,2.3050552431630726,2.3050552431630726,2.3050552431630726,2.3050552431630726,2.3050552431630726,2.3050552431630726,2.3050552431630726,2.3050552431630726,2.3050552431630726,2.3050552431630726,2.3050552431630726,2.3050552431630726,2.3050552431630726,2.3050552431630726,2.3050552431630726,2.3050552431630726,2.3050552431630726,2.3050552431630726,2.3050552431630726,2.3050552431630726,2.3050552431630726,2.3050552431630726,2.3050552431630726,2.3050552431630726,2.3050552431630726,2.3050552431630726,2.3050552431630726,2.3050552431630726,2.3050552431630726,2.3050552431630726,2.3050552431630726,2.3050552431630726,2.3050552431630726,2.3050552431630726,2.3050552431630726,2.3050552431630726,2.3050552431630726,2.3050552431630726,2.3050552431630726
4162,1587.414447141169,0,0,0,0,0,0,0,0,0,0,0,0,0,0,0,0,0,0,0,0,0,0,0,0,0,0,0,0,0,0,0,20.45163855959913,20.45163855959913,20.45163855959913,20.45163855959913,20.45163855959913,20.45163855959913,20.45163855959913,45.274037695435766,45.274037695435766,45.274037695435766,45.274037695435766,45.274037695435766,45.274037695435766,45.274037695435766,45.274037695435766,45.274037695435766,45.274037695435766,45.274037695435766,45.274037695435766,45.274037695435766,45.274037695435766,45.274037695435766,45.274037695435766,45.274037695435766,45.274037695435766,45.274037695435766,45.274037695435766,45.274037695435766,45.274037695435766,45.274037695435766,45.274037695435766,45.274037695435766,45.274037695435766,45.274037695435766,45.274037695435766,45.274037695435766,45.274037695435766,45.274037695435766,45.274037695435766,45.274037695435766,45.274037695435766,45.274037695435766,45.274037695435766,45.274037695435766,45.274037695435766,45.274037695435766,0,0,0,0,0,0,0,0,0,0,0,0,0,0,0,0,0,0,0,0,0,0,0,0,0,0,0,0,0,12.883616245543948,12.883616245543948,12.883616245543948,12.883616245543948,12.883616245543948,12.883616245543948,12.883616245543948,28.520615883880474,28.520615883880474,28.520615883880474,28.520615883880474,28.520615883880474,28.520615883880474,28.520615883880474,28.520615883880474,28.520615883880474,28.520615883880474,28.520615883880474,28.520615883880474,28.520615883880474,28.520615883880474,28.520615883880474,28.520615883880474,28.520615883880474,28.520615883880474,28.520615883880474,28.520615883880474,28.520615883880474,28.520615883880474,28.520615883880474,28.520615883880474,28.520615883880474,28.520615883880474,28.520615883880474,28.520615883880474,28.520615883880474,28.520615883880474,28.520615883880474,28.520615883880474,28.520615883880474,28.520615883880474,28.520615883880474,28.520615883880474,28.520615883880474,28.520615883880474,28.520615883880474
4163,4259.846710175918,104.60916148378956,24.557024841738855,0,0,0,0,0,0,0,0,0,0,0,0,0,0,0,0,0,0,0,0,0,0,0,0,0,0,0,0,0,0,0,0,0,0,0,0,0,0,0,0,0,0,0,0,0,0,0,0,0,0,0,0,0,0,0,0,0,0,0,0,0,0,0,0,0,0,0,46.87760586203832,46.87760586203832,46.87760586203832,46.87760586203832,46.87760586203832,46.87760586203832,46.87760586203832,46.87760586203832,0,0,0,0,0,0,0,0,0,0,0,0,0,0,0,0,0,0,0,0,0,0,0,0,0,0,0,0,0,0,0,0,0,0,0,0,0,0,0,0,0,0,0,0,0,0,0,0,0,0,0,0,0,0,0,0,0,0,0,0,0,0,0,0,0,0,0,11.004528813221645,11.004528813221645,11.004528813221645,11.004528813221645,11.004528813221645,11.004528813221645,11.004528813221645,11.004528813221645
4164,273.96010266663575,0,0,0,0,0,0,0,0,0,0,0,0,0,0,0,0,0,0,0,0,0,0,0,0,0,0,0,0,0,0,0,0,0,0,0,0,0,0,0,0,0,0,0,0,0,0,2.70384861153764,2.70384861153764,2.70384861153764,2.70384861153764,2.70384861153764,2.70384861153764,2.70384861153764,2.70384861153764,2.70384861153764,2.70384861153764,2.70384861153764,2.70384861153764,2.70384861153764,2.70384861153764,2.70384861153764,2.70384861153764,2.70384861153764,2.70384861153764,2.70384861153764,2.70384861153764,2.70384861153764,2.70384861153764,2.70384861153764,2.70384861153764,2.70384861153764,2.70384861153764,2.70384861153764,2.70384861153764,2.70384861153764,2.70384861153764,2.70384861153764,0,0,0,0,0,0,0,0,0,0,0,0,0,0,0,0,0,0,0,0,0,0,0,0,0,0,0,0,0,0,0,0,0,0,0,0,0,0,0,0,0,0,0,0,9.869497730579322,9.869497730579322,9.869497730579322,9.869497730579322,9.869497730579322,9.869497730579322,9.869497730579322,9.869497730579322,9.869497730579322,9.869497730579322,9.869497730579322,9.869497730579322,9.869497730579322,9.869497730579322,9.869497730579322,9.869497730579322,9.869497730579322,9.869497730579322,9.869497730579322,9.869497730579322,9.869497730579322,9.869497730579322,9.869497730579322,9.869497730579322,9.869497730579322,9.869497730579322,9.869497730579322,9.869497730579322,9.869497730579322,9.869497730579322,9.869497730579322
4165,872.6098217101394,16.743709131428002,19.18808236493798,0,0,0,0,0,0,0,0,0,0,0,0,0,0,0,0,0,0,17.745216727587575,17.745216727587575,17.745216727587575,17.745216727587575,17.745216727587575,17.745216727587575,17.745216727587575,17.745216727587575,17.745216727587575,17.745216727587575,17.745216727587575,17.745216727587575,17.745216727587575,34.77400812304615,34.77400812304615,34.77400812304615,34.77400812304615,34.77400812304615,34.77400812304615,34.77400812304615,34.77400812304615,34.77400812304615,34.77400812304615,34.77400812304615,34.77400812304615,34.77400812304615,34.77400812304615,34.77400812304615,34.77400812304615,34.77400812304615,34.77400812304615,34.77400812304615,34.77400812304615,34.77400812304615,34.77400812304615,34.77400812304615,34.77400812304615,34.77400812304615,34.77400812304615,34.77400812304615,34.77400812304615,34.77400812304615,34.77400812304615,34.77400812304615,34.77400812304615,34.77400812304615,34.77400812304615,34.77400812304615,34.77400812304615,34.77400812304615,34.77400812304615,34.77400812304615,34.77400812304615,34.77400812304615,34.77400812304615,34.77400812304615,34.77400812304615,0,0,0,0,0,0,0,0,0,0,0,0,0,0,0,0,0,0,20.33579761090762,20.33579761090762,20.33579761090762,20.33579761090762,20.33579761090762,20.33579761090762,20.33579761090762,20.33579761090762,20.33579761090762,20.33579761090762,20.33579761090762,20.33579761090762,20.33579761090762,39.850580703866136,39.850580703866136,39.850580703866136,39.850580703866136,39.850580703866136,39.850580703866136,39.850580703866136,39.850580703866136,39.850580703866136,39.850580703866136,39.850580703866136,39.850580703866136,39.850580703866136,39.850580703866136,39.850580703866136,39.850580703866136,39.850580703866136,39.850580703866136,39.850580703866136,39.850580703866136,39.850580703866136,39.850580703866136,39.850580703866136,39.850580703866136,39.850580703866136,39.850580703866136,39.850580703866136,39.850580703866136,39.850580703866136,39.850580703866136,39.850580703866136,39.850580703866136,39.850580703866136,39.850580703866136,39.850580703866136,39.850580703866136,39.850580703866136,39.850580703866136,39.850580703866136,39.850580703866136,39.850580703866136,39.850580703866136,39.850580703866136,39.850580703866136
4166,1477.7056154846084,0,0,0,0,0,0,0,0,0,0,0,0,0,0,0,0,0,0,0,0,0,0,0,0,0,0,0,0,0,0,0,0,0,28.385382632989824,28.385382632989824,28.385382632989824,28.385382632989824,28.385382632989824,28.385382632989824,28.385382632989824,28.385382632989824,28.385382632989824,28.385382632989824,28.385382632989824,28.385382632989824,28.385382632989824,28.385382632989824,28.385382632989824,28.385382632989824,28.385382632989824,28.385382632989824,28.385382632989824,28.385382632989824,28.385382632989824,28.385382632989824,28.385382632989824,28.385382632989824,28.385382632989824,28.385382632989824,28.385382632989824,28.385382632989824,28.385382632989824,28.385382632989824,28.385382632989824,28.385382632989824,28.385382632989824,28.385382632989824,28.385382632989824,28.385382632989824,28.385382632989824,28.385382632989824,28.385382632989824,28.385382632989824,28.385382632989824,28.385382632989824,28.385382632989824,28.385382632989824,0,0,0,0,0,0,0,0,0,0,0,0,0,0,0,0,0,0,0,0,0,0,0,0,0,0,0,0,0,0,0,19.209091672620417,19.209091672620417,19.209091672620417,19.209091672620417,19.209091672620417,19.209091672620417,19.209091672620417,19.209091672620417,19.209091672620417,19.209091672620417,19.209091672620417,19.209091672620417,19.209091672620417,19.209091672620417,19.209091672620417,19.209091672620417,19.209091672620417,19.209091672620417,19.209091672620417,19.209091672620417,19.209091672620417,19.209091672620417,19.209091672620417,19.209091672620417,19.209091672620417,19.209091672620417,19.209091672620417,19.209091672620417,19.209091672620417,19.209091672620417,19.209091672620417,19.209091672620417,19.209091672620417,19.209091672620417,19.209091672620417,19.209091672620417,19.209091672620417,19.209091672620417,19.209091672620417,19.209091672620417,19.209091672620417,19.209091672620417,19.209091672620417,19.209091672620417
4167,1230.6012060024625,10.42072154507168,8.467992306722012,0,0,0,0,0,0,0,0,0,0,0,0,0,0,0,0,0,0,0,0,0,0,0,0,0,0,0,0,0,0,0,0,0,0,0,0,0,0,0,0,0,0,0,0,0,0,0,0,0,0,0,0,0,0,0,0,0,0,0,0,0,0,0,0,0,0,0,0,0,0,0,0,0,0,0,0,0,0,0,0,0,0,0,0,0,0,0,0,0,0,0,0,0,0,0,0,0,0,0,0,0,0,0,0,0,0,0,0,0,0,0,0,0,0,0,0,0,0,0,0,0,0,0,0,0,0,0,0,0,0,0,0,0,0,0,0,0,0,0,0,0,0,0,0,0,0,0,0,0,0
4168,1461.0385620800926,0,0,0,0,0,0,0,0,0,0,0,0,0,0,0,0,0,0,0,0,0,0,0,0,0,0,0,0,0,0,0,0,0,0,0,0,0,0,0,0,0,0,0,0,0,0,0,0,0,0,0,0,0,0,0,0,0,0,0,0,0,0,0,0,0,0,0,0,0,0,0,0,0,0,0,0,0,0,0,0,0,0,0,0,0,0,0,0,0,0,0,0,0,0,0,0,0,0,0,0,0,0,0,0,0,0,0,0,0,0,0,0,0,0,0,0,0,0,0,0,0,0,0,0,0,0,0,0,0,0,0,0,0,0,0,0,0,0,0,0,0,0,0,0,0,0,0,0,0,0,0,0
4169,211.98340451343392,24.262463102544668,114.45454024212115,0,0,0,0,0,0,0,0,0,0,0,0,0,0,0,0,0,0,0,0,0,0,0,0,0,0,0,0,0,0,0,0,0,0,0,0,0,0,0,0,0,0,0,0,0,0,0,0,0,0,0,0,0,0,0,0,0,0,0,0,0,0,0,0,0,0,0,0,0,0,0,0,0,0,0,0,0,0,0,0,0,0,0,0,0,0,0,0,0,0,0,0,0,0,0,0,0,0,0,0,0,0,0,0,0,0,0,0,0,0,0,0,0,0,0,0,0,0,0,0,0,0,0,0,0,0,0,0,0,0,0,0,0,0,0,0,0,0,0,0,0,0,0,0,0,0,0,0,0,0
4170,1189.1914469312198,0,0,0,0,0,0,0,0,0,0,0,0,0,0,0,0,0,0,0,0,0,0,0,0,0,0,0,0,0,0,0,0,0,0,0,0,0,0,0,0,0,0,0,0,0,0,0,0,0,0,0,0,0,0,0,0,0,0,0,0,0,0,0,0,0,0,0,0,0,0,0,0,0,0,0,0,0,0,0,0,0,0,0,0,0,0,0,0,0,0,0,0,0,0,0,0,0,0,0,0,0,0,0,0,0,0,0,0,0,0,0,0,0,0,0,0,0,0,0,0,0,0,0,0,0,0,0,0,0,0,0,0,0,0,0,0,0,0,0,0,0,0,0,0,0,0,0,0,0,0,0,0
4171,588.1933408570981,0,0,0,0,0,0,0,0,0,0,0,0,0,0,0,0,0,0,26.141934353152795,26.141934353152795,26.141934353152795,26.141934353152795,26.141934353152795,26.141934353152795,26.141934353152795,26.141934353152795,26.141934353152795,26.141934353152795,26.141934353152795,26.141934353152795,26.141934353152795,26.141934353152795,26.141934353152795,26.141934353152795,26.141934353152795,26.141934353152795,26.141934353152795,26.141934353152795,26.141934353152795,26.141934353152795,26.141934353152795,26.141934353152795,26.141934353152795,26.141934353152795,26.141934353152795,26.141934353152795,26.141934353152795,26.141934353152795,26.141934353152795,26.141934353152795,26.141934353152795,26.141934353152795,26.141934353152795,26.141934353152795,26.141934353152795,26.141934353152795,26.141934353152795,26.141934353152795,26.141934353152795,26.141934353152795,26.141934353152795,26.141934353152795,26.141934353152795,26.141934353152795,26.141934353152795,26.141934353152795,26.141934353152795,26.141934353152795,26.141934353152795,26.141934353152795,26.141934353152795,26.141934353152795,26.141934353152795,26.141934353152795,26.141934353152795,26.141934353152795,26.141934353152795,0,0,0,0,0,0,0,0,0,0,0,0,0,0,0,0,44.444458203249184,44.444458203249184,44.444458203249184,44.444458203249184,44.444458203249184,44.444458203249184,44.444458203249184,44.444458203249184,44.444458203249184,44.444458203249184,44.444458203249184,44.444458203249184,44.444458203249184,44.444458203249184,44.444458203249184,44.444458203249184,44.444458203249184,44.444458203249184,44.444458203249184,44.444458203249184,44.444458203249184,44.444458203249184,44.444458203249184,44.444458203249184,44.444458203249184,44.444458203249184,44.444458203249184,44.444458203249184,44.444458203249184,44.444458203249184,44.444458203249184,44.444458203249184,44.444458203249184,44.444458203249184,44.444458203249184,44.444458203249184,44.444458203249184,44.444458203249184,44.444458203249184,44.444458203249184,44.444458203249184,44.444458203249184,44.444458203249184,44.444458203249184,44.444458203249184,44.444458203249184,44.444458203249184,44.444458203249184,44.444458203249184,44.444458203249184,44.444458203249184,44.444458203249184,44.444458203249184,44.444458203249184,44.444458203249184,44.444458203249184,44.444458203249184,44.444458203249184,44.444458203249184
4172,783.6230727392535,0,0,0,0,0,0,0,0,0,0,0,0,0,0,0,0,0,0,0,0,0,0,0,0,0,0,0,0,0,0,0,0,0,0,0,0,0,0,0,0,0,0,0,0,0,0,0,0,0,0,0,0,0,0,0,0,0,0,0,0,0,0,0,0,0,0,0,0,0,0,0,0,0,0,0,0,0,0,0,0,0,0,0,0,0,0,0,0,0,0,0,0,0,0,0,0,0,0,0,0,0,0,0,0,0,0,0,0,0,0,0,0,0,0,0,0,0,0,0,0,0,0,0,0,0,0,0,0,0,0,0,0,0,0,0,0,0,0,0,0,0,0,0,0,0,0,0,0,0,0,0,0
4173,1758.049168963681,0,0,0,0,0,0,0,0,0,0,0,0,0,0,0,0,0,0,0,0,0,0,0,0,0,0,0,0,0,0,0,0,0,0,0,0,0,0,0,0,0,0,0,0,0,0,0,0,0,0,0,0,0,0,0,0,0,0,0,0,0,0,0,0,0,0,0,0,0,0,0,0,0,0,0,0,0,0,0,0,0,0,0,0,0,0,0,0,0,0,0,0,0,0,0,0,0,0,0,0,0,0,0,0,0,0,0,0,0,0,0,0,0,0,0,0,0,0,0,0,0,0,0,0,0,0,0,0,0,0,0,0,0,0,0,0,0,0,0,0,0,0,0,0,0,0,0,0,0,0,0,0
4174,668.8283996600599,29.526501148973853,44.146601974409364,0,0,0,0,0,0,0,0,0,0,0,0,0,0,0,0,0,0,0,0,0,0,0,0,0,0,0,0,0,0,0,0,0,0,0,0,0,0,0,0,0,0,0,0,0,0,0,0,0,0,0,0,0,0,0,0,0,0,0,0,0,0,0,0,0,0,0,0,0,0,0,0,0,0,0,0,0,0,0,0,0,0,0,0,0,0,0,0,0,0,0,0,0,0,0,0,0,0,0,0,0,0,0,0,0,0,0,0,0,0,0,0,0,0,0,0,0,0,0,0,0,0,0,0,0,0,0,0,0,0,0,0,0,0,0,0,0,0,0,0,0,0,0,0,0,0,0,0,0,0
4175,1874.924185707712,53.026422549690395,28.281902251783556,0,0,0,0,0,0,0,0,0,0,0,0,0,0,0,0,0,0,0,0,0,0,0,0,0,0,0,0,0,0,0,0,0,0,0,0,0,0,0,0,0,0,0,0,0,0,0,0,0,0,0,0,0,0,0,0,0,0,0,0,0,0,0,0,0,0,0,0,0,0,0,0,0,0,0,0,0,0,0,0,0,0,0,0,0,0,0,0,0,0,0,0,0,0,0,0,0,0,0,0,0,0,0,0,0,0,0,0,0,0,0,0,0,0,0,0,0,0,0,0,0,0,0,0,0,0,0,0,0,0,0,0,0,0,0,0,0,0,0,0,0,0,0,0,0,0,0,0,0,0
4176,867.1900565217754,140.06412540989703,161.51491170422565,0,0,0,0,0,0,0,0,0,0,0,0,0,0,0,0,0,0,0,0,0,0,0,0,0,0,0,0,0,0,0,0,0,0,0,0,0,0,0,0,0,0,0,0,0,0,0,0,0,0,0,0,0,0,0,0,0,0,0,0,0,0,0,0,0,0,0,0,0,0,0,0,0,0,0,0,0,0,0,0,0,0,0,0,0,0,0,0,0,0,0,0,0,0,0,0,0,0,0,0,0,0,0,0,0,0,0,0,0,0,0,0,0,0,0,0,0,0,0,0,0,0,0,0,0,0,0,0,0,0,0,0,0,0,0,0,0,0,0,0,0,0,0,0,0,0,0,0,0,0
4177,551.6887342792587,0,0,0,0,0,0,0,0,0,0,0,0,0,0,0,0,0,0,0,0,0,0,0,0,0,0,0,0,0,0,0,0,0,0,0,0,0,0,0,0,0,0,0,0,0,0,0,0,0,0,0,0,0,0,0,0,0,0,0,0,0,0,0,0,0,0,0,0,0,0,0,0,0,0,0,0,0,0,0,0,0,0,0,0,0,0,0,0,0,0,0,0,0,0,0,0,0,0,0,0,0,0,0,0,0,0,0,0,0,0,0,0,0,0,0,0,0,0,0,0,0,0,0,0,0,0,0,0,0,0,0,0,0,0,0,0,0,0,0,0,0,0,0,0,0,0,0,0,0,0,0,0
4178,360.7751558301072,0,0,0,0,0,0,0,0,0,0,0,0,0,0,0,0,0,0,0,0,0,0,0,0,0,0,0,0,0,0,0,0,0,0,0,0,0,0,0,0,0,0,0,0,0,0,0,0,0,0,0,0,0,0,0,0,0,0,0,0,0,0,0,0,0,0,0,0,0,0,0,0,0,0,0,0,0,0,0,0,0,0,0,0,0,0,0,0,0,0,0,0,0,0,0,0,0,0,0,0,0,0,0,0,0,0,0,0,0,0,0,0,0,0,0,0,0,0,0,0,0,0,0,0,0,0,0,0,0,0,0,0,0,0,0,0,0,0,0,0,0,0,0,0,0,0,0,0,0,0,0,0
4179,248.69562829864077,0,0,0,0,0,0,0,0,0,0,0,0,0,0,0,0,0,0,0,0,0,0,0,0,0,0,0,0,0,0,0,0,0,0,0,0,0,0,0,0,0,0,0,0,0,0,0,18.785050608256437,18.785050608256437,18.785050608256437,18.785050608256437,18.785050608256437,18.785050608256437,18.785050608256437,18.785050608256437,18.785050608256437,18.785050608256437,18.785050608256437,18.785050608256437,18.785050608256437,18.785050608256437,18.785050608256437,18.785050608256437,18.785050608256437,18.785050608256437,18.785050608256437,18.785050608256437,18.785050608256437,18.785050608256437,18.785050608256437,18.785050608256437,18.785050608256437,18.785050608256437,18.785050608256437,18.785050608256437,18.785050608256437,18.785050608256437,0,0,0,0,0,0,0,0,0,0,0,0,0,0,0,0,0,0,0,0,0,0,0,0,0,0,0,0,0,0,0,0,0,0,0,0,0,0,0,0,0,0,0,0,0,75.53430165527001,75.53430165527001,75.53430165527001,75.53430165527001,75.53430165527001,75.53430165527001,75.53430165527001,75.53430165527001,75.53430165527001,75.53430165527001,75.53430165527001,75.53430165527001,75.53430165527001,75.53430165527001,75.53430165527001,75.53430165527001,75.53430165527001,75.53430165527001,75.53430165527001,75.53430165527001,75.53430165527001,75.53430165527001,75.53430165527001,75.53430165527001,75.53430165527001,75.53430165527001,75.53430165527001,75.53430165527001,75.53430165527001,75.53430165527001
4180,936.5232489183567,0,0,0,0,0,0,0,0,0,0,0,0,0,0,0,0,0,0,0,0,0,0,0,0,0,0,0,0,0,0,0,0,0,0,0,0,0,0,0,0,0,0,0,0,0,0,0,0,0,0,0,0,0,0,0,0,0,0,0,0,0,0,0,0,0,0,0,0,0,0,0,0,0,0,0,0,0,0,0,0,0,0,0,0,0,0,0,0,0,0,0,0,0,0,0,0,0,0,0,0,0,0,0,0,0,0,0,0,0,0,0,0,0,0,0,0,0,0,0,0,0,0,0,0,0,0,0,0,0,0,0,0,0,0,0,0,0,0,0,0,0,0,0,0,0,0,0,0,0,0,0,0
4181,946.8903543855438,1.7421350947210121,1.8398488131727972,0,0,0,0,0,0,0,0,0,0,0,0,0,0,0,0,0,0,0,0,0,0,0,0,0,0,0,0,0,0,0,0,0,0,0,0,14.210438931152645,14.210438931152645,14.210438931152645,14.210438931152645,14.210438931152645,14.210438931152645,14.210438931152645,14.210438931152645,35.333737085411855,51.14853695813904,51.14853695813904,51.14853695813904,51.14853695813904,51.14853695813904,51.14853695813904,51.14853695813904,51.14853695813904,51.14853695813904,51.14853695813904,51.14853695813904,51.14853695813904,51.14853695813904,51.14853695813904,51.14853695813904,51.14853695813904,51.14853695813904,51.14853695813904,51.14853695813904,51.14853695813904,51.14853695813904,51.14853695813904,51.14853695813904,51.14853695813904,51.14853695813904,51.14853695813904,51.14853695813904,51.14853695813904,51.14853695813904,51.14853695813904,0,0,0,0,0,0,0,0,0,0,0,0,0,0,0,0,0,0,0,0,0,0,0,0,0,0,0,0,0,0,0,0,0,0,0,0,15.0074809246252,15.0074809246252,15.0074809246252,15.0074809246252,15.0074809246252,15.0074809246252,15.0074809246252,15.0074809246252,37.31555287448316,54.01738091558695,54.01738091558695,54.01738091558695,54.01738091558695,54.01738091558695,54.01738091558695,54.01738091558695,54.01738091558695,54.01738091558695,54.01738091558695,54.01738091558695,54.01738091558695,54.01738091558695,54.01738091558695,54.01738091558695,54.01738091558695,54.01738091558695,54.01738091558695,54.01738091558695,54.01738091558695,54.01738091558695,54.01738091558695,54.01738091558695,54.01738091558695,54.01738091558695,54.01738091558695,54.01738091558695,54.01738091558695,54.01738091558695,54.01738091558695
4182,750.9551387607057,20.477662983497066,27.26882329787524,0,0,0,0,0,0,0,0,0,0,0,0,0,0,0,0,0,0,0,0,0,0,0,0,0,0,0,0,0,0,0,0,0,0,0,0,0,0,0,0,0,0,0,0,0,0,0,0,0,0,0,0,0,0,0,0,0,0,0,0,0,0,0,0,0,0,0,0,0,0,0,0,0,0,0,0,0,0,0,0,0,0,0,0,0,0,0,0,0,0,0,0,0,0,0,0,0,0,0,0,0,0,0,0,0,0,0,0,0,0,0,0,0,0,0,0,0,0,0,0,0,0,0,0,0,0,0,0,0,0,0,0,0,0,0,0,0,0,0,0,0,0,0,0,0,0,0,0,0,0
4183,4307.982593251569,0,0,0,0,0,0,0,0,0,0,0,0,0,0,0,0,0,0,0,0,16.492686941957036,16.492686941957036,16.492686941957036,60.15543039105661,60.15543039105661,60.15543039105661,60.15543039105661,60.15543039105661,60.15543039105661,60.15543039105661,60.15543039105661,60.15543039105661,60.15543039105661,60.15543039105661,60.15543039105661,60.15543039105661,60.15543039105661,60.15543039105661,60.15543039105661,60.15543039105661,60.15543039105661,60.15543039105661,60.15543039105661,60.15543039105661,60.15543039105661,60.15543039105661,60.15543039105661,60.15543039105661,60.15543039105661,60.15543039105661,60.15543039105661,60.15543039105661,60.15543039105661,60.15543039105661,60.15543039105661,60.15543039105661,60.15543039105661,60.15543039105661,60.15543039105661,60.15543039105661,60.15543039105661,60.15543039105661,60.15543039105661,60.15543039105661,60.15543039105661,60.15543039105661,60.15543039105661,60.15543039105661,60.15543039105661,60.15543039105661,60.15543039105661,60.15543039105661,60.15543039105661,60.15543039105661,60.15543039105661,60.15543039105661,60.15543039105661,0,0,0,0,0,0,0,0,0,0,0,0,0,0,0,0,0,0,3.828401481424911,3.828401481424911,3.828401481424911,13.96371250090234,13.96371250090234,13.96371250090234,13.96371250090234,13.96371250090234,13.96371250090234,13.96371250090234,13.96371250090234,13.96371250090234,13.96371250090234,13.96371250090234,13.96371250090234,13.96371250090234,13.96371250090234,13.96371250090234,13.96371250090234,13.96371250090234,13.96371250090234,13.96371250090234,13.96371250090234,13.96371250090234,13.96371250090234,13.96371250090234,13.96371250090234,13.96371250090234,13.96371250090234,13.96371250090234,13.96371250090234,13.96371250090234,13.96371250090234,13.96371250090234,13.96371250090234,13.96371250090234,13.96371250090234,13.96371250090234,13.96371250090234,13.96371250090234,13.96371250090234,13.96371250090234,13.96371250090234,13.96371250090234,13.96371250090234,13.96371250090234,13.96371250090234,13.96371250090234,13.96371250090234,13.96371250090234,13.96371250090234,13.96371250090234,13.96371250090234,13.96371250090234,13.96371250090234,13.96371250090234,13.96371250090234
4184,696.7699228286605,42.98020662905732,61.68493389406303,0,0,0,0,7.4313594136424745,7.4313594136424745,7.4313594136424745,7.4313594136424745,7.4313594136424745,7.4313594136424745,7.4313594136424745,7.4313594136424745,7.4313594136424745,7.4313594136424745,7.4313594136424745,7.4313594136424745,7.4313594136424745,7.4313594136424745,7.4313594136424745,7.4313594136424745,7.4313594136424745,7.4313594136424745,7.4313594136424745,7.4313594136424745,7.4313594136424745,7.4313594136424745,7.4313594136424745,7.4313594136424745,7.4313594136424745,7.4313594136424745,7.4313594136424745,7.4313594136424745,7.4313594136424745,7.4313594136424745,7.4313594136424745,7.4313594136424745,7.4313594136424745,7.4313594136424745,7.4313594136424745,7.4313594136424745,7.4313594136424745,7.4313594136424745,7.4313594136424745,7.4313594136424745,7.4313594136424745,7.4313594136424745,7.4313594136424745,7.4313594136424745,7.4313594136424745,7.4313594136424745,7.4313594136424745,7.4313594136424745,7.4313594136424745,7.4313594136424745,7.4313594136424745,7.4313594136424745,7.4313594136424745,7.4313594136424745,7.4313594136424745,7.4313594136424745,7.4313594136424745,7.4313594136424745,7.4313594136424745,7.4313594136424745,7.4313594136424745,7.4313594136424745,7.4313594136424745,7.4313594136424745,7.4313594136424745,7.4313594136424745,7.4313594136424745,7.4313594136424745,7.4313594136424745,7.4313594136424745,7.4313594136424745,0,0,0,0,10.665442307660983,10.665442307660983,10.665442307660983,10.665442307660983,10.665442307660983,10.665442307660983,10.665442307660983,10.665442307660983,10.665442307660983,10.665442307660983,10.665442307660983,10.665442307660983,10.665442307660983,10.665442307660983,10.665442307660983,10.665442307660983,10.665442307660983,10.665442307660983,10.665442307660983,10.665442307660983,10.665442307660983,10.665442307660983,10.665442307660983,10.665442307660983,10.665442307660983,10.665442307660983,10.665442307660983,10.665442307660983,10.665442307660983,10.665442307660983,10.665442307660983,10.665442307660983,10.665442307660983,10.665442307660983,10.665442307660983,10.665442307660983,10.665442307660983,10.665442307660983,10.665442307660983,10.665442307660983,10.665442307660983,10.665442307660983,10.665442307660983,10.665442307660983,10.665442307660983,10.665442307660983,10.665442307660983,10.665442307660983,10.665442307660983,10.665442307660983,10.665442307660983,10.665442307660983,10.665442307660983,10.665442307660983,10.665442307660983,10.665442307660983,10.665442307660983,10.665442307660983,10.665442307660983,10.665442307660983,10.665442307660983,10.665442307660983,10.665442307660983,10.665442307660983,10.665442307660983,10.665442307660983,10.665442307660983,10.665442307660983,10.665442307660983,10.665442307660983,10.665442307660983
4185,573.480719765436,81.23823629179955,141.6581822053712,0,0,0,0,0,0,0,0,0,0,0,0,0,0,0,0,0,0,0,0,0,0,0,0,0,0,0,0,0,0,0,0,0,0,0,0,0,0,0,0,0,0,0,0,0,0,0,0,0,0,0,0,0,0,0,0,0,0,0,0,0,0,0,0,0,0,0,0,0,0,0,0,0,0,0,0,0,0,0,0,0,0,0,0,0,0,0,0,0,0,0,0,0,0,0,0,0,0,0,0,0,0,0,0,0,0,0,0,0,0,0,0,0,0,0,0,0,0,0,0,0,0,0,0,0,0,0,0,0,0,0,0,0,0,0,0,0,0,0,0,0,0,0,0,0,0,0,0,0,0
4186,298.9211542984877,0,0,0,0,0,0,0,0,0,0,0,6.2406737542365125,6.2406737542365125,6.2406737542365125,6.2406737542365125,6.2406737542365125,6.2406737542365125,6.2406737542365125,6.2406737542365125,6.2406737542365125,6.2406737542365125,6.2406737542365125,6.2406737542365125,6.2406737542365125,6.2406737542365125,6.2406737542365125,6.2406737542365125,6.2406737542365125,6.2406737542365125,6.2406737542365125,6.2406737542365125,6.2406737542365125,6.2406737542365125,6.2406737542365125,6.2406737542365125,6.2406737542365125,6.2406737542365125,6.2406737542365125,6.2406737542365125,6.2406737542365125,6.2406737542365125,6.2406737542365125,6.2406737542365125,6.2406737542365125,6.2406737542365125,6.2406737542365125,6.2406737542365125,6.2406737542365125,6.2406737542365125,6.2406737542365125,6.2406737542365125,6.2406737542365125,6.2406737542365125,6.2406737542365125,6.2406737542365125,6.2406737542365125,6.2406737542365125,6.2406737542365125,6.2406737542365125,6.2406737542365125,6.2406737542365125,6.2406737542365125,6.2406737542365125,6.2406737542365125,6.2406737542365125,6.2406737542365125,6.2406737542365125,6.2406737542365125,6.2406737542365125,6.2406737542365125,6.2406737542365125,6.2406737542365125,6.2406737542365125,6.2406737542365125,6.2406737542365125,6.2406737542365125,6.2406737542365125,0,0,0,0,0,0,0,0,0,20.877323884561505,20.877323884561505,20.877323884561505,20.877323884561505,20.877323884561505,20.877323884561505,20.877323884561505,20.877323884561505,20.877323884561505,20.877323884561505,20.877323884561505,20.877323884561505,20.877323884561505,20.877323884561505,20.877323884561505,20.877323884561505,20.877323884561505,20.877323884561505,20.877323884561505,20.877323884561505,20.877323884561505,20.877323884561505,20.877323884561505,20.877323884561505,20.877323884561505,20.877323884561505,20.877323884561505,20.877323884561505,20.877323884561505,20.877323884561505,20.877323884561505,20.877323884561505,20.877323884561505,20.877323884561505,20.877323884561505,20.877323884561505,20.877323884561505,20.877323884561505,20.877323884561505,20.877323884561505,20.877323884561505,20.877323884561505,20.877323884561505,20.877323884561505,20.877323884561505,20.877323884561505,20.877323884561505,20.877323884561505,20.877323884561505,20.877323884561505,20.877323884561505,20.877323884561505,20.877323884561505,20.877323884561505,20.877323884561505,20.877323884561505,20.877323884561505,20.877323884561505,20.877323884561505,20.877323884561505,20.877323884561505,20.877323884561505,20.877323884561505,20.877323884561505,20.877323884561505,20.877323884561505
4187,566.6849222985404,0,0,0,0,0,0,0,0,0,0,0,32.866932325198434,32.866932325198434,32.866932325198434,32.866932325198434,32.866932325198434,32.866932325198434,32.866932325198434,32.866932325198434,32.866932325198434,32.866932325198434,32.866932325198434,32.866932325198434,32.866932325198434,32.866932325198434,32.866932325198434,32.866932325198434,32.866932325198434,32.866932325198434,32.866932325198434,32.866932325198434,32.866932325198434,32.866932325198434,32.866932325198434,32.866932325198434,32.866932325198434,32.866932325198434,32.866932325198434,32.866932325198434,32.866932325198434,32.866932325198434,32.866932325198434,32.866932325198434,32.866932325198434,32.866932325198434,32.866932325198434,32.866932325198434,32.866932325198434,32.866932325198434,32.866932325198434,32.866932325198434,32.866932325198434,32.866932325198434,32.866932325198434,32.866932325198434,32.866932325198434,32.866932325198434,32.866932325198434,32.866932325198434,32.866932325198434,32.866932325198434,32.866932325198434,32.866932325198434,32.866932325198434,32.866932325198434,32.866932325198434,32.866932325198434,32.866932325198434,32.866932325198434,32.866932325198434,32.866932325198434,32.866932325198434,32.866932325198434,32.866932325198434,32.866932325198434,32.866932325198434,32.866932325198434,0,0,0,0,0,0,0,0,0,57.9986003366497,57.9986003366497,57.9986003366497,57.9986003366497,57.9986003366497,57.9986003366497,57.9986003366497,57.9986003366497,57.9986003366497,57.9986003366497,57.9986003366497,57.9986003366497,57.9986003366497,57.9986003366497,57.9986003366497,57.9986003366497,57.9986003366497,57.9986003366497,57.9986003366497,57.9986003366497,57.9986003366497,57.9986003366497,57.9986003366497,57.9986003366497,57.9986003366497,57.9986003366497,57.9986003366497,57.9986003366497,57.9986003366497,57.9986003366497,57.9986003366497,57.9986003366497,57.9986003366497,57.9986003366497,57.9986003366497,57.9986003366497,57.9986003366497,57.9986003366497,57.9986003366497,57.9986003366497,57.9986003366497,57.9986003366497,57.9986003366497,57.9986003366497,57.9986003366497,57.9986003366497,57.9986003366497,57.9986003366497,57.9986003366497,57.9986003366497,57.9986003366497,57.9986003366497,57.9986003366497,57.9986003366497,57.9986003366497,57.9986003366497,57.9986003366497,57.9986003366497,57.9986003366497,57.9986003366497,57.9986003366497,57.9986003366497,57.9986003366497,57.9986003366497,57.9986003366497,57.9986003366497
4188,1048.937791091138,0,0,0,0,0,0,0,0,0,0,0,0,0,0,0,0,0,0,0,0,0,0,0,0,0,0,0,0,0,0,0,0,0,0,0,0,0,0,0,0,0,0,0,0,0,0,0,0,0,0,0,0,0,0,0,0,0,0,0,0,0,0,0,0,0,0,0,0,0,0,0,0,0,0,0,0,0,0,0,0,0,0,0,0,0,0,0,0,0,0,0,0,0,0,0,0,0,0,0,0,0,0,0,0,0,0,0,0,0,0,0,0,0,0,0,0,0,0,0,0,0,0,0,0,0,0,0,0,0,0,0,0,0,0,0,0,0,0,0,0,0,0,0,0,0,0,0,0,0,0,0,0
4189,149.77625740356783,0,0,0,0,0,0,0,0,0,0,0,0,0,0,0,0,0,0,0,0,0,0,0,0,0,0,0,0,0,0,0,0,0,0,0,0,0,0,0,0,0,0,0,0,0,0,0,0,0,0,0,0,0,0,0,0,0,0,0,0,0,0,0,0,0,0,0,0,0,0,0,0,0,0,0,0,0,0,0,0,0,0,0,0,0,0,0,0,0,0,0,0,0,0,0,0,0,0,0,0,0,0,0,0,0,0,0,0,0,0,0,0,0,0,0,0,0,0,0,0,0,0,0,0,0,0,0,0,0,0,0,0,0,0,0,0,0,0,0,0,0,0,0,0,0,0,0,0,0,0,0,0
4190,605.957211018801,0,0,0,0,0,0,0,0,0,0,0,0,0,0,0,0,0,0,0,0,0,0,0,0,0,0,0,0,0,0,0,0,0,0,0,0,0,0,0,0,0,0,0,0,0,0,0,0,0,0,0,0,0,0,0,0,0,0,0,0,0,0,0,0,0,0,0,0,0,0,0,0,0,0,0,0,0,0,0,0,0,0,0,0,0,0,0,0,0,0,0,0,0,0,0,0,0,0,0,0,0,0,0,0,0,0,0,0,0,0,0,0,0,0,0,0,0,0,0,0,0,0,0,0,0,0,0,0,0,0,0,0,0,0,0,0,0,0,0,0,0,0,0,0,0,0,0,0,0,0,0,0
4191,644.7814225151635,0,0,0,0,0,0,0,0,0,0,0,0,0,0,0,0,0,0,0,0,0,0,0,0,0,0,0,0,0,0,0,0,0,0,0,0,0,0,0,0,0,0,0,0,0,0,0,26.324307968295805,26.324307968295805,26.324307968295805,26.324307968295805,26.324307968295805,26.324307968295805,26.324307968295805,26.324307968295805,26.324307968295805,26.324307968295805,26.324307968295805,26.324307968295805,26.324307968295805,26.324307968295805,26.324307968295805,26.324307968295805,26.324307968295805,26.324307968295805,26.324307968295805,26.324307968295805,26.324307968295805,26.324307968295805,26.324307968295805,26.324307968295805,26.324307968295805,26.324307968295805,26.324307968295805,26.324307968295805,26.324307968295805,26.324307968295805,0,0,0,0,0,0,0,0,0,0,0,0,0,0,0,0,0,0,0,0,0,0,0,0,0,0,0,0,0,0,0,0,0,0,0,0,0,0,0,0,0,0,0,0,0,40.82671592120309,40.82671592120309,40.82671592120309,40.82671592120309,40.82671592120309,40.82671592120309,40.82671592120309,40.82671592120309,40.82671592120309,40.82671592120309,40.82671592120309,40.82671592120309,40.82671592120309,40.82671592120309,40.82671592120309,40.82671592120309,40.82671592120309,40.82671592120309,40.82671592120309,40.82671592120309,40.82671592120309,40.82671592120309,40.82671592120309,40.82671592120309,40.82671592120309,40.82671592120309,40.82671592120309,40.82671592120309,40.82671592120309,40.82671592120309
4192,2118.0254985517645,0,0,0,0,0,0,0,0,0,0,0,0,0,0,0,0,0,0,0,0,0,0,0,0,0,0,0,0,0,0,0,0,0,0,0,0,0,0,0,0,0,0,0,0,0,0,0,0,0,0,0,0,0,0,0,0,0,0,0,0,0,0,0,0,0,0,0,0,0,0,0,0,0,0,0,0,0,0,0,0,0,0,0,0,0,0,0,0,0,0,0,0,0,0,0,0,0,0,0,0,0,0,0,0,0,0,0,0,0,0,0,0,0,0,0,0,0,0,0,0,0,0,0,0,0,0,0,0,0,0,0,0,0,0,0,0,0,0,0,0,0,0,0,0,0,0,0,0,0,0,0,0
4193,885.9776457331003,0,0,0,0,0,0,0,0,0,0,0,0,0,0,0,0,0,0,0,0,0,0,0,0,0,0,0,0,0,0,0,0,0,0,0,0,0,0,0,0,0,0,0,0,0,0,0,0,0,0,0,0,0,0,0,0,0,0,0,0,0,0,0,0,0,0,0,0,0,0,0,0,0,0,0,0,0,0,0,0,0,0,0,0,0,0,0,0,0,0,0,0,0,0,0,0,0,0,0,0,0,0,0,0,0,0,0,0,0,0,0,0,0,0,0,0,0,0,0,0,0,0,0,0,0,0,0,0,0,0,0,0,0,0,0,0,0,0,0,0,0,0,0,0,0,0,0,0,0,0,0,0
4194,415.27577213871933,0,0,0,0,0,0,0,0,0,0,0,0,0,0,0,0,0,0,0,0,0,0,0,0,0,0,0,0,0,0,0,0,0,0,0,0,0,0,0,0,0,0,0,0,0,0,0,0,0,0,0,0,0,0,0,0,0,0,0,0,0,0,0,0,0,0,0,0,0,0,0,0,0,0,0,0,0,0,0,0,0,0,0,0,0,0,0,0,0,0,0,0,0,0,0,0,0,0,0,0,0,0,0,0,0,0,0,0,0,0,0,0,0,0,0,0,0,0,0,0,0,0,0,0,0,0,0,0,0,0,0,0,0,0,0,0,0,0,0,0,0,0,0,0,0,0,0,0,0,0,0,0
4195,415.6686361639528,71.46178014480657,171.92006787979017,0,0,0,0,0,0,0,0,0,0,0,0,0,0,0,0,0,0,0,0,0,0,0,0,0,0,0,0,0,0,0,0,0,0,0,0,0,0,0,0,0,0,0,0,0,0,0,0,0,0,0,0,0,0,0,0,0,0,0,0,0,0,0,0,0,0,0,0,0,0,0,0,0,0,0,0,0,0,0,0,0,0,0,0,0,0,0,0,0,0,0,0,0,0,0,0,0,0,0,0,0,0,0,0,0,0,0,0,0,0,0,0,0,0,0,0,0,0,0,0,0,0,0,0,0,0,0,0,0,0,0,0,0,0,0,0,0,0,0,0,0,0,0,0,0,0,0,0,0,0
4196,190.66121739668148,0,0,0,0,0,0,0,0,0,0,0,0,0,0,0,0,0,0,0,0,0,0,0,0,0,0,0,0,0,0,0,0,0,0,0,0,0,0,0,0,0,0,0,0,0,0,0,0,0,0,0,0,0,0,0,0,0,0,0,0,0,0,0,0,0,0,0,0,0,0,0,0,0,0,0,0,0,0,0,0,0,0,0,0,0,0,0,0,0,0,0,0,0,0,0,0,0,0,0,0,0,0,0,0,0,0,0,0,0,0,0,0,0,0,0,0,0,0,0,0,0,0,0,0,0,0,0,0,0,0,0,0,0,0,0,0,0,0,0,0,0,0,0,0,0,0,0,0,0,0,0,0
4197,134.17111737100856,0,0,0,0,0,0,0,0,0,0,0,0,0,0,0,0,0,0,0,0,0,0,0,0,0,0,0,0,0,0,0,0,0,0,0,0,0,0,0,0,0,0,0,0,0,0,0,0,0,0,0,0,0,0,0,0,0,0,0,0,0,0,0,0,0,0,0,0,0,0,0,0,0,0,0,0,0,0,0,0,0,0,0,0,0,0,0,0,0,0,0,0,0,0,0,0,0,0,0,0,0,0,0,0,0,0,0,0,0,0,0,0,0,0,0,0,0,0,0,0,0,0,0,0,0,0,0,0,0,0,0,0,0,0,0,0,0,0,0,0,0,0,0,0,0,0,0,0,0,0,0,0
4198,284.3988082093857,0,0,0,0,0,0,0,0,0,0,0,0,0,0,0,0,0,0,0,0,0,0,0,0,0,0,0,0,0,0,0,0,0,0,0,0,0,0,0,0,0,0,0,0,0,0,0,0,0,0,0,0,0,0,0,0,0,0,0,0,0,0,0,0,0,0,0,0,0,0,0,0,0,0,0,0,0,0,0,0,0,0,0,0,0,0,0,0,0,0,0,0,0,0,0,0,0,0,0,0,0,0,0,0,0,0,0,0,0,0,0,0,0,0,0,0,0,0,0,0,0,0,0,0,0,0,0,0,0,0,0,0,0,0,0,0,0,0,0,0,0,0,0,0,0,0,0,0,0,0,0,0
4199,950.1030300667474,0,0,0,0,0,0,0,0,0,0,0,0,0,0,0,0,0,0,0,0,0,0,0,0,0,0,0,0,0,0,0,0,0,0,0,0,0,0,0,0,0,0,0,0,0,0,0,0,0,0,0,0,0,0,0,0,0,0,0,0,0,0,0,0,0,0,0,0,0,0,0,0,0,0,0,0,0,0,0,0,0,0,0,0,0,0,0,0,0,0,0,0,0,0,0,0,0,0,0,0,0,0,0,0,0,0,0,0,0,0,0,0,0,0,0,0,0,0,0,0,0,0,0,0,0,0,0,0,0,0,0,0,0,0,0,0,0,0,0,0,0,0,0,0,0,0,0,0,0,0,0,0
4200,576.0027632480133,0,0,0,0,0,0,0,0,0,0,0,0,0,0,0,0,0,0,0,0,0,0,0,0,0,0,0,0,0,0,0,0,0,0,0,0,0,0,0,0,0,0,0,0,0,0,0,0,0,0,0,0,0,0,0,0,0,0,0,0,0,0,0,0,0,0,0,0,0,0,0,0,0,0,0,0,0,0,0,0,0,0,0,0,0,0,0,0,0,0,0,0,0,0,0,0,0,0,0,0,0,0,0,0,0,0,0,0,0,0,0,0,0,0,0,0,0,0,0,0,0,0,0,0,0,0,0,0,0,0,0,0,0,0,0,0,0,0,0,0,0,0,0,0,0,0,0,0,0,0,0,0
4201,112.05838431477754,0,0,0,0,0,0,0,0,0,0,0,0,0,0,0,0,0,0,0,0,0,0,0,0,0,0,0,0,0,0,0,0,0,0,0,0,0,0,0,0,0,0,0,0,0,0,0,0,0,0,0,0,0,0,0,0,0,0,0,0,0,0,0,0,0,0,0,0,0,0,0,0,0,0,0,0,0,0,0,0,0,0,0,0,0,0,0,0,0,0,0,0,0,0,0,0,0,0,0,0,0,0,0,0,0,0,0,0,0,0,0,0,0,0,0,0,0,0,0,0,0,0,0,0,0,0,0,0,0,0,0,0,0,0,0,0,0,0,0,0,0,0,0,0,0,0,0,0,0,0,0,0
4202,75.92957756026392,0,0,0,0,0,0,0,0,0,0,0,0,0,0,0,0,0,0,0,0,0,0,0,0,0,0,0,0,0,0,0,0,0,0,0,0,0,0,0,0,0,0,0,0,0,0,0,0,0,0,0,0,0,0,0,0,0,0,0,0,0,0,0,0,0,0,0,0,0,0,0,0,0,0,0,0,0,0,0,0,0,0,0,0,0,0,0,0,0,0,0,0,0,0,0,0,0,0,0,0,0,0,0,0,0,0,0,0,0,0,0,0,0,0,0,0,0,0,0,0,0,0,0,0,0,0,0,0,0,0,0,0,0,0,0,0,0,0,0,0,0,0,0,0,0,0,0,0,0,0,0,0
4203,440.71895854056646,112.78965412760051,255.9219474040817,0,0,0,0,0,0,0,0,0,0,0,0,0,0,0,0,0,0,0,0,0,0,0,0,0,0,0,0,0,0,0,0,0,0,0,0,0,0,0,0,0,0,0,0,0,0,0,0,0,0,0,0,0,0,0,0,0,0,0,0,0,0,0,0,0,0,0,0,0,0,0,0,0,0,0,0,0,0,0,0,0,0,0,0,0,0,0,0,0,0,0,0,0,0,0,0,0,0,0,0,0,0,0,0,0,0,0,0,0,0,0,0,0,0,0,0,0,0,0,0,0,0,0,0,0,0,0,0,0,0,0,0,0,0,0,0,0,0,0,0,0,0,0,0,0,0,0,0,0,0
4204,117.69302007253712,0,0,0,0,0,0,0,0,0,0,0,0,0,0,0,0,0,0,0,0,0,0,0,0,0,0,0,0,0,0,0,0,0,0,0,0,0,0,0,0,0,0,0,0,0,0,0,0,0,0,0,0,0,0,0,0,0,0,0,0,0,0,0,0,0,0,0,0,0,0,0,0,0,0,0,0,0,0,0,0,0,0,0,0,0,0,0,0,0,0,0,0,0,0,0,0,0,0,0,0,0,0,0,0,0,0,0,0,0,0,0,0,0,0,0,0,0,0,0,0,0,0,0,0,0,0,0,0,0,0,0,0,0,0,0,0,0,0,0,0,0,0,0,0,0,0,0,0,0,0,0,0
4205,600.7218447614298,97.04349869191938,161.5448140236338,0,0,0,0,0,0,0,0,0,0,0,0,0,0,0,0,0,0,0,0,0,0,0,0,0,0,0,0,0,0,0,0,0,0,0,0,0,0,0,0,0,0,0,0,0,0,0,0,0,0,0,0,0,0,0,0,0,0,0,0,0,0,0,0,0,0,0,0,0,0,0,0,0,0,0,0,0,0,0,0,0,0,0,0,0,0,0,0,0,0,0,0,0,0,0,0,0,0,0,0,0,0,0,0,0,0,0,0,0,0,0,0,0,0,0,0,0,0,0,0,0,0,0,0,0,0,0,0,0,0,0,0,0,0,0,0,0,0,0,0,0,0,0,0,0,0,0,0,0,0
4206,2302.428165471587,19.23611884638585,8.35470966471863,0,0,0,0,0,0,0,0,0,0,0,0,0,0,0,0,0,0,0,0,0,0,0,0,0,0,0,0,0,0,0,0,0,0,0,0,0,0,0,0,0,0,0,0,0,0,0,0,0,0,0,0,0,0,0,0,0,0,0,0,0,0,0,0,0,0,0,0,0,0,0,0,0,0,0,0,0,0,0,0,0,0,0,0,0,0,0,0,0,0,0,0,0,0,0,0,0,0,0,0,0,0,0,0,0,0,0,0,0,0,0,0,0,0,0,0,0,0,0,0,0,0,0,0,0,0,0,0,0,0,0,0,0,0,0,0,0,0,0,0,0,0,0,0,0,0,0,0,0,0
4207,482.8699883605566,0,0,0,0,0,0,0,0,0,0,0,0,0,0,0,0,0,0,0,0,0,0,0,0,0,0,0,0,0,0,0,0,0,0,0,0,0,0,0,0,0,0,0,0,0,0,0,0,0,0,0,0,0,0,0,0,0,0,0,0,0,0,0,0,0,0,0,0,0,0,0,0,0,0,0,0,0,0,0,0,0,0,0,0,0,0,0,0,0,0,0,0,0,0,0,0,0,0,0,0,0,0,0,0,0,0,0,0,0,0,0,0,0,0,0,0,0,0,0,0,0,0,0,0,0,0,0,0,0,0,0,0,0,0,0,0,0,0,0,0,0,0,0,0,0,0,0,0,0,0,0,0
4208,1302.2213381530228,0,0,0,0,0,0,0,0,0,0,0,0,0,0,0,0,0,0,0,0,0,0,0,0,0,0,0,0,0,0,0,0,0,0,0,0,0,0,0,0,0,0,0,0,0,0,0,0,0,0,0,0,0,0,0,0,0,0,0,0,0,0,0,0,0,0,0,0,0,0,0,0,0,0,0,0,0,0,0,0,0,0,0,0,0,0,0,0,0,0,0,0,0,0,0,0,0,0,0,0,0,0,0,0,0,0,0,0,0,0,0,0,0,0,0,0,0,0,0,0,0,0,0,0,0,0,0,0,0,0,0,0,0,0,0,0,0,0,0,0,0,0,0,0,0,0,0,0,0,0,0,0
4209,141.81086470951485,0,0,0,0,0,0,0,0,0,0,0,0,0,0,0,0,0,0,0,0,0,0,0,0,0,0,0,0,0,0,0,0,0,0,0,0,0,0,0,0,0,0,0,0,0,0,0,0,0,0,0,0,0,0,0,0,0,0,0,0,0,0,0,0,0,0,0,0,0,0,0,0,0,0,0,0,0,0,0,0,0,0,0,0,0,0,0,0,0,0,0,0,0,0,0,0,0,0,0,0,0,0,0,0,0,0,0,0,0,0,0,0,0,0,0,0,0,0,0,0,0,0,0,0,0,0,0,0,0,0,0,0,0,0,0,0,0,0,0,0,0,0,0,0,0,0,0,0,0,0,0,0
4210,1377.5336663635194,0,0,0,0,0,0,0,0,0,0,0,0,0,0,0,0,0,0,0,0,0,0,0,0,0,0,0,0,0,0,0,0,0,0,0,0,0,0,0,0,0,0,0,0,0,0,0,0,0,0,0,0,0,0,0,0,0,0,0,0,0,0,0,0,0,0,0,0,0,0,0,0,0,0,0,0,0,0,0,0,0,0,0,0,0,0,0,0,0,0,0,0,0,0,0,0,0,0,0,0,0,0,0,0,0,0,0,0,0,0,0,0,0,0,0,0,0,0,0,0,0,0,0,0,0,0,0,0,0,0,0,0,0,0,0,0,0,0,0,0,0,0,0,0,0,0,0,0,0,0,0,0
4211,587.4679934431248,0,0,0,0,0,0,0,0,0,0,0,0,0,0,0,0,0,0,0,0,0,0,0,0,0,0,0,0,0,0,0,35.45098946878937,35.45098946878937,35.45098946878937,35.45098946878937,35.45098946878937,35.45098946878937,35.45098946878937,35.45098946878937,35.45098946878937,35.45098946878937,35.45098946878937,35.45098946878937,35.45098946878937,35.45098946878937,35.45098946878937,35.45098946878937,35.45098946878937,35.45098946878937,35.45098946878937,35.45098946878937,35.45098946878937,35.45098946878937,35.45098946878937,35.45098946878937,35.45098946878937,35.45098946878937,35.45098946878937,35.45098946878937,35.45098946878937,35.45098946878937,35.45098946878937,35.45098946878937,35.45098946878937,35.45098946878937,35.45098946878937,35.45098946878937,35.45098946878937,35.45098946878937,35.45098946878937,35.45098946878937,35.45098946878937,35.45098946878937,35.45098946878937,35.45098946878937,35.45098946878937,35.45098946878937,0,0,0,0,0,0,0,0,0,0,0,0,0,0,0,0,0,0,0,0,0,0,0,0,0,0,0,0,0,60.34539730583898,60.34539730583898,60.34539730583898,60.34539730583898,60.34539730583898,60.34539730583898,60.34539730583898,60.34539730583898,60.34539730583898,60.34539730583898,60.34539730583898,60.34539730583898,60.34539730583898,60.34539730583898,60.34539730583898,60.34539730583898,60.34539730583898,60.34539730583898,60.34539730583898,60.34539730583898,60.34539730583898,60.34539730583898,60.34539730583898,60.34539730583898,60.34539730583898,60.34539730583898,60.34539730583898,60.34539730583898,60.34539730583898,60.34539730583898,60.34539730583898,60.34539730583898,60.34539730583898,60.34539730583898,60.34539730583898,60.34539730583898,60.34539730583898,60.34539730583898,60.34539730583898,60.34539730583898,60.34539730583898,60.34539730583898,60.34539730583898,60.34539730583898,60.34539730583898,60.34539730583898
4212,1309.7165281719379,0,0,0,0,0,0,0,0,0,0,0,0,0,0,0,0,0,0,0,0,0,0,0,0,0,0,0,0,0,0,0,0,0,0,0,0,0,0,0,0,0,0,0,0,0,0,0,0,0,0,0,0,0,0,0,0,0,0,0,0,0,0,0,0,0,0,0,0,0,0,0,0,0,0,0,0,0,0,0,0,0,0,0,0,0,0,0,0,0,0,0,0,0,0,0,0,0,0,0,0,0,0,0,0,0,0,0,0,0,0,0,0,0,0,0,0,0,0,0,0,0,0,0,0,0,0,0,0,0,0,0,0,0,0,0,0,0,0,0,0,0,0,0,0,0,0,0,0,0,0,0,0
4213,217.42845938982103,0,0,0,0,0,0,0,0,0,0,0,0,0,0,0,0,0,0,0,0,0,0,0,0,0,0,0,0,0,0,0,0,0,0,0,0,0,0,0,0,0,0,0,0,0,0,0,0,0,0,0,0,0,0,0,0,0,0,0,0,0,0,0,0,0,0,0,0,0,0,0,0,0,0,0,0,0,0,0,0,0,0,0,0,0,0,0,0,0,0,0,0,0,0,0,0,0,0,0,0,0,0,0,0,0,0,0,0,0,0,0,0,0,0,0,0,0,0,0,0,0,0,0,0,0,0,0,0,0,0,0,0,0,0,0,0,0,0,0,0,0,0,0,0,0,0,0,0,0,0,0,0
4214,338.5265533287995,0,0,0,0,0,0,0,0,0,0,0,0,0,0,0,0,0,0,0,0,0,0,0,0,0,0,0,0,0,0,0,0,0,0,0,0,0,0,0,0,0,0,0,0,0,0,0,0,0,0,0,0,0,0,0,0,0,0,0,0,0,0,0,0,0,0,0,0,0,0,0,0,0,0,0,0,0,0,0,0,0,0,0,0,0,0,0,0,0,0,0,0,0,0,0,0,0,0,0,0,0,0,0,0,0,0,0,0,0,0,0,0,0,0,0,0,0,0,0,0,0,0,0,0,0,0,0,0,0,0,0,0,0,0,0,0,0,0,0,0,0,0,0,0,0,0,0,0,0,0,0,0
4215,612.6579815916907,10.25794201373028,16.74334183499913,0,0,0,0,0,0,0,0,0,0,0,0,0,0,0,0,0,0,0,0,0,0,0,0,0,0,0,0,0,0,0,0,0,0,0,0,0,0,0,0,0,0,0,0,0,0,0,0,0,0,0,0,0,0,0,0,0,0,0,0,0,0,0,0,0,0,0,0,0,0,0,0,0,0,0,0,0,0,0,0,0,0,0,0,0,0,0,0,0,0,0,0,0,0,0,0,0,0,0,0,0,0,0,0,0,0,0,0,0,0,0,0,0,0,0,0,0,0,0,0,0,0,0,0,0,0,0,0,0,0,0,0,0,0,0,0,0,0,0,0,0,0,0,0,0,0,0,0,0,0
4216,562.6998954394272,64.6790615211177,114.9441505948888,0,0,0,0,0,0,0,0,0,0,0,0,0,0,0,0,0,0,22.482608667946078,22.482608667946078,22.482608667946078,22.482608667946078,22.482608667946078,22.482608667946078,22.482608667946078,22.482608667946078,22.482608667946078,22.482608667946078,22.482608667946078,22.482608667946078,22.482608667946078,22.482608667946078,22.482608667946078,22.482608667946078,22.482608667946078,22.482608667946078,22.482608667946078,22.482608667946078,22.482608667946078,22.482608667946078,22.482608667946078,22.482608667946078,22.482608667946078,22.482608667946078,22.482608667946078,22.482608667946078,22.482608667946078,22.482608667946078,22.482608667946078,22.482608667946078,22.482608667946078,22.482608667946078,22.482608667946078,22.482608667946078,22.482608667946078,22.482608667946078,22.482608667946078,22.482608667946078,22.482608667946078,22.482608667946078,22.482608667946078,22.482608667946078,22.482608667946078,22.482608667946078,22.482608667946078,22.482608667946078,22.482608667946078,22.482608667946078,22.482608667946078,22.482608667946078,22.482608667946078,22.482608667946078,22.482608667946078,22.482608667946078,22.482608667946078,0,0,0,0,0,0,0,0,0,0,0,0,0,0,0,0,0,0,39.95488332264362,39.95488332264362,39.95488332264362,39.95488332264362,39.95488332264362,39.95488332264362,39.95488332264362,39.95488332264362,39.95488332264362,39.95488332264362,39.95488332264362,39.95488332264362,39.95488332264362,39.95488332264362,39.95488332264362,39.95488332264362,39.95488332264362,39.95488332264362,39.95488332264362,39.95488332264362,39.95488332264362,39.95488332264362,39.95488332264362,39.95488332264362,39.95488332264362,39.95488332264362,39.95488332264362,39.95488332264362,39.95488332264362,39.95488332264362,39.95488332264362,39.95488332264362,39.95488332264362,39.95488332264362,39.95488332264362,39.95488332264362,39.95488332264362,39.95488332264362,39.95488332264362,39.95488332264362,39.95488332264362,39.95488332264362,39.95488332264362,39.95488332264362,39.95488332264362,39.95488332264362,39.95488332264362,39.95488332264362,39.95488332264362,39.95488332264362,39.95488332264362,39.95488332264362,39.95488332264362,39.95488332264362,39.95488332264362,39.95488332264362,39.95488332264362
4217,1588.797989752634,92.67805067071028,58.33218021955055,0,0,0,0,0,0,0,0,0,0,0,0,0,0,0,0,0,0,0,0,0,0,0,0,0,0,0,0,0,0,0,0,0,0,0,0,0,0,0,0,0,0,0,0,0,0,0,0,0,0,0,0,0,0,0,0,0,0,0,0,0,0,0,0,0,0,0,0,0,0,0,0,0,0,0,0,0,0,0,0,0,0,0,0,0,0,0,0,0,0,0,0,0,0,0,0,0,0,0,0,0,0,0,0,0,0,0,0,0,0,0,0,0,0,0,0,0,0,0,0,0,0,0,0,0,0,0,0,0,0,0,0,0,0,0,0,0,0,0,0,0,0,0,0,0,0,0,0,0,0
4218,1382.6709184594984,0,0,0,0,0,0,0,0,0,0,0,0,0,0,0,0,0,0,0,0,0,0,0,0,0,0,0,0,0,0,0,0,0,0,0,0,0,0,0,0,0,0,0,0,0,0,0,0,0,0,0,0,0,0,0,0,0,0,0,0,0,0,0,0,0,0,0,0,0,0,0,0,0,0,0,0,0,0,0,0,0,0,0,0,0,0,0,0,0,0,0,0,0,0,0,0,0,0,0,0,0,0,0,0,0,0,0,0,0,0,0,0,0,0,0,0,0,0,0,0,0,0,0,0,0,0,0,0,0,0,0,0,0,0,0,0,0,0,0,0,0,0,0,0,0,0,0,0,0,0,0,0
4219,969.2107923386559,204.767863056156,211.2727846973945,0,0,0,0,0,0,0,0,0,0,0,0,0,0,0,0,0,0,0,0,0,0,0,0,0,0,0,0,0,0,0,0,0,0,0,0,0,0,0,0,0,0,0,0,0,0,0,0,0,0,0,0,0,0,0,0,0,0,0,0,14.148580850350804,14.148580850350804,14.148580850350804,14.148580850350804,14.148580850350804,14.148580850350804,14.148580850350804,14.148580850350804,14.148580850350804,14.148580850350804,14.148580850350804,14.148580850350804,14.148580850350804,14.148580850350804,14.148580850350804,0,0,0,0,0,0,0,0,0,0,0,0,0,0,0,0,0,0,0,0,0,0,0,0,0,0,0,0,0,0,0,0,0,0,0,0,0,0,0,0,0,0,0,0,0,0,0,0,0,0,0,0,0,0,0,0,0,0,0,0,14.598043028607847,14.598043028607847,14.598043028607847,14.598043028607847,14.598043028607847,14.598043028607847,14.598043028607847,14.598043028607847,14.598043028607847,14.598043028607847,14.598043028607847,14.598043028607847,14.598043028607847,14.598043028607847,14.598043028607847
4220,854.0702667023041,34.2510179286737,40.10327869265618,0,0,0,0,0,0,0,0,0,0,0,0,0,0,0,0,0,0,0,0,0,0,0,0,0,0,0,0,0,0,0,0,0,0,0,0,0,0,0,0,0,0,0,0,0,0,0,0,0,0,0,0,0,0,0,0,0,0,0,0,0,0,0,0,0,0,0,0,0,0,0,0,0,0,0,0,0,0,0,0,0,0,0,0,0,0,0,0,0,0,0,0,0,0,0,0,0,0,0,0,0,0,0,0,0,0,0,0,0,0,0,0,0,0,0,0,0,0,0,0,0,0,0,0,0,0,0,0,0,0,0,0,0,0,0,0,0,0,0,0,0,0,0,0,0,0,0,0,0,0
4221,834.3849912273304,58.93325854945255,70.63077496488194,0,0,0,0,0,0,0,0,0,0,0,0,0,0,0,0,0,0,0,0,0,0,0,0,0,0,0,0,0,0,0,0,0,0,0,0,0,0,0,0,0,0,0,0,0,0,0,0,0,0,0,0,0,0,34.26291333112583,34.26291333112583,34.26291333112583,34.26291333112583,34.26291333112583,34.26291333112583,34.26291333112583,34.26291333112583,34.26291333112583,34.26291333112583,34.26291333112583,34.26291333112583,34.26291333112583,34.26291333112583,34.26291333112583,34.26291333112583,34.26291333112583,34.26291333112583,34.26291333112583,34.26291333112583,34.26291333112583,0,0,0,0,0,0,0,0,0,0,0,0,0,0,0,0,0,0,0,0,0,0,0,0,0,0,0,0,0,0,0,0,0,0,0,0,0,0,0,0,0,0,0,0,0,0,0,0,0,0,0,0,0,0,41.06367407295658,41.06367407295658,41.06367407295658,41.06367407295658,41.06367407295658,41.06367407295658,41.06367407295658,41.06367407295658,41.06367407295658,41.06367407295658,41.06367407295658,41.06367407295658,41.06367407295658,41.06367407295658,41.06367407295658,41.06367407295658,41.06367407295658,41.06367407295658,41.06367407295658,41.06367407295658,41.06367407295658
4222,280.3456238272214,24.554672259456865,87.58714305663658,0,0,0,0,0,0,0,0,0,0,0,0,0,0,0,0,0,0,0,0,0,0,0,0,0,0,0,0,0,0,0,0,0,0,0,0,0,0,0,0,0,0,0,0,0,0,0,0,0,0,0,0,0,0,0,0,0,0,0,0,0,0,0,0,0,0,0,0,0,0,0,0,0,0,0,0,0,0,0,0,0,0,0,0,0,0,0,0,0,0,0,0,0,0,0,0,0,0,0,0,0,0,0,0,0,0,0,0,0,0,0,0,0,0,0,0,0,0,0,0,0,0,0,0,0,0,0,0,0,0,0,0,0,0,0,0,0,0,0,0,0,0,0,0,0,0,0,0,0,0
4223,122.18096354436132,0,0,0,0,0,0,0,0,0,0,0,0,0,0,0,0,0,0,0,0,0,0,0,0,0,0,0,0,0,0,0,0,0,0,0,0,0,0,0,0,0,0,0,0,0,0,0,0,0,0,0,0,0,0,0,0,6.59400803672215,6.59400803672215,6.59400803672215,6.59400803672215,6.59400803672215,6.59400803672215,6.59400803672215,6.59400803672215,6.59400803672215,6.59400803672215,6.59400803672215,6.59400803672215,6.59400803672215,6.59400803672215,6.59400803672215,6.59400803672215,6.59400803672215,6.59400803672215,6.59400803672215,6.59400803672215,6.59400803672215,0,0,0,0,0,0,0,0,0,0,0,0,0,0,0,0,0,0,0,0,0,0,0,0,0,0,0,0,0,0,0,0,0,0,0,0,0,0,0,0,0,0,0,0,0,0,0,0,0,0,0,0,0,0,53.969193280490096,53.969193280490096,53.969193280490096,53.969193280490096,53.969193280490096,53.969193280490096,53.969193280490096,53.969193280490096,53.969193280490096,53.969193280490096,53.969193280490096,53.969193280490096,53.969193280490096,53.969193280490096,53.969193280490096,53.969193280490096,53.969193280490096,53.969193280490096,53.969193280490096,53.969193280490096,53.969193280490096
4224,1001.4172126967879,0,0,0,0,0,0,0,0,0,0,0,0,0,0,0,0,0,0,0,0,0,0,0,7.495678940887942,7.495678940887942,7.495678940887942,7.495678940887942,7.495678940887942,7.495678940887942,7.495678940887942,7.495678940887942,28.238641259371796,28.238641259371796,28.238641259371796,28.238641259371796,28.238641259371796,28.238641259371796,28.238641259371796,28.238641259371796,28.238641259371796,28.238641259371796,28.238641259371796,28.238641259371796,28.238641259371796,28.238641259371796,28.238641259371796,28.238641259371796,28.238641259371796,28.238641259371796,28.238641259371796,28.238641259371796,28.238641259371796,28.238641259371796,28.238641259371796,28.238641259371796,28.238641259371796,28.238641259371796,28.238641259371796,28.238641259371796,28.238641259371796,28.238641259371796,28.238641259371796,28.238641259371796,28.238641259371796,28.238641259371796,28.238641259371796,28.238641259371796,28.238641259371796,28.238641259371796,28.238641259371796,28.238641259371796,28.238641259371796,28.238641259371796,28.238641259371796,28.238641259371796,28.238641259371796,28.238641259371796,0,0,0,0,0,0,0,0,0,0,0,0,0,0,0,0,0,0,0,0,0,7.48507100322581,7.48507100322581,7.48507100322581,7.48507100322581,7.48507100322581,7.48507100322581,7.48507100322581,7.48507100322581,28.198677735252762,28.198677735252762,28.198677735252762,28.198677735252762,28.198677735252762,28.198677735252762,28.198677735252762,28.198677735252762,28.198677735252762,28.198677735252762,28.198677735252762,28.198677735252762,28.198677735252762,28.198677735252762,28.198677735252762,28.198677735252762,28.198677735252762,28.198677735252762,28.198677735252762,28.198677735252762,28.198677735252762,28.198677735252762,28.198677735252762,28.198677735252762,28.198677735252762,28.198677735252762,28.198677735252762,28.198677735252762,28.198677735252762,28.198677735252762,28.198677735252762,28.198677735252762,28.198677735252762,28.198677735252762,28.198677735252762,28.198677735252762,28.198677735252762,28.198677735252762,28.198677735252762,28.198677735252762,28.198677735252762,28.198677735252762,28.198677735252762,28.198677735252762,28.198677735252762,28.198677735252762
4225,424.3858961449594,0,0,0,0,0,0,0,0,0,0,0,7.083759906148558,7.083759906148558,7.083759906148558,7.083759906148558,7.083759906148558,7.083759906148558,7.083759906148558,7.083759906148558,7.083759906148558,7.083759906148558,7.083759906148558,7.083759906148558,7.083759906148558,7.083759906148558,7.083759906148558,7.083759906148558,7.083759906148558,7.083759906148558,7.083759906148558,7.083759906148558,7.083759906148558,7.083759906148558,7.083759906148558,7.083759906148558,7.083759906148558,7.083759906148558,7.083759906148558,7.083759906148558,7.083759906148558,7.083759906148558,7.083759906148558,7.083759906148558,7.083759906148558,7.083759906148558,7.083759906148558,7.083759906148558,7.083759906148558,7.083759906148558,7.083759906148558,7.083759906148558,7.083759906148558,7.083759906148558,7.083759906148558,7.083759906148558,7.083759906148558,7.083759906148558,7.083759906148558,7.083759906148558,7.083759906148558,7.083759906148558,7.083759906148558,7.083759906148558,7.083759906148558,7.083759906148558,7.083759906148558,7.083759906148558,7.083759906148558,7.083759906148558,7.083759906148558,7.083759906148558,7.083759906148558,7.083759906148558,7.083759906148558,7.083759906148558,7.083759906148558,7.083759906148558,0,0,0,0,0,0,0,0,0,16.691789172298332,16.691789172298332,16.691789172298332,16.691789172298332,16.691789172298332,16.691789172298332,16.691789172298332,16.691789172298332,16.691789172298332,16.691789172298332,16.691789172298332,16.691789172298332,16.691789172298332,16.691789172298332,16.691789172298332,16.691789172298332,16.691789172298332,16.691789172298332,16.691789172298332,16.691789172298332,16.691789172298332,16.691789172298332,16.691789172298332,16.691789172298332,16.691789172298332,16.691789172298332,16.691789172298332,16.691789172298332,16.691789172298332,16.691789172298332,16.691789172298332,16.691789172298332,16.691789172298332,16.691789172298332,16.691789172298332,16.691789172298332,16.691789172298332,16.691789172298332,16.691789172298332,16.691789172298332,16.691789172298332,16.691789172298332,16.691789172298332,16.691789172298332,16.691789172298332,16.691789172298332,16.691789172298332,16.691789172298332,16.691789172298332,16.691789172298332,16.691789172298332,16.691789172298332,16.691789172298332,16.691789172298332,16.691789172298332,16.691789172298332,16.691789172298332,16.691789172298332,16.691789172298332,16.691789172298332,16.691789172298332,16.691789172298332,16.691789172298332,16.691789172298332,16.691789172298332,16.691789172298332
4226,861.862626717524,9.936867055529532,11.529525410998414,0,0,0,0,0,0,0,0,0,0,0,0,0,0,0,0,0,0,0,0,0,0,0,0,0,0,0,0,0,0,0,0,0,0,0,0,0,0,0,0,0,0,0,0,0,0,0,0,0,0,0,0,0,0,0,0,0,0,0,0,0,0,0,0,0,0,0,0,0,0,0,0,0,0,0,0,0,0,0,0,0,0,0,0,0,0,0,0,0,0,0,0,0,0,0,0,0,0,0,0,0,0,0,0,0,0,0,0,0,0,0,0,0,0,0,0,0,0,0,0,0,0,0,0,0,0,0,0,0,0,0,0,0,0,0,0,0,0,0,0,0,0,0,0,0,0,0,0,0,0
4227,1961.4519628959397,60.062023001636575,30.621205177494843,0,0,0,0,0,0,0,0,0,0,0,0,0,0,0,0,0,0,0,0,0,0,0,0,0,0,0,0,0,0,0,20.513995507355656,20.513995507355656,20.513995507355656,20.513995507355656,20.513995507355656,20.513995507355656,20.513995507355656,20.513995507355656,20.513995507355656,20.513995507355656,20.513995507355656,20.513995507355656,20.513995507355656,20.513995507355656,20.513995507355656,20.513995507355656,20.513995507355656,20.513995507355656,20.513995507355656,20.513995507355656,20.513995507355656,20.513995507355656,20.513995507355656,20.513995507355656,20.513995507355656,20.513995507355656,20.513995507355656,20.513995507355656,20.513995507355656,20.513995507355656,20.513995507355656,20.513995507355656,20.513995507355656,20.513995507355656,20.513995507355656,20.513995507355656,20.513995507355656,20.513995507355656,20.513995507355656,20.513995507355656,20.513995507355656,20.513995507355656,20.513995507355656,20.513995507355656,0,0,0,0,0,0,0,0,0,0,0,0,0,0,0,0,0,0,0,0,0,0,0,0,0,0,0,0,0,0,0,10.458576552172223,10.458576552172223,10.458576552172223,10.458576552172223,10.458576552172223,10.458576552172223,10.458576552172223,10.458576552172223,10.458576552172223,10.458576552172223,10.458576552172223,10.458576552172223,10.458576552172223,10.458576552172223,10.458576552172223,10.458576552172223,10.458576552172223,10.458576552172223,10.458576552172223,10.458576552172223,10.458576552172223,10.458576552172223,10.458576552172223,10.458576552172223,10.458576552172223,10.458576552172223,10.458576552172223,10.458576552172223,10.458576552172223,10.458576552172223,10.458576552172223,10.458576552172223,10.458576552172223,10.458576552172223,10.458576552172223,10.458576552172223,10.458576552172223,10.458576552172223,10.458576552172223,10.458576552172223,10.458576552172223,10.458576552172223,10.458576552172223,10.458576552172223
4228,4017.508000965284,85.92143305997566,21.386748461815476,0,0,0,0,0,0,0,0,0,0,0,0,0,0,0,0,0,0,0,0,0,0,0,0,0,0,0,0,0,0,0,0,0,0,0,0,0,0,0,0,0,0,0,0,0,0,0,0,0,0,0,0,0,0,0,0,0,0,0,0,0,0,0,0,0,0,0,0,0,0,0,0,0,0,0,0,0,0,0,0,0,0,0,0,0,0,0,0,0,0,0,0,0,0,0,0,0,0,0,0,0,0,0,0,0,0,0,0,0,0,0,0,0,0,0,0,0,0,0,0,0,0,0,0,0,0,0,0,0,0,0,0,0,0,0,0,0,0,0,0,0,0,0,0,0,0,0,0,0,0
4229,909.0784852391818,0,0,0,0,0,0,0,0,0,0,0,0,0,0,0,0,0,0,0,0,0,0,0,0,0,0,0,0,0,0,0,0,0,0,0,0,0,0,0,0,0,0,0,0,0,0,0,0,0,0,0,0,0,0,0,0,0,0,0,0,0,0,0,0,0,0,0,0,0,0,0,0,0,0,0,0,0,0,0,0,0,0,0,0,0,0,0,0,0,0,0,0,0,0,0,0,0,0,0,0,0,0,0,0,0,0,0,0,0,0,0,0,0,0,0,0,0,0,0,0,0,0,0,0,0,0,0,0,0,0,0,0,0,0,0,0,0,0,0,0,0,0,0,0,0,0,0,0,0,0,0,0
4230,925.4110814568363,115.64076435839047,124.9615081076639,0,0,0,0,0,0,0,0,0,0,0,0,0,0,0,0,0,0,0,0,0,0,0,0,0,0,0,0,0,0,0,0,0,0,0,0,0,0,0,0,0,0,0,0,0,0,0,0,0,0,0,0,0,0,0,0,0,0,0,0,0,0,0,0,0,0,0,0,0,0,0,0,0,0,0,0,0,0,0,0,0,0,0,0,0,0,0,0,0,0,0,0,0,0,0,0,0,0,0,0,0,0,0,0,0,0,0,0,0,0,0,0,0,0,0,0,0,0,0,0,0,0,0,0,0,0,0,0,0,0,0,0,0,0,0,0,0,0,0,0,0,0,0,0,0,0,0,0,0,0
4231,615.6031585080082,0,0,0,0,0,0,0,0,0,0,0,0,0,0,0,0,0,0,0,0,0,0,0,0,0,0,0,0,0,0,0,0,0,0,0,0,0,0,0,0,0,0,0,0,0,0,0,0,0,0,0,0,0,0,0,0,24.51164995674468,24.51164995674468,24.51164995674468,24.51164995674468,24.51164995674468,24.51164995674468,24.51164995674468,24.51164995674468,24.51164995674468,24.51164995674468,24.51164995674468,24.51164995674468,24.51164995674468,24.51164995674468,24.51164995674468,24.51164995674468,24.51164995674468,24.51164995674468,24.51164995674468,24.51164995674468,24.51164995674468,0,0,0,0,0,0,0,0,0,0,0,0,0,0,0,0,0,0,0,0,0,0,0,0,0,0,0,0,0,0,0,0,0,0,0,0,0,0,0,0,0,0,0,0,0,0,0,0,0,0,0,0,0,0,39.81729076269159,39.81729076269159,39.81729076269159,39.81729076269159,39.81729076269159,39.81729076269159,39.81729076269159,39.81729076269159,39.81729076269159,39.81729076269159,39.81729076269159,39.81729076269159,39.81729076269159,39.81729076269159,39.81729076269159,39.81729076269159,39.81729076269159,39.81729076269159,39.81729076269159,39.81729076269159,39.81729076269159
4232,420.93458443869554,0,0,0,0,0,0,0,0,0,0,0,0,0,0,0,0,0,0,0,0,0,0,0,0,0,0,0,0,0,0,0,0,0,0,0,0,0,0,0,0,0,0,0,0,0,0,0,0,0,0,0,0,0,0,0,0,0,0,0,0,0,0,0,0,0,0,0,0,0,0,0,0,0,0,0,0,0,0,0,0,0,0,0,0,0,0,0,0,0,0,0,0,0,0,0,0,0,0,0,0,0,0,0,0,0,0,0,0,0,0,0,0,0,0,0,0,0,0,0,0,0,0,0,0,0,0,0,0,0,0,0,0,0,0,0,0,0,0,0,0,0,0,0,0,0,0,0,0,0,0,0,0
4233,263.6279088897137,0,0,0,0,0,0,0,0,0,0,0,0,0,0,0,0,0,0,0,0,0,0,0,0,0,0,0,0,0,0,0,0,0,0,0,0,0,0,0,0,0,0,0,0,0,0,0,0,0,0,0,0,0,0,0,0,0,0,0,0,0,0,0,0,0,0,0,0,0,0,0,0,0,0,0,0,0,0,0,0,0,0,0,0,0,0,0,0,0,0,0,0,0,0,0,0,0,0,0,0,0,0,0,0,0,0,0,0,0,0,0,0,0,0,0,0,0,0,0,0,0,0,0,0,0,0,0,0,0,0,0,0,0,0,0,0,0,0,0,0,0,0,0,0,0,0,0,0,0,0,0,0
4234,696.9438912838683,0,0,0,0,0,0,0,0,0,0,0,25.454439425893188,25.454439425893188,25.454439425893188,25.454439425893188,25.454439425893188,25.454439425893188,25.454439425893188,25.454439425893188,25.454439425893188,25.454439425893188,25.454439425893188,25.454439425893188,25.454439425893188,25.454439425893188,25.454439425893188,25.454439425893188,25.454439425893188,25.454439425893188,25.454439425893188,25.454439425893188,25.454439425893188,25.454439425893188,25.454439425893188,25.454439425893188,25.454439425893188,25.454439425893188,25.454439425893188,25.454439425893188,25.454439425893188,25.454439425893188,25.454439425893188,25.454439425893188,25.454439425893188,25.454439425893188,25.454439425893188,25.454439425893188,25.454439425893188,25.454439425893188,25.454439425893188,25.454439425893188,25.454439425893188,25.454439425893188,25.454439425893188,25.454439425893188,25.454439425893188,25.454439425893188,25.454439425893188,25.454439425893188,25.454439425893188,25.454439425893188,25.454439425893188,25.454439425893188,25.454439425893188,25.454439425893188,25.454439425893188,25.454439425893188,25.454439425893188,25.454439425893188,25.454439425893188,25.454439425893188,25.454439425893188,25.454439425893188,25.454439425893188,25.454439425893188,25.454439425893188,25.454439425893188,0,0,0,0,0,0,0,0,0,36.52293928425507,36.52293928425507,36.52293928425507,36.52293928425507,36.52293928425507,36.52293928425507,36.52293928425507,36.52293928425507,36.52293928425507,36.52293928425507,36.52293928425507,36.52293928425507,36.52293928425507,36.52293928425507,36.52293928425507,36.52293928425507,36.52293928425507,36.52293928425507,36.52293928425507,36.52293928425507,36.52293928425507,36.52293928425507,36.52293928425507,36.52293928425507,36.52293928425507,36.52293928425507,36.52293928425507,36.52293928425507,36.52293928425507,36.52293928425507,36.52293928425507,36.52293928425507,36.52293928425507,36.52293928425507,36.52293928425507,36.52293928425507,36.52293928425507,36.52293928425507,36.52293928425507,36.52293928425507,36.52293928425507,36.52293928425507,36.52293928425507,36.52293928425507,36.52293928425507,36.52293928425507,36.52293928425507,36.52293928425507,36.52293928425507,36.52293928425507,36.52293928425507,36.52293928425507,36.52293928425507,36.52293928425507,36.52293928425507,36.52293928425507,36.52293928425507,36.52293928425507,36.52293928425507,36.52293928425507,36.52293928425507,36.52293928425507,36.52293928425507,36.52293928425507,36.52293928425507,36.52293928425507
4235,835.4074933561349,0,0,0,0,0,0,0,0,0,0,0,0,0,0,0,0,0,0,0,0,0,0,0,0,0,0,0,0,0,0,0,0,0,0,0,0,0,0,0,0,0,0,0,0,0,0,0,0,0,0,0,0,0,0,0,0,0,0,0,0,0,0,0,0,0,0,0,0,0,0,0,0,0,0,0,0,0,0,0,0,0,0,0,0,0,0,0,0,0,0,0,0,0,0,0,0,0,0,0,0,0,0,0,0,0,0,0,0,0,0,0,0,0,0,0,0,0,0,0,0,0,0,0,0,0,0,0,0,0,0,0,0,0,0,0,0,0,0,0,0,0,0,0,0,0,0,0,0,0,0,0,0
4236,1312.7741312435667,0,0,0,0,0,0,0,0,0,0,0,0,0,0,0,0,0,0,0,0,0,0,0,0,0,0,0,0,0,0,0,0,0,0,0,0,0,0,0,0,0,0,0,0,0,0,0,0,0,0,0,0,0,0,0,0,0,0,0,0,0,0,0,0,0,0,0,0,0,0,0,0,0,0,0,0,0,0,0,0,0,0,0,0,0,0,0,0,0,0,0,0,0,0,0,0,0,0,0,0,0,0,0,0,0,0,0,0,0,0,0,0,0,0,0,0,0,0,0,0,0,0,0,0,0,0,0,0,0,0,0,0,0,0,0,0,0,0,0,0,0,0,0,0,0,0,0,0,0,0,0,0
5001,609.2522960356744,0,0,0,0,0,0,0,0,0,0,0,0,0,0,0,0,0,0,0,0,0,0,0,0,0,0,0,0,0,0,0,0,0,0,0,0,0,0,0,0,0,0,0,0,0,0,0,0,0,0,0,0,0,0,0,0,0,0,0,0,0,0,0,0,0,0,0,0,0,0,0,0,0,0,0,0,0,0,0,0,0,0,0,0,0,0,0,0,0,0,0,0,0,0,0,0,0,0,0,0,0,0,0,0,0,0,0,0,0,0,0,0,0,0,0,0,0,0,0,0,0,0,0,0,0,0,0,0,0,0,0,0,0,0,0,0,0,0,0,0,0,0,0,0,0,0,0,0,0,0,0,0
5002,6066.777465051309,769.2711119894037,126.80061472848134,0,0,0,0,0,0,0,0,0,0,0,0,0,0,0,0,0,0,0,0,0,0,0,0,0,0,0,0,0,0,0,0,0,0,35.65168204259612,35.65168204259612,35.65168204259612,35.65168204259612,35.65168204259612,35.65168204259612,35.65168204259612,35.65168204259612,35.65168204259612,35.65168204259612,35.65168204259612,53.000297754136255,53.000297754136255,53.000297754136255,53.000297754136255,53.000297754136255,53.000297754136255,53.000297754136255,53.000297754136255,53.000297754136255,53.000297754136255,53.000297754136255,53.000297754136255,53.000297754136255,53.000297754136255,53.000297754136255,53.000297754136255,53.000297754136255,53.000297754136255,53.000297754136255,53.000297754136255,53.000297754136255,53.000297754136255,53.000297754136255,98.25367404544856,98.25367404544856,98.25367404544856,98.25367404544856,98.25367404544856,98.25367404544856,98.25367404544856,0,0,0,0,0,0,0,0,0,0,0,0,0,0,0,0,0,0,0,0,0,0,0,0,0,0,0,0,0,0,0,0,0,0,5.876543560065228,5.876543560065228,5.876543560065228,5.876543560065228,5.876543560065228,5.876543560065228,5.876543560065228,5.876543560065228,5.876543560065228,5.876543560065228,5.876543560065228,8.736153264142846,8.736153264142846,8.736153264142846,8.736153264142846,8.736153264142846,8.736153264142846,8.736153264142846,8.736153264142846,8.736153264142846,8.736153264142846,8.736153264142846,8.736153264142846,8.736153264142846,8.736153264142846,8.736153264142846,8.736153264142846,8.736153264142846,8.736153264142846,8.736153264142846,8.736153264142846,8.736153264142846,8.736153264142846,8.736153264142846,16.19536477338346,16.19536477338346,16.19536477338346,16.19536477338346,16.19536477338346,16.19536477338346,16.19536477338346
5003,576.7883568457146,63.12066416179025,109.43470583729975,0,0,0,0,0,0,0,0,0,0,0,0,0,0,0,0,0,0,0,0,0,0,0,0,0,0,0,0,0,0,0,0,0,0,0,0,0,0,0,0,0,0,0,0,0,0,0,0,0,0,5.139062569718269,5.139062569718269,5.139062569718269,5.139062569718269,5.139062569718269,5.139062569718269,5.139062569718269,5.139062569718269,5.139062569718269,5.139062569718269,5.139062569718269,5.139062569718269,5.139062569718269,5.139062569718269,5.139062569718269,5.139062569718269,5.139062569718269,5.139062569718269,16.33822240691956,16.33822240691956,16.33822240691956,16.33822240691956,16.33822240691956,16.33822240691956,16.33822240691956,0,0,0,0,0,0,0,0,0,0,0,0,0,0,0,0,0,0,0,0,0,0,0,0,0,0,0,0,0,0,0,0,0,0,0,0,0,0,0,0,0,0,0,0,0,0,0,0,0,0,8.909789021786581,8.909789021786581,8.909789021786581,8.909789021786581,8.909789021786581,8.909789021786581,8.909789021786581,8.909789021786581,8.909789021786581,8.909789021786581,8.909789021786581,8.909789021786581,8.909789021786581,8.909789021786581,8.909789021786581,8.909789021786581,8.909789021786581,8.909789021786581,28.326200092298116,28.326200092298116,28.326200092298116,28.326200092298116,28.326200092298116,28.326200092298116,28.326200092298116
5004,50.60925937551427,0,0,0,0,0,0,0,0,0,0,0,0,0,0,0,0,0,0,0,0,0,0,0,0,0,0,0,0,0,0,0,0,0,0,0,0,0,0,0,0,0,0,0,0,0,0,0,0,0,0,0,0,0,0,0,0,0,0,0,0,0,0,0,0,0,0,0,0,0,0,0,0,0,0,0,0,0,0,0,0,0,0,0,0,0,0,0,0,0,0,0,0,0,0,0,0,0,0,0,0,0,0,0,0,0,0,0,0,0,0,0,0,0,0,0,0,0,0,0,0,0,0,0,0,0,0,0,0,0,0,0,0,0,0,0,0,0,0,0,0,0,0,0,0,0,0,0,0,0,0,0,0
5005,380.88234634602475,0,0,0,0,0,0,0,0,0,0,0,0,0,0,0,0,0,0,0,0,0,0,0,0,0,0,0,0,0,0,0,0,0,0,0,0,0,0,0,0,0,0,0,0,0,0,0,0,0,0,0,0,0,0,0,0,0,0,0,0,16.42111864759398,16.42111864759398,16.42111864759398,23.93629796941393,23.93629796941393,23.93629796941393,23.93629796941393,23.93629796941393,23.93629796941393,23.93629796941393,23.93629796941393,23.93629796941393,23.93629796941393,23.93629796941393,23.93629796941393,23.93629796941393,23.93629796941393,0,0,0,0,0,0,0,0,0,0,0,0,0,0,0,0,0,0,0,0,0,0,0,0,0,0,0,0,0,0,0,0,0,0,0,0,0,0,0,0,0,0,0,0,0,0,0,0,0,0,0,0,0,0,0,0,0,0,43.11336244677428,43.11336244677428,43.11336244677428,62.84433552524966,62.84433552524966,62.84433552524966,62.84433552524966,62.84433552524966,62.84433552524966,62.84433552524966,62.84433552524966,62.84433552524966,62.84433552524966,62.84433552524966,62.84433552524966,62.84433552524966,62.84433552524966
5006,128.21579059314175,0,0,0,0,0,0,0,0,0,0,0,0,0,0,0,0,0,0,0,0,0,0,0,0,0,0,0,0,0,0,0,0,0,0,0,0,0,0,0,0,0,0,0,0,0,0,0,0,0,0,0,0,0,0,0,0,0,0,0,0,9.285414083279761,9.285414083279761,9.285414083279761,9.285414083279761,9.285414083279761,9.285414083279761,9.285414083279761,9.285414083279761,9.285414083279761,9.285414083279761,9.285414083279761,9.285414083279761,9.285414083279761,9.285414083279761,9.285414083279761,9.285414083279761,9.285414083279761,0,0,0,0,0,0,0,0,0,0,0,0,0,0,0,0,0,0,0,0,0,0,0,0,0,0,0,0,0,0,0,0,0,0,0,0,0,0,0,0,0,0,0,0,0,0,0,0,0,0,0,0,0,0,0,0,0,0,72.42020690528298,72.42020690528298,72.42020690528298,72.42020690528298,72.42020690528298,72.42020690528298,72.42020690528298,72.42020690528298,72.42020690528298,72.42020690528298,72.42020690528298,72.42020690528298,72.42020690528298,72.42020690528298,72.42020690528298,72.42020690528298,72.42020690528298
5007,191.18375502785818,0,0,0,0,0,0,0,0,0,0,0,0,0,0,0,0,0,0,0,0,0,0,0,0,0,0,0,0,0,0,0,0,0,0,0,0,0,0,0,0,0,0,0,0,0,0,0,0,0,0,0,0,0,0,0,0,0,0,0,0,0,0,0,0,0,0,0,0,0,0,0,0,0,0,0,0,0,0,0,0,0,0,0,0,0,0,0,0,0,0,0,0,0,0,0,0,0,0,0,0,0,0,0,0,0,0,0,0,0,0,0,0,0,0,0,0,0,0,0,0,0,0,0,0,0,0,0,0,0,0,0,0,0,0,0,0,0,0,0,0,0,0,0,0,0,0,0,0,0,0,0,0
5008,1065.6719800810595,41.943278069922314,39.35852575079616,0,0,0,0,0,0,0,0,0,0,0,0,0,0,0,0,0,0,0,0,0,0,0,0,0,0,0,0,0,0,0,0,0,0,0,0,0,0,0,0,0,0,0,0,0,0,0,0,0,0,43.04688439143047,43.04688439143047,43.04688439143047,43.04688439143047,43.04688439143047,43.04688439143047,43.04688439143047,43.04688439143047,43.04688439143047,57.445315923251364,57.445315923251364,57.445315923251364,57.445315923251364,57.445315923251364,57.445315923251364,57.445315923251364,57.445315923251364,57.445315923251364,57.445315923251364,57.445315923251364,57.445315923251364,57.445315923251364,57.445315923251364,57.445315923251364,57.445315923251364,0,0,0,0,0,0,0,0,0,0,0,0,0,0,0,0,0,0,0,0,0,0,0,0,0,0,0,0,0,0,0,0,0,0,0,0,0,0,0,0,0,0,0,0,0,0,0,0,0,0,40.39412239041524,40.39412239041524,40.39412239041524,40.39412239041524,40.39412239041524,40.39412239041524,40.39412239041524,40.39412239041524,40.39412239041524,53.90525133154184,53.90525133154184,53.90525133154184,53.90525133154184,53.90525133154184,53.90525133154184,53.90525133154184,53.90525133154184,53.90525133154184,53.90525133154184,53.90525133154184,53.90525133154184,53.90525133154184,53.90525133154184,53.90525133154184,53.90525133154184
5009,245.65826467928065,0,0,0,0,0,0,0,0,0,0,0,0,0,0,0,0,0,0,0,0,0,0,0,0,0,0,0,0,0,0,0,0,0,0,0,0,0,0,0,0,0,0,0,0,0,0,0,0,0,0,0,0,0,0,0,0,0,0,0,0,14.53466222019039,14.53466222019039,14.53466222019039,14.53466222019039,14.53466222019039,14.53466222019039,14.53466222019039,14.53466222019039,14.53466222019039,14.53466222019039,14.53466222019039,14.53466222019039,14.53466222019039,14.53466222019039,14.53466222019039,14.53466222019039,14.53466222019039,0,0,0,0,0,0,0,0,0,0,0,0,0,0,0,0,0,0,0,0,0,0,0,0,0,0,0,0,0,0,0,0,0,0,0,0,0,0,0,0,0,0,0,0,0,0,0,0,0,0,0,0,0,0,0,0,0,0,59.16618453348651,59.16618453348651,59.16618453348651,59.16618453348651,59.16618453348651,59.16618453348651,59.16618453348651,59.16618453348651,59.16618453348651,59.16618453348651,59.16618453348651,59.16618453348651,59.16618453348651,59.16618453348651,59.16618453348651,59.16618453348651,59.16618453348651
5010,1601.0979306557817,0,0,0,0,0,0,0,0,0,0,0,0,0,0,0,0,0,0,0,0,0,0,0,0,0,0,0,0,0,0,0,0,0,0,0,0,0,0,0,0,0,0,0,0,0,0,0,0,0,0,0,0,0,0,0,0,0,0,0,0,0,0,0,0,0,0,0,0,0,0,0,0,0,0,0,0,0,0,0,0,0,0,0,0,0,0,0,0,0,0,0,0,0,0,0,0,0,0,0,0,0,0,0,0,0,0,0,0,0,0,0,0,0,0,0,0,0,0,0,0,0,0,0,0,0,0,0,0,0,0,0,0,0,0,0,0,0,0,0,0,0,0,0,0,0,0,0,0,0,0,0,0
5011,115.72667123599457,12.96316450418407,112.01535796142493,0,0,0,0,0,0,0,0,0,7.461351813471187,7.461351813471187,7.461351813471187,7.461351813471187,7.461351813471187,7.461351813471187,7.461351813471187,7.461351813471187,7.461351813471187,7.461351813471187,7.461351813471187,7.461351813471187,7.461351813471187,7.461351813471187,7.461351813471187,7.461351813471187,7.461351813471187,7.461351813471187,7.461351813471187,7.461351813471187,7.461351813471187,7.461351813471187,7.461351813471187,7.461351813471187,7.461351813471187,7.461351813471187,7.461351813471187,7.461351813471187,7.461351813471187,7.461351813471187,7.461351813471187,7.461351813471187,7.461351813471187,7.461351813471187,7.461351813471187,7.461351813471187,7.461351813471187,7.461351813471187,7.461351813471187,7.461351813471187,7.461351813471187,7.461351813471187,7.461351813471187,7.461351813471187,7.461351813471187,7.461351813471187,7.461351813471187,7.461351813471187,7.461351813471187,7.461351813471187,7.461351813471187,7.461351813471187,7.461351813471187,7.461351813471187,7.461351813471187,7.461351813471187,7.461351813471187,7.461351813471187,7.461351813471187,7.461351813471187,7.461351813471187,7.461351813471187,7.461351813471187,7.461351813471187,7.461351813471187,7.461351813471187,0,0,0,0,0,0,0,0,0,64.47391715135133,64.47391715135133,64.47391715135133,64.47391715135133,64.47391715135133,64.47391715135133,64.47391715135133,64.47391715135133,64.47391715135133,64.47391715135133,64.47391715135133,64.47391715135133,64.47391715135133,64.47391715135133,64.47391715135133,64.47391715135133,64.47391715135133,64.47391715135133,64.47391715135133,64.47391715135133,64.47391715135133,64.47391715135133,64.47391715135133,64.47391715135133,64.47391715135133,64.47391715135133,64.47391715135133,64.47391715135133,64.47391715135133,64.47391715135133,64.47391715135133,64.47391715135133,64.47391715135133,64.47391715135133,64.47391715135133,64.47391715135133,64.47391715135133,64.47391715135133,64.47391715135133,64.47391715135133,64.47391715135133,64.47391715135133,64.47391715135133,64.47391715135133,64.47391715135133,64.47391715135133,64.47391715135133,64.47391715135133,64.47391715135133,64.47391715135133,64.47391715135133,64.47391715135133,64.47391715135133,64.47391715135133,64.47391715135133,64.47391715135133,64.47391715135133,64.47391715135133,64.47391715135133,64.47391715135133,64.47391715135133,64.47391715135133,64.47391715135133,64.47391715135133,64.47391715135133,64.47391715135133
5012,1165.2751576180515,94.81162203711645,81.36414941765486,0,0,0,0,0,0,0,0,0,0,0,0,0,0,0,0,0,0,0,0,0,0,0,0,0,0,0,0,0,0,0,0,0,0,0,0,0,0,0,0,0,0,0,0,0,0,0,0,0,0,0,0,0,0,0,0,0,0,0,0,0,0,0,0,0,0,0,0,0,0,0,0,0,0,0,0,0,0,0,0,0,0,0,0,0,0,0,0,0,0,0,0,0,0,0,0,0,0,0,0,0,0,0,0,0,0,0,0,0,0,0,0,0,0,0,0,0,0,0,0,0,0,0,0,0,0,0,0,0,0,0,0,0,0,0,0,0,0,0,0,0,0,0,0,0,0,0,0,0,0
5013,246.67857146545384,26.959973610546278,109.29191559033288,0,0,0,0,0,0,0,0,0,0,0,0,0,0,0,0,0,0,0,0,0,0,0,0,0,0,0,0,0,0,0,0,0,0,0,0,0,0,0,0,0,0,0,0,0,0,0,0,0,0,0,0,0,0,0,0,0,0,0,0,0,0,0,0,0,0,0,0,0,0,0,0,0,0,0,0,0,0,0,0,0,0,0,0,0,0,0,0,0,0,0,0,0,0,0,0,0,0,0,0,0,0,0,0,0,0,0,0,0,0,0,0,0,0,0,0,0,0,0,0,0,0,0,0,0,0,0,0,0,0,0,0,0,0,0,0,0,0,0,0,0,0,0,0,0,0,0,0,0,0
5014,152.4893841781993,0,0,0,0,0,0,0,0,0,0,0,0,0,0,0,0,0,0,0,0,0,0,0,0,0,0,0,0,0,0,0,0,0,0,0,0,0,0,0,0,0,0,0,0,0,0,0,0,0,0,0,0,0,0,0,0,0,0,0,0,0,0,0,0,0,0,0,0,0,0,0,0,0,0,0,0,0,0,0,0,0,0,0,0,0,0,0,0,0,0,0,0,0,0,0,0,0,0,0,0,0,0,0,0,0,0,0,0,0,0,0,0,0,0,0,0,0,0,0,0,0,0,0,0,0,0,0,0,0,0,0,0,0,0,0,0,0,0,0,0,0,0,0,0,0,0,0,0,0,0,0,0
5015,301.60327721716106,0,0,0,0,0,0,0,0,0,0,0,0,0,0,0,0,0,0,0,0,0,0,0,0,0,0,0,0,0,0,0,0,0,0,0,0,0,0,0,0,0,0,0,0,0,0,0,0,0,0,0,0,0,0,0,0,0,0,0,0,0,0,0,0,0,0,0,0,0,0,0,0,0,0,0,0,0,0,0,0,0,0,0,0,0,0,0,0,0,0,0,0,0,0,0,0,0,0,0,0,0,0,0,0,0,0,0,0,0,0,0,0,0,0,0,0,0,0,0,0,0,0,0,0,0,0,0,0,0,0,0,0,0,0,0,0,0,0,0,0,0,0,0,0,0,0,0,0,0,0,0,0
5016,1675.0141872811394,0,0,0,0,0,0,0,0,0,0,0,0,0,0,0,0,0,0,0,0,0,0,0,0,0,0,0,0,0,0,0,0,0,0,0,0,0,0,0,0,0,0,0,0,0,0,0,0,0,0,0,0,0,0,0,0,0,0,0,0,0,4.53386730196365,4.53386730196365,4.53386730196365,4.53386730196365,4.53386730196365,4.53386730196365,4.53386730196365,4.53386730196365,4.53386730196365,4.53386730196365,4.53386730196365,4.53386730196365,4.53386730196365,4.53386730196365,4.53386730196365,4.53386730196365,0,0,0,0,0,0,0,0,0,0,0,0,0,0,0,0,0,0,0,0,0,0,0,0,0,0,0,0,0,0,0,0,0,0,0,0,0,0,0,0,0,0,0,0,0,0,0,0,0,0,0,0,0,0,0,0,0,0,0,2.7067635225961655,2.7067635225961655,2.7067635225961655,2.7067635225961655,2.7067635225961655,2.7067635225961655,2.7067635225961655,2.7067635225961655,2.7067635225961655,2.7067635225961655,2.7067635225961655,2.7067635225961655,2.7067635225961655,2.7067635225961655,2.7067635225961655,2.7067635225961655
5017,122.36328176230036,0,0,0,0,0,0,0,0,0,0,0,0,0,0,0,0,0,0,0,0,0,0,0,0,0,0,0,0,0,0,0,0,0,0,0,0,0,0,0,0,0,0,0,0,0,0,0,0,0,0,0,0,0,0,0,0,0,0,0,0,0,0,0,0,0,0,0,0,0,0,0,0,0,0,0,0,0,0,0,0,0,0,0,0,0,0,0,0,0,0,0,0,0,0,0,0,0,0,0,0,0,0,0,0,0,0,0,0,0,0,0,0,0,0,0,0,0,0,0,0,0,0,0,0,0,0,0,0,0,0,0,0,0,0,0,0,0,0,0,0,0,0,0,0,0,0,0,0,0,0,0,0
5018,61.66835343882513,0,0,0,0,0,0,0,0,0,0,0,0,0,0,0,0,0,0,0,0,0,0,0,0,0,0,0,0,0,0,0,0,0,0,0,0,0,0,0,0,0,0,0,0,0,0,0,0,0,0,0,0,0,0,0,0,0,0,0,0,0,0,0,0,0,0,0,0,0,0,0,0,0,0,0,0,0,0,0,0,0,0,0,0,0,0,0,0,0,0,0,0,0,0,0,0,0,0,0,0,0,0,0,0,0,0,0,0,0,0,0,0,0,0,0,0,0,0,0,0,0,0,0,0,0,0,0,0,0,0,0,0,0,0,0,0,0,0,0,0,0,0,0,0,0,0,0,0,0,0,0,0
5019,479.0405886674429,0,0,0,0,0,0,0,0,0,0,0,0,0,0,0,0,0,0,0,0,0,0,0,0,0,0,0,0,0,0,0,0,0,0,0,0,0,0,0,0,0,0,0,0,0,0,0,0,0,0,0,0,0,0,0,0,0,0,0,0,0,0,0,0,0,0,0,0,0,0,0,0,0,0,0,0,0,0,0,0,0,0,0,0,0,0,0,0,0,0,0,0,0,0,0,0,0,0,0,0,0,0,0,0,0,0,0,0,0,0,0,0,0,0,0,0,0,0,0,0,0,0,0,0,0,0,0,0,0,0,0,0,0,0,0,0,0,0,0,0,0,0,0,0,0,0,0,0,0,0,0,0
5020,261.4756507857274,0,0,0,0,0,0,0,0,0,0,0,0,0,0,0,0,0,0,0,0,0,0,0,0,0,0,0,0,0,0,0,0,0,0,0,0,0,0,0,0,0,0,0,0,0,0,0,0,0,0,0,0,0,0,0,0,0,0,0,0,0,0,0,0,0,0,0,0,0,0,0,0,0,0,0,0,0,0,0,0,0,0,0,0,0,0,0,0,0,0,0,0,0,0,0,0,0,0,0,0,0,0,0,0,0,0,0,0,0,0,0,0,0,0,0,0,0,0,0,0,0,0,0,0,0,0,0,0,0,0,0,0,0,0,0,0,0,0,0,0,0,0,0,0,0,0,0,0,0,0,0,0
5021,1228.8268090236356,0,0,0,0,0,0,0,0,0,0,0,0,0,0,0,0,0,0,0,0,0,0,0,0,0,0,0,0,0,0,0,0,0,0,0,0,0,0,0,0,0,0,0,0,0,0,0,0,0,0,0,0,0,0,0,0,0,0,0,0,0,0,0,0,0,0,0,0,0,0,0,0,0,0,0,0,0,0,0,0,0,0,0,0,0,0,0,0,0,0,0,0,0,0,0,0,0,0,0,0,0,0,0,0,0,0,0,0,0,0,0,0,0,0,0,0,0,0,0,0,0,0,0,0,0,0,0,0,0,0,0,0,0,0,0,0,0,0,0,0,0,0,0,0,0,0,0,0,0,0,0,0
5022,213.7442558166964,0,0,0,0,0,0,0,0,0,0,0,0,0,0,0,0,0,0,0,0,0,0,0,0,0,0,0,0,0,0,0,0,0,0,0,0,0,0,0,0,0,0,0,0,0,0,0,0,0,0,0,0,0,0,0,0,0,0,0,0,0,0,0,0,0,0,0,0,0,0,0,0,0,0,0,0,0,0,0,0,0,0,0,0,0,0,0,0,0,0,0,0,0,0,0,0,0,0,0,0,0,0,0,0,0,0,0,0,0,0,0,0,0,0,0,0,0,0,0,0,0,0,0,0,0,0,0,0,0,0,0,0,0,0,0,0,0,0,0,0,0,0,0,0,0,0,0,0,0,0,0,0
5023,246.02423234476828,51.670826394235874,210.02332128741892,0,0,0,0,0,0,0,0,0,5.4633288878941135,12.345817498749808,12.345817498749808,12.345817498749808,12.345817498749808,12.345817498749808,12.345817498749808,12.345817498749808,12.345817498749808,12.345817498749808,12.345817498749808,12.345817498749808,12.345817498749808,12.345817498749808,12.345817498749808,12.345817498749808,12.345817498749808,12.345817498749808,12.345817498749808,12.345817498749808,12.345817498749808,12.345817498749808,12.345817498749808,12.345817498749808,12.345817498749808,12.345817498749808,12.345817498749808,12.345817498749808,12.345817498749808,12.345817498749808,12.345817498749808,12.345817498749808,12.345817498749808,12.345817498749808,12.345817498749808,12.345817498749808,12.345817498749808,12.345817498749808,12.345817498749808,12.345817498749808,12.345817498749808,12.345817498749808,12.345817498749808,12.345817498749808,12.345817498749808,12.345817498749808,12.345817498749808,12.345817498749808,12.345817498749808,12.345817498749808,12.345817498749808,12.345817498749808,12.345817498749808,12.345817498749808,12.345817498749808,12.345817498749808,12.345817498749808,12.345817498749808,12.345817498749808,12.345817498749808,12.345817498749808,12.345817498749808,12.345817498749808,12.345817498749808,12.345817498749808,12.345817498749808,0,0,0,0,0,0,0,0,0,22.20646655748133,50.18130686187402,50.18130686187402,50.18130686187402,50.18130686187402,50.18130686187402,50.18130686187402,50.18130686187402,50.18130686187402,50.18130686187402,50.18130686187402,50.18130686187402,50.18130686187402,50.18130686187402,50.18130686187402,50.18130686187402,50.18130686187402,50.18130686187402,50.18130686187402,50.18130686187402,50.18130686187402,50.18130686187402,50.18130686187402,50.18130686187402,50.18130686187402,50.18130686187402,50.18130686187402,50.18130686187402,50.18130686187402,50.18130686187402,50.18130686187402,50.18130686187402,50.18130686187402,50.18130686187402,50.18130686187402,50.18130686187402,50.18130686187402,50.18130686187402,50.18130686187402,50.18130686187402,50.18130686187402,50.18130686187402,50.18130686187402,50.18130686187402,50.18130686187402,50.18130686187402,50.18130686187402,50.18130686187402,50.18130686187402,50.18130686187402,50.18130686187402,50.18130686187402,50.18130686187402,50.18130686187402,50.18130686187402,50.18130686187402,50.18130686187402,50.18130686187402,50.18130686187402,50.18130686187402,50.18130686187402,50.18130686187402,50.18130686187402,50.18130686187402,50.18130686187402,50.18130686187402
5024,1095.5350848042124,62.47507817364085,57.02699898908854,0,0,0,0,0,0,0,0,0,0,0,0,0,0,0,0,0,0,0,0,0,0,0,0,0,0,0,0,0,0,0,0,0,0,0,0,0,0,0,0,0,0,0,0,0,0,0,29.420708378253604,29.420708378253604,29.420708378253604,29.420708378253604,29.420708378253604,52.487454606435946,52.487454606435946,52.487454606435946,52.487454606435946,52.487454606435946,52.487454606435946,52.487454606435946,52.487454606435946,52.487454606435946,52.487454606435946,52.487454606435946,52.487454606435946,52.487454606435946,52.487454606435946,52.487454606435946,52.487454606435946,52.487454606435946,52.487454606435946,52.487454606435946,52.487454606435946,52.487454606435946,52.487454606435946,52.487454606435946,0,0,0,0,0,0,0,0,0,0,0,0,0,0,0,0,0,0,0,0,0,0,0,0,0,0,0,0,0,0,0,0,0,0,0,0,0,0,0,0,0,0,0,0,0,0,0,26.855103762844344,26.855103762844344,26.855103762844344,26.855103762844344,26.855103762844344,47.91033654190655,47.91033654190655,47.91033654190655,47.91033654190655,47.91033654190655,47.91033654190655,47.91033654190655,47.91033654190655,47.91033654190655,47.91033654190655,47.91033654190655,47.91033654190655,47.91033654190655,47.91033654190655,47.91033654190655,47.91033654190655,47.91033654190655,47.91033654190655,47.91033654190655,47.91033654190655,47.91033654190655,47.91033654190655,47.91033654190655
5025,245.7255778072243,0,0,0,0,0,0,0,0,0,0,0,0,0,0,0,0,0,0,0,0,0,0,0,0,0,0,0,0,0,0,0,0,0,0,0,0,0,0,0,0,0,0,0,0,0,0,0,0,0,0,0,0,0,0,0,0,0,0,0,0,0,0,0,0,0,0,0,0,0,0,0,0,0,0,0,0,0,0,0,0,0,0,0,0,0,0,0,0,0,0,0,0,0,0,0,0,0,0,0,0,0,0,0,0,0,0,0,0,0,0,0,0,0,0,0,0,0,0,0,0,0,0,0,0,0,0,0,0,0,0,0,0,0,0,0,0,0,0,0,0,0,0,0,0,0,0,0,0,0,0,0,0
5026,726.8523830886944,410.88148646872094,565.288765681302,0,0,0,0,0,0,0,0,0,0,0,0,0,0,0,0,0,0,0,0,0,0,0,0,0,0,13.802458204997597,24.279734239643954,24.279734239643954,24.279734239643954,24.279734239643954,24.279734239643954,24.279734239643954,24.279734239643954,24.279734239643954,24.279734239643954,24.279734239643954,24.279734239643954,24.279734239643954,24.279734239643954,24.279734239643954,24.279734239643954,24.279734239643954,24.279734239643954,24.279734239643954,24.279734239643954,24.279734239643954,24.279734239643954,24.279734239643954,24.279734239643954,24.279734239643954,24.279734239643954,24.279734239643954,24.279734239643954,24.279734239643954,24.279734239643954,24.279734239643954,24.279734239643954,24.279734239643954,24.279734239643954,24.279734239643954,24.279734239643954,24.279734239643954,24.279734239643954,24.279734239643954,24.279734239643954,24.279734239643954,24.279734239643954,24.279734239643954,24.279734239643954,24.279734239643954,24.279734239643954,24.279734239643954,24.279734239643954,24.279734239643954,0,0,0,0,0,0,0,0,0,0,0,0,0,0,0,0,0,0,0,0,0,0,0,0,0,0,18.98935537136892,33.40394116404955,33.40394116404955,33.40394116404955,33.40394116404955,33.40394116404955,33.40394116404955,33.40394116404955,33.40394116404955,33.40394116404955,33.40394116404955,33.40394116404955,33.40394116404955,33.40394116404955,33.40394116404955,33.40394116404955,33.40394116404955,33.40394116404955,33.40394116404955,33.40394116404955,33.40394116404955,33.40394116404955,33.40394116404955,33.40394116404955,33.40394116404955,33.40394116404955,33.40394116404955,33.40394116404955,33.40394116404955,33.40394116404955,33.40394116404955,33.40394116404955,33.40394116404955,33.40394116404955,33.40394116404955,33.40394116404955,33.40394116404955,33.40394116404955,33.40394116404955,33.40394116404955,33.40394116404955,33.40394116404955,33.40394116404955,33.40394116404955,33.40394116404955,33.40394116404955,33.40394116404955,33.40394116404955,33.40394116404955
5027,394.5542751163219,0,0,0,0,0,0,0,0,0,0,0,0,0,0,0,0,0,0,0,0,0,0,0,0,0,0,0,0,0,0,0,0,0,0,0,0,0,0,0,0,0,0,0,0,0,0,0,0,0,0,0,0,0,0,0,0,0,0,0,0,0,0,0,0,0,0,0,0,0,0,0,0,0,0,0,0,0,0,0,0,0,0,0,0,0,0,0,0,0,0,0,0,0,0,0,0,0,0,0,0,0,0,0,0,0,0,0,0,0,0,0,0,0,0,0,0,0,0,0,0,0,0,0,0,0,0,0,0,0,0,0,0,0,0,0,0,0,0,0,0,0,0,0,0,0,0,0,0,0,0,0,0
5028,185.85342909292612,0,0,0,0,0,0,0,0,0,0,0,0,0,0,0,0,0,0,0,0,0,0,0,0,0,0,0,0,0,0,0,0,0,0,0,0,0,0,0,0,0,0,0,0,0,0,0,0,0,0,0,0,0,0,0,0,0,0,0,0,0,0,0,0,0,0,0,0,0,0,0,0,0,0,0,0,0,0,0,0,0,0,0,0,0,0,0,0,0,0,0,0,0,0,0,0,0,0,0,0,0,0,0,0,0,0,0,0,0,0,0,0,0,0,0,0,0,0,0,0,0,0,0,0,0,0,0,0,0,0,0,0,0,0,0,0,0,0,0,0,0,0,0,0,0,0,0,0,0,0,0,0
5029,117.20744609319955,0,0,0,0,0,0,0,0,0,0,0,0,0,0,0,0,0,0,0,0,0,0,0,0,0,0,0,0,0,0,0,0,0,0,0,0,0,0,0,0,0,0,0,0,0,0,0,0,0,0,0,0,0,0,0,0,0,0,0,0,0,0,0,0,0,0,0,0,0,0,0,0,0,0,0,0,0,0,0,0,0,0,0,0,0,0,0,0,0,0,0,0,0,0,0,0,0,0,0,0,0,0,0,0,0,0,0,0,0,0,0,0,0,0,0,0,0,0,0,0,0,0,0,0,0,0,0,0,0,0,0,0,0,0,0,0,0,0,0,0,0,0,0,0,0,0,0,0,0,0,0,0
5030,296.37196553192564,0,0,0,0,0,0,0,0,0,0,0,0,0,0,0,0,0,0,0,0,0,0,0,0,0,0,0,0,0,0,0,0,0,0,0,0,0,0,0,0,0,0,0,0,0,0,0,0,0,0,0,0,0,0,0,0,0,0,0,0,0,0,0,0,0,0,0,0,0,0,0,0,0,0,0,0,0,0,0,0,0,0,0,0,0,0,0,0,0,0,0,0,0,0,0,0,0,0,0,0,0,0,0,0,0,0,0,0,0,0,0,0,0,0,0,0,0,0,0,0,0,0,0,0,0,0,0,0,0,0,0,0,0,0,0,0,0,0,0,0,0,0,0,0,0,0,0,0,0,0,0,0
5031,864.9201905974278,0,0,0,0,0,0,0,0,0,0,0,0,0,0,0,0,0,0,0,0,0,0,0,0,0,0,0,0,0,0,0,0,0,0,0,0,0,0,0,0,0,0,0,0,0,0,0,0,0,0,0,0,0,0,0,0,0,0,0,0,0,0,0,0,0,0,0,0,0,0,0,0,0,0,0,0,0,0,0,0,0,0,0,0,0,0,0,0,0,0,0,0,0,0,0,0,0,0,0,0,0,0,0,0,0,0,0,0,0,0,0,0,0,0,0,0,0,0,0,0,0,0,0,0,0,0,0,0,0,0,0,0,0,0,0,0,0,0,0,0,0,0,0,0,0,0,0,0,0,0,0,0
5032,108.27125144801174,0,0,0,0,0,0,0,0,0,0,0,0,0,0,0,0,0,0,0,0,0,0,0,0,0,0,0,0,0,0,0,0,0,0,0,0,0,0,0,0,0,0,0,0,0,0,0,0,0,0,0,0,0,0,0,0,0,0,0,0,0,0,0,0,0,0,0,0,0,0,0,0,0,0,0,0,0,0,0,0,0,0,0,0,0,0,0,0,0,0,0,0,0,0,0,0,0,0,0,0,0,0,0,0,0,0,0,0,0,0,0,0,0,0,0,0,0,0,0,0,0,0,0,0,0,0,0,0,0,0,0,0,0,0,0,0,0,0,0,0,0,0,0,0,0,0,0,0,0,0,0,0
5033,124.15008873611879,0,0,0,0,0,0,0,0,0,0,11.795296111458368,11.795296111458368,11.795296111458368,11.795296111458368,11.795296111458368,11.795296111458368,11.795296111458368,11.795296111458368,11.795296111458368,11.795296111458368,11.795296111458368,11.795296111458368,11.795296111458368,11.795296111458368,11.795296111458368,11.795296111458368,11.795296111458368,11.795296111458368,11.795296111458368,11.795296111458368,11.795296111458368,11.795296111458368,11.795296111458368,11.795296111458368,11.795296111458368,11.795296111458368,11.795296111458368,11.795296111458368,11.795296111458368,11.795296111458368,11.795296111458368,11.795296111458368,11.795296111458368,11.795296111458368,11.795296111458368,11.795296111458368,11.795296111458368,11.795296111458368,11.795296111458368,11.795296111458368,11.795296111458368,11.795296111458368,11.795296111458368,11.795296111458368,11.795296111458368,11.795296111458368,11.795296111458368,11.795296111458368,11.795296111458368,11.795296111458368,11.795296111458368,11.795296111458368,11.795296111458368,11.795296111458368,11.795296111458368,11.795296111458368,11.795296111458368,11.795296111458368,11.795296111458368,11.795296111458368,11.795296111458368,11.795296111458368,11.795296111458368,11.795296111458368,11.795296111458368,11.795296111458368,11.795296111458368,0,0,0,0,0,0,0,0,95.00835828260493,95.00835828260493,95.00835828260493,95.00835828260493,95.00835828260493,95.00835828260493,95.00835828260493,95.00835828260493,95.00835828260493,95.00835828260493,95.00835828260493,95.00835828260493,95.00835828260493,95.00835828260493,95.00835828260493,95.00835828260493,95.00835828260493,95.00835828260493,95.00835828260493,95.00835828260493,95.00835828260493,95.00835828260493,95.00835828260493,95.00835828260493,95.00835828260493,95.00835828260493,95.00835828260493,95.00835828260493,95.00835828260493,95.00835828260493,95.00835828260493,95.00835828260493,95.00835828260493,95.00835828260493,95.00835828260493,95.00835828260493,95.00835828260493,95.00835828260493,95.00835828260493,95.00835828260493,95.00835828260493,95.00835828260493,95.00835828260493,95.00835828260493,95.00835828260493,95.00835828260493,95.00835828260493,95.00835828260493,95.00835828260493,95.00835828260493,95.00835828260493,95.00835828260493,95.00835828260493,95.00835828260493,95.00835828260493,95.00835828260493,95.00835828260493,95.00835828260493,95.00835828260493,95.00835828260493,95.00835828260493,95.00835828260493,95.00835828260493,95.00835828260493,95.00835828260493,95.00835828260493,95.00835828260493
5034,125.70863519022106,0,0,0,0,0,0,0,0,0,0,0,0,0,0,0,0,0,0,0,0,0,0,0,0,0,0,0,0,0,0,0,0,0,0,0,0,0,0,0,0,0,0,0,0,0,0,0,0,0,0,0,0,0,0,0,0,0,0,0,0,0,0,0,0,0,0,0,0,0,0,0,0,0,0,0,0,0,0,0,0,0,0,0,0,0,0,0,0,0,0,0,0,0,0,0,0,0,0,0,0,0,0,0,0,0,0,0,0,0,0,0,0,0,0,0,0,0,0,0,0,0,0,0,0,0,0,0,0,0,0,0,0,0,0,0,0,0,0,0,0,0,0,0,0,0,0,0,0,0,0,0,0
5035,265.03235446703803,0,0,0,0,0,0,0,0,0,0,0,0,0,0,0,0,0,0,0,0,0,0,0,0,0,0,0,0,0,0,0,0,0,0,0,0,0,0,0,0,0,0,0,0,0,0,0,0,0,0,0,0,0,0,0,0,0,0,0,0,0,0,0,0,0,0,0,0,0,0,0,0,0,0,0,0,0,0,0,0,0,0,0,0,0,0,0,0,0,0,0,0,0,0,0,0,0,0,0,0,0,0,0,0,0,0,0,0,0,0,0,0,0,0,0,0,0,0,0,0,0,0,0,0,0,0,0,0,0,0,0,0,0,0,0,0,0,0,0,0,0,0,0,0,0,0,0,0,0,0,0,0
5036,136.40344640691805,6.157955424101132,45.14516008437757,0,0,0,0,0,0,0,0,0,0,0,0,0,0,0,0,0,0,0,0,0,0,0,0,0,0,0,0,0,0,0,0,0,0,0,0,0,0,0,0,0,0,0,0,0,0,0,0,0,0,0,0,0,0,0,0,0,0,0,0,0,0,0,0,0,0,0,0,0,0,0,0,0,0,0,0,0,0,0,0,0,0,0,0,0,0,0,0,0,0,0,0,0,0,0,0,0,0,0,0,0,0,0,0,0,0,0,0,0,0,0,0,0,0,0,0,0,0,0,0,0,0,0,0,0,0,0,0,0,0,0,0,0,0,0,0,0,0,0,0,0,0,0,0,0,0,0,0,0,0
5037,140.23023228744685,0,0,0,0,0,0,0,0,0,0,0,0,0,0,0,0,0,0,0,0,0,0,0,0,0,0,0,0,7.142850765468018,7.142850765468018,7.142850765468018,7.142850765468018,7.142850765468018,7.142850765468018,7.142850765468018,7.142850765468018,7.142850765468018,7.142850765468018,7.142850765468018,7.142850765468018,7.142850765468018,7.142850765468018,7.142850765468018,7.142850765468018,7.142850765468018,7.142850765468018,7.142850765468018,7.142850765468018,7.142850765468018,7.142850765468018,7.142850765468018,7.142850765468018,7.142850765468018,7.142850765468018,7.142850765468018,7.142850765468018,7.142850765468018,7.142850765468018,7.142850765468018,7.142850765468018,7.142850765468018,7.142850765468018,7.142850765468018,7.142850765468018,7.142850765468018,7.142850765468018,7.142850765468018,7.142850765468018,7.142850765468018,7.142850765468018,7.142850765468018,7.142850765468018,7.142850765468018,7.142850765468018,7.142850765468018,7.142850765468018,7.142850765468018,0,0,0,0,0,0,0,0,0,0,0,0,0,0,0,0,0,0,0,0,0,0,0,0,0,0,50.93659654521896,50.93659654521896,50.93659654521896,50.93659654521896,50.93659654521896,50.93659654521896,50.93659654521896,50.93659654521896,50.93659654521896,50.93659654521896,50.93659654521896,50.93659654521896,50.93659654521896,50.93659654521896,50.93659654521896,50.93659654521896,50.93659654521896,50.93659654521896,50.93659654521896,50.93659654521896,50.93659654521896,50.93659654521896,50.93659654521896,50.93659654521896,50.93659654521896,50.93659654521896,50.93659654521896,50.93659654521896,50.93659654521896,50.93659654521896,50.93659654521896,50.93659654521896,50.93659654521896,50.93659654521896,50.93659654521896,50.93659654521896,50.93659654521896,50.93659654521896,50.93659654521896,50.93659654521896,50.93659654521896,50.93659654521896,50.93659654521896,50.93659654521896,50.93659654521896,50.93659654521896,50.93659654521896,50.93659654521896,50.93659654521896
5038,268.6567657321143,0,0,0,0,0,0,0,0,0,0,0,0,0,0,0,0,0,0,0,0,0,0,0,0,0,0,0,0,0,0,0,0,0,0,0,0,0,0,0,0,0,0,0,0,0,0,0,0,0,0,0,0,0,0,0,0,0,0,0,0,0,0,0,0,0,0,0,0,0,0,0,0,0,0,0,0,0,0,0,0,0,0,0,0,0,0,0,0,0,0,0,0,0,0,0,0,0,0,0,0,0,0,0,0,0,0,0,0,0,0,0,0,0,0,0,0,0,0,0,0,0,0,0,0,0,0,0,0,0,0,0,0,0,0,0,0,0,0,0,0,0,0,0,0,0,0,0,0,0,0,0,0
5039,579.379012134145,0,0,0,0,0,0,0,0,0,0,0,0,0,0,0,0,0,0,0,0,0,0,0,0,0,0,0,0,0,0,0,0,0,0,0,0,0,0,0,0,0,0,0,0,0,0,0,0,0,0,0,0,0,0,0,0,0,0,0,0,0,0,0,0,0,0,0,0,0,0,0,0,0,0,0,0,0,0,0,0,0,0,0,0,0,0,0,0,0,0,0,0,0,0,0,0,0,0,0,0,0,0,0,0,0,0,0,0,0,0,0,0,0,0,0,0,0,0,0,0,0,0,0,0,0,0,0,0,0,0,0,0,0,0,0,0,0,0,0,0,0,0,0,0,0,0,0,0,0,0,0,0
5040,181.4420293398785,0,0,0,0,0,0,0,0,0,0,0,0,0,0,0,0,0,0,0,0,0,0,0,0,0,0,0,0,0,0,0,0,0,0,0,0,0,0,0,0,0,0,0,0,0,0,0,0,0,0,0,0,0,0,0,0,0,0,0,0,0,0,0,0,0,0,0,0,0,0,0,0,0,0,0,0,0,0,0,0,0,0,0,0,0,0,0,0,0,0,0,0,0,0,0,0,0,0,0,0,0,0,0,0,0,0,0,0,0,0,0,0,0,0,0,0,0,0,0,0,0,0,0,0,0,0,0,0,0,0,0,0,0,0,0,0,0,0,0,0,0,0,0,0,0,0,0,0,0,0,0,0
5041,63.27079508680863,0,0,0,0,0,0,0,0,0,0,0,0,0,0,0,0,0,0,0,0,0,0,0,0,0,0,0,0,0,0,0,0,0,0,0,0,0,0,0,0,0,0,0,0,0,0,0,0,0,0,0,0,0,0,0,0,0,0,0,0,8.031119228418182,8.031119228418182,8.031119228418182,8.031119228418182,8.031119228418182,8.031119228418182,8.031119228418182,8.031119228418182,8.031119228418182,8.031119228418182,8.031119228418182,8.031119228418182,8.031119228418182,8.031119228418182,8.031119228418182,8.031119228418182,8.031119228418182,0,0,0,0,0,0,0,0,0,0,0,0,0,0,0,0,0,0,0,0,0,0,0,0,0,0,0,0,0,0,0,0,0,0,0,0,0,0,0,0,0,0,0,0,0,0,0,0,0,0,0,0,0,0,0,0,0,0,126.9324846858546,126.9324846858546,126.9324846858546,126.9324846858546,126.9324846858546,126.9324846858546,126.9324846858546,126.9324846858546,126.9324846858546,126.9324846858546,126.9324846858546,126.9324846858546,126.9324846858546,126.9324846858546,126.9324846858546,126.9324846858546,126.9324846858546
5042,342.4877021735583,65.79418218161115,192.10669978529458,0,0,0,0,0,0,0,0,0,0,0,0,0,0,0,0,0,0,0,0,0,0,0,0,0,0,0,0,0,0,0,0,0,0,0,0,0,0,0,0,0,0,0,0,0,0,0,0,0,0,0,0,0,0,0,0,0,0,0,0,0,0,0,0,0,0,0,0,0,0,0,0,0,0,0,0,0,0,0,0,0,0,0,0,0,0,0,0,0,0,0,0,0,0,0,0,0,0,0,0,0,0,0,0,0,0,0,0,0,0,0,0,0,0,0,0,0,0,0,0,0,0,0,0,0,0,0,0,0,0,0,0,0,0,0,0,0,0,0,0,0,0,0,0,0,0,0,0,0,0
5043,193.1112279387394,19.40852824483323,100.50440076425899,0,0,0,0,0,0,0,0,0,13.742381516063277,13.742381516063277,13.742381516063277,13.742381516063277,13.742381516063277,13.742381516063277,13.742381516063277,13.742381516063277,13.742381516063277,13.742381516063277,13.742381516063277,13.742381516063277,13.742381516063277,13.742381516063277,13.742381516063277,13.742381516063277,13.742381516063277,13.742381516063277,13.742381516063277,13.742381516063277,13.742381516063277,13.742381516063277,13.742381516063277,13.742381516063277,13.742381516063277,13.742381516063277,13.742381516063277,13.742381516063277,13.742381516063277,13.742381516063277,13.742381516063277,13.742381516063277,13.742381516063277,13.742381516063277,13.742381516063277,13.742381516063277,13.742381516063277,13.742381516063277,13.742381516063277,13.742381516063277,13.742381516063277,13.742381516063277,13.742381516063277,13.742381516063277,13.742381516063277,13.742381516063277,13.742381516063277,13.742381516063277,13.742381516063277,13.742381516063277,13.742381516063277,13.742381516063277,13.742381516063277,13.742381516063277,13.742381516063277,13.742381516063277,13.742381516063277,13.742381516063277,13.742381516063277,13.742381516063277,13.742381516063277,13.742381516063277,13.742381516063277,13.742381516063277,13.742381516063277,13.742381516063277,0,0,0,0,0,0,0,0,0,71.16303729590891,71.16303729590891,71.16303729590891,71.16303729590891,71.16303729590891,71.16303729590891,71.16303729590891,71.16303729590891,71.16303729590891,71.16303729590891,71.16303729590891,71.16303729590891,71.16303729590891,71.16303729590891,71.16303729590891,71.16303729590891,71.16303729590891,71.16303729590891,71.16303729590891,71.16303729590891,71.16303729590891,71.16303729590891,71.16303729590891,71.16303729590891,71.16303729590891,71.16303729590891,71.16303729590891,71.16303729590891,71.16303729590891,71.16303729590891,71.16303729590891,71.16303729590891,71.16303729590891,71.16303729590891,71.16303729590891,71.16303729590891,71.16303729590891,71.16303729590891,71.16303729590891,71.16303729590891,71.16303729590891,71.16303729590891,71.16303729590891,71.16303729590891,71.16303729590891,71.16303729590891,71.16303729590891,71.16303729590891,71.16303729590891,71.16303729590891,71.16303729590891,71.16303729590891,71.16303729590891,71.16303729590891,71.16303729590891,71.16303729590891,71.16303729590891,71.16303729590891,71.16303729590891,71.16303729590891,71.16303729590891,71.16303729590891,71.16303729590891,71.16303729590891,71.16303729590891,71.16303729590891
5044,1128.8191451185992,125.74119609913747,111.3917996898666,0,0,0,0,0,0,0,0,0,0,0,0,0,0,0,0,0,0,0,0,0,0,0,0,0,0,0,0,0,0,0,0,0,0,0,0,0,0,0,0,0,0,0,0,0,20.707420313779636,20.707420313779636,33.60196173790795,33.60196173790795,33.60196173790795,33.60196173790795,33.60196173790795,33.60196173790795,33.60196173790795,33.60196173790795,33.60196173790795,33.60196173790795,33.60196173790795,33.60196173790795,33.60196173790795,33.60196173790795,33.60196173790795,33.60196173790795,33.60196173790795,33.60196173790795,33.60196173790795,33.60196173790795,33.60196173790795,33.60196173790795,33.60196173790795,33.60196173790795,33.60196173790795,33.60196173790795,33.60196173790795,33.60196173790795,0,0,0,0,0,0,0,0,0,0,0,0,0,0,0,0,0,0,0,0,0,0,0,0,0,0,0,0,0,0,0,0,0,0,0,0,0,0,0,0,0,0,0,0,0,18.344320614445298,18.344320614445298,29.767356341548904,29.767356341548904,29.767356341548904,29.767356341548904,29.767356341548904,29.767356341548904,29.767356341548904,29.767356341548904,29.767356341548904,29.767356341548904,29.767356341548904,29.767356341548904,29.767356341548904,29.767356341548904,29.767356341548904,29.767356341548904,29.767356341548904,29.767356341548904,29.767356341548904,29.767356341548904,29.767356341548904,29.767356341548904,29.767356341548904,29.767356341548904,29.767356341548904,29.767356341548904,29.767356341548904,29.767356341548904
5045,295.8829522344042,0,0,0,0,0,0,0,0,0,0,0,0,0,0,0,0,0,0,0,0,0,0,0,0,0,0,0,0,0,0,0,0,0,0,0,0,3.334634896553826,3.334634896553826,3.334634896553826,3.334634896553826,3.334634896553826,3.334634896553826,3.334634896553826,3.334634896553826,3.334634896553826,3.334634896553826,3.334634896553826,3.334634896553826,3.334634896553826,3.334634896553826,3.334634896553826,3.334634896553826,3.334634896553826,3.334634896553826,3.334634896553826,3.334634896553826,3.334634896553826,3.334634896553826,3.334634896553826,3.334634896553826,3.334634896553826,3.334634896553826,3.334634896553826,3.334634896553826,3.334634896553826,3.334634896553826,3.334634896553826,3.334634896553826,3.334634896553826,3.334634896553826,3.334634896553826,3.334634896553826,3.334634896553826,3.334634896553826,3.334634896553826,3.334634896553826,3.334634896553826,0,0,0,0,0,0,0,0,0,0,0,0,0,0,0,0,0,0,0,0,0,0,0,0,0,0,0,0,0,0,0,0,0,0,11.27011499436461,11.27011499436461,11.27011499436461,11.27011499436461,11.27011499436461,11.27011499436461,11.27011499436461,11.27011499436461,11.27011499436461,11.27011499436461,11.27011499436461,11.27011499436461,11.27011499436461,11.27011499436461,11.27011499436461,11.27011499436461,11.27011499436461,11.27011499436461,11.27011499436461,11.27011499436461,11.27011499436461,11.27011499436461,11.27011499436461,11.27011499436461,11.27011499436461,11.27011499436461,11.27011499436461,11.27011499436461,11.27011499436461,11.27011499436461,11.27011499436461,11.27011499436461,11.27011499436461,11.27011499436461,11.27011499436461,11.27011499436461,11.27011499436461,11.27011499436461,11.27011499436461,11.27011499436461,11.27011499436461
5046,259.51572551515795,171.1363508437885,659.445012451828,0,0,0,0,0,0,0,0,0,0,0,0,0,0,0,0,0,0,0,0,0,0,0,0,0,0,0,0,0,0,0,0,0,0,0,0,0,0,0,0,0,0,0,0,0,0,0,0,0,0,0,0,0,0,0,0,0,0,0,0,0,0,0,0,0,0,0,0,0,0,0,0,0,0,0,0,0,0,0,0,0,0,0,0,0,0,0,0,0,0,0,0,0,0,0,0,0,0,0,0,0,0,0,0,0,0,0,0,0,0,0,0,0,0,0,0,0,0,0,0,0,0,0,0,0,0,0,0,0,0,0,0,0,0,0,0,0,0,0,0,0,0,0,0,0,0,0,0,0,0
5047,312.9993738424103,0,0,0,0,0,0,0,0,0,0,0,0,0,0,0,0,0,0,0,0,0,0,0,0,0,0,0,0,0,0,0,0,0,0,0,0,0,0,0,0,0,0,0,0,0,0,0,0,0,0,0,0,0,0,0,0,0,0,0,0,0,0,0,0,0,0,0,0,0,0,0,0,0,0,0,0,0,0,0,0,0,0,0,0,0,0,0,0,0,0,0,0,0,0,0,0,0,0,0,0,0,0,0,0,0,0,0,0,0,0,0,0,0,0,0,0,0,0,0,0,0,0,0,0,0,0,0,0,0,0,0,0,0,0,0,0,0,0,0,0,0,0,0,0,0,0,0,0,0,0,0,0
5048,578.2538534554926,92.87076401861538,160.6055255207452,0,0,0,0,0,0,0,0,0,0,0,0,0,0,0,0,0,0,0,0,0,0,0,0,0,0,0,0,0,0,0,0,0,0,0,0,0,0,0,0,0,0,0,0,0,0,0,0,0,0,0,0,0,0,0,0,0,0,0,9.773117363613402,9.773117363613402,9.773117363613402,9.773117363613402,9.773117363613402,10.886177384261343,10.886177384261343,10.886177384261343,10.886177384261343,10.886177384261343,10.886177384261343,10.886177384261343,10.886177384261343,10.886177384261343,10.886177384261343,10.886177384261343,0,0,0,0,0,0,0,0,0,0,0,0,0,0,0,0,0,0,0,0,0,0,0,0,0,0,0,0,0,0,0,0,0,0,0,0,0,0,0,0,0,0,0,0,0,0,0,0,0,0,0,0,0,0,0,0,0,0,0,16.901084714285652,16.901084714285652,16.901084714285652,16.901084714285652,16.901084714285652,18.82594870610618,18.82594870610618,18.82594870610618,18.82594870610618,18.82594870610618,18.82594870610618,18.82594870610618,18.82594870610618,18.82594870610618,18.82594870610618,18.82594870610618
5049,127.96968710222822,0,0,0,0,0,0,0,0,0,0,0,0,0,0,0,0,0,0,0,0,0,0,0,0,0,0,0,0,0,0,0,0,0,0,0,0,0,0,0,0,0,0,0,0,0,0,0,0,0,0,0,0,0,0,0,0,0,0,0,0,0,0,0,0,0,0,0,0,0,0,0,0,0,0,0,0,0,0,0,0,0,0,0,0,0,0,0,0,0,0,0,0,0,0,0,0,0,0,0,0,0,0,0,0,0,0,0,0,0,0,0,0,0,0,0,0,0,0,0,0,0,0,0,0,0,0,0,0,0,0,0,0,0,0,0,0,0,0,0,0,0,0,0,0,0,0,0,0,0,0,0,0
5050,132.90239862059556,0,0,0,0,0,0,0,0,0,0,0,0,0,0,0,0,0,0,0,0,0,0,0,0,0,0,0,0,0,0,0,0,0,0,0,0,0,0,0,0,0,0,0,0,0,0,0,0,0,0,0,0,0,0,0,0,0,0,0,0,0,0,0,0,0,0,0,0,0,0,0,0,0,0,0,0,0,0,0,0,0,0,0,0,0,0,0,0,0,0,0,0,0,0,0,0,0,0,0,0,0,0,0,0,0,0,0,0,0,0,0,0,0,0,0,0,0,0,0,0,0,0,0,0,0,0,0,0,0,0,0,0,0,0,0,0,0,0,0,0,0,0,0,0,0,0,0,0,0,0,0,0
5051,54.69223078105032,0,0,0,0,0,0,0,0,0,0,0,0,0,0,0,0,0,0,0,0,0,0,0,0,0,0,0,0,0,0,0,0,0,0,0,0,0,0,0,0,0,0,0,0,0,0,0,0,0,0,0,0,0,0,0,0,0,0,0,0,0,0,0,0,0,0,0,0,0,0,0,0,0,0,0,0,0,0,0,0,0,0,0,0,0,0,0,0,0,0,0,0,0,0,0,0,0,0,0,0,0,0,0,0,0,0,0,0,0,0,0,0,0,0,0,0,0,0,0,0,0,0,0,0,0,0,0,0,0,0,0,0,0,0,0,0,0,0,0,0,0,0,0,0,0,0,0,0,0,0,0,0
5052,436.3052698328039,159.36322060833072,365.2562360051258,0,0,0,0,0,0,0,0,0,0,0,0,0,0,0,0,0,0,0,0,0,0,0,0,0,0,0,0,0,0,0,0,0,0,0,0,0,0,0,0,0,0,0,0,0,0,0,0,0,0,0,0,0,0,0,0,0,0,0,0,0,0,0,0,0,0,0,0,0,0,0,0,0,0,0,0,0,0,0,0,0,0,0,0,0,0,0,0,0,0,0,0,0,0,0,0,0,0,0,0,0,0,0,0,0,0,0,0,0,0,0,0,0,0,0,0,0,0,0,0,0,0,0,0,0,0,0,0,0,0,0,0,0,0,0,0,0,0,0,0,0,0,0,0,0,0,0,0,0,0
5053,304.71565109173235,53.94913413263248,177.04746684111575,0,0,0,0,0,0,0,0,0,0,0,0,0,0,0,0,0,0,0,0,0,0,0,0,0,0,0,0,0,0,0,0,0,0,0,0,0,0,0,0,0,0,0,0,0,0,0,0,0,0,0,0,0.018108435763823053,0.018108435763823053,0.018108435763823053,0.018108435763823053,0.018108435763823053,0.018108435763823053,0.018108435763823053,0.018108435763823053,0.018108435763823053,0.018108435763823053,0.018108435763823053,0.018108435763823053,0.018108435763823053,0.018108435763823053,0.018108435763823053,0.018108435763823053,0.018108435763823053,0.018108435763823053,0.018108435763823053,0.018108435763823053,0.018108435763823053,0.018108435763823053,0.018108435763823053,0,0,0,0,0,0,0,0,0,0,0,0,0,0,0,0,0,0,0,0,0,0,0,0,0,0,0,0,0,0,0,0,0,0,0,0,0,0,0,0,0,0,0,0,0,0,0,0,0,0,0,0,0.059427324126425145,0.059427324126425145,0.059427324126425145,0.059427324126425145,0.059427324126425145,0.059427324126425145,0.059427324126425145,0.059427324126425145,0.059427324126425145,0.059427324126425145,0.059427324126425145,0.059427324126425145,0.059427324126425145,0.059427324126425145,0.059427324126425145,0.059427324126425145,0.059427324126425145,0.059427324126425145,0.059427324126425145,0.059427324126425145,0.059427324126425145,0.059427324126425145,0.059427324126425145
5054,187.93858050879095,0,0,0,0,0,0,0,0,0,0,0,0,0,0,0,0,0,0,0,0,0,0,0,0,0,0,0,0,0,0,0,0,0,0,0,0,0,0,0,0,0,0,0,0,0,0,0,0,0,0,0,0,0,0,0,0,0,0,0,0,0,0,0,0,0,0,0,0,0,0,0,0,0,0,0,0,0,0,0,0,0,0,0,0,0,0,0,0,0,0,0,0,0,0,0,0,0,0,0,0,0,0,0,0,0,0,0,0,0,0,0,0,0,0,0,0,0,0,0,0,0,0,0,0,0,0,0,0,0,0,0,0,0,0,0,0,0,0,0,0,0,0,0,0,0,0,0,0,0,0,0,0
5055,189.1676417539073,0,0,0,0,0,0,0,0,0,0,0,0,0,0,0,0,0,0,0,0,0,0,0,0,0,0,0,0,0,0,0,0,0,0,0,0,0,0,0,0,0,0,0,0,0,0,0,0,0,0,0,0,0,0,0,0,0,0,0,0,0,0,0,0,0,0,0,0,0,0,0,0,0,0,0,0,0,0,0,0,0,0,0,0,0,0,0,0,0,0,0,0,0,0,0,0,0,0,0,0,0,0,0,0,0,0,0,0,0,0,0,0,0,0,0,0,0,0,0,0,0,0,0,0,0,0,0,0,0,0,0,0,0,0,0,0,0,0,0,0,0,0,0,0,0,0,0,0,0,0,0,0
5056,254.46762011246776,0,0,0,0,0,0,0,0,0,0,0,0,0,0,0,0,0,0,0,0,0,0,0,0,0,0,0,0,0,0,0,0,0,0,8.478228174474458,8.478228174474458,8.478228174474458,8.478228174474458,8.478228174474458,8.478228174474458,8.478228174474458,8.478228174474458,8.478228174474458,8.478228174474458,8.478228174474458,8.478228174474458,8.478228174474458,8.478228174474458,8.478228174474458,8.478228174474458,8.478228174474458,8.478228174474458,8.478228174474458,8.478228174474458,8.478228174474458,8.478228174474458,8.478228174474458,8.478228174474458,8.478228174474458,8.478228174474458,8.478228174474458,8.478228174474458,8.478228174474458,8.478228174474458,8.478228174474458,8.478228174474458,8.478228174474458,8.478228174474458,8.478228174474458,8.478228174474458,8.478228174474458,8.478228174474458,8.478228174474458,8.478228174474458,8.478228174474458,8.478228174474458,8.478228174474458,0,0,0,0,0,0,0,0,0,0,0,0,0,0,0,0,0,0,0,0,0,0,0,0,0,0,0,0,0,0,0,0,33.317512737877266,33.317512737877266,33.317512737877266,33.317512737877266,33.317512737877266,33.317512737877266,33.317512737877266,33.317512737877266,33.317512737877266,33.317512737877266,33.317512737877266,33.317512737877266,33.317512737877266,33.317512737877266,33.317512737877266,33.317512737877266,33.317512737877266,33.317512737877266,33.317512737877266,33.317512737877266,33.317512737877266,33.317512737877266,33.317512737877266,33.317512737877266,33.317512737877266,33.317512737877266,33.317512737877266,33.317512737877266,33.317512737877266,33.317512737877266,33.317512737877266,33.317512737877266,33.317512737877266,33.317512737877266,33.317512737877266,33.317512737877266,33.317512737877266,33.317512737877266,33.317512737877266,33.317512737877266,33.317512737877266,33.317512737877266,33.317512737877266
5057,331.08353165944584,0,0,0,0,0,0,0,0,0,0,0,0,0,0,0,0,0,0,0,0,0,0,0,0,0,0,0,0,0,0,0,0,0,0,0,0,0,0,0,0,0,0,0,0,0,0,0,0,0,0,0,0,0,0,0,0,0,0,0,0,0,0,0,0,0,0,0,0,0,0,0,0,0,0,0,0,0,0,0,0,0,0,0,0,0,0,0,0,0,0,0,0,0,0,0,0,0,0,0,0,0,0,0,0,0,0,0,0,0,0,0,0,0,0,0,0,0,0,0,0,0,0,0,0,0,0,0,0,0,0,0,0,0,0,0,0,0,0,0,0,0,0,0,0,0,0,0,0,0,0,0,0
5058,368.9560369520242,0,0,0,0,0,0,0,0,0,0,0,0,0,0,0,0,0,0,0,0,0,0,0,0,0,0,0,0,0,0,0,0,0,0,0,0,0,0,0,0,0,0,0,0,0,0,0,0,0,0,0,0,0,0,0,0,0,0,0,0,0,0,0,0,0,0,0,0,0,0,0,0,0,0,0,0,0,0,0,0,0,0,0,0,0,0,0,0,0,0,0,0,0,0,0,0,0,0,0,0,0,0,0,0,0,0,0,0,0,0,0,0,0,0,0,0,0,0,0,0,0,0,0,0,0,0,0,0,0,0,0,0,0,0,0,0,0,0,0,0,0,0,0,0,0,0,0,0,0,0,0,0
5059,717.1810361895584,140.85933995677823,196.406950057095,0,0,0,0,0,0,0,0,0,0,0,0,0,0,0,0,0,0,0,0,0,0,0,0,0,0,0,0,0,8.391585221447631,8.391585221447631,8.391585221447631,24.884897837686186,24.884897837686186,24.884897837686186,24.884897837686186,24.884897837686186,24.884897837686186,24.884897837686186,24.884897837686186,24.884897837686186,24.884897837686186,24.884897837686186,24.884897837686186,24.884897837686186,24.884897837686186,24.884897837686186,24.884897837686186,24.884897837686186,24.884897837686186,24.884897837686186,24.884897837686186,24.884897837686186,24.884897837686186,24.884897837686186,24.884897837686186,24.884897837686186,24.884897837686186,24.884897837686186,24.884897837686186,24.884897837686186,24.884897837686186,24.884897837686186,24.884897837686186,24.884897837686186,24.884897837686186,24.884897837686186,24.884897837686186,24.884897837686186,24.884897837686186,24.884897837686186,24.884897837686186,24.884897837686186,24.884897837686186,24.884897837686186,0,0,0,0,0,0,0,0,0,0,0,0,0,0,0,0,0,0,0,0,0,0,0,0,0,0,0,0,0,11.700790732048368,11.700790732048368,11.700790732048368,34.69820949240611,34.69820949240611,34.69820949240611,34.69820949240611,34.69820949240611,34.69820949240611,34.69820949240611,34.69820949240611,34.69820949240611,34.69820949240611,34.69820949240611,34.69820949240611,34.69820949240611,34.69820949240611,34.69820949240611,34.69820949240611,34.69820949240611,34.69820949240611,34.69820949240611,34.69820949240611,34.69820949240611,34.69820949240611,34.69820949240611,34.69820949240611,34.69820949240611,34.69820949240611,34.69820949240611,34.69820949240611,34.69820949240611,34.69820949240611,34.69820949240611,34.69820949240611,34.69820949240611,34.69820949240611,34.69820949240611,34.69820949240611,34.69820949240611,34.69820949240611,34.69820949240611,34.69820949240611,34.69820949240611,34.69820949240611,34.69820949240611
5060,88.00120899744135,0,0,0,0,0,0,0,0,0,0,0,0,0,0,0,0,0,0,0,0,0,0,0,0,0,0,0,0,0,0,0,0,0,0,0,0,0,0,0,0,0,0,0,0,0,0,0,0,0,0,0,0,0,0,0,0,0,0,0,0,0,0,0,0,0,0,0,0,0,0,0,0,0,0,0,0,0,0,0,0,0,0,0,0,0,0,0,0,0,0,0,0,0,0,0,0,0,0,0,0,0,0,0,0,0,0,0,0,0,0,0,0,0,0,0,0,0,0,0,0,0,0,0,0,0,0,0,0,0,0,0,0,0,0,0,0,0,0,0,0,0,0,0,0,0,0,0,0,0,0,0,0
5061,117.44765531000014,0,0,0,0,0,0,0,0,0,0,0,0,0,0,0,0,0,0,0,0,0,0,0,0,0,0,0,0,0,0,0,0,0,0,0,0,0,0,0,0,0,0,0,0,0,0,0,0,0,0,0,0,0,0,0,0,0,0,0,0,0,0,0,0,0,0,0,0,0,0,0,0,0,0,0,0,0,0,0,0,0,0,0,0,0,0,0,0,0,0,0,0,0,0,0,0,0,0,0,0,0,0,0,0,0,0,0,0,0,0,0,0,0,0,0,0,0,0,0,0,0,0,0,0,0,0,0,0,0,0,0,0,0,0,0,0,0,0,0,0,0,0,0,0,0,0,0,0,0,0,0,0
5062,933.8093211902095,0,0,0,0,0,0,0,0,0,0,0,0,0,0,0,0,0,0,0,0,0,0,0,0,0,0,0,0,0,0,0,0,0,0,0,0,0,0,0,0,0,0,0,0,0,0,0,0,0,0,0,0,0,0,0,0,0,0,0,0,0,0,0,0,0,0,0,0,0,0,0,0,0,0,0,0,0,0,0,0,0,0,0,0,0,0,0,0,0,0,0,0,0,0,0,0,0,0,0,0,0,0,0,0,0,0,0,0,0,0,0,0,0,0,0,0,0,0,0,0,0,0,0,0,0,0,0,0,0,0,0,0,0,0,0,0,0,0,0,0,0,0,0,0,0,0,0,0,0,0,0,0
5063,117.64796922818577,5.178577755147022,44.01757029144157,0,0,0,0,0,0,0,0,0,0,0,0,0,0,0,0,0,0,0,0,0,0,0,0,0,0,0,0,0,0,0,0,0,0,0,0,0,0,0,0,0,0,0,0,0,0,0,0,0,0,0,0,0,0,0,0,0,0,0,0,0,0,0,0,0,0,0,0,0,0,0,0,0,0,0,0,0,0,0,0,0,0,0,0,0,0,0,0,0,0,0,0,0,0,0,0,0,0,0,0,0,0,0,0,0,0,0,0,0,0,0,0,0,0,0,0,0,0,0,0,0,0,0,0,0,0,0,0,0,0,0,0,0,0,0,0,0,0,0,0,0,0,0,0,0,0,0,0,0,0
5064,106.13072473705768,0,0,0,0,0,0,0,0,0,0,0,0,0,0,0,0,0,0,0,0,0,0,0,0,0,0,0,0,0,0,0,0,0,0,0,0,0,0,0,0,0,0,0,0,0,0,0,0,0,0,0,0,0,0,0,0,0,0,0,0,0,0,0,0,0,0,0,0,0,0,0,0,0,0,0,0,0,0,0,0,0,0,0,0,0,0,0,0,0,0,0,0,0,0,0,0,0,0,0,0,0,0,0,0,0,0,0,0,0,0,0,0,0,0,0,0,0,0,0,0,0,0,0,0,0,0,0,0,0,0,0,0,0,0,0,0,0,0,0,0,0,0,0,0,0,0,0,0,0,0,0,0
5065,117.98203399111433,1.8592169005473331,15.75847472410382,0,0,0,0,0,0,0,0,0,0,0,0,0,0,0,0,0,0,0,0,0,0,0,0,0,0,0,0,0,0,0,0,0,0,0,0,0,0,0,0,0,0,0,0,0,0,0,0,0,0,0,0,0,0,0,0,0,0,0,0,0,0,0,0,0,0,0,0,0,0,0,0,0,0,0,0,0,0,0,0,0,0,0,0,0,0,0,0,0,0,0,0,0,0,0,0,0,0,0,0,0,0,0,0,0,0,0,0,0,0,0,0,0,0,0,0,0,0,0,0,0,0,0,0,0,0,0,0,0,0,0,0,0,0,0,0,0,0,0,0,0,0,0,0,0,0,0,0,0,0
5066,113.08760946707439,0,0,0,0,0,0,0,0,0,0,0,0,0,0,0,0,0,0,0,0,0,0,0,0,0,0,0,0,0,0,0,0,0,0,0,0,0,0,0,0,0,0,0,0,0,0,0,0,0,0,0,0,0,0,0,0,0,0,0,0,0,0,0,0,0,0,0,0,0,0,0,0,0,0,0,0,0,0,0,0,0,0,0,0,0,0,0,0,0,0,0,0,0,0,0,0,0,0,0,0,0,0,0,0,0,0,0,0,0,0,0,0,0,0,0,0,0,0,0,0,0,0,0,0,0,0,0,0,0,0,0,0,0,0,0,0,0,0,0,0,0,0,0,0,0,0,0,0,0,0,0,0
5067,176.64812373981923,0,0,0,0,0,0,0,0,0,0,0,0,0,0,0,0,0,0,0,0,0,0,0,0,0,0,0,0,0,0,0,0,0,0,0,0,0,0,0,0,0,0,0,0,0,0,0,0,0,0,0,0,0,0,0,0,0,0,0,0,0,0,0,0,0,0,0,0,0,0,0,0,0,0,0,0,0,0,0,0,0,0,0,0,0,0,0,0,0,0,0,0,0,0,0,0,0,0,0,0,0,0,0,0,0,0,0,0,0,0,0,0,0,0,0,0,0,0,0,0,0,0,0,0,0,0,0,0,0,0,0,0,0,0,0,0,0,0,0,0,0,0,0,0,0,0,0,0,0,0,0,0
5068,79.46416933180866,12.53873917261379,157.7911060802427,0,0,0,0,0,0,0,0,0,0,0,0,0,0,0,0,0,0,0,0,0,0,0,0,0,0,0,0,0,0,0,0,0,0,0,0,0,0,0,0,0,0,0,0,0,0,0,0,0,0,0,0,0,0,0,0,0,0,0,0,0,0,0,0,0,0,0,0,0,0,0,0,0,0,0,0,0,0,0,0,0,0,0,0,0,0,0,0,0,0,0,0,0,0,0,0,0,0,0,0,0,0,0,0,0,0,0,0,0,0,0,0,0,0,0,0,0,0,0,0,0,0,0,0,0,0,0,0,0,0,0,0,0,0,0,0,0,0,0,0,0,0,0,0,0,0,0,0,0,0
5069,676.8737963389985,38.5350117654435,56.93086654243004,0,0,0,0,0,0,0,0,0,0,0,0,0,0,0,0,0,0,0,0,0,0,0,0,0,0,0,0,0,0,0,0,0,0,0,0,0,19.488300368861363,19.488300368861363,19.488300368861363,19.488300368861363,19.488300368861363,19.488300368861363,19.488300368861363,19.488300368861363,19.488300368861363,19.488300368861363,19.488300368861363,19.488300368861363,19.488300368861363,24.806825044582613,24.806825044582613,24.806825044582613,24.806825044582613,24.806825044582613,24.806825044582613,24.806825044582613,24.806825044582613,24.806825044582613,24.806825044582613,24.806825044582613,24.806825044582613,24.806825044582613,24.806825044582613,24.806825044582613,24.806825044582613,24.806825044582613,24.806825044582613,24.806825044582613,24.806825044582613,24.806825044582613,24.806825044582613,24.806825044582613,24.806825044582613,24.806825044582613,0,0,0,0,0,0,0,0,0,0,0,0,0,0,0,0,0,0,0,0,0,0,0,0,0,0,0,0,0,0,0,0,0,0,0,0,0,28.791630691374912,28.791630691374912,28.791630691374912,28.791630691374912,28.791630691374912,28.791630691374912,28.791630691374912,28.791630691374912,28.791630691374912,28.791630691374912,28.791630691374912,28.791630691374912,28.791630691374912,36.649114175722374,36.649114175722374,36.649114175722374,36.649114175722374,36.649114175722374,36.649114175722374,36.649114175722374,36.649114175722374,36.649114175722374,36.649114175722374,36.649114175722374,36.649114175722374,36.649114175722374,36.649114175722374,36.649114175722374,36.649114175722374,36.649114175722374,36.649114175722374,36.649114175722374,36.649114175722374,36.649114175722374,36.649114175722374,36.649114175722374,36.649114175722374,36.649114175722374
5070,130.36796013736608,0,0,0,0,0,0,0,0,0,0,0,0,0,0,0,0,0,0,0,0,0,0,0,0,0,0,0,0,0,0,0,0,0,0,0,0,0,0,0,0,0,0,0,0,0,0,0,0,0,0,0,0,0,0,0,0,0,0,0,0,0,0,0,0,0,0,0,0,0,0,0,0,0,0,0,0,0,0,0,0,0,0,0,0,0,0,0,0,0,0,0,0,0,0,0,0,0,0,0,0,0,0,0,0,0,0,0,0,0,0,0,0,0,0,0,0,0,0,0,0,0,0,0,0,0,0,0,0,0,0,0,0,0,0,0,0,0,0,0,0,0,0,0,0,0,0,0,0,0,0,0,0
5071,30.930130965192973,0,0,0,0,0,0,0,0,0,0,0,0,0,0,0,0,0,0,0,0,0,0,0,0,0,0,0,0,0,0,0,0,0,0,0,0,0,0,0,0,0,0,0,0,0,0,0,0,0,0,0,0,0,0,0,0,0,0,0,0,0.3842696632359615,0.3842696632359615,0.3842696632359615,0.3842696632359615,0.3842696632359615,0.3842696632359615,0.3842696632359615,0.3842696632359615,0.3842696632359615,0.3842696632359615,0.3842696632359615,0.3842696632359615,0.3842696632359615,0.3842696632359615,0.3842696632359615,0.3842696632359615,0.3842696632359615,0,0,0,0,0,0,0,0,0,0,0,0,0,0,0,0,0,0,0,0,0,0,0,0,0,0,0,0,0,0,0,0,0,0,0,0,0,0,0,0,0,0,0,0,0,0,0,0,0,0,0,0,0,0,0,0,0,0,12.423796836437484,12.423796836437484,12.423796836437484,12.423796836437484,12.423796836437484,12.423796836437484,12.423796836437484,12.423796836437484,12.423796836437484,12.423796836437484,12.423796836437484,12.423796836437484,12.423796836437484,12.423796836437484,12.423796836437484,12.423796836437484,12.423796836437484
5072,198.54507844396375,0,0,0,0,0,0,0,0,0,0,0,0,0,0,0,0,0,0,0,0,0,0,0,0,0,0,0,0,0,0,0,0,0,0,0,0,0,0,0,0,0,0,0,0,0,0,0,0,0,0,0,0,0,0,0,0,0,0,0,0,0,0,0,0,0,0,0,0,0,0,0,0,0,0,0,0,0,0,0,0,0,0,0,0,0,0,0,0,0,0,0,0,0,0,0,0,0,0,0,0,0,0,0,0,0,0,0,0,0,0,0,0,0,0,0,0,0,0,0,0,0,0,0,0,0,0,0,0,0,0,0,0,0,0,0,0,0,0,0,0,0,0,0,0,0,0,0,0,0,0,0,0
5073,512.3050978195221,48.02534435446643,93.74363940330159,0,0,0,0,0,0,0,0,0,0,0,0,0,0,0,0,0,0,0,0,0,0,0,0,0,0,0,0,0,0,0,0,0,0,0,0,0,0,0,0,0,0,0,0,0,0,0,0,0,0,0,0,0,0,0,0,0,0,0,0,0,0,0,0,0,0,0,0,0,0,0,0,0,0,0,0,0,0,0,0,0,0,0,0,0,0,0,0,0,0,0,0,0,0,0,0,0,0,0,0,0,0,0,0,0,0,0,0,0,0,0,0,0,0,0,0,0,0,0,0,0,0,0,0,0,0,0,0,0,0,0,0,0,0,0,0,0,0,0,0,0,0,0,0,0,0,0,0,0,0
5074,788.6514985112938,244.58693670261653,310.13310335973955,0,0,0,0,0,0,0,0,0,0,0,0,0,0,0,0,0,0,0,0,0,0,0,0,0,0,0,0,0,0,0,0,0,0,0,0,0,0,0,0,0,0,0,0,0,0,0,0,0,0,0,0,0,0,0,0,0,0,0,0,0,0,0,0,0,0,0,0,41.53848401300736,41.53848401300736,41.53848401300736,41.53848401300736,41.53848401300736,41.53848401300736,41.53848401300736,0,0,0,0,0,0,0,0,0,0,0,0,0,0,0,0,0,0,0,0,0,0,0,0,0,0,0,0,0,0,0,0,0,0,0,0,0,0,0,0,0,0,0,0,0,0,0,0,0,0,0,0,0,0,0,0,0,0,0,0,0,0,0,0,0,0,0,0,52.670265752893286,52.670265752893286,52.670265752893286,52.670265752893286,52.670265752893286,52.670265752893286,52.670265752893286
5075,345.51117520481216,0,0,0,0,0,0,0,0,0,0,0,0,0,0,0,0,0,0,0,0,0,0,0,0,0,0,0,0,0,0,0,0,0,0,0,0,0,0,0,0,0,0,0,0,0,0,0,0,0,0,0,0,0,0,0,0,0,0,0,0,0,0,0,0,0,0,0,0,0,0,0,0,0,0,0,0,0,0,0,0,0,0,0,0,0,0,0,0,0,0,0,0,0,0,0,0,0,0,0,0,0,0,0,0,0,0,0,0,0,0,0,0,0,0,0,0,0,0,0,0,0,0,0,0,0,0,0,0,0,0,0,0,0,0,0,0,0,0,0,0,0,0,0,0,0,0,0,0,0,0,0,0
5076,291.86313066006323,0,0,0,0,0,0,0,0,0,0,0,0,0,0,0,0,0,0,0,0,0,0,0,0,0,0,0,0,0,0,0,0,0,0,0,0,0,0,0,0,0,0,0,0,0,0,0,0,0,0,0,0,0,0,0,0,0,0,0,0,0,0,0,0,0,0,0,0,0,0,0,0,0,0,0,0,0,0,0,0,0,0,0,0,0,0,0,0,0,0,0,0,0,0,0,0,0,0,0,0,0,0,0,0,0,0,0,0,0,0,0,0,0,0,0,0,0,0,0,0,0,0,0,0,0,0,0,0,0,0,0,0,0,0,0,0,0,0,0,0,0,0,0,0,0,0,0,0,0,0,0,0
5077,282.722667053576,0,0,0,0,0,0,0,0,0,0,0,0,0,0,0,0,0,0,0,0,0,0,0,0,0,0,0,0,0,0,0,0,0,0,0,0,0,0,0,0,0,0,0,0,0,0,0,0,0,0,0,0,0,0,0,0,0,0,0,0,0,0,0,0,0,0,0,0,0,0,0,0,0,0,0,0,0,0,0,0,0,0,0,0,0,0,0,0,0,0,0,0,0,0,0,0,0,0,0,0,0,0,0,0,0,0,0,0,0,0,0,0,0,0,0,0,0,0,0,0,0,0,0,0,0,0,0,0,0,0,0,0,0,0,0,0,0,0,0,0,0,0,0,0,0,0,0,0,0,0,0,0
5078,135.1470890250461,25.440491348600467,188.2429842339091,0,0,0,0,0,0,0,0,0,0,0,0,0,0,0,0,0,0,0,0,0,0,0,0,0,0,0,0,0,0,0,0,0,0,0,0,0,0,0,0,0,0,0,0,0,0,0,0,0,0,0,0,0,0,0,0,0,0,0,0,0,0,0,0,0,0,0,0,0,0,0,0,0,0,0,0,0,0,0,0,0,0,0,0,0,0,0,0,0,0,0,0,0,0,0,0,0,0,0,0,0,0,0,0,0,0,0,0,0,0,0,0,0,0,0,0,0,0,0,0,0,0,0,0,0,0,0,0,0,0,0,0,0,0,0,0,0,0,0,0,0,0,0,0,0,0,0,0,0,0
5079,82.2490468294878,0,0,0,0,0,0,0,0,0,0,0,0,5.942538351411809,5.942538351411809,5.942538351411809,5.942538351411809,5.942538351411809,5.942538351411809,5.942538351411809,5.942538351411809,5.942538351411809,5.942538351411809,5.942538351411809,5.942538351411809,5.942538351411809,5.942538351411809,5.942538351411809,5.942538351411809,5.942538351411809,5.942538351411809,5.942538351411809,5.942538351411809,5.942538351411809,5.942538351411809,5.942538351411809,5.942538351411809,5.942538351411809,5.942538351411809,5.942538351411809,5.942538351411809,5.942538351411809,5.942538351411809,5.942538351411809,5.942538351411809,5.942538351411809,5.942538351411809,5.942538351411809,5.942538351411809,5.942538351411809,5.942538351411809,5.942538351411809,5.942538351411809,5.942538351411809,5.942538351411809,5.942538351411809,5.942538351411809,5.942538351411809,5.942538351411809,5.942538351411809,5.942538351411809,5.942538351411809,5.942538351411809,5.942538351411809,5.942538351411809,5.942538351411809,5.942538351411809,5.942538351411809,5.942538351411809,5.942538351411809,5.942538351411809,5.942538351411809,5.942538351411809,5.942538351411809,5.942538351411809,5.942538351411809,5.942538351411809,5.942538351411809,0,0,0,0,0,0,0,0,0,0,72.25054368996408,72.25054368996408,72.25054368996408,72.25054368996408,72.25054368996408,72.25054368996408,72.25054368996408,72.25054368996408,72.25054368996408,72.25054368996408,72.25054368996408,72.25054368996408,72.25054368996408,72.25054368996408,72.25054368996408,72.25054368996408,72.25054368996408,72.25054368996408,72.25054368996408,72.25054368996408,72.25054368996408,72.25054368996408,72.25054368996408,72.25054368996408,72.25054368996408,72.25054368996408,72.25054368996408,72.25054368996408,72.25054368996408,72.25054368996408,72.25054368996408,72.25054368996408,72.25054368996408,72.25054368996408,72.25054368996408,72.25054368996408,72.25054368996408,72.25054368996408,72.25054368996408,72.25054368996408,72.25054368996408,72.25054368996408,72.25054368996408,72.25054368996408,72.25054368996408,72.25054368996408,72.25054368996408,72.25054368996408,72.25054368996408,72.25054368996408,72.25054368996408,72.25054368996408,72.25054368996408,72.25054368996408,72.25054368996408,72.25054368996408,72.25054368996408,72.25054368996408,72.25054368996408,72.25054368996408,72.25054368996408,72.25054368996408,72.25054368996408,72.25054368996408,72.25054368996408
5080,211.64872073676563,7.374700439188618,34.844058653020504,0,0,0,0,0,0,0,0,0,0,0,0,0,0,0,0,0,0,0,0,0,0,0,0,0,0,0,0,0,0,0,0,0,0,0,0,0,0,0,0,0,0,0,0,0,0,0,0,0,0,0,0,0,0,0,0,0,0,0,0,0,0,0,0,0,0,0,0,0,0,0,0,0,0,0,0,0,0,0,0,0,0,0,0,0,0,0,0,0,0,0,0,0,0,0,0,0,0,0,0,0,0,0,0,0,0,0,0,0,0,0,0,0,0,0,0,0,0,0,0,0,0,0,0,0,0,0,0,0,0,0,0,0,0,0,0,0,0,0,0,0,0,0,0,0,0,0,0,0,0
5081,72.11691803619321,0,0,0,0,0,0,0,0,0,0,0,0,0,0,0,0,0,0,0,0,0,0,0,0,0,0,0,0,0,0,0,0,0,0,0,0,0,0,0,0,0,0,0,0,0,0,0,0,0,0,0,0,0,0,0,0,0,0,0,0,0,0,0,0,0,0,0,0,0,0,0,0,0,0,0,0,0,0,0,0,0,0,0,0,0,0,0,0,0,0,0,0,0,0,0,0,0,0,0,0,0,0,0,0,0,0,0,0,0,0,0,0,0,0,0,0,0,0,0,0,0,0,0,0,0,0,0,0,0,0,0,0,0,0,0,0,0,0,0,0,0,0,0,0,0,0,0,0,0,0,0,0
5082,167.02467976963786,43.06606726281971,257.8425375352724,0,0,0,0,0,0,0,0,9.528213003650613,9.528213003650613,9.528213003650613,9.528213003650613,9.528213003650613,9.528213003650613,9.528213003650613,9.528213003650613,9.528213003650613,9.528213003650613,9.528213003650613,9.528213003650613,9.528213003650613,9.528213003650613,9.528213003650613,9.528213003650613,9.528213003650613,9.528213003650613,25.38437966067295,25.38437966067295,25.38437966067295,25.38437966067295,25.38437966067295,25.38437966067295,25.38437966067295,25.38437966067295,25.38437966067295,25.38437966067295,25.38437966067295,25.38437966067295,25.38437966067295,25.38437966067295,25.38437966067295,25.38437966067295,25.38437966067295,25.38437966067295,25.38437966067295,25.38437966067295,25.38437966067295,25.38437966067295,25.38437966067295,25.38437966067295,25.38437966067295,25.38437966067295,25.38437966067295,25.38437966067295,25.38437966067295,25.38437966067295,25.38437966067295,25.38437966067295,25.38437966067295,25.38437966067295,25.38437966067295,25.38437966067295,25.38437966067295,25.38437966067295,25.38437966067295,25.38437966067295,25.38437966067295,25.38437966067295,25.38437966067295,25.38437966067295,25.38437966067295,25.38437966067295,25.38437966067295,25.38437966067295,25.38437966067295,0,0,0,0,0,0,0,0,57.04673714562436,57.04673714562436,57.04673714562436,57.04673714562436,57.04673714562436,57.04673714562436,57.04673714562436,57.04673714562436,57.04673714562436,57.04673714562436,57.04673714562436,57.04673714562436,57.04673714562436,57.04673714562436,57.04673714562436,57.04673714562436,57.04673714562436,57.04673714562436,151.9798133765821,151.9798133765821,151.9798133765821,151.9798133765821,151.9798133765821,151.9798133765821,151.9798133765821,151.9798133765821,151.9798133765821,151.9798133765821,151.9798133765821,151.9798133765821,151.9798133765821,151.9798133765821,151.9798133765821,151.9798133765821,151.9798133765821,151.9798133765821,151.9798133765821,151.9798133765821,151.9798133765821,151.9798133765821,151.9798133765821,151.9798133765821,151.9798133765821,151.9798133765821,151.9798133765821,151.9798133765821,151.9798133765821,151.9798133765821,151.9798133765821,151.9798133765821,151.9798133765821,151.9798133765821,151.9798133765821,151.9798133765821,151.9798133765821,151.9798133765821,151.9798133765821,151.9798133765821,151.9798133765821,151.9798133765821,151.9798133765821,151.9798133765821,151.9798133765821,151.9798133765821,151.9798133765821,151.9798133765821,151.9798133765821
5083,308.58015556806765,0,0,0,0,0,0,0,0,0,0,4.1309180255142595,14.083604389413097,14.083604389413097,14.083604389413097,14.083604389413097,14.083604389413097,14.083604389413097,14.083604389413097,14.083604389413097,14.083604389413097,14.083604389413097,14.083604389413097,14.083604389413097,14.083604389413097,14.083604389413097,14.083604389413097,14.083604389413097,14.083604389413097,14.083604389413097,14.083604389413097,14.083604389413097,14.083604389413097,14.083604389413097,14.083604389413097,14.083604389413097,14.083604389413097,14.083604389413097,14.083604389413097,14.083604389413097,14.083604389413097,14.083604389413097,14.083604389413097,14.083604389413097,14.083604389413097,14.083604389413097,14.083604389413097,14.083604389413097,14.083604389413097,14.083604389413097,14.083604389413097,14.083604389413097,14.083604389413097,14.083604389413097,14.083604389413097,14.083604389413097,14.083604389413097,14.083604389413097,14.083604389413097,14.083604389413097,14.083604389413097,14.083604389413097,14.083604389413097,14.083604389413097,14.083604389413097,14.083604389413097,14.083604389413097,14.083604389413097,14.083604389413097,14.083604389413097,14.083604389413097,14.083604389413097,14.083604389413097,14.083604389413097,14.083604389413097,14.083604389413097,14.083604389413097,14.083604389413097,0,0,0,0,0,0,0,0,13.386855735779962,45.64001973324071,45.64001973324071,45.64001973324071,45.64001973324071,45.64001973324071,45.64001973324071,45.64001973324071,45.64001973324071,45.64001973324071,45.64001973324071,45.64001973324071,45.64001973324071,45.64001973324071,45.64001973324071,45.64001973324071,45.64001973324071,45.64001973324071,45.64001973324071,45.64001973324071,45.64001973324071,45.64001973324071,45.64001973324071,45.64001973324071,45.64001973324071,45.64001973324071,45.64001973324071,45.64001973324071,45.64001973324071,45.64001973324071,45.64001973324071,45.64001973324071,45.64001973324071,45.64001973324071,45.64001973324071,45.64001973324071,45.64001973324071,45.64001973324071,45.64001973324071,45.64001973324071,45.64001973324071,45.64001973324071,45.64001973324071,45.64001973324071,45.64001973324071,45.64001973324071,45.64001973324071,45.64001973324071,45.64001973324071,45.64001973324071,45.64001973324071,45.64001973324071,45.64001973324071,45.64001973324071,45.64001973324071,45.64001973324071,45.64001973324071,45.64001973324071,45.64001973324071,45.64001973324071,45.64001973324071,45.64001973324071,45.64001973324071,45.64001973324071,45.64001973324071,45.64001973324071,45.64001973324071
5084,278.7353609722031,24.567276899621795,88.13835752282527,0,0,0,0,0,0,0,0,0,0,13.123879587933478,13.123879587933478,13.123879587933478,13.123879587933478,13.123879587933478,13.123879587933478,13.123879587933478,13.123879587933478,13.123879587933478,13.123879587933478,13.123879587933478,13.123879587933478,13.123879587933478,13.123879587933478,14.202916698245378,14.202916698245378,14.202916698245378,14.202916698245378,14.202916698245378,14.202916698245378,14.202916698245378,14.202916698245378,14.202916698245378,14.202916698245378,14.202916698245378,14.202916698245378,14.202916698245378,14.202916698245378,14.202916698245378,14.202916698245378,14.202916698245378,14.202916698245378,14.202916698245378,14.202916698245378,14.202916698245378,14.202916698245378,14.202916698245378,14.202916698245378,14.202916698245378,14.202916698245378,14.202916698245378,14.202916698245378,14.202916698245378,14.202916698245378,14.202916698245378,14.202916698245378,14.202916698245378,14.202916698245378,14.202916698245378,14.202916698245378,14.202916698245378,14.202916698245378,14.202916698245378,14.202916698245378,14.202916698245378,14.202916698245378,14.202916698245378,14.202916698245378,14.202916698245378,14.202916698245378,14.202916698245378,14.202916698245378,14.202916698245378,14.202916698245378,14.202916698245378,0,0,0,0,0,0,0,0,0,0,47.083655056030935,47.083655056030935,47.083655056030935,47.083655056030935,47.083655056030935,47.083655056030935,47.083655056030935,47.083655056030935,47.083655056030935,47.083655056030935,47.083655056030935,47.083655056030935,47.083655056030935,47.083655056030935,50.954843507142115,50.954843507142115,50.954843507142115,50.954843507142115,50.954843507142115,50.954843507142115,50.954843507142115,50.954843507142115,50.954843507142115,50.954843507142115,50.954843507142115,50.954843507142115,50.954843507142115,50.954843507142115,50.954843507142115,50.954843507142115,50.954843507142115,50.954843507142115,50.954843507142115,50.954843507142115,50.954843507142115,50.954843507142115,50.954843507142115,50.954843507142115,50.954843507142115,50.954843507142115,50.954843507142115,50.954843507142115,50.954843507142115,50.954843507142115,50.954843507142115,50.954843507142115,50.954843507142115,50.954843507142115,50.954843507142115,50.954843507142115,50.954843507142115,50.954843507142115,50.954843507142115,50.954843507142115,50.954843507142115,50.954843507142115,50.954843507142115,50.954843507142115,50.954843507142115,50.954843507142115,50.954843507142115,50.954843507142115,50.954843507142115,50.954843507142115,50.954843507142115
5085,141.04939949846823,0,0,0,0,0,0,0,0,0,0,0,0,0,0,0,0,0,0,0,0,0,0,0,0,0,0,0,0,0,0,0,0,0,0,0,0,0,0,0,0,0,0,0,0,0,0,0,0,0,0,0,0,0,0,0,0,0,0,0,0,0,0,0,0,0,0,0,0,0,0,0,0,0,0,0,0,0,0,0,0,0,0,0,0,0,0,0,0,0,0,0,0,0,0,0,0,0,0,0,0,0,0,0,0,0,0,0,0,0,0,0,0,0,0,0,0,0,0,0,0,0,0,0,0,0,0,0,0,0,0,0,0,0,0,0,0,0,0,0,0,0,0,0,0,0,0,0,0,0,0,0,0
5086,253.94844770416879,0,0,0,0,0,0,0,0,0,0,0,0,0,0,0,0,0,0,0,0,0,0,0,0,0,0,0,0,0,0,0,0,0,0,0,0,0,0,0,0,0,0,0,0,0,0,0,0,0,0,0,0,0,0,0,0,0,0,0,0,0,0,0,0,0,0,0,0,0,0,0,0,0,0,0,0,0,0,0,0,0,0,0,0,0,0,0,0,0,0,0,0,0,0,0,0,0,0,0,0,0,0,0,0,0,0,0,0,0,0,0,0,0,0,0,0,0,0,0,0,0,0,0,0,0,0,0,0,0,0,0,0,0,0,0,0,0,0,0,0,0,0,0,0,0,0,0,0,0,0,0,0
5087,81.41143229290441,0,0,0,0,0,0,0,0,0,0,0,0,0,0,0,0,0,0,0,0,0,0,0,0,0,0,0,0,0,0,0,0,0,0,0,0,0,0,0,0,0,0,0,0,0,0,0,0,0,0,0,0,0,0,0,0,0,0,0,0,0,0,0,0,0,0,0,0,0,0,0,0,0,0,0,0,0,0,0,0,0,0,0,0,0,0,0,0,0,0,0,0,0,0,0,0,0,0,0,0,0,0,0,0,0,0,0,0,0,0,0,0,0,0,0,0,0,0,0,0,0,0,0,0,0,0,0,0,0,0,0,0,0,0,0,0,0,0,0,0,0,0,0,0,0,0,0,0,0,0,0,0
5088,383.31068117873764,4.085997846031532,10.6597547281137,0,0,0,0,0,0,0,0,0,0,0,0,0,0,0,0,0,0,0,0,0,0,0,0,0,0,0,0,0,0,0,0,0,0,0,0,0,0,0,0,0,0,0,0,0,0,0,0,0,0,0,0,0,0,0,0,0,0,0,0,0,0,0,0,0,0,0,0,0,0,0,0,0,0,0,0,0,0,0,0,0,0,0,0,0,0,0,0,0,0,0,0,0,0,0,0,0,0,0,0,0,0,0,0,0,0,0,0,0,0,0,0,0,0,0,0,0,0,0,0,0,0,0,0,0,0,0,0,0,0,0,0,0,0,0,0,0,0,0,0,0,0,0,0,0,0,0,0,0,0
5089,275.3773895205391,116.97110220449518,424.76654458869746,0,0,0,0,0,0,0,0,0,0,0,0,0,0,0,0,0,0,0,0,0,0,0,0,0,0,0,0,0,0,0,0,0,0,0,0,0,0,0,0,0,0,0,0,0,0,0,0,0,0,0,0,0,0,0,0,0,0,0,0,0,0,0,0,0,0,0,0,0,0,0,0,0,0,0,0,0,0,0,0,0,0,0,0,0,0,0,0,0,0,0,0,0,0,0,0,0,0,0,0,0,0,0,0,0,0,0,0,0,0,0,0,0,0,0,0,0,0,0,0,0,0,0,0,0,0,0,0,0,0,0,0,0,0,0,0,0,0,0,0,0,0,0,0,0,0,0,0,0,0
5090,513.4869837857187,0,0,0,0,0,0,0,0,0,0,0,0,0,0,0,0,0,0,0,0,0,0,0,0,0,0,0,0,0,0,0,0,0,0,0,0,0,0,0,0,0,0,0,0,0,0,0,0,0,0,0,0,0,0,0,0,0,0,0,0,0,0,0,0,0,0,0,0,0,0,0,0,0,0,0,0,0,0,0,0,0,0,0,0,0,0,0,0,0,0,0,0,0,0,0,0,0,0,0,0,0,0,0,0,0,0,0,0,0,0,0,0,0,0,0,0,0,0,0,0,0,0,0,0,0,0,0,0,0,0,0,0,0,0,0,0,0,0,0,0,0,0,0,0,0,0,0,0,0,0,0,0
5091,42.15409129725681,0,0,0,0,0,0,0,0,0,0,0,0,0,0,0,0,0,0,0,0,0,0,0,0,0,0,0,0,0,0,0,0,0,0,0,0,0,0,0,0,0,0,0,0,0,0,0,0,0,0,0,0,0,0,0,0,0,0,0,0,0,0,0,0,0,0,0,0,0,0,0,0,0,0,0,0,0,0,0,0,0,0,0,0,0,0,0,0,0,0,0,0,0,0,0,0,0,0,0,0,0,0,0,0,0,0,0,0,0,0,0,0,0,0,0,0,0,0,0,0,0,0,0,0,0,0,0,0,0,0,0,0,0,0,0,0,0,0,0,0,0,0,0,0,0,0,0,0,0,0,0,0
5092,41.396384383984085,0,0,0,0,0,0,0,0,0,0,0,0,0,0,0,0,0,0,0,0,0,0,0,0,0,0,0,0,0,0,0,0,0,0,0,0,0,0,0,0,0,0,0,0,0,0,0,0,0,0,0,0,0,0,0,0,0,0,0,0,0,0,0,0,0,0,0,0,0,0,0,0,0,0,0,0,0,0,0,0,0,0,0,0,0,0,0,0,0,0,0,0,0,0,0,0,0,0,0,0,0,0,0,0,0,0,0,0,0,0,0,0,0,0,0,0,0,0,0,0,0,0,0,0,0,0,0,0,0,0,0,0,0,0,0,0,0,0,0,0,0,0,0,0,0,0,0,0,0,0,0,0
5093,318.9782423280928,0,0,0,0,0,0,0,0,0,0,0,0,0,0,0,0,0,0,0,0,0,0,0,0,0,0,0,0,0,0,0,0,0,0,0,0,0,0,0,0,0,0,0,0,0,0,0,0,0,0,0,0,0,0,13.492562698523237,13.492562698523237,13.492562698523237,13.492562698523237,13.492562698523237,13.492562698523237,19.744253658573438,19.744253658573438,19.744253658573438,19.744253658573438,19.744253658573438,19.744253658573438,19.744253658573438,19.744253658573438,19.744253658573438,19.744253658573438,19.744253658573438,19.744253658573438,19.744253658573438,19.744253658573438,19.744253658573438,19.744253658573438,19.744253658573438,0,0,0,0,0,0,0,0,0,0,0,0,0,0,0,0,0,0,0,0,0,0,0,0,0,0,0,0,0,0,0,0,0,0,0,0,0,0,0,0,0,0,0,0,0,0,0,0,0,0,0,0,42.299319853437325,42.299319853437325,42.299319853437325,42.299319853437325,42.299319853437325,42.299319853437325,61.89843393225864,61.89843393225864,61.89843393225864,61.89843393225864,61.89843393225864,61.89843393225864,61.89843393225864,61.89843393225864,61.89843393225864,61.89843393225864,61.89843393225864,61.89843393225864,61.89843393225864,61.89843393225864,61.89843393225864,61.89843393225864,61.89843393225864
5094,461.48652358747955,0,0,0,0,0,0,0,0,0,0,0,0,0,0,0,0,0,0,0,0,0,0,0,0,0,0,0,0,0,0,0,0,0,0,0,0,0,0,0,0,0,0,0,0,0,0,0,0,0,0,0,0,0,0,0,0,0,0,0,0,0,0,0,0,0,0,0,0,0,0,0,0,0,0,0,0,0,0,0,0,0,0,0,0,0,0,0,0,0,0,0,0,0,0,0,0,0,0,0,0,0,0,0,0,0,0,0,0,0,0,0,0,0,0,0,0,0,0,0,0,0,0,0,0,0,0,0,0,0,0,0,0,0,0,0,0,0,0,0,0,0,0,0,0,0,0,0,0,0,0,0,0
5095,260.11073423239037,0,0,0,0,0,0,0,0,0,0,0,0,0,0,0,0,0,0,0,0,0,0,0,0,0,0,0,0,0,0,0,0,0,0,0,0,0,0,0,0,0,0,0,0,0,0,0,0,0,0,0,0,0,0,0,0,0,0,0,0,0,0,0,0,0,0,0,0,0,0,0,0,0,0,0,0,0,0,0,0,0,0,0,0,0,0,0,0,0,0,0,0,0,0,0,0,0,0,0,0,0,0,0,0,0,0,0,0,0,0,0,0,0,0,0,0,0,0,0,0,0,0,0,0,0,0,0,0,0,0,0,0,0,0,0,0,0,0,0,0,0,0,0,0,0,0,0,0,0,0,0,0
5096,221.95917452616666,0,0,0,0,0,0,0,0,0,0,0,0,0,0,0,0,0,0,0,0,0,0,0,0,0,0,0,0,0,0,0,0,0,0,0,0,0,0,0,0,0,0,0,0,0,0,0,0,0,0,0,0,0,0,0,0,0,0,0,0,0,0,0,0,0,0,0,0,0,0,0,0,0,0,0,0,0,0,0,0,0,0,0,0,0,0,0,0,0,0,0,0,0,0,0,0,0,0,0,0,0,0,0,0,0,0,0,0,0,0,0,0,0,0,0,0,0,0,0,0,0,0,0,0,0,0,0,0,0,0,0,0,0,0,0,0,0,0,0,0,0,0,0,0,0,0,0,0,0,0,0,0
5097,295.55051372208067,0,0,0,0,0,0,0,0,0,0,0,0,0,0,0,0,0,0,0,0,0,0,0,0,0,0,0,0,0,0,0,0,0,0,11.315713033965046,11.315713033965046,11.315713033965046,11.315713033965046,11.315713033965046,17.418952987126843,17.418952987126843,17.418952987126843,17.418952987126843,17.418952987126843,17.418952987126843,17.418952987126843,17.418952987126843,17.418952987126843,17.418952987126843,17.418952987126843,17.418952987126843,17.418952987126843,17.418952987126843,17.418952987126843,17.418952987126843,17.418952987126843,17.418952987126843,17.418952987126843,17.418952987126843,17.418952987126843,17.418952987126843,17.418952987126843,17.418952987126843,17.418952987126843,17.418952987126843,17.418952987126843,17.418952987126843,17.418952987126843,17.418952987126843,17.418952987126843,17.418952987126843,17.418952987126843,17.418952987126843,17.418952987126843,17.418952987126843,17.418952987126843,17.418952987126843,0,0,0,0,0,0,0,0,0,0,0,0,0,0,0,0,0,0,0,0,0,0,0,0,0,0,0,0,0,0,0,0,38.28690023731684,38.28690023731684,38.28690023731684,38.28690023731684,38.28690023731684,58.937312501194505,58.937312501194505,58.937312501194505,58.937312501194505,58.937312501194505,58.937312501194505,58.937312501194505,58.937312501194505,58.937312501194505,58.937312501194505,58.937312501194505,58.937312501194505,58.937312501194505,58.937312501194505,58.937312501194505,58.937312501194505,58.937312501194505,58.937312501194505,58.937312501194505,58.937312501194505,58.937312501194505,58.937312501194505,58.937312501194505,58.937312501194505,58.937312501194505,58.937312501194505,58.937312501194505,58.937312501194505,58.937312501194505,58.937312501194505,58.937312501194505,58.937312501194505,58.937312501194505,58.937312501194505,58.937312501194505,58.937312501194505,58.937312501194505,58.937312501194505
5098,953.0987036984238,32.85005658646541,34.4665840578666,0,0,0,0,0,0,0,0,0,0,0,0,0,0,0,0,0,0,0,0,0,0,0,0,0,0,0,0,0,0,0,0,0,0,0,0,0,0,0,0,0,0,0,0,0,0,0,0,0,0,31.871856163059178,31.871856163059178,31.871856163059178,31.871856163059178,31.871856163059178,31.871856163059178,31.871856163059178,31.871856163059178,31.871856163059178,31.871856163059178,31.871856163059178,31.871856163059178,31.871856163059178,31.871856163059178,31.871856163059178,31.871856163059178,31.871856163059178,31.871856163059178,31.871856163059178,31.871856163059178,31.871856163059178,31.871856163059178,31.871856163059178,31.871856163059178,31.871856163059178,0,0,0,0,0,0,0,0,0,0,0,0,0,0,0,0,0,0,0,0,0,0,0,0,0,0,0,0,0,0,0,0,0,0,0,0,0,0,0,0,0,0,0,0,0,0,0,0,0,0,33.440247100728364,33.440247100728364,33.440247100728364,33.440247100728364,33.440247100728364,33.440247100728364,33.440247100728364,33.440247100728364,33.440247100728364,33.440247100728364,33.440247100728364,33.440247100728364,33.440247100728364,33.440247100728364,33.440247100728364,33.440247100728364,33.440247100728364,33.440247100728364,33.440247100728364,33.440247100728364,33.440247100728364,33.440247100728364,33.440247100728364,33.440247100728364,33.440247100728364
5099,193.267578658664,6.662749793787326,34.47422397501352,0,0,0,0,0,0,0,0,0,0,12.216791224370882,12.216791224370882,12.216791224370882,12.216791224370882,12.216791224370882,12.216791224370882,12.216791224370882,12.216791224370882,12.216791224370882,12.216791224370882,12.216791224370882,12.216791224370882,12.216791224370882,12.216791224370882,12.216791224370882,12.216791224370882,12.216791224370882,12.216791224370882,12.216791224370882,12.216791224370882,12.216791224370882,12.216791224370882,12.216791224370882,12.216791224370882,12.216791224370882,12.216791224370882,12.216791224370882,12.216791224370882,12.216791224370882,12.216791224370882,12.216791224370882,12.216791224370882,12.216791224370882,12.216791224370882,12.216791224370882,12.216791224370882,12.216791224370882,12.216791224370882,12.216791224370882,12.216791224370882,12.216791224370882,12.216791224370882,12.216791224370882,12.216791224370882,12.216791224370882,12.216791224370882,12.216791224370882,12.216791224370882,12.216791224370882,12.216791224370882,12.216791224370882,12.216791224370882,12.216791224370882,12.216791224370882,12.216791224370882,12.216791224370882,12.216791224370882,12.216791224370882,12.216791224370882,12.216791224370882,12.216791224370882,12.216791224370882,12.216791224370882,12.216791224370882,12.216791224370882,0,0,0,0,0,0,0,0,0,0,63.211798425577335,63.211798425577335,63.211798425577335,63.211798425577335,63.211798425577335,63.211798425577335,63.211798425577335,63.211798425577335,63.211798425577335,63.211798425577335,63.211798425577335,63.211798425577335,63.211798425577335,63.211798425577335,63.211798425577335,63.211798425577335,63.211798425577335,63.211798425577335,63.211798425577335,63.211798425577335,63.211798425577335,63.211798425577335,63.211798425577335,63.211798425577335,63.211798425577335,63.211798425577335,63.211798425577335,63.211798425577335,63.211798425577335,63.211798425577335,63.211798425577335,63.211798425577335,63.211798425577335,63.211798425577335,63.211798425577335,63.211798425577335,63.211798425577335,63.211798425577335,63.211798425577335,63.211798425577335,63.211798425577335,63.211798425577335,63.211798425577335,63.211798425577335,63.211798425577335,63.211798425577335,63.211798425577335,63.211798425577335,63.211798425577335,63.211798425577335,63.211798425577335,63.211798425577335,63.211798425577335,63.211798425577335,63.211798425577335,63.211798425577335,63.211798425577335,63.211798425577335,63.211798425577335,63.211798425577335,63.211798425577335,63.211798425577335,63.211798425577335,63.211798425577335,63.211798425577335
5100,419.5210013833387,4.991817519268797,11.89885012385234,0,0,0,0,0,0,0,0,0,0,0,0,0,0,0,0,0,0,0,0,0,0,0,0,0,0,0,0,0,0,0,0,0,0,0,0,0,0,0,0,0,0,0,0,0,0,0,0,0,0,0,0,0,0,0,0,0,0,0,0,0,0,0,0,0,0,0,0,12.753960760445823,12.753960760445823,12.753960760445823,12.753960760445823,12.753960760445823,12.753960760445823,12.753960760445823,0,0,0,0,0,0,0,0,0,0,0,0,0,0,0,0,0,0,0,0,0,0,0,0,0,0,0,0,0,0,0,0,0,0,0,0,0,0,0,0,0,0,0,0,0,0,0,0,0,0,0,0,0,0,0,0,0,0,0,0,0,0,0,0,0,0,0,0,30.401245035148666,30.401245035148666,30.401245035148666,30.401245035148666,30.401245035148666,30.401245035148666,30.401245035148666
5101,82.10353602552924,0,0,0,0,0,0,0,0,0,0,0,0,0,0,0,0,0,0,0,0,0,0,0,0,0,0,0,0,0,0,0,0,0,0,0,0,0,0,0,0,0,0,0,0,0,0,0,0,0,0,0,0,0,0,0,0,0,0,0,0,1.9464381644556201,1.9464381644556201,1.9464381644556201,1.9464381644556201,1.9464381644556201,1.9464381644556201,1.9464381644556201,1.9464381644556201,1.9464381644556201,1.9464381644556201,1.9464381644556201,1.9464381644556201,1.9464381644556201,1.9464381644556201,1.9464381644556201,1.9464381644556201,1.9464381644556201,0,0,0,0,0,0,0,0,0,0,0,0,0,0,0,0,0,0,0,0,0,0,0,0,0,0,0,0,0,0,0,0,0,0,0,0,0,0,0,0,0,0,0,0,0,0,0,0,0,0,0,0,0,0,0,0,0,0,23.707117362769804,23.707117362769804,23.707117362769804,23.707117362769804,23.707117362769804,23.707117362769804,23.707117362769804,23.707117362769804,23.707117362769804,23.707117362769804,23.707117362769804,23.707117362769804,23.707117362769804,23.707117362769804,23.707117362769804,23.707117362769804,23.707117362769804
5102,230.9294920446062,9.956159751248332,43.11341813944321,0,0,0,0,0,0,0,0,0,0,0,0,0,0,0,0,0,0,0,0,0,0,0,0,0,0,0,0,0,12.098043972416992,12.098043972416992,12.098043972416992,12.098043972416992,12.098043972416992,12.098043972416992,12.098043972416992,12.098043972416992,12.098043972416992,12.098043972416992,12.098043972416992,12.098043972416992,12.098043972416992,12.098043972416992,12.098043972416992,12.098043972416992,12.098043972416992,12.098043972416992,12.098043972416992,12.098043972416992,12.098043972416992,12.098043972416992,12.098043972416992,12.098043972416992,12.098043972416992,12.098043972416992,12.098043972416992,12.098043972416992,12.098043972416992,12.098043972416992,12.098043972416992,12.098043972416992,12.098043972416992,12.098043972416992,12.098043972416992,12.098043972416992,12.098043972416992,12.098043972416992,12.098043972416992,12.098043972416992,12.098043972416992,12.098043972416992,12.098043972416992,12.098043972416992,12.098043972416992,12.098043972416992,0,0,0,0,0,0,0,0,0,0,0,0,0,0,0,0,0,0,0,0,0,0,0,0,0,0,0,0,0,52.38847522377151,52.38847522377151,52.38847522377151,52.38847522377151,52.38847522377151,52.38847522377151,52.38847522377151,52.38847522377151,52.38847522377151,52.38847522377151,52.38847522377151,52.38847522377151,52.38847522377151,52.38847522377151,52.38847522377151,52.38847522377151,52.38847522377151,52.38847522377151,52.38847522377151,52.38847522377151,52.38847522377151,52.38847522377151,52.38847522377151,52.38847522377151,52.38847522377151,52.38847522377151,52.38847522377151,52.38847522377151,52.38847522377151,52.38847522377151,52.38847522377151,52.38847522377151,52.38847522377151,52.38847522377151,52.38847522377151,52.38847522377151,52.38847522377151,52.38847522377151,52.38847522377151,52.38847522377151,52.38847522377151,52.38847522377151,52.38847522377151,52.38847522377151,52.38847522377151,52.38847522377151
5103,109.84679460741697,0,0,0,0,0,0,0,0,0,0,0,0,0,0,0,0,0,0,0,0,0,0,0,0,0,0,0,0,0,0,0,0,0,0,0,0,0,0,0,0,0,0,0,0,0,0,0,0,0,0,0,0,0,0,0,0,0,0,0,0,0,0,0,0,0,0,0,0,0,0,0,0,0,0,0,0,0,0,0,0,0,0,0,0,0,0,0,0,0,0,0,0,0,0,0,0,0,0,0,0,0,0,0,0,0,0,0,0,0,0,0,0,0,0,0,0,0,0,0,0,0,0,0,0,0,0,0,0,0,0,0,0,0,0,0,0,0,0,0,0,0,0,0,0,0,0,0,0,0,0,0,0
5104,167.77437032694735,0,0,0,0,0,0,0,0,0,0,0,0,0,0,0,0,0,0,0,0,0,0,0,0,0,0,0,0,0,0,0,0,0,0,0,0,0,0,0,0,0,0,0,0,0,0,0,0,0,0,0,0,0,0,0,0,0,0,0,0,0,0,0,0,0,0,0,0,0,0,0,0,0,0,0,0,0,0,0,0,0,0,0,0,0,0,0,0,0,0,0,0,0,0,0,0,0,0,0,0,0,0,0,0,0,0,0,0,0,0,0,0,0,0,0,0,0,0,0,0,0,0,0,0,0,0,0,0,0,0,0,0,0,0,0,0,0,0,0,0,0,0,0,0,0,0,0,0,0,0,0,0
5105,505.06597669675944,136.76839888963266,270.7931343626184,0,0,0,0,0,0,0,0,0,0,0,0,0,0,0,0,0,0,0,0,0,0,0,0,0,0,0,0,0,0,0,0,0,0,0,0,0,0,0,0,0,0,0,0,0,0,0,0,0,0,0,0,0,0,0,0,0,0,0,0,0,0,0,0,0,0,0,0,0,0,0,0,0,0,0,0,0,0,0,0,0,0,0,0,0,0,0,0,0,0,0,0,0,0,0,0,0,0,0,0,0,0,0,0,0,0,0,0,0,0,0,0,0,0,0,0,0,0,0,0,0,0,0,0,0,0,0,0,0,0,0,0,0,0,0,0,0,0,0,0,0,0,0,0,0,0,0,0,0,0
5106,78.21148446245104,0,0,0,0,0,0,0,0,0,0,0,0,0,0,0,0,0,0,0,0,0,0,0,0,0,0,0,0,0,0,0,0,0,0,0,0,0,0,0,0,0,0,0,0,0,0,0,0,0,0,0,0,0,0,0,0,0,0,0,0,0,0,0,0,0,0,0,0,0,0,0,0,0,0,0,0,0,0,0,0,0,0,0,0,0,0,0,0,0,0,0,0,0,0,0,0,0,0,0,0,0,0,0,0,0,0,0,0,0,0,0,0,0,0,0,0,0,0,0,0,0,0,0,0,0,0,0,0,0,0,0,0,0,0,0,0,0,0,0,0,0,0,0,0,0,0,0,0,0,0,0,0
5107,99.95888770740936,0,0,0,0,0,0,0,0,0,0,0,0,0,0,0,0,0,0,0,0,0,0,0,0,0,0,0,0,0,0,0,0,0,0,0,0,0,0,0,0,0,0,0,0,0,0,0,0,0,0,0,0,0,0,0,0,0,0,0,0,4.592969264330999,4.592969264330999,4.592969264330999,4.592969264330999,4.592969264330999,4.592969264330999,4.592969264330999,4.592969264330999,4.592969264330999,4.592969264330999,4.592969264330999,4.592969264330999,4.592969264330999,4.592969264330999,4.592969264330999,4.592969264330999,4.592969264330999,0,0,0,0,0,0,0,0,0,0,0,0,0,0,0,0,0,0,0,0,0,0,0,0,0,0,0,0,0,0,0,0,0,0,0,0,0,0,0,0,0,0,0,0,0,0,0,0,0,0,0,0,0,0,0,0,0,0,45.94858315925968,45.94858315925968,45.94858315925968,45.94858315925968,45.94858315925968,45.94858315925968,45.94858315925968,45.94858315925968,45.94858315925968,45.94858315925968,45.94858315925968,45.94858315925968,45.94858315925968,45.94858315925968,45.94858315925968,45.94858315925968,45.94858315925968
5108,127.22218589533396,0,0,0,0,0,0,0,0,0,0,0,0,0,0,0,0,0,0,0,0,0,0,0,0,0,0,0,0,0,0,0,0,0,0,0,0,0,0,0,0,0,0,0,0,0,0,0,0,0,0,0,0,0,0,0,0,0,0,0,0,0,0,0,0,0,0,0,0,0,0,0,0,0,0,0,0,0,0,0,0,0,0,0,0,0,0,0,0,0,0,0,0,0,0,0,0,0,0,0,0,0,0,0,0,0,0,0,0,0,0,0,0,0,0,0,0,0,0,0,0,0,0,0,0,0,0,0,0,0,0,0,0,0,0,0,0,0,0,0,0,0,0,0,0,0,0,0,0,0,0,0,0
5109,127.88207651339792,0,0,0,0,0,0,0,0,0,0,0,0,0,0,0,0,0,0,0,0,0,0,0,0,0,0,0,0,0,0,0,0,0,0,0,0,0,0,0,0,0,0,0,0,0,0,0,0,0,0,0,0,0,0,0,0,0,0,0,0,0,0,0,0,0,0,0,0,0,0,0,0,0,0,0,0,0,0,0,0,0,0,0,0,0,0,0,0,0,0,0,0,0,0,0,0,0,0,0,0,0,0,0,0,0,0,0,0,0,0,0,0,0,0,0,0,0,0,0,0,0,0,0,0,0,0,0,0,0,0,0,0,0,0,0,0,0,0,0,0,0,0,0,0,0,0,0,0,0,0,0,0
5110,263.48003125987617,0,0,0,0,0,0,0,0,0,0,0,0,0,0,0,0,0,0,0,0,0,0,0,0,0,0,0,0,0,0,0,0,0,0,0,0,0,0,0,0,0,0,0,0,0,0,0,0,0,0,0,0,0,0,0,0,0,0,0,0,0,0,0,0,0,0,0,0,0,0,0,0,0,0,0,0,0,0,0,0,0,0,0,0,0,0,0,0,0,0,0,0,0,0,0,0,0,0,0,0,0,0,0,0,0,0,0,0,0,0,0,0,0,0,0,0,0,0,0,0,0,0,0,0,0,0,0,0,0,0,0,0,0,0,0,0,0,0,0,0,0,0,0,0,0,0,0,0,0,0,0,0
5111,154.3692821064974,0,0,0,0,0,0,0,0,0,0,0,0,0,0,0,0,0,0,0,0,0,0,0,0,0,0,0,0,0,0,0,0,0,0,0,0,0,0,0,0,0,0,0,0,0,0,0,0,0,0,0,0,0,0,0,0,0,0,0,0,0,0,0,0,0,0,0,0,0,0,0,0,0,0,0,0,0,0,0,0,0,0,0,0,0,0,0,0,0,0,0,0,0,0,0,0,0,0,0,0,0,0,0,0,0,0,0,0,0,0,0,0,0,0,0,0,0,0,0,0,0,0,0,0,0,0,0,0,0,0,0,0,0,0,0,0,0,0,0,0,0,0,0,0,0,0,0,0,0,0,0,0
5112,126.28068644729137,0,0,0,0,0,0,0,0,0,0,0,0,0,0,0,0,0,0,0,0,0,0,0,0,0,0,0,0,0,0,0,0,0,0,0,0,0,0,0,0,0,0,0,0,0,0,0,0,0,0,0,0,0,0,0,0,0,0,0,0,0,0,0,0,0,0,0,0,0,0,0,0,0,0,0,0,0,0,0,0,0,0,0,0,0,0,0,0,0,0,0,0,0,0,0,0,0,0,0,0,0,0,0,0,0,0,0,0,0,0,0,0,0,0,0,0,0,0,0,0,0,0,0,0,0,0,0,0,0,0,0,0,0,0,0,0,0,0,0,0,0,0,0,0,0,0,0,0,0,0,0,0
5113,624.9960165711464,0,0,0,0,0,0,0,0,0,0,0,0,0,0,0,0,0,0,0,0,0,0,0,0,0,0,0,0,0,0,0,0,0,0,0,0,0,0,0,0,0,0,0,0,0,0,0,0,0,0,0,0,0,0,0,0,0,0,0,0,0,0,0,0,0,0,0,0,0,0,0,0,0,0,0,0,0,0,0,0,0,0,0,0,0,0,0,0,0,0,0,0,0,0,0,0,0,0,0,0,0,0,0,0,0,0,0,0,0,0,0,0,0,0,0,0,0,0,0,0,0,0,0,0,0,0,0,0,0,0,0,0,0,0,0,0,0,0,0,0,0,0,0,0,0,0,0,0,0,0,0,0
5114,188.3031284616,0,0,0,0,0,0,0,0,0,0,0,0,0,0,0,0,0,0,0,0,0,0,0,0,0,0,0,0,0,0,0,0,0,0,0,0,0,0,0,0,0,0,0,0,0,0,0,0,0,0,0,0,0,0,0,0,0,0,0,0,0,0,0,0,0,0,0,0,0,0,0,0,0,0,0,0,0,0,0,0,0,0,0,0,0,0,0,0,0,0,0,0,0,0,0,0,0,0,0,0,0,0,0,0,0,0,0,0,0,0,0,0,0,0,0,0,0,0,0,0,0,0,0,0,0,0,0,0,0,0,0,0,0,0,0,0,0,0,0,0,0,0,0,0,0,0,0,0,0,0,0,0
5115,301.77194693373843,16.057274664426362,53.20996476836907,0,0,0,0,0,0,0,0,0,0,0,0,0,0,0,0,0,0,0,0,0,0,0,0,0,0,0,0,0,0,0,0,0,0,0,0,0,0,0,0,0,0,0,0,0,0,0,0,0,0,0,0,0,0,0,0,0,0,0,0,0,0,0,0,0,0,0,0,0,0,0,0,0,0,0,0,0,0,0,0,0,0,0,0,0,0,0,0,0,0,0,0,0,0,0,0,0,0,0,0,0,0,0,0,0,0,0,0,0,0,0,0,0,0,0,0,0,0,0,0,0,0,0,0,0,0,0,0,0,0,0,0,0,0,0,0,0,0,0,0,0,0,0,0,0,0,0,0,0,0
5116,190.56512766255904,0,0,0,0,0,0,0,0,0,0,0,0,0,0,0,0,0,0,0,0,0,0,0,0,0,0,0,0,0,0,0,0,0,0,0,0,0,0,0,0,0,0,0,0,0,0,0,0,0,0,0,0,0,0,0,0,0,0,0,0,0,0,0,0,0,0,0,0,0,0,0,0,0,0,0,0,0,0,0,0,0,0,0,0,0,0,0,0,0,0,0,0,0,0,0,0,0,0,0,0,0,0,0,0,0,0,0,0,0,0,0,0,0,0,0,0,0,0,0,0,0,0,0,0,0,0,0,0,0,0,0,0,0,0,0,0,0,0,0,0,0,0,0,0,0,0,0,0,0,0,0,0
5117,404.9068412652247,0,0,0,0,0,0,0,0,0,0,0,0,0,0,0,0,0,0,0,0,0,0,0,0,0,0,0,0,0,0,0,0,0,0,0,0,0,0,0,0,0,0,0,0,0,0,0,0,0,0,0,0,0,0,0,0,0,0,0,0,0,0,0,0,0,0,0,0,0,0,0,0,0,0,0,0,0,0,0,0,0,0,0,0,0,0,0,0,0,0,0,0,0,0,0,0,0,0,0,0,0,0,0,0,0,0,0,0,0,0,0,0,0,0,0,0,0,0,0,0,0,0,0,0,0,0,0,0,0,0,0,0,0,0,0,0,0,0,0,0,0,0,0,0,0,0,0,0,0,0,0,0
5118,75.43704166196311,0,0,0,0,0,0,0,0,0,0,0,0,0,0,0,0,0,0,0,0,0,0,0,0,0,0,0,0,0,0,0,0,0,0,0,0,0,0,0,0,0,0,0,0,0,0,0,0,0,0,0,0,0,0,0,0,0,0,0,0,0,0,0,0,0,0,0,0,0,0,0,0,0,0,0,0,0,0,0,0,0,0,0,0,0,0,0,0,0,0,0,0,0,0,0,0,0,0,0,0,0,0,0,0,0,0,0,0,0,0,0,0,0,0,0,0,0,0,0,0,0,0,0,0,0,0,0,0,0,0,0,0,0,0,0,0,0,0,0,0,0,0,0,0,0,0,0,0,0,0,0,0
5119,249.92647854039947,217.09445776296127,868.6332837993752,0,0,0,0,0,0,0,0,0,0,0,0,0,0,0,0,0,0,0,0,0,0,0,0,0,0,2.15855431711355,2.15855431711355,2.15855431711355,2.15855431711355,2.15855431711355,2.15855431711355,2.15855431711355,2.15855431711355,2.15855431711355,2.15855431711355,2.15855431711355,2.15855431711355,2.15855431711355,2.15855431711355,2.15855431711355,2.15855431711355,2.15855431711355,2.15855431711355,2.15855431711355,2.15855431711355,2.15855431711355,2.15855431711355,2.15855431711355,2.15855431711355,2.15855431711355,2.15855431711355,2.15855431711355,2.15855431711355,2.15855431711355,2.15855431711355,2.15855431711355,2.15855431711355,2.15855431711355,2.15855431711355,2.15855431711355,2.15855431711355,2.15855431711355,2.15855431711355,2.15855431711355,2.15855431711355,2.15855431711355,2.15855431711355,2.15855431711355,2.15855431711355,2.15855431711355,2.15855431711355,2.15855431711355,2.15855431711355,2.15855431711355,0,0,0,0,0,0,0,0,0,0,0,0,0,0,0,0,0,0,0,0,0,0,0,0,0,0,8.636757216441273,8.636757216441273,8.636757216441273,8.636757216441273,8.636757216441273,8.636757216441273,8.636757216441273,8.636757216441273,8.636757216441273,8.636757216441273,8.636757216441273,8.636757216441273,8.636757216441273,8.636757216441273,8.636757216441273,8.636757216441273,8.636757216441273,8.636757216441273,8.636757216441273,8.636757216441273,8.636757216441273,8.636757216441273,8.636757216441273,8.636757216441273,8.636757216441273,8.636757216441273,8.636757216441273,8.636757216441273,8.636757216441273,8.636757216441273,8.636757216441273,8.636757216441273,8.636757216441273,8.636757216441273,8.636757216441273,8.636757216441273,8.636757216441273,8.636757216441273,8.636757216441273,8.636757216441273,8.636757216441273,8.636757216441273,8.636757216441273,8.636757216441273,8.636757216441273,8.636757216441273,8.636757216441273,8.636757216441273,8.636757216441273
5120,276.5569325589737,0,0,0,0,0,0,0,0,0,0,0,0,0,0,0,0,0,0,0,0,0,0,0,0,0,0,0,0,0,0,0,0,0,0,0,0,0,0,0,0,0,0,0,0,0,0,0,0,0,0,0,0,0,0,0,0,0,0,0,0,0,0,0,0,0,0,0,0,0,0,0,0,0,0,0,0,0,0,0,0,0,0,0,0,0,0,0,0,0,0,0,0,0,0,0,0,0,0,0,0,0,0,0,0,0,0,0,0,0,0,0,0,0,0,0,0,0,0,0,0,0,0,0,0,0,0,0,0,0,0,0,0,0,0,0,0,0,0,0,0,0,0,0,0,0,0,0,0,0,0,0,0
5121,291.8282562869173,53.85849872936882,184.55546222507206,0,0,0,0,0,0,0,0,11.16555282586082,13.206143988668979,13.206143988668979,13.206143988668979,13.206143988668979,13.206143988668979,13.206143988668979,13.206143988668979,13.206143988668979,13.206143988668979,13.206143988668979,13.206143988668979,13.206143988668979,13.206143988668979,13.206143988668979,13.206143988668979,13.206143988668979,13.206143988668979,13.206143988668979,13.206143988668979,13.206143988668979,13.206143988668979,13.206143988668979,13.206143988668979,13.206143988668979,13.206143988668979,13.206143988668979,13.206143988668979,13.206143988668979,13.206143988668979,13.206143988668979,13.206143988668979,13.206143988668979,13.206143988668979,13.206143988668979,13.206143988668979,13.206143988668979,13.206143988668979,13.206143988668979,13.206143988668979,13.206143988668979,13.206143988668979,13.206143988668979,13.206143988668979,13.206143988668979,13.206143988668979,13.206143988668979,13.206143988668979,13.206143988668979,13.206143988668979,13.206143988668979,13.206143988668979,13.206143988668979,13.206143988668979,13.206143988668979,13.206143988668979,13.206143988668979,13.206143988668979,13.206143988668979,13.206143988668979,13.206143988668979,13.206143988668979,13.206143988668979,13.206143988668979,13.206143988668979,13.206143988668979,13.206143988668979,0,0,0,0,0,0,0,0,38.26069815146057,45.2531367479545,45.2531367479545,45.2531367479545,45.2531367479545,45.2531367479545,45.2531367479545,45.2531367479545,45.2531367479545,45.2531367479545,45.2531367479545,45.2531367479545,45.2531367479545,45.2531367479545,45.2531367479545,45.2531367479545,45.2531367479545,45.2531367479545,45.2531367479545,45.2531367479545,45.2531367479545,45.2531367479545,45.2531367479545,45.2531367479545,45.2531367479545,45.2531367479545,45.2531367479545,45.2531367479545,45.2531367479545,45.2531367479545,45.2531367479545,45.2531367479545,45.2531367479545,45.2531367479545,45.2531367479545,45.2531367479545,45.2531367479545,45.2531367479545,45.2531367479545,45.2531367479545,45.2531367479545,45.2531367479545,45.2531367479545,45.2531367479545,45.2531367479545,45.2531367479545,45.2531367479545,45.2531367479545,45.2531367479545,45.2531367479545,45.2531367479545,45.2531367479545,45.2531367479545,45.2531367479545,45.2531367479545,45.2531367479545,45.2531367479545,45.2531367479545,45.2531367479545,45.2531367479545,45.2531367479545,45.2531367479545,45.2531367479545,45.2531367479545,45.2531367479545,45.2531367479545,45.2531367479545
5122,342.1456784355702,0,0,0,0,0,0,0,0,0,0,0,0,0,0,0,0,0,0,0,0,0,0,0,0,0,0,0,0,0,0,0,0,0,0,0,0,0,0,0,0,0,0,0,0,0,0,0,0,0,0,0,0,0,0,0,0,0,0,0,0,0,0,0,0,0,0,0,0,0,0,0,0,0,0,0,0,0,0,0,0,0,0,0,0,0,0,0,0,0,0,0,0,0,0,0,0,0,0,0,0,0,0,0,0,0,0,0,0,0,0,0,0,0,0,0,0,0,0,0,0,0,0,0,0,0,0,0,0,0,0,0,0,0,0,0,0,0,0,0,0,0,0,0,0,0,0,0,0,0,0,0,0
5123,174.8397959404366,0,0,0,0,0,0,0,0,0,0,0,0,0,0,0,0,0,0,0,0,0,0,0,0,0,0,0,0,0,0,0,0,0,0,0,0,0,0,0,0,0,0,0,0,0,0,0,0,0,0,0,0,0,0,0,0,0,0,0,0,0,0,0,0,0,0,0,0,0,0,0,0,0,0,0,0,0,0,0,0,0,0,0,0,0,0,0,0,0,0,0,0,0,0,0,0,0,0,0,0,0,0,0,0,0,0,0,0,0,0,0,0,0,0,0,0,0,0,0,0,0,0,0,0,0,0,0,0,0,0,0,0,0,0,0,0,0,0,0,0,0,0,0,0,0,0,0,0,0,0,0,0
5124,242.73364488591017,0,0,0,0,0,0,0,0,0,0,0,0,0,0,0,0,0,0,0,0,0,0,0,0,0,0,0,0,0,0,0,0,0,0,0,0,0,0,0,0,0,0,0,0,0,0,0,0,0,0,0,0,0,0,0,0,0,0,0,0,0,0,0,0,0,0,0,0,0,0,0,0,0,0,0,0,0,0,0,0,0,0,0,0,0,0,0,0,0,0,0,0,0,0,0,0,0,0,0,0,0,0,0,0,0,0,0,0,0,0,0,0,0,0,0,0,0,0,0,0,0,0,0,0,0,0,0,0,0,0,0,0,0,0,0,0,0,0,0,0,0,0,0,0,0,0,0,0,0,0,0,0
5125,1186.693407472781,169.41454393588202,142.76184806374923,0,0,0,0,0,0,0,0,0,0,0,0,0,0,0,0,0,0,0,0,0,0,0,0,0,0,0,0,0,0,0,0,0,0,0,0,0,0,0,0,0,0,0,0,0,0,0,0,0,0,0,0,0,0,0,0,0,0,0,0,0,0,0,0,0,0,0,0,0,0,0,0,0,0,0,0,0,0,0,0,0,0,0,0,0,0,0,0,0,0,0,0,0,0,0,0,0,0,0,0,0,0,0,0,0,0,0,0,0,0,0,0,0,0,0,0,0,0,0,0,0,0,0,0,0,0,0,0,0,0,0,0,0,0,0,0,0,0,0,0,0,0,0,0,0,0,0,0,0,0
5126,195.62550711155723,0,0,0,0,0,0,0,0,0,0,0,0,0,0,0,0,0,0,0,0,0,0,0,0,0,0,0,0,0,0,0,0,0,0,0,0,0,0,0,0,0,0,0,0,0,0,0,0,0,0,0,0,0,0,0,0,0,0,0,0,0,0,0,0,0,0,0,0,0,0,0,0,0,0,0,0,0,0,0,0,0,0,0,0,0,0,0,0,0,0,0,0,0,0,0,0,0,0,0,0,0,0,0,0,0,0,0,0,0,0,0,0,0,0,0,0,0,0,0,0,0,0,0,0,0,0,0,0,0,0,0,0,0,0,0,0,0,0,0,0,0,0,0,0,0,0,0,0,0,0,0,0
5127,469.18340408786986,26.869688426183938,57.269051275206046,0,0,0,0,0,0,0,0,0,0,0,0,0,0,0,0,0,0,0,0,0,0,0,0,0,0,0,0,0,0,0,0,0,0,0,0,0,0,0,0,0,0,0,0,0,0,0,0,0,0,0,0,0,0,0,0,0,0,0,0.3997162085258082,0.3997162085258082,0.3997162085258082,0.3997162085258082,0.3997162085258082,12.445451846731206,12.445451846731206,12.445451846731206,12.445451846731206,12.445451846731206,12.445451846731206,12.445451846731206,12.445451846731206,12.445451846731206,12.445451846731206,12.445451846731206,0,0,0,0,0,0,0,0,0,0,0,0,0,0,0,0,0,0,0,0,0,0,0,0,0,0,0,0,0,0,0,0,0,0,0,0,0,0,0,0,0,0,0,0,0,0,0,0,0,0,0,0,0,0,0,0,0,0,0,0.8519402115317538,0.8519402115317538,0.8519402115317538,0.8519402115317538,0.8519402115317538,26.525771666894663,26.525771666894663,26.525771666894663,26.525771666894663,26.525771666894663,26.525771666894663,26.525771666894663,26.525771666894663,26.525771666894663,26.525771666894663,26.525771666894663
5128,863.9042336289128,0,0,0,0,0,0,0,0,0,0,0,0,0,0,0,0,0,0,0,0,0,0,0,0,0,0,0,0,0,0,0,0,0,0,0,0,0,0,0,0,0,0,0,0,0,0,0,0,0,0,0,0,0,0,0,0,0,0,0,0,0,0,0,0,0,0,0,0,0,0,0,0,0,0,0,0,0,0,0,0,0,0,0,0,0,0,0,0,0,0,0,0,0,0,0,0,0,0,0,0,0,0,0,0,0,0,0,0,0,0,0,0,0,0,0,0,0,0,0,0,0,0,0,0,0,0,0,0,0,0,0,0,0,0,0,0,0,0,0,0,0,0,0,0,0,0,0,0,0,0,0,0
5129,198.23990458281327,0,0,0,0,0,0,0,0,0,0,0,0,0,0,0,0,0,0,0,0,0,0,0,0,0,0,0,0,0,0,0,0,0,0,0,0,0,0,0,0,0,0,0,0,0,0,0,0,0,0,0,0,0,0,0,0,0,0,0,0,0,0,0,0,0,0,0,0,0,0,0,0,0,0,0,0,0,0,0,0,0,0,0,0,0,0,0,0,0,0,0,0,0,0,0,0,0,0,0,0,0,0,0,0,0,0,0,0,0,0,0,0,0,0,0,0,0,0,0,0,0,0,0,0,0,0,0,0,0,0,0,0,0,0,0,0,0,0,0,0,0,0,0,0,0,0,0,0,0,0,0,0
5130,168.26994816760933,0,0,0,0,0,0,0,0,0,0,0,0,0,0,0,0,0,0,0,0,0,0,0,0,0,0,0,0,0,0,0,0,0,0,0,0,0,0,0,0,0,0,0,0,0,0,0,0,0,0,0,0,0,0,0,0,0,0,0,0,0,0,0,0,0,0,0,0,0,0,0,0,0,0,0,0,0,0,0,0,0,0,0,0,0,0,0,0,0,0,0,0,0,0,0,0,0,0,0,0,0,0,0,0,0,0,0,0,0,0,0,0,0,0,0,0,0,0,0,0,0,0,0,0,0,0,0,0,0,0,0,0,0,0,0,0,0,0,0,0,0,0,0,0,0,0,0,0,0,0,0,0
5131,25.91591258957079,0,0,0,0,0,0,0,0,0,0,0,0,0,0,0,0,0,0,0,0,0,0,0,0,0,0,0,0,0,0,0,0,0,0,0,0,0,0,0,0,0,0,0,0,0,0,0,0,0,0,0,0,0,0,0,0,0,0,0,0,0,0,0,0,0,0,0,0,0,0,0,0,0,0,0,0,0,0,0,0,0,0,0,0,0,0,0,0,0,0,0,0,0,0,0,0,0,0,0,0,0,0,0,0,0,0,0,0,0,0,0,0,0,0,0,0,0,0,0,0,0,0,0,0,0,0,0,0,0,0,0,0,0,0,0,0,0,0,0,0,0,0,0,0,0,0,0,0,0,0,0,0
5132,96.61800217917728,0,0,0,0,0,0,0,0,0,0,0,0,0,0,0,0,0,0,0,0,0,0,0,0,0,0,0,0,0,0,0,0,0,0,0,0,0,0,0,0,0,0,0,0,0,0,0,0,0,0,0,0,0,0,0,0,0,0,0,0,0,0,0,0,0,0,0,0,0,0,0,0,0,0,0,0,0,0,0,0,0,0,0,0,0,0,0,0,0,0,0,0,0,0,0,0,0,0,0,0,0,0,0,0,0,0,0,0,0,0,0,0,0,0,0,0,0,0,0,0,0,0,0,0,0,0,0,0,0,0,0,0,0,0,0,0,0,0,0,0,0,0,0,0,0,0,0,0,0,0,0,0
5133,561.8610469935528,0,0,0,0,0,0,0,0,0,0,0,0,0,0,0,0,0,0,0,0,0,0,0,0,0,0,0,0,0,0,0,0,0,0,0,0,0,0,0,0,0,0,0,0,0,0,0,0,0,0,0,0,0,0,0,0,0,0,0,0,0,0,0,0,0,0,0,0,0,0,0,0,0,0,0,0,0,0,0,0,0,0,0,0,0,0,0,0,0,0,0,0,0,0,0,0,0,0,0,0,0,0,0,0,0,0,0,0,0,0,0,0,0,0,0,0,0,0,0,0,0,0,0,0,0,0,0,0,0,0,0,0,0,0,0,0,0,0,0,0,0,0,0,0,0,0,0,0,0,0,0,0
5134,193.9023676328516,11.9548052754421,61.65373544111731,0,0,0,0,0,0,0,0,0,0,0,0,0,0,0,0,0,0,0,0,0,0,0,0,0,0,0,0,0,0,0,0,0,0,0,0,0,0,0,0,0,0,0,0,0,0,0,0,0,0,0,0,0,0,0,0,0,0,0,0,0,0,0,0,0,0,0,0,0,0,0,0,0,0,0,0,0,0,0,0,0,0,0,0,0,0,0,0,0,0,0,0,0,0,0,0,0,0,0,0,0,0,0,0,0,0,0,0,0,0,0,0,0,0,0,0,0,0,0,0,0,0,0,0,0,0,0,0,0,0,0,0,0,0,0,0,0,0,0,0,0,0,0,0,0,0,0,0,0,0
5135,157.8717640595603,0,0,0,0,0,0,0,0,0,0,0,0,0,0,0,0,0,0,0,0,0,0,0,0,0,0,0,0,0,0,0,0,0,0,0,0,0,0,0,0,0,0,0,0,0,0,0,0,0,0,0,0,0,0,0,0,0,0,0,0,0,0,0,0,0,0,0,0,0,0,0,0,0,0,0,0,0,0,0,0,0,0,0,0,0,0,0,0,0,0,0,0,0,0,0,0,0,0,0,0,0,0,0,0,0,0,0,0,0,0,0,0,0,0,0,0,0,0,0,0,0,0,0,0,0,0,0,0,0,0,0,0,0,0,0,0,0,0,0,0,0,0,0,0,0,0,0,0,0,0,0,0
5136,213.87753368440247,0,0,0,0,0,0,0,0,0,0,0,0,0,0,0,0,0,0,0,0,0,0,0,0,0,0,0,0,0,0,0,0,0,0,0,0,0,0,0,0,0,0,0,0,0,0,0,0,0,0,0,0,0,0,0,0,0,0,0,0,0,0,0,0,0,0,0,0,0,0,0,0,0,0,0,0,0,0,0,0,0,0,0,0,0,0,0,0,0,0,0,0,0,0,0,0,0,0,0,0,0,0,0,0,0,0,0,0,0,0,0,0,0,0,0,0,0,0,0,0,0,0,0,0,0,0,0,0,0,0,0,0,0,0,0,0,0,0,0,0,0,0,0,0,0,0,0,0,0,0,0,0
5137,123.972131449586,0,0,0,0,0,0,0,0,0,0,0,0,0,0,0,0,0,0,0,0,0,0,0,0,0,0,0,0,0,0,0,0,0,0,0,0,0,0,0,0,0,0,0,0,0,0,0,0,0,0,0,0,0,0,0,0,0,0,0,0,0,0,0,0,0,0,0,0,0,0,0,0,0,0,0,0,0,0,0,0,0,0,0,0,0,0,0,0,0,0,0,0,0,0,0,0,0,0,0,0,0,0,0,0,0,0,0,0,0,0,0,0,0,0,0,0,0,0,0,0,0,0,0,0,0,0,0,0,0,0,0,0,0,0,0,0,0,0,0,0,0,0,0,0,0,0,0,0,0,0,0,0
5138,353.8758154327293,175.38637946452243,495.61561377133114,0,0,0,0,0,0,0,0,0,0,0,0,0,0,0,0,0,0,0,0,0,0,0,0,0,0,0,10.022386531505353,10.022386531505353,17.273861684907175,17.273861684907175,17.273861684907175,17.273861684907175,17.273861684907175,17.273861684907175,17.273861684907175,17.273861684907175,17.273861684907175,17.273861684907175,17.273861684907175,17.273861684907175,17.273861684907175,17.273861684907175,17.273861684907175,17.273861684907175,17.273861684907175,17.273861684907175,17.273861684907175,17.273861684907175,17.273861684907175,17.273861684907175,17.273861684907175,17.273861684907175,17.273861684907175,17.273861684907175,17.273861684907175,17.273861684907175,17.273861684907175,17.273861684907175,17.273861684907175,17.273861684907175,17.273861684907175,17.273861684907175,17.273861684907175,17.273861684907175,17.273861684907175,17.273861684907175,17.273861684907175,17.273861684907175,17.273861684907175,17.273861684907175,17.273861684907175,17.273861684907175,17.273861684907175,17.273861684907175,0,0,0,0,0,0,0,0,0,0,0,0,0,0,0,0,0,0,0,0,0,0,0,0,0,0,0,28.321761743592724,28.321761743592724,48.81334335827445,48.81334335827445,48.81334335827445,48.81334335827445,48.81334335827445,48.81334335827445,48.81334335827445,48.81334335827445,48.81334335827445,48.81334335827445,48.81334335827445,48.81334335827445,48.81334335827445,48.81334335827445,48.81334335827445,48.81334335827445,48.81334335827445,48.81334335827445,48.81334335827445,48.81334335827445,48.81334335827445,48.81334335827445,48.81334335827445,48.81334335827445,48.81334335827445,48.81334335827445,48.81334335827445,48.81334335827445,48.81334335827445,48.81334335827445,48.81334335827445,48.81334335827445,48.81334335827445,48.81334335827445,48.81334335827445,48.81334335827445,48.81334335827445,48.81334335827445,48.81334335827445,48.81334335827445,48.81334335827445,48.81334335827445,48.81334335827445,48.81334335827445,48.81334335827445,48.81334335827445
5139,357.20218751284597,0,0,0,0,0,0,0,0,0,0,0,0,0,0,0,0,0,0,0,0,0,0,0,0,0,0,0,0,0,0,0,0,0,0,0,0,0,0,0,0,0,0,0,0,0,0,0,0,0,0,0,0,0,0,0,0,0,0,0,0,0,0,0,0,0,0,0,0,0,0,0,0,0,0,0,0,0,0,0,0,0,0,0,0,0,0,0,0,0,0,0,0,0,0,0,0,0,0,0,0,0,0,0,0,0,0,0,0,0,0,0,0,0,0,0,0,0,0,0,0,0,0,0,0,0,0,0,0,0,0,0,0,0,0,0,0,0,0,0,0,0,0,0,0,0,0,0,0,0,0,0,0
5140,223.21873699013375,0,0,0,0,0,0,0,0,0,0,0,0,0,0,0,0,0,0,0,0,0,0,0,0,0,0,0,0,0,0,0,0,0,0,0,0,0,0,0,0,0,0,0,0,0,0,0,0,0,0,0,0,0,0,0,0,0,0,0,0,0,0,0,0,0,0,0,0,0,0,0,0,0,0,0,0,0,0,0,0,0,0,0,0,0,0,0,0,0,0,0,0,0,0,0,0,0,0,0,0,0,0,0,0,0,0,0,0,0,0,0,0,0,0,0,0,0,0,0,0,0,0,0,0,0,0,0,0,0,0,0,0,0,0,0,0,0,0,0,0,0,0,0,0,0,0,0,0,0,0,0,0
5141,102.5771298729459,0,0,0,0,0,0,0,0,0,0,0,0,0,0,0,0,0,0,0,0,0,0,0,0,0,0,0,0,0,0,0,0,0,0,0,0,0,0,0,0,0,0,0,0,0,0,0,0,0,0,0,0,0,0,0,0,0,0,0,0,0,0,0,0,0,0,0,0,0,0,0,0,0,0,0,0,0,0,0,0,0,0,0,0,0,0,0,0,0,0,0,0,0,0,0,0,0,0,0,0,0,0,0,0,0,0,0,0,0,0,0,0,0,0,0,0,0,0,0,0,0,0,0,0,0,0,0,0,0,0,0,0,0,0,0,0,0,0,0,0,0,0,0,0,0,0,0,0,0,0,0,0
5142,135.441792239944,0,0,0,0,0,0,0,0,0,0,0,0,0,0,0,0,0,0,0,0,0,0,0,0,0,0,0,0,0,0,0,0,0,0,0,0,0,0,0,0,0,0,0,0,0,0,0,0,0,0,0,0,0,0,0,0,0,0,0,0,0,0,0,0,0,0,0,0,0,0,0,0,0,0,0,0,0,0,0,0,0,0,0,0,0,0,0,0,0,0,0,0,0,0,0,0,0,0,0,0,0,0,0,0,0,0,0,0,0,0,0,0,0,0,0,0,0,0,0,0,0,0,0,0,0,0,0,0,0,0,0,0,0,0,0,0,0,0,0,0,0,0,0,0,0,0,0,0,0,0,0,0
5143,213.89509918342756,0,0,0,0,0,0,0,0,0,0,0,0,0,0,0,0,0,0,0,0,0,0,0,0,0,0,0,0,0,0,0,0,0,0,0,0,0,0,0,0,0,0,0,0,0,0,0,0,0,0,0,0,0,0,0,0,0,0,0,0,0,0,0,0,0,0,0,0,0,0,0,0,0,0,0,0,0,0,0,0,0,0,0,0,0,0,0,0,0,0,0,0,0,0,0,0,0,0,0,0,0,0,0,0,0,0,0,0,0,0,0,0,0,0,0,0,0,0,0,0,0,0,0,0,0,0,0,0,0,0,0,0,0,0,0,0,0,0,0,0,0,0,0,0,0,0,0,0,0,0,0,0
5144,873.8694532343251,40.6401390838677,46.50596142644912,0,0,0,0,0,0,0,0,0,0,0,0,0,0,0,0,0,0,0,0,0,0,0,0,0,0,0,0,0,0,0,0,0,0,0,0,0,0,0,0,0,0,0,0,0,0,0,0,0,0,0,0,0,0,0,0,0,0,0,0,0,0,0,0,0,0,0,0,0,0,0,0,0,0,0,0,0,0,0,0,0,0,0,0,0,0,0,0,0,0,0,0,0,0,0,0,0,0,0,0,0,0,0,0,0,0,0,0,0,0,0,0,0,0,0,0,0,0,0,0,0,0,0,0,0,0,0,0,0,0,0,0,0,0,0,0,0,0,0,0,0,0,0,0,0,0,0,0,0,0
5145,84.39280096565176,14.111048460991805,167.20677948270807,0,0,0,0,0,0,0,0,0,0,0,0,0,0,0,0,0,0,0,0,0,0,0,0,0,0,0,0,0,0,0,0,0,0,0,0,0,0,0,0,0,0,0,0,0,0,0,0,0,0,0,0,0,0,0,0,0,0,0,0,0,0,0,0,0,0,0,0,0,0,0,0,0,0,0,0,0,0,0,0,0,0,0,0,0,0,0,0,0,0,0,0,0,0,0,0,0,0,0,0,0,0,0,0,0,0,0,0,0,0,0,0,0,0,0,0,0,0,0,0,0,0,0,0,0,0,0,0,0,0,0,0,0,0,0,0,0,0,0,0,0,0,0,0,0,0,0,0,0,0
5146,37.97844567196779,0,0,0,0,0,0,0,0,0,0,0,0,0,0,0,0,0,0,0,0,0,0,0,0,0,0,0,0,0,0,0,0,0,0,0,0,0,0,0,0,0,0,0,0,0,0,0,0,0,0,0,0,0,0,0,0,0,0,0,0,0,0,0,0,0,0,0,0,0,0,0,0,0,0,0,0,0,0,0,0,0,0,0,0,0,0,0,0,0,0,0,0,0,0,0,0,0,0,0,0,0,0,0,0,0,0,0,0,0,0,0,0,0,0,0,0,0,0,0,0,0,0,0,0,0,0,0,0,0,0,0,0,0,0,0,0,0,0,0,0,0,0,0,0,0,0,0,0,0,0,0,0
5147,47.74421125475705,0,0,0,0,0,0,0,0,0,0,0,0,0,0,0,0,0,0,0,0,0,0,0,0,0,0,0,0,0,0,0,0,0,0,0,0,0,0,0,0,0,0,0,0,0,0,0,0,0,0,0,0,0,0,0,0,0,0,0,0,0,0,0,0,0,0,0,0,0,0,0,0,0,0,0,0,0,0,0,0,0,0,0,0,0,0,0,0,0,0,0,0,0,0,0,0,0,0,0,0,0,0,0,0,0,0,0,0,0,0,0,0,0,0,0,0,0,0,0,0,0,0,0,0,0,0,0,0,0,0,0,0,0,0,0,0,0,0,0,0,0,0,0,0,0,0,0,0,0,0,0,0
6001,236.04799908947228,0,0,0,0,0,0,0,0,0,0,0,0,0,0,0,0,0,0,0,0,0,0,0,0,0,0,0,0,0,0,0,0,0,0,0,0,0,0,0,0,0,0,0,0,0,0,0,0,0,0,0,0,0,0,0,0,0,0,0,0,0,0,0,0,0,0,0,0,0,0,0,0,0,0,0,0,0,0,0,0,0,0,0,0,0,0,0,0,0,0,0,0,0,0,0,0,0,0,0,0,0,0,0,0,0,0,0,0,0,0,0,0,0,0,0,0,0,0,0,0,0,0,0,0,0,0,0,0,0,0,0,0,0,0,0,0,0,0,0,0,0,0,0,0,0,0,0,0,0,0,0,0
6002,344.4872318380065,0,0,0,0,0,0,0,0,0,0,0,0,0,0,0,0,0,0,0,0,0,0,0,0,0,0,0,0,0,0,0,0,0,0,0,0,0,0,0,0,0,0,0,0,0,0,0,0,0,0,0,0,0,0,0,0,0,0,0,0,0,0,0,0,0,0,0,0,0,0,0,0,0,0,0,0,0,0,0,0,0,0,0,0,0,0,0,0,0,0,0,0,0,0,0,0,0,0,0,0,0,0,0,0,0,0,0,0,0,0,0,0,0,0,0,0,0,0,0,0,0,0,0,0,0,0,0,0,0,0,0,0,0,0,0,0,0,0,0,0,0,0,0,0,0,0,0,0,0,0,0,0
6003,321.7005406145314,135.80964607386593,422.1616967582159,0,0,0,0,0,0,0,0,0,0,0,0,0,0,0,0,0,0,0,0,0,0,18.388809622088218,18.388809622088218,18.388809622088218,18.388809622088218,18.388809622088218,18.388809622088218,18.388809622088218,18.388809622088218,18.388809622088218,18.388809622088218,18.388809622088218,18.388809622088218,18.388809622088218,18.388809622088218,18.388809622088218,18.388809622088218,18.388809622088218,18.388809622088218,18.388809622088218,18.388809622088218,18.388809622088218,18.388809622088218,18.388809622088218,18.388809622088218,18.388809622088218,18.388809622088218,18.388809622088218,18.388809622088218,18.388809622088218,18.388809622088218,18.388809622088218,18.388809622088218,18.388809622088218,18.388809622088218,18.388809622088218,18.388809622088218,18.388809622088218,18.388809622088218,18.388809622088218,18.388809622088218,18.388809622088218,18.388809622088218,18.388809622088218,18.388809622088218,18.388809622088218,18.388809622088218,18.388809622088218,18.388809622088218,18.388809622088218,18.388809622088218,18.388809622088218,18.388809622088218,18.388809622088218,0,0,0,0,0,0,0,0,0,0,0,0,0,0,0,0,0,0,0,0,0,0,57.16126428311505,57.16126428311505,57.16126428311505,57.16126428311505,57.16126428311505,57.16126428311505,57.16126428311505,57.16126428311505,57.16126428311505,57.16126428311505,57.16126428311505,57.16126428311505,57.16126428311505,57.16126428311505,57.16126428311505,57.16126428311505,57.16126428311505,57.16126428311505,57.16126428311505,57.16126428311505,57.16126428311505,57.16126428311505,57.16126428311505,57.16126428311505,57.16126428311505,57.16126428311505,57.16126428311505,57.16126428311505,57.16126428311505,57.16126428311505,57.16126428311505,57.16126428311505,57.16126428311505,57.16126428311505,57.16126428311505,57.16126428311505,57.16126428311505,57.16126428311505,57.16126428311505,57.16126428311505,57.16126428311505,57.16126428311505,57.16126428311505,57.16126428311505,57.16126428311505,57.16126428311505,57.16126428311505,57.16126428311505,57.16126428311505,57.16126428311505,57.16126428311505,57.16126428311505,57.16126428311505
6004,160.72587148595204,0,0,0,0,0,0,0,0,0,0,0,0,0,0,0,0,0,0,0,0,0,0,0,0,0,0,0,0,0,0,0,0,0,0,0,0,0,0,0,0,0,0,0,0,0,0,0,0,0,0,0,0,0,0,0,0,0,0,0,0,0,0,0,0,0,0,0,0,0,0,0,0,0,0,0,0,0,0,0,0,0,0,0,0,0,0,0,0,0,0,0,0,0,0,0,0,0,0,0,0,0,0,0,0,0,0,0,0,0,0,0,0,0,0,0,0,0,0,0,0,0,0,0,0,0,0,0,0,0,0,0,0,0,0,0,0,0,0,0,0,0,0,0,0,0,0,0,0,0,0,0,0
6005,97.38627702827323,0,0,0,0,0,0,0,0,0,0,0,0,0,0,0,0,0,0,0,0,0,0,0,0,0,0,1.1776692681019314,1.1776692681019314,1.1776692681019314,1.1776692681019314,1.1776692681019314,1.1776692681019314,1.1776692681019314,1.1776692681019314,1.1776692681019314,1.1776692681019314,1.1776692681019314,1.1776692681019314,1.1776692681019314,1.1776692681019314,1.1776692681019314,1.1776692681019314,1.1776692681019314,1.1776692681019314,1.1776692681019314,1.1776692681019314,1.1776692681019314,1.1776692681019314,1.1776692681019314,1.1776692681019314,1.1776692681019314,1.1776692681019314,1.1776692681019314,1.1776692681019314,1.1776692681019314,1.1776692681019314,1.1776692681019314,1.1776692681019314,1.1776692681019314,1.1776692681019314,1.1776692681019314,1.1776692681019314,1.1776692681019314,1.1776692681019314,1.1776692681019314,1.1776692681019314,1.1776692681019314,1.1776692681019314,1.1776692681019314,1.1776692681019314,1.1776692681019314,1.1776692681019314,1.1776692681019314,1.1776692681019314,1.1776692681019314,1.1776692681019314,1.1776692681019314,0,0,0,0,0,0,0,0,0,0,0,0,0,0,0,0,0,0,0,0,0,0,0,0,12.09276403245223,12.09276403245223,12.09276403245223,12.09276403245223,12.09276403245223,12.09276403245223,12.09276403245223,12.09276403245223,12.09276403245223,12.09276403245223,12.09276403245223,12.09276403245223,12.09276403245223,12.09276403245223,12.09276403245223,12.09276403245223,12.09276403245223,12.09276403245223,12.09276403245223,12.09276403245223,12.09276403245223,12.09276403245223,12.09276403245223,12.09276403245223,12.09276403245223,12.09276403245223,12.09276403245223,12.09276403245223,12.09276403245223,12.09276403245223,12.09276403245223,12.09276403245223,12.09276403245223,12.09276403245223,12.09276403245223,12.09276403245223,12.09276403245223,12.09276403245223,12.09276403245223,12.09276403245223,12.09276403245223,12.09276403245223,12.09276403245223,12.09276403245223,12.09276403245223,12.09276403245223,12.09276403245223,12.09276403245223,12.09276403245223,12.09276403245223,12.09276403245223
6006,1265.6022820020376,0,0,0,0,0,0,0,0,0,0,0,0,0,0,0,0,0,0,0,0,0,0,0,0,0,0,0,0,0,0,0,0,0,0,0,0,0,0,0,0,0,0,0,0,0,0,0,0,0,0,0,0,0,0,0,0,0,0,0,0,0,0,0,0,0,0,0,0,0,0,0,0,0,0,0,0,0,0,0,0,0,0,0,0,0,0,0,0,0,0,0,0,0,0,0,0,0,0,0,0,0,0,0,0,0,0,0,0,0,0,0,0,0,0,0,0,0,0,0,0,0,0,0,0,0,0,0,0,0,0,0,0,0,0,0,0,0,0,0,0,0,0,0,0,0,0,0,0,0,0,0,0
6007,399.7728742243477,0,0,0,0,0,0,0,0,0,0,0,0,0,0,0,0,0,0,0,0,0,0,0,0,0,0,0,0,0,0,0,0,0,0,0,0,0,0,0,0,0,0,0,0,0,0,0,0,0,0,0,0,0,0,0,0,0,0,0,0,0,0,0,0,0,0,0,0,0,0,0,0,0,0,0,0,0,0,0,0,0,0,0,0,0,0,0,0,0,0,0,0,0,0,0,0,0,0,0,0,0,0,0,0,0,0,0,0,0,0,0,0,0,0,0,0,0,0,0,0,0,0,0,0,0,0,0,0,0,0,0,0,0,0,0,0,0,0,0,0,0,0,0,0,0,0,0,0,0,0,0,0
6008,183.26381154338404,15.216043074612411,83.02808364874763,0,0,0,0,0,0,0,0,0,0,0,0,0,0,0,0,0,0,0,0,0,0,0,0,0,0,0,0,0,0,0,0,0,0,0,0,0,0,0,0,0,0,0,0,0,0,0,0,0,0,0,0,0,0,0,0,0,0,0,0,0,0,0,0,0,0,0,0,0,0,0,0,0,0,0,0,0,0,0,0,0,0,0,0,0,0,0,0,0,0,0,0,0,0,0,0,0,0,0,0,0,0,0,0,0,0,0,0,0,0,0,0,0,0,0,0,0,0,0,0,0,0,0,0,0,0,0,0,0,0,0,0,0,0,0,0,0,0,0,0,0,0,0,0,0,0,0,0,0,0
6009,574.8534639510044,34.548132577061786,60.099024783829734,0,0,0,0,0,0,0,0,0,0,0,0,0,0,0,0,0,0,0,0,0,0,0,0,0,0,0,0,0,0,0,0,0,0,0,0,0,0,0,0,0,0,8.936811676557152,8.936811676557152,8.936811676557152,33.481026384026094,33.481026384026094,33.481026384026094,33.481026384026094,33.481026384026094,33.481026384026094,33.481026384026094,33.481026384026094,33.481026384026094,33.481026384026094,33.481026384026094,33.481026384026094,33.481026384026094,33.481026384026094,33.481026384026094,33.481026384026094,33.481026384026094,33.481026384026094,33.481026384026094,33.481026384026094,33.481026384026094,33.481026384026094,33.481026384026094,33.481026384026094,33.481026384026094,33.481026384026094,33.481026384026094,33.481026384026094,33.481026384026094,33.481026384026094,0,0,0,0,0,0,0,0,0,0,0,0,0,0,0,0,0,0,0,0,0,0,0,0,0,0,0,0,0,0,0,0,0,0,0,0,0,0,0,0,0,0,15.546243063638997,15.546243063638997,15.546243063638997,58.2427148545107,58.2427148545107,58.2427148545107,58.2427148545107,58.2427148545107,58.2427148545107,58.2427148545107,58.2427148545107,58.2427148545107,58.2427148545107,58.2427148545107,58.2427148545107,58.2427148545107,58.2427148545107,58.2427148545107,58.2427148545107,58.2427148545107,58.2427148545107,58.2427148545107,58.2427148545107,58.2427148545107,58.2427148545107,58.2427148545107,58.2427148545107,58.2427148545107,58.2427148545107,58.2427148545107,58.2427148545107,58.2427148545107,58.2427148545107
6010,960.6712989876081,0,0,0,0,0,0,0,0,0,0,0,0,0,0,0,0,0,0,0,0,0,0,0,0,0,0,0,0,0,0,0,0,0,0,0,0,0,0,0,0,0,0,0,0,0,0,0,0,0,0,0,0,0,0,0,0,0,0,0,0,0,0,0,0,0,0,0,0,0,0,0,0,0,0,0,0,0,0,0,0,0,0,0,0,0,0,0,0,0,0,0,0,0,0,0,0,0,0,0,0,0,0,0,0,0,0,0,0,0,0,0,0,0,0,0,0,0,0,0,0,0,0,0,0,0,0,0,0,0,0,0,0,0,0,0,0,0,0,0,0,0,0,0,0,0,0,0,0,0,0,0,0
6011,1338.9471346221271,125.44760114172531,93.6912279043255,0,0,0,0,0,0,0,0,0,0,0,0,0,0,0,0,0,0,0,0,0,0,0,0,0,0,0,0,0,0,0,0,0,0,0,0,0,0,0,0,0,0,0,0,0,13.476218370144249,13.476218370144249,13.476218370144249,13.476218370144249,41.56572386565011,41.56572386565011,41.56572386565011,41.56572386565011,41.56572386565011,41.56572386565011,41.56572386565011,41.56572386565011,41.56572386565011,41.56572386565011,41.56572386565011,41.56572386565011,65.29159132443618,65.29159132443618,65.29159132443618,65.29159132443618,65.29159132443618,65.29159132443618,65.29159132443618,65.29159132443618,65.29159132443618,65.29159132443618,65.29159132443618,65.29159132443618,65.29159132443618,65.29159132443618,0,0,0,0,0,0,0,0,0,0,0,0,0,0,0,0,0,0,0,0,0,0,0,0,0,0,0,0,0,0,0,0,0,0,0,0,0,0,0,0,0,0,0,0,0,10.06478748987163,10.06478748987163,10.06478748987163,10.06478748987163,31.043588496405153,31.043588496405153,31.043588496405153,31.043588496405153,31.043588496405153,31.043588496405153,31.043588496405153,31.043588496405153,31.043588496405153,31.043588496405153,31.043588496405153,31.043588496405153,48.76338253852162,48.76338253852162,48.76338253852162,48.76338253852162,48.76338253852162,48.76338253852162,48.76338253852162,48.76338253852162,48.76338253852162,48.76338253852162,48.76338253852162,48.76338253852162,48.76338253852162,48.76338253852162
6012,231.63837169080085,64.87705721021314,280.07905916733586,0,0,0,0,0,0,0,0,0,0,0,0,0,0,0,0,0,0,0,0,0,0,0,0,0,0,0,0,0,0,0,0,0,0,0,0,0,0,0,0,0,0,0,0,0,0,0,0,0,0,0,0,0,0,0,0,0,0,0,0,0,0,0,0,0,0,0,0,0,0,0,0,0,0,0,0,0,0,0,0,0,0,0,0,0,0,0,0,0,0,0,0,0,0,0,0,0,0,0,0,0,0,0,0,0,0,0,0,0,0,0,0,0,0,0,0,0,0,0,0,0,0,0,0,0,0,0,0,0,0,0,0,0,0,0,0,0,0,0,0,0,0,0,0,0,0,0,0,0,0
6013,99.16123682114115,0,0,0,0,0,0,0,0,0,0,0,0,0,0,0,0,0,0,0,0,0,0,0,0,0,0,0,0,0,0,0,0,0,0,0,0,0,0,0,0,0,0,0,0,0,0,0,0,0,0,0,0,0,0,0,0,0,0,0,0,0,0,0,0,0,0,0,0,0,0,0,0,0,0,0,0,0,0,0,0,0,0,0,0,0,0,0,0,0,0,0,0,0,0,0,0,0,0,0,0,0,0,0,0,0,0,0,0,0,0,0,0,0,0,0,0,0,0,0,0,0,0,0,0,0,0,0,0,0,0,0,0,0,0,0,0,0,0,0,0,0,0,0,0,0,0,0,0,0,0,0,0
6014,336.6418991765325,0,0,0,0,0,0,0,0,0,0,0,0,0,0,0,0,0,0,0,0,0,0,0,0,0,0,0,0,0,0,0,0,0,0,0,0,0,0,0,0,0,0,0,0,0,0,0,0,0,0,0,0,0,0,0,0,0,0,0,0,0,0,0,0,0,0,0,0,0,0,0,0,0,0,0,0,0,0,0,0,0,0,0,0,0,0,0,0,0,0,0,0,0,0,0,0,0,0,0,0,0,0,0,0,0,0,0,0,0,0,0,0,0,0,0,0,0,0,0,0,0,0,0,0,0,0,0,0,0,0,0,0,0,0,0,0,0,0,0,0,0,0,0,0,0,0,0,0,0,0,0,0
6015,270.47991880237686,0,0,0,0,0,0,0,0,0,0,0,0,0,0,0,0,0,0,0,0,0,0,0,0,0,0,0,0,0,0,0,0,0,0,0,0,0,0,0,0,0,0,0,0,0,0,0,0,0,0,0,0,0,0,0,0,0,0,0,0,0,0,0,0,0,0,0,0,0,0,0,0,0,0,0,0,0,0,0,0,0,0,0,0,0,0,0,0,0,0,0,0,0,0,0,0,0,0,0,0,0,0,0,0,0,0,0,0,0,0,0,0,0,0,0,0,0,0,0,0,0,0,0,0,0,0,0,0,0,0,0,0,0,0,0,0,0,0,0,0,0,0,0,0,0,0,0,0,0,0,0,0
6016,208.40973494731367,0,0,0,0,0,0,0,0,0,0,0,0,0,0,0,0,0,0,0,0,0,0,0,0,0,0,0,0,0,0,0,0,0,0,0,0,0,0,0,0,0,0,0,0,0,0,0,0,0,0,0,0,0,0,0,0,0,0,0,0,0,0,0,0,0,0,0,0,19.00757394072827,19.00757394072827,19.00757394072827,19.00757394072827,19.00757394072827,19.00757394072827,19.00757394072827,19.00757394072827,19.00757394072827,0,0,0,0,0,0,0,0,0,0,0,0,0,0,0,0,0,0,0,0,0,0,0,0,0,0,0,0,0,0,0,0,0,0,0,0,0,0,0,0,0,0,0,0,0,0,0,0,0,0,0,0,0,0,0,0,0,0,0,0,0,0,0,0,0,0,91.20290827841328,91.20290827841328,91.20290827841328,91.20290827841328,91.20290827841328,91.20290827841328,91.20290827841328,91.20290827841328,91.20290827841328
6017,33.245040242910605,0,0,0,0,0,0,0,0,0,0,0,0,0,0,0,0,0,0,0,0,0,0,0,0,0,0,0,0,0,0,0,0,0,0,0,0,0,0,0,0,0,0,0,0,0,0,0,0,0,0,0,0,0,0,0,0,0,0,0,0,0,0,0,0,0,0,0,0,0,0,0,0,0,0,0,0,0,0,0,0,0,0,0,0,0,0,0,0,0,0,0,0,0,0,0,0,0,0,0,0,0,0,0,0,0,0,0,0,0,0,0,0,0,0,0,0,0,0,0,0,0,0,0,0,0,0,0,0,0,0,0,0,0,0,0,0,0,0,0,0,0,0,0,0,0,0,0,0,0,0,0,0
6018,568.0643726918956,0,0,0,0,0,0,0,0,0,0,0,0,0,0,0,0,0,0,0,0,0,0,0,0,0,0,0,0,0,0,0,0,0,0,0,0,0,0,0,0,0,0,0,0,0,0,0,0,0,0,0,0,0,0,0,0,0,0,0,0,0,0,0,0,0,0,0,0,0,0,0,0,0,0,0,0,0,0,0,0,0,0,0,0,0,0,0,0,0,0,0,0,0,0,0,0,0,0,0,0,0,0,0,0,0,0,0,0,0,0,0,0,0,0,0,0,0,0,0,0,0,0,0,0,0,0,0,0,0,0,0,0,0,0,0,0,0,0,0,0,0,0,0,0,0,0,0,0,0,0,0,0
6019,1364.1110725390959,184.17329990832854,135.0134190799555,0,0,0,0,0,0,0,0,0,0,0,0,0,0,0,0,0,0,0,0,0,0,0,0,0,0,0,0,0,0,0,0,0,0,0,0,0,0,0,0,0,0,0,0,0,0,0,0,0,0,0,0,0,0,0,0,0,0,0,0,0,0,0,0,0,0,35.690361983948875,35.690361983948875,35.690361983948875,35.690361983948875,35.690361983948875,35.690361983948875,35.690361983948875,35.690361983948875,35.690361983948875,0,0,0,0,0,0,0,0,0,0,0,0,0,0,0,0,0,0,0,0,0,0,0,0,0,0,0,0,0,0,0,0,0,0,0,0,0,0,0,0,0,0,0,0,0,0,0,0,0,0,0,0,0,0,0,0,0,0,0,0,0,0,0,0,0,0,26.163823974770924,26.163823974770924,26.163823974770924,26.163823974770924,26.163823974770924,26.163823974770924,26.163823974770924,26.163823974770924,26.163823974770924
6020,102.77805288228893,0,0,0,0,0,0,0,0,0,0,0,0,0,0,0,0,0,0,0,0,0,0,0,0,0,0,0,0,0,0,0,0,0,0,0,0,0,0,0,0,0,0,0,0,0,0,0,0,0,0,0,0,0,0,0,0,0,0,0,0,0,0,0,0,0,0,0,0,0,0,0,0,0,0,0,0,0,0,0,0,0,0,0,0,0,0,0,0,0,0,0,0,0,0,0,0,0,0,0,0,0,0,0,0,0,0,0,0,0,0,0,0,0,0,0,0,0,0,0,0,0,0,0,0,0,0,0,0,0,0,0,0,0,0,0,0,0,0,0,0,0,0,0,0,0,0,0,0,0,0,0,0
6021,259.12170429826745,32.233788909551166,124.39632950409971,0,0,0,0,0,0,0,0,0,0,0,0,0,0,0,0,0,0,0,0,0,0,0,0,0,0,0,0,0,0,0,0,0.17698885918591406,0.17698885918591406,0.17698885918591406,0.17698885918591406,0.17698885918591406,0.17698885918591406,0.17698885918591406,0.17698885918591406,0.17698885918591406,0.17698885918591406,0.17698885918591406,0.17698885918591406,13.734721913931795,13.734721913931795,13.734721913931795,13.734721913931795,13.734721913931795,13.734721913931795,13.734721913931795,13.734721913931795,13.734721913931795,13.734721913931795,13.734721913931795,13.734721913931795,13.734721913931795,13.734721913931795,13.734721913931795,13.734721913931795,13.734721913931795,13.734721913931795,13.734721913931795,13.734721913931795,13.734721913931795,13.734721913931795,13.734721913931795,13.734721913931795,13.734721913931795,13.734721913931795,13.734721913931795,13.734721913931795,13.734721913931795,13.734721913931795,13.734721913931795,0,0,0,0,0,0,0,0,0,0,0,0,0,0,0,0,0,0,0,0,0,0,0,0,0,0,0,0,0,0,0,0,0.6830337106079981,0.6830337106079981,0.6830337106079981,0.6830337106079981,0.6830337106079981,0.6830337106079981,0.6830337106079981,0.6830337106079981,0.6830337106079981,0.6830337106079981,0.6830337106079981,0.6830337106079981,53.004907292992165,53.004907292992165,53.004907292992165,53.004907292992165,53.004907292992165,53.004907292992165,53.004907292992165,53.004907292992165,53.004907292992165,53.004907292992165,53.004907292992165,53.004907292992165,53.004907292992165,53.004907292992165,53.004907292992165,53.004907292992165,53.004907292992165,53.004907292992165,53.004907292992165,53.004907292992165,53.004907292992165,53.004907292992165,53.004907292992165,53.004907292992165,53.004907292992165,53.004907292992165,53.004907292992165,53.004907292992165,53.004907292992165,53.004907292992165,53.004907292992165
6022,712.9021894709937,0,0,0,0,0,0,0,0,0,0,0,0,0,0,0,0,0,0,0,0,0,0,0,0,0,0,0,0,0,0,0,0,0,0,0,0,0,0,0,0,0,0,0,0,0,0,0,0,0,0,0,0,0,0,0,0,0,0,0,0,0,0,0,0,0,0,0,0,0,0,0,0,0,0,0,0,0,0,0,0,0,0,0,0,0,0,0,0,0,0,0,0,0,0,0,0,0,0,0,0,0,0,0,0,0,0,0,0,0,0,0,0,0,0,0,0,0,0,0,0,0,0,0,0,0,0,0,0,0,0,0,0,0,0,0,0,0,0,0,0,0,0,0,0,0,0,0,0,0,0,0,0
6023,962.335313970506,0,0,0,0,0,0,0,0,0,0,0,0,0,0,0,0,0,0,0,0,0,0,0,0,0,0,0,0,0,0,0,0,0,0,0,0,0,0,0,0,0,0,0,0,0,0,0,0,0,0,0,0,0,0,0,0,0,0,0,0,0,0,0,0,0,0,0,0,0,0,0,0,0,0,0,0,0,0,0,0,0,0,0,0,0,0,0,0,0,0,0,0,0,0,0,0,0,0,0,0,0,0,0,0,0,0,0,0,0,0,0,0,0,0,0,0,0,0,0,0,0,0,0,0,0,0,0,0,0,0,0,0,0,0,0,0,0,0,0,0,0,0,0,0,0,0,0,0,0,0,0,0
6024,595.8662611256241,0,0,0,0,0,0,0,0,0,0,0,0,0,0,0,0,0,0,0,0,0,0,0,0,0,0,0,0,0,0,0,0,0,0,0,0,0,0,0,0,0,0,0,0,0,0,0,0,0,0,0,0,0,0,0,0,0,0,0,0,0,0,0,0,0,0,0,0,0,0,0,0,0,0,0,0,0,0,0,0,0,0,0,0,0,0,0,0,0,0,0,0,0,0,0,0,0,0,0,0,0,0,0,0,0,0,0,0,0,0,0,0,0,0,0,0,0,0,0,0,0,0,0,0,0,0,0,0,0,0,0,0,0,0,0,0,0,0,0,0,0,0,0,0,0,0,0,0,0,0,0,0
6025,32.30581889242698,0,0,0,0,0,0,0,0,0,0,0,0,2.2648491400259014,2.2648491400259014,2.2648491400259014,2.2648491400259014,2.2648491400259014,2.2648491400259014,2.2648491400259014,2.2648491400259014,2.2648491400259014,2.2648491400259014,2.2648491400259014,2.2648491400259014,2.2648491400259014,2.2648491400259014,2.2648491400259014,2.2648491400259014,2.2648491400259014,2.2648491400259014,2.2648491400259014,2.2648491400259014,2.2648491400259014,2.2648491400259014,2.2648491400259014,2.2648491400259014,2.2648491400259014,2.2648491400259014,2.2648491400259014,2.2648491400259014,2.2648491400259014,2.2648491400259014,2.2648491400259014,2.2648491400259014,2.2648491400259014,2.2648491400259014,2.2648491400259014,2.2648491400259014,2.2648491400259014,2.2648491400259014,2.2648491400259014,2.2648491400259014,2.2648491400259014,2.2648491400259014,2.2648491400259014,2.2648491400259014,2.2648491400259014,2.2648491400259014,2.2648491400259014,2.2648491400259014,2.2648491400259014,2.2648491400259014,2.2648491400259014,2.2648491400259014,2.2648491400259014,2.2648491400259014,2.2648491400259014,2.2648491400259014,2.2648491400259014,2.2648491400259014,2.2648491400259014,2.2648491400259014,2.2648491400259014,2.2648491400259014,2.2648491400259014,2.2648491400259014,2.2648491400259014,0,0,0,0,0,0,0,0,0,0,70.10653862598171,70.10653862598171,70.10653862598171,70.10653862598171,70.10653862598171,70.10653862598171,70.10653862598171,70.10653862598171,70.10653862598171,70.10653862598171,70.10653862598171,70.10653862598171,70.10653862598171,70.10653862598171,70.10653862598171,70.10653862598171,70.10653862598171,70.10653862598171,70.10653862598171,70.10653862598171,70.10653862598171,70.10653862598171,70.10653862598171,70.10653862598171,70.10653862598171,70.10653862598171,70.10653862598171,70.10653862598171,70.10653862598171,70.10653862598171,70.10653862598171,70.10653862598171,70.10653862598171,70.10653862598171,70.10653862598171,70.10653862598171,70.10653862598171,70.10653862598171,70.10653862598171,70.10653862598171,70.10653862598171,70.10653862598171,70.10653862598171,70.10653862598171,70.10653862598171,70.10653862598171,70.10653862598171,70.10653862598171,70.10653862598171,70.10653862598171,70.10653862598171,70.10653862598171,70.10653862598171,70.10653862598171,70.10653862598171,70.10653862598171,70.10653862598171,70.10653862598171,70.10653862598171,70.10653862598171,70.10653862598171,70.10653862598171,70.10653862598171,70.10653862598171,70.10653862598171
6026,100.13968099864864,26.310986191199383,262.74286006118234,0,0,0,0,0,0,0,0,0,0,0,0,0,0,0,0,0,0,0,0,0,0,0,0,0,0,0,0,0,0,0,0,0,0,0,0,0,0,0,0,0,0,0,0,0,0,0,0,0,0,0,0,0,0,0,0,0,0,0,0,0,0,0,0,0,0,0,0,0,0,0,0,0,0,0,0,0,0,0,0,0,0,0,0,0,0,0,0,0,0,0,0,0,0,0,0,0,0,0,0,0,0,0,0,0,0,0,0,0,0,0,0,0,0,0,0,0,0,0,0,0,0,0,0,0,0,0,0,0,0,0,0,0,0,0,0,0,0,0,0,0,0,0,0,0,0,0,0,0,0
6027,602.8163520680866,52.46660595485366,87.03580414641388,0,0,0,0,0,0,0,0,0,0,0,0,0,0,0,0,0,0,0,0,0,0,0,0,0,0,0,0,0,0,0,0,0,0,0,0,0,0,0,0,0,0,0,0,0,0,0,0,0,0,0,0,0,0,0,0,0,0,0,0,0,0,0,0,0,0,0,0,0,0,0,0,0,0,0,0,0,0,0,0,0,0,0,0,0,0,0,0,0,0,0,0,0,0,0,0,0,0,0,0,0,0,0,0,0,0,0,0,0,0,0,0,0,0,0,0,0,0,0,0,0,0,0,0,0,0,0,0,0,0,0,0,0,0,0,0,0,0,0,0,0,0,0,0,0,0,0,0,0,0
6028,270.2430582553694,0,0,0,0,0,0,0,0,0,0,0,0,0,0,0,0,0,0,0,0,0,0,0,0,0,0,0,0,0,0,0,0,0,0,0,0,0,0,0,0,0,0,0,0,6.000966260611336,6.000966260611336,6.000966260611336,6.000966260611336,6.000966260611336,6.000966260611336,6.000966260611336,6.000966260611336,6.000966260611336,6.000966260611336,6.000966260611336,6.000966260611336,6.000966260611336,6.000966260611336,6.000966260611336,6.000966260611336,6.000966260611336,6.000966260611336,6.000966260611336,6.000966260611336,6.000966260611336,6.000966260611336,6.000966260611336,6.000966260611336,6.000966260611336,6.000966260611336,6.000966260611336,6.000966260611336,6.000966260611336,6.000966260611336,6.000966260611336,6.000966260611336,6.000966260611336,0,0,0,0,0,0,0,0,0,0,0,0,0,0,0,0,0,0,0,0,0,0,0,0,0,0,0,0,0,0,0,0,0,0,0,0,0,0,0,0,0,0,22.20581094423765,22.20581094423765,22.20581094423765,22.20581094423765,22.20581094423765,22.20581094423765,22.20581094423765,22.20581094423765,22.20581094423765,22.20581094423765,22.20581094423765,22.20581094423765,22.20581094423765,22.20581094423765,22.20581094423765,22.20581094423765,22.20581094423765,22.20581094423765,22.20581094423765,22.20581094423765,22.20581094423765,22.20581094423765,22.20581094423765,22.20581094423765,22.20581094423765,22.20581094423765,22.20581094423765,22.20581094423765,22.20581094423765,22.20581094423765,22.20581094423765,22.20581094423765,22.20581094423765
6029,170.90458982704698,0,0,0,0,0,0,0,0,0,0,0,0,0,0,0,0,0,0,0,0,0,0,0,0,0,0,0,0,0,0,0,0,0,0,0,0,0,0,0,0,0,0,0,0,0,0,0,0,0,0,0,0,0,0,0,0,0,0,0,0,0,0,0,0,0,0,0,0,0,0,0,0,0,0,0,0,0,0,0,0,0,0,0,0,0,0,0,0,0,0,0,0,0,0,0,0,0,0,0,0,0,0,0,0,0,0,0,0,0,0,0,0,0,0,0,0,0,0,0,0,0,0,0,0,0,0,0,0,0,0,0,0,0,0,0,0,0,0,0,0,0,0,0,0,0,0,0,0,0,0,0,0
6030,1071.731372688251,273.06290303648547,254.78670308171985,0,0,0,0,0,0,0,0,0,0,0,0,0,0,0,0,0,0,0,0,0,0,0,0,0,0,0,24.26344346294863,24.26344346294863,24.26344346294863,24.26344346294863,24.26344346294863,24.26344346294863,24.26344346294863,24.26344346294863,24.26344346294863,24.26344346294863,24.26344346294863,24.26344346294863,24.26344346294863,24.26344346294863,24.26344346294863,24.26344346294863,24.26344346294863,24.26344346294863,24.26344346294863,24.26344346294863,24.26344346294863,24.26344346294863,24.26344346294863,24.26344346294863,24.26344346294863,24.26344346294863,24.26344346294863,24.26344346294863,24.26344346294863,24.26344346294863,24.26344346294863,24.26344346294863,24.26344346294863,24.26344346294863,24.26344346294863,24.26344346294863,24.26344346294863,24.26344346294863,24.26344346294863,37.10775567340234,37.10775567340234,37.10775567340234,37.10775567340234,37.10775567340234,37.10775567340234,37.10775567340234,37.10775567340234,37.10775567340234,0,0,0,0,0,0,0,0,0,0,0,0,0,0,0,0,0,0,0,0,0,0,0,0,0,0,0,22.63948231923828,22.63948231923828,22.63948231923828,22.63948231923828,22.63948231923828,22.63948231923828,22.63948231923828,22.63948231923828,22.63948231923828,22.63948231923828,22.63948231923828,22.63948231923828,22.63948231923828,22.63948231923828,22.63948231923828,22.63948231923828,22.63948231923828,22.63948231923828,22.63948231923828,22.63948231923828,22.63948231923828,22.63948231923828,22.63948231923828,22.63948231923828,22.63948231923828,22.63948231923828,22.63948231923828,22.63948231923828,22.63948231923828,22.63948231923828,22.63948231923828,22.63948231923828,22.63948231923828,22.63948231923828,22.63948231923828,22.63948231923828,22.63948231923828,22.63948231923828,22.63948231923828,34.62412001649631,34.62412001649631,34.62412001649631,34.62412001649631,34.62412001649631,34.62412001649631,34.62412001649631,34.62412001649631,34.62412001649631
6031,47.53153488616061,0,0,0,0,0,0,0,0,0,0,0,0,0,0,0,0,0,0,0,0,0,0,0,0,0,0,0,0,0,0,0,0,0,0,0,0,0,0,0,0,0,0,0,0,0,0,0,0,0,0,0,0,0,0,0,0,0,0,0,0,0,0,0,0,0,0,0,0,0,0,0,0,0,0,0,0,0,0,0,0,0,0,0,0,0,0,0,0,0,0,0,0,0,0,0,0,0,0,0,0,0,0,0,0,0,0,0,0,0,0,0,0,0,0,0,0,0,0,0,0,0,0,0,0,0,0,0,0,0,0,0,0,0,0,0,0,0,0,0,0,0,0,0,0,0,0,0,0,0,0,0,0
6032,184.43851034344917,0,0,0,0,0,0,0,0,0,0,0,0,0,0,0,0,0,0,0,0,0,0,0,0,0,0,0,0,0,0,0,0,0,0,0,0,0,0,0,0,0,0,0,0,0,0,0,0,0,0,0,0,0,0,0,0,0,0,0,0,0,0,0,0,0,0,0,0,0,0,0,0,0,0,0,0,0,0,0,0,0,0,0,0,0,0,0,0,0,0,0,0,0,0,0,0,0,0,0,0,0,0,0,0,0,0,0,0,0,0,0,0,0,0,0,0,0,0,0,0,0,0,0,0,0,0,0,0,0,0,0,0,0,0,0,0,0,0,0,0,0,0,0,0,0,0,0,0,0,0,0,0
6033,228.4931253457187,0,0,0,0,0,0,0,0,0,0,0,0,0,0,0,0,0,0,0,0,0,0,0,0,0,0,0,0,0,0,0,0,0,0,0,0,0,0,0,0,0,0,0,0,0,0,0,0,0,0,0,0,0,0,0,0,0,0,0,0,0,0,0,0,0,0,0,0,0,0,0,0,0,0,0,0,0,0,0,0,0,0,0,0,0,0,0,0,0,0,0,0,0,0,0,0,0,0,0,0,0,0,0,0,0,0,0,0,0,0,0,0,0,0,0,0,0,0,0,0,0,0,0,0,0,0,0,0,0,0,0,0,0,0,0,0,0,0,0,0,0,0,0,0,0,0,0,0,0,0,0,0
6034,192.17950972442452,0,0,0,0,0,0,0,0,0,0,0,0,0,0,0,0,0,0,0,0,0,0,0,0,0,0,0,0,0,0,0,0,0,0,0,0,0,0,0,0,0,0,0,0,0,0,0,0,0,0,0,0,0,0,0,0,0,0,0,0,0,0,0,0,0,0,0,0,0,0,0,0,0,0,0,0,0,0,0,0,0,0,0,0,0,0,0,0,0,0,0,0,0,0,0,0,0,0,0,0,0,0,0,0,0,0,0,0,0,0,0,0,0,0,0,0,0,0,0,0,0,0,0,0,0,0,0,0,0,0,0,0,0,0,0,0,0,0,0,0,0,0,0,0,0,0,0,0,0,0,0,0
6035,25.835269702356815,1.292925297161842,50.04496999866409,0,0,0,0,0,0,0,0,0,0,0,0,0,0,0,0,0,0,0,0,0,0,0,0,0,0,0,0,0,0,0,0,10.520723462062264,10.520723462062264,10.520723462062264,10.520723462062264,10.520723462062264,10.520723462062264,10.520723462062264,10.520723462062264,10.520723462062264,10.520723462062264,10.520723462062264,10.520723462062264,13.631162987401785,13.631162987401785,13.631162987401785,13.631162987401785,13.631162987401785,13.631162987401785,13.631162987401785,13.631162987401785,13.631162987401785,13.631162987401785,13.631162987401785,13.631162987401785,13.631162987401785,13.631162987401785,13.631162987401785,13.631162987401785,13.631162987401785,13.631162987401785,13.631162987401785,13.631162987401785,13.631162987401785,13.631162987401785,13.631162987401785,13.631162987401785,13.631162987401785,13.631162987401785,13.631162987401785,13.631162987401785,13.631162987401785,13.631162987401785,13.631162987401785,0,0,0,0,0,0,0,0,0,0,0,0,0,0,0,0,0,0,0,0,0,0,0,0,0,0,0,0,0,0,0,0,407.22328751623263,407.22328751623263,407.22328751623263,407.22328751623263,407.22328751623263,407.22328751623263,407.22328751623263,407.22328751623263,407.22328751623263,407.22328751623263,407.22328751623263,407.22328751623263,527.6183738139296,527.6183738139296,527.6183738139296,527.6183738139296,527.6183738139296,527.6183738139296,527.6183738139296,527.6183738139296,527.6183738139296,527.6183738139296,527.6183738139296,527.6183738139296,527.6183738139296,527.6183738139296,527.6183738139296,527.6183738139296,527.6183738139296,527.6183738139296,527.6183738139296,527.6183738139296,527.6183738139296,527.6183738139296,527.6183738139296,527.6183738139296,527.6183738139296,527.6183738139296,527.6183738139296,527.6183738139296,527.6183738139296,527.6183738139296,527.6183738139296
6036,651.583563310734,104.3767219433256,160.1893108122332,0,0,0,0,0,0,0,0,0,0,0,0,0,0,0,0,0,0,0,0,0,0,0,0,0,0,0,0,0,0,0,0,0,0,0,0,0,0,0,0,0,0,0,0,0,0,0,0,0,0,0,0,0,0,0,0,0,0,0,0,0,0,0,0,0,0,0,0,0,0,0,0,0,0,0,0,0,0,0,0,0,0,0,0,0,0,0,0,0,0,0,0,0,0,0,0,0,0,0,0,0,0,0,0,0,0,0,0,0,0,0,0,0,0,0,0,0,0,0,0,0,0,0,0,0,0,0,0,0,0,0,0,0,0,0,0,0,0,0,0,0,0,0,0,0,0,0,0,0,0
6037,93.32931566801241,0,0,0,0,0,0,0,0,0,0,0,0,0,0,0,0,0,0,0,0,0,0,0,0,0,0,0,0,0,0,0,0,0,0,0,0,0,0,0,0,0,0,0,0,0,0,0,0,0,0,0,0,0,0,0,0,0,0,0,0,0,0,0,0,0,0,0,0,0,0,0,0,0,0,0,0,0,0,0,0,0,0,0,0,0,0,0,0,0,0,0,0,0,0,0,0,0,0,0,0,0,0,0,0,0,0,0,0,0,0,0,0,0,0,0,0,0,0,0,0,0,0,0,0,0,0,0,0,0,0,0,0,0,0,0,0,0,0,0,0,0,0,0,0,0,0,0,0,0,0,0,0
6038,151.00949768919628,85.3079101585308,564.9175148844563,0,0,0,0,0,0,0,0,0,0,0,0,0,0,0,0,0,0,0,0,0,0,0,0,0,0,0,0,0,0,0,0,0,0,0,0,0,0,0,0,0,0,0,0,0,0,0,0,0,0,0,0,0,0,0,0,0,0,0,0,0,0,0,0,0,0,0,0,0,0,0,0,0,0,0,0,0,0,0,0,0,0,0,0,0,0,0,0,0,0,0,0,0,0,0,0,0,0,0,0,0,0,0,0,0,0,0,0,0,0,0,0,0,0,0,0,0,0,0,0,0,0,0,0,0,0,0,0,0,0,0,0,0,0,0,0,0,0,0,0,0,0,0,0,0,0,0,0,0,0
6039,673.0009656283783,0,0,0,0,0,0,0,0,0,0,0,0,0,0,0,0,0,0,0,0,0,0,0,0,0,0,0,0,0,0,0,0,0,0,0,0,0,0,0,0,0,0,0,0,0,0,0,0,0,0,0,0,0,0,0,0,0,0,0,0,0,0,0,0,0,0,0,0,0,0,0,0,0,0,0,0,0,0,0,0,0,0,0,0,0,0,0,0,0,0,0,0,0,0,0,0,0,0,0,0,0,0,0,0,0,0,0,0,0,0,0,0,0,0,0,0,0,0,0,0,0,0,0,0,0,0,0,0,0,0,0,0,0,0,0,0,0,0,0,0,0,0,0,0,0,0,0,0,0,0,0,0
6040,32.14657378509832,0,0,0,0,0,0,0,0,0,0,0,0,14.286437300039253,14.286437300039253,14.286437300039253,14.286437300039253,14.286437300039253,14.286437300039253,14.286437300039253,14.286437300039253,14.286437300039253,14.286437300039253,14.286437300039253,14.286437300039253,14.286437300039253,14.286437300039253,14.286437300039253,14.286437300039253,14.286437300039253,14.286437300039253,14.286437300039253,14.286437300039253,14.286437300039253,14.286437300039253,14.286437300039253,14.286437300039253,14.286437300039253,14.286437300039253,14.286437300039253,14.286437300039253,14.286437300039253,14.286437300039253,14.286437300039253,14.286437300039253,14.286437300039253,14.286437300039253,14.286437300039253,14.286437300039253,14.286437300039253,14.286437300039253,14.286437300039253,14.286437300039253,14.286437300039253,14.286437300039253,14.286437300039253,14.286437300039253,14.286437300039253,14.286437300039253,14.286437300039253,14.286437300039253,14.286437300039253,14.286437300039253,14.286437300039253,14.286437300039253,14.286437300039253,14.286437300039253,14.286437300039253,14.286437300039253,14.286437300039253,14.286437300039253,14.286437300039253,14.286437300039253,14.286437300039253,14.286437300039253,14.286437300039253,14.286437300039253,14.286437300039253,0,0,0,0,0,0,0,0,0,0,444.41555095559806,444.41555095559806,444.41555095559806,444.41555095559806,444.41555095559806,444.41555095559806,444.41555095559806,444.41555095559806,444.41555095559806,444.41555095559806,444.41555095559806,444.41555095559806,444.41555095559806,444.41555095559806,444.41555095559806,444.41555095559806,444.41555095559806,444.41555095559806,444.41555095559806,444.41555095559806,444.41555095559806,444.41555095559806,444.41555095559806,444.41555095559806,444.41555095559806,444.41555095559806,444.41555095559806,444.41555095559806,444.41555095559806,444.41555095559806,444.41555095559806,444.41555095559806,444.41555095559806,444.41555095559806,444.41555095559806,444.41555095559806,444.41555095559806,444.41555095559806,444.41555095559806,444.41555095559806,444.41555095559806,444.41555095559806,444.41555095559806,444.41555095559806,444.41555095559806,444.41555095559806,444.41555095559806,444.41555095559806,444.41555095559806,444.41555095559806,444.41555095559806,444.41555095559806,444.41555095559806,444.41555095559806,444.41555095559806,444.41555095559806,444.41555095559806,444.41555095559806,444.41555095559806,444.41555095559806,444.41555095559806,444.41555095559806,444.41555095559806,444.41555095559806,444.41555095559806
6041,192.9023530065019,0,0,0,0,0,0,0,0,0,0,0,0,0,0,0,0,0,0,0,0,0,0,0,0,0,0,0,0,0,0,0,0,0,0,0,0,0,0,0,0,0,0,0,0,0,0,0,0,0,0,0,0,0,0,0,0,0,0,0,0,0,0,0,0,0,0,0,0,0,0,0,0,0,0,0,0,0,0,0,0,0,0,0,0,0,0,0,0,0,0,0,0,0,0,0,0,0,0,0,0,0,0,0,0,0,0,0,0,0,0,0,0,0,0,0,0,0,0,0,0,0,0,0,0,0,0,0,0,0,0,0,0,0,0,0,0,0,0,0,0,0,0,0,0,0,0,0,0,0,0,0,0
6042,220.67254416782652,0,0,0,0,0,0,0,0,0,0,0,0,0,0,0,0,0,0,0,0,0,0,0,0,0,0,0,0,0,0,0,0,0,0,0,0,0,0,0,0,0,0,0,0,0,0,0,0,0,0,0,0,0,0,0,0,0,0,0,0,0,0,0,0,0,0,0,0,15.30966365957926,15.30966365957926,15.30966365957926,15.30966365957926,15.30966365957926,15.30966365957926,15.30966365957926,15.30966365957926,15.30966365957926,0,0,0,0,0,0,0,0,0,0,0,0,0,0,0,0,0,0,0,0,0,0,0,0,0,0,0,0,0,0,0,0,0,0,0,0,0,0,0,0,0,0,0,0,0,0,0,0,0,0,0,0,0,0,0,0,0,0,0,0,0,0,0,0,0,0,69.37729257308925,69.37729257308925,69.37729257308925,69.37729257308925,69.37729257308925,69.37729257308925,69.37729257308925,69.37729257308925,69.37729257308925
6043,164.3499866582602,0,0,0,0,0,0,0,0,0,0,0,0,0,0,0,0,0,0,0,0,0,0,0,0,0,0,0,0,0,0,0,0,0,0,0,0,0,0,0,0,0,0,0,0,0,0,0,0,0,0,0,0,0,0,0,0,0,0,0,0,0,0,0,0,0,0,0,0,0,0,0,0,0,0,0,0,0,0,0,0,0,0,0,0,0,0,0,0,0,0,0,0,0,0,0,0,0,0,0,0,0,0,0,0,0,0,0,0,0,0,0,0,0,0,0,0,0,0,0,0,0,0,0,0,0,0,0,0,0,0,0,0,0,0,0,0,0,0,0,0,0,0,0,0,0,0,0,0,0,0,0,0
6044,306.1333715655241,0,0,0,0,0,0,0,0,0,0,0,0,0,0,0,0,0,0,0,0,0,0,0,0,0,0,0,0,0,0,0,0,0,0,0,0,0,0,0,0,0,0,0,0,0,0,0,0,0,0,0,0,0,0,0,0,0,0,0,0,0,0,0,0,0,0,0,0,0,0,0,0,0,0,0,0,0,0,0,0,0,0,0,0,0,0,0,0,0,0,0,0,0,0,0,0,0,0,0,0,0,0,0,0,0,0,0,0,0,0,0,0,0,0,0,0,0,0,0,0,0,0,0,0,0,0,0,0,0,0,0,0,0,0,0,0,0,0,0,0,0,0,0,0,0,0,0,0,0,0,0,0
6045,166.86599740378844,0,0,0,0,0,0,0,0,0,0,0,0,0,0,0,0,0,0,0,0,0,0,0,0,0,0,21.73063711549663,21.73063711549663,21.73063711549663,21.73063711549663,21.73063711549663,21.73063711549663,21.73063711549663,21.73063711549663,21.73063711549663,21.73063711549663,21.73063711549663,21.73063711549663,21.73063711549663,21.73063711549663,21.73063711549663,21.73063711549663,21.73063711549663,21.73063711549663,21.73063711549663,21.73063711549663,21.73063711549663,21.73063711549663,21.73063711549663,21.73063711549663,21.73063711549663,21.73063711549663,21.73063711549663,21.73063711549663,21.73063711549663,21.73063711549663,21.73063711549663,21.73063711549663,21.73063711549663,21.73063711549663,21.73063711549663,21.73063711549663,21.73063711549663,21.73063711549663,21.73063711549663,21.73063711549663,21.73063711549663,21.73063711549663,21.73063711549663,21.73063711549663,21.73063711549663,21.73063711549663,21.73063711549663,21.73063711549663,21.73063711549663,21.73063711549663,21.73063711549663,0,0,0,0,0,0,0,0,0,0,0,0,0,0,0,0,0,0,0,0,0,0,0,0,130.22807194752832,130.22807194752832,130.22807194752832,130.22807194752832,130.22807194752832,130.22807194752832,130.22807194752832,130.22807194752832,130.22807194752832,130.22807194752832,130.22807194752832,130.22807194752832,130.22807194752832,130.22807194752832,130.22807194752832,130.22807194752832,130.22807194752832,130.22807194752832,130.22807194752832,130.22807194752832,130.22807194752832,130.22807194752832,130.22807194752832,130.22807194752832,130.22807194752832,130.22807194752832,130.22807194752832,130.22807194752832,130.22807194752832,130.22807194752832,130.22807194752832,130.22807194752832,130.22807194752832,130.22807194752832,130.22807194752832,130.22807194752832,130.22807194752832,130.22807194752832,130.22807194752832,130.22807194752832,130.22807194752832,130.22807194752832,130.22807194752832,130.22807194752832,130.22807194752832,130.22807194752832,130.22807194752832,130.22807194752832,130.22807194752832,130.22807194752832,130.22807194752832
6046,565.3550944698321,11.717637623224524,20.726155539843266,0,0,0,0,0,0,0,0,0,0,0,0,0,0,0,0,0,0,0,0,0,0,0,0,0,0,0,0,0,0,0,0,0,0,0,0,0,0,0,0,0,0,0,0,0,11.635249439203943,11.635249439203943,11.635249439203943,11.635249439203943,11.635249439203943,11.635249439203943,11.635249439203943,11.635249439203943,11.635249439203943,11.635249439203943,11.635249439203943,11.635249439203943,11.635249439203943,11.635249439203943,11.635249439203943,11.635249439203943,11.635249439203943,11.635249439203943,11.635249439203943,11.635249439203943,11.635249439203943,11.635249439203943,11.635249439203943,11.635249439203943,11.635249439203943,11.635249439203943,11.635249439203943,11.635249439203943,11.635249439203943,11.635249439203943,0,0,0,0,0,0,0,0,0,0,0,0,0,0,0,0,0,0,0,0,0,0,0,0,0,0,0,0,0,0,0,0,0,0,0,0,0,0,0,0,0,0,0,0,0,20.580427333223245,20.580427333223245,20.580427333223245,20.580427333223245,20.580427333223245,20.580427333223245,20.580427333223245,20.580427333223245,20.580427333223245,20.580427333223245,20.580427333223245,20.580427333223245,20.580427333223245,20.580427333223245,20.580427333223245,20.580427333223245,20.580427333223245,20.580427333223245,20.580427333223245,20.580427333223245,20.580427333223245,20.580427333223245,20.580427333223245,20.580427333223245,20.580427333223245,20.580427333223245,20.580427333223245,20.580427333223245,20.580427333223245,20.580427333223245
6047,1541.1891568417116,128.60952835264743,83.44824370306436,0,0,0,0,0,0,0,0,0,0,0,0,0,0,0,0,0,0,0,0,0,0,0,0,0,0,0,0,0,0,0,0,0,0,0,0,0,0,0,0,0,0,0,0,0,0,0,0,0,26.111914955574633,26.111914955574633,26.111914955574633,26.111914955574633,26.111914955574633,26.111914955574633,26.111914955574633,47.8488785289816,47.8488785289816,47.8488785289816,47.8488785289816,47.8488785289816,47.8488785289816,47.8488785289816,47.8488785289816,47.8488785289816,47.8488785289816,47.8488785289816,47.8488785289816,47.8488785289816,47.8488785289816,47.8488785289816,47.8488785289816,47.8488785289816,47.8488785289816,47.8488785289816,0,0,0,0,0,0,0,0,0,0,0,0,0,0,0,0,0,0,0,0,0,0,0,0,0,0,0,0,0,0,0,0,0,0,0,0,0,0,0,0,0,0,0,0,0,0,0,0,0,16.942706117323446,16.942706117323446,16.942706117323446,16.942706117323446,16.942706117323446,16.942706117323446,16.942706117323446,31.046726689302773,31.046726689302773,31.046726689302773,31.046726689302773,31.046726689302773,31.046726689302773,31.046726689302773,31.046726689302773,31.046726689302773,31.046726689302773,31.046726689302773,31.046726689302773,31.046726689302773,31.046726689302773,31.046726689302773,31.046726689302773,31.046726689302773,31.046726689302773,31.046726689302773
6048,55.84524298166328,18.03450718456199,322.9372140163057,0,0,0,0,0,0,0,0,0,0,0,2.450368023944096,2.450368023944096,2.450368023944096,2.450368023944096,2.450368023944096,2.450368023944096,2.450368023944096,2.450368023944096,2.450368023944096,2.450368023944096,2.450368023944096,2.450368023944096,2.450368023944096,2.450368023944096,2.450368023944096,2.450368023944096,2.450368023944096,2.450368023944096,2.450368023944096,2.450368023944096,2.450368023944096,2.450368023944096,2.450368023944096,2.450368023944096,2.450368023944096,2.450368023944096,2.450368023944096,2.450368023944096,2.450368023944096,2.450368023944096,2.450368023944096,2.450368023944096,2.450368023944096,2.450368023944096,2.450368023944096,2.450368023944096,2.450368023944096,2.450368023944096,2.450368023944096,2.450368023944096,2.450368023944096,2.450368023944096,2.450368023944096,2.450368023944096,2.450368023944096,2.450368023944096,2.450368023944096,2.450368023944096,2.450368023944096,2.450368023944096,2.450368023944096,2.450368023944096,2.450368023944096,2.450368023944096,2.450368023944096,2.450368023944096,2.450368023944096,2.450368023944096,2.450368023944096,2.450368023944096,2.450368023944096,2.450368023944096,2.450368023944096,2.450368023944096,0,0,0,0,0,0,0,0,0,0,0,43.87782903458172,43.87782903458172,43.87782903458172,43.87782903458172,43.87782903458172,43.87782903458172,43.87782903458172,43.87782903458172,43.87782903458172,43.87782903458172,43.87782903458172,43.87782903458172,43.87782903458172,43.87782903458172,43.87782903458172,43.87782903458172,43.87782903458172,43.87782903458172,43.87782903458172,43.87782903458172,43.87782903458172,43.87782903458172,43.87782903458172,43.87782903458172,43.87782903458172,43.87782903458172,43.87782903458172,43.87782903458172,43.87782903458172,43.87782903458172,43.87782903458172,43.87782903458172,43.87782903458172,43.87782903458172,43.87782903458172,43.87782903458172,43.87782903458172,43.87782903458172,43.87782903458172,43.87782903458172,43.87782903458172,43.87782903458172,43.87782903458172,43.87782903458172,43.87782903458172,43.87782903458172,43.87782903458172,43.87782903458172,43.87782903458172,43.87782903458172,43.87782903458172,43.87782903458172,43.87782903458172,43.87782903458172,43.87782903458172,43.87782903458172,43.87782903458172,43.87782903458172,43.87782903458172,43.87782903458172,43.87782903458172,43.87782903458172,43.87782903458172,43.87782903458172
6049,544.3371336634968,109.49266701247353,201.14862690988244,0,0,0,0,0,0,0,0,0,0,0,0,0,0,0,0,0,0,0,0,0,0,0,0,0,0,0,0,0,0,0,0,0,0,0,0,0,0,0,0,0,0,0,0,0,0,0,0,0,0,0,0,0,0,0,0,0,0,0,0,0,0,0,0,0,0,0,0,0,0,0,0,0,0,0,0,0,0,0,0,0,0,0,0,0,0,0,0,0,0,0,0,0,0,0,0,0,0,0,0,0,0,0,0,0,0,0,0,0,0,0,0,0,0,0,0,0,0,0,0,0,0,0,0,0,0,0,0,0,0,0,0,0,0,0,0,0,0,0,0,0,0,0,0,0,0,0,0,0,0
6050,614.5871969592303,134.2766563942939,218.48267757390556,0,0,0,0,0,0,0,0,0,0,0,0,0,0,0,0,0,0,0,0,0,0,0,0,0,0,0,0,0,0,0,0,0,0,0,0,0,0,0,0,0,0,0,0,0,0,0,0,0,0,0,0,0,0,0,0,0,0,0,0,0,0,0,0,0,0,0,0,0,0,0,0,0,0,0,0,0,0,0,0,0,0,0,0,0,0,0,0,0,0,0,0,0,0,0,0,0,0,0,0,0,0,0,0,0,0,0,0,0,0,0,0,0,0,0,0,0,0,0,0,0,0,0,0,0,0,0,0,0,0,0,0,0,0,0,0,0,0,0,0,0,0,0,0,0,0,0,0,0,0
6051,1151.9042621028093,51.5800189581263,44.778043327981635,0,0,0,0,0,0,0,0,0,0,0,0,0,0,0,0,0,0,0,0,0,0,0,0,0,0,0,0,0,0,0,0,0,0,0,0,0,0,0,0,0,0,0,0,0,0,0,0,0,0,0,0,0,0,0,0,0,0,0,0,0,0,0,0,0,0,0,0,0,0,0,0,0,0,0,0,0,0,0,0,0,0,0,0,0,0,0,0,0,0,0,0,0,0,0,0,0,0,0,0,0,0,0,0,0,0,0,0,0,0,0,0,0,0,0,0,0,0,0,0,0,0,0,0,0,0,0,0,0,0,0,0,0,0,0,0,0,0,0,0,0,0,0,0,0,0,0,0,0,0
6052,54.53595105563188,0,0,0,0,0,0,0,0,0,0,0,0,0,0,0,0,0,0,0,0,0,0,0,0,0,0,0,0,0,0,0,0,0,0,0,0,0,0,0,0,0,0,0,0,0,0,0,0,0,0,0,0,0,0,0,0,0,0,0,0,0,0,0,0,0,0,0,0,0,0,0,0,0,0,0,0,0,0,0,0,0,0,0,0,0,0,0,0,0,0,0,0,0,0,0,0,0,0,0,0,0,0,0,0,0,0,0,0,0,0,0,0,0,0,0,0,0,0,0,0,0,0,0,0,0,0,0,0,0,0,0,0,0,0,0,0,0,0,0,0,0,0,0,0,0,0,0,0,0,0,0,0
6053,433.67784358777925,2.6997346599104075,6.225207720034154,0,0,0,0,0,0,0,0,0,0,0,0,0,0,0,0,0,0,0,0,0,0,0,0,0,0,0,0,0,0,0,0,0,0,0,0,0,0,0,0,0,0,0,0,2.7013304293162426,2.7013304293162426,2.7013304293162426,2.7013304293162426,2.7013304293162426,2.7013304293162426,2.7013304293162426,2.7013304293162426,2.7013304293162426,2.7013304293162426,2.7013304293162426,2.7013304293162426,2.7013304293162426,2.7013304293162426,2.7013304293162426,2.7013304293162426,2.7013304293162426,2.7013304293162426,2.7013304293162426,2.7013304293162426,2.7013304293162426,2.7013304293162426,2.7013304293162426,2.7013304293162426,2.7013304293162426,2.7013304293162426,2.7013304293162426,2.7013304293162426,2.7013304293162426,2.7013304293162426,2.7013304293162426,0,0,0,0,0,0,0,0,0,0,0,0,0,0,0,0,0,0,0,0,0,0,0,0,0,0,0,0,0,0,0,0,0,0,0,0,0,0,0,0,0,0,0,0,6.228887339432354,6.228887339432354,6.228887339432354,6.228887339432354,6.228887339432354,6.228887339432354,6.228887339432354,6.228887339432354,6.228887339432354,6.228887339432354,6.228887339432354,6.228887339432354,6.228887339432354,6.228887339432354,6.228887339432354,6.228887339432354,6.228887339432354,6.228887339432354,6.228887339432354,6.228887339432354,6.228887339432354,6.228887339432354,6.228887339432354,6.228887339432354,6.228887339432354,6.228887339432354,6.228887339432354,6.228887339432354,6.228887339432354,6.228887339432354,6.228887339432354
6054,529.6210476363907,0,0,0,0,0,0,0,0,0,0,0,0,0,0,0,0,0,0,0,0,0,0,0,0,0,0,0,0,0,0,0,0,0,0,0,0,0,0,0,0,0,0,0,0,0,0,0,0,0,0,0,0,0,0,0,0,0,0,0,0,0,0,0,0,0,0,0,0,0,0,0,0,0,0,0,0,0,0,0,0,0,0,0,0,0,0,0,0,0,0,0,0,0,0,0,0,0,0,0,0,0,0,0,0,0,0,0,0,0,0,0,0,0,0,0,0,0,0,0,0,0,0,0,0,0,0,0,0,0,0,0,0,0,0,0,0,0,0,0,0,0,0,0,0,0,0,0,0,0,0,0,0
6055,551.9031680489321,0,0,0,0,0,0,0,0,0,0,0,0,0,0,0,0,0,0,0,0,0,0,0,0,0,0,0,0,0,0,0,0,0,0,0,0,0,0,0,0,0,0,0,0,0,0,0,0,0,0,0,0,0,0,0,0,0,0,0,0,0,0,0,0,0,0,0,0,0,0,0,0,0,0,0,0,0,0,0,0,0,0,0,0,0,0,0,0,0,0,0,0,0,0,0,0,0,0,0,0,0,0,0,0,0,0,0,0,0,0,0,0,0,0,0,0,0,0,0,0,0,0,0,0,0,0,0,0,0,0,0,0,0,0,0,0,0,0,0,0,0,0,0,0,0,0,0,0,0,0,0,0
6056,902.9398825446231,0,0,0,0,0,0,0,0,0,0,0,0,0,0,0,0,0,0,0,0,0,0,0,0,0,0,0,0,0,0,0,0,0,0,0,0,0,0,0,0,0,0,0,0,0,0,0,0,0,0,0,0,0,0,0,0,0,0,0,0,0,0,0,0,0,0,0,0,0,0,0,0,0,0,0,0,0,0,0,0,0,0,0,0,0,0,0,0,0,0,0,0,0,0,0,0,0,0,0,0,0,0,0,0,0,0,0,0,0,0,0,0,0,0,0,0,0,0,0,0,0,0,0,0,0,0,0,0,0,0,0,0,0,0,0,0,0,0,0,0,0,0,0,0,0,0,0,0,0,0,0,0
6057,281.1928220945255,0,0,0,0,0,0,0,0,0,0,0,0,0,0,0,0,0,0,0,0,0,0,0,0,0,0,0,0,0,0,0,0,0,0,0,0,0,0,0,0,0,0,0,0,0,0,0,0,0,0,0,0,0,0,0,0,0,0,11.599419315893636,11.599419315893636,11.599419315893636,11.599419315893636,11.599419315893636,11.599419315893636,11.599419315893636,11.599419315893636,11.599419315893636,11.599419315893636,11.599419315893636,11.599419315893636,11.599419315893636,11.599419315893636,11.599419315893636,11.599419315893636,11.599419315893636,11.599419315893636,11.599419315893636,0,0,0,0,0,0,0,0,0,0,0,0,0,0,0,0,0,0,0,0,0,0,0,0,0,0,0,0,0,0,0,0,0,0,0,0,0,0,0,0,0,0,0,0,0,0,0,0,0,0,0,0,0,0,0,0,41.25076603838197,41.25076603838197,41.25076603838197,41.25076603838197,41.25076603838197,41.25076603838197,41.25076603838197,41.25076603838197,41.25076603838197,41.25076603838197,41.25076603838197,41.25076603838197,41.25076603838197,41.25076603838197,41.25076603838197,41.25076603838197,41.25076603838197,41.25076603838197,41.25076603838197
6058,173.58155989096664,0,0,0,0,0,0,0,0,0,0,0,0,0,0,0,0,0,0,0,0,0,0,0,0,0,0,0,0,0,0,0,0,0,0,0,0,0,0,0,0,0,0,0,0,0,0,0,0,0,0,0,0,0,0,0,0,0,0,0,0,0,0,0,0,0,0,0,0,0,0,0,0,0,0,0,0,0,0,0,0,0,0,0,0,0,0,0,0,0,0,0,0,0,0,0,0,0,0,0,0,0,0,0,0,0,0,0,0,0,0,0,0,0,0,0,0,0,0,0,0,0,0,0,0,0,0,0,0,0,0,0,0,0,0,0,0,0,0,0,0,0,0,0,0,0,0,0,0,0,0,0,0
6059,333.5931988152962,54.28360366576196,162.72395198265923,0,0,0,0,0,0,0,0,0,0,0,0,0,0,0,0,0,0,0,0,0,0,0,0,0,0,0,0,0,0,0,0,0,0,0,0,0,0,0,0,0,0,0,0,0,0,0,0,0,0,0,0,0,0,0,0,0,0,0,0,0,0,0,0,0,0,0,0,0,0,0,0,0,0,0,0,0,0,0,0,0,0,0,0,0,0,0,0,0,0,0,0,0,0,0,0,0,0,0,0,0,0,0,0,0,0,0,0,0,0,0,0,0,0,0,0,0,0,0,0,0,0,0,0,0,0,0,0,0,0,0,0,0,0,0,0,0,0,0,0,0,0,0,0,0,0,0,0,0,0
6060,379.10928440113935,0,0,0,0,0,0,0,0,0,0,0,0,0,0,0,0,0,0,0,0,0,0,0,0,0,0,0,0,0,0,0,0,0,0,0,0,0,0,0,0,0,0,0,0,0,0,0,0,0,0,0,0,0,0,0,0,0,0,0,0,0,0,0,0,0,0,0,0,0,0,0,0,0,0,0,0,0,0,0,0,0,0,0,0,0,0,0,0,0,0,0,0,0,0,0,0,0,0,0,0,0,0,0,0,0,0,0,0,0,0,0,0,0,0,0,0,0,0,0,0,0,0,0,0,0,0,0,0,0,0,0,0,0,0,0,0,0,0,0,0,0,0,0,0,0,0,0,0,0,0,0,0
6061,857.2211925072138,0,0,0,0,0,0,0,0,0,0,0,0,0,0,0,0,0,0,0,0,0,0,0,0,0,0,0,0,0,0,0,0,0,0,0,0,0,0,0,0,0,0,0,0,0,0,0,0,0,0,0,0,0,0,0,0,0,0,0,0,0,0,0,0,0,0,0,0,0,0,0,0,0,0,0,0,0,0,0,0,0,0,0,0,0,0,0,0,0,0,0,0,0,0,0,0,0,0,0,0,0,0,0,0,0,0,0,0,0,0,0,0,0,0,0,0,0,0,0,0,0,0,0,0,0,0,0,0,0,0,0,0,0,0,0,0,0,0,0,0,0,0,0,0,0,0,0,0,0,0,0,0
6062,196.4741958374791,99.7417193346517,507.65811209710586,0,0,0,0,0,0,0,0,0,0,11.23564561642472,20.196349597059463,20.196349597059463,20.196349597059463,20.196349597059463,20.196349597059463,20.196349597059463,20.196349597059463,20.196349597059463,20.196349597059463,20.196349597059463,20.196349597059463,20.196349597059463,20.196349597059463,20.196349597059463,20.196349597059463,20.196349597059463,20.196349597059463,20.196349597059463,20.196349597059463,20.196349597059463,20.196349597059463,20.196349597059463,20.196349597059463,20.196349597059463,20.196349597059463,20.196349597059463,20.196349597059463,20.196349597059463,20.196349597059463,20.196349597059463,20.196349597059463,20.196349597059463,20.196349597059463,20.196349597059463,20.196349597059463,20.196349597059463,20.196349597059463,20.196349597059463,20.196349597059463,20.196349597059463,20.196349597059463,20.196349597059463,20.196349597059463,20.196349597059463,20.196349597059463,20.196349597059463,20.196349597059463,20.196349597059463,20.196349597059463,20.196349597059463,20.196349597059463,20.196349597059463,20.196349597059463,20.196349597059463,20.196349597059463,20.196349597059463,20.196349597059463,20.196349597059463,20.196349597059463,20.196349597059463,20.196349597059463,20.196349597059463,20.196349597059463,20.196349597059463,0,0,0,0,0,0,0,0,0,0,57.18636774937457,102.79390385577972,102.79390385577972,102.79390385577972,102.79390385577972,102.79390385577972,102.79390385577972,102.79390385577972,102.79390385577972,102.79390385577972,102.79390385577972,102.79390385577972,102.79390385577972,102.79390385577972,102.79390385577972,102.79390385577972,102.79390385577972,102.79390385577972,102.79390385577972,102.79390385577972,102.79390385577972,102.79390385577972,102.79390385577972,102.79390385577972,102.79390385577972,102.79390385577972,102.79390385577972,102.79390385577972,102.79390385577972,102.79390385577972,102.79390385577972,102.79390385577972,102.79390385577972,102.79390385577972,102.79390385577972,102.79390385577972,102.79390385577972,102.79390385577972,102.79390385577972,102.79390385577972,102.79390385577972,102.79390385577972,102.79390385577972,102.79390385577972,102.79390385577972,102.79390385577972,102.79390385577972,102.79390385577972,102.79390385577972,102.79390385577972,102.79390385577972,102.79390385577972,102.79390385577972,102.79390385577972,102.79390385577972,102.79390385577972,102.79390385577972,102.79390385577972,102.79390385577972,102.79390385577972,102.79390385577972,102.79390385577972,102.79390385577972,102.79390385577972,102.79390385577972
6063,136.98222443168842,0,0,0,0,0,0,0,0,0,0,0,0,0,0,0,0,0,0,0,0,0,0,0,0,0,0,0,0,0,0,0,0,0,0,0,0,0,0,0,0,0,0,0,0,0,0,0,0,0,0,0,0,0,0,0,0,0,0,0,0,0,0,0,0,0,0,0,0,0,0,0,0,0,0,0,0,0,0,0,0,0,0,0,0,0,0,0,0,0,0,0,0,0,0,0,0,0,0,0,0,0,0,0,0,0,0,0,0,0,0,0,0,0,0,0,0,0,0,0,0,0,0,0,0,0,0,0,0,0,0,0,0,0,0,0,0,0,0,0,0,0,0,0,0,0,0,0,0,0,0,0,0
6064,898.4700426381916,0,0,0,0,0,0,0,0,0,0,0,0,0,0,0,0,0,0,0,0,0,0,0,0,0,0,0,0,0,0,0,0,0,0,0,0,0,0,0,0,0,0,0,0,0,0,0,0,0,0,0,0,0,0,0,0,0,0,0,0,0,0,0,0,0,0,0,0,0,0,0,0,0,0,0,0,0,0,0,0,0,0,0,0,0,0,0,0,0,0,0,0,0,0,0,0,0,0,0,0,0,0,0,0,0,0,0,0,0,0,0,0,0,0,0,0,0,0,0,0,0,0,0,0,0,0,0,0,0,0,0,0,0,0,0,0,0,0,0,0,0,0,0,0,0,0,0,0,0,0,0,0
6065,39.446284396934445,0,0,0,0,0,0,0,0,0,0,0,0,0,0,0,0,0,0,0,0,0,0,0,0,0,0,2.2935408412159024,2.2935408412159024,2.2935408412159024,2.2935408412159024,2.2935408412159024,2.2935408412159024,2.2935408412159024,2.2935408412159024,2.2935408412159024,2.2935408412159024,2.2935408412159024,2.2935408412159024,2.2935408412159024,2.2935408412159024,2.2935408412159024,2.2935408412159024,2.2935408412159024,2.2935408412159024,2.2935408412159024,2.2935408412159024,2.2935408412159024,2.2935408412159024,2.2935408412159024,2.2935408412159024,2.2935408412159024,2.2935408412159024,2.2935408412159024,2.2935408412159024,2.2935408412159024,2.2935408412159024,2.2935408412159024,2.2935408412159024,2.2935408412159024,2.2935408412159024,2.2935408412159024,2.2935408412159024,2.2935408412159024,2.2935408412159024,2.2935408412159024,2.2935408412159024,2.2935408412159024,2.2935408412159024,2.2935408412159024,2.2935408412159024,2.2935408412159024,2.2935408412159024,2.2935408412159024,2.2935408412159024,2.2935408412159024,2.2935408412159024,2.2935408412159024,0,0,0,0,0,0,0,0,0,0,0,0,0,0,0,0,0,0,0,0,0,0,0,0,58.14339363720006,58.14339363720006,58.14339363720006,58.14339363720006,58.14339363720006,58.14339363720006,58.14339363720006,58.14339363720006,58.14339363720006,58.14339363720006,58.14339363720006,58.14339363720006,58.14339363720006,58.14339363720006,58.14339363720006,58.14339363720006,58.14339363720006,58.14339363720006,58.14339363720006,58.14339363720006,58.14339363720006,58.14339363720006,58.14339363720006,58.14339363720006,58.14339363720006,58.14339363720006,58.14339363720006,58.14339363720006,58.14339363720006,58.14339363720006,58.14339363720006,58.14339363720006,58.14339363720006,58.14339363720006,58.14339363720006,58.14339363720006,58.14339363720006,58.14339363720006,58.14339363720006,58.14339363720006,58.14339363720006,58.14339363720006,58.14339363720006,58.14339363720006,58.14339363720006,58.14339363720006,58.14339363720006,58.14339363720006,58.14339363720006,58.14339363720006,58.14339363720006
6066,222.98298030939108,0,0,0,0,0,0,0,0,0,0,0,0,0,0,0,0,0,0,0,0,0,0,0,0,0,0,0,0,0,0,0,0,0,0,0,0,0,0,0,0,0,0,0,0,0,0,0,0,0,0,0,0,0,0,0,0,0,0,0,0,0,0,0,0,0,0,0,0,0,0,0,0,0,0,0,0,0,0,0,0,0,0,0,0,0,0,0,0,0,0,0,0,0,0,0,0,0,0,0,0,0,0,0,0,0,0,0,0,0,0,0,0,0,0,0,0,0,0,0,0,0,0,0,0,0,0,0,0,0,0,0,0,0,0,0,0,0,0,0,0,0,0,0,0,0,0,0,0,0,0,0,0
6067,61.30107851663169,0,0,0,0,0,0,0,0,0,0,0,0,0,0,0,0,0,0,0,0,0,0,0,0,0,0,0,0,0,0,0,0,0,0,0,0,0,0,0,0,0,0,0,0,0,0,0,0,0,0,0,0,0,0,0,0,0,0,0,0,0,0,0,0,0,0,0,0,0,0,0,0,0,0,0,0,0,0,0,0,0,0,0,0,0,0,0,0,0,0,0,0,0,0,0,0,0,0,0,0,0,0,0,0,0,0,0,0,0,0,0,0,0,0,0,0,0,0,0,0,0,0,0,0,0,0,0,0,0,0,0,0,0,0,0,0,0,0,0,0,0,0,0,0,0,0,0,0,0,0,0,0
6068,268.7222273753193,0,0,0,0,0,0,0,0,0,0,0,0,0,0,0,0,0,0,0,0,0,0,0,0,0,0,0,0,0,0,0,0,0,0,0,0,0,0,0,0,0,0,0,0,0,0,0,0,0,0,0,0,0,0,0,0,0,0,0,0,0,0,0,0,0,0,0,0,0,0,0,0,0,0,0,0,0,0,0,0,0,0,0,0,0,0,0,0,0,0,0,0,0,0,0,0,0,0,0,0,0,0,0,0,0,0,0,0,0,0,0,0,0,0,0,0,0,0,0,0,0,0,0,0,0,0,0,0,0,0,0,0,0,0,0,0,0,0,0,0,0,0,0,0,0,0,0,0,0,0,0,0
6069,166.74228399513723,0,0,0,0,0,0,0,0,0,0,0,0,0,0,0,0,0,0,0,0,0,0,0,0,0,0,0,0,0,0,0,0,0,0,0,0,0,0,0,0,0,0,0,0,0,0,0,0,0,0,0,0,0,0,0,0,0,0,0,0,0,0,0,0,0,0,0,0,0,0,0,0,0,0,0,0,0,0,0,0,0,0,0,0,0,0,0,0,0,0,0,0,0,0,0,0,0,0,0,0,0,0,0,0,0,0,0,0,0,0,0,0,0,0,0,0,0,0,0,0,0,0,0,0,0,0,0,0,0,0,0,0,0,0,0,0,0,0,0,0,0,0,0,0,0,0,0,0,0,0,0,0
6070,59.3183231715832,0,0,0,0,0,0,0,0,0,0,0,0,0,0,0,0,0,0,0,0,0,0,0,0,0,0,9.640675269400655,9.640675269400655,9.640675269400655,9.640675269400655,9.640675269400655,9.640675269400655,9.640675269400655,9.640675269400655,9.640675269400655,9.640675269400655,9.640675269400655,9.640675269400655,9.640675269400655,9.640675269400655,9.640675269400655,9.640675269400655,9.640675269400655,9.640675269400655,9.640675269400655,9.640675269400655,9.640675269400655,9.640675269400655,9.640675269400655,9.640675269400655,9.640675269400655,9.640675269400655,9.640675269400655,9.640675269400655,9.640675269400655,9.640675269400655,9.640675269400655,9.640675269400655,9.640675269400655,9.640675269400655,9.640675269400655,9.640675269400655,9.640675269400655,9.640675269400655,9.640675269400655,9.640675269400655,9.640675269400655,9.640675269400655,9.640675269400655,9.640675269400655,9.640675269400655,9.640675269400655,9.640675269400655,9.640675269400655,9.640675269400655,9.640675269400655,9.640675269400655,0,0,0,0,0,0,0,0,0,0,0,0,0,0,0,0,0,0,0,0,0,0,0,0,162.52440652299285,162.52440652299285,162.52440652299285,162.52440652299285,162.52440652299285,162.52440652299285,162.52440652299285,162.52440652299285,162.52440652299285,162.52440652299285,162.52440652299285,162.52440652299285,162.52440652299285,162.52440652299285,162.52440652299285,162.52440652299285,162.52440652299285,162.52440652299285,162.52440652299285,162.52440652299285,162.52440652299285,162.52440652299285,162.52440652299285,162.52440652299285,162.52440652299285,162.52440652299285,162.52440652299285,162.52440652299285,162.52440652299285,162.52440652299285,162.52440652299285,162.52440652299285,162.52440652299285,162.52440652299285,162.52440652299285,162.52440652299285,162.52440652299285,162.52440652299285,162.52440652299285,162.52440652299285,162.52440652299285,162.52440652299285,162.52440652299285,162.52440652299285,162.52440652299285,162.52440652299285,162.52440652299285,162.52440652299285,162.52440652299285,162.52440652299285,162.52440652299285
6071,240.43641472568703,0,0,0,0,0,0,0,0,0,0,0,0,0,0,0,0,0,0,0,0,0,0,0,0,0,0,0,0,0,0,0,0,0,0,0,0,0,0,0,0,0,0,0,0,0,0,0,0,0,0,0,0,0,0,0,0,0,0,0,0,0,0,0,0,0,0,0,0,0,0,0,0,0,0,0,0,0,0,0,0,0,0,0,0,0,0,0,0,0,0,0,0,0,0,0,0,0,0,0,0,0,0,0,0,0,0,0,0,0,0,0,0,0,0,0,0,0,0,0,0,0,0,0,0,0,0,0,0,0,0,0,0,0,0,0,0,0,0,0,0,0,0,0,0,0,0,0,0,0,0,0,0
6072,164.19844268294037,0,0,0,0,0,0,0,0,0,0,0,0,0,0,0,0,0,0,0,0,0,0,0,0,0,0,0,0,0,0,0,0,0,0,0,0,0,0,0,0,0,0,0,0,0,0,0,0,0,0,0,0,0,0,0,0,0,0,0,0,0,0,0,0,0,0,0,0,0,0,0,0,0,0,0,0,0,0,0,0,0,0,0,0,0,0,0,0,0,0,0,0,0,0,0,0,0,0,0,0,0,0,0,0,0,0,0,0,0,0,0,0,0,0,0,0,0,0,0,0,0,0,0,0,0,0,0,0,0,0,0,0,0,0,0,0,0,0,0,0,0,0,0,0,0,0,0,0,0,0,0,0
6073,189.36170328152102,16.907755374093583,89.28814581350218,0,0,0,0,0,0,0,0,0,0,0,0,0,0,0,0,0,0,0,0,0,0,0,0,0,0,0,0,0,0,0,0,0,0,0,0,0,0,0,0,0,0,0,0,0,0,0,0,0,0,0,0,0,0,0,0,0,0,0,0,0,0,0,0,0,0,0,0,0,0,0,0,0,0,0,0,0,0,0,0,0,0,0,0,0,0,0,0,0,0,0,0,0,0,0,0,0,0,0,0,0,0,0,0,0,0,0,0,0,0,0,0,0,0,0,0,0,0,0,0,0,0,0,0,0,0,0,0,0,0,0,0,0,0,0,0,0,0,0,0,0,0,0,0,0,0,0,0,0,0
6074,244.77702579221534,0,0,0,0,0,0,0,0,0,0,0,0,0,0,0,0,0,0,0,0,0,0,0,0,0,0,0,0,0,0,0,0,0,0,0,0,0,0,0,0,0,0,0,0,0,0,0,0,0,0,0,0,0,0,0,0,0,0,0,0,0,0,0,0,0,0,0,0,0,0,0,0,0,0,0,0,0,0,0,0,0,0,0,0,0,0,0,0,0,0,0,0,0,0,0,0,0,0,0,0,0,0,0,0,0,0,0,0,0,0,0,0,0,0,0,0,0,0,0,0,0,0,0,0,0,0,0,0,0,0,0,0,0,0,0,0,0,0,0,0,0,0,0,0,0,0,0,0,0,0,0,0
6075,166.1699138979868,0.6251605264875153,3.762176388147538,0,0,0,0,0,0,0,0,0,0,0,0,0,0,0,0,0,0,0,0,0,0,0,0,15.37401266751909,15.37401266751909,15.37401266751909,15.37401266751909,15.37401266751909,15.37401266751909,15.37401266751909,15.37401266751909,15.37401266751909,15.37401266751909,15.37401266751909,15.37401266751909,15.37401266751909,15.37401266751909,15.37401266751909,15.37401266751909,15.37401266751909,15.37401266751909,15.37401266751909,15.37401266751909,15.37401266751909,15.37401266751909,15.37401266751909,15.37401266751909,15.37401266751909,15.37401266751909,15.37401266751909,15.37401266751909,15.37401266751909,15.37401266751909,15.37401266751909,15.37401266751909,15.37401266751909,15.37401266751909,15.37401266751909,15.37401266751909,15.37401266751909,15.37401266751909,15.37401266751909,15.37401266751909,15.37401266751909,15.37401266751909,15.37401266751909,15.37401266751909,15.37401266751909,15.37401266751909,15.37401266751909,15.37401266751909,15.37401266751909,15.37401266751909,15.37401266751909,0,0,0,0,0,0,0,0,0,0,0,0,0,0,0,0,0,0,0,0,0,0,0,0,92.5198329040318,92.5198329040318,92.5198329040318,92.5198329040318,92.5198329040318,92.5198329040318,92.5198329040318,92.5198329040318,92.5198329040318,92.5198329040318,92.5198329040318,92.5198329040318,92.5198329040318,92.5198329040318,92.5198329040318,92.5198329040318,92.5198329040318,92.5198329040318,92.5198329040318,92.5198329040318,92.5198329040318,92.5198329040318,92.5198329040318,92.5198329040318,92.5198329040318,92.5198329040318,92.5198329040318,92.5198329040318,92.5198329040318,92.5198329040318,92.5198329040318,92.5198329040318,92.5198329040318,92.5198329040318,92.5198329040318,92.5198329040318,92.5198329040318,92.5198329040318,92.5198329040318,92.5198329040318,92.5198329040318,92.5198329040318,92.5198329040318,92.5198329040318,92.5198329040318,92.5198329040318,92.5198329040318,92.5198329040318,92.5198329040318,92.5198329040318,92.5198329040318
6076,347.30268354875585,130.5276032876859,375.8324063435055,0,0,0,0,0,0,0,0,0,0,0,5.370073718929183,5.370073718929183,5.370073718929183,5.370073718929183,5.370073718929183,5.370073718929183,5.370073718929183,5.370073718929183,5.370073718929183,5.370073718929183,5.370073718929183,5.370073718929183,5.370073718929183,5.370073718929183,5.370073718929183,5.370073718929183,5.370073718929183,5.370073718929183,5.370073718929183,5.370073718929183,5.370073718929183,5.370073718929183,5.370073718929183,5.370073718929183,5.370073718929183,5.370073718929183,5.370073718929183,5.370073718929183,5.370073718929183,5.370073718929183,5.370073718929183,5.370073718929183,5.370073718929183,5.370073718929183,5.370073718929183,5.370073718929183,5.370073718929183,5.370073718929183,5.370073718929183,5.370073718929183,5.370073718929183,5.370073718929183,5.370073718929183,5.370073718929183,5.370073718929183,5.370073718929183,5.370073718929183,5.370073718929183,5.370073718929183,5.370073718929183,5.370073718929183,5.370073718929183,5.370073718929183,5.370073718929183,5.370073718929183,5.370073718929183,5.370073718929183,5.370073718929183,5.370073718929183,5.370073718929183,5.370073718929183,5.370073718929183,5.370073718929183,5.370073718929183,0,0,0,0,0,0,0,0,0,0,0,15.462229269458868,15.462229269458868,15.462229269458868,15.462229269458868,15.462229269458868,15.462229269458868,15.462229269458868,15.462229269458868,15.462229269458868,15.462229269458868,15.462229269458868,15.462229269458868,15.462229269458868,15.462229269458868,15.462229269458868,15.462229269458868,15.462229269458868,15.462229269458868,15.462229269458868,15.462229269458868,15.462229269458868,15.462229269458868,15.462229269458868,15.462229269458868,15.462229269458868,15.462229269458868,15.462229269458868,15.462229269458868,15.462229269458868,15.462229269458868,15.462229269458868,15.462229269458868,15.462229269458868,15.462229269458868,15.462229269458868,15.462229269458868,15.462229269458868,15.462229269458868,15.462229269458868,15.462229269458868,15.462229269458868,15.462229269458868,15.462229269458868,15.462229269458868,15.462229269458868,15.462229269458868,15.462229269458868,15.462229269458868,15.462229269458868,15.462229269458868,15.462229269458868,15.462229269458868,15.462229269458868,15.462229269458868,15.462229269458868,15.462229269458868,15.462229269458868,15.462229269458868,15.462229269458868,15.462229269458868,15.462229269458868,15.462229269458868,15.462229269458868,15.462229269458868
6077,568.7994965642963,176.87923567753023,310.9693956234648,0,0,0,0,0,0,0,0,0,0,0,0,0,0,0,0,0,0,0,0,0,0,0,0,0,0,0,0,0,0,0,0,0,0,0,0,0,0,0,0,0,0,0,0,0,0,0,0,0,0,0,0,0,0,0,0,0,0,0,0,0,0,0,0,0,0,0,0,0,0,0,0,0,0,0,0,0,0,0,0,0,0,0,0,0,0,0,0,0,0,0,0,0,0,0,0,0,0,0,0,0,0,0,0,0,0,0,0,0,0,0,0,0,0,0,0,0,0,0,0,0,0,0,0,0,0,0,0,0,0,0,0,0,0,0,0,0,0,0,0,0,0,0,0,0,0,0,0,0,0
6078,244.51547121799692,0,0,0,0,0,0,0,0,0,0,0,0,0,0,0,0,0,0,0,0,0,0,0,0,0,0,0,0,0,0,0,0,0,0,0,0,0,0,0,0,0,0,0,0,0,0,0,0,0,0,0,0,0,0,0,0,0,0,0,0,0,0,0,0,0,0,0,0,0,0,0,0,0,0,0,0,0,0,0,0,0,0,0,0,0,0,0,0,0,0,0,0,0,0,0,0,0,0,0,0,0,0,0,0,0,0,0,0,0,0,0,0,0,0,0,0,0,0,0,0,0,0,0,0,0,0,0,0,0,0,0,0,0,0,0,0,0,0,0,0,0,0,0,0,0,0,0,0,0,0,0,0
6079,317.68222804099133,0,0,0,0,0,0,0,0,0,0,0,0,0,0,0,0,0,0,0,0,0,0,0,0,0,0,0,0,0,0,0,0,0,0,0,0,0,0,0,0,0,0,0,0,0,0,0,0,0,0,0,0,0,0,0,0,0,0,0,0,0,0,0,0,0,0,0,0,0,0,0,0,0,0,0,0,0,0,0,0,0,0,0,0,0,0,0,0,0,0,0,0,0,0,0,0,0,0,0,0,0,0,0,0,0,0,0,0,0,0,0,0,0,0,0,0,0,0,0,0,0,0,0,0,0,0,0,0,0,0,0,0,0,0,0,0,0,0,0,0,0,0,0,0,0,0,0,0,0,0,0,0
6080,327.2405363120615,16.873305184893702,51.56239314069288,0,0,0,0,0,0,0,0,0,0,0,0,0,0,0,0,0,0,0,0,0,0,0,0,0,0,0,20.351917635126004,20.351917635126004,20.351917635126004,20.351917635126004,20.351917635126004,20.351917635126004,20.351917635126004,20.351917635126004,20.351917635126004,20.351917635126004,20.351917635126004,20.351917635126004,20.351917635126004,20.351917635126004,20.351917635126004,20.351917635126004,20.351917635126004,20.351917635126004,20.351917635126004,20.351917635126004,20.351917635126004,20.351917635126004,20.351917635126004,20.351917635126004,20.351917635126004,20.351917635126004,20.351917635126004,20.351917635126004,20.351917635126004,20.351917635126004,20.351917635126004,20.351917635126004,20.351917635126004,20.351917635126004,20.351917635126004,20.351917635126004,20.351917635126004,20.351917635126004,20.351917635126004,20.351917635126004,20.351917635126004,20.351917635126004,20.351917635126004,20.351917635126004,20.351917635126004,20.351917635126004,20.351917635126004,20.351917635126004,0,0,0,0,0,0,0,0,0,0,0,0,0,0,0,0,0,0,0,0,0,0,0,0,0,0,0,62.192532332602305,62.192532332602305,62.192532332602305,62.192532332602305,62.192532332602305,62.192532332602305,62.192532332602305,62.192532332602305,62.192532332602305,62.192532332602305,62.192532332602305,62.192532332602305,62.192532332602305,62.192532332602305,62.192532332602305,62.192532332602305,62.192532332602305,62.192532332602305,62.192532332602305,62.192532332602305,62.192532332602305,62.192532332602305,62.192532332602305,62.192532332602305,62.192532332602305,62.192532332602305,62.192532332602305,62.192532332602305,62.192532332602305,62.192532332602305,62.192532332602305,62.192532332602305,62.192532332602305,62.192532332602305,62.192532332602305,62.192532332602305,62.192532332602305,62.192532332602305,62.192532332602305,62.192532332602305,62.192532332602305,62.192532332602305,62.192532332602305,62.192532332602305,62.192532332602305,62.192532332602305,62.192532332602305,62.192532332602305
6081,219.3871037992493,20.283652478332776,92.45599275011799,0,0,0,0,0,0,0,0,0,0,0,0,0,0,0,0,0,0,0,0,0,0,10.7810593756767,10.7810593756767,10.7810593756767,10.7810593756767,10.7810593756767,25.915318309888118,25.915318309888118,25.915318309888118,25.915318309888118,25.915318309888118,25.915318309888118,25.915318309888118,25.915318309888118,25.915318309888118,25.915318309888118,25.915318309888118,25.915318309888118,25.915318309888118,25.915318309888118,25.915318309888118,25.915318309888118,25.915318309888118,25.915318309888118,25.915318309888118,25.915318309888118,25.915318309888118,25.915318309888118,25.915318309888118,25.915318309888118,25.915318309888118,25.915318309888118,25.915318309888118,25.915318309888118,25.915318309888118,25.915318309888118,25.915318309888118,25.915318309888118,25.915318309888118,25.915318309888118,25.915318309888118,25.915318309888118,25.915318309888118,25.915318309888118,25.915318309888118,25.915318309888118,25.915318309888118,25.915318309888118,25.915318309888118,25.915318309888118,25.915318309888118,25.915318309888118,25.915318309888118,25.915318309888118,0,0,0,0,0,0,0,0,0,0,0,0,0,0,0,0,0,0,0,0,0,0,49.141718856646804,49.141718856646804,49.141718856646804,49.141718856646804,49.141718856646804,118.12598763144251,118.12598763144251,118.12598763144251,118.12598763144251,118.12598763144251,118.12598763144251,118.12598763144251,118.12598763144251,118.12598763144251,118.12598763144251,118.12598763144251,118.12598763144251,118.12598763144251,118.12598763144251,118.12598763144251,118.12598763144251,118.12598763144251,118.12598763144251,118.12598763144251,118.12598763144251,118.12598763144251,118.12598763144251,118.12598763144251,118.12598763144251,118.12598763144251,118.12598763144251,118.12598763144251,118.12598763144251,118.12598763144251,118.12598763144251,118.12598763144251,118.12598763144251,118.12598763144251,118.12598763144251,118.12598763144251,118.12598763144251,118.12598763144251,118.12598763144251,118.12598763144251,118.12598763144251,118.12598763144251,118.12598763144251,118.12598763144251,118.12598763144251,118.12598763144251,118.12598763144251,118.12598763144251,118.12598763144251
6082,468.177998050714,0,0,0,0,0,0,0,0,0,0,0,0,0,0,0,0,0,0,0,0,0,0,0,0,0,0,0,0,0,0,0,0,0,0,0,0,0,0,0,0,0,0,0,0,0,0,0,0,0,0,0,0,0,0,0,0,0,0,0,0,0,0,0,0,0,0,0,0,0,0,0,0,0,0,0,0,0,0,0,0,0,0,0,0,0,0,0,0,0,0,0,0,0,0,0,0,0,0,0,0,0,0,0,0,0,0,0,0,0,0,0,0,0,0,0,0,0,0,0,0,0,0,0,0,0,0,0,0,0,0,0,0,0,0,0,0,0,0,0,0,0,0,0,0,0,0,0,0,0,0,0,0
6083,146.43783794658768,50.65212557589405,345.89506568902704,0,0,0,0,0,0,0,0,0,0,0,0,0,0,0,0,0,0,0,0,0,0,0,0,0,0,0,0,0,0,0,0,0,0,0,0,0,0,0,0,0,0,0,0,0,0,0,0,0,0,0,0,0,0,0,0,0,0,0,0,0,0,0,0,0,0,0,0,0,0,0,0,0,0,0,0,0,0,0,0,0,0,0,0,0,0,0,0,0,0,0,0,0,0,0,0,0,0,0,0,0,0,0,0,0,0,0,0,0,0,0,0,0,0,0,0,0,0,0,0,0,0,0,0,0,0,0,0,0,0,0,0,0,0,0,0,0,0,0,0,0,0,0,0,0,0,0,0,0,0
6084,244.893058765687,1.353976276169367,5.528847093477026,0,0,0,0,0,0,0,0,0,0,0,0,0,0,0,0,0,0,0,0,0,0,0,0,0,0,0,0,0,0,0,0,0,0,0,0,0,0,0,0,0,0,0,0,0,0,0,0,0,0,0,0,0,0,0,0,0,0,0,0,0,0,0,0,0,0,0,0,0,0,0,0,0,0,0,0,0,0,0,0,0,0,0,0,0,0,0,0,0,0,0,0,0,0,0,0,0,0,0,0,0,0,0,0,0,0,0,0,0,0,0,0,0,0,0,0,0,0,0,0,0,0,0,0,0,0,0,0,0,0,0,0,0,0,0,0,0,0,0,0,0,0,0,0,0,0,0,0,0,0
6085,327.99645570160743,0,0,0,0,0,0,0,0,0,0,0,0,0,0,0,0,0,0,0,0,0,0,0,0,0,0,0,0,0,0,0,0,0,0,0,0,0,0,0,0,0,0,0,0,0,0,0,0,0,0,0,0,0,0,0,0,0,0,0,0,0,0,0,0,0,0,0,0,0,0,0,0,0,0,0,0,0,0,0,0,0,0,0,0,0,0,0,0,0,0,0,0,0,0,0,0,0,0,0,0,0,0,0,0,0,0,0,0,0,0,0,0,0,0,0,0,0,0,0,0,0,0,0,0,0,0,0,0,0,0,0,0,0,0,0,0,0,0,0,0,0,0,0,0,0,0,0,0,0,0,0,0
6086,262.5507923221683,0,0,0,0,0,0,0,0,0,0,0,0,0,0,0,0,0,0,0,0,0,0,0,0,0,0,0,0,0,0,0,0,0,0,0,0,0,0,0,0,0,0,0,0,0,0,0,0,0,0,0,0,0,0,0,0,0,0,0,0,0,0,0,0,0,0,0,0,0,0,0,0,0,0,0,0,0,0,0,0,0,0,0,0,0,0,0,0,0,0,0,0,0,0,0,0,0,0,0,0,0,0,0,0,0,0,0,0,0,0,0,0,0,0,0,0,0,0,0,0,0,0,0,0,0,0,0,0,0,0,0,0,0,0,0,0,0,0,0,0,0,0,0,0,0,0,0,0,0,0,0,0
6087,212.76598319268692,0,0,0,0,0,0,0,0,0,0,0,0,8.128946228210582,8.128946228210582,8.128946228210582,8.128946228210582,8.128946228210582,8.128946228210582,8.128946228210582,8.128946228210582,8.128946228210582,8.128946228210582,8.128946228210582,8.128946228210582,8.128946228210582,8.128946228210582,8.128946228210582,8.128946228210582,8.128946228210582,8.128946228210582,8.128946228210582,8.128946228210582,8.128946228210582,8.128946228210582,8.128946228210582,8.128946228210582,8.128946228210582,8.128946228210582,8.128946228210582,8.128946228210582,8.128946228210582,8.128946228210582,8.128946228210582,8.128946228210582,8.128946228210582,8.128946228210582,8.128946228210582,8.128946228210582,8.128946228210582,8.128946228210582,8.128946228210582,8.128946228210582,8.128946228210582,8.128946228210582,8.128946228210582,8.128946228210582,8.128946228210582,8.128946228210582,8.128946228210582,8.128946228210582,8.128946228210582,8.128946228210582,8.128946228210582,8.128946228210582,8.128946228210582,8.128946228210582,8.128946228210582,8.128946228210582,8.128946228210582,8.128946228210582,8.128946228210582,8.128946228210582,8.128946228210582,8.128946228210582,8.128946228210582,8.128946228210582,8.128946228210582,0,0,0,0,0,0,0,0,0,0,38.20604264944353,38.20604264944353,38.20604264944353,38.20604264944353,38.20604264944353,38.20604264944353,38.20604264944353,38.20604264944353,38.20604264944353,38.20604264944353,38.20604264944353,38.20604264944353,38.20604264944353,38.20604264944353,38.20604264944353,38.20604264944353,38.20604264944353,38.20604264944353,38.20604264944353,38.20604264944353,38.20604264944353,38.20604264944353,38.20604264944353,38.20604264944353,38.20604264944353,38.20604264944353,38.20604264944353,38.20604264944353,38.20604264944353,38.20604264944353,38.20604264944353,38.20604264944353,38.20604264944353,38.20604264944353,38.20604264944353,38.20604264944353,38.20604264944353,38.20604264944353,38.20604264944353,38.20604264944353,38.20604264944353,38.20604264944353,38.20604264944353,38.20604264944353,38.20604264944353,38.20604264944353,38.20604264944353,38.20604264944353,38.20604264944353,38.20604264944353,38.20604264944353,38.20604264944353,38.20604264944353,38.20604264944353,38.20604264944353,38.20604264944353,38.20604264944353,38.20604264944353,38.20604264944353,38.20604264944353,38.20604264944353,38.20604264944353,38.20604264944353,38.20604264944353,38.20604264944353
6088,70.95750168714011,0,0,0,0,0,0,0,0,0,0,0,0,0,0,0,0,0,0,0,0,0,0,0,0,0,0,0,0,0,0,0,0,0,0,0,0,0,0,0,0,0,0,0,0,0,0,0,0,0,0,0,0,0,0,0,0,0,0,0,0,0,0,0,0,0,0,0,0,0,0,0,0,0,0,0,0,0,0,0,0,0,0,0,0,0,0,0,0,0,0,0,0,0,0,0,0,0,0,0,0,0,0,0,0,0,0,0,0,0,0,0,0,0,0,0,0,0,0,0,0,0,0,0,0,0,0,0,0,0,0,0,0,0,0,0,0,0,0,0,0,0,0,0,0,0,0,0,0,0,0,0,0
6089,170.43626394886476,0,0,0,0,0,0,0,0,0,0,0,0,0,0,0,0,0,0,0,0,0,0,0,0,0,0,0,0,0,0,0,0,0,0,0,0,0,0,0,0,0,0,0,0,0,0,0,0,0,0,0,0,0,0,0,0,0,0,0,0,0,0,0,0,0,0,0,0,0,0,0,0,0,0,0,0,0,0,0,0,0,0,0,0,0,0,0,0,0,0,0,0,0,0,0,0,0,0,0,0,0,0,0,0,0,0,0,0,0,0,0,0,0,0,0,0,0,0,0,0,0,0,0,0,0,0,0,0,0,0,0,0,0,0,0,0,0,0,0,0,0,0,0,0,0,0,0,0,0,0,0,0
6090,78.81191923193833,0,0,0,0,0,0,0,0,0,0,0,0,0,0,0,0,0,0,0,0,0,0,0,0,0,0,0,0,0,0,0,0,0,0,0,0,0,0,0,0,0,0,0,0,0,0,0,0,0,0,0,0,0,0,0,0,0,0,0,0,0,0,0,0,0,0,0,0,0,0,0,0,0,0,0,0,0,0,0,0,0,0,0,0,0,0,0,0,0,0,0,0,0,0,0,0,0,0,0,0,0,0,0,0,0,0,0,0,0,0,0,0,0,0,0,0,0,0,0,0,0,0,0,0,0,0,0,0,0,0,0,0,0,0,0,0,0,0,0,0,0,0,0,0,0,0,0,0,0,0,0,0
6091,403.1195967074164,0,0,0,0,0,0,0,0,0,0,0,0,0,0,0,0,0,0,0,0,0,0,0,0,0,0,0,0,0,0,0,0,0,0,0,0,0,0,0,0,0,0,0,0,0,0,0,0,0,0,0,0,0,0,0,0,0,0,0,0,0,0,0,0,0,0,0,0,0,0,0,0,0,0,0,0,0,0,0,0,0,0,0,0,0,0,0,0,0,0,0,0,0,0,0,0,0,0,0,0,0,0,0,0,0,0,0,0,0,0,0,0,0,0,0,0,0,0,0,0,0,0,0,0,0,0,0,0,0,0,0,0,0,0,0,0,0,0,0,0,0,0,0,0,0,0,0,0,0,0,0,0
6092,177.56285921850744,0,0,0,0,0,0,0,0,0,0,0,0,0,0,0,0,0,0,0,0,0,0,0,0,0,0,0,0,0,0,0,0,0,0,0,0,0,0,0,0,0,0,0,0,0,0,0,0,0,0,0,0,0,0,0,0,0,0,0,0,0,0,0,0,0,0,0,0,0,0,0,0,0,0,0,0,0,0,0,0,0,0,0,0,0,0,0,0,0,0,0,0,0,0,0,0,0,0,0,0,0,0,0,0,0,0,0,0,0,0,0,0,0,0,0,0,0,0,0,0,0,0,0,0,0,0,0,0,0,0,0,0,0,0,0,0,0,0,0,0,0,0,0,0,0,0,0,0,0,0,0,0
6093,84.80339550244521,0,0,0,0,0,0,0,0,0,0,0,0,0,0,0,0,0,0,0,0,0,0,0,0,0,0,1.5517486621101404,1.5517486621101404,1.5517486621101404,1.5517486621101404,1.5517486621101404,1.5517486621101404,1.5517486621101404,1.5517486621101404,1.5517486621101404,1.5517486621101404,1.5517486621101404,1.5517486621101404,1.5517486621101404,1.5517486621101404,1.5517486621101404,1.5517486621101404,1.5517486621101404,1.5517486621101404,1.5517486621101404,1.5517486621101404,1.5517486621101404,1.5517486621101404,1.5517486621101404,1.5517486621101404,1.5517486621101404,1.5517486621101404,1.5517486621101404,1.5517486621101404,1.5517486621101404,1.5517486621101404,1.5517486621101404,1.5517486621101404,1.5517486621101404,1.5517486621101404,1.5517486621101404,1.5517486621101404,1.5517486621101404,1.5517486621101404,1.5517486621101404,1.5517486621101404,1.5517486621101404,1.5517486621101404,1.5517486621101404,1.5517486621101404,1.5517486621101404,1.5517486621101404,1.5517486621101404,1.5517486621101404,1.5517486621101404,1.5517486621101404,1.5517486621101404,0,0,0,0,0,0,0,0,0,0,0,0,0,0,0,0,0,0,0,0,0,0,0,0,18.298190218873927,18.298190218873927,18.298190218873927,18.298190218873927,18.298190218873927,18.298190218873927,18.298190218873927,18.298190218873927,18.298190218873927,18.298190218873927,18.298190218873927,18.298190218873927,18.298190218873927,18.298190218873927,18.298190218873927,18.298190218873927,18.298190218873927,18.298190218873927,18.298190218873927,18.298190218873927,18.298190218873927,18.298190218873927,18.298190218873927,18.298190218873927,18.298190218873927,18.298190218873927,18.298190218873927,18.298190218873927,18.298190218873927,18.298190218873927,18.298190218873927,18.298190218873927,18.298190218873927,18.298190218873927,18.298190218873927,18.298190218873927,18.298190218873927,18.298190218873927,18.298190218873927,18.298190218873927,18.298190218873927,18.298190218873927,18.298190218873927,18.298190218873927,18.298190218873927,18.298190218873927,18.298190218873927,18.298190218873927,18.298190218873927,18.298190218873927,18.298190218873927
6094,107.80360680796595,0,0,0,0,0,0,0,0,0,0,0,0,0,0,0,0,0,0,0,0,0,0,0,0,0,0,0,0,0,0,0,0,0,0,0,0,0,0,0,0,0,0,0,0,0,0,0,0,0,0,0,0,0,0,0,0,0,0,0,0,0,0,0,0,0,0,0,0,0,0,0,0,0,0,0,0,0,0,0,0,0,0,0,0,0,0,0,0,0,0,0,0,0,0,0,0,0,0,0,0,0,0,0,0,0,0,0,0,0,0,0,0,0,0,0,0,0,0,0,0,0,0,0,0,0,0,0,0,0,0,0,0,0,0,0,0,0,0,0,0,0,0,0,0,0,0,0,0,0,0,0,0
6095,102.91077089410993,0,0,0,0,0,0,0,0,0,0,0,0,0,0,0,0,0,0,0,0,0,0,0,0,0,0,0,0,0,0,0,0,0,0,0,0,0,0,0,0,0,0,0,0,0,0,0,0,0,0,0,0,0,0,0,0,0,0,0,0,0,0,0,4.770239681404886,4.770239681404886,4.770239681404886,4.770239681404886,4.770239681404886,4.770239681404886,4.770239681404886,4.770239681404886,4.770239681404886,4.770239681404886,4.770239681404886,4.770239681404886,4.770239681404886,4.770239681404886,0,0,0,0,0,0,0,0,0,0,0,0,0,0,0,0,0,0,0,0,0,0,0,0,0,0,0,0,0,0,0,0,0,0,0,0,0,0,0,0,0,0,0,0,0,0,0,0,0,0,0,0,0,0,0,0,0,0,0,0,0,46.353162452871196,46.353162452871196,46.353162452871196,46.353162452871196,46.353162452871196,46.353162452871196,46.353162452871196,46.353162452871196,46.353162452871196,46.353162452871196,46.353162452871196,46.353162452871196,46.353162452871196,46.353162452871196
6096,260.55714994846437,58.730850379306496,225.40486949186726,0,0,0,0,0,0,0,0,0,0,0,0,0,0,0,0,0,0,0,0,0,0,0,0,0,0,0,0,0,0,0,0,0,0,0,0,0,0,0,0,0,0,0,0,0,0,0,0,0,0,0,0,0,0,0,0,0,0,0,0,0,0,0,0,0,0,0,0,0,0,0,0,0,0,0,0,0,0,0,0,0,0,0,0,0,0,0,0,0,0,0,0,0,0,0,0,0,0,0,0,0,0,0,0,0,0,0,0,0,0,0,0,0,0,0,0,0,0,0,0,0,0,0,0,0,0,0,0,0,0,0,0,0,0,0,0,0,0,0,0,0,0,0,0,0,0,0,0,0,0
6097,89.58513612055442,36.57142144793756,408.23090784528716,0,0,0,0,0,0,0,0,0,0,0,0,0,0,0,0,0,0,0,0,0,0,0,0,0,0,0,0,0,0,0,0,0,0,0,0,0,0,0,0,0,0,0,0,0,0,0,0,0,0,0,0,0,0,0,0,0,0,0,0,0,0,0,0,0,0,0,0,0,0,0,0,0,0,0,0,0,0,0,0,0,0,0,0,0,0,0,0,0,0,0,0,0,0,0,0,0,0,0,0,0,0,0,0,0,0,0,0,0,0,0,0,0,0,0,0,0,0,0,0,0,0,0,0,0,0,0,0,0,0,0,0,0,0,0,0,0,0,0,0,0,0,0,0,0,0,0,0,0,0
6098,243.4544937377026,0,0,0,0,0,0,0,0,0,0,0,0,0,0,0,0,0,0,0,0,0,0,0,0,0,0,0,0,0,0,0,0,0,0,0,0,0,0,0,0,0,0,0,0,0,0,0,0,0,0,0,0,0,0,0,0,0,0,0,0,0,0,0,0,0,0,0,0,0,0,0,0,0,0,0,0,0,0,0,0,0,0,0,0,0,0,0,0,0,0,0,0,0,0,0,0,0,0,0,0,0,0,0,0,0,0,0,0,0,0,0,0,0,0,0,0,0,0,0,0,0,0,0,0,0,0,0,0,0,0,0,0,0,0,0,0,0,0,0,0,0,0,0,0,0,0,0,0,0,0,0,0
6099,156.1040871601672,0,0,0,0,0,0,0,0,0,0,0,0,0,0,0,0,0,0,0,0,0,0,0,0,0,0,0,0,0,0,0,0,0,0,0,0,0,0,0,0,0,0,0,0,0,0,0,0,0,0,0,0,0,0,0,0,0,0,6.825972921471637,6.825972921471637,6.825972921471637,6.825972921471637,6.825972921471637,6.825972921471637,6.825972921471637,6.825972921471637,6.825972921471637,6.825972921471637,6.825972921471637,6.825972921471637,6.825972921471637,6.825972921471637,6.825972921471637,6.825972921471637,6.825972921471637,6.825972921471637,6.825972921471637,0,0,0,0,0,0,0,0,0,0,0,0,0,0,0,0,0,0,0,0,0,0,0,0,0,0,0,0,0,0,0,0,0,0,0,0,0,0,0,0,0,0,0,0,0,0,0,0,0,0,0,0,0,0,0,0,43.72706087104558,43.72706087104558,43.72706087104558,43.72706087104558,43.72706087104558,43.72706087104558,43.72706087104558,43.72706087104558,43.72706087104558,43.72706087104558,43.72706087104558,43.72706087104558,43.72706087104558,43.72706087104558,43.72706087104558,43.72706087104558,43.72706087104558,43.72706087104558,43.72706087104558
6100,352.53541720655943,0,0,0,0,0,0,0,0,0,0,0,0,0,0,0,0,0,0,0,0,0,0,0,0,0,0,0,0,0,0,0,0,0,0,0,0,0,0,0,0,0,0,0,0,0,0,0,0,0,0,0,0,0,0,0,0,0,0,0,0,0,0,0,0,0,0,0,0,0,0,0,0,0,0,0,0,0,0,0,0,0,0,0,0,0,0,0,0,0,0,0,0,0,0,0,0,0,0,0,0,0,0,0,0,0,0,0,0,0,0,0,0,0,0,0,0,0,0,0,0,0,0,0,0,0,0,0,0,0,0,0,0,0,0,0,0,0,0,0,0,0,0,0,0,0,0,0,0,0,0,0,0
6101,589.7583739324457,230.74574352691099,391.2547133300085,0,0,0,0,0,0,0,0,0,0,0,0,0,0,0,0,0,0,0,0,0,0,0,0,0,0,0,0,0,0,0,0,0,0,0,0,0,0,0,0,0,0,0,0,0,0,0,0,0,0,0,0,0,0,0,0,0,0,0,0,0,0,0,0,0,0,0,0,0,0,0,0,0,0,0,0,0,0,0,0,0,0,0,0,0,0,0,0,0,0,0,0,0,0,0,0,0,0,0,0,0,0,0,0,0,0,0,0,0,0,0,0,0,0,0,0,0,0,0,0,0,0,0,0,0,0,0,0,0,0,0,0,0,0,0,0,0,0,0,0,0,0,0,0,0,0,0,0,0,0
6102,155.35157113963723,121.65865105121497,783.1182533832407,0,0,0,0,0,0,0,0,0,0,0,11.99932014995742,11.99932014995742,11.99932014995742,11.99932014995742,11.99932014995742,11.99932014995742,11.99932014995742,11.99932014995742,11.99932014995742,11.99932014995742,11.99932014995742,11.99932014995742,11.99932014995742,11.99932014995742,11.99932014995742,11.99932014995742,11.99932014995742,11.99932014995742,11.99932014995742,11.99932014995742,11.99932014995742,11.99932014995742,11.99932014995742,11.99932014995742,11.99932014995742,11.99932014995742,11.99932014995742,11.99932014995742,11.99932014995742,11.99932014995742,11.99932014995742,11.99932014995742,11.99932014995742,11.99932014995742,11.99932014995742,11.99932014995742,11.99932014995742,11.99932014995742,11.99932014995742,11.99932014995742,11.99932014995742,11.99932014995742,11.99932014995742,11.99932014995742,11.99932014995742,11.99932014995742,11.99932014995742,11.99932014995742,11.99932014995742,11.99932014995742,11.99932014995742,11.99932014995742,11.99932014995742,11.99932014995742,11.99932014995742,11.99932014995742,11.99932014995742,11.99932014995742,11.99932014995742,11.99932014995742,11.99932014995742,11.99932014995742,11.99932014995742,11.99932014995742,0,0,0,0,0,0,0,0,0,0,0,77.2397733858248,77.2397733858248,77.2397733858248,77.2397733858248,77.2397733858248,77.2397733858248,77.2397733858248,77.2397733858248,77.2397733858248,77.2397733858248,77.2397733858248,77.2397733858248,77.2397733858248,77.2397733858248,77.2397733858248,77.2397733858248,77.2397733858248,77.2397733858248,77.2397733858248,77.2397733858248,77.2397733858248,77.2397733858248,77.2397733858248,77.2397733858248,77.2397733858248,77.2397733858248,77.2397733858248,77.2397733858248,77.2397733858248,77.2397733858248,77.2397733858248,77.2397733858248,77.2397733858248,77.2397733858248,77.2397733858248,77.2397733858248,77.2397733858248,77.2397733858248,77.2397733858248,77.2397733858248,77.2397733858248,77.2397733858248,77.2397733858248,77.2397733858248,77.2397733858248,77.2397733858248,77.2397733858248,77.2397733858248,77.2397733858248,77.2397733858248,77.2397733858248,77.2397733858248,77.2397733858248,77.2397733858248,77.2397733858248,77.2397733858248,77.2397733858248,77.2397733858248,77.2397733858248,77.2397733858248,77.2397733858248,77.2397733858248,77.2397733858248,77.2397733858248
6103,206.6648631909734,93.32901835870703,451.5959651663874,0,0,0,0,0,0,0,0,0,0,0,0,0,0,0,0,0,0,0,0,0,0,0,0,0,0,0,0,0,0,0,0,0,0,0,0,0,0,0,0,0,0,0,0,0,0,0,0,0,0,0,0,0,0,0,0,0,0,0,0,0,0,0,0,0,0,0,0,0,0,0,0,0,0,0,0,0,0,0,0,0,0,0,0,0,0,0,0,0,0,0,0,0,0,0,0,0,0,0,0,0,0,0,0,0,0,0,0,0,0,0,0,0,0,0,0,0,0,0,0,0,0,0,0,0,0,0,0,0,0,0,0,0,0,0,0,0,0,0,0,0,0,0,0,0,0,0,0,0,0
6104,184.77007182936896,40.111608969719455,217.08931848422742,0,0,0,0,0,0,0,0,0,0,0,0,0,0,0,0,0,0,0,0,0,0,0,0,0,0,0,0,0,0,0,0,0,0,0,0,0,0,0,0,0,0,0,0,0,0,0,0,0,0,0,0,0,0,0,0,0,0,0,0,0,0,0,0,0,0,0,0,0,0,0,0,0,0,0,0,0,0,0,0,0,0,0,0,0,0,0,0,0,0,0,0,0,0,0,0,0,0,0,0,0,0,0,0,0,0,0,0,0,0,0,0,0,0,0,0,0,0,0,0,0,0,0,0,0,0,0,0,0,0,0,0,0,0,0,0,0,0,0,0,0,0,0,0,0,0,0,0,0,0
6105,244.80050166285392,0,0,0,0,0,0,0,0,0,0,0,0,0,0,0,0,0,0,0,0,0,0,0,0,0,0,0,0,0,0,0,0,0,0,0,0,0,0,0,0,0,0,0,0,0,0,0,0,0,0,0,0,0,0,0,0,0,0,0,0,0,0,0,0,0,0,0,0,0,0,0,0,0,0,0,0,0,0,0,0,0,0,0,0,0,0,0,0,0,0,0,0,0,0,0,0,0,0,0,0,0,0,0,0,0,0,0,0,0,0,0,0,0,0,0,0,0,0,0,0,0,0,0,0,0,0,0,0,0,0,0,0,0,0,0,0,0,0,0,0,0,0,0,0,0,0,0,0,0,0,0,0
6106,194.1351214938282,14.406133040100432,74.20673255435865,0,0,0,0,0,0,0,0,0,0,0,0,0,0,0,0,0,0,0,0,0,0,0,0,0,0,0,11.649852540023561,11.649852540023561,11.649852540023561,11.649852540023561,11.649852540023561,11.649852540023561,11.649852540023561,11.649852540023561,11.649852540023561,11.649852540023561,11.649852540023561,11.649852540023561,11.649852540023561,11.649852540023561,11.649852540023561,11.649852540023561,11.649852540023561,11.649852540023561,11.649852540023561,11.649852540023561,11.649852540023561,11.649852540023561,11.649852540023561,11.649852540023561,11.649852540023561,11.649852540023561,11.649852540023561,11.649852540023561,11.649852540023561,11.649852540023561,11.649852540023561,11.649852540023561,11.649852540023561,11.649852540023561,11.649852540023561,11.649852540023561,11.649852540023561,11.649852540023561,11.649852540023561,11.649852540023561,11.649852540023561,11.649852540023561,11.649852540023561,11.649852540023561,11.649852540023561,11.649852540023561,11.649852540023561,11.649852540023561,0,0,0,0,0,0,0,0,0,0,0,0,0,0,0,0,0,0,0,0,0,0,0,0,0,0,0,60.008989874580344,60.008989874580344,60.008989874580344,60.008989874580344,60.008989874580344,60.008989874580344,60.008989874580344,60.008989874580344,60.008989874580344,60.008989874580344,60.008989874580344,60.008989874580344,60.008989874580344,60.008989874580344,60.008989874580344,60.008989874580344,60.008989874580344,60.008989874580344,60.008989874580344,60.008989874580344,60.008989874580344,60.008989874580344,60.008989874580344,60.008989874580344,60.008989874580344,60.008989874580344,60.008989874580344,60.008989874580344,60.008989874580344,60.008989874580344,60.008989874580344,60.008989874580344,60.008989874580344,60.008989874580344,60.008989874580344,60.008989874580344,60.008989874580344,60.008989874580344,60.008989874580344,60.008989874580344,60.008989874580344,60.008989874580344,60.008989874580344,60.008989874580344,60.008989874580344,60.008989874580344,60.008989874580344,60.008989874580344
6107,31.426109998735605,0,0,0,0,0,0,0,0,0,0,0,0,0,0,0,0,0,0,0,0,0,0,0,0,0,0,0,0,0,0,0,0,0,0,0,0,0,0,0,0,0,0,0,0,0,0,0,0,0,0,0,0,0,0,0,0,0,0,0,0,0,0,0,0,0,0,0,0,0,0,0,0,0,0,0,0,0,0,0,0,0,0,0,0,0,0,0,0,0,0,0,0,0,0,0,0,0,0,0,0,0,0,0,0,0,0,0,0,0,0,0,0,0,0,0,0,0,0,0,0,0,0,0,0,0,0,0,0,0,0,0,0,0,0,0,0,0,0,0,0,0,0,0,0,0,0,0,0,0,0,0,0
6108,116.00405271358784,0,0,0,0,0,0,0,0,0,0,0,0,0,0,0,0,0,0,0,0,0,0,0,0,0,0,0,0,0,0,0,0,0,0,0,0,0,0,0,0,0,0,0,0,0,0,0,0,0,0,0,0,0,0,0,0,0,0,0,0,0,0,0,0,0,0,0,0,0,0,0,0,0,0,0,0,0,0,0,0,0,0,0,0,0,0,0,0,0,0,0,0,0,0,0,0,0,0,0,0,0,0,0,0,0,0,0,0,0,0,0,0,0,0,0,0,0,0,0,0,0,0,0,0,0,0,0,0,0,0,0,0,0,0,0,0,0,0,0,0,0,0,0,0,0,0,0,0,0,0,0,0
6109,986.4920361026012,120.79614885410683,122.45020175869244,0,0,0,0,0,0,0,0,0,0,0,0,0,0,0,0,0,0,0,0,0,0,0,0,0,0,0,0,0,0,0,0,0,0,0,0,0,0,0,0,0,0,0,0,0,0,0,0,0,0,0,0,0,0,0,0,0,0,0,0,0,0,0,0,0,0,0,0,0,0,0,0,0,0,0,0,0,0,0,0,0,0,0,0,0,0,0,0,0,0,0,0,0,0,0,0,0,0,0,0,0,0,0,0,0,0,0,0,0,0,0,0,0,0,0,0,0,0,0,0,0,0,0,0,0,0,0,0,0,0,0,0,0,0,0,0,0,0,0,0,0,0,0,0,0,0,0,0,0,0
6110,195.99257416532313,5.18964675865074,26.478792784634702,0,0,0,0,0,0,0,0,0,0,0,5.1857323488925235,5.1857323488925235,5.1857323488925235,5.1857323488925235,5.1857323488925235,5.1857323488925235,5.1857323488925235,5.1857323488925235,5.1857323488925235,5.1857323488925235,5.1857323488925235,10.309893473028476,10.309893473028476,18.23217294701203,18.23217294701203,18.23217294701203,18.23217294701203,18.23217294701203,18.23217294701203,18.23217294701203,18.23217294701203,18.23217294701203,18.23217294701203,18.23217294701203,18.23217294701203,18.23217294701203,18.23217294701203,18.23217294701203,18.23217294701203,18.23217294701203,18.23217294701203,18.23217294701203,18.23217294701203,18.23217294701203,18.23217294701203,18.23217294701203,18.23217294701203,18.23217294701203,18.23217294701203,18.23217294701203,18.23217294701203,18.23217294701203,18.23217294701203,18.23217294701203,18.23217294701203,18.23217294701203,18.23217294701203,18.23217294701203,18.23217294701203,18.23217294701203,18.23217294701203,18.23217294701203,18.23217294701203,18.23217294701203,18.23217294701203,18.23217294701203,18.23217294701203,18.23217294701203,18.23217294701203,18.23217294701203,18.23217294701203,18.23217294701203,18.23217294701203,18.23217294701203,0,0,0,0,0,0,0,0,0,0,0,26.45882054959015,26.45882054959015,26.45882054959015,26.45882054959015,26.45882054959015,26.45882054959015,26.45882054959015,26.45882054959015,26.45882054959015,26.45882054959015,26.45882054959015,52.603490295157314,52.603490295157314,93.02481496892264,93.02481496892264,93.02481496892264,93.02481496892264,93.02481496892264,93.02481496892264,93.02481496892264,93.02481496892264,93.02481496892264,93.02481496892264,93.02481496892264,93.02481496892264,93.02481496892264,93.02481496892264,93.02481496892264,93.02481496892264,93.02481496892264,93.02481496892264,93.02481496892264,93.02481496892264,93.02481496892264,93.02481496892264,93.02481496892264,93.02481496892264,93.02481496892264,93.02481496892264,93.02481496892264,93.02481496892264,93.02481496892264,93.02481496892264,93.02481496892264,93.02481496892264,93.02481496892264,93.02481496892264,93.02481496892264,93.02481496892264,93.02481496892264,93.02481496892264,93.02481496892264,93.02481496892264,93.02481496892264,93.02481496892264,93.02481496892264,93.02481496892264,93.02481496892264,93.02481496892264,93.02481496892264,93.02481496892264,93.02481496892264,93.02481496892264,93.02481496892264
6111,206.1013433413092,0,0,0,0,0,0,0,0,0,0,0,0,0,0,0,0,0,0,0,0,0,0,0,0,0,0,0,0,0,0,0,0,0,0,0,0,0,0,0,0,0,0,0,0,0,0,0,0,0,0,0,0,0,0,0,0,0,0,0,0,0,0,0,0,0,0,0,0,0,0,0,0,0,0,0,0,0,0,0,0,0,0,0,0,0,0,0,0,0,0,0,0,0,0,0,0,0,0,0,0,0,0,0,0,0,0,0,0,0,0,0,0,0,0,0,0,0,0,0,0,0,0,0,0,0,0,0,0,0,0,0,0,0,0,0,0,0,0,0,0,0,0,0,0,0,0,0,0,0,0,0,0
6112,191.4063096568951,0,0,0,0,0,0,0,0,0,0,0,0,0,0,0,0,0,0,0,0,0,0,0,0,0,0,0,0,0,0,0,0,0,0,0,0,0,0,0,0,0,0,0,0,0,0,0,0,0,0,0,0,0,0,0,0,0,0,0,0,0,0,0,0,0,0,0,0,0,0,0,0,0,0,0,0,0,0,0,0,0,0,0,0,0,0,0,0,0,0,0,0,0,0,0,0,0,0,0,0,0,0,0,0,0,0,0,0,0,0,0,0,0,0,0,0,0,0,0,0,0,0,0,0,0,0,0,0,0,0,0,0,0,0,0,0,0,0,0,0,0,0,0,0,0,0,0,0,0,0,0,0
6113,47.716231480618475,0,0,0,0,0,0,0,0,0,0,0,0,0,0,0,0,0,0,0,0,0,0,0,0,0,0,0,0,0,0,0,0,0,0,0,0,0,0,0,0,0,0,0,0,0,0,0,0,0,0,0,0,0,0,0,0,0,0,0,0,0,0,0,0,0,0,0,0,0,0,0,0,0,0,0,0,0,0,0,0,0,0,0,0,0,0,0,0,0,0,0,0,0,0,0,0,0,0,0,0,0,0,0,0,0,0,0,0,0,0,0,0,0,0,0,0,0,0,0,0,0,0,0,0,0,0,0,0,0,0,0,0,0,0,0,0,0,0,0,0,0,0,0,0,0,0,0,0,0,0,0,0
6114,83.93763583602315,0,0,0,0,0,0,0,0,0,0,0,0,0,0,0,0,0,0,0,0,0,0,0,0,0,0,0,0,0,0,0,0,0,0,0,0,0,0,0,0,0,0,0,0,0,0,0,0,0,0,0,0,0,0,0,0,0,0,0,0,0,0,0,0,0,0,0,0,0,0,0,0,0,0,0,0,0,0,0,0,0,0,0,0,0,0,0,0,0,0,0,0,0,0,0,0,0,0,0,0,0,0,0,0,0,0,0,0,0,0,0,0,0,0,0,0,0,0,0,0,0,0,0,0,0,0,0,0,0,0,0,0,0,0,0,0,0,0,0,0,0,0,0,0,0,0,0,0,0,0,0,0
6115,311.05019547863355,0,0,0,0,0,0,0,0,0,0,0,0,0,0,0,0,0,0,0,0,0,0,0,0,0,0,0,0,0,0,0,0,0,0,0,0,0,0,0,0,0,0,0,0,0,0,0,0,0,0,0,0,0,0,0,0,0,0,0,0,0,0,0,0,0,0,0,0,0,0,0,0,0,0,0,0,0,0,0,0,0,0,0,0,0,0,0,0,0,0,0,0,0,0,0,0,0,0,0,0,0,0,0,0,0,0,0,0,0,0,0,0,0,0,0,0,0,0,0,0,0,0,0,0,0,0,0,0,0,0,0,0,0,0,0,0,0,0,0,0,0,0,0,0,0,0,0,0,0,0,0,0
6116,595.6226627968477,0,0,0,0,0,0,0,0,0,0,0,0,0,0,0,0,0,0,0,0,0,0,0,0,0,0,0,0,0,0,0,0,0,0,0,0,0,0,0,0,0,0,0,0,0,0,0,0,0,0,0,0,0,0,0,0,0,0,0,0,0,0,0,0,0,0,0,0,0,0,0,0,0,0,0,0,0,0,0,0,0,0,0,0,0,0,0,0,0,0,0,0,0,0,0,0,0,0,0,0,0,0,0,0,0,0,0,0,0,0,0,0,0,0,0,0,0,0,0,0,0,0,0,0,0,0,0,0,0,0,0,0,0,0,0,0,0,0,0,0,0,0,0,0,0,0,0,0,0,0,0,0
6117,318.38580612920117,0,0,0,0,0,0,0,0,0,0,0,0,0,0,0,0,0,0,0,0,0,0,0,0,0,0,0,0,0,0,0,0,0,0,0,0,0,0,0,0,0,0,0,0,0,0,0,0,0,0,0,0,0,0,0,0,0,0,0,0,0,0,0,0,0,0,0,0,11.997045918270217,11.997045918270217,11.997045918270217,11.997045918270217,11.997045918270217,11.997045918270217,11.997045918270217,11.997045918270217,11.997045918270217,0,0,0,0,0,0,0,0,0,0,0,0,0,0,0,0,0,0,0,0,0,0,0,0,0,0,0,0,0,0,0,0,0,0,0,0,0,0,0,0,0,0,0,0,0,0,0,0,0,0,0,0,0,0,0,0,0,0,0,0,0,0,0,0,0,0,37.680844080724526,37.680844080724526,37.680844080724526,37.680844080724526,37.680844080724526,37.680844080724526,37.680844080724526,37.680844080724526,37.680844080724526
6118,129.20970537049524,0,0,0,0,0,0,0,0,0,0,0,0,0,0,0,0,0,0,0,0,0,0,0,0,0,0,0,0,0,0,0,0,0,0,0,0,0,0,0,0,0,0,0,0,0,0,0,0,0,0,0,0,0,0,0,0,0,0,0,0,0,0,0,0,0,0,0,0,0,0,0,0,0,0,0,0,0,0,0,0,0,0,0,0,0,0,0,0,0,0,0,0,0,0,0,0,0,0,0,0,0,0,0,0,0,0,0,0,0,0,0,0,0,0,0,0,0,0,0,0,0,0,0,0,0,0,0,0,0,0,0,0,0,0,0,0,0,0,0,0,0,0,0,0,0,0,0,0,0,0,0,0
6119,546.2674308218401,0,0,0,0,0,0,0,0,0,0,0,0,0,0,0,0,0,0,0,0,0,0,0,0,0,0,0,0,0,0,0,0,0,0,0,0,0,0,0,0,0,0,0,0,0,0,0,0,0,0,0,0,0,0,0,0,0,0,0,0,0,0,0,0,0,0,0,0,0,0,0,0,0,0,0,0,0,0,0,0,0,0,0,0,0,0,0,0,0,0,0,0,0,0,0,0,0,0,0,0,0,0,0,0,0,0,0,0,0,0,0,0,0,0,0,0,0,0,0,0,0,0,0,0,0,0,0,0,0,0,0,0,0,0,0,0,0,0,0,0,0,0,0,0,0,0,0,0,0,0,0,0
6120,473.5406113364607,0,0,0,0,0,0,0,0,0,0,0,0,0,0,0,0,0,0,0,0,0,0,0,0,0,0,0,0,0,0,0,0,0,0,0,0,0,0,0,0,0,0,0,0,0,0,0,0,0,0,0,0,0,0,0,0,0,0,16.71530445953382,16.71530445953382,16.71530445953382,16.71530445953382,16.71530445953382,16.71530445953382,16.71530445953382,16.71530445953382,16.71530445953382,16.71530445953382,28.407151581154366,28.407151581154366,28.407151581154366,28.407151581154366,28.407151581154366,28.407151581154366,28.407151581154366,28.407151581154366,28.407151581154366,0,0,0,0,0,0,0,0,0,0,0,0,0,0,0,0,0,0,0,0,0,0,0,0,0,0,0,0,0,0,0,0,0,0,0,0,0,0,0,0,0,0,0,0,0,0,0,0,0,0,0,0,0,0,0,0,35.29856586610106,35.29856586610106,35.29856586610106,35.29856586610106,35.29856586610106,35.29856586610106,35.29856586610106,35.29856586610106,35.29856586610106,35.29856586610106,59.98883918526363,59.98883918526363,59.98883918526363,59.98883918526363,59.98883918526363,59.98883918526363,59.98883918526363,59.98883918526363,59.98883918526363
6121,577.4570571296949,105.3617418785328,182.45814225951852,0,0,0,0,0,0,0,0,0,0,0,0,0,0,0,0,0,0,0,0,0,0,0,0,0,0,0,0,0,0,0,0,0,0,0,0,0,0,0,0,0,0,0,0,0,0,0,0,0,0,0,0,0,0,0,0,0,0,0,0,0,0,0,0,0,0,0,0,0,0,0,0,0,0,0,0,0,0,0,0,0,0,0,0,0,0,0,0,0,0,0,0,0,0,0,0,0,0,0,0,0,0,0,0,0,0,0,0,0,0,0,0,0,0,0,0,0,0,0,0,0,0,0,0,0,0,0,0,0,0,0,0,0,0,0,0,0,0,0,0,0,0,0,0,0,0,0,0,0,0
6122,112.53635854848996,0,0,0,0,0,0,0,0,0,0,0,0,0,0,0,0,0,0,0,0,0,0,0,0,0,0,0,0,0,0,0,0,0,0,0,0,0,0,0,0,0,0,0,0,0,0,0,0,0,0,0,0,0,0,0,0,0,0,0,0,0,0,0,0,0,0,0,0,0,0,0,0,0,0,0,0,0,0,0,0,0,0,0,0,0,0,0,0,0,0,0,0,0,0,0,0,0,0,0,0,0,0,0,0,0,0,0,0,0,0,0,0,0,0,0,0,0,0,0,0,0,0,0,0,0,0,0,0,0,0,0,0,0,0,0,0,0,0,0,0,0,0,0,0,0,0,0,0,0,0,0,0
6123,352.0736368650796,0,0,0,0,0,0,0,0,0,0,0,0,0,0,0,0,0,0,0,0,0,0,0,0,0,0,0,0,0,0,0,0,0,0,0,0,0,0,0,0,0,0,0,0,0,0,0,0,0,0,0,0,0,0,0,0,0,0,0,0,0,0,0,0,0,0,0,0,0,0,0,0,0,0,0,0,0,0,0,0,0,0,0,0,0,0,0,0,0,0,0,0,0,0,0,0,0,0,0,0,0,0,0,0,0,0,0,0,0,0,0,0,0,0,0,0,0,0,0,0,0,0,0,0,0,0,0,0,0,0,0,0,0,0,0,0,0,0,0,0,0,0,0,0,0,0,0,0,0,0,0,0
6124,401.9198710835147,135.08784095487113,336.1063999913587,0,0,0,0,0,0,0,0,0,0,0,0,0,0,0,0,0,0,0,0,0,0,0,0,0,0,0,0,0,0,0,0,0,0,0,0,0,0,0,0,0,0,0,0,0,0,0,0,0,0,0,0,0,0,0,0,0,0,0,0,0,0,0,0,0,0,0,0,0,0,0,0,0,0,0,0,0,0,0,0,0,0,0,0,0,0,0,0,0,0,0,0,0,0,0,0,0,0,0,0,0,0,0,0,0,0,0,0,0,0,0,0,0,0,0,0,0,0,0,0,0,0,0,0,0,0,0,0,0,0,0,0,0,0,0,0,0,0,0,0,0,0,0,0,0,0,0,0,0,0
6125,565.02267780167,0,0,0,0,0,0,0,0,0,0,0,0,0,0,0,0,0,0,0,0,0,0,0,0,0,0,0,0,0,0,0,0,0,0,0,0,0,0,0,0,0,0,0,0,0,0,0,0,0,0,0,0,0,0,0,0,0,0,0,0,0,0,0,0,0,0,0,0,0,0,0,0,0,0,0,0,0,0,0,0,0,0,0,0,0,0,0,0,0,0,0,0,0,0,0,0,0,0,0,0,0,0,0,0,0,0,0,0,0,0,0,0,0,0,0,0,0,0,0,0,0,0,0,0,0,0,0,0,0,0,0,0,0,0,0,0,0,0,0,0,0,0,0,0,0,0,0,0,0,0,0,0
6126,201.23640232458914,24.267352178948503,120.59126429723132,0,0,0,0,0,0,0,0,0,0,0,3.0183408426448537,3.0183408426448537,3.0183408426448537,3.0183408426448537,3.0183408426448537,3.0183408426448537,3.0183408426448537,3.0183408426448537,3.0183408426448537,3.0183408426448537,3.0183408426448537,3.0183408426448537,3.0183408426448537,3.0183408426448537,3.0183408426448537,3.0183408426448537,12.351330194177505,12.351330194177505,12.351330194177505,12.351330194177505,12.351330194177505,12.351330194177505,12.351330194177505,12.351330194177505,12.351330194177505,12.351330194177505,12.351330194177505,12.351330194177505,12.351330194177505,12.351330194177505,12.351330194177505,12.351330194177505,12.351330194177505,12.351330194177505,12.351330194177505,12.351330194177505,12.351330194177505,12.351330194177505,12.351330194177505,12.351330194177505,12.351330194177505,12.351330194177505,12.351330194177505,12.351330194177505,12.351330194177505,12.351330194177505,12.351330194177505,12.351330194177505,12.351330194177505,12.351330194177505,12.351330194177505,12.351330194177505,12.351330194177505,12.351330194177505,12.351330194177505,12.351330194177505,12.351330194177505,12.351330194177505,12.351330194177505,12.351330194177505,12.351330194177505,12.351330194177505,12.351330194177505,12.351330194177505,0,0,0,0,0,0,0,0,0,0,0,14.998980342415125,14.998980342415125,14.998980342415125,14.998980342415125,14.998980342415125,14.998980342415125,14.998980342415125,14.998980342415125,14.998980342415125,14.998980342415125,14.998980342415125,14.998980342415125,14.998980342415125,14.998980342415125,14.998980342415125,14.998980342415125,61.377216306297946,61.377216306297946,61.377216306297946,61.377216306297946,61.377216306297946,61.377216306297946,61.377216306297946,61.377216306297946,61.377216306297946,61.377216306297946,61.377216306297946,61.377216306297946,61.377216306297946,61.377216306297946,61.377216306297946,61.377216306297946,61.377216306297946,61.377216306297946,61.377216306297946,61.377216306297946,61.377216306297946,61.377216306297946,61.377216306297946,61.377216306297946,61.377216306297946,61.377216306297946,61.377216306297946,61.377216306297946,61.377216306297946,61.377216306297946,61.377216306297946,61.377216306297946,61.377216306297946,61.377216306297946,61.377216306297946,61.377216306297946,61.377216306297946,61.377216306297946,61.377216306297946,61.377216306297946,61.377216306297946,61.377216306297946,61.377216306297946,61.377216306297946,61.377216306297946,61.377216306297946,61.377216306297946,61.377216306297946
6127,64.51932553611182,0,0,0,0,0,0,0,0,0,0,0,0,0,0,0,0,0,0,0,0,0,0,0,0,0,0,0,0,0,0,0,0,0,0,0,0,0,0,0,0,0,0,0,0,0,0,0,0,0,0,0,0,0,0,0,0,0,0,0,0,0,0,0,0,0,0,0,0,0,0,0,0,0,0,0,0,0,0,0,0,0,0,0,0,0,0,0,0,0,0,0,0,0,0,0,0,0,0,0,0,0,0,0,0,0,0,0,0,0,0,0,0,0,0,0,0,0,0,0,0,0,0,0,0,0,0,0,0,0,0,0,0,0,0,0,0,0,0,0,0,0,0,0,0,0,0,0,0,0,0,0,0
6128,44.0979395782342,0,0,0,0,0,0,0,0,0,0,0,0,0,0,0,0,0,0,0,0,0,0,0,0,0,0,0,0,0,0,0,0,0,0,0,0,0,0,0,0,0,0,0,0,0,0,0,0,0,0,0,0,0,0,0,0,0,0,0,0,0,0,0,0,0,0,0,0,0,0,0,0,0,0,0,0,0,0,0,0,0,0,0,0,0,0,0,0,0,0,0,0,0,0,0,0,0,0,0,0,0,0,0,0,0,0,0,0,0,0,0,0,0,0,0,0,0,0,0,0,0,0,0,0,0,0,0,0,0,0,0,0,0,0,0,0,0,0,0,0,0,0,0,0,0,0,0,0,0,0,0,0
6129,80.14570486146195,15.797764452977495,197.11305153888347,0,0,0,0,0,0,0,0,0,0,0,0,0,0,0,0,0,0,0,0,0,0,0,0,6.60944372889163,6.60944372889163,6.60944372889163,6.60944372889163,6.60944372889163,6.60944372889163,6.60944372889163,6.60944372889163,20.377569088399262,20.377569088399262,20.377569088399262,20.377569088399262,20.377569088399262,20.377569088399262,20.377569088399262,20.377569088399262,20.377569088399262,20.377569088399262,20.377569088399262,20.377569088399262,20.377569088399262,20.377569088399262,20.377569088399262,20.377569088399262,20.377569088399262,20.377569088399262,20.377569088399262,20.377569088399262,20.377569088399262,20.377569088399262,20.377569088399262,20.377569088399262,20.377569088399262,20.377569088399262,20.377569088399262,20.377569088399262,20.377569088399262,20.377569088399262,20.377569088399262,20.377569088399262,20.377569088399262,20.377569088399262,20.377569088399262,20.377569088399262,20.377569088399262,20.377569088399262,20.377569088399262,20.377569088399262,20.377569088399262,20.377569088399262,20.377569088399262,0,0,0,0,0,0,0,0,0,0,0,0,0,0,0,0,0,0,0,0,0,0,0,0,82.46784703330721,82.46784703330721,82.46784703330721,82.46784703330721,82.46784703330721,82.46784703330721,82.46784703330721,82.46784703330721,254.25653344272743,254.25653344272743,254.25653344272743,254.25653344272743,254.25653344272743,254.25653344272743,254.25653344272743,254.25653344272743,254.25653344272743,254.25653344272743,254.25653344272743,254.25653344272743,254.25653344272743,254.25653344272743,254.25653344272743,254.25653344272743,254.25653344272743,254.25653344272743,254.25653344272743,254.25653344272743,254.25653344272743,254.25653344272743,254.25653344272743,254.25653344272743,254.25653344272743,254.25653344272743,254.25653344272743,254.25653344272743,254.25653344272743,254.25653344272743,254.25653344272743,254.25653344272743,254.25653344272743,254.25653344272743,254.25653344272743,254.25653344272743,254.25653344272743,254.25653344272743,254.25653344272743,254.25653344272743,254.25653344272743,254.25653344272743,254.25653344272743
6130,137.03576993426097,0,0,0,0,0,0,0,0,0,0,0,0,0,0,0,0,0,0,0,0,0,0,0,0,0,0,0,0,0,0,0,0,0,0,0,0,0,0,0,0,0,0,0,0,0,0,0,0,0,0,0,0,0,0,0,0,0,0,0,0,0,0,0,0,0,0,0,0,0,0,0,0,0,0,0,0,0,0,0,0,0,0,0,0,0,0,0,0,0,0,0,0,0,0,0,0,0,0,0,0,0,0,0,0,0,0,0,0,0,0,0,0,0,0,0,0,0,0,0,0,0,0,0,0,0,0,0,0,0,0,0,0,0,0,0,0,0,0,0,0,0,0,0,0,0,0,0,0,0,0,0,0
6131,629.7138308576592,0,0,0,0,0,0,0,0,0,0,0,0,0,0,0,0,0,0,0,0,0,0,0,0,0,0,0,0,0,0,0,0,0,0,0,0,0,0,0,0,0,0,0,0,0,0,0,0,0,0,0,0,0,0,0,0,0,0,0,0,0,0,0,0,0,0,0,0,31.68533018013724,31.68533018013724,31.68533018013724,31.68533018013724,31.68533018013724,31.68533018013724,31.68533018013724,31.68533018013724,31.68533018013724,0,0,0,0,0,0,0,0,0,0,0,0,0,0,0,0,0,0,0,0,0,0,0,0,0,0,0,0,0,0,0,0,0,0,0,0,0,0,0,0,0,0,0,0,0,0,0,0,0,0,0,0,0,0,0,0,0,0,0,0,0,0,0,0,0,0,50.31703073280505,50.31703073280505,50.31703073280505,50.31703073280505,50.31703073280505,50.31703073280505,50.31703073280505,50.31703073280505,50.31703073280505
6132,465.71482447627767,0,0,0,0,0,0,0,0,0,0,0,0,0,0,0,0,0,0,0,0,0,0,0,0,0,0,0,0,0,0,0,0,0,0,0,0,0,0,0,0,0,0,0,0,0,0,0,0,0,0,0,0,0,0,0,0,0,0,0,0,0,0,0,0,0,0,0,0,0,0,0,0,0,0,0,0,0,0,0,0,0,0,0,0,0,0,0,0,0,0,0,0,0,0,0,0,0,0,0,0,0,0,0,0,0,0,0,0,0,0,0,0,0,0,0,0,0,0,0,0,0,0,0,0,0,0,0,0,0,0,0,0,0,0,0,0,0,0,0,0,0,0,0,0,0,0,0,0,0,0,0,0
6133,192.2222016679068,0,0,0,0,0,0,0,0,0,0,0,0,0,0,0,0,0,0,0,0,0,0,0,0,0,0,0,0,0,0,0,0,0,0,0,0,0,0,0,0,0,0,0,0,0,0,0,0,0,0,0,0,0,0,0,0,0,0,0,0,0,0,0,0,0,0,0,0,0,0,0,0,0,0,0,0,0,0,0,0,0,0,0,0,0,0,0,0,0,0,0,0,0,0,0,0,0,0,0,0,0,0,0,0,0,0,0,0,0,0,0,0,0,0,0,0,0,0,0,0,0,0,0,0,0,0,0,0,0,0,0,0,0,0,0,0,0,0,0,0,0,0,0,0,0,0,0,0,0,0,0,0
6134,526.063552138403,0,0,0,0,0,0,0,0,0,0,0,0,0,0,0,0,0,0,0,0,0,0,0,0,0,0,0,0,0,0,0,0,0,0,0,0,0,0,0,0,0,0,0,0,0,0,0,0,0,0,0,0,0,0,0,0,0,0,0,0,0,0,0,0,0,0,0,0,0,0,0,0,0,0,0,0,0,0,0,0,0,0,0,0,0,0,0,0,0,0,0,0,0,0,0,0,0,0,0,0,0,0,0,0,0,0,0,0,0,0,0,0,0,0,0,0,0,0,0,0,0,0,0,0,0,0,0,0,0,0,0,0,0,0,0,0,0,0,0,0,0,0,0,0,0,0,0,0,0,0,0,0
6135,72.76820091676879,0,0,0,0,0,0,0,0,0,0,0,0,0,0,0,0,0,0,0,0,0,0,0,0,0,0,0,0,0,0,0,0,0,0,0,0,0,0,0,0,0,0,0,0,0,0,0,0,0,0,0,0,0,0,0,0,0,0,0,0,0,0,0,0,0,0,0,0,9.360686627333061,9.360686627333061,9.360686627333061,9.360686627333061,9.360686627333061,9.360686627333061,9.360686627333061,9.360686627333061,9.360686627333061,0,0,0,0,0,0,0,0,0,0,0,0,0,0,0,0,0,0,0,0,0,0,0,0,0,0,0,0,0,0,0,0,0,0,0,0,0,0,0,0,0,0,0,0,0,0,0,0,0,0,0,0,0,0,0,0,0,0,0,0,0,0,0,0,0,0,128.6370490049586,128.6370490049586,128.6370490049586,128.6370490049586,128.6370490049586,128.6370490049586,128.6370490049586,128.6370490049586,128.6370490049586
6136,402.59015472932504,61.5316845383577,152.83951635560373,0,0,0,0,0,0,0,0,0,0,0,0,0,0,0,0,0,0,0,0,0,0,0,0,0,0,0,4.574152207518395,4.574152207518395,4.574152207518395,4.574152207518395,4.574152207518395,4.574152207518395,4.574152207518395,4.574152207518395,4.574152207518395,4.574152207518395,4.574152207518395,4.574152207518395,4.574152207518395,4.574152207518395,4.574152207518395,4.574152207518395,4.574152207518395,4.574152207518395,4.574152207518395,4.574152207518395,4.574152207518395,4.574152207518395,4.574152207518395,4.574152207518395,4.574152207518395,4.574152207518395,4.574152207518395,4.574152207518395,4.574152207518395,4.574152207518395,4.574152207518395,4.574152207518395,4.574152207518395,4.574152207518395,4.574152207518395,4.574152207518395,4.574152207518395,4.574152207518395,4.574152207518395,4.574152207518395,4.574152207518395,4.574152207518395,4.574152207518395,4.574152207518395,4.574152207518395,4.574152207518395,4.574152207518395,4.574152207518395,0,0,0,0,0,0,0,0,0,0,0,0,0,0,0,0,0,0,0,0,0,0,0,0,0,0,0,11.361808414301022,11.361808414301022,11.361808414301022,11.361808414301022,11.361808414301022,11.361808414301022,11.361808414301022,11.361808414301022,11.361808414301022,11.361808414301022,11.361808414301022,11.361808414301022,11.361808414301022,11.361808414301022,11.361808414301022,11.361808414301022,11.361808414301022,11.361808414301022,11.361808414301022,11.361808414301022,11.361808414301022,11.361808414301022,11.361808414301022,11.361808414301022,11.361808414301022,11.361808414301022,11.361808414301022,11.361808414301022,11.361808414301022,11.361808414301022,11.361808414301022,11.361808414301022,11.361808414301022,11.361808414301022,11.361808414301022,11.361808414301022,11.361808414301022,11.361808414301022,11.361808414301022,11.361808414301022,11.361808414301022,11.361808414301022,11.361808414301022,11.361808414301022,11.361808414301022,11.361808414301022,11.361808414301022,11.361808414301022
6137,156.75161847775115,0,0,0,0,0,0,0,0,0,0,0,0,0,0,0,0,0,0,0,0,0,0,0,0,0,0,0,0,0,0,0,0,0,0,0,0,0,0,0,0,0,0,0,0,0,0,0,0,0,0,0,0,0,0,0,0,0,0,0,0,0,0,0,0,0,0,0,0,0,0,0,0,0,0,0,0,0,0,0,0,0,0,0,0,0,0,0,0,0,0,0,0,0,0,0,0,0,0,0,0,0,0,0,0,0,0,0,0,0,0,0,0,0,0,0,0,0,0,0,0,0,0,0,0,0,0,0,0,0,0,0,0,0,0,0,0,0,0,0,0,0,0,0,0,0,0,0,0,0,0,0,0
6138,418.7319353499404,100.40119743477428,239.77439731428063,0,0,0,0,0,0,0,0,0,0,0,15.960123688018756,15.960123688018756,15.960123688018756,15.960123688018756,15.960123688018756,15.960123688018756,15.960123688018756,15.960123688018756,15.960123688018756,15.960123688018756,15.960123688018756,15.960123688018756,15.960123688018756,15.960123688018756,15.960123688018756,15.960123688018756,15.960123688018756,15.960123688018756,15.960123688018756,15.960123688018756,15.960123688018756,15.960123688018756,15.960123688018756,15.960123688018756,15.960123688018756,15.960123688018756,15.960123688018756,15.960123688018756,15.960123688018756,15.960123688018756,15.960123688018756,15.960123688018756,15.960123688018756,15.960123688018756,15.960123688018756,15.960123688018756,15.960123688018756,15.960123688018756,15.960123688018756,15.960123688018756,15.960123688018756,15.960123688018756,15.960123688018756,15.960123688018756,15.960123688018756,15.960123688018756,15.960123688018756,15.960123688018756,15.960123688018756,15.960123688018756,15.960123688018756,15.960123688018756,15.960123688018756,15.960123688018756,15.960123688018756,15.960123688018756,15.960123688018756,15.960123688018756,15.960123688018756,15.960123688018756,15.960123688018756,15.960123688018756,15.960123688018756,15.960123688018756,0,0,0,0,0,0,0,0,0,0,0,38.11537248688865,38.11537248688865,38.11537248688865,38.11537248688865,38.11537248688865,38.11537248688865,38.11537248688865,38.11537248688865,38.11537248688865,38.11537248688865,38.11537248688865,38.11537248688865,38.11537248688865,38.11537248688865,38.11537248688865,38.11537248688865,38.11537248688865,38.11537248688865,38.11537248688865,38.11537248688865,38.11537248688865,38.11537248688865,38.11537248688865,38.11537248688865,38.11537248688865,38.11537248688865,38.11537248688865,38.11537248688865,38.11537248688865,38.11537248688865,38.11537248688865,38.11537248688865,38.11537248688865,38.11537248688865,38.11537248688865,38.11537248688865,38.11537248688865,38.11537248688865,38.11537248688865,38.11537248688865,38.11537248688865,38.11537248688865,38.11537248688865,38.11537248688865,38.11537248688865,38.11537248688865,38.11537248688865,38.11537248688865,38.11537248688865,38.11537248688865,38.11537248688865,38.11537248688865,38.11537248688865,38.11537248688865,38.11537248688865,38.11537248688865,38.11537248688865,38.11537248688865,38.11537248688865,38.11537248688865,38.11537248688865,38.11537248688865,38.11537248688865,38.11537248688865
6139,264.18901516313787,3.9596782373566017,14.988050259816758,0,0,0,0,0,0,0,0,0,0,0,0,0,0,0,0,0,0,0,0,0,0,0,0,0,0,0,0,0,0,0,0,0,0,0,0,0,0,0,0,0,0,0,0,0,0,0,0,0,0,0,0,0,0,0,0,0,0,0,0,0,0,0,0,0,0,0,0,0,0,0,0,0,0,0,0,0,0,0,0,0,0,0,0,0,0,0,0,0,0,0,0,0,0,0,0,0,0,0,0,0,0,0,0,0,0,0,0,0,0,0,0,0,0,0,0,0,0,0,0,0,0,0,0,0,0,0,0,0,0,0,0,0,0,0,0,0,0,0,0,0,0,0,0,0,0,0,0,0,0
6140,184.12416960396556,0,0,0,0,0,0,0,0,0,0,0,0,0,0,0,0,0,0,0,0,0,0,0,0,0,0,0,0,0,0,0,0,0,0,0,0,0,0,0,0,0,0,0,0,0,0,0,0,0,0,0,0,0,0,0,0,0,0,0,0,0,0,0,0,0,0,0,0,16.960808144595102,16.960808144595102,16.960808144595102,16.960808144595102,16.960808144595102,16.960808144595102,16.960808144595102,16.960808144595102,16.960808144595102,0,0,0,0,0,0,0,0,0,0,0,0,0,0,0,0,0,0,0,0,0,0,0,0,0,0,0,0,0,0,0,0,0,0,0,0,0,0,0,0,0,0,0,0,0,0,0,0,0,0,0,0,0,0,0,0,0,0,0,0,0,0,0,0,0,0,92.11614195505275,92.11614195505275,92.11614195505275,92.11614195505275,92.11614195505275,92.11614195505275,92.11614195505275,92.11614195505275,92.11614195505275
6141,202.54723926558646,5.143785820751695,25.395487193024625,0,0,0,0,0,0,0,0,0,0,0,0,0,0,0,0,0,0,0,0,0,0,0,0,0,0,0,3.522548639438029,3.522548639438029,3.522548639438029,3.522548639438029,3.522548639438029,3.522548639438029,3.522548639438029,3.522548639438029,3.522548639438029,3.522548639438029,3.522548639438029,3.522548639438029,3.522548639438029,3.522548639438029,3.522548639438029,3.522548639438029,3.522548639438029,3.522548639438029,3.522548639438029,3.522548639438029,3.522548639438029,3.522548639438029,3.522548639438029,3.522548639438029,3.522548639438029,3.522548639438029,3.522548639438029,3.522548639438029,3.522548639438029,3.522548639438029,3.522548639438029,3.522548639438029,3.522548639438029,3.522548639438029,3.522548639438029,3.522548639438029,3.522548639438029,3.522548639438029,3.522548639438029,3.522548639438029,3.522548639438029,3.522548639438029,3.522548639438029,3.522548639438029,3.522548639438029,3.522548639438029,3.522548639438029,3.522548639438029,0,0,0,0,0,0,0,0,0,0,0,0,0,0,0,0,0,0,0,0,0,0,0,0,0,0,0,17.391244887910567,17.391244887910567,17.391244887910567,17.391244887910567,17.391244887910567,17.391244887910567,17.391244887910567,17.391244887910567,17.391244887910567,17.391244887910567,17.391244887910567,17.391244887910567,17.391244887910567,17.391244887910567,17.391244887910567,17.391244887910567,17.391244887910567,17.391244887910567,17.391244887910567,17.391244887910567,17.391244887910567,17.391244887910567,17.391244887910567,17.391244887910567,17.391244887910567,17.391244887910567,17.391244887910567,17.391244887910567,17.391244887910567,17.391244887910567,17.391244887910567,17.391244887910567,17.391244887910567,17.391244887910567,17.391244887910567,17.391244887910567,17.391244887910567,17.391244887910567,17.391244887910567,17.391244887910567,17.391244887910567,17.391244887910567,17.391244887910567,17.391244887910567,17.391244887910567,17.391244887910567,17.391244887910567,17.391244887910567
6142,410.65917008044147,0,0,0,0,0,0,0,0,0,0,0,0,0,0,0,0,0,0,0,0,0,0,0,0,0,0,0,0,0,0,0,0,0,0,0,0,0,0,0,0,0,0,0,0,0,0,0,0,0,0,0,0,0,0,0,0,0,0,0,0,0,0,0,0,0,0,0,0,0,0,0,0,0,0,0,0,0,0,0,0,0,0,0,0,0,0,0,0,0,0,0,0,0,0,0,0,0,0,0,0,0,0,0,0,0,0,0,0,0,0,0,0,0,0,0,0,0,0,0,0,0,0,0,0,0,0,0,0,0,0,0,0,0,0,0,0,0,0,0,0,0,0,0,0,0,0,0,0,0,0,0,0
6143,210.33362380956925,0,0,0,0,0,0,0,0,0,0,0,0,0,0,0,0,0,0,0,0,0,0,0,0,0,0,0,0,0,0,0,0,0,0,0,0,0,0,0,0,0,0,0,0,0,0,0,0,0,0,0,0,0,0,0,0,0,0,0,0,0,0,0,17.371152503778294,17.371152503778294,17.371152503778294,17.371152503778294,17.371152503778294,17.371152503778294,17.371152503778294,17.371152503778294,17.371152503778294,17.371152503778294,17.371152503778294,17.371152503778294,17.371152503778294,17.371152503778294,0,0,0,0,0,0,0,0,0,0,0,0,0,0,0,0,0,0,0,0,0,0,0,0,0,0,0,0,0,0,0,0,0,0,0,0,0,0,0,0,0,0,0,0,0,0,0,0,0,0,0,0,0,0,0,0,0,0,0,0,0,82.58856662644531,82.58856662644531,82.58856662644531,82.58856662644531,82.58856662644531,82.58856662644531,82.58856662644531,82.58856662644531,82.58856662644531,82.58856662644531,82.58856662644531,82.58856662644531,82.58856662644531,82.58856662644531
6144,210.10706662504307,7.668927643981534,36.500093819631,0,0,0,0,0,0,0,0,0,0,0,0,0,0,0,0,0,0,0,0,0,0,0,0,0,0,0,0,0,0,0,0,0,0,0,0,0,0,0,0,0,0,10.644168604946247,10.644168604946247,10.644168604946247,10.644168604946247,10.644168604946247,10.644168604946247,10.644168604946247,10.644168604946247,10.644168604946247,10.644168604946247,10.644168604946247,10.644168604946247,10.644168604946247,10.644168604946247,10.644168604946247,10.644168604946247,10.644168604946247,10.644168604946247,10.644168604946247,10.644168604946247,10.644168604946247,10.644168604946247,10.644168604946247,10.644168604946247,10.644168604946247,10.644168604946247,10.644168604946247,10.644168604946247,10.644168604946247,10.644168604946247,10.644168604946247,10.644168604946247,10.644168604946247,0,0,0,0,0,0,0,0,0,0,0,0,0,0,0,0,0,0,0,0,0,0,0,0,0,0,0,0,0,0,0,0,0,0,0,0,0,0,0,0,0,0,50.66068826681504,50.66068826681504,50.66068826681504,50.66068826681504,50.66068826681504,50.66068826681504,50.66068826681504,50.66068826681504,50.66068826681504,50.66068826681504,50.66068826681504,50.66068826681504,50.66068826681504,50.66068826681504,50.66068826681504,50.66068826681504,50.66068826681504,50.66068826681504,50.66068826681504,50.66068826681504,50.66068826681504,50.66068826681504,50.66068826681504,50.66068826681504,50.66068826681504,50.66068826681504,50.66068826681504,50.66068826681504,50.66068826681504,50.66068826681504,50.66068826681504,50.66068826681504,50.66068826681504
6145,455.61540076916765,0,0,0,0,0,0,0,0,0,0,0,0,0,0,0,0,0,0,0,0,0,0,0,0,0,0,0,0,0,0,0,0,0,0,0,0,0,0,0,0,0,0,0,0,0,0,0,0,0,0,0,0,0,0,0,0,0,0,0,0,0,0,0,0,0,0,0,0,0,0,0,0,0,0,0,0,0,0,0,0,0,0,0,0,0,0,0,0,0,0,0,0,0,0,0,0,0,0,0,0,0,0,0,0,0,0,0,0,0,0,0,0,0,0,0,0,0,0,0,0,0,0,0,0,0,0,0,0,0,0,0,0,0,0,0,0,0,0,0,0,0,0,0,0,0,0,0,0,0,0,0,0
6146,401.8364838306183,0,0,0,0,0,0,0,0,0,0,0,0,0,0,0,0,0,0,0,0,0,0,0,0,0,0,0,0,0,0,0,0,0,0,0,0,0,0,0,0,0,0,0,0,0,0,0,0,0,0,0,0,0,0,0,0,0,0,0,0,0,0,0,0,0,0,0,0,0,0,0,0,0,0,0,0,0,0,0,0,0,0,0,0,0,0,0,0,0,0,0,0,0,0,0,0,0,0,0,0,0,0,0,0,0,0,0,0,0,0,0,0,0,0,0,0,0,0,0,0,0,0,0,0,0,0,0,0,0,0,0,0,0,0,0,0,0,0,0,0,0,0,0,0,0,0,0,0,0,0,0,0
6147,353.8780090601655,0,0,0,0,0,0,0,0,0,0,0,0,0,0,0,0,0,0,0,0,0,0,0,0,0,0,0,0,0,0,0,0,0,0,0,0,0,0,0,0,0,0,0,0,0,0,0,0,0,0,0,0,0,0,0,0,0,0,0,0,0,0,0,0,0,0,0,0,0,0,0,0,0,0,0,0,0,0,0,0,0,0,0,0,0,0,0,0,0,0,0,0,0,0,0,0,0,0,0,0,0,0,0,0,0,0,0,0,0,0,0,0,0,0,0,0,0,0,0,0,0,0,0,0,0,0,0,0,0,0,0,0,0,0,0,0,0,0,0,0,0,0,0,0,0,0,0,0,0,0,0,0
6148,729.3415985906445,232.35864327755243,318.58685110866367,0,0,0,0,0,0,0,0,0,0,13.340155017618175,13.340155017618175,13.340155017618175,13.340155017618175,13.340155017618175,13.340155017618175,13.340155017618175,13.340155017618175,13.340155017618175,13.340155017618175,13.340155017618175,13.340155017618175,13.340155017618175,13.340155017618175,13.340155017618175,13.340155017618175,13.340155017618175,13.340155017618175,13.340155017618175,13.340155017618175,13.340155017618175,13.340155017618175,13.340155017618175,13.340155017618175,13.340155017618175,13.340155017618175,13.340155017618175,13.340155017618175,13.340155017618175,13.340155017618175,13.340155017618175,13.340155017618175,13.340155017618175,13.340155017618175,13.340155017618175,13.340155017618175,13.340155017618175,13.340155017618175,13.340155017618175,13.340155017618175,13.340155017618175,13.340155017618175,13.340155017618175,13.340155017618175,13.340155017618175,13.340155017618175,13.340155017618175,13.340155017618175,13.340155017618175,13.340155017618175,13.340155017618175,13.340155017618175,13.340155017618175,13.340155017618175,13.340155017618175,13.340155017618175,13.340155017618175,13.340155017618175,13.340155017618175,13.340155017618175,13.340155017618175,13.340155017618175,13.340155017618175,13.340155017618175,13.340155017618175,0,0,0,0,0,0,0,0,0,0,18.290681682487666,18.290681682487666,18.290681682487666,18.290681682487666,18.290681682487666,18.290681682487666,18.290681682487666,18.290681682487666,18.290681682487666,18.290681682487666,18.290681682487666,18.290681682487666,18.290681682487666,18.290681682487666,18.290681682487666,18.290681682487666,18.290681682487666,18.290681682487666,18.290681682487666,18.290681682487666,18.290681682487666,18.290681682487666,18.290681682487666,18.290681682487666,18.290681682487666,18.290681682487666,18.290681682487666,18.290681682487666,18.290681682487666,18.290681682487666,18.290681682487666,18.290681682487666,18.290681682487666,18.290681682487666,18.290681682487666,18.290681682487666,18.290681682487666,18.290681682487666,18.290681682487666,18.290681682487666,18.290681682487666,18.290681682487666,18.290681682487666,18.290681682487666,18.290681682487666,18.290681682487666,18.290681682487666,18.290681682487666,18.290681682487666,18.290681682487666,18.290681682487666,18.290681682487666,18.290681682487666,18.290681682487666,18.290681682487666,18.290681682487666,18.290681682487666,18.290681682487666,18.290681682487666,18.290681682487666,18.290681682487666,18.290681682487666,18.290681682487666,18.290681682487666,18.290681682487666
6149,357.8480754392898,0,0,0,0,0,0,0,0,0,0,0,0,0,0,0,0,0,0,0,0,0,0,0,0,0,0,0,0,0,0,0,0,0,0,0,0,0,0,0,0,0,0,0,0,0,0,0,0,0,0,0,0,0,0,0,0,0,0,0,0,0,0,0,0,0,0,0,0,0,0,0,0,0,0,0,0,0,0,0,0,0,0,0,0,0,0,0,0,0,0,0,0,0,0,0,0,0,0,0,0,0,0,0,0,0,0,0,0,0,0,0,0,0,0,0,0,0,0,0,0,0,0,0,0,0,0,0,0,0,0,0,0,0,0,0,0,0,0,0,0,0,0,0,0,0,0,0,0,0,0,0,0
6150,248.20074726759867,60.65143005734524,244.36441358475705,0,0,0,0,0,0,0,0,0,0,0,0,0,0,0,0,0,0,0,0,0,0,0,0,0,0,0,0,0,0,0,0,0,0,0,0,0,0,0,0,0,0,0,0,0,0,0,0,0,0,0,0,0,0,0,0,0,0,0,0,0,0,0,0,0,0,0,0,0,0,0,0,0,0,0,0,0,0,0,0,0,0,0,0,0,0,0,0,0,0,0,0,0,0,0,0,0,0,0,0,0,0,0,0,0,0,0,0,0,0,0,0,0,0,0,0,0,0,0,0,0,0,0,0,0,0,0,0,0,0,0,0,0,0,0,0,0,0,0,0,0,0,0,0,0,0,0,0,0,0
6151,816.6872822711116,0,0,0,0,0,0,0,0,0,0,0,0,0,0,0,0,0,0,0,0,0,0,0,0,0,0,0,0,0,0,0,0,0,0,0,0,0,0,0,0,0,0,0,0,0,0,0,0,0,0,0,0,0,0,0,0,0,0,0,0,0,0,0,0,0,0,0,0,0,0,0,0,0,0,0,0,0,0,0,0,0,0,0,0,0,0,0,0,0,0,0,0,0,0,0,0,0,0,0,0,0,0,0,0,0,0,0,0,0,0,0,0,0,0,0,0,0,0,0,0,0,0,0,0,0,0,0,0,0,0,0,0,0,0,0,0,0,0,0,0,0,0,0,0,0,0,0,0,0,0,0,0
6152,341.47899141980577,0,0,0,0,0,0,0,0,0,0,0,0,0,0,0,0,0,0,0,0,0,0,0,0,0,0,0,0,0,0,0,0,0,0,0,0,0,0,0,0,0,0,0,0,0,0,0,0,0,0,0,0,0,0,0,0,0,0,0,0,0,0,0,0,0,0,0,0,0,0,0,0,0,0,0,0,0,0,0,0,0,0,0,0,0,0,0,0,0,0,0,0,0,0,0,0,0,0,0,0,0,0,0,0,0,0,0,0,0,0,0,0,0,0,0,0,0,0,0,0,0,0,0,0,0,0,0,0,0,0,0,0,0,0,0,0,0,0,0,0,0,0,0,0,0,0,0,0,0,0,0,0
6153,175.91367196724704,0,0,0,0,0,0,0,0,0,0,0,0,0,0,0,0,0,0,0,0,0,0,0,0,0,0,0,0,0,0,0,0,0,0,0,0,0,0,0,0,0,0,0,0,0,0,0,0,0,0,0,0,0,0,0,0,0,0,0,0,0,0,0,0,0,0,0,0,0,0,0,0,0,0,0,0,0,0,0,0,0,0,0,0,0,0,0,0,0,0,0,0,0,0,0,0,0,0,0,0,0,0,0,0,0,0,0,0,0,0,0,0,0,0,0,0,0,0,0,0,0,0,0,0,0,0,0,0,0,0,0,0,0,0,0,0,0,0,0,0,0,0,0,0,0,0,0,0,0,0,0,0
6154,724.8881208329901,0,0,0,0,0,0,0,0,0,0,0,0,0,0,0,0,0,0,0,0,0,0,0,0,0,0,0,0,0,0,0,0,0,0,0,0,0,0,0,0,0,0,0,0,0,0,0,0,0,0,0,0,0,0,0,0,0,0,12.927575885232443,12.927575885232443,12.927575885232443,12.927575885232443,12.927575885232443,12.927575885232443,12.927575885232443,12.927575885232443,12.927575885232443,12.927575885232443,12.927575885232443,12.927575885232443,12.927575885232443,12.927575885232443,12.927575885232443,12.927575885232443,12.927575885232443,12.927575885232443,12.927575885232443,0,0,0,0,0,0,0,0,0,0,0,0,0,0,0,0,0,0,0,0,0,0,0,0,0,0,0,0,0,0,0,0,0,0,0,0,0,0,0,0,0,0,0,0,0,0,0,0,0,0,0,0,0,0,0,0,17.83389120844881,17.83389120844881,17.83389120844881,17.83389120844881,17.83389120844881,17.83389120844881,17.83389120844881,17.83389120844881,17.83389120844881,17.83389120844881,17.83389120844881,17.83389120844881,17.83389120844881,17.83389120844881,17.83389120844881,17.83389120844881,17.83389120844881,17.83389120844881,17.83389120844881
6155,676.550318751071,0,0,0,0,0,0,0,0,0,0,0,0,0,0,0,0,0,0,0,0,0,0,0,0,0,0,0,0,0,0,0,0,0,0,0,0,0,0,0,0,0,0,0,0,0,0,0,0,0,0,0,0,0,0,0,0,0,0,0,0,0,0,0,0,0,0,0,0,0,0,0,0,0,0,0,0,0,0,0,0,0,0,0,0,0,0,0,0,0,0,0,0,0,0,0,0,0,0,0,0,0,0,0,0,0,0,0,0,0,0,0,0,0,0,0,0,0,0,0,0,0,0,0,0,0,0,0,0,0,0,0,0,0,0,0,0,0,0,0,0,0,0,0,0,0,0,0,0,0,0,0,0
6156,134.60460437701232,0,0,0,0,0,0,0,0,0,0,0,0,0,0,0,0,0,0,0,0,0,0,0,0,0,0,0,0,0,0,0,0,0,0,0,0,0,0,0,0,0,0,0,0,0,0,0,0,0,0,0,0,0,0,0,0,0,0,0,0,0,0,0,0,0,0,0,0,0,0,0,0,0,0,0,0,0,0,0,0,0,0,0,0,0,0,0,0,0,0,0,0,0,0,0,0,0,0,0,0,0,0,0,0,0,0,0,0,0,0,0,0,0,0,0,0,0,0,0,0,0,0,0,0,0,0,0,0,0,0,0,0,0,0,0,0,0,0,0,0,0,0,0,0,0,0,0,0,0,0,0,0
6157,207.0895993887538,0,0,0,0,0,0,0,0,0,0,0,0,0,0,0,0,0,0,0,0,0,0,0,0,0,0,0,0,0,0,0,0,0,0,0,0,0,0,0,0,0,0,0,0,0,0,0,0,0,0,0,0,0,0,0,0,0,0,0,0,0,0,0,0,0,0,0,0,0,0,0,0,0,0,0,0,0,0,0,0,0,0,0,0,0,0,0,0,0,0,0,0,0,0,0,0,0,0,0,0,0,0,0,0,0,0,0,0,0,0,0,0,0,0,0,0,0,0,0,0,0,0,0,0,0,0,0,0,0,0,0,0,0,0,0,0,0,0,0,0,0,0,0,0,0,0,0,0,0,0,0,0
6158,531.4152654576246,0,0,0,0,0,0,0,0,0,0,0,0,0,0,0,0,0,0,0,0,0,0,0,0,0,0,0,0,0,0,0,0,0,0,0,0,0,0,0,0,0,0,0,0,0,0,0,0,0,0,0,0,0,0,0,0,0,0,0,0,0,0,0,0,0,0,0,0,0,0,0,0,0,0,0,0,0,0,0,0,0,0,0,0,0,0,0,0,0,0,0,0,0,0,0,0,0,0,0,0,0,0,0,0,0,0,0,0,0,0,0,0,0,0,0,0,0,0,0,0,0,0,0,0,0,0,0,0,0,0,0,0,0,0,0,0,0,0,0,0,0,0,0,0,0,0,0,0,0,0,0,0
6159,93.1422995524426,16.72702845469848,179.58573639553035,0,0,0,0,0,0,0,0,0,0,0,13.268364427267526,13.268364427267526,13.268364427267526,13.268364427267526,13.268364427267526,13.268364427267526,13.268364427267526,13.268364427267526,13.268364427267526,13.268364427267526,13.268364427267526,13.268364427267526,13.268364427267526,13.268364427267526,13.268364427267526,13.268364427267526,13.268364427267526,13.268364427267526,13.268364427267526,13.268364427267526,13.268364427267526,13.268364427267526,13.268364427267526,13.268364427267526,13.268364427267526,13.268364427267526,13.268364427267526,13.268364427267526,13.268364427267526,13.268364427267526,13.268364427267526,13.268364427267526,13.268364427267526,13.268364427267526,13.268364427267526,13.268364427267526,13.268364427267526,13.268364427267526,13.268364427267526,13.268364427267526,13.268364427267526,13.268364427267526,13.268364427267526,13.268364427267526,13.268364427267526,13.268364427267526,13.268364427267526,13.268364427267526,13.268364427267526,13.268364427267526,13.268364427267526,13.268364427267526,13.268364427267526,13.268364427267526,13.268364427267526,13.268364427267526,13.268364427267526,13.268364427267526,13.268364427267526,13.268364427267526,13.268364427267526,13.268364427267526,13.268364427267526,13.268364427267526,0,0,0,0,0,0,0,0,0,0,0,142.45261810179963,142.45261810179963,142.45261810179963,142.45261810179963,142.45261810179963,142.45261810179963,142.45261810179963,142.45261810179963,142.45261810179963,142.45261810179963,142.45261810179963,142.45261810179963,142.45261810179963,142.45261810179963,142.45261810179963,142.45261810179963,142.45261810179963,142.45261810179963,142.45261810179963,142.45261810179963,142.45261810179963,142.45261810179963,142.45261810179963,142.45261810179963,142.45261810179963,142.45261810179963,142.45261810179963,142.45261810179963,142.45261810179963,142.45261810179963,142.45261810179963,142.45261810179963,142.45261810179963,142.45261810179963,142.45261810179963,142.45261810179963,142.45261810179963,142.45261810179963,142.45261810179963,142.45261810179963,142.45261810179963,142.45261810179963,142.45261810179963,142.45261810179963,142.45261810179963,142.45261810179963,142.45261810179963,142.45261810179963,142.45261810179963,142.45261810179963,142.45261810179963,142.45261810179963,142.45261810179963,142.45261810179963,142.45261810179963,142.45261810179963,142.45261810179963,142.45261810179963,142.45261810179963,142.45261810179963,142.45261810179963,142.45261810179963,142.45261810179963,142.45261810179963
6160,49.9926015623503,0,0,0,0,0,0,0,0,0,0,0,0,0,0,0,0,0,0,0,0,0,0,0,0,0,0,0,0,0,0,0,0,0,0,0,0,0,0,0,0,0,0,0,0,0,0,0,0,0,0,0,0,0,0,0,0,0,0,0,0,0,0,0,0,0,0,0,0,0,0,0,0,0,0,0,0,0,0,0,0,0,0,0,0,0,0,0,0,0,0,0,0,0,0,0,0,0,0,0,0,0,0,0,0,0,0,0,0,0,0,0,0,0,0,0,0,0,0,0,0,0,0,0,0,0,0,0,0,0,0,0,0,0,0,0,0,0,0,0,0,0,0,0,0,0,0,0,0,0,0,0,0
6161,570.2423266372339,0,0,0,0,0,0,0,0,0,0,0,0,0,0,0,0,0,0,0,0,0,0,0,0,0,0,0,0,0,0,0,0,0,0,0,0,0,0,0,0,0,0,0,0,0,0,0,0,0,0,0,0,0,0,0,0,0,0,0,0,0,0,0,0,0,0,0,0,0,0,0,0,0,0,0,0,0,0,0,0,0,0,0,0,0,0,0,0,0,0,0,0,0,0,0,0,0,0,0,0,0,0,0,0,0,0,0,0,0,0,0,0,0,0,0,0,0,0,0,0,0,0,0,0,0,0,0,0,0,0,0,0,0,0,0,0,0,0,0,0,0,0,0,0,0,0,0,0,0,0,0,0
6162,276.6551706010642,0,0,0,0,0,0,0,0,0,0,0,0,0,0,0,0,0,0,0,0,0,0,0,0,0,0,0,0,0,0,0,0,0,0,0,0,0,0,0,0,0,0,0,0,0,0,0,0,0,0,0,0,0,0,0,0,0,0,0,0,0,0,0,0,0,0,0,0,0,0,0,0,0,0,0,0,0,0,0,0,0,0,0,0,0,0,0,0,0,0,0,0,0,0,0,0,0,0,0,0,0,0,0,0,0,0,0,0,0,0,0,0,0,0,0,0,0,0,0,0,0,0,0,0,0,0,0,0,0,0,0,0,0,0,0,0,0,0,0,0,0,0,0,0,0,0,0,0,0,0,0,0
6163,29.252963514509975,0,0,0,0,0,0,0,0,0,0,0,0,0,0,0,0,0,0,0,0,0,0,0,0,0,0,0.47062989988309756,0.47062989988309756,0.47062989988309756,0.47062989988309756,0.47062989988309756,0.47062989988309756,0.47062989988309756,0.47062989988309756,0.47062989988309756,0.47062989988309756,0.47062989988309756,0.47062989988309756,0.47062989988309756,0.47062989988309756,0.47062989988309756,0.47062989988309756,0.47062989988309756,0.47062989988309756,0.47062989988309756,0.47062989988309756,0.47062989988309756,0.47062989988309756,0.47062989988309756,0.47062989988309756,0.47062989988309756,0.47062989988309756,0.47062989988309756,0.47062989988309756,0.47062989988309756,0.47062989988309756,0.47062989988309756,0.47062989988309756,0.47062989988309756,0.47062989988309756,0.47062989988309756,0.47062989988309756,0.47062989988309756,0.47062989988309756,0.47062989988309756,0.47062989988309756,0.47062989988309756,0.47062989988309756,0.47062989988309756,0.47062989988309756,0.47062989988309756,0.47062989988309756,0.47062989988309756,0.47062989988309756,0.47062989988309756,0.47062989988309756,0.47062989988309756,0,0,0,0,0,0,0,0,0,0,0,0,0,0,0,0,0,0,0,0,0,0,0,0,16.088281094995967,16.088281094995967,16.088281094995967,16.088281094995967,16.088281094995967,16.088281094995967,16.088281094995967,16.088281094995967,16.088281094995967,16.088281094995967,16.088281094995967,16.088281094995967,16.088281094995967,16.088281094995967,16.088281094995967,16.088281094995967,16.088281094995967,16.088281094995967,16.088281094995967,16.088281094995967,16.088281094995967,16.088281094995967,16.088281094995967,16.088281094995967,16.088281094995967,16.088281094995967,16.088281094995967,16.088281094995967,16.088281094995967,16.088281094995967,16.088281094995967,16.088281094995967,16.088281094995967,16.088281094995967,16.088281094995967,16.088281094995967,16.088281094995967,16.088281094995967,16.088281094995967,16.088281094995967,16.088281094995967,16.088281094995967,16.088281094995967,16.088281094995967,16.088281094995967,16.088281094995967,16.088281094995967,16.088281094995967,16.088281094995967,16.088281094995967,16.088281094995967
6164,83.74386722277653,0,0,0,0,0,0,0,0,0,0,0,0,0,0,0,0,0,0,0,0,0,0,0,0,0,0,0,0,0,0,0,0,0,0,0,0,0,0,0,0,0,0,0,0,0,0,0,0,0,0,0,0,0,0,0,0,0,0,0,0,0,0,0,0,0,0,0,0,0,0,0,0,0,0,0,0,0,0,0,0,0,0,0,0,0,0,0,0,0,0,0,0,0,0,0,0,0,0,0,0,0,0,0,0,0,0,0,0,0,0,0,0,0,0,0,0,0,0,0,0,0,0,0,0,0,0,0,0,0,0,0,0,0,0,0,0,0,0,0,0,0,0,0,0,0,0,0,0,0,0,0,0
6165,55.77419458333942,0,0,0,0,0,0,0,0,0,0,0,0,0,0,0,0,0,0,0,0,0,0,0,0,0,0,0,0,0,0,0,0,0,0,0,0,0,0,0,0,0,0,0,0,0,0,0,0,0,0,0,0,0,0,0,0,0,0,0,0,0,0,0,0,0,0,0,0,0,0,0,0,0,0,0,0,0,0,0,0,0,0,0,0,0,0,0,0,0,0,0,0,0,0,0,0,0,0,0,0,0,0,0,0,0,0,0,0,0,0,0,0,0,0,0,0,0,0,0,0,0,0,0,0,0,0,0,0,0,0,0,0,0,0,0,0,0,0,0,0,0,0,0,0,0,0,0,0,0,0,0,0
6166,65.53780198744442,0,0,0,0,0,0,0,0,0,0,0,0,0,0,0,0,0,0,0,0,0,0,0,0,0,0,0,0,0,0,0,0,0,0,0,0,0,0,0,0,0,0,0,0,0,0,0,0,0,0,0,0,0,0,0,0,0,0,0,0,0,0,0,0,0,0,0,0,0,0,0,0,0,0,0,0,0,0,0,0,0,0,0,0,0,0,0,0,0,0,0,0,0,0,0,0,0,0,0,0,0,0,0,0,0,0,0,0,0,0,0,0,0,0,0,0,0,0,0,0,0,0,0,0,0,0,0,0,0,0,0,0,0,0,0,0,0,0,0,0,0,0,0,0,0,0,0,0,0,0,0,0
6167,560.6504199614255,0,0,0,0,0,0,0,0,0,0,0,0,0,0,0,0,0,0,0,0,0,0,0,0,0,0,0,0,0,0,0,0,0,0,0,0,0,0,0,0,0,0,0,0,0,0,0,0,0,0,0,0,0,0,0,0,0,0,0,0,0,0,0,0,0,0,0,0,21.679279405050913,21.679279405050913,21.679279405050913,21.679279405050913,21.679279405050913,21.679279405050913,21.679279405050913,21.679279405050913,21.679279405050913,0,0,0,0,0,0,0,0,0,0,0,0,0,0,0,0,0,0,0,0,0,0,0,0,0,0,0,0,0,0,0,0,0,0,0,0,0,0,0,0,0,0,0,0,0,0,0,0,0,0,0,0,0,0,0,0,0,0,0,0,0,0,0,0,0,0,38.66808733781474,38.66808733781474,38.66808733781474,38.66808733781474,38.66808733781474,38.66808733781474,38.66808733781474,38.66808733781474,38.66808733781474
6168,247.0145872943717,0,0,0,0,0,0,0,0,0,0,0,0,0,0,0,0,0,0,0,0,0,0,0,0,0,0,0,0,0,0,0,0,0,0,0,0,0,0,0,0,0,0,0,0,0,0,0,0,0,0,0,0,0,0,0,0,0,0,0,0,0,0,0,0,0,0,0,0,0,0,0,0,0,0,0,0,0,0,0,0,0,0,0,0,0,0,0,0,0,0,0,0,0,0,0,0,0,0,0,0,0,0,0,0,0,0,0,0,0,0,0,0,0,0,0,0,0,0,0,0,0,0,0,0,0,0,0,0,0,0,0,0,0,0,0,0,0,0,0,0,0,0,0,0,0,0,0,0,0,0,0,0
6169,237.34679698401442,0,0,0,0,0,0,0,0,0,0,0,0,0,0,0,0,0,0,0,0,0,0,0,0,0,0,0,0,0,0,0,0,0,0,0,0,0,0,0,0,0,0,0,0,0,0,0,0,0,0,0,0,0,0,0,0,0,0,0,0,0,0,0,0,0,0,0,0,0,0,0,0,0,0,0,0,0,0,0,0,0,0,0,0,0,0,0,0,0,0,0,0,0,0,0,0,0,0,0,0,0,0,0,0,0,0,0,0,0,0,0,0,0,0,0,0,0,0,0,0,0,0,0,0,0,0,0,0,0,0,0,0,0,0,0,0,0,0,0,0,0,0,0,0,0,0,0,0,0,0,0,0
6170,189.9759691619534,0,0,0,0,0,0,0,0,0,0,0,0,0,0,0,0,0,0,0,0,0,0,0,0,0,0,0,0,0,0,0,0,0,0,0,0,0,0,0,0,0,0,0,0,0,0,0,0,0,0,0,0,0,0,0,0,0,0,0,0,0,0,0,0,0,0,0,0,0,0,0,0,0,0,0,0,0,0,0,0,0,0,0,0,0,0,0,0,0,0,0,0,0,0,0,0,0,0,0,0,0,0,0,0,0,0,0,0,0,0,0,0,0,0,0,0,0,0,0,0,0,0,0,0,0,0,0,0,0,0,0,0,0,0,0,0,0,0,0,0,0,0,0,0,0,0,0,0,0,0,0,0
7001,224.31757682738333,40.03648517404025,178.48126633807698,0,0,0,0,0,0,0,0,0,0,0,0,0,0,0,0,0,0,0,0,0,0,0,0,0,0,0,0,0,0,0,0,0,0,0,0,0,0,0,0,0,0,0,0,0,0,0,0,0,0,0,0,0,0,0,0,0,0,0,0,0,0,0,0,0,0,0,0,0,0,0,0,0,0,0,0,0,0,0,0,0,0,0,0,0,0,0,0,0,0,0,0,0,0,0,0,0,0,0,0,0,0,0,0,0,0,0,0,0,0,0,0,0,0,0,0,0,0,0,0,0,0,0,0,0,0,0,0,0,0,0,0,0,0,0,0,0,0,0,0,0,0,0,0,0,0,0,0,0,0
7002,377.9133135145962,44.09225219789168,116.67292635931096,0,0,0,0,0,0,0,0,0,0,0,0,0,0,0,0,0,0,0,0,0,0,0,0,0,0,0,0,0,0,0,0,0,0,0,0,0,0,0,0,0,0,0,0,0,0,0,0,0,0,0,0,0,0,0,0,0,0,0,15.304935903221644,15.304935903221644,15.304935903221644,15.304935903221644,21.517530677726082,21.517530677726082,21.517530677726082,21.517530677726082,21.517530677726082,21.517530677726082,21.517530677726082,21.517530677726082,21.517530677726082,21.517530677726082,21.517530677726082,21.517530677726082,0,0,0,0,0,0,0,0,0,0,0,0,0,0,0,0,0,0,0,0,0,0,0,0,0,0,0,0,0,0,0,0,0,0,0,0,0,0,0,0,0,0,0,0,0,0,0,0,0,0,0,0,0,0,0,0,0,0,0,40.49853592318736,40.49853592318736,40.49853592318736,40.49853592318736,56.937741826592216,56.937741826592216,56.937741826592216,56.937741826592216,56.937741826592216,56.937741826592216,56.937741826592216,56.937741826592216,56.937741826592216,56.937741826592216,56.937741826592216,56.937741826592216
7003,1491.4030153291687,0,0,0,0,0,0,0,0,0,0,0,0,0,0,0,0,0,0,0,0,0,0,0,0,0,0,0,0,0,0,0,0,0,0,0,0,0,0,0,0,0,0,0,0,0,0,0,0,0,0,0,34.98635487110346,34.98635487110346,34.98635487110346,34.98635487110346,34.98635487110346,34.98635487110346,34.98635487110346,34.98635487110346,34.98635487110346,34.98635487110346,34.98635487110346,34.98635487110346,34.98635487110346,34.98635487110346,34.98635487110346,34.98635487110346,34.98635487110346,34.98635487110346,34.98635487110346,34.98635487110346,34.98635487110346,47.33782354966679,47.33782354966679,47.33782354966679,47.33782354966679,47.33782354966679,0,0,0,0,0,0,0,0,0,0,0,0,0,0,0,0,0,0,0,0,0,0,0,0,0,0,0,0,0,0,0,0,0,0,0,0,0,0,0,0,0,0,0,0,0,0,0,0,0,23.458685889394953,23.458685889394953,23.458685889394953,23.458685889394953,23.458685889394953,23.458685889394953,23.458685889394953,23.458685889394953,23.458685889394953,23.458685889394953,23.458685889394953,23.458685889394953,23.458685889394953,23.458685889394953,23.458685889394953,23.458685889394953,23.458685889394953,23.458685889394953,23.458685889394953,23.458685889394953,23.458685889394953,31.74046388743476,31.74046388743476,31.74046388743476,31.74046388743476,31.74046388743476
7004,201.86144416928076,32.34327285788604,160.22511377042866,0,0,0,0,0,0,0,0,0,0,0,0,0,0,0,0,0,0,0,0,0,0,0,0,0,0,0,0,0,0,0,0,0,0,0,0,0,0,0,0,0,0,0,0,0,0,0,0,0,0,0,0,0,0,0,0,0,0,0,0,0,0,0,0,0,0,0,0,0,0,0,0,0,0,0,0,0,0,0,0,0,0,0,0,0,0,0,0,0,0,0,0,0,0,0,0,0,0,0,0,0,0,0,0,0,0,0,0,0,0,0,0,0,0,0,0,0,0,0,0,0,0,0,0,0,0,0,0,0,0,0,0,0,0,0,0,0,0,0,0,0,0,0,0,0,0,0,0,0,0
7005,645.7951607021698,9.994989260976723,15.477027189409753,0,0,4.545629892544156,4.545629892544156,4.545629892544156,4.545629892544156,4.545629892544156,4.545629892544156,4.545629892544156,4.545629892544156,4.545629892544156,4.545629892544156,4.545629892544156,4.545629892544156,4.545629892544156,4.545629892544156,4.545629892544156,4.545629892544156,4.545629892544156,4.545629892544156,4.545629892544156,4.545629892544156,4.545629892544156,4.545629892544156,4.545629892544156,4.545629892544156,4.545629892544156,4.545629892544156,4.545629892544156,4.545629892544156,4.545629892544156,4.545629892544156,4.545629892544156,4.545629892544156,4.545629892544156,4.545629892544156,4.545629892544156,4.545629892544156,4.545629892544156,4.545629892544156,4.545629892544156,4.545629892544156,4.545629892544156,4.545629892544156,4.545629892544156,4.545629892544156,4.545629892544156,4.545629892544156,4.545629892544156,4.545629892544156,4.545629892544156,4.545629892544156,4.545629892544156,4.545629892544156,4.545629892544156,4.545629892544156,4.545629892544156,4.545629892544156,4.545629892544156,4.545629892544156,4.545629892544156,4.545629892544156,4.545629892544156,4.545629892544156,4.545629892544156,4.545629892544156,4.545629892544156,4.545629892544156,4.545629892544156,4.545629892544156,4.545629892544156,4.545629892544156,4.545629892544156,4.545629892544156,4.545629892544156,0,0,7.038810708339337,7.038810708339337,7.038810708339337,7.038810708339337,7.038810708339337,7.038810708339337,7.038810708339337,7.038810708339337,7.038810708339337,7.038810708339337,7.038810708339337,7.038810708339337,7.038810708339337,7.038810708339337,7.038810708339337,7.038810708339337,7.038810708339337,7.038810708339337,7.038810708339337,7.038810708339337,7.038810708339337,7.038810708339337,7.038810708339337,7.038810708339337,7.038810708339337,7.038810708339337,7.038810708339337,7.038810708339337,7.038810708339337,7.038810708339337,7.038810708339337,7.038810708339337,7.038810708339337,7.038810708339337,7.038810708339337,7.038810708339337,7.038810708339337,7.038810708339337,7.038810708339337,7.038810708339337,7.038810708339337,7.038810708339337,7.038810708339337,7.038810708339337,7.038810708339337,7.038810708339337,7.038810708339337,7.038810708339337,7.038810708339337,7.038810708339337,7.038810708339337,7.038810708339337,7.038810708339337,7.038810708339337,7.038810708339337,7.038810708339337,7.038810708339337,7.038810708339337,7.038810708339337,7.038810708339337,7.038810708339337,7.038810708339337,7.038810708339337,7.038810708339337,7.038810708339337,7.038810708339337,7.038810708339337,7.038810708339337,7.038810708339337,7.038810708339337,7.038810708339337,7.038810708339337,7.038810708339337
7006,886.0499046455561,0,0,0,0,0,0,0,0,0,0,0,0,0,0,0,0,0,0,0,0,0,0,0,0,0,0,0,0,0,0,0,0,0,0,0,0,0,0,0,0,0,0,0,0,0,0,0,0,0,0,0,0,0,0,0,0,0,0,0,0,0,0,0,0,0,0,0,0,0,0,0,0,0,0,0,0,0,0,0,0,0,0,0,0,0,0,0,0,0,0,0,0,0,0,0,0,0,0,0,0,0,0,0,0,0,0,0,0,0,0,0,0,0,0,0,0,0,0,0,0,0,0,0,0,0,0,0,0,0,0,0,0,0,0,0,0,0,0,0,0,0,0,0,0,0,0,0,0,0,0,0,0
7007,217.96290604845998,0,0,0,0,0,0,0,0,0,0,0,0,0,0,0,0,0,0,0,0,0,0,0,0,0,0,0,0,0,0,0,0,0,0,0,0,0,0,0,0,0,0,0,0,0,0,0,0,0,0,0,0,0,0,0,0,0,0,0,0,0,0,0,0,0,0,0,0,0,0,0,0,0,0,0,0,0,0,0,0,0,0,0,0,0,0,0,0,0,0,0,0,0,0,0,0,0,0,0,0,0,0,0,0,0,0,0,0,0,0,0,0,0,0,0,0,0,0,0,0,0,0,0,0,0,0,0,0,0,0,0,0,0,0,0,0,0,0,0,0,0,0,0,0,0,0,0,0,0,0,0,0
7008,273.55984555712365,0,0,0,0,0,0,0,0,0,0,0,0,0,0,0,0,13.424801031562962,19.7201273330553,19.7201273330553,19.7201273330553,19.7201273330553,19.7201273330553,19.7201273330553,19.7201273330553,19.7201273330553,19.7201273330553,19.7201273330553,19.7201273330553,19.7201273330553,19.7201273330553,19.7201273330553,19.7201273330553,19.7201273330553,19.7201273330553,19.7201273330553,19.7201273330553,19.7201273330553,19.7201273330553,19.7201273330553,19.7201273330553,19.7201273330553,19.7201273330553,19.7201273330553,19.7201273330553,19.7201273330553,19.7201273330553,19.7201273330553,19.7201273330553,19.7201273330553,19.7201273330553,19.7201273330553,19.7201273330553,19.7201273330553,19.7201273330553,19.7201273330553,19.7201273330553,19.7201273330553,19.7201273330553,19.7201273330553,19.7201273330553,19.7201273330553,19.7201273330553,19.7201273330553,19.7201273330553,19.7201273330553,19.7201273330553,19.7201273330553,19.7201273330553,19.7201273330553,19.7201273330553,19.7201273330553,19.7201273330553,19.7201273330553,19.7201273330553,19.7201273330553,19.7201273330553,19.7201273330553,0,0,0,0,0,0,0,0,0,0,0,0,0,0,49.074457562375144,72.08706852752417,72.08706852752417,72.08706852752417,72.08706852752417,72.08706852752417,72.08706852752417,72.08706852752417,72.08706852752417,72.08706852752417,72.08706852752417,72.08706852752417,72.08706852752417,72.08706852752417,72.08706852752417,72.08706852752417,72.08706852752417,72.08706852752417,72.08706852752417,72.08706852752417,72.08706852752417,72.08706852752417,72.08706852752417,72.08706852752417,72.08706852752417,72.08706852752417,72.08706852752417,72.08706852752417,72.08706852752417,72.08706852752417,72.08706852752417,72.08706852752417,72.08706852752417,72.08706852752417,72.08706852752417,72.08706852752417,72.08706852752417,72.08706852752417,72.08706852752417,72.08706852752417,72.08706852752417,72.08706852752417,72.08706852752417,72.08706852752417,72.08706852752417,72.08706852752417,72.08706852752417,72.08706852752417,72.08706852752417,72.08706852752417,72.08706852752417,72.08706852752417,72.08706852752417,72.08706852752417,72.08706852752417,72.08706852752417,72.08706852752417,72.08706852752417,72.08706852752417,72.08706852752417,72.08706852752417
7009,454.9125436255395,98.80739736845737,217.20086366708435,0,0,0,0,0,0,0,0,0,0,0,0,0,0,0,0,0,0,0,0,0,0,0,0,0,0,0,0,0,0,0,0,0,0,0,0,0,0,0,0,0,0,0,0,0,0,0,0,0,0,0,0,0,0,0,0,0,0,0,0,0,0,0,0,0,0,0,0,0,0,0,0,0,0,0,0,0,0,0,0,0,0,0,0,0,0,0,0,0,0,0,0,0,0,0,0,0,0,0,0,0,0,0,0,0,0,0,0,0,0,0,0,0,0,0,0,0,0,0,0,0,0,0,0,0,0,0,0,0,0,0,0,0,0,0,0,0,0,0,0,0,0,0,0,0,0,0,0,0,0
7010,235.541198578749,0,0,0,0,0,0,0,0,0,0,0,0,0,0,0,0,0,0,0,0,0,0,0,0,0,0,0,0,0,0,0,0,0,0,0,0,0,0,0,0,0,0,0,0,0,0,0,0,0,0,0,0,0,0,0,0,0,0,0,0,0,0,0,0,0,0,0,0,0,0,0,0,0,0,0,0,0,0,0,0,0,0,0,0,0,0,0,0,0,0,0,0,0,0,0,0,0,0,0,0,0,0,0,0,0,0,0,0,0,0,0,0,0,0,0,0,0,0,0,0,0,0,0,0,0,0,0,0,0,0,0,0,0,0,0,0,0,0,0,0,0,0,0,0,0,0,0,0,0,0,0,0
7011,118.27739694600773,0,0,0,0,0,0,0,0,0,0,0,0,0,0,0,0,12.586576009598035,12.586576009598035,12.586576009598035,12.586576009598035,12.586576009598035,12.586576009598035,12.586576009598035,12.586576009598035,12.586576009598035,12.586576009598035,12.586576009598035,12.586576009598035,12.586576009598035,12.586576009598035,12.586576009598035,12.586576009598035,12.586576009598035,12.586576009598035,12.586576009598035,12.586576009598035,12.586576009598035,12.586576009598035,12.586576009598035,12.586576009598035,12.586576009598035,12.586576009598035,12.586576009598035,12.586576009598035,12.586576009598035,12.586576009598035,12.586576009598035,12.586576009598035,12.586576009598035,12.586576009598035,12.586576009598035,12.586576009598035,12.586576009598035,12.586576009598035,12.586576009598035,12.586576009598035,12.586576009598035,12.586576009598035,12.586576009598035,12.586576009598035,12.586576009598035,12.586576009598035,12.586576009598035,12.586576009598035,12.586576009598035,12.586576009598035,12.586576009598035,12.586576009598035,12.586576009598035,12.586576009598035,12.586576009598035,12.586576009598035,12.586576009598035,12.586576009598035,12.586576009598035,12.586576009598035,12.586576009598035,0,0,0,0,0,0,0,0,0,0,0,0,0,0,106.41573398291528,106.41573398291528,106.41573398291528,106.41573398291528,106.41573398291528,106.41573398291528,106.41573398291528,106.41573398291528,106.41573398291528,106.41573398291528,106.41573398291528,106.41573398291528,106.41573398291528,106.41573398291528,106.41573398291528,106.41573398291528,106.41573398291528,106.41573398291528,106.41573398291528,106.41573398291528,106.41573398291528,106.41573398291528,106.41573398291528,106.41573398291528,106.41573398291528,106.41573398291528,106.41573398291528,106.41573398291528,106.41573398291528,106.41573398291528,106.41573398291528,106.41573398291528,106.41573398291528,106.41573398291528,106.41573398291528,106.41573398291528,106.41573398291528,106.41573398291528,106.41573398291528,106.41573398291528,106.41573398291528,106.41573398291528,106.41573398291528,106.41573398291528,106.41573398291528,106.41573398291528,106.41573398291528,106.41573398291528,106.41573398291528,106.41573398291528,106.41573398291528,106.41573398291528,106.41573398291528,106.41573398291528,106.41573398291528,106.41573398291528,106.41573398291528,106.41573398291528,106.41573398291528,106.41573398291528,106.41573398291528
7012,478.07260152119943,207.389004188127,433.8023210872724,0,0,0,0,0,0,0,0,0,0,0,0,0,0,0,0,0,0,0,0,0,0,0,0,0,0,0,0,0,0,0,0,0,0,0,0,0,0,0,0,0,0,0,0,0,0,0,0,0,0,0,0,0,0,0,0,0,0,0,0,0,0,0,0,0,0,0,0,0,0,0,0,0,0,0,0,0,0,0,0,0,0,0,0,0,0,0,0,0,0,0,0,0,0,0,0,0,0,0,0,0,0,0,0,0,0,0,0,0,0,0,0,0,0,0,0,0,0,0,0,0,0,0,0,0,0,0,0,0,0,0,0,0,0,0,0,0,0,0,0,0,0,0,0,0,0,0,0,0,0
7013,1892.9129484411985,0,0,0,0,0,0,0,0,0,0,0,0,0,0,0,0,0,0,0,0,0,0,0,0,0,0,0,0,0,0,0,0,0,0,0,0,0,0,0,0,0,0,0,0,0,0,0,0,0,0,0,0,0,0,0,0,0,0,0,0,0,0,0,0,0,0,0,0,0,0,0,0,0,0,0,0,0,0,0,0,0,0,0,0,0,0,0,0,0,0,0,0,0,0,0,0,0,0,0,0,0,0,0,0,0,0,0,0,0,0,0,0,0,0,0,0,0,0,0,0,0,0,0,0,0,0,0,0,0,0,0,0,0,0,0,0,0,0,0,0,0,0,0,0,0,0,0,0,0,0,0,0
7014,350.44681199285344,30.314962849010975,86.50374839086616,0,0,0,0,0,0,0,0,0,0,0,0,0,0,0,0,0,0,0,0,0,0,0,0,0,0,0,0,0,0,0,17.63984018611613,17.63984018611613,17.63984018611613,17.63984018611613,17.63984018611613,17.63984018611613,17.63984018611613,17.63984018611613,17.63984018611613,17.63984018611613,17.63984018611613,17.63984018611613,17.63984018611613,17.63984018611613,17.63984018611613,17.63984018611613,17.63984018611613,17.63984018611613,17.63984018611613,23.91514665181974,23.91514665181974,23.91514665181974,23.91514665181974,23.91514665181974,23.91514665181974,23.91514665181974,23.91514665181974,23.91514665181974,23.91514665181974,23.91514665181974,23.91514665181974,23.91514665181974,23.91514665181974,23.91514665181974,23.91514665181974,23.91514665181974,23.91514665181974,23.91514665181974,23.91514665181974,23.91514665181974,23.91514665181974,23.91514665181974,23.91514665181974,23.91514665181974,0,0,0,0,0,0,0,0,0,0,0,0,0,0,0,0,0,0,0,0,0,0,0,0,0,0,0,0,0,0,0,50.33528507737103,50.33528507737103,50.33528507737103,50.33528507737103,50.33528507737103,50.33528507737103,50.33528507737103,50.33528507737103,50.33528507737103,50.33528507737103,50.33528507737103,50.33528507737103,50.33528507737103,50.33528507737103,50.33528507737103,50.33528507737103,50.33528507737103,50.33528507737103,50.33528507737103,68.2418724708143,68.2418724708143,68.2418724708143,68.2418724708143,68.2418724708143,68.2418724708143,68.2418724708143,68.2418724708143,68.2418724708143,68.2418724708143,68.2418724708143,68.2418724708143,68.2418724708143,68.2418724708143,68.2418724708143,68.2418724708143,68.2418724708143,68.2418724708143,68.2418724708143,68.2418724708143,68.2418724708143,68.2418724708143,68.2418724708143,68.2418724708143,68.2418724708143
7015,115.12409548216796,0,0,0,0,0,0,0,0,0,0,0,0,0,0,0,0,0,0,0,0,0,0,0,0,0,0,0,0,0,0,0,0,0,0,0,0,0,0,0,0,0,0,0,0,0,0,0,0,0,0,0,0,0,0,0,0,0,0,0,0,0,0,0,0,0,0,0,0,0,0,0,0,0,0,0,0,0,0,0,0,0,0,0,0,0,0,0,0,0,0,0,0,0,0,0,0,0,0,0,0,0,0,0,0,0,0,0,0,0,0,0,0,0,0,0,0,0,0,0,0,0,0,0,0,0,0,0,0,0,0,0,0,0,0,0,0,0,0,0,0,0,0,0,0,0,0,0,0,0,0,0,0
7016,234.7290400497832,15.755606587612977,67.12252810419794,0,0,0,0,0,0,0,0,0,0,0,0,0,0,0,0,0,0,0,0,0,0,0,0,0,0,0,0,0,0,0,8.999981345083212,8.999981345083212,8.999981345083212,8.999981345083212,8.999981345083212,8.999981345083212,8.999981345083212,8.999981345083212,8.999981345083212,8.999981345083212,8.999981345083212,8.999981345083212,8.999981345083212,8.999981345083212,8.999981345083212,8.999981345083212,8.999981345083212,8.999981345083212,8.999981345083212,8.999981345083212,8.999981345083212,8.999981345083212,8.999981345083212,8.999981345083212,8.999981345083212,8.999981345083212,8.999981345083212,8.999981345083212,8.999981345083212,8.999981345083212,8.999981345083212,8.999981345083212,8.999981345083212,8.999981345083212,8.999981345083212,8.999981345083212,8.999981345083212,8.999981345083212,8.999981345083212,8.999981345083212,8.999981345083212,8.999981345083212,8.999981345083212,8.999981345083212,0,0,0,0,0,0,0,0,0,0,0,0,0,0,0,0,0,0,0,0,0,0,0,0,0,0,0,0,0,0,0,38.34200209387993,38.34200209387993,38.34200209387993,38.34200209387993,38.34200209387993,38.34200209387993,38.34200209387993,38.34200209387993,38.34200209387993,38.34200209387993,38.34200209387993,38.34200209387993,38.34200209387993,38.34200209387993,38.34200209387993,38.34200209387993,38.34200209387993,38.34200209387993,38.34200209387993,38.34200209387993,38.34200209387993,38.34200209387993,38.34200209387993,38.34200209387993,38.34200209387993,38.34200209387993,38.34200209387993,38.34200209387993,38.34200209387993,38.34200209387993,38.34200209387993,38.34200209387993,38.34200209387993,38.34200209387993,38.34200209387993,38.34200209387993,38.34200209387993,38.34200209387993,38.34200209387993,38.34200209387993,38.34200209387993,38.34200209387993,38.34200209387993,38.34200209387993
7017,73.83050787358277,0,0,0,0,0,0,0,0,0,0,0,0,0,0,0,0,0,0,0,0,0,0,0,0,0,0,0,0,0,0,0,0,0,0,0,0,0,0,0,0,0,0,0,0,0,0,0,0,0,0,0,0,0,0,0,0,0,0,0,0,0,0,0,0,0,0,0,0,0,0,0,0,0,0,0,0,0,0,0,0,0,0,0,0,0,0,0,0,0,0,0,0,0,0,0,0,0,0,0,0,0,0,0,0,0,0,0,0,0,0,0,0,0,0,0,0,0,0,0,0,0,0,0,0,0,0,0,0,0,0,0,0,0,0,0,0,0,0,0,0,0,0,0,0,0,0,0,0,0,0,0,0
7018,1829.7335654253172,50.4333127913801,27.56320031745004,0,0,0,0,0,0,0,0,0,0,0,0,0,0,0,0,0,0,0,0,0,0,0,0,0,0,0,0,0,0,0,0,0,0,0,0,0,0,0,0,0,0,0,0,0,0,0,0,0,0,0,0,0,0,0,0,0,0,0,0,0,0,0,0,0,0,0,0,0,0,0,0,0,0,0,0,0,0,0,0,0,0,0,0,0,0,0,0,0,0,0,0,0,0,0,0,0,0,0,0,0,0,0,0,0,0,0,0,0,0,0,0,0,0,0,0,0,0,0,0,0,0,0,0,0,0,0,0,0,0,0,0,0,0,0,0,0,0,0,0,0,0,0,0,0,0,0,0,0,0
7019,648.7087344302695,0,0,0,0,0,0,0,0,0,0,0,0,0,0,0,0,0,0,0,0,0,0,0,0,0,0,0,0,17.934000701628076,17.934000701628076,17.934000701628076,17.934000701628076,17.934000701628076,17.934000701628076,17.934000701628076,17.934000701628076,17.934000701628076,17.934000701628076,17.934000701628076,17.934000701628076,17.934000701628076,17.934000701628076,17.934000701628076,17.934000701628076,17.934000701628076,17.934000701628076,17.934000701628076,17.934000701628076,17.934000701628076,17.934000701628076,17.934000701628076,17.934000701628076,17.934000701628076,17.934000701628076,17.934000701628076,17.934000701628076,17.934000701628076,17.934000701628076,17.934000701628076,17.934000701628076,17.934000701628076,17.934000701628076,17.934000701628076,17.934000701628076,17.934000701628076,17.934000701628076,17.934000701628076,17.934000701628076,17.934000701628076,17.934000701628076,17.934000701628076,17.934000701628076,17.934000701628076,17.934000701628076,17.934000701628076,17.934000701628076,17.934000701628076,0,0,0,0,0,0,0,0,0,0,0,0,0,0,0,0,0,0,0,0,0,0,0,0,0,0,27.64569019928284,27.64569019928284,27.64569019928284,27.64569019928284,27.64569019928284,27.64569019928284,27.64569019928284,27.64569019928284,27.64569019928284,27.64569019928284,27.64569019928284,27.64569019928284,27.64569019928284,27.64569019928284,27.64569019928284,27.64569019928284,27.64569019928284,27.64569019928284,27.64569019928284,27.64569019928284,27.64569019928284,27.64569019928284,27.64569019928284,27.64569019928284,27.64569019928284,27.64569019928284,27.64569019928284,27.64569019928284,27.64569019928284,27.64569019928284,27.64569019928284,27.64569019928284,27.64569019928284,27.64569019928284,27.64569019928284,27.64569019928284,27.64569019928284,27.64569019928284,27.64569019928284,27.64569019928284,27.64569019928284,27.64569019928284,27.64569019928284,27.64569019928284,27.64569019928284,27.64569019928284,27.64569019928284,27.64569019928284,27.64569019928284
7020,1243.0494971366218,0,0,0,0,0,0,0,0,0,0,0,0,0,0,0,0,0,0,0,0,0,0,0,0,0,0,0,0,0,0,0,0,0,0,0,0,0,0,0,0,0,0,0,0,0,0,0,0,0,0,0,0,0,0,0,0,0,0,0,0,0,0,0,0,0,0,0,0,0,0,0,0,0,0,0,0,0,0,0,0,0,0,0,0,0,0,0,0,0,0,0,0,0,0,0,0,0,0,0,0,0,0,0,0,0,0,0,0,0,0,0,0,0,0,0,0,0,0,0,0,0,0,0,0,0,0,0,0,0,0,0,0,0,0,0,0,0,0,0,0,0,0,0,0,0,0,0,0,0,0,0,0
7021,491.9547129570266,0,0,0,0,0,0,0,0,0,0,0,0,0,0,0,0,0,0,0,0,0,21.827523434276255,21.827523434276255,21.827523434276255,21.827523434276255,21.827523434276255,21.827523434276255,21.827523434276255,21.827523434276255,21.827523434276255,21.827523434276255,21.827523434276255,21.827523434276255,21.827523434276255,21.827523434276255,21.827523434276255,21.827523434276255,21.827523434276255,21.827523434276255,21.827523434276255,21.827523434276255,21.827523434276255,21.827523434276255,21.827523434276255,21.827523434276255,21.827523434276255,21.827523434276255,21.827523434276255,21.827523434276255,21.827523434276255,21.827523434276255,21.827523434276255,21.827523434276255,21.827523434276255,21.827523434276255,21.827523434276255,21.827523434276255,21.827523434276255,21.827523434276255,21.827523434276255,21.827523434276255,21.827523434276255,21.827523434276255,21.827523434276255,21.827523434276255,21.827523434276255,21.827523434276255,21.827523434276255,21.827523434276255,21.827523434276255,21.827523434276255,21.827523434276255,21.827523434276255,21.827523434276255,21.827523434276255,21.827523434276255,21.827523434276255,0,0,0,0,0,0,0,0,0,0,0,0,0,0,0,0,0,0,0,44.36896905220408,44.36896905220408,44.36896905220408,44.36896905220408,44.36896905220408,44.36896905220408,44.36896905220408,44.36896905220408,44.36896905220408,44.36896905220408,44.36896905220408,44.36896905220408,44.36896905220408,44.36896905220408,44.36896905220408,44.36896905220408,44.36896905220408,44.36896905220408,44.36896905220408,44.36896905220408,44.36896905220408,44.36896905220408,44.36896905220408,44.36896905220408,44.36896905220408,44.36896905220408,44.36896905220408,44.36896905220408,44.36896905220408,44.36896905220408,44.36896905220408,44.36896905220408,44.36896905220408,44.36896905220408,44.36896905220408,44.36896905220408,44.36896905220408,44.36896905220408,44.36896905220408,44.36896905220408,44.36896905220408,44.36896905220408,44.36896905220408,44.36896905220408,44.36896905220408,44.36896905220408,44.36896905220408,44.36896905220408,44.36896905220408,44.36896905220408,44.36896905220408,44.36896905220408,44.36896905220408,44.36896905220408,44.36896905220408,44.36896905220408
7022,1617.4871930808456,16.549277317055626,10.23147347802738,0,0,0,0,0,0,0,0,0,0,0,0,0,0,0,0,0,0,0,0,0,0,0,0,0,0,0,0,0,0,0,0,0,0,0,0,0,0,0,0,0,0,0,0,0,0,0,0,0,0,0,0,0,0,0,0,0,0,0,0,0,0,0,0,0,0,0,0,0,0,0,0,0,0,0,0,0,0,0,0,0,0,0,0,0,0,0,0,0,0,0,0,0,0,0,0,0,0,0,0,0,0,0,0,0,0,0,0,0,0,0,0,0,0,0,0,0,0,0,0,0,0,0,0,0,0,0,0,0,0,0,0,0,0,0,0,0,0,0,0,0,0,0,0,0,0,0,0,0,0
7023,792.8423783956146,0,0,0,0,0,0,0,0,0,0,0,0,0,0,0,0,0,0,0,0,0,0,0,0,0,0,0,0,0,0,0,0,0,0,0,0,0,0,0,0,0,0,0,0,0,0,0,0,0,0,0,0,0,0,0,0,0,0,0,0,0,0,0,0,0,0,0,0,0,0,0,0,0,0,0,0,0,0,0,0,0,0,0,0,0,0,0,0,0,0,0,0,0,0,0,0,0,0,0,0,0,0,0,0,0,0,0,0,0,0,0,0,0,0,0,0,0,0,0,0,0,0,0,0,0,0,0,0,0,0,0,0,0,0,0,0,0,0,0,0,0,0,0,0,0,0,0,0,0,0,0,0
7024,223.81021591312123,5.47223487772014,24.45033554609659,0,0,0,0,0,0,0,0,0,0,0,0,0,0,0,0,0,0,0,0,0,0,0,0,0,0,0,0,0,0,0,0,0,0,0,0,0,0,0,0,0,0,0,0,0,0,0,0,0,0,0,14.684584481548645,14.684584481548645,14.684584481548645,14.684584481548645,14.684584481548645,14.684584481548645,14.684584481548645,14.684584481548645,14.684584481548645,14.684584481548645,14.684584481548645,14.684584481548645,14.684584481548645,14.684584481548645,14.684584481548645,14.684584481548645,14.684584481548645,14.684584481548645,14.684584481548645,14.684584481548645,14.684584481548645,14.684584481548645,14.684584481548645,14.684584481548645,0,0,0,0,0,0,0,0,0,0,0,0,0,0,0,0,0,0,0,0,0,0,0,0,0,0,0,0,0,0,0,0,0,0,0,0,0,0,0,0,0,0,0,0,0,0,0,0,0,0,0,65.61177031904975,65.61177031904975,65.61177031904975,65.61177031904975,65.61177031904975,65.61177031904975,65.61177031904975,65.61177031904975,65.61177031904975,65.61177031904975,65.61177031904975,65.61177031904975,65.61177031904975,65.61177031904975,65.61177031904975,65.61177031904975,65.61177031904975,65.61177031904975,65.61177031904975,65.61177031904975,65.61177031904975,65.61177031904975,65.61177031904975,65.61177031904975
7025,396.2243688020744,3.0403652525429936,7.673342408835395,0,0,0,0,0,0,0,0,0,0,0,0,0,0,0,0,0,0,0,0,0,0,0,0,0,0,0,0,0,0,0,0,0,0,0,0,0,0,0,0,0,0,0,0,0,0,0,0,0,0,0,0,0,0,0,0,0,0,0,0,0,0,0,0,0,0,0,0,0,0,0,0,0,0,0,0,0,0,0,0,0,0,0,0,0,0,0,0,0,0,0,0,0,0,0,0,0,0,0,0,0,0,0,0,0,0,0,0,0,0,0,0,0,0,0,0,0,0,0,0,0,0,0,0,0,0,0,0,0,0,0,0,0,0,0,0,0,0,0,0,0,0,0,0,0,0,0,0,0,0
7026,160.01457102999257,0,0,0,0,0,0,0,0,0,0,0,0,0,0,0,0,0,0,0,0,0,0,0,0,0,0,0,0,0,0,0,0,0,0,0,0,0,0,0,0,0,0,0,0,0,0,0,0,0,0,0,0,0,0,0,0,0,0,0,0,0,0,0,0,0,0,0,0,0,0,0,0,0,0,0,0,0,0,0,0,0,0,0,0,0,0,0,0,0,0,0,0,0,0,0,0,0,0,0,0,0,0,0,0,0,0,0,0,0,0,0,0,0,0,0,0,0,0,0,0,0,0,0,0,0,0,0,0,0,0,0,0,0,0,0,0,0,0,0,0,0,0,0,0,0,0,0,0,0,0,0,0
7027,106.06169852612528,0,0,0,0,0,0,0,0,0,0,0,0,0,0,0,0,0,0,0,0,0,0,0,0,0,0,0,0,0,0,0,0,0,0,0,0,0,0,0,0,0,0,0,0,0,0,0,0,0,0,0,0,0,0,0,0,0,0,0,0,0,0,0,0,0,0,0,0,0,0,0,0,0,0,0,0,0,0,0,0,0,0,0,0,0,0,0,0,0,0,0,0,0,0,0,0,0,0,0,0,0,0,0,0,0,0,0,0,0,0,0,0,0,0,0,0,0,0,0,0,0,0,0,0,0,0,0,0,0,0,0,0,0,0,0,0,0,0,0,0,0,0,0,0,0,0,0,0,0,0,0,0
7028,763.3285344307766,0,0,0,0,0,0,0,0,0,0,0,0,0,0,0,0,0,0,0,0,0,0,0,0,0,0,0,0,0,0,0,0,0,0,0,0,0,0,0,0,0,0,0,0,0,0,0,0,0,0,0,0,0,0,0,0,0,0,0,0,0,0,0,0,0,0,0,0,0,0,0,0,0,0,0,0,0,0,0,0,0,0,0,0,0,0,0,0,0,0,0,0,0,0,0,0,0,0,0,0,0,0,0,0,0,0,0,0,0,0,0,0,0,0,0,0,0,0,0,0,0,0,0,0,0,0,0,0,0,0,0,0,0,0,0,0,0,0,0,0,0,0,0,0,0,0,0,0,0,0,0,0
7029,93.80886038965647,0,0,0,0,0,0,0,0,0,0,0,0,0,0,0,0,0,0,0,0,0,0,0,0,0,0,0,0,0,0,0,0,0,0,0,0,0,0,0,0,0,0,0,0,0,0,0,0,0,0,0,0,0,0,0,0,0,0,0,0,0,0,0,0,0,0,0,0,0,0,0,0,0,0,0,0,0,0,0,0,0,0,0,0,0,0,0,0,0,0,0,0,0,0,0,0,0,0,0,0,0,0,0,0,0,0,0,0,0,0,0,0,0,0,0,0,0,0,0,0,0,0,0,0,0,0,0,0,0,0,0,0,0,0,0,0,0,0,0,0,0,0,0,0,0,0,0,0,0,0,0,0
7030,1330.7178963696726,0,0,0,0,0,0,0,0,0,0,0,0,0,0,0,0,0,0,0,0,0,0,0,0,0,0,0,0,0,0,0,0,0,0,0,0,0,0,0,0,0,0,0,0,0,0,0,0,0,0,0,0,0,0,0,0,0,0,0,0,0,0,0,0,0,0,0,0,0,0,0,0,0,0,0,0,0,0,0,0,0,0,0,0,0,0,0,0,0,0,0,0,0,0,0,0,0,0,0,0,0,0,0,0,0,0,0,0,0,0,0,0,0,0,0,0,0,0,0,0,0,0,0,0,0,0,0,0,0,0,0,0,0,0,0,0,0,0,0,0,0,0,0,0,0,0,0,0,0,0,0,0
7031,450.217700532912,152.14396994640023,337.93422552314365,12.772136215681734,24.255951456243867,24.255951456243867,24.255951456243867,24.255951456243867,24.255951456243867,24.255951456243867,24.255951456243867,24.255951456243867,24.255951456243867,24.255951456243867,24.255951456243867,24.255951456243867,24.255951456243867,24.255951456243867,24.255951456243867,24.255951456243867,24.255951456243867,24.255951456243867,24.255951456243867,24.255951456243867,24.255951456243867,24.255951456243867,24.255951456243867,24.255951456243867,24.255951456243867,24.255951456243867,24.255951456243867,24.255951456243867,24.255951456243867,24.255951456243867,24.255951456243867,24.255951456243867,24.255951456243867,24.255951456243867,24.255951456243867,24.255951456243867,24.255951456243867,24.255951456243867,24.255951456243867,24.255951456243867,24.255951456243867,24.255951456243867,24.255951456243867,24.255951456243867,24.255951456243867,24.255951456243867,24.255951456243867,24.255951456243867,24.255951456243867,24.255951456243867,24.255951456243867,24.255951456243867,24.255951456243867,24.255951456243867,24.255951456243867,24.255951456243867,24.255951456243867,24.255951456243867,24.255951456243867,24.255951456243867,24.255951456243867,24.255951456243867,24.255951456243867,24.255951456243867,24.255951456243867,24.255951456243867,24.255951456243867,24.255951456243867,24.255951456243867,24.255951456243867,24.255951456243867,24.255951456243867,24.255951456243867,24.255951456243867,28.368800694783122,53.87605024754175,53.87605024754175,53.87605024754175,53.87605024754175,53.87605024754175,53.87605024754175,53.87605024754175,53.87605024754175,53.87605024754175,53.87605024754175,53.87605024754175,53.87605024754175,53.87605024754175,53.87605024754175,53.87605024754175,53.87605024754175,53.87605024754175,53.87605024754175,53.87605024754175,53.87605024754175,53.87605024754175,53.87605024754175,53.87605024754175,53.87605024754175,53.87605024754175,53.87605024754175,53.87605024754175,53.87605024754175,53.87605024754175,53.87605024754175,53.87605024754175,53.87605024754175,53.87605024754175,53.87605024754175,53.87605024754175,53.87605024754175,53.87605024754175,53.87605024754175,53.87605024754175,53.87605024754175,53.87605024754175,53.87605024754175,53.87605024754175,53.87605024754175,53.87605024754175,53.87605024754175,53.87605024754175,53.87605024754175,53.87605024754175,53.87605024754175,53.87605024754175,53.87605024754175,53.87605024754175,53.87605024754175,53.87605024754175,53.87605024754175,53.87605024754175,53.87605024754175,53.87605024754175,53.87605024754175,53.87605024754175,53.87605024754175,53.87605024754175,53.87605024754175,53.87605024754175,53.87605024754175,53.87605024754175,53.87605024754175,53.87605024754175,53.87605024754175,53.87605024754175,53.87605024754175,53.87605024754175,53.87605024754175
7032,1656.3941349312706,62.9184557616283,37.98519593541002,0,0,0,0,0,0,0,0,0,0,0,0,0,0,0,0,0,0,0,0,0,0,0,0,0,0,0,0,0,0,0,0,0,0,0,0,0,0,0,0,0,0,0,0,0,0,0,0,0,0,0,0,0,0,0,0,0,0,0,0,0,0,0,0,0,0,0,0,0,0,0,0,0,0,0,0,0,0,0,0,0,0,0,0,0,0,0,0,0,0,0,0,0,0,0,0,0,0,0,0,0,0,0,0,0,0,0,0,0,0,0,0,0,0,0,0,0,0,0,0,0,0,0,0,0,0,0,0,0,0,0,0,0,0,0,0,0,0,0,0,0,0,0,0,0,0,0,0,0,0
7033,179.66164048118162,30.327910728152755,168.80570970479036,0,0,0,0,0,0,0,0,0,0,0,0,0,0,0,0,0,0,0,0,0,0,0,0,0,0,0,0,0,0,0,0,0,0,0,0,0,0,0,0,0,0,0,0,0,0,0,0,0,0,0,0,0,0,0,0,0,0,0,0,0,0,0,0,0,0,0,0,0,0,0,0,0,0,0,0,0,0,0,0,0,0,0,0,0,0,0,0,0,0,0,0,0,0,0,0,0,0,0,0,0,0,0,0,0,0,0,0,0,0,0,0,0,0,0,0,0,0,0,0,0,0,0,0,0,0,0,0,0,0,0,0,0,0,0,0,0,0,0,0,0,0,0,0,0,0,0,0,0,0
7034,330.36000615712504,0,0,0,0,0,0,0,0,0,0,0,0,0,0,0,0,0,0,0,0,0,0,0,0,0,0,0,0,0,0,0,0,0,0,0,0,0,0,0,0,0,0,0,0,0,0,0,0,0,0,0,0,0,0,0,0,0,0,0,0,0,0,0,0,0,0,0,0,0,0,0,0,0,0,0,0,0,0,0,0,0,0,0,0,0,0,0,0,0,0,0,0,0,0,0,0,0,0,0,0,0,0,0,0,0,0,0,0,0,0,0,0,0,0,0,0,0,0,0,0,0,0,0,0,0,0,0,0,0,0,0,0,0,0,0,0,0,0,0,0,0,0,0,0,0,0,0,0,0,0,0,0
7035,122.16733200681377,0,0,0,0,0,0,0,0,0,0,0,0,0,0,0,0,0,0,0,0,0,0,0,0,0,0,0,0,0,0,0,0,0,0,0,0,0,0,0,0,0,0,0,0,0,0,0,0,0,0,0,0,0,0,0,0,0,0,0,0,0,0,0,0,0,0,0,0,0,0,0,0,0,0,0,0,0,0,0,0,0,0,0,0,0,0,0,0,0,0,0,0,0,0,0,0,0,0,0,0,0,0,0,0,0,0,0,0,0,0,0,0,0,0,0,0,0,0,0,0,0,0,0,0,0,0,0,0,0,0,0,0,0,0,0,0,0,0,0,0,0,0,0,0,0,0,0,0,0,0,0,0
7036,179.41234704239497,21.613358385788317,120.46750818482465,0,0,0,0,0,0,0,0,0,0,0,0,0,0,0,0,0,0,0,0,0,0,0,0,0,0,0,0,0,0,0,0,0,0,0,0,0,0,0,0,0,0,0,0,0,0,0,0,0,0,0,0,0,0,0,0,0,0,0,0,0,0,0,0,0,8.315741394471278,8.315741394471278,8.315741394471278,8.315741394471278,8.315741394471278,8.315741394471278,8.315741394471278,8.315741394471278,8.315741394471278,8.315741394471278,0,0,0,0,0,0,0,0,0,0,0,0,0,0,0,0,0,0,0,0,0,0,0,0,0,0,0,0,0,0,0,0,0,0,0,0,0,0,0,0,0,0,0,0,0,0,0,0,0,0,0,0,0,0,0,0,0,0,0,0,0,0,0,0,0,46.349883559052245,46.349883559052245,46.349883559052245,46.349883559052245,46.349883559052245,46.349883559052245,46.349883559052245,46.349883559052245,46.349883559052245,46.349883559052245
7037,314.4267524874416,251.47924969592725,799.8023314061721,0,0,0,0,0,0,0,0,15.162855013678106,15.162855013678106,15.162855013678106,15.162855013678106,15.162855013678106,15.162855013678106,15.162855013678106,15.162855013678106,15.162855013678106,15.162855013678106,15.162855013678106,15.162855013678106,15.162855013678106,15.162855013678106,15.162855013678106,15.162855013678106,15.162855013678106,15.162855013678106,15.162855013678106,15.162855013678106,15.162855013678106,15.162855013678106,15.162855013678106,15.162855013678106,15.162855013678106,15.162855013678106,15.162855013678106,15.162855013678106,15.162855013678106,15.162855013678106,15.162855013678106,15.162855013678106,15.162855013678106,15.162855013678106,15.162855013678106,15.162855013678106,15.162855013678106,15.162855013678106,15.162855013678106,15.162855013678106,15.162855013678106,15.162855013678106,15.162855013678106,15.162855013678106,15.162855013678106,15.162855013678106,15.162855013678106,15.162855013678106,15.162855013678106,15.162855013678106,15.162855013678106,15.162855013678106,15.162855013678106,15.162855013678106,15.162855013678106,15.162855013678106,15.162855013678106,15.162855013678106,15.162855013678106,15.162855013678106,15.162855013678106,15.162855013678106,15.162855013678106,15.162855013678106,15.162855013678106,15.162855013678106,15.162855013678106,0,0,0,0,0,0,0,0,48.22380695575107,48.22380695575107,48.22380695575107,48.22380695575107,48.22380695575107,48.22380695575107,48.22380695575107,48.22380695575107,48.22380695575107,48.22380695575107,48.22380695575107,48.22380695575107,48.22380695575107,48.22380695575107,48.22380695575107,48.22380695575107,48.22380695575107,48.22380695575107,48.22380695575107,48.22380695575107,48.22380695575107,48.22380695575107,48.22380695575107,48.22380695575107,48.22380695575107,48.22380695575107,48.22380695575107,48.22380695575107,48.22380695575107,48.22380695575107,48.22380695575107,48.22380695575107,48.22380695575107,48.22380695575107,48.22380695575107,48.22380695575107,48.22380695575107,48.22380695575107,48.22380695575107,48.22380695575107,48.22380695575107,48.22380695575107,48.22380695575107,48.22380695575107,48.22380695575107,48.22380695575107,48.22380695575107,48.22380695575107,48.22380695575107,48.22380695575107,48.22380695575107,48.22380695575107,48.22380695575107,48.22380695575107,48.22380695575107,48.22380695575107,48.22380695575107,48.22380695575107,48.22380695575107,48.22380695575107,48.22380695575107,48.22380695575107,48.22380695575107,48.22380695575107,48.22380695575107,48.22380695575107,48.22380695575107
7038,72.86869348584166,18.395070244375788,252.44133474068582,0,0,0,0,0,0,0,0,0,0,0,0,0,0,0,0,0,0,0,0,0,0,0,0,0,0,0,0,0,0,0,0,0,0,0,0,0,0,0,0,0,0,0,0,0,0,0,0,0,0,0,0,0,0,0,0,0,0,0,0,0,0,0,0,0,0,0,0,0,0,0,0,0,0,0,0,0,0,0,0,0,0,0,0,0,0,0,0,0,0,0,0,0,0,0,0,0,0,0,0,0,0,0,0,0,0,0,0,0,0,0,0,0,0,0,0,0,0,0,0,0,0,0,0,0,0,0,0,0,0,0,0,0,0,0,0,0,0,0,0,0,0,0,0,0,0,0,0,0,0
7039,37.6109111401449,0,0,0,0,0,0,0,0,0,0,0,0,0,0,0,0,0,0,0,0,0,0,0,0,0,0,0,0,0,0,0,0,0,0,0,0,0,0,0,0,0,0,0,0,0,0,0,0,0,0,0,0,0,0,0,0,0,0,0,0,0,0,0,0,0,0,0,0,0,0,0,0,0,0,0,0,0,0,0,0,0,0,0,0,0,0,0,0,0,0,0,0,0,0,0,0,0,0,0,0,0,0,0,0,0,0,0,0,0,0,0,0,0,0,0,0,0,0,0,0,0,0,0,0,0,0,0,0,0,0,0,0,0,0,0,0,0,0,0,0,0,0,0,0,0,0,0,0,0,0,0,0
7040,424.0852218647642,2.3703551108457535,5.58933673855212,0,0,0,0,0,0,0,0,0,0,0,0,14.81409820751329,14.81409820751329,16.91441490696747,16.91441490696747,16.91441490696747,16.91441490696747,29.579767721930015,29.579767721930015,29.579767721930015,29.579767721930015,29.579767721930015,29.579767721930015,29.579767721930015,29.579767721930015,29.579767721930015,29.579767721930015,29.579767721930015,29.579767721930015,29.579767721930015,29.579767721930015,29.579767721930015,29.579767721930015,29.579767721930015,29.579767721930015,29.579767721930015,29.579767721930015,29.579767721930015,29.579767721930015,29.579767721930015,29.579767721930015,29.579767721930015,29.579767721930015,29.579767721930015,29.579767721930015,29.579767721930015,29.579767721930015,29.579767721930015,29.579767721930015,29.579767721930015,29.579767721930015,29.579767721930015,29.579767721930015,29.579767721930015,29.579767721930015,29.579767721930015,29.579767721930015,29.579767721930015,29.579767721930015,29.579767721930015,29.579767721930015,29.579767721930015,29.579767721930015,29.579767721930015,29.579767721930015,29.579767721930015,29.579767721930015,29.579767721930015,29.579767721930015,29.579767721930015,29.579767721930015,29.579767721930015,29.579767721930015,29.579767721930015,0,0,0,0,0,0,0,0,0,0,0,0,34.93188973285499,34.93188973285499,39.884471410232905,39.884471410232905,39.884471410232905,39.884471410232905,69.74958380266939,69.74958380266939,69.74958380266939,69.74958380266939,69.74958380266939,69.74958380266939,69.74958380266939,69.74958380266939,69.74958380266939,69.74958380266939,69.74958380266939,69.74958380266939,69.74958380266939,69.74958380266939,69.74958380266939,69.74958380266939,69.74958380266939,69.74958380266939,69.74958380266939,69.74958380266939,69.74958380266939,69.74958380266939,69.74958380266939,69.74958380266939,69.74958380266939,69.74958380266939,69.74958380266939,69.74958380266939,69.74958380266939,69.74958380266939,69.74958380266939,69.74958380266939,69.74958380266939,69.74958380266939,69.74958380266939,69.74958380266939,69.74958380266939,69.74958380266939,69.74958380266939,69.74958380266939,69.74958380266939,69.74958380266939,69.74958380266939,69.74958380266939,69.74958380266939,69.74958380266939,69.74958380266939,69.74958380266939,69.74958380266939,69.74958380266939,69.74958380266939,69.74958380266939,69.74958380266939,69.74958380266939,69.74958380266939,69.74958380266939,69.74958380266939
7041,336.92664117416797,0,0,0,0,0,0,0,0,0,0,0,0,0,0,0,0,0,0,0,0,0,0,0,0,0,0,0,0,0,0,0,0,0,0,0,0,0,0,0,0,0,0,0,0,0,0,0,0,0,0,0,0,0,0,0,0,0,0,0,0,0,0,0,0,0,0,0,0,0,0,0,0,0,0,0,0,0,0,0,0,0,0,0,0,0,0,0,0,0,0,0,0,0,0,0,0,0,0,0,0,0,0,0,0,0,0,0,0,0,0,0,0,0,0,0,0,0,0,0,0,0,0,0,0,0,0,0,0,0,0,0,0,0,0,0,0,0,0,0,0,0,0,0,0,0,0,0,0,0,0,0,0
7042,637.6411371967947,27.55433239639496,43.21291521047345,0,0,0,0,0,0,0,0,0,0,0,0,0,0,0,0,0,0,0,0,0,0,0,0,0,0,0,0,0,0,0,0,0,0,0,0,0,0,0,0,0,0,0,0,0,0,0,0,0,0,0,0,0,0,0,0,0,0,0,0,0,0,0,16.158211711216786,16.158211711216786,21.176264562219377,21.176264562219377,21.176264562219377,21.176264562219377,21.176264562219377,21.176264562219377,21.176264562219377,21.176264562219377,21.176264562219377,21.176264562219377,0,0,0,0,0,0,0,0,0,0,0,0,0,0,0,0,0,0,0,0,0,0,0,0,0,0,0,0,0,0,0,0,0,0,0,0,0,0,0,0,0,0,0,0,0,0,0,0,0,0,0,0,0,0,0,0,0,0,0,0,0,0,0,25.3406042499888,25.3406042499888,33.21031741351368,33.21031741351368,33.21031741351368,33.21031741351368,33.21031741351368,33.21031741351368,33.21031741351368,33.21031741351368,33.21031741351368,33.21031741351368
7043,4646.40877815693,146.24873583260518,31.475649865360534,0,0,0,0,0,0,0,0,0,0,0,0,0,0,0,0,0,0,0,0,0,0,0,0,0,0,0,0,0,0,0,0,0,0,0,0,0,0,0,0,0,0,0,0,0,0,0,0,0,0,0,0,0,0,0,0,0,0,0,0,0,0,0,0,0,0,0,0,0,0,0,0,0,0,0,0,0,0,0,0,0,0,0,0,0,0,0,0,0,0,0,0,0,0,0,0,0,0,0,0,0,0,0,0,0,0,0,0,0,0,0,0,0,0,0,0,0,0,0,0,0,0,0,0,0,0,0,0,0,0,0,0,0,0,0,0,0,0,0,0,0,0,0,0,0,0,0,0,0,0
7044,215.1649993183619,26.138229508074765,121.47993210271241,0,0,0,0,0,0,0,0,4.875343406093634,27.695705884136434,27.695705884136434,27.695705884136434,27.695705884136434,27.695705884136434,27.695705884136434,27.695705884136434,27.695705884136434,27.695705884136434,27.695705884136434,27.695705884136434,27.695705884136434,27.695705884136434,27.695705884136434,27.695705884136434,27.695705884136434,27.695705884136434,27.695705884136434,27.695705884136434,27.695705884136434,27.695705884136434,27.695705884136434,27.695705884136434,27.695705884136434,27.695705884136434,27.695705884136434,27.695705884136434,27.695705884136434,27.695705884136434,27.695705884136434,27.695705884136434,27.695705884136434,27.695705884136434,27.695705884136434,27.695705884136434,27.695705884136434,27.695705884136434,27.695705884136434,27.695705884136434,27.695705884136434,27.695705884136434,27.695705884136434,27.695705884136434,27.695705884136434,27.695705884136434,27.695705884136434,27.695705884136434,27.695705884136434,27.695705884136434,27.695705884136434,27.695705884136434,27.695705884136434,27.695705884136434,27.695705884136434,27.695705884136434,27.695705884136434,27.695705884136434,27.695705884136434,27.695705884136434,27.695705884136434,27.695705884136434,27.695705884136434,27.695705884136434,27.695705884136434,27.695705884136434,27.695705884136434,0,0,0,0,0,0,0,0,22.658626735475647,128.71845314933114,128.71845314933114,128.71845314933114,128.71845314933114,128.71845314933114,128.71845314933114,128.71845314933114,128.71845314933114,128.71845314933114,128.71845314933114,128.71845314933114,128.71845314933114,128.71845314933114,128.71845314933114,128.71845314933114,128.71845314933114,128.71845314933114,128.71845314933114,128.71845314933114,128.71845314933114,128.71845314933114,128.71845314933114,128.71845314933114,128.71845314933114,128.71845314933114,128.71845314933114,128.71845314933114,128.71845314933114,128.71845314933114,128.71845314933114,128.71845314933114,128.71845314933114,128.71845314933114,128.71845314933114,128.71845314933114,128.71845314933114,128.71845314933114,128.71845314933114,128.71845314933114,128.71845314933114,128.71845314933114,128.71845314933114,128.71845314933114,128.71845314933114,128.71845314933114,128.71845314933114,128.71845314933114,128.71845314933114,128.71845314933114,128.71845314933114,128.71845314933114,128.71845314933114,128.71845314933114,128.71845314933114,128.71845314933114,128.71845314933114,128.71845314933114,128.71845314933114,128.71845314933114,128.71845314933114,128.71845314933114,128.71845314933114,128.71845314933114,128.71845314933114,128.71845314933114,128.71845314933114
7045,921.7191314125544,0,0,0,0,0,0,0,0,0,0,0,0,0,0,0,0,0,0,0,0,0,18.816421355059802,18.816421355059802,18.816421355059802,18.816421355059802,18.816421355059802,18.816421355059802,18.816421355059802,32.13038241367373,32.13038241367373,32.13038241367373,32.13038241367373,32.13038241367373,32.13038241367373,32.13038241367373,32.13038241367373,32.13038241367373,32.13038241367373,32.13038241367373,32.13038241367373,32.13038241367373,32.13038241367373,32.13038241367373,32.13038241367373,32.13038241367373,32.13038241367373,32.13038241367373,32.13038241367373,32.13038241367373,32.13038241367373,32.13038241367373,32.13038241367373,32.13038241367373,32.13038241367373,32.13038241367373,32.13038241367373,32.13038241367373,32.13038241367373,32.13038241367373,32.13038241367373,32.13038241367373,32.13038241367373,32.13038241367373,32.13038241367373,32.13038241367373,32.13038241367373,32.13038241367373,32.13038241367373,32.13038241367373,32.13038241367373,32.13038241367373,32.13038241367373,32.13038241367373,32.13038241367373,32.13038241367373,32.13038241367373,32.13038241367373,0,0,0,0,0,0,0,0,0,0,0,0,0,0,0,0,0,0,0,20.41448497030026,20.41448497030026,20.41448497030026,20.41448497030026,20.41448497030026,20.41448497030026,20.41448497030026,34.859190092358425,34.859190092358425,34.859190092358425,34.859190092358425,34.859190092358425,34.859190092358425,34.859190092358425,34.859190092358425,34.859190092358425,34.859190092358425,34.859190092358425,34.859190092358425,34.859190092358425,34.859190092358425,34.859190092358425,34.859190092358425,34.859190092358425,34.859190092358425,34.859190092358425,34.859190092358425,34.859190092358425,34.859190092358425,34.859190092358425,34.859190092358425,34.859190092358425,34.859190092358425,34.859190092358425,34.859190092358425,34.859190092358425,34.859190092358425,34.859190092358425,34.859190092358425,34.859190092358425,34.859190092358425,34.859190092358425,34.859190092358425,34.859190092358425,34.859190092358425,34.859190092358425,34.859190092358425,34.859190092358425,34.859190092358425,34.859190092358425,34.859190092358425,34.859190092358425,34.859190092358425,34.859190092358425,34.859190092358425,34.859190092358425
7046,443.71680690839503,57.601630053899584,129.81620068719056,0,0,0,0,0,0,0,0,0,0,0,0,0,0,0,0,0,0,0,0,0,0,0,0,0,0,0,0,0,0,0,0,0,0,0,0,0,0,0,0,0,0,0,0,0,0,0,0,0,0,0,0,0,0,0,0,0,0,0,0,0,0,0,0,0,0,0,0,0,0,0,0,0,0,0,0,0,0,0,0,0,0,0,0,0,0,0,0,0,0,0,0,0,0,0,0,0,0,0,0,0,0,0,0,0,0,0,0,0,0,0,0,0,0,0,0,0,0,0,0,0,0,0,0,0,0,0,0,0,0,0,0,0,0,0,0,0,0,0,0,0,0,0,0,0,0,0,0,0,0
7047,208.06932697481898,8.927868056781884,42.90814117864838,0,0,0,0,0,0,0,0,0,6.86819499609639,6.86819499609639,6.86819499609639,13.444134308981539,13.444134308981539,13.444134308981539,13.444134308981539,13.444134308981539,13.444134308981539,13.444134308981539,13.444134308981539,13.444134308981539,13.444134308981539,13.444134308981539,13.444134308981539,13.444134308981539,13.444134308981539,13.444134308981539,13.444134308981539,13.444134308981539,13.444134308981539,13.444134308981539,13.444134308981539,13.444134308981539,13.444134308981539,13.444134308981539,13.444134308981539,13.444134308981539,13.444134308981539,13.444134308981539,13.444134308981539,13.444134308981539,13.444134308981539,13.444134308981539,13.444134308981539,13.444134308981539,13.444134308981539,13.444134308981539,13.444134308981539,13.444134308981539,13.444134308981539,13.444134308981539,13.444134308981539,13.444134308981539,13.444134308981539,13.444134308981539,13.444134308981539,13.444134308981539,13.444134308981539,13.444134308981539,13.444134308981539,13.444134308981539,13.444134308981539,13.444134308981539,13.444134308981539,13.444134308981539,13.444134308981539,13.444134308981539,13.444134308981539,13.444134308981539,13.444134308981539,13.444134308981539,13.444134308981539,13.444134308981539,13.444134308981539,13.444134308981539,0,0,0,0,0,0,0,0,0,33.009166204145,33.009166204145,33.009166204145,64.61372516771095,64.61372516771095,64.61372516771095,64.61372516771095,64.61372516771095,64.61372516771095,64.61372516771095,64.61372516771095,64.61372516771095,64.61372516771095,64.61372516771095,64.61372516771095,64.61372516771095,64.61372516771095,64.61372516771095,64.61372516771095,64.61372516771095,64.61372516771095,64.61372516771095,64.61372516771095,64.61372516771095,64.61372516771095,64.61372516771095,64.61372516771095,64.61372516771095,64.61372516771095,64.61372516771095,64.61372516771095,64.61372516771095,64.61372516771095,64.61372516771095,64.61372516771095,64.61372516771095,64.61372516771095,64.61372516771095,64.61372516771095,64.61372516771095,64.61372516771095,64.61372516771095,64.61372516771095,64.61372516771095,64.61372516771095,64.61372516771095,64.61372516771095,64.61372516771095,64.61372516771095,64.61372516771095,64.61372516771095,64.61372516771095,64.61372516771095,64.61372516771095,64.61372516771095,64.61372516771095,64.61372516771095,64.61372516771095,64.61372516771095,64.61372516771095,64.61372516771095,64.61372516771095,64.61372516771095,64.61372516771095,64.61372516771095,64.61372516771095
7048,148.66016524871714,0,0,0,0,0,0,0,0,0,0,0,0,0,0,0,0,0,0,0,0,0,0,0,0,0,0,0,0,0,0,0,0,0,0,0,0,0,0,0,0,0,0,0,0,0,0,0,0,0,0,0,0,0,0,0,0,0,0,0,0,0,0,0,0,0,0,0,0,0,0,0,0,0,0,0,0,0,0,0,0,0,0,0,0,0,0,0,0,0,0,0,0,0,0,0,0,0,0,0,0,0,0,0,0,0,0,0,0,0,0,0,0,0,0,0,0,0,0,0,0,0,0,0,0,0,0,0,0,0,0,0,0,0,0,0,0,0,0,0,0,0,0,0,0,0,0,0,0,0,0,0,0
7049,48.66489659809094,0,0,0,0,0,0,0,0,0,0,0,0,0,0,0,0,0,0,0,0,0,0,0,0,0,0,0,0,0,0,0,0,0,0,0,0,0,0,0,0,0,0,0,0,0,0,0,0,0,0,0,0,0,0,0,0,0,0,0,0,0,0,0,0,0,0,0,0,0,0,0,0,0,0,0,0,0,0,0,0,0,0,0,0,0,0,0,0,0,0,0,0,0,0,0,0,0,0,0,0,0,0,0,0,0,0,0,0,0,0,0,0,0,0,0,0,0,0,0,0,0,0,0,0,0,0,0,0,0,0,0,0,0,0,0,0,0,0,0,0,0,0,0,0,0,0,0,0,0,0,0,0
7050,85.18772981219946,28.83370097672374,338.4724659324653,0,0,0,0,0,0,0,0,0,0,0,0,0,0,0,0,0,0,0,0,0,0,0,0,0,0,0,0,0,0,0,0,0,0,0,0,0,0,0,0,0,0,0,0,0,0,0,0,0,0,0,0,0,0,0,0,0,0,0,0,0,0,0,0,0,0,0,0,0,0,0,0,0,0,0,0,0,0,0,0,0,0,0,0,0,0,0,0,0,0,0,0,0,0,0,0,0,0,0,0,0,0,0,0,0,0,0,0,0,0,0,0,0,0,0,0,0,0,0,0,0,0,0,0,0,0,0,0,0,0,0,0,0,0,0,0,0,0,0,0,0,0,0,0,0,0,0,0,0,0
7051,90.32894597472199,0,0,0,0,0,0,0,0,0,0,0,0,0,0,0,0,0,0,0,0,0,0,0,0,0,0,0,0,0,0,0,0,0,0,0,0,0,0,0,0,0,0,0,0,0,0,0,0,0,0,0,0,0,0,0,0,0,0,0,0,0,0,0,0,0,0,0,0,0,0,0,0,0,0,0,0,0,0,0,0,0,0,0,0,0,0,0,0,0,0,0,0,0,0,0,0,0,0,0,0,0,0,0,0,0,0,0,0,0,0,0,0,0,0,0,0,0,0,0,0,0,0,0,0,0,0,0,0,0,0,0,0,0,0,0,0,0,0,0,0,0,0,0,0,0,0,0,0,0,0,0,0
7052,328.8149255332365,0,0,0,0,0,0,0,0,0,0,0,0,0,0,0,0,0,0,0,0,0,0,0,0,0,0,0,0,0,0,0,0,0,0,0,0,0,0,0,0,0,0,0,0,0,0,0,0,0,0,0,0,0,0,0,0,0,0,0,0,0,0,0,0,0,0,0,0,0,0,0,0,0,0,0,0,0,0,0,0,0,0,0,0,0,0,0,0,0,0,0,0,0,0,0,0,0,0,0,0,0,0,0,0,0,0,0,0,0,0,0,0,0,0,0,0,0,0,0,0,0,0,0,0,0,0,0,0,0,0,0,0,0,0,0,0,0,0,0,0,0,0,0,0,0,0,0,0,0,0,0,0
7053,101.84272777629648,0,0,0,0,0,0,0,0,0,0,0,0,0,0,0,0,0,0,0,0,0,0,0,0,0,0,0,0,0,6.355460249492284,6.355460249492284,6.355460249492284,6.355460249492284,6.355460249492284,6.355460249492284,6.355460249492284,6.355460249492284,6.355460249492284,6.355460249492284,6.355460249492284,6.355460249492284,6.355460249492284,6.355460249492284,6.355460249492284,6.355460249492284,6.355460249492284,6.355460249492284,6.355460249492284,6.355460249492284,6.355460249492284,6.355460249492284,6.355460249492284,6.355460249492284,6.355460249492284,6.355460249492284,6.355460249492284,6.355460249492284,6.355460249492284,6.355460249492284,6.355460249492284,6.355460249492284,6.355460249492284,6.355460249492284,6.355460249492284,6.355460249492284,6.355460249492284,6.355460249492284,6.355460249492284,6.355460249492284,6.355460249492284,6.355460249492284,6.355460249492284,6.355460249492284,6.355460249492284,6.355460249492284,6.355460249492284,6.355460249492284,0,0,0,0,0,0,0,0,0,0,0,0,0,0,0,0,0,0,0,0,0,0,0,0,0,0,0,62.404654591071285,62.404654591071285,62.404654591071285,62.404654591071285,62.404654591071285,62.404654591071285,62.404654591071285,62.404654591071285,62.404654591071285,62.404654591071285,62.404654591071285,62.404654591071285,62.404654591071285,62.404654591071285,62.404654591071285,62.404654591071285,62.404654591071285,62.404654591071285,62.404654591071285,62.404654591071285,62.404654591071285,62.404654591071285,62.404654591071285,62.404654591071285,62.404654591071285,62.404654591071285,62.404654591071285,62.404654591071285,62.404654591071285,62.404654591071285,62.404654591071285,62.404654591071285,62.404654591071285,62.404654591071285,62.404654591071285,62.404654591071285,62.404654591071285,62.404654591071285,62.404654591071285,62.404654591071285,62.404654591071285,62.404654591071285,62.404654591071285,62.404654591071285,62.404654591071285,62.404654591071285,62.404654591071285,62.404654591071285
7054,292.95194399239347,0,0,0,0,0,0,0,0,0,0,0,0,0,0,0,0,0,0,0,0,0,0,0,0,0,0,0,0,0,0,0,0,0,0,0,0,0,0,0,0,0,0,0,0,0,0,0,0,0,0,0,0,0,0,0,0,0,0,0,0,0,0,0,0,0,0,0,0,0,0,0,0,0,0,0,0,0,0,0,0,0,0,0,0,0,0,0,0,0,0,0,0,0,0,0,0,0,0,0,0,0,0,0,0,0,0,0,0,0,0,0,0,0,0,0,0,0,0,0,0,0,0,0,0,0,0,0,0,0,0,0,0,0,0,0,0,0,0,0,0,0,0,0,0,0,0,0,0,0,0,0,0
7055,105.89542465903628,0,0,0,0,0,0,0,0,0,0,0,0,0,0,0,0,0,0,0,0,0,0,0,0,0,0,0,0,0,0,0,0,0,0,0,0,0,0,0,0,0,0,0,0,0,0,0,0,0,0,0,0,0,0,0,0,0,0,0,0,0,0,0,0,0,0,0,0,0,0,0,0,0,0,0,0,0,0,0,0,0,0,0,0,0,0,0,0,0,0,0,0,0,0,0,0,0,0,0,0,0,0,0,0,0,0,0,0,0,0,0,0,0,0,0,0,0,0,0,0,0,0,0,0,0,0,0,0,0,0,0,0,0,0,0,0,0,0,0,0,0,0,0,0,0,0,0,0,0,0,0,0
7056,1403.7885295579283,0,0,0,0,0,0,0,0,0,0,0,0,0,0,0,0,0,0,0,0,0,0,0,0,0,0,0,0,0,0,0,0,0,0,0,0,0,0,0,0,0,0,0,0,0,0,0,0,0,0,0,0,0,0,0,0,0,0,0,0,0,0,0,0,0,0,0,0,0,0,0,0,0,0,0,0,0,0,0,0,0,0,0,0,0,0,0,0,0,0,0,0,0,0,0,0,0,0,0,0,0,0,0,0,0,0,0,0,0,0,0,0,0,0,0,0,0,0,0,0,0,0,0,0,0,0,0,0,0,0,0,0,0,0,0,0,0,0,0,0,0,0,0,0,0,0,0,0,0,0,0,0
7057,6099.277210620186,27.407768460560185,4.49360924485236,0,0,0,0,0,0,0,0,0,0,0,0,0,0,0,0,0,0,0,0,3.23774017291568,3.23774017291568,3.23774017291568,3.23774017291568,3.23774017291568,3.23774017291568,3.23774017291568,3.23774017291568,3.23774017291568,3.23774017291568,3.23774017291568,3.23774017291568,3.23774017291568,3.23774017291568,3.23774017291568,3.23774017291568,3.23774017291568,3.23774017291568,3.23774017291568,3.23774017291568,3.23774017291568,3.23774017291568,3.23774017291568,3.23774017291568,3.23774017291568,3.23774017291568,3.23774017291568,3.23774017291568,3.23774017291568,89.75591910712603,89.75591910712603,89.75591910712603,89.75591910712603,89.75591910712603,89.75591910712603,89.75591910712603,89.75591910712603,89.75591910712603,89.75591910712603,89.75591910712603,89.75591910712603,89.75591910712603,89.75591910712603,89.75591910712603,89.75591910712603,89.75591910712603,89.75591910712603,89.75591910712603,89.75591910712603,89.75591910712603,89.75591910712603,89.75591910712603,89.75591910712603,89.75591910712603,89.75591910712603,0,0,0,0,0,0,0,0,0,0,0,0,0,0,0,0,0,0,0,0,0.5308399767890629,0.5308399767890629,0.5308399767890629,0.5308399767890629,0.5308399767890629,0.5308399767890629,0.5308399767890629,0.5308399767890629,0.5308399767890629,0.5308399767890629,0.5308399767890629,0.5308399767890629,0.5308399767890629,0.5308399767890629,0.5308399767890629,0.5308399767890629,0.5308399767890629,0.5308399767890629,0.5308399767890629,0.5308399767890629,0.5308399767890629,0.5308399767890629,0.5308399767890629,0.5308399767890629,0.5308399767890629,0.5308399767890629,0.5308399767890629,0.5308399767890629,0.5308399767890629,14.715828778997155,14.715828778997155,14.715828778997155,14.715828778997155,14.715828778997155,14.715828778997155,14.715828778997155,14.715828778997155,14.715828778997155,14.715828778997155,14.715828778997155,14.715828778997155,14.715828778997155,14.715828778997155,14.715828778997155,14.715828778997155,14.715828778997155,14.715828778997155,14.715828778997155,14.715828778997155,14.715828778997155,14.715828778997155,14.715828778997155,14.715828778997155,14.715828778997155,14.715828778997155
7058,348.55682586883694,26.540097863152916,76.14281486812725,0,8.517539137184075,26.83461764674876,26.83461764674876,26.83461764674876,26.83461764674876,26.83461764674876,26.83461764674876,26.83461764674876,26.83461764674876,26.83461764674876,26.83461764674876,26.83461764674876,26.83461764674876,26.83461764674876,26.83461764674876,26.83461764674876,26.83461764674876,26.83461764674876,26.83461764674876,26.83461764674876,26.83461764674876,26.83461764674876,26.83461764674876,26.83461764674876,26.83461764674876,26.83461764674876,26.83461764674876,26.83461764674876,26.83461764674876,26.83461764674876,26.83461764674876,26.83461764674876,26.83461764674876,26.83461764674876,26.83461764674876,26.83461764674876,26.83461764674876,26.83461764674876,26.83461764674876,26.83461764674876,26.83461764674876,26.83461764674876,26.83461764674876,26.83461764674876,26.83461764674876,26.83461764674876,26.83461764674876,26.83461764674876,26.83461764674876,26.83461764674876,26.83461764674876,26.83461764674876,26.83461764674876,26.83461764674876,26.83461764674876,26.83461764674876,26.83461764674876,26.83461764674876,26.83461764674876,26.83461764674876,26.83461764674876,26.83461764674876,26.83461764674876,26.83461764674876,26.83461764674876,26.83461764674876,26.83461764674876,26.83461764674876,26.83461764674876,26.83461764674876,26.83461764674876,26.83461764674876,26.83461764674876,26.83461764674876,0,24.436586820391955,76.98778407181936,76.98778407181936,76.98778407181936,76.98778407181936,76.98778407181936,76.98778407181936,76.98778407181936,76.98778407181936,76.98778407181936,76.98778407181936,76.98778407181936,76.98778407181936,76.98778407181936,76.98778407181936,76.98778407181936,76.98778407181936,76.98778407181936,76.98778407181936,76.98778407181936,76.98778407181936,76.98778407181936,76.98778407181936,76.98778407181936,76.98778407181936,76.98778407181936,76.98778407181936,76.98778407181936,76.98778407181936,76.98778407181936,76.98778407181936,76.98778407181936,76.98778407181936,76.98778407181936,76.98778407181936,76.98778407181936,76.98778407181936,76.98778407181936,76.98778407181936,76.98778407181936,76.98778407181936,76.98778407181936,76.98778407181936,76.98778407181936,76.98778407181936,76.98778407181936,76.98778407181936,76.98778407181936,76.98778407181936,76.98778407181936,76.98778407181936,76.98778407181936,76.98778407181936,76.98778407181936,76.98778407181936,76.98778407181936,76.98778407181936,76.98778407181936,76.98778407181936,76.98778407181936,76.98778407181936,76.98778407181936,76.98778407181936,76.98778407181936,76.98778407181936,76.98778407181936,76.98778407181936,76.98778407181936,76.98778407181936,76.98778407181936,76.98778407181936,76.98778407181936,76.98778407181936,76.98778407181936
7059,1336.744317452282,2.561546751206372,1.9162578196617708,0,0,0,0,0,0,0,0,0,0,0,0,0,0,0,0,0,0,0,0,0,0,0,0,0,0,0,0,0,0,0,0,0,0,0,0,0,0,0,0,0,0,0,0,0,0,0,0,0,0,0,0,0,0,0,0,0,0,0,0,0,0,0,0,0,0,0,0,0,0,0,0,0,0,0,0,0,0,0,0,0,0,0,0,0,0,0,0,0,0,0,0,0,0,0,0,0,0,0,0,0,0,0,0,0,0,0,0,0,0,0,0,0,0,0,0,0,0,0,0,0,0,0,0,0,0,0,0,0,0,0,0,0,0,0,0,0,0,0,0,0,0,0,0,0,0,0,0,0,0
7060,107.99724562114325,0,0,0,0,0,0,0,0,0,0,0,0,0,0,0,0,0,0,0,0,0,0,0,0,0,0,0,0,0,0,0,0,0,0,0,0,0,0,0,0,0,0,0,0,0,0,0,0,0,0,0,0,0,0,0,0,0,0,0,0,0,0,0,0,0,0,0,0,0,0,0,0,0,0,0,0,0,0,0,0,0,0,0,0,0,0,0,0,0,0,0,0,0,0,0,0,0,0,0,0,0,0,0,0,0,0,0,0,0,0,0,0,0,0,0,0,0,0,0,0,0,0,0,0,0,0,0,0,0,0,0,0,0,0,0,0,0,0,0,0,0,0,0,0,0,0,0,0,0,0,0,0
7061,17.271154916661114,0,0,0,0,0,0,0,0,0,0,0,0,0,0,0,0,0,0,0,0,0,0,0,0,0,0,0,0,0,0,0,0,0,0,0,0,0,0,0,0,0,0,0,0,0,0,0,0,0,0,0,0,0,0,0,0,0,0,0,0,0,0,0,0,0,0,0,0,0,0,0,0,0,0,0,0,0,0,0,0,0,0,0,0,0,0,0,0,0,0,0,0,0,0,0,0,0,0,0,0,0,0,0,0,0,0,0,0,0,0,0,0,0,0,0,0,0,0,0,0,0,0,0,0,0,0,0,0,0,0,0,0,0,0,0,0,0,0,0,0,0,0,0,0,0,0,0,0,0,0,0,0
7062,89.81592884422066,0,0,0,0,0,0,0,0,0,0,0,0,0,0,0,0,0,0,0,0,0,0,0,0,0,0,0,0,0,0,0,0,0,0,0,0,0,0,0,0,0,0,0,0,0,0,0,0,0,0,0,0,0,0,0,0,0,0,0,0,0,0,0,0,0,0,0,0,0,0,0,0,0,0,0,0,0,0,0,0,0,0,0,0,0,0,0,0,0,0,0,0,0,0,0,0,0,0,0,0,0,0,0,0,0,0,0,0,0,0,0,0,0,0,0,0,0,0,0,0,0,0,0,0,0,0,0,0,0,0,0,0,0,0,0,0,0,0,0,0,0,0,0,0,0,0,0,0,0,0,0,0
7063,995.1840665542211,71.1499041822296,71.49421556615437,0,0,0,0,0,0,0,0,0,0,0,0,0,0,0,0,0,0,0,0,0,0,0,0,0,0,0,0,0,0,0,0,0,0,0,0,0,0,0,0,0,0,0,0,0,0,0,0,0,0,0,0,0,0,0,0,0,0,0,0,0,0,0,0,0,23.976952848085546,23.976952848085546,23.976952848085546,23.976952848085546,23.976952848085546,23.976952848085546,23.976952848085546,23.976952848085546,23.976952848085546,23.976952848085546,0,0,0,0,0,0,0,0,0,0,0,0,0,0,0,0,0,0,0,0,0,0,0,0,0,0,0,0,0,0,0,0,0,0,0,0,0,0,0,0,0,0,0,0,0,0,0,0,0,0,0,0,0,0,0,0,0,0,0,0,0,0,0,0,0,24.092983050969295,24.092983050969295,24.092983050969295,24.092983050969295,24.092983050969295,24.092983050969295,24.092983050969295,24.092983050969295,24.092983050969295,24.092983050969295
7064,213.2177053576564,0,0,0,0,0,0,0,0,0,0,0,0,0,0,0,0,0,0,0,0,0,0,0,0,0,0,0,0,0,0,0,0,0,0,0,0,0,0,0,0,0,0,0,0,0,0,0,0,0,0,0,0,0,0,0,0,0,0,0,0,0,0,0,0,0,0,0,0,0,0,0,0,0,0,0,0,0,0,0,0,0,0,0,0,0,0,0,0,0,0,0,0,0,0,0,0,0,0,0,0,0,0,0,0,0,0,0,0,0,0,0,0,0,0,0,0,0,0,0,0,0,0,0,0,0,0,0,0,0,0,0,0,0,0,0,0,0,0,0,0,0,0,0,0,0,0,0,0,0,0,0,0
7065,256.6372663206327,41.181235054047406,160.4647510646297,0,0,16.082092838020497,16.082092838020497,16.082092838020497,16.082092838020497,16.082092838020497,16.082092838020497,16.082092838020497,16.082092838020497,16.082092838020497,16.082092838020497,16.082092838020497,16.082092838020497,16.082092838020497,16.082092838020497,16.082092838020497,16.082092838020497,16.082092838020497,16.082092838020497,16.082092838020497,16.082092838020497,16.082092838020497,16.082092838020497,16.082092838020497,16.082092838020497,16.082092838020497,16.082092838020497,16.082092838020497,16.082092838020497,16.082092838020497,17.029524838830948,17.029524838830948,17.029524838830948,17.029524838830948,17.029524838830948,17.029524838830948,17.029524838830948,17.029524838830948,17.029524838830948,17.029524838830948,17.029524838830948,17.029524838830948,17.029524838830948,17.029524838830948,17.029524838830948,17.029524838830948,17.029524838830948,17.029524838830948,17.029524838830948,17.029524838830948,17.029524838830948,17.029524838830948,17.029524838830948,17.029524838830948,17.029524838830948,17.029524838830948,17.029524838830948,17.029524838830948,17.029524838830948,17.029524838830948,17.029524838830948,17.029524838830948,17.029524838830948,17.029524838830948,17.029524838830948,17.029524838830948,17.029524838830948,17.029524838830948,17.029524838830948,17.029524838830948,17.029524838830948,17.029524838830948,17.029524838830948,17.029524838830948,0,0,62.66468260275244,62.66468260275244,62.66468260275244,62.66468260275244,62.66468260275244,62.66468260275244,62.66468260275244,62.66468260275244,62.66468260275244,62.66468260275244,62.66468260275244,62.66468260275244,62.66468260275244,62.66468260275244,62.66468260275244,62.66468260275244,62.66468260275244,62.66468260275244,62.66468260275244,62.66468260275244,62.66468260275244,62.66468260275244,62.66468260275244,62.66468260275244,62.66468260275244,62.66468260275244,62.66468260275244,62.66468260275244,62.66468260275244,66.35639898671192,66.35639898671192,66.35639898671192,66.35639898671192,66.35639898671192,66.35639898671192,66.35639898671192,66.35639898671192,66.35639898671192,66.35639898671192,66.35639898671192,66.35639898671192,66.35639898671192,66.35639898671192,66.35639898671192,66.35639898671192,66.35639898671192,66.35639898671192,66.35639898671192,66.35639898671192,66.35639898671192,66.35639898671192,66.35639898671192,66.35639898671192,66.35639898671192,66.35639898671192,66.35639898671192,66.35639898671192,66.35639898671192,66.35639898671192,66.35639898671192,66.35639898671192,66.35639898671192,66.35639898671192,66.35639898671192,66.35639898671192,66.35639898671192,66.35639898671192,66.35639898671192,66.35639898671192,66.35639898671192,66.35639898671192,66.35639898671192,66.35639898671192
7066,458.49549339816724,1.7846626009492956,3.8924321539611224,0,0,0,0,0,0,0,0,0,0,0,0,0,0,1.9463521299848858,1.9463521299848858,1.9463521299848858,1.9463521299848858,1.9463521299848858,1.9463521299848858,1.9463521299848858,1.9463521299848858,1.9463521299848858,1.9463521299848858,1.9463521299848858,1.9463521299848858,1.9463521299848858,1.9463521299848858,1.9463521299848858,1.9463521299848858,1.9463521299848858,1.9463521299848858,1.9463521299848858,1.9463521299848858,1.9463521299848858,1.9463521299848858,1.9463521299848858,1.9463521299848858,1.9463521299848858,1.9463521299848858,1.9463521299848858,1.9463521299848858,1.9463521299848858,1.9463521299848858,1.9463521299848858,1.9463521299848858,1.9463521299848858,1.9463521299848858,1.9463521299848858,1.9463521299848858,1.9463521299848858,1.9463521299848858,1.9463521299848858,1.9463521299848858,1.9463521299848858,1.9463521299848858,1.9463521299848858,1.9463521299848858,1.9463521299848858,1.9463521299848858,1.9463521299848858,1.9463521299848858,1.9463521299848858,1.9463521299848858,1.9463521299848858,1.9463521299848858,1.9463521299848858,1.9463521299848858,1.9463521299848858,1.9463521299848858,1.9463521299848858,1.9463521299848858,1.9463521299848858,1.9463521299848858,1.9463521299848858,0,0,0,0,0,0,0,0,0,0,0,0,0,0,4.2450845384746945,4.2450845384746945,4.2450845384746945,4.2450845384746945,4.2450845384746945,4.2450845384746945,4.2450845384746945,4.2450845384746945,4.2450845384746945,4.2450845384746945,4.2450845384746945,4.2450845384746945,4.2450845384746945,4.2450845384746945,4.2450845384746945,4.2450845384746945,4.2450845384746945,4.2450845384746945,4.2450845384746945,4.2450845384746945,4.2450845384746945,4.2450845384746945,4.2450845384746945,4.2450845384746945,4.2450845384746945,4.2450845384746945,4.2450845384746945,4.2450845384746945,4.2450845384746945,4.2450845384746945,4.2450845384746945,4.2450845384746945,4.2450845384746945,4.2450845384746945,4.2450845384746945,4.2450845384746945,4.2450845384746945,4.2450845384746945,4.2450845384746945,4.2450845384746945,4.2450845384746945,4.2450845384746945,4.2450845384746945,4.2450845384746945,4.2450845384746945,4.2450845384746945,4.2450845384746945,4.2450845384746945,4.2450845384746945,4.2450845384746945,4.2450845384746945,4.2450845384746945,4.2450845384746945,4.2450845384746945,4.2450845384746945,4.2450845384746945,4.2450845384746945,4.2450845384746945,4.2450845384746945,4.2450845384746945,4.2450845384746945
7067,232.70396412996288,37.194681063892766,159.83690352227904,0,0,0,0,0,0,0,0,0,0,0,0,0,0,0,0,0,0,0,0,0,0,0,0,0,0,0,0,0,0,0,0,0,0,0,0,0,0,0,0,0,0,0,0,0,0,0,0,0,0,0,0,0,0,0,0,0,0,0,0,0,0,0,0,0,0,0,0,0,0,0,0,0,0,0,0,0,0,0,0,0,0,0,0,0,0,0,0,0,0,0,0,0,0,0,0,0,0,0,0,0,0,0,0,0,0,0,0,0,0,0,0,0,0,0,0,0,0,0,0,0,0,0,0,0,0,0,0,0,0,0,0,0,0,0,0,0,0,0,0,0,0,0,0,0,0,0,0,0,0
7068,504.3778068935164,142.06721358490182,281.6682487675253,0,0,0,0,0,0,0,0,0,0,0,0,0,0,0,0,0,0,0,0,0,0,0,0,0,0,0,0,0,0,0,0,0,0,0,0,0,0,0,0,0,0,0,0,0,0,0,0,0,0,0,0,0,0,0,0,0,0,0,0,0,0,0,0,0,0,0,0,0,0,0,0,0,0,0,0,0,0,0,0,0,0,0,0,0,0,0,0,0,0,0,0,0,0,0,0,0,0,0,0,0,0,0,0,0,0,0,0,0,0,0,0,0,0,0,0,0,0,0,0,0,0,0,0,0,0,0,0,0,0,0,0,0,0,0,0,0,0,0,0,0,0,0,0,0,0,0,0,0,0
7069,521.4992757784574,0,0,0,0,0,0,0,0,0,0,0,0,0,0,0,0,0,0,0,0,0,0,0,0,0,0,0,0,0,0,0,0,0,0,0,0,0,0,0,0,0,0,0,0,0,0,0,0,0,0,0,0,0,0,0,0,0,0,0,0,0,0,0,0,0,0,0,0,0,0,0,0,0,0,0,0,0,0,0,0,0,0,0,0,0,0,0,0,0,0,0,0,0,0,0,0,0,0,0,0,0,0,0,0,0,0,0,0,0,0,0,0,0,0,0,0,0,0,0,0,0,0,0,0,0,0,0,0,0,0,0,0,0,0,0,0,0,0,0,0,0,0,0,0,0,0,0,0,0,0,0,0
7070,508.1271565949057,47.51531689665933,93.51068188339316,0,0,0,0,0,0,0,0,0,0,0,0,0,0,0,0,0,0,22.348910990382365,32.11219765956529,32.11219765956529,32.11219765956529,32.11219765956529,32.11219765956529,32.11219765956529,32.11219765956529,32.11219765956529,32.11219765956529,32.11219765956529,32.11219765956529,32.11219765956529,32.11219765956529,32.11219765956529,32.11219765956529,32.11219765956529,32.11219765956529,32.11219765956529,32.11219765956529,32.11219765956529,32.11219765956529,32.11219765956529,32.11219765956529,32.11219765956529,32.11219765956529,32.11219765956529,32.11219765956529,32.11219765956529,32.11219765956529,32.11219765956529,32.11219765956529,32.11219765956529,32.11219765956529,32.11219765956529,32.11219765956529,32.11219765956529,32.11219765956529,32.11219765956529,32.11219765956529,32.11219765956529,32.11219765956529,32.11219765956529,32.11219765956529,32.11219765956529,32.11219765956529,32.11219765956529,32.11219765956529,32.11219765956529,32.11219765956529,32.11219765956529,32.11219765956529,32.11219765956529,32.11219765956529,32.11219765956529,32.11219765956529,32.11219765956529,0,0,0,0,0,0,0,0,0,0,0,0,0,0,0,0,0,0,43.98290998683935,63.19716874562975,63.19716874562975,63.19716874562975,63.19716874562975,63.19716874562975,63.19716874562975,63.19716874562975,63.19716874562975,63.19716874562975,63.19716874562975,63.19716874562975,63.19716874562975,63.19716874562975,63.19716874562975,63.19716874562975,63.19716874562975,63.19716874562975,63.19716874562975,63.19716874562975,63.19716874562975,63.19716874562975,63.19716874562975,63.19716874562975,63.19716874562975,63.19716874562975,63.19716874562975,63.19716874562975,63.19716874562975,63.19716874562975,63.19716874562975,63.19716874562975,63.19716874562975,63.19716874562975,63.19716874562975,63.19716874562975,63.19716874562975,63.19716874562975,63.19716874562975,63.19716874562975,63.19716874562975,63.19716874562975,63.19716874562975,63.19716874562975,63.19716874562975,63.19716874562975,63.19716874562975,63.19716874562975,63.19716874562975,63.19716874562975,63.19716874562975,63.19716874562975,63.19716874562975,63.19716874562975,63.19716874562975,63.19716874562975,63.19716874562975
7071,635.6017795286232,0,0,0,0,0,0,0,0,0,0,0,0,0,0,0,0,0,0,0,0,0,0,0,0,0,0,0,0,0,0,0,0,0,0,0,0,0,0,0,0,0,0,0,0,0,0,0,0,0,0,0,0,0,0,0,0,0,0,0,0,0,0,0,0,0,0,0,0,0,0,0,0,0,0,0,0,0,0,0,0,0,0,0,0,0,0,0,0,0,0,0,0,0,0,0,0,0,0,0,0,0,0,0,0,0,0,0,0,0,0,0,0,0,0,0,0,0,0,0,0,0,0,0,0,0,0,0,0,0,0,0,0,0,0,0,0,0,0,0,0,0,0,0,0,0,0,0,0,0,0,0,0
7072,1906.3915615660906,30.005016935774492,15.73916793417063,0,0,0,0,0,0,0,0,0,0,0,0,0,0,0,0,0,0,0,0,0,0,0,0,0,0,0,0,0,0,0,0,0,0,0,0,0,0,0,0,0,0,0,0,0,0,0,0,0,0,0,0,0,0,0,0,0,0,0,0,0,0,0,0,0,0,0,0,0,0,0,0,0,0,0,0,0,0,0,0,0,0,0,0,0,0,0,0,0,0,0,0,0,0,0,0,0,0,0,0,0,0,0,0,0,0,0,0,0,0,0,0,0,0,0,0,0,0,0,0,0,0,0,0,0,0,0,0,0,0,0,0,0,0,0,0,0,0,0,0,0,0,0,0,0,0,0,0,0,0
7073,190.06823284426068,0,0,0,0,0,0,0,0,0,0,0,0,0,0,0,0,0,0,0,0,0,0,0,0,0,0,0,0,0,0,0,0,0,0,0,0,0,0,0,0,0,0,0,0,0,0,0,0,0,0,0,0,0,0,0,0,0,0,0,0,0,0,0,0,0,0,0,0,0,0,0,0,0,0,0,0,0,0,0,0,0,0,0,0,0,0,0,0,0,0,0,0,0,0,0,0,0,0,0,0,0,0,0,0,0,0,0,0,0,0,0,0,0,0,0,0,0,0,0,0,0,0,0,0,0,0,0,0,0,0,0,0,0,0,0,0,0,0,0,0,0,0,0,0,0,0,0,0,0,0,0,0
7074,838.4483577448318,24.222902831933368,28.890154781965972,0,0,0,0,0,0,0,0,0,0,0,0,0,0,0,0,0,0,0,0,0,0,0,0,0,0,0,0,0,0,0,0,0,0,0,0,0,0,0,0,0,0,0,0,0,0,0,0,0,0,0,0,0,0,0,0,0,0,19.658784954783858,27.9338087135757,27.9338087135757,27.9338087135757,27.9338087135757,27.9338087135757,27.9338087135757,27.9338087135757,27.9338087135757,27.9338087135757,27.9338087135757,27.9338087135757,27.9338087135757,27.9338087135757,27.9338087135757,27.9338087135757,27.9338087135757,0,0,0,0,0,0,0,0,0,0,0,0,0,0,0,0,0,0,0,0,0,0,0,0,0,0,0,0,0,0,0,0,0,0,0,0,0,0,0,0,0,0,0,0,0,0,0,0,0,0,0,0,0,0,0,0,0,0,23.446625869314055,33.31607540947311,33.31607540947311,33.31607540947311,33.31607540947311,33.31607540947311,33.31607540947311,33.31607540947311,33.31607540947311,33.31607540947311,33.31607540947311,33.31607540947311,33.31607540947311,33.31607540947311,33.31607540947311,33.31607540947311,33.31607540947311
7075,1562.4038588994204,0,0,0,0,0,0,0,0,0,0,0,0,0,0,0,0,0,0,0,0,0,0,0,0,0,0,0,0,0,0,0,0,0,0,0,0,0,0,0,0,0,0,0,0,0,0,0,0,0,0,0,0,0,0,0,0,0,0,0,0,0,0,0,0,0,0,0,0,0,0,0,0,0,0,0,0,0,0,0,0,0,0,0,0,0,0,0,0,0,0,0,0,0,0,0,0,0,0,0,0,0,0,0,0,0,0,0,0,0,0,0,0,0,0,0,0,0,0,0,0,0,0,0,0,0,0,0,0,0,0,0,0,0,0,0,0,0,0,0,0,0,0,0,0,0,0,0,0,0,0,0,0
7076,243.29440565598412,43.55371659876502,179.0165149146485,0,0,0,0,0,0,0,0,0,0,0,0,0,0,0,0,0,0,0,0,0,0,0,0,0,0,0,0,0,0,0,0,0,0,0,0,0,0,0,0,0,0,0,0,0,0,0,0,0,0,0,0,0,0,0,0,0,0,0,0,0,0,0,0,0,0,0,0,0,0,0,0,0,0,0,0,0,0,0,0,0,0,0,0,0,0,0,0,0,0,0,0,0,0,0,0,0,0,0,0,0,0,0,0,0,0,0,0,0,0,0,0,0,0,0,0,0,0,0,0,0,0,0,0,0,0,0,0,0,0,0,0,0,0,0,0,0,0,0,0,0,0,0,0,0,0,0,0,0,0
7077,529.3382199277229,125.96841620556474,237.97340049007752,0,8.203872480804241,8.203872480804241,8.203872480804241,8.203872480804241,8.203872480804241,8.203872480804241,8.203872480804241,8.203872480804241,8.203872480804241,8.203872480804241,8.203872480804241,8.203872480804241,8.203872480804241,8.203872480804241,8.203872480804241,8.203872480804241,8.203872480804241,8.203872480804241,8.203872480804241,8.203872480804241,8.203872480804241,8.203872480804241,8.203872480804241,8.203872480804241,8.203872480804241,8.203872480804241,8.203872480804241,8.203872480804241,8.203872480804241,8.203872480804241,8.203872480804241,8.203872480804241,8.203872480804241,8.203872480804241,8.203872480804241,8.203872480804241,8.203872480804241,8.203872480804241,8.203872480804241,8.203872480804241,8.203872480804241,8.203872480804241,8.203872480804241,8.203872480804241,8.203872480804241,8.203872480804241,8.203872480804241,8.203872480804241,8.203872480804241,8.203872480804241,8.203872480804241,8.203872480804241,8.203872480804241,8.203872480804241,8.203872480804241,8.203872480804241,8.203872480804241,8.203872480804241,8.203872480804241,8.203872480804241,8.203872480804241,8.203872480804241,8.203872480804241,8.203872480804241,8.203872480804241,8.203872480804241,8.203872480804241,8.203872480804241,8.203872480804241,8.203872480804241,8.203872480804241,8.203872480804241,8.203872480804241,8.203872480804241,0,15.498356574222845,15.498356574222845,15.498356574222845,15.498356574222845,15.498356574222845,15.498356574222845,15.498356574222845,15.498356574222845,15.498356574222845,15.498356574222845,15.498356574222845,15.498356574222845,15.498356574222845,15.498356574222845,15.498356574222845,15.498356574222845,15.498356574222845,15.498356574222845,15.498356574222845,15.498356574222845,15.498356574222845,15.498356574222845,15.498356574222845,15.498356574222845,15.498356574222845,15.498356574222845,15.498356574222845,15.498356574222845,15.498356574222845,15.498356574222845,15.498356574222845,15.498356574222845,15.498356574222845,15.498356574222845,15.498356574222845,15.498356574222845,15.498356574222845,15.498356574222845,15.498356574222845,15.498356574222845,15.498356574222845,15.498356574222845,15.498356574222845,15.498356574222845,15.498356574222845,15.498356574222845,15.498356574222845,15.498356574222845,15.498356574222845,15.498356574222845,15.498356574222845,15.498356574222845,15.498356574222845,15.498356574222845,15.498356574222845,15.498356574222845,15.498356574222845,15.498356574222845,15.498356574222845,15.498356574222845,15.498356574222845,15.498356574222845,15.498356574222845,15.498356574222845,15.498356574222845,15.498356574222845,15.498356574222845,15.498356574222845,15.498356574222845,15.498356574222845,15.498356574222845,15.498356574222845,15.498356574222845,15.498356574222845
7078,860.6979276529121,21.788948197433534,25.31544168678447,0,0,0,0,0,0,0,0,0,0,0,0,0,0,0,0,0,0,0,0,0,0,0,0,0,0,0,0,0,0,0,0,0,0,0,0,0,0,0,0,0,0,0,0,0,0,0,0,0,0,0,0,0,0,0,0,0,0,0,0,0,0,0,0,0,0,0,0,0,0,0,0,0,0,0,0,0,0,0,0,0,0,0,0,0,0,0,0,0,0,0,0,0,0,0,0,0,0,0,0,0,0,0,0,0,0,0,0,0,0,0,0,0,0,0,0,0,0,0,0,0,0,0,0,0,0,0,0,0,0,0,0,0,0,0,0,0,0,0,0,0,0,0,0,0,0,0,0,0,0
7079,429.27555946862554,31.32768620810533,72.97803361291751,0,0,0,0,0,0,0,0,0,0,0,0,0,0,0,0,0,0,0,0,0,0,0,0,0,0,0,0,0,0,0,0,0,0,0,0,0,0,0,0,0,0,0,0,0,0,0,0,0,0,0,0,0,0,0,0,0,0,0,0,0,0,0,0,0,0,0,0,0,0,0,0,0,0,0,0,0,0,0,0,0,0,0,0,0,0,0,0,0,0,0,0,0,0,0,0,0,0,0,0,0,0,0,0,0,0,0,0,0,0,0,0,0,0,0,0,0,0,0,0,0,0,0,0,0,0,0,0,0,0,0,0,0,0,0,0,0,0,0,0,0,0,0,0,0,0,0,0,0,0
7080,1084.532117009399,0,0,0,0,0,0,0,0,0,0,0,0,0,0,0,0,0,0,0,0,0,0,0,0,0,0,0,0,0,0,0,0,0,0,0,0,0,0,0,0,0,0,0,0,0,0,0,0,0,0,0,0,0,0,0,0,0,0,0,0,0,0,0,0,0,0,0,0,0,0,0,0,0,0,0,0,0,0,0,0,0,0,0,0,0,0,0,0,0,0,0,0,0,0,0,0,0,0,0,0,0,0,0,0,0,0,0,0,0,0,0,0,0,0,0,0,0,0,0,0,0,0,0,0,0,0,0,0,0,0,0,0,0,0,0,0,0,0,0,0,0,0,0,0,0,0,0,0,0,0,0,0
7081,67.07359204300165,0,0,0,0,0,0,0,0,0,0,0,0,0,0,0,0,0,0,0,0,0,0,0,0,0,0,0,0,0,0,0,0,0,0,0,0,0,0,0,0,0,0,0,0,0,0,0,0,0,0,0,0,0,0,0,0,0,0,0,0,0,0,0,0,0,0,0,0,0,0,0,0,0,0,0,0,0,0,0,0,0,0,0,0,0,0,0,0,0,0,0,0,0,0,0,0,0,0,0,0,0,0,0,0,0,0,0,0,0,0,0,0,0,0,0,0,0,0,0,0,0,0,0,0,0,0,0,0,0,0,0,0,0,0,0,0,0,0,0,0,0,0,0,0,0,0,0,0,0,0,0,0
7082,305.9295402765407,0,0,0,0,0,0,0,0,0,0,0,0,0,0,0,0,0,0,0,0,0,0,0,0,0,0,0,0,0,0,0,0,0,0,0,0,0,0,0,0,0,0,0,0,0,0,0,0,0,0,0,0,0,0,0,0,0,0,0,0,0,0,0,0,0,0,0,0,0,0,0,0,0,0,0,0,0,0,0,0,0,0,0,0,0,0,0,0,0,0,0,0,0,0,0,0,0,0,0,0,0,0,0,0,0,0,0,0,0,0,0,0,0,0,0,0,0,0,0,0,0,0,0,0,0,0,0,0,0,0,0,0,0,0,0,0,0,0,0,0,0,0,0,0,0,0,0,0,0,0,0,0
7083,404.9993829949622,83.28555441240023,205.6436575199331,0,0,0,0,0,0,0,0,0,0,0,0,0,0,0,0,0,0,0,0,0,0,0,0,0,0,0,0,0,0,0,0,0,0,0,0,0,0,0,0,0,0,0,0,0,0,0,0,0,0,0,0,0,0,0,0,0,0,0,0,0,0,0,0,0,0,0,0,0,0,0,0,0,0,0,0,0,0,0,0,0,0,0,0,0,0,0,0,0,0,0,0,0,0,0,0,0,0,0,0,0,0,0,0,0,0,0,0,0,0,0,0,0,0,0,0,0,0,0,0,0,0,0,0,0,0,0,0,0,0,0,0,0,0,0,0,0,0,0,0,0,0,0,0,0,0,0,0,0,0
7084,103.82788707078409,0,0,0,0,0,0,0,0,0,0,0,0,0,0,0,0,0,0,0,0,0,0,0,0,0,0,0,0,0,0,0,0,0,0,0,0,0,0,0,0,0,0,0,0,0,0,0,0,0,0,0,0,0,0,0,0,0,0,0,0,0,0,0,0,0,0,0,0,0,0,0,0,0,0,0,0,0,0,0,0,0,0,0,0,0,0,0,0,0,0,0,0,0,0,0,0,0,0,0,0,0,0,0,0,0,0,0,0,0,0,0,0,0,0,0,0,0,0,0,0,0,0,0,0,0,0,0,0,0,0,0,0,0,0,0,0,0,0,0,0,0,0,0,0,0,0,0,0,0,0,0,0
7085,259.4530409745567,177.04170070597186,682.3651017577916,10.412405412514504,10.412405412514504,10.412405412514504,10.412405412514504,10.412405412514504,10.412405412514504,10.412405412514504,10.412405412514504,15.776059476590188,15.776059476590188,15.776059476590188,15.776059476590188,20.385616062900922,42.88507833182136,42.88507833182136,42.88507833182136,42.88507833182136,42.88507833182136,42.88507833182136,42.88507833182136,42.88507833182136,42.88507833182136,42.88507833182136,42.88507833182136,42.88507833182136,42.88507833182136,42.88507833182136,42.88507833182136,42.88507833182136,42.88507833182136,42.88507833182136,42.88507833182136,42.88507833182136,42.88507833182136,42.88507833182136,42.88507833182136,42.88507833182136,42.88507833182136,42.88507833182136,42.88507833182136,42.88507833182136,42.88507833182136,42.88507833182136,42.88507833182136,42.88507833182136,42.88507833182136,42.88507833182136,42.88507833182136,42.88507833182136,42.88507833182136,42.88507833182136,42.88507833182136,42.88507833182136,42.88507833182136,42.88507833182136,42.88507833182136,42.88507833182136,42.88507833182136,42.88507833182136,42.88507833182136,42.88507833182136,42.88507833182136,42.88507833182136,42.88507833182136,42.88507833182136,42.88507833182136,42.88507833182136,42.88507833182136,42.88507833182136,42.88507833182136,42.88507833182136,42.88507833182136,42.88507833182136,42.88507833182136,42.88507833182136,40.1321386459895,40.1321386459895,40.1321386459895,40.1321386459895,40.1321386459895,40.1321386459895,40.1321386459895,40.1321386459895,60.80506675632786,60.80506675632786,60.80506675632786,60.80506675632786,78.57150560397572,165.2903283412542,165.2903283412542,165.2903283412542,165.2903283412542,165.2903283412542,165.2903283412542,165.2903283412542,165.2903283412542,165.2903283412542,165.2903283412542,165.2903283412542,165.2903283412542,165.2903283412542,165.2903283412542,165.2903283412542,165.2903283412542,165.2903283412542,165.2903283412542,165.2903283412542,165.2903283412542,165.2903283412542,165.2903283412542,165.2903283412542,165.2903283412542,165.2903283412542,165.2903283412542,165.2903283412542,165.2903283412542,165.2903283412542,165.2903283412542,165.2903283412542,165.2903283412542,165.2903283412542,165.2903283412542,165.2903283412542,165.2903283412542,165.2903283412542,165.2903283412542,165.2903283412542,165.2903283412542,165.2903283412542,165.2903283412542,165.2903283412542,165.2903283412542,165.2903283412542,165.2903283412542,165.2903283412542,165.2903283412542,165.2903283412542,165.2903283412542,165.2903283412542,165.2903283412542,165.2903283412542,165.2903283412542,165.2903283412542,165.2903283412542,165.2903283412542,165.2903283412542,165.2903283412542,165.2903283412542,165.2903283412542,165.2903283412542
7086,287.62704224578016,12.787642490696301,44.4591106276062,0,0,0,0,0,0,0,0,0,0,0,0,16.249326303567987,16.249326303567987,16.249326303567987,16.249326303567987,16.249326303567987,16.249326303567987,16.249326303567987,16.249326303567987,16.249326303567987,16.249326303567987,16.249326303567987,16.249326303567987,16.249326303567987,16.249326303567987,16.249326303567987,16.249326303567987,16.249326303567987,16.249326303567987,16.249326303567987,16.249326303567987,16.249326303567987,16.249326303567987,16.249326303567987,16.249326303567987,16.249326303567987,16.249326303567987,16.249326303567987,16.249326303567987,16.249326303567987,16.249326303567987,16.249326303567987,16.249326303567987,16.249326303567987,16.249326303567987,16.249326303567987,16.249326303567987,16.249326303567987,16.249326303567987,16.249326303567987,16.249326303567987,16.249326303567987,16.249326303567987,16.249326303567987,16.249326303567987,16.249326303567987,16.249326303567987,16.249326303567987,16.249326303567987,16.249326303567987,16.249326303567987,16.249326303567987,16.249326303567987,16.249326303567987,16.249326303567987,16.249326303567987,16.249326303567987,16.249326303567987,16.249326303567987,16.249326303567987,16.249326303567987,16.249326303567987,16.249326303567987,16.249326303567987,0,0,0,0,0,0,0,0,0,0,0,0,56.49443173595192,56.49443173595192,56.49443173595192,56.49443173595192,56.49443173595192,56.49443173595192,56.49443173595192,56.49443173595192,56.49443173595192,56.49443173595192,56.49443173595192,56.49443173595192,56.49443173595192,56.49443173595192,56.49443173595192,56.49443173595192,56.49443173595192,56.49443173595192,56.49443173595192,56.49443173595192,56.49443173595192,56.49443173595192,56.49443173595192,56.49443173595192,56.49443173595192,56.49443173595192,56.49443173595192,56.49443173595192,56.49443173595192,56.49443173595192,56.49443173595192,56.49443173595192,56.49443173595192,56.49443173595192,56.49443173595192,56.49443173595192,56.49443173595192,56.49443173595192,56.49443173595192,56.49443173595192,56.49443173595192,56.49443173595192,56.49443173595192,56.49443173595192,56.49443173595192,56.49443173595192,56.49443173595192,56.49443173595192,56.49443173595192,56.49443173595192,56.49443173595192,56.49443173595192,56.49443173595192,56.49443173595192,56.49443173595192,56.49443173595192,56.49443173595192,56.49443173595192,56.49443173595192,56.49443173595192,56.49443173595192,56.49443173595192,56.49443173595192
7087,672.524351686768,0,0,0,0,0,0,0,0,0,0,0,0,0,0,0,0,0,0,0,0,0,0,0,0,0,0,0,0,0,0,0,0,0,0,0,0,0,0,0,0,0,0,0,0,0,0,0,0,0,0,0,0,0,0,0,0,0,0,0,0,0,0,0,0,0,0,0,0,0,0,0,0,0,0,0,0,0,0,0,0,0,0,0,0,0,0,0,0,0,0,0,0,0,0,0,0,0,0,0,0,0,0,0,0,0,0,0,0,0,0,0,0,0,0,0,0,0,0,0,0,0,0,0,0,0,0,0,0,0,0,0,0,0,0,0,0,0,0,0,0,0,0,0,0,0,0,0,0,0,0,0,0
7088,1333.5206318552107,14.676641625667312,11.00593517270819,0,0,0,0,0,0,0,0,0,0,31.107215933752958,31.107215933752958,31.107215933752958,31.107215933752958,31.107215933752958,31.107215933752958,31.107215933752958,31.107215933752958,31.107215933752958,31.107215933752958,31.107215933752958,31.107215933752958,31.107215933752958,31.107215933752958,31.107215933752958,31.107215933752958,31.107215933752958,31.107215933752958,31.107215933752958,31.107215933752958,31.107215933752958,31.107215933752958,31.107215933752958,31.107215933752958,31.107215933752958,31.107215933752958,31.107215933752958,31.107215933752958,31.107215933752958,31.107215933752958,31.107215933752958,31.107215933752958,31.107215933752958,31.107215933752958,31.107215933752958,31.107215933752958,31.107215933752958,31.107215933752958,31.107215933752958,31.107215933752958,31.107215933752958,31.107215933752958,31.107215933752958,31.107215933752958,31.107215933752958,31.107215933752958,31.107215933752958,31.107215933752958,31.107215933752958,31.107215933752958,31.107215933752958,31.107215933752958,31.107215933752958,31.107215933752958,31.107215933752958,31.107215933752958,31.107215933752958,31.107215933752958,31.107215933752958,31.107215933752958,31.107215933752958,31.107215933752958,31.107215933752958,31.107215933752958,31.107215933752958,0,0,0,0,0,0,0,0,0,0,23.327135096872258,23.327135096872258,23.327135096872258,23.327135096872258,23.327135096872258,23.327135096872258,23.327135096872258,23.327135096872258,23.327135096872258,23.327135096872258,23.327135096872258,23.327135096872258,23.327135096872258,23.327135096872258,23.327135096872258,23.327135096872258,23.327135096872258,23.327135096872258,23.327135096872258,23.327135096872258,23.327135096872258,23.327135096872258,23.327135096872258,23.327135096872258,23.327135096872258,23.327135096872258,23.327135096872258,23.327135096872258,23.327135096872258,23.327135096872258,23.327135096872258,23.327135096872258,23.327135096872258,23.327135096872258,23.327135096872258,23.327135096872258,23.327135096872258,23.327135096872258,23.327135096872258,23.327135096872258,23.327135096872258,23.327135096872258,23.327135096872258,23.327135096872258,23.327135096872258,23.327135096872258,23.327135096872258,23.327135096872258,23.327135096872258,23.327135096872258,23.327135096872258,23.327135096872258,23.327135096872258,23.327135096872258,23.327135096872258,23.327135096872258,23.327135096872258,23.327135096872258,23.327135096872258,23.327135096872258,23.327135096872258,23.327135096872258,23.327135096872258,23.327135096872258,23.327135096872258
7089,135.50384169778968,19.359976196272566,142.8740023434211,0,0,0,0,0,0,0,0,0,0,0,0,0,0,0,0,0,0,0,0,0,0,0,0,0,0,0,0,0,0,0,0,0,0,0,0,0,0,0,0,0,0,0,0,0,0,0,0,0,0,0,0,0,0,0,0,0,0,0,0,0,0,0,0,0,0,0,0,0,0,0,0,0,0,0,0,0,0,0,0,0,0,0,0,0,0,0,0,0,0,0,0,0,0,0,0,0,0,0,0,0,0,0,0,0,0,0,0,0,0,0,0,0,0,0,0,0,0,0,0,0,0,0,0,0,0,0,0,0,0,0,0,0,0,0,0,0,0,0,0,0,0,0,0,0,0,0,0,0,0
7090,122.14516256707932,14.583981729897136,119.3987663808458,0,0,4.346503592317172,4.346503592317172,4.346503592317172,4.346503592317172,4.346503592317172,4.346503592317172,4.346503592317172,4.346503592317172,4.346503592317172,4.346503592317172,4.346503592317172,4.346503592317172,4.346503592317172,4.346503592317172,4.346503592317172,4.346503592317172,4.346503592317172,4.346503592317172,4.346503592317172,4.346503592317172,4.346503592317172,4.346503592317172,4.346503592317172,4.346503592317172,4.346503592317172,4.917100986994163,4.917100986994163,4.917100986994163,4.917100986994163,4.917100986994163,4.917100986994163,4.917100986994163,4.917100986994163,4.917100986994163,4.917100986994163,4.917100986994163,4.917100986994163,4.917100986994163,4.917100986994163,4.917100986994163,4.917100986994163,4.917100986994163,4.917100986994163,4.917100986994163,4.917100986994163,4.917100986994163,4.917100986994163,4.917100986994163,4.917100986994163,4.917100986994163,4.917100986994163,4.917100986994163,4.917100986994163,4.917100986994163,4.917100986994163,4.917100986994163,4.917100986994163,4.917100986994163,4.917100986994163,4.917100986994163,4.917100986994163,4.917100986994163,4.917100986994163,4.917100986994163,4.917100986994163,4.917100986994163,4.917100986994163,4.917100986994163,4.917100986994163,4.917100986994163,4.917100986994163,4.917100986994163,4.917100986994163,0,0,35.58473787228514,35.58473787228514,35.58473787228514,35.58473787228514,35.58473787228514,35.58473787228514,35.58473787228514,35.58473787228514,35.58473787228514,35.58473787228514,35.58473787228514,35.58473787228514,35.58473787228514,35.58473787228514,35.58473787228514,35.58473787228514,35.58473787228514,35.58473787228514,35.58473787228514,35.58473787228514,35.58473787228514,35.58473787228514,35.58473787228514,35.58473787228514,35.58473787228514,40.256207316387204,40.256207316387204,40.256207316387204,40.256207316387204,40.256207316387204,40.256207316387204,40.256207316387204,40.256207316387204,40.256207316387204,40.256207316387204,40.256207316387204,40.256207316387204,40.256207316387204,40.256207316387204,40.256207316387204,40.256207316387204,40.256207316387204,40.256207316387204,40.256207316387204,40.256207316387204,40.256207316387204,40.256207316387204,40.256207316387204,40.256207316387204,40.256207316387204,40.256207316387204,40.256207316387204,40.256207316387204,40.256207316387204,40.256207316387204,40.256207316387204,40.256207316387204,40.256207316387204,40.256207316387204,40.256207316387204,40.256207316387204,40.256207316387204,40.256207316387204,40.256207316387204,40.256207316387204,40.256207316387204,40.256207316387204,40.256207316387204,40.256207316387204,40.256207316387204,40.256207316387204,40.256207316387204,40.256207316387204
7091,225.86245051427386,15.586037023560193,69.0067649052413,0,0,0,0,0,0,0,0,0,0,0,0,0,0,0,0,0,0,0,0,0,0,0,0,0,0,0,0,0,0,0,0,0,0,0,0,0,0,0,0,0,0,0,0,0,0,0,0,0,0,0,0,0,0,0,0,0,0,0,0,0,0,0,0,0,0,0,0,0,0,0,0,0,0,0,0,0,0,0,0,0,0,0,0,0,0,0,0,0,0,0,0,0,0,0,0,0,0,0,0,0,0,0,0,0,0,0,0,0,0,0,0,0,0,0,0,0,0,0,0,0,0,0,0,0,0,0,0,0,0,0,0,0,0,0,0,0,0,0,0,0,0,0,0,0,0,0,0,0,0
7092,148.83205437328493,0,0,0,0,0,0,0,0,0,0,0,0,0,0,0,0,0,0,0,0,0,0,0,0,0,0,0,0,0,0,0,0,0,0,0,0,0,0,0,0,0,0,0,0,0,0,0,0,0,0,0,0,0,0,0,0,0,0,0,0,0,0,0,0,0,0,0,0,0,0,0,0,0,0,0,0,0,0,0,0,0,0,0,0,0,0,0,0,0,0,0,0,0,0,0,0,0,0,0,0,0,0,0,0,0,0,0,0,0,0,0,0,0,0,0,0,0,0,0,0,0,0,0,0,0,0,0,0,0,0,0,0,0,0,0,0,0,0,0,0,0,0,0,0,0,0,0,0,0,0,0,0
7093,57.629646712722334,0,0,0,0,0,0,0,0,0,0,0,0,0,0,0,0,0,0,0,0,0,0,0,0,0,0,0,0,0,0,0,0,0,0,0,0,0,0,0,0,0,0,0,0,0,0,0,0,0,0,0,0,0,0,0,0,0,0,0,0,0,0,0,0,0,0,0,0,0,0,0,0,0,0,0,0,0,0,0,0,0,0,0,0,0,0,0,0,0,0,0,0,0,0,0,0,0,0,0,0,0,0,0,0,0,0,0,0,0,0,0,0,0,0,0,0,0,0,0,0,0,0,0,0,0,0,0,0,0,0,0,0,0,0,0,0,0,0,0,0,0,0,0,0,0,0,0,0,0,0,0,0
7094,198.35820383351165,0,0,0,0,0,0,0,0,0,0,0,0,0,0,0,0,0,0,0,0,0,0,0,0,0,0,0,0,0,0,0,0,0,0,0,0,0,0,0,0,0,0,0,0,0,0,0,0,0,0,0,0,0,0,0,0,0,0,0,0,0,0,0,0,0,0,0,0,0,0,0,0,0,0,0,0,0,0,0,0,0,0,0,0,0,0,0,0,0,0,0,0,0,0,0,0,0,0,0,0,0,0,0,0,0,0,0,0,0,0,0,0,0,0,0,0,0,0,0,0,0,0,0,0,0,0,0,0,0,0,0,0,0,0,0,0,0,0,0,0,0,0,0,0,0,0,0,0,0,0,0,0
7095,223.6724662404943,0,0,0,0,0,0,0,0,0,0,0,0,0,0,0,0,0,0,0,0,0,0,0,0,0,0,0,0,0,0,0,0,0,0,0,0,0,0,0,0,0,0,0,0,0,0,0,0,0,0,0,0,0,0,0,0,0,0,0,0,0,0,0,0,0,0,0,0,0,0,0,0,0,0,0,0,0,0,0,0,0,0,0,0,0,0,0,0,0,0,0,0,0,0,0,0,0,0,0,0,0,0,0,0,0,0,0,0,0,0,0,0,0,0,0,0,0,0,0,0,0,0,0,0,0,0,0,0,0,0,0,0,0,0,0,0,0,0,0,0,0,0,0,0,0,0,0,0,0,0,0,0
7096,4848.517823357655,92.29643409616722,19.03601006714478,0,0,0,0,0,0,0,0,0,0,0,0,0,0,0,0,0,0,0,0,0,0,0,0,0,0,0,0,0,0,0,0,0,0,0,0,0,0,0,0,0,0,0,0,0,0,0,0,0,0,0,0,0,0,0,0,0,0,0,0,0,0,0,0,0,0,0,0,0,0,0,0,0,0,0,0,0,0,0,0,0,0,0,0,0,0,0,0,0,0,0,0,0,0,0,0,0,0,0,0,0,0,0,0,0,0,0,0,0,0,0,0,0,0,0,0,0,0,0,0,0,0,0,0,0,0,0,0,0,0,0,0,0,0,0,0,0,0,0,0,0,0,0,0,0,0,0,0,0,0
7097,189.06137060108136,0,0,0,0,0,0,0,0,0,0,0,0,0,0,0,0,0,0,0,0,0,0,0,0,0,0,0,0,0,0,0,0,0,0,0,0,0,0,0,0,0,0,0,0,0,0,0,0,0,0,0,0,0,0,0,0,0,0,0,0,0,0,0,0,0,0,0,0,0,0,0,0,0,0,0,0,0,0,0,0,0,0,0,0,0,0,0,0,0,0,0,0,0,0,0,0,0,0,0,0,0,0,0,0,0,0,0,0,0,0,0,0,0,0,0,0,0,0,0,0,0,0,0,0,0,0,0,0,0,0,0,0,0,0,0,0,0,0,0,0,0,0,0,0,0,0,0,0,0,0,0,0
7098,274.4235224716407,13.295015342355612,48.44706905083014,0,0,0,0,0,0,0,0,0,7.091792335893785,7.091792335893785,7.091792335893785,7.091792335893785,7.091792335893785,7.091792335893785,7.091792335893785,7.091792335893785,7.091792335893785,7.091792335893785,7.091792335893785,7.091792335893785,7.091792335893785,7.091792335893785,7.091792335893785,7.091792335893785,7.091792335893785,7.091792335893785,7.091792335893785,7.091792335893785,7.091792335893785,7.091792335893785,7.091792335893785,7.091792335893785,7.091792335893785,7.091792335893785,7.091792335893785,7.091792335893785,7.091792335893785,7.091792335893785,7.091792335893785,7.091792335893785,7.091792335893785,7.091792335893785,7.091792335893785,7.091792335893785,7.091792335893785,7.091792335893785,7.091792335893785,7.091792335893785,7.091792335893785,7.091792335893785,16.81670846384154,16.81670846384154,16.81670846384154,16.81670846384154,16.81670846384154,16.81670846384154,16.81670846384154,16.81670846384154,16.81670846384154,16.81670846384154,16.81670846384154,16.81670846384154,16.81670846384154,16.81670846384154,16.81670846384154,16.81670846384154,16.81670846384154,16.81670846384154,16.81670846384154,16.81670846384154,16.81670846384154,16.81670846384154,16.81670846384154,16.81670846384154,0,0,0,0,0,0,0,0,0,25.842508951202095,25.842508951202095,25.842508951202095,25.842508951202095,25.842508951202095,25.842508951202095,25.842508951202095,25.842508951202095,25.842508951202095,25.842508951202095,25.842508951202095,25.842508951202095,25.842508951202095,25.842508951202095,25.842508951202095,25.842508951202095,25.842508951202095,25.842508951202095,25.842508951202095,25.842508951202095,25.842508951202095,25.842508951202095,25.842508951202095,25.842508951202095,25.842508951202095,25.842508951202095,25.842508951202095,25.842508951202095,25.842508951202095,25.842508951202095,25.842508951202095,25.842508951202095,25.842508951202095,25.842508951202095,25.842508951202095,25.842508951202095,25.842508951202095,25.842508951202095,25.842508951202095,25.842508951202095,25.842508951202095,25.842508951202095,61.2801275647914,61.2801275647914,61.2801275647914,61.2801275647914,61.2801275647914,61.2801275647914,61.2801275647914,61.2801275647914,61.2801275647914,61.2801275647914,61.2801275647914,61.2801275647914,61.2801275647914,61.2801275647914,61.2801275647914,61.2801275647914,61.2801275647914,61.2801275647914,61.2801275647914,61.2801275647914,61.2801275647914,61.2801275647914,61.2801275647914,61.2801275647914
7099,108.43608024536914,0,0,0,0,0,0,0,0,0,0,0,0,0,0,0,0,0,0,0,0,0,0,0,0,0,0,0,0,0,0,0,0,0,0,0,0,0,0,0,0,0,0,0,0,0,0,0,0,0,0,0,0,0,0,0,0,0,0,0,0,0,0,0,0,0,0,0,0,0,0,0,0,0,0,0,0,0,0,0,0,0,0,0,0,0,0,0,0,0,0,0,0,0,0,0,0,0,0,0,0,0,0,0,0,0,0,0,0,0,0,0,0,0,0,0,0,0,0,0,0,0,0,0,0,0,0,0,0,0,0,0,0,0,0,0,0,0,0,0,0,0,0,0,0,0,0,0,0,0,0,0,0
7100,60.363396103922334,0,0,0,0,0,0,0,0,0,0,0,0,0,0,0,0,0,0,0,0,0,0,0,0,0,0,0,0,0,0,0,0,0,0,0,0,0,0,0,0,0,0,0,0,0,0,0,0,0,0,0,0,0,0,0,0,0,0,0,0,0,0,0,0,0,0,0,0,0,0,0,0,0,0,0,0,0,0,0,0,0,0,0,0,0,0,0,0,0,0,0,0,0,0,0,0,0,0,0,0,0,0,0,0,0,0,0,0,0,0,0,0,0,0,0,0,0,0,0,0,0,0,0,0,0,0,0,0,0,0,0,0,0,0,0,0,0,0,0,0,0,0,0,0,0,0,0,0,0,0,0,0
7101,821.3229358169201,0,0,0,0,0,0,0,0,0,0,0,0,0,0,0,0,0,0,0,0,0,0,0,0,0,0,0,0,0,0,0,0,0,0,0,0,0,0,0,0,0,0,0,0,0,0,0,0,0,0,0,0,0,0,0,0,0,0,0,0,0,0,0,0,0,0,0,0,0,0,28.940504575982878,28.940504575982878,28.940504575982878,28.940504575982878,28.940504575982878,28.940504575982878,28.940504575982878,0,0,0,0,0,0,0,0,0,0,0,0,0,0,0,0,0,0,0,0,0,0,0,0,0,0,0,0,0,0,0,0,0,0,0,0,0,0,0,0,0,0,0,0,0,0,0,0,0,0,0,0,0,0,0,0,0,0,0,0,0,0,0,0,0,0,0,0,35.23645001730959,35.23645001730959,35.23645001730959,35.23645001730959,35.23645001730959,35.23645001730959,35.23645001730959
7102,197.35709148138432,0,0,0,0,0,0,0,0,0,0,0,0,0,0,0,16.78468216505785,16.78468216505785,16.78468216505785,16.78468216505785,16.78468216505785,16.78468216505785,16.78468216505785,16.78468216505785,16.78468216505785,16.78468216505785,16.78468216505785,16.78468216505785,16.78468216505785,16.78468216505785,16.78468216505785,16.78468216505785,16.78468216505785,16.78468216505785,16.78468216505785,16.78468216505785,16.78468216505785,16.78468216505785,16.78468216505785,16.78468216505785,16.78468216505785,16.78468216505785,16.78468216505785,16.78468216505785,16.78468216505785,16.78468216505785,16.78468216505785,16.78468216505785,16.78468216505785,16.78468216505785,16.78468216505785,16.78468216505785,16.78468216505785,16.78468216505785,16.78468216505785,16.78468216505785,16.78468216505785,16.78468216505785,16.78468216505785,16.78468216505785,16.78468216505785,16.78468216505785,16.78468216505785,16.78468216505785,16.78468216505785,16.78468216505785,16.78468216505785,16.78468216505785,16.78468216505785,16.78468216505785,16.78468216505785,16.78468216505785,16.78468216505785,16.78468216505785,16.78468216505785,16.78468216505785,16.78468216505785,16.78468216505785,0,0,0,0,0,0,0,0,0,0,0,0,0,85.04727161851724,85.04727161851724,85.04727161851724,85.04727161851724,85.04727161851724,85.04727161851724,85.04727161851724,85.04727161851724,85.04727161851724,85.04727161851724,85.04727161851724,85.04727161851724,85.04727161851724,85.04727161851724,85.04727161851724,85.04727161851724,85.04727161851724,85.04727161851724,85.04727161851724,85.04727161851724,85.04727161851724,85.04727161851724,85.04727161851724,85.04727161851724,85.04727161851724,85.04727161851724,85.04727161851724,85.04727161851724,85.04727161851724,85.04727161851724,85.04727161851724,85.04727161851724,85.04727161851724,85.04727161851724,85.04727161851724,85.04727161851724,85.04727161851724,85.04727161851724,85.04727161851724,85.04727161851724,85.04727161851724,85.04727161851724,85.04727161851724,85.04727161851724,85.04727161851724,85.04727161851724,85.04727161851724,85.04727161851724,85.04727161851724,85.04727161851724,85.04727161851724,85.04727161851724,85.04727161851724,85.04727161851724,85.04727161851724,85.04727161851724,85.04727161851724,85.04727161851724,85.04727161851724,85.04727161851724,85.04727161851724,85.04727161851724
7103,150.5967419081483,0,0,0,0,0,0,0,0,0,0,0,6.012475389245379,6.012475389245379,6.012475389245379,6.012475389245379,6.012475389245379,15.574933589943209,15.574933589943209,15.574933589943209,15.574933589943209,15.574933589943209,15.574933589943209,15.574933589943209,15.574933589943209,15.574933589943209,15.574933589943209,15.574933589943209,15.574933589943209,15.574933589943209,15.574933589943209,15.574933589943209,15.574933589943209,15.574933589943209,15.574933589943209,15.574933589943209,15.574933589943209,15.574933589943209,15.574933589943209,15.574933589943209,15.574933589943209,15.574933589943209,15.574933589943209,15.574933589943209,15.574933589943209,15.574933589943209,15.574933589943209,15.574933589943209,15.574933589943209,15.574933589943209,15.574933589943209,15.574933589943209,15.574933589943209,15.574933589943209,15.574933589943209,15.574933589943209,15.574933589943209,15.574933589943209,15.574933589943209,15.574933589943209,15.574933589943209,15.574933589943209,15.574933589943209,15.574933589943209,15.574933589943209,15.574933589943209,15.574933589943209,15.574933589943209,15.574933589943209,15.574933589943209,15.574933589943209,15.574933589943209,15.574933589943209,15.574933589943209,15.574933589943209,15.574933589943209,15.574933589943209,15.574933589943209,0,0,0,0,0,0,0,0,0,39.924339086382744,39.924339086382744,39.924339086382744,39.924339086382744,39.924339086382744,103.4214511721817,103.4214511721817,103.4214511721817,103.4214511721817,103.4214511721817,103.4214511721817,103.4214511721817,103.4214511721817,103.4214511721817,103.4214511721817,103.4214511721817,103.4214511721817,103.4214511721817,103.4214511721817,103.4214511721817,103.4214511721817,103.4214511721817,103.4214511721817,103.4214511721817,103.4214511721817,103.4214511721817,103.4214511721817,103.4214511721817,103.4214511721817,103.4214511721817,103.4214511721817,103.4214511721817,103.4214511721817,103.4214511721817,103.4214511721817,103.4214511721817,103.4214511721817,103.4214511721817,103.4214511721817,103.4214511721817,103.4214511721817,103.4214511721817,103.4214511721817,103.4214511721817,103.4214511721817,103.4214511721817,103.4214511721817,103.4214511721817,103.4214511721817,103.4214511721817,103.4214511721817,103.4214511721817,103.4214511721817,103.4214511721817,103.4214511721817,103.4214511721817,103.4214511721817,103.4214511721817,103.4214511721817,103.4214511721817,103.4214511721817,103.4214511721817,103.4214511721817,103.4214511721817,103.4214511721817,103.4214511721817
7104,42.16891081616163,0,0,0,0,0,0,0,0,0,0,0,0,0,0,0,0,0,0,0,0,0,0,0,0,0,0,0,0,0,0,0,0,0,0,0,0,0,0,0,0,0,0,0,0,0,0,0,0,0,0,0,0,0,0,0,0,0,0,0,0,0,0,0,0,0,0,0,0,0,0,0,0,0,0,0,0,0,0,0,0,0,0,0,0,0,0,0,0,0,0,0,0,0,0,0,0,0,0,0,0,0,0,0,0,0,0,0,0,0,0,0,0,0,0,0,0,0,0,0,0,0,0,0,0,0,0,0,0,0,0,0,0,0,0,0,0,0,0,0,0,0,0,0,0,0,0,0,0,0,0,0,0
7105,138.99713129168728,0,0,0,0,0,0,0,0,0,0,0,0,0,0,0,0,0,0,0,0,0,0,0,0,0,0,0,0,0,0,0,0,0,0,0,0,0,0,0,0,0,0,0,0,0,0,0,0,0,0,0,0,0,0,0,0,0,0,0,0,0,0,0,0,0,0,0,0,0,0,0,0,0,0,0,0,0,0,0,0,0,0,0,0,0,0,0,0,0,0,0,0,0,0,0,0,0,0,0,0,0,0,0,0,0,0,0,0,0,0,0,0,0,0,0,0,0,0,0,0,0,0,0,0,0,0,0,0,0,0,0,0,0,0,0,0,0,0,0,0,0,0,0,0,0,0,0,0,0,0,0,0
7106,554.3827724230028,0,0,0,0,0,0,0,0,0,0,0,0,0,0,0,0,0,0,0,0,0,0,0,0,0,0,0,0,0,0,0,0,0,0,0,0,0,0,0,0,0,0,0,0,0,0,0,0,0,0,0,0,0,0,0,0,0,0,0,0,0,0,0,0,0,0,0,0,0,0,0,0,0,0,0,0,0,0,0,0,0,0,0,0,0,0,0,0,0,0,0,0,0,0,0,0,0,0,0,0,0,0,0,0,0,0,0,0,0,0,0,0,0,0,0,0,0,0,0,0,0,0,0,0,0,0,0,0,0,0,0,0,0,0,0,0,0,0,0,0,0,0,0,0,0,0,0,0,0,0,0,0
7107,4683.421645136397,100.82968034536027,21.529063147681587,0,0,0,0,0,0,0,0,0,0,0,0,0,0,0,0,0,0,0,0,0,0,0,0,0,0,0,0,0,0,0,0,0,0,0,0,0,0,0,0,0,0,0,0,0,0,0,0,0,0,0,0,0,0,0,0,0,0,0,0,0,0,0,0,0,0,0,0,0,0,0,0,0,0,0,0,0,0,0,0,0,0,0,0,0,0,0,0,0,0,0,0,0,0,0,0,0,0,0,0,0,0,0,0,0,0,0,0,0,0,0,0,0,0,0,0,0,0,0,0,0,0,0,0,0,0,0,0,0,0,0,0,0,0,0,0,0,0,0,0,0,0,0,0,0,0,0,0,0,0
7108,340.23418561121633,15.976342178123554,46.956898670904366,0,0,6.764166402618345,6.764166402618345,6.764166402618345,6.764166402618345,6.764166402618345,6.764166402618345,6.764166402618345,16.06881340744242,16.06881340744242,16.06881340744242,16.06881340744242,16.06881340744242,16.06881340744242,16.06881340744242,16.06881340744242,16.06881340744242,16.06881340744242,16.06881340744242,16.06881340744242,16.06881340744242,16.06881340744242,16.06881340744242,16.06881340744242,16.06881340744242,16.06881340744242,16.06881340744242,16.06881340744242,16.06881340744242,16.06881340744242,16.06881340744242,16.06881340744242,16.06881340744242,16.06881340744242,16.06881340744242,16.06881340744242,16.06881340744242,16.06881340744242,16.06881340744242,16.06881340744242,16.06881340744242,16.06881340744242,16.06881340744242,16.06881340744242,16.06881340744242,16.06881340744242,16.06881340744242,16.06881340744242,16.06881340744242,16.06881340744242,16.06881340744242,16.06881340744242,16.06881340744242,16.06881340744242,16.06881340744242,16.06881340744242,16.06881340744242,16.06881340744242,16.06881340744242,16.06881340744242,16.06881340744242,16.06881340744242,16.06881340744242,16.06881340744242,16.06881340744242,16.06881340744242,16.06881340744242,16.06881340744242,16.06881340744242,16.06881340744242,16.06881340744242,16.06881340744242,16.06881340744242,16.06881340744242,0,0,19.880913466901646,19.880913466901646,19.880913466901646,19.880913466901646,19.880913466901646,19.880913466901646,19.880913466901646,47.22868567300336,47.22868567300336,47.22868567300336,47.22868567300336,47.22868567300336,47.22868567300336,47.22868567300336,47.22868567300336,47.22868567300336,47.22868567300336,47.22868567300336,47.22868567300336,47.22868567300336,47.22868567300336,47.22868567300336,47.22868567300336,47.22868567300336,47.22868567300336,47.22868567300336,47.22868567300336,47.22868567300336,47.22868567300336,47.22868567300336,47.22868567300336,47.22868567300336,47.22868567300336,47.22868567300336,47.22868567300336,47.22868567300336,47.22868567300336,47.22868567300336,47.22868567300336,47.22868567300336,47.22868567300336,47.22868567300336,47.22868567300336,47.22868567300336,47.22868567300336,47.22868567300336,47.22868567300336,47.22868567300336,47.22868567300336,47.22868567300336,47.22868567300336,47.22868567300336,47.22868567300336,47.22868567300336,47.22868567300336,47.22868567300336,47.22868567300336,47.22868567300336,47.22868567300336,47.22868567300336,47.22868567300336,47.22868567300336,47.22868567300336,47.22868567300336,47.22868567300336,47.22868567300336,47.22868567300336,47.22868567300336,47.22868567300336,47.22868567300336,47.22868567300336,47.22868567300336,47.22868567300336
7109,158.17054326245196,0,0,0,0,0,0,0,0,0,0,0,0,0,0,0,0,0,0,0,0,0,0,0,0,0,0,0,0,0,0,0,0,0,0,0,0,0,0,0,0,0,0,0,0,0,0,0,0,0,0,0,0,0,0,0,0,0,0,0,0,0,0,0,0,0,0,0,0,0,0,0,0,0,0,0,0,0,0,0,0,0,0,0,0,0,0,0,0,0,0,0,0,0,0,0,0,0,0,0,0,0,0,0,0,0,0,0,0,0,0,0,0,0,0,0,0,0,0,0,0,0,0,0,0,0,0,0,0,0,0,0,0,0,0,0,0,0,0,0,0,0,0,0,0,0,0,0,0,0,0,0,0
7110,371.0409522546321,0,0,0,0,0,0,0,0,0,0,0,0,0,0,0,0,0,0,0,0,0,0,0,0,0,0,0,0,0,0,0,0,0,0,0,0,0,0,0,0,0,0,0,0,0,0,0,0,0,0,0,0,0,0,0,0,0,0,0,0,0,0,0,0,0,0,0,0,0,0,0,0,0,0,0,0,0,0,0,0,0,0,0,0,0,0,0,0,0,0,0,0,0,0,0,0,0,0,0,0,0,0,0,0,0,0,0,0,0,0,0,0,0,0,0,0,0,0,0,0,0,0,0,0,0,0,0,0,0,0,0,0,0,0,0,0,0,0,0,0,0,0,0,0,0,0,0,0,0,0,0,0
7111,231.15637261276154,0,0,0,0,0,0,0,0,0,0,0,0,0,0,0,0,0,0,0,0,0,0,0,0,0,0,0,0,0,0,0,0,0,0,0,0,0,0,0,0,0,0,0,0,0,0,0,0,0,0,0,0,0,0,0,0,0,0,0,0,0,0,0,0,0,0,0,0,0,0,0,0,0,0,0,0,0,0,0,0,0,0,0,0,0,0,0,0,0,0,0,0,0,0,0,0,0,0,0,0,0,0,0,0,0,0,0,0,0,0,0,0,0,0,0,0,0,0,0,0,0,0,0,0,0,0,0,0,0,0,0,0,0,0,0,0,0,0,0,0,0,0,0,0,0,0,0,0,0,0,0,0
7112,2594.3553279798325,33.08770657229799,12.753729689781029,0,0,0,0,0,0,0,0,0,0,0,0,0,0,0,0,0,0,0,0,0,0,0,0,0,0,0,0,0,0,0,0,0,0,0,0,0,0,0,0,0,0,0,0,0,0,0,0,0,0,0,0,0,0,0,0,0,0,0,0,0,0,0,0,0,0,0,0,0,0,0,0,0,0,0,0,0,0,0,0,0,0,0,0,0,0,0,0,0,0,0,0,0,0,0,0,0,0,0,0,0,0,0,0,0,0,0,0,0,0,0,0,0,0,0,0,0,0,0,0,0,0,0,0,0,0,0,0,0,0,0,0,0,0,0,0,0,0,0,0,0,0,0,0,0,0,0,0,0,0
7113,327.7359246746821,53.02745438435795,161.79933413462126,0,0,0,0,0,0,0,0,0,0,0,0,0,0,0,0,0,0,0,0,0,0,0,0,0,0,0,0,0,0,0,0,0,0,0,0,0,0,0,0,0,0,0,0,0,0,0,0,0,0,0,0,0,0,0,0,0,0,0,0,0,0,0,0,0,0,0,0,0,0,0,0,0,0,0,0,0,0,0,0,0,0,0,0,0,0,0,0,0,0,0,0,0,0,0,0,0,0,0,0,0,0,0,0,0,0,0,0,0,0,0,0,0,0,0,0,0,0,0,0,0,0,0,0,0,0,0,0,0,0,0,0,0,0,0,0,0,0,0,0,0,0,0,0,0,0,0,0,0,0
7114,278.5638033423285,15.866112089050818,56.95683322342088,0,0,0,0,0,0,0,0,21.126174153986245,21.126174153986245,21.126174153986245,21.126174153986245,21.126174153986245,21.126174153986245,21.126174153986245,21.126174153986245,21.126174153986245,21.126174153986245,21.126174153986245,21.126174153986245,21.126174153986245,21.126174153986245,21.126174153986245,21.126174153986245,21.126174153986245,21.126174153986245,21.126174153986245,21.126174153986245,21.126174153986245,21.126174153986245,21.126174153986245,21.126174153986245,21.126174153986245,21.126174153986245,21.126174153986245,21.126174153986245,21.126174153986245,21.126174153986245,21.126174153986245,21.126174153986245,21.126174153986245,21.126174153986245,21.126174153986245,21.126174153986245,21.126174153986245,21.126174153986245,21.126174153986245,21.126174153986245,21.126174153986245,21.126174153986245,21.126174153986245,21.126174153986245,21.126174153986245,21.126174153986245,21.126174153986245,21.126174153986245,21.126174153986245,21.126174153986245,21.126174153986245,21.126174153986245,21.126174153986245,21.126174153986245,21.126174153986245,21.126174153986245,21.126174153986245,21.126174153986245,21.126174153986245,21.126174153986245,21.126174153986245,21.126174153986245,21.126174153986245,21.126174153986245,21.126174153986245,21.126174153986245,21.126174153986245,0,0,0,0,0,0,0,0,75.83962417408617,75.83962417408617,75.83962417408617,75.83962417408617,75.83962417408617,75.83962417408617,75.83962417408617,75.83962417408617,75.83962417408617,75.83962417408617,75.83962417408617,75.83962417408617,75.83962417408617,75.83962417408617,75.83962417408617,75.83962417408617,75.83962417408617,75.83962417408617,75.83962417408617,75.83962417408617,75.83962417408617,75.83962417408617,75.83962417408617,75.83962417408617,75.83962417408617,75.83962417408617,75.83962417408617,75.83962417408617,75.83962417408617,75.83962417408617,75.83962417408617,75.83962417408617,75.83962417408617,75.83962417408617,75.83962417408617,75.83962417408617,75.83962417408617,75.83962417408617,75.83962417408617,75.83962417408617,75.83962417408617,75.83962417408617,75.83962417408617,75.83962417408617,75.83962417408617,75.83962417408617,75.83962417408617,75.83962417408617,75.83962417408617,75.83962417408617,75.83962417408617,75.83962417408617,75.83962417408617,75.83962417408617,75.83962417408617,75.83962417408617,75.83962417408617,75.83962417408617,75.83962417408617,75.83962417408617,75.83962417408617,75.83962417408617,75.83962417408617,75.83962417408617,75.83962417408617,75.83962417408617,75.83962417408617
7115,803.9885636155002,0,0,0,0,0,0,0,0,0,0,0,0,0,0,0,0,0,0,0,0,0,0,0,0,0,0,0,0,0,0,0,0,0,0,0,0,0,0,0,0,0,0,0,0,0,0,0,0,0,0,0,0,0,0,0,0,0,0,0,0,0,0,0,0,0,0,0,0,0,0,0,0,0,0,0,0,0,0,0,0,0,0,0,0,0,0,0,0,0,0,0,0,0,0,0,0,0,0,0,0,0,0,0,0,0,0,0,0,0,0,0,0,0,0,0,0,0,0,0,0,0,0,0,0,0,0,0,0,0,0,0,0,0,0,0,0,0,0,0,0,0,0,0,0,0,0,0,0,0,0,0,0
7116,995.7813975364345,87.03487023140273,87.40359123671843,0,0,0,0,0,0,0,0,0,0,0,0,0,0,0,0,0,0,0,0,0,0,0,0,0,0,9.738169720770783,9.738169720770783,9.738169720770783,9.738169720770783,9.738169720770783,38.562784720512525,38.562784720512525,38.562784720512525,38.562784720512525,38.562784720512525,38.562784720512525,38.562784720512525,38.562784720512525,38.562784720512525,38.562784720512525,38.562784720512525,38.562784720512525,38.562784720512525,38.562784720512525,38.562784720512525,38.562784720512525,38.562784720512525,38.562784720512525,38.562784720512525,38.562784720512525,38.562784720512525,38.562784720512525,38.562784720512525,38.562784720512525,38.562784720512525,38.562784720512525,38.562784720512525,38.562784720512525,38.562784720512525,38.562784720512525,38.562784720512525,38.562784720512525,38.562784720512525,38.562784720512525,38.562784720512525,38.562784720512525,38.562784720512525,38.562784720512525,38.562784720512525,38.562784720512525,38.562784720512525,38.562784720512525,38.562784720512525,38.562784720512525,0,0,0,0,0,0,0,0,0,0,0,0,0,0,0,0,0,0,0,0,0,0,0,0,0,0,9.77942522813043,9.77942522813043,9.77942522813043,9.77942522813043,9.77942522813043,38.72615497328726,38.72615497328726,38.72615497328726,38.72615497328726,38.72615497328726,38.72615497328726,38.72615497328726,38.72615497328726,38.72615497328726,38.72615497328726,38.72615497328726,38.72615497328726,38.72615497328726,38.72615497328726,38.72615497328726,38.72615497328726,38.72615497328726,38.72615497328726,38.72615497328726,38.72615497328726,38.72615497328726,38.72615497328726,38.72615497328726,38.72615497328726,38.72615497328726,38.72615497328726,38.72615497328726,38.72615497328726,38.72615497328726,38.72615497328726,38.72615497328726,38.72615497328726,38.72615497328726,38.72615497328726,38.72615497328726,38.72615497328726,38.72615497328726,38.72615497328726,38.72615497328726,38.72615497328726,38.72615497328726,38.72615497328726,38.72615497328726,38.72615497328726
7117,247.4892217543025,0,0,0,0,0,0,0,0,0,0,0,0,0,0,0,0,0,0,0,0,0,0,0,0,0,0,0,0,0,0,0,0,0,0,0,0,0,0,0,0,0,0,0,0,0,0,0,0,0,0,0,0,0,0,0,0,0,0,0,0,0,0,0,0,0,0,0,0,0,0,0,0,0,0,0,0,0,0,0,0,0,0,0,0,0,0,0,0,0,0,0,0,0,0,0,0,0,0,0,0,0,0,0,0,0,0,0,0,0,0,0,0,0,0,0,0,0,0,0,0,0,0,0,0,0,0,0,0,0,0,0,0,0,0,0,0,0,0,0,0,0,0,0,0,0,0,0,0,0,0,0,0
7118,203.91073466132508,32.874853885518476,161.22179119270132,0,0,0,0,0,0,0,0,0,0,0,0,0,0,0,0,0,0,11.506048021288263,11.506048021288263,11.506048021288263,11.506048021288263,11.506048021288263,11.506048021288263,11.506048021288263,11.506048021288263,11.506048021288263,11.506048021288263,11.506048021288263,11.506048021288263,11.506048021288263,11.506048021288263,11.506048021288263,11.506048021288263,11.506048021288263,11.506048021288263,11.506048021288263,11.506048021288263,11.506048021288263,11.506048021288263,11.506048021288263,11.506048021288263,11.506048021288263,11.506048021288263,11.506048021288263,11.506048021288263,11.506048021288263,11.506048021288263,11.506048021288263,11.506048021288263,11.506048021288263,11.506048021288263,11.506048021288263,11.506048021288263,11.506048021288263,11.506048021288263,11.506048021288263,11.506048021288263,11.506048021288263,11.506048021288263,11.506048021288263,11.506048021288263,11.506048021288263,11.506048021288263,11.506048021288263,11.506048021288263,11.506048021288263,11.506048021288263,11.506048021288263,11.506048021288263,11.506048021288263,11.506048021288263,11.506048021288263,11.506048021288263,11.506048021288263,0,0,0,0,0,0,0,0,0,0,0,0,0,0,0,0,0,0,56.426887188644756,56.426887188644756,56.426887188644756,56.426887188644756,56.426887188644756,56.426887188644756,56.426887188644756,56.426887188644756,56.426887188644756,56.426887188644756,56.426887188644756,56.426887188644756,56.426887188644756,56.426887188644756,56.426887188644756,56.426887188644756,56.426887188644756,56.426887188644756,56.426887188644756,56.426887188644756,56.426887188644756,56.426887188644756,56.426887188644756,56.426887188644756,56.426887188644756,56.426887188644756,56.426887188644756,56.426887188644756,56.426887188644756,56.426887188644756,56.426887188644756,56.426887188644756,56.426887188644756,56.426887188644756,56.426887188644756,56.426887188644756,56.426887188644756,56.426887188644756,56.426887188644756,56.426887188644756,56.426887188644756,56.426887188644756,56.426887188644756,56.426887188644756,56.426887188644756,56.426887188644756,56.426887188644756,56.426887188644756,56.426887188644756,56.426887188644756,56.426887188644756,56.426887188644756,56.426887188644756,56.426887188644756,56.426887188644756,56.426887188644756,56.426887188644756
7119,110.29112760868155,0,0,0,0,0,0,0,0,0,0,0,0,0,0,0,0,0,0,0,0,0,0,0,0,0,0,0,0,0,0,0,0,0,0,0,0,0,0,0,0,0,0,0,0,0,0,0,0,0,0,0,0,0,0,0,0,0,0,0,0,0,0,0,0,0,0,0,0,0,0,0,0,0,0,0,0,0,0,0,0,0,0,0,0,0,0,0,0,0,0,0,0,0,0,0,0,0,0,0,0,0,0,0,0,0,0,0,0,0,0,0,0,0,0,0,0,0,0,0,0,0,0,0,0,0,0,0,0,0,0,0,0,0,0,0,0,0,0,0,0,0,0,0,0,0,0,0,0,0,0,0,0
7120,231.1253285475335,14.73800689851179,63.76629939751824,0,0,0,0,0,0,0,0,0,0,0,0,20.648082791188877,20.648082791188877,20.648082791188877,20.648082791188877,20.648082791188877,20.648082791188877,20.648082791188877,20.648082791188877,20.648082791188877,20.648082791188877,20.648082791188877,20.648082791188877,20.648082791188877,20.648082791188877,20.648082791188877,20.648082791188877,20.648082791188877,20.648082791188877,20.648082791188877,20.648082791188877,20.648082791188877,20.648082791188877,20.648082791188877,20.648082791188877,20.648082791188877,20.648082791188877,20.648082791188877,20.648082791188877,20.648082791188877,20.648082791188877,20.648082791188877,20.648082791188877,20.648082791188877,20.648082791188877,20.648082791188877,20.648082791188877,20.648082791188877,20.648082791188877,20.648082791188877,20.648082791188877,20.648082791188877,20.648082791188877,20.648082791188877,20.648082791188877,20.648082791188877,20.648082791188877,20.648082791188877,20.648082791188877,20.648082791188877,20.648082791188877,20.648082791188877,20.648082791188877,20.648082791188877,20.648082791188877,20.648082791188877,20.648082791188877,20.648082791188877,20.648082791188877,20.648082791188877,20.648082791188877,20.648082791188877,20.648082791188877,20.648082791188877,0,0,0,0,0,0,0,0,0,0,0,0,89.33717010138233,89.33717010138233,89.33717010138233,89.33717010138233,89.33717010138233,89.33717010138233,89.33717010138233,89.33717010138233,89.33717010138233,89.33717010138233,89.33717010138233,89.33717010138233,89.33717010138233,89.33717010138233,89.33717010138233,89.33717010138233,89.33717010138233,89.33717010138233,89.33717010138233,89.33717010138233,89.33717010138233,89.33717010138233,89.33717010138233,89.33717010138233,89.33717010138233,89.33717010138233,89.33717010138233,89.33717010138233,89.33717010138233,89.33717010138233,89.33717010138233,89.33717010138233,89.33717010138233,89.33717010138233,89.33717010138233,89.33717010138233,89.33717010138233,89.33717010138233,89.33717010138233,89.33717010138233,89.33717010138233,89.33717010138233,89.33717010138233,89.33717010138233,89.33717010138233,89.33717010138233,89.33717010138233,89.33717010138233,89.33717010138233,89.33717010138233,89.33717010138233,89.33717010138233,89.33717010138233,89.33717010138233,89.33717010138233,89.33717010138233,89.33717010138233,89.33717010138233,89.33717010138233,89.33717010138233,89.33717010138233,89.33717010138233,89.33717010138233
7121,219.22906215235275,321.9628097297534,1468.6137256109141,10.798213171809532,10.798213171809532,10.798213171809532,10.798213171809532,10.798213171809532,10.798213171809532,10.798213171809532,10.798213171809532,26.559516437448007,26.559516437448007,26.559516437448007,26.559516437448007,37.986424166004674,37.986424166004674,37.986424166004674,37.986424166004674,37.986424166004674,37.986424166004674,37.986424166004674,37.986424166004674,37.986424166004674,37.986424166004674,37.986424166004674,37.986424166004674,37.986424166004674,37.986424166004674,37.986424166004674,37.986424166004674,37.986424166004674,37.986424166004674,37.986424166004674,37.986424166004674,37.986424166004674,37.986424166004674,37.986424166004674,37.986424166004674,37.986424166004674,37.986424166004674,37.986424166004674,37.986424166004674,37.986424166004674,37.986424166004674,37.986424166004674,37.986424166004674,37.986424166004674,37.986424166004674,37.986424166004674,37.986424166004674,37.986424166004674,37.986424166004674,37.986424166004674,37.986424166004674,37.986424166004674,37.986424166004674,37.986424166004674,37.986424166004674,37.986424166004674,37.986424166004674,37.986424166004674,37.986424166004674,37.986424166004674,37.986424166004674,37.986424166004674,37.986424166004674,37.986424166004674,37.986424166004674,37.986424166004674,37.986424166004674,37.986424166004674,37.986424166004674,37.986424166004674,37.986424166004674,37.986424166004674,37.986424166004674,37.986424166004674,49.25539098600594,49.25539098600594,49.25539098600594,49.25539098600594,49.25539098600594,49.25539098600594,49.25539098600594,49.25539098600594,121.14961482155377,121.14961482155377,121.14961482155377,121.14961482155377,173.27275769489947,173.27275769489947,173.27275769489947,173.27275769489947,173.27275769489947,173.27275769489947,173.27275769489947,173.27275769489947,173.27275769489947,173.27275769489947,173.27275769489947,173.27275769489947,173.27275769489947,173.27275769489947,173.27275769489947,173.27275769489947,173.27275769489947,173.27275769489947,173.27275769489947,173.27275769489947,173.27275769489947,173.27275769489947,173.27275769489947,173.27275769489947,173.27275769489947,173.27275769489947,173.27275769489947,173.27275769489947,173.27275769489947,173.27275769489947,173.27275769489947,173.27275769489947,173.27275769489947,173.27275769489947,173.27275769489947,173.27275769489947,173.27275769489947,173.27275769489947,173.27275769489947,173.27275769489947,173.27275769489947,173.27275769489947,173.27275769489947,173.27275769489947,173.27275769489947,173.27275769489947,173.27275769489947,173.27275769489947,173.27275769489947,173.27275769489947,173.27275769489947,173.27275769489947,173.27275769489947,173.27275769489947,173.27275769489947,173.27275769489947,173.27275769489947,173.27275769489947,173.27275769489947,173.27275769489947,173.27275769489947,173.27275769489947,173.27275769489947
7122,314.6498699386196,0,0,0,0,0,0,0,0,0,0,0,0,0,0,0,0,0,0,0,0,0,0,0,0,0,0,0,0,0,0,0,0,0,0,0,0,0,0,0,0,0,0,0,0,0,0,0,0,0,0,0,0,0,0,0,0,0,0,0,0,0,0,0,0,0,0,0,0,0,0,0,0,0,0,0,0,0,0,0,0,0,0,0,0,0,0,0,0,0,0,0,0,0,0,0,0,0,0,0,0,0,0,0,0,0,0,0,0,0,0,0,0,0,0,0,0,0,0,0,0,0,0,0,0,0,0,0,0,0,0,0,0,0,0,0,0,0,0,0,0,0,0,0,0,0,0,0,0,0,0,0,0
7123,288.9126420840438,8.99721309008413,31.141638611531818,0,0,14.810318407206859,14.810318407206859,14.810318407206859,14.810318407206859,14.810318407206859,14.810318407206859,14.810318407206859,14.810318407206859,14.810318407206859,14.810318407206859,14.810318407206859,14.810318407206859,14.810318407206859,14.810318407206859,14.810318407206859,14.810318407206859,14.810318407206859,14.810318407206859,14.810318407206859,14.810318407206859,14.810318407206859,14.810318407206859,14.810318407206859,14.810318407206859,14.810318407206859,29.531161919979226,29.531161919979226,29.531161919979226,29.531161919979226,47.494209349503905,47.494209349503905,47.494209349503905,47.494209349503905,47.494209349503905,47.494209349503905,47.494209349503905,47.494209349503905,47.494209349503905,47.494209349503905,47.494209349503905,47.494209349503905,47.494209349503905,47.494209349503905,47.494209349503905,47.494209349503905,47.494209349503905,47.494209349503905,47.494209349503905,47.494209349503905,47.494209349503905,47.494209349503905,47.494209349503905,47.494209349503905,47.494209349503905,47.494209349503905,47.494209349503905,47.494209349503905,47.494209349503905,47.494209349503905,47.494209349503905,47.494209349503905,47.494209349503905,47.494209349503905,47.494209349503905,47.494209349503905,47.494209349503905,47.494209349503905,47.494209349503905,47.494209349503905,47.494209349503905,47.494209349503905,47.494209349503905,47.494209349503905,0,0,51.262271876973045,51.262271876973045,51.262271876973045,51.262271876973045,51.262271876973045,51.262271876973045,51.262271876973045,51.262271876973045,51.262271876973045,51.262271876973045,51.262271876973045,51.262271876973045,51.262271876973045,51.262271876973045,51.262271876973045,51.262271876973045,51.262271876973045,51.262271876973045,51.262271876973045,51.262271876973045,51.262271876973045,51.262271876973045,51.262271876973045,51.262271876973045,51.262271876973045,102.21484842947336,102.21484842947336,102.21484842947336,102.21484842947336,164.38951583049104,164.38951583049104,164.38951583049104,164.38951583049104,164.38951583049104,164.38951583049104,164.38951583049104,164.38951583049104,164.38951583049104,164.38951583049104,164.38951583049104,164.38951583049104,164.38951583049104,164.38951583049104,164.38951583049104,164.38951583049104,164.38951583049104,164.38951583049104,164.38951583049104,164.38951583049104,164.38951583049104,164.38951583049104,164.38951583049104,164.38951583049104,164.38951583049104,164.38951583049104,164.38951583049104,164.38951583049104,164.38951583049104,164.38951583049104,164.38951583049104,164.38951583049104,164.38951583049104,164.38951583049104,164.38951583049104,164.38951583049104,164.38951583049104,164.38951583049104,164.38951583049104,164.38951583049104,164.38951583049104,164.38951583049104,164.38951583049104,164.38951583049104
7124,443.33598459201073,42.08920215371813,94.93748221780733,0,0,0,0,0,0,0,0,0,0,0,0,0,0,0,0,0,0,0,0,0,0,0,0,0,0,0,0,0,0,0,20.53296932180691,20.53296932180691,20.53296932180691,20.53296932180691,20.53296932180691,20.53296932180691,20.53296932180691,20.53296932180691,20.53296932180691,20.53296932180691,20.53296932180691,20.53296932180691,20.53296932180691,20.53296932180691,20.53296932180691,20.53296932180691,20.53296932180691,20.53296932180691,20.53296932180691,20.53296932180691,20.53296932180691,20.53296932180691,20.53296932180691,20.53296932180691,20.53296932180691,20.53296932180691,20.53296932180691,20.53296932180691,20.53296932180691,20.53296932180691,20.53296932180691,20.53296932180691,20.53296932180691,20.53296932180691,20.53296932180691,20.53296932180691,20.53296932180691,20.53296932180691,20.53296932180691,20.53296932180691,20.53296932180691,20.53296932180691,20.53296932180691,20.53296932180691,0,0,0,0,0,0,0,0,0,0,0,0,0,0,0,0,0,0,0,0,0,0,0,0,0,0,0,0,0,0,0,46.314691420103884,46.314691420103884,46.314691420103884,46.314691420103884,46.314691420103884,46.314691420103884,46.314691420103884,46.314691420103884,46.314691420103884,46.314691420103884,46.314691420103884,46.314691420103884,46.314691420103884,46.314691420103884,46.314691420103884,46.314691420103884,46.314691420103884,46.314691420103884,46.314691420103884,46.314691420103884,46.314691420103884,46.314691420103884,46.314691420103884,46.314691420103884,46.314691420103884,46.314691420103884,46.314691420103884,46.314691420103884,46.314691420103884,46.314691420103884,46.314691420103884,46.314691420103884,46.314691420103884,46.314691420103884,46.314691420103884,46.314691420103884,46.314691420103884,46.314691420103884,46.314691420103884,46.314691420103884,46.314691420103884,46.314691420103884,46.314691420103884,46.314691420103884
7125,189.78432559997577,36.920577237135596,194.5396550553715,0,0,0,0,0,0,0,0,0,0,0,0,0,0,0,0,0,0,0,7.3429920511791105,7.3429920511791105,7.3429920511791105,7.3429920511791105,7.3429920511791105,7.3429920511791105,7.3429920511791105,7.3429920511791105,7.3429920511791105,7.3429920511791105,7.3429920511791105,7.3429920511791105,7.3429920511791105,7.3429920511791105,7.3429920511791105,7.3429920511791105,7.3429920511791105,7.3429920511791105,7.3429920511791105,7.3429920511791105,7.3429920511791105,7.3429920511791105,7.3429920511791105,7.3429920511791105,7.3429920511791105,7.3429920511791105,7.3429920511791105,7.3429920511791105,7.3429920511791105,7.3429920511791105,7.3429920511791105,7.3429920511791105,7.3429920511791105,7.3429920511791105,7.3429920511791105,7.3429920511791105,7.3429920511791105,7.3429920511791105,7.3429920511791105,7.3429920511791105,7.3429920511791105,7.3429920511791105,7.3429920511791105,7.3429920511791105,7.3429920511791105,7.3429920511791105,7.3429920511791105,7.3429920511791105,7.3429920511791105,7.3429920511791105,7.3429920511791105,7.3429920511791105,7.3429920511791105,7.3429920511791105,7.3429920511791105,7.3429920511791105,0,0,0,0,0,0,0,0,0,0,0,0,0,0,0,0,0,0,0,38.691246118272936,38.691246118272936,38.691246118272936,38.691246118272936,38.691246118272936,38.691246118272936,38.691246118272936,38.691246118272936,38.691246118272936,38.691246118272936,38.691246118272936,38.691246118272936,38.691246118272936,38.691246118272936,38.691246118272936,38.691246118272936,38.691246118272936,38.691246118272936,38.691246118272936,38.691246118272936,38.691246118272936,38.691246118272936,38.691246118272936,38.691246118272936,38.691246118272936,38.691246118272936,38.691246118272936,38.691246118272936,38.691246118272936,38.691246118272936,38.691246118272936,38.691246118272936,38.691246118272936,38.691246118272936,38.691246118272936,38.691246118272936,38.691246118272936,38.691246118272936,38.691246118272936,38.691246118272936,38.691246118272936,38.691246118272936,38.691246118272936,38.691246118272936,38.691246118272936,38.691246118272936,38.691246118272936,38.691246118272936,38.691246118272936,38.691246118272936,38.691246118272936,38.691246118272936,38.691246118272936,38.691246118272936,38.691246118272936,38.691246118272936
7126,87.49015527738308,25.907923822980703,296.12387520448385,0,0,0,0,0,0,0,0,0,0,0,0,0,0,0,0,0,0,0,0,0,0,0,0,0,0,0,0,0,0,0,0,0,0,0,0,0,0,0,0,0,0,0,0,0,0,0,0,0,0,0,0,0,0,0,0,0,0,0,0,0,0,0,0,0,0,0,0,0,0,0,0,0,0,0,0,0,0,0,0,0,0,0,0,0,0,0,0,0,0,0,0,0,0,0,0,0,0,0,0,0,0,0,0,0,0,0,0,0,0,0,0,0,0,0,0,0,0,0,0,0,0,0,0,0,0,0,0,0,0,0,0,0,0,0,0,0,0,0,0,0,0,0,0,0,0,0,0,0,0
7127,1685.8492641831645,22.543024414006464,13.371909869373237,0,0,0,0,0,0,0,0,0,0,0,0,0,0,0,0,0,0,0,0,0,0,0,0,0,0,0,0,0,0,0,0,0,0,0,0,0,0,0,0,0,0,0,0,0,0,0,0,0,0,0,0,0,0,0,0,0,0,0,0,0,0,0,0,0,0,0,0,25.68781659323639,25.68781659323639,25.68781659323639,25.68781659323639,25.68781659323639,25.68781659323639,25.68781659323639,0,0,0,0,0,0,0,0,0,0,0,0,0,0,0,0,0,0,0,0,0,0,0,0,0,0,0,0,0,0,0,0,0,0,0,0,0,0,0,0,0,0,0,0,0,0,0,0,0,0,0,0,0,0,0,0,0,0,0,0,0,0,0,0,0,0,0,0,15.237315185283052,15.237315185283052,15.237315185283052,15.237315185283052,15.237315185283052,15.237315185283052,15.237315185283052
7128,252.21167248494552,0,0,0,0,0,0,0,0,0,0,0,0,0,0,0,0,0,0,0,0,0,0,0,0,0,0,0,0,0,0,0,0,0,0,0,0,0,0,0,0,0,0,0,0,0,0,0,0,0,0,0,0,0,0,0,0,0,0,0,0,0,0,0,0,0,0,0,0,0,0,0,0,0,0,0,0,0,0,0,0,0,0,0,0,0,0,0,0,0,0,0,0,0,0,0,0,0,0,0,0,0,0,0,0,0,0,0,0,0,0,0,0,0,0,0,0,0,0,0,0,0,0,0,0,0,0,0,0,0,0,0,0,0,0,0,0,0,0,0,0,0,0,0,0,0,0,0,0,0,0,0,0
7129,268.9200228391122,27.14156601128176,100.92802211131689,0,0,0,0,0,0,0,0,0,0,0,0,0,0,0,0,0,0,0,0,0,0,0,0,0,0,15.229694895594323,15.229694895594323,15.229694895594323,15.229694895594323,15.229694895594323,15.229694895594323,15.229694895594323,15.229694895594323,15.229694895594323,15.229694895594323,15.229694895594323,15.229694895594323,15.229694895594323,15.229694895594323,15.229694895594323,15.229694895594323,15.229694895594323,15.229694895594323,15.229694895594323,15.229694895594323,15.229694895594323,15.229694895594323,15.229694895594323,15.229694895594323,15.229694895594323,15.229694895594323,15.229694895594323,15.229694895594323,15.229694895594323,15.229694895594323,15.229694895594323,15.229694895594323,15.229694895594323,15.229694895594323,15.229694895594323,15.229694895594323,15.229694895594323,15.229694895594323,15.229694895594323,15.229694895594323,15.229694895594323,15.229694895594323,15.229694895594323,15.229694895594323,15.229694895594323,15.229694895594323,15.229694895594323,15.229694895594323,15.229694895594323,0,0,0,0,0,0,0,0,0,0,0,0,0,0,0,0,0,0,0,0,0,0,0,0,0,0,56.63280381582389,56.63280381582389,56.63280381582389,56.63280381582389,56.63280381582389,56.63280381582389,56.63280381582389,56.63280381582389,56.63280381582389,56.63280381582389,56.63280381582389,56.63280381582389,56.63280381582389,56.63280381582389,56.63280381582389,56.63280381582389,56.63280381582389,56.63280381582389,56.63280381582389,56.63280381582389,56.63280381582389,56.63280381582389,56.63280381582389,56.63280381582389,56.63280381582389,56.63280381582389,56.63280381582389,56.63280381582389,56.63280381582389,56.63280381582389,56.63280381582389,56.63280381582389,56.63280381582389,56.63280381582389,56.63280381582389,56.63280381582389,56.63280381582389,56.63280381582389,56.63280381582389,56.63280381582389,56.63280381582389,56.63280381582389,56.63280381582389,56.63280381582389,56.63280381582389,56.63280381582389,56.63280381582389,56.63280381582389,56.63280381582389
7130,306.15370092451093,5.58209408410244,18.232979275592136,0,0,0,0,0,0,0,0,0,0,0,0,0,0,0,0,0,0,0,0,0,0,0,0,0,0,0,0,0,0,0,0,0,0,0,0,0,0,0,0,0,0,0,0,0,0,0,0,0,0,0,0,0,0,0,0,0,0,0,0,0,0,0,0,0,15.183983567722942,15.183983567722942,15.183983567722942,15.183983567722942,15.183983567722942,15.183983567722942,15.183983567722942,15.183983567722942,15.183983567722942,15.183983567722942,0,0,0,0,0,0,0,0,0,0,0,0,0,0,0,0,0,0,0,0,0,0,0,0,0,0,0,0,0,0,0,0,0,0,0,0,0,0,0,0,0,0,0,0,0,0,0,0,0,0,0,0,0,0,0,0,0,0,0,0,0,0,0,0,0,49.59594975292131,49.59594975292131,49.59594975292131,49.59594975292131,49.59594975292131,49.59594975292131,49.59594975292131,49.59594975292131,49.59594975292131,49.59594975292131
7131,335.7657819869914,90.92754857781607,270.8064771809859,0,0,0,0,0,0,0,0,0,0,0,0,0,0,0,0,0,0,0,0,0,0,0,0,0,0,0,0,0,0,0,0,0,0,0,0,0,0,0,0,0,0,0,0,0,0,0,0,0,0,0,0,0,0,0,0,0,0,0,0,0,0,0,0,0,0,0,0,0,0,0,0,0,0,0,0,0,0,0,0,0,0,0,0,0,0,0,0,0,0,0,0,0,0,0,0,0,0,0,0,0,0,0,0,0,0,0,0,0,0,0,0,0,0,0,0,0,0,0,0,0,0,0,0,0,0,0,0,0,0,0,0,0,0,0,0,0,0,0,0,0,0,0,0,0,0,0,0,0,0
7132,92.45748482185914,34.974834004831564,378.28018004403555,0,0,0,0,0,0,0,0,0,0,0,0,0,0,0,0,0,0,0,0,0,0,0,0,0,0,0,0,0,0,0,0,0,0,0,0,0,0,0,0,0,0,0,0,0,0,0,0,0,0,0,0,0,0,0,0,0,0,0,0,0,0,0,0,0,0,0,0,0,0,0,0,0,0,0,0,0,0,0,0,0,0,0,0,0,0,0,0,0,0,0,0,0,0,0,0,0,0,0,0,0,0,0,0,0,0,0,0,0,0,0,0,0,0,0,0,0,0,0,0,0,0,0,0,0,0,0,0,0,0,0,0,0,0,0,0,0,0,0,0,0,0,0,0,0,0,0,0,0,0
7133,196.06951475337337,0,0,0,0,0,0,0,0,0,0,0,0,0,0,0,0,0,0,0,0,0,0,0,0,0,0,0,0,0,0,0,0,0,0,0,0,0,0,0,0,0,0,0,0,0,0,0,0,0,0,0,0,0,0,0,0,0,0,0,0,0,0,0,0,0,0,0,0,0,0,0,0,0,0,0,0,0,0,0,0,0,0,0,0,0,0,0,0,0,0,0,0,0,0,0,0,0,0,0,0,0,0,0,0,0,0,0,0,0,0,0,0,0,0,0,0,0,0,0,0,0,0,0,0,0,0,0,0,0,0,0,0,0,0,0,0,0,0,0,0,0,0,0,0,0,0,0,0,0,0,0,0
7134,160.76002009762263,13.102881113932678,81.50584396528356,0,0,0,0,0,0,0,0,0,0,0,0,12.946326301342568,12.946326301342568,12.946326301342568,12.946326301342568,12.946326301342568,12.946326301342568,12.946326301342568,12.946326301342568,12.946326301342568,12.946326301342568,12.946326301342568,12.946326301342568,12.946326301342568,12.946326301342568,12.946326301342568,12.946326301342568,12.946326301342568,12.946326301342568,12.946326301342568,12.946326301342568,12.946326301342568,12.946326301342568,12.946326301342568,12.946326301342568,12.946326301342568,12.946326301342568,12.946326301342568,12.946326301342568,12.946326301342568,12.946326301342568,12.946326301342568,12.946326301342568,12.946326301342568,12.946326301342568,12.946326301342568,12.946326301342568,12.946326301342568,12.946326301342568,12.946326301342568,12.946326301342568,12.946326301342568,12.946326301342568,12.946326301342568,12.946326301342568,12.946326301342568,12.946326301342568,12.946326301342568,12.946326301342568,12.946326301342568,12.946326301342568,12.946326301342568,12.946326301342568,12.946326301342568,12.946326301342568,12.946326301342568,12.946326301342568,12.946326301342568,12.946326301342568,12.946326301342568,12.946326301342568,12.946326301342568,12.946326301342568,12.946326301342568,0,0,0,0,0,0,0,0,0,0,0,0,80.53200225703394,80.53200225703394,80.53200225703394,80.53200225703394,80.53200225703394,80.53200225703394,80.53200225703394,80.53200225703394,80.53200225703394,80.53200225703394,80.53200225703394,80.53200225703394,80.53200225703394,80.53200225703394,80.53200225703394,80.53200225703394,80.53200225703394,80.53200225703394,80.53200225703394,80.53200225703394,80.53200225703394,80.53200225703394,80.53200225703394,80.53200225703394,80.53200225703394,80.53200225703394,80.53200225703394,80.53200225703394,80.53200225703394,80.53200225703394,80.53200225703394,80.53200225703394,80.53200225703394,80.53200225703394,80.53200225703394,80.53200225703394,80.53200225703394,80.53200225703394,80.53200225703394,80.53200225703394,80.53200225703394,80.53200225703394,80.53200225703394,80.53200225703394,80.53200225703394,80.53200225703394,80.53200225703394,80.53200225703394,80.53200225703394,80.53200225703394,80.53200225703394,80.53200225703394,80.53200225703394,80.53200225703394,80.53200225703394,80.53200225703394,80.53200225703394,80.53200225703394,80.53200225703394,80.53200225703394,80.53200225703394,80.53200225703394,80.53200225703394
7135,719.6978224760747,81.12899786237642,112.7264739849528,0,0,0,0,0,0,0,0,0,0,0,0,0,0,0,0,0,0,0,0,0,0,0,0,0,0,0,0,0,0,0,0,0,0,0,0,0,0,0,0,0,0,0,0,0,0,0,0,0,0,0,0,0,0,0,0,0,0,0,0,0,0,0,0,0,0,0,0,0,0,0,0,0,0,0,0,0,0,0,0,0,0,0,0,0,0,0,0,0,0,0,0,0,0,0,0,0,0,0,0,0,0,0,0,0,0,0,0,0,0,0,0,0,0,0,0,0,0,0,0,0,0,0,0,0,0,0,0,0,0,0,0,0,0,0,0,0,0,0,0,0,0,0,0,0,0,0,0,0,0
7136,383.47033003330813,0,0,0,0,0,0,0,0,0,0,0,0,0,0,0,0,0,0,0,0,0,0,0,0,0,0,0,0,18.841315533178534,18.841315533178534,18.841315533178534,18.841315533178534,18.841315533178534,18.841315533178534,18.841315533178534,18.841315533178534,18.841315533178534,18.841315533178534,18.841315533178534,18.841315533178534,18.841315533178534,18.841315533178534,18.841315533178534,18.841315533178534,18.841315533178534,18.841315533178534,18.841315533178534,18.841315533178534,18.841315533178534,18.841315533178534,18.841315533178534,18.841315533178534,18.841315533178534,18.841315533178534,18.841315533178534,18.841315533178534,18.841315533178534,18.841315533178534,18.841315533178534,18.841315533178534,18.841315533178534,18.841315533178534,18.841315533178534,18.841315533178534,18.841315533178534,18.841315533178534,18.841315533178534,18.841315533178534,18.841315533178534,18.841315533178534,18.841315533178534,18.841315533178534,18.841315533178534,18.841315533178534,18.841315533178534,18.841315533178534,18.841315533178534,0,0,0,0,0,0,0,0,0,0,0,0,0,0,0,0,0,0,0,0,0,0,0,0,0,0,49.13369837906882,49.13369837906882,49.13369837906882,49.13369837906882,49.13369837906882,49.13369837906882,49.13369837906882,49.13369837906882,49.13369837906882,49.13369837906882,49.13369837906882,49.13369837906882,49.13369837906882,49.13369837906882,49.13369837906882,49.13369837906882,49.13369837906882,49.13369837906882,49.13369837906882,49.13369837906882,49.13369837906882,49.13369837906882,49.13369837906882,49.13369837906882,49.13369837906882,49.13369837906882,49.13369837906882,49.13369837906882,49.13369837906882,49.13369837906882,49.13369837906882,49.13369837906882,49.13369837906882,49.13369837906882,49.13369837906882,49.13369837906882,49.13369837906882,49.13369837906882,49.13369837906882,49.13369837906882,49.13369837906882,49.13369837906882,49.13369837906882,49.13369837906882,49.13369837906882,49.13369837906882,49.13369837906882,49.13369837906882,49.13369837906882
7137,258.77539283374546,12.281681566991175,47.46077837038294,0,0,0,0,0,0,0,0,0,0,0,0,0,0,15.763147177655902,15.763147177655902,15.763147177655902,15.763147177655902,15.763147177655902,15.763147177655902,15.763147177655902,15.763147177655902,15.763147177655902,15.763147177655902,15.763147177655902,15.763147177655902,15.763147177655902,15.763147177655902,15.763147177655902,15.763147177655902,15.763147177655902,15.763147177655902,15.763147177655902,15.763147177655902,15.763147177655902,15.763147177655902,15.763147177655902,15.763147177655902,15.763147177655902,15.763147177655902,15.763147177655902,15.763147177655902,15.763147177655902,15.763147177655902,15.763147177655902,15.763147177655902,15.763147177655902,15.763147177655902,15.763147177655902,15.763147177655902,15.763147177655902,15.763147177655902,15.763147177655902,15.763147177655902,15.763147177655902,15.763147177655902,15.763147177655902,15.763147177655902,15.763147177655902,15.763147177655902,15.763147177655902,15.763147177655902,15.763147177655902,15.763147177655902,15.763147177655902,15.763147177655902,15.763147177655902,15.763147177655902,15.763147177655902,15.763147177655902,15.763147177655902,15.763147177655902,15.763147177655902,15.763147177655902,15.763147177655902,0,0,0,0,0,0,0,0,0,0,0,0,0,0,60.91439763665318,60.91439763665318,60.91439763665318,60.91439763665318,60.91439763665318,60.91439763665318,60.91439763665318,60.91439763665318,60.91439763665318,60.91439763665318,60.91439763665318,60.91439763665318,60.91439763665318,60.91439763665318,60.91439763665318,60.91439763665318,60.91439763665318,60.91439763665318,60.91439763665318,60.91439763665318,60.91439763665318,60.91439763665318,60.91439763665318,60.91439763665318,60.91439763665318,60.91439763665318,60.91439763665318,60.91439763665318,60.91439763665318,60.91439763665318,60.91439763665318,60.91439763665318,60.91439763665318,60.91439763665318,60.91439763665318,60.91439763665318,60.91439763665318,60.91439763665318,60.91439763665318,60.91439763665318,60.91439763665318,60.91439763665318,60.91439763665318,60.91439763665318,60.91439763665318,60.91439763665318,60.91439763665318,60.91439763665318,60.91439763665318,60.91439763665318,60.91439763665318,60.91439763665318,60.91439763665318,60.91439763665318,60.91439763665318,60.91439763665318,60.91439763665318,60.91439763665318,60.91439763665318,60.91439763665318,60.91439763665318
7138,231.93073488121414,51.225926755266954,220.86734982106995,0,0,0,0,0,0,0,0,0,0,0,0,0,0,0,0,0,0,0,0,0,0,0,0,0,0,0,0,0,0,0,0,0,0,0,0,0,0,0,0,0,0,0,0,0,0,0,0,0,0,0,0,0,0,0,0,0,0,0,0,0,0,0,0,0,0,0,0,0,0,0,0,0,0,0,0,0,0,0,0,0,0,0,0,0,0,0,0,0,0,0,0,0,0,0,0,0,0,0,0,0,0,0,0,0,0,0,0,0,0,0,0,0,0,0,0,0,0,0,0,0,0,0,0,0,0,0,0,0,0,0,0,0,0,0,0,0,0,0,0,0,0,0,0,0,0,0,0,0,0
7139,69.45279631624186,0,0,0,0,0,0,0,0,0,0,0,0,0,0,0,0,0,0,0,0,0,0,0,0,0,0,0,0,0,0,0,0,0,0,0,0,0,0,0,0,0,0,0,0,0,0,0,0,0,0,0,0,0,0,0,0,0,0,0,0,0,0,0,0,0,0,0,0,0,0,0,0,0,0,0,0,0,0,0,0,0,0,0,0,0,0,0,0,0,0,0,0,0,0,0,0,0,0,0,0,0,0,0,0,0,0,0,0,0,0,0,0,0,0,0,0,0,0,0,0,0,0,0,0,0,0,0,0,0,0,0,0,0,0,0,0,0,0,0,0,0,0,0,0,0,0,0,0,0,0,0,0
7140,1472.7068029739798,0,0,0,0,0,0,0,0,0,0,0,0,0,0,0,0,0,0,0,0,0,0,0,0,0,0,0,0,0,0,0,0,0,0,0,0,0,0,0,0,0,0,0,0,0,0,0,0,0,0,0,0,0,0,0,0,0,0,0,0,0,0,0,0,0,0,0,0,0,0,12.746223372131347,12.746223372131347,12.746223372131347,12.746223372131347,12.746223372131347,12.746223372131347,12.746223372131347,0,0,0,0,0,0,0,0,0,0,0,0,0,0,0,0,0,0,0,0,0,0,0,0,0,0,0,0,0,0,0,0,0,0,0,0,0,0,0,0,0,0,0,0,0,0,0,0,0,0,0,0,0,0,0,0,0,0,0,0,0,0,0,0,0,0,0,0,8.654963327657386,8.654963327657386,8.654963327657386,8.654963327657386,8.654963327657386,8.654963327657386,8.654963327657386
7141,798.8397904010762,153.62544211269187,192.31070354615238,0,0,0,0,0,0,0,0,0,0,0,0,0,0,0,0,0,0,0,0,0,0,0,0,0,0,0,0,0,0,0,0,0,0,0,0,0,0,0,0,0,0,0,0,0,0,0,0,0,0,0,0,0,0,0,0,0,0,0,0,0,0,0,0,0,0,0,0,0,0,0,0,0,0,0,0,0,0,0,0,0,0,0,0,0,0,0,0,0,0,0,0,0,0,0,0,0,0,0,0,0,0,0,0,0,0,0,0,0,0,0,0,0,0,0,0,0,0,0,0,0,0,0,0,0,0,0,0,0,0,0,0,0,0,0,0,0,0,0,0,0,0,0,0,0,0,0,0,0,0
7142,114.08631140197127,0,0,0,0,0,0,0,0,0,0,0,0,0,0,0,0,0,0,0,0,0,0,0,0,0,0,0,0,0,0,0,0,0,0,0,0,0,0,0,0,0,0,0,0,0,0,0,0,0,0,0,0,0,0,0,0,0,0,0,0,0,0,0,0,0,0,0,0,0,0,0,0,0,0,0,0,0,0,0,0,0,0,0,0,0,0,0,0,0,0,0,0,0,0,0,0,0,0,0,0,0,0,0,0,0,0,0,0,0,0,0,0,0,0,0,0,0,0,0,0,0,0,0,0,0,0,0,0,0,0,0,0,0,0,0,0,0,0,0,0,0,0,0,0,0,0,0,0,0,0,0,0
7143,2977.8530424676637,45.81138152945278,15.38403033196365,0,0,0,0,0,0,0,0,0,0,0,0,0,0,0,0,0,0,0,0,0,0,0,0,0,0,0,0,0,0,0,0,0,0,0,0,0,0,0,0,0,0,0,0,0,0,0,0,0,0,0,0,0,0,0,0,0,0,0,0,0,0,0,0,0,27.74943851686545,27.74943851686545,27.74943851686545,66.84439845197936,66.84439845197936,66.84439845197936,66.84439845197936,66.84439845197936,66.84439845197936,66.84439845197936,0,0,0,0,0,0,0,0,0,0,0,0,0,0,0,0,0,0,0,0,0,0,0,0,0,0,0,0,0,0,0,0,0,0,0,0,0,0,0,0,0,0,0,0,0,0,0,0,0,0,0,0,0,0,0,0,0,0,0,0,0,0,0,0,0,9.318605760971423,9.318605760971423,9.318605760971423,22.44717838613932,22.44717838613932,22.44717838613932,22.44717838613932,22.44717838613932,22.44717838613932,22.44717838613932
7144,1535.8504117754462,0,0,0,0,0,0,0,0,0,0,0,0,0,0,0,0,0,0,0,0,0,0,0,0,0,0,0,0,0,0,0,0,0,0,0,0,0,0,0,0,0,0,0,0,0,0,0,0,0,0,0,0,0,0,0,0,0,0,0,0,0,0,0,0,0,0,0,0,0,0,0,0,0,0,0,0,0,0,0,0,0,0,0,0,0,0,0,0,0,0,0,0,0,0,0,0,0,0,0,0,0,0,0,0,0,0,0,0,0,0,0,0,0,0,0,0,0,0,0,0,0,0,0,0,0,0,0,0,0,0,0,0,0,0,0,0,0,0,0,0,0,0,0,0,0,0,0,0,0,0,0,0
7145,2421.4469002796864,109.29471553307721,45.136119037115066,0,0,0,0,0,0,0,0,0,0,0,0,0,0,0,0,0,0,0,0,0,0,0,0,0,0,0,0,0,0,0,0,0,0,0,0,0,0,0,0,0,0,0,0,0,0,0,0,0,0,52.42136960494174,52.42136960494174,52.42136960494174,52.42136960494174,52.42136960494174,52.42136960494174,52.42136960494174,52.42136960494174,84.5062176753099,84.5062176753099,84.5062176753099,84.5062176753099,84.5062176753099,84.5062176753099,84.5062176753099,84.5062176753099,84.5062176753099,84.5062176753099,84.5062176753099,84.5062176753099,84.5062176753099,84.5062176753099,84.5062176753099,84.5062176753099,84.5062176753099,0,0,0,0,0,0,0,0,0,0,0,0,0,0,0,0,0,0,0,0,0,0,0,0,0,0,0,0,0,0,0,0,0,0,0,0,0,0,0,0,0,0,0,0,0,0,0,0,0,0,21.64877933060885,21.64877933060885,21.64877933060885,21.64877933060885,21.64877933060885,21.64877933060885,21.64877933060885,21.64877933060885,34.89905876752825,34.89905876752825,34.89905876752825,34.89905876752825,34.89905876752825,34.89905876752825,34.89905876752825,34.89905876752825,34.89905876752825,34.89905876752825,34.89905876752825,34.89905876752825,34.89905876752825,34.89905876752825,34.89905876752825,34.89905876752825,34.89905876752825
7146,375.8990021234417,84.68274312696362,225.2805744324764,0,0,0,0,0,0,0,0,0,0,0,0,0,0,0,0,0,0,0,0,0,0,0,0,0,0,0,0,0,0,0,0,0,0,0,0,0,0,0,0,0,0,0,0,0,0,0,0,0,0,0,0,0,0,0,0,0,0,0,0,0,0,0,0,0,0,0,0,0,0,0,0,0,0,0,0,0,0,0,0,0,0,0,0,0,0,0,0,0,0,0,0,0,0,0,0,0,0,0,0,0,0,0,0,0,0,0,0,0,0,0,0,0,0,0,0,0,0,0,0,0,0,0,0,0,0,0,0,0,0,0,0,0,0,0,0,0,0,0,0,0,0,0,0,0,0,0,0,0,0
7147,404.7970692053951,0,0,0,0,0,0,0,0,0,0,0,0,0,0,0,0,0,0,0,0,0,0,0,0,0,0,0,0,0,0,0,0,0,0,0,0,0,0,0,0,0,0,0,0,0,0,0,0,0,0,0,0,0,0,0,0,0,0,0,0,0,0,0,0,0,0,0,0,0,0,0,0,0,0,0,0,0,0,0,0,0,0,0,0,0,0,0,0,0,0,0,0,0,0,0,0,0,0,0,0,0,0,0,0,0,0,0,0,0,0,0,0,0,0,0,0,0,0,0,0,0,0,0,0,0,0,0,0,0,0,0,0,0,0,0,0,0,0,0,0,0,0,0,0,0,0,0,0,0,0,0,0
7148,138.3976341777295,0,0,0,0,0,0,0,0,0,0,0,0,0,0,0,0,0,0,0,0,0,0,0,0,0,0,0,0,0,0,0,0,0,0,0,0,0,0,0,0,0,0,0,0,0,0,0,0,0,0,0,0,0,0,0,0,0,0,0,0,0,0,0,0,0,0,0,0,0,0,0,0,0,0,0,0,0,0,0,0,0,0,0,0,0,0,0,0,0,0,0,0,0,0,0,0,0,0,0,0,0,0,0,0,0,0,0,0,0,0,0,0,0,0,0,0,0,0,0,0,0,0,0,0,0,0,0,0,0,0,0,0,0,0,0,0,0,0,0,0,0,0,0,0,0,0,0,0,0,0,0,0
7149,387.62850698822695,41.15183730849239,106.16308286568369,0,0,0,0,0,0,0,0,0,0,0,0,0,0,0,0,0,0,0,0,0,0,0,0,0,0,0,0,0,0,0,0,0,0,0,0,0,0,0,0,0,0,0,0,0,0,0,0,0,0,0,0,0,0,0,0,0,0,0,0,0,0,0,0,0,0,0,0,0,0,0,0,0,0,0,0,0,0,0,0,0,0,0,0,0,0,0,0,0,0,0,0,0,0,0,0,0,0,0,0,0,0,0,0,0,0,0,0,0,0,0,0,0,0,0,0,0,0,0,0,0,0,0,0,0,0,0,0,0,0,0,0,0,0,0,0,0,0,0,0,0,0,0,0,0,0,0,0,0,0
7150,228.24422617359554,0,0,0,0,0,0,0,0,0,0,0,0,0,0,0,0,0,0,0,0,0,0,0,0,0,0,0,0,12.967793832786269,12.967793832786269,12.967793832786269,12.967793832786269,12.967793832786269,12.967793832786269,12.967793832786269,12.967793832786269,12.967793832786269,12.967793832786269,12.967793832786269,12.967793832786269,12.967793832786269,12.967793832786269,12.967793832786269,12.967793832786269,12.967793832786269,12.967793832786269,12.967793832786269,12.967793832786269,12.967793832786269,12.967793832786269,12.967793832786269,12.967793832786269,12.967793832786269,12.967793832786269,12.967793832786269,12.967793832786269,12.967793832786269,12.967793832786269,12.967793832786269,12.967793832786269,12.967793832786269,12.967793832786269,12.967793832786269,12.967793832786269,12.967793832786269,12.967793832786269,12.967793832786269,12.967793832786269,12.967793832786269,12.967793832786269,12.967793832786269,12.967793832786269,12.967793832786269,12.967793832786269,12.967793832786269,12.967793832786269,12.967793832786269,0,0,0,0,0,0,0,0,0,0,0,0,0,0,0,0,0,0,0,0,0,0,0,0,0,0,56.81542990236854,56.81542990236854,56.81542990236854,56.81542990236854,56.81542990236854,56.81542990236854,56.81542990236854,56.81542990236854,56.81542990236854,56.81542990236854,56.81542990236854,56.81542990236854,56.81542990236854,56.81542990236854,56.81542990236854,56.81542990236854,56.81542990236854,56.81542990236854,56.81542990236854,56.81542990236854,56.81542990236854,56.81542990236854,56.81542990236854,56.81542990236854,56.81542990236854,56.81542990236854,56.81542990236854,56.81542990236854,56.81542990236854,56.81542990236854,56.81542990236854,56.81542990236854,56.81542990236854,56.81542990236854,56.81542990236854,56.81542990236854,56.81542990236854,56.81542990236854,56.81542990236854,56.81542990236854,56.81542990236854,56.81542990236854,56.81542990236854,56.81542990236854,56.81542990236854,56.81542990236854,56.81542990236854,56.81542990236854,56.81542990236854
7151,1263.3189083837035,0,0,0,0,0,0,0,0,0,0,0,0,0,0,0,0,0,0,0,0,0,0,0,0,0,0,0,0,0,0,0,0,0,0,0,0,0,0,0,0,0,0,0,0,0,0,0,0,0,0,0,0,0,0,0,0,0,0,0,0,0,0,0,0,0,0,0,0,0,0,0,0,0,0,0,0,0,0,0,0,0,0,0,0,0,0,0,0,0,0,0,0,0,0,0,0,0,0,0,0,0,0,0,0,0,0,0,0,0,0,0,0,0,0,0,0,0,0,0,0,0,0,0,0,0,0,0,0,0,0,0,0,0,0,0,0,0,0,0,0,0,0,0,0,0,0,0,0,0,0,0,0
7152,476.0732774943119,75.96797666482001,159.57202442585674,0,0,0,0,0,0,0,0,0,0,0,0,0,0,0,0,0,0,0,0,0,0,0,0,0,0,0,0,0,0,0,0,0,0,0,0,0,0,0,0,0,0,0,0,0,0,0,0,0,0,0,0,0,0,0,0,0,0,0,0,0,0,0,0,0,0,0,0,0,0,0,0,0,0,0,0,0,0,0,0,0,0,0,0,0,0,0,0,0,0,0,0,0,0,0,0,0,0,0,0,0,0,0,0,0,0,0,0,0,0,0,0,0,0,0,0,0,0,0,0,0,0,0,0,0,0,0,0,0,0,0,0,0,0,0,0,0,0,0,0,0,0,0,0,0,0,0,0,0,0
7153,151.56007771524992,0,0,0,0,0,0,0,0,0,0,0,0,0,0,0,0,0,0,0,0,0,0,0,0,0,0,0,0,0,0,0,0,0,0,0,0,0,0,0,0,0,0,0,0,0,0,0,0,0,0,0,0,0,0,0,0,0,0,0,0,0,0,0,0,0,0,0,0,0,0,0,0,0,0,0,0,0,0,0,0,0,0,0,0,0,0,0,0,0,0,0,0,0,0,0,0,0,0,0,0,0,0,0,0,0,0,0,0,0,0,0,0,0,0,0,0,0,0,0,0,0,0,0,0,0,0,0,0,0,0,0,0,0,0,0,0,0,0,0,0,0,0,0,0,0,0,0,0,0,0,0,0
7154,320.074991645486,0,0,0,0,0,0,0,0,0,0,0,0,0,0,0,0,0,0,0,0,0,0,0,0,0,0,0,0,0,0,0,0,0,0,0,0,0,0,0,0,0,0,0,0,0,0,0,0,0,0,0,0,0,0,0,0,0,0,0,0,0,0,0,0,0,0,0,0,0,0,0,0,0,0,0,0,0,0,0,0,0,0,0,0,0,0,0,0,0,0,0,0,0,0,0,0,0,0,0,0,0,0,0,0,0,0,0,0,0,0,0,0,0,0,0,0,0,0,0,0,0,0,0,0,0,0,0,0,0,0,0,0,0,0,0,0,0,0,0,0,0,0,0,0,0,0,0,0,0,0,0,0
7155,292.43179659779906,0,0,0,0,0,0,0,0,0,0,0,0,0,0,0,0,0,7.747882445176363,7.747882445176363,7.747882445176363,7.747882445176363,7.747882445176363,7.747882445176363,7.747882445176363,19.088790786180837,19.088790786180837,19.088790786180837,19.088790786180837,19.088790786180837,19.088790786180837,19.088790786180837,19.088790786180837,19.088790786180837,19.088790786180837,19.088790786180837,19.088790786180837,19.088790786180837,19.088790786180837,19.088790786180837,19.088790786180837,19.088790786180837,19.088790786180837,19.088790786180837,19.088790786180837,19.088790786180837,19.088790786180837,19.088790786180837,19.088790786180837,19.088790786180837,19.088790786180837,19.088790786180837,19.088790786180837,19.088790786180837,19.088790786180837,19.088790786180837,19.088790786180837,19.088790786180837,19.088790786180837,19.088790786180837,19.088790786180837,19.088790786180837,19.088790786180837,19.088790786180837,19.088790786180837,19.088790786180837,19.088790786180837,19.088790786180837,19.088790786180837,19.088790786180837,19.088790786180837,19.088790786180837,19.088790786180837,19.088790786180837,19.088790786180837,19.088790786180837,19.088790786180837,19.088790786180837,0,0,0,0,0,0,0,0,0,0,0,0,0,0,0,26.494664859692197,26.494664859692197,26.494664859692197,26.494664859692197,26.494664859692197,26.494664859692197,26.494664859692197,65.27604387848058,65.27604387848058,65.27604387848058,65.27604387848058,65.27604387848058,65.27604387848058,65.27604387848058,65.27604387848058,65.27604387848058,65.27604387848058,65.27604387848058,65.27604387848058,65.27604387848058,65.27604387848058,65.27604387848058,65.27604387848058,65.27604387848058,65.27604387848058,65.27604387848058,65.27604387848058,65.27604387848058,65.27604387848058,65.27604387848058,65.27604387848058,65.27604387848058,65.27604387848058,65.27604387848058,65.27604387848058,65.27604387848058,65.27604387848058,65.27604387848058,65.27604387848058,65.27604387848058,65.27604387848058,65.27604387848058,65.27604387848058,65.27604387848058,65.27604387848058,65.27604387848058,65.27604387848058,65.27604387848058,65.27604387848058,65.27604387848058,65.27604387848058,65.27604387848058,65.27604387848058,65.27604387848058,65.27604387848058,65.27604387848058,65.27604387848058,65.27604387848058,65.27604387848058,65.27604387848058
7156,25.786614141369103,0,0,0,0,0,0,0,0,0,0,0,0,0,0,0,0,0,0,0,0,0,0,0,0,0,0,0,0,0,0,0,0,0,0,0,0,0,0,0,0,0,0,0,0,0,0,0,0,0,0,0,0,0,0,0,0,0,0,0,0,0,0,0,0,0,0,0,0,0,0,0,0,0,0,0,0,0,0,0,0,0,0,0,0,0,0,0,0,0,0,0,0,0,0,0,0,0,0,0,0,0,0,0,0,0,0,0,0,0,0,0,0,0,0,0,0,0,0,0,0,0,0,0,0,0,0,0,0,0,0,0,0,0,0,0,0,0,0,0,0,0,0,0,0,0,0,0,0,0,0,0,0
7157,119.1739756386279,27.49596979227558,230.72125977949926,0,0,0,0,0,0,0,0,0,1.7722209620039928,1.7722209620039928,1.7722209620039928,1.7722209620039928,1.7722209620039928,1.7722209620039928,1.7722209620039928,1.7722209620039928,1.7722209620039928,1.7722209620039928,1.7722209620039928,1.7722209620039928,1.7722209620039928,1.7722209620039928,1.7722209620039928,1.7722209620039928,1.7722209620039928,1.7722209620039928,1.7722209620039928,1.7722209620039928,1.7722209620039928,1.7722209620039928,1.7722209620039928,1.7722209620039928,1.7722209620039928,1.7722209620039928,1.7722209620039928,1.7722209620039928,1.7722209620039928,1.7722209620039928,1.7722209620039928,1.7722209620039928,1.7722209620039928,1.7722209620039928,1.7722209620039928,1.7722209620039928,1.7722209620039928,1.7722209620039928,1.7722209620039928,1.7722209620039928,1.7722209620039928,1.7722209620039928,1.7722209620039928,1.7722209620039928,1.7722209620039928,1.7722209620039928,1.7722209620039928,1.7722209620039928,1.7722209620039928,1.7722209620039928,1.7722209620039928,1.7722209620039928,1.7722209620039928,1.7722209620039928,1.7722209620039928,1.7722209620039928,1.7722209620039928,1.7722209620039928,1.7722209620039928,1.7722209620039928,1.7722209620039928,1.7722209620039928,1.7722209620039928,1.7722209620039928,1.7722209620039928,1.7722209620039928,0,0,0,0,0,0,0,0,0,14.870872206008393,14.870872206008393,14.870872206008393,14.870872206008393,14.870872206008393,14.870872206008393,14.870872206008393,14.870872206008393,14.870872206008393,14.870872206008393,14.870872206008393,14.870872206008393,14.870872206008393,14.870872206008393,14.870872206008393,14.870872206008393,14.870872206008393,14.870872206008393,14.870872206008393,14.870872206008393,14.870872206008393,14.870872206008393,14.870872206008393,14.870872206008393,14.870872206008393,14.870872206008393,14.870872206008393,14.870872206008393,14.870872206008393,14.870872206008393,14.870872206008393,14.870872206008393,14.870872206008393,14.870872206008393,14.870872206008393,14.870872206008393,14.870872206008393,14.870872206008393,14.870872206008393,14.870872206008393,14.870872206008393,14.870872206008393,14.870872206008393,14.870872206008393,14.870872206008393,14.870872206008393,14.870872206008393,14.870872206008393,14.870872206008393,14.870872206008393,14.870872206008393,14.870872206008393,14.870872206008393,14.870872206008393,14.870872206008393,14.870872206008393,14.870872206008393,14.870872206008393,14.870872206008393,14.870872206008393,14.870872206008393,14.870872206008393,14.870872206008393,14.870872206008393,14.870872206008393,14.870872206008393
7158,229.51943960648975,0,0,0,0,0,0,0,0,0,0,0,0,0,0,0,0,0,0,0,0,0,0,0,0,0,0,0,0,0,0,0,0,0,0,0,0,0,0,0,0,0,0,0,0,0,0,0,0,0,0,0,0,0,0,0,0,0,0,0,0,0,0,0,0,0,0,0,0,0,0,0,0,0,0,0,0,0,0,0,0,0,0,0,0,0,0,0,0,0,0,0,0,0,0,0,0,0,0,0,0,0,0,0,0,0,0,0,0,0,0,0,0,0,0,0,0,0,0,0,0,0,0,0,0,0,0,0,0,0,0,0,0,0,0,0,0,0,0,0,0,0,0,0,0,0,0,0,0,0,0,0,0
7159,950.7791385753554,0,0,0,0,0,0,0,0,0,0,0,0,0,0,0,0,0,0,0,0,0,0,0,0,0,0,0,0,0,0,0,0,0,0,0,0,0,0,0,0,0,0,0,0,0,0,0,0,0,0,0,0,0,0,0,0,0,0,0,0,0,0,0,0,0,0,0,0,0,0,0,0,0,0,0,0,0,0,0,0,0,0,0,0,0,0,0,0,0,0,0,0,0,0,0,0,0,0,0,0,0,0,0,0,0,0,0,0,0,0,0,0,0,0,0,0,0,0,0,0,0,0,0,0,0,0,0,0,0,0,0,0,0,0,0,0,0,0,0,0,0,0,0,0,0,0,0,0,0,0,0,0
7160,178.47917336775518,2.0077514373505263,11.249219723880989,0,0,0,0,0,0,0,0,0,0,0,0,0,0,0,0,0,0,0,0,0,0,0,0,0,0,0,0,0,0,0,0,0,0,0,0,0,0,0,0,0,0,0,0,0,0,0,0,0,0,0,0,0,0,0,0,0,0,0,0,0,0,0,0,0,0,0,0,0,0,0,0,0,0,0,0,0,0,0,0,0,0,0,0,0,0,0,0,0,0,0,0,0,0,0,0,0,0,0,0,0,0,0,0,0,0,0,0,0,0,0,0,0,0,0,0,0,0,0,0,0,0,0,0,0,0,0,0,0,0,0,0,0,0,0,0,0,0,0,0,0,0,0,0,0,0,0,0,0,0
7161,320.9037662294096,0,0,0,0,0,0,0,0,0,0,0,0,0,0,0,0,0,0,0,0,0,0,0,0,0,0,0,0,0,0,0,0,0,0,0,0,0,0,0,0,0,0,0,0,0,0,0,0,0,0,0,0,0,0,0,0,0,0,0,0,0,0,0,0,0,0,0,0,0,0,0,0,0,0,0,0,0,0,0,0,0,0,0,0,0,0,0,0,0,0,0,0,0,0,0,0,0,0,0,0,0,0,0,0,0,0,0,0,0,0,0,0,0,0,0,0,0,0,0,0,0,0,0,0,0,0,0,0,0,0,0,0,0,0,0,0,0,0,0,0,0,0,0,0,0,0,0,0,0,0,0,0
7162,475.4725732899762,0,0,0,0,0,0,0,0,0,0,0,0,0,0,0,0,0,0,0,0,0,0,0,0,0,0,0,0,0,0,0,0,0,0,0,0,0,0,0,0,0,0,0,0,0,0,0,0,0,0,0,0,0,0,0,0,0,0,0,0,0,0,0,0,0,0,0,0,0,0,0,0,0,0,0,0,0,0,0,0,0,0,0,0,0,0,0,0,0,0,0,0,0,0,0,0,0,0,0,0,0,0,0,0,0,0,0,0,0,0,0,0,0,0,0,0,0,0,0,0,0,0,0,0,0,0,0,0,0,0,0,0,0,0,0,0,0,0,0,0,0,0,0,0,0,0,0,0,0,0,0,0
7163,196.51600567378188,33.74502563186849,171.71642338327138,0,0,0,0,0,0,0,0,0,0,0,0,0,0,0,0,0,0,0,0,0,0,0,0,0,0,0,0,0,0,0,0,0,0,0,0,0,0,0,0,0,0,0,0,0,0,0,0,0,0,0,0,0,0,0,0,0,0,0,0,0,0,0,0,0,0,0,0,0,0,0,0,0,0,0,0,0,0,0,0,0,0,0,0,0,0,0,0,0,0,0,0,0,0,0,0,0,0,0,0,0,0,0,0,0,0,0,0,0,0,0,0,0,0,0,0,0,0,0,0,0,0,0,0,0,0,0,0,0,0,0,0,0,0,0,0,0,0,0,0,0,0,0,0,0,0,0,0,0,0
7164,228.25592526702408,0,0,0,0,0,0,0,0,0,0,0,0,0,0,0,0,0,0,0,0,0,0,0,0,0,0,0,0,0,0,0,0,0,0,0,0,0,0,0,0,0,0,0,0,0,0,0,0,0,0,0,0,0,0,0,0,0,0,0,0,0,0,0,0,0,0,0,0,0,0,0,0,0,0,0,0,0,0,0,0,0,0,0,0,0,0,0,0,0,0,0,0,0,0,0,0,0,0,0,0,0,0,0,0,0,0,0,0,0,0,0,0,0,0,0,0,0,0,0,0,0,0,0,0,0,0,0,0,0,0,0,0,0,0,0,0,0,0,0,0,0,0,0,0,0,0,0,0,0,0,0,0
7165,373.73716219542524,134.46906590604695,359.7958124264179,0,0,0,0,0,0,0,0,0,0,0,0,0,10.577558291123228,10.577558291123228,10.577558291123228,10.577558291123228,10.577558291123228,16.98309124677236,16.98309124677236,16.98309124677236,16.98309124677236,16.98309124677236,16.98309124677236,16.98309124677236,16.98309124677236,16.98309124677236,16.98309124677236,16.98309124677236,16.98309124677236,16.98309124677236,16.98309124677236,16.98309124677236,16.98309124677236,16.98309124677236,16.98309124677236,16.98309124677236,16.98309124677236,16.98309124677236,16.98309124677236,16.98309124677236,16.98309124677236,16.98309124677236,16.98309124677236,16.98309124677236,16.98309124677236,16.98309124677236,16.98309124677236,16.98309124677236,16.98309124677236,16.98309124677236,16.98309124677236,16.98309124677236,16.98309124677236,16.98309124677236,16.98309124677236,16.98309124677236,16.98309124677236,16.98309124677236,16.98309124677236,16.98309124677236,16.98309124677236,16.98309124677236,16.98309124677236,16.98309124677236,16.98309124677236,16.98309124677236,16.98309124677236,16.98309124677236,16.98309124677236,16.98309124677236,16.98309124677236,16.98309124677236,16.98309124677236,16.98309124677236,0,0,0,0,0,0,0,0,0,0,0,0,0,28.302131447105808,28.302131447105808,28.302131447105808,28.302131447105808,28.302131447105808,45.441269867329886,45.441269867329886,45.441269867329886,45.441269867329886,45.441269867329886,45.441269867329886,45.441269867329886,45.441269867329886,45.441269867329886,45.441269867329886,45.441269867329886,45.441269867329886,45.441269867329886,45.441269867329886,45.441269867329886,45.441269867329886,45.441269867329886,45.441269867329886,45.441269867329886,45.441269867329886,45.441269867329886,45.441269867329886,45.441269867329886,45.441269867329886,45.441269867329886,45.441269867329886,45.441269867329886,45.441269867329886,45.441269867329886,45.441269867329886,45.441269867329886,45.441269867329886,45.441269867329886,45.441269867329886,45.441269867329886,45.441269867329886,45.441269867329886,45.441269867329886,45.441269867329886,45.441269867329886,45.441269867329886,45.441269867329886,45.441269867329886,45.441269867329886,45.441269867329886,45.441269867329886,45.441269867329886,45.441269867329886,45.441269867329886,45.441269867329886,45.441269867329886,45.441269867329886,45.441269867329886,45.441269867329886,45.441269867329886,45.441269867329886,45.441269867329886
8001,712.4184643982896,0,0,0,0,0,0,0,0,0,0,0,0,2.961064768136706,2.961064768136706,2.961064768136706,2.961064768136706,2.961064768136706,2.961064768136706,2.961064768136706,2.961064768136706,2.961064768136706,2.961064768136706,2.961064768136706,2.961064768136706,2.961064768136706,2.961064768136706,2.961064768136706,2.961064768136706,2.961064768136706,2.961064768136706,2.961064768136706,2.961064768136706,2.961064768136706,2.961064768136706,2.961064768136706,2.961064768136706,2.961064768136706,2.961064768136706,2.961064768136706,2.961064768136706,2.961064768136706,2.961064768136706,2.961064768136706,2.961064768136706,2.961064768136706,2.961064768136706,2.961064768136706,2.961064768136706,2.961064768136706,2.961064768136706,2.961064768136706,2.961064768136706,2.961064768136706,2.961064768136706,2.961064768136706,2.961064768136706,2.961064768136706,2.961064768136706,2.961064768136706,2.961064768136706,2.961064768136706,2.961064768136706,2.961064768136706,2.961064768136706,2.961064768136706,2.961064768136706,2.961064768136706,2.961064768136706,2.961064768136706,2.961064768136706,2.961064768136706,2.961064768136706,2.961064768136706,2.961064768136706,2.961064768136706,2.961064768136706,2.961064768136706,0,0,0,0,0,0,0,0,0,0,4.156356012807204,4.156356012807204,4.156356012807204,4.156356012807204,4.156356012807204,4.156356012807204,4.156356012807204,4.156356012807204,4.156356012807204,4.156356012807204,4.156356012807204,4.156356012807204,4.156356012807204,4.156356012807204,4.156356012807204,4.156356012807204,4.156356012807204,4.156356012807204,4.156356012807204,4.156356012807204,4.156356012807204,4.156356012807204,4.156356012807204,4.156356012807204,4.156356012807204,4.156356012807204,4.156356012807204,4.156356012807204,4.156356012807204,4.156356012807204,4.156356012807204,4.156356012807204,4.156356012807204,4.156356012807204,4.156356012807204,4.156356012807204,4.156356012807204,4.156356012807204,4.156356012807204,4.156356012807204,4.156356012807204,4.156356012807204,4.156356012807204,4.156356012807204,4.156356012807204,4.156356012807204,4.156356012807204,4.156356012807204,4.156356012807204,4.156356012807204,4.156356012807204,4.156356012807204,4.156356012807204,4.156356012807204,4.156356012807204,4.156356012807204,4.156356012807204,4.156356012807204,4.156356012807204,4.156356012807204,4.156356012807204,4.156356012807204,4.156356012807204,4.156356012807204,4.156356012807204
8002,190.00208737341464,0,0,0,0,0,0,0,0,0,0,0,0,0,0,0,0,0,0,0,0,0,0,0,0,0,0,0,0,0,0,0,0,0,0,0,0,0,0,0,0,0,0,0,0,0,0,0,0,0,0,0,0,0,0,0,0,0,0,0,0,0,0,0,0,0,0,0,0,0,0,0,0,0,0,0,0,0,0,0,0,0,0,0,0,0,0,0,0,0,0,0,0,0,0,0,0,0,0,0,0,0,0,0,0,0,0,0,0,0,0,0,0,0,0,0,0,0,0,0,0,0,0,0,0,0,0,0,0,0,0,0,0,0,0,0,0,0,0,0,0,0,0,0,0,0,0,0,0,0,0,0,0
8003,628.3847213461995,0,0,0,0,0,0,0,0,0,0,0,0,0,0,0,0,0,0,0,0,0,0,0,0,0,0,0,0,0,0,0,0,0,0,0,0,0,0,0,0,0,0,0,0,0,0,0,0,0,0,0,0,0,0,0,0,0,0,0,0,0,16.98952253760761,28.68385844938914,28.68385844938914,28.68385844938914,28.68385844938914,28.68385844938914,28.68385844938914,28.68385844938914,28.68385844938914,28.68385844938914,28.68385844938914,28.68385844938914,28.68385844938914,28.68385844938914,28.68385844938914,28.68385844938914,0,0,0,0,0,0,0,0,0,0,0,0,0,0,0,0,0,0,0,0,0,0,0,0,0,0,0,0,0,0,0,0,0,0,0,0,0,0,0,0,0,0,0,0,0,0,0,0,0,0,0,0,0,0,0,0,0,0,0,27.036816715101953,45.646969881666145,45.646969881666145,45.646969881666145,45.646969881666145,45.646969881666145,45.646969881666145,45.646969881666145,45.646969881666145,45.646969881666145,45.646969881666145,45.646969881666145,45.646969881666145,45.646969881666145,45.646969881666145,45.646969881666145
8004,529.8736703605247,23.435113604800062,44.22773750742299,0,0,0,0,0,0,0,0,0,0,0,0,0,0,0,0,0,0,0,0,0,0,0,0,0,0,0,0,0,0,25.963732597083773,25.963732597083773,25.963732597083773,25.963732597083773,25.963732597083773,25.963732597083773,25.963732597083773,25.963732597083773,25.963732597083773,25.963732597083773,25.963732597083773,25.963732597083773,25.963732597083773,25.963732597083773,25.963732597083773,25.963732597083773,25.963732597083773,25.963732597083773,25.963732597083773,25.963732597083773,25.963732597083773,25.963732597083773,25.963732597083773,25.963732597083773,25.963732597083773,25.963732597083773,25.963732597083773,25.963732597083773,25.963732597083773,25.963732597083773,25.963732597083773,25.963732597083773,25.963732597083773,25.963732597083773,25.963732597083773,25.963732597083773,25.963732597083773,25.963732597083773,25.963732597083773,25.963732597083773,25.963732597083773,25.963732597083773,25.963732597083773,25.963732597083773,25.963732597083773,0,0,0,0,0,0,0,0,0,0,0,0,0,0,0,0,0,0,0,0,0,0,0,0,0,0,0,0,0,0,48.99985420943471,48.99985420943471,48.99985420943471,48.99985420943471,48.99985420943471,48.99985420943471,48.99985420943471,48.99985420943471,48.99985420943471,48.99985420943471,48.99985420943471,48.99985420943471,48.99985420943471,48.99985420943471,48.99985420943471,48.99985420943471,48.99985420943471,48.99985420943471,48.99985420943471,48.99985420943471,48.99985420943471,48.99985420943471,48.99985420943471,48.99985420943471,48.99985420943471,48.99985420943471,48.99985420943471,48.99985420943471,48.99985420943471,48.99985420943471,48.99985420943471,48.99985420943471,48.99985420943471,48.99985420943471,48.99985420943471,48.99985420943471,48.99985420943471,48.99985420943471,48.99985420943471,48.99985420943471,48.99985420943471,48.99985420943471,48.99985420943471,48.99985420943471,48.99985420943471
8005,232.5303795076499,0,0,0,0,0,0,0,0,0,0,0,0,0,0,0,0,0,0,0,0,0,0,0,0,0,0,0,0,0,0,0,0,0,0,0,0,0,0,0,0,0,0,0,0,0,0,0,0,0,0,0,0,0,0,0,0,0,0,0,0,0,0,0,0,0,0,0,0,0,0,0,0,0,0,0,0,0,0,0,0,0,0,0,0,0,0,0,0,0,0,0,0,0,0,0,0,0,0,0,0,0,0,0,0,0,0,0,0,0,0,0,0,0,0,0,0,0,0,0,0,0,0,0,0,0,0,0,0,0,0,0,0,0,0,0,0,0,0,0,0,0,0,0,0,0,0,0,0,0,0,0,0
8006,76.64814899801206,0,0,0,0,0,0,0,0,0,0,0,0,0,0,0,0,0,0,0,0,0,0,0,0,0,0,0,0,0,0,0,0,0,0,0,0,0,0,0,0,0,0,0,0,0,0,0,0,0,0,0,0,0,0,0,0,0,0,0,0,0,0,0,0,0,0,0,0,0,0,0,0,0,0,0,0,0,0,0,0,0,0,0,0,0,0,0,0,0,0,0,0,0,0,0,0,0,0,0,0,0,0,0,0,0,0,0,0,0,0,0,0,0,0,0,0,0,0,0,0,0,0,0,0,0,0,0,0,0,0,0,0,0,0,0,0,0,0,0,0,0,0,0,0,0,0,0,0,0,0,0,0
8007,321.3912045945494,0,0,0,0,0,0,0,0,0,0,0,0,0,0,0,0,0,0,0,0,0,0,0,0,0,0,0,0,0,0,0,0,0,0,0,0,0,0,0,0,0,0,0,0,0,0,0,0,0,0,0,0,0,0,0,0,0,0,0,0,0,0,0,0,0,0,0,0,0,0,0,0,0,0,0,0,0,0,0,0,0,0,0,0,0,0,0,0,0,0,0,0,0,0,0,0,0,0,0,0,0,0,0,0,0,0,0,0,0,0,0,0,0,0,0,0,0,0,0,0,0,0,0,0,0,0,0,0,0,0,0,0,0,0,0,0,0,0,0,0,0,0,0,0,0,0,0,0,0,0,0,0
8008,48.94848852985481,0,0,0,0,0,0,0,0,0,0,0,0,0,0,0,0,0,0,0,0,0,0,0,0,0,0,0,0,0,0,0,0,0,0,0,0,0,0,0,0,0,0,0,0,0,0,0,0,0,0,0,0,0,0,0,0,0,0,0,0,0,0,0,0,0,0,0,0,0,0,0,0,0,0,0,0,0,0,0,0,0,0,0,0,0,0,0,0,0,0,0,0,0,0,0,0,0,0,0,0,0,0,0,0,0,0,0,0,0,0,0,0,0,0,0,0,0,0,0,0,0,0,0,0,0,0,0,0,0,0,0,0,0,0,0,0,0,0,0,0,0,0,0,0,0,0,0,0,0,0,0,0
8009,333.9268174457599,0,0,0,0,0,0,0,0,0,0,0,0,0,0,0,0,0,0,0,0,0,0,0,0,0,0,0,0,0,0,0,0,0,0,0,0,0,0,0,0,0,0,0,0,0,0,0,0,0,0,0,0,0,0,0,0,0,0,0,0,0,0,0,0,0,0,0,0,0,0,0,0,0,0,0,0,0,0,0,0,0,0,0,0,0,0,0,0,0,0,0,0,0,0,0,0,0,0,0,0,0,0,0,0,0,0,0,0,0,0,0,0,0,0,0,0,0,0,0,0,0,0,0,0,0,0,0,0,0,0,0,0,0,0,0,0,0,0,0,0,0,0,0,0,0,0,0,0,0,0,0,0
8010,186.7350978361489,0,0,0,0,0,0,0,0,0,0,0,0,0,0,0,0,0,0,0,0,0,0,0,0,0,0,0,0,0,0,0,0,0,0,0,0,0,0,0,0,0,0,0,0,0,0,0,0,0,0,0,0,0,0,0,0,0,0,0,0,0,0,0,0,0,0,0,0,0,0,0,0,0,0,0,0,0,0,0,0,0,0,0,0,0,0,0,0,0,0,0,0,0,0,0,0,0,0,0,0,0,0,0,0,0,0,0,0,0,0,0,0,0,0,0,0,0,0,0,0,0,0,0,0,0,0,0,0,0,0,0,0,0,0,0,0,0,0,0,0,0,0,0,0,0,0,0,0,0,0,0,0
8011,166.72927617273962,8.07503635385905,48.43202429243993,0,0,0,0,0,0,0,0,0,0,0,8.799181155429109,8.799181155429109,8.799181155429109,8.799181155429109,8.799181155429109,8.799181155429109,8.799181155429109,8.799181155429109,8.799181155429109,8.799181155429109,8.799181155429109,8.799181155429109,8.799181155429109,8.799181155429109,8.799181155429109,8.799181155429109,8.799181155429109,8.799181155429109,8.799181155429109,8.799181155429109,8.799181155429109,8.799181155429109,8.799181155429109,8.799181155429109,8.799181155429109,8.799181155429109,8.799181155429109,8.799181155429109,8.799181155429109,8.799181155429109,8.799181155429109,8.799181155429109,8.799181155429109,8.799181155429109,8.799181155429109,8.799181155429109,8.799181155429109,8.799181155429109,8.799181155429109,8.799181155429109,8.799181155429109,8.799181155429109,8.799181155429109,8.799181155429109,8.799181155429109,8.799181155429109,8.799181155429109,8.799181155429109,8.799181155429109,8.799181155429109,8.799181155429109,8.799181155429109,8.799181155429109,8.799181155429109,8.799181155429109,8.799181155429109,8.799181155429109,8.799181155429109,8.799181155429109,8.799181155429109,8.799181155429109,8.799181155429109,8.799181155429109,8.799181155429109,0,0,0,0,0,0,0,0,0,0,0,52.77526153422948,52.77526153422948,52.77526153422948,52.77526153422948,52.77526153422948,52.77526153422948,52.77526153422948,52.77526153422948,52.77526153422948,52.77526153422948,52.77526153422948,52.77526153422948,52.77526153422948,52.77526153422948,52.77526153422948,52.77526153422948,52.77526153422948,52.77526153422948,52.77526153422948,52.77526153422948,52.77526153422948,52.77526153422948,52.77526153422948,52.77526153422948,52.77526153422948,52.77526153422948,52.77526153422948,52.77526153422948,52.77526153422948,52.77526153422948,52.77526153422948,52.77526153422948,52.77526153422948,52.77526153422948,52.77526153422948,52.77526153422948,52.77526153422948,52.77526153422948,52.77526153422948,52.77526153422948,52.77526153422948,52.77526153422948,52.77526153422948,52.77526153422948,52.77526153422948,52.77526153422948,52.77526153422948,52.77526153422948,52.77526153422948,52.77526153422948,52.77526153422948,52.77526153422948,52.77526153422948,52.77526153422948,52.77526153422948,52.77526153422948,52.77526153422948,52.77526153422948,52.77526153422948,52.77526153422948,52.77526153422948,52.77526153422948,52.77526153422948,52.77526153422948
8012,273.05647390398326,0,0,0,0,0,0,0,0,0,0,0,0,0,0,0,0,0,0,0,0,0,0,0,0,0,0,0,0,0,0,0,0,0,0,0,0,0,0,0,0,0,0,0,0,0,0,0,0,0,0,0,0,0,0,0,0,0,0,0,0,0,0,0,0,0,0,0,0,0,0,0,0,0,0,0,0,0,0,0,0,0,0,0,0,0,0,0,0,0,0,0,0,0,0,0,0,0,0,0,0,0,0,0,0,0,0,0,0,0,0,0,0,0,0,0,0,0,0,0,0,0,0,0,0,0,0,0,0,0,0,0,0,0,0,0,0,0,0,0,0,0,0,0,0,0,0,0,0,0,0,0,0
8013,124.60196114946508,0,0,0,0,0,0,0,0,0,0,0,0,0,0,0,0,0,0,0,0,0,0,0,0,0,0,0,0,0,0,0,0,8.344805326827526,8.344805326827526,8.344805326827526,8.344805326827526,8.344805326827526,8.344805326827526,8.344805326827526,8.344805326827526,8.344805326827526,8.344805326827526,8.344805326827526,8.344805326827526,8.344805326827526,8.344805326827526,8.344805326827526,8.344805326827526,8.344805326827526,8.344805326827526,8.344805326827526,8.344805326827526,8.344805326827526,8.344805326827526,8.344805326827526,8.344805326827526,8.344805326827526,8.344805326827526,8.344805326827526,8.344805326827526,8.344805326827526,8.344805326827526,8.344805326827526,8.344805326827526,8.344805326827526,8.344805326827526,8.344805326827526,8.344805326827526,8.344805326827526,8.344805326827526,8.344805326827526,8.344805326827526,8.344805326827526,8.344805326827526,8.344805326827526,8.344805326827526,8.344805326827526,0,0,0,0,0,0,0,0,0,0,0,0,0,0,0,0,0,0,0,0,0,0,0,0,0,0,0,0,0,0,66.9717013267359,66.9717013267359,66.9717013267359,66.9717013267359,66.9717013267359,66.9717013267359,66.9717013267359,66.9717013267359,66.9717013267359,66.9717013267359,66.9717013267359,66.9717013267359,66.9717013267359,66.9717013267359,66.9717013267359,66.9717013267359,66.9717013267359,66.9717013267359,66.9717013267359,66.9717013267359,66.9717013267359,66.9717013267359,66.9717013267359,66.9717013267359,66.9717013267359,66.9717013267359,66.9717013267359,66.9717013267359,66.9717013267359,66.9717013267359,66.9717013267359,66.9717013267359,66.9717013267359,66.9717013267359,66.9717013267359,66.9717013267359,66.9717013267359,66.9717013267359,66.9717013267359,66.9717013267359,66.9717013267359,66.9717013267359,66.9717013267359,66.9717013267359,66.9717013267359
8014,159.2056381367057,10.732893547868619,67.41528549794552,0,0,0,0,0,0,0,0,0,0,0,0,0,0,0,0,0,0,0,0,0,0,0,0,0,0,0,0,0,0,0,0,0,0,0,0,0,0,0,0,0,0,0,0,0,0,0,0,0,0,0,0,0,0,0,0,0,0,0,0,0,0,0,0,0,0,0,0,0,0,0,0,0,0,0,0,0,0,0,0,0,0,0,0,0,0,0,0,0,0,0,0,0,0,0,0,0,0,0,0,0,0,0,0,0,0,0,0,0,0,0,0,0,0,0,0,0,0,0,0,0,0,0,0,0,0,0,0,0,0,0,0,0,0,0,0,0,0,0,0,0,0,0,0,0,0,0,0,0,0
8015,295.29692496604736,6.181619467926948,20.93357209404635,0,0,0,0,0,0,0,0,0,0,0,0,0,0,0,0,0,0,0,0,0,0,0,0,0,0,0,0,0,0,0,0,0,0,0,0,0,0,0,0,0,0,0,0,0,0,0,0,0,0,0,0,0,0,0,0,0,0,0,0,0,0,0,0,0,0,0,0,0,0,0,0,0,0,0,0,0,0,0,0,0,0,0,0,0,0,0,0,0,0,0,0,0,0,0,0,0,0,0,0,0,0,0,0,0,0,0,0,0,0,0,0,0,0,0,0,0,0,0,0,0,0,0,0,0,0,0,0,0,0,0,0,0,0,0,0,0,0,0,0,0,0,0,0,0,0,0,0,0,0
8016,167.3211067025891,0,0,0,0,0,0,0,0,0,0,0,0,0,0,0,0,0,0,0,0,0,0,0,0,0,0,0,0,0,0,0,0,0,0,0,0,0,0,0,0,0,0,0,0,0,0,0,0,0,0,0,0,0,0,0,0,0,0,0,0,0,0,12.593641787593048,12.593641787593048,12.593641787593048,12.593641787593048,12.593641787593048,12.593641787593048,12.593641787593048,12.593641787593048,12.593641787593048,12.593641787593048,12.593641787593048,12.593641787593048,12.593641787593048,12.593641787593048,12.593641787593048,0,0,0,0,0,0,0,0,0,0,0,0,0,0,0,0,0,0,0,0,0,0,0,0,0,0,0,0,0,0,0,0,0,0,0,0,0,0,0,0,0,0,0,0,0,0,0,0,0,0,0,0,0,0,0,0,0,0,0,0,75.26630701754841,75.26630701754841,75.26630701754841,75.26630701754841,75.26630701754841,75.26630701754841,75.26630701754841,75.26630701754841,75.26630701754841,75.26630701754841,75.26630701754841,75.26630701754841,75.26630701754841,75.26630701754841,75.26630701754841
8017,574.7198957347535,0,0,0,0,0,0,0,0,0,0,0,0,0,0,0,0,0,0,0,0,0,0,0,0,0,0,0,0,0,0,0,0,0,0,0,0,0,0,0,0,0,0,0,0,0,0,0,0,0,0,0,0,0,0,0,0,0,0,0,0,0,0,0,0,0,0,0,0,0,0,0,0,0,0,0,0,0,0,0,0,0,0,0,0,0,0,0,0,0,0,0,0,0,0,0,0,0,0,0,0,0,0,0,0,0,0,0,0,0,0,0,0,0,0,0,0,0,0,0,0,0,0,0,0,0,0,0,0,0,0,0,0,0,0,0,0,0,0,0,0,0,0,0,0,0,0,0,0,0,0,0,0
8018,242.9489899372823,2.279642765126745,9.383215652451318,0,0,0,0,0,0,0,0,0,0,0,0,0,0,0,0,0,0,0,0,0,0,0,0,0,0,0,0,0,0,8.634992418062446,8.634992418062446,8.634992418062446,8.634992418062446,8.634992418062446,8.634992418062446,8.634992418062446,8.634992418062446,8.634992418062446,8.634992418062446,8.634992418062446,8.634992418062446,8.634992418062446,8.634992418062446,8.634992418062446,8.634992418062446,8.634992418062446,8.634992418062446,8.634992418062446,8.634992418062446,8.634992418062446,8.634992418062446,8.634992418062446,8.634992418062446,8.634992418062446,8.634992418062446,8.634992418062446,8.634992418062446,8.634992418062446,8.634992418062446,8.634992418062446,8.634992418062446,8.634992418062446,8.634992418062446,8.634992418062446,8.634992418062446,8.634992418062446,8.634992418062446,8.634992418062446,8.634992418062446,8.634992418062446,8.634992418062446,8.634992418062446,8.634992418062446,8.634992418062446,0,0,0,0,0,0,0,0,0,0,0,0,0,0,0,0,0,0,0,0,0,0,0,0,0,0,0,0,0,0,35.54240921228602,35.54240921228602,35.54240921228602,35.54240921228602,35.54240921228602,35.54240921228602,35.54240921228602,35.54240921228602,35.54240921228602,35.54240921228602,35.54240921228602,35.54240921228602,35.54240921228602,35.54240921228602,35.54240921228602,35.54240921228602,35.54240921228602,35.54240921228602,35.54240921228602,35.54240921228602,35.54240921228602,35.54240921228602,35.54240921228602,35.54240921228602,35.54240921228602,35.54240921228602,35.54240921228602,35.54240921228602,35.54240921228602,35.54240921228602,35.54240921228602,35.54240921228602,35.54240921228602,35.54240921228602,35.54240921228602,35.54240921228602,35.54240921228602,35.54240921228602,35.54240921228602,35.54240921228602,35.54240921228602,35.54240921228602,35.54240921228602,35.54240921228602,35.54240921228602
8019,113.06759374144173,0,0,0,0,0,0,0,0,0,0,0,0,0,0,0,0,0,0,0,0,0,0,0,0,0,0,0,0,0,0,0,0,0,0,0,0,0,0,0,0,0,0,0,0,0,0,0,0,0,0,0,0,0,0,0,0,0,0,0,0,0,0,0,0,0,0,0,0,0,0,0,0,0,0,0,0,0,0,0,0,0,0,0,0,0,0,0,0,0,0,0,0,0,0,0,0,0,0,0,0,0,0,0,0,0,0,0,0,0,0,0,0,0,0,0,0,0,0,0,0,0,0,0,0,0,0,0,0,0,0,0,0,0,0,0,0,0,0,0,0,0,0,0,0,0,0,0,0,0,0,0,0
8020,173.0365317567206,0,0,0,0,0,0,0,0,0,0,0,0,0,0,0,0,0,0,0,0,0,0,0,0,0,0,0,0,0,0,0,0,0,0,0,0,0,0,0,0,0,0,0,0,0,0,0,0,0,0,0,0,0,0,0,0,0,0,0,0,0,0,0,0,0,0,0,0,0,0,0,0,0,0,0,0,0,0,0,0,0,0,0,0,0,0,0,0,0,0,0,0,0,0,0,0,0,0,0,0,0,0,0,0,0,0,0,0,0,0,0,0,0,0,0,0,0,0,0,0,0,0,0,0,0,0,0,0,0,0,0,0,0,0,0,0,0,0,0,0,0,0,0,0,0,0,0,0,0,0,0,0
8021,88.58417797025919,0,0,0,0,0,0,0,0,0,0,0,0,0,0,0,0,0,0,0,0,0,0,0,0,0,0,0,0,0,0,0,0,0,0,0,0,0,0,0,0,0,0,0,0,0,0,0,0,0,0,0,0,0,0,0,0,0,0,0,0,0,0,0,0,0,0,0,0,0,0,0,0,0,0,0,0,0,0,0,0,0,0,0,0,0,0,0,0,0,0,0,0,0,0,0,0,0,0,0,0,0,0,0,0,0,0,0,0,0,0,0,0,0,0,0,0,0,0,0,0,0,0,0,0,0,0,0,0,0,0,0,0,0,0,0,0,0,0,0,0,0,0,0,0,0,0,0,0,0,0,0,0
8022,208.28904056409405,1.8731007907575996,8.992795711597774,0,0,0,0,0,0,0,0,0,0,0,0,0,0,0,0,0,0,0,0,0,0,0,0,0,0,0,0,0,0,0,0,0,0,0,0,0,0,0,0,0,0,0,0,0,0,0,0,0,0,0,0,0,0,0,0,0,0,0,0,0,0,0,0,0,0,0,0,0,0,0,0,0,0,0,0,0,0,0,0,0,0,0,0,0,0,0,0,0,0,0,0,0,0,0,0,0,0,0,0,0,0,0,0,0,0,0,0,0,0,0,0,0,0,0,0,0,0,0,0,0,0,0,0,0,0,0,0,0,0,0,0,0,0,0,0,0,0,0,0,0,0,0,0,0,0,0,0,0,0
8023,39.764298036124586,0,0,0,0,0,0,0,0,0,0,0,0,0,0,0,0,0,0,0,0,0,0,0,0,0,0,0,0,0,0,0,0,0,0,0,0,0,0,0,0,0,0,0,0,0,0,0,0,0,0,0,0,0,0,0,0,0,0,0,0,0,0,0,0,0,0,0,0,0,0,0,0,0,0,0,0,0,0,0,0,0,0,0,0,0,0,0,0,0,0,0,0,0,0,0,0,0,0,0,0,0,0,0,0,0,0,0,0,0,0,0,0,0,0,0,0,0,0,0,0,0,0,0,0,0,0,0,0,0,0,0,0,0,0,0,0,0,0,0,0,0,0,0,0,0,0,0,0,0,0,0,0
8024,1931.8163213689345,126.49561148811182,65.48014430195609,0,0,0,0,0,0,0,0,0,0,0,0,0,0,0,0,0,0,0,0,0,0,0,0,0,0,0,0,0,0,0,0,0,0,0,0,0,0,0,0,0,0,0,0,0,0,0,0,0,0,0,0,0,0,0,0,0,0,0,0,0,0,0,0,0,0,0,0,0,0,0,0,0,0,0,0,0,0,0,0,0,0,0,0,0,0,0,0,0,0,0,0,0,0,0,0,0,0,0,0,0,0,0,0,0,0,0,0,0,0,0,0,0,0,0,0,0,0,0,0,0,0,0,0,0,0,0,0,0,0,0,0,0,0,0,0,0,0,0,0,0,0,0,0,0,0,0,0,0,0
8025,607.783792189517,0,0,0,0,0,0,0,0,0,0,0,14.241786382097981,39.50203808069859,39.50203808069859,39.50203808069859,39.50203808069859,39.50203808069859,39.50203808069859,39.50203808069859,39.50203808069859,39.50203808069859,39.50203808069859,39.50203808069859,39.50203808069859,39.50203808069859,39.50203808069859,39.50203808069859,39.50203808069859,39.50203808069859,39.50203808069859,39.50203808069859,39.50203808069859,39.50203808069859,39.50203808069859,39.50203808069859,39.50203808069859,39.50203808069859,39.50203808069859,39.50203808069859,39.50203808069859,39.50203808069859,39.50203808069859,39.50203808069859,39.50203808069859,39.50203808069859,39.50203808069859,39.50203808069859,39.50203808069859,39.50203808069859,39.50203808069859,39.50203808069859,39.50203808069859,39.50203808069859,39.50203808069859,39.50203808069859,39.50203808069859,39.50203808069859,39.50203808069859,39.50203808069859,39.50203808069859,39.50203808069859,39.50203808069859,39.50203808069859,39.50203808069859,39.50203808069859,39.50203808069859,39.50203808069859,39.50203808069859,39.50203808069859,39.50203808069859,39.50203808069859,39.50203808069859,39.50203808069859,39.50203808069859,39.50203808069859,39.50203808069859,39.50203808069859,0,0,0,0,0,0,0,0,0,23.43232341025829,64.9935694046629,64.9935694046629,64.9935694046629,64.9935694046629,64.9935694046629,64.9935694046629,64.9935694046629,64.9935694046629,64.9935694046629,64.9935694046629,64.9935694046629,64.9935694046629,64.9935694046629,64.9935694046629,64.9935694046629,64.9935694046629,64.9935694046629,64.9935694046629,64.9935694046629,64.9935694046629,64.9935694046629,64.9935694046629,64.9935694046629,64.9935694046629,64.9935694046629,64.9935694046629,64.9935694046629,64.9935694046629,64.9935694046629,64.9935694046629,64.9935694046629,64.9935694046629,64.9935694046629,64.9935694046629,64.9935694046629,64.9935694046629,64.9935694046629,64.9935694046629,64.9935694046629,64.9935694046629,64.9935694046629,64.9935694046629,64.9935694046629,64.9935694046629,64.9935694046629,64.9935694046629,64.9935694046629,64.9935694046629,64.9935694046629,64.9935694046629,64.9935694046629,64.9935694046629,64.9935694046629,64.9935694046629,64.9935694046629,64.9935694046629,64.9935694046629,64.9935694046629,64.9935694046629,64.9935694046629,64.9935694046629,64.9935694046629,64.9935694046629,64.9935694046629,64.9935694046629
8026,140.35798110687028,0,0,0,0,0,0,0,0,0,0,0,0,0,0,0,0,0,0,0,0,0,0,0,0,0,0,0,0,0,0,0,0,0,0,0,0,0,0,0,0,0,0,0,0,0,0,0,0,0,0,0,0,0,0,0,0,0,0,0,0,0,0,0,0,0,0,0,0,0,0,0,0,0,0,0,0,0,0,0,0,0,0,0,0,0,0,0,0,0,0,0,0,0,0,0,0,0,0,0,0,0,0,0,0,0,0,0,0,0,0,0,0,0,0,0,0,0,0,0,0,0,0,0,0,0,0,0,0,0,0,0,0,0,0,0,0,0,0,0,0,0,0,0,0,0,0,0,0,0,0,0,0
8027,713.0878428806291,0,0,0,0,0,0,0,0,0,0,0,0,0,0,0,0,0,0,0,0,0,0,0,0,0,0,0,0,0,0,0,0,0,0,0,0,0,0,0,0,0,0,0,0,0,0,0,0,0,0,0,0,25.151099742344567,25.151099742344567,25.151099742344567,25.151099742344567,25.151099742344567,25.151099742344567,25.151099742344567,25.151099742344567,25.151099742344567,35.81891425299653,35.81891425299653,35.81891425299653,35.81891425299653,35.81891425299653,35.81891425299653,35.81891425299653,35.81891425299653,35.81891425299653,35.81891425299653,35.81891425299653,35.81891425299653,35.81891425299653,35.81891425299653,35.81891425299653,35.81891425299653,0,0,0,0,0,0,0,0,0,0,0,0,0,0,0,0,0,0,0,0,0,0,0,0,0,0,0,0,0,0,0,0,0,0,0,0,0,0,0,0,0,0,0,0,0,0,0,0,0,0,35.2706892894749,35.2706892894749,35.2706892894749,35.2706892894749,35.2706892894749,35.2706892894749,35.2706892894749,35.2706892894749,35.2706892894749,50.23071787102759,50.23071787102759,50.23071787102759,50.23071787102759,50.23071787102759,50.23071787102759,50.23071787102759,50.23071787102759,50.23071787102759,50.23071787102759,50.23071787102759,50.23071787102759,50.23071787102759,50.23071787102759,50.23071787102759,50.23071787102759
8028,172.62240809290574,0,0,0,0,0,0,0,0,0,0,0,0,0,0,0,0,0,0,0,0,0,0,0,0,0,0,0,0,0,0,0,0,0,0,0,0,0,0,0,0,0,0,0,0,0,0,0,0,0,0,0,0,0,0,0,0,0,0,0,0,0,0,0.13389575793570474,0.13389575793570474,0.13389575793570474,0.13389575793570474,0.13389575793570474,0.13389575793570474,0.13389575793570474,0.13389575793570474,0.13389575793570474,0.13389575793570474,0.13389575793570474,0.13389575793570474,0.13389575793570474,0.13389575793570474,0.13389575793570474,0,0,0,0,0,0,0,0,0,0,0,0,0,0,0,0,0,0,0,0,0,0,0,0,0,0,0,0,0,0,0,0,0,0,0,0,0,0,0,0,0,0,0,0,0,0,0,0,0,0,0,0,0,0,0,0,0,0,0,0,0.7756568768502046,0.7756568768502046,0.7756568768502046,0.7756568768502046,0.7756568768502046,0.7756568768502046,0.7756568768502046,0.7756568768502046,0.7756568768502046,0.7756568768502046,0.7756568768502046,0.7756568768502046,0.7756568768502046,0.7756568768502046,0.7756568768502046
8029,92.11033589135069,14.705917761785717,159.6554568982592,0,0,0,0,0,0,0,0,0,0,0,0,0,0,0,0,0,0,0,0,0,0,0,0,0,0,0,0,0,0,0,0,0,0,0,0,0,0,0,0,0,0,0,0,0,0,0,0,0,0,0,0,0,0,0,0,0,0,0,0,0,0,0,0,0,0,0,0,0,0,0,0,0,0,0,0,0,0,0,0,0,0,0,0,0,0,0,0,0,0,0,0,0,0,0,0,0,0,0,0,0,0,0,0,0,0,0,0,0,0,0,0,0,0,0,0,0,0,0,0,0,0,0,0,0,0,0,0,0,0,0,0,0,0,0,0,0,0,0,0,0,0,0,0,0,0,0,0,0,0
8030,333.725866731415,0,0,0,0,0,0,0,0,0,0,0,0,0,0,0,0,0,0,0,0,0,0,0,0,0,0,0,0,0,0,0,0,0,0,0,0,0,0,0,0,0,0,0,0,0,0,0,0,0,0,0,0,0,0,0,0,0,0,0,0,0,0,0,0,0,0,0,0,0,0,0,0,0,0,0,0,0,0,0,0,0,0,0,0,0,0,0,0,0,0,0,0,0,0,0,0,0,0,0,0,0,0,0,0,0,0,0,0,0,0,0,0,0,0,0,0,0,0,0,0,0,0,0,0,0,0,0,0,0,0,0,0,0,0,0,0,0,0,0,0,0,0,0,0,0,0,0,0,0,0,0,0
8031,500.8412609549284,0,0,0,0,0,0,0,0,0,0,0,0,0,0,0,0,0,0,0,0,0,0,0,0,0,0,0,0,0,0,0,0,0,0,0,0,0,0,0,0,0,0,0,0,0,0,0,0,0,0,0,0,0,0,0,0,0,0,0,0,0,0,10.988757442033538,10.988757442033538,10.988757442033538,10.988757442033538,10.988757442033538,10.988757442033538,10.988757442033538,10.988757442033538,10.988757442033538,10.988757442033538,10.988757442033538,10.988757442033538,10.988757442033538,10.988757442033538,10.988757442033538,0,0,0,0,0,0,0,0,0,0,0,0,0,0,0,0,0,0,0,0,0,0,0,0,0,0,0,0,0,0,0,0,0,0,0,0,0,0,0,0,0,0,0,0,0,0,0,0,0,0,0,0,0,0,0,0,0,0,0,0,21.940599344953803,21.940599344953803,21.940599344953803,21.940599344953803,21.940599344953803,21.940599344953803,21.940599344953803,21.940599344953803,21.940599344953803,21.940599344953803,21.940599344953803,21.940599344953803,21.940599344953803,21.940599344953803,21.940599344953803
8032,265.5273937506615,0,0,0,0,0,0,0,0,0,0,0,0,0,0,0,0,0,0,0,0,0,0,0,0,0,0,0,0,0,0,0,0,0,0,0,0,0,0,0,0,0,0,0,0,0,0,0,0,0,0,0,0,0,0,0,0,0,0,0,0,0,0,0,0,0,0,0,0,0,0,0,0,0,0,0,0,0,0,0,0,0,0,0,0,0,0,0,0,0,0,0,0,0,0,0,0,0,0,0,0,0,0,0,0,0,0,0,0,0,0,0,0,0,0,0,0,0,0,0,0,0,0,0,0,0,0,0,0,0,0,0,0,0,0,0,0,0,0,0,0,0,0,0,0,0,0,0,0,0,0,0,0
8033,334.5099497393242,0,0,0,0,0,0,0,0,0,0,0,0,0,0,0,0,0,0,0,0,0,0,0,0,0,0,0,0,0,0,0,0,0,0,0,0,0,0,0,0,0,0,0,0,0,0,0,0,0,0,0,0,0,0,0,0,0,0,0,0,0,19.20542954412127,19.20542954412127,19.20542954412127,19.20542954412127,19.20542954412127,19.20542954412127,19.20542954412127,19.20542954412127,19.20542954412127,19.20542954412127,19.20542954412127,19.20542954412127,19.20542954412127,19.20542954412127,19.20542954412127,19.20542954412127,0,0,0,0,0,0,0,0,0,0,0,0,0,0,0,0,0,0,0,0,0,0,0,0,0,0,0,0,0,0,0,0,0,0,0,0,0,0,0,0,0,0,0,0,0,0,0,0,0,0,0,0,0,0,0,0,0,0,0,57.413627185342655,57.413627185342655,57.413627185342655,57.413627185342655,57.413627185342655,57.413627185342655,57.413627185342655,57.413627185342655,57.413627185342655,57.413627185342655,57.413627185342655,57.413627185342655,57.413627185342655,57.413627185342655,57.413627185342655,57.413627185342655
8034,427.88567261273136,13.894081611968057,32.47148128874893,0,0,0,0,0,0,0,0,0,0,0,0,0,0,0,0,0,0,0,0,0,0,0,0,0,0,0,0,0,0,0,0,0,0,0,0,0,0,0,0,0,0,0,0,0,0,0,0,0,0,0,0,0,0,0,0,0,0,0,0,0,0,0,0,0,0,0,0,0,0,0,0,0,0,0,0,0,0,0,0,0,0,0,0,0,0,0,0,0,0,0,0,0,0,0,0,0,0,0,0,0,0,0,0,0,0,0,0,0,0,0,0,0,0,0,0,0,0,0,0,0,0,0,0,0,0,0,0,0,0,0,0,0,0,0,0,0,0,0,0,0,0,0,0,0,0,0,0,0,0
8035,375.45845978495913,0,0,0,0,0,0,0,0,0,0,0,0,0,0,0,0,0,0,0,0,0,0,0,0,0,0,0,0,0,0,0,0,0,0,0,0,0,0,0,0,0,0,0,0,0,0,0,0,0,0,0,0,0,0,0,0,0,0,0,0,0,0,0,0,0,0,0,0,0,0,0,0,0,0,0,0,0,0,0,0,0,0,0,0,0,0,0,0,0,0,0,0,0,0,0,0,0,0,0,0,0,0,0,0,0,0,0,0,0,0,0,0,0,0,0,0,0,0,0,0,0,0,0,0,0,0,0,0,0,0,0,0,0,0,0,0,0,0,0,0,0,0,0,0,0,0,0,0,0,0,0,0
8036,142.38011529613678,0,0,0,0,0,0,0,0,0,0,0,0,0,0,0,0,0,0,0,0,0,0,0,0,0,0,0,0,0,0,0,0,0,0,0,0,0,0,0,0,0,0,0,0,0,0,0,0,0,0,0,0,0,0,0,0,0,0,0,0,0,0,0,0,0,0,0,0,0,0,0,0,0,0,0,0,0,0,0,0,0,0,0,0,0,0,0,0,0,0,0,0,0,0,0,0,0,0,0,0,0,0,0,0,0,0,0,0,0,0,0,0,0,0,0,0,0,0,0,0,0,0,0,0,0,0,0,0,0,0,0,0,0,0,0,0,0,0,0,0,0,0,0,0,0,0,0,0,0,0,0,0
8037,211.0385832196527,17.255416908261964,81.76427573105065,0,0,0,0,0,0,0,0,0,0,0,0,0,0,0,0,0,0,0,0,0,0,0,0,0,0,0,0,0,0,0,0,0,0,0,0,0,0,0,0,0,0,0,0,0,0,0,0,0,0,0,0,0,0,0,0,0,0,0,0,0,0,0,0,0,0,0,0,0,0,0,0,0,0,0,0,0,0,0,0,0,0,0,0,0,0,0,0,0,0,0,0,0,0,0,0,0,0,0,0,0,0,0,0,0,0,0,0,0,0,0,0,0,0,0,0,0,0,0,0,0,0,0,0,0,0,0,0,0,0,0,0,0,0,0,0,0,0,0,0,0,0,0,0,0,0,0,0,0,0
8038,86.41897050356998,0,0,0,0,0,0,0,0,0,0,0,0,0,0,0,0,0,0,0,0,0,0,0,0,0,0,0,0,0,0,0,0,0,0,0,0,0,0,0,0,0,0,0,0,0,0,0,0,0,0,0,0,0,0,0,0,0,0,0,0,0,0,0,0,0,0,0,0,0,0,0,0,0,0,0,0,0,0,0,0,0,0,0,0,0,0,0,0,0,0,0,0,0,0,0,0,0,0,0,0,0,0,0,0,0,0,0,0,0,0,0,0,0,0,0,0,0,0,0,0,0,0,0,0,0,0,0,0,0,0,0,0,0,0,0,0,0,0,0,0,0,0,0,0,0,0,0,0,0,0,0,0
8039,103.87652492153738,0,0,0,0,0,0,0,0,0,0,0,0,0,0,0,0,0,0,0,0,0,0,0,0,0,0,0,0,0,0,0,0,0,0,0,0,0,0,0,0,0,0,0,0,0,0,0,0,0,0,0,0,0,0,0,0,0,0,0,0,0,0,0,0,0,0,0,0,0,0,0,0,0,0,0,0,0,0,0,0,0,0,0,0,0,0,0,0,0,0,0,0,0,0,0,0,0,0,0,0,0,0,0,0,0,0,0,0,0,0,0,0,0,0,0,0,0,0,0,0,0,0,0,0,0,0,0,0,0,0,0,0,0,0,0,0,0,0,0,0,0,0,0,0,0,0,0,0,0,0,0,0
8040,299.31323230382856,16.959377132784354,56.66096684816505,0,0,0,0,0,0,0,0,0,0,0,0,0,0,0,0,0,0,0,0,0,0,0,0,0,0,0,0,0,0,0,0,0,0,0,0,0,0,0,0,0,0,0,0,0,0,0,0,0,0,0,0,0,0,0,0,0,0,0,0,0,0,0,0,0,0,0,0,0,0,0,0,0,0,0,0,0,0,0,0,0,0,0,0,0,0,0,0,0,0,0,0,0,0,0,0,0,0,0,0,0,0,0,0,0,0,0,0,0,0,0,0,0,0,0,0,0,0,0,0,0,0,0,0,0,0,0,0,0,0,0,0,0,0,0,0,0,0,0,0,0,0,0,0,0,0,0,0,0,0
8041,241.87595734317253,0,0,0,0,0,0,0,0,0,0,0,0,0,0,0,0,0,0,0,0,0,0,0,0,0,0,0,0,0,0,0,0,0,0,0,0,0,0,0,0,0,0,0,0,0,0,0,0,0,0,0,0,0,0,0,0,0,0,0,0,0,0,0,0,0,0,0,0,0,0,0,0,0,0,0,0,0,0,0,0,0,0,0,0,0,0,0,0,0,0,0,0,0,0,0,0,0,0,0,0,0,0,0,0,0,0,0,0,0,0,0,0,0,0,0,0,0,0,0,0,0,0,0,0,0,0,0,0,0,0,0,0,0,0,0,0,0,0,0,0,0,0,0,0,0,0,0,0,0,0,0,0
8042,88.50063710371494,0,0,0,0,0,0,0,0,0,0,0,0,0,0,0,0,0,0,0,0,0,0,0,0,0,0,0,0,0,0,0,0,0,0,0,0,0,0,0,0,0,0,0,0,0,0,0,0,0,0,0,0,0,0,0,0,0,0,0,0,0,0,14.947130896552068,14.947130896552068,14.947130896552068,14.947130896552068,14.947130896552068,14.947130896552068,14.947130896552068,14.947130896552068,14.947130896552068,14.947130896552068,14.947130896552068,14.947130896552068,14.947130896552068,14.947130896552068,14.947130896552068,0,0,0,0,0,0,0,0,0,0,0,0,0,0,0,0,0,0,0,0,0,0,0,0,0,0,0,0,0,0,0,0,0,0,0,0,0,0,0,0,0,0,0,0,0,0,0,0,0,0,0,0,0,0,0,0,0,0,0,0,168.8929185790533,168.8929185790533,168.8929185790533,168.8929185790533,168.8929185790533,168.8929185790533,168.8929185790533,168.8929185790533,168.8929185790533,168.8929185790533,168.8929185790533,168.8929185790533,168.8929185790533,168.8929185790533,168.8929185790533
8043,316.31523320602497,0,0,0,0,0,0,0,0,0,0,0,0,0,0,0,0,0,0,0,0,0,0,0,0,0,0,0,0,0,0,0,0,0,0,0,0,0,0,0,0,0,0,0,0,0,0,0,0,0,0,0,0,0,0,0,0,0,0,0,0,0,0,0,0,0,0,0,0,0,0,0,0,0,0,0,0,0,0,0,0,0,0,0,0,0,0,0,0,0,0,0,0,0,0,0,0,0,0,0,0,0,0,0,0,0,0,0,0,0,0,0,0,0,0,0,0,0,0,0,0,0,0,0,0,0,0,0,0,0,0,0,0,0,0,0,0,0,0,0,0,0,0,0,0,0,0,0,0,0,0,0,0
8044,504.2393572915394,18.78243660008806,37.249049143993126,0,0,0,0,0,0,0,0,0,0,0,17.77866011181616,17.77866011181616,17.77866011181616,17.77866011181616,17.77866011181616,17.77866011181616,17.77866011181616,17.77866011181616,17.77866011181616,17.77866011181616,17.77866011181616,17.77866011181616,17.77866011181616,17.77866011181616,17.77866011181616,17.77866011181616,17.77866011181616,17.77866011181616,17.77866011181616,17.77866011181616,17.77866011181616,17.77866011181616,17.77866011181616,17.77866011181616,17.77866011181616,17.77866011181616,17.77866011181616,17.77866011181616,17.77866011181616,17.77866011181616,17.77866011181616,17.77866011181616,17.77866011181616,17.77866011181616,17.77866011181616,17.77866011181616,17.77866011181616,17.77866011181616,17.77866011181616,17.77866011181616,17.77866011181616,17.77866011181616,17.77866011181616,17.77866011181616,17.77866011181616,17.77866011181616,17.77866011181616,17.77866011181616,17.77866011181616,17.77866011181616,17.77866011181616,17.77866011181616,17.77866011181616,17.77866011181616,17.77866011181616,17.77866011181616,17.77866011181616,17.77866011181616,17.77866011181616,17.77866011181616,17.77866011181616,17.77866011181616,17.77866011181616,17.77866011181616,0,0,0,0,0,0,0,0,0,0,0,35.258374529334795,35.258374529334795,35.258374529334795,35.258374529334795,35.258374529334795,35.258374529334795,35.258374529334795,35.258374529334795,35.258374529334795,35.258374529334795,35.258374529334795,35.258374529334795,35.258374529334795,35.258374529334795,35.258374529334795,35.258374529334795,35.258374529334795,35.258374529334795,35.258374529334795,35.258374529334795,35.258374529334795,35.258374529334795,35.258374529334795,35.258374529334795,35.258374529334795,35.258374529334795,35.258374529334795,35.258374529334795,35.258374529334795,35.258374529334795,35.258374529334795,35.258374529334795,35.258374529334795,35.258374529334795,35.258374529334795,35.258374529334795,35.258374529334795,35.258374529334795,35.258374529334795,35.258374529334795,35.258374529334795,35.258374529334795,35.258374529334795,35.258374529334795,35.258374529334795,35.258374529334795,35.258374529334795,35.258374529334795,35.258374529334795,35.258374529334795,35.258374529334795,35.258374529334795,35.258374529334795,35.258374529334795,35.258374529334795,35.258374529334795,35.258374529334795,35.258374529334795,35.258374529334795,35.258374529334795,35.258374529334795,35.258374529334795,35.258374529334795,35.258374529334795
8045,454.23501657363937,0,0,0,0,0,0,0,0,0,0,0,0,0,0,0,0,0,0,0,0,0,0,0,0,0,0,0,0,0,0,0,0,0,0,0,0,0,0,0,0,0,0,0,0,0,0,0,0,0,0,0,0,0,0,0,0,0,0,0,0,0,0,0,0,0,0,0,0,0,0,0,0,0,0,0,0,0,0,0,0,0,0,0,0,0,0,0,0,0,0,0,0,0,0,0,0,0,0,0,0,0,0,0,0,0,0,0,0,0,0,0,0,0,0,0,0,0,0,0,0,0,0,0,0,0,0,0,0,0,0,0,0,0,0,0,0,0,0,0,0,0,0,0,0,0,0,0,0,0,0,0,0
8046,335.0386794916299,0,0,0,0,0,0,0,0,0,0,0,0,0,0,0,0,0,0,0,0,0,0,0,0,0,0,0,0,0,0,0,0,0,0,0,0,0,0,0,0,0,0,0,0,0,0,0,0,0,0,0,0,0,0,0,0,0,0,0,0,0,0,0,0,0,0,0,0,0,0,0,0,0,0,0,0,0,0,0,0,0,0,0,0,0,0,0,0,0,0,0,0,0,0,0,0,0,0,0,0,0,0,0,0,0,0,0,0,0,0,0,0,0,0,0,0,0,0,0,0,0,0,0,0,0,0,0,0,0,0,0,0,0,0,0,0,0,0,0,0,0,0,0,0,0,0,0,0,0,0,0,0
8047,302.54093459372626,0,0,0,0,0,0,0,0,0,0,0,0,0,0,0,0,0,0,0,0,0,0,0,0,0,0,0,0,0,0,0,0,0,0,0,0,0,0,0,0,0,0,0,0,0,0,0,0,0,0,0,0,0,0,0,0,0,0,0,0,0,0,0,0,0,0,0,0,0,0,0,0,0,0,0,0,0,0,0,0,0,0,0,0,0,0,0,0,0,0,0,0,0,0,0,0,0,0,0,0,0,0,0,0,0,0,0,0,0,0,0,0,0,0,0,0,0,0,0,0,0,0,0,0,0,0,0,0,0,0,0,0,0,0,0,0,0,0,0,0,0,0,0,0,0,0,0,0,0,0,0,0
8048,332.47113776821584,10.096575277688078,30.36827601175704,0,0,0,0,0,0,0,0,0,0,0,0,0,0,0,0,0,0,0,0,0,0,0,0,0,0,0,0,0,0,0,0,0,0,0,0,0,0,0,0,0,0,0,0,0,0,0,0,0,0,0,0,0,0,0,0,0,0,0,0,0,0,0,0,0,0,0,0,0,0,0,0,0,0,0,0,0,0,0,0,0,0,0,0,0,0,0,0,0,0,0,0,0,0,0,0,0,0,0,0,0,0,0,0,0,0,0,0,0,0,0,0,0,0,0,0,0,0,0,0,0,0,0,0,0,0,0,0,0,0,0,0,0,0,0,0,0,0,0,0,0,0,0,0,0,0,0,0,0,0
8049,174.4700568033476,0,0,0,0,0,0,0,0,0,0,0,0,0,0,0,0,0,0,0,0,0,0,0,0,0,0,0,0,0,0,0,0,0,0,0,0,0,0,0,0,0,0,0,0,0,0,0,0,0,0,0,0,0,0,0,0,0,0,0,0,0,0,0,0,0,0,0,0,0,0,0,0,0,0,0,0,0,0,0,0,0,0,0,0,0,0,0,0,0,0,0,0,0,0,0,0,0,0,0,0,0,0,0,0,0,0,0,0,0,0,0,0,0,0,0,0,0,0,0,0,0,0,0,0,0,0,0,0,0,0,0,0,0,0,0,0,0,0,0,0,0,0,0,0,0,0,0,0,0,0,0,0
8050,93.30170808769523,0,0,0,0,0,0,0,0,0,0,0,0,0,0,0,0,0,0,0,0,0,0,0,0,0,0,0,0,0,0,0,0,0,0,0,0,0,0,0,0,0,0,0,0,0,0,0,0,0,0,0,0,0,0,0,0,0,0,0,0,0,0,0,0,0,0,0,0,0,0,0,0,0,0,0,0,0,0,0,0,0,0,0,0,0,0,0,0,0,0,0,0,0,0,0,0,0,0,0,0,0,0,0,0,0,0,0,0,0,0,0,0,0,0,0,0,0,0,0,0,0,0,0,0,0,0,0,0,0,0,0,0,0,0,0,0,0,0,0,0,0,0,0,0,0,0,0,0,0,0,0,0
8051,907.2676675110753,0,0,0,0,0,0,0,0,0,0,0,0,0,0,0,0,0,0,0,0,0,0,0,0,0,0,0,0,0,0,0,0,0,0,0,0,0,0,0,0,0,0,0,0,0,0,0,0,0,0,0,0,0,0,0,0,0,0,0,0,0,0,0,0,0,0,0,0,0,0,0,0,0,0,0,0,0,0,0,0,0,0,0,0,0,0,0,0,0,0,0,0,0,0,0,0,0,0,0,0,0,0,0,0,0,0,0,0,0,0,0,0,0,0,0,0,0,0,0,0,0,0,0,0,0,0,0,0,0,0,0,0,0,0,0,0,0,0,0,0,0,0,0,0,0,0,0,0,0,0,0,0
8052,220.96021826533288,0,0,0,0,0,0,0,0,0,0,0,0,0,0,0,0,0,0,0,0,0,0,0,0,0,0,0,0,0,0,0,0,0,0,0,0,0,0,0,0,0,0,0,0,0,0,0,0,0,0,0,0,0,0,0,0,0,0,0,0,0,0,0,0,0,0,0,0,0,0,0,0,0,0,0,0,0,0,0,0,0,0,0,0,0,0,0,0,0,0,0,0,0,0,0,0,0,0,0,0,0,0,0,0,0,0,0,0,0,0,0,0,0,0,0,0,0,0,0,0,0,0,0,0,0,0,0,0,0,0,0,0,0,0,0,0,0,0,0,0,0,0,0,0,0,0,0,0,0,0,0,0
8053,114.14098470076799,0,0,0,0,0,0,0,0,0,0,0,0,0,4.073307946875922,4.073307946875922,4.073307946875922,4.073307946875922,4.073307946875922,4.073307946875922,4.073307946875922,4.073307946875922,4.073307946875922,4.073307946875922,4.073307946875922,4.073307946875922,4.073307946875922,4.073307946875922,4.073307946875922,4.073307946875922,4.073307946875922,4.073307946875922,4.073307946875922,4.073307946875922,4.073307946875922,4.073307946875922,4.073307946875922,4.073307946875922,4.073307946875922,4.073307946875922,4.073307946875922,4.073307946875922,4.073307946875922,4.073307946875922,4.073307946875922,4.073307946875922,4.073307946875922,4.073307946875922,4.073307946875922,4.073307946875922,4.073307946875922,4.073307946875922,4.073307946875922,4.073307946875922,4.073307946875922,4.073307946875922,4.073307946875922,4.073307946875922,4.073307946875922,4.073307946875922,4.073307946875922,4.073307946875922,4.073307946875922,4.073307946875922,4.073307946875922,4.073307946875922,4.073307946875922,4.073307946875922,4.073307946875922,4.073307946875922,4.073307946875922,4.073307946875922,4.073307946875922,4.073307946875922,4.073307946875922,4.073307946875922,4.073307946875922,4.073307946875922,0,0,0,0,0,0,0,0,0,0,0,35.6866375172293,35.6866375172293,35.6866375172293,35.6866375172293,35.6866375172293,35.6866375172293,35.6866375172293,35.6866375172293,35.6866375172293,35.6866375172293,35.6866375172293,35.6866375172293,35.6866375172293,35.6866375172293,35.6866375172293,35.6866375172293,35.6866375172293,35.6866375172293,35.6866375172293,35.6866375172293,35.6866375172293,35.6866375172293,35.6866375172293,35.6866375172293,35.6866375172293,35.6866375172293,35.6866375172293,35.6866375172293,35.6866375172293,35.6866375172293,35.6866375172293,35.6866375172293,35.6866375172293,35.6866375172293,35.6866375172293,35.6866375172293,35.6866375172293,35.6866375172293,35.6866375172293,35.6866375172293,35.6866375172293,35.6866375172293,35.6866375172293,35.6866375172293,35.6866375172293,35.6866375172293,35.6866375172293,35.6866375172293,35.6866375172293,35.6866375172293,35.6866375172293,35.6866375172293,35.6866375172293,35.6866375172293,35.6866375172293,35.6866375172293,35.6866375172293,35.6866375172293,35.6866375172293,35.6866375172293,35.6866375172293,35.6866375172293,35.6866375172293,35.6866375172293
8054,167.57076895730617,0,0,0,0,0,0,0,0,0,0,0,0,0,0,0,0,0,0,0,0,0,0,0,0,0,0,0,0,0,0,0,0,0,0,0,0,0,0,0,0,0,0,0,0,0,0,0,0,0,0,0,0,0,0,0,0,0,0,0,0,0,0,0,0,0,0,0,0,0,0,0,0,0,0,0,0,0,0,0,0,0,0,0,0,0,0,0,0,0,0,0,0,0,0,0,0,0,0,0,0,0,0,0,0,0,0,0,0,0,0,0,0,0,0,0,0,0,0,0,0,0,0,0,0,0,0,0,0,0,0,0,0,0,0,0,0,0,0,0,0,0,0,0,0,0,0,0,0,0,0,0,0
8055,86.06292931468712,0,0,0,0,0,0,0,0,0,0,0,0,0,0,0,0,0,0,0,0,0,0,0,0,0,0,0,0,0,0,0,0,0,0,0,0,0,0,0,0,0,0,0,0,0,0,0,0,0,0,0,0,0,0,0,0,0,0,0,0,0,0,0,0,0,0,0,0,0,0,0,0,0,0,0,0,0,0,0,0,0,0,0,0,0,0,0,0,0,0,0,0,0,0,0,0,0,0,0,0,0,0,0,0,0,0,0,0,0,0,0,0,0,0,0,0,0,0,0,0,0,0,0,0,0,0,0,0,0,0,0,0,0,0,0,0,0,0,0,0,0,0,0,0,0,0,0,0,0,0,0,0
8056,427.7978405774908,14.265222169604145,33.34570868882205,0,0,0,0,0,0,0,0,0,0,0,24.694437507342233,24.694437507342233,24.694437507342233,24.694437507342233,24.694437507342233,24.694437507342233,24.694437507342233,24.694437507342233,24.694437507342233,24.694437507342233,24.694437507342233,24.694437507342233,24.694437507342233,24.694437507342233,24.694437507342233,24.694437507342233,24.694437507342233,24.694437507342233,24.694437507342233,24.694437507342233,24.694437507342233,24.694437507342233,24.694437507342233,24.694437507342233,24.694437507342233,24.694437507342233,24.694437507342233,24.694437507342233,24.694437507342233,24.694437507342233,24.694437507342233,24.694437507342233,24.694437507342233,24.694437507342233,24.694437507342233,24.694437507342233,24.694437507342233,24.694437507342233,24.694437507342233,24.694437507342233,24.694437507342233,24.694437507342233,24.694437507342233,24.694437507342233,24.694437507342233,24.694437507342233,24.694437507342233,24.694437507342233,24.694437507342233,24.694437507342233,24.694437507342233,24.694437507342233,24.694437507342233,24.694437507342233,24.694437507342233,24.694437507342233,24.694437507342233,24.694437507342233,24.694437507342233,24.694437507342233,24.694437507342233,24.694437507342233,24.694437507342233,24.694437507342233,0,0,0,0,0,0,0,0,0,0,0,57.724549226351485,57.724549226351485,57.724549226351485,57.724549226351485,57.724549226351485,57.724549226351485,57.724549226351485,57.724549226351485,57.724549226351485,57.724549226351485,57.724549226351485,57.724549226351485,57.724549226351485,57.724549226351485,57.724549226351485,57.724549226351485,57.724549226351485,57.724549226351485,57.724549226351485,57.724549226351485,57.724549226351485,57.724549226351485,57.724549226351485,57.724549226351485,57.724549226351485,57.724549226351485,57.724549226351485,57.724549226351485,57.724549226351485,57.724549226351485,57.724549226351485,57.724549226351485,57.724549226351485,57.724549226351485,57.724549226351485,57.724549226351485,57.724549226351485,57.724549226351485,57.724549226351485,57.724549226351485,57.724549226351485,57.724549226351485,57.724549226351485,57.724549226351485,57.724549226351485,57.724549226351485,57.724549226351485,57.724549226351485,57.724549226351485,57.724549226351485,57.724549226351485,57.724549226351485,57.724549226351485,57.724549226351485,57.724549226351485,57.724549226351485,57.724549226351485,57.724549226351485,57.724549226351485,57.724549226351485,57.724549226351485,57.724549226351485,57.724549226351485,57.724549226351485
8057,234.02467462410058,16.896080764842704,72.19786029820077,0,0,0,0,0,0,0,0,0,0,0,0,0,0,0,0,0,0,0,0,0,0,0,0,0,0,0,0,0,0,0,0,0,0,0,0,0,0,0,0,0,0,0,0,0,0,0,0,0,0,0,0,0,0,0,0,0,0,0,0,0,0,0,0,0,0,0,0,0,0,0,0,0,0,0,0,0,0,0,0,0,0,0,0,0,0,0,0,0,0,0,0,0,0,0,0,0,0,0,0,0,0,0,0,0,0,0,0,0,0,0,0,0,0,0,0,0,0,0,0,0,0,0,0,0,0,0,0,0,0,0,0,0,0,0,0,0,0,0,0,0,0,0,0,0,0,0,0,0,0
8058,183.08713512310527,0,0,0,0,0,0,0,0,0,0,0,0,0,0,0,0,0,0,0,0,0,0,0,0,0,0,0,0,0,0,0,0,0,0,0,0,0,0,0,0,0,0,0,0,0,0,0,0,0,0,0,0,0,0,0,0,0,0,0,0,0,0,0,0,0,0,0,0,0,0,0,0,0,0,0,0,0,0,0,0,0,0,0,0,0,0,0,0,0,0,0,0,0,0,0,0,0,0,0,0,0,0,0,0,0,0,0,0,0,0,0,0,0,0,0,0,0,0,0,0,0,0,0,0,0,0,0,0,0,0,0,0,0,0,0,0,0,0,0,0,0,0,0,0,0,0,0,0,0,0,0,0
8059,322.54558530072427,0,0,0,0,0,0,0,0,0,0,0,19.64118667789388,19.64118667789388,19.64118667789388,19.64118667789388,19.64118667789388,19.64118667789388,19.64118667789388,19.64118667789388,19.64118667789388,19.64118667789388,19.64118667789388,19.64118667789388,19.64118667789388,19.64118667789388,19.64118667789388,19.64118667789388,19.64118667789388,19.64118667789388,19.64118667789388,19.64118667789388,19.64118667789388,19.64118667789388,19.64118667789388,19.64118667789388,19.64118667789388,19.64118667789388,19.64118667789388,19.64118667789388,19.64118667789388,19.64118667789388,19.64118667789388,19.64118667789388,19.64118667789388,19.64118667789388,19.64118667789388,19.64118667789388,19.64118667789388,19.64118667789388,19.64118667789388,19.64118667789388,19.64118667789388,19.64118667789388,19.64118667789388,19.64118667789388,19.64118667789388,19.64118667789388,19.64118667789388,19.64118667789388,19.64118667789388,19.64118667789388,19.64118667789388,19.64118667789388,19.64118667789388,19.64118667789388,19.64118667789388,19.64118667789388,19.64118667789388,19.64118667789388,19.64118667789388,19.64118667789388,19.64118667789388,19.64118667789388,19.64118667789388,19.64118667789388,19.64118667789388,19.64118667789388,0,0,0,0,0,0,0,0,0,60.894297032717056,60.894297032717056,60.894297032717056,60.894297032717056,60.894297032717056,60.894297032717056,60.894297032717056,60.894297032717056,60.894297032717056,60.894297032717056,60.894297032717056,60.894297032717056,60.894297032717056,60.894297032717056,60.894297032717056,60.894297032717056,60.894297032717056,60.894297032717056,60.894297032717056,60.894297032717056,60.894297032717056,60.894297032717056,60.894297032717056,60.894297032717056,60.894297032717056,60.894297032717056,60.894297032717056,60.894297032717056,60.894297032717056,60.894297032717056,60.894297032717056,60.894297032717056,60.894297032717056,60.894297032717056,60.894297032717056,60.894297032717056,60.894297032717056,60.894297032717056,60.894297032717056,60.894297032717056,60.894297032717056,60.894297032717056,60.894297032717056,60.894297032717056,60.894297032717056,60.894297032717056,60.894297032717056,60.894297032717056,60.894297032717056,60.894297032717056,60.894297032717056,60.894297032717056,60.894297032717056,60.894297032717056,60.894297032717056,60.894297032717056,60.894297032717056,60.894297032717056,60.894297032717056,60.894297032717056,60.894297032717056,60.894297032717056,60.894297032717056,60.894297032717056,60.894297032717056,60.894297032717056
8060,118.71323759794163,0,0,0,0,0,0,0,0,0,0,0,0,0,0,0,0,0,0,0,0,0,0,0,0,0,0,0,0,0,0,0,0,0,0,0,0,0,0,0,0,0,0,0,0,0,0,0,0,0,0,0,0,0,0,0,0,0,0,0,0,0,0,17.02983501996825,17.02983501996825,17.02983501996825,17.02983501996825,17.02983501996825,17.02983501996825,17.02983501996825,17.02983501996825,17.02983501996825,17.02983501996825,17.02983501996825,17.02983501996825,17.02983501996825,17.02983501996825,17.02983501996825,0,0,0,0,0,0,0,0,0,0,0,0,0,0,0,0,0,0,0,0,0,0,0,0,0,0,0,0,0,0,0,0,0,0,0,0,0,0,0,0,0,0,0,0,0,0,0,0,0,0,0,0,0,0,0,0,0,0,0,0,143.45354709004692,143.45354709004692,143.45354709004692,143.45354709004692,143.45354709004692,143.45354709004692,143.45354709004692,143.45354709004692,143.45354709004692,143.45354709004692,143.45354709004692,143.45354709004692,143.45354709004692,143.45354709004692,143.45354709004692
8061,173.20774201523608,0,0,0,0,0,0,0,0,0,0,0,0,0,0,0,0,0,0,0,0,0,0,0,0,0,0,0,0,0,0,0,0,0,0,0,0,0,0,0,0,0,0,0,0,0,0,0,0,0,0,0,0,0,0,0,0,0,0,0,0,0,0,0,0,0,0,0,0,0,0,0,0,0,0,0,0,0,0,0,0,0,0,0,0,0,0,0,0,0,0,0,0,0,0,0,0,0,0,0,0,0,0,0,0,0,0,0,0,0,0,0,0,0,0,0,0,0,0,0,0,0,0,0,0,0,0,0,0,0,0,0,0,0,0,0,0,0,0,0,0,0,0,0,0,0,0,0,0,0,0,0,0
8062,204.52903807650534,0,0,0,0,0,0,0,0,0,0,0,0,0,0,0,0,0,0,0,0,0,0,0,0,0,0,0,0,0,0,0,0,0,0,0,0,0,0,0,0,0,0,0,0,0,0,0,0,0,0,0,0,0,0,0,0,0,0,0,0,0,0,0,0,0,0,0,0,0,0,0,0,0,0,0,0,0,0,0,0,0,0,0,0,0,0,0,0,0,0,0,0,0,0,0,0,0,0,0,0,0,0,0,0,0,0,0,0,0,0,0,0,0,0,0,0,0,0,0,0,0,0,0,0,0,0,0,0,0,0,0,0,0,0,0,0,0,0,0,0,0,0,0,0,0,0,0,0,0,0,0,0
8063,48.99743887349966,0,0,0,0,0,0,0,0,0,0,0,0,0,0,0,0,0,0,0,0,0,0,0,0,0,0,0,0,0,0,0,0,0,0,0,0,0,0,0,0,0,0,0,0,0,0,0,0,0,0,0,0,0,0,0,0,0,0,0,0,0,0,0,0,0,0,0,0,0,0,0,0,0,0,0,0,0,0,0,0,0,0,0,0,0,0,0,0,0,0,0,0,0,0,0,0,0,0,0,0,0,0,0,0,0,0,0,0,0,0,0,0,0,0,0,0,0,0,0,0,0,0,0,0,0,0,0,0,0,0,0,0,0,0,0,0,0,0,0,0,0,0,0,0,0,0,0,0,0,0,0,0
8064,683.1384327733241,0,0,0,0,0,0,0,0,0,0,0,0,0,0,0,0,0,0,0,0,0,0,0,0,0,0,0,0,0,0,0,0,0,0,0,0,0,0,0,0,0,0,0,0,0,0,0,0,0,0,0,0,0,0,0,0,0,0,0,0,0,0,0,0,0,0,0,0,0,0,0,0,0,0,0,0,0,0,0,0,0,0,0,0,0,0,0,0,0,0,0,0,0,0,0,0,0,0,0,0,0,0,0,0,0,0,0,0,0,0,0,0,0,0,0,0,0,0,0,0,0,0,0,0,0,0,0,0,0,0,0,0,0,0,0,0,0,0,0,0,0,0,0,0,0,0,0,0,0,0,0,0
8065,245.02890283132027,0,0,0,0,0,0,0,0,0,0,0,0,0,0,0,0,0,0,0,0,0,0,0,0,0,0,0,0,0,0,0,0,0,0,0,0,0,0,0,0,0,0,0,0,0,0,0,0,0,0,0,0,0,0,0,0,0,0,0,0,0,0,0,0,0,0,0,0,0,0,0,0,0,0,0,0,0,0,0,0,0,0,0,0,0,0,0,0,0,0,0,0,0,0,0,0,0,0,0,0,0,0,0,0,0,0,0,0,0,0,0,0,0,0,0,0,0,0,0,0,0,0,0,0,0,0,0,0,0,0,0,0,0,0,0,0,0,0,0,0,0,0,0,0,0,0,0,0,0,0,0,0
8066,119.04153210957136,0,0,0,0,0,0,0,0,0,0,0,0,0,0,0,0,0,0,0,0,0,0,0,0,0,0,0,0,0,0,0,0,0,7.440455756068125,7.440455756068125,7.440455756068125,7.440455756068125,7.440455756068125,7.440455756068125,7.440455756068125,7.440455756068125,7.440455756068125,7.440455756068125,7.440455756068125,7.440455756068125,7.440455756068125,7.440455756068125,7.440455756068125,7.440455756068125,7.440455756068125,7.440455756068125,7.440455756068125,7.440455756068125,7.440455756068125,7.440455756068125,7.440455756068125,7.440455756068125,7.440455756068125,7.440455756068125,7.440455756068125,7.440455756068125,7.440455756068125,7.440455756068125,7.440455756068125,7.440455756068125,7.440455756068125,7.440455756068125,7.440455756068125,7.440455756068125,7.440455756068125,7.440455756068125,7.440455756068125,7.440455756068125,7.440455756068125,7.440455756068125,7.440455756068125,7.440455756068125,0,0,0,0,0,0,0,0,0,0,0,0,0,0,0,0,0,0,0,0,0,0,0,0,0,0,0,0,0,0,0,62.503024148072825,62.503024148072825,62.503024148072825,62.503024148072825,62.503024148072825,62.503024148072825,62.503024148072825,62.503024148072825,62.503024148072825,62.503024148072825,62.503024148072825,62.503024148072825,62.503024148072825,62.503024148072825,62.503024148072825,62.503024148072825,62.503024148072825,62.503024148072825,62.503024148072825,62.503024148072825,62.503024148072825,62.503024148072825,62.503024148072825,62.503024148072825,62.503024148072825,62.503024148072825,62.503024148072825,62.503024148072825,62.503024148072825,62.503024148072825,62.503024148072825,62.503024148072825,62.503024148072825,62.503024148072825,62.503024148072825,62.503024148072825,62.503024148072825,62.503024148072825,62.503024148072825,62.503024148072825,62.503024148072825,62.503024148072825,62.503024148072825,62.503024148072825
8067,690.1617066199966,36.134151253368934,52.35606511745285,0,0,0,0,0,0,0,0,0,0,0,0,0,0,0,0,0,0,0,0,0,0,0,0,0,0,0,0,0,0,0,0,0,0,0,0,0,0,0,0,0,0,0,0,0,0,0,0,0,0,0,0,0,0,0,0,0,0,0,0,0,0,0,0,0,0,0,0,0,0,0,0,0,0,0,0,0,0,0,0,0,0,0,0,0,0,0,0,0,0,0,0,0,0,0,0,0,0,0,0,0,0,0,0,0,0,0,0,0,0,0,0,0,0,0,0,0,0,0,0,0,0,0,0,0,0,0,0,0,0,0,0,0,0,0,0,0,0,0,0,0,0,0,0,0,0,0,0,0,0
8068,240.38689036356055,6.27505560150014,26.10398425641998,0,0,0,0,0,0,0,0,0,0,0,0,0,0,0,0,0,0,0,0,0,0,0,0,0,0,0,0,0,0,0,0,0,0,0,0,0,0,0,0,0,0,0,0,0,0,0,0,0,0,0,0,0,0,0,0,0,0,0,0,0,0,0,0,0,0,0,0,0,0,0,0,0,0,0,0,0,0,0,0,0,0,0,0,0,0,0,0,0,0,0,0,0,0,0,0,0,0,0,0,0,0,0,0,0,0,0,0,0,0,0,0,0,0,0,0,0,0,0,0,0,0,0,0,0,0,0,0,0,0,0,0,0,0,0,0,0,0,0,0,0,0,0,0,0,0,0,0,0,0
8069,249.9153231304965,25.157891923465343,100.66566390700592,0,0,0,0,0,0,0,0,0,0,0,0,0,0,0,0,0,0,0,0,0,0,0,0,0,0,0,0,0,0,0,0,0,0,0,0,0,0,0,0,0,0,0,0,0,0,0,0,0,0,0,0,0,0,0,0,0,0,0,0,0,0,0,0,0,0,0,0,0,0,0,0,0,0,0,0,0,0,0,0,0,0,0,0,0,0,0,0,0,0,0,0,0,0,0,0,0,0,0,0,0,0,0,0,0,0,0,0,0,0,0,0,0,0,0,0,0,0,0,0,0,0,0,0,0,0,0,0,0,0,0,0,0,0,0,0,0,0,0,0,0,0,0,0,0,0,0,0,0,0
8070,117.47222177502077,0,0,0,0,0,0,0,0,0,0,0,0,0,0,0,0,0,0,0,0,0,0,0,0,0,0,0,0,0,0,0,0,0,0,0,0,0,0,0,0,0,0,0,0,0,0,0,0,0,0,0,0,0,0,0,0,0,0,0,0,0,0,0,0,0,0,0,0,0,0,0,0,0,0,0,0,0,0,0,0,0,0,0,0,0,0,0,0,0,0,0,0,0,0,0,0,0,0,0,0,0,0,0,0,0,0,0,0,0,0,0,0,0,0,0,0,0,0,0,0,0,0,0,0,0,0,0,0,0,0,0,0,0,0,0,0,0,0,0,0,0,0,0,0,0,0,0,0,0,0,0,0
8071,408.0015091830849,6.068384713339785,14.873436927942056,0,0,0,0,0,0,0,0,0,19.765385805832537,19.765385805832537,19.765385805832537,19.765385805832537,19.765385805832537,19.765385805832537,19.765385805832537,19.765385805832537,19.765385805832537,19.765385805832537,19.765385805832537,19.765385805832537,19.765385805832537,19.765385805832537,19.765385805832537,19.765385805832537,19.765385805832537,19.765385805832537,19.765385805832537,19.765385805832537,19.765385805832537,19.765385805832537,19.765385805832537,19.765385805832537,19.765385805832537,19.765385805832537,19.765385805832537,19.765385805832537,19.765385805832537,19.765385805832537,19.765385805832537,19.765385805832537,19.765385805832537,19.765385805832537,19.765385805832537,19.765385805832537,19.765385805832537,19.765385805832537,19.765385805832537,19.765385805832537,19.765385805832537,19.765385805832537,19.765385805832537,19.765385805832537,19.765385805832537,19.765385805832537,19.765385805832537,19.765385805832537,19.765385805832537,19.765385805832537,19.765385805832537,19.765385805832537,19.765385805832537,19.765385805832537,19.765385805832537,19.765385805832537,19.765385805832537,19.765385805832537,19.765385805832537,19.765385805832537,19.765385805832537,19.765385805832537,19.765385805832537,19.765385805832537,19.765385805832537,19.765385805832537,0,0,0,0,0,0,0,0,0,48.444393858756776,48.444393858756776,48.444393858756776,48.444393858756776,48.444393858756776,48.444393858756776,48.444393858756776,48.444393858756776,48.444393858756776,48.444393858756776,48.444393858756776,48.444393858756776,48.444393858756776,48.444393858756776,48.444393858756776,48.444393858756776,48.444393858756776,48.444393858756776,48.444393858756776,48.444393858756776,48.444393858756776,48.444393858756776,48.444393858756776,48.444393858756776,48.444393858756776,48.444393858756776,48.444393858756776,48.444393858756776,48.444393858756776,48.444393858756776,48.444393858756776,48.444393858756776,48.444393858756776,48.444393858756776,48.444393858756776,48.444393858756776,48.444393858756776,48.444393858756776,48.444393858756776,48.444393858756776,48.444393858756776,48.444393858756776,48.444393858756776,48.444393858756776,48.444393858756776,48.444393858756776,48.444393858756776,48.444393858756776,48.444393858756776,48.444393858756776,48.444393858756776,48.444393858756776,48.444393858756776,48.444393858756776,48.444393858756776,48.444393858756776,48.444393858756776,48.444393858756776,48.444393858756776,48.444393858756776,48.444393858756776,48.444393858756776,48.444393858756776,48.444393858756776,48.444393858756776,48.444393858756776
8072,291.5827411393969,0,0,0,0,0,0,0,0,0,0,0,0,0,0,0,0,0,0,0,0,0,0,0,0,0,0,0,0,0,0,0,0,0,0,0,0,0,0,0,0,0,0,0,0,0,0,0,0,0,0,0,0,0,0,0,0,0,0,0,0,0,0,0,0,0,0,0,0,0,0,0,0,0,0,0,0,0,0,0,0,0,0,0,0,0,0,0,0,0,0,0,0,0,0,0,0,0,0,0,0,0,0,0,0,0,0,0,0,0,0,0,0,0,0,0,0,0,0,0,0,0,0,0,0,0,0,0,0,0,0,0,0,0,0,0,0,0,0,0,0,0,0,0,0,0,0,0,0,0,0,0,0
8073,308.6434513528399,0,0,0,0,0,0,0,0,0,0,0,0,0,0,0,0,0,0,0,0,0,0,0,0,0,0,0,0,0,0,0,0,0,0,0,0,0,0,0,0,0,0,0,0,0,0,0,0,0,0,0,0,0,0,0,0,0,0,0,0,0,0,0,0,0,0,0,0,0,0,0,0,0,0,0,0,0,0,0,0,0,0,0,0,0,0,0,0,0,0,0,0,0,0,0,0,0,0,0,0,0,0,0,0,0,0,0,0,0,0,0,0,0,0,0,0,0,0,0,0,0,0,0,0,0,0,0,0,0,0,0,0,0,0,0,0,0,0,0,0,0,0,0,0,0,0,0,0,0,0,0,0
8074,258.51697783137075,0,0,0,0,0,0,0,0,0,0,0,0,0,0,0,0,0,0,0,0,0,0,0,0,0,0,0,0,0,0,0,0,0,0,0,0,0,0,0,0,0,0,0,0,0,0,0,0,0,0,0,0,0,0,0,0,0,0,0,0,0,0,0,0,0,0,0,0,0,0,0,0,0,0,0,0,0,0,0,0,0,0,0,0,0,0,0,0,0,0,0,0,0,0,0,0,0,0,0,0,0,0,0,0,0,0,0,0,0,0,0,0,0,0,0,0,0,0,0,0,0,0,0,0,0,0,0,0,0,0,0,0,0,0,0,0,0,0,0,0,0,0,0,0,0,0,0,0,0,0,0,0
8075,240.58361301027,14.625830711937514,60.79312937790642,0,0,0,0,0,0,0,0,0,0,0,0,0,0,0,0,0,0,0,0,0,0,0,0,0,0,0,0,0,0,0,0,0,0,0,0,0,0,0,0,0,0,0,0,0,0,0,0,0,0,0,0,0,0,0,0,0,0,0,0,5.7188596447919124,5.7188596447919124,5.7188596447919124,5.7188596447919124,5.7188596447919124,5.7188596447919124,5.7188596447919124,5.7188596447919124,5.7188596447919124,5.7188596447919124,5.7188596447919124,14.788208423738732,14.788208423738732,14.788208423738732,14.788208423738732,0,0,0,0,0,0,0,0,0,0,0,0,0,0,0,0,0,0,0,0,0,0,0,0,0,0,0,0,0,0,0,0,0,0,0,0,0,0,0,0,0,0,0,0,0,0,0,0,0,0,0,0,0,0,0,0,0,0,0,0,23.770777956301565,23.770777956301565,23.770777956301565,23.770777956301565,23.770777956301565,23.770777956301565,23.770777956301565,23.770777956301565,23.770777956301565,23.770777956301565,23.770777956301565,61.46806192950247,61.46806192950247,61.46806192950247,61.46806192950247
8076,320.3946862755785,0,0,0,0,0,0,0,0,0,0,0,0,0,0,0,0,0,0,0,0,0,0,0,0,0,0,0,0,0,0,0,0,0,13.39035803011403,13.39035803011403,13.39035803011403,13.39035803011403,13.39035803011403,13.39035803011403,13.39035803011403,13.39035803011403,13.39035803011403,13.39035803011403,13.39035803011403,13.39035803011403,13.39035803011403,13.39035803011403,13.39035803011403,13.39035803011403,13.39035803011403,13.39035803011403,13.39035803011403,24.03053170973309,24.03053170973309,24.03053170973309,24.03053170973309,24.03053170973309,24.03053170973309,24.03053170973309,24.03053170973309,24.03053170973309,24.03053170973309,24.03053170973309,24.03053170973309,24.03053170973309,24.03053170973309,24.03053170973309,24.03053170973309,24.03053170973309,24.03053170973309,24.03053170973309,24.03053170973309,24.03053170973309,24.03053170973309,24.03053170973309,24.03053170973309,24.03053170973309,0,0,0,0,0,0,0,0,0,0,0,0,0,0,0,0,0,0,0,0,0,0,0,0,0,0,0,0,0,0,0,41.7933211869709,41.7933211869709,41.7933211869709,41.7933211869709,41.7933211869709,41.7933211869709,41.7933211869709,41.7933211869709,41.7933211869709,41.7933211869709,41.7933211869709,41.7933211869709,41.7933211869709,41.7933211869709,41.7933211869709,41.7933211869709,41.7933211869709,41.7933211869709,41.7933211869709,75.00290341601952,75.00290341601952,75.00290341601952,75.00290341601952,75.00290341601952,75.00290341601952,75.00290341601952,75.00290341601952,75.00290341601952,75.00290341601952,75.00290341601952,75.00290341601952,75.00290341601952,75.00290341601952,75.00290341601952,75.00290341601952,75.00290341601952,75.00290341601952,75.00290341601952,75.00290341601952,75.00290341601952,75.00290341601952,75.00290341601952,75.00290341601952,75.00290341601952
8077,307.0168410861332,23.484113172398395,76.4912865669475,0,0,0,0,0,0,0,0,0,0,0,23.230313364208364,23.230313364208364,23.230313364208364,23.230313364208364,23.230313364208364,23.230313364208364,23.230313364208364,23.230313364208364,23.230313364208364,23.230313364208364,23.230313364208364,23.230313364208364,23.230313364208364,23.230313364208364,23.230313364208364,23.230313364208364,23.230313364208364,23.230313364208364,23.230313364208364,32.30991023092429,32.30991023092429,32.30991023092429,32.30991023092429,32.30991023092429,32.30991023092429,32.30991023092429,32.30991023092429,32.30991023092429,32.30991023092429,32.30991023092429,32.30991023092429,32.30991023092429,32.30991023092429,32.30991023092429,32.30991023092429,32.30991023092429,32.30991023092429,32.30991023092429,32.30991023092429,32.30991023092429,32.30991023092429,32.30991023092429,32.30991023092429,32.30991023092429,32.30991023092429,32.30991023092429,32.30991023092429,32.30991023092429,32.30991023092429,32.30991023092429,32.30991023092429,32.30991023092429,32.30991023092429,32.30991023092429,32.30991023092429,32.30991023092429,32.30991023092429,32.30991023092429,32.30991023092429,32.30991023092429,32.30991023092429,32.30991023092429,32.30991023092429,32.30991023092429,0,0,0,0,0,0,0,0,0,0,0,75.66462244229506,75.66462244229506,75.66462244229506,75.66462244229506,75.66462244229506,75.66462244229506,75.66462244229506,75.66462244229506,75.66462244229506,75.66462244229506,75.66462244229506,75.66462244229506,75.66462244229506,75.66462244229506,75.66462244229506,75.66462244229506,75.66462244229506,75.66462244229506,75.66462244229506,105.23823421745058,105.23823421745058,105.23823421745058,105.23823421745058,105.23823421745058,105.23823421745058,105.23823421745058,105.23823421745058,105.23823421745058,105.23823421745058,105.23823421745058,105.23823421745058,105.23823421745058,105.23823421745058,105.23823421745058,105.23823421745058,105.23823421745058,105.23823421745058,105.23823421745058,105.23823421745058,105.23823421745058,105.23823421745058,105.23823421745058,105.23823421745058,105.23823421745058,105.23823421745058,105.23823421745058,105.23823421745058,105.23823421745058,105.23823421745058,105.23823421745058,105.23823421745058,105.23823421745058,105.23823421745058,105.23823421745058,105.23823421745058,105.23823421745058,105.23823421745058,105.23823421745058,105.23823421745058,105.23823421745058,105.23823421745058,105.23823421745058,105.23823421745058,105.23823421745058
8078,129.48100293391707,0,0,0,0,0,0,0,0,0,0,0,0,0,0,0,0,0,0,0,0,0,0,0,0,0,0,0,0,0,0,0,0,0,0,0,0,0,0,0,0,0,0,0,0,0,0,0,0,0,0,0,0,0,0,0,0,0,0,0,0,0,0,0,0,0,0,0,0,0,0,0,0,0,0,0,0,0,0,0,0,0,0,0,0,0,0,0,0,0,0,0,0,0,0,0,0,0,0,0,0,0,0,0,0,0,0,0,0,0,0,0,0,0,0,0,0,0,0,0,0,0,0,0,0,0,0,0,0,0,0,0,0,0,0,0,0,0,0,0,0,0,0,0,0,0,0,0,0,0,0,0,0
8079,29.634039829079864,0.8493388527720991,28.660920268408475,0,0,0,0,0,0,0,0,0,0,0,0,0,0,0,0,0,0,0,0,0,0,0,0,0,0,0,0,0,0,0,0,0,0,0,0,0,0,0,0,0,0,0,0,0,0,0,0,0,0,0,0,0,0,0,0,0,0,0,0,0,0,0,0,0,0,0,0,0,0,0,0,0,0,0,0,0,0,0,0,0,0,0,0,0,0,0,0,0,0,0,0,0,0,0,0,0,0,0,0,0,0,0,0,0,0,0,0,0,0,0,0,0,0,0,0,0,0,0,0,0,0,0,0,0,0,0,0,0,0,0,0,0,0,0,0,0,0,0,0,0,0,0,0,0,0,0,0,0,0
8080,780.0423308022152,0,0,0,0,0,0,0,0,0,0,0,0,0,0,0,0,0,0,0,0,0,0,0,0,0,0,0,0,0,0,0,0,0,0,0,0,0,0,0,0,0,0,0,0,0,0,0,0,0,0,0,0,0,0,0,0,0,0,0,0,0,0,0,0,0,0,0,0,0,0,0,0,0,0,0,0,0,0,0,0,0,0,0,0,0,0,0,0,0,0,0,0,0,0,0,0,0,0,0,0,0,0,0,0,0,0,0,0,0,0,0,0,0,0,0,0,0,0,0,0,0,0,0,0,0,0,0,0,0,0,0,0,0,0,0,0,0,0,0,0,0,0,0,0,0,0,0,0,0,0,0,0
8081,225.21614771769617,0,0,0,0,0,0,0,0,0,0,0,0,0,0,0,0,0,0,0,0,0,0,0,0,0,0,0,0,0,0,0,0,0,0,0,0,0,0,0,0,0,0,0,0,0,0,0,0,0,0,0,0,0,0,0,0,0,0,0,0,0,0,0,0,0,0,0,0,0,0,0,0,0,0,0,0,0,0,0,0,0,0,0,0,0,0,0,0,0,0,0,0,0,0,0,0,0,0,0,0,0,0,0,0,0,0,0,0,0,0,0,0,0,0,0,0,0,0,0,0,0,0,0,0,0,0,0,0,0,0,0,0,0,0,0,0,0,0,0,0,0,0,0,0,0,0,0,0,0,0,0,0
8082,139.92934076765778,0,0,0,0,0,0,0,0,0,0,0,0,0,0,0,0,0,0,0,0,0,0,0,0,0,0,0,0,0,0,0,0,0,0,0,0,0,0,0,0,0,0,0,0,0,0,0,0,0,0,0,0,0,0,0,0,0,0,0,0,0,0,6.047781707789708,6.047781707789708,6.047781707789708,6.047781707789708,6.047781707789708,6.047781707789708,6.047781707789708,6.047781707789708,6.047781707789708,6.047781707789708,6.047781707789708,6.047781707789708,6.047781707789708,6.047781707789708,6.047781707789708,0,0,0,0,0,0,0,0,0,0,0,0,0,0,0,0,0,0,0,0,0,0,0,0,0,0,0,0,0,0,0,0,0,0,0,0,0,0,0,0,0,0,0,0,0,0,0,0,0,0,0,0,0,0,0,0,0,0,0,0,43.220254412772505,43.220254412772505,43.220254412772505,43.220254412772505,43.220254412772505,43.220254412772505,43.220254412772505,43.220254412772505,43.220254412772505,43.220254412772505,43.220254412772505,43.220254412772505,43.220254412772505,43.220254412772505,43.220254412772505
8083,256.5116423375721,0,0,0,0,0,0,0,0,0,0,0,0,0,0,0,0,0,0,0,0,19.322571135661263,19.322571135661263,19.322571135661263,19.322571135661263,19.322571135661263,19.322571135661263,19.322571135661263,19.322571135661263,19.322571135661263,19.322571135661263,19.322571135661263,19.322571135661263,19.322571135661263,19.322571135661263,19.322571135661263,19.322571135661263,19.322571135661263,19.322571135661263,19.322571135661263,19.322571135661263,19.322571135661263,19.322571135661263,19.322571135661263,19.322571135661263,19.322571135661263,19.322571135661263,19.322571135661263,19.322571135661263,19.322571135661263,19.322571135661263,19.322571135661263,19.322571135661263,19.322571135661263,19.322571135661263,19.322571135661263,19.322571135661263,19.322571135661263,19.322571135661263,19.322571135661263,19.322571135661263,19.322571135661263,19.322571135661263,19.322571135661263,19.322571135661263,19.322571135661263,19.322571135661263,19.322571135661263,19.322571135661263,19.322571135661263,19.322571135661263,19.322571135661263,19.322571135661263,19.322571135661263,19.322571135661263,19.322571135661263,19.322571135661263,19.322571135661263,0,0,0,0,0,0,0,0,0,0,0,0,0,0,0,0,0,0,75.328242256671345,75.328242256671345,75.328242256671345,75.328242256671345,75.328242256671345,75.328242256671345,75.328242256671345,75.328242256671345,75.328242256671345,75.328242256671345,75.328242256671345,75.328242256671345,75.328242256671345,75.328242256671345,75.328242256671345,75.328242256671345,75.328242256671345,75.328242256671345,75.328242256671345,75.328242256671345,75.328242256671345,75.328242256671345,75.328242256671345,75.328242256671345,75.328242256671345,75.328242256671345,75.328242256671345,75.328242256671345,75.328242256671345,75.328242256671345,75.328242256671345,75.328242256671345,75.328242256671345,75.328242256671345,75.328242256671345,75.328242256671345,75.328242256671345,75.328242256671345,75.328242256671345,75.328242256671345,75.328242256671345,75.328242256671345,75.328242256671345,75.328242256671345,75.328242256671345,75.328242256671345,75.328242256671345,75.328242256671345,75.328242256671345,75.328242256671345,75.328242256671345,75.328242256671345,75.328242256671345,75.328242256671345,75.328242256671345,75.328242256671345,75.328242256671345
8084,496.0247432243684,0,0,0,0,0,0,0,0,0,0,0,0,0,0,0,0,0,0,0,0,0,0,0,0,0,0,0,0,0,0,0,0,0,0,0,0,0,0,0,0,0,0,0,0,0,0,0,0,0,0,0,0,0,0,0,0,0,0,0,0,0,0,0,0,0,0,0,0,0,0,0,0,0,0,0,0,0,0,0,0,0,0,0,0,0,0,0,0,0,0,0,0,0,0,0,0,0,0,0,0,0,0,0,0,0,0,0,0,0,0,0,0,0,0,0,0,0,0,0,0,0,0,0,0,0,0,0,0,0,0,0,0,0,0,0,0,0,0,0,0,0,0,0,0,0,0,0,0,0,0,0,0
8085,398.4946126580011,0,0,0,0,0,0,0,0,0,0,0,0,0,0,0,0,0,0,0,0,0,0,0,0,0,0,0,0,0,0,0,0,0,0,0,0,0,0,0,0,0,0,0,0,0,0,0,0,0,0,0,0,0,0,0,0,0,0,0,0,0,0,0,0,0,0,0,0,0,0,0,0,0,0,0,0,0,0,0,0,0,0,0,0,0,0,0,0,0,0,0,0,0,0,0,0,0,0,0,0,0,0,0,0,0,0,0,0,0,0,0,0,0,0,0,0,0,0,0,0,0,0,0,0,0,0,0,0,0,0,0,0,0,0,0,0,0,0,0,0,0,0,0,0,0,0,0,0,0,0,0,0
8086,77.12914163869765,0,0,0,0,0,0,0,0,0,0,0,0,0,0,0,0,0,0,0,0,0,0,0,0,0,0,0,0,0,0,0,0,0,0,0,0,0,0,0,0,0,0,0,0,0,0,0,0,0,0,0,0,0,0,0,0,0,0,0,0,0,0,0,0,0,0,0,0,0,0,0,0,0,0,0,0,0,0,0,0,0,0,0,0,0,0,0,0,0,0,0,0,0,0,0,0,0,0,0,0,0,0,0,0,0,0,0,0,0,0,0,0,0,0,0,0,0,0,0,0,0,0,0,0,0,0,0,0,0,0,0,0,0,0,0,0,0,0,0,0,0,0,0,0,0,0,0,0,0,0,0,0
8087,315.67632137011856,0,0,0,0,0,0,0,0,0,0,0,0,0,0,0,0,0,0,0,0,0,0,0,0,0,0,0,0,0,0,0,0,0,0,0,0,0,0,0,0,0,0,0,0,0,0,0,0,0,0,0,0,0,0,0,0,0,0,0,0,0,0,0,0,0,0,0,0,0,0,0,0,0,0,0,0,0,0,0,0,0,0,0,0,0,0,0,0,0,0,0,0,0,0,0,0,0,0,0,0,0,0,0,0,0,0,0,0,0,0,0,0,0,0,0,0,0,0,0,0,0,0,0,0,0,0,0,0,0,0,0,0,0,0,0,0,0,0,0,0,0,0,0,0,0,0,0,0,0,0,0,0
8088,42.72774264938572,14.902783179943421,348.78470651333777,0,0,0,0,0,0,0,0,0,0,0,4.455213537663689,4.455213537663689,4.455213537663689,4.455213537663689,4.455213537663689,4.455213537663689,4.455213537663689,4.455213537663689,4.455213537663689,4.455213537663689,4.455213537663689,4.455213537663689,4.455213537663689,4.455213537663689,4.455213537663689,4.455213537663689,4.455213537663689,4.455213537663689,4.455213537663689,4.455213537663689,4.455213537663689,4.455213537663689,4.455213537663689,4.455213537663689,4.455213537663689,4.455213537663689,4.455213537663689,4.455213537663689,4.455213537663689,4.455213537663689,4.455213537663689,4.455213537663689,4.455213537663689,4.455213537663689,4.455213537663689,4.455213537663689,4.455213537663689,4.455213537663689,4.455213537663689,4.455213537663689,4.455213537663689,4.455213537663689,4.455213537663689,4.455213537663689,4.455213537663689,4.455213537663689,4.455213537663689,4.455213537663689,4.455213537663689,4.455213537663689,4.455213537663689,4.455213537663689,4.455213537663689,4.455213537663689,4.455213537663689,4.455213537663689,4.455213537663689,4.455213537663689,4.455213537663689,4.455213537663689,4.455213537663689,4.455213537663689,4.455213537663689,4.455213537663689,0,0,0,0,0,0,0,0,0,0,0,104.26980835898992,104.26980835898992,104.26980835898992,104.26980835898992,104.26980835898992,104.26980835898992,104.26980835898992,104.26980835898992,104.26980835898992,104.26980835898992,104.26980835898992,104.26980835898992,104.26980835898992,104.26980835898992,104.26980835898992,104.26980835898992,104.26980835898992,104.26980835898992,104.26980835898992,104.26980835898992,104.26980835898992,104.26980835898992,104.26980835898992,104.26980835898992,104.26980835898992,104.26980835898992,104.26980835898992,104.26980835898992,104.26980835898992,104.26980835898992,104.26980835898992,104.26980835898992,104.26980835898992,104.26980835898992,104.26980835898992,104.26980835898992,104.26980835898992,104.26980835898992,104.26980835898992,104.26980835898992,104.26980835898992,104.26980835898992,104.26980835898992,104.26980835898992,104.26980835898992,104.26980835898992,104.26980835898992,104.26980835898992,104.26980835898992,104.26980835898992,104.26980835898992,104.26980835898992,104.26980835898992,104.26980835898992,104.26980835898992,104.26980835898992,104.26980835898992,104.26980835898992,104.26980835898992,104.26980835898992,104.26980835898992,104.26980835898992,104.26980835898992,104.26980835898992
8089,129.54572118653385,0,0,0,0,0,0,0,0,0,0,0,0,0,0,0,0,0,0,0,0,0,0,0,0,0,0,0,0,0,0,0,0,0,0,0,0,0,0,0,0,0,0,0,0,0,0,0,0,0,0,0,0,0,0,0,0,0,0,0,0,0,0,0,0,0,0,0,0,0,0,0,0,0,0,0,0,0,0,0,0,0,0,0,0,0,0,0,0,0,0,0,0,0,0,0,0,0,0,0,0,0,0,0,0,0,0,0,0,0,0,0,0,0,0,0,0,0,0,0,0,0,0,0,0,0,0,0,0,0,0,0,0,0,0,0,0,0,0,0,0,0,0,0,0,0,0,0,0,0,0,0,0
8090,165.86558192613077,0,0,0,0,0,0,0,0,0,0,0,0,0,0,0,0,0,0,0,0,0,0,0,0,0,0,0,0,0,0,0,0,0,0,0,0,0,0,0,0,0,0,0,0,0,0,0,0,0,0,0,0,0,0,0,0,0,0,0,0,0,0,0,0,0,0,0,0,0,0,0,0,0,0,0,0,0,0,0,0,0,0,0,0,0,0,0,0,0,0,0,0,0,0,0,0,0,0,0,0,0,0,0,0,0,0,0,0,0,0,0,0,0,0,0,0,0,0,0,0,0,0,0,0,0,0,0,0,0,0,0,0,0,0,0,0,0,0,0,0,0,0,0,0,0,0,0,0,0,0,0,0
8091,697.9827474799922,0,0,0,0,0,0,0,0,0,0,0,0,0,0,0,0,0,0,0,0,0,0,0,0,0,0,0,0,0,0,0,0,0,0,0,0,0,0,0,0,0,0,0,0,0,0,0,0,0,0,0,0,0,0,0,0,0,0,0,0,0,0,0,0,0,0,0,0,0,0,0,0,0,0,0,0,0,0,0,0,0,0,0,0,0,0,0,0,0,0,0,0,0,0,0,0,0,0,0,0,0,0,0,0,0,0,0,0,0,0,0,0,0,0,0,0,0,0,0,0,0,0,0,0,0,0,0,0,0,0,0,0,0,0,0,0,0,0,0,0,0,0,0,0,0,0,0,0,0,0,0,0
8092,421.86475161646683,26.589331534009265,63.02809474393498,0,0,0,0,0,0,0,0,0,0,0,5.655121885278848,5.655121885278848,5.655121885278848,5.655121885278848,5.655121885278848,5.655121885278848,5.655121885278848,22.155288162232026,22.155288162232026,22.155288162232026,22.155288162232026,22.155288162232026,22.155288162232026,22.155288162232026,22.155288162232026,22.155288162232026,22.155288162232026,22.155288162232026,22.155288162232026,22.155288162232026,22.155288162232026,22.155288162232026,22.155288162232026,22.155288162232026,22.155288162232026,22.155288162232026,22.155288162232026,22.155288162232026,22.155288162232026,22.155288162232026,22.155288162232026,22.155288162232026,22.155288162232026,22.155288162232026,22.155288162232026,22.155288162232026,22.155288162232026,22.155288162232026,22.155288162232026,22.155288162232026,22.155288162232026,22.155288162232026,22.155288162232026,22.155288162232026,22.155288162232026,22.155288162232026,22.155288162232026,22.155288162232026,22.155288162232026,22.155288162232026,22.155288162232026,22.155288162232026,22.155288162232026,22.155288162232026,22.155288162232026,22.155288162232026,22.155288162232026,22.155288162232026,22.155288162232026,22.155288162232026,22.155288162232026,22.155288162232026,22.155288162232026,22.155288162232026,0,0,0,0,0,0,0,0,0,0,0,13.405058999620174,13.405058999620174,13.405058999620174,13.405058999620174,13.405058999620174,13.405058999620174,13.405058999620174,52.517514386635064,52.517514386635064,52.517514386635064,52.517514386635064,52.517514386635064,52.517514386635064,52.517514386635064,52.517514386635064,52.517514386635064,52.517514386635064,52.517514386635064,52.517514386635064,52.517514386635064,52.517514386635064,52.517514386635064,52.517514386635064,52.517514386635064,52.517514386635064,52.517514386635064,52.517514386635064,52.517514386635064,52.517514386635064,52.517514386635064,52.517514386635064,52.517514386635064,52.517514386635064,52.517514386635064,52.517514386635064,52.517514386635064,52.517514386635064,52.517514386635064,52.517514386635064,52.517514386635064,52.517514386635064,52.517514386635064,52.517514386635064,52.517514386635064,52.517514386635064,52.517514386635064,52.517514386635064,52.517514386635064,52.517514386635064,52.517514386635064,52.517514386635064,52.517514386635064,52.517514386635064,52.517514386635064,52.517514386635064,52.517514386635064,52.517514386635064,52.517514386635064,52.517514386635064,52.517514386635064,52.517514386635064,52.517514386635064,52.517514386635064,52.517514386635064
8093,344.1102936241691,0,0,0,0,0,0,0,0,0,0,0,0,0,0,0,0,0,0,0,0,0,0,0,0,0,0,0,0,0,0,0,0,7.455068173765398,28.51508651147131,28.51508651147131,28.51508651147131,28.51508651147131,28.51508651147131,28.51508651147131,28.51508651147131,28.51508651147131,28.51508651147131,28.51508651147131,28.51508651147131,28.51508651147131,28.51508651147131,28.51508651147131,28.51508651147131,28.51508651147131,28.51508651147131,28.51508651147131,28.51508651147131,28.51508651147131,28.51508651147131,28.51508651147131,28.51508651147131,28.51508651147131,28.51508651147131,28.51508651147131,28.51508651147131,28.51508651147131,28.51508651147131,28.51508651147131,28.51508651147131,28.51508651147131,28.51508651147131,28.51508651147131,28.51508651147131,28.51508651147131,28.51508651147131,28.51508651147131,28.51508651147131,28.51508651147131,28.51508651147131,28.51508651147131,28.51508651147131,28.51508651147131,0,0,0,0,0,0,0,0,0,0,0,0,0,0,0,0,0,0,0,0,0,0,0,0,0,0,0,0,0,0,21.664763629267323,82.86612472748334,82.86612472748334,82.86612472748334,82.86612472748334,82.86612472748334,82.86612472748334,82.86612472748334,82.86612472748334,82.86612472748334,82.86612472748334,82.86612472748334,82.86612472748334,82.86612472748334,82.86612472748334,82.86612472748334,82.86612472748334,82.86612472748334,82.86612472748334,82.86612472748334,82.86612472748334,82.86612472748334,82.86612472748334,82.86612472748334,82.86612472748334,82.86612472748334,82.86612472748334,82.86612472748334,82.86612472748334,82.86612472748334,82.86612472748334,82.86612472748334,82.86612472748334,82.86612472748334,82.86612472748334,82.86612472748334,82.86612472748334,82.86612472748334,82.86612472748334,82.86612472748334,82.86612472748334,82.86612472748334,82.86612472748334,82.86612472748334,82.86612472748334
9001,35.7081335455382,0,0,0,0,0,0,0,0,0,0,0,0,0,0,0,0,0,0,0,0,0,0,0,0,0,0,0,0,0,0,0,0,0,0,0,0,0,0,0,0,0,0,0,0,0,0,0,0,0,0,0,0,0,0,0,0,0,0,0,0,0,0,0,0,0,0,0,0,0,0,0,0,0,0,0,0,0,0,0,0,0,0,0,0,0,0,0,0,0,0,0,0,0,0,0,0,0,0,0,0,0,0,0,0,0,0,0,0,0,0,0,0,0,0,0,0,0,0,0,0,0,0,0,0,0,0,0,0,0,0,0,0,0,0,0,0,0,0,0,0,0,0,0,0,0,0,0,0,0,0,0,0
9002,359.18915787787535,0,0,0,0,0,0,0,0,0,0,0,0,0,0,0,0,0,0,0,0,0,0,0,0,0,0,0,0,0,0,0,0,0,0,0,0,0,0,0,0,0,0,0,0,0,0,0,0,0,0,0,0,0,0,0,0,0,0,0,0,0,0,0,0,0,0,0,0,0,0,0,0,0,0,0,0,0,0,0,0,0,0,0,0,0,0,0,0,0,0,0,0,0,0,0,0,0,0,0,0,0,0,0,0,0,0,0,0,0,0,0,0,0,0,0,0,0,0,0,0,0,0,0,0,0,0,0,0,0,0,0,0,0,0,0,0,0,0,0,0,0,0,0,0,0,0,0,0,0,0,0,0
9003,181.64050309181414,0,0,0,0,0,0,0,0,0,0,0,0,0,0,0,0,0,0,0,0,0,0,0,0,0,0,0,0,0,0,0,0,0,0,0,0,40.5935671209409,40.5935671209409,40.5935671209409,40.5935671209409,40.5935671209409,40.5935671209409,40.5935671209409,40.5935671209409,40.5935671209409,40.5935671209409,40.5935671209409,40.5935671209409,40.5935671209409,40.5935671209409,40.5935671209409,40.5935671209409,40.5935671209409,40.5935671209409,40.5935671209409,40.5935671209409,40.5935671209409,40.5935671209409,40.5935671209409,40.5935671209409,40.5935671209409,40.5935671209409,40.5935671209409,40.5935671209409,40.5935671209409,40.5935671209409,40.5935671209409,40.5935671209409,40.5935671209409,40.5935671209409,40.5935671209409,40.5935671209409,40.5935671209409,40.5935671209409,40.5935671209409,40.5935671209409,40.5935671209409,0,0,0,0,0,0,0,0,0,0,0,0,0,0,0,0,0,0,0,0,0,0,0,0,0,0,0,0,0,0,0,0,0,0,223.48301414041995,223.48301414041995,223.48301414041995,223.48301414041995,223.48301414041995,223.48301414041995,223.48301414041995,223.48301414041995,223.48301414041995,223.48301414041995,223.48301414041995,223.48301414041995,223.48301414041995,223.48301414041995,223.48301414041995,223.48301414041995,223.48301414041995,223.48301414041995,223.48301414041995,223.48301414041995,223.48301414041995,223.48301414041995,223.48301414041995,223.48301414041995,223.48301414041995,223.48301414041995,223.48301414041995,223.48301414041995,223.48301414041995,223.48301414041995,223.48301414041995,223.48301414041995,223.48301414041995,223.48301414041995,223.48301414041995,223.48301414041995,223.48301414041995,223.48301414041995,223.48301414041995,223.48301414041995,223.48301414041995
9004,198.27483870693942,0,0,0,0,0,0,0,0,0,0,0,0,0,0,0,0,0,0,0,0,0,0,0,0,0,0,0,0,0,0,0,0,0,0,0,0,0,0,0,0,0,0,0,0,0,0,0,0,0,0,0,0,0,0,0,0,0,0,0,0,0,0,0,0,0,0,0,0,0,0,0,0,0,0,0,0,0,0,0,0,0,0,0,0,0,0,0,0,0,0,0,0,0,0,0,0,0,0,0,0,0,0,0,0,0,0,0,0,0,0,0,0,0,0,0,0,0,0,0,0,0,0,0,0,0,0,0,0,0,0,0,0,0,0,0,0,0,0,0,0,0,0,0,0,0,0,0,0,0,0,0,0
9005,147.1734026498267,55.321971166281386,375.89652865409596,0,0,0,0,0,0,0,0,0,0,0,0,0,0,0,0,0,0,0,0,0,0,0,0,0,0,0,0,0,0,0,0,0,0,0,0,0,0,0,0,0,0,0,0,0,0,0,0,0,0,0,0,0,0,0,0,0,0,0,0,0,0,0,0,0,0,0,0,0,0,0,0,0,0,0,0,0,0,0,0,0,0,0,0,0,0,0,0,0,0,0,0,0,0,0,0,0,0,0,0,0,0,0,0,0,0,0,0,0,0,0,0,0,0,0,0,0,0,0,0,0,0,0,0,0,0,0,0,0,0,0,0,0,0,0,0,0,0,0,0,0,0,0,0,0,0,0,0,0,0
9006,90.55903889303161,0,0,0,0,0,0,0,0,0,0,0,0,0,0,0,0,0,0,0,0,0,0,0,0,0,0,0,0,0,0,0,0,0,0,0,0,0,0,0,0,0,0,0,0,0,0,0,0,0,0,0,0,0,0,0,0,0,0,0,0,0,0,0,0,0,0,0,0,0,0,0,0,0,0,0,0,0,0,0,0,0,0,0,0,0,0,0,0,0,0,0,0,0,0,0,0,0,0,0,0,0,0,0,0,0,0,0,0,0,0,0,0,0,0,0,0,0,0,0,0,0,0,0,0,0,0,0,0,0,0,0,0,0,0,0,0,0,0,0,0,0,0,0,0,0,0,0,0,0,0,0,0
9007,205.7259643997421,0,0,0,0,0,0,0,0,0,0,0,0,0,0,0,0,0,0,0,0,0,0,0,0,0,0,0,0,0,0,0,0,0,0,0,33.02700823184533,76.06611134547812,76.06611134547812,76.06611134547812,76.06611134547812,76.06611134547812,76.06611134547812,76.06611134547812,76.06611134547812,76.06611134547812,76.06611134547812,76.06611134547812,76.06611134547812,76.06611134547812,76.06611134547812,76.06611134547812,76.06611134547812,76.06611134547812,76.06611134547812,76.06611134547812,76.06611134547812,76.06611134547812,76.06611134547812,76.06611134547812,76.06611134547812,76.06611134547812,76.06611134547812,76.06611134547812,76.06611134547812,76.06611134547812,76.06611134547812,76.06611134547812,76.06611134547812,76.06611134547812,76.06611134547812,76.06611134547812,76.06611134547812,76.06611134547812,76.06611134547812,76.06611134547812,76.06611134547812,76.06611134547812,0,0,0,0,0,0,0,0,0,0,0,0,0,0,0,0,0,0,0,0,0,0,0,0,0,0,0,0,0,0,0,0,0,160.53884266971374,369.7448281135557,369.7448281135557,369.7448281135557,369.7448281135557,369.7448281135557,369.7448281135557,369.7448281135557,369.7448281135557,369.7448281135557,369.7448281135557,369.7448281135557,369.7448281135557,369.7448281135557,369.7448281135557,369.7448281135557,369.7448281135557,369.7448281135557,369.7448281135557,369.7448281135557,369.7448281135557,369.7448281135557,369.7448281135557,369.7448281135557,369.7448281135557,369.7448281135557,369.7448281135557,369.7448281135557,369.7448281135557,369.7448281135557,369.7448281135557,369.7448281135557,369.7448281135557,369.7448281135557,369.7448281135557,369.7448281135557,369.7448281135557,369.7448281135557,369.7448281135557,369.7448281135557,369.7448281135557,369.7448281135557
9008,149.22127866297768,0,0,0,0,0,0,0,0,0,0,0,0,0,0,0,0,0,0,0,0,0,0,0,0,0,0,0,0,0,0,0,0,0,0,0,0,0,0,0,0,0,0,0,0,0,0,0,0,0,0,0,0,0,0,0,0,0,0,0,0,0,0,0,0,0,0,0,0,0,0,0,0,0,0,0,0,0,0,0,0,0,0,0,0,0,0,0,0,0,0,0,0,0,0,0,0,0,0,0,0,0,0,0,0,0,0,0,0,0,0,0,0,0,0,0,0,0,0,0,0,0,0,0,0,0,0,0,0,0,0,0,0,0,0,0,0,0,0,0,0,0,0,0,0,0,0,0,0,0,0,0,0
9009,201.36098784234093,12.119714869607897,60.18899191683166,0,0,0,0,0,0,0,0,0,0,0,0,0,0,0,0,0,0,0,0,0,0,0,0,0,0,0,0,0,0,0,0,0,0,0,0,0,0,0,0,0,0,0,0,0,0,0,0,0,0,0,0,0,0,0,0,0,0,0,0,0,0,0,0,0,0,0,0,0,0,0,0,0,0,0,0,0,0,0,0,0,0,0,0,0,0,0,0,0,0,0,0,0,0,0,0,0,0,0,0,0,0,0,0,0,0,0,0,0,0,0,0,0,0,0,0,0,0,0,0,0,0,0,0,0,0,0,0,0,0,0,0,0,0,0,0,0,0,0,0,0,0,0,0,0,0,0,0,0,0
9010,170.0373082194519,0,0,0,0,0,0,0,0,0,0,0,0,0,0,0,0,0,0,0,0,0,0,0,0,0,0,0,0,0,0,0,0,0,0,0,0,0,0,0,0,0,0,0,0,0,0,0,0,0,0,0,0,0,0,0,0,0,0,0,0,0,0,0,0,0,0,0,0,0,0,0,0,0,0,0,0,0,0,0,0,0,0,0,0,0,0,0,0,0,0,0,0,0,0,0,0,0,0,0,0,0,0,0,0,0,0,0,0,0,0,0,0,0,0,0,0,0,0,0,0,0,0,0,0,0,0,0,0,0,0,0,0,0,0,0,0,0,0,0,0,0,0,0,0,0,0,0,0,0,0,0,0
9011,901.5752304011124,32.07227301663648,35.57359600747623,0,0,0,0,0,0,0,0,0,0,0,0,0,0,0,0,0,0,0,0,0,0,0,0,0,0,0,0,0,0,0,0,0,0,0,0,0,0,0,0,0,0,0,0,0,0,0,0,0,0,0,0,0,0,0,0,0,0,0,0,0,0,0,0,0,0,0,0,0,0,0,0,0,0,0,0,0,0,0,0,0,0,0,0,0,0,0,0,0,0,0,0,0,0,0,0,0,0,0,0,0,0,0,0,0,0,0,0,0,0,0,0,0,0,0,0,0,0,0,0,0,0,0,0,0,0,0,0,0,0,0,0,0,0,0,0,0,0,0,0,0,0,0,0,0,0,0,0,0,0
9012,442.52961910644103,10.356615056276196,23.403213274601477,0,0,0,0,0,0,0,0,0,0,0,0,0,0,0,0,0,0,0,0,0,0,0,0,0,0,0,0,0,0,0,0,0,0,0,62.65971651044859,62.65971651044859,62.65971651044859,62.65971651044859,62.65971651044859,62.65971651044859,62.65971651044859,62.65971651044859,62.65971651044859,62.65971651044859,62.65971651044859,62.65971651044859,62.65971651044859,62.65971651044859,62.65971651044859,62.65971651044859,62.65971651044859,62.65971651044859,62.65971651044859,62.65971651044859,62.65971651044859,62.65971651044859,62.65971651044859,62.65971651044859,62.65971651044859,62.65971651044859,62.65971651044859,62.65971651044859,62.65971651044859,62.65971651044859,62.65971651044859,62.65971651044859,62.65971651044859,62.65971651044859,62.65971651044859,62.65971651044859,62.65971651044859,62.65971651044859,62.65971651044859,62.65971651044859,0,0,0,0,0,0,0,0,0,0,0,0,0,0,0,0,0,0,0,0,0,0,0,0,0,0,0,0,0,0,0,0,0,0,0,141.59440138034498,141.59440138034498,141.59440138034498,141.59440138034498,141.59440138034498,141.59440138034498,141.59440138034498,141.59440138034498,141.59440138034498,141.59440138034498,141.59440138034498,141.59440138034498,141.59440138034498,141.59440138034498,141.59440138034498,141.59440138034498,141.59440138034498,141.59440138034498,141.59440138034498,141.59440138034498,141.59440138034498,141.59440138034498,141.59440138034498,141.59440138034498,141.59440138034498,141.59440138034498,141.59440138034498,141.59440138034498,141.59440138034498,141.59440138034498,141.59440138034498,141.59440138034498,141.59440138034498,141.59440138034498,141.59440138034498,141.59440138034498,141.59440138034498,141.59440138034498,141.59440138034498,141.59440138034498
9013,636.0347596963978,0,0,0,0,0,0,0,0,0,0,0,0,0,0,0,0,0,0,0,0,0,0,0,0,0,0,0,0,0,0,0,0,0,0,0,0,0,0,0,0,0,0,0,0,0,0,0,0,0,0,0,0,0,0,0,0,0,0,0,0,0,0,0,0,0,0,0,0,0,0,0,0,0,0,0,0,0,0,0,0,0,0,0,0,0,0,0,0,0,0,0,0,0,0,0,0,0,0,0,0,0,0,0,0,0,0,0,0,0,0,0,0,0,0,0,0,0,0,0,0,0,0,0,0,0,0,0,0,0,0,0,0,0,0,0,0,0,0,0,0,0,0,0,0,0,0,0,0,0,0,0,0
9014,46.061485575336455,5.447464666694623,118.2650667613608,0,0,0,0,0,0,0,0,0,0,0,0,0,0,0,0,0,0,0,0,0,0,0,0,0,0,0,0,0,0,0,0,0,0,19.24641579320274,19.24641579320274,19.24641579320274,19.24641579320274,19.24641579320274,19.24641579320274,19.24641579320274,19.24641579320274,19.24641579320274,19.24641579320274,19.24641579320274,19.24641579320274,19.24641579320274,19.24641579320274,19.24641579320274,19.24641579320274,19.24641579320274,19.24641579320274,19.24641579320274,19.24641579320274,19.24641579320274,19.24641579320274,19.24641579320274,19.24641579320274,19.24641579320274,19.24641579320274,19.24641579320274,19.24641579320274,19.24641579320274,19.24641579320274,19.24641579320274,19.24641579320274,19.24641579320274,19.24641579320274,19.24641579320274,19.24641579320274,19.24641579320274,19.24641579320274,19.24641579320274,19.24641579320274,19.24641579320274,0,0,0,0,0,0,0,0,0,0,0,0,0,0,0,0,0,0,0,0,0,0,0,0,0,0,0,0,0,0,0,0,0,0,417.8418379868364,417.8418379868364,417.8418379868364,417.8418379868364,417.8418379868364,417.8418379868364,417.8418379868364,417.8418379868364,417.8418379868364,417.8418379868364,417.8418379868364,417.8418379868364,417.8418379868364,417.8418379868364,417.8418379868364,417.8418379868364,417.8418379868364,417.8418379868364,417.8418379868364,417.8418379868364,417.8418379868364,417.8418379868364,417.8418379868364,417.8418379868364,417.8418379868364,417.8418379868364,417.8418379868364,417.8418379868364,417.8418379868364,417.8418379868364,417.8418379868364,417.8418379868364,417.8418379868364,417.8418379868364,417.8418379868364,417.8418379868364,417.8418379868364,417.8418379868364,417.8418379868364,417.8418379868364,417.8418379868364
9015,83.87529928779459,0,0,0,0,0,0,0,0,0,0,0,0,0,0,0,0,0,0,0,0,0,0,0,0,0,0,0,0,0,0,0,0,0,0,0,0,0,34.370078054222816,34.370078054222816,34.370078054222816,34.370078054222816,34.370078054222816,34.370078054222816,34.370078054222816,34.370078054222816,34.370078054222816,34.370078054222816,34.370078054222816,34.370078054222816,34.370078054222816,34.370078054222816,34.370078054222816,34.370078054222816,34.370078054222816,34.370078054222816,34.370078054222816,34.370078054222816,34.370078054222816,34.370078054222816,34.370078054222816,34.370078054222816,34.370078054222816,34.370078054222816,34.370078054222816,34.370078054222816,34.370078054222816,34.370078054222816,34.370078054222816,34.370078054222816,34.370078054222816,34.370078054222816,34.370078054222816,34.370078054222816,34.370078054222816,34.370078054222816,34.370078054222816,34.370078054222816,0,0,0,0,0,0,0,0,0,0,0,0,0,0,0,0,0,0,0,0,0,0,0,0,0,0,0,0,0,0,0,0,0,0,0,409.7759214699375,409.7759214699375,409.7759214699375,409.7759214699375,409.7759214699375,409.7759214699375,409.7759214699375,409.7759214699375,409.7759214699375,409.7759214699375,409.7759214699375,409.7759214699375,409.7759214699375,409.7759214699375,409.7759214699375,409.7759214699375,409.7759214699375,409.7759214699375,409.7759214699375,409.7759214699375,409.7759214699375,409.7759214699375,409.7759214699375,409.7759214699375,409.7759214699375,409.7759214699375,409.7759214699375,409.7759214699375,409.7759214699375,409.7759214699375,409.7759214699375,409.7759214699375,409.7759214699375,409.7759214699375,409.7759214699375,409.7759214699375,409.7759214699375,409.7759214699375,409.7759214699375,409.7759214699375
9016,236.17650062227295,0,0,0,0,0,0,0,0,0,0,0,0,0,0,0,0,0,0,0,0,0,0,0,0,0,0,0,0,0,0,0,0,0,0,0,0,0,0,0,0,0,0,0,0,0,0,0,0,0,0,0,0,0,0,0,0,0,0,0,0,0,0,0,0,0,0,0,0,0,0,0,0,0,0,0,0,0,0,0,0,0,0,0,0,0,0,0,0,0,0,0,0,0,0,0,0,0,0,0,0,0,0,0,0,0,0,0,0,0,0,0,0,0,0,0,0,0,0,0,0,0,0,0,0,0,0,0,0,0,0,0,0,0,0,0,0,0,0,0,0,0,0,0,0,0,0,0,0,0,0,0,0
9017,128.47784721763875,0,0,0,0,0,0,0,0,0,0,0,0,0,0,0,0,0,0,0,0,0,0,0,0,0,0,0,0,0,0,0,0,0,0,0,0,0,0,0,0,0,0,0,0,0,0,0,0,0,0,0,0,0,0,0,0,0,0,0,0,0,0,0,0,0,0,0,0,0,0,0,0,0,0,0,0,0,0,0,0,0,0,0,0,0,0,0,0,0,0,0,0,0,0,0,0,0,0,0,0,0,0,0,0,0,0,0,0,0,0,0,0,0,0,0,0,0,0,0,0,0,0,0,0,0,0,0,0,0,0,0,0,0,0,0,0,0,0,0,0,0,0,0,0,0,0,0,0,0,0,0,0
9018,91.87885095678419,0,0,0,0,0,0,0,0,0,0,0,0,0,0,0,0,0,0,0,0,0,0,0,0,0,0,0,0,0,0,0,0,0,0,0,0,5.484915993198017,5.484915993198017,5.484915993198017,5.484915993198017,5.484915993198017,5.484915993198017,5.484915993198017,5.484915993198017,5.484915993198017,5.484915993198017,5.484915993198017,5.484915993198017,5.484915993198017,5.484915993198017,5.484915993198017,5.484915993198017,5.484915993198017,5.484915993198017,5.484915993198017,5.484915993198017,5.484915993198017,5.484915993198017,5.484915993198017,5.484915993198017,5.484915993198017,5.484915993198017,5.484915993198017,5.484915993198017,5.484915993198017,5.484915993198017,5.484915993198017,5.484915993198017,5.484915993198017,5.484915993198017,5.484915993198017,5.484915993198017,5.484915993198017,5.484915993198017,5.484915993198017,5.484915993198017,5.484915993198017,0,0,0,0,0,0,0,0,0,0,0,0,0,0,0,0,0,0,0,0,0,0,0,0,0,0,0,0,0,0,0,0,0,0,59.697263691052065,59.697263691052065,59.697263691052065,59.697263691052065,59.697263691052065,59.697263691052065,59.697263691052065,59.697263691052065,59.697263691052065,59.697263691052065,59.697263691052065,59.697263691052065,59.697263691052065,59.697263691052065,59.697263691052065,59.697263691052065,59.697263691052065,59.697263691052065,59.697263691052065,59.697263691052065,59.697263691052065,59.697263691052065,59.697263691052065,59.697263691052065,59.697263691052065,59.697263691052065,59.697263691052065,59.697263691052065,59.697263691052065,59.697263691052065,59.697263691052065,59.697263691052065,59.697263691052065,59.697263691052065,59.697263691052065,59.697263691052065,59.697263691052065,59.697263691052065,59.697263691052065,59.697263691052065,59.697263691052065
9019,644.8536904236462,0,0,0,0,0,0,0,0,0,0,0,0,0,0,0,0,0,0,0,0,0,0,0,0,0,0,0,0,0,0,0,0,0,0,0,0,0,0,0,0,0,0,0,0,0,0,0,0,0,0,0,0,0,0,0,0,0,0,0,0,0,0,0,0,0,0,0,0,0,0,0,0,0,0,0,0,0,0,0,0,0,0,0,0,0,0,0,0,0,0,0,0,0,0,0,0,0,0,0,0,0,0,0,0,0,0,0,0,0,0,0,0,0,0,0,0,0,0,0,0,0,0,0,0,0,0,0,0,0,0,0,0,0,0,0,0,0,0,0,0,0,0,0,0,0,0,0,0,0,0,0,0
9020,184.93612297315542,0,0,0,0,0,0,0,0,0,0,0,0,0,0,0,0,0,0,0,0,0,0,0,0,0,0,0,0,0,0,0,0,0,0,0,0,0,0,0,0,0,0,0,0,0,0,0,0,0,0,0,0,0,0,0,0,0,0,0,0,0,0,0,0,0,0,0,0,0,0,0,0,0,0,0,0,0,0,0,0,0,0,0,0,0,0,0,0,0,0,0,0,0,0,0,0,0,0,0,0,0,0,0,0,0,0,0,0,0,0,0,0,0,0,0,0,0,0,0,0,0,0,0,0,0,0,0,0,0,0,0,0,0,0,0,0,0,0,0,0,0,0,0,0,0,0,0,0,0,0,0,0
9021,399.9875215134425,0,0,0,0,0,0,0,0,0,0,0,0,0,0,0,0,0,0,0,0,0,0,0,0,0,0,0,0,0,0,0,0,0,0,0,0,0,0,0,0,0,0,0,0,0,0,0,0,0,0,0,0,0,0,0,0,0,0,0,0,0,0,0,0,0,0,0,0,0,0,0,0,0,0,0,0,0,0,0,0,0,0,0,0,0,0,0,0,0,0,0,0,0,0,0,0,0,0,0,0,0,0,0,0,0,0,0,0,0,0,0,0,0,0,0,0,0,0,0,0,0,0,0,0,0,0,0,0,0,0,0,0,0,0,0,0,0,0,0,0,0,0,0,0,0,0,0,0,0,0,0,0
9022,654.7744572264246,0,0,0,0,0,0,0,0,0,0,0,0,0,0,0,0,0,0,0,0,0,0,0,0,0,0,0,0,0,0,0,0,0,0,0,0,0,0,0,0,0,0,0,0,0,0,0,0,0,0,0,0,0,0,0,0,0,0,0,0,0,0,0,0,0,0,0,0,0,0,0,0,0,0,0,0,0,0,0,0,0,0,0,0,0,0,0,0,0,0,0,0,0,0,0,0,0,0,0,0,0,0,0,0,0,0,0,0,0,0,0,0,0,0,0,0,0,0,0,0,0,0,0,0,0,0,0,0,0,0,0,0,0,0,0,0,0,0,0,0,0,0,0,0,0,0,0,0,0,0,0,0
9023,20.05056348164176,1.9838616365121287,98.9429368570388,0,0,0,0,0,0,0,0,0,0,0,0,0,0,0,0,0,0,0,0,0,0,0,0,0,0,0,0,0,0,0,0,0,0,0,0,0,0,0,0,0,0,0,0,0,0,0,0,0,0,0,0,0,0,0,0,0,0,0,0,0,0,0,0,0,0,0,0,0,0,0,0,0,0,0,0,0,0,0,0,0,0,0,0,0,0,0,0,0,0,0,0,0,0,0,0,0,0,0,0,0,0,0,0,0,0,0,0,0,0,0,0,0,0,0,0,0,0,0,0,0,0,0,0,0,0,0,0,0,0,0,0,0,0,0,0,0,0,0,0,0,0,0,0,0,0,0,0,0,0
9024,242.439054037346,0,0,0,0,0,0,0,0,0,0,0,0,0,0,0,0,0,0,0,0,0,0,0,0,0,0,0,0,0,0,0,0,0,0,0,0,0,0,0,0,0,0,0,0,0,0,0,0,0,0,0,0,0,0,0,0,0,0,0,0,0,0,0,0,0,0,0,0,0,0,0,0,0,0,0,0,0,0,0,0,0,0,0,0,0,0,0,0,0,0,0,0,0,0,0,0,0,0,0,0,0,0,0,0,0,0,0,0,0,0,0,0,0,0,0,0,0,0,0,0,0,0,0,0,0,0,0,0,0,0,0,0,0,0,0,0,0,0,0,0,0,0,0,0,0,0,0,0,0,0,0,0
9025,54.59656391859412,0,0,0,0,0,0,0,0,0,0,0,0,0,0,0,0,0,0,0,0,0,0,0,0,0,0,0,0,0,0,0,0,0,0,0,0,0,0,0,0,0,0,0,0,0,0,0,0,0,0,0,0,0,0,0,0,0,0,0,0,0,0,0,0,0,0,0,0,0,0,0,0,0,0,0,0,0,0,0,0,0,0,0,0,0,0,0,0,0,0,0,0,0,0,0,0,0,0,0,0,0,0,0,0,0,0,0,0,0,0,0,0,0,0,0,0,0,0,0,0,0,0,0,0,0,0,0,0,0,0,0,0,0,0,0,0,0,0,0,0,0,0,0,0,0,0,0,0,0,0,0,0
9026,312.7515333520097,0,0,0,0,0,0,0,0,0,0,0,0,0,0,0,0,0,0,0,0,0,0,0,0,0,0,0,0,0,0,0,0,0,0,0,0,0,0,0,0,0,0,0,0,0,0,0,0,0,0,0,0,0,0,0,0,0,0,0,0,0,0,0,0,0,0,0,0,0,0,0,0,0,0,0,0,0,0,0,0,0,0,0,0,0,0,0,0,0,0,0,0,0,0,0,0,0,0,0,0,0,0,0,0,0,0,0,0,0,0,0,0,0,0,0,0,0,0,0,0,0,0,0,0,0,0,0,0,0,0,0,0,0,0,0,0,0,0,0,0,0,0,0,0,0,0,0,0,0,0,0,0
9027,336.8203826974269,22.515327299389007,66.84668878728465,0,0,0,0,0,0,0,0,0,0,0,0,0,0,0,0,0,0,0,0,0,0,0,0,0,0,0,0,0,0,0,0,0,0,0,0,0,0,0,0,0,0,0,0,0,0,0,0,0,0,0,0,0,0,0,0,0,0,0,0,0,0,0,0,0,0,0,0,0,0,0,0,0,0,0,0,0,0,0,0,0,0,0,0,0,0,0,0,0,0,0,0,0,0,0,0,0,0,0,0,0,0,0,0,0,0,0,0,0,0,0,0,0,0,0,0,0,0,0,0,0,0,0,0,0,0,0,0,0,0,0,0,0,0,0,0,0,0,0,0,0,0,0,0,0,0,0,0,0,0
9028,493.21559273622165,0,0,0,0,0,0,0,0,0,0,0,0,0,0,0,0,0,0,0,0,0,0,0,0,0,0,0,0,0,0,0,0,0,0,0,74.24382203002374,74.24382203002374,74.24382203002374,74.24382203002374,74.24382203002374,74.24382203002374,74.24382203002374,74.24382203002374,74.24382203002374,74.24382203002374,74.24382203002374,74.24382203002374,74.24382203002374,74.24382203002374,74.24382203002374,74.24382203002374,74.24382203002374,74.24382203002374,74.24382203002374,74.24382203002374,74.24382203002374,74.24382203002374,74.24382203002374,74.24382203002374,74.24382203002374,74.24382203002374,74.24382203002374,74.24382203002374,74.24382203002374,74.24382203002374,74.24382203002374,74.24382203002374,74.24382203002374,74.24382203002374,74.24382203002374,74.24382203002374,74.24382203002374,74.24382203002374,74.24382203002374,74.24382203002374,74.24382203002374,74.24382203002374,0,0,0,0,0,0,0,0,0,0,0,0,0,0,0,0,0,0,0,0,0,0,0,0,0,0,0,0,0,0,0,0,0,150.53015988026627,150.53015988026627,150.53015988026627,150.53015988026627,150.53015988026627,150.53015988026627,150.53015988026627,150.53015988026627,150.53015988026627,150.53015988026627,150.53015988026627,150.53015988026627,150.53015988026627,150.53015988026627,150.53015988026627,150.53015988026627,150.53015988026627,150.53015988026627,150.53015988026627,150.53015988026627,150.53015988026627,150.53015988026627,150.53015988026627,150.53015988026627,150.53015988026627,150.53015988026627,150.53015988026627,150.53015988026627,150.53015988026627,150.53015988026627,150.53015988026627,150.53015988026627,150.53015988026627,150.53015988026627,150.53015988026627,150.53015988026627,150.53015988026627,150.53015988026627,150.53015988026627,150.53015988026627,150.53015988026627,150.53015988026627
9029,184.2795168780041,0,0,0,0,0,0,0,0,0,0,0,0,0,0,0,0,0,0,0,0,0,0,0,0,0,0,0,0,0,0,0,0,0,0,0,0,0,0,0,0,0,0,0,0,0,0,0,0,0,0,0,0,0,0,0,0,0,0,0,0,0,0,0,0,0,0,0,0,0,0,0,0,0,0,0,0,0,0,0,0,0,0,0,0,0,0,0,0,0,0,0,0,0,0,0,0,0,0,0,0,0,0,0,0,0,0,0,0,0,0,0,0,0,0,0,0,0,0,0,0,0,0,0,0,0,0,0,0,0,0,0,0,0,0,0,0,0,0,0,0,0,0,0,0,0,0,0,0,0,0,0,0
9030,740.3179351470164,51.51371543693766,69.58323308310474,0,0,0,0,0,0,0,0,0,0,0,0,0,0,0,0,0,0,0,0,0,0,0,0,0,0,0,0,0,0,0,0,0,0,44.01684510327317,44.01684510327317,44.01684510327317,44.01684510327317,44.01684510327317,44.01684510327317,44.01684510327317,44.01684510327317,44.01684510327317,44.01684510327317,44.01684510327317,44.01684510327317,44.01684510327317,44.01684510327317,44.01684510327317,44.01684510327317,44.01684510327317,44.01684510327317,44.01684510327317,44.01684510327317,44.01684510327317,44.01684510327317,44.01684510327317,44.01684510327317,44.01684510327317,44.01684510327317,44.01684510327317,44.01684510327317,44.01684510327317,44.01684510327317,44.01684510327317,44.01684510327317,44.01684510327317,44.01684510327317,44.01684510327317,44.01684510327317,44.01684510327317,44.01684510327317,44.01684510327317,44.01684510327317,44.01684510327317,0,0,0,0,0,0,0,0,0,0,0,0,0,0,0,0,0,0,0,0,0,0,0,0,0,0,0,0,0,0,0,0,0,0,59.456678021088415,59.456678021088415,59.456678021088415,59.456678021088415,59.456678021088415,59.456678021088415,59.456678021088415,59.456678021088415,59.456678021088415,59.456678021088415,59.456678021088415,59.456678021088415,59.456678021088415,59.456678021088415,59.456678021088415,59.456678021088415,59.456678021088415,59.456678021088415,59.456678021088415,59.456678021088415,59.456678021088415,59.456678021088415,59.456678021088415,59.456678021088415,59.456678021088415,59.456678021088415,59.456678021088415,59.456678021088415,59.456678021088415,59.456678021088415,59.456678021088415,59.456678021088415,59.456678021088415,59.456678021088415,59.456678021088415,59.456678021088415,59.456678021088415,59.456678021088415,59.456678021088415,59.456678021088415,59.456678021088415
9031,365.1977546779956,15.306379427117154,41.91257813349151,0,0,0,0,0,0,0,0,0,0,0,0,0,0,0,0,0,0,0,0,0,0,0,0,0,0,0,0,0,0,0,0,0,0,20.179519883024376,38.572490029138905,38.572490029138905,38.572490029138905,38.572490029138905,38.572490029138905,38.572490029138905,38.572490029138905,38.572490029138905,38.572490029138905,38.572490029138905,38.572490029138905,38.572490029138905,38.572490029138905,38.572490029138905,38.572490029138905,38.572490029138905,38.572490029138905,38.572490029138905,38.572490029138905,38.572490029138905,38.572490029138905,38.572490029138905,38.572490029138905,38.572490029138905,38.572490029138905,38.572490029138905,38.572490029138905,38.572490029138905,38.572490029138905,38.572490029138905,38.572490029138905,38.572490029138905,38.572490029138905,38.572490029138905,38.572490029138905,38.572490029138905,38.572490029138905,38.572490029138905,38.572490029138905,38.572490029138905,0,0,0,0,0,0,0,0,0,0,0,0,0,0,0,0,0,0,0,0,0,0,0,0,0,0,0,0,0,0,0,0,0,0,55.25641826800712,105.62083018048475,105.62083018048475,105.62083018048475,105.62083018048475,105.62083018048475,105.62083018048475,105.62083018048475,105.62083018048475,105.62083018048475,105.62083018048475,105.62083018048475,105.62083018048475,105.62083018048475,105.62083018048475,105.62083018048475,105.62083018048475,105.62083018048475,105.62083018048475,105.62083018048475,105.62083018048475,105.62083018048475,105.62083018048475,105.62083018048475,105.62083018048475,105.62083018048475,105.62083018048475,105.62083018048475,105.62083018048475,105.62083018048475,105.62083018048475,105.62083018048475,105.62083018048475,105.62083018048475,105.62083018048475,105.62083018048475,105.62083018048475,105.62083018048475,105.62083018048475,105.62083018048475,105.62083018048475
9032,407.8868864424641,0,0,0,0,0,0,0,0,0,0,0,0,0,0,0,0,0,0,0,0,0,0,0,0,0,0,0,0,0,0,0,0,0,0,0,0,0,0,0,0,0,0,0,0,0,0,0,0,0,0,0,0,0,0,0,0,0,0,0,0,0,0,0,0,0,0,0,0,0,0,0,0,0,0,0,0,0,0,0,0,0,0,0,0,0,0,0,0,0,0,0,0,0,0,0,0,0,0,0,0,0,0,0,0,0,0,0,0,0,0,0,0,0,0,0,0,0,0,0,0,0,0,0,0,0,0,0,0,0,0,0,0,0,0,0,0,0,0,0,0,0,0,0,0,0,0,0,0,0,0,0,0
9033,969.3843801066637,215.87743890356708,222.69539651527452,0,0,0,0,0,0,0,0,0,0,0,0,0,0,0,0,0,0,0,0,0,0,0,0,0,0,0,0,0,0,0,0,0,0,0,0,0,0,0,0,0,0,0,0,0,0,0,0,0,0,0,0,0,0,0,0,0,0,0,0,0,0,0,0,0,0,0,0,0,0,0,0,0,0,0,0,0,0,0,0,0,0,0,0,0,0,0,0,0,0,0,0,0,0,0,0,0,0,0,0,0,0,0,0,0,0,0,0,0,0,0,0,0,0,0,0,0,0,0,0,0,0,0,0,0,0,0,0,0,0,0,0,0,0,0,0,0,0,0,0,0,0,0,0,0,0,0,0,0,0
9034,162.29708607687854,39.34960933307216,242.45419486109955,0,0,0,0,0,0,0,0,0,0,0,0,0,0,0,0,0,0,0,0,0,0,0,0,0,0,0,0,0,0,0,0,0,0,35.24641175936399,35.24641175936399,35.24641175936399,35.24641175936399,35.24641175936399,35.24641175936399,35.24641175936399,35.24641175936399,35.24641175936399,35.24641175936399,35.24641175936399,35.24641175936399,35.24641175936399,35.24641175936399,35.24641175936399,35.24641175936399,35.24641175936399,35.24641175936399,35.24641175936399,35.24641175936399,35.24641175936399,35.24641175936399,35.24641175936399,35.24641175936399,35.24641175936399,35.24641175936399,35.24641175936399,35.24641175936399,35.24641175936399,35.24641175936399,35.24641175936399,35.24641175936399,35.24641175936399,35.24641175936399,35.24641175936399,35.24641175936399,35.24641175936399,35.24641175936399,35.24641175936399,35.24641175936399,35.24641175936399,0,0,0,0,0,0,0,0,0,0,0,0,0,0,0,0,0,0,0,0,0,0,0,0,0,0,0,0,0,0,0,0,0,0,217.17217857299119,217.17217857299119,217.17217857299119,217.17217857299119,217.17217857299119,217.17217857299119,217.17217857299119,217.17217857299119,217.17217857299119,217.17217857299119,217.17217857299119,217.17217857299119,217.17217857299119,217.17217857299119,217.17217857299119,217.17217857299119,217.17217857299119,217.17217857299119,217.17217857299119,217.17217857299119,217.17217857299119,217.17217857299119,217.17217857299119,217.17217857299119,217.17217857299119,217.17217857299119,217.17217857299119,217.17217857299119,217.17217857299119,217.17217857299119,217.17217857299119,217.17217857299119,217.17217857299119,217.17217857299119,217.17217857299119,217.17217857299119,217.17217857299119,217.17217857299119,217.17217857299119,217.17217857299119,217.17217857299119
9035,136.63898879320865,0,0,0,0,0,0,0,0,0,0,0,0,0,0,0,0,0,0,0,0,0,0,0,0,0,0,0,0,0,0,0,0,0,0,0,0,0,0,0,0,0,0,0,0,0,0,0,0,0,0,0,0,0,0,0,0,0,0,0,0,0,0,0,0,0,0,0,0,0,0,0,0,0,0,0,0,0,0,0,0,0,0,0,0,0,0,0,0,0,0,0,0,0,0,0,0,0,0,0,0,0,0,0,0,0,0,0,0,0,0,0,0,0,0,0,0,0,0,0,0,0,0,0,0,0,0,0,0,0,0,0,0,0,0,0,0,0,0,0,0,0,0,0,0,0,0,0,0,0,0,0,0
9036,63.60382665266466,0,0,0,0,0,0,0,0,0,0,0,0,0,0,0,0,0,0,0,0,0,0,0,0,0,0,0,0,0,0,0,0,0,0,0,0,0,19.30023383196979,19.30023383196979,19.30023383196979,19.30023383196979,19.30023383196979,19.30023383196979,19.30023383196979,19.30023383196979,19.30023383196979,19.30023383196979,19.30023383196979,19.30023383196979,19.30023383196979,19.30023383196979,19.30023383196979,19.30023383196979,19.30023383196979,19.30023383196979,19.30023383196979,19.30023383196979,19.30023383196979,19.30023383196979,19.30023383196979,19.30023383196979,19.30023383196979,19.30023383196979,19.30023383196979,19.30023383196979,19.30023383196979,19.30023383196979,19.30023383196979,19.30023383196979,19.30023383196979,19.30023383196979,19.30023383196979,19.30023383196979,19.30023383196979,19.30023383196979,19.30023383196979,19.30023383196979,0,0,0,0,0,0,0,0,0,0,0,0,0,0,0,0,0,0,0,0,0,0,0,0,0,0,0,0,0,0,0,0,0,0,0,303.44453860247756,303.44453860247756,303.44453860247756,303.44453860247756,303.44453860247756,303.44453860247756,303.44453860247756,303.44453860247756,303.44453860247756,303.44453860247756,303.44453860247756,303.44453860247756,303.44453860247756,303.44453860247756,303.44453860247756,303.44453860247756,303.44453860247756,303.44453860247756,303.44453860247756,303.44453860247756,303.44453860247756,303.44453860247756,303.44453860247756,303.44453860247756,303.44453860247756,303.44453860247756,303.44453860247756,303.44453860247756,303.44453860247756,303.44453860247756,303.44453860247756,303.44453860247756,303.44453860247756,303.44453860247756,303.44453860247756,303.44453860247756,303.44453860247756,303.44453860247756,303.44453860247756,303.44453860247756
9037,100.79555691483363,0,0,0,0,0,0,0,0,0,0,0,0,0,0,0,0,0,0,0,0,0,0,0,0,0,0,0,0,0,0,0,0,0,0,0,0,0,0,0,0,0,0,0,0,0,0,0,0,0,0,0,0,0,0,0,0,0,0,0,0,0,0,0,0,0,0,0,0,0,0,0,0,0,0,0,0,0,0,0,0,0,0,0,0,0,0,0,0,0,0,0,0,0,0,0,0,0,0,0,0,0,0,0,0,0,0,0,0,0,0,0,0,0,0,0,0,0,0,0,0,0,0,0,0,0,0,0,0,0,0,0,0,0,0,0,0,0,0,0,0,0,0,0,0,0,0,0,0,0,0,0,0
9038,93.78491339903911,14.347674180689143,152.98488488913125,0,0,0,0,0,0,0,0,0,0,0,0,0,0,0,0,0,0,0,0,0,0,0,0,0,0,0,0,0,0,0,0,0,0,40.35991700432676,40.35991700432676,40.35991700432676,40.35991700432676,40.35991700432676,40.35991700432676,40.35991700432676,40.35991700432676,40.35991700432676,40.35991700432676,40.35991700432676,40.35991700432676,40.35991700432676,40.35991700432676,40.35991700432676,40.35991700432676,40.35991700432676,40.35991700432676,40.35991700432676,40.35991700432676,40.35991700432676,40.35991700432676,40.35991700432676,40.35991700432676,40.35991700432676,40.35991700432676,40.35991700432676,40.35991700432676,40.35991700432676,40.35991700432676,40.35991700432676,40.35991700432676,40.35991700432676,40.35991700432676,40.35991700432676,40.35991700432676,40.35991700432676,40.35991700432676,40.35991700432676,40.35991700432676,40.35991700432676,0,0,0,0,0,0,0,0,0,0,0,0,0,0,0,0,0,0,0,0,0,0,0,0,0,0,0,0,0,0,0,0,0,0,430.3455165822041,430.3455165822041,430.3455165822041,430.3455165822041,430.3455165822041,430.3455165822041,430.3455165822041,430.3455165822041,430.3455165822041,430.3455165822041,430.3455165822041,430.3455165822041,430.3455165822041,430.3455165822041,430.3455165822041,430.3455165822041,430.3455165822041,430.3455165822041,430.3455165822041,430.3455165822041,430.3455165822041,430.3455165822041,430.3455165822041,430.3455165822041,430.3455165822041,430.3455165822041,430.3455165822041,430.3455165822041,430.3455165822041,430.3455165822041,430.3455165822041,430.3455165822041,430.3455165822041,430.3455165822041,430.3455165822041,430.3455165822041,430.3455165822041,430.3455165822041,430.3455165822041,430.3455165822041,430.3455165822041
9039,95.78494911581485,0,0,0,0,0,0,0,0,0,0,0,0,0,0,0,0,0,0,0,0,0,0,0,0,0,0,0,0,0,0,0,0,0,0,0,0,0,0,0,0,0,0,0,0,0,0,0,0,0,0,0,0,0,0,0,0,0,0,0,0,0,0,0,0,0,0,0,0,0,0,0,0,0,0,0,0,0,0,0,0,0,0,0,0,0,0,0,0,0,0,0,0,0,0,0,0,0,0,0,0,0,0,0,0,0,0,0,0,0,0,0,0,0,0,0,0,0,0,0,0,0,0,0,0,0,0,0,0,0,0,0,0,0,0,0,0,0,0,0,0,0,0,0,0,0,0,0,0,0,0,0,0
9040,407.4703833484736,0,0,0,0,0,0,0,0,0,0,0,0,0,0,0,0,0,0,0,0,0,0,0,0,0,0,0,0,0,0,0,0,0,0,0,0,0,0,0,0,0,0,0,0,0,0,0,0,0,0,0,0,0,0,0,0,0,0,0,0,0,0,0,0,0,0,0,0,0,0,0,0,0,0,0,0,0,0,0,0,0,0,0,0,0,0,0,0,0,0,0,0,0,0,0,0,0,0,0,0,0,0,0,0,0,0,0,0,0,0,0,0,0,0,0,0,0,0,0,0,0,0,0,0,0,0,0,0,0,0,0,0,0,0,0,0,0,0,0,0,0,0,0,0,0,0,0,0,0,0,0,0
9041,75.61063988960778,0,0,0,0,0,0,0,0,0,0,0,0,0,0,0,0,0,0,0,0,0,0,0,0,0,0,0,0,0,0,0,0,0,0,0,0,0,26.898650068842866,26.898650068842866,26.898650068842866,26.898650068842866,26.898650068842866,26.898650068842866,26.898650068842866,26.898650068842866,26.898650068842866,26.898650068842866,26.898650068842866,26.898650068842866,26.898650068842866,26.898650068842866,26.898650068842866,26.898650068842866,26.898650068842866,26.898650068842866,26.898650068842866,26.898650068842866,26.898650068842866,26.898650068842866,26.898650068842866,26.898650068842866,26.898650068842866,26.898650068842866,26.898650068842866,26.898650068842866,26.898650068842866,26.898650068842866,26.898650068842866,26.898650068842866,26.898650068842866,26.898650068842866,26.898650068842866,26.898650068842866,26.898650068842866,26.898650068842866,26.898650068842866,26.898650068842866,0,0,0,0,0,0,0,0,0,0,0,0,0,0,0,0,0,0,0,0,0,0,0,0,0,0,0,0,0,0,0,0,0,0,0,355.75218128182934,355.75218128182934,355.75218128182934,355.75218128182934,355.75218128182934,355.75218128182934,355.75218128182934,355.75218128182934,355.75218128182934,355.75218128182934,355.75218128182934,355.75218128182934,355.75218128182934,355.75218128182934,355.75218128182934,355.75218128182934,355.75218128182934,355.75218128182934,355.75218128182934,355.75218128182934,355.75218128182934,355.75218128182934,355.75218128182934,355.75218128182934,355.75218128182934,355.75218128182934,355.75218128182934,355.75218128182934,355.75218128182934,355.75218128182934,355.75218128182934,355.75218128182934,355.75218128182934,355.75218128182934,355.75218128182934,355.75218128182934,355.75218128182934,355.75218128182934,355.75218128182934,355.75218128182934
9042,311.2566052579651,0,0,0,0,0,0,0,0,0,0,0,0,0,0,0,0,0,0,0,0,0,0,0,0,0,0,0,0,0,0,0,0,0,0,0,0,0,0,0,0,0,0,0,0,0,0,0,0,0,0,0,0,0,0,0,0,0,0,0,0,0,0,0,0,0,0,0,0,0,0,0,0,0,0,0,0,0,0,0,0,0,0,0,0,0,0,0,0,0,0,0,0,0,0,0,0,0,0,0,0,0,0,0,0,0,0,0,0,0,0,0,0,0,0,0,0,0,0,0,0,0,0,0,0,0,0,0,0,0,0,0,0,0,0,0,0,0,0,0,0,0,0,0,0,0,0,0,0,0,0,0,0
9043,340.1667333326371,0,0,0,0,0,0,0,0,0,0,0,0,0,0,0,0,0,0,0,0,0,0,0,0,0,0,0,0,0,0,0,0,0,0,0,0,0,0,0,0,0,0,0,0,0,0,0,0,0,0,0,0,0,0,0,0,0,0,0,0,0,0,0,0,0,0,0,0,0,0,0,0,0,0,0,0,0,0,0,0,0,0,0,0,0,0,0,0,0,0,0,0,0,0,0,0,0,0,0,0,0,0,0,0,0,0,0,0,0,0,0,0,0,0,0,0,0,0,0,0,0,0,0,0,0,0,0,0,0,0,0,0,0,0,0,0,0,0,0,0,0,0,0,0,0,0,0,0,0,0,0,0
9044,756.4656310440464,0,0,0,0,0,0,0,0,0,0,0,0,0,0,0,0,0,0,0,0,0,0,0,0,0,0,0,0,0,0,0,0,0,0,0,0,0,0,0,0,0,0,0,0,0,0,0,0,0,0,0,0,0,0,0,0,0,0,0,0,0,0,0,0,0,0,0,0,0,0,0,0,0,0,0,0,0,0,0,0,0,0,0,0,0,0,0,0,0,0,0,0,0,0,0,0,0,0,0,0,0,0,0,0,0,0,0,0,0,0,0,0,0,0,0,0,0,0,0,0,0,0,0,0,0,0,0,0,0,0,0,0,0,0,0,0,0,0,0,0,0,0,0,0,0,0,0,0,0,0,0,0
9045,483.3607718518734,25.716197598896827,53.202905772373256,0,0,0,0,0,0,0,0,0,0,0,0,0,0,0,0,0,0,0,0,0,0,0,0,0,0,0,0,0,0,0,0,0,0,0,0,0,0,0,0,0,0,0,0,0,0,0,0,0,0,0,0,0,0,0,0,0,0,0,0,0,0,0,0,0,0,0,0,0,0,0,0,0,0,0,0,0,0,0,0,0,0,0,0,0,0,0,0,0,0,0,0,0,0,0,0,0,0,0,0,0,0,0,0,0,0,0,0,0,0,0,0,0,0,0,0,0,0,0,0,0,0,0,0,0,0,0,0,0,0,0,0,0,0,0,0,0,0,0,0,0,0,0,0,0,0,0,0,0,0
9046,81.24822100965297,0,0,0,0,0,0,0,0,0,0,0,0,0,0,0,0,0,0,0,0,0,0,0,0,0,0,0,0,0,0,0,0,0,0,0,0,0,0,0,0,0,0,0,0,0,0,0,0,0,0,0,0,0,0,0,0,0,0,0,0,0,0,0,0,0,0,0,0,0,0,0,0,0,0,0,0,0,0,0,0,0,0,0,0,0,0,0,0,0,0,0,0,0,0,0,0,0,0,0,0,0,0,0,0,0,0,0,0,0,0,0,0,0,0,0,0,0,0,0,0,0,0,0,0,0,0,0,0,0,0,0,0,0,0,0,0,0,0,0,0,0,0,0,0,0,0,0,0,0,0,0,0
9047,156.8498713731048,0,0,0,0,0,0,0,0,0,0,0,0,0,0,0,0,0,0,0,0,0,0,0,0,0,0,0,0,0,0,0,0,0,0,0,0,31.212070931737365,31.212070931737365,31.212070931737365,31.212070931737365,31.212070931737365,31.212070931737365,31.212070931737365,31.212070931737365,31.212070931737365,31.212070931737365,31.212070931737365,31.212070931737365,31.212070931737365,31.212070931737365,31.212070931737365,31.212070931737365,31.212070931737365,31.212070931737365,31.212070931737365,31.212070931737365,31.212070931737365,31.212070931737365,31.212070931737365,31.212070931737365,31.212070931737365,31.212070931737365,31.212070931737365,31.212070931737365,31.212070931737365,31.212070931737365,31.212070931737365,31.212070931737365,31.212070931737365,31.212070931737365,31.212070931737365,31.212070931737365,31.212070931737365,31.212070931737365,31.212070931737365,31.212070931737365,31.212070931737365,0,0,0,0,0,0,0,0,0,0,0,0,0,0,0,0,0,0,0,0,0,0,0,0,0,0,0,0,0,0,0,0,0,0,198.99328356790306,198.99328356790306,198.99328356790306,198.99328356790306,198.99328356790306,198.99328356790306,198.99328356790306,198.99328356790306,198.99328356790306,198.99328356790306,198.99328356790306,198.99328356790306,198.99328356790306,198.99328356790306,198.99328356790306,198.99328356790306,198.99328356790306,198.99328356790306,198.99328356790306,198.99328356790306,198.99328356790306,198.99328356790306,198.99328356790306,198.99328356790306,198.99328356790306,198.99328356790306,198.99328356790306,198.99328356790306,198.99328356790306,198.99328356790306,198.99328356790306,198.99328356790306,198.99328356790306,198.99328356790306,198.99328356790306,198.99328356790306,198.99328356790306,198.99328356790306,198.99328356790306,198.99328356790306,198.99328356790306
9048,374.70827964548727,0,0,0,0,0,0,0,0,0,0,0,0,0,0,0,0,0,0,0,0,0,0,0,0,0,0,0,0,0,0,0,0,0,0,0,0,0,0,0,0,0,0,0,0,0,0,0,0,0,0,0,0,0,0,0,0,0,0,0,0,0,0,0,0,0,0,0,0,0,0,0,0,0,0,0,0,0,0,0,0,0,0,0,0,0,0,0,0,0,0,0,0,0,0,0,0,0,0,0,0,0,0,0,0,0,0,0,0,0,0,0,0,0,0,0,0,0,0,0,0,0,0,0,0,0,0,0,0,0,0,0,0,0,0,0,0,0,0,0,0,0,0,0,0,0,0,0,0,0,0,0,0
9049,82.48186505830294,0,0,0,0,0,0,0,0,0,0,0,0,0,0,0,0,0,0,0,0,0,0,0,0,0,0,0,0,0,0,0,0,0,0,0,0,0,0,0,0,0,0,0,0,0,0,0,0,0,0,0,0,0,0,0,0,0,0,0,0,0,0,0,0,0,0,0,0,0,0,0,0,0,0,0,0,0,0,0,0,0,0,0,0,0,0,0,0,0,0,0,0,0,0,0,0,0,0,0,0,0,0,0,0,0,0,0,0,0,0,0,0,0,0,0,0,0,0,0,0,0,0,0,0,0,0,0,0,0,0,0,0,0,0,0,0,0,0,0,0,0,0,0,0,0,0,0,0,0,0,0,0
9050,34.018585924430326,0,0,0,0,0,0,0,0,0,0,0,0,0,0,0,0,0,0,0,0,0,0,0,0,0,0,0,0,0,0,0,0,0,0,0,15.755387518732475,15.755387518732475,15.755387518732475,15.755387518732475,15.755387518732475,15.755387518732475,15.755387518732475,15.755387518732475,15.755387518732475,15.755387518732475,15.755387518732475,15.755387518732475,15.755387518732475,15.755387518732475,15.755387518732475,15.755387518732475,15.755387518732475,15.755387518732475,15.755387518732475,15.755387518732475,15.755387518732475,15.755387518732475,15.755387518732475,15.755387518732475,15.755387518732475,15.755387518732475,15.755387518732475,15.755387518732475,15.755387518732475,15.755387518732475,15.755387518732475,15.755387518732475,15.755387518732475,15.755387518732475,15.755387518732475,15.755387518732475,15.755387518732475,15.755387518732475,15.755387518732475,15.755387518732475,15.755387518732475,15.755387518732475,0,0,0,0,0,0,0,0,0,0,0,0,0,0,0,0,0,0,0,0,0,0,0,0,0,0,0,0,0,0,0,0,0,463.14057714603,463.14057714603,463.14057714603,463.14057714603,463.14057714603,463.14057714603,463.14057714603,463.14057714603,463.14057714603,463.14057714603,463.14057714603,463.14057714603,463.14057714603,463.14057714603,463.14057714603,463.14057714603,463.14057714603,463.14057714603,463.14057714603,463.14057714603,463.14057714603,463.14057714603,463.14057714603,463.14057714603,463.14057714603,463.14057714603,463.14057714603,463.14057714603,463.14057714603,463.14057714603,463.14057714603,463.14057714603,463.14057714603,463.14057714603,463.14057714603,463.14057714603,463.14057714603,463.14057714603,463.14057714603,463.14057714603,463.14057714603,463.14057714603
9051,155.60742813458745,0,0,0,0,0,0,0,0,0,0,0,0,0,0,0,0,0,0,0,0,0,0,0,0,0,0,0,0,0,0,0,0,0,0,0,0,0,0,0,0,0,0,0,0,0,0,0,0,0,0,0,0,0,0,0,0,0,0,0,0,0,0,0,0,0,0,0,0,0,0,0,0,0,0,0,0,0,0,0,0,0,0,0,0,0,0,0,0,0,0,0,0,0,0,0,0,0,0,0,0,0,0,0,0,0,0,0,0,0,0,0,0,0,0,0,0,0,0,0,0,0,0,0,0,0,0,0,0,0,0,0,0,0,0,0,0,0,0,0,0,0,0,0,0,0,0,0,0,0,0,0,0
9052,205.89069571563076,0,0,0,0,0,0,0,0,0,0,0,0,0,0,0,0,0,0,0,0,0,0,0,0,0,0,0,0,0,0,0,0,0,0,0,0,0,0,0,0,0,0,0,0,0,0,0,0,0,0,0,0,0,0,0,0,0,0,0,0,0,0,0,0,0,0,0,0,0,0,0,0,0,0,0,0,0,0,0,0,0,0,0,0,0,0,0,0,0,0,0,0,0,0,0,0,0,0,0,0,0,0,0,0,0,0,0,0,0,0,0,0,0,0,0,0,0,0,0,0,0,0,0,0,0,0,0,0,0,0,0,0,0,0,0,0,0,0,0,0,0,0,0,0,0,0,0,0,0,0,0,0
9053,1232.1779467271385,0,0,0,0,0,0,0,0,0,0,0,0,0,0,0,0,0,0,0,0,0,0,0,0,0,0,0,0,0,0,0,0,0,0,0,0,0,0,0,0,0,0,0,0,0,0,0,0,0,0,0,0,0,0,0,0,0,0,0,0,0,0,0,0,0,0,0,0,0,0,0,0,0,0,0,0,0,0,0,0,0,0,0,0,0,0,0,0,0,0,0,0,0,0,0,0,0,0,0,0,0,0,0,0,0,0,0,0,0,0,0,0,0,0,0,0,0,0,0,0,0,0,0,0,0,0,0,0,0,0,0,0,0,0,0,0,0,0,0,0,0,0,0,0,0,0,0,0,0,0,0,0
9054,439.8109931554657,83.62160806489769,190.13078200921382,0,0,0,0,0,0,0,0,0,0,0,0,0,0,0,0,0,0,0,0,0,0,0,0,0,0,0,0,0,0,0,0,0,0,0,0,0,0,0,0,0,0,0,0,0,0,0,0,0,0,0,0,0,0,0,0,0,0,0,0,0,0,0,0,0,0,0,0,0,0,0,0,0,0,0,0,0,0,0,0,0,0,0,0,0,0,0,0,0,0,0,0,0,0,0,0,0,0,0,0,0,0,0,0,0,0,0,0,0,0,0,0,0,0,0,0,0,0,0,0,0,0,0,0,0,0,0,0,0,0,0,0,0,0,0,0,0,0,0,0,0,0,0,0,0,0,0,0,0,0
9055,876.8974607915859,0,0,0,0,0,0,0,0,0,0,0,0,0,0,0,0,0,0,0,0,0,0,0,0,0,0,0,0,0,0,0,0,0,0,0,0,0,0,0,0,0,0,0,0,0,0,0,0,0,0,0,0,0,0,0,0,0,0,0,0,0,0,0,0,0,0,0,0,0,0,0,0,0,0,0,0,0,0,0,0,0,0,0,0,0,0,0,0,0,0,0,0,0,0,0,0,0,0,0,0,0,0,0,0,0,0,0,0,0,0,0,0,0,0,0,0,0,0,0,0,0,0,0,0,0,0,0,0,0,0,0,0,0,0,0,0,0,0,0,0,0,0,0,0,0,0,0,0,0,0,0,0
9056,89.09443485580796,2.2798273086026395,25.58888568396391,0,0,0,0,0,0,0,0,0,0,0,0,0,0,0,0,0,0,0,0,0,0,0,0,0,0,0,0,0,0,0,0,0,0,0,10.55297414707307,10.55297414707307,10.55297414707307,10.55297414707307,10.55297414707307,10.55297414707307,10.55297414707307,10.55297414707307,10.55297414707307,10.55297414707307,10.55297414707307,10.55297414707307,10.55297414707307,10.55297414707307,10.55297414707307,10.55297414707307,10.55297414707307,10.55297414707307,10.55297414707307,10.55297414707307,10.55297414707307,10.55297414707307,10.55297414707307,10.55297414707307,10.55297414707307,10.55297414707307,10.55297414707307,10.55297414707307,10.55297414707307,10.55297414707307,10.55297414707307,10.55297414707307,10.55297414707307,10.55297414707307,10.55297414707307,10.55297414707307,13.376952966778177,13.376952966778177,13.376952966778177,13.376952966778177,0,0,0,0,0,0,0,0,0,0,0,0,0,0,0,0,0,0,0,0,0,0,0,0,0,0,0,0,0,0,0,0,0,0,0,118.4470630982978,118.4470630982978,118.4470630982978,118.4470630982978,118.4470630982978,118.4470630982978,118.4470630982978,118.4470630982978,118.4470630982978,118.4470630982978,118.4470630982978,118.4470630982978,118.4470630982978,118.4470630982978,118.4470630982978,118.4470630982978,118.4470630982978,118.4470630982978,118.4470630982978,118.4470630982978,118.4470630982978,118.4470630982978,118.4470630982978,118.4470630982978,118.4470630982978,118.4470630982978,118.4470630982978,118.4470630982978,118.4470630982978,118.4470630982978,118.4470630982978,118.4470630982978,118.4470630982978,118.4470630982978,118.4470630982978,118.4470630982978,150.1435301590686,150.1435301590686,150.1435301590686,150.1435301590686
9057,530.9603156177458,44.86510481983113,84.49803780087186,0,0,0,0,0,0,0,0,0,0,0,0,0,0,0,0,0,0,0,0,0,0,0,0,0,0,0,0,0,0,0,0,0,0,0,0,0,0,0,0,0,0,0,0,0,0,0,0,0,0,0,0,0,0,0,0,0,0,0,0,0,0,0,0,0,0,0,0,0,0,0,0,0,0,0,0,0,0,0,0,0,0,0,0,0,0,0,0,0,0,0,0,0,0,0,0,0,0,0,0,0,0,0,0,0,0,0,0,0,0,0,0,0,0,0,0,0,0,0,0,0,0,0,0,0,0,0,0,0,0,0,0,0,0,0,0,0,0,0,0,0,0,0,0,0,0,0,0,0,0
9058,78.97839248299141,4.750417968102472,60.14832435498747,0,0,0,0,0,0,0,0,0,0,0,0,0,0,0,0,0,0,0,0,0,0,0,0,0,0,0,0,0,0,0,0,2.4916973738690045,2.4916973738690045,10.371654080885602,10.371654080885602,10.371654080885602,10.371654080885602,10.371654080885602,10.371654080885602,10.371654080885602,10.371654080885602,10.371654080885602,10.371654080885602,10.371654080885602,10.371654080885602,10.371654080885602,10.371654080885602,10.371654080885602,10.371654080885602,10.371654080885602,10.371654080885602,10.371654080885602,10.371654080885602,10.371654080885602,10.371654080885602,10.371654080885602,10.371654080885602,10.371654080885602,10.371654080885602,10.371654080885602,10.371654080885602,10.371654080885602,10.371654080885602,10.371654080885602,10.371654080885602,10.371654080885602,10.371654080885602,10.371654080885602,10.371654080885602,10.371654080885602,10.371654080885602,10.371654080885602,10.371654080885602,10.371654080885602,0,0,0,0,0,0,0,0,0,0,0,0,0,0,0,0,0,0,0,0,0,0,0,0,0,0,0,0,0,0,0,0,31.549102172541815,31.549102172541815,131.32267896082104,131.32267896082104,131.32267896082104,131.32267896082104,131.32267896082104,131.32267896082104,131.32267896082104,131.32267896082104,131.32267896082104,131.32267896082104,131.32267896082104,131.32267896082104,131.32267896082104,131.32267896082104,131.32267896082104,131.32267896082104,131.32267896082104,131.32267896082104,131.32267896082104,131.32267896082104,131.32267896082104,131.32267896082104,131.32267896082104,131.32267896082104,131.32267896082104,131.32267896082104,131.32267896082104,131.32267896082104,131.32267896082104,131.32267896082104,131.32267896082104,131.32267896082104,131.32267896082104,131.32267896082104,131.32267896082104,131.32267896082104,131.32267896082104,131.32267896082104,131.32267896082104,131.32267896082104,131.32267896082104
9059,258.3878656944922,12.536960246181483,48.51992647752545,0,0,0,0,0,0,0,0,0,0,0,0,0,0,0,0,0,0,0,0,0,0,0,0,0,0,0,0,0,0,0,0,0,0,0,0,0,0,0,0,0,0,0,0,0,0,0,0,0,0,0,0,0,0,0,0,0,0,0,0,0,0,0,0,0,0,0,0,0,0,0,0,0,0,0,0,0,0,0,0,0,0,0,0,0,0,0,0,0,0,0,0,0,0,0,0,0,0,0,0,0,0,0,0,0,0,0,0,0,0,0,0,0,0,0,0,0,0,0,0,0,0,0,0,0,0,0,0,0,0,0,0,0,0,0,0,0,0,0,0,0,0,0,0,0,0,0,0,0,0
9060,105.7032981631313,5.557937283603659,52.58054743974144,0,0,0,0,0,0,0,0,0,0,0,0,0,0,0,0,0,0,0,0,0,0,0,0,0,0,0,0,0,0,0,0,0,0,28.45626859997396,28.45626859997396,28.45626859997396,28.45626859997396,28.45626859997396,28.45626859997396,28.45626859997396,28.45626859997396,28.45626859997396,28.45626859997396,28.45626859997396,28.45626859997396,28.45626859997396,28.45626859997396,28.45626859997396,28.45626859997396,28.45626859997396,28.45626859997396,28.45626859997396,28.45626859997396,28.45626859997396,28.45626859997396,28.45626859997396,28.45626859997396,28.45626859997396,28.45626859997396,28.45626859997396,28.45626859997396,28.45626859997396,28.45626859997396,28.45626859997396,28.45626859997396,28.45626859997396,28.45626859997396,28.45626859997396,28.45626859997396,28.45626859997396,28.45626859997396,28.45626859997396,28.45626859997396,28.45626859997396,0,0,0,0,0,0,0,0,0,0,0,0,0,0,0,0,0,0,0,0,0,0,0,0,0,0,0,0,0,0,0,0,0,0,269.2088997644857,269.2088997644857,269.2088997644857,269.2088997644857,269.2088997644857,269.2088997644857,269.2088997644857,269.2088997644857,269.2088997644857,269.2088997644857,269.2088997644857,269.2088997644857,269.2088997644857,269.2088997644857,269.2088997644857,269.2088997644857,269.2088997644857,269.2088997644857,269.2088997644857,269.2088997644857,269.2088997644857,269.2088997644857,269.2088997644857,269.2088997644857,269.2088997644857,269.2088997644857,269.2088997644857,269.2088997644857,269.2088997644857,269.2088997644857,269.2088997644857,269.2088997644857,269.2088997644857,269.2088997644857,269.2088997644857,269.2088997644857,269.2088997644857,269.2088997644857,269.2088997644857,269.2088997644857,269.2088997644857
9061,247.52241090619836,0,0,0,0,0,0,0,0,0,0,0,0,0,0,0,0,0,0,0,0,0,0,0,0,0,0,0,0,0,0,0,0,0,0,0,0,78.66165391424292,78.66165391424292,78.66165391424292,78.66165391424292,78.66165391424292,78.66165391424292,78.66165391424292,78.66165391424292,78.66165391424292,78.66165391424292,78.66165391424292,78.66165391424292,78.66165391424292,78.66165391424292,78.66165391424292,78.66165391424292,78.66165391424292,78.66165391424292,78.66165391424292,78.66165391424292,78.66165391424292,78.66165391424292,78.66165391424292,78.66165391424292,78.66165391424292,78.66165391424292,78.66165391424292,78.66165391424292,78.66165391424292,78.66165391424292,78.66165391424292,78.66165391424292,78.66165391424292,78.66165391424292,78.66165391424292,78.66165391424292,78.66165391424292,78.66165391424292,78.66165391424292,78.66165391424292,78.66165391424292,0,0,0,0,0,0,0,0,0,0,0,0,0,0,0,0,0,0,0,0,0,0,0,0,0,0,0,0,0,0,0,0,0,0,317.79608814513654,317.79608814513654,317.79608814513654,317.79608814513654,317.79608814513654,317.79608814513654,317.79608814513654,317.79608814513654,317.79608814513654,317.79608814513654,317.79608814513654,317.79608814513654,317.79608814513654,317.79608814513654,317.79608814513654,317.79608814513654,317.79608814513654,317.79608814513654,317.79608814513654,317.79608814513654,317.79608814513654,317.79608814513654,317.79608814513654,317.79608814513654,317.79608814513654,317.79608814513654,317.79608814513654,317.79608814513654,317.79608814513654,317.79608814513654,317.79608814513654,317.79608814513654,317.79608814513654,317.79608814513654,317.79608814513654,317.79608814513654,317.79608814513654,317.79608814513654,317.79608814513654,317.79608814513654,317.79608814513654
9062,327.8690563109667,0,0,0,0,0,0,0,0,0,0,0,0,0,0,0,0,0,0,0,0,0,0,0,0,0,0,0,0,0,0,0,0,0,0,0,0,0,0,0,0,0,0,0,0,0,0,0,0,0,0,0,0,0,0,0,0,0,0,0,0,0,0,0,0,0,0,0,0,0,0,0,0,0,0,0,0,0,0,0,0,0,0,0,0,0,0,0,0,0,0,0,0,0,0,0,0,0,0,0,0,0,0,0,0,0,0,0,0,0,0,0,0,0,0,0,0,0,0,0,0,0,0,0,0,0,0,0,0,0,0,0,0,0,0,0,0,0,0,0,0,0,0,0,0,0,0,0,0,0,0,0,0
9063,67.71881612265605,0,0,0,0,0,0,0,0,0,0,0,0,0,0,0,0,0,0,0,0,0,0,0,0,0,0,0,0,0,0,0,0,0,0,0,0,0,0,0,0,0,0,0,0,0,0,0,0,0,0,0,0,0,0,0,0,0,0,0,0,0,0,0,0,0,0,0,0,0,0,0,0,0,0,0,0,0,0,0,0,0,0,0,0,0,0,0,0,0,0,0,0,0,0,0,0,0,0,0,0,0,0,0,0,0,0,0,0,0,0,0,0,0,0,0,0,0,0,0,0,0,0,0,0,0,0,0,0,0,0,0,0,0,0,0,0,0,0,0,0,0,0,0,0,0,0,0,0,0,0,0,0
9064,234.33646532888383,0,0,0,0,0,0,0,0,0,0,0,0,0,0,0,0,0,0,0,0,0,0,0,0,0,0,0,0,0,0,0,0,0,0,0,0,0,0,0,0,0,0,0,0,0,0,0,0,0,0,0,0,0,0,0,0,0,0,0,0,0,0,0,0,0,0,0,0,0,0,0,0,0,0,0,0,0,0,0,0,0,0,0,0,0,0,0,0,0,0,0,0,0,0,0,0,0,0,0,0,0,0,0,0,0,0,0,0,0,0,0,0,0,0,0,0,0,0,0,0,0,0,0,0,0,0,0,0,0,0,0,0,0,0,0,0,0,0,0,0,0,0,0,0,0,0,0,0,0,0,0,0
9065,436.8388347877035,0,0,0,0,0,0,0,0,0,0,0,0,0,0,0,0,0,0,0,0,0,0,0,0,0,0,0,0,0,0,0,0,0,0,0,0,105.68172811623633,105.68172811623633,105.68172811623633,105.68172811623633,105.68172811623633,105.68172811623633,105.68172811623633,105.68172811623633,105.68172811623633,105.68172811623633,105.68172811623633,105.68172811623633,105.68172811623633,105.68172811623633,105.68172811623633,105.68172811623633,105.68172811623633,105.68172811623633,105.68172811623633,105.68172811623633,105.68172811623633,105.68172811623633,105.68172811623633,105.68172811623633,105.68172811623633,105.68172811623633,105.68172811623633,105.68172811623633,105.68172811623633,105.68172811623633,105.68172811623633,105.68172811623633,105.68172811623633,105.68172811623633,105.68172811623633,105.68172811623633,105.68172811623633,105.68172811623633,105.68172811623633,105.68172811623633,105.68172811623633,0,0,0,0,0,0,0,0,0,0,0,0,0,0,0,0,0,0,0,0,0,0,0,0,0,0,0,0,0,0,0,0,0,0,241.92383941229932,241.92383941229932,241.92383941229932,241.92383941229932,241.92383941229932,241.92383941229932,241.92383941229932,241.92383941229932,241.92383941229932,241.92383941229932,241.92383941229932,241.92383941229932,241.92383941229932,241.92383941229932,241.92383941229932,241.92383941229932,241.92383941229932,241.92383941229932,241.92383941229932,241.92383941229932,241.92383941229932,241.92383941229932,241.92383941229932,241.92383941229932,241.92383941229932,241.92383941229932,241.92383941229932,241.92383941229932,241.92383941229932,241.92383941229932,241.92383941229932,241.92383941229932,241.92383941229932,241.92383941229932,241.92383941229932,241.92383941229932,241.92383941229932,241.92383941229932,241.92383941229932,241.92383941229932,241.92383941229932
9066,102.22392439023912,3.5972868035735814,35.19026318967138,0,0,0,0,0,0,0,0,0,0,0,0,0,0,0,0,0,0,0,0,0,0,0,0,0,0,0,0,0,0,0,0,0,0,0,0,0,0,0,0,0,0,0,0,0,0,0,0,0,0,0,0,0,0,0,0,0,0,0,0,0,0,0,0,0,0,0,0,0,0,0,0,0,0,0,0,0,0,0,0,0,0,0,0,0,0,0,0,0,0,0,0,0,0,0,0,0,0,0,0,0,0,0,0,0,0,0,0,0,0,0,0,0,0,0,0,0,0,0,0,0,0,0,0,0,0,0,0,0,0,0,0,0,0,0,0,0,0,0,0,0,0,0,0,0,0,0,0,0,0
9067,83.49867373275202,0,0,0,0,0,0,0,0,0,0,0,0,0,0,0,0,0,0,0,0,0,0,0,0,0,0,0,0,0,0,0,0,0,0,0,0,0,0,0,0,0,0,0,0,0,0,0,0,0,0,0,0,0,0,0,0,0,0,0,0,0,0,0,0,0,0,0,0,0,0,0,0,0,0,0,0,0,0,0,0,0,0,0,0,0,0,0,0,0,0,0,0,0,0,0,0,0,0,0,0,0,0,0,0,0,0,0,0,0,0,0,0,0,0,0,0,0,0,0,0,0,0,0,0,0,0,0,0,0,0,0,0,0,0,0,0,0,0,0,0,0,0,0,0,0,0,0,0,0,0,0,0
9068,144.16955617494094,0,0,0,0,0,0,0,0,0,0,0,0,0,0,0,0,0,0,0,0,0,0,0,0,0,0,0,0,0,0,0,0,0,0,0,0,0,0,0,0,0,0,0,0,0,0,0,0,0,0,0,0,0,0,0,0,0,0,0,0,0,0,0,0,0,0,0,0,0,0,0,0,0,0,0,0,0,0,0,0,0,0,0,0,0,0,0,0,0,0,0,0,0,0,0,0,0,0,0,0,0,0,0,0,0,0,0,0,0,0,0,0,0,0,0,0,0,0,0,0,0,0,0,0,0,0,0,0,0,0,0,0,0,0,0,0,0,0,0,0,0,0,0,0,0,0,0,0,0,0,0,0
9069,564.7545799274187,0,0,0,0,0,0,0,0,0,0,0,0,0,0,0,0,0,0,0,0,0,0,0,0,0,0,0,0,0,0,0,0,0,0,0,0,0,0,0,0,0,0,0,0,0,0,0,0,0,0,0,0,0,0,0,0,0,0,0,0,0,0,0,0,0,0,0,0,0,0,0,0,0,0,0,0,0,0,0,0,0,0,0,0,0,0,0,0,0,0,0,0,0,0,0,0,0,0,0,0,0,0,0,0,0,0,0,0,0,0,0,0,0,0,0,0,0,0,0,0,0,0,0,0,0,0,0,0,0,0,0,0,0,0,0,0,0,0,0,0,0,0,0,0,0,0,0,0,0,0,0,0
9070,165.923248676527,3.0664756217137703,18.48128966961085,0,0,0,0,0,0,0,0,0,0,0,0,0,0,0,0,0,0,0,0,0,0,0,0,0,0,0,0,0,0,0,0,0,0,0,0,0,0,0,0,0,0,0,0,0,0,0,0,0,0,0,0,0,0,0,0,0,0,0,0,0,0,0,0,0,0,0,0,0,0,0,0,0,0,0,0,0,0,0,0,0,0,0,0,0,0,0,0,0,0,0,0,0,0,0,0,0,0,0,0,0,0,0,0,0,0,0,0,0,0,0,0,0,0,0,0,0,0,0,0,0,0,0,0,0,0,0,0,0,0,0,0,0,0,0,0,0,0,0,0,0,0,0,0,0,0,0,0,0,0
9071,48.679214267782214,0,0,0,0,0,0,0,0,0,0,0,0,0,0,0,0,0,0,0,0,0,0,0,0,0,0,0,0,0,0,0,0,0,0,0,0,0,0,0,0,0,0,0,0,0,0,0,0,0,0,0,0,0,0,0,0,0,0,0,0,0,0,0,0,0,0,0,0,0,0,0,0,0,0,0,0,0,0,0,0,0,0,0,0,0,0,0,0,0,0,0,0,0,0,0,0,0,0,0,0,0,0,0,0,0,0,0,0,0,0,0,0,0,0,0,0,0,0,0,0,0,0,0,0,0,0,0,0,0,0,0,0,0,0,0,0,0,0,0,0,0,0,0,0,0,0,0,0,0,0,0,0
9072,1021.32537294639,323.3112632972576,316.5604927297037,0,0,0,0,0,0,0,0,0,0,0,0,0,0,0,0,0,0,0,0,0,0,0,0,0,0,0,0,0,0,0,0,0,0,0,0,0,0,0,0,0,0,0,0,0,0,0,0,0,0,0,0,0,0,0,0,0,0,0,0,0,0,0,0,0,0,0,0,0,0,0,0,0,0,0,0,0,0,0,0,0,0,0,0,0,0,0,0,0,0,0,0,0,0,0,0,0,0,0,0,0,0,0,0,0,0,0,0,0,0,0,0,0,0,0,0,0,0,0,0,0,0,0,0,0,0,0,0,0,0,0,0,0,0,0,0,0,0,0,0,0,0,0,0,0,0,0,0,0,0
9073,304.95594036523465,0,0,0,0,0,0,0,0,0,0,0,0,0,0,0,0,0,0,0,0,0,0,0,0,0,0,0,0,0,0,0,0,0,0,0,56.971618182147644,56.971618182147644,56.971618182147644,56.971618182147644,56.971618182147644,56.971618182147644,56.971618182147644,56.971618182147644,56.971618182147644,56.971618182147644,56.971618182147644,56.971618182147644,56.971618182147644,56.971618182147644,56.971618182147644,56.971618182147644,56.971618182147644,56.971618182147644,56.971618182147644,56.971618182147644,56.971618182147644,56.971618182147644,56.971618182147644,56.971618182147644,56.971618182147644,56.971618182147644,56.971618182147644,56.971618182147644,56.971618182147644,56.971618182147644,56.971618182147644,56.971618182147644,56.971618182147644,56.971618182147644,56.971618182147644,56.971618182147644,56.971618182147644,56.971618182147644,56.971618182147644,56.971618182147644,56.971618182147644,56.971618182147644,0,0,0,0,0,0,0,0,0,0,0,0,0,0,0,0,0,0,0,0,0,0,0,0,0,0,0,0,0,0,0,0,0,186.81917825215933,186.81917825215933,186.81917825215933,186.81917825215933,186.81917825215933,186.81917825215933,186.81917825215933,186.81917825215933,186.81917825215933,186.81917825215933,186.81917825215933,186.81917825215933,186.81917825215933,186.81917825215933,186.81917825215933,186.81917825215933,186.81917825215933,186.81917825215933,186.81917825215933,186.81917825215933,186.81917825215933,186.81917825215933,186.81917825215933,186.81917825215933,186.81917825215933,186.81917825215933,186.81917825215933,186.81917825215933,186.81917825215933,186.81917825215933,186.81917825215933,186.81917825215933,186.81917825215933,186.81917825215933,186.81917825215933,186.81917825215933,186.81917825215933,186.81917825215933,186.81917825215933,186.81917825215933,186.81917825215933,186.81917825215933
9074,118.84071769475102,0,0,0,0,0,0,0,0,0,0,0,0,0,0,0,0,0,0,0,0,0,0,0,0,0,0,0,0,0,0,0,0,0,0,0,0,0,0,0,0,0,0,0,0,0,0,0,0,0,0,0,0,0,0,0,0,0,0,0,0,0,0,0,0,0,0,0,0,0,0,0,0,0,0,0,0,0,0,0,0,0,0,0,0,0,0,0,0,0,0,0,0,0,0,0,0,0,0,0,0,0,0,0,0,0,0,0,0,0,0,0,0,0,0,0,0,0,0,0,0,0,0,0,0,0,0,0,0,0,0,0,0,0,0,0,0,0,0,0,0,0,0,0,0,0,0,0,0,0,0,0,0
10001,530.3734789258425,0,0,0,0,0,0,0,0,0,0,0,0,0,0,0,0,0,0,0,0,0,0,0,0,0,0,0,0,0,0,0,0,0,0,0,0,0,0,0,0,0,0,0,0,0,0,0,0,0,0,0,0,0,0,0,0,0,0,0,0,0,0,0,0,0,0,0,0,0,0,0,0,0,0,0,0,0,0,0,0,0,0,0,0,0,0,0,0,0,0,0,0,0,0,0,0,0,0,0,0,0,0,0,0,0,0,0,0,0,0,0,0,0,0,0,0,0,0,0,0,0,0,0,0,0,0,0,0,0,0,0,0,0,0,0,0,0,0,0,0,0,0,0,0,0,0,0,0,0,0,0,0
10002,1483.920983802803,13.102891316764058,8.82991174043893,0,0,0,0,0,0,0,0,0,0,0,0,0,0,0,0,0,0,0,0,0,0,0,0,0,0,0,0,0,0,0,0,0,0,0,0,0,0,0,0,0,0,0,0,0,0,0,0,0,0,0,0,0,0,0,0,0,0,0,0,0,0,0,0,0,0,0,0,0,0,0,0,0,0,0,0,0,0,0,0,0,0,0,0,0,0,0,0,0,0,0,0,0,0,0,0,0,0,0,0,0,0,0,0,0,0,0,0,0,0,0,0,0,0,0,0,0,0,0,0,0,0,0,0,0,0,0,0,0,0,0,0,0,0,0,0,0,0,0,0,0,0,0,0,0,0,0,0,0,0
10003,180.0557615707247,0,0,0,0,0,0,0,0,0,0,0,0,0,0,0,0,0,0,0,0,0,0,0,0,0,0,0,0,0,0,0,28.75307966737982,28.75307966737982,28.75307966737982,69.05164685908207,69.05164685908207,69.05164685908207,69.05164685908207,69.05164685908207,69.05164685908207,69.05164685908207,69.05164685908207,69.05164685908207,69.05164685908207,69.05164685908207,69.05164685908207,69.05164685908207,69.05164685908207,69.05164685908207,69.05164685908207,69.05164685908207,69.05164685908207,69.05164685908207,69.05164685908207,69.05164685908207,69.05164685908207,69.05164685908207,69.05164685908207,69.05164685908207,69.05164685908207,69.05164685908207,69.05164685908207,69.05164685908207,69.05164685908207,69.05164685908207,69.05164685908207,69.05164685908207,69.05164685908207,69.05164685908207,69.05164685908207,69.05164685908207,69.05164685908207,69.05164685908207,69.05164685908207,69.05164685908207,69.05164685908207,69.05164685908207,0,0,0,0,0,0,0,0,0,0,0,0,0,0,0,0,0,0,0,0,0,0,0,0,0,0,0,0,0,159.68986172145233,159.68986172145233,159.68986172145233,383.50145675265736,383.50145675265736,383.50145675265736,383.50145675265736,383.50145675265736,383.50145675265736,383.50145675265736,383.50145675265736,383.50145675265736,383.50145675265736,383.50145675265736,383.50145675265736,383.50145675265736,383.50145675265736,383.50145675265736,383.50145675265736,383.50145675265736,383.50145675265736,383.50145675265736,383.50145675265736,383.50145675265736,383.50145675265736,383.50145675265736,383.50145675265736,383.50145675265736,383.50145675265736,383.50145675265736,383.50145675265736,383.50145675265736,383.50145675265736,383.50145675265736,383.50145675265736,383.50145675265736,383.50145675265736,383.50145675265736,383.50145675265736,383.50145675265736,383.50145675265736,383.50145675265736,383.50145675265736,383.50145675265736,383.50145675265736,383.50145675265736
10004,1066.9888186991197,0,0,0,0,0,0,0,0,0,0,0,0,0,0,0,0,0,0,0,0,0,0,0,0,0,0,0,0,0,0,0,0,0,0,0,0,0,0,0,0,0,0,0,0,0,0,0,0,0,0,0,0,0,0,0,0,0,0,0,0,0,0,0,0,0,0,0,0,0,0,0,0,0,0,0,0,0,0,0,0,0,0,0,0,0,0,0,0,0,0,0,0,0,0,0,0,0,0,0,0,0,0,0,0,0,0,0,0,0,0,0,0,0,0,0,0,0,0,0,0,0,0,0,0,0,0,0,0,0,0,0,0,0,0,0,0,0,0,0,0,0,0,0,0,0,0,0,0,0,0,0,0
10005,661.499069926124,0,0,0,0,0,0,0,0,0,42.71549700089273,42.71549700089273,42.71549700089273,42.71549700089273,42.71549700089273,42.71549700089273,42.71549700089273,42.71549700089273,42.71549700089273,42.71549700089273,42.71549700089273,42.71549700089273,42.71549700089273,42.71549700089273,42.71549700089273,42.71549700089273,42.71549700089273,42.71549700089273,42.71549700089273,42.71549700089273,42.71549700089273,42.71549700089273,42.71549700089273,42.71549700089273,42.71549700089273,42.71549700089273,42.71549700089273,42.71549700089273,42.71549700089273,42.71549700089273,42.71549700089273,42.71549700089273,42.71549700089273,42.71549700089273,42.71549700089273,42.71549700089273,42.71549700089273,42.71549700089273,42.71549700089273,42.71549700089273,42.71549700089273,42.71549700089273,42.71549700089273,42.71549700089273,42.71549700089273,42.71549700089273,42.71549700089273,42.71549700089273,42.71549700089273,42.71549700089273,42.71549700089273,42.71549700089273,42.71549700089273,42.71549700089273,42.71549700089273,42.71549700089273,42.71549700089273,42.71549700089273,42.71549700089273,42.71549700089273,42.71549700089273,42.71549700089273,42.71549700089273,42.71549700089273,42.71549700089273,42.71549700089273,42.71549700089273,42.71549700089273,0,0,0,0,0,0,0,64.57378240254093,64.57378240254093,64.57378240254093,64.57378240254093,64.57378240254093,64.57378240254093,64.57378240254093,64.57378240254093,64.57378240254093,64.57378240254093,64.57378240254093,64.57378240254093,64.57378240254093,64.57378240254093,64.57378240254093,64.57378240254093,64.57378240254093,64.57378240254093,64.57378240254093,64.57378240254093,64.57378240254093,64.57378240254093,64.57378240254093,64.57378240254093,64.57378240254093,64.57378240254093,64.57378240254093,64.57378240254093,64.57378240254093,64.57378240254093,64.57378240254093,64.57378240254093,64.57378240254093,64.57378240254093,64.57378240254093,64.57378240254093,64.57378240254093,64.57378240254093,64.57378240254093,64.57378240254093,64.57378240254093,64.57378240254093,64.57378240254093,64.57378240254093,64.57378240254093,64.57378240254093,64.57378240254093,64.57378240254093,64.57378240254093,64.57378240254093,64.57378240254093,64.57378240254093,64.57378240254093,64.57378240254093,64.57378240254093,64.57378240254093,64.57378240254093,64.57378240254093,64.57378240254093,64.57378240254093,64.57378240254093,64.57378240254093,64.57378240254093,64.57378240254093,64.57378240254093,64.57378240254093,64.57378240254093,64.57378240254093
10006,702.8884263670424,0,0,0,0,0,0,0,0,0,0,0,0,0,0,0,0,0,0,0,0,0,0,0,0,0,0,0,0,0,0,0,0,0,0,0,0,0,0,0,0,0,0,0,0,0,0,0,0,0,0,0,0,0,0,0,0,0,0,0,0,0,0,0,0,0,0,0,0,0,0,0,0,0,0,0,0,0,0,0,0,0,0,0,0,0,0,0,0,0,0,0,0,0,0,0,0,0,0,0,0,0,0,0,0,0,0,0,0,0,0,0,0,0,0,0,0,0,0,0,0,0,0,0,0,0,0,0,0,0,0,0,0,0,0,0,0,0,0,0,0,0,0,0,0,0,0,0,0,0,0,0,0
10007,159.70897211942886,0,0,0,0,0,0,0,0,0,0,0,0,0,0,0,0,0,0,0,0,0,0,0,0,0,0,0,0,0,0,0,0,0,0,0,0,0,0,0,0,0,0,0,0,0,0,0,0,0,0,0,0,0,0,0,0,0,0,0,0,0,0,0,0,0,0,0,0,0,0,0,0,0,0,0,0,0,0,0,0,0,0,0,0,0,0,0,0,0,0,0,0,0,0,0,0,0,0,0,0,0,0,0,0,0,0,0,0,0,0,0,0,0,0,0,0,0,0,0,0,0,0,0,0,0,0,0,0,0,0,0,0,0,0,0,0,0,0,0,0,0,0,0,0,0,0,0,0,0,0,0,0
10008,1238.9501820828414,0,0,0,0,0,12.903590576670654,12.903590576670654,12.903590576670654,12.903590576670654,23.796008575108928,23.796008575108928,23.796008575108928,23.796008575108928,23.796008575108928,23.796008575108928,23.796008575108928,95.85259639050166,95.85259639050166,95.85259639050166,95.85259639050166,95.85259639050166,95.85259639050166,95.85259639050166,95.85259639050166,95.85259639050166,95.85259639050166,95.85259639050166,95.85259639050166,95.85259639050166,95.85259639050166,95.85259639050166,95.85259639050166,95.85259639050166,95.85259639050166,95.85259639050166,95.85259639050166,95.85259639050166,95.85259639050166,95.85259639050166,95.85259639050166,95.85259639050166,95.85259639050166,95.85259639050166,95.85259639050166,95.85259639050166,95.85259639050166,95.85259639050166,95.85259639050166,95.85259639050166,95.85259639050166,95.85259639050166,95.85259639050166,95.85259639050166,95.85259639050166,95.85259639050166,95.85259639050166,95.85259639050166,95.85259639050166,95.85259639050166,95.85259639050166,95.85259639050166,95.85259639050166,95.85259639050166,95.85259639050166,95.85259639050166,95.85259639050166,95.85259639050166,95.85259639050166,95.85259639050166,95.85259639050166,95.85259639050166,95.85259639050166,95.85259639050166,95.85259639050166,95.85259639050166,95.85259639050166,95.85259639050166,0,0,0,10.414939005035688,10.414939005035688,10.414939005035688,10.414939005035688,19.206590320770324,19.206590320770324,19.206590320770324,19.206590320770324,19.206590320770324,19.206590320770324,19.206590320770324,77.36598111585131,77.36598111585131,77.36598111585131,77.36598111585131,77.36598111585131,77.36598111585131,77.36598111585131,77.36598111585131,77.36598111585131,77.36598111585131,77.36598111585131,77.36598111585131,77.36598111585131,77.36598111585131,77.36598111585131,77.36598111585131,77.36598111585131,77.36598111585131,77.36598111585131,77.36598111585131,77.36598111585131,77.36598111585131,77.36598111585131,77.36598111585131,77.36598111585131,77.36598111585131,77.36598111585131,77.36598111585131,77.36598111585131,77.36598111585131,77.36598111585131,77.36598111585131,77.36598111585131,77.36598111585131,77.36598111585131,77.36598111585131,77.36598111585131,77.36598111585131,77.36598111585131,77.36598111585131,77.36598111585131,77.36598111585131,77.36598111585131,77.36598111585131,77.36598111585131,77.36598111585131,77.36598111585131,77.36598111585131,77.36598111585131,77.36598111585131,77.36598111585131,77.36598111585131,77.36598111585131,77.36598111585131,77.36598111585131,77.36598111585131,77.36598111585131,77.36598111585131,77.36598111585131,77.36598111585131,77.36598111585131
10009,2643.5361202395134,0,0,0,0,0,0,0,0,0,0,0,0,0,0,0,0,0,0,0,0,0,0,0,0,0,0,0,0,0,0,0,0,0,0,0,0,0,0,0,0,0,0,0,0,0,0,0,0,0,0,0,0,0,0,0,0,0,0,0,0,0,0,0,0,0,0,0,0,0,0,0,0,0,0,0,0,0,0,0,0,0,0,0,0,0,0,0,0,0,0,0,0,0,0,0,0,0,0,0,0,0,0,0,0,0,0,0,0,0,0,0,0,0,0,0,0,0,0,0,0,0,0,0,0,0,0,0,0,0,0,0,0,0,0,0,0,0,0,0,0,0,0,0,0,0,0,0,0,0,0,0,0
10010,250.65931403928403,0,0,0,0,0,0,0,0,0,0,0,0,0,0,0,0,0,0,0,0,0,0,0,0,0,0,0,0,0,0,0,0,0,0,0,0,0,0,0,0,0,0,0,0,0,0,0,0,0,0,0,0,0,0,0,0,0,0,0,0,0,0,0,0,0,0,0,0,0,0,0,0,0,0,0,0,0,0,0,0,0,0,0,0,0,0,0,0,0,0,0,0,0,0,0,0,0,0,0,0,0,0,0,0,0,0,0,0,0,0,0,0,0,0,0,0,0,0,0,0,0,0,0,0,0,0,0,0,0,0,0,0,0,0,0,0,0,0,0,0,0,0,0,0,0,0,0,0,0,0,0,0
10011,463.16695813064524,0,0,0,0,0,0,0,0,0,0,0,0,0,0,0,0,0,0,0,0,0,0,0,0,0,0,0,0,0,0,0,0,0,0,0,0,0,0,0,0,0,0,0,0,0,0,0,0,0,0,0,0,0,0,0,0,0,0,0,0,0,0,0,0,0,0,0,0,0,0,0,0,0,0,0,0,0,0,0,0,0,0,0,0,0,0,0,0,0,0,0,0,0,0,0,0,0,0,0,0,0,0,0,0,0,0,0,0,0,0,0,0,0,0,0,0,0,0,0,0,0,0,0,0,0,0,0,0,0,0,0,0,0,0,0,0,0,0,0,0,0,0,0,0,0,0,0,0,0,0,0,0
10012,173.3694676734069,36.296146654843064,209.3572019452565,0,0,0,0,0,0,0,0,0,0,1.1463966124688496,1.1463966124688496,1.1463966124688496,1.1463966124688496,1.1463966124688496,1.1463966124688496,1.1463966124688496,1.1463966124688496,1.1463966124688496,1.1463966124688496,1.1463966124688496,1.1463966124688496,1.1463966124688496,1.1463966124688496,1.1463966124688496,8.564000649174732,25.5317977111211,25.5317977111211,25.5317977111211,25.5317977111211,25.5317977111211,25.5423013507293,25.5423013507293,25.5423013507293,25.5423013507293,25.5423013507293,25.5423013507293,25.5423013507293,25.5423013507293,28.62213305093485,28.62213305093485,28.62213305093485,28.62213305093485,28.62213305093485,28.62213305093485,28.62213305093485,28.62213305093485,28.62213305093485,28.62213305093485,28.62213305093485,28.62213305093485,28.62213305093485,28.62213305093485,28.62213305093485,28.62213305093485,28.62213305093485,28.62213305093485,28.62213305093485,28.62213305093485,28.62213305093485,28.62213305093485,28.62213305093485,28.62213305093485,28.62213305093485,28.62213305093485,28.62213305093485,28.62213305093485,28.62213305093485,28.62213305093485,28.62213305093485,28.62213305093485,28.62213305093485,28.62213305093485,28.62213305093485,28.62213305093485,0,0,0,0,0,0,0,0,0,0,6.612448130880979,6.612448130880979,6.612448130880979,6.612448130880979,6.612448130880979,6.612448130880979,6.612448130880979,6.612448130880979,6.612448130880979,6.612448130880979,6.612448130880979,6.612448130880979,6.612448130880979,6.612448130880979,6.612448130880979,49.39739830837793,147.26813235198864,147.26813235198864,147.26813235198864,147.26813235198864,147.26813235198864,147.32871764275035,147.32871764275035,147.32871764275035,147.32871764275035,147.32871764275035,147.32871764275035,147.32871764275035,147.32871764275035,165.09327412167625,165.09327412167625,165.09327412167625,165.09327412167625,165.09327412167625,165.09327412167625,165.09327412167625,165.09327412167625,165.09327412167625,165.09327412167625,165.09327412167625,165.09327412167625,165.09327412167625,165.09327412167625,165.09327412167625,165.09327412167625,165.09327412167625,165.09327412167625,165.09327412167625,165.09327412167625,165.09327412167625,165.09327412167625,165.09327412167625,165.09327412167625,165.09327412167625,165.09327412167625,165.09327412167625,165.09327412167625,165.09327412167625,165.09327412167625,165.09327412167625,165.09327412167625,165.09327412167625,165.09327412167625,165.09327412167625,165.09327412167625
10013,3881.235860510865,0,0,0,0,0,0,0,0,0,0,0,0,0,0,0,0,0,0,0,0,0,0,0,0,0,0,0,0,0,0,0,0,0,0,0,0,0,0,0,0,0,0,0,0,0,0,0,0,0,0,0,0,0,0,0,0,0,0,0,0,0,0,0,0,0,0,0,0,0,0,0,0,0,0,0,0,0,0,0,0,0,0,0,0,0,0,0,0,0,0,0,0,0,0,0,0,0,0,0,0,0,0,0,0,0,0,0,0,0,0,0,0,0,0,0,0,0,0,0,0,0,0,0,0,0,0,0,0,0,0,0,0,0,0,0,0,0,0,0,0,0,0,0,0,0,0,0,0,0,0,0,0
10014,1948.2779498463456,0,0,0,0,0,0,0,0,0,0,0,0,0,0,0,0,0,0,0,0,0,0,0,0,0,0,0,0,0,0,0,0,0,0,0,0,0,0,0,0,0,0,0,0,0,0,0,0,0,0,0,0,0,0,0,0,0,0,0,0,0,0,0,0,0,0,0,0,0,0,0,0,0,0,0,0,0,0,0,0,0,0,0,0,0,0,0,0,0,0,0,0,0,0,0,0,0,0,0,0,0,0,0,0,0,0,0,0,0,0,0,0,0,0,0,0,0,0,0,0,0,0,0,0,0,0,0,0,0,0,0,0,0,0,0,0,0,0,0,0,0,0,0,0,0,0,0,0,0,0,0,0
10015,2294.410318667254,0,0,0,0,0,0,0,0,0,0,0,0,0,0,0,0,0,0,0,0,0,0,0,0,0,0,0,0,0,0,0,0,0,0,0,0,0,0,0,0,0,0,0,0,0,0,0,0,0,0,0,0,0,0,0,0,0,0,0,0,0,0,0,0,0,0,0,0,0,0,0,0,0,0,0,0,0,0,0,0,0,0,0,0,0,0,0,0,0,0,0,0,0,0,0,0,0,0,0,0,0,0,0,0,0,0,0,0,0,0,0,0,0,0,0,0,0,0,0,0,0,0,0,0,0,0,0,0,0,0,0,0,0,0,0,0,0,0,0,0,0,0,0,0,0,0,0,0,0,0,0,0
10016,2073.5881879801273,214.52446347421412,103.45567394612786,0,0,0,0,0,0,0,0,0,0,0,0,0,0,32.28909855169073,32.28909855169073,32.28909855169073,32.28909855169073,32.28909855169073,32.28909855169073,45.591449426628316,45.591449426628316,45.591449426628316,45.591449426628316,45.591449426628316,45.591449426628316,45.591449426628316,45.591449426628316,45.591449426628316,45.591449426628316,45.591449426628316,45.591449426628316,45.591449426628316,45.591449426628316,45.591449426628316,45.591449426628316,58.65827285188186,58.65827285188186,58.65827285188186,58.65827285188186,58.65827285188186,58.65827285188186,58.65827285188186,58.65827285188186,58.65827285188186,58.65827285188186,58.65827285188186,58.65827285188186,58.65827285188186,58.65827285188186,58.65827285188186,58.65827285188186,58.65827285188186,58.65827285188186,58.65827285188186,58.65827285188186,58.65827285188186,58.65827285188186,58.65827285188186,58.65827285188186,58.65827285188186,58.65827285188186,58.65827285188186,58.65827285188186,58.65827285188186,58.65827285188186,58.65827285188186,58.65827285188186,58.65827285188186,58.65827285188186,58.65827285188186,58.65827285188186,58.65827285188186,58.65827285188186,58.65827285188186,0,0,0,0,0,0,0,0,0,0,0,0,0,0,15.57160613609754,15.57160613609754,15.57160613609754,15.57160613609754,15.57160613609754,15.57160613609754,21.98674244524837,21.98674244524837,21.98674244524837,21.98674244524837,21.98674244524837,21.98674244524837,21.98674244524837,21.98674244524837,21.98674244524837,21.98674244524837,21.98674244524837,21.98674244524837,21.98674244524837,21.98674244524837,21.98674244524837,21.98674244524837,28.288294267831752,28.288294267831752,28.288294267831752,28.288294267831752,28.288294267831752,28.288294267831752,28.288294267831752,28.288294267831752,28.288294267831752,28.288294267831752,28.288294267831752,28.288294267831752,28.288294267831752,28.288294267831752,28.288294267831752,28.288294267831752,28.288294267831752,28.288294267831752,28.288294267831752,28.288294267831752,28.288294267831752,28.288294267831752,28.288294267831752,28.288294267831752,28.288294267831752,28.288294267831752,28.288294267831752,28.288294267831752,28.288294267831752,28.288294267831752,28.288294267831752,28.288294267831752,28.288294267831752,28.288294267831752,28.288294267831752,28.288294267831752,28.288294267831752,28.288294267831752,28.288294267831752
10017,1540.4337603634742,0,0,0,0,0,0,0,0,0,0,0,0,0,0,0,0,0,0,0,0,0,0,0,0,0,0,0,0,0,0,0,0,0,0,0,0,0,0,0,0,0,0,0,0,0,0,0,0,0,0,0,0,0,0,0,0,0,0,0,0,0,0,0,0,0,0,0,0,0,0,0,0,0,0,0,0,0,0,0,0,0,0,0,0,0,0,0,0,0,0,0,0,0,0,0,0,0,0,0,0,0,0,0,0,0,0,0,0,0,0,0,0,0,0,0,0,0,0,0,0,0,0,0,0,0,0,0,0,0,0,0,0,0,0,0,0,0,0,0,0,0,0,0,0,0,0,0,0,0,0,0,0
10018,176.85917215627836,0,0,0,0,0,0,0,0,0,0,0,0,0,0,0,0,0,0,0,0,0,0,0,0,0,0,0,0,0,0,0,0,0,0,0,0,0,0,0,0,0,0,0,0,0,0,0,0,0,0,0,0,0,0,0,0,0,0,0,0,0,0,0,0,0,0,0,0,0,0,0,0,0,0,0,0,0,0,0,0,0,0,0,0,0,0,0,0,0,0,0,0,0,0,0,0,0,0,0,0,0,0,0,0,0,0,0,0,0,0,0,0,0,0,0,0,0,0,0,0,0,0,0,0,0,0,0,0,0,0,0,0,0,0,0,0,0,0,0,0,0,0,0,0,0,0,0,0,0,0,0,0
10019,572.5150882693491,0,0,0,0,0,0,0,0,0,0,0,0,0,0,0,0,0,0,0,0,0,0,0,0,0,0,0,0,0,0,0,0,0,0,0,0,0,0,0,0,0,0,0,0,0,0,0,0,0,0,0,0,0,0,0,0,0,0,0,0,0,0,0,0,0,0,0,0,0,0,0,0,0,0,0,0,0,0,0,0,0,0,0,0,0,0,0,0,0,0,0,0,0,0,0,0,0,0,0,0,0,0,0,0,0,0,0,0,0,0,0,0,0,0,0,0,0,0,0,0,0,0,0,0,0,0,0,0,0,0,0,0,0,0,0,0,0,0,0,0,0,0,0,0,0,0,0,0,0,0,0,0
10020,294.14498701357644,92.73052663685273,315.2544858178144,0,0,0,0,0,0,0,0,0,0,0,0,0,0,0,0,0,0,0,0,0,0,0,0,0,0,0,0,0,0,0,0,0,0,0,0,0,0,0,0,0,0,0,0,0,0,0,0,0,0,0,0,0,0,0,0,0,0,0,0,0,0,0,0,0,0,0,0,0,0,0,0,0,0,0,0,0,0,0,0,0,0,0,0,0,0,0,0,0,0,0,0,0,0,0,0,0,0,0,0,0,0,0,0,0,0,0,0,0,0,0,0,0,0,0,0,0,0,0,0,0,0,0,0,0,0,0,0,0,0,0,0,0,0,0,0,0,0,0,0,0,0,0,0,0,0,0,0,0,0
10021,313.9157125829488,23.957957976098577,76.31971582106758,0,0,0,0,0,0,0,0,0,0,0,0,0,0,0,0,0,0,0,0,0,0,0,0,0,0,0,0,0,0,0,0,0,0,0,0,20.096680940838063,20.096680940838063,20.096680940838063,20.096680940838063,20.096680940838063,20.096680940838063,20.096680940838063,20.096680940838063,20.096680940838063,20.096680940838063,20.096680940838063,20.096680940838063,20.096680940838063,20.096680940838063,20.096680940838063,20.096680940838063,20.096680940838063,20.096680940838063,20.096680940838063,20.096680940838063,20.096680940838063,20.096680940838063,20.096680940838063,20.096680940838063,20.096680940838063,20.096680940838063,20.096680940838063,20.096680940838063,20.096680940838063,20.096680940838063,20.096680940838063,20.096680940838063,20.096680940838063,20.096680940838063,20.096680940838063,20.096680940838063,20.096680940838063,20.096680940838063,20.096680940838063,0,0,0,0,0,0,0,0,0,0,0,0,0,0,0,0,0,0,0,0,0,0,0,0,0,0,0,0,0,0,0,0,0,0,0,0,64.01935339737967,64.01935339737967,64.01935339737967,64.01935339737967,64.01935339737967,64.01935339737967,64.01935339737967,64.01935339737967,64.01935339737967,64.01935339737967,64.01935339737967,64.01935339737967,64.01935339737967,64.01935339737967,64.01935339737967,64.01935339737967,64.01935339737967,64.01935339737967,64.01935339737967,64.01935339737967,64.01935339737967,64.01935339737967,64.01935339737967,64.01935339737967,64.01935339737967,64.01935339737967,64.01935339737967,64.01935339737967,64.01935339737967,64.01935339737967,64.01935339737967,64.01935339737967,64.01935339737967,64.01935339737967,64.01935339737967,64.01935339737967,64.01935339737967,64.01935339737967,64.01935339737967
10022,561.5702851492249,0,0,0,0,0,0,0,0,0,0,0,0,0,0,0,0,0,0,0,0,0,0,0,0,0,0,0,0,0,0,0,0,0,0,0,0,0,0,0,0,0,0,0,0,0,0,0,0,0,0,0,0,0,0,0,0,0,0,0,0,0,0,0,0,0,0,0,0,0,0,0,0,0,0,0,0,0,0,0,0,0,0,0,0,0,0,0,0,0,0,0,0,0,0,0,0,0,0,0,0,0,0,0,0,0,0,0,0,0,0,0,0,0,0,0,0,0,0,0,0,0,0,0,0,0,0,0,0,0,0,0,0,0,0,0,0,0,0,0,0,0,0,0,0,0,0,0,0,0,0,0,0
10023,1082.3057912810905,17.583233107724723,16.24608613330251,0,0,0,0,0,0,0,0,0,0,0,0,0,0,0,0,0,0,0,0,0,0,0,0,0,0,0,0,0,0,0,0,0,0,0,0,0,0,0,0,0,0,0,5.174705274039858,5.174705274039858,5.174705274039858,30.453913273538408,30.453913273538408,30.453913273538408,30.453913273538408,30.453913273538408,30.453913273538408,30.453913273538408,30.453913273538408,30.453913273538408,30.453913273538408,30.453913273538408,30.453913273538408,30.453913273538408,30.453913273538408,30.453913273538408,30.453913273538408,30.453913273538408,30.453913273538408,30.453913273538408,30.453913273538408,30.453913273538408,30.453913273538408,30.453913273538408,30.453913273538408,30.453913273538408,30.453913273538408,30.453913273538408,30.453913273538408,30.453913273538408,0,0,0,0,0,0,0,0,0,0,0,0,0,0,0,0,0,0,0,0,0,0,0,0,0,0,0,0,0,0,0,0,0,0,0,0,0,0,0,0,0,0,0,4.781185978793227,4.781185978793227,4.781185978793227,28.137993456998036,28.137993456998036,28.137993456998036,28.137993456998036,28.137993456998036,28.137993456998036,28.137993456998036,28.137993456998036,28.137993456998036,28.137993456998036,28.137993456998036,28.137993456998036,28.137993456998036,28.137993456998036,28.137993456998036,28.137993456998036,28.137993456998036,28.137993456998036,28.137993456998036,28.137993456998036,28.137993456998036,28.137993456998036,28.137993456998036,28.137993456998036,28.137993456998036,28.137993456998036,28.137993456998036,28.137993456998036,28.137993456998036
10024,1490.514353443446,0,0,0,0,0,0,0,0,0,0,0,0,0,0,0,0,0,0,0,0,0,0,0,0,0,0,0,0,0,0,0,0,0,0,0,0,0,0,0,0,0,0,0,0,0,0,0,0,0,0,0,0,0,0,0,0,0,0,0,7.121068720684606,7.121068720684606,7.121068720684606,7.121068720684606,7.121068720684606,7.121068720684606,7.121068720684606,7.121068720684606,7.121068720684606,7.121068720684606,7.121068720684606,7.121068720684606,7.121068720684606,7.121068720684606,7.121068720684606,7.121068720684606,7.121068720684606,7.121068720684606,0,0,0,0,0,0,0,0,0,0,0,0,0,0,0,0,0,0,0,0,0,0,0,0,0,0,0,0,0,0,0,0,0,0,0,0,0,0,0,0,0,0,0,0,0,0,0,0,0,0,0,0,0,0,0,0,0,4.777591510093967,4.777591510093967,4.777591510093967,4.777591510093967,4.777591510093967,4.777591510093967,4.777591510093967,4.777591510093967,4.777591510093967,4.777591510093967,4.777591510093967,4.777591510093967,4.777591510093967,4.777591510093967,4.777591510093967,4.777591510093967,4.777591510093967,4.777591510093967
10025,1556.5412121088182,7.804341909173864,5.013899952318295,0,0,0,0,0,0,0,0,0,0,0,0,0,0,0,0,0,0,0,0,0,0,0,0,0,0,0,0,0,0,0,0,0,0,0,0,0,0,0,0,0,0,0,0,0,0,0,0,0,0,0,0,0,0,0,0,0,0,0,0,0,0,0,0,0,0,0,0,0,0,0,0,0,0,0,0,0,0,0,0,0,0,0,0,0,0,0,0,0,0,0,0,0,0,0,0,0,0,0,0,0,0,0,0,0,0,0,0,0,0,0,0,0,0,0,0,0,0,0,0,0,0,0,0,0,0,0,0,0,0,0,0,0,0,0,0,0,0,0,0,0,0,0,0,0,0,0,0,0,0
10026,329.62062414944677,0,0,0,0,0,0,0,0,0,27.0173054765985,27.0173054765985,27.0173054765985,27.0173054765985,27.0173054765985,27.0173054765985,27.0173054765985,27.0173054765985,27.0173054765985,27.0173054765985,27.0173054765985,27.0173054765985,27.0173054765985,27.0173054765985,27.0173054765985,27.0173054765985,27.0173054765985,27.0173054765985,27.0173054765985,27.0173054765985,27.0173054765985,27.0173054765985,27.0173054765985,27.0173054765985,27.0173054765985,27.0173054765985,27.0173054765985,27.0173054765985,27.0173054765985,27.0173054765985,27.0173054765985,27.0173054765985,27.0173054765985,27.0173054765985,27.0173054765985,27.0173054765985,27.0173054765985,27.0173054765985,27.0173054765985,27.0173054765985,27.0173054765985,27.0173054765985,27.0173054765985,27.0173054765985,27.0173054765985,27.0173054765985,27.0173054765985,27.0173054765985,27.0173054765985,27.0173054765985,27.0173054765985,27.0173054765985,27.0173054765985,27.0173054765985,27.0173054765985,27.0173054765985,27.0173054765985,27.0173054765985,27.0173054765985,27.0173054765985,27.0173054765985,27.0173054765985,27.0173054765985,27.0173054765985,27.0173054765985,27.0173054765985,27.0173054765985,27.0173054765985,0,0,0,0,0,0,0,81.96485139943525,81.96485139943525,81.96485139943525,81.96485139943525,81.96485139943525,81.96485139943525,81.96485139943525,81.96485139943525,81.96485139943525,81.96485139943525,81.96485139943525,81.96485139943525,81.96485139943525,81.96485139943525,81.96485139943525,81.96485139943525,81.96485139943525,81.96485139943525,81.96485139943525,81.96485139943525,81.96485139943525,81.96485139943525,81.96485139943525,81.96485139943525,81.96485139943525,81.96485139943525,81.96485139943525,81.96485139943525,81.96485139943525,81.96485139943525,81.96485139943525,81.96485139943525,81.96485139943525,81.96485139943525,81.96485139943525,81.96485139943525,81.96485139943525,81.96485139943525,81.96485139943525,81.96485139943525,81.96485139943525,81.96485139943525,81.96485139943525,81.96485139943525,81.96485139943525,81.96485139943525,81.96485139943525,81.96485139943525,81.96485139943525,81.96485139943525,81.96485139943525,81.96485139943525,81.96485139943525,81.96485139943525,81.96485139943525,81.96485139943525,81.96485139943525,81.96485139943525,81.96485139943525,81.96485139943525,81.96485139943525,81.96485139943525,81.96485139943525,81.96485139943525,81.96485139943525,81.96485139943525,81.96485139943525,81.96485139943525
10027,1552.0329948676738,0,0,0,0,0,0,0,0,0,0,0,0,0,0,0,0,0,0,0,0,0,0,0,0,0,0,0,0,0,0,0,0,0,0,0,0,0,0,0,0,0,0,0,0,0,0,0,0,0,0,0,0,0,0,0,0,0,0,0,0,0,0,0,0,0,0,0,0,0,0,0,0,0,0,0,0,0,0,0,0,0,0,0,0,0,0,0,0,0,0,0,0,0,0,0,0,0,0,0,0,0,0,0,0,0,0,0,0,0,0,0,0,0,0,0,0,0,0,0,0,0,0,0,0,0,0,0,0,0,0,0,0,0,0,0,0,0,0,0,0,0,0,0,0,0,0,0,0,0,0,0,0
10028,181.19803931291318,0,0,0,0,0,0,0,0,0,0,0,0,0,0,0,0,0,0,0,0,0,0,0,0,0,0,0,0,0,0,0,0,0,0,0,0,0,0,0,0,0,0,0,0,0,0,0,0,0,0,0,0,0,0,0,0,0,0,0,0,0,0,0,0,0,0,0,0,0,0,0,0,0,0,0,0,0,0,0,0,0,0,0,0,0,0,0,0,0,0,0,0,0,0,0,0,0,0,0,0,0,0,0,0,0,0,0,0,0,0,0,0,0,0,0,0,0,0,0,0,0,0,0,0,0,0,0,0,0,0,0,0,0,0,0,0,0,0,0,0,0,0,0,0,0,0,0,0,0,0,0,0
10029,457.63203061489304,3.3448320135739675,7.308998911373654,0,0,0,0,0,0,0,0,0,0,0,0,0,0,0,0,0,0,0,0,0,0,0,0,0,0,0,0,0,0,0,0,0,0,0,0,0,0,0,0,0,0,0,0,0,0,0,0,16.371382379563503,16.371382379563503,16.371382379563503,16.371382379563503,16.371382379563503,16.371382379563503,16.371382379563503,16.371382379563503,16.371382379563503,16.371382379563503,16.371382379563503,16.371382379563503,16.371382379563503,16.371382379563503,16.371382379563503,16.371382379563503,16.371382379563503,16.371382379563503,16.371382379563503,16.371382379563503,16.371382379563503,16.371382379563503,16.371382379563503,16.371382379563503,16.371382379563503,16.371382379563503,16.371382379563503,0,0,0,0,0,0,0,0,0,0,0,0,0,0,0,0,0,0,0,0,0,0,0,0,0,0,0,0,0,0,0,0,0,0,0,0,0,0,0,0,0,0,0,0,0,0,0,0,35.77411825296898,35.77411825296898,35.77411825296898,35.77411825296898,35.77411825296898,35.77411825296898,35.77411825296898,35.77411825296898,35.77411825296898,35.77411825296898,35.77411825296898,35.77411825296898,35.77411825296898,35.77411825296898,35.77411825296898,35.77411825296898,35.77411825296898,35.77411825296898,35.77411825296898,35.77411825296898,35.77411825296898,35.77411825296898,35.77411825296898,35.77411825296898,35.77411825296898,35.77411825296898,35.77411825296898
10030,3368.5812017196067,0,0,0,0,0,0,0,0,0,0,0,0,0,0,0,0,0,0,0,0,0,0,0,0,0,0,0,0,0,0,0,0,0,0,0,0,0,0,0,0,0,0,0,0,0,0,0,0,0,0,0,0,0,0,0,0,0,0,0,0,0,0,0,0,0,0,0,0,0,0,0,0,0,0,0,0,0,0,0,0,0,0,0,0,0,0,0,0,0,0,0,0,0,0,0,0,0,0,0,0,0,0,0,0,0,0,0,0,0,0,0,0,0,0,0,0,0,0,0,0,0,0,0,0,0,0,0,0,0,0,0,0,0,0,0,0,0,0,0,0,0,0,0,0,0,0,0,0,0,0,0,0
10031,946.0768562173747,0,0,0,0,0,0,0,0,0,0,0,0,0,0,0,0,0,0,0,0,0,0,0,0,0,0,0,0,0,0,0,0,0,0,0,0,0,0,0,0,0,0,0,0,0,0,0,0,0,0,0,0,0,0,0,0,0,0,0,0,0,0,0,0,0,0,0,0,0,0,0,0,0,0,0,0,0,0,0,0,0,0,0,0,0,0,0,0,0,0,0,0,0,0,0,0,0,0,0,0,0,0,0,0,0,0,0,0,0,0,0,0,0,0,0,0,0,0,0,0,0,0,0,0,0,0,0,0,0,0,0,0,0,0,0,0,0,0,0,0,0,0,0,0,0,0,0,0,0,0,0,0
10032,988.474865507277,0,0,0,0,0,0,0,0,0,0,0,0,0,0,0,0,0,0,0,0,0,0,0,0,0,0,0,0,0,0,0,0,0,0,0,0,0,0,0,0,0,0,0,0,0,0,0,0,0,0,0,0,0,0,0,0,0,0,0,0,0,0,0,0,0,0,0,0,0,0,0,0,0,0,0,0,0,0,0,0,0,0,0,0,0,0,0,0,0,0,0,0,0,0,0,0,0,0,0,0,0,0,0,0,0,0,0,0,0,0,0,0,0,0,0,0,0,0,0,0,0,0,0,0,0,0,0,0,0,0,0,0,0,0,0,0,0,0,0,0,0,0,0,0,0,0,0,0,0,0,0,0
10033,19089.47826924579,7.000634298881196,0.36672737725680055,0,0,0,0,0,0,0,0,0,0,0,0,0,0,0,0,0,0,0,0,0,0,0,0,0,0,0,0,0,0,0,0,0,0,0,0,0,0,0,0,0,0,0,0,0,0,0,0,0,0,0,0,0,0,0,0,0,0,0,0,0,0,0,0,0,0,0,0,0,0,0,0,0,0,0,0,0,0,0,0,0,0,0,0,0,0,0,0,0,0,0,0,0,0,0,0,0,0,0,0,0,0,0,0,0,0,0,0,0,0,0,0,0,0,0,0,0,0,0,0,0,0,0,0,0,0,0,0,0,0,0,0,0,0,0,0,0,0,0,0,0,0,0,0,0,0,0,0,0,0
10034,1347.198745491743,89.90897803659108,66.73772399021442,0,0,0,0,0,0,0,0,0,0,0,0,0,0,0,0,0,0,0,0,0,0,0,0,0,0,0,0,0,0,0,0,0,0,0,0,0,0,0,0,0,0,0,0,0,0,15.419379125121225,15.419379125121225,15.419379125121225,15.419379125121225,15.419379125121225,15.419379125121225,15.419379125121225,15.419379125121225,15.419379125121225,15.419379125121225,15.419379125121225,15.419379125121225,15.419379125121225,15.419379125121225,15.419379125121225,15.419379125121225,15.419379125121225,15.419379125121225,15.419379125121225,15.419379125121225,15.419379125121225,15.419379125121225,15.419379125121225,15.419379125121225,15.419379125121225,15.419379125121225,15.419379125121225,15.419379125121225,15.419379125121225,0,0,0,0,0,0,0,0,0,0,0,0,0,0,0,0,0,0,0,0,0,0,0,0,0,0,0,0,0,0,0,0,0,0,0,0,0,0,0,0,0,0,0,0,0,0,11.445511790090759,11.445511790090759,11.445511790090759,11.445511790090759,11.445511790090759,11.445511790090759,11.445511790090759,11.445511790090759,11.445511790090759,11.445511790090759,11.445511790090759,11.445511790090759,11.445511790090759,11.445511790090759,11.445511790090759,11.445511790090759,11.445511790090759,11.445511790090759,11.445511790090759,11.445511790090759,11.445511790090759,11.445511790090759,11.445511790090759,11.445511790090759,11.445511790090759,11.445511790090759,11.445511790090759,11.445511790090759,11.445511790090759
10035,783.7874751305966,0,0,0,0,0,0,0,0,0,0,0,0,0,0,0,0,0,0,0,0,0,0,0,0,0,0,0,0,0,0,0,0,0,0,0,0,0,0,0,0,0,0,0,0,0,0,0,0,0,0,0,0,0,0,0,0,0,0,0,0,0,0,0,0,0,0,0,0,0,0,0,0,0,0,0,0,0,0,0,0,0,0,0,0,0,0,0,0,0,0,0,0,0,0,0,0,0,0,0,0,0,0,0,0,0,0,0,0,0,0,0,0,0,0,0,0,0,0,0,0,0,0,0,0,0,0,0,0,0,0,0,0,0,0,0,0,0,0,0,0,0,0,0,0,0,0,0,0,0,0,0,0
10036,1543.481979552429,37.16680825853307,24.07984592687665,0,0,0,0,0,0,0,0,0,0,0,0,0,0,0,0,0,0,0,0,0,0,0,0,0,0,0,0,0,0,0,0,0,0,0,0,0,0,0,0,0,0,0,0,0,0,0,0,0,0,0,0,0,0,0,0,0,0,0,0,0,0,0,0,0,0,0,0,0,0,0,0,0,0,0,0,0,0,0,0,0,0,0,0,0,0,0,0,0,0,0,0,0,0,0,0,0,0,0,0,0,0,0,0,0,0,0,0,0,0,0,0,0,0,0,0,0,0,0,0,0,0,0,0,0,0,0,0,0,0,0,0,0,0,0,0,0,0,0,0,0,0,0,0,0,0,0,0,0,0
10037,207.60214315382603,0,0,0,0,0,0,0,0,0,0,0,0,0,0,0,0,0,0,0,0,0,0,0,0,0,0,0,0,0,0,0,0,0,0,0,0,0,0,0,0,0,0,0,0,0,0,0,0,0,0,0,0,0,0,0,0,0,0,0,0,0,0,0,0,0,0,0,0,0,0,0,0,0,0,0,0,0,0,0,0,0,0,0,0,0,0,0,0,0,0,0,0,0,0,0,0,0,0,0,0,0,0,0,0,0,0,0,0,0,0,0,0,0,0,0,0,0,0,0,0,0,0,0,0,0,0,0,0,0,0,0,0,0,0,0,0,0,0,0,0,0,0,0,0,0,0,0,0,0,0,0,0
10038,11948.14588737485,0,0,0,0,0,0,0,0,0,0,0,0,0,0,0,0,0,0,0,0,0,0,0,0,0,0,0,0,0,0,0,0,0,0,0,0,0,0,0,0,0,0,0,0,0,0,0,0,0,0,0,0,0,0,0,0,0,0,0,0,0,0,0,0,0,0,0,0,0,0,0,0,0,0,0,0,0,0,0,0,0,0,0,0,0,0,0,0,0,0,0,0,0,0,0,0,0,0,0,0,0,0,0,0,0,0,0,0,0,0,0,0,0,0,0,0,0,0,0,0,0,0,0,0,0,0,0,0,0,0,0,0,0,0,0,0,0,0,0,0,0,0,0,0,0,0,0,0,0,0,0,0
10039,994.2943895494708,90.98476907062872,91.5068716337173,0,0,0,0,0,0,0,0,0,0,0,0,0,0,0,0,0,0,0,0,0,0,0,0,0,0,0,0,0,0,0,0,0,0,0,0,0,0,0,0,0,0,0,0,0,0,0,0,0,0,0,0,0,0,0,0,0,0,0,0,0,0,0,0,0,0,0,0,0,0,0,0,0,0,0,0,0,0,0,0,0,0,0,0,0,0,0,0,0,0,0,0,0,0,0,0,0,0,0,0,0,0,0,0,0,0,0,0,0,0,0,0,0,0,0,0,0,0,0,0,0,0,0,0,0,0,0,0,0,0,0,0,0,0,0,0,0,0,0,0,0,0,0,0,0,0,0,0,0,0
10040,824.5544528219634,106.67105855680936,129.36811897836128,0,0,0,0,0,0,0,11.660252042831798,11.660252042831798,11.660252042831798,11.660252042831798,11.660252042831798,11.660252042831798,11.660252042831798,40.601489936089905,40.601489936089905,40.601489936089905,40.601489936089905,40.601489936089905,40.601489936089905,40.601489936089905,40.601489936089905,40.601489936089905,40.601489936089905,40.601489936089905,40.601489936089905,40.601489936089905,40.601489936089905,40.601489936089905,40.601489936089905,40.601489936089905,40.601489936089905,40.601489936089905,40.601489936089905,40.601489936089905,40.601489936089905,40.601489936089905,40.601489936089905,40.601489936089905,40.601489936089905,40.601489936089905,40.601489936089905,40.601489936089905,40.601489936089905,40.601489936089905,40.601489936089905,40.601489936089905,40.601489936089905,40.601489936089905,40.601489936089905,40.601489936089905,40.601489936089905,40.601489936089905,40.601489936089905,40.601489936089905,40.601489936089905,40.601489936089905,40.601489936089905,40.601489936089905,40.601489936089905,40.601489936089905,40.601489936089905,40.601489936089905,40.601489936089905,40.601489936089905,40.601489936089905,40.601489936089905,40.601489936089905,40.601489936089905,40.601489936089905,40.601489936089905,40.601489936089905,40.601489936089905,40.601489936089905,40.601489936089905,0,0,0,0,0,0,0,14.141275937478277,14.141275937478277,14.141275937478277,14.141275937478277,14.141275937478277,14.141275937478277,14.141275937478277,49.24051989184578,49.24051989184578,49.24051989184578,49.24051989184578,49.24051989184578,49.24051989184578,49.24051989184578,49.24051989184578,49.24051989184578,49.24051989184578,49.24051989184578,49.24051989184578,49.24051989184578,49.24051989184578,49.24051989184578,49.24051989184578,49.24051989184578,49.24051989184578,49.24051989184578,49.24051989184578,49.24051989184578,49.24051989184578,49.24051989184578,49.24051989184578,49.24051989184578,49.24051989184578,49.24051989184578,49.24051989184578,49.24051989184578,49.24051989184578,49.24051989184578,49.24051989184578,49.24051989184578,49.24051989184578,49.24051989184578,49.24051989184578,49.24051989184578,49.24051989184578,49.24051989184578,49.24051989184578,49.24051989184578,49.24051989184578,49.24051989184578,49.24051989184578,49.24051989184578,49.24051989184578,49.24051989184578,49.24051989184578,49.24051989184578,49.24051989184578,49.24051989184578,49.24051989184578,49.24051989184578,49.24051989184578,49.24051989184578,49.24051989184578,49.24051989184578,49.24051989184578,49.24051989184578,49.24051989184578,49.24051989184578
10041,128.36087413808332,0,0,0,0,0,0,0,0,0,0,0,0,0,0,0,0,0,0,0,0,0,0,0,0,0,0,0,0,0,0,0,0,0,0,0,0,0,0,0,0,0,0,0,0,0,0,0,0,0,0,0,0,0,0,0,0,0,0,0,0,0,0,0,0,0,0,0,0,0,0,0,0,0,0,0,0,0,0,0,0,0,0,0,0,0,0,0,0,0,0,0,0,0,0,0,0,0,0,0,0,0,0,0,0,0,0,0,0,0,0,0,0,0,0,0,0,0,0,0,0,0,0,0,0,0,0,0,0,0,0,0,0,0,0,0,0,0,0,0,0,0,0,0,0,0,0,0,0,0,0,0,0
10042,1968.4504382111504,0,0,0,0,0,0,0,0,0,0,0,0,0,0,0,0,0,0,0,0,0,0,0,0,0,0,0,0,0,0,0,0,0,0,0,0,0,0,0,0,0,0,0,0,0,0,0,0,0,0,0,0,0,0,0,0,0,0,0,0,0,0,0,0,0,0,0,0,0,0,0,0,0,0,0,0,0,0,0,0,0,0,0,0,0,0,0,0,0,0,0,0,0,0,0,0,0,0,0,0,0,0,0,0,0,0,0,0,0,0,0,0,0,0,0,0,0,0,0,0,0,0,0,0,0,0,0,0,0,0,0,0,0,0,0,0,0,0,0,0,0,0,0,0,0,0,0,0,0,0,0,0
10043,628.8206412366428,0,0,0,0,0,0,0,0,0,0,0,0,0,0,0,0,0,0,0,0,0,0,0,0,0,0,0,0,0,0,0,0,0,0,0,0,0,0,0,0,0,0,0,0,0,0,0,0,0,0,0,0,0,0,0,0,0,0,0,0,0,0,0,0,0,0,0,0,0,0,0,0,0,0,0,0,0,0,0,0,0,0,0,0,0,0,0,0,0,0,0,0,0,0,0,0,0,0,0,0,0,0,0,0,0,0,0,0,0,0,0,0,0,0,0,0,0,0,0,0,0,0,0,0,0,0,0,0,0,0,0,0,0,0,0,0,0,0,0,0,0,0,0,0,0,0,0,0,0,0,0,0
10044,549.4975797437216,187.05124867032902,340.4041356425396,0,0,0,0,0,0,0,0,0,0,0,0,0,0,0,0,0,0,0,0,0,0,0,0,0,0,0,0,0,0,0,0,0,0,0,0,0,0,0,0,0,0,0,0,0,0,0,0,0,0,0,0,0,0,0,0,0,0,0,0,0,0,0,0,0,0,0,0,0,0,0,0,0,0,0,0,0,0,0,0,0,0,0,0,0,0,0,0,0,0,0,0,0,0,0,0,0,0,0,0,0,0,0,0,0,0,0,0,0,0,0,0,0,0,0,0,0,0,0,0,0,0,0,0,0,0,0,0,0,0,0,0,0,0,0,0,0,0,0,0,0,0,0,0,0,0,0,0,0,0
10045,1952.1937819216878,0,0,0,0,0,0,0,0,0,0,0,0,0,0,0,0,0,0,0,0,0,0,0,0,0,0,0,0,0,0,0,0,0,0,0,0,0,0,0,0,0,0,0,0,0,0,0,0,0,0,0,0,0,0,0,0,0,0,0,0,0,0,0,0,0,0,0,0,0,0,0,0,0,0,0,0,0,0,0,0,0,0,0,0,0,0,0,0,0,0,0,0,0,0,0,0,0,0,0,0,0,0,0,0,0,0,0,0,0,0,0,0,0,0,0,0,0,0,0,0,0,0,0,0,0,0,0,0,0,0,0,0,0,0,0,0,0,0,0,0,0,0,0,0,0,0,0,0,0,0,0,0
10046,2811.1149807233755,488.06999411196466,173.62149803860785,0,0,0,0,0,0,0,0,0,0,0,0,0,0,0,0,0,0,0,0,0,0,0,0,0,0,0,0,0,0,0,0,0,0,0,0,0,0,0,0,0,0,0,0,0,0,0,0,0,0,0,0,0,0,0,0,0,0,0,0,0,0,0,0,0,0,0,0,0,0,0,0,0,0,0,0,0,0,0,0,0,0,0,0,0,0,0,0,0,0,0,0,0,0,0,0,0,0,0,0,0,0,0,0,0,0,0,0,0,0,0,0,0,0,0,0,0,0,0,0,0,0,0,0,0,0,0,0,0,0,0,0,0,0,0,0,0,0,0,0,0,0,0,0,0,0,0,0,0,0
10047,8586.438220088045,331.8652427473634,38.649930767679884,0,0,0,0,0,0,0,0,0,0,0,0,0,0,0,0,0,0,0,0,0,0,0,0,0,0,0,0,0,0,0,0,0,0,0,0,0,0,0,0,0,0,0,0,0,0,0,0,0,0,0,0,0,0,0,0,0,0,0,0,0,0,0,0,0,0,0,0,0,0,0,0,0,0,0,0,0,0,0,0,0,0,0,0,0,0,0,0,0,0,0,0,0,0,0,0,0,0,0,0,0,0,0,0,0,0,0,0,0,0,0,0,0,0,0,0,0,0,0,0,0,0,0,0,0,0,0,0,0,0,0,0,0,0,0,0,0,0,0,0,0,0,0,0,0,0,0,0,0,0
10048,2022.2577552696682,0,0,0,0,0,0,0,0,0,0,0,0,0,0,0,0,0,0,0,0,0,0,0,0,0,0,0,0,0,0,0,0,0,0,0,0,0,0,0,0,0,0,0,0,0,0,0,0,0,0,0,0,0,0,0,0,0,0,0,0,0,0,0,0,0,0,0,0,0,0,0,0,0,0,0,0,0,0,0,0,0,0,0,0,0,0,0,0,0,0,0,0,0,0,0,0,0,0,0,0,0,0,0,0,0,0,0,0,0,0,0,0,0,0,0,0,0,0,0,0,0,0,0,0,0,0,0,0,0,0,0,0,0,0,0,0,0,0,0,0,0,0,0,0,0,0,0,0,0,0,0,0
10049,935.544847101592,0,0,0,0,0,0,0,0,0,0,0,0,0,0,0,0,0,0,0,0,0,0,0,0,0,0,0,0,0,0,0,0,0,0,0,0,0,0,0,0,0,0,0,0,0,0,0,0,0,0,0,0,0,0,0,0,0,0,0,0,0,0,0,0,0,0,0,0,0,0,0,0,0,0,0,0,0,0,0,0,0,0,0,0,0,0,0,0,0,0,0,0,0,0,0,0,0,0,0,0,0,0,0,0,0,0,0,0,0,0,0,0,0,0,0,0,0,0,0,0,0,0,0,0,0,0,0,0,0,0,0,0,0,0,0,0,0,0,0,0,0,0,0,0,0,0,0,0,0,0,0,0
10050,6471.002725584088,307.09686471810403,47.45738454164918,0,0,0,0,0,0,0,0,0,0,0,0,0,0,0,0,0,0,0,0,0,0,0,0,0,0,0,0,0,0,0,0,0,0,0,0,0,0,0,0,0,0,0,0,0,0,0,0,0,0,0,0,0,0,0,0,0,0,0,0,0,0,0,0,0,0,0,0,0,0,0,0,0,0,0,0,0,0,0,0,0,0,0,0,0,0,0,0,0,0,0,0,0,0,0,0,0,0,0,0,0,0,0,0,0,0,0,0,0,0,0,0,0,0,0,0,0,0,0,0,0,0,0,0,0,0,0,0,0,0,0,0,0,0,0,0,0,0,0,0,0,0,0,0,0,0,0,0,0,0
10051,1487.3194047234754,0,0,0,0,0,0,0,0,0,0,0,0,0,0,0,0,0,0,0,0,0,0,0,0,0,0,0,0,0,0,0,0,0,0,0,0,0,0,0,0,0,0,0,0,0,0,0,0,0,0,0,0,0,0,0,0,0,0,0,0,0,0,0,0,0,0,0,0,0,0,0,0,0,0,0,0,0,0,0,0,0,0,0,0,0,0,0,0,0,0,0,0,0,0,0,0,0,0,0,0,0,0,0,0,0,0,0,0,0,0,0,0,0,0,0,0,0,0,0,0,0,0,0,0,0,0,0,0,0,0,0,0,0,0,0,0,0,0,0,0,0,0,0,0,0,0,0,0,0,0,0,0
10052,2038.483974037199,0,0,0,0,0,0,0,0,0,0,0,0,0,0,0,0,0,0,0,0,0,0,0,0,0,0,0,0,0,0,0,0,0,0,0,0,0,0,0,0,0,0,0,0,0,0,0,0,0,0,0,0,0,0,0,0,0,0,0,0,0,0,0,0,0,0,0,0,0,0,0,0,0,0,0,0,0,0,0,0,0,0,0,0,0,0,0,0,0,0,0,0,0,0,0,0,0,0,0,0,0,0,0,0,0,0,0,0,0,0,0,0,0,0,0,0,0,0,0,0,0,0,0,0,0,0,0,0,0,0,0,0,0,0,0,0,0,0,0,0,0,0,0,0,0,0,0,0,0,0,0,0
10053,480.59575261739997,0,0,0,0,0,0,0,0,0,0,0,0,0,0,0,0,0,0,0,0,0,0,0,0,0,0,0,0,0,0,0,0,0,0,0,0,0,0,0,0,0,0,0,0,0,0,0,0,0,0,0,0,0,0,0,0,0,0,0,0,0,0,0,0,0,0,0,0,0,0,0,0,0,0,0,0,0,0,0,0,0,0,0,0,0,0,0,0,0,0,0,0,0,0,0,0,0,0,0,0,0,0,0,0,0,0,0,0,0,0,0,0,0,0,0,0,0,0,0,0,0,0,0,0,0,0,0,0,0,0,0,0,0,0,0,0,0,0,0,0,0,0,0,0,0,0,0,0,0,0,0,0
10054,2761.8322914691175,0,0,0,0,0,0,0,0,0,0,0,0,0,0,0,0,0,0,0,0,0,0,0,0,0,0,0,0,0,0,0,0,0,0,0,0,0,0,0,0,0,0,0,0,0,0,0,0,0,0,0,0,0,0,0,0,0,0,0,0,0,0,0,0,0,0,0,0,0,0,0,0,0,0,0,0,0,0,0,0,0,0,0,0,0,0,0,0,0,0,0,0,0,0,0,0,0,0,0,0,0,0,0,0,0,0,0,0,0,0,0,0,0,0,0,0,0,0,0,0,0,0,0,0,0,0,0,0,0,0,0,0,0,0,0,0,0,0,0,0,0,0,0,0,0,0,0,0,0,0,0,0
10055,2245.73437831578,81.17886550688337,36.14802636087559,0,0,0,0,0,0,0,0,0,0,0,0,0,0,0,0,0,0,0,0,0,0,0,0,0,0,0,0,0,0,0,0,0,0,0,0,0,0,0,0,0,0,0,0,0,0,0,0,0,0,0,0,0,0,0,0,0,0,0,0,0,0,0,0,0,0,0,0,0,0,0,0,0,0,0,0,0,0,0,0,0,0,0,0,0,0,0,0,0,0,0,0,0,0,0,0,0,0,0,0,0,0,0,0,0,0,0,0,0,0,0,0,0,0,0,0,0,0,0,0,0,0,0,0,0,0,0,0,0,0,0,0,0,0,0,0,0,0,0,0,0,0,0,0,0,0,0,0,0,0
10056,2229.4047514482922,80.74810581352736,36.21958092673429,0,0,0,0,0,0,0,0,0,0,0,0,0,0,0,0,0,0,0,0,0,0,0,0,0,0,0,0,0,0,0,0,0,0,0,0,0,0,0,0,0,0,0,0,0,0,0,0,0,0,0,0,0,0,0,0,0,36.694892992247794,36.694892992247794,47.342447163155605,47.342447163155605,47.342447163155605,47.342447163155605,47.342447163155605,47.342447163155605,47.342447163155605,47.342447163155605,47.342447163155605,47.342447163155605,47.342447163155605,47.342447163155605,47.342447163155605,47.342447163155605,47.342447163155605,47.342447163155605,0,0,0,0,0,0,0,0,0,0,0,0,0,0,0,0,0,0,0,0,0,0,0,0,0,0,0,0,0,0,0,0,0,0,0,0,0,0,0,0,0,0,0,0,0,0,0,0,0,0,0,0,0,0,0,0,0,16.459502460649922,16.459502460649922,21.23546526596413,21.23546526596413,21.23546526596413,21.23546526596413,21.23546526596413,21.23546526596413,21.23546526596413,21.23546526596413,21.23546526596413,21.23546526596413,21.23546526596413,21.23546526596413,21.23546526596413,21.23546526596413,21.23546526596413,21.23546526596413
10057,303.0230327509552,0,0,0,0,0,0,0,0,0,0,0,0,0,0,0,0,0,0,0,0,0,0,0,0,0,0,0,0,0,0,0,0,0,0,0,0,0,0,0,0,0,0,0,0,0,0,0,0,0,0,0,0,0,0,0,0,0,0,0,0,0,0,0,0,0,0,0,0,0,0,0,0,0,0,0,0,0,0,0,0,0,0,0,0,0,0,0,0,0,0,0,0,0,0,0,0,0,0,0,0,0,0,0,0,0,0,0,0,0,0,0,0,0,0,0,0,0,0,0,0,0,0,0,0,0,0,0,0,0,0,0,0,0,0,0,0,0,0,0,0,0,0,0,0,0,0,0,0,0,0,0,0
10058,515.6573227317383,0,0,0,0,0,0,0,0,0,0,0,0,0,0,0,0,0,0,0,0,0,0,0,0,0,0,0,0,0,0,0,0,0,0,0,0,0,0,0,0,0,0,0,0,0,0,0,0,0,0,0,0,0,0,0,0,0,0,0,0,0,0,0,0,0,0,0,0,0,0,0,0,0,0,0,0,0,0,0,0,0,0,0,0,0,0,0,0,0,0,0,0,0,0,0,0,0,0,0,0,0,0,0,0,0,0,0,0,0,0,0,0,0,0,0,0,0,0,0,0,0,0,0,0,0,0,0,0,0,0,0,0,0,0,0,0,0,0,0,0,0,0,0,0,0,0,0,0,0,0,0,0
10059,314.8479144945771,188.32651002280403,598.1507304093888,0,0,0,0,0,0,0,0,20.803885730465176,20.803885730465176,20.803885730465176,20.803885730465176,20.803885730465176,20.803885730465176,20.803885730465176,20.803885730465176,20.803885730465176,20.803885730465176,20.803885730465176,20.803885730465176,20.803885730465176,20.803885730465176,20.803885730465176,20.803885730465176,20.803885730465176,20.803885730465176,20.803885730465176,20.803885730465176,20.803885730465176,20.803885730465176,20.803885730465176,20.803885730465176,20.803885730465176,20.803885730465176,20.803885730465176,20.803885730465176,20.803885730465176,20.803885730465176,20.803885730465176,20.803885730465176,20.803885730465176,20.803885730465176,20.803885730465176,20.803885730465176,20.803885730465176,20.803885730465176,20.803885730465176,20.803885730465176,20.803885730465176,20.803885730465176,20.803885730465176,20.803885730465176,20.803885730465176,20.803885730465176,20.803885730465176,20.803885730465176,20.803885730465176,20.803885730465176,20.803885730465176,20.803885730465176,20.803885730465176,20.803885730465176,20.803885730465176,20.803885730465176,20.803885730465176,20.803885730465176,20.803885730465176,20.803885730465176,20.803885730465176,20.803885730465176,20.803885730465176,20.803885730465176,20.803885730465176,20.803885730465176,20.803885730465176,0,0,0,0,0,0,0,0,66.0759839043606,66.0759839043606,66.0759839043606,66.0759839043606,66.0759839043606,66.0759839043606,66.0759839043606,66.0759839043606,66.0759839043606,66.0759839043606,66.0759839043606,66.0759839043606,66.0759839043606,66.0759839043606,66.0759839043606,66.0759839043606,66.0759839043606,66.0759839043606,66.0759839043606,66.0759839043606,66.0759839043606,66.0759839043606,66.0759839043606,66.0759839043606,66.0759839043606,66.0759839043606,66.0759839043606,66.0759839043606,66.0759839043606,66.0759839043606,66.0759839043606,66.0759839043606,66.0759839043606,66.0759839043606,66.0759839043606,66.0759839043606,66.0759839043606,66.0759839043606,66.0759839043606,66.0759839043606,66.0759839043606,66.0759839043606,66.0759839043606,66.0759839043606,66.0759839043606,66.0759839043606,66.0759839043606,66.0759839043606,66.0759839043606,66.0759839043606,66.0759839043606,66.0759839043606,66.0759839043606,66.0759839043606,66.0759839043606,66.0759839043606,66.0759839043606,66.0759839043606,66.0759839043606,66.0759839043606,66.0759839043606,66.0759839043606,66.0759839043606,66.0759839043606,66.0759839043606,66.0759839043606,66.0759839043606
10060,394.95904128005907,13.960449440280449,35.34657516646472,0,0,0,0,0,0,0,0,0,0,0,0,0,0,0,0,0,0,0,0,0,0,0,0,0,0,0,0,0,0,0,0,0,0,0,0,0,0,0,0,0,0,9.483915277775836,9.483915277775836,9.483915277775836,9.483915277775836,9.483915277775836,9.483915277775836,9.483915277775836,9.483915277775836,9.483915277775836,9.483915277775836,9.483915277775836,9.483915277775836,9.483915277775836,9.483915277775836,9.483915277775836,9.483915277775836,9.483915277775836,9.483915277775836,9.483915277775836,9.483915277775836,9.483915277775836,9.483915277775836,9.483915277775836,9.483915277775836,9.483915277775836,9.483915277775836,9.483915277775836,9.483915277775836,9.483915277775836,9.483915277775836,9.483915277775836,9.483915277775836,9.483915277775836,0,0,0,0,0,0,0,0,0,0,0,0,0,0,0,0,0,0,0,0,0,0,0,0,0,0,0,0,0,0,0,0,0,0,0,0,0,0,0,0,0,0,24.01240201272148,24.01240201272148,24.01240201272148,24.01240201272148,24.01240201272148,24.01240201272148,24.01240201272148,24.01240201272148,24.01240201272148,24.01240201272148,24.01240201272148,24.01240201272148,24.01240201272148,24.01240201272148,24.01240201272148,24.01240201272148,24.01240201272148,24.01240201272148,24.01240201272148,24.01240201272148,24.01240201272148,24.01240201272148,24.01240201272148,24.01240201272148,24.01240201272148,24.01240201272148,24.01240201272148,24.01240201272148,24.01240201272148,24.01240201272148,24.01240201272148,24.01240201272148,24.01240201272148
10061,669.8921933513705,53.77875723153902,80.27971928213096,0,0,0,0,0,0,0,0,0,0,0,0,0,0,0,0,0,0,0,0,0,0,0,0,0,0,0,0,0,0,0,0,0,0,0,0,0,0,0,0,0,0,0,0,0,0,0,0,0,0,0,0,0,0,0,0,0,0,0,0,0,39.42863054478994,39.42863054478994,39.42863054478994,39.42863054478994,39.42863054478994,39.42863054478994,39.42863054478994,39.42863054478994,39.42863054478994,39.42863054478994,39.42863054478994,39.42863054478994,39.42863054478994,39.42863054478994,0,0,0,0,0,0,0,0,0,0,0,0,0,0,0,0,0,0,0,0,0,0,0,0,0,0,0,0,0,0,0,0,0,0,0,0,0,0,0,0,0,0,0,0,0,0,0,0,0,0,0,0,0,0,0,0,0,0,0,0,0,58.858172906202114,58.858172906202114,58.858172906202114,58.858172906202114,58.858172906202114,58.858172906202114,58.858172906202114,58.858172906202114,58.858172906202114,58.858172906202114,58.858172906202114,58.858172906202114,58.858172906202114,58.858172906202114
10062,547.6711787571331,0,0,0,0,0,0,0,0,0,0,0,0,0,0,0,0,0,0,0,0,0,0,0,0,0,0,0,0,0,0,0,0,0,0,0,0,0,0,0,4.76399110958848,4.76399110958848,15.292335522268743,15.292335522268743,15.292335522268743,15.292335522268743,15.292335522268743,15.292335522268743,15.292335522268743,15.292335522268743,15.292335522268743,15.292335522268743,15.292335522268743,15.292335522268743,15.292335522268743,15.292335522268743,15.292335522268743,15.292335522268743,15.292335522268743,15.292335522268743,15.292335522268743,15.292335522268743,15.292335522268743,15.292335522268743,15.292335522268743,15.292335522268743,15.292335522268743,15.292335522268743,15.292335522268743,15.292335522268743,15.292335522268743,15.292335522268743,15.292335522268743,15.292335522268743,15.292335522268743,15.292335522268743,15.292335522268743,15.292335522268743,0,0,0,0,0,0,0,0,0,0,0,0,0,0,0,0,0,0,0,0,0,0,0,0,0,0,0,0,0,0,0,0,0,0,0,0,0,8.698633951123234,8.698633951123234,27.922476324156154,27.922476324156154,27.922476324156154,27.922476324156154,27.922476324156154,27.922476324156154,27.922476324156154,27.922476324156154,27.922476324156154,27.922476324156154,27.922476324156154,27.922476324156154,27.922476324156154,27.922476324156154,27.922476324156154,27.922476324156154,27.922476324156154,27.922476324156154,27.922476324156154,27.922476324156154,27.922476324156154,27.922476324156154,27.922476324156154,27.922476324156154,27.922476324156154,27.922476324156154,27.922476324156154,27.922476324156154,27.922476324156154,27.922476324156154,27.922476324156154,27.922476324156154,27.922476324156154,27.922476324156154,27.922476324156154,27.922476324156154
10063,3327.9875641899253,51.80441178025851,15.566287668165723,0,0,0,0,0,0,0,0,0,0,0,0,0,0,0,0,0,0,0,0,0,0,0,0,0,0,0,0,0,0,0,0,0,0,0,0,0,0,0,0,0,0,0,0,0,0,0,0,0,0,0,0,0,0,0,0,0,0,0,0,0,0,0,0,0,0,0,0,0,0,0,0,0,0,0,0,0,0,0,0,0,0,0,0,0,0,0,0,0,0,0,0,0,0,0,0,0,0,0,0,0,0,0,0,0,0,0,0,0,0,0,0,0,0,0,0,0,0,0,0,0,0,0,0,0,0,0,0,0,0,0,0,0,0,0,0,0,0,0,0,0,0,0,0,0,0,0,0,0,0
10064,1241.4799039552806,93.28750755455725,75.14218092242076,0,0,0,0,0,0,0,0,0,0,0,0,0,0,0,0,0,0,0,0,0,0,0,0,0,0,0,0,0,0,0,0,0,0,0,0,0,0,0,0,0,0,0,0,0,0,0,0,0,0,0,0,0,0,0,0,0,0,0,0,0,0,0,0,0,0,0,0,0,0,0,0,0,0,0,0,0,0,0,0,0,0,0,0,0,0,0,0,0,0,0,0,0,0,0,0,0,0,0,0,0,0,0,0,0,0,0,0,0,0,0,0,0,0,0,0,0,0,0,0,0,0,0,0,0,0,0,0,0,0,0,0,0,0,0,0,0,0,0,0,0,0,0,0,0,0,0,0,0,0
10065,460.3406392150373,0,0,0,0,0,0,0,0,0,0,0,0,0,0,0,0,0,0,0,0,0,0,0,0,0,0,0,0,0,0,0,0,0,0,0,0,0,0,0,0,0,0,0,0,0,0,0,0,0,0,0,0,0,0,0,0,0,0,0,0,0,0,0,0,0,0,0,0,0,0,0,0,0,0,0,0,0,0,0,0,0,0,0,0,0,0,0,0,0,0,0,0,0,0,0,0,0,0,0,0,0,0,0,0,0,0,0,0,0,0,0,0,0,0,0,0,0,0,0,0,0,0,0,0,0,0,0,0,0,0,0,0,0,0,0,0,0,0,0,0,0,0,0,0,0,0,0,0,0,0,0,0
10066,951.6182117901144,0,0,0,0,0,0,0,0,0,0,0,0,0,0,0,0,0,0,0,0,0,0,0,0,0,0,0,0,0,0,0,0,0,0,0,0,0,0,0,0,0,0,0,0,0,0,0,0,0,0,0,0,0,0,0,0,0,0,0,0,0,0,0,0,0,0,0,0,0,0,0,0,0,0,0,0,0,0,0,0,0,0,0,0,0,0,0,0,0,0,0,0,0,0,0,0,0,0,0,0,0,0,0,0,0,0,0,0,0,0,0,0,0,0,0,0,0,0,0,0,0,0,0,0,0,0,0,0,0,0,0,0,0,0,0,0,0,0,0,0,0,0,0,0,0,0,0,0,0,0,0,0
10067,625.7999727617156,0,0,0,0,0,0,0,0,0,0,0,0,0,0,0,0,0,0,0,0,0,0,0,0,0,0,0,0,0,0,0,0,0,0,0,0,0,0,0,0,0,0,0,0,0,0,0,0,0,0,0,0,0,0,0,0,0,0,0,0,0,0,0,0,0,0,0,0,0,0,0,0,0,0,0,0,0,0,0,0,0,0,0,0,0,0,0,0,0,0,0,0,0,0,0,0,0,0,0,0,0,0,0,0,0,0,0,0,0,0,0,0,0,0,0,0,0,0,0,0,0,0,0,0,0,0,0,0,0,0,0,0,0,0,0,0,0,0,0,0,0,0,0,0,0,0,0,0,0,0,0,0
10068,968.5249881047724,39.958392180570314,41.256955340679056,0,0,0,22.52038321855529,22.52038321855529,22.52038321855529,22.52038321855529,22.52038321855529,22.52038321855529,22.52038321855529,22.52038321855529,22.52038321855529,22.52038321855529,22.52038321855529,22.52038321855529,22.52038321855529,22.52038321855529,22.52038321855529,22.52038321855529,22.52038321855529,22.52038321855529,22.52038321855529,22.52038321855529,22.52038321855529,22.52038321855529,22.52038321855529,22.52038321855529,22.52038321855529,22.52038321855529,22.52038321855529,22.52038321855529,22.52038321855529,22.52038321855529,22.52038321855529,22.52038321855529,22.52038321855529,22.52038321855529,22.52038321855529,22.52038321855529,22.52038321855529,22.52038321855529,22.52038321855529,22.52038321855529,22.52038321855529,22.52038321855529,22.52038321855529,22.52038321855529,22.52038321855529,22.52038321855529,22.52038321855529,22.52038321855529,22.52038321855529,22.52038321855529,22.52038321855529,22.52038321855529,22.52038321855529,22.52038321855529,22.52038321855529,22.52038321855529,22.52038321855529,22.52038321855529,22.52038321855529,22.52038321855529,22.52038321855529,22.52038321855529,22.52038321855529,22.52038321855529,22.52038321855529,22.52038321855529,22.52038321855529,22.52038321855529,22.52038321855529,22.52038321855529,22.52038321855529,22.52038321855529,0,0,0,23.252248000976817,23.252248000976817,23.252248000976817,23.252248000976817,23.252248000976817,23.252248000976817,23.252248000976817,23.252248000976817,23.252248000976817,23.252248000976817,23.252248000976817,23.252248000976817,23.252248000976817,23.252248000976817,23.252248000976817,23.252248000976817,23.252248000976817,23.252248000976817,23.252248000976817,23.252248000976817,23.252248000976817,23.252248000976817,23.252248000976817,23.252248000976817,23.252248000976817,23.252248000976817,23.252248000976817,23.252248000976817,23.252248000976817,23.252248000976817,23.252248000976817,23.252248000976817,23.252248000976817,23.252248000976817,23.252248000976817,23.252248000976817,23.252248000976817,23.252248000976817,23.252248000976817,23.252248000976817,23.252248000976817,23.252248000976817,23.252248000976817,23.252248000976817,23.252248000976817,23.252248000976817,23.252248000976817,23.252248000976817,23.252248000976817,23.252248000976817,23.252248000976817,23.252248000976817,23.252248000976817,23.252248000976817,23.252248000976817,23.252248000976817,23.252248000976817,23.252248000976817,23.252248000976817,23.252248000976817,23.252248000976817,23.252248000976817,23.252248000976817,23.252248000976817,23.252248000976817,23.252248000976817,23.252248000976817,23.252248000976817,23.252248000976817,23.252248000976817,23.252248000976817,23.252248000976817
10069,1446.1281566537295,0,0,0,0,0,0,0,0,0,0,0,0,0,0,0,0,0,0,0,0,0,0,0,0,0,0,0,0,0,0,0,0,0,0,0,0,0,0,0,0,0,0,0,0,0,0,0,0,0,0,0,0,0,0,0,0,0,0,0,0,0,0,0,0,0,0,0,0,0,0,0,0,0,0,0,0,0,0,0,0,0,0,0,0,0,0,0,0,0,0,0,0,0,0,0,0,0,0,0,0,0,0,0,0,0,0,0,0,0,0,0,0,0,0,0,0,0,0,0,0,0,0,0,0,0,0,0,0,0,0,0,0,0,0,0,0,0,0,0,0,0,0,0,0,0,0,0,0,0,0,0,0
10070,2793.7253955903243,0,0,0,0,0,0,0,0,0,0,0,0,0,0,0,0,0,0,0,0,0,0,0,0,0,0,0,0,0,0,0,0,0,0,0,0,0,0,0,0,0,0,0,0,0,0,0,0,0,0,0,0,0,0,0,0,0,0,0,0,0,0,0,0,0,0,0,0,0,0,0,0,0,0,0,0,0,0,0,0,0,0,0,0,0,0,0,0,0,0,0,0,0,0,0,0,0,0,0,0,0,0,0,0,0,0,0,0,0,0,0,0,0,0,0,0,0,0,0,0,0,0,0,0,0,0,0,0,0,0,0,0,0,0,0,0,0,0,0,0,0,0,0,0,0,0,0,0,0,0,0,0
10071,8931.278636471636,2.820240437394044,0.31577118486454475,0,0,0,0,0,0,0,0,0,0,0,0,0,0,0,0,0,0,0,0,0,0,0,0,0,0,0,0,0,0,0,0,0,0,0,0,2.8867087431845158,2.8867087431845158,2.8867087431845158,2.8867087431845158,2.8867087431845158,2.8867087431845158,2.8867087431845158,2.8867087431845158,2.8867087431845158,2.8867087431845158,2.8867087431845158,2.8867087431845158,2.8867087431845158,2.8867087431845158,2.8867087431845158,2.8867087431845158,2.8867087431845158,2.8867087431845158,2.8867087431845158,2.8867087431845158,2.8867087431845158,2.8867087431845158,2.8867087431845158,2.8867087431845158,2.8867087431845158,2.8867087431845158,2.8867087431845158,2.8867087431845158,2.8867087431845158,2.8867087431845158,2.8867087431845158,2.8867087431845158,2.8867087431845158,2.8867087431845158,2.8867087431845158,2.8867087431845158,2.8867087431845158,2.8867087431845158,2.8867087431845158,0,0,0,0,0,0,0,0,0,0,0,0,0,0,0,0,0,0,0,0,0,0,0,0,0,0,0,0,0,0,0,0,0,0,0,0,0.32321337858572624,0.32321337858572624,0.32321337858572624,0.32321337858572624,0.32321337858572624,0.32321337858572624,0.32321337858572624,0.32321337858572624,0.32321337858572624,0.32321337858572624,0.32321337858572624,0.32321337858572624,0.32321337858572624,0.32321337858572624,0.32321337858572624,0.32321337858572624,0.32321337858572624,0.32321337858572624,0.32321337858572624,0.32321337858572624,0.32321337858572624,0.32321337858572624,0.32321337858572624,0.32321337858572624,0.32321337858572624,0.32321337858572624,0.32321337858572624,0.32321337858572624,0.32321337858572624,0.32321337858572624,0.32321337858572624,0.32321337858572624,0.32321337858572624,0.32321337858572624,0.32321337858572624,0.32321337858572624,0.32321337858572624,0.32321337858572624,0.32321337858572624
10072,440.31540005065364,0,0,0,0,0,0,0,0,0,0,0,0,0,0,0,0,0,0,0,0,0,0,0,0,0,0,0,0,0,0,0,0,0,0,0,0,0,0,0,0,0,0,0,0,0,0,0,0,0,0,0,0,0,0,0,0,0,0,0,0,0,0,0,0,0,0,0,0,0,0,0,0,0,0,0,0,0,0,0,0,0,0,0,0,0,0,0,0,0,0,0,0,0,0,0,0,0,0,0,0,0,0,0,0,0,0,0,0,0,0,0,0,0,0,0,0,0,0,0,0,0,0,0,0,0,0,0,0,0,0,0,0,0,0,0,0,0,0,0,0,0,0,0,0,0,0,0,0,0,0,0,0
10073,2100.680920062824,0,0,0,0,0,0,0,0,0,0,0,0,0,0,0,0,0,0,0,0,0,0,0,0,0,0,0,0,0,0,0,0,0,0,0,0,0,0,0,0,0,0,0,0,0,0,0,0,0,0,0,0,0,0,0,0,0,0,0,0,0,0,0,0,0,0,0,0,0,0,0,0,0,0,0,0,0,0,0,0,0,0,0,0,0,0,0,0,0,0,0,0,0,0,0,0,0,0,0,0,0,0,0,0,0,0,0,0,0,0,0,0,0,0,0,0,0,0,0,0,0,0,0,0,0,0,0,0,0,0,0,0,0,0,0,0,0,0,0,0,0,0,0,0,0,0,0,0,0,0,0,0
10074,444.7236766584242,242.2631676861285,544.7498759374619,0,0,0,0,0,0,0,0,0,0,0,0,0,0,0,0,0,0,0,0,0,0,0,0,0,0,0,0,0,0,0,0,0,0,0,0,0,0,0,0,0,0,0,0,0,0,0,0,0,0,0,0,0,0,0,0,0,0,0,0,0,0,0,0,0,0,0,0,0,0,0,0,0,0,0,0,0,0,0,0,0,0,0,0,0,0,0,0,0,0,0,0,0,0,0,0,0,0,0,0,0,0,0,0,0,0,0,0,0,0,0,0,0,0,0,0,0,0,0,0,0,0,0,0,0,0,0,0,0,0,0,0,0,0,0,0,0,0,0,0,0,0,0,0,0,0,0,0,0,0
10075,257.9890823792326,153.83684314032922,596.292066786748,0,0,0,0,0,0,0,0,0,0,0,0,0,0,0,0,0,0,0,0,0,0,0,0,0,33.723348391427116,33.723348391427116,33.723348391427116,33.723348391427116,33.723348391427116,33.723348391427116,33.723348391427116,33.723348391427116,33.723348391427116,33.723348391427116,33.723348391427116,33.723348391427116,33.723348391427116,33.723348391427116,33.723348391427116,33.723348391427116,33.723348391427116,33.723348391427116,33.723348391427116,33.723348391427116,33.723348391427116,33.723348391427116,33.723348391427116,33.723348391427116,33.723348391427116,33.723348391427116,33.723348391427116,33.723348391427116,33.723348391427116,33.723348391427116,33.723348391427116,33.723348391427116,33.723348391427116,33.723348391427116,33.723348391427116,33.723348391427116,33.723348391427116,33.723348391427116,33.723348391427116,33.723348391427116,33.723348391427116,33.723348391427116,33.723348391427116,33.723348391427116,33.723348391427116,33.723348391427116,33.723348391427116,33.723348391427116,33.723348391427116,33.723348391427116,0,0,0,0,0,0,0,0,0,0,0,0,0,0,0,0,0,0,0,0,0,0,0,0,0,130.71618411299775,130.71618411299775,130.71618411299775,130.71618411299775,130.71618411299775,130.71618411299775,130.71618411299775,130.71618411299775,130.71618411299775,130.71618411299775,130.71618411299775,130.71618411299775,130.71618411299775,130.71618411299775,130.71618411299775,130.71618411299775,130.71618411299775,130.71618411299775,130.71618411299775,130.71618411299775,130.71618411299775,130.71618411299775,130.71618411299775,130.71618411299775,130.71618411299775,130.71618411299775,130.71618411299775,130.71618411299775,130.71618411299775,130.71618411299775,130.71618411299775,130.71618411299775,130.71618411299775,130.71618411299775,130.71618411299775,130.71618411299775,130.71618411299775,130.71618411299775,130.71618411299775,130.71618411299775,130.71618411299775,130.71618411299775,130.71618411299775,130.71618411299775,130.71618411299775,130.71618411299775,130.71618411299775,130.71618411299775,130.71618411299775,130.71618411299775
10076,419.2404688052148,0,0,0,0,0,0,0,0,0,0,0,0,0,0,0,0,0,0,0,0,0,0,0,0,0,0,0,0,0,0,0,0,0,0,0,0,0,0,0,0,0,0,0,0,0,0,0,0,0,0,0,0,0,0,0,0,0,0,0,0,0,0,0,0,0,0,0,0,0,0,0,0,0,0,0,0,0,0,0,0,0,0,0,0,0,0,0,0,0,0,0,0,0,0,0,0,0,0,0,0,0,0,0,0,0,0,0,0,0,0,0,0,0,0,0,0,0,0,0,0,0,0,0,0,0,0,0,0,0,0,0,0,0,0,0,0,0,0,0,0,0,0,0,0,0,0,0,0,0,0,0,0
10077,1619.678899761629,0,0,0,0,0,0,0,0,0,0,0,0,0,0,0,0,0,0,0,0,0,0,0,0,0,0,0,0,0,0,0,0,0,0,0,0,0,0,0,0,0,0,0,0,0,0,0,0,0,0,0,0,0,0,0,0,0,0,0,0,0,0,0,0,0,0,0,0,0,0,0,0,0,0,0,0,0,0,0,0,0,0,0,0,0,0,0,0,0,0,0,0,0,0,0,0,0,0,0,0,0,0,0,0,0,0,0,0,0,0,0,0,0,0,0,0,0,0,0,0,0,0,0,0,0,0,0,0,0,0,0,0,0,0,0,0,0,0,0,0,0,0,0,0,0,0,0,0,0,0,0,0
10078,1336.3913265190079,0,0,0,0,0,0,0,0,0,0,0,0,0,0,0,0,0,0,0,0,0,0,0,0,0,0,0,0,0,0,0,0,0,0,0,0,0,0,0,0,0,0,0,0,0,0,0,0,0,0,0,0,0,0,0,0,0,0,0,0,0,0,0,0,0,0,0,0,0,0,0,0,0,0,0,0,0,0,0,0,0,0,0,0,0,0,0,0,0,0,0,0,0,0,0,0,0,0,0,0,0,0,0,0,0,0,0,0,0,0,0,0,0,0,0,0,0,0,0,0,0,0,0,0,0,0,0,0,0,0,0,0,0,0,0,0,0,0,0,0,0,0,0,0,0,0,0,0,0,0,0,0
10079,5238.117206153471,0,0,0,0,0,0,0,0,0,0,0,0,0,0,0,0,0,0,0,0,0,0,0,0,0,0,0,0,0,0,0,0,0,0,0,0,0,0,0,0,0,0,0,0,0,0,0,0,0,0,0,0,0,0,0,0,0,0,0,0,0,0,0,0,0,0,0,0,0,0,0,0,0,0,0,0,0,0,0,0,0,0,0,0,0,0,0,0,0,0,0,0,0,0,0,0,0,0,0,0,0,0,0,0,0,0,0,0,0,0,0,0,0,0,0,0,0,0,0,0,0,0,0,0,0,0,0,0,0,0,0,0,0,0,0,0,0,0,0,0,0,0,0,0,0,0,0,0,0,0,0,0
10080,3173.563522186739,820.7539966351866,258.62220525828553,0,0,0,0,0,0,0,0,0,0,0,0,0,0,0,0,0,0,0,0,0,0,0,0,0,0,0,0,0,0,0,0,0,0,0,0,0,0,0,0,0,0,0,0,0,0,0,0,0,0,0,0,0,0,0,0,0,0,0,0,0,0,0,0,0,0,0,0,0,0,0,0,0,0,0,0,0,0,0,0,0,0,0,0,0,0,0,0,0,0,0,0,0,0,0,0,0,0,0,0,0,0,0,0,0,0,0,0,0,0,0,0,0,0,0,0,0,0,0,0,0,0,0,0,0,0,0,0,0,0,0,0,0,0,0,0,0,0,0,0,0,0,0,0,0,0,0,0,0,0
10081,6165.925186076284,549.4739490680938,89.11459878055287,0,0,0,0,0,0,0,0,0,0,0,0,0,0,0,0,0,0,0,0,0,0,0,0,0,0,0,0,0,0,0,0,0,0,0,0,0,0,0,7.0100917352232,7.0100917352232,7.0100917352232,22.601969803033583,22.601969803033583,22.601969803033583,22.601969803033583,22.601969803033583,22.601969803033583,22.601969803033583,22.601969803033583,22.601969803033583,22.601969803033583,22.601969803033583,22.601969803033583,22.601969803033583,22.601969803033583,22.601969803033583,22.601969803033583,22.601969803033583,22.601969803033583,22.601969803033583,22.601969803033583,22.601969803033583,22.601969803033583,22.601969803033583,22.601969803033583,22.601969803033583,22.601969803033583,22.601969803033583,22.601969803033583,22.601969803033583,22.601969803033583,22.601969803033583,22.601969803033583,22.601969803033583,0,0,0,0,0,0,0,0,0,0,0,0,0,0,0,0,0,0,0,0,0,0,0,0,0,0,0,0,0,0,0,0,0,0,0,0,0,0,0,1.1369083347059075,1.1369083347059075,1.1369083347059075,3.665625047490473,3.665625047490473,3.665625047490473,3.665625047490473,3.665625047490473,3.665625047490473,3.665625047490473,3.665625047490473,3.665625047490473,3.665625047490473,3.665625047490473,3.665625047490473,3.665625047490473,3.665625047490473,3.665625047490473,3.665625047490473,3.665625047490473,3.665625047490473,3.665625047490473,3.665625047490473,3.665625047490473,3.665625047490473,3.665625047490473,3.665625047490473,3.665625047490473,3.665625047490473,3.665625047490473,3.665625047490473,3.665625047490473,3.665625047490473,3.665625047490473,3.665625047490473,3.665625047490473
10082,2486.294751390643,0,0,0,0,0,0,0,0,0,0,0,0,0,0,0,0,0,0,0,0,0,0,0,0,0,0,0,0,0,0,0,0,0,0,0,0,0,0,0,0,0,0,0,0,0,0,0,0,0,0,0,0,0,0,0,0,0,0,0,0,0,0,0,0,0,0,0,0,0,0,0,0,0,0,0,0,0,0,0,0,0,0,0,0,0,0,0,0,0,0,0,0,0,0,0,0,0,0,0,0,0,0,0,0,0,0,0,0,0,0,0,0,0,0,0,0,0,0,0,0,0,0,0,0,0,0,0,0,0,0,0,0,0,0,0,0,0,0,0,0,0,0,0,0,0,0,0,0,0,0,0,0
10083,2391.682043704518,0,0,0,0,0,0,0,0,0,0,0,0,0,0,0,0,0,0,0,0,0,0,0,0,0,0,0,0,0,0,0,0,0,0,0,0,0,0,0,0,0,0,0,0,0,0,0,0,0,0,0,0,0,0,0,0,0,0,0,0,0,0,0,0,0,0,0,0,0,0,0,0,0,0,0,0,0,0,0,0,0,0,0,0,0,0,0,0,0,0,0,0,0,0,0,0,0,0,0,0,0,0,0,0,0,0,0,0,0,0,0,0,0,0,0,0,0,0,0,0,0,0,0,0,0,0,0,0,0,0,0,0,0,0,0,0,0,0,0,0,0,0,0,0,0,0,0,0,0,0,0,0
10084,256.6321886132822,0,0,0,0,0,0,0,0,0,0,0,0,0,0,0,0,0,0,0,0,0,0,0,0,0,0,0,0,0,0,0,0,0,0,0,0,0,0,0,0,0,0,0,0,0,0,0,0,0,0,0,0,0,0,0,0,0,0,0,0,0,0,0,0,0,0,0,0,0,0,0,0,0,0,0,0,0,0,0,0,0,0,0,0,0,0,0,0,0,0,0,0,0,0,0,0,0,0,0,0,0,0,0,0,0,0,0,0,0,0,0,0,0,0,0,0,0,0,0,0,0,0,0,0,0,0,0,0,0,0,0,0,0,0,0,0,0,0,0,0,0,0,0,0,0,0,0,0,0,0,0,0
10085,4398.735926785295,0,0,0,0,0,0,0,0,0,0,0,0,0,0,0,0,0,0,0,0,0,0,0,0,0,0,0,0,0,0,0,0,0,0,0,0,0,0,0,0,0,0,0,0,0,0,0,0,0,0,0,0,0,0,0,0,0,0,0,0,0,0,0,0,0,0,0,0,0,0,0,0,0,0,0,0,0,0,0,0,0,0,0,0,0,0,0,0,0,0,0,0,0,0,0,0,0,0,0,0,0,0,0,0,0,0,0,0,0,0,0,0,0,0,0,0,0,0,0,0,0,0,0,0,0,0,0,0,0,0,0,0,0,0,0,0,0,0,0,0,0,0,0,0,0,0,0,0,0,0,0,0
10086,9655.08789873112,0,0,0,0,0,0,0,0,0,0,0,0,0,0,0,0,0,0,0,0,0,0,0,0,0,0,0,0,0,0,0,0,0,0,0,0,0,0,0,0,0,0,0,0,0,0,0,0,0,0,0,0,0,0,0,0,0,0,0,0,0,0,0,0,0,0,0,0,0,0,0,0,0,0,0,0,0,0,0,0,0,0,0,0,0,0,0,0,0,0,0,0,0,0,0,0,0,0,0,0,0,0,0,0,0,0,0,0,0,0,0,0,0,0,0,0,0,0,0,0,0,0,0,0,0,0,0,0,0,0,0,0,0,0,0,0,0,0,0,0,0,0,0,0,0,0,0,0,0,0,0,0
10087,2144.1240817470502,843.8456391456442,393.56194276689047,0,0,0,0,0,0,0,0,28.92253376753012,28.92253376753012,41.07262439026891,41.07262439026891,47.00636276753334,47.00636276753334,47.00636276753334,47.00636276753334,47.00636276753334,47.00636276753334,47.00636276753334,47.00636276753334,47.00636276753334,47.00636276753334,47.00636276753334,47.00636276753334,47.00636276753334,47.00636276753334,47.00636276753334,47.00636276753334,51.878393642883,51.878393642883,51.878393642883,51.878393642883,51.878393642883,51.878393642883,51.878393642883,51.878393642883,51.878393642883,51.878393642883,51.878393642883,51.878393642883,51.878393642883,51.878393642883,51.878393642883,51.878393642883,51.878393642883,51.878393642883,51.878393642883,51.878393642883,51.878393642883,51.878393642883,51.878393642883,51.878393642883,51.878393642883,51.878393642883,51.878393642883,51.878393642883,51.878393642883,51.878393642883,51.878393642883,51.878393642883,51.878393642883,51.878393642883,51.878393642883,51.878393642883,51.878393642883,51.878393642883,51.878393642883,51.878393642883,51.878393642883,51.878393642883,51.878393642883,51.878393642883,51.878393642883,51.878393642883,51.878393642883,0,0,0,0,0,0,0,0,13.489207091020496,13.489207091020496,19.155899017188684,19.155899017188684,21.92334070947618,21.92334070947618,21.92334070947618,21.92334070947618,21.92334070947618,21.92334070947618,21.92334070947618,21.92334070947618,21.92334070947618,21.92334070947618,21.92334070947618,21.92334070947618,21.92334070947618,21.92334070947618,21.92334070947618,21.92334070947618,24.19561166469995,24.19561166469995,24.19561166469995,24.19561166469995,24.19561166469995,24.19561166469995,24.19561166469995,24.19561166469995,24.19561166469995,24.19561166469995,24.19561166469995,24.19561166469995,24.19561166469995,24.19561166469995,24.19561166469995,24.19561166469995,24.19561166469995,24.19561166469995,24.19561166469995,24.19561166469995,24.19561166469995,24.19561166469995,24.19561166469995,24.19561166469995,24.19561166469995,24.19561166469995,24.19561166469995,24.19561166469995,24.19561166469995,24.19561166469995,24.19561166469995,24.19561166469995,24.19561166469995,24.19561166469995,24.19561166469995,24.19561166469995,24.19561166469995,24.19561166469995,24.19561166469995,24.19561166469995,24.19561166469995,24.19561166469995,24.19561166469995,24.19561166469995,24.19561166469995,24.19561166469995,24.19561166469995
10088,648.0599444206023,0,0,0,0,0,0,0,0,0,0,0,0,0,0,0,0,0,0,0,0,0,0,0,0,0,0,0,0,0,0,0,0,0,0,0,0,0,0,0,0,0,0,0,0,0,0,0,0,0,0,0,0,0,0,0,0,0,0,0,0,0,0,0,0,0,0,0,0,0,0,0,0,0,0,0,0,0,0,0,0,0,0,0,0,0,0,0,0,0,0,0,0,0,0,0,0,0,0,0,0,0,0,0,0,0,0,0,0,0,0,0,0,0,0,0,0,0,0,0,0,0,0,0,0,0,0,0,0,0,0,0,0,0,0,0,0,0,0,0,0,0,0,0,0,0,0,0,0,0,0,0,0
10089,416.04744573914763,0,0,0,0,0,20.56425855856576,20.56425855856576,20.56425855856576,20.56425855856576,20.56425855856576,20.56425855856576,20.56425855856576,20.56425855856576,20.56425855856576,20.56425855856576,20.56425855856576,20.56425855856576,20.56425855856576,20.56425855856576,20.56425855856576,20.56425855856576,20.56425855856576,20.56425855856576,20.56425855856576,20.56425855856576,20.56425855856576,20.56425855856576,20.56425855856576,20.56425855856576,20.56425855856576,20.56425855856576,20.56425855856576,20.56425855856576,20.56425855856576,20.56425855856576,20.56425855856576,20.56425855856576,20.56425855856576,20.56425855856576,20.56425855856576,20.56425855856576,20.56425855856576,20.56425855856576,20.56425855856576,20.56425855856576,20.56425855856576,20.56425855856576,20.56425855856576,20.56425855856576,20.56425855856576,20.56425855856576,20.56425855856576,20.56425855856576,20.56425855856576,20.56425855856576,20.56425855856576,20.56425855856576,20.56425855856576,20.56425855856576,20.56425855856576,20.56425855856576,20.56425855856576,20.56425855856576,20.56425855856576,20.56425855856576,20.56425855856576,20.56425855856576,20.56425855856576,20.56425855856576,20.56425855856576,20.56425855856576,20.56425855856576,20.56425855856576,20.56425855856576,20.56425855856576,20.56425855856576,20.56425855856576,0,0,0,49.42767650461454,49.42767650461454,49.42767650461454,49.42767650461454,49.42767650461454,49.42767650461454,49.42767650461454,49.42767650461454,49.42767650461454,49.42767650461454,49.42767650461454,49.42767650461454,49.42767650461454,49.42767650461454,49.42767650461454,49.42767650461454,49.42767650461454,49.42767650461454,49.42767650461454,49.42767650461454,49.42767650461454,49.42767650461454,49.42767650461454,49.42767650461454,49.42767650461454,49.42767650461454,49.42767650461454,49.42767650461454,49.42767650461454,49.42767650461454,49.42767650461454,49.42767650461454,49.42767650461454,49.42767650461454,49.42767650461454,49.42767650461454,49.42767650461454,49.42767650461454,49.42767650461454,49.42767650461454,49.42767650461454,49.42767650461454,49.42767650461454,49.42767650461454,49.42767650461454,49.42767650461454,49.42767650461454,49.42767650461454,49.42767650461454,49.42767650461454,49.42767650461454,49.42767650461454,49.42767650461454,49.42767650461454,49.42767650461454,49.42767650461454,49.42767650461454,49.42767650461454,49.42767650461454,49.42767650461454,49.42767650461454,49.42767650461454,49.42767650461454,49.42767650461454,49.42767650461454,49.42767650461454,49.42767650461454,49.42767650461454,49.42767650461454,49.42767650461454,49.42767650461454,49.42767650461454
10090,603.6685998740445,0,0,0,0,0,0,0,0,0,0,0,0,0,0,0,0,0,0,0,0,0,0,0,0,0,0,0,0,0,0,0,0,0,0,0,0,0,0,0,0,0,0,0,0,0,0,0,0,0,0,0,0,0,0,0,0,0,0,0,0,0,0,0,0,0,0,0,0,0,0,0,0,0,0,0,0,0,0,0,0,0,0,0,0,0,0,0,0,0,0,0,0,0,0,0,0,0,0,0,0,0,0,0,0,0,0,0,0,0,0,0,0,0,0,0,0,0,0,0,0,0,0,0,0,0,0,0,0,0,0,0,0,0,0,0,0,0,0,0,0,0,0,0,0,0,0,0,0,0,0,0,0
10091,3003.4318230818917,18.93223657870157,6.303534654325783,0,0,0,0,0,0,0,0,0,0,0,0,0,0,0,0,0,0,0,0,0,0,0,0,0,0,0,0,0,0,0,0,0,0,0,0,0,0,0,0,0,0,0,0,0,0,0,0,0,0,0,0,0,0,0,0,0,0,0,0,0,0,0,0,0,0,0,0,0,0,0,0,0,0,0,0,0,0,0,0,0,0,0,0,0,0,0,0,0,0,0,0,0,0,0,0,0,0,0,0,0,0,0,0,0,0,0,0,0,0,0,0,0,0,0,0,0,0,0,0,0,0,0,0,0,0,0,0,0,0,0,0,0,0,0,0,0,0,0,0,0,0,0,0,0,0,0,0,0,0
10092,1243.7550904620027,0,0,0,0,0,0,0,0,0,0,0,0,0,0,0,0,0,0,0,0,0,0,0,0,0,0,0,0,0,0,0,0,0,0,0,0,0,0,0,0,0,0,0,0,0,0,0,0,0,0,0,0,0,0,0,0,0,0,0,0,0,0,0,0,0,0,0,0,0,0,0,0,0,0,0,0,0,0,0,0,0,0,0,0,0,0,0,0,0,0,0,0,0,0,0,0,0,0,0,0,0,0,0,0,0,0,0,0,0,0,0,0,0,0,0,0,0,0,0,0,0,0,0,0,0,0,0,0,0,0,0,0,0,0,0,0,0,0,0,0,0,0,0,0,0,0,0,0,0,0,0,0
10093,128.45778167367766,37.74115413205847,293.80200747925596,0,0,0,0,0,0,0,0,0,0,0,0,0,0,0,0,0,0,0,0,0,0,0,0,0,0,0,0,0,0,0,0,0,0,0,0,0,0,0,0,0,0,0,0,0,0,0,0,0,0,0,0,0,0,0,0,0,0,0,0,0,0,0,0,0,0,0,0,0,0,0,0,0,0,0,0,0,0,0,0,0,0,0,0,0,0,0,0,0,0,0,0,0,0,0,0,0,0,0,0,0,0,0,0,0,0,0,0,0,0,0,0,0,0,0,0,0,0,0,0,0,0,0,0,0,0,0,0,0,0,0,0,0,0,0,0,0,0,0,0,0,0,0,0,0,0,0,0,0,0
10094,282.4930663481594,0,0,0,0,0,0,0,0,0,0,0,0,0,0,0,0,0,0,0,0,0,0,0,0,0,0,0,0,0,0,0,0,0,0,0,0,0,0,0,0,0,0,0,0,0,0,0,0,0,0,0,0,0,0,0,0,0,0,0,0,0,0,0,0,0,0,0,0,0,0,0,0,0,0,0,0,0,0,0,0,0,0,0,0,0,0,0,0,0,0,0,0,0,0,0,0,0,0,0,0,0,0,0,0,0,0,0,0,0,0,0,0,0,0,0,0,0,0,0,0,0,0,0,0,0,0,0,0,0,0,0,0,0,0,0,0,0,0,0,0,0,0,0,0,0,0,0,0,0,0,0,0
10095,10334.167087651394,0,0,0,0,0,0,0,0,0,0,0,0,0,0,0,0,0,0,0,0,0,0,0,0,0,0,0,0,0,0,0,0,0,0,0,0,0,0,0,0,0,0,0,0,0,0,0,0,0,0,0,0,0,0,0,0,0,0,0,0,0,0,0,0,0,0,0,0,0,0,0,0,0,0,0,0,0,0,0,0,0,0,0,0,0,0,0,0,0,0,0,0,0,0,0,0,0,0,0,0,0,0,0,0,0,0,0,0,0,0,0,0,0,0,0,0,0,0,0,0,0,0,0,0,0,0,0,0,0,0,0,0,0,0,0,0,0,0,0,0,0,0,0,0,0,0,0,0,0,0,0,0
10096,162.73936022609183,249.17755803395073,1531.1450019698452,0,0,0,0,0,0,3.1018617639265376,3.1018617639265376,3.1018617639265376,3.1018617639265376,3.1018617639265376,3.1018617639265376,3.1018617639265376,3.1018617639265376,3.1018617639265376,3.1018617639265376,3.1018617639265376,3.1018617639265376,3.1018617639265376,3.1018617639265376,3.1018617639265376,3.1018617639265376,3.1018617639265376,3.1018617639265376,3.1018617639265376,3.1018617639265376,3.1018617639265376,3.1018617639265376,3.1018617639265376,3.1018617639265376,3.1018617639265376,3.1018617639265376,3.1018617639265376,3.1018617639265376,3.1018617639265376,3.1018617639265376,3.1018617639265376,3.1018617639265376,3.1018617639265376,3.1018617639265376,3.1018617639265376,3.1018617639265376,23.34818623949733,23.34818623949733,23.34818623949733,23.34818623949733,23.34818623949733,23.34818623949733,23.34818623949733,23.34818623949733,23.34818623949733,23.34818623949733,23.34818623949733,23.34818623949733,23.34818623949733,23.34818623949733,23.34818623949733,23.34818623949733,23.34818623949733,23.34818623949733,23.34818623949733,23.34818623949733,23.34818623949733,23.34818623949733,23.34818623949733,23.34818623949733,23.34818623949733,23.34818623949733,23.34818623949733,23.34818623949733,23.34818623949733,23.34818623949733,23.34818623949733,23.34818623949733,23.34818623949733,0,0,0,0,0,0,19.06030452385433,19.06030452385433,19.06030452385433,19.06030452385433,19.06030452385433,19.06030452385433,19.06030452385433,19.06030452385433,19.06030452385433,19.06030452385433,19.06030452385433,19.06030452385433,19.06030452385433,19.06030452385433,19.06030452385433,19.06030452385433,19.06030452385433,19.06030452385433,19.06030452385433,19.06030452385433,19.06030452385433,19.06030452385433,19.06030452385433,19.06030452385433,19.06030452385433,19.06030452385433,19.06030452385433,19.06030452385433,19.06030452385433,19.06030452385433,19.06030452385433,19.06030452385433,19.06030452385433,19.06030452385433,19.06030452385433,19.06030452385433,143.46981705630387,143.46981705630387,143.46981705630387,143.46981705630387,143.46981705630387,143.46981705630387,143.46981705630387,143.46981705630387,143.46981705630387,143.46981705630387,143.46981705630387,143.46981705630387,143.46981705630387,143.46981705630387,143.46981705630387,143.46981705630387,143.46981705630387,143.46981705630387,143.46981705630387,143.46981705630387,143.46981705630387,143.46981705630387,143.46981705630387,143.46981705630387,143.46981705630387,143.46981705630387,143.46981705630387,143.46981705630387,143.46981705630387,143.46981705630387,143.46981705630387,143.46981705630387,143.46981705630387
10097,289.4716314436263,0,0,0,0,0,0,0,0,0,0,0,0,0,0,0,0,0,0,0,0,0,0,0,0,0,0,0,0,0,0,0,0,0,0,0,0,0,0,0,0,0,0,0,0,0,0,0,0,0,0,0,0,0,0,0,0,0,0,0,0,0,0,0,0,15.225907655502871,15.225907655502871,15.225907655502871,15.225907655502871,15.225907655502871,15.225907655502871,15.225907655502871,15.225907655502871,15.225907655502871,15.225907655502871,15.225907655502871,15.225907655502871,15.225907655502871,0,0,0,0,0,0,0,0,0,0,0,0,0,0,0,0,0,0,0,0,0,0,0,0,0,0,0,0,0,0,0,0,0,0,0,0,0,0,0,0,0,0,0,0,0,0,0,0,0,0,0,0,0,0,0,0,0,0,0,0,0,0,52.59896308170036,52.59896308170036,52.59896308170036,52.59896308170036,52.59896308170036,52.59896308170036,52.59896308170036,52.59896308170036,52.59896308170036,52.59896308170036,52.59896308170036,52.59896308170036,52.59896308170036
10098,1015.2430900049948,0,0,0,0,0,0,0,0,0,0,0,0,0,0,0,0,23.645828718218873,23.645828718218873,23.645828718218873,23.645828718218873,23.645828718218873,23.645828718218873,23.645828718218873,23.645828718218873,23.645828718218873,23.645828718218873,23.645828718218873,23.645828718218873,23.645828718218873,23.645828718218873,23.645828718218873,23.645828718218873,23.645828718218873,23.645828718218873,23.645828718218873,23.645828718218873,23.645828718218873,23.645828718218873,23.645828718218873,23.645828718218873,23.645828718218873,23.645828718218873,23.645828718218873,23.645828718218873,23.645828718218873,23.645828718218873,23.645828718218873,23.645828718218873,23.645828718218873,23.645828718218873,23.645828718218873,23.645828718218873,23.645828718218873,23.645828718218873,23.645828718218873,23.645828718218873,23.645828718218873,23.645828718218873,23.645828718218873,23.645828718218873,23.645828718218873,23.645828718218873,23.645828718218873,23.645828718218873,23.645828718218873,23.645828718218873,23.645828718218873,23.645828718218873,23.645828718218873,23.645828718218873,23.645828718218873,23.645828718218873,23.645828718218873,23.645828718218873,23.645828718218873,23.645828718218873,23.645828718218873,0,0,0,0,0,0,0,0,0,0,0,0,0,0,23.290804883097053,23.290804883097053,23.290804883097053,23.290804883097053,23.290804883097053,23.290804883097053,23.290804883097053,23.290804883097053,23.290804883097053,23.290804883097053,23.290804883097053,23.290804883097053,23.290804883097053,23.290804883097053,23.290804883097053,23.290804883097053,23.290804883097053,23.290804883097053,23.290804883097053,23.290804883097053,23.290804883097053,23.290804883097053,23.290804883097053,23.290804883097053,23.290804883097053,23.290804883097053,23.290804883097053,23.290804883097053,23.290804883097053,23.290804883097053,23.290804883097053,23.290804883097053,23.290804883097053,23.290804883097053,23.290804883097053,23.290804883097053,23.290804883097053,23.290804883097053,23.290804883097053,23.290804883097053,23.290804883097053,23.290804883097053,23.290804883097053,23.290804883097053,23.290804883097053,23.290804883097053,23.290804883097053,23.290804883097053,23.290804883097053,23.290804883097053,23.290804883097053,23.290804883097053,23.290804883097053,23.290804883097053,23.290804883097053,23.290804883097053,23.290804883097053,23.290804883097053,23.290804883097053,23.290804883097053,23.290804883097053
10099,117.98298948606865,44.96352920750579,381.10179614337585,0,0,0,0,0,0,0,0,0,0,0,0,0,0,0,0,0,0,0,0,0,0,0,0,0,0,0,0,0,0,0,0,0,0,0,0,0,0,0,0,0,0,0,0,0,0,0,0,0,0,0,0,0,0,0,0,0,0,0,0,0,0,0,0,0,0,0,0,0,0,0,0,0,0,0,0,0,0,0,0,0,0,0,0,0,0,0,0,0,0,0,0,0,0,0,0,0,0,0,0,0,0,0,0,0,0,0,0,0,0,0,0,0,0,0,0,0,0,0,0,0,0,0,0,0,0,0,0,0,0,0,0,0,0,0,0,0,0,0,0,0,0,0,0,0,0,0,0,0,0
10100,964.780016874115,0,0,0,0,0,0,0,0,0,0,0,0,0,0,0,0,0,0,0,0,0,0,0,0,0,0,0,0,0,0,0,0,0,0,0,0,0,0,0,0,0,0,0,0,0,0,0,0,0,0,0,0,0,0,0,0,0,0,0,0,0,0,0,0,0,0,0,0,0,0,0,0,0,0,0,0,0,0,0,0,0,0,0,0,0,0,0,0,0,0,0,0,0,0,0,0,0,0,0,0,0,0,0,0,0,0,0,0,0,0,0,0,0,0,0,0,0,0,0,0,0,0,0,0,0,0,0,0,0,0,0,0,0,0,0,0,0,0,0,0,0,0,0,0,0,0,0,0,0,0,0,0
10101,2227.0009733960774,0,0,0,0,0,0,0,0,0,0,0,0,0,0,0,0,0,0,0,0,0,0,0,0,0,0,0,0,0,0,0,0,0,0,0,0,0,0,0,0,0,0,0,0,0,0,0,0,0,0,0,0,0,0,0,0,0,0,0,0,0,8.422919398442561,8.422919398442561,8.422919398442561,8.422919398442561,8.422919398442561,8.422919398442561,8.422919398442561,8.422919398442561,8.422919398442561,8.422919398442561,8.422919398442561,8.422919398442561,8.422919398442561,8.422919398442561,8.422919398442561,8.422919398442561,0,0,0,0,0,0,0,0,0,0,0,0,0,0,0,0,0,0,0,0,0,0,0,0,0,0,0,0,0,0,0,0,0,0,0,0,0,0,0,0,0,0,0,0,0,0,0,0,0,0,0,0,0,0,0,0,0,0,0,3.782180384770099,3.782180384770099,3.782180384770099,3.782180384770099,3.782180384770099,3.782180384770099,3.782180384770099,3.782180384770099,3.782180384770099,3.782180384770099,3.782180384770099,3.782180384770099,3.782180384770099,3.782180384770099,3.782180384770099,3.782180384770099
10102,1044.955440802438,49.742352550503234,47.60236715194792,0,0,0,0,0,0,0,0,0,0,0,0,0,0,0,0,0,0,0,0,0,0,0,0,0,0,0,0,0,0,0,0,0,0,0,0,0,0,0,0,0,0,0,0,0,0,25.341093963154066,25.341093963154066,25.341093963154066,25.341093963154066,25.341093963154066,25.341093963154066,25.341093963154066,25.341093963154066,25.341093963154066,25.341093963154066,25.341093963154066,58.21227296038051,58.21227296038051,58.21227296038051,58.21227296038051,58.21227296038051,58.21227296038051,58.21227296038051,58.21227296038051,58.21227296038051,58.21227296038051,58.21227296038051,58.21227296038051,58.21227296038051,58.21227296038051,58.21227296038051,58.21227296038051,58.21227296038051,58.21227296038051,0,0,0,0,0,0,0,0,0,0,0,0,0,0,0,0,0,0,0,0,0,0,0,0,0,0,0,0,0,0,0,0,0,0,0,0,0,0,0,0,0,0,0,0,0,0,24.250884749395855,24.250884749395855,24.250884749395855,24.250884749395855,24.250884749395855,24.250884749395855,24.250884749395855,24.250884749395855,24.250884749395855,24.250884749395855,24.250884749395855,55.707899770040314,55.707899770040314,55.707899770040314,55.707899770040314,55.707899770040314,55.707899770040314,55.707899770040314,55.707899770040314,55.707899770040314,55.707899770040314,55.707899770040314,55.707899770040314,55.707899770040314,55.707899770040314,55.707899770040314,55.707899770040314,55.707899770040314,55.707899770040314
10103,347.759359142415,74.51088778286255,214.25990652446748,0,0,0,0,0,0,0,0,0,0,0,0,0,0,0,0,0,0,0,0,0,0,0,0,0,0,0,0,0,0,0,0,0,0,0,0,0,0,0,0,0,0,0,0,0,0,0,0,0,0,0,0,0,0,0,0,0,0,0,0,0,0,0,0,0,0,0,0,0,0,0,0,0,0,0,0,0,0,0,0,0,0,0,0,0,0,0,0,0,0,0,0,0,0,0,0,0,0,0,0,0,0,0,0,0,0,0,0,0,0,0,0,0,0,0,0,0,0,0,0,0,0,0,0,0,0,0,0,0,0,0,0,0,0,0,0,0,0,0,0,0,0,0,0,0,0,0,0,0,0
10104,536.535791549636,0,0,0,0,0,0,0,0,0,0,0,0,0,0,0,0,0,0,0,0,0,0,0,0,0,0,0,0,0,0,0,0,0,0,0,0,0,0,0,0,0,0,0,0,0,0,0,0,0,0,0,0,0,0,0,0,0,0,0,0,0,0,0,0,0,0,0,0,0,0,0,0,0,0,0,0,0,0,0,0,0,0,0,0,0,0,0,0,0,0,0,0,0,0,0,0,0,0,0,0,0,0,0,0,0,0,0,0,0,0,0,0,0,0,0,0,0,0,0,0,0,0,0,0,0,0,0,0,0,0,0,0,0,0,0,0,0,0,0,0,0,0,0,0,0,0,0,0,0,0,0,0
10105,3452.7632373881306,0,0,0,0,0,0,0,0,0,0,0,0,0,0,0,0,0,0,0,0,0,0,0,0,0,0,0,0,0,0,0,0,0,0,0,0,0,0,0,0,0,0,0,0,0,0,0,0,0,0,0,0,0,0,0,0,0,0,0,0,0,0,0,0,0,0,0,0,0,0,0,0,0,0,0,0,0,0,0,0,0,0,0,0,0,0,0,0,0,0,0,0,0,0,0,0,0,0,0,0,0,0,0,0,0,0,0,0,0,0,0,0,0,0,0,0,0,0,0,0,0,0,0,0,0,0,0,0,0,0,0,0,0,0,0,0,0,0,0,0,0,0,0,0,0,0,0,0,0,0,0,0
10106,882.9413355093226,0,0,0,0,0,0,0,0,0,0,0,0,0,0,0,0,0,0,0,0,0,0,0,0,0,0,0,0,0,0,0,0,0,0,0,0,0,0,0,0,0,0,0,0,0,0,0,0,0,0,0,0,0,0,0,0,0,0,0,0,0,0,0,0,0,0,0,0,0,0,0,0,0,0,0,0,0,0,0,0,0,0,0,0,0,0,0,0,0,0,0,0,0,0,0,0,0,0,0,0,0,0,0,0,0,0,0,0,0,0,0,0,0,0,0,0,0,0,0,0,0,0,0,0,0,0,0,0,0,0,0,0,0,0,0,0,0,0,0,0,0,0,0,0,0,0,0,0,0,0,0,0
10107,21709.20249599474,0,0,0,0,0,0,0,0,0,0,0,0,0,0,0,0,0,0,0,0,0,0,0,0,0,0,0,0,0,0,0,0,0,0,0,0,0,0,0,0,0,0,0,0,0,0,0,0,0,0,0,0,0,0,0,0,0,0,0,0,0,0,0,0,0,0,0,0,0,0,0,0,0,0,0,0,0,0,0,0,0,0,0,0,0,0,0,0,0,0,0,0,0,0,0,0,0,0,0,0,0,0,0,0,0,0,0,0,0,0,0,0,0,0,0,0,0,0,0,0,0,0,0,0,0,0,0,0,0,0,0,0,0,0,0,0,0,0,0,0,0,0,0,0,0,0,0,0,0,0,0,0
10108,7207.0849198498445,0,0,0,0,0,0,0,0,0,0,0,0,0,0,0,0,0,0,0,0,0,0,0,0,0,0,0,0,0,0,0,0,0,0,0,0,0,0,0,0,0,0,0,0,0,0,0,0,0,0,0,0,0,0,0,0,0,0,0,0,0,0,0,0,0,0,0,0,0,0,0,0,0,0,0,0,0,0,0,0,0,0,0,0,0,0,0,0,0,0,0,0,0,0,0,0,0,0,0,0,0,0,0,0,0,0,0,0,0,0,0,0,0,0,0,0,0,0,0,0,0,0,0,0,0,0,0,0,0,0,0,0,0,0,0,0,0,0,0,0,0,0,0,0,0,0,0,0,0,0,0,0
10109,161.93443577295588,0,0,0,0,0,0,0,0,0,0,0,0,0,0,0,0,0,0,0,0,0,0,0,0,0,0,0,0,0,0,0,0,0,0,0,0,0,0,0,0,0,0,0,0,0,0,0,0,0,0,0,0,0,0,0,0,0,0,0,0,0,0,0,0,0,0,0,0,0,0,0,0,0,0,0,0,0,0,0,0,0,0,0,0,0,0,0,0,0,0,0,0,0,0,0,0,0,0,0,0,0,0,0,0,0,0,0,0,0,0,0,0,0,0,0,0,0,0,0,0,0,0,0,0,0,0,0,0,0,0,0,0,0,0,0,0,0,0,0,0,0,0,0,0,0,0,0,0,0,0,0,0
10110,607.2908114010082,0,0,0,0,0,0,0,0,0,0,0,0,0,0,0,0,0,0,0,0,0,0,0,0,0,0,0,0,0,0,0,0,0,0,0,0,0,0,0,0,0,0,0,0,0,0,0,0,0,0,0,0,0,0,0,0,0,0,0,0,0,0,0,0,0,0,0,0,0,0,0,0,0,0,0,0,0,0,0,0,0,0,0,0,0,0,0,0,0,0,0,0,0,0,0,0,0,0,0,0,0,0,0,0,0,0,0,0,0,0,0,0,0,0,0,0,0,0,0,0,0,0,0,0,0,0,0,0,0,0,0,0,0,0,0,0,0,0,0,0,0,0,0,0,0,0,0,0,0,0,0,0
10111,1051.6101565417005,0,0,0,0,0,0,0,0,0,0,0,0,0,0,0,0,0,0,0,0,0,0,0,0,0,0,0,0,0,0,0,0,0,0,0,0,0,0,0,0,0,0,0,0,0,0,0,0,0,0,0,0,0,0,0,0,0,0,0,0,0,0,0,0,0,0,0,0,0,0,0,0,0,0,0,0,0,0,0,0,0,0,0,0,0,0,0,0,0,0,0,0,0,0,0,0,0,0,0,0,0,0,0,0,0,0,0,0,0,0,0,0,0,0,0,0,0,0,0,0,0,0,0,0,0,0,0,0,0,0,0,0,0,0,0,0,0,0,0,0,0,0,0,0,0,0,0,0,0,0,0,0
10112,146.00234093103953,0.2566543377492594,1.757878237517325,0,0,0,0,0,0,0,0,24.34215271653395,24.34215271653395,24.34215271653395,24.34215271653395,24.34215271653395,24.34215271653395,24.34215271653395,24.34215271653395,24.34215271653395,24.34215271653395,24.34215271653395,24.34215271653395,24.34215271653395,24.34215271653395,24.34215271653395,24.34215271653395,24.34215271653395,24.34215271653395,24.34215271653395,24.34215271653395,24.34215271653395,24.34215271653395,24.34215271653395,24.34215271653395,24.34215271653395,24.34215271653395,24.34215271653395,24.34215271653395,24.34215271653395,24.34215271653395,24.34215271653395,24.34215271653395,24.34215271653395,24.34215271653395,24.34215271653395,24.34215271653395,24.34215271653395,24.34215271653395,24.34215271653395,24.34215271653395,24.34215271653395,24.34215271653395,24.34215271653395,24.34215271653395,24.34215271653395,24.34215271653395,24.34215271653395,24.34215271653395,24.34215271653395,24.34215271653395,24.34215271653395,24.34215271653395,24.34215271653395,24.34215271653395,24.34215271653395,24.34215271653395,24.34215271653395,24.34215271653395,24.34215271653395,24.34215271653395,24.34215271653395,24.34215271653395,24.34215271653395,24.34215271653395,24.34215271653395,24.34215271653395,24.34215271653395,0,0,0,0,0,0,0,0,166.7244001795241,166.7244001795241,166.7244001795241,166.7244001795241,166.7244001795241,166.7244001795241,166.7244001795241,166.7244001795241,166.7244001795241,166.7244001795241,166.7244001795241,166.7244001795241,166.7244001795241,166.7244001795241,166.7244001795241,166.7244001795241,166.7244001795241,166.7244001795241,166.7244001795241,166.7244001795241,166.7244001795241,166.7244001795241,166.7244001795241,166.7244001795241,166.7244001795241,166.7244001795241,166.7244001795241,166.7244001795241,166.7244001795241,166.7244001795241,166.7244001795241,166.7244001795241,166.7244001795241,166.7244001795241,166.7244001795241,166.7244001795241,166.7244001795241,166.7244001795241,166.7244001795241,166.7244001795241,166.7244001795241,166.7244001795241,166.7244001795241,166.7244001795241,166.7244001795241,166.7244001795241,166.7244001795241,166.7244001795241,166.7244001795241,166.7244001795241,166.7244001795241,166.7244001795241,166.7244001795241,166.7244001795241,166.7244001795241,166.7244001795241,166.7244001795241,166.7244001795241,166.7244001795241,166.7244001795241,166.7244001795241,166.7244001795241,166.7244001795241,166.7244001795241,166.7244001795241,166.7244001795241,166.7244001795241
10113,6074.675803539743,56.61408228110077,9.319687850355974,0,0,0,0,0,0,0,0,0,0,0,0,0,0,0,0,0,0,0,0,0,0,0,0,0,0,0,0,0,0,0,0,0,0,0,0,0,0,0,0,0,0,0,0,0,0,0,0,0,0,0,0,0,0,0,0,0,0,0,0,0,0,0,0,0,0,0,0,0,0,0,0,0,0,0,0,0,0,0,0,0,0,0,0,0,0,0,0,0,0,0,0,0,0,0,0,0,0,0,0,0,0,0,0,0,0,0,0,0,0,0,0,0,0,0,0,0,0,0,0,0,0,0,0,0,0,0,0,0,0,0,0,0,0,0,0,0,0,0,0,0,0,0,0,0,0,0,0,0,0
10114,445.108995938639,0,0,0,0,0,0,0,0,0,0,0,0,0,0,0,0,0,0,0,0,0,0,0,0,0,0,0,0,0,0,0,0,0,0,0,0,0,0,0,0,0,0,0,0,0,0,0,0,0,0,0,0,0,0,0,0,0,0,0,0,0,0,0,0,0,0,0,0,0,0,0,0,0,0,0,0,0,0,0,0,0,0,0,0,0,0,0,0,0,0,0,0,0,0,0,0,0,0,0,0,0,0,0,0,0,0,0,0,0,0,0,0,0,0,0,0,0,0,0,0,0,0,0,0,0,0,0,0,0,0,0,0,0,0,0,0,0,0,0,0,0,0,0,0,0,0,0,0,0,0,0,0
10115,677.6118248742716,0,0,0,0,0,0,0,0,0,0,0,0,0,0,0,0,0,0,0,0,0,0,0,0,0,0,0,0,0,0,0,0,0,0,0,0,0,0,0,0,0,0,0,0,0,0,0,0,0,0,0,0,0,0,0,0,0,0,0,0,0,0,0,0,0,0,0,0,0,0,0,0,0,0,0,0,0,0,0,0,0,0,0,0,0,0,0,0,0,0,0,0,0,0,0,0,0,0,0,0,0,0,0,0,0,0,0,0,0,0,0,0,0,0,0,0,0,0,0,0,0,0,0,0,0,0,0,0,0,0,0,0,0,0,0,0,0,0,0,0,0,0,0,0,0,0,0,0,0,0,0,0
10116,84.73774917730009,5.735839961067367,67.68931222218384,0,0,0,0,0,0,0,0,0,0,0,0,0,0,0,0,0,0,0,0,0,0,0,0,0,0,0,0,0,0,0,0,0,0,0,0,0,0,0,0,0,0,0,0,0,0,0,0,0,0,0,0,0,0,0,0,0,0,0,0,0,0,4.119571084245992,4.119571084245992,4.119571084245992,4.119571084245992,4.119571084245992,4.119571084245992,4.119571084245992,4.119571084245992,4.119571084245992,4.119571084245992,4.119571084245992,4.119571084245992,4.119571084245992,0,0,0,0,0,0,0,0,0,0,0,0,0,0,0,0,0,0,0,0,0,0,0,0,0,0,0,0,0,0,0,0,0,0,0,0,0,0,0,0,0,0,0,0,0,0,0,0,0,0,0,0,0,0,0,0,0,0,0,0,0,0,48.615535864971505,48.615535864971505,48.615535864971505,48.615535864971505,48.615535864971505,48.615535864971505,48.615535864971505,48.615535864971505,48.615535864971505,48.615535864971505,48.615535864971505,48.615535864971505,48.615535864971505
10117,193.02735688056754,0,0,0,0,0,0,0,0,0,0,0,0,0,0,0,0,0,0,0,0,0,0,0,0,0,0,0,0,0,0,0,0,0,0,0,0,0,0,0,0,0,0,0,0,0,0,0,0,0,0,0,0,0,0,0,0,0,0,0,0,0,0,0,0,0,0,0,0,0,0,0,0,0,0,0,0,0,0,0,0,0,0,0,0,0,0,0,0,0,0,0,0,0,0,0,0,0,0,0,0,0,0,0,0,0,0,0,0,0,0,0,0,0,0,0,0,0,0,0,0,0,0,0,0,0,0,0,0,0,0,0,0,0,0,0,0,0,0,0,0,0,0,0,0,0,0,0,0,0,0,0,0
10118,3254.518875991778,0,0,0,0,0,0,0,0,0,0,0,0,0,0,0,0,0,0,0,0,0,0,0,0,0,0,0,0,0,0,0,0,0,0,0,0,0,0,0,0,0,0,0,0,0,0,0,0,0,0,0,0,0,0,0,0,0,0,0,0,0,0,0,0,0,0,0,0,0,0,0,0,0,0,0,0,0,0,0,0,0,0,0,0,0,0,0,0,0,0,0,0,0,0,0,0,0,0,0,0,0,0,0,0,0,0,0,0,0,0,0,0,0,0,0,0,0,0,0,0,0,0,0,0,0,0,0,0,0,0,0,0,0,0,0,0,0,0,0,0,0,0,0,0,0,0,0,0,0,0,0,0
10119,1214.167241199503,0,0,0,0,0,0,0,0,0,0,0,0,0,0,0,0,146.63253745150814,146.63253745150814,146.63253745150814,146.63253745150814,146.63253745150814,146.63253745150814,146.63253745150814,146.63253745150814,146.63253745150814,146.63253745150814,146.63253745150814,146.63253745150814,146.63253745150814,146.63253745150814,146.63253745150814,146.63253745150814,146.63253745150814,146.63253745150814,146.63253745150814,146.63253745150814,146.63253745150814,146.63253745150814,146.63253745150814,146.63253745150814,146.63253745150814,146.63253745150814,146.63253745150814,146.63253745150814,146.63253745150814,146.63253745150814,146.63253745150814,146.63253745150814,146.63253745150814,146.63253745150814,146.63253745150814,146.63253745150814,146.63253745150814,146.63253745150814,146.63253745150814,146.63253745150814,146.63253745150814,146.63253745150814,146.63253745150814,146.63253745150814,146.63253745150814,146.63253745150814,146.63253745150814,146.63253745150814,146.63253745150814,146.63253745150814,146.63253745150814,146.63253745150814,146.63253745150814,146.63253745150814,146.63253745150814,146.63253745150814,146.63253745150814,146.63253745150814,146.63253745150814,146.63253745150814,146.63253745150814,0,0,0,0,0,0,0,0,0,0,0,0,0,0,120.76799017130999,120.76799017130999,120.76799017130999,120.76799017130999,120.76799017130999,120.76799017130999,120.76799017130999,120.76799017130999,120.76799017130999,120.76799017130999,120.76799017130999,120.76799017130999,120.76799017130999,120.76799017130999,120.76799017130999,120.76799017130999,120.76799017130999,120.76799017130999,120.76799017130999,120.76799017130999,120.76799017130999,120.76799017130999,120.76799017130999,120.76799017130999,120.76799017130999,120.76799017130999,120.76799017130999,120.76799017130999,120.76799017130999,120.76799017130999,120.76799017130999,120.76799017130999,120.76799017130999,120.76799017130999,120.76799017130999,120.76799017130999,120.76799017130999,120.76799017130999,120.76799017130999,120.76799017130999,120.76799017130999,120.76799017130999,120.76799017130999,120.76799017130999,120.76799017130999,120.76799017130999,120.76799017130999,120.76799017130999,120.76799017130999,120.76799017130999,120.76799017130999,120.76799017130999,120.76799017130999,120.76799017130999,120.76799017130999,120.76799017130999,120.76799017130999,120.76799017130999,120.76799017130999,120.76799017130999,120.76799017130999
10120,1297.1040149734408,0,0,0,0,0,0,0,0,0,0,0,0,0,0,0,0,33.2905221426353,33.2905221426353,33.2905221426353,33.2905221426353,33.2905221426353,33.2905221426353,33.2905221426353,33.2905221426353,33.2905221426353,33.2905221426353,33.2905221426353,33.2905221426353,33.2905221426353,33.2905221426353,33.2905221426353,69.27811705332304,69.27811705332304,69.27811705332304,69.27811705332304,69.27811705332304,69.27811705332304,69.27811705332304,69.27811705332304,69.27811705332304,69.27811705332304,69.27811705332304,69.27811705332304,69.27811705332304,69.27811705332304,69.27811705332304,69.27811705332304,69.27811705332304,69.27811705332304,69.27811705332304,69.27811705332304,69.27811705332304,69.27811705332304,69.27811705332304,69.27811705332304,69.27811705332304,69.27811705332304,69.27811705332304,69.27811705332304,69.27811705332304,69.27811705332304,69.27811705332304,69.27811705332304,69.27811705332304,69.27811705332304,69.27811705332304,69.27811705332304,69.27811705332304,69.27811705332304,69.27811705332304,69.27811705332304,69.27811705332304,69.27811705332304,69.27811705332304,69.27811705332304,69.27811705332304,69.27811705332304,0,0,0,0,0,0,0,0,0,0,0,0,0,0,25.66526798031455,25.66526798031455,25.66526798031455,25.66526798031455,25.66526798031455,25.66526798031455,25.66526798031455,25.66526798031455,25.66526798031455,25.66526798031455,25.66526798031455,25.66526798031455,25.66526798031455,25.66526798031455,25.66526798031455,53.409839344874406,53.409839344874406,53.409839344874406,53.409839344874406,53.409839344874406,53.409839344874406,53.409839344874406,53.409839344874406,53.409839344874406,53.409839344874406,53.409839344874406,53.409839344874406,53.409839344874406,53.409839344874406,53.409839344874406,53.409839344874406,53.409839344874406,53.409839344874406,53.409839344874406,53.409839344874406,53.409839344874406,53.409839344874406,53.409839344874406,53.409839344874406,53.409839344874406,53.409839344874406,53.409839344874406,53.409839344874406,53.409839344874406,53.409839344874406,53.409839344874406,53.409839344874406,53.409839344874406,53.409839344874406,53.409839344874406,53.409839344874406,53.409839344874406,53.409839344874406,53.409839344874406,53.409839344874406,53.409839344874406,53.409839344874406,53.409839344874406,53.409839344874406,53.409839344874406,53.409839344874406
10121,2728.8336095182926,0,0,0,0,0,0,0,0,0,0,0,0,0,0,0,0,0,0,0,0,0,0,0,0,0,0,0,0,0,0,0,0,0,0,0,0,0,0,0,0,0,0,0,0,0,0,0,0,0,0,0,0,0,0,0,0,0,0,0,0,0,0,0,0,0,0,0,0,0,0,0,0,0,0,0,0,0,0,0,0,0,0,0,0,0,0,0,0,0,0,0,0,0,0,0,0,0,0,0,0,0,0,0,0,0,0,0,0,0,0,0,0,0,0,0,0,0,0,0,0,0,0,0,0,0,0,0,0,0,0,0,0,0,0,0,0,0,0,0,0,0,0,0,0,0,0,0,0,0,0,0,0
10122,1336.6369188654057,709.6872965572246,530.9499435042071,0,0,0,0,0,0,4.421159522927543,4.421159522927543,4.421159522927543,4.421159522927543,4.421159522927543,4.421159522927543,4.421159522927543,4.421159522927543,4.421159522927543,4.421159522927543,4.421159522927543,4.421159522927543,4.421159522927543,4.421159522927543,4.421159522927543,4.421159522927543,4.421159522927543,4.421159522927543,4.421159522927543,4.421159522927543,4.421159522927543,4.421159522927543,4.421159522927543,4.421159522927543,4.421159522927543,4.421159522927543,4.421159522927543,4.421159522927543,4.421159522927543,4.421159522927543,4.421159522927543,4.421159522927543,4.421159522927543,4.421159522927543,4.421159522927543,4.421159522927543,4.421159522927543,4.421159522927543,4.421159522927543,4.421159522927543,4.421159522927543,4.421159522927543,4.421159522927543,4.421159522927543,4.421159522927543,4.421159522927543,4.421159522927543,4.421159522927543,4.421159522927543,4.421159522927543,4.421159522927543,4.421159522927543,4.421159522927543,4.421159522927543,4.421159522927543,4.421159522927543,4.421159522927543,4.421159522927543,4.421159522927543,4.421159522927543,4.421159522927543,4.421159522927543,4.421159522927543,4.421159522927543,4.421159522927543,4.421159522927543,4.421159522927543,4.421159522927543,4.421159522927543,0,0,0,0,0,0,3.307674253588934,3.307674253588934,3.307674253588934,3.307674253588934,3.307674253588934,3.307674253588934,3.307674253588934,3.307674253588934,3.307674253588934,3.307674253588934,3.307674253588934,3.307674253588934,3.307674253588934,3.307674253588934,3.307674253588934,3.307674253588934,3.307674253588934,3.307674253588934,3.307674253588934,3.307674253588934,3.307674253588934,3.307674253588934,3.307674253588934,3.307674253588934,3.307674253588934,3.307674253588934,3.307674253588934,3.307674253588934,3.307674253588934,3.307674253588934,3.307674253588934,3.307674253588934,3.307674253588934,3.307674253588934,3.307674253588934,3.307674253588934,3.307674253588934,3.307674253588934,3.307674253588934,3.307674253588934,3.307674253588934,3.307674253588934,3.307674253588934,3.307674253588934,3.307674253588934,3.307674253588934,3.307674253588934,3.307674253588934,3.307674253588934,3.307674253588934,3.307674253588934,3.307674253588934,3.307674253588934,3.307674253588934,3.307674253588934,3.307674253588934,3.307674253588934,3.307674253588934,3.307674253588934,3.307674253588934,3.307674253588934,3.307674253588934,3.307674253588934,3.307674253588934,3.307674253588934,3.307674253588934,3.307674253588934,3.307674253588934,3.307674253588934
10123,1065.9109223863295,0,0,0,0,0,0,0,0,0,0,0,0,0,0,0,0,0,0,0,0,0,0,0,0,0,0,0,0,0,0,0,0,0,0,0,0,0,0,16.770587523054125,24.049439196374664,24.049439196374664,24.049439196374664,24.049439196374664,24.049439196374664,24.049439196374664,24.049439196374664,24.049439196374664,24.049439196374664,24.049439196374664,24.049439196374664,24.049439196374664,24.049439196374664,24.049439196374664,24.049439196374664,24.049439196374664,24.049439196374664,24.049439196374664,24.049439196374664,24.049439196374664,24.049439196374664,24.049439196374664,24.049439196374664,24.049439196374664,24.049439196374664,24.049439196374664,24.049439196374664,24.049439196374664,24.049439196374664,24.049439196374664,24.049439196374664,24.049439196374664,24.049439196374664,24.049439196374664,24.049439196374664,24.049439196374664,24.049439196374664,24.049439196374664,0,0,0,0,0,0,0,0,0,0,0,0,0,0,0,0,0,0,0,0,0,0,0,0,0,0,0,0,0,0,0,0,0,0,0,0,15.733573200946882,22.56233489242562,22.56233489242562,22.56233489242562,22.56233489242562,22.56233489242562,22.56233489242562,22.56233489242562,22.56233489242562,22.56233489242562,22.56233489242562,22.56233489242562,22.56233489242562,22.56233489242562,22.56233489242562,22.56233489242562,22.56233489242562,22.56233489242562,22.56233489242562,22.56233489242562,22.56233489242562,22.56233489242562,22.56233489242562,22.56233489242562,22.56233489242562,22.56233489242562,22.56233489242562,22.56233489242562,22.56233489242562,22.56233489242562,22.56233489242562,22.56233489242562,22.56233489242562,22.56233489242562,22.56233489242562,22.56233489242562,22.56233489242562,22.56233489242562,22.56233489242562
10124,162.4171854739874,0,0,0,0,0,0,0,0,0,0,0,0,0,0,0,0,0,0,0,0,0,0,0,0,0,0,0,0,0,0,0,0,0,0,0,0,0,0,0,0,0,0,0,0,0,0,0,0,0,0,0,0,0,0,0,0,0,0,0,0,0,0,0,0,0,0,0,0,0,0,0,0,0,0,0,0,0,0,0,0,0,0,0,0,0,0,0,0,0,0,0,0,0,0,0,0,0,0,0,0,0,0,0,0,0,0,0,0,0,0,0,0,0,0,0,0,0,0,0,0,0,0,0,0,0,0,0,0,0,0,0,0,0,0,0,0,0,0,0,0,0,0,0,0,0,0,0,0,0,0,0,0
10125,293.19256780280364,0,0,0,0,0,0,0,0,0,0,0,0,0,0,0,0,0,0,0,0,0,0,0,0,0,0,0,0,0,0,0,0,0,0,0,0,0,0,0,0,0,0,0,0,0,0,0,0,0,0,0,0,0,0,0,0,0,0,0,0,0,0,0,0,0,0,0,0,0,0,0,0,0,0,0,0,0,0,0,0,0,0,0,0,0,0,0,0,0,0,0,0,0,0,0,0,0,0,0,0,0,0,0,0,0,0,0,0,0,0,0,0,0,0,0,0,0,0,0,0,0,0,0,0,0,0,0,0,0,0,0,0,0,0,0,0,0,0,0,0,0,0,0,0,0,0,0,0,0,0,0,0
10126,16515.84669954612,0,0,0,0,0,0,0,0,0,0,0,0,0,0,0,0,0,0,0,0,0,0,0,0,0,0,0,0,0,0,0,0,0,0,0,0,0,0,0,0,0,0,0,0,0,0,0,0,0,0,0,0,0,0,0,0,0,0,0,0,0,0,0,0,0,0,0,0,0,0,0,0,0,0,0,0,0,0,0,0,0,0,0,0,0,0,0,0,0,0,0,0,0,0,0,0,0,0,0,0,0,0,0,0,0,0,0,0,0,0,0,0,0,0,0,0,0,0,0,0,0,0,0,0,0,0,0,0,0,0,0,0,0,0,0,0,0,0,0,0,0,0,0,0,0,0,0,0,0,0,0,0
10127,421.6898742124266,0,0,0,0,0,0,0,0,0,0,0,0,0,0,0,0,0,0,0,0,0,0,0,0,0,0,0,0,0,0,0,0,0,0,0,0,0,0,0,0,0,0,0,0,0,0,0,0,0,0,0,0,0,0,0,0,0,0,0,0,0,0,0,0,0,0,0,0,0,0,0,0,0,0,0,0,0,0,0,0,0,0,0,0,0,0,0,0,0,0,0,0,0,0,0,0,0,0,0,0,0,0,0,0,0,0,0,0,0,0,0,0,0,0,0,0,0,0,0,0,0,0,0,0,0,0,0,0,0,0,0,0,0,0,0,0,0,0,0,0,0,0,0,0,0,0,0,0,0,0,0,0
10128,3711.704935814486,0,0,0,0,0,0,0,0,0,0,0,0,0,0,0,0,0,0,0,0,0,0,0,0,0,0,0,0,0,0,0,0,0,0,0,0,0,0,0,0,0,0,0,0,0,0,0,0,0,0,0,0,0,0,0,0,0,0,0,0,0,0,0,0,0,0,0,0,0,0,0,0,0,0,0,0,0,0,0,0,0,0,0,0,0,0,0,0,0,0,0,0,0,0,0,0,0,0,0,0,0,0,0,0,0,0,0,0,0,0,0,0,0,0,0,0,0,0,0,0,0,0,0,0,0,0,0,0,0,0,0,0,0,0,0,0,0,0,0,0,0,0,0,0,0,0,0,0,0,0,0,0
10129,1254.9510503160134,43.003571660293034,34.26713069761897,0,0,0,0,0,0,0,0,0,0,0,0,0,0,0,0,0,0,0,0,0,0,0,0,0,0,0,0,0,0,0,0,0,0,0,0,0,0,0,0,0,0,0,0,0,0,0,0,0,0,0,0,0,0,0,0,0,0,0,0,0,0,0,0,0,0,0,0,0,0,0,0,0,0,0,0,0,0,0,0,0,0,0,0,0,0,0,0,0,0,0,0,0,0,0,0,0,0,0,0,0,0,0,0,0,0,0,0,0,0,0,0,0,0,0,0,0,0,0,0,0,0,0,0,0,0,0,0,0,0,0,0,0,0,0,0,0,0,0,0,0,0,0,0,0,0,0,0,0,0
10130,197.26471772165047,0,0,0,0,0,0,0,0,0,0,0,0,0,0,0,0,0,0,0,0,0,0,0,0,0,0,0,0,0,0,0,0,0,0,0,0,0,0,0,0,0,0,0,0,0,0,0,0,0,0,0,0,0,0,0,0,0,0,0,0,0,0,0,0,0,0,0,0,0,0,0,0,0,0,0,0,0,0,0,0,0,0,0,0,0,0,0,0,0,0,0,0,0,0,0,0,0,0,0,0,0,0,0,0,0,0,0,0,0,0,0,0,0,0,0,0,0,0,0,0,0,0,0,0,0,0,0,0,0,0,0,0,0,0,0,0,0,0,0,0,0,0,0,0,0,0,0,0,0,0,0,0
10131,106.17050757988184,2.5420221288110576,23.942827313870197,0,0,0,0,0,0,0,0,0,0,0,0,0,0,0,0,0,0,0,0,0,0,0,0,0,0,0,0,0,0,0,0,0,0,0,0,0,0,0,0,0,0,0,0,0,0,0,0,0,0,0,0,0,0,0,0,0,0,0,0,0,0,0,0,0,0,0,0,0,0,0,0,0,0,0,0,0,0,0,0,0,0,0,0,0,0,0,0,0,0,0,0,0,0,0,0,0,0,0,0,0,0,0,0,0,0,0,0,0,0,0,0,0,0,0,0,0,0,0,0,0,0,0,0,0,0,0,0,0,0,0,0,0,0,0,0,0,0,0,0,0,0,0,0,0,0,0,0,0,0
10132,1301.8913647027148,108.59328953721115,83.41194394665048,0,0,0,0,0,0,0,0,0,0,0,0,0,0,0,0,0,0,0,0,0,0,0,0,0,0,0,0,0,0,0,0,0,0,0,0,0,0,0,0,0,0,0,0,0,0,0,0,0,0,0,0,0,0,0,0,0,0,0,0,0,0,0,0,0,0,0,0,0,0,0,0,0,0,0,0,0,0,0,0,0,0,0,0,0,0,0,0,0,0,0,0,0,0,0,0,0,0,0,0,0,0,0,0,0,0,0,0,0,0,0,0,0,0,0,0,0,0,0,0,0,0,0,0,0,0,0,0,0,0,0,0,0,0,0,0,0,0,0,0,0,0,0,0,0,0,0,0,0,0
10133,2323.7644773801544,0,0,0,0,0,0,0,0,0,0,0,0,0,0,0,0,0,0,0,0,0,0,0,0,0,0,0,0,0,0,0,0,0,0,0,0,0,0,0,0,0,0,0,0,0,0,0,0,0,0,0,0,0,0,0,0,0,0,0,0,0,0,0,0,0,0,0,0,0,0,0,0,0,0,0,0,0,0,0,0,0,0,0,0,0,0,0,0,0,0,0,0,0,0,0,0,0,0,0,0,0,0,0,0,0,0,0,0,0,0,0,0,0,0,0,0,0,0,0,0,0,0,0,0,0,0,0,0,0,0,0,0,0,0,0,0,0,0,0,0,0,0,0,0,0,0,0,0,0,0,0,0
10134,980.85725350305745,152.24703587434033,155.21834123222473,0,0,0,0,0,0,0,0,0,0,0,0,0,0,0,0,0,0,0,0,0,0,0,0,0,0,0,0,0,0,0,0,0,0,0,0,0,0,0,0,0,0,0,0,0,0,0,0,0,0,0,0,0,0,0,0,0,0,0,0,0,0,0,0,0,0,0,0,0,0,0,0,0,0,0,0,0,0,0,0,0,0,0,0,0,0,0,0,0,0,0,0,0,0,0,0,0,0,0,0,0,0,0,0,0,0,0,0,0,0,0,0,0,0,0,0,0,0,0,0,0,0,0,0,0,0,0,0,0,0,0,0,0,0,0,0,0,0,0,0,0,0,0,0,0,0,0,0,0,0
10135,2450.5685041905735,354.5287860202213,144.672056877399,0,0,0,0,0,0,0,0,0,0,48.05841491307048,48.05841491307048,48.05841491307048,48.05841491307048,48.05841491307048,93.38812177857153,93.38812177857153,93.38812177857153,93.38812177857153,93.38812177857153,93.38812177857153,93.38812177857153,93.38812177857153,93.38812177857153,93.38812177857153,93.38812177857153,93.38812177857153,93.38812177857153,93.38812177857153,93.38812177857153,93.38812177857153,93.38812177857153,93.38812177857153,93.38812177857153,93.38812177857153,93.38812177857153,93.38812177857153,93.38812177857153,93.38812177857153,93.38812177857153,93.38812177857153,93.38812177857153,93.38812177857153,93.38812177857153,93.38812177857153,95.78434801275728,95.78434801275728,95.78434801275728,95.78434801275728,95.78434801275728,95.78434801275728,95.78434801275728,95.78434801275728,95.78434801275728,95.78434801275728,95.78434801275728,95.78434801275728,95.78434801275728,95.78434801275728,95.78434801275728,95.78434801275728,95.78434801275728,95.78434801275728,95.78434801275728,95.78434801275728,95.78434801275728,95.78434801275728,95.78434801275728,95.78434801275728,95.78434801275728,95.78434801275728,95.78434801275728,95.78434801275728,95.78434801275728,95.78434801275728,0,0,0,0,0,0,0,0,0,0,19.61112894044325,19.61112894044325,19.61112894044325,19.61112894044325,19.61112894044325,38.10875787347874,38.10875787347874,38.10875787347874,38.10875787347874,38.10875787347874,38.10875787347874,38.10875787347874,38.10875787347874,38.10875787347874,38.10875787347874,38.10875787347874,38.10875787347874,38.10875787347874,38.10875787347874,38.10875787347874,38.10875787347874,38.10875787347874,38.10875787347874,38.10875787347874,38.10875787347874,38.10875787347874,38.10875787347874,38.10875787347874,38.10875787347874,38.10875787347874,38.10875787347874,38.10875787347874,38.10875787347874,38.10875787347874,38.10875787347874,39.08658250073894,39.08658250073894,39.08658250073894,39.08658250073894,39.08658250073894,39.08658250073894,39.08658250073894,39.08658250073894,39.08658250073894,39.08658250073894,39.08658250073894,39.08658250073894,39.08658250073894,39.08658250073894,39.08658250073894,39.08658250073894,39.08658250073894,39.08658250073894,39.08658250073894,39.08658250073894,39.08658250073894,39.08658250073894,39.08658250073894,39.08658250073894,39.08658250073894,39.08658250073894,39.08658250073894,39.08658250073894,39.08658250073894,39.08658250073894
10136,427.68246688010987,16.204014069984634,37.88795502464922,0,0,0,0,0,0,0,0,0,0,0,0,0,0,0,0,0,0,0,0,0,0,0,0,0,0,0,0,0,0,0,0,0,0,0,0,0,0,0,0,0,0,0,0,0,0,0,0,0,0,0,0,0,0,0,0,0,0,0,0,0,0,0,0,0,0,0,0,0,0,0,0,0,0,0,0,0,0,0,0,0,0,0,0,0,0,0,0,0,0,0,0,0,0,0,0,0,0,0,0,0,0,0,0,0,0,0,0,0,0,0,0,0,0,0,0,0,0,0,0,0,0,0,0,0,0,0,0,0,0,0,0,0,0,0,0,0,0,0,0,0,0,0,0,0,0,0,0,0,0
10137,231.2630519129746,0,0,0,0,0,0,0,0,0,0,0,0,0,0,0,0,0,0,0,0,0,0,0,0,0,0,0,0,0,0,0,0,0,0,0,0,0,0,0,0,0,0,0,0,0,0,0,0,0,0,0,0,0,0,0,0,0,0,0,0,0,0,0,0,0,0,0,0,0,0,0,0,0,0,0,0,0,0,0,0,0,0,0,0,0,0,0,0,0,0,0,0,0,0,0,0,0,0,0,0,0,0,0,0,0,0,0,0,0,0,0,0,0,0,0,0,0,0,0,0,0,0,0,0,0,0,0,0,0,0,0,0,0,0,0,0,0,0,0,0,0,0,0,0,0,0,0,0,0,0,0,0
10138,850.4718817779751,0,0,0,0,0,0,0,0,0,0,0,0,0,0,0,0,0,0,0,0,0,0,0,0,0,0,0,0,0,0,0,0,0,0,0,0,0,0,0,0,0,0,0,0,0,0,0,0,0,0,0,0,0,0,0,0,0,0,0,0,0,0,0,0,0,0,0,0,0,0,0,0,0,0,0,0,0,0,0,0,0,0,0,0,0,0,0,0,0,0,0,0,0,0,0,0,0,0,0,0,0,0,0,0,0,0,0,0,0,0,0,0,0,0,0,0,0,0,0,0,0,0,0,0,0,0,0,0,0,0,0,0,0,0,0,0,0,0,0,0,0,0,0,0,0,0,0,0,0,0,0,0
10139,1175.8972831475194,0,0,0,0,0,0,0,0,0,0,0,0,0,0,0,0,0,0,0,0,0,0,0,0,0,0,0,0,0,0,0,0,0,0,0,0,0,0,0,0,0,0,0,0,0,0,0,0,0,0,0,0,0,0,0,0,0,0,0,0,0,0,0,0,0,0,0,0,0,0,0,0,0,0,0,0,0,0,0,0,0,0,0,0,0,0,0,0,0,0,0,0,0,0,0,0,0,0,0,0,0,0,0,0,0,0,0,0,0,0,0,0,0,0,0,0,0,0,0,0,0,0,0,0,0,0,0,0,0,0,0,0,0,0,0,0,0,0,0,0,0,0,0,0,0,0,0,0,0,0,0,0
10140,1387.0550184480944,0,0,0,0,0,0,0,0,0,0,0,0,0,0,0,0,0,0,0,0,0,0,0,0,0,0,0,0,0,0,0,0,0,0,0,0,0,0,0,0,0,0,0,0,0,0,0,0,0,0,0,0,0,0,0,0,0,0,0,0,0,0,0,0,0,0,0,0,0,0,0,0,0,0,0,0,0,0,0,0,0,0,0,0,0,0,0,0,0,0,0,0,0,0,0,0,0,0,0,0,0,0,0,0,0,0,0,0,0,0,0,0,0,0,0,0,0,0,0,0,0,0,0,0,0,0,0,0,0,0,0,0,0,0,0,0,0,0,0,0,0,0,0,0,0,0,0,0,0,0,0,0
10141,956.6897348263536,0,0,0,0,0,0,0,0,0,0,0,0,0,0,0,0,0,0,0,0,0,0,0,0,0,0,0,0,0,0,0,0,0,0,0,0,0,0,0,0,0,0,0,0,0,0,0,0,0,0,0,0,0,0,0,0,0,0,0,0,0,0,0,0,0,0,0,0,0,0,0,0,0,0,0,0,0,0,0,0,0,0,0,0,0,0,0,0,0,0,0,0,0,0,0,0,0,0,0,0,0,0,0,0,0,0,0,0,0,0,0,0,0,0,0,0,0,0,0,0,0,0,0,0,0,0,0,0,0,0,0,0,0,0,0,0,0,0,0,0,0,0,0,0,0,0,0,0,0,0,0,0
10142,945.5141319732254,0,0,0,0,0,0,0,0,0,0,0,0,0,0,0,0,0,0,0,0,0,0,0,0,0,0,0,0,0,0,0,0,0,0,0,0,0,0,0,0,0,0,0,0,0,0,0,0,0,0,0,0,0,0,0,0,0,0,0,0,0,0,0,0,0,0,0,0,0,0,0,0,0,0,0,0,0,0,0,0,0,0,0,0,0,0,0,0,0,0,0,0,0,0,0,0,0,0,0,0,0,0,0,0,0,0,0,0,0,0,0,0,0,0,0,0,0,0,0,0,0,0,0,0,0,0,0,0,0,0,0,0,0,0,0,0,0,0,0,0,0,0,0,0,0,0,0,0,0,0,0,0
10143,447.0204525853933,0,0,0,0,0,0,0,0,0,0,0,0,0,0,0,0,0,0,0,0,0,0,0,0,0,0,0,0,0,0,0,0,0,0,0,0,0,0,0,0,0,0,0,0,0,0,0,0,0,0,0,0,0,0,0,0,0,0,0,0,0,0,0,0,0,0,0,0,0,0,0,0,0,0,0,0,0,0,0,0,0,0,0,0,0,0,0,0,0,0,0,0,0,0,0,0,0,0,0,0,0,0,0,0,0,0,0,0,0,0,0,0,0,0,0,0,0,0,0,0,0,0,0,0,0,0,0,0,0,0,0,0,0,0,0,0,0,0,0,0,0,0,0,0,0,0,0,0,0,0,0,0
10144,787.7834111440924,0,0,0,0,0,0,0,0,0,0,0,0,0,0,0,0,0,0,0,0,0,0,0,0,0,0,0,0,0,0,0,0,0,0,0,0,0,0,0,0,0,0,0,0,0,0,0,0,0,0,0,0,0,0,0,0,0,0,0,0,0,0,0,0,0,0,0,0,0,0,0,0,0,0,0,0,0,0,0,0,0,0,0,0,0,0,0,0,0,0,0,0,0,0,0,0,0,0,0,0,0,0,0,0,0,0,0,0,0,0,0,0,0,0,0,0,0,0,0,0,0,0,0,0,0,0,0,0,0,0,0,0,0,0,0,0,0,0,0,0,0,0,0,0,0,0,0,0,0,0,0,0
10145,294.201246081769,0,0,0,0,0,0,0,0,0,0,0,0,0,0,0,0,0,0,0,0,0,0,0,0,0,0,0,0,0,0,0,0,0,0,0,0,0,0,0,0,0,0,0,0,0,0,0,0,0,0,0,0,0,0,0,0,0,0,0,0,0,0,0,0,0,0,0,0,0,0,0,0,0,0,0,0,0,0,0,0,0,0,0,0,0,0,0,0,0,0,0,0,0,0,0,0,0,0,0,0,0,0,0,0,0,0,0,0,0,0,0,0,0,0,0,0,0,0,0,0,0,0,0,0,0,0,0,0,0,0,0,0,0,0,0,0,0,0,0,0,0,0,0,0,0,0,0,0,0,0,0,0
10146,2462.6085168820746,0,0,0,0,0,0,0,0,0,0,0,0,0,0,0,0,0,0,0,0,0,0,0,0,0,0,0,0,0,0,0,0,0,0,0,0,0,0,0,0,0,0,0,0,0,0,0,0,0,0,0,0,0,0,0,0,0,0,0,0,0,0,0,0,0,0,0,0,0,0,0,0,0,0,0,0,0,0,0,0,0,0,0,0,0,0,0,0,0,0,0,0,0,0,0,0,0,0,0,0,0,0,0,0,0,0,0,0,0,0,0,0,0,0,0,0,0,0,0,0,0,0,0,0,0,0,0,0,0,0,0,0,0,0,0,0,0,0,0,0,0,0,0,0,0,0,0,0,0,0,0,0
10147,623.7098435245201,0,0,0,0,0,0,0,0,0,0,0,0,0,0,0,0,0,0,0,0,0,0,0,0,0,0,0,0,0,0,0,0,0,0,0,0,0,0,0,0,0,0,0,0,0,0,0,0,0,0,0,0,0,0,0,0,0,0,0,0,0,0,0,0,0,0,0,0,0,0,0,0,0,0,0,0,0,0,0,0,0,0,0,0,0,0,0,0,0,0,0,0,0,0,0,0,0,0,0,0,0,0,0,0,0,0,0,0,0,0,0,0,0,0,0,0,0,0,0,0,0,0,0,0,0,0,0,0,0,0,0,0,0,0,0,0,0,0,0,0,0,0,0,0,0,0,0,0,0,0,0,0
10148,1728.5023051812525,269.2917190692453,155.7948278472253,0,0,0,0,0,0,0,0,0,0,0,0,0,0,0,0,0,0,0,0,0,0,0,0,0,0,0,0,0,0,0,0,0,0,0,0,0,0,0,0,0,0,0,0,0,0,0,0,0,0,0,0,0,0,0,0,0,0,0,0,0,0,0,0,0,0,0,0,0,0,0,0,0,0,0,0,0,0,0,0,0,0,0,0,0,0,0,0,0,0,0,0,0,0,0,0,0,0,0,0,0,0,0,0,0,0,0,0,0,0,0,0,0,0,0,0,0,0,0,0,0,0,0,0,0,0,0,0,0,0,0,0,0,0,0,0,0,0,0,0,0,0,0,0,0,0,0,0,0,0
10149,127.57999088754264,0,0,0,0,0,0,0,0,0,0,0,0,0,0,0,0,0,0,0,0,0,0,0,0,0,0,0,0,0,0,0,0,0,0,0,0,0,0,0,0,0,0,0,0,0,0,0,0,0,0,0,0,0,0,0,0,0,0,0,0,0,0,0,0,0,0,0,0,0,0,0,0,0,0,0,0,0,0,0,0,0,0,0,0,0,0,0,0,0,0,0,0,0,0,0,0,0,0,0,0,0,0,0,0,0,0,0,0,0,0,0,0,0,0,0,0,0,0,0,0,0,0,0,0,0,0,0,0,0,0,0,0,0,0,0,0,0,0,0,0,0,0,0,0,0,0,0,0,0,0,0,0
10150,835.1773763888912,0,0,0,0,0,0,0,0,0,0,0,0,0,0,0,0,0,0,0,0,0,0,0,0,0,0,0,0,0,0,0,0,0,0,0,0,0,0,0,0,0,0,0,0,0,0,0,0,0,0,0,0,0,0,0,0,0,0,0,0,0,0,0,0,0,0,0,0,0,0,0,0,0,0,0,0,0,0,0,0,0,0,0,0,0,0,0,0,0,0,0,0,0,0,0,0,0,0,0,0,0,0,0,0,0,0,0,0,0,0,0,0,0,0,0,0,0,0,0,0,0,0,0,0,0,0,0,0,0,0,0,0,0,0,0,0,0,0,0,0,0,0,0,0,0,0,0,0,0,0,0,0
10151,827.564520631622,0,0,0,0,0,0,0,0,0,0,0,0,0,0,0,0,0,0,0,0,0,0,0,0,0,0,0,0,0,0,0,0,0,0,0,0,0,0,0,0,0,0,0,0,0,0,0,0,0,0,0,0,0,0,0,0,0,0,0,0,0,0,0,0,0,0,0,0,0,0,0,0,0,0,0,0,0,0,0,0,0,0,0,0,0,0,0,0,0,0,0,0,0,0,0,0,0,0,0,0,0,0,0,0,0,0,0,0,0,0,0,0,0,0,0,0,0,0,0,0,0,0,0,0,0,0,0,0,0,0,0,0,0,0,0,0,0,0,0,0,0,0,0,0,0,0,0,0,0,0,0,0
10152,1758.681014298721,183.67368633255495,104.43831760235119,0,0,0,0,0,0,0,0,0,0,0,0,0,0,0,0,0,0,0,0,0,0,0,0,0,0,0,0,0,0,37.657360892205006,37.657360892205006,50.08890396862441,50.08890396862441,50.08890396862441,50.08890396862441,50.08890396862441,50.08890396862441,50.08890396862441,50.08890396862441,50.08890396862441,50.08890396862441,50.08890396862441,50.08890396862441,50.08890396862441,50.08890396862441,50.08890396862441,50.08890396862441,52.32298911859761,52.32298911859761,52.32298911859761,59.34372032472142,59.34372032472142,59.34372032472142,59.34372032472142,59.34372032472142,59.34372032472142,59.34372032472142,59.34372032472142,59.34372032472142,59.34372032472142,59.34372032472142,59.34372032472142,59.34372032472142,59.34372032472142,59.34372032472142,59.34372032472142,59.34372032472142,59.34372032472142,59.34372032472142,59.34372032472142,59.34372032472142,59.34372032472142,59.34372032472142,59.34372032472142,0,0,0,0,0,0,0,0,0,0,0,0,0,0,0,0,0,0,0,0,0,0,0,0,0,0,0,0,0,0,21.41227464562184,21.41227464562184,28.48094882550233,28.48094882550233,28.48094882550233,28.48094882550233,28.48094882550233,28.48094882550233,28.48094882550233,28.48094882550233,28.48094882550233,28.48094882550233,28.48094882550233,28.48094882550233,28.48094882550233,28.48094882550233,28.48094882550233,28.48094882550233,29.751267394821767,29.751267394821767,29.751267394821767,33.74331094850927,33.74331094850927,33.74331094850927,33.74331094850927,33.74331094850927,33.74331094850927,33.74331094850927,33.74331094850927,33.74331094850927,33.74331094850927,33.74331094850927,33.74331094850927,33.74331094850927,33.74331094850927,33.74331094850927,33.74331094850927,33.74331094850927,33.74331094850927,33.74331094850927,33.74331094850927,33.74331094850927,33.74331094850927,33.74331094850927,33.74331094850927
10153,1221.0849613779021,0,0,0,0,0,0,0,0,0,0,0,0,0,0,0,0,0,0,0,0,0,0,0,0,0,0,0,0,0,0,0,0,0,0,0,0,0,0,0,0,0,0,0,0,0,0,0,0,0,0,0,0,0,0,0,0,0,0,0,0,0,0,0,0,0,0,0,0,0,0,0,0,0,0,0,0,0,0,0,0,0,0,0,0,0,0,0,0,0,0,0,0,0,0,0,0,0,0,0,0,0,0,0,0,0,0,0,0,0,0,0,0,0,0,0,0,0,0,0,0,0,0,0,0,0,0,0,0,0,0,0,0,0,0,0,0,0,0,0,0,0,0,0,0,0,0,0,0,0,0,0,0
10154,370.2783008534213,0,0,0,0,0,0,0,0,0,0,0,0,0,0,0,0,0,0,0,0,0,0,0,0,0,0,0,0,0,0,0,0,0,0,0,0,0,0,0,0,0,0,0,0,0,0,0,0,0,0,0,0,0,0,0,0,0,0,0,0,0,0,0,0,0,0,0,0,0,0,0,0,0,0,0,0,0,0,0,0,0,0,0,0,0,0,0,0,0,0,0,0,0,0,0,0,0,0,0,0,0,0,0,0,0,0,0,0,0,0,0,0,0,0,0,0,0,0,0,0,0,0,0,0,0,0,0,0,0,0,0,0,0,0,0,0,0,0,0,0,0,0,0,0,0,0,0,0,0,0,0,0
10155,267.07145357806337,0,0,0,0,0,0,0,0,0,0,0,0,0,0,0,0,0,0,0,0,0,0,0,0,0,0,0,0,0,0,0,0,0,0,0,0,0,0,0,0,0,0,0,0,0,0,0,0,0,0,0,0,0,0,0,0,0,0,0,0,0,0,0,0,0,0,0,0,0,0,0,0,0,0,0,0,0,0,0,0,0,0,0,0,0,0,0,0,0,0,0,0,0,0,0,0,0,0,0,0,0,0,0,0,0,0,0,0,0,0,0,0,0,0,0,0,0,0,0,0,0,0,0,0,0,0,0,0,0,0,0,0,0,0,0,0,0,0,0,0,0,0,0,0,0,0,0,0,0,0,0,0
10156,3603.4795725868075,296.9071591891363,82.39457258141118,0,0,0,0,0,0,0,0,0,0,0,0,0,0,0,0,0,0,0,0,0,0,0,0,0,0,0,0,0,0,0,0,0,0,0,0,0,0,0,0,0,0,0,0,0,0,0,0,0,0,0,0,0,0,0,0,0,0,0,0,0,0,0,0,0,0,0,0,0,0,0,0,0,0,0,0,0,0,0,0,0,0,0,0,0,0,0,0,0,0,0,0,0,0,0,0,0,0,0,0,0,0,0,0,0,0,0,0,0,0,0,0,0,0,0,0,0,0,0,0,0,0,0,0,0,0,0,0,0,0,0,0,0,0,0,0,0,0,0,0,0,0,0,0,0,0,0,0,0,0
10157,1064.2189691551087,0,0,0,0,0,0,0,0,0,0,0,0,0,0,0,0,0,0,0,0,0,0,0,0,0,0,0,0,0,0,0,0,0,0,0,0,0,0,0,0,0,0,0,0,0,0,0,0,0,0,0,0,0,0,0,0,0,0,0,0,0,0,0,0,0,0,0,0,0,0,0,0,0,0,0,0,0,0,0,0,0,0,0,0,0,0,0,0,0,0,0,0,0,0,0,0,0,0,0,0,0,0,0,0,0,0,0,0,0,0,0,0,0,0,0,0,0,0,0,0,0,0,0,0,0,0,0,0,0,0,0,0,0,0,0,0,0,0,0,0,0,0,0,0,0,0,0,0,0,0,0,0
10158,413.4349823886443,0,0,0,0,0,0,0,0,0,0,0,0,0,0,0,0,0,0,0,0,0,0,0,0,0,0,0,0,0,0,0,0,0,0,0,0,0,0,0,0,0,0,0,0,0,0,0,0,0,0,0,0,0,0,0,0,0,0,0,0,0,0,0,0,0,0,0,0,0,0,0,0,0,0,0,0,0,0,0,0,0,0,0,0,0,0,0,0,0,0,0,0,0,0,0,0,0,0,0,0,0,0,0,0,0,0,0,0,0,0,0,0,0,0,0,0,0,0,0,0,0,0,0,0,0,0,0,0,0,0,0,0,0,0,0,0,0,0,0,0,0,0,0,0,0,0,0,0,0,0,0,0
10159,1948.0634759752666,176.72724880853448,90.71945087418614,0,0,0,0,0,0,0,0,0,0,0,0,0,0,0,0,0,0,0,0,0,0,0,0,0,0,0,0,0,0,0,0,0,0,0,0,0,0,0,0,10.913672574457236,10.913672574457236,10.913672574457236,10.913672574457236,10.913672574457236,10.913672574457236,61.138227143216966,61.138227143216966,61.138227143216966,61.138227143216966,61.138227143216966,61.138227143216966,61.138227143216966,61.138227143216966,61.138227143216966,61.138227143216966,61.138227143216966,61.138227143216966,61.138227143216966,61.138227143216966,61.138227143216966,61.138227143216966,61.138227143216966,61.138227143216966,61.138227143216966,61.138227143216966,61.138227143216966,61.138227143216966,61.138227143216966,61.138227143216966,61.138227143216966,61.138227143216966,61.138227143216966,61.138227143216966,61.138227143216966,0,0,0,0,0,0,0,0,0,0,0,0,0,0,0,0,0,0,0,0,0,0,0,0,0,0,0,0,0,0,0,0,0,0,0,0,0,0,0,0,5.602318768896112,5.602318768896112,5.602318768896112,5.602318768896112,5.602318768896112,5.602318768896112,31.384104212830692,31.384104212830692,31.384104212830692,31.384104212830692,31.384104212830692,31.384104212830692,31.384104212830692,31.384104212830692,31.384104212830692,31.384104212830692,31.384104212830692,31.384104212830692,31.384104212830692,31.384104212830692,31.384104212830692,31.384104212830692,31.384104212830692,31.384104212830692,31.384104212830692,31.384104212830692,31.384104212830692,31.384104212830692,31.384104212830692,31.384104212830692,31.384104212830692,31.384104212830692,31.384104212830692,31.384104212830692,31.384104212830692
10160,1030.7770488685237,22.67506633504762,21.998031834272865,0,0,0,0,0,0,0,0,0,0,0,0,0,0,0,0,0,0,0,0,0,0,0,0,0,0,0,0,0,0,0,0,0,0,0,0,0,0,0,0,0,0,0,0,0,0,0,0,0,0,0,0,0,0,0,0,0,0,0,0,0,0,0,0,0,0,0,0,0,0,0,0,0,0,0,0,0,0,0,0,0,0,0,0,0,0,0,0,0,0,0,0,0,0,0,0,0,0,0,0,0,0,0,0,0,0,0,0,0,0,0,0,0,0,0,0,0,0,0,0,0,0,0,0,0,0,0,0,0,0,0,0,0,0,0,0,0,0,0,0,0,0,0,0,0,0,0,0,0,0
10161,278.1305895333187,0,0,0,0,0,0,0,0,0,0,0,0,0,0,0,0,0,0,0,0,0,0,0,0,0,0,0,0,0,0,0,0,0,0,0,0,0,0,0,0,0,0,0,0,0,0,0,0,0,0,0,0,0,0,0,0,0,0,0,0,0,0,0,0,0,0,0,0,0,0,0,0,0,0,0,0,0,0,0,0,0,0,0,0,0,0,0,0,0,0,0,0,0,0,0,0,0,0,0,0,0,0,0,0,0,0,0,0,0,0,0,0,0,0,0,0,0,0,0,0,0,0,0,0,0,0,0,0,0,0,0,0,0,0,0,0,0,0,0,0,0,0,0,0,0,0,0,0,0,0,0,0
10162,3256.6314250692794,0,0,0,0,0,0,0,0,0,0,0,0,0,0,0,0,0,0,0,0,0,0,0,0,0,0,0,0,0,0,0,0,0,0,0,0,0,0,0,0,0,0,0,0,0,0,0,0,0,0,0,0,0,0,0,0,0,0,0,0,0,0,0,0,0,0,0,0,0,0,0,0,0,0,0,0,0,0,0,0,0,0,0,0,0,0,0,0,0,0,0,0,0,0,0,0,0,0,0,0,0,0,0,0,0,0,0,0,0,0,0,0,0,0,0,0,0,0,0,0,0,0,0,0,0,0,0,0,0,0,0,0,0,0,0,0,0,0,0,0,0,0,0,0,0,0,0,0,0,0,0,0
10163,2342.8803488261383,652.600047588067,278.5460418049268,0,0,0,0,0,0,0,0,0,0,0,0,0,0,0,0,0,0,0,0,0,0,0,0,0,0,0,0,0,0,0,0,0,0,0,0,0,0,0,0,0,0,0,0,0,28.135936735370418,28.135936735370418,28.135936735370418,28.135936735370418,28.135936735370418,28.135936735370418,28.135936735370418,28.135936735370418,28.135936735370418,28.135936735370418,28.135936735370418,28.135936735370418,28.135936735370418,28.135936735370418,28.135936735370418,28.135936735370418,63.4162666363316,63.4162666363316,63.4162666363316,63.4162666363316,63.4162666363316,63.4162666363316,63.4162666363316,63.4162666363316,63.4162666363316,63.4162666363316,63.4162666363316,63.4162666363316,63.4162666363316,63.4162666363316,0,0,0,0,0,0,0,0,0,0,0,0,0,0,0,0,0,0,0,0,0,0,0,0,0,0,0,0,0,0,0,0,0,0,0,0,0,0,0,0,0,0,0,0,0,12.009122339289528,12.009122339289528,12.009122339289528,12.009122339289528,12.009122339289528,12.009122339289528,12.009122339289528,12.009122339289528,12.009122339289528,12.009122339289528,12.009122339289528,12.009122339289528,12.009122339289528,12.009122339289528,12.009122339289528,12.009122339289528,27.06765058151829,27.06765058151829,27.06765058151829,27.06765058151829,27.06765058151829,27.06765058151829,27.06765058151829,27.06765058151829,27.06765058151829,27.06765058151829,27.06765058151829,27.06765058151829,27.06765058151829,27.06765058151829
10164,788.9591990671764,2.435575047180096,3.087073514143432,0,0,0,0,0,0,0,0,0,0,0,0,0,0,0,0,0,0,0,0,0,0,0,0,0,0,0,0,0,0,0,0,8.176543853718888,8.176543853718888,8.176543853718888,8.176543853718888,8.176543853718888,8.176543853718888,8.176543853718888,8.176543853718888,8.176543853718888,8.176543853718888,8.176543853718888,8.176543853718888,8.176543853718888,8.176543853718888,8.176543853718888,8.176543853718888,8.176543853718888,8.176543853718888,8.176543853718888,8.176543853718888,8.176543853718888,8.176543853718888,8.176543853718888,8.176543853718888,8.176543853718888,8.176543853718888,8.176543853718888,8.176543853718888,8.176543853718888,8.176543853718888,8.176543853718888,8.176543853718888,8.176543853718888,8.176543853718888,8.176543853718888,8.176543853718888,8.176543853718888,8.176543853718888,8.176543853718888,8.176543853718888,8.176543853718888,8.176543853718888,8.176543853718888,0,0,0,0,0,0,0,0,0,0,0,0,0,0,0,0,0,0,0,0,0,0,0,0,0,0,0,0,0,0,0,0,10.363709382419778,10.363709382419778,10.363709382419778,10.363709382419778,10.363709382419778,10.363709382419778,10.363709382419778,10.363709382419778,10.363709382419778,10.363709382419778,10.363709382419778,10.363709382419778,10.363709382419778,10.363709382419778,10.363709382419778,10.363709382419778,10.363709382419778,10.363709382419778,10.363709382419778,10.363709382419778,10.363709382419778,10.363709382419778,10.363709382419778,10.363709382419778,10.363709382419778,10.363709382419778,10.363709382419778,10.363709382419778,10.363709382419778,10.363709382419778,10.363709382419778,10.363709382419778,10.363709382419778,10.363709382419778,10.363709382419778,10.363709382419778,10.363709382419778,10.363709382419778,10.363709382419778,10.363709382419778,10.363709382419778,10.363709382419778,10.363709382419778
10165,737.502949504895,15.676490725369659,21.256173600246203,0,0,0,0,0,0,0,0,0,0,0,0,0,0,0,0,0,0,0,0,0,0,0,0,0,0,0,0,0,0,0,0,0,0,0,0,0,0,0,0,0,0,0,0,0,0,0,0,1.0231784527173458,1.0231784527173458,1.0231784527173458,1.0231784527173458,1.0231784527173458,1.0231784527173458,1.0231784527173458,1.0231784527173458,1.0231784527173458,1.0231784527173458,1.0231784527173458,1.0231784527173458,1.0231784527173458,1.0231784527173458,1.0231784527173458,1.0231784527173458,1.0231784527173458,1.0231784527173458,1.0231784527173458,1.0231784527173458,1.0231784527173458,1.0231784527173458,1.0231784527173458,1.0231784527173458,1.0231784527173458,1.0231784527173458,1.0231784527173458,0,0,0,0,0,0,0,0,0,0,0,0,0,0,0,0,0,0,0,0,0,0,0,0,0,0,0,0,0,0,0,0,0,0,0,0,0,0,0,0,0,0,0,0,0,0,0,0,1.387355065365138,1.387355065365138,1.387355065365138,1.387355065365138,1.387355065365138,1.387355065365138,1.387355065365138,1.387355065365138,1.387355065365138,1.387355065365138,1.387355065365138,1.387355065365138,1.387355065365138,1.387355065365138,1.387355065365138,1.387355065365138,1.387355065365138,1.387355065365138,1.387355065365138,1.387355065365138,1.387355065365138,1.387355065365138,1.387355065365138,1.387355065365138,1.387355065365138,1.387355065365138,1.387355065365138
10166,1209.3498513813133,31.154406097575542,25.761284926765512,0,0,0,0,0,0,0,0,0,0,0,0,0,0,0,0,0,0,0,0,0,0,0,0,0,0,0,0,0,0,0,0,0,0,0,0,0,0,0,0,0,0,32.0365799555304,32.0365799555304,32.0365799555304,32.0365799555304,32.0365799555304,32.0365799555304,32.0365799555304,32.0365799555304,32.0365799555304,32.0365799555304,32.0365799555304,32.0365799555304,32.0365799555304,32.0365799555304,32.0365799555304,32.0365799555304,32.0365799555304,32.0365799555304,32.0365799555304,32.0365799555304,32.0365799555304,32.0365799555304,32.0365799555304,32.0365799555304,32.0365799555304,32.0365799555304,32.0365799555304,32.0365799555304,32.0365799555304,32.0365799555304,32.0365799555304,32.0365799555304,32.0365799555304,0,0,0,0,0,0,0,0,0,0,0,0,0,0,0,0,0,0,0,0,0,0,0,0,0,0,0,0,0,0,0,0,0,0,0,0,0,0,0,0,0,0,26.490746179807587,26.490746179807587,26.490746179807587,26.490746179807587,26.490746179807587,26.490746179807587,26.490746179807587,26.490746179807587,26.490746179807587,26.490746179807587,26.490746179807587,26.490746179807587,26.490746179807587,26.490746179807587,26.490746179807587,26.490746179807587,26.490746179807587,26.490746179807587,26.490746179807587,26.490746179807587,26.490746179807587,26.490746179807587,26.490746179807587,26.490746179807587,26.490746179807587,26.490746179807587,26.490746179807587,26.490746179807587,26.490746179807587,26.490746179807587,26.490746179807587,26.490746179807587,26.490746179807587
10167,259.272783655102,0,0,0,0,0,0,0,0,0,0,0,0,0,0,0,0,0,0,0,0,0,0,0,0,0,0,0,0,0,0,0,0,0,0,0,0,0,0,0,0,0,0,0,0,0,0,0,0,0,0,0,0,0,0,0,0,0,0,0,0,0,0,0,0,0,0,0,0,0,0,0,0,0,0,0,0,0,0,0,0,0,0,0,0,0,0,0,0,0,0,0,0,0,0,0,0,0,0,0,0,0,0,0,0,0,0,0,0,0,0,0,0,0,0,0,0,0,0,0,0,0,0,0,0,0,0,0,0,0,0,0,0,0,0,0,0,0,0,0,0,0,0,0,0,0,0,0,0,0,0,0,0
10168,787.3845824421047,0,0,0,0,0,0,0,0,0,0,0,0,0,0,0,0,0,0,0,0,0,0,0,0,0,0,0,0,0,0,0,0,0,0,0,0,0,0,0,0,0,0,0,0,0,0,0,0,0,0,0,0,0,0,0,0,0,0,0,0,0,0,0,0,0,0,0,0,0,0,0,0,0,0,0,0,0,0,0,0,0,0,0,0,0,0,0,0,0,0,0,0,0,0,0,0,0,0,0,0,0,0,0,0,0,0,0,0,0,0,0,0,0,0,0,0,0,0,0,0,0,0,0,0,0,0,0,0,0,0,0,0,0,0,0,0,0,0,0,0,0,0,0,0,0,0,0,0,0,0,0,0
10169,839.1118478081668,0,0,0,0,0,0,0,0,0,0,0,0,0,0,0,0,0,0,0,0,0,0,0,0,0,0,0,0,0,0,0,0,0,0,0,0,0,0,0,0,0,0,0,0,0,0,0,0,0,0,0,0,0,0,0,0,0,0,0,0,0,0,0,0,0,0,0,0,0,0,0,0,0,0,0,0,0,0,0,0,0,0,0,0,0,0,0,0,0,0,0,0,0,0,0,0,0,0,0,0,0,0,0,0,0,0,0,0,0,0,0,0,0,0,0,0,0,0,0,0,0,0,0,0,0,0,0,0,0,0,0,0,0,0,0,0,0,0,0,0,0,0,0,0,0,0,0,0,0,0,0,0
10170,9981.700754973077,0,0,0,0,0,0,0,0,0,0,0,0,0,0,0,0,0,0,0,0,0,0,0,0,0,0,0,0,0,0,0,0,0,0,0,0,0,0,0,0,0,0,0,0,0,0,0,0,0,0,0,0,0,0,0,0,0,0,0,0,0,0,0,0,0,0,0,0,0,0,0,0,0,0,0,0,0,0,0,0,0,0,0,0,0,0,0,0,0,0,0,0,0,0,0,0,0,0,0,0,0,0,0,0,0,0,0,0,0,0,0,0,0,0,0,0,0,0,0,0,0,0,0,0,0,0,0,0,0,0,0,0,0,0,0,0,0,0,0,0,0,0,0,0,0,0,0,0,0,0,0,0
10171,1221.742981519403,0,0,0,0,0,0,0,0,0,0,0,0,0,0,0,0,0,0,0,0,0,0,0,0,0,0,0,0,0,0,0,0,0,0,0,0,0,0,0,0,0,0,0,0,0,0,0,0,0,0,0,0,0,0,0,0,0,0,0,0,0,0,0,0,0,0,0,0,0,0,0,0,0,0,0,0,0,0,0,0,0,0,0,0,0,0,0,0,0,0,0,0,0,0,0,0,0,0,0,0,0,0,0,0,0,0,0,0,0,0,0,0,0,0,0,0,0,0,0,0,0,0,0,0,0,0,0,0,0,0,0,0,0,0,0,0,0,0,0,0,0,0,0,0,0,0,0,0,0,0,0,0
10172,283.97500945730314,2.8762400968104602,10.128497230468145,0,0,0,0,0,0,0,0,0,0,0,0,0,0,0,0,0,0,0,0,0,0,0,0,0,0,0,0,0,0,0,0,0,0,0,0,0,0,0,0,0,0,0,0,0,0,0,0,0,0,0,5.491942531805428,5.491942531805428,5.491942531805428,5.491942531805428,5.491942531805428,5.491942531805428,5.491942531805428,5.491942531805428,5.491942531805428,5.491942531805428,5.491942531805428,5.491942531805428,5.491942531805428,5.491942531805428,5.491942531805428,5.491942531805428,5.491942531805428,5.491942531805428,5.491942531805428,5.491942531805428,5.491942531805428,5.491942531805428,5.491942531805428,5.491942531805428,0,0,0,0,0,0,0,0,0,0,0,0,0,0,0,0,0,0,0,0,0,0,0,0,0,0,0,0,0,0,0,0,0,0,0,0,0,0,0,0,0,0,0,0,0,0,0,0,0,0,0,19.339527595406825,19.339527595406825,19.339527595406825,19.339527595406825,19.339527595406825,19.339527595406825,19.339527595406825,19.339527595406825,19.339527595406825,19.339527595406825,19.339527595406825,19.339527595406825,19.339527595406825,19.339527595406825,19.339527595406825,19.339527595406825,19.339527595406825,19.339527595406825,19.339527595406825,19.339527595406825,19.339527595406825,19.339527595406825,19.339527595406825,19.339527595406825
10173,3670.9812604294866,0,0,0,0,0,0,0,0,0,0,0,0,0,0,0,0,0,0,0,0,0,0,0,0,0,0,0,0,0,0,0,0,0,0,0,0,0,0,0,0,0,0,0,0,0,0,0,0,0,0,0,0,0,0,0,0,0,0,0,0,0,0,0,0,0,0,0,0,0,0,0,0,0,0,0,0,0,0,0,0,0,0,0,0,0,0,0,0,0,0,0,0,0,0,0,0,0,0,0,0,0,0,0,0,0,0,0,0,0,0,0,0,0,0,0,0,0,0,0,0,0,0,0,0,0,0,0,0,0,0,0,0,0,0,0,0,0,0,0,0,0,0,0,0,0,0,0,0,0,0,0,0
10174,111.06370371251387,0,0,0,0,0,0,0,0,0,0,0,0,0,0,0,0,0,0,0,0,0,0,0,0,0,0,0,0,0,0,0,0,0,0,0,0,0,0,0,0,0,0,0,0,0,0,0,0,0,0,0,0,0,0,0,0,0,0,0,0,0,0,0,0,0,0,0,0,0,0,0,0,0,0,0,0,0,0,0,0,0,0,0,0,0,0,0,0,0,0,0,0,0,0,0,0,0,0,0,0,0,0,0,0,0,0,0,0,0,0,0,0,0,0,0,0,0,0,0,0,0,0,0,0,0,0,0,0,0,0,0,0,0,0,0,0,0,0,0,0,0,0,0,0,0,0,0,0,0,0,0,0
10175,1407.0885011353128,0,0,0,0,0,0,0,0,0,0,0,0,0,0,0,0,0,0,0,0,0,0,0,0,0,0,0,0,0,0,0,0,0,0,0,0,0,0,0,0,0,0,0,0,0,0,0,0,0,0,0,0,0,0,0,0,0,0,0,0,0,0,0,0,0,0,0,0,0,0,0,0,0,0,0,0,0,0,0,0,0,0,0,0,0,0,0,0,0,0,0,0,0,0,0,0,0,0,0,0,0,0,0,0,0,0,0,0,0,0,0,0,0,0,0,0,0,0,0,0,0,0,0,0,0,0,0,0,0,0,0,0,0,0,0,0,0,0,0,0,0,0,0,0,0,0,0,0,0,0,0,0
10176,490.35267458422254,0,0,0,0,0,0,0,0,0,0,0,0,0,0,0,0,0,0,0,0,0,0,0,0,0,0,0,0,0,0,0,0,0,0,0,0,0,0,0,0,0,0,0,0,0,0,0,0,0,0,0,0,0,0,0,0,0,0,0,0,0,0,0,0,0,0,0,0,0,0,0,0,0,0,0,0,0,0,0,0,0,0,0,0,0,0,0,0,0,0,0,0,0,0,0,0,0,0,0,0,0,0,0,0,0,0,0,0,0,0,0,0,0,0,0,0,0,0,0,0,0,0,0,0,0,0,0,0,0,0,0,0,0,0,0,0,0,0,0,0,0,0,0,0,0,0,0,0,0,0,0,0
10177,1463.5461610486866,0,0,0,0,0,0,0,0,0,0,0,0,0,0,0,0,0,0,0,0,0,0,0,0,0,0,0,0,0,0,0,0,0,0,0,0,0,0,0,0,0,0,0,0,0,0,0,0,0,0,0,0,0,0,0,0,0,0,0,0,0,0,0,0,0,0,0,0,0,0,0,0,0,0,0,0,0,0,0,0,0,0,0,0,0,0,0,0,0,0,0,0,0,0,0,0,0,0,0,0,0,0,0,0,0,0,0,0,0,0,0,0,0,0,0,0,0,0,0,0,0,0,0,0,0,0,0,0,0,0,0,0,0,0,0,0,0,0,0,0,0,0,0,0,0,0,0,0,0,0,0,0
10178,118.212480608689,0,0,0,0,0,0,0,0,0,0,0,0,0,0,0,0,0,0,0,0,0,0,0,0,0,0,0,0,0,0,0,0,0,0,0,0,0,0,0,0,0,0,0,0,0,0,0,0,0,0,0,0,0,0,0,0,0,0,0,0,0,0,0,0,0,0,0,0,0,0,0,0,0,0,0,0,0,0,0,0,0,0,0,0,0,0,0,0,0,0,0,0,0,0,0,0,0,0,0,0,0,0,0,0,0,0,0,0,0,0,0,0,0,0,0,0,0,0,0,0,0,0,0,0,0,0,0,0,0,0,0,0,0,0,0,0,0,0,0,0,0,0,0,0,0,0,0,0,0,0,0,0
10179,459.2763271629865,0,0,0,0,0,0,0,0,0,0,0,0,0,0,0,0,0,0,0,0,0,0,0,0,0,0,0,0,0,0,0,0,0,0,0,0,0,0,0,0,0,0,0,0,0,0,0,0,0,0,0,0,0,0,0,0,0,0,0,0,0,0,0,0,0,0,0,0,0,0,0,0,0,0,0,0,0,0,0,0,0,0,0,0,0,0,0,0,0,0,0,0,0,0,0,0,0,0,0,0,0,0,0,0,0,0,0,0,0,0,0,0,0,0,0,0,0,0,0,0,0,0,0,0,0,0,0,0,0,0,0,0,0,0,0,0,0,0,0,0,0,0,0,0,0,0,0,0,0,0,0,0
10180,1004.2046743527669,0,0,0,0,0,0,0,0,0,0,0,0,0,0,0,0,0,0,0,0,0,0,0,0,0,0,0,0,0,0,0,0,0,0,0,0,0,0,0,0,0,0,0,0,0,0,0,0,0,0,0,0,0,0,0,0,0,0,0,0,0,0,0,0,0,0,0,0,0,0,0,0,0,0,0,0,0,0,0,0,0,0,0,0,0,0,0,0,0,0,0,0,0,0,0,0,0,0,0,0,0,0,0,0,0,0,0,0,0,0,0,0,0,0,0,0,0,0,0,0,0,0,0,0,0,0,0,0,0,0,0,0,0,0,0,0,0,0,0,0,0,0,0,0,0,0,0,0,0,0,0,0
10181,1626.640007349781,0,0,0,0,0,0,0,0,0,0,0,0,0,0,0,0,0,0,0,0,0,0,0,0,0,0,0,0,0,0,0,0,0,0,0,0,0,0,0,0,0,0,0,0,0,0,0,0,0,0,0,0,0,0,0,0,0,0,0,0,0,0,0,0,0,0,0,0,0,0,0,0,0,0,0,0,0,0,0,0,0,0,0,0,0,0,0,0,0,0,0,0,0,0,0,0,0,0,0,0,0,0,0,0,0,0,0,0,0,0,0,0,0,0,0,0,0,0,0,0,0,0,0,0,0,0,0,0,0,0,0,0,0,0,0,0,0,0,0,0,0,0,0,0,0,0,0,0,0,0,0,0
10182,1583.6294830473023,58.11946219177808,36.70016428334081,0,0,0,0,0,0,0,0,0,0,0,0,0,0,0,0,0,0,0,0,0,0,0,0,0,0,0,0,0,0,0,0,0,0,0,0,0,0,0,0,0,0,0,0,0,0,0,0,0,0,0,0,0,0,0,0,0,0,0,0,0,0,0,0,0,0,0,0,0,0,0,0,0,0,0,0,0,0,0,0,0,0,0,0,0,0,0,0,0,0,0,0,0,0,0,0,0,0,0,0,0,0,0,0,0,0,0,0,0,0,0,0,0,0,0,0,0,0,0,0,0,0,0,0,0,0,0,0,0,0,0,0,0,0,0,0,0,0,0,0,0,0,0,0,0,0,0,0,0,0
10183,408.10284852158344,0,0,0,0,0,0,0,0,0,0,0,0,0,0,0,0,0,0,0,0,0,0,0,0,0,0,0,0,0,0,0,0,0,0,0,0,0,0,0,0,0,0,0,0,0,0,0,0,0,0,0,0,0,0,0,0,0,0,0,0,0,0,0,0,0,0,0,0,0,0,0,0,0,0,0,0,0,0,0,0,0,0,0,0,0,0,0,0,0,0,0,0,0,0,0,0,0,0,0,0,0,0,0,0,0,0,0,0,0,0,0,0,0,0,0,0,0,0,0,0,0,0,0,0,0,0,0,0,0,0,0,0,0,0,0,0,0,0,0,0,0,0,0,0,0,0,0,0,0,0,0,0
10184,323.1365486699944,0,0,0,0,0,0,0,0,0,0,0,0,0,0,0,0,0,0,0,0,0,0,0,0,0,0,0,0,0,0,0,0,0,0,0,0,0,0,0,0,0,0,0,0,9.469859189004435,17.22271694616395,17.22271694616395,17.22271694616395,17.22271694616395,17.22271694616395,17.22271694616395,17.22271694616395,17.22271694616395,17.22271694616395,17.22271694616395,17.22271694616395,17.22271694616395,17.22271694616395,17.22271694616395,17.22271694616395,17.22271694616395,17.22271694616395,17.22271694616395,17.22271694616395,17.22271694616395,17.22271694616395,17.22271694616395,17.22271694616395,17.22271694616395,17.22271694616395,17.22271694616395,17.22271694616395,17.22271694616395,17.22271694616395,17.22271694616395,17.22271694616395,17.22271694616395,0,0,0,0,0,0,0,0,0,0,0,0,0,0,0,0,0,0,0,0,0,0,0,0,0,0,0,0,0,0,0,0,0,0,0,0,0,0,0,0,0,0,29.306060326452265,53.298573055419915,53.298573055419915,53.298573055419915,53.298573055419915,53.298573055419915,53.298573055419915,53.298573055419915,53.298573055419915,53.298573055419915,53.298573055419915,53.298573055419915,53.298573055419915,53.298573055419915,53.298573055419915,53.298573055419915,53.298573055419915,53.298573055419915,53.298573055419915,53.298573055419915,53.298573055419915,53.298573055419915,53.298573055419915,53.298573055419915,53.298573055419915,53.298573055419915,53.298573055419915,53.298573055419915,53.298573055419915,53.298573055419915,53.298573055419915,53.298573055419915,53.298573055419915
10185,1804.3430476736626,0,0,0,0,0,0,0,0,0,0,0,0,0,0,0,0,0,0,0,0,0,0,0,0,0,0,0,0,0,0,0,0,0,0,0,0,0,0,0,0,0,0,0,0,0,0,0,0,0,0,0,0,0,0,0,0,0,0,0,0,0,0,0,0,0,0,0,0,0,0,0,0,0,0,0,0,0,0,0,0,0,0,0,0,0,0,0,0,0,0,0,0,0,0,0,0,0,0,0,0,0,0,0,0,0,0,0,0,0,0,0,0,0,0,0,0,0,0,0,0,0,0,0,0,0,0,0,0,0,0,0,0,0,0,0,0,0,0,0,0,0,0,0,0,0,0,0,0,0,0,0,0
10186,1289.9147018276337,184.49291386706622,143.02722002134317,0,0,0,0,0,0,0,0,0,0,35.53359715689955,35.53359715689955,35.53359715689955,35.53359715689955,35.53359715689955,35.53359715689955,35.53359715689955,35.53359715689955,35.53359715689955,35.53359715689955,35.53359715689955,35.53359715689955,35.53359715689955,35.53359715689955,35.53359715689955,35.53359715689955,35.53359715689955,35.53359715689955,35.53359715689955,35.53359715689955,35.53359715689955,35.53359715689955,35.53359715689955,35.53359715689955,35.53359715689955,35.53359715689955,35.53359715689955,35.53359715689955,35.53359715689955,35.53359715689955,35.53359715689955,35.53359715689955,35.53359715689955,35.53359715689955,35.53359715689955,35.53359715689955,35.53359715689955,35.53359715689955,35.53359715689955,35.53359715689955,35.53359715689955,35.53359715689955,35.53359715689955,35.53359715689955,35.53359715689955,35.53359715689955,35.53359715689955,35.53359715689955,35.53359715689955,35.53359715689955,35.53359715689955,35.53359715689955,35.53359715689955,35.53359715689955,35.53359715689955,35.53359715689955,35.53359715689955,35.53359715689955,35.53359715689955,35.53359715689955,35.53359715689955,35.53359715689955,35.53359715689955,35.53359715689955,35.53359715689955,0,0,0,0,0,0,0,0,0,0,27.547245648532634,27.547245648532634,27.547245648532634,27.547245648532634,27.547245648532634,27.547245648532634,27.547245648532634,27.547245648532634,27.547245648532634,27.547245648532634,27.547245648532634,27.547245648532634,27.547245648532634,27.547245648532634,27.547245648532634,27.547245648532634,27.547245648532634,27.547245648532634,27.547245648532634,27.547245648532634,27.547245648532634,27.547245648532634,27.547245648532634,27.547245648532634,27.547245648532634,27.547245648532634,27.547245648532634,27.547245648532634,27.547245648532634,27.547245648532634,27.547245648532634,27.547245648532634,27.547245648532634,27.547245648532634,27.547245648532634,27.547245648532634,27.547245648532634,27.547245648532634,27.547245648532634,27.547245648532634,27.547245648532634,27.547245648532634,27.547245648532634,27.547245648532634,27.547245648532634,27.547245648532634,27.547245648532634,27.547245648532634,27.547245648532634,27.547245648532634,27.547245648532634,27.547245648532634,27.547245648532634,27.547245648532634,27.547245648532634,27.547245648532634,27.547245648532634,27.547245648532634,27.547245648532634,27.547245648532634,27.547245648532634,27.547245648532634,27.547245648532634,27.547245648532634,27.547245648532634
10187,313.24981551748016,22.175537778754883,70.79186221425701,0,0,0,0,0,0,0,0,0,0,0,0,0,0,0,0,0,0,0,0,0,0,0,0,0,0,0,0,0,0,0,0,0,0,0,0,0,0,0,0,0,0,0,0,0,0,0,0,0,0,0,0,0,0,0,0,0,0,0,0,0,0,0,0,0,0,0,0,0,0,0,0,0,0,0,0,0,0,0,0,0,0,0,0,0,0,0,0,0,0,0,0,0,0,0,0,0,0,0,0,0,0,0,0,0,0,0,0,0,0,0,0,0,0,0,0,0,0,0,0,0,0,0,0,0,0,0,0,0,0,0,0,0,0,0,0,0,0,0,0,0,0,0,0,0,0,0,0,0,0
10188,1721.8730470498645,308.3180669256884,179.0596974927616,0,0,0,0,0,0,0,0,0,0,0,0,0,0,59.95348550008934,59.95348550008934,59.95348550008934,59.95348550008934,59.95348550008934,59.95348550008934,59.95348550008934,59.95348550008934,59.95348550008934,59.95348550008934,59.95348550008934,59.95348550008934,59.95348550008934,59.95348550008934,59.95348550008934,59.95348550008934,59.95348550008934,59.95348550008934,59.95348550008934,59.95348550008934,59.95348550008934,59.95348550008934,59.95348550008934,59.95348550008934,59.95348550008934,59.95348550008934,59.95348550008934,59.95348550008934,59.95348550008934,59.95348550008934,59.95348550008934,59.95348550008934,59.95348550008934,59.95348550008934,59.95348550008934,59.95348550008934,59.95348550008934,59.95348550008934,59.95348550008934,59.95348550008934,59.95348550008934,59.95348550008934,59.95348550008934,59.95348550008934,59.95348550008934,59.95348550008934,59.95348550008934,59.95348550008934,59.95348550008934,59.95348550008934,59.95348550008934,59.95348550008934,59.95348550008934,59.95348550008934,59.95348550008934,59.95348550008934,59.95348550008934,59.95348550008934,59.95348550008934,59.95348550008934,59.95348550008934,0,0,0,0,0,0,0,0,0,0,0,0,0,0,34.81876065300482,34.81876065300482,34.81876065300482,34.81876065300482,34.81876065300482,34.81876065300482,34.81876065300482,34.81876065300482,34.81876065300482,34.81876065300482,34.81876065300482,34.81876065300482,34.81876065300482,34.81876065300482,34.81876065300482,34.81876065300482,34.81876065300482,34.81876065300482,34.81876065300482,34.81876065300482,34.81876065300482,34.81876065300482,34.81876065300482,34.81876065300482,34.81876065300482,34.81876065300482,34.81876065300482,34.81876065300482,34.81876065300482,34.81876065300482,34.81876065300482,34.81876065300482,34.81876065300482,34.81876065300482,34.81876065300482,34.81876065300482,34.81876065300482,34.81876065300482,34.81876065300482,34.81876065300482,34.81876065300482,34.81876065300482,34.81876065300482,34.81876065300482,34.81876065300482,34.81876065300482,34.81876065300482,34.81876065300482,34.81876065300482,34.81876065300482,34.81876065300482,34.81876065300482,34.81876065300482,34.81876065300482,34.81876065300482,34.81876065300482,34.81876065300482,34.81876065300482,34.81876065300482,34.81876065300482,34.81876065300482
10189,313.61846492631526,0,0,0,0,0,0,0,0,0,0,0,0,0,0,0,0,0,0,0,0,0,0,0,0,0,0,0,0,0,0,0,0,0,0,0,0,0,0,0,0,0,0,0,0,0,0,0,0,0,0,0,0,0,0,0,0,0,0,0,0,0,0,0,0,0,0,0,0,0,0,0,0,0,0,0,0,0,0,0,0,0,0,0,0,0,0,0,0,0,0,0,0,0,0,0,0,0,0,0,0,0,0,0,0,0,0,0,0,0,0,0,0,0,0,0,0,0,0,0,0,0,0,0,0,0,0,0,0,0,0,0,0,0,0,0,0,0,0,0,0,0,0,0,0,0,0,0,0,0,0,0,0
10190,1217.4159677686519,78.85149028703202,64.76955483962927,0,0,0,0,0,0,0,0,0,0,0,0,0,0,0,0,0,0,0,0,0,0,0,0,0,0,0,0,0,0,0,0,0,0,0,0,0,0,0,0,0,0,0,0,0,0,0,0,0,0,0,0,0,0,0,0,0,1.2687248653242158,1.2687248653242158,1.2687248653242158,1.2687248653242158,1.2687248653242158,1.2687248653242158,1.2687248653242158,1.2687248653242158,1.2687248653242158,1.2687248653242158,1.2687248653242158,1.2687248653242158,1.2687248653242158,1.2687248653242158,1.2687248653242158,1.2687248653242158,1.2687248653242158,1.2687248653242158,0,0,0,0,0,0,0,0,0,0,0,0,0,0,0,0,0,0,0,0,0,0,0,0,0,0,0,0,0,0,0,0,0,0,0,0,0,0,0,0,0,0,0,0,0,0,0,0,0,0,0,0,0,0,0,0,0,1.0421457405800303,1.0421457405800303,1.0421457405800303,1.0421457405800303,1.0421457405800303,1.0421457405800303,1.0421457405800303,1.0421457405800303,1.0421457405800303,1.0421457405800303,1.0421457405800303,1.0421457405800303,1.0421457405800303,1.0421457405800303,1.0421457405800303,1.0421457405800303,1.0421457405800303,1.0421457405800303
10191,603.8566640686853,0,0,0,0,0,0,0,0,0,0,0,0,0,0,0,0,0,0,0,0,0,0,0,0,0,0,0,0,0,0,0,0,0,0,0,0,0,0,0,0,0,0,0,0,0,0,0,0,0,0,0,0,0,0,0,0,0,0,0,0,0,0,0,0,0,0,0,0,0,0,0,0,0,0,0,0,0,0,0,0,0,0,0,0,0,0,0,0,0,0,0,0,0,0,0,0,0,0,0,0,0,0,0,0,0,0,0,0,0,0,0,0,0,0,0,0,0,0,0,0,0,0,0,0,0,0,0,0,0,0,0,0,0,0,0,0,0,0,0,0,0,0,0,0,0,0,0,0,0,0,0,0
10192,3513.135651904245,9.968667185731807,2.837541209184004,0,0,0,0,0,0,0,0,0,0,0,0,0,0,0,0,0,0,0,0,0,0,0,0,0,0,0,0,0,0,0,0,0,0,0,0,0,0,0,0,0,0,0,0,0,0,0,0,0,0,0,0,0,0,0,0,0,0,0,0,0,0,0,0,0,0,0,0,0,0,0,0,0,0,0,0,0,0,0,0,0,0,0,0,0,0,0,0,0,0,0,0,0,0,0,0,0,0,0,0,0,0,0,0,0,0,0,0,0,0,0,0,0,0,0,0,0,0,0,0,0,0,0,0,0,0,0,0,0,0,0,0,0,0,0,0,0,0,0,0,0,0,0,0,0,0,0,0,0,0
10193,1238.7903203286978,0,0,0,0,0,0,0,0,0,0,0,0,0,0,0,0,0,0,0,0,0,0,0,0,0,0,0,0,0,0,0,0,0,0,0,0,0,0,0,0,0,0,0,0,0,0,0,0,0,0,0,0,0,0,0,0,0,0,0,0,0,0,0,2.269949237285234,2.269949237285234,2.269949237285234,2.269949237285234,2.269949237285234,2.269949237285234,2.269949237285234,2.269949237285234,2.269949237285234,2.269949237285234,2.269949237285234,2.269949237285234,2.269949237285234,2.269949237285234,0,0,0,0,0,0,0,0,0,0,0,0,0,0,0,0,0,0,0,0,0,0,0,0,0,0,0,0,0,0,0,0,0,0,0,0,0,0,0,0,0,0,0,0,0,0,0,0,0,0,0,0,0,0,0,0,0,0,0,0,0,1.8323918100061767,1.8323918100061767,1.8323918100061767,1.8323918100061767,1.8323918100061767,1.8323918100061767,1.8323918100061767,1.8323918100061767,1.8323918100061767,1.8323918100061767,1.8323918100061767,1.8323918100061767,1.8323918100061767,1.8323918100061767
10194,2455.0530740331997,69.57975638465133,28.3414469204711,0,0,0,0,0,0,0,0,0,0,0,0,0,0,0,0,0,0,0,0,59.12175070797537,59.12175070797537,59.12175070797537,59.12175070797537,59.12175070797537,59.12175070797537,59.12175070797537,59.12175070797537,59.12175070797537,59.12175070797537,59.12175070797537,59.12175070797537,59.12175070797537,59.12175070797537,59.12175070797537,59.12175070797537,59.12175070797537,59.12175070797537,59.12175070797537,59.12175070797537,59.12175070797537,59.12175070797537,59.12175070797537,59.12175070797537,59.12175070797537,59.12175070797537,59.12175070797537,59.12175070797537,59.12175070797537,59.12175070797537,59.12175070797537,59.12175070797537,59.12175070797537,59.12175070797537,59.12175070797537,59.12175070797537,59.12175070797537,59.12175070797537,59.12175070797537,59.12175070797537,59.12175070797537,59.12175070797537,59.12175070797537,59.12175070797537,59.12175070797537,59.12175070797537,59.12175070797537,59.12175070797537,59.12175070797537,59.12175070797537,59.12175070797537,59.12175070797537,59.12175070797537,59.12175070797537,59.12175070797537,0,0,0,0,0,0,0,0,0,0,0,0,0,0,0,0,0,0,0,0,24.081658899067804,24.081658899067804,24.081658899067804,24.081658899067804,24.081658899067804,24.081658899067804,24.081658899067804,24.081658899067804,24.081658899067804,24.081658899067804,24.081658899067804,24.081658899067804,24.081658899067804,24.081658899067804,24.081658899067804,24.081658899067804,24.081658899067804,24.081658899067804,24.081658899067804,24.081658899067804,24.081658899067804,24.081658899067804,24.081658899067804,24.081658899067804,24.081658899067804,24.081658899067804,24.081658899067804,24.081658899067804,24.081658899067804,24.081658899067804,24.081658899067804,24.081658899067804,24.081658899067804,24.081658899067804,24.081658899067804,24.081658899067804,24.081658899067804,24.081658899067804,24.081658899067804,24.081658899067804,24.081658899067804,24.081658899067804,24.081658899067804,24.081658899067804,24.081658899067804,24.081658899067804,24.081658899067804,24.081658899067804,24.081658899067804,24.081658899067804,24.081658899067804,24.081658899067804,24.081658899067804,24.081658899067804,24.081658899067804
10195,898.2117088500197,0.6933571824104344,0.7719306880313769,0,0,0,0,0,0,0,0,0,0,0,0,0,0,0,0,0,0,0,0,0,0,0,0,0,0,0,0,0,0,0,0,0,0,0,0,0,0,0,0,0,0,0,0,0,0,0,0,0,0,0,0,0,0,0,0,0,0,0,0,0,0,0,0,0,0,0,0,0,0,0,0,0,0,0,0,0,0,0,0,0,0,0,0,0,0,0,0,0,0,0,0,0,0,0,0,0,0,0,0,0,0,0,0,0,0,0,0,0,0,0,0,0,0,0,0,0,0,0,0,0,0,0,0,0,0,0,0,0,0,0,0,0,0,0,0,0,0,0,0,0,0,0,0,0,0,0,0,0,0
10196,641.4689143298775,0,0,0,0,0,0,0,0,0,0,0,0,0,0,0,0,0,0,0,0,0,0,0,0,0,0,0,0,0,0,0,0,0,0,0,0,0,0,0,0,0,0,0,0,0,0,0,0,0,0,0,0,0,0,0,0,0,0,0,0,0,0,0,0,0,0,0,0,0,0,0,0,0,0,0,0,0,0,0,0,0,0,0,0,0,0,0,0,0,0,0,0,0,0,0,0,0,0,0,0,0,0,0,0,0,0,0,0,0,0,0,0,0,0,0,0,0,0,0,0,0,0,0,0,0,0,0,0,0,0,0,0,0,0,0,0,0,0,0,0,0,0,0,0,0,0,0,0,0,0,0,0
10197,3225.0783026015424,27.71358804521634,8.593151993506915,0,0,0,0,0,0,0,0,0,0,0,0,0,0,0,0,0,0,0,0,0,0,0,0,0,0,0,0,0,0,0,0,0,0,0,0,0,0,0,0,0,0,0,0,0,0,29.72888822774274,29.72888822774274,29.72888822774274,29.72888822774274,29.72888822774274,29.72888822774274,29.72888822774274,29.72888822774274,29.72888822774274,29.72888822774274,29.72888822774274,29.72888822774274,29.72888822774274,29.72888822774274,29.72888822774274,29.72888822774274,29.72888822774274,29.72888822774274,29.72888822774274,29.72888822774274,29.72888822774274,29.72888822774274,29.72888822774274,29.72888822774274,29.72888822774274,29.72888822774274,29.72888822774274,29.72888822774274,29.72888822774274,0,0,0,0,0,0,0,0,0,0,0,0,0,0,0,0,0,0,0,0,0,0,0,0,0,0,0,0,0,0,0,0,0,0,0,0,0,0,0,0,0,0,0,0,0,0,9.21803610280148,9.21803610280148,9.21803610280148,9.21803610280148,9.21803610280148,9.21803610280148,9.21803610280148,9.21803610280148,9.21803610280148,9.21803610280148,9.21803610280148,9.21803610280148,9.21803610280148,9.21803610280148,9.21803610280148,9.21803610280148,9.21803610280148,9.21803610280148,9.21803610280148,9.21803610280148,9.21803610280148,9.21803610280148,9.21803610280148,9.21803610280148,9.21803610280148,9.21803610280148,9.21803610280148,9.21803610280148,9.21803610280148
10198,5352.341573505924,0,0,0,0,0,0,0,0,0,0,0,0,0,0,0,0,0,0,0,0,0,0,0,0,0,0,0,0,0,0,0,0,0,0,0,0,0,0,0,0,0,0,0,0,0,0,0,0,0,0,0,0,0,0,0,0,0,0,0,0,0,0,0,0,0,0,0,0,0,0,0,0,0,0,0,0,0,0,0,0,0,0,0,0,0,0,0,0,0,0,0,0,0,0,0,0,0,0,0,0,0,0,0,0,0,0,0,0,0,0,0,0,0,0,0,0,0,0,0,0,0,0,0,0,0,0,0,0,0,0,0,0,0,0,0,0,0,0,0,0,0,0,0,0,0,0,0,0,0,0,0,0
10199,239.01700993006264,0,0,0,0,0,0,0,0,0,0,0,0,0,0,0,0,0,0,0,0,0,0,0,0,0,0,0,0,0,0,0,0,0,0,0,5.743658311047575,5.743658311047575,6.38641912627845,6.38641912627845,6.38641912627845,6.38641912627845,6.38641912627845,6.38641912627845,6.38641912627845,6.38641912627845,6.38641912627845,6.38641912627845,6.38641912627845,6.38641912627845,6.38641912627845,6.38641912627845,6.38641912627845,6.38641912627845,6.38641912627845,6.38641912627845,6.38641912627845,6.38641912627845,6.38641912627845,6.38641912627845,6.38641912627845,6.38641912627845,6.38641912627845,6.38641912627845,6.38641912627845,6.38641912627845,6.38641912627845,6.38641912627845,6.38641912627845,6.38641912627845,6.38641912627845,6.38641912627845,6.38641912627845,6.38641912627845,6.38641912627845,6.38641912627845,6.38641912627845,6.38641912627845,0,0,0,0,0,0,0,0,0,0,0,0,0,0,0,0,0,0,0,0,0,0,0,0,0,0,0,0,0,0,0,0,0,24.03033287349797,24.03033287349797,26.71951727681282,26.71951727681282,26.71951727681282,26.71951727681282,26.71951727681282,26.71951727681282,26.71951727681282,26.71951727681282,26.71951727681282,26.71951727681282,26.71951727681282,26.71951727681282,26.71951727681282,26.71951727681282,26.71951727681282,26.71951727681282,26.71951727681282,26.71951727681282,26.71951727681282,26.71951727681282,26.71951727681282,26.71951727681282,26.71951727681282,26.71951727681282,26.71951727681282,26.71951727681282,26.71951727681282,26.71951727681282,26.71951727681282,26.71951727681282,26.71951727681282,26.71951727681282,26.71951727681282,26.71951727681282,26.71951727681282,26.71951727681282,26.71951727681282,26.71951727681282,26.71951727681282,26.71951727681282
10200,218.7137870365582,0,0,0,0,0,0,0,0,0,0,0,0,0,0,0,0,0,0,0,0,0,0,0,0,0,0,0,0,0,0,0,0,0,0,0,0,0,0,0,0,0,0,0,0,0,0,0,0,0,0,0,0,0,0,0,0,0,0,0,0,0,0,0,0,0,0,0,0,0,0,0,0,0,0,0,0,0,0,0,0,0,0,0,0,0,0,0,0,0,0,0,0,0,0,0,0,0,0,0,0,0,0,0,0,0,0,0,0,0,0,0,0,0,0,0,0,0,0,0,0,0,0,0,0,0,0,0,0,0,0,0,0,0,0,0,0,0,0,0,0,0,0,0,0,0,0,0,0,0,0,0,0
10201,7737.821917685027,167.70322754808478,21.67318262582316,0,0,0,0,0,0,0,0,0,0,0,0,0,0,0,0,0,0,0,0,59.85626048433055,59.85626048433055,59.85626048433055,59.85626048433055,59.85626048433055,59.85626048433055,59.85626048433055,59.85626048433055,59.85626048433055,59.85626048433055,59.85626048433055,59.85626048433055,59.85626048433055,59.85626048433055,59.85626048433055,59.85626048433055,59.85626048433055,59.85626048433055,59.85626048433055,59.85626048433055,59.85626048433055,59.85626048433055,59.85626048433055,59.85626048433055,59.85626048433055,59.85626048433055,59.85626048433055,59.85626048433055,59.85626048433055,59.85626048433055,59.85626048433055,59.85626048433055,59.85626048433055,59.85626048433055,59.85626048433055,59.85626048433055,59.85626048433055,59.85626048433055,59.85626048433055,59.85626048433055,59.85626048433055,59.85626048433055,59.85626048433055,59.85626048433055,59.85626048433055,59.85626048433055,59.85626048433055,59.85626048433055,59.85626048433055,59.85626048433055,59.85626048433055,59.85626048433055,59.85626048433055,59.85626048433055,59.85626048433055,0,0,0,0,0,0,0,0,0,0,0,0,0,0,0,0,0,0,0,0,7.735543815957724,7.735543815957724,7.735543815957724,7.735543815957724,7.735543815957724,7.735543815957724,7.735543815957724,7.735543815957724,7.735543815957724,7.735543815957724,7.735543815957724,7.735543815957724,7.735543815957724,7.735543815957724,7.735543815957724,7.735543815957724,7.735543815957724,7.735543815957724,7.735543815957724,7.735543815957724,7.735543815957724,7.735543815957724,7.735543815957724,7.735543815957724,7.735543815957724,7.735543815957724,7.735543815957724,7.735543815957724,7.735543815957724,7.735543815957724,7.735543815957724,7.735543815957724,7.735543815957724,7.735543815957724,7.735543815957724,7.735543815957724,7.735543815957724,7.735543815957724,7.735543815957724,7.735543815957724,7.735543815957724,7.735543815957724,7.735543815957724,7.735543815957724,7.735543815957724,7.735543815957724,7.735543815957724,7.735543815957724,7.735543815957724,7.735543815957724,7.735543815957724,7.735543815957724,7.735543815957724,7.735543815957724,7.735543815957724
10202,950.2741114928644,0,0,0,0,0,0,0,0,0,0,0,0,0,0,0,0,0,0,0,0,0,0,0,0,0,0,0,0,0,0,0,0,0,0,0,0,0,0,0,0,0,0,0,0,0,0,0,0,0,0,0,0,0,0,0,0,0,0,0,0,0,0,0,0,0,0,0,0,0,0,0,0,0,0,0,0,0,0,0,0,0,0,0,0,0,0,0,0,0,0,0,0,0,0,0,0,0,0,0,0,0,0,0,0,0,0,0,0,0,0,0,0,0,0,0,0,0,0,0,0,0,0,0,0,0,0,0,0,0,0,0,0,0,0,0,0,0,0,0,0,0,0,0,0,0,0,0,0,0,0,0,0
10203,585.2744164818362,0,0,0,0,0,0,0,0,0,0,0,0,0,0,0,0,0,0,0,0,0,0,0,0,0,0,0,0,0,0,0,0,0,0,0,0,0,0,0,0,0,0,0,0,0,0,0,0,0,0,0,0,0,0,0,0,0,0,0,0,0,0,0,0,0,0,0,0,0,0,0,0,0,0,0,0,0,0,0,0,0,0,0,0,0,0,0,0,0,0,0,0,0,0,0,0,0,0,0,0,0,0,0,0,0,0,0,0,0,0,0,0,0,0,0,0,0,0,0,0,0,0,0,0,0,0,0,0,0,0,0,0,0,0,0,0,0,0,0,0,0,0,0,0,0,0,0,0,0,0,0,0
10204,405.1716922375568,0,0,0,0,0,0,0,0,0,0,0,0,0,0,0,0,0,0,0,0,0,0,0,0,0,0,0,0,0,0,0,0,0,0,0,0,0,0,0,0,0,0,0,0,0,0,0,0,0,0,0,0,0,0,0,0,0,0,0,0,0,0,0,0,0,0,0,0,0,0,0,0,0,0,0,0,0,0,0,0,0,0,0,0,0,0,0,0,0,0,0,0,0,0,0,0,0,0,0,0,0,0,0,0,0,0,0,0,0,0,0,0,0,0,0,0,0,0,0,0,0,0,0,0,0,0,0,0,0,0,0,0,0,0,0,0,0,0,0,0,0,0,0,0,0,0,0,0,0,0,0,0
10205,457.4976814115245,0,0,0,0,0,0,0,0,0,0,0,0,0,0,0,0,0,0,0,0,0,0,0,0,0,0,0,0,0,0,0,8.623415544300755,8.623415544300755,8.623415544300755,14.115143177955094,14.115143177955094,14.115143177955094,14.115143177955094,14.115143177955094,14.115143177955094,14.115143177955094,14.115143177955094,14.115143177955094,14.115143177955094,14.115143177955094,14.115143177955094,14.115143177955094,14.115143177955094,14.115143177955094,14.115143177955094,14.115143177955094,14.115143177955094,14.115143177955094,14.115143177955094,14.115143177955094,14.115143177955094,14.115143177955094,14.115143177955094,14.115143177955094,14.115143177955094,14.115143177955094,14.115143177955094,14.115143177955094,14.115143177955094,14.115143177955094,14.115143177955094,14.115143177955094,14.115143177955094,14.115143177955094,14.115143177955094,14.115143177955094,14.115143177955094,14.115143177955094,14.115143177955094,14.115143177955094,14.115143177955094,14.115143177955094,0,0,0,0,0,0,0,0,0,0,0,0,0,0,0,0,0,0,0,0,0,0,0,0,0,0,0,0,0,18.8490912515552,18.8490912515552,18.8490912515552,30.852928334861563,30.852928334861563,30.852928334861563,30.852928334861563,30.852928334861563,30.852928334861563,30.852928334861563,30.852928334861563,30.852928334861563,30.852928334861563,30.852928334861563,30.852928334861563,30.852928334861563,30.852928334861563,30.852928334861563,30.852928334861563,30.852928334861563,30.852928334861563,30.852928334861563,30.852928334861563,30.852928334861563,30.852928334861563,30.852928334861563,30.852928334861563,30.852928334861563,30.852928334861563,30.852928334861563,30.852928334861563,30.852928334861563,30.852928334861563,30.852928334861563,30.852928334861563,30.852928334861563,30.852928334861563,30.852928334861563,30.852928334861563,30.852928334861563,30.852928334861563,30.852928334861563,30.852928334861563,30.852928334861563,30.852928334861563,30.852928334861563
10206,615.2870483835757,0,0,0,0,0,0,0,0,0,0,0,0,0,0,0,0,0,0,0,0,0,0,0,0,0,0,0,0,0,0,0,0,0,0,0,0,0,0,0,0,0,0,0,0,0,0,0,0,0,0,0,0,0,0,0,0,0,0,0,0,0,0,0,0,0,0,0,0,0,0,0,0,0,0,0,0,0,0,0,0,0,0,0,0,0,0,0,0,0,0,0,0,0,0,0,0,0,0,0,0,0,0,0,0,0,0,0,0,0,0,0,0,0,0,0,0,0,0,0,0,0,0,0,0,0,0,0,0,0,0,0,0,0,0,0,0,0,0,0,0,0,0,0,0,0,0,0,0,0,0,0,0
10207,776.1129797589167,0,0,0,0,0,0,0,0,0,0,0,0,0,0,0,0,0,0,0,0,0,0,0,0,0,0,0,0,0,0,0,0,0,0,0,0,0,0,0,0,0,0,0,0,0,0,0,0,0,0,0,0,0,0,0,0,0,0,0,0,0,0,0,0,0,0,0,0,0,0,0,0,0,0,0,0,0,0,0,0,0,0,0,0,0,0,0,0,0,0,0,0,0,0,0,0,0,0,0,0,0,0,0,0,0,0,0,0,0,0,0,0,0,0,0,0,0,0,0,0,0,0,0,0,0,0,0,0,0,0,0,0,0,0,0,0,0,0,0,0,0,0,0,0,0,0,0,0,0,0,0,0
10208,2684.6297590338672,25.32076225734209,9.431752058970849,0,0,0,0,0,0,0,0,0,0,0,0,0,0,0,0,0,0,0,0,0,0,0,0,0,0,0,0,0,0,0,0,0,0,0,0,0,0,0,0,0,0,0,0,0,0,0,0,0,0,0,0,0,0,0,0,0,0,0,0,0,0,0,0,0,0,0,0,0,0,0,0,0,0,0,0,0,0,0,0,0,0,0,0,0,0,0,0,0,0,0,0,0,0,0,0,0,0,0,0,0,0,0,0,0,0,0,0,0,0,0,0,0,0,0,0,0,0,0,0,0,0,0,0,0,0,0,0,0,0,0,0,0,0,0,0,0,0,0,0,0,0,0,0,0,0,0,0,0,0
10209,208.37219951429387,55.73506829799598,267.4784276785094,0,0,0,0,0,0,0,12.522982566626647,12.522982566626647,12.522982566626647,12.522982566626647,12.522982566626647,12.522982566626647,12.522982566626647,12.522982566626647,12.522982566626647,12.522982566626647,12.522982566626647,12.522982566626647,12.522982566626647,12.522982566626647,12.522982566626647,12.522982566626647,12.522982566626647,12.522982566626647,12.522982566626647,12.522982566626647,12.522982566626647,12.522982566626647,12.522982566626647,12.522982566626647,12.522982566626647,12.522982566626647,12.522982566626647,12.522982566626647,12.522982566626647,12.522982566626647,12.522982566626647,12.522982566626647,12.522982566626647,12.522982566626647,12.522982566626647,12.522982566626647,12.522982566626647,12.522982566626647,12.522982566626647,12.522982566626647,12.522982566626647,12.522982566626647,12.522982566626647,12.522982566626647,12.522982566626647,12.522982566626647,12.522982566626647,12.522982566626647,12.522982566626647,12.522982566626647,12.522982566626647,12.522982566626647,12.522982566626647,12.522982566626647,12.522982566626647,12.522982566626647,12.522982566626647,12.522982566626647,12.522982566626647,12.522982566626647,12.522982566626647,12.522982566626647,12.522982566626647,12.522982566626647,12.522982566626647,12.522982566626647,12.522982566626647,12.522982566626647,0,0,0,0,0,0,0,60.09910437101087,60.09910437101087,60.09910437101087,60.09910437101087,60.09910437101087,60.09910437101087,60.09910437101087,60.09910437101087,60.09910437101087,60.09910437101087,60.09910437101087,60.09910437101087,60.09910437101087,60.09910437101087,60.09910437101087,60.09910437101087,60.09910437101087,60.09910437101087,60.09910437101087,60.09910437101087,60.09910437101087,60.09910437101087,60.09910437101087,60.09910437101087,60.09910437101087,60.09910437101087,60.09910437101087,60.09910437101087,60.09910437101087,60.09910437101087,60.09910437101087,60.09910437101087,60.09910437101087,60.09910437101087,60.09910437101087,60.09910437101087,60.09910437101087,60.09910437101087,60.09910437101087,60.09910437101087,60.09910437101087,60.09910437101087,60.09910437101087,60.09910437101087,60.09910437101087,60.09910437101087,60.09910437101087,60.09910437101087,60.09910437101087,60.09910437101087,60.09910437101087,60.09910437101087,60.09910437101087,60.09910437101087,60.09910437101087,60.09910437101087,60.09910437101087,60.09910437101087,60.09910437101087,60.09910437101087,60.09910437101087,60.09910437101087,60.09910437101087,60.09910437101087,60.09910437101087,60.09910437101087,60.09910437101087,60.09910437101087
10210,57.76083013204026,0,0,0,0,0,0,0,0,0,0,0,0,0,0,0,0,0,0,0,0,0,0,0,0,0,0,0,0,0,0,0,0,0,0,0,0,0,0,0,0,0,0,0,0,0,0,0,0,0,0,0,0,0,0,0,0,0,0,0,0,0,0,0,0,0,0,0,0,0,0,0,0,0,0,0,0,0,0,0,0,0,0,0,0,0,0,0,0,0,0,0,0,0,0,0,0,0,0,0,0,0,0,0,0,0,0,0,0,0,0,0,0,0,0,0,0,0,0,0,0,0,0,0,0,0,0,0,0,0,0,0,0,0,0,0,0,0,0,0,0,0,0,0,0,0,0,0,0,0,0,0,0
10211,1278.42137860082,0,0,0,0,0,0,0,0,0,0,0,0,0,0,0,0,0,0,0,0,0,0,0,0,0,0,0,0,0,0,0,0,0,0,0,0,0,0,0,0,0,0,0,0,0,0,0,0,0,0,0,0,0,0,0,0,0,0,0,0,0,0,0,0,0,0,0,0,0,0,0,0,0,0,0,0,0,0,0,0,0,0,0,0,0,0,0,0,0,0,0,0,0,0,0,0,0,0,0,0,0,0,0,0,0,0,0,0,0,0,0,0,0,0,0,0,0,0,0,0,0,0,0,0,0,0,0,0,0,0,0,0,0,0,0,0,0,0,0,0,0,0,0,0,0,0,0,0,0,0,0,0
10212,845.5112637479735,0,0,0,0,0,0,0,0,0,0,0,0,0,0,0,0,0,0,0,0,0,0,0,0,0,0,0,0,0,0,0,0,0,0,0,0,0,0,0,0,0,0,0,0,0,0,0,0,0,0,0,0,0,0,0,0,0,0,0,0,0,0,0,33.348695845125405,33.348695845125405,33.348695845125405,33.348695845125405,33.348695845125405,33.348695845125405,33.348695845125405,33.348695845125405,33.348695845125405,33.348695845125405,33.348695845125405,33.348695845125405,33.348695845125405,33.348695845125405,0,0,0,0,0,0,0,0,0,0,0,0,0,0,0,0,0,0,0,0,0,0,0,0,0,0,0,0,0,0,0,0,0,0,0,0,0,0,0,0,0,0,0,0,0,0,0,0,0,0,0,0,0,0,0,0,0,0,0,0,0,39.44204799507656,39.44204799507656,39.44204799507656,39.44204799507656,39.44204799507656,39.44204799507656,39.44204799507656,39.44204799507656,39.44204799507656,39.44204799507656,39.44204799507656,39.44204799507656,39.44204799507656,39.44204799507656
10213,2139.118560350513,0,0,0,0,0,0,0,0,0,0,0,0,0,0,0,0,0,0,0,0,0,0,0,0,0,0,0,0,0,0,0,0,0,0,0,0,0,0,0,0,0,0,0,0,0,0,0,0,0,0,0,0,0,0,0,0,0,0,0,0,0,0,0,0,0,0,0,0,0,0,0,0,0,0,0,0,0,0,0,0,0,0,0,0,0,0,0,0,0,0,0,0,0,0,0,0,0,0,0,0,0,0,0,0,0,0,0,0,0,0,0,0,0,0,0,0,0,0,0,0,0,0,0,0,0,0,0,0,0,0,0,0,0,0,0,0,0,0,0,0,0,0,0,0,0,0,0,0,0,0,0,0
10214,650.4089176659135,0,0,0,0,0,0,0,0,0,0,0,0,0,0,0,0,0,0,0,0,0,0,0,0,0,0,0,0,0,0,0,0,0,0,0,0,0,0,0,0,0,0,0,0,0,0,0,0,0,0,0,0,0,0,0,0,0,0,0,0,0,0,0,1.7420324379872838,1.7420324379872838,1.7420324379872838,1.7420324379872838,1.7420324379872838,1.7420324379872838,1.7420324379872838,1.7420324379872838,1.7420324379872838,1.7420324379872838,1.7420324379872838,1.7420324379872838,1.7420324379872838,1.7420324379872838,0,0,0,0,0,0,0,0,0,0,0,0,0,0,0,0,0,0,0,0,0,0,0,0,0,0,0,0,0,0,0,0,0,0,0,0,0,0,0,0,0,0,0,0,0,0,0,0,0,0,0,0,0,0,0,0,0,0,0,0,0,2.678364934230636,2.678364934230636,2.678364934230636,2.678364934230636,2.678364934230636,2.678364934230636,2.678364934230636,2.678364934230636,2.678364934230636,2.678364934230636,2.678364934230636,2.678364934230636,2.678364934230636,2.678364934230636
10215,1287.2846140970707,0,0,0,0,0,0,0,0,0,0,0,0,0,0,0,0,0,0,0,0,0,0,0,0,0,0,0,0,0,0,0,0,0,0,0,0,0,0,0,0,0,0,0,0,0,0,0,0,0,0,0,0,0,0,0,0,0,0,0,0,0,0,0,0,0,0,0,0,0,0,0,0,0,0,0,0,0,0,0,0,0,0,0,0,0,0,0,0,0,0,0,0,0,0,0,0,0,0,0,0,0,0,0,0,0,0,0,0,0,0,0,0,0,0,0,0,0,0,0,0,0,0,0,0,0,0,0,0,0,0,0,0,0,0,0,0,0,0,0,0,0,0,0,0,0,0,0,0,0,0,0,0
10216,3003.889777627417,0,0,0,0,0,0,0,0,0,0,0,0,0,0,0,0,0,0,0,0,0,0,0,0,0,0,0,0,0,0,0,0,0,0,0,0,0,0,0,0,0,0,0,0,0,0,0,0,0,0,0,0,0,0,0,0,0,0,0,0,0,0,0,0,0,0,0,0,0,0,0,0,0,0,0,0,0,0,0,0,0,0,0,0,0,0,0,0,0,0,0,0,0,0,0,0,0,0,0,0,0,0,0,0,0,0,0,0,0,0,0,0,0,0,0,0,0,0,0,0,0,0,0,0,0,0,0,0,0,0,0,0,0,0,0,0,0,0,0,0,0,0,0,0,0,0,0,0,0,0,0,0
10217,2292.664476688377,0,0,0,0,0,0,0,0,0,0,0,0,0,0,0,0,0,0,0,0,0,0,0,0,0,0,0,0,0,0,0,0,0,0,0,0,0,0,0,0,0,0,0,0,0,0,0,0,0,0,0,0,0,0,0,0,0,0,0,0,0,0,0,0,0,0,0,0,0,0,0,0,0,0,0,0,0,0,0,0,0,0,0,0,0,0,0,0,0,0,0,0,0,0,0,0,0,0,0,0,0,0,0,0,0,0,0,0,0,0,0,0,0,0,0,0,0,0,0,0,0,0,0,0,0,0,0,0,0,0,0,0,0,0,0,0,0,0,0,0,0,0,0,0,0,0,0,0,0,0,0,0
10218,724.6166727522955,180.25677979148426,248.76156810858205,0,15.529351821326962,15.529351821326962,15.529351821326962,15.529351821326962,15.529351821326962,15.529351821326962,15.529351821326962,15.529351821326962,15.529351821326962,15.529351821326962,15.529351821326962,15.529351821326962,15.529351821326962,15.529351821326962,15.529351821326962,15.529351821326962,15.529351821326962,15.529351821326962,15.529351821326962,15.529351821326962,15.529351821326962,15.529351821326962,15.529351821326962,15.529351821326962,15.529351821326962,15.529351821326962,15.529351821326962,15.529351821326962,15.529351821326962,15.529351821326962,15.529351821326962,15.529351821326962,15.529351821326962,15.529351821326962,15.529351821326962,15.529351821326962,15.529351821326962,15.529351821326962,15.529351821326962,15.529351821326962,15.529351821326962,15.529351821326962,15.529351821326962,15.529351821326962,15.529351821326962,15.529351821326962,15.529351821326962,15.529351821326962,15.529351821326962,15.529351821326962,15.529351821326962,15.529351821326962,15.529351821326962,15.529351821326962,15.529351821326962,15.529351821326962,15.529351821326962,15.529351821326962,15.529351821326962,15.529351821326962,15.529351821326962,15.529351821326962,15.529351821326962,15.529351821326962,15.529351821326962,15.529351821326962,15.529351821326962,15.529351821326962,15.529351821326962,15.529351821326962,15.529351821326962,15.529351821326962,15.529351821326962,15.529351821326962,0,21.431126836127255,21.431126836127255,21.431126836127255,21.431126836127255,21.431126836127255,21.431126836127255,21.431126836127255,21.431126836127255,21.431126836127255,21.431126836127255,21.431126836127255,21.431126836127255,21.431126836127255,21.431126836127255,21.431126836127255,21.431126836127255,21.431126836127255,21.431126836127255,21.431126836127255,21.431126836127255,21.431126836127255,21.431126836127255,21.431126836127255,21.431126836127255,21.431126836127255,21.431126836127255,21.431126836127255,21.431126836127255,21.431126836127255,21.431126836127255,21.431126836127255,21.431126836127255,21.431126836127255,21.431126836127255,21.431126836127255,21.431126836127255,21.431126836127255,21.431126836127255,21.431126836127255,21.431126836127255,21.431126836127255,21.431126836127255,21.431126836127255,21.431126836127255,21.431126836127255,21.431126836127255,21.431126836127255,21.431126836127255,21.431126836127255,21.431126836127255,21.431126836127255,21.431126836127255,21.431126836127255,21.431126836127255,21.431126836127255,21.431126836127255,21.431126836127255,21.431126836127255,21.431126836127255,21.431126836127255,21.431126836127255,21.431126836127255,21.431126836127255,21.431126836127255,21.431126836127255,21.431126836127255,21.431126836127255,21.431126836127255,21.431126836127255,21.431126836127255,21.431126836127255,21.431126836127255,21.431126836127255,21.431126836127255
10219,1868.4248242674964,0,0,0,0,0,0,0,0,0,0,0,0,0,0,0,0,0,0,0,0,0,0,0,0,0,0,0,0,0,0,0,0,0,0,0,0,0,0,0,0,0,0,0,0,0,0,0,0,0,0,0,0,0,0,0,0,0,0,0,0,0,0,0,0,0,0,0,0,0,0,0,0,0,0,0,0,0,0,0,0,0,0,0,0,0,0,0,0,0,0,0,0,0,0,0,0,0,0,0,0,0,0,0,0,0,0,0,0,0,0,0,0,0,0,0,0,0,0,0,0,0,0,0,0,0,0,0,0,0,0,0,0,0,0,0,0,0,0,0,0,0,0,0,0,0,0,0,0,0,0,0,0
10220,491.91394118905737,0,0,0,0,0,0,0,0,0,0,0,0,0,0,0,0,0,0,0,0,0,0,0,0,0,0,0,0,0,0,0,0,0,0,0,0,0,0,0,0,0,0,0,0,0,0,0,0,0,0,0,0,0,0,0,0,0,0,0,0,0,0,0,0,0,0,0,0,0,0,0,0,0,0,0,0,0,0,0,0,0,0,0,0,0,0,0,0,0,0,0,0,0,0,0,0,0,0,0,0,0,0,0,0,0,0,0,0,0,0,0,0,0,0,0,0,0,0,0,0,0,0,0,0,0,0,0,0,0,0,0,0,0,0,0,0,0,0,0,0,0,0,0,0,0,0,0,0,0,0,0,0
10221,1466.4896093150223,0,0,0,0,0,0,0,0,0,0,0,0,0,0,0,0,0,0,0,0,0,0,0,0,0,0,0,0,0,0,0,0,0,0,0,0,0,0,0,0,0,0,0,0,0,0,0,0,0,0,0,0,0,0,0,0,0,0,0,0,0,0,0,0,0,0,0,0,0,0,0,0,0,0,0,0,0,0,0,0,0,0,0,0,0,0,0,0,0,0,0,0,0,0,0,0,0,0,0,0,0,0,0,0,0,0,0,0,0,0,0,0,0,0,0,0,0,0,0,0,0,0,0,0,0,0,0,0,0,0,0,0,0,0,0,0,0,0,0,0,0,0,0,0,0,0,0,0,0,0,0,0
10222,530.1256905827105,0,0,0,0,0,0,0,0,0,0,0,0,0,0,0,0,0,0,0,0,0,0,0,0,0,0,0,0,0,0,0,0,0,0,0,0,0,0,0,0,0,0,0,0,0,0,0,0,0,0,0,0,0,0,0,0,0,0,0,0,0,30.19788920645418,30.19788920645418,30.19788920645418,30.19788920645418,30.19788920645418,30.19788920645418,30.19788920645418,30.19788920645418,30.19788920645418,30.19788920645418,30.19788920645418,30.19788920645418,30.19788920645418,30.19788920645418,30.19788920645418,30.19788920645418,0,0,0,0,0,0,0,0,0,0,0,0,0,0,0,0,0,0,0,0,0,0,0,0,0,0,0,0,0,0,0,0,0,0,0,0,0,0,0,0,0,0,0,0,0,0,0,0,0,0,0,0,0,0,0,0,0,0,0,56.96364040245035,56.96364040245035,56.96364040245035,56.96364040245035,56.96364040245035,56.96364040245035,56.96364040245035,56.96364040245035,56.96364040245035,56.96364040245035,56.96364040245035,56.96364040245035,56.96364040245035,56.96364040245035,56.96364040245035,56.96364040245035
10223,2232.778854355839,0,0,0,0,0,0,0,0,0,0,0,0,0,0,0,0,0,0,0,0,0,0,0,0,0,0,0,0,0,0,0,0,0,0,0,0,0,0,0,0,0,0,0,0,0,0,0,0,0,0,0,0,0,0,0,0,0,0,0,0,0,0,0,0,0,0,0,0,0,0,0,0,0,0,0,0,0,0,0,0,0,0,0,0,0,0,0,0,0,0,0,0,0,0,0,0,0,0,0,0,0,0,0,0,0,0,0,0,0,0,0,0,0,0,0,0,0,0,0,0,0,0,0,0,0,0,0,0,0,0,0,0,0,0,0,0,0,0,0,0,0,0,0,0,0,0,0,0,0,0,0,0
10224,9227.99688665936,0,0,0,0,0,0,0,0,0,0,0,0,0,0,0,0,0,0,0,0,0,0,0,0,0,0,0,0,0,0,0,0,0,0,0,0,0,0,0,0,0,0,0,0,0,0,0,0,0,0,0,0,0,0,0,0,0,0,0,0,0,0,0,0,0,0,0,0,0,0,0,0,0,0,0,0,0,0,0,0,0,0,0,0,0,0,0,0,0,0,0,0,0,0,0,0,0,0,0,0,0,0,0,0,0,0,0,0,0,0,0,0,0,0,0,0,0,0,0,0,0,0,0,0,0,0,0,0,0,0,0,0,0,0,0,0,0,0,0,0,0,0,0,0,0,0,0,0,0,0,0,0
10225,439.5581000970122,13.394538262625742,30.472736731889402,0,0,0,0,0,0,0,0,0,0,0,0,0,0,0,0,0,0,0,0,0,0,0,0,0,0,0,0,0,0,0,0,0,0,0,0,0,0,0,0,0,0,0,0,0,0,0,0,0,0,0,0,0,0,0,11.053016213545568,11.053016213545568,11.053016213545568,11.053016213545568,11.053016213545568,11.053016213545568,11.053016213545568,11.053016213545568,11.053016213545568,11.053016213545568,11.053016213545568,11.053016213545568,11.053016213545568,11.053016213545568,11.053016213545568,11.053016213545568,11.053016213545568,11.053016213545568,11.053016213545568,11.053016213545568,0,0,0,0,0,0,0,0,0,0,0,0,0,0,0,0,0,0,0,0,0,0,0,0,0,0,0,0,0,0,0,0,0,0,0,0,0,0,0,0,0,0,0,0,0,0,0,0,0,0,0,0,0,0,0,25.14574571849802,25.14574571849802,25.14574571849802,25.14574571849802,25.14574571849802,25.14574571849802,25.14574571849802,25.14574571849802,25.14574571849802,25.14574571849802,25.14574571849802,25.14574571849802,25.14574571849802,25.14574571849802,25.14574571849802,25.14574571849802,25.14574571849802,25.14574571849802,25.14574571849802,25.14574571849802
10226,822.0330026668984,0,0,0,0,0,0,0,0,0,0,0,0,0,0,0,0,0,0,0,0,0,0,0,0,0,0,0,0,0,0,0,0,0,0,0,0,0,0,0,0,0,0,0,0,0,0,0,0,0,0,0,0,0,0,0,0,0,0,0,0,0,0,0,0,0,0,0,0,0,0,0,0,0,0,0,0,0,0,0,0,0,0,0,0,0,0,0,0,0,0,0,0,0,0,0,0,0,0,0,0,0,0,0,0,0,0,0,0,0,0,0,0,0,0,0,0,0,0,0,0,0,0,0,0,0,0,0,0,0,0,0,0,0,0,0,0,0,0,0,0,0,0,0,0,0,0,0,0,0,0,0,0
10227,1277.0681817596596,354.9918870250793,277.9741067042634,0,0,0,0,0,0,0,0,0,0,0,0,0,0,0,6.513556865596336,6.513556865596336,6.513556865596336,6.513556865596336,6.513556865596336,6.513556865596336,6.513556865596336,6.513556865596336,6.513556865596336,6.513556865596336,6.513556865596336,6.513556865596336,6.513556865596336,6.513556865596336,6.513556865596336,6.513556865596336,6.513556865596336,6.513556865596336,6.513556865596336,6.513556865596336,6.513556865596336,6.513556865596336,6.513556865596336,6.513556865596336,6.513556865596336,71.05808064586387,71.05808064586387,72.3208297769885,72.3208297769885,72.3208297769885,72.3208297769885,72.3208297769885,72.3208297769885,72.3208297769885,72.3208297769885,72.3208297769885,72.3208297769885,72.3208297769885,72.3208297769885,72.3208297769885,72.3208297769885,72.3208297769885,72.3208297769885,72.3208297769885,72.3208297769885,72.3208297769885,72.3208297769885,72.3208297769885,72.3208297769885,72.3208297769885,72.3208297769885,72.3208297769885,72.3208297769885,72.3208297769885,72.3208297769885,72.3208297769885,72.3208297769885,72.3208297769885,72.3208297769885,72.3208297769885,0,0,0,0,0,0,0,0,0,0,0,0,0,0,0,5.100398677713018,5.100398677713018,5.100398677713018,5.100398677713018,5.100398677713018,5.100398677713018,5.100398677713018,5.100398677713018,5.100398677713018,5.100398677713018,5.100398677713018,5.100398677713018,5.100398677713018,5.100398677713018,5.100398677713018,5.100398677713018,5.100398677713018,5.100398677713018,5.100398677713018,5.100398677713018,5.100398677713018,5.100398677713018,5.100398677713018,5.100398677713018,5.100398677713018,55.641571578389524,55.641571578389524,56.63035913817722,56.63035913817722,56.63035913817722,56.63035913817722,56.63035913817722,56.63035913817722,56.63035913817722,56.63035913817722,56.63035913817722,56.63035913817722,56.63035913817722,56.63035913817722,56.63035913817722,56.63035913817722,56.63035913817722,56.63035913817722,56.63035913817722,56.63035913817722,56.63035913817722,56.63035913817722,56.63035913817722,56.63035913817722,56.63035913817722,56.63035913817722,56.63035913817722,56.63035913817722,56.63035913817722,56.63035913817722,56.63035913817722,56.63035913817722,56.63035913817722,56.63035913817722,56.63035913817722
10228,771.8655688924975,0,0,0,0,0,0,0,0,0,0,0,0,0,0,0,0,0,0,0,0,0,0,0,0,0,0,0,0,0,0,0,0,0,0,0,0,0,0,0,0,0,0,0,0,0,0,0,0,0,0,0,0,0,0,0,0,0,0,0,0,0,0,0,0,0,0,0,0,0,0,0,0,0,0,0,0,0,0,0,0,0,0,0,0,0,0,0,0,0,0,0,0,0,0,0,0,0,0,0,0,0,0,0,0,0,0,0,0,0,0,0,0,0,0,0,0,0,0,0,0,0,0,0,0,0,0,0,0,0,0,0,0,0,0,0,0,0,0,0,0,0,0,0,0,0,0,0,0,0,0,0,0
10229,632.2119857110758,31.438860655009343,49.728352776559134,0,0,0,21.96846090493246,21.96846090493246,21.96846090493246,21.96846090493246,21.96846090493246,21.96846090493246,21.96846090493246,21.96846090493246,21.96846090493246,21.96846090493246,21.96846090493246,21.96846090493246,21.96846090493246,21.96846090493246,21.96846090493246,21.96846090493246,21.96846090493246,21.96846090493246,21.96846090493246,21.96846090493246,21.96846090493246,21.96846090493246,21.96846090493246,21.96846090493246,21.96846090493246,21.96846090493246,21.96846090493246,21.96846090493246,21.96846090493246,21.96846090493246,21.96846090493246,28.171602903509935,28.171602903509935,28.171602903509935,28.171602903509935,28.171602903509935,28.171602903509935,28.171602903509935,28.171602903509935,28.171602903509935,28.171602903509935,28.171602903509935,28.171602903509935,28.171602903509935,28.171602903509935,28.171602903509935,28.171602903509935,28.171602903509935,28.171602903509935,28.171602903509935,28.171602903509935,28.171602903509935,28.171602903509935,28.171602903509935,28.171602903509935,28.171602903509935,28.171602903509935,28.171602903509935,28.171602903509935,28.171602903509935,28.171602903509935,28.171602903509935,28.171602903509935,28.171602903509935,28.171602903509935,28.171602903509935,28.171602903509935,28.171602903509935,28.171602903509935,28.171602903509935,28.171602903509935,28.171602903509935,0,0,0,34.748567571403434,34.748567571403434,34.748567571403434,34.748567571403434,34.748567571403434,34.748567571403434,34.748567571403434,34.748567571403434,34.748567571403434,34.748567571403434,34.748567571403434,34.748567571403434,34.748567571403434,34.748567571403434,34.748567571403434,34.748567571403434,34.748567571403434,34.748567571403434,34.748567571403434,34.748567571403434,34.748567571403434,34.748567571403434,34.748567571403434,34.748567571403434,34.748567571403434,34.748567571403434,34.748567571403434,34.748567571403434,34.748567571403434,34.748567571403434,34.748567571403434,44.56037458989982,44.56037458989982,44.56037458989982,44.56037458989982,44.56037458989982,44.56037458989982,44.56037458989982,44.56037458989982,44.56037458989982,44.56037458989982,44.56037458989982,44.56037458989982,44.56037458989982,44.56037458989982,44.56037458989982,44.56037458989982,44.56037458989982,44.56037458989982,44.56037458989982,44.56037458989982,44.56037458989982,44.56037458989982,44.56037458989982,44.56037458989982,44.56037458989982,44.56037458989982,44.56037458989982,44.56037458989982,44.56037458989982,44.56037458989982,44.56037458989982,44.56037458989982,44.56037458989982,44.56037458989982,44.56037458989982,44.56037458989982,44.56037458989982,44.56037458989982,44.56037458989982,44.56037458989982,44.56037458989982
10230,3370.5341942033892,125.47640715120836,37.227454142729485,0,0,0,0,0,0,0,0,0,0,0,0,0,0,0,0,0,0,0,0,0,0,0,0,0,0,0,0,0,0,0,0,0,0,0,0,0,0,0,0,0,0,0,0,0,0,0,0,0,0,0,0,0,0,0,0,0,0,0,0,0,0,0,0,0,0,0,0,0,0,0,0,0,0,0,0,0,0,0,0,0,0,0,0,0,0,0,0,0,0,0,0,0,0,0,0,0,0,0,0,0,0,0,0,0,0,0,0,0,0,0,0,0,0,0,0,0,0,0,0,0,0,0,0,0,0,0,0,0,0,0,0,0,0,0,0,0,0,0,0,0,0,0,0,0,0,0,0,0,0
10231,1238.5606578044103,0,0,0,0,0,0,0,0,0,0,0,0,0,0,0,0,0,0,0,0,0,0,0,0,0,0,0,0,0,0,0,0,0,0,0,0,0,0,0,0,0,0,0,0,0,0,0,0,0,0,0,0,0,0,0,0,0,0,0,0,0,0,0,0,0,0,0,0,0,0,0,0,0,0,0,0,0,0,0,0,0,0,0,0,0,0,0,0,0,0,0,0,0,0,0,0,0,0,0,0,0,0,0,0,0,0,0,0,0,0,0,0,0,0,0,0,0,0,0,0,0,0,0,0,0,0,0,0,0,0,0,0,0,0,0,0,0,0,0,0,0,0,0,0,0,0,0,0,0,0,0,0
10232,1568.5099153259534,140.09523649329796,89.31740572655842,0,0,0,0,0,0,0,0,0,0,0,0,0,0,0,0,0,0,0,0,0,0,0,0,0,0,0,0,0,0,0,0,0,0,0,0,0,0,0,0,0,0,30.40498475249452,30.40498475249452,30.40498475249452,30.40498475249452,30.40498475249452,30.40498475249452,30.40498475249452,30.40498475249452,30.40498475249452,30.40498475249452,30.40498475249452,30.40498475249452,30.40498475249452,30.40498475249452,30.40498475249452,30.40498475249452,30.40498475249452,30.40498475249452,30.40498475249452,30.40498475249452,30.40498475249452,30.40498475249452,30.40498475249452,30.40498475249452,30.40498475249452,30.40498475249452,30.40498475249452,30.40498475249452,30.40498475249452,30.40498475249452,30.40498475249452,30.40498475249452,30.40498475249452,0,0,0,0,0,0,0,0,0,0,0,0,0,0,0,0,0,0,0,0,0,0,0,0,0,0,0,0,0,0,0,0,0,0,0,0,0,0,0,0,0,0,19.384630250281866,19.384630250281866,19.384630250281866,19.384630250281866,19.384630250281866,19.384630250281866,19.384630250281866,19.384630250281866,19.384630250281866,19.384630250281866,19.384630250281866,19.384630250281866,19.384630250281866,19.384630250281866,19.384630250281866,19.384630250281866,19.384630250281866,19.384630250281866,19.384630250281866,19.384630250281866,19.384630250281866,19.384630250281866,19.384630250281866,19.384630250281866,19.384630250281866,19.384630250281866,19.384630250281866,19.384630250281866,19.384630250281866,19.384630250281866,19.384630250281866,19.384630250281866,19.384630250281866
10233,284.164793209931,0,0,0,0,0,0,0,0,0,0,0,0,0,0,0,0,0,0,0,0,0,0,0,0,0,0,0,0,0,0,0,0,0,0,0,0,0,0,0,0,0,0,0,0,0,0,0,0,0,0,0,0,0,0,0,0,0,0,0,0,0,0,0,0,0,0,0,0,0,0,0,0,0,0,0,0,0,0,0,0,0,0,0,0,0,0,0,0,0,0,0,0,0,0,0,0,0,0,0,0,0,0,0,0,0,0,0,0,0,0,0,0,0,0,0,0,0,0,0,0,0,0,0,0,0,0,0,0,0,0,0,0,0,0,0,0,0,0,0,0,0,0,0,0,0,0,0,0,0,0,0,0
10234,1698.1394778664453,0,0,0,0,0,0,0,0,0,0,0,0,0,0,0,0,0,0,0,0,0,0,0,0,0,0,0,0,0,0,0,0,0,0,0,0,0,0,0,0,0,0,0,0,0,0,0,0,0,0,0,0,0,0,0,0,0,0,0,0,0,0,0,0,0,0,0,0,0,0,0,0,0,0,0,0,0,0,0,0,0,0,0,0,0,0,0,0,0,0,0,0,0,0,0,0,0,0,0,0,0,0,0,0,0,0,0,0,0,0,0,0,0,0,0,0,0,0,0,0,0,0,0,0,0,0,0,0,0,0,0,0,0,0,0,0,0,0,0,0,0,0,0,0,0,0,0,0,0,0,0,0
10235,3184.6015770215117,0,0,0,0,0,0,0,0,0,0,0,0,0,0,0,0,0,0,0,0,0,0,0,0,0,0,0,0,0,0,0,0,0,0,0,0,0,0,0,0,0,0,0,0,0,0,0,0,0,0,0,0,0,0,0,0,0,0,0,0,0,0,0,0,0,0,0,0,0,0,0,0,0,0,0,0,0,0,0,0,0,0,0,0,0,0,0,0,0,0,0,0,0,0,0,0,0,0,0,0,0,0,0,0,0,0,0,0,0,0,0,0,0,0,0,0,0,0,0,0,0,0,0,0,0,0,0,0,0,0,0,0,0,0,0,0,0,0,0,0,0,0,0,0,0,0,0,0,0,0,0,0
10236,1702.6844634668034,195.40290542080774,114.76166583616534,0,0,0,0,0,0,0,0,0,0,0,0,0,0,0,0,0,0,0,0,0,0,0,0,0,0,0,0,0,0,0,0,0,0,0,0,0,0,0,0,0,0,0,0,0,0,0,0,0,0,0,0,0,0,0,0,0,0,0,0,0,0,0,0,0,0,0,0,0,0,0,0,0,0,0,0,0,0,0,0,0,0,0,0,0,0,0,0,0,0,0,0,0,0,0,0,0,0,0,0,0,0,0,0,0,0,0,0,0,0,0,0,0,0,0,0,0,0,0,0,0,0,0,0,0,0,0,0,0,0,0,0,0,0,0,0,0,0,0,0,0,0,0,0,0,0,0,0,0,0
10237,613.4199456569232,0,0,0,0,0,0,0,0,0,0,0,0,0,0,0,0,0,0,0,0,0,0,0,0,0,0,0,0,0,0,0,0,0,0,0,0,0,0,0,0,0,0,0,0,0,0,0,0,0,0,0,0,0,0,0,0,0,0,0,0,0,0,0,0,0,0,0,0,0,0,0,0,0,0,0,0,0,0,0,0,0,0,0,0,0,0,0,0,0,0,0,0,0,0,0,0,0,0,0,0,0,0,0,0,0,0,0,0,0,0,0,0,0,0,0,0,0,0,0,0,0,0,0,0,0,0,0,0,0,0,0,0,0,0,0,0,0,0,0,0,0,0,0,0,0,0,0,0,0,0,0,0
10238,2456.5782743729383,0,0,0,0,0,0,0,0,0,0,0,0,0,0,0,0,0,0,0,0,0,0,0,0,0,0,0,0,0,0,0,0,0,0,0,0,0,0,0,0,0,0,0,0,0,0,0,0,0,0,0,0,0,0,0,0,0,0,0,0,0,0,0,0,0,0,0,0,0,0,0,0,0,0,0,0,0,0,0,0,0,0,0,0,0,0,0,0,0,0,0,0,0,0,0,0,0,0,0,0,0,0,0,0,0,0,0,0,0,0,0,0,0,0,0,0,0,0,0,0,0,0,0,0,0,0,0,0,0,0,0,0,0,0,0,0,0,0,0,0,0,0,0,0,0,0,0,0,0,0,0,0
10239,1779.375865956642,0,0,0,0,0,0,0,0,0,0,0,0,0,0,0,0,0,0,0,0,0,0,0,0,0,0,0,0,0,0,0,0,0,0,0,0,0,0,0,0,0,0,0,0,0,0,0,0,0,0,0,0,0,0,0,0,0,0,0,0,0,0,0,0,0,0,0,0,0,0,0,0,0,0,0,0,0,0,0,0,0,0,0,0,0,0,0,0,0,0,0,0,0,0,0,0,0,0,0,0,0,0,0,0,0,0,0,0,0,0,0,0,0,0,0,0,0,0,0,0,0,0,0,0,0,0,0,0,0,0,0,0,0,0,0,0,0,0,0,0,0,0,0,0,0,0,0,0,0,0,0,0
10240,1494.0662621566464,0,0,0,0,0,0,0,0,0,0,0,0,0,0,0,0,0,0,0,0,0,0,0,0,0,0,0,0,0,0,0,0,0,0,0,0,0,0,0,0,0,0,0,0,0,0,0,0,0,0,0,0,0,0,0,4.756309621207853,4.756309621207853,4.756309621207853,4.756309621207853,4.756309621207853,4.756309621207853,4.756309621207853,4.756309621207853,37.28802696738872,37.28802696738872,37.28802696738872,37.28802696738872,37.28802696738872,37.28802696738872,37.28802696738872,37.28802696738872,37.28802696738872,37.28802696738872,37.28802696738872,37.28802696738872,37.28802696738872,37.28802696738872,0,0,0,0,0,0,0,0,0,0,0,0,0,0,0,0,0,0,0,0,0,0,0,0,0,0,0,0,0,0,0,0,0,0,0,0,0,0,0,0,0,0,0,0,0,0,0,0,0,0,0,0,0,3.1834663171780897,3.1834663171780897,3.1834663171780897,3.1834663171780897,3.1834663171780897,3.1834663171780897,3.1834663171780897,3.1834663171780897,24.95741180418893,24.95741180418893,24.95741180418893,24.95741180418893,24.95741180418893,24.95741180418893,24.95741180418893,24.95741180418893,24.95741180418893,24.95741180418893,24.95741180418893,24.95741180418893,24.95741180418893,24.95741180418893
10241,110.04892769318654,9.109538098380774,82.77716366103922,0,0,0,0,0,2.4362224860065376,2.4362224860065376,10.501273373149209,10.501273373149209,10.501273373149209,13.05871954613772,13.05871954613772,13.05871954613772,13.05871954613772,13.05871954613772,13.05871954613772,13.05871954613772,13.05871954613772,13.05871954613772,13.05871954613772,13.05871954613772,13.05871954613772,13.05871954613772,13.05871954613772,13.05871954613772,13.05871954613772,13.05871954613772,13.05871954613772,13.05871954613772,13.05871954613772,13.05871954613772,13.05871954613772,13.05871954613772,13.05871954613772,13.05871954613772,13.05871954613772,13.05871954613772,13.05871954613772,13.05871954613772,13.05871954613772,13.05871954613772,13.05871954613772,13.05871954613772,13.05871954613772,13.05871954613772,13.05871954613772,13.05871954613772,13.05871954613772,13.05871954613772,13.05871954613772,13.05871954613772,13.05871954613772,13.05871954613772,13.05871954613772,13.05871954613772,13.05871954613772,13.05871954613772,13.05871954613772,13.05871954613772,13.05871954613772,13.05871954613772,13.05871954613772,13.05871954613772,13.05871954613772,13.05871954613772,13.05871954613772,13.05871954613772,13.05871954613772,13.05871954613772,13.05871954613772,13.05871954613772,13.05871954613772,13.05871954613772,13.05871954613772,13.05871954613772,0,0,0,0,0,22.137630389263403,22.137630389263403,95.42367738853828,95.42367738853828,95.42367738853828,118.66285133231902,118.66285133231902,118.66285133231902,118.66285133231902,118.66285133231902,118.66285133231902,118.66285133231902,118.66285133231902,118.66285133231902,118.66285133231902,118.66285133231902,118.66285133231902,118.66285133231902,118.66285133231902,118.66285133231902,118.66285133231902,118.66285133231902,118.66285133231902,118.66285133231902,118.66285133231902,118.66285133231902,118.66285133231902,118.66285133231902,118.66285133231902,118.66285133231902,118.66285133231902,118.66285133231902,118.66285133231902,118.66285133231902,118.66285133231902,118.66285133231902,118.66285133231902,118.66285133231902,118.66285133231902,118.66285133231902,118.66285133231902,118.66285133231902,118.66285133231902,118.66285133231902,118.66285133231902,118.66285133231902,118.66285133231902,118.66285133231902,118.66285133231902,118.66285133231902,118.66285133231902,118.66285133231902,118.66285133231902,118.66285133231902,118.66285133231902,118.66285133231902,118.66285133231902,118.66285133231902,118.66285133231902,118.66285133231902,118.66285133231902,118.66285133231902,118.66285133231902,118.66285133231902,118.66285133231902,118.66285133231902,118.66285133231902,118.66285133231902,118.66285133231902,118.66285133231902
10242,283.58461148481297,0,0,0,0,0,0,0,0,0,0,0,0,0,0,0,0,0,0,0,0,0,0,0,0,0,0,0,0,0,0,0,0,0,0,9.108919910077988,11.121529499650798,11.121529499650798,11.121529499650798,11.121529499650798,11.121529499650798,11.121529499650798,11.121529499650798,11.121529499650798,11.121529499650798,11.121529499650798,11.121529499650798,11.121529499650798,11.121529499650798,11.121529499650798,11.121529499650798,11.121529499650798,11.121529499650798,11.121529499650798,11.121529499650798,11.121529499650798,11.121529499650798,11.121529499650798,11.121529499650798,11.121529499650798,11.121529499650798,11.121529499650798,11.121529499650798,11.121529499650798,11.121529499650798,11.121529499650798,11.121529499650798,11.121529499650798,11.121529499650798,11.121529499650798,11.121529499650798,11.121529499650798,11.121529499650798,11.121529499650798,11.121529499650798,11.121529499650798,11.121529499650798,11.121529499650798,0,0,0,0,0,0,0,0,0,0,0,0,0,0,0,0,0,0,0,0,0,0,0,0,0,0,0,0,0,0,0,0,32.12064245088914,39.217676309796516,39.217676309796516,39.217676309796516,39.217676309796516,39.217676309796516,39.217676309796516,39.217676309796516,39.217676309796516,39.217676309796516,39.217676309796516,39.217676309796516,39.217676309796516,39.217676309796516,39.217676309796516,39.217676309796516,39.217676309796516,39.217676309796516,39.217676309796516,39.217676309796516,39.217676309796516,39.217676309796516,39.217676309796516,39.217676309796516,39.217676309796516,39.217676309796516,39.217676309796516,39.217676309796516,39.217676309796516,39.217676309796516,39.217676309796516,39.217676309796516,39.217676309796516,39.217676309796516,39.217676309796516,39.217676309796516,39.217676309796516,39.217676309796516,39.217676309796516,39.217676309796516,39.217676309796516,39.217676309796516,39.217676309796516
10243,253.57362337651912,21.73386653914344,85.71028109998602,0,0,0,0,0,6.258652912800103,6.258652912800103,6.258652912800103,6.258652912800103,6.258652912800103,6.258652912800103,6.258652912800103,6.258652912800103,6.258652912800103,6.258652912800103,6.258652912800103,6.258652912800103,6.258652912800103,6.258652912800103,6.258652912800103,6.258652912800103,6.258652912800103,6.258652912800103,6.258652912800103,6.258652912800103,6.258652912800103,6.258652912800103,6.258652912800103,6.258652912800103,6.258652912800103,6.258652912800103,6.258652912800103,6.258652912800103,6.258652912800103,6.258652912800103,6.258652912800103,6.258652912800103,6.258652912800103,6.258652912800103,6.258652912800103,6.258652912800103,6.258652912800103,6.258652912800103,6.258652912800103,6.258652912800103,6.258652912800103,6.258652912800103,6.258652912800103,6.258652912800103,6.258652912800103,6.258652912800103,6.258652912800103,6.258652912800103,6.258652912800103,6.258652912800103,22.59706692164443,22.59706692164443,22.59706692164443,22.59706692164443,22.59706692164443,22.59706692164443,22.59706692164443,22.59706692164443,22.59706692164443,22.59706692164443,22.59706692164443,22.59706692164443,22.59706692164443,22.59706692164443,22.59706692164443,22.59706692164443,22.59706692164443,22.59706692164443,22.59706692164443,22.59706692164443,0,0,0,0,0,24.681797852085484,24.681797852085484,24.681797852085484,24.681797852085484,24.681797852085484,24.681797852085484,24.681797852085484,24.681797852085484,24.681797852085484,24.681797852085484,24.681797852085484,24.681797852085484,24.681797852085484,24.681797852085484,24.681797852085484,24.681797852085484,24.681797852085484,24.681797852085484,24.681797852085484,24.681797852085484,24.681797852085484,24.681797852085484,24.681797852085484,24.681797852085484,24.681797852085484,24.681797852085484,24.681797852085484,24.681797852085484,24.681797852085484,24.681797852085484,24.681797852085484,24.681797852085484,24.681797852085484,24.681797852085484,24.681797852085484,24.681797852085484,24.681797852085484,24.681797852085484,24.681797852085484,24.681797852085484,24.681797852085484,24.681797852085484,24.681797852085484,24.681797852085484,24.681797852085484,24.681797852085484,24.681797852085484,24.681797852085484,24.681797852085484,24.681797852085484,89.11442215774606,89.11442215774606,89.11442215774606,89.11442215774606,89.11442215774606,89.11442215774606,89.11442215774606,89.11442215774606,89.11442215774606,89.11442215774606,89.11442215774606,89.11442215774606,89.11442215774606,89.11442215774606,89.11442215774606,89.11442215774606,89.11442215774606,89.11442215774606,89.11442215774606,89.11442215774606
10244,399.3304147134917,0,0,0,0,0,0,0,0,0,0,0,0,0,0,0,0,0,0,0,0,0,0,0,0,0,0,0,0,0,0,0,0,0,0,0,0,0,0,0,0,0,0,0,0,0,0,0,0,0,0,0,0,0,0,0,0,0,0,0,0,0,0,0,0,0,0,0,0,0,0,0,0,0,0,0,0,0,0,0,0,0,0,0,0,0,0,0,0,0,0,0,0,0,0,0,0,0,0,0,0,0,0,0,0,0,0,0,0,0,0,0,0,0,0,0,0,0,0,0,0,0,0,0,0,0,0,0,0,0,0,0,0,0,0,0,0,0,0,0,0,0,0,0,0,0,0,0,0,0,0,0,0
10245,2493.9566204899147,389.42733423010725,156.14839930680424,0,0,0,0,0,0,0,0,0,0,0,0,0,0,24.715938840896317,24.715938840896317,24.715938840896317,24.715938840896317,24.715938840896317,24.715938840896317,24.715938840896317,24.715938840896317,24.715938840896317,24.715938840896317,24.715938840896317,24.715938840896317,24.715938840896317,24.715938840896317,24.715938840896317,24.715938840896317,24.715938840896317,24.715938840896317,24.715938840896317,24.715938840896317,24.715938840896317,24.715938840896317,24.715938840896317,24.715938840896317,24.715938840896317,24.715938840896317,24.715938840896317,24.715938840896317,24.715938840896317,24.715938840896317,24.715938840896317,24.715938840896317,24.715938840896317,24.715938840896317,24.715938840896317,24.715938840896317,24.715938840896317,24.715938840896317,24.715938840896317,24.715938840896317,24.715938840896317,24.715938840896317,24.715938840896317,24.715938840896317,24.715938840896317,24.715938840896317,24.715938840896317,24.715938840896317,24.715938840896317,24.715938840896317,24.715938840896317,24.715938840896317,24.715938840896317,24.715938840896317,24.715938840896317,24.715938840896317,24.715938840896317,24.715938840896317,24.715938840896317,24.715938840896317,24.715938840896317,0,0,0,0,0,0,0,0,0,0,0,0,0,0,9.910332296012871,9.910332296012871,9.910332296012871,9.910332296012871,9.910332296012871,9.910332296012871,9.910332296012871,9.910332296012871,9.910332296012871,9.910332296012871,9.910332296012871,9.910332296012871,9.910332296012871,9.910332296012871,9.910332296012871,9.910332296012871,9.910332296012871,9.910332296012871,9.910332296012871,9.910332296012871,9.910332296012871,9.910332296012871,9.910332296012871,9.910332296012871,9.910332296012871,9.910332296012871,9.910332296012871,9.910332296012871,9.910332296012871,9.910332296012871,9.910332296012871,9.910332296012871,9.910332296012871,9.910332296012871,9.910332296012871,9.910332296012871,9.910332296012871,9.910332296012871,9.910332296012871,9.910332296012871,9.910332296012871,9.910332296012871,9.910332296012871,9.910332296012871,9.910332296012871,9.910332296012871,9.910332296012871,9.910332296012871,9.910332296012871,9.910332296012871,9.910332296012871,9.910332296012871,9.910332296012871,9.910332296012871,9.910332296012871,9.910332296012871,9.910332296012871,9.910332296012871,9.910332296012871,9.910332296012871,9.910332296012871
10246,853.2203087226335,0,0,0,0,0,0,0,0,0,0,0,0,0,0,0,0,0,0,0,0,0,0,0,0,0,0,0,0,0,0,0,0,0,0,0,0,0,0,0,0,0,0,0,0,0,0,0,0,0,0,0,0,0,0,0,0,0,0,0,0,0,0,0,0,0,0,0,0,0,0,0,0,0,0,0,0,0,0,0,0,0,0,0,0,0,0,0,0,0,0,0,0,0,0,0,0,0,0,0,0,0,0,0,0,0,0,0,0,0,0,0,0,0,0,0,0,0,0,0,0,0,0,0,0,0,0,0,0,0,0,0,0,0,0,0,0,0,0,0,0,0,0,0,0,0,0,0,0,0,0,0,0
10247,469.57375978867935,0,0,0,0,0,0,0,0,0,0,0,0,0,0,0,0,0,0,0,0,0,0,0,0,0,0,0,0,0,0,0,0,0,0,0,0,0,0,0,0,0,0,0,0,0,0,0,0,0,0,0,0,0,0,0,0,0,0,0,0,0,0,0,0,0,0,0,0,0,0,0,0,0,0,0,0,0,0,0,0,0,0,0,0,0,0,0,0,0,0,0,0,0,0,0,0,0,0,0,0,0,0,0,0,0,0,0,0,0,0,0,0,0,0,0,0,0,0,0,0,0,0,0,0,0,0,0,0,0,0,0,0,0,0,0,0,0,0,0,0,0,0,0,0,0,0,0,0,0,0,0,0
10248,949.9477442065463,148.61014372184678,156.44033540600165,0,0,0,0,0,0,0,0,0,0,0,0,0,0,0,0,0,0,0,0,0,0,0,0,0,0,0,0,0,0,0,0,0,0,0,0,0,0,0,0,0,0,0,0,0,0,0,0,0,0,0,0,0,0,0,0,0,0,0,0,0,0,0,0,0,0,0,0,0,0,0,0,0,0,0,0,0,0,0,0,0,0,0,0,0,0,0,0,0,0,0,0,0,0,0,0,0,0,0,0,0,0,0,0,0,0,0,0,0,0,0,0,0,0,0,0,0,0,0,0,0,0,0,0,0,0,0,0,0,0,0,0,0,0,0,0,0,0,0,0,0,0,0,0,0,0,0,0,0,0
10249,1323.3413207976396,0,0,0,0,0,0,0,0,0,0,0,0,0,0,0,0,0,0,0,0,0,0,0,0,0,0,0,0,0,0,0,0,0,0,0,0,0,0,0,0,0,0,0,0,0,0,0,0,0,0,0,0,0,0,0,0,0,0,0,0,0,0,0,0,0,0,0,0,0,0,0,0,0,0,0,0,0,0,0,0,0,0,0,0,0,0,0,0,0,0,0,0,0,0,0,0,0,0,0,0,0,0,0,0,0,0,0,0,0,0,0,0,0,0,0,0,0,0,0,0,0,0,0,0,0,0,0,0,0,0,0,0,0,0,0,0,0,0,0,0,0,0,0,0,0,0,0,0,0,0,0,0
10250,541.9433745231911,0,0,0,0,0,0,0,0,0,0,0,0,0,0,0,0,0,0,0,0,0,0,0,0,0,0,0,0,0,0,0,0,0,0,0,0,0,0,0,0,0,0,0,0,0,0,0,0,0,0,0,0,0,0,0,0,0,0,0,0,0,0,0,0,0,0,0,0,0,0,0,0,0,0,0,0,0,0,0,0,0,0,0,0,0,0,0,0,0,0,0,0,0,0,0,0,0,0,0,0,0,0,0,0,0,0,0,0,0,0,0,0,0,0,0,0,0,0,0,0,0,0,0,0,0,0,0,0,0,0,0,0,0,0,0,0,0,0,0,0,0,0,0,0,0,0,0,0,0,0,0,0
10251,3525.0066416147847,295.824896026873,83.92179819875669,0,0,0,0,0,0,0,0,0,0,0,0,0,0,0,0,0,0,0,0,0,0,0,0,0,0,0,0,0,0,0,0,0,0,0,0,0,0,0,0,0,0,0,0,0,0,0,0,0,0,0,0,0,0,0,0,0,0,0,0,0,0,0,0,0,0,0,0,0,0,0,0,0,0,0,0,0,0,0,0,0,0,0,0,0,0,0,0,0,0,0,0,0,0,0,0,0,0,0,0,0,0,0,0,0,0,0,0,0,0,0,0,0,0,0,0,0,0,0,0,0,0,0,0,0,0,0,0,0,0,0,0,0,0,0,0,0,0,0,0,0,0,0,0,0,0,0,0,0,0
10252,155.1066620910968,0,0,0,0,0,0,0,0,0,0.7195120890340236,0.7195120890340236,0.7195120890340236,0.7195120890340236,0.7195120890340236,0.7195120890340236,0.7195120890340236,0.7195120890340236,0.7195120890340236,0.7195120890340236,0.7195120890340236,0.7195120890340236,0.7195120890340236,0.7195120890340236,0.7195120890340236,0.7195120890340236,0.7195120890340236,0.7195120890340236,0.7195120890340236,0.7195120890340236,0.7195120890340236,0.7195120890340236,0.7195120890340236,0.7195120890340236,0.7195120890340236,0.7195120890340236,0.7195120890340236,0.7195120890340236,0.7195120890340236,0.7195120890340236,0.7195120890340236,0.7195120890340236,0.7195120890340236,0.7195120890340236,0.7195120890340236,0.7195120890340236,0.7195120890340236,0.7195120890340236,0.7195120890340236,0.7195120890340236,0.7195120890340236,0.7195120890340236,0.7195120890340236,0.7195120890340236,0.7195120890340236,0.7195120890340236,0.7195120890340236,0.7195120890340236,0.7195120890340236,0.7195120890340236,0.7195120890340236,0.7195120890340236,0.7195120890340236,0.7195120890340236,0.7195120890340236,0.7195120890340236,0.7195120890340236,0.7195120890340236,0.7195120890340236,0.7195120890340236,0.7195120890340236,0.7195120890340236,0.7195120890340236,0.7195120890340236,0.7195120890340236,0.7195120890340236,0.7195120890340236,0.7195120890340236,0,0,0,0,0,0,0,4.638821307439663,4.638821307439663,4.638821307439663,4.638821307439663,4.638821307439663,4.638821307439663,4.638821307439663,4.638821307439663,4.638821307439663,4.638821307439663,4.638821307439663,4.638821307439663,4.638821307439663,4.638821307439663,4.638821307439663,4.638821307439663,4.638821307439663,4.638821307439663,4.638821307439663,4.638821307439663,4.638821307439663,4.638821307439663,4.638821307439663,4.638821307439663,4.638821307439663,4.638821307439663,4.638821307439663,4.638821307439663,4.638821307439663,4.638821307439663,4.638821307439663,4.638821307439663,4.638821307439663,4.638821307439663,4.638821307439663,4.638821307439663,4.638821307439663,4.638821307439663,4.638821307439663,4.638821307439663,4.638821307439663,4.638821307439663,4.638821307439663,4.638821307439663,4.638821307439663,4.638821307439663,4.638821307439663,4.638821307439663,4.638821307439663,4.638821307439663,4.638821307439663,4.638821307439663,4.638821307439663,4.638821307439663,4.638821307439663,4.638821307439663,4.638821307439663,4.638821307439663,4.638821307439663,4.638821307439663,4.638821307439663,4.638821307439663,4.638821307439663,4.638821307439663,4.638821307439663,4.638821307439663,4.638821307439663,4.638821307439663
10253,2536.241597359093,131.91604958238676,52.01241463737001,0,0,0,0,0,0,0,0,0,0,0,0,0,0,0,0,0,0,0,0,0,0,0,0,0,0,0,0,0,0,0,0,0,0,0,0,0,0,0,0,0,0,0,0,0,0,0,0,0,0,0,0,0,0,0,0,0,0,0,0,0,0,0,0,0,0,0,0,0,0,0,0,0,0,0,0,0,0,0,0,0,0,0,0,0,0,0,0,0,0,0,0,0,0,0,0,0,0,0,0,0,0,0,0,0,0,0,0,0,0,0,0,0,0,0,0,0,0,0,0,0,0,0,0,0,0,0,0,0,0,0,0,0,0,0,0,0,0,0,0,0,0,0,0,0,0,0,0,0,0
10254,658.3626557554938,0,0,0,0,0,0,0,0,0,0,0,0,0,0,0,0,0,0,0,0,0,0,0,0,0,0,0,0,0,0,0,0,0,0,0,0,0,0,0,0,0,0,0,0,0,0,0,0,0,0,0,0,0,0,0,0,0,0,0,0,0,0,0,0,0,0,0,0,0,0,0,0,0,0,0,0,0,0,0,0,0,0,0,0,0,0,0,0,0,0,0,0,0,0,0,0,0,0,0,0,0,0,0,0,0,0,0,0,0,0,0,0,0,0,0,0,0,0,0,0,0,0,0,0,0,0,0,0,0,0,0,0,0,0,0,0,0,0,0,0,0,0,0,0,0,0,0,0,0,0,0,0
10255,1173.397283838334,0,0,0,0,0,0,0,0,0,0,0,0,0,0,0,0,0,0,0,0,0,0,0,0,0,0,0,0,0,0,0,0,0,0,0,0,0,0,0,0,0,0,0,0,0,0,0,0,0,0,0,0,0,0,0,0,0,0,0,0,0,0,0,0,0,0,0,0,0,0,0,0,0,0,0,0,0,0,0,0,0,0,0,0,0,0,0,0,0,0,0,0,0,0,0,0,0,0,0,0,0,0,0,0,0,0,0,0,0,0,0,0,0,0,0,0,0,0,0,0,0,0,0,0,0,0,0,0,0,0,0,0,0,0,0,0,0,0,0,0,0,0,0,0,0,0,0,0,0,0,0,0
10256,2625.704585725661,246.3808089414211,93.83416941907394,0,0,0,0,0,0,0,0,0,0,0,0,0,0,0,0,0,0,0,0,0,0,0,0,0,0,0,0,0,0,0,0,0,0,0,0,0,0,0,0,0,0,0,0,0,0,0,0,0,0,0,0,0,0,0,0,0,0,0,0,0,0,0,0,0,0,0,0,0,0,0,0,0,0,0,0,0,0,0,0,0,0,0,0,0,0,0,0,0,0,0,0,0,0,0,0,0,0,0,0,0,0,0,0,0,0,0,0,0,0,0,0,0,0,0,0,0,0,0,0,0,0,0,0,0,0,0,0,0,0,0,0,0,0,0,0,0,0,0,0,0,0,0,0,0,0,0,0,0,0
10257,606.3275410866876,0,0,0,0,0,0,0,0,0,0,0,0,0,0,0,0,0,0,0,0,0,0,0,0,0,0,0,0,0,0,0,0,0,0,0,0,0,0,0,0,0,0,0,0,0,0,0,0,0,0,0,0,0,0,0,0,0,0,0,0,0,0,0,0,0,0,0,0,0,0,0,0,0,0,0,0,0,0,0,0,0,0,0,0,0,0,0,0,0,0,0,0,0,0,0,0,0,0,0,0,0,0,0,0,0,0,0,0,0,0,0,0,0,0,0,0,0,0,0,0,0,0,0,0,0,0,0,0,0,0,0,0,0,0,0,0,0,0,0,0,0,0,0,0,0,0,0,0,0,0,0,0
10258,1578.5639607277296,61.93764181841764,39.23670079853079,0,0,0,0,0,0,0,0,0,0,0,0,0,0,0,0,0,0,0,0,0,0,0,0,0,0,0,0,0,0,0,0,0,0,0,0,0,0,0,0,0,0,0,0,0,0,0,0,0,0,0,0,0,0,0,0,0,0,0,0,0,0,0,0,0,0,0,0,0,0,0,0,0,0,0,0,0,0,0,0,0,0,0,0,0,0,0,0,0,0,0,0,0,0,0,0,0,0,0,0,0,0,0,0,0,0,0,0,0,0,0,0,0,0,0,0,0,0,0,0,0,0,0,0,0,0,0,0,0,0,0,0,0,0,0,0,0,0,0,0,0,0,0,0,0,0,0,0,0,0
10259,159.04893795986317,0,0,0,0,0,0,0,0,0,0,0,0,0,0,0,0,0,0,0,0,0,0,0,0,0,0,0,0,0,0,0,0,0,0,0,0,0,0,0,0,0,0,0,0,0,0,0,0,0,0,0,0,0,0,0,0,0,0,0,0,0,0,0,0,0,0,0,0,0,0,0,0,0,0,0,0,0,0,0,0,0,0,0,0,0,0,0,0,0,0,0,0,0,0,0,0,0,0,0,0,0,0,0,0,0,0,0,0,0,0,0,0,0,0,0,0,0,0,0,0,0,0,0,0,0,0,0,0,0,0,0,0,0,0,0,0,0,0,0,0,0,0,0,0,0,0,0,0,0,0,0,0
10260,896.207079685917,0,0,0,0,0,0,0,0,0,0,0,0,0,0,0,0,0,0,0,0,0,0,0,0,0,0,0,0,0,0,0,0,0,0,0,0,0,0,0,0,0,0,0,0,0,0,0,0,0,0,0,0,0,0,0,0,0,0,0,0,0,0,0,0,0,0,0,0,0,0,0,0,0,0,0,0,0,0,0,0,0,0,0,0,0,0,0,0,0,0,0,0,0,0,0,0,0,0,0,0,0,0,0,0,0,0,0,0,0,0,0,0,0,0,0,0,0,0,0,0,0,0,0,0,0,0,0,0,0,0,0,0,0,0,0,0,0,0,0,0,0,0,0,0,0,0,0,0,0,0,0,0
10261,1716.4906445131494,0,0,0,0,0,0,0,0,0,0,0,0,0,0,0,0,0,0,0,0,0,0,0,0,0,0,0,0,0,0,0,0,0,0,0,0,0,0,0,0,0,0,0,0,0,0,0,0,0,0,0,0,0,0,0,0,0,0,0,0,0,0,0,0,0,0,0,0,0,0,0,0,0,0,0,0,0,0,0,0,0,0,0,0,0,0,0,0,0,0,0,0,0,0,0,0,0,0,0,0,0,0,0,0,0,0,0,0,0,0,0,0,0,0,0,0,0,0,0,0,0,0,0,0,0,0,0,0,0,0,0,0,0,0,0,0,0,0,0,0,0,0,0,0,0,0,0,0,0,0,0,0
10262,11781.585444824172,0,0,0,0,0,0,0,0,0,0,0,0,0,0,0,0,0,0,0,0,0,0,0,0,0,0,0,0,0,0,0,0,0,0,0,0,0,0,0,0,0,0,0,0,0,0,0,0,0,0,0,0,0,0,0,0,0,0,0,0,0,0,0,0,0,0,0,0,0,0,0,0,0,0,0,0,0,0,0,0,0,0,0,0,0,0,0,0,0,0,0,0,0,0,0,0,0,0,0,0,0,0,0,0,0,0,0,0,0,0,0,0,0,0,0,0,0,0,0,0,0,0,0,0,0,0,0,0,0,0,0,0,0,0,0,0,0,0,0,0,0,0,0,0,0,0,0,0,0,0,0,0
10263,616.1845729486589,2.8212158426355267,4.578523978838064,0,0,0,0,0,0,0,0,0,0,0,0,0,0,0,0,0,0,0,0,0,0,0,0,0,0,0,0,0,0,0,0,0,0,0,0,0,0,0,0,0,0,0,0,0,0,0,0,0,0,0,0,0,0,0,0,0,0,0,0,0,0,0,0,0,0,0,0,0,0,0,0,0,0,0,0,0,0,0,0,0,0,0,0,0,0,0,0,0,0,0,0,0,0,0,0,0,0,0,0,0,0,0,0,0,0,0,0,0,0,0,0,0,0,0,0,0,0,0,0,0,0,0,0,0,0,0,0,0,0,0,0,0,0,0,0,0,0,0,0,0,0,0,0,0,0,0,0,0,0
10264,440.26580294878636,0,0,0,0,0,0,0,0,0,0,0,0,0,0,0,0,0,0,0,0,0,0,0,0,0,0,0,0,0,0,0,0,0,0,0,0,0,0,0,0,0,0,0,0,0,0,0,0,0,0,0,0,0,0,0,0,0,0,0,0,0,0,0,0,0,0,0,0,0,0,0,0,0,0,0,0,0,0,0,0,0,0,0,0,0,0,0,0,0,0,0,0,0,0,0,0,0,0,0,0,0,0,0,0,0,0,0,0,0,0,0,0,0,0,0,0,0,0,0,0,0,0,0,0,0,0,0,0,0,0,0,0,0,0,0,0,0,0,0,0,0,0,0,0,0,0,0,0,0,0,0,0
10265,976.7625085632943,0,0,0,0,0,0,0,0,0,0,0,0,0,0,0,0,0,0,0,0,0,0,0,0,0,0,0,0,0,0,0,0,0,0,0,0,0,0,0,0,0,0,0,0,20.677156138633705,20.677156138633705,20.677156138633705,20.677156138633705,20.677156138633705,20.677156138633705,20.677156138633705,20.677156138633705,20.677156138633705,20.677156138633705,20.677156138633705,31.9525860971194,31.9525860971194,31.9525860971194,31.9525860971194,31.9525860971194,31.9525860971194,31.9525860971194,31.9525860971194,31.9525860971194,31.9525860971194,31.9525860971194,31.9525860971194,31.9525860971194,31.9525860971194,31.9525860971194,31.9525860971194,31.9525860971194,31.9525860971194,31.9525860971194,31.9525860971194,31.9525860971194,31.9525860971194,0,0,0,0,0,0,0,0,0,0,0,0,0,0,0,0,0,0,0,0,0,0,0,0,0,0,0,0,0,0,0,0,0,0,0,0,0,0,0,0,0,0,21.169072274331487,21.169072274331487,21.169072274331487,21.169072274331487,21.169072274331487,21.169072274331487,21.169072274331487,21.169072274331487,21.169072274331487,21.169072274331487,21.169072274331487,32.712748305745265,32.712748305745265,32.712748305745265,32.712748305745265,32.712748305745265,32.712748305745265,32.712748305745265,32.712748305745265,32.712748305745265,32.712748305745265,32.712748305745265,32.712748305745265,32.712748305745265,32.712748305745265,32.712748305745265,32.712748305745265,32.712748305745265,32.712748305745265,32.712748305745265,32.712748305745265,32.712748305745265,32.712748305745265
10266,926.5948074120938,38.69874531937156,41.764474622358506,0,0,0,0,0,0,0,0,0,0,0,0,0,0,0,0,0,0,0,0,0,0,0,0,0,0,0,0,0,0,0,0,0,0,0,0,0,0,0,0,0,0,0,0,0,0,0,0,0,0,0,0,0,0,0,0,0,0,0,0,0,0,0,0,0,0,0,0,0,0,0,0,0,0,0,0,0,0,0,0,0,0,0,0,0,0,0,0,0,0,0,0,0,0,0,0,0,0,0,0,0,0,0,0,0,0,0,0,0,0,0,0,0,0,0,0,0,0,0,0,0,0,0,0,0,0,0,0,0,0,0,0,0,0,0,0,0,0,0,0,0,0,0,0,0,0,0,0,0,0
10267,883.8327190149283,0,0,0,0,0,0,0,0,0,0,0,0,0,0,0,0,0,0,0,0,0,0,0,0,0,0,0,0,0,0,0,0,0,0,0,0,0,0,0,0,0,0,0,0,0,0,0,0,0,0,0,0,0,0,0,0,0,0,0,0,0,0,0,0,0,0,0,0,0,0,0,0,0,0,0,0,0,0,0,0,0,0,0,0,0,0,0,0,0,0,0,0,0,0,0,0,0,0,0,0,0,0,0,0,0,0,0,0,0,0,0,0,0,0,0,0,0,0,0,0,0,0,0,0,0,0,0,0,0,0,0,0,0,0,0,0,0,0,0,0,0,0,0,0,0,0,0,0,0,0,0,0
10268,289.8615347187431,0,0,0,0,0,8.0830996566812,8.0830996566812,8.0830996566812,8.0830996566812,8.0830996566812,8.0830996566812,8.0830996566812,8.0830996566812,8.0830996566812,8.0830996566812,8.0830996566812,8.0830996566812,8.0830996566812,8.0830996566812,8.0830996566812,8.0830996566812,8.0830996566812,8.0830996566812,8.0830996566812,8.0830996566812,8.0830996566812,8.0830996566812,8.0830996566812,8.0830996566812,8.0830996566812,8.0830996566812,8.0830996566812,8.0830996566812,8.0830996566812,8.0830996566812,8.0830996566812,8.0830996566812,8.0830996566812,8.0830996566812,8.0830996566812,8.0830996566812,8.0830996566812,8.0830996566812,8.0830996566812,8.0830996566812,8.0830996566812,8.0830996566812,8.0830996566812,8.0830996566812,8.0830996566812,8.0830996566812,8.0830996566812,8.0830996566812,8.0830996566812,8.0830996566812,8.0830996566812,8.0830996566812,8.0830996566812,8.0830996566812,8.0830996566812,8.0830996566812,8.0830996566812,8.0830996566812,8.0830996566812,8.0830996566812,8.0830996566812,8.0830996566812,8.0830996566812,8.0830996566812,8.0830996566812,8.0830996566812,8.0830996566812,8.0830996566812,8.0830996566812,8.0830996566812,8.0830996566812,8.0830996566812,0,0,0,27.886072101716948,27.886072101716948,27.886072101716948,27.886072101716948,27.886072101716948,27.886072101716948,27.886072101716948,27.886072101716948,27.886072101716948,27.886072101716948,27.886072101716948,27.886072101716948,27.886072101716948,27.886072101716948,27.886072101716948,27.886072101716948,27.886072101716948,27.886072101716948,27.886072101716948,27.886072101716948,27.886072101716948,27.886072101716948,27.886072101716948,27.886072101716948,27.886072101716948,27.886072101716948,27.886072101716948,27.886072101716948,27.886072101716948,27.886072101716948,27.886072101716948,27.886072101716948,27.886072101716948,27.886072101716948,27.886072101716948,27.886072101716948,27.886072101716948,27.886072101716948,27.886072101716948,27.886072101716948,27.886072101716948,27.886072101716948,27.886072101716948,27.886072101716948,27.886072101716948,27.886072101716948,27.886072101716948,27.886072101716948,27.886072101716948,27.886072101716948,27.886072101716948,27.886072101716948,27.886072101716948,27.886072101716948,27.886072101716948,27.886072101716948,27.886072101716948,27.886072101716948,27.886072101716948,27.886072101716948,27.886072101716948,27.886072101716948,27.886072101716948,27.886072101716948,27.886072101716948,27.886072101716948,27.886072101716948,27.886072101716948,27.886072101716948,27.886072101716948,27.886072101716948,27.886072101716948
10269,984.9099978342919,0,0,0,0,0,0,0,0,0,0,0,0,0,0,0,0,0,0,0,0,0,0,0,0,0,0,0,0,0,0,0,0,0,0,0,0,0,0,0,0,0,0,0,0,0,0,0,0,0,0,0,0,0,0,0,0,0,0,0,0,0,0,0,0,0,0,0,0,0,0,0,0,0,0,0,0,0,0,0,0,0,0,0,0,0,0,0,0,0,0,0,0,0,0,0,0,0,0,0,0,0,0,0,0,0,0,0,0,0,0,0,0,0,0,0,0,0,0,0,0,0,0,0,0,0,0,0,0,0,0,0,0,0,0,0,0,0,0,0,0,0,0,0,0,0,0,0,0,0,0,0,0
10270,2612.979839183291,0,0,0,0,0,0,0,0,0,0,0,0,0,0,0,0,0,0,0,0,0,0,0,0,0,0,0,0,0,0,0,0,0,0,0,0,0,0,0,0,0,0,0,0,0,0,0,0,0,0,0,0,0,0,0,0,0,0,0,0,0,0,0,0,0,0,0,0,0,0,0,0,0,0,0,0,0,0,0,0,0,0,0,0,0,0,0,0,0,0,0,0,0,0,0,0,0,0,0,0,0,0,0,0,0,0,0,0,0,0,0,0,0,0,0,0,0,0,0,0,0,0,0,0,0,0,0,0,0,0,0,0,0,0,0,0,0,0,0,0,0,0,0,0,0,0,0,0,0,0,0,0
10271,163.87485695323318,0,0,0,0,0,0,0,0,0,0,0,0,0,0,0,0,0,0,0,0,0,0,0,0,0,0,0,0,0,0,0,0,0,0,0,0,0,0,0,0,0,0,0,0,0,0,0,0,0,0,0,0,0,0,0,0,0,0,0,0,0,0,0,0,0,0,0,0,0,0,0,0,0,0,0,0,0,0,0,0,0,0,0,0,0,0,0,0,0,0,0,0,0,0,0,0,0,0,0,0,0,0,0,0,0,0,0,0,0,0,0,0,0,0,0,0,0,0,0,0,0,0,0,0,0,0,0,0,0,0,0,0,0,0,0,0,0,0,0,0,0,0,0,0,0,0,0,0,0,0,0,0
10272,1609.0194434487807,0,0,0,0,0,0,0,0,0,0,0,0,0,0,0,0,0,0,0,0,0,0,0,0,0,0,0,0,0,0,0,0,0,0,0,0,0,0,0,0,0,0,0,0,0,0,0,0,0,0,0,0,0,0,0,0,0,0,0,0,0,0,0,0,0,0,0,0,0,0,0,0,0,0,0,0,0,0,0,0,0,0,0,0,0,0,0,0,0,0,0,0,0,0,0,0,0,0,0,0,0,0,0,0,0,0,0,0,0,0,0,0,0,0,0,0,0,0,0,0,0,0,0,0,0,0,0,0,0,0,0,0,0,0,0,0,0,0,0,0,0,0,0,0,0,0,0,0,0,0,0,0
10273,1341.4389170088352,0,0,0,0,0,0,0,0,0,0,0,0,0,0,0,0,0,0,0,0,0,0,0,0,0,0,0,0,0,0,0,0,0,0,0,0,0,0,0,0,0,0,0,0,0,0,0,0,0,0,0,0,0,0,0,0,0,0,0,0,0,0,0,0,0,0,0,0,0,0,0,0,0,0,0,0,0,0,0,0,0,0,0,0,0,0,0,0,0,0,0,0,0,0,0,0,0,0,0,0,0,0,0,0,0,0,0,0,0,0,0,0,0,0,0,0,0,0,0,0,0,0,0,0,0,0,0,0,0,0,0,0,0,0,0,0,0,0,0,0,0,0,0,0,0,0,0,0,0,0,0,0
10274,4693.992078723639,0,0,0,0,0,0,0,0,0,0,0,0,0,0,0,0,0,0,0,0,0,0,0,0,0,0,0,0,0,0,0,0,0,0,0,0,0,0,0,0,0,0,0,0,0,0,0,0,0,0,0,0,0,0,0,0,0,0,0,0,0,0,0,0,0,0,0,0,0,0,0,0,0,0,0,0,0,0,0,0,0,0,0,0,0,0,0,0,0,0,0,0,0,0,0,0,0,0,0,0,0,0,0,0,0,0,0,0,0,0,0,0,0,0,0,0,0,0,0,0,0,0,0,0,0,0,0,0,0,0,0,0,0,0,0,0,0,0,0,0,0,0,0,0,0,0,0,0,0,0,0,0
10275,181.34406991376315,0,0,0,0,0,0,0,0,0,0,0,0,0,0,0,0,0,0,0,0,0,0,0,0,0,0,0,0,0,0,0,0,0,0,0,0,0,0,0,0,0,0,0,0,0,0,0,0,0,0,0,0,0,0,0,0,0,0,0,0,0,0,0,0,0,0,0,0,0,0,0,0,0,0,0,0,0,0,0,0,0,0,0,0,0,0,0,0,0,0,0,0,0,0,0,0,0,0,0,0,0,0,0,0,0,0,0,0,0,0,0,0,0,0,0,0,0,0,0,0,0,0,0,0,0,0,0,0,0,0,0,0,0,0,0,0,0,0,0,0,0,0,0,0,0,0,0,0,0,0,0,0
10276,5729.881270775325,0,0,0,0,0,0,0,0,0,0,0,0,0,0,0,0,0,0,0,0,0,0,0,0,0,0,0,0,0,0,0,0,0,0,0,0,0,0,0,0,0,0,0,0,0,0,0,0,0,0,0,0,0,0,0,0,0,0,0,0,0,0,0,0,0,0,0,0,0,0,0,0,0,0,0,0,0,0,0,0,0,0,0,0,0,0,0,0,0,0,0,0,0,0,0,0,0,0,0,0,0,0,0,0,0,0,0,0,0,0,0,0,0,0,0,0,0,0,0,0,0,0,0,0,0,0,0,0,0,0,0,0,0,0,0,0,0,0,0,0,0,0,0,0,0,0,0,0,0,0,0,0
10277,1065.142884314808,0,0,0,0,0,0,0,0,0,0,0,0,0,0,0,0,0,0,0,0,0,0,0,0,0,0,0,0,0,0,0,0,0,0,0,0,0,0,0,0,0,0,0,0,0,0,0,0,0,0,0,0,0,0,0,0,0,0,0,0,0,0,0,0,0,0,0,0,0,0,0,0,0,0,0,0,0,0,0,0,0,0,0,0,0,0,0,0,0,0,0,0,0,0,0,0,0,0,0,0,0,0,0,0,0,0,0,0,0,0,0,0,0,0,0,0,0,0,0,0,0,0,0,0,0,0,0,0,0,0,0,0,0,0,0,0,0,0,0,0,0,0,0,0,0,0,0,0,0,0,0,0
10278,816.0975608594115,21.704236310913373,26.595149099645877,0,0,0,0,0,0,0,0,0,0,0,0,0,0,0,0,0,0,0,0,0,0,0,0,0,0,0,0,0,0,0,0,0,0,0,0,0,0,0,0,0,0,0,0,0,0,0,0,0,0,0,0,0,0,0,0,0,0,0,10.343562594477433,10.343562594477433,22.736956138575344,22.736956138575344,22.736956138575344,22.736956138575344,22.736956138575344,22.736956138575344,22.736956138575344,22.736956138575344,22.736956138575344,22.736956138575344,22.736956138575344,22.736956138575344,22.736956138575344,22.736956138575344,0,0,0,0,0,0,0,0,0,0,0,0,0,0,0,0,0,0,0,0,0,0,0,0,0,0,0,0,0,0,0,0,0,0,0,0,0,0,0,0,0,0,0,0,0,0,0,0,0,0,0,0,0,0,0,0,0,0,0,12.674419200058496,12.674419200058496,27.860585828282144,27.860585828282144,27.860585828282144,27.860585828282144,27.860585828282144,27.860585828282144,27.860585828282144,27.860585828282144,27.860585828282144,27.860585828282144,27.860585828282144,27.860585828282144,27.860585828282144,27.860585828282144
10279,821.1722072060729,0,0,0,0,0,0,0,0,0,0,0,0,0,0,0,0,0,0,0,0,0,0,0,0,0,0,0,0,0,0,0,0,0,0,0,0,0,0,0,0,0,0,0,0,0,0,0,0,0,0,0,0,0,0,0,0,0,0,0,0,0,0,0,0,0,0,0,0,0,0,0,0,0,0,0,0,0,0,0,0,0,0,0,0,0,0,0,0,0,0,0,0,0,0,0,0,0,0,0,0,0,0,0,0,0,0,0,0,0,0,0,0,0,0,0,0,0,0,0,0,0,0,0,0,0,0,0,0,0,0,0,0,0,0,0,0,0,0,0,0,0,0,0,0,0,0,0,0,0,0,0,0
10280,716.3800729091299,0,0,0,0,0,0,0,0,0,0,0,0,0,0,0,0,0,0,0,0,0,0,0,0,0,0,0,0,0,0,0,0,0,0,59.058747573837245,85.8065317425308,85.8065317425308,85.8065317425308,85.8065317425308,85.8065317425308,85.8065317425308,85.8065317425308,85.8065317425308,85.8065317425308,85.8065317425308,85.8065317425308,85.8065317425308,85.8065317425308,85.8065317425308,85.8065317425308,85.8065317425308,85.8065317425308,85.8065317425308,85.8065317425308,85.8065317425308,85.8065317425308,85.8065317425308,85.8065317425308,85.8065317425308,85.8065317425308,85.8065317425308,85.8065317425308,85.8065317425308,85.8065317425308,85.8065317425308,85.8065317425308,85.8065317425308,85.8065317425308,85.8065317425308,85.8065317425308,85.8065317425308,85.8065317425308,85.8065317425308,85.8065317425308,85.8065317425308,85.8065317425308,85.8065317425308,0,0,0,0,0,0,0,0,0,0,0,0,0,0,0,0,0,0,0,0,0,0,0,0,0,0,0,0,0,0,0,0,82.44052257624512,119.77794328376723,119.77794328376723,119.77794328376723,119.77794328376723,119.77794328376723,119.77794328376723,119.77794328376723,119.77794328376723,119.77794328376723,119.77794328376723,119.77794328376723,119.77794328376723,119.77794328376723,119.77794328376723,119.77794328376723,119.77794328376723,119.77794328376723,119.77794328376723,119.77794328376723,119.77794328376723,119.77794328376723,119.77794328376723,119.77794328376723,119.77794328376723,119.77794328376723,119.77794328376723,119.77794328376723,119.77794328376723,119.77794328376723,119.77794328376723,119.77794328376723,119.77794328376723,119.77794328376723,119.77794328376723,119.77794328376723,119.77794328376723,119.77794328376723,119.77794328376723,119.77794328376723,119.77794328376723,119.77794328376723,119.77794328376723
10281,2721.3112857295932,0.6419419034675479,0.23589433036707558,0,0,0,0,0,0,0,0,0,0,0,0,0,0,0,0,0,0,0,0,0,0,0,0,0,0,0,0,0,0,0,0,0,0,0,0,0,0,0,0,0,0,0,0,0,0,0,0,0,0,0,0,0,0,0,0,0,0,0,0,0,0,0,0,0,0,0,0,0,0,0,0,0,0,0,0,0,0,0,0,0,0,0,0,0,0,0,0,0,0,0,0,0,0,0,0,0,0,0,0,0,0,0,0,0,0,0,0,0,0,0,0,0,0,0,0,0,0,0,0,0,0,0,0,0,0,0,0,0,0,0,0,0,0,0,0,0,0,0,0,0,0,0,0,0,0,0,0,0,0
10282,2171.474550349075,0,0,0,0,0,0,0,0,0,0,0,0,0,0,0,0,0,0,0,0,0,0,0,0,0,0,0,0,0,0,0,0,0,0,0,0,0,0,0,0,0,0,0,0,0,0,0,0,0,0,0,0,0,0,0,0,0,0,0,0,0,0,0,22.33217473080326,22.33217473080326,22.33217473080326,22.33217473080326,22.33217473080326,22.33217473080326,22.33217473080326,22.33217473080326,22.33217473080326,22.33217473080326,22.33217473080326,22.33217473080326,22.33217473080326,22.33217473080326,0,0,0,0,0,0,0,0,0,0,0,0,0,0,0,0,0,0,0,0,0,0,0,0,0,0,0,0,0,0,0,0,0,0,0,0,0,0,0,0,0,0,0,0,0,0,0,0,0,0,0,0,0,0,0,0,0,0,0,0,0,10.28433638663334,10.28433638663334,10.28433638663334,10.28433638663334,10.28433638663334,10.28433638663334,10.28433638663334,10.28433638663334,10.28433638663334,10.28433638663334,10.28433638663334,10.28433638663334,10.28433638663334,10.28433638663334
10283,150.05173361059968,0,0,0,0,0,0,0,0,0,0,0,0,0,0,0,0,0,0,0,0,0,0,0,0,0,0,0,0,0,0,0,0,0,0,0,0,0,0,0,0,0,0,0,0,0,0,0,0,0,0,0,0,0,0,0,0,0,0,0,0,0,0,0,0,0,0,0,0,0,0,0,0,0,0,0,0,0,0,0,0,0,0,0,0,0,0,0,0,0,0,0,0,0,0,0,0,0,0,0,0,0,0,0,0,0,0,0,0,0,0,0,0,0,0,0,0,0,0,0,0,0,0,0,0,0,0,0,0,0,0,0,0,0,0,0,0,0,0,0,0,0,0,0,0,0,0,0,0,0,0,0,0
10284,345.30608794796944,271.4320197278726,786.0620742046456,0,0,0,0,0,0,0,0,0,0,0,0,0,0,0,0,0,0,0,0,0,0,0,0,0,0,0,0,0,0,0,0,0,0,0,0,0,0,0,0,0,0,0,0,0,0,0,0,0,0,0,0,0,0,0,0,0,0,0,0,0,0,0,0,0,0,0,0,0,0,0,0,0,0,0,0,0,0,0,0,0,0,0,0,0,0,0,0,0,0,0,0,0,0,0,0,0,0,0,0,0,0,0,0,0,0,0,0,0,0,0,0,0,0,0,0,0,0,0,0,0,0,0,0,0,0,0,0,0,0,0,0,0,0,0,0,0,0,0,0,0,0,0,0,0,0,0,0,0,0
10285,881.9471448383646,5.979497089587329,6.7798814527407965,0,0,0,0,0,0,0,0,0,0,0,0,0,0,0,0,0,0,0,0,0,0,0,0,0,0,0,0,0,0,0,0,0,0,0,0,0,0,0,0,0,0,0,0,0,0,0,0,0,0,0,0,0,0,0,0,0,0,0,0,0,0,0,0,0,0,0,0,0,0,0,0,0,0,0,0,0,0,0,0,0,0,0,0,0,0,0,0,0,0,0,0,0,0,0,0,0,0,0,0,0,0,0,0,0,0,0,0,0,0,0,0,0,0,0,0,0,0,0,0,0,0,0,0,0,0,0,0,0,0,0,0,0,0,0,0,0,0,0,0,0,0,0,0,0,0,0,0,0,0
10286,298.1189420014251,0,0,0,0,0,0,0,0,0,0,0,0,0,0,0,0,0,0,0,0,0,0,0,0,0,0,0,0,0,0,0,0,0,0,0,0,0,0,0,0,0,0,0,0,0,0,0,0,0,0,0,0,0,0,0,0,0,0,0,0,0,0,0,0,0,0,0,0,0,0,0,0,0,0,0,0,0,0,0,0,0,0,0,0,0,0,0,0,0,0,0,0,0,0,0,0,0,0,0,0,0,0,0,0,0,0,0,0,0,0,0,0,0,0,0,0,0,0,0,0,0,0,0,0,0,0,0,0,0,0,0,0,0,0,0,0,0,0,0,0,0,0,0,0,0,0,0,0,0,0,0,0
10287,315.44293601650355,0,0,0,0,0,0,0,0,0,0,0,0,0,0,0,0,0,0,0,0,0,0,0,0,0,0,0,0,0,0,0,0,0,0,0,0,0,0,0,0,0,0,0,6.281667720488337,21.42076903604601,21.42076903604601,21.42076903604601,21.42076903604601,21.42076903604601,21.42076903604601,21.42076903604601,21.42076903604601,21.42076903604601,21.42076903604601,21.42076903604601,21.42076903604601,21.42076903604601,21.42076903604601,21.42076903604601,21.42076903604601,21.42076903604601,21.42076903604601,21.42076903604601,21.42076903604601,21.42076903604601,21.42076903604601,21.42076903604601,21.42076903604601,21.42076903604601,21.42076903604601,21.42076903604601,21.42076903604601,21.42076903604601,21.42076903604601,21.42076903604601,21.42076903604601,21.42076903604601,0,0,0,0,0,0,0,0,0,0,0,0,0,0,0,0,0,0,0,0,0,0,0,0,0,0,0,0,0,0,0,0,0,0,0,0,0,0,0,0,0,19.913800574566324,67.90695428641745,67.90695428641745,67.90695428641745,67.90695428641745,67.90695428641745,67.90695428641745,67.90695428641745,67.90695428641745,67.90695428641745,67.90695428641745,67.90695428641745,67.90695428641745,67.90695428641745,67.90695428641745,67.90695428641745,67.90695428641745,67.90695428641745,67.90695428641745,67.90695428641745,67.90695428641745,67.90695428641745,67.90695428641745,67.90695428641745,67.90695428641745,67.90695428641745,67.90695428641745,67.90695428641745,67.90695428641745,67.90695428641745,67.90695428641745,67.90695428641745,67.90695428641745,67.90695428641745
10288,1562.1236022967466,51.46398408054881,32.94488605439592,0,0,0,0,0,0,0,0,0,0,0,0,0,0,42.831706169636384,42.831706169636384,42.831706169636384,42.831706169636384,42.831706169636384,42.831706169636384,42.831706169636384,42.831706169636384,42.831706169636384,42.831706169636384,42.831706169636384,42.831706169636384,42.831706169636384,42.831706169636384,42.831706169636384,42.831706169636384,42.831706169636384,42.831706169636384,42.831706169636384,42.831706169636384,42.831706169636384,42.831706169636384,42.831706169636384,42.831706169636384,42.831706169636384,42.831706169636384,42.831706169636384,42.831706169636384,42.831706169636384,42.831706169636384,42.831706169636384,42.831706169636384,42.831706169636384,42.831706169636384,42.831706169636384,42.831706169636384,42.831706169636384,42.831706169636384,42.831706169636384,42.831706169636384,42.831706169636384,42.831706169636384,42.831706169636384,42.831706169636384,42.831706169636384,42.831706169636384,42.831706169636384,42.831706169636384,42.831706169636384,42.831706169636384,42.831706169636384,42.831706169636384,42.831706169636384,42.831706169636384,42.831706169636384,42.831706169636384,42.831706169636384,42.831706169636384,42.831706169636384,42.831706169636384,42.831706169636384,0,0,0,0,0,0,0,0,0,0,0,0,0,0,27.41889701087809,27.41889701087809,27.41889701087809,27.41889701087809,27.41889701087809,27.41889701087809,27.41889701087809,27.41889701087809,27.41889701087809,27.41889701087809,27.41889701087809,27.41889701087809,27.41889701087809,27.41889701087809,27.41889701087809,27.41889701087809,27.41889701087809,27.41889701087809,27.41889701087809,27.41889701087809,27.41889701087809,27.41889701087809,27.41889701087809,27.41889701087809,27.41889701087809,27.41889701087809,27.41889701087809,27.41889701087809,27.41889701087809,27.41889701087809,27.41889701087809,27.41889701087809,27.41889701087809,27.41889701087809,27.41889701087809,27.41889701087809,27.41889701087809,27.41889701087809,27.41889701087809,27.41889701087809,27.41889701087809,27.41889701087809,27.41889701087809,27.41889701087809,27.41889701087809,27.41889701087809,27.41889701087809,27.41889701087809,27.41889701087809,27.41889701087809,27.41889701087809,27.41889701087809,27.41889701087809,27.41889701087809,27.41889701087809,27.41889701087809,27.41889701087809,27.41889701087809,27.41889701087809,27.41889701087809,27.41889701087809
10289,1981.7857482155227,0,0,0,0,0,0,0,0,0,0,0,0,0,0,0,0,0,0,0,0,0,0,0,0,0,0,0,0,0,0,0,0,0,0,0,0,0,0,0,0,0,0,0,0,0,0,0,0,0,0,0,0,0,0,0,0,0,0,0,0,0,0,0,0,0,0,0,0,0,0,0,0,0,0,0,0,0,0,0,0,0,0,0,0,0,0,0,0,0,0,0,0,0,0,0,0,0,0,0,0,0,0,0,0,0,0,0,0,0,0,0,0,0,0,0,0,0,0,0,0,0,0,0,0,0,0,0,0,0,0,0,0,0,0,0,0,0,0,0,0,0,0,0,0,0,0,0,0,0,0,0,0
10290,1831.6253628353422,0,0,0,0,0,0,0,0,0,0,0,0,0,0,0,0,0,0,0,0,0,0,0,0,0,0,0,0,0,0,0,0,0,0,0,0,0,0,0,0,0,0,0,0,0,0,0,0,0,0,0,0,0,0,0,0,0,0,0,0,0,0,0,0,0,0,0,0,0,0,0,0,0,0,0,0,0,0,0,0,0,0,0,0,0,0,0,0,0,0,0,0,0,0,0,0,0,0,0,0,0,0,0,0,0,0,0,0,0,0,0,0,0,0,0,0,0,0,0,0,0,0,0,0,0,0,0,0,0,0,0,0,0,0,0,0,0,0,0,0,0,0,0,0,0,0,0,0,0,0,0,0
10291,230.69815885078197,0,0,0,0,0,0,0,0,0,0,0,0,0,0,0,0,0,0,0,0,0,0,0,0,0,0,0,0,0,0,0,0,0,0,0,0,0,0,0,0,0,0,0,0,0,0,0,0,0,0,0,0,0,0,0,0,0,0,0,0,0,0,0,0,0,0,0,0,0,0,0,0,0,0,0,0,0,0,0,0,0,0,0,0,0,0,0,0,0,0,0,0,0,0,0,0,0,0,0,0,0,0,0,0,0,0,0,0,0,0,0,0,0,0,0,0,0,0,0,0,0,0,0,0,0,0,0,0,0,0,0,0,0,0,0,0,0,0,0,0,0,0,0,0,0,0,0,0,0,0,0,0
10292,655.3346891367132,355.0585175938299,541.79722740079,0,0,0,0,0,0,0,0,0,0,14.499632174268681,14.499632174268681,14.499632174268681,14.499632174268681,14.499632174268681,14.499632174268681,14.499632174268681,14.499632174268681,14.499632174268681,14.499632174268681,14.499632174268681,14.499632174268681,14.499632174268681,14.499632174268681,14.499632174268681,14.499632174268681,14.499632174268681,14.499632174268681,14.499632174268681,17.873848773686866,17.873848773686866,18.610161030199812,18.610161030199812,18.610161030199812,18.610161030199812,18.610161030199812,18.610161030199812,18.610161030199812,18.610161030199812,28.748495969808808,28.748495969808808,28.748495969808808,45.67124035949382,45.67124035949382,45.67124035949382,45.67124035949382,45.67124035949382,45.67124035949382,45.67124035949382,45.67124035949382,45.67124035949382,45.67124035949382,45.67124035949382,45.67124035949382,45.67124035949382,45.67124035949382,45.67124035949382,45.67124035949382,45.67124035949382,45.67124035949382,45.67124035949382,45.67124035949382,45.67124035949382,45.67124035949382,45.67124035949382,45.67124035949382,45.67124035949382,45.67124035949382,45.67124035949382,45.67124035949382,45.67124035949382,45.67124035949382,45.67124035949382,45.67124035949382,45.67124035949382,0,0,0,0,0,0,0,0,0,0,22.1255374003921,22.1255374003921,22.1255374003921,22.1255374003921,22.1255374003921,22.1255374003921,22.1255374003921,22.1255374003921,22.1255374003921,22.1255374003921,22.1255374003921,22.1255374003921,22.1255374003921,22.1255374003921,22.1255374003921,22.1255374003921,22.1255374003921,22.1255374003921,22.1255374003921,27.274382189705968,27.274382189705968,28.397948923954242,28.397948923954242,28.397948923954242,28.397948923954242,28.397948923954242,28.397948923954242,28.397948923954242,28.397948923954242,43.86841784261387,43.86841784261387,43.86841784261387,69.69147386300816,69.69147386300816,69.69147386300816,69.69147386300816,69.69147386300816,69.69147386300816,69.69147386300816,69.69147386300816,69.69147386300816,69.69147386300816,69.69147386300816,69.69147386300816,69.69147386300816,69.69147386300816,69.69147386300816,69.69147386300816,69.69147386300816,69.69147386300816,69.69147386300816,69.69147386300816,69.69147386300816,69.69147386300816,69.69147386300816,69.69147386300816,69.69147386300816,69.69147386300816,69.69147386300816,69.69147386300816,69.69147386300816,69.69147386300816,69.69147386300816,69.69147386300816,69.69147386300816
10293,260.95414612389254,9.60300078796602,36.79957161288721,0,0,0,0,0,0,0,0,0,0,14.634379743396805,14.634379743396805,22.351555302561266,22.351555302561266,22.351555302561266,22.351555302561266,22.351555302561266,22.351555302561266,22.351555302561266,22.351555302561266,22.351555302561266,22.351555302561266,22.351555302561266,22.351555302561266,22.351555302561266,22.351555302561266,22.351555302561266,22.351555302561266,22.351555302561266,22.351555302561266,22.351555302561266,22.351555302561266,22.351555302561266,22.351555302561266,22.351555302561266,22.351555302561266,22.351555302561266,22.351555302561266,22.351555302561266,22.351555302561266,22.351555302561266,22.351555302561266,22.351555302561266,22.351555302561266,22.351555302561266,22.351555302561266,22.351555302561266,22.351555302561266,22.351555302561266,22.351555302561266,22.351555302561266,22.351555302561266,22.351555302561266,22.351555302561266,22.351555302561266,22.351555302561266,22.351555302561266,22.351555302561266,22.351555302561266,22.351555302561266,22.351555302561266,22.351555302561266,29.54132442388616,29.54132442388616,29.54132442388616,29.54132442388616,29.54132442388616,29.54132442388616,29.54132442388616,29.54132442388616,29.54132442388616,29.54132442388616,29.54132442388616,29.54132442388616,29.54132442388616,0,0,0,0,0,0,0,0,0,0,56.08027295511479,56.08027295511479,85.65319093243866,85.65319093243866,85.65319093243866,85.65319093243866,85.65319093243866,85.65319093243866,85.65319093243866,85.65319093243866,85.65319093243866,85.65319093243866,85.65319093243866,85.65319093243866,85.65319093243866,85.65319093243866,85.65319093243866,85.65319093243866,85.65319093243866,85.65319093243866,85.65319093243866,85.65319093243866,85.65319093243866,85.65319093243866,85.65319093243866,85.65319093243866,85.65319093243866,85.65319093243866,85.65319093243866,85.65319093243866,85.65319093243866,85.65319093243866,85.65319093243866,85.65319093243866,85.65319093243866,85.65319093243866,85.65319093243866,85.65319093243866,85.65319093243866,85.65319093243866,85.65319093243866,85.65319093243866,85.65319093243866,85.65319093243866,85.65319093243866,85.65319093243866,85.65319093243866,85.65319093243866,85.65319093243866,85.65319093243866,85.65319093243866,85.65319093243866,113.20503951625624,113.20503951625624,113.20503951625624,113.20503951625624,113.20503951625624,113.20503951625624,113.20503951625624,113.20503951625624,113.20503951625624,113.20503951625624,113.20503951625624,113.20503951625624,113.20503951625624
10294,362.74043070652795,156.71329288280396,432.02598777744606,0,0,0,0,0,0,0,0,0,0,0,0,0,0,0,0,0,0,0,0,0,0,0,0,0,0,0,0,0,0,0,0,0,0,0,0,0,0,0,0,0,0,0,0,0,0,0,0,0,0,0,0,0,0,0,0,0,0,0,0,0,0,0,0,0,0,0,0,0,0,0,0,0,0,0,0,0,0,0,0,0,0,0,0,0,0,0,0,0,0,0,0,0,0,0,0,0,0,0,0,0,0,0,0,0,0,0,0,0,0,0,0,0,0,0,0,0,0,0,0,0,0,0,0,0,0,0,0,0,0,0,0,0,0,0,0,0,0,0,0,0,0,0,0,0,0,0,0,0,0
10295,15334.905592141202,0,0,0,0,0,0,0,0,0,0,0,0,0,0,0,0,0,0,0,0,0,0,0,0,0,0,0,0,0,0,0,0,0,0,0,0,0,0,0,0,0,0,0,0,0,0,0,0,0,0,0,0,0,0,0,0,0,0,0,0,0,0,0,0,0,0,0,0,0,0,0,0,0,0,0,0,0,0,0,0,0,0,0,0,0,0,0,0,0,0,0,0,0,0,0,0,0,0,0,0,0,0,0,0,0,0,0,0,0,0,0,0,0,0,0,0,0,0,0,0,0,0,0,0,0,0,0,0,0,0,0,0,0,0,0,0,0,0,0,0,0,0,0,0,0,0,0,0,0,0,0,0
10296,710.5110110867977,0,0,0,0,0,0,0,0,0,0,0,0,0,0,0,0,0,0,0,0,0,0,0,0,0,0,0,0,0,0,0,0,0,0,0,0,0,0,0,0,0,0,0,0,0,0,0,0,0,0,0,0,0,0,0,0,0,0,0,0,0,0,0,0,0,0,0,0,0,0,0,0,0,0,0,0,0,0,0,0,0,0,0,0,0,0,0,0,0,0,0,0,0,0,0,0,0,0,0,0,0,0,0,0,0,0,0,0,0,0,0,0,0,0,0,0,0,0,0,0,0,0,0,0,0,0,0,0,0,0,0,0,0,0,0,0,0,0,0,0,0,0,0,0,0,0,0,0,0,0,0,0
10297,99.06278130611622,0,0,0,0,0,0,0,0,0,0,3.283054228307979,3.283054228307979,3.283054228307979,3.283054228307979,3.283054228307979,3.283054228307979,3.283054228307979,3.283054228307979,3.283054228307979,3.283054228307979,3.283054228307979,3.283054228307979,3.283054228307979,3.283054228307979,3.283054228307979,3.283054228307979,3.283054228307979,3.283054228307979,3.283054228307979,3.283054228307979,3.283054228307979,3.283054228307979,3.283054228307979,3.283054228307979,3.283054228307979,3.283054228307979,3.283054228307979,3.283054228307979,3.283054228307979,3.283054228307979,3.283054228307979,3.283054228307979,3.283054228307979,3.283054228307979,4.360658292547317,4.360658292547317,4.360658292547317,4.360658292547317,4.360658292547317,4.360658292547317,4.360658292547317,4.360658292547317,4.360658292547317,4.360658292547317,4.360658292547317,4.360658292547317,4.360658292547317,4.360658292547317,4.360658292547317,4.360658292547317,4.360658292547317,4.360658292547317,4.360658292547317,4.360658292547317,4.360658292547317,4.360658292547317,4.360658292547317,4.360658292547317,4.360658292547317,4.360658292547317,4.360658292547317,4.360658292547317,4.360658292547317,4.360658292547317,4.360658292547317,4.360658292547317,4.360658292547317,0,0,0,0,0,0,0,0,33.14114731104648,33.14114731104648,33.14114731104648,33.14114731104648,33.14114731104648,33.14114731104648,33.14114731104648,33.14114731104648,33.14114731104648,33.14114731104648,33.14114731104648,33.14114731104648,33.14114731104648,33.14114731104648,33.14114731104648,33.14114731104648,33.14114731104648,33.14114731104648,33.14114731104648,33.14114731104648,33.14114731104648,33.14114731104648,33.14114731104648,33.14114731104648,33.14114731104648,33.14114731104648,33.14114731104648,33.14114731104648,33.14114731104648,33.14114731104648,33.14114731104648,33.14114731104648,33.14114731104648,33.14114731104648,44.01913852057459,44.01913852057459,44.01913852057459,44.01913852057459,44.01913852057459,44.01913852057459,44.01913852057459,44.01913852057459,44.01913852057459,44.01913852057459,44.01913852057459,44.01913852057459,44.01913852057459,44.01913852057459,44.01913852057459,44.01913852057459,44.01913852057459,44.01913852057459,44.01913852057459,44.01913852057459,44.01913852057459,44.01913852057459,44.01913852057459,44.01913852057459,44.01913852057459,44.01913852057459,44.01913852057459,44.01913852057459,44.01913852057459,44.01913852057459,44.01913852057459,44.01913852057459,44.01913852057459
10298,206.20651860985728,5.78135876739398,28.03674106118978,0,0,0,0,0,0,0,0,0,0,0,0,0,0,0,0,0,0,0,0,0,0,0,0,0,0,0,0,0,0,0,0,0,0,0,0,0,0,0,0,0,0,0,0,0,0,0,0,0,0,0,0,0,0,0,0,0,0,0,0,0,0,0,0,0,0,0,0,0,0,0,0,0,0,0,0,0,0,0,0,0,0,0,0,0,0,0,0,0,0,0,0,0,0,0,0,0,0,0,0,0,0,0,0,0,0,0,0,0,0,0,0,0,0,0,0,0,0,0,0,0,0,0,0,0,0,0,0,0,0,0,0,0,0,0,0,0,0,0,0,0,0,0,0,0,0,0,0,0,0
10299,262.7963664228247,153.47758049302126,584.0171330454563,0,0,0,0,0,0,0,0,0,0,0,0,0,0,0,0,0,0,0,0,0,0,0,0,0,0,0,0,0,1.850667443081356,1.850667443081356,11.330183244463297,11.330183244463297,11.330183244463297,11.330183244463297,11.330183244463297,11.330183244463297,11.330183244463297,11.330183244463297,11.330183244463297,11.330183244463297,11.330183244463297,11.330183244463297,11.330183244463297,11.330183244463297,11.330183244463297,11.330183244463297,11.330183244463297,11.330183244463297,11.330183244463297,11.330183244463297,11.330183244463297,11.330183244463297,11.330183244463297,11.330183244463297,11.330183244463297,11.330183244463297,11.330183244463297,11.330183244463297,11.330183244463297,11.330183244463297,11.330183244463297,11.330183244463297,11.330183244463297,11.330183244463297,11.330183244463297,11.330183244463297,11.330183244463297,11.330183244463297,11.330183244463297,11.330183244463297,11.330183244463297,11.330183244463297,11.330183244463297,11.330183244463297,0,0,0,0,0,0,0,0,0,0,0,0,0,0,0,0,0,0,0,0,0,0,0,0,0,0,0,0,0,7.042210926553434,7.042210926553434,43.11392656865607,43.11392656865607,43.11392656865607,43.11392656865607,43.11392656865607,43.11392656865607,43.11392656865607,43.11392656865607,43.11392656865607,43.11392656865607,43.11392656865607,43.11392656865607,43.11392656865607,43.11392656865607,43.11392656865607,43.11392656865607,43.11392656865607,43.11392656865607,43.11392656865607,43.11392656865607,43.11392656865607,43.11392656865607,43.11392656865607,43.11392656865607,43.11392656865607,43.11392656865607,43.11392656865607,43.11392656865607,43.11392656865607,43.11392656865607,43.11392656865607,43.11392656865607,43.11392656865607,43.11392656865607,43.11392656865607,43.11392656865607,43.11392656865607,43.11392656865607,43.11392656865607,43.11392656865607,43.11392656865607,43.11392656865607,43.11392656865607,43.11392656865607
10300,300.53764273138734,257.02823025571485,855.228076988146,0,0,0,0,0,0,21.414608920716496,21.414608920716496,21.414608920716496,21.414608920716496,21.414608920716496,21.414608920716496,21.414608920716496,21.414608920716496,21.414608920716496,21.414608920716496,21.414608920716496,21.414608920716496,21.414608920716496,21.414608920716496,21.414608920716496,21.414608920716496,21.414608920716496,21.414608920716496,21.414608920716496,21.414608920716496,21.414608920716496,21.414608920716496,21.414608920716496,21.414608920716496,21.414608920716496,21.414608920716496,21.414608920716496,21.414608920716496,21.414608920716496,21.414608920716496,21.414608920716496,21.414608920716496,21.414608920716496,21.414608920716496,21.414608920716496,21.414608920716496,34.08281664199052,34.08281664199052,34.08281664199052,34.08281664199052,34.08281664199052,34.08281664199052,34.08281664199052,34.08281664199052,34.08281664199052,34.08281664199052,34.08281664199052,34.08281664199052,34.08281664199052,34.08281664199052,34.08281664199052,34.08281664199052,34.08281664199052,34.08281664199052,34.08281664199052,34.08281664199052,34.08281664199052,34.08281664199052,34.08281664199052,34.08281664199052,34.08281664199052,34.08281664199052,34.08281664199052,34.08281664199052,34.08281664199052,34.08281664199052,34.08281664199052,34.08281664199052,34.08281664199052,0,0,0,0,0,0,71.25433182377195,71.25433182377195,71.25433182377195,71.25433182377195,71.25433182377195,71.25433182377195,71.25433182377195,71.25433182377195,71.25433182377195,71.25433182377195,71.25433182377195,71.25433182377195,71.25433182377195,71.25433182377195,71.25433182377195,71.25433182377195,71.25433182377195,71.25433182377195,71.25433182377195,71.25433182377195,71.25433182377195,71.25433182377195,71.25433182377195,71.25433182377195,71.25433182377195,71.25433182377195,71.25433182377195,71.25433182377195,71.25433182377195,71.25433182377195,71.25433182377195,71.25433182377195,71.25433182377195,71.25433182377195,71.25433182377195,71.25433182377195,113.40614883458325,113.40614883458325,113.40614883458325,113.40614883458325,113.40614883458325,113.40614883458325,113.40614883458325,113.40614883458325,113.40614883458325,113.40614883458325,113.40614883458325,113.40614883458325,113.40614883458325,113.40614883458325,113.40614883458325,113.40614883458325,113.40614883458325,113.40614883458325,113.40614883458325,113.40614883458325,113.40614883458325,113.40614883458325,113.40614883458325,113.40614883458325,113.40614883458325,113.40614883458325,113.40614883458325,113.40614883458325,113.40614883458325,113.40614883458325,113.40614883458325,113.40614883458325,113.40614883458325
10301,214.54182983383774,0,0,0,0,0,0,0,0,0,0,0,0,0,0,0,0,0,0,0,0,0,0,0,0,0,0,0,0,0,0,9.106947253684398,16.823657649356925,16.823657649356925,16.823657649356925,16.823657649356925,16.823657649356925,16.823657649356925,16.823657649356925,16.823657649356925,16.823657649356925,16.823657649356925,16.823657649356925,16.823657649356925,16.823657649356925,16.823657649356925,16.823657649356925,16.823657649356925,16.823657649356925,16.823657649356925,16.823657649356925,16.823657649356925,16.823657649356925,16.823657649356925,16.823657649356925,16.823657649356925,16.823657649356925,16.823657649356925,16.823657649356925,16.823657649356925,16.823657649356925,16.823657649356925,16.823657649356925,16.823657649356925,16.823657649356925,16.823657649356925,16.823657649356925,16.823657649356925,16.823657649356925,16.823657649356925,16.823657649356925,16.823657649356925,16.823657649356925,16.823657649356925,16.823657649356925,16.823657649356925,16.823657649356925,16.823657649356925,0,0,0,0,0,0,0,0,0,0,0,0,0,0,0,0,0,0,0,0,0,0,0,0,0,0,0,0,42.448352662684535,78.41667828780439,78.41667828780439,78.41667828780439,78.41667828780439,78.41667828780439,78.41667828780439,78.41667828780439,78.41667828780439,78.41667828780439,78.41667828780439,78.41667828780439,78.41667828780439,78.41667828780439,78.41667828780439,78.41667828780439,78.41667828780439,78.41667828780439,78.41667828780439,78.41667828780439,78.41667828780439,78.41667828780439,78.41667828780439,78.41667828780439,78.41667828780439,78.41667828780439,78.41667828780439,78.41667828780439,78.41667828780439,78.41667828780439,78.41667828780439,78.41667828780439,78.41667828780439,78.41667828780439,78.41667828780439,78.41667828780439,78.41667828780439,78.41667828780439,78.41667828780439,78.41667828780439,78.41667828780439,78.41667828780439,78.41667828780439,78.41667828780439,78.41667828780439,78.41667828780439,78.41667828780439
10302,537.5873701907256,71.35987345469745,132.74097832577493,0,0,0,0,0,0,0,0,0,0,2.1715491092418766,2.1715491092418766,2.1715491092418766,2.1715491092418766,2.1715491092418766,2.1715491092418766,2.1715491092418766,2.1715491092418766,2.1715491092418766,2.1715491092418766,2.1715491092418766,2.1715491092418766,2.1715491092418766,2.1715491092418766,2.1715491092418766,5.543808708384221,5.699081638668216,5.699081638668216,5.699081638668216,18.948623861335626,18.948623861335626,37.86958834253755,37.86958834253755,37.86958834253755,37.86958834253755,37.86958834253755,37.86958834253755,37.86958834253755,37.86958834253755,37.86958834253755,37.86958834253755,37.86958834253755,37.86958834253755,37.86958834253755,37.86958834253755,37.86958834253755,37.86958834253755,37.86958834253755,37.86958834253755,37.86958834253755,37.86958834253755,37.86958834253755,37.86958834253755,37.86958834253755,37.86958834253755,37.86958834253755,37.86958834253755,37.86958834253755,37.86958834253755,37.86958834253755,37.86958834253755,37.86958834253755,37.86958834253755,37.86958834253755,37.86958834253755,37.86958834253755,37.86958834253755,37.86958834253755,37.86958834253755,37.86958834253755,37.86958834253755,37.86958834253755,37.86958834253755,37.86958834253755,37.86958834253755,0,0,0,0,0,0,0,0,0,0,4.0394347591749655,4.0394347591749655,4.0394347591749655,4.0394347591749655,4.0394347591749655,4.0394347591749655,4.0394347591749655,4.0394347591749655,4.0394347591749655,4.0394347591749655,4.0394347591749655,4.0394347591749655,4.0394347591749655,4.0394347591749655,4.0394347591749655,10.312386443188547,10.601219363926448,10.601219363926448,10.601219363926448,35.24752423892143,35.24752423892143,70.44359752927632,70.44359752927632,70.44359752927632,70.44359752927632,70.44359752927632,70.44359752927632,70.44359752927632,70.44359752927632,70.44359752927632,70.44359752927632,70.44359752927632,70.44359752927632,70.44359752927632,70.44359752927632,70.44359752927632,70.44359752927632,70.44359752927632,70.44359752927632,70.44359752927632,70.44359752927632,70.44359752927632,70.44359752927632,70.44359752927632,70.44359752927632,70.44359752927632,70.44359752927632,70.44359752927632,70.44359752927632,70.44359752927632,70.44359752927632,70.44359752927632,70.44359752927632,70.44359752927632,70.44359752927632,70.44359752927632,70.44359752927632,70.44359752927632,70.44359752927632,70.44359752927632,70.44359752927632,70.44359752927632,70.44359752927632,70.44359752927632,70.44359752927632
10303,117.03885092498436,0,0,0,0,0,0,0,0,0,0,3.80694326126813,3.80694326126813,3.80694326126813,3.80694326126813,3.80694326126813,3.80694326126813,3.80694326126813,3.80694326126813,3.80694326126813,3.80694326126813,3.80694326126813,3.80694326126813,3.80694326126813,3.80694326126813,3.80694326126813,3.80694326126813,3.80694326126813,3.80694326126813,3.80694326126813,3.80694326126813,3.80694326126813,3.80694326126813,3.80694326126813,3.80694326126813,3.80694326126813,3.80694326126813,3.80694326126813,3.80694326126813,3.80694326126813,3.80694326126813,3.80694326126813,3.80694326126813,3.80694326126813,3.80694326126813,3.80694326126813,3.80694326126813,3.80694326126813,3.80694326126813,3.80694326126813,3.80694326126813,3.80694326126813,3.80694326126813,3.80694326126813,3.80694326126813,3.80694326126813,3.80694326126813,3.80694326126813,3.80694326126813,3.80694326126813,3.80694326126813,3.80694326126813,3.80694326126813,3.80694326126813,3.80694326126813,6.032832196781974,6.032832196781974,6.032832196781974,6.032832196781974,6.032832196781974,6.032832196781974,6.032832196781974,6.032832196781974,6.032832196781974,6.032832196781974,6.032832196781974,6.032832196781974,6.032832196781974,0,0,0,0,0,0,0,0,32.52717564450609,32.52717564450609,32.52717564450609,32.52717564450609,32.52717564450609,32.52717564450609,32.52717564450609,32.52717564450609,32.52717564450609,32.52717564450609,32.52717564450609,32.52717564450609,32.52717564450609,32.52717564450609,32.52717564450609,32.52717564450609,32.52717564450609,32.52717564450609,32.52717564450609,32.52717564450609,32.52717564450609,32.52717564450609,32.52717564450609,32.52717564450609,32.52717564450609,32.52717564450609,32.52717564450609,32.52717564450609,32.52717564450609,32.52717564450609,32.52717564450609,32.52717564450609,32.52717564450609,32.52717564450609,32.52717564450609,32.52717564450609,32.52717564450609,32.52717564450609,32.52717564450609,32.52717564450609,32.52717564450609,32.52717564450609,32.52717564450609,32.52717564450609,32.52717564450609,32.52717564450609,32.52717564450609,32.52717564450609,32.52717564450609,32.52717564450609,32.52717564450609,32.52717564450609,32.52717564450609,32.52717564450609,51.54555217436897,51.54555217436897,51.54555217436897,51.54555217436897,51.54555217436897,51.54555217436897,51.54555217436897,51.54555217436897,51.54555217436897,51.54555217436897,51.54555217436897,51.54555217436897,51.54555217436897
10304,1009.2258644860315,0,0,0,0,0,0,0,0,0,0,0,0,0,0,0,0,0,0,0,0,0,0,0,0,0,0,0,0,0,0,0,0,0,0,0,0,0,0,0,0,0,0,0,0,0,0,0,0,0,0,0,0,0,0,0,0,0,0,0,0,0,0,0,0,0,0,0,0,0,0,0,0,0,0,0,0,0,0,0,0,0,0,0,0,0,0,0,0,0,0,0,0,0,0,0,0,0,0,0,0,0,0,0,0,0,0,0,0,0,0,0,0,0,0,0,0,0,0,0,0,0,0,0,0,0,0,0,0,0,0,0,0,0,0,0,0,0,0,0,0,0,0,0,0,0,0,0,0,0,0,0,0
10305,504.1199902208647,0,0,0,0,0,0,0,0,0,0,0,0,0,0,0,0,0,0,0,0,0,0,0,0,0,0,0,0,0,0,0,0,0,0,0,0,0,0,0,29.25807060577823,29.25807060577823,29.25807060577823,29.25807060577823,29.25807060577823,29.25807060577823,29.25807060577823,29.25807060577823,29.25807060577823,29.25807060577823,29.25807060577823,29.25807060577823,29.25807060577823,29.25807060577823,29.25807060577823,29.25807060577823,29.25807060577823,29.25807060577823,29.25807060577823,29.25807060577823,29.25807060577823,29.25807060577823,29.25807060577823,29.25807060577823,29.25807060577823,29.25807060577823,29.25807060577823,29.25807060577823,29.25807060577823,29.25807060577823,29.25807060577823,29.25807060577823,29.25807060577823,29.25807060577823,29.25807060577823,29.25807060577823,29.25807060577823,29.25807060577823,0,0,0,0,0,0,0,0,0,0,0,0,0,0,0,0,0,0,0,0,0,0,0,0,0,0,0,0,0,0,0,0,0,0,0,0,0,58.037909968536866,58.037909968536866,58.037909968536866,58.037909968536866,58.037909968536866,58.037909968536866,58.037909968536866,58.037909968536866,58.037909968536866,58.037909968536866,58.037909968536866,58.037909968536866,58.037909968536866,58.037909968536866,58.037909968536866,58.037909968536866,58.037909968536866,58.037909968536866,58.037909968536866,58.037909968536866,58.037909968536866,58.037909968536866,58.037909968536866,58.037909968536866,58.037909968536866,58.037909968536866,58.037909968536866,58.037909968536866,58.037909968536866,58.037909968536866,58.037909968536866,58.037909968536866,58.037909968536866,58.037909968536866,58.037909968536866,58.037909968536866,58.037909968536866,58.037909968536866
10306,2520.7762814573725,116.59644129573786,46.25418056866526,0,0,0,0,0,0,0,0,0,0,0,0,0,0,0,0,0,0,0,0,0,0,0,0,0,0,0,0,0,0,0,0,0,0,0,0,0,0,0,0,0,0,0,0,0,0,0,0,0,0,0,0,0,0,0,0,0,0,0,0,0,0,0,0,0,0,0,0,0,0,0,0,0,0,0,0,0,0,0,0,0,0,0,0,0,0,0,0,0,0,0,0,0,0,0,0,0,0,0,0,0,0,0,0,0,0,0,0,0,0,0,0,0,0,0,0,0,0,0,0,0,0,0,0,0,0,0,0,0,0,0,0,0,0,0,0,0,0,0,0,0,0,0,0,0,0,0,0,0,0
10307,1956.267411492631,86.8731644979378,44.407612163642604,0,0,0,0,0,0,0,0,0,0,0,0,0,0,0,0,0,0,0,0,0,0,0,0,0,0,0,0,0,0,0,0,0,0,0,0,0,0,0,0,0,0,0,0,0,0,0,0,0,0,0,0,0,0,0,0,0,0,0,0,0,0,0,0,0,0,0,0,0,0,0,0,0,0,0,0,0,0,0,0,0,0,0,0,0,0,0,0,0,0,0,0,0,0,0,0,0,0,0,0,0,0,0,0,0,0,0,0,0,0,0,0,0,0,0,0,0,0,0,0,0,0,0,0,0,0,0,0,0,0,0,0,0,0,0,0,0,0,0,0,0,0,0,0,0,0,0,0,0,0
10308,12714.399574263109,0,0,0,0,0,0,0,0,0,0,0,0,0,0,0,0,0,0,0,0,0,0,0,0,0,0,0,0,0,0,0,0,0,0,0,0,0,0,0,0,0,0,0,0,0,0,0,0,0,0,0,0,0,0,0,0,0,0,0,0,0,0,0,0,0,0,0,0,0,0,0,0,0,0,0,0,0,0,0,0,0,0,0,0,0,0,0,0,0,0,0,0,0,0,0,0,0,0,0,0,0,0,0,0,0,0,0,0,0,0,0,0,0,0,0,0,0,0,0,0,0,0,0,0,0,0,0,0,0,0,0,0,0,0,0,0,0,0,0,0,0,0,0,0,0,0,0,0,0,0,0,0
10309,1355.1096778853737,0,0,0,0,0,0,0,0,0,0,0,0,0,0,0,0,0,0,0,0,0,0,0,0,0,0,0,0,0,0,0,0,0,0,0,0,0,0,0,0,0,0,0,0,0,0,0,0,0,0,0,0,0,0,0,0,0,0,0,0,0,0,0,0,0,0,0,0,0,0,0,0,0,0,0,0,0,0,0,0,0,0,0,0,0,0,0,0,0,0,0,0,0,0,0,0,0,0,0,0,0,0,0,0,0,0,0,0,0,0,0,0,0,0,0,0,0,0,0,0,0,0,0,0,0,0,0,0,0,0,0,0,0,0,0,0,0,0,0,0,0,0,0,0,0,0,0,0,0,0,0,0
10310,536.1672916909802,0,0,0,0,0,0,0,0,0,0,0,0,0,0,0,0,0,0,0,0,0,0,0,0,0,0,0,0,0,0,0,0,0,0,0,0,0,0,0,0,0,0,0,0,0,0,0,0,0,0,0,0,0,0,0,0,0,0,0,0,0,0,0,0,0,0,0,0,0,0,0,0,0,0,0,0,0,0,0,0,0,0,0,0,0,0,0,0,0,0,0,0,0,0,0,0,0,0,0,0,0,0,0,0,0,0,0,0,0,0,0,0,0,0,0,0,0,0,0,0,0,0,0,0,0,0,0,0,0,0,0,0,0,0,0,0,0,0,0,0,0,0,0,0,0,0,0,0,0,0,0,0
10311,295.73434822095106,0,0,0,0,0,0,0,0,0,0,0,0,0,0,0,0,0,0,0,0,0,0,0,0,0,0,0,0,0,0,0,0,0,0,0,0,0,0,0,0,0,0,0,0,0,0,0,0,0,0,0,0,0,0,0,0,0,0,0,0,0,0,0,0,0,0,0,0,0,0,0,0,0,0,0,0,0,0,0,0,0,0,0,0,0,0,0,0,0,0,0,0,0,0,0,0,0,0,0,0,0,0,0,0,0,0,0,0,0,0,0,0,0,0,0,0,0,0,0,0,0,0,0,0,0,0,0,0,0,0,0,0,0,0,0,0,0,0,0,0,0,0,0,0,0,0,0,0,0,0,0,0
10312,201.10788671792955,102.87396325799008,511.5361955062425,0,11.874442753069754,11.874442753069754,21.233755392656725,21.233755392656725,21.233755392656725,21.233755392656725,21.233755392656725,21.233755392656725,21.233755392656725,21.233755392656725,21.233755392656725,21.233755392656725,21.233755392656725,21.233755392656725,21.233755392656725,21.233755392656725,21.233755392656725,21.233755392656725,21.233755392656725,21.233755392656725,21.233755392656725,21.233755392656725,21.233755392656725,21.233755392656725,24.76706222284528,24.76706222284528,24.76706222284528,24.76706222284528,24.76706222284528,24.76706222284528,24.76706222284528,24.76706222284528,24.76706222284528,24.76706222284528,24.76706222284528,24.76706222284528,24.76706222284528,24.76706222284528,24.76706222284528,24.76706222284528,24.76706222284528,24.76706222284528,24.76706222284528,24.76706222284528,24.76706222284528,24.76706222284528,24.76706222284528,24.76706222284528,24.76706222284528,24.76706222284528,24.76706222284528,24.76706222284528,24.76706222284528,24.76706222284528,24.76706222284528,24.76706222284528,24.76706222284528,24.76706222284528,24.76706222284528,24.76706222284528,24.76706222284528,24.76706222284528,24.76706222284528,24.76706222284528,24.76706222284528,24.76706222284528,24.76706222284528,24.76706222284528,24.76706222284528,24.76706222284528,24.76706222284528,24.76706222284528,24.76706222284528,24.76706222284528,0,59.04513714931848,59.04513714931848,105.5839019502941,105.5839019502941,105.5839019502941,105.5839019502941,105.5839019502941,105.5839019502941,105.5839019502941,105.5839019502941,105.5839019502941,105.5839019502941,105.5839019502941,105.5839019502941,105.5839019502941,105.5839019502941,105.5839019502941,105.5839019502941,105.5839019502941,105.5839019502941,105.5839019502941,105.5839019502941,105.5839019502941,105.5839019502941,123.15311262547915,123.15311262547915,123.15311262547915,123.15311262547915,123.15311262547915,123.15311262547915,123.15311262547915,123.15311262547915,123.15311262547915,123.15311262547915,123.15311262547915,123.15311262547915,123.15311262547915,123.15311262547915,123.15311262547915,123.15311262547915,123.15311262547915,123.15311262547915,123.15311262547915,123.15311262547915,123.15311262547915,123.15311262547915,123.15311262547915,123.15311262547915,123.15311262547915,123.15311262547915,123.15311262547915,123.15311262547915,123.15311262547915,123.15311262547915,123.15311262547915,123.15311262547915,123.15311262547915,123.15311262547915,123.15311262547915,123.15311262547915,123.15311262547915,123.15311262547915,123.15311262547915,123.15311262547915,123.15311262547915,123.15311262547915,123.15311262547915,123.15311262547915,123.15311262547915,123.15311262547915,123.15311262547915,123.15311262547915,123.15311262547915,123.15311262547915
10313,994.7547640807943,69.79457722153923,70.16259659337554,0,0,0,0,0,0,0,0,0,0,0,0,0,0,0,0,0,0,0,0,0,0,0,0,0,0,0,0,0,0,0,0,0,0,0,0,0,0,0,0,0,0,0,0,0,0,0,0,0,0,0,0,0,0,0,0,0,0,0,0,0,0,0,0,0,0,0,0,0,0,0,0,0,0,0,0,0,0,0,0,0,0,0,0,0,0,0,0,0,0,0,0,0,0,0,0,0,0,0,0,0,0,0,0,0,0,0,0,0,0,0,0,0,0,0,0,0,0,0,0,0,0,0,0,0,0,0,0,0,0,0,0,0,0,0,0,0,0,0,0,0,0,0,0,0,0,0,0,0,0
10314,1385.0272058077035,0,0,0,0,0,0,0,0,0,0,0,0,0,0,0,0,0,0,0,0,0,0,0,0,0,0,0,0,0,0,0,0,0,0,0,0,0,0,0,0,0,0,0,0,0,0,0,0,0,0,0,0,0,0,0,0,0,0,0,0,0,0,0,0,0,0,0,0,0,0,0,0,0,0,0,0,0,0,0,0,0,0,0,0,0,0,0,0,0,0,0,0,0,0,0,0,0,0,0,0,0,0,0,0,0,0,0,0,0,0,0,0,0,0,0,0,0,0,0,0,0,0,0,0,0,0,0,0,0,0,0,0,0,0,0,0,0,0,0,0,0,0,0,0,0,0,0,0,0,0,0,0
10315,1235.9528789092642,0,0,0,0,0,0,0,0,0,0,0,0,0,0,0,0,0,0,0,0,0,0,0,0,0,0,0,0,0,0,0,0,0,0,0,0,0,0,0,0,0,0,0,0,0,0,0,0,0,0,0,0,0,0,0,0,0,0,0,39.451938036432985,39.451938036432985,39.451938036432985,39.451938036432985,39.451938036432985,39.451938036432985,39.451938036432985,39.451938036432985,39.451938036432985,39.451938036432985,39.451938036432985,39.451938036432985,39.451938036432985,39.451938036432985,39.451938036432985,39.451938036432985,39.451938036432985,39.451938036432985,0,0,0,0,0,0,0,0,0,0,0,0,0,0,0,0,0,0,0,0,0,0,0,0,0,0,0,0,0,0,0,0,0,0,0,0,0,0,0,0,0,0,0,0,0,0,0,0,0,0,0,0,0,0,0,0,0,31.920260642339013,31.920260642339013,31.920260642339013,31.920260642339013,31.920260642339013,31.920260642339013,31.920260642339013,31.920260642339013,31.920260642339013,31.920260642339013,31.920260642339013,31.920260642339013,31.920260642339013,31.920260642339013,31.920260642339013,31.920260642339013,31.920260642339013,31.920260642339013
10316,219.75253889798813,97.4685147157065,443.53760463697125,0,0,0,0,0,0,0,0,0,0,0,0,0,0,0,0,0,0,0,0,0,0,0,0,0,0,0,0,0,0,0,0,0,0,0,0,0,0,0,0,0,0,0,0,0,0,0,0,0,0,0,0,0,0,0,0,0,0,0,0,0,0,0,0,0,0,0,0,0,0,0,0,0,0,0,0,0,0,0,0,0,0,0,0,0,0,0,0,0,0,0,0,0,0,0,0,0,0,0,0,0,0,0,0,0,0,0,0,0,0,0,0,0,0,0,0,0,0,0,0,0,0,0,0,0,0,0,0,0,0,0,0,0,0,0,0,0,0,0,0,0,0,0,0,0,0,0,0,0,0
10317,410.2235114967197,0,0,0,0,0,0,0,0,0,0,0,0,0,0,0,0,0,0,0,0,0,0,0,0,0,0,0,0,0,0,0,0,0,0,0,0,0,0,0,0,0,0,0,0,0,0,0,0,0,0,0,0,0,0,0,0,0,0,0,0,0,0,0,0,0,0,0,0,0,0,0,0,0,0,0,0,0,0,0,0,0,0,0,0,0,0,0,0,0,0,0,0,0,0,0,0,0,0,0,0,0,0,0,0,0,0,0,0,0,0,0,0,0,0,0,0,0,0,0,0,0,0,0,0,0,0,0,0,0,0,0,0,0,0,0,0,0,0,0,0,0,0,0,0,0,0,0,0,0,0,0,0
10318,663.6156464309106,0,0,0,0,0,0,0,0,0,0,0,0,0,0,0,0,0,0,0,0,0,0,0,0,0,0,0,0,0,0,0,0,0,0,0,0,0,0,0,0,0,0,0,0,0,0,0,0,0,0,0,0,0,0,0,0,0,0,0,0,0,0,0,0,0,0,0,0,0,0,0,0,0,0,0,0,0,0,0,0,0,0,0,0,0,0,0,0,0,0,0,0,0,0,0,0,0,0,0,0,0,0,0,0,0,0,0,0,0,0,0,0,0,0,0,0,0,0,0,0,0,0,0,0,0,0,0,0,0,0,0,0,0,0,0,0,0,0,0,0,0,0,0,0,0,0,0,0,0,0,0,0
10319,231.37036036127841,97.23540182443837,420.2586782188003,0,0,0,0,0,0,0,0,0,0,0,0,0,0,0,0,0,0.5500165336994446,0.5500165336994446,0.5500165336994446,0.5500165336994446,0.5500165336994446,0.5500165336994446,0.5500165336994446,0.5500165336994446,0.5500165336994446,0.5500165336994446,0.5500165336994446,0.5500165336994446,0.5500165336994446,0.5500165336994446,2.5914220172957005,2.5914220172957005,2.5914220172957005,2.5914220172957005,2.5914220172957005,2.5914220172957005,2.5914220172957005,2.5914220172957005,2.5914220172957005,2.5914220172957005,2.5914220172957005,2.5914220172957005,2.5914220172957005,2.5914220172957005,2.5914220172957005,2.5914220172957005,2.5914220172957005,2.5914220172957005,2.5914220172957005,2.5914220172957005,2.5914220172957005,2.5914220172957005,2.5914220172957005,2.5914220172957005,2.5914220172957005,2.5914220172957005,2.5914220172957005,2.5914220172957005,2.5914220172957005,2.5914220172957005,2.5914220172957005,2.5914220172957005,2.5914220172957005,2.5914220172957005,2.5914220172957005,2.5914220172957005,2.5914220172957005,2.5914220172957005,2.5914220172957005,2.5914220172957005,2.5914220172957005,2.5914220172957005,2.5914220172957005,2.5914220172957005,0,0,0,0,0,0,0,0,0,0,0,0,0,0,0,0,0,2.3772125904139534,2.3772125904139534,2.3772125904139534,2.3772125904139534,2.3772125904139534,2.3772125904139534,2.3772125904139534,2.3772125904139534,2.3772125904139534,2.3772125904139534,2.3772125904139534,2.3772125904139534,2.3772125904139534,2.3772125904139534,11.200319752492353,11.200319752492353,11.200319752492353,11.200319752492353,11.200319752492353,11.200319752492353,11.200319752492353,11.200319752492353,11.200319752492353,11.200319752492353,11.200319752492353,11.200319752492353,11.200319752492353,11.200319752492353,11.200319752492353,11.200319752492353,11.200319752492353,11.200319752492353,11.200319752492353,11.200319752492353,11.200319752492353,11.200319752492353,11.200319752492353,11.200319752492353,11.200319752492353,11.200319752492353,11.200319752492353,11.200319752492353,11.200319752492353,11.200319752492353,11.200319752492353,11.200319752492353,11.200319752492353,11.200319752492353,11.200319752492353,11.200319752492353,11.200319752492353,11.200319752492353,11.200319752492353,11.200319752492353,11.200319752492353,11.200319752492353,11.200319752492353,11.200319752492353
10320,335.07213471277475,0,0,0,0,0,0,0,0,0,0,0,0,0,0,0,0,0,0,0,0,0,0,0,0,0,0,0,0,0,0,0,0,0,0,0,0,0,0,0,0,0,0,0,0,0,0,0,0,0,0,0,0,0,0,0,0,0,0,0,0,0,0,0,0,0,0,0,0,0,0,0,0,0,0,0,0,0,0,0,0,0,0,0,0,0,0,0,0,0,0,0,0,0,0,0,0,0,0,0,0,0,0,0,0,0,0,0,0,0,0,0,0,0,0,0,0,0,0,0,0,0,0,0,0,0,0,0,0,0,0,0,0,0,0,0,0,0,0,0,0,0,0,0,0,0,0,0,0,0,0,0,0
10321,317.47349657959376,0,0,0,0,0,0,0,0,0,0,0,0,0,0,0,0,0,0,0,0,0,0,0,0,0,0,0,0,0,0,0,0,0,0,0,0,0,0,0,0,0,0,0,0,0,0,0,0,0,0,0,0,0,0,0,0,0,0,0,0,0,0,0,0,0,0,0,0,0,0,0,0,0,0,0,0,0,0,0,0,0,0,0,0,0,0,0,0,0,0,0,0,0,0,0,0,0,0,0,0,0,0,0,0,0,0,0,0,0,0,0,0,0,0,0,0,0,0,0,0,0,0,0,0,0,0,0,0,0,0,0,0,0,0,0,0,0,0,0,0,0,0,0,0,0,0,0,0,0,0,0,0
10322,198.6605346890168,107.08618274780007,539.0410476616947,0,0,0,0,0,0,0,0,0,0,22.379446066189782,22.379446066189782,22.379446066189782,22.379446066189782,22.379446066189782,22.379446066189782,22.379446066189782,25.83945995974206,25.83945995974206,25.83945995974206,25.83945995974206,25.83945995974206,25.83945995974206,37.58230148257695,37.58230148257695,41.16962507387338,45.07625972460506,45.07625972460506,45.07625972460506,54.462106166233475,54.462106166233475,55.35783159481298,55.35783159481298,55.35783159481298,55.35783159481298,55.35783159481298,55.35783159481298,55.35783159481298,55.35783159481298,55.35783159481298,55.35783159481298,55.35783159481298,55.35783159481298,55.35783159481298,55.35783159481298,55.35783159481298,55.35783159481298,55.35783159481298,55.35783159481298,55.35783159481298,55.35783159481298,55.35783159481298,55.35783159481298,55.35783159481298,55.35783159481298,55.35783159481298,55.35783159481298,55.35783159481298,55.35783159481298,55.35783159481298,55.35783159481298,55.35783159481298,55.35783159481298,55.35783159481298,55.35783159481298,55.35783159481298,55.35783159481298,55.35783159481298,55.35783159481298,55.35783159481298,55.35783159481298,55.35783159481298,55.35783159481298,55.35783159481298,55.35783159481298,0,0,0,0,0,0,0,0,0,0,112.65169552283028,112.65169552283028,112.65169552283028,112.65169552283028,112.65169552283028,112.65169552283028,112.65169552283028,130.06841041775687,130.06841041775687,130.06841041775687,130.06841041775687,130.06841041775687,130.06841041775687,189.17849758840268,189.17849758840268,207.23605288951984,226.90092823502883,226.90092823502883,226.90092823502883,274.14658000134983,274.14658000134983,278.6554042123672,278.6554042123672,278.6554042123672,278.6554042123672,278.6554042123672,278.6554042123672,278.6554042123672,278.6554042123672,278.6554042123672,278.6554042123672,278.6554042123672,278.6554042123672,278.6554042123672,278.6554042123672,278.6554042123672,278.6554042123672,278.6554042123672,278.6554042123672,278.6554042123672,278.6554042123672,278.6554042123672,278.6554042123672,278.6554042123672,278.6554042123672,278.6554042123672,278.6554042123672,278.6554042123672,278.6554042123672,278.6554042123672,278.6554042123672,278.6554042123672,278.6554042123672,278.6554042123672,278.6554042123672,278.6554042123672,278.6554042123672,278.6554042123672,278.6554042123672,278.6554042123672,278.6554042123672,278.6554042123672,278.6554042123672,278.6554042123672,278.6554042123672
10323,2796.383297321969,22.27835401358462,7.966845616235828,0,0,0,0,0,0,0,0,0,0,0,0,0,0,0,0,0,0,0,0,0,0,0,0,0,0,0,0,0,0,0,0,0,0,0,0,0,0,0,0,0,0,0,0,0,0,0,0,0,0,0,0,0,0,0,0,0,0,0,0,0,0,0,0,0,0,0,0,0,0,0,0,0,0,0,0,0,0,0,0,0,0,0,0,0,0,0,0,0,0,0,0,0,0,0,0,0,0,0,0,0,0,0,0,0,0,0,0,0,0,0,0,0,0,0,0,0,0,0,0,0,0,0,0,0,0,0,0,0,0,0,0,0,0,0,0,0,0,0,0,0,0,0,0,0,0,0,0,0,0
10324,3032.4390226547507,0,0,0,0,0,0,0,0,0,0,0,0,0,0,0,0,0,0,0,0,0,0,0,0,0,0,0,0,0,0,0,0,0,0,0,0,0,0,0,0,0,0,0,0,0,0,0,0,0,0,0,0,0,0,0,0,0,0,0,0,0,0,0,0,0,0,0,0,0,0,0,0,0,0,0,0,0,0,0,0,0,0,0,0,0,0,0,0,0,0,0,0,0,0,0,0,0,0,0,0,0,0,0,0,0,0,0,0,0,0,0,0,0,0,0,0,0,0,0,0,0,0,0,0,0,0,0,0,0,0,0,0,0,0,0,0,0,0,0,0,0,0,0,0,0,0,0,0,0,0,0,0
10325,725.3514462874031,0,0,0,0,0,0,0,0,0,0,0,0,0,0,0,0,0,0,0,0,0,0,0,0,0,0,0,0,0,0,0,0,0,0,0,0,0,8.546126536615667,8.546126536615667,8.546126536615667,8.546126536615667,8.546126536615667,8.546126536615667,25.613704007961168,25.613704007961168,25.613704007961168,25.613704007961168,25.613704007961168,25.613704007961168,25.613704007961168,25.613704007961168,25.613704007961168,25.613704007961168,25.613704007961168,25.613704007961168,25.613704007961168,25.613704007961168,25.613704007961168,25.613704007961168,25.613704007961168,25.613704007961168,25.613704007961168,25.613704007961168,25.613704007961168,25.613704007961168,25.613704007961168,25.613704007961168,25.613704007961168,25.613704007961168,25.613704007961168,25.613704007961168,25.613704007961168,25.613704007961168,25.613704007961168,25.613704007961168,25.613704007961168,25.613704007961168,0,0,0,0,0,0,0,0,0,0,0,0,0,0,0,0,0,0,0,0,0,0,0,0,0,0,0,0,0,0,0,0,0,0,0,11.782049350501287,11.782049350501287,11.782049350501287,11.782049350501287,11.782049350501287,11.782049350501287,35.312129229301014,35.312129229301014,35.312129229301014,35.312129229301014,35.312129229301014,35.312129229301014,35.312129229301014,35.312129229301014,35.312129229301014,35.312129229301014,35.312129229301014,35.312129229301014,35.312129229301014,35.312129229301014,35.312129229301014,35.312129229301014,35.312129229301014,35.312129229301014,35.312129229301014,35.312129229301014,35.312129229301014,35.312129229301014,35.312129229301014,35.312129229301014,35.312129229301014,35.312129229301014,35.312129229301014,35.312129229301014,35.312129229301014,35.312129229301014,35.312129229301014,35.312129229301014,35.312129229301014,35.312129229301014
10326,178.7559316298971,0.6195062990360493,3.465654501013695,0,0,0,0,0,0,0,0,0,0,0,0,0,0,0,0,0,0,0,0,0,0,0,0,0,0,0,0,0,0,0,0,0,0,0,0,0,0,0,0,0,0,0,0,0,0,0,0,0.362153346619064,0.362153346619064,0.362153346619064,0.362153346619064,0.362153346619064,0.362153346619064,0.362153346619064,0.362153346619064,0.362153346619064,0.362153346619064,0.362153346619064,0.362153346619064,0.362153346619064,0.362153346619064,0.362153346619064,0.362153346619064,0.362153346619064,0.362153346619064,0.362153346619064,0.362153346619064,0.362153346619064,0.362153346619064,0.362153346619064,0.362153346619064,0.362153346619064,0.362153346619064,0.362153346619064,0,0,0,0,0,0,0,0,0,0,0,0,0,0,0,0,0,0,0,0,0,0,0,0,0,0,0,0,0,0,0,0,0,0,0,0,0,0,0,0,0,0,0,0,0,0,0,0,2.0259654788344577,2.0259654788344577,2.0259654788344577,2.0259654788344577,2.0259654788344577,2.0259654788344577,2.0259654788344577,2.0259654788344577,2.0259654788344577,2.0259654788344577,2.0259654788344577,2.0259654788344577,2.0259654788344577,2.0259654788344577,2.0259654788344577,2.0259654788344577,2.0259654788344577,2.0259654788344577,2.0259654788344577,2.0259654788344577,2.0259654788344577,2.0259654788344577,2.0259654788344577,2.0259654788344577,2.0259654788344577,2.0259654788344577,2.0259654788344577
10327,267.8738986351709,0,0,0,0,0,0,0,0,0,0,0,0,0,0,0,0,0,0,0,0,0,0,0,0,0,0,0,0,0,0,0,0,0,0,0,0,0,0,0,0,0,0,0,0,0,0,0,0,0,0,0,0,0,0,0,0,0,0,0,0,0,0,0,0,0,0,0,0,0,0,0,0,0,0,0,0,0,0,0,0,0,0,0,0,0,0,0,0,0,0,0,0,0,0,0,0,0,0,0,0,0,0,0,0,0,0,0,0,0,0,0,0,0,0,0,0,0,0,0,0,0,0,0,0,0,0,0,0,0,0,0,0,0,0,0,0,0,0,0,0,0,0,0,0,0,0,0,0,0,0,0,0
10328,551.9617107331295,0,0,0,0,0,0,0,0,0,0,0,0,0,0,0,0,0,0,0,0,0,0,0,0,0,0,0,0,0,0,0,0,0,0,0,0,0,0,0,0,0,0,0,0,0,0,0,0,0,0,0,0,0,0,0,0,0,0,0,0,0,0,0,0,0,0,0,0,0,0,0,0,0,0,0,0,0,0,0,0,0,0,0,0,0,0,0,0,0,0,0,0,0,0,0,0,0,0,0,0,0,0,0,0,0,0,0,0,0,0,0,0,0,0,0,0,0,0,0,0,0,0,0,0,0,0,0,0,0,0,0,0,0,0,0,0,0,0,0,0,0,0,0,0,0,0,0,0,0,0,0,0
10329,972.5043996640549,24.638671393579397,25.335280130445334,0,0,0,0,0,0,0,0,0,0,0,0,0,0,0,0,0,0,0,0,0,0,0,0,0,0,0,0,0,0,0,0,0,0,0,0,0,0,0,0,0,0,0,0,0,0,0,0,0,0,0,0,0,0,0,0,0,0,0,0,0,47.98963784073637,47.98963784073637,47.98963784073637,47.98963784073637,47.98963784073637,47.98963784073637,47.98963784073637,47.98963784073637,47.98963784073637,47.98963784073637,47.98963784073637,47.98963784073637,47.98963784073637,47.98963784073637,0,0,0,0,0,0,0,0,0,0,0,0,0,0,0,0,0,0,0,0,0,0,0,0,0,0,0,0,0,0,0,0,0,0,0,0,0,0,0,0,0,0,0,0,0,0,0,0,0,0,0,0,0,0,0,0,0,0,0,0,0,49.346448054439726,49.346448054439726,49.346448054439726,49.346448054439726,49.346448054439726,49.346448054439726,49.346448054439726,49.346448054439726,49.346448054439726,49.346448054439726,49.346448054439726,49.346448054439726,49.346448054439726,49.346448054439726
10330,391.5524997870288,9.368012891566964,23.92530477180548,0,0,0,0,0,0,0,0,0,0,0,0,0,0,0,0,0,0,0,0,0,0,0,0,0,0,0,0,0,0,0,0,1.0266003183996495,1.0266003183996495,1.0266003183996495,1.0266003183996495,1.0266003183996495,1.0266003183996495,1.0266003183996495,1.0266003183996495,1.0266003183996495,1.0266003183996495,1.0266003183996495,1.0266003183996495,1.0266003183996495,1.0266003183996495,1.0266003183996495,1.0266003183996495,18.740828469087237,18.740828469087237,18.740828469087237,18.740828469087237,18.740828469087237,18.740828469087237,18.740828469087237,18.740828469087237,18.740828469087237,18.740828469087237,18.740828469087237,18.740828469087237,18.740828469087237,18.740828469087237,18.740828469087237,18.740828469087237,18.740828469087237,18.740828469087237,18.740828469087237,18.740828469087237,18.740828469087237,18.740828469087237,18.740828469087237,18.740828469087237,18.740828469087237,18.740828469087237,18.740828469087237,0,0,0,0,0,0,0,0,0,0,0,0,0,0,0,0,0,0,0,0,0,0,0,0,0,0,0,0,0,0,0,0,2.621871444973618,2.621871444973618,2.621871444973618,2.621871444973618,2.621871444973618,2.621871444973618,2.621871444973618,2.621871444973618,2.621871444973618,2.621871444973618,2.621871444973618,2.621871444973618,2.621871444973618,2.621871444973618,2.621871444973618,2.621871444973618,47.862875295855986,47.862875295855986,47.862875295855986,47.862875295855986,47.862875295855986,47.862875295855986,47.862875295855986,47.862875295855986,47.862875295855986,47.862875295855986,47.862875295855986,47.862875295855986,47.862875295855986,47.862875295855986,47.862875295855986,47.862875295855986,47.862875295855986,47.862875295855986,47.862875295855986,47.862875295855986,47.862875295855986,47.862875295855986,47.862875295855986,47.862875295855986,47.862875295855986,47.862875295855986,47.862875295855986
10331,638.6818854147988,0,0,0,0,0,0,0,0,0,0,0,0,0,0,0,0,0,0,0,0,0,0,0,0,0,0,0,0,0,0,0,0,0,0,0,0,0,0,0,0,0,0,0,0,0,0,0,0,0,0,0,0,0,0,0,0,0,0,0,0,0,0,0,0,0,0,0,0,0,0,0,0,0,0,0,0,0,0,0,0,0,0,0,0,0,0,0,0,0,0,0,0,0,0,0,0,0,0,0,0,0,0,0,0,0,0,0,0,0,0,0,0,0,0,0,0,0,0,0,0,0,0,0,0,0,0,0,0,0,0,0,0,0,0,0,0,0,0,0,0,0,0,0,0,0,0,0,0,0,0,0,0
10332,204.63673683120487,0,0,0,0,0,0,0,0,0,0,0,0,0,0,0,0,0,0,0,0,0,0,0,0,0,0,0,0,0,0,0,0,0,0,0,0,0,0,0,0,0,0,0,0,0,0,0,0,0,0,0,0,0,0,0,0,0,0,0,0,0,0,0,0,0,0,0,0,0,0,0,0,0,0,0,0,0,0,0,0,0,0,0,0,0,0,0,0,0,0,0,0,0,0,0,0,0,0,0,0,0,0,0,0,0,0,0,0,0,0,0,0,0,0,0,0,0,0,0,0,0,0,0,0,0,0,0,0,0,0,0,0,0,0,0,0,0,0,0,0,0,0,0,0,0,0,0,0,0,0,0,0
10333,299.7439175512249,0,0,0,0,0,0,0,0,0,0,0,0,0,0,0,0,0,0,0,0,0,0,0,0,0,0,0,0,0,0,0,0,0,0,0,0,0,0,0,0,0,0,0,0,0,0,0,0,0,0,0,0,0,0,0,0,0,0,0,0,0,0,0,0,0,0,0,0,0,0,0,0,0,0,0,0,0,0,0,0,0,0,0,0,0,0,0,0,0,0,0,0,0,0,0,0,0,0,0,0,0,0,0,0,0,0,0,0,0,0,0,0,0,0,0,0,0,0,0,0,0,0,0,0,0,0,0,0,0,0,0,0,0,0,0,0,0,0,0,0,0,0,0,0,0,0,0,0,0,0,0,0
10334,3357.269794326402,0,0,0,0,0,0,0,0,0,0,0,0,0,0,0,0,0,0,0,0,0,0,0,0,0,0,0,0,0,0,0,0,0,0,0,0,0,0,0,0,0,0,0,0,0,0,0,0,0,0,0,0,0,0,0,0,0,0,0,0,0,0,0,0,0,0,0,0,0,0,0,0,0,0,0,0,0,0,0,0,0,0,0,0,0,0,0,0,0,0,0,0,0,0,0,0,0,0,0,0,0,0,0,0,0,0,0,0,0,0,0,0,0,0,0,0,0,0,0,0,0,0,0,0,0,0,0,0,0,0,0,0,0,0,0,0,0,0,0,0,0,0,0,0,0,0,0,0,0,0,0,0
10335,421.4255969905218,0,0,0,0,0,0,0,0,0,0,0,0,0,0,0,0,0,0,0,0,0,0,0,0,0,0,0,0,0,0,0,0,0,0,0,0,0,0,0,0,0,0,0,0,0,0,0,0,0,0,0,0,0,0,0,0,0,0,0,0,0,0,0,0,0,0,0,0,0,0,0,0,0,0,0,0,0,0,0,0,0,0,0,0,0,0,0,0,0,0,0,0,0,0,0,0,0,0,0,0,0,0,0,0,0,0,0,0,0,0,0,0,0,0,0,0,0,0,0,0,0,0,0,0,0,0,0,0,0,0,0,0,0,0,0,0,0,0,0,0,0,0,0,0,0,0,0,0,0,0,0,0
10336,673.2088037797441,0,0,0,0,0,0,0,0,0,0,0,0,0,0,0,0,0,0,0,0,0,0,0,0,0,0,0,0,0,0,0,0,0,0,0,0,0,0,0,0,0,0,0,0,0,0,0,0,0,0,0,0,0,0,0,0,0,0,0,0,0,0,0,0,0,0,0,0,0,0,0,0,0,0,0,0,0,0,0,0,0,0,0,0,0,0,0,0,0,0,0,0,0,0,0,0,0,0,0,0,0,0,0,0,0,0,0,0,0,0,0,0,0,0,0,0,0,0,0,0,0,0,0,0,0,0,0,0,0,0,0,0,0,0,0,0,0,0,0,0,0,0,0,0,0,0,0,0,0,0,0,0
