code_amc,solo_dominante,pct_dominante,area_mapeada_km2,pct_solo_agua_dunas,pct_solo_argissolos,pct_solo_gleissolos,pct_solo_latossolos,pct_solo_luvissolos,pct_solo_neossolos,pct_solo_plintossolos,pct_solo_nitossolos,pct_solo_vertissolos,pct_solo_dunas,pct_solo_chernossolos,pct_solo_planossolos,pct_solo_cambissolos,pct_solo_espodossolos
3001,LATOSSOLOS,34.46015674978854,29317.800015766217,0.7424314812833309,26.05973350908613,3.528652201472864,34.46015674978854,1.433860339293867,0.40832774854274473,33.36683797053252,0,0,0,0,0,0,0
3002,PLINTOSSOLOS,98.91284530571339,371.47303594728953,0,0,0,1.0871546942866033,0,0,98.91284530571339,0,0,0,0,0,0,0
3003,NEOSSOLOS,58.36421926241848,2113.547139060542,0,0,41.635780737581506,0,0,58.36421926241848,0,0,0,0,0,0,0,0
3004,PLINTOSSOLOS,39.72023945704506,1103.4248840093344,0,0,33.28301515396909,26.996745388985858,0,0,39.72023945704506,0,0,0,0,0,0,0
3005,PLINTOSSOLOS,56.51133515880527,1940.4709533278306,0,0,0,27.908756526606584,0,15.579908314588145,56.51133515880527,0,0,0,0,0,0,0
3006,LUVISSOLOS,68.44408394170993,721.9299367516293,0,0.26050291890304716,0,0,68.44408394170993,0.7770179998658647,30.518395139521154,0,0,0,0,0,0,0
3007,PLINTOSSOLOS,66.183247179313355,14965.02499487064,0,27.299196266527368,0,0.07319450245102681,0,6.444362051708257,66.183247179313355,0,0,0,0,0,0,0
3008,ARGISSOLOS,43.94436048380369,16027.138217967731,0,43.94436048380369,0,41.63861963969668,1.4271867504401186,2.8541116582300194,10.135721467829494,0,0,0,0,0,0,0
3009,NEOSSOLOS,72.60831868098475,11132.654533483475,0,0,0,27.391681319015255,0,72.60831868098475,0,0,0,0,0,0,0,0
3010,LATOSSOLOS,58.613687885803664,7438.082405906469,0,41.38631211419634,0,58.613687885803664,0,0,0,0,0,0,0,0,0,0
3011,GLEISSOLOS,62.5661890013666,909.5912397972194,0,0,62.5661890013666,0,0,0,37.43381099863341,0,0,0,0,0,0,0
3012,PLINTOSSOLOS,52.73002647023952,607.5618063559823,0,0,0,47.26997352976048,0,0,52.73002647023952,0,0,0,0,0,0,0
3013,GLEISSOLOS,61.96489589327472,893.124734690611,0,0,61.96489589327472,38.03510410672527,0,0,0,0,0,0,0,0,0,0
3014,PLINTOSSOLOS,69.26503185630456,5683.261469323348,0,28.62617156782309,2.108796575872348,0,0,0,69.26503185630456,0,0,0,0,0,0,0
3015,LATOSSOLOS,61.261769001342316,31265.80725492773,0,27.423482107980778,0,61.261769001342316,0,3.2868956282375494,0.22589597505425923,5.74059948164021,2.0613578057448936,0,0,0,0,0
3016,PLINTOSSOLOS,52.93020774776278,1084.3747405916035,0,0,29.789765195791944,0,0,17.280027056445267,52.93020774776278,0,0,0,0,0,0,0
3017,PLINTOSSOLOS,54.05733164655518,154.7855396815186,0,0,45.94266835344482,0,0,0,54.05733164655518,0,0,0,0,0,0,0
3018,GLEISSOLOS,58.30559406817557,1172.7062122400248,0,0,58.30559406817557,4.327457773976258e-6,0,0,41.69440160436666,0,0,0,0,0,0,0
3019,GLEISSOLOS,56.1209808013362,859.9224087019952,0,0,56.1209808013362,0,0,0,43.87901919866379,0,0,0,0,0,0,0
3020,LATOSSOLOS,52.50582602166605,13142.75178190494,0,0,0,52.50582602166605,0,45.09599727085971,2.398176707474225,0,0,0,0,0,0,0
3021,LATOSSOLOS,39.26139998835169,2246.9604467085533,0,28.328121670285753,0,39.26139998835169,0,32.41047834136255,0,0,0,0,0,0,0,0
3022,NEOSSOLOS,67.17264500775835,5472.956355705583,0,0,5.250725340891852,9.99112574830249,0,67.17264500775835,0,0,0,17.585503903047307,0,0,0,0
3023,LATOSSOLOS,55.8923610668933,1707.587555504456,0,0,0,55.8923610668933,0,5.97720429280465,38.130434640302056,0,0,0,0,0,0,0
3024,PLINTOSSOLOS,62.4175242997084,2697.171845029356,1.6963808171206154,11.01272558601679,12.289493305595158,0,0,12.583875991559037,62.4175242997084,0,0,0,0,0,0,0
3025,NEOSSOLOS,57.80818001985224,7483.697576116353,1.6889133559973164,0,0,38.95120437126586,1.5287922251577148,57.80818001985224,0.022910027726879917,0,0,0,0,0,0,0
3026,GLEISSOLOS,57.005560356735714,725.5527210305376,0,0,57.005560356735714,0,0,0,42.99443964326428,0,0,0,0,0,0,0
3027,ARGISSOLOS,93.35089988325751,1779.3580464760716,0,93.35089988325751,0,4.639427307425018,0,0,2.0096728093174616,0,0,0,0,0,0,0
3028,ARGISSOLOS,44.143494806495006,7205.581932195774,0,44.143494806495006,0,42.63441660845836,0,6.348834540004261,6.873254045042381,0,0,0,0,0,0,0
3029,LATOSSOLOS,44.069060169495216,3629.066339752631,0,0,0,44.069060169495216,0,26.811021403639728,29.119918426865045,0,0,0,0,0,0,0
3030,LATOSSOLOS,51.5689491122954,1474.096473298254,0,0,0,51.5689491122954,0,11.085405049078561,37.34564583862604,0,0,0,0,0,0,0
3031,LATOSSOLOS,50.70749728143899,1582.4275472056695,0,0,0,50.70749728143899,0,0,49.292502718561,0,0,0,0,0,0,0
3032,ARGISSOLOS,52.62531764627555,2692.382016169169,0,52.62531764627555,0,47.25320272773922,0.12147962598523998,0,0,0,0,0,0,0,0,0
3033,NEOSSOLOS,84.882869705067307,2421.7717738203482,0,0,0.029735025066858444,4.099352728221827,0,84.882869705067307,10.988042541644006,0,0,0,0,0,0,0
3034,GLEISSOLOS,56.070203475649386,662.2643925378585,4.626991313289433,0,56.070203475649386,0,0,0.16235505128486896,39.140450159776314,0,0,0,0,0,0,0
3035,NITOSSOLOS,46.06781296830295,4087.500936527206,2.368400404177234,0,0,27.812317578819812,0,23.751469048700002,0,46.06781296830295,0,0,0,0,0,0
3036,PLINTOSSOLOS,65.25639587105039,11202.131829281057,0.5879836894230936,27.44138663710029,6.714233802426239,0,0,0,65.25639587105039,0,0,0,0,0,0,0
3037,NEOSSOLOS,55.31916309030452,10140.019620690644,2.721206748907152,0,0,12.451115496772774,0,55.31916309030452,19.129279376028112,10.379235287987443,0,0,0,0,0,0
3038,PLINTOSSOLOS,43.58410005245169,6588.670023457693,0,0.17142340887520033,0,33.506616071163776,0,22.737860467509336,43.58410005245169,0,0,0,0,0,0,0
3039,LATOSSOLOS,57.242387139327114,396.21421233058317,0,0,42.757612860672886,57.242387139327114,0,0,0,0,0,0,0,0,0,0
3040,LATOSSOLOS,75.04227790242523,1008.3290674777879,0,0,9.568009207737319,75.04227790242523,0,0,15.389712889837455,0,0,0,0,0,0,0
3041,LATOSSOLOS,54.39842445565299,3249.3340325283275,0,0,0,54.39842445565299,0,0,45.601575544347,0,0,0,0,0,0,0
3042,PLINTOSSOLOS,89.03291585292106,975.5927446668285,0,0,0,4.601175197979055,0,6.3659089490998895,89.03291585292106,0,0,0,0,0,0,0
3043,PLINTOSSOLOS,42.92144134429648,2573.326218832132,0,0,0,40.02737906960369,0,17.05117958609982,42.92144134429648,0,0,0,0,0,0,0
3044,LATOSSOLOS,44.83203193113852,2066.8899999561986,0,0,39.04407660277022,44.83203193113852,0,0,16.12389146609125,0,0,0,0,0,0,0
3045,PLINTOSSOLOS,50.224302848976535,358.7816449256123,0,49.775697151023465,0,0,0,0,50.224302848976535,0,0,0,0,0,0,0
3046,PLINTOSSOLOS,48.976946208876264,317.79499502909056,0,0,0,17.9793486243458,0,33.04370516677793,48.976946208876264,0,0,0,0,0,0,0
3047,ARGISSOLOS,76.06889964956693,1128.3227406215399,0,76.06889964956693,0,23.931100350433066,0,0,0,0,0,0,0,0,0,0
3048,LATOSSOLOS,45.43500208953822,7845.927973392339,0,0,0,45.43500208953822,0,15.993383480879503,33.39037867404152,5.181235755540745,0,0,0,0,0,0
3049,LATOSSOLOS,71.64194806969394,2407.7572433321993,0,0,0,71.64194806969394,0,3.127134439275058,0,25.230917491030997,0,0,0,0,0,0
3050,LATOSSOLOS,77.34091478490265,695.2019319675115,0,0,0,77.34091478490265,0,0,22.659085215097335,0,0,0,0,0,0,0
3051,PLINTOSSOLOS,73.13213729938569,883.7148692009894,0,26.86786270061431,0,0,0,0,73.13213729938569,0,0,0,0,0,0,0
3052,ARGISSOLOS,67.18726757531705,446.11281661770545,0,67.18726757531705,0,0,0,0,32.81273242468295,0,0,0,0,0,0,0
3053,PLINTOSSOLOS,89.72525691926221,1243.1693054715897,0,10.2747430807378,0,0,0,0,89.72525691926221,0,0,0,0,0,0,0
3054,LATOSSOLOS,56.57529902175355,1524.3693316981944,0,1.7893712343140784,0,56.57529902175355,0,0,41.63532974393237,0,0,0,0,0,0,0
3055,PLINTOSSOLOS,88.46584441932195,272.21905062111233,0,11.534155580678043,0,0,0,0,88.46584441932195,0,0,0,0,0,0,0
3056,LATOSSOLOS,58.149787112394975,500.6835466183056,0,0,41.85021288760502,58.149787112394975,0,0,0,0,0,0,0,0,0,0
3057,NEOSSOLOS,72.08990127281564,1604.7638717209854,0,0,27.870487892361584,0.03961083482277357,0,72.08990127281564,0,0,0,0,0,0,0,0
3058,NEOSSOLOS,59.6421852285256,904.3999549114784,0,0,40.3578147714744,0,0,59.6421852285256,0,0,0,0,0,0,0,0
3059,PLINTOSSOLOS,100,1813.6579360701235,0,0,0,0,0,0,100,0,0,0,0,0,0,0
3060,ARGISSOLOS,99.99999999999999,681.9983952998381,0,99.99999999999999,0,0,0,0,0,0,0,0,0,0,0,0
3061,ARGISSOLOS,100,308.9954402227142,0,100,0,0,0,0,0,0,0,0,0,0,0,0
3062,LATOSSOLOS,64.34633326344235,6486.848784853221,0,0,0,64.34633326344235,0,8.8935472506448,26.760119485912853,0,0,0,0,0,0,0
3063,LATOSSOLOS,64.07029594210228,3286.8854503495063,1.784825984210232,4.319291791656304,0,64.07029594210228,0,17.550333847380003,0,12.27525243465118,0,0,0,0,0,0
3064,NEOSSOLOS,42.25255642616682,3598.0806430474054,0,0,0,41.92154360635356,15.825899967479634,42.25255642616682,0,0,0,0,0,0,0,0
3065,NEOSSOLOS,83.11016281171713,433.03676765445243,0,0,0,0,0,83.11016281171713,16.88983718828287,0,0,0,0,0,0,0
3066,LATOSSOLOS,60.117870000558085,548.4454020245239,0,0,0,60.117870000558085,0,0,39.88212999944191,0,0,0,0,0,0,0
3067,GLEISSOLOS,50.59123199292508,2694.1374133589215,5.896868021033158,0,50.59123199292508,0,0,0.24894843249660478,43.26295155354516,0,0,0,0,0,0,0
3068,LATOSSOLOS,73.36131986631128,1978.5522918391432,0,0,0,73.36131986631128,0,0.24324143815300467,26.395438695535724,0,0,0,0,0,0,0
3069,LATOSSOLOS,48.596767152656184,8450.992011291477,0,0,0,48.596767152656184,0,47.74053065016549,3.6627021971783345,0,0,0,0,0,0,0
3070,PLINTOSSOLOS,97.96825510632353,571.83385278388,0,0,0,2.031744893676479,0,0,97.96825510632353,0,0,0,0,0,0,0
3071,NEOSSOLOS,41.78019022967637,977.0211733972167,31.003099560944516,0,0,0,0,41.78019022967637,27.216710209379112,0,0,0,0,0,0,0
3072,ARGISSOLOS,66.65839688054,2987.8035833292047,0,66.65839688054,2.656929742773451,0,9.80609642312431,14.621075480354303,6.257501473207946,0,0,0,0,0,0,0
3073,LATOSSOLOS,100,180.6899959499073,0,0,0,100,0,0,0,0,0,0,0,0,0,0
3074,PLINTOSSOLOS,68.75377024978701,527.1357136963202,0,0,31.246229750212983,0,0,0,68.75377024978701,0,0,0,0,0,0,0
3075,LATOSSOLOS,68.25364257938911,530.2223695326653,0,0,0,68.25364257938911,0,31.746357420610906,0,0,0,0,0,0,0,0
3076,ARGISSOLOS,59.352437490633264,511.1672270719519,0,59.352437490633264,0,0,0,0,40.647562509366736,0,0,0,0,0,0,0
3077,PLINTOSSOLOS,84.04189285979437,3988.493451229381,0,0,14.717068444466022,1.2410386957396082,0,0,84.04189285979437,0,0,0,0,0,0,0
3078,GLEISSOLOS,50.29559654480232,739.0427440025423,8.206742743858856,0,50.29559654480232,0,0,0,41.497660711338824,0,0,0,0,0,0,0
3079,PLINTOSSOLOS,55.926897446216486,404.38934022166796,0,0,44.0731025537835,0,0,0,55.926897446216486,0,0,0,0,0,0,0
3080,PLINTOSSOLOS,100,688.5068702871597,0,0,0,0,0,0,100,0,0,0,0,0,0,0
3081,ARGISSOLOS,83.41687515956606,1134.4059748838467,0,83.41687515956606,0,0,0,0,16.58312484043394,0,0,0,0,0,0,0
3082,PLINTOSSOLOS,100,354.71422663844265,0,0,0,0,0,0,100,0,0,0,0,0,0,0
3083,PLINTOSSOLOS,92.57227078383292,459.12608627832304,0,0,0,3.3953472264368934,0,4.032381989730191,92.57227078383292,0,0,0,0,0,0,0
3084,NEOSSOLOS,67.10409379858383,2814.859820458887,0,0,17.02822449836171,0.1698484807496963,0,67.10409379858383,0,0,0,15.69783322230476,0,0,0,0
3085,LATOSSOLOS,62.28703041406546,2479.4986271017374,0,0,0,62.28703041406546,0.057324800678323254,37.65564478525621,0,0,0,0,0,0,0,0
3086,LATOSSOLOS,55.42685903648422,3992.4079958735538,0,42.49341768139697,0,55.42685903648422,0,0,2.0797232821188074,0,0,0,0,0,0,0
3087,PLINTOSSOLOS,83.46193831146995,2308.601802865583,4.310635427313173,8.438928796918315,3.788497464298562,0,0,0,83.46193831146995,0,0,0,0,0,0,0
3088,PLINTOSSOLOS,100.00000000000001,381.01453694935543,0,0,0,0,0,0,100.00000000000001,0,0,0,0,0,0,0
3089,PLINTOSSOLOS,78.09137896153129,698.7819017186338,0,0,21.908621038468716,0,0,0,78.09137896153129,0,0,0,0,0,0,0
3090,LATOSSOLOS,36.46024962499182,1938.4779724398848,0,0,16.872207093974346,36.46024962499182,0,31.209731591664934,15.457811689368913,0,0,0,0,0,0,0
3091,PLINTOSSOLOS,61.68517089762828,931.6678498225958,0,0,0,38.31482910237171,0,0,61.68517089762828,0,0,0,0,0,0,0
3092,PLINTOSSOLOS,76.9190995242223,458.94073620545686,0,0,23.080900475777693,0,0,0,76.9190995242223,0,0,0,0,0,0,0
3093,LATOSSOLOS,61.275435617982126,2347.0640593062244,0,1.7674672873308463,0,61.275435617982126,0,31.405952764510396,5.551144330176623,0,0,0,0,0,0,0
3094,NEOSSOLOS,54.68340724075973,2064.521831998115,6.53204413177271,1.3488330568114735,0,26.038543163492047,0,54.68340724075973,11.397172407164046,0,0,0,0,0,0,0
3095,LATOSSOLOS,99.99999999999999,190.7743498391377,0,0,0,99.99999999999999,0,0,0,0,0,0,0,0,0,0
3096,LATOSSOLOS,62.947706212473676,569.0438031549388,0,0,37.0522937875263,62.947706212473676,0,0,0,0,0,0,0,0,0,0
3097,LATOSSOLOS,65.35248685448389,3521.255209532404,0,0,0,65.35248685448389,0,34.64751314551611,0,0,0,0,0,0,0,0
3098,LATOSSOLOS,47.178996098284294,3115.135387400175,0,16.553913754228713,0,47.178996098284294,0,4.890916410837151,0,31.376173736649832,0,0,0,0,0,0
3099,LATOSSOLOS,50.078846264612885,4382.007448847596,0,0,0,50.078846264612885,0,49.92115373538711,0,0,0,0,0,0,0,0
3100,PLINTOSSOLOS,99.71188309306181,1486.5507217443762,0,0,0,0.28811690693819997,0,0,99.71188309306181,0,0,0,0,0,0,0
3101,LATOSSOLOS,80.09783133958935,1741.7072604526504,0,0,0,80.09783133958935,0,4.006649802065371,15.895518858345282,0,0,0,0,0,0,0
3102,PLINTOSSOLOS,89.36901188223605,1958.102211948368,0,0,0,10.630988117763945,0,0,89.36901188223605,0,0,0,0,0,0,0
4001,LUVISSOLOS,45.32461617875918,6536.408056438008,0,35.96182365427765,0,6.625055317480721,45.32461617875918,12.088504849482458,0,0,0,0,0,0,0,0
4002,LATOSSOLOS,70.59307250032987,112.26684275849362,0,0,0,70.59307250032987,0,0,29.406927499670132,0,0,0,0,0,0,0
4003,LATOSSOLOS,63.9098910271022,515.1288002739672,0,0,0,63.9098910271022,0,0,36.09010897289781,0,0,0,0,0,0,0
4004,ARGISSOLOS,42.924915134358706,2480.0970483635183,0,42.924915134358706,0,41.80586798301013,0,15.26921688263117,0,0,0,0,0,0,0,0
4005,ARGISSOLOS,93.09120126757192,540.0102933187529,0,93.09120126757192,0,6.822356875029122,0,0.08644185739894672,0,0,0,0,0,0,0,0
4006,NEOSSOLOS,75.35739964678088,2219.4306919719143,0,0,0,0,0,75.35739964678088,24.64260035321911,0,0,0,0,0,0,0
4007,PLINTOSSOLOS,97.37508596027558,1874.215782128294,0,0,0,0,0,2.6249140397244033,97.37508596027558,0,0,0,0,0,0,0
4008,LATOSSOLOS,63.77114279504436,5597.198947283146,0,0,0,63.77114279504436,0,36.22885720495564,0,0,0,0,0,0,0,0
4009,LATOSSOLOS,56.88121497977442,1155.141694831573,0,7.842623177092841,0,56.88121497977442,0,29.244473499786526,0,0,0,0,6.0316883433462145,0,0,0
4010,CHERNOSSOLOS,66.9737433178305,223.46631587264625,0,0,0,28.100647278176545,0,4.92560940399297,0,0,0,0,66.9737433178305,0,0,0
4011,ARGISSOLOS,45.609158681096,13609.628655833974,0,45.609158681096,0,28.233087751487492,11.637311172637762,14.520442394778758,0,0,0,0,0,0,0,0
4012,NEOSSOLOS,36.91878297877291,2838.2556345899543,1.511015839698966,8.031013996621422,0,36.07250265107766,0,36.91878297877291,17.466684533829035,0,0,0,0,0,0,0
4013,NEOSSOLOS,92.19780055175521,1800.8098885065726,0,0,0,7.802199448244797,0,92.19780055175521,0,0,0,0,0,0,0,0
4014,NEOSSOLOS,78.28200970125332,8915.10147378381,0,0,0,21.717990298746685,0,78.28200970125332,0,0,0,0,0,0,0,0
4015,NEOSSOLOS,52.19564268416048,6897.499231452495,0,0.13352072199989806,0,47.670836593839624,0,52.19564268416048,0,0,0,0,0,0,0,0
4016,ARGISSOLOS,51.14517561206384,7056.561711015727,0,51.14517561206384,0,34.52228034987119,0,14.332544038064968,0,0,0,0,0,0,0,0
4017,LATOSSOLOS,86.04604748722691,11787.944452687356,0,0,0,86.04604748722691,0,13.953952512773096,0,0,0,0,0,0,0,0
4018,NEOSSOLOS,78.6000032096855,499.8925800792962,0,0,0,21.399996790314507,0,78.6000032096855,0,0,0,0,0,0,0,0
4019,PLINTOSSOLOS,59.61322103620357,2666.0699782719344,0,1.4652567366899616,0,20.17430757351881,0,18.74721465358765,59.61322103620357,0,0,0,0,0,0,0
4020,NEOSSOLOS,59.915951759226566,6908.577491647119,0,0,0,14.277940105397613,25.806108135375823,59.915951759226566,0,0,0,0,0,0,0,0
4021,NEOSSOLOS,57.14184083841029,10215.696591744696,0,7.697359000420636,0.003675589871501482,1.6029850774801149,0,57.14184083841029,30.61767269175351,0,2.936466802063951,0,0,0,0,0
4022,ARGISSOLOS,44.5340276604033,1846.1298575711387,0,44.5340276604033,0,25.459448188895628,0,30.006524150701072,0,0,0,0,0,0,0,0
4023,ARGISSOLOS,58.09958124752749,1033.1626562240835,0,58.09958124752749,0,18.753080668898196,0,23.147338083574322,0,0,0,0,0,0,0,0
4024,PLINTOSSOLOS,51.72440637490127,3629.7478963062326,0,0,0,13.039900290407015,0,35.23569333469171,51.72440637490127,0,0,0,0,0,0,0
4025,LATOSSOLOS,63.28936873484077,12788.566211202882,0.0025405516820045373,4.408140145690288,0,63.28936873484077,0,32.29995056778694,0,0,0,0,0,0,0,0
4026,LATOSSOLOS,60.335660213318846,970.0367010612978,0,0,0,60.335660213318846,0,39.664339786681154,0,0,0,0,0,0,0,0
4027,LATOSSOLOS,72.93520167117607,8625.874665092491,0,0,0,72.93520167117607,0,27.06479832882392,0,0,0,0,0,0,0,0
4028,ARGISSOLOS,58.14655987143273,2316.776764236293,0,58.14655987143273,9.434182416061804,0,0,32.41925771250547,0,0,0,0,0,0,0,0
4029,NEOSSOLOS,57.215295381675766,4213.24309780215,0,0,0,12.765050911811219,0,57.215295381675766,30.019653706513033,0,0,0,0,0,0,0
4030,LATOSSOLOS,72.88550231872327,9175.660211584142,0,0,0,72.88550231872327,0,27.11449768127672,0,0,0,0,0,0,0,0
4031,NEOSSOLOS,64.66080338156647,5514.1882318323715,0,0.08480665798771088,0,35.25438996044583,0,64.66080338156647,0,0,0,0,0,0,0,0
4032,ARGISSOLOS,68.97455807092578,1269.9204163709933,0,68.97455807092578,0,20.396656997996946,0,10.628784931077263,0,0,0,0,0,0,0,0
4033,NEOSSOLOS,62.80791548091655,830.9339740936134,0,13.4387264974542,0,23.753358021629243,0,62.80791548091655,0,0,0,0,0,0,0,0
4034,LATOSSOLOS,48.24628440453643,9167.101063140228,0,4.368934086224377,0,48.24628440453643,7.441782089246696,39.94299941999249,0,0,0,0,0,0,0,0
4035,NEOSSOLOS,44.759702148439864,2449.3022421821934,0,21.802320494902084,0,33.437977356658045,0,44.759702148439864,0,0,0,0,0,0,0,0
4036,PLINTOSSOLOS,57.20551070445233,730.8240730611383,0,0,0,33.94672402500463,0,8.847765270543036,57.20551070445233,0,0,0,0,0,0,0
4037,LATOSSOLOS,61.21151776497782,4029.880813295485,0,11.359337392441097,0,61.21151776497782,0,27.42914484258108,0,0,0,0,0,0,0,0
4038,NEOSSOLOS,67.19868182140668,591.6805047101061,0,0,0,6.649440347220615,0,67.19868182140668,26.151877831372705,0,0,0,0,0,0,0
4039,LATOSSOLOS,78.98239097883362,4729.028169772605,0,5.372520273616677,0,78.98239097883362,0,15.645088747549686,0,0,0,0,0,0,0,0
4040,NEOSSOLOS,44.98355725002079,2325.214098319892,0,36.15478707906698,0,12.50268595480883,6.3589697161034,44.98355725002079,0,0,0,0,0,0,0,0
4041,NEOSSOLOS,81.33236193076627,1626.9204355480013,0,8.733059036591836,0,0,0,81.33236193076627,9.934579032641897,0,0,0,0,0,0,0
4042,LATOSSOLOS,60.47894376409012,1521.1588879664118,0,0,0,60.47894376409012,0,39.52105623590988,0,0,0,0,0,0,0,0
4043,LATOSSOLOS,67.31249800983069,1931.5751997425753,0,0,0,67.31249800983069,11.309531489690949,21.37797050047835,0,0,0,0,0,0,0,0
4044,LATOSSOLOS,47.09149143218695,3941.225593601057,0,0,0,47.09149143218695,28.08667170069699,24.821836867116062,0,0,0,0,0,0,0,0
4045,NEOSSOLOS,38.82054055895509,1203.4424376270638,0,0,0,28.750272544448627,32.42918689659628,38.82054055895509,0,0,0,0,0,0,0,0
4046,PLINTOSSOLOS,57.2765300183264,914.4115372004046,0,0,0,23.721095784446188,0,0,57.2765300183264,0,0,0,19.002374197227414,0,0,0
4047,NEOSSOLOS,87.56316442065744,219.5618727160242,0,0,0,12.436835579342537,0,87.56316442065744,0,0,0,0,0,0,0,0
4048,NEOSSOLOS,97.0812544329529,846.8203349516739,0,0.16901901936149863,0,2.033648224733738,0,97.0812544329529,0.7160783229518648,0,0,0,0,0,0,0
4049,PLINTOSSOLOS,41.65828963660889,1239.7263979401366,0,40.21273350231431,0,6.8925666721513625,0,11.236410188925428,41.65828963660889,0,0,0,0,0,0,0
4050,LATOSSOLOS,51.072785705482076,946.7496741225101,0,0,0,51.072785705482076,0,48.927214294517924,0,0,0,0,0,0,0,0
4051,NEOSSOLOS,80.66387008455519,1047.4355124952015,0,3.233163375944786,0,16.10296653950004,0,80.66387008455519,0,0,0,0,0,0,0,0
4052,ARGISSOLOS,54.37869388318805,3410.165058267428,0,54.37869388318805,0,34.62560694663994,0,10.995699170172015,0,0,0,0,0,0,0,0
4053,NEOSSOLOS,100,269.1394905609601,0,0,0,0,0,100,0,0,0,0,0,0,0,0
4054,NEOSSOLOS,99.42573524989564,656.3795773289168,0,0,0,0.5742647501043496,0,99.42573524989564,0,0,0,0,0,0,0,0
4055,LATOSSOLOS,77.53187659798188,490.76448592144965,0,0,0,77.53187659798188,0,22.468123402018122,0,0,0,0,0,0,0,0
4056,LATOSSOLOS,63.773011373180815,224.49898481181464,0,0,0,63.773011373180815,0,36.226988626819185,0,0,0,0,0,0,0,0
4057,LATOSSOLOS,71.95179191547068,978.1497099974264,0,0,0,71.95179191547068,0,28.048208084529314,0,0,0,0,0,0,0,0
4058,NEOSSOLOS,76.09760720999698,527.7378068058732,0,0,0,23.902392790003017,0,76.09760720999698,0,0,0,0,0,0,0,0
4059,LATOSSOLOS,54.37282773065729,775.1446778112747,0,0,0,54.37282773065729,0,45.62717226934271,0,0,0,0,0,0,0,0
4060,NEOSSOLOS,63.29269987926161,1170.700076123088,0,0,0,36.70730012073839,0,63.29269987926161,0,0,0,0,0,0,0,0
4061,LATOSSOLOS,35.5418860534759,2554.207441392236,0,34.88578209288168,0,35.5418860534759,0,29.57233185364242,0,0,0,0,0,0,0,0
4062,NEOSSOLOS,50.07345896135627,1760.906423333644,0,0,0,43.112208294495574,0,50.07345896135627,0,0,0,0,6.814332744148156,0,0,0
4063,PLINTOSSOLOS,54.265226661091575,1487.7108305657887,0,28.674262524355058,0,1.042170565776304,0,16.018340248777058,54.265226661091575,0,0,0,0,0,0,0
4064,PLINTOSSOLOS,100,1537.380773210871,0,0,0,0,0,0,100,0,0,0,0,0,0,0
4065,PLINTOSSOLOS,94.89384383491814,1568.3657541543441,0,0,0,0.4249855594914478,0,4.681170605590403,94.89384383491814,0,0,0,0,0,0,0
4066,LATOSSOLOS,50.98480327106122,3046.9067038857415,0,6.384122997692179,0,50.98480327106122,0,42.616152749881806,0.014920981364799059,0,0,0,0,0,0,0
4067,NEOSSOLOS,62.691851094811845,2139.480571876416,0,0,0,37.30814890518817,0,62.691851094811845,0,0,0,0,0,0,0,0
4068,ARGISSOLOS,44.92657162188118,1088.4888438738476,0,44.92657162188118,0,34.15437630100082,0,20.919052077117982,0,0,0,0,0,0,0,0
4069,ARGISSOLOS,48.47501323625517,677.5338873541929,0,48.47501323625517,0,34.68644863248485,0,16.838538131259977,0,0,0,0,0,0,0,0
4070,PLINTOSSOLOS,80.35302368274405,1393.5633585322441,0,0,0,14.151407916098323,0,5.495568401157622,80.35302368274405,0,0,0,0,0,0,0
4071,PLINTOSSOLOS,79.25966454079,93.4862733811283,0,0,0,0.025391482287265683,0,0,79.25966454079,0,0,0,20.714943976922736,0,0,0
4072,LATOSSOLOS,60.41771951959159,402.8570378608,0,0,0,60.41771951959159,0,39.58228048040842,0,0,0,0,0,0,0,0
4073,LATOSSOLOS,70.84318705739096,2417.973444906136,0,0,0,70.84318705739096,2.921865625236153,26.234947317372885,0,0,0,0,0,0,0,0
4074,LATOSSOLOS,49.53413956121545,1315.8292044526008,0,9.791909170379027,0,49.53413956121545,0,40.673951268405524,0,0,0,0,0,0,0,0
4075,PLINTOSSOLOS,53.62700971192078,1755.1050377269758,0,0,0,39.76930268763637,0,1.3229483226436891,53.62700971192078,0,0,0,5.280739277799162,0,0,0
4076,PLINTOSSOLOS,56.03054584362482,358.1652670086362,0,0,0,43.96945415637517,0,0,56.03054584362482,0,0,0,0,0,0,0
4077,NEOSSOLOS,60.81913200752957,525.4684366535354,0,0,0,39.180867992470446,0,60.81913200752957,0,0,0,0,0,0,0,0
4078,NEOSSOLOS,40.997318504015354,2502.005758560688,0,39.352108172932574,0,19.650573323052065,0,40.997318504015354,0,0,0,0,0,0,0,0
4079,LATOSSOLOS,81.44465345861246,2022.6711165955403,0,0,0,81.44465345861246,0,18.55534654138753,0,0,0,0,0,0,0,0
4080,LATOSSOLOS,67.68656980835826,1498.3606498574493,0,0,0,67.68656980835826,0,32.199343306595566,0,0,0,0,0.11408688504617383,0,0,0
4081,LATOSSOLOS,72.82014209159139,5652.493021608318,0,0.8534563186830114,0,72.82014209159139,6.152312149758237,20.174089439967357,0,0,0,0,0,0,0,0
4082,LATOSSOLOS,76.51215135848439,1726.9304834955783,0,15.59259722341203,0,76.51215135848439,0,7.895251418103589,0,0,0,0,0,0,0,0
4083,LATOSSOLOS,68.12783911826115,4563.776942349523,0,0.45462061647388863,0,68.12783911826115,0,31.41754026526496,0,0,0,0,0,0,0,0
4084,NEOSSOLOS,67.58499855606239,196.27593312192084,0,0,0,0,0,67.58499855606239,32.41500144393761,0,0,0,0,0,0,0
4085,LATOSSOLOS,61.286721486367846,2468.5757001529046,0,0,0,61.286721486367846,0,38.713278513632154,0,0,0,0,0,0,0,0
4086,NEOSSOLOS,52.38839094913377,5284.862338042819,0,0,0,47.61160905086622,0,52.38839094913377,0,0,0,0,0,0,0,0
4087,LATOSSOLOS,52.37071226310572,1186.7999245805076,0,0,0,52.37071226310572,0,47.62928773689427,0,0,0,0,0,0,0,0
4088,LATOSSOLOS,63.33463477035044,387.19476216415865,0,0,0,63.33463477035044,0,36.66536522964956,0,0,0,0,0,0,0,0
4089,LATOSSOLOS,87.21569227710968,183.3753089446692,0,0,0,87.21569227710968,0,0,0,0,0,0,12.78430772289033,0,0,0
4090,NEOSSOLOS,58.04852354681617,1041.6318800577646,0,0,0,15.074307003241634,0,58.04852354681617,26.877169449942205,0,0,0,0,0,0,0
4091,LATOSSOLOS,62.317119056641566,1340.8167796886014,0,1.6481609926694996,0,62.317119056641566,0,36.03471995068893,0,0,0,0,0,0,0,0
4092,NEOSSOLOS,90.14912807779518,1006.4487811440779,0,0,0,9.850871922204817,0,90.14912807779518,0,0,0,0,0,0,0,0
4093,LATOSSOLOS,88.13711945347023,365.081742065191,0,0,0,88.13711945347023,0,11.86288054652976,0,0,0,0,0,0,0,0
4094,LATOSSOLOS,82.22108688428189,518.2120678792782,0,0,0,82.22108688428189,0,0.39080589703913515,1.017525696050567,0,0,0,16.370581522628406,0,0,0
4095,NEOSSOLOS,96.1550977088753,761.2461565855632,0,3.8449022911247144,0,0,0,96.1550977088753,0,0,0,0,0,0,0,0
4096,ARGISSOLOS,100,178.54985957384585,0,100,0,0,0,0,0,0,0,0,0,0,0,0
4097,ARGISSOLOS,59.17025099017152,626.5564062448497,0.12000761159819497,59.17025099017152,0,0,0,0,0,0,0,0,0,40.709741398230285,0,0
4098,NEOSSOLOS,49.83872571333937,1817.5978356164485,0,46.54682614685567,0,0,0,49.83872571333937,0,0,0,0,0,3.614448139804964,0,0
4099,ARGISSOLOS,82.08108405440588,2265.5618502068164,0,82.08108405440588,0,0,0,17.918915945594122,0,0,0,0,0,0,0,0
4100,NEOSSOLOS,92.22802906057478,2434.705108444873,0,0.5780796510945272,0,7.19389128833068,0,92.22802906057478,0,0,0,0,0,0,0,0
4101,ARGISSOLOS,71.47053771223366,138.27445334131028,0,71.47053771223366,0,0,0,28.52946228776634,0,0,0,0,0,0,0,0
4102,ARGISSOLOS,97.51325537268728,73.49616487771448,0,97.51325537268728,0,0,0,2.4867446273127247,0,0,0,0,0,0,0,0
4103,NEOSSOLOS,54.68172653162255,1337.7966218301492,0,31.33398440280389,0,0,0,54.68172653162255,0,0,3.3276363389185892,0,0,0,10.656652726654968,0
4104,ARGISSOLOS,43.63720303810497,3452.817471707819,0,43.63720303810497,0,0,0.06680232163984404,14.71140175563251,0,0,0,0,0,41.58459288462268,0,0
4105,NEOSSOLOS,83.5018441136057,260.0725260751893,0,16.4981558863943,0,0,0,83.5018441136057,0,0,0,0,0,0,0,0
4106,ARGISSOLOS,59.56014236454415,544.9887765813742,0.2719997290115761,59.56014236454415,0,0,40.16785790644427,0,0,0,0,0,0,0,0,0
4107,ARGISSOLOS,85.36856824092081,496.0884111831049,0,85.36856824092081,0,0,0,14.631431759079195,0,0,0,0,0,0,0,0
4108,NEOSSOLOS,68.6450937298238,1702.339947565604,0,0,11.215542422318727,14.654618213674295,0,68.6450937298238,0,0,0,0,0,4.651352028917497,0.833393605265692,0
4109,PLANOSSOLOS,51.903898419273276,1422.1197024093494,0,45.57076691446714,0,0,0.5349574746989062,1.9903771915606756,0,0,0,0,0,51.903898419273276,0,0
4110,LUVISSOLOS,72.50615712886655,1788.3933974153879,0,0,0,0,72.50615712886655,7.764466381637155,0,0,0,0,0,19.729376489496293,0,0
4111,LATOSSOLOS,51.18639402517716,1099.626814299046,0,48.813605974822856,0,51.18639402517716,0,0,0,0,0,0,0,0,0,0
4112,ARGISSOLOS,85.00985394124858,114.73777876274329,0,85.00985394124858,0,0,14.990146058751435,0,0,0,0,0,0,0,0,0
4113,NEOSSOLOS,91.72245841708609,1066.1879924934303,0,0.12624341845826245,0,0,8.151298164455659,91.72245841708609,0,0,0,0,0,0,0,0
4114,NEOSSOLOS,55.16416389023962,1570.871531836265,0,44.835836109760386,0,0,0,55.16416389023962,0,0,0,0,0,0,0,0
4115,NEOSSOLOS,61.46161573505055,885.7049483987917,0,3.224406567808875,0,0,35.31397769714058,61.46161573505055,0,0,0,0,0,0,0,0
4116,LUVISSOLOS,84.5838815805991,146.3906936758542,0,1.6503495197482545,0,0,84.5838815805991,0,0,0,0,0,0,13.765768899652649,0,0
4117,PLANOSSOLOS,52.26359614358911,4792.373171137364,1.0178449251503958,25.184973202483246,0,0,15.486996166134732,5.771456266954266,0,0,0.2751332956882354,0,0,52.26359614358911,0,0
4118,LATOSSOLOS,51.20399634215602,569.3815532033499,0,48.77520711096602,0,51.20399634215602,0,0.020796546877951287,0,0,0,0,0,0,0,0
4119,NEOSSOLOS,70.80188883967135,712.5290786092835,0,0,0,0,29.198111160328658,70.80188883967135,0,0,0,0,0,0,0,0
4120,ARGISSOLOS,55.102486239373455,1299.6760410560603,0,55.102486239373455,0,0,0,35.47359918841804,0,0,0,0,0,9.423914572208506,0,0
4121,ARGISSOLOS,81.14259936414007,308.3119105622069,0,81.14259936414007,0,0,0.820928466898625,0,0,0,0,0,0,18.036472168961303,0,0
4122,NEOSSOLOS,81.51538400382988,1490.6302955328877,0,10.568621553024593,0,0,0,81.51538400382988,0,0,0,0,0,7.91599444314553,0,0
4123,ARGISSOLOS,99.92341290958737,843.0859389455333,0,99.92341290958737,0,0,0,0,0,0,0,0,0,0.07658709041263766,0,0
4124,LUVISSOLOS,68.85043130284276,2837.0280812649426,0,1.55344861312266,0,0,68.85043130284276,0,0,0,0,0,29.40900539398608,0.18711469004850373,0,0
4125,ARGISSOLOS,64.18558414753666,663.7314889445946,0,64.18558414753666,0,0.8163188905191395,0,34.99809696194419,0,0,0,0,0,0,0,0
4126,ARGISSOLOS,58.15776005660431,1887.1901974251643,0,58.15776005660431,0,30.609110849248346,0,11.233129094147333,0,0,0,0,0,0,0,0
4127,LUVISSOLOS,64.71284074050392,3217.319685241704,0,0.8346575154961484,0,0,64.71284074050392,34.452501743999925,0,0,0,0,0,0,0,0
4128,ARGISSOLOS,51.41014187061057,222.7370891618587,0,51.41014187061057,0,0,40.766384027820116,0,0,0,0,0,0,7.823474101569304,0,0
4129,LUVISSOLOS,98.2377906766398,846.697146506959,0,1.7622093233602099,0,0,98.2377906766398,0,0,0,0,0,0,0,0,0
4130,LUVISSOLOS,94.60740022452136,756.8095707039848,0,4.4987471429849375,0,0,94.60740022452136,0.8938526324936855,0,0,0,0,0,0,0,0
4131,ARGISSOLOS,88.87749895638449,623.6673236912322,0,88.87749895638449,0,0,0,11.122501043615507,0,0,0,0,0,0,0,0
4132,ARGISSOLOS,66.46974981535968,1061.4161159664664,0,66.46974981535968,0,0,0,33.53025018464032,0,0,0,0,0,0,0,0
4133,NEOSSOLOS,64.59341486265568,364.54001943110575,0,0,0,35.40658513734434,0,64.59341486265568,0,0,0,0,0,0,0,0
4134,PLANOSSOLOS,39.83208135678684,858.4602177527188,0,33.09315054817723,0,0,0,27.07476809503594,0,0,0,0,0,39.83208135678684,0,0
4135,ARGISSOLOS,65.33875161997774,486.51876961881965,0,65.33875161997774,0,0,0,34.66124838002225,0,0,0,0,0,0,0,0
4136,LUVISSOLOS,65.13828833789054,5050.661295993502,0.1806566202635124,13.94916467445336,0,0,65.13828833789054,13.52155562965224,0,0,0,0,0,7.210334737740351,0,0
4137,PLANOSSOLOS,46.674040851242026,1208.3240123330752,0,32.24379051063984,0,0,12.756264359826558,8.325904278291581,0,0,0,0,0,46.674040851242026,0,0
4138,ARGISSOLOS,59.0089002504888,726.0333172983586,0,59.0089002504888,0,0,2.618633337397281,38.372466412113916,0,0,0,0,0,0,0,0
4139,ARGISSOLOS,100,236.9932036322077,0,100,0,0,0,0,0,0,0,0,0,0,0,0
4140,ARGISSOLOS,52.28975800713567,692.457353561878,8.942782591986747,52.28975800713567,0,0,0,13.78399567401239,0,0,0,0,0,24.983463726865196,0,0
4141,ARGISSOLOS,53.52467389428548,776.2102736548447,0,53.52467389428548,0,0,0,46.45764468825689,0,0,0,0,0,0.017681417457629356,0,0
4142,PLANOSSOLOS,36.90629814545307,2984.747125259994,0,27.29135068944781,0,4.903348028601054,26.859531304692094,4.039471831805966,0,0,0,0,0,36.90629814545307,0,0
4143,LATOSSOLOS,43.266670466930776,1176.364931789904,0,32.01317932774863,0,43.266670466930776,0,24.720150205320582,0,0,0,0,0,0,0,0
4144,NEOSSOLOS,74.27467944044133,1308.363943459415,0,0,0,22.50508032976038,3.2202402297982973,74.27467944044133,0,0,0,0,0,0,0,0
4145,NEOSSOLOS,48.555564492511,2509.4317981667955,0,20.635170974693946,0,0,14.81283120977338,48.555564492511,0,0,0,0,0,15.996433323021677,0,0
4146,ARGISSOLOS,50.54243714881566,816.319306156009,0,50.54243714881566,0,0,49.45756285118435,0,0,0,0,0,0,0,0,0
4147,ARGISSOLOS,83.44130919861757,503.45656186987,0,83.44130919861757,0,0,0,16.55869080138242,0,0,0,0,0,0,0,0
4148,LUVISSOLOS,63.326911392900655,2639.318329898015,0,3.9623972333956354,0,0,63.326911392900655,29.17823596039472,0,0,0,0,0,3.532455413309001,0,0
4149,ARGISSOLOS,100,266.256239694189,0,100,0,0,0,0,0,0,0,0,0,0,0,0
4150,ARGISSOLOS,100,181.22041799136542,0,100,0,0,0,0,0,0,0,0,0,0,0,0
4151,LUVISSOLOS,66.65010500835699,205.60188682698316,23.937661397732292,9.4122335939107291,0,0,66.65010500835699,0,0,0,0,0,0,0,0,0
4152,LATOSSOLOS,32.75110988187924,620.4939590435885,0,25.695678050985965,0,32.75110988187924,13.898579478228465,27.65463258890635,0,0,0,0,0,0,0,0
4153,ARGISSOLOS,56.44221509020269,2693.4798364501403,0,56.44221509020269,0,0,0,29.0520126153315,0,0,0,0,0,14.50577229446581,0,0
4154,ARGISSOLOS,100,100.15890390359064,0,100,0,0,0,0,0,0,0,0,0,0,0,0
4155,LUVISSOLOS,100,156.04062381299158,0,0,0,0,100,0,0,0,0,0,0,0,0,0
4156,ARGISSOLOS,79.0420308611942,550.5179659958668,12.379012175695738,79.0420308611942,0,0,0,0,0,0,0,0,0,8.578956963110064,0,0
4157,ARGISSOLOS,90.74752952020367,59.404847206567545,0,90.74752952020367,0,0,9.252470479796317,0,0,0,0,0,0,0,0,0
4158,LUVISSOLOS,97.36007095722098,966.9656954657859,2.6399290427790154,0,0,0,97.36007095722098,0,0,0,0,0,0,0,0,0
4159,LATOSSOLOS,54.2382829101226,415.5832241677855,0,10.049132430828095,0,54.2382829101226,0,35.712584659049305,0,0,0,0,0,0,0,0
4160,ARGISSOLOS,44.13538888102881,3204.197876964225,0,44.13538888102881,0,0,0,42.587431231219966,0,0,0,0,0,13.27717988775122,0,0
4161,ARGISSOLOS,34.85732806213659,1872.5813919780494,0,34.85732806213659,0,0,32.67865680999923,32.46401512786418,0,0,0,0,0,0,0,0
4162,ARGISSOLOS,57.09778842193161,1588.6565805182595,10.356058988943513,57.09778842193161,0,0,0,32.54615258912489,0,0,0,0,0,0,0,0
4163,LUVISSOLOS,69.58364879782665,4260.494895461548,0,21.857582013246315,0,5.193576298494922,69.58364879782665,0.013179159953089381,0,0,0,0,0.01987975960175975,3.33213397087724,0,0
4164,LUVISSOLOS,99.99248088483468,274.17372622392514,0,0,0,0,99.99248088483468,0.0075191151653034175,0,0,0,0,0,0,0,0
4165,LUVISSOLOS,92.04428786768601,872.5860092711135,4.815358013080983,0,0,3.1403541192330042,92.04428786768601,0,0,0,0,0,0,0,0,0
4166,LUVISSOLOS,44.351485297170385,1477.2909090517887,0,0,0,14.303934776140334,44.351485297170385,38.931728777834394,0,0,0,0,0,2.4128511488548807,0,0
4167,LUVISSOLOS,51.23832736025293,1231.388687151023,0,21.511616637755615,0,0,51.23832736025293,27.250056001991446,0,0,0,0,0,0,0,0
4168,NEOSSOLOS,32.93678962400089,1461.9079095435209,0,9.613293145276115,0,0,30.98140790107713,32.93678962400089,0,0,0,0,0,26.468509329645855,0,0
4169,NEOSSOLOS,51.38565976567055,212.06369149528527,0,36.32112188512617,0,0,0,51.38565976567055,0,0,0,0,0,12.293218349203269,0,0
4170,LUVISSOLOS,51.82939175295966,1190.0185525029246,0,41.68519828746384,0,0,51.82939175295966,6.485409959576503,0,0,0,0,0,0,0,0
4171,LUVISSOLOS,64.05887494583716,588.6627953949574,0,10.725896062419457,0,0,64.05887494583716,0,0,0,0,0,0,25.215228991743384,0,0
4172,LUVISSOLOS,85.33752089395544,784.1692644281515,0,0,0,0,85.33752089395544,14.662479106044549,0,0,0,0,0,0,0,0
4173,PLANOSSOLOS,50.21063702602383,1759.4229766318726,0,0,0,0,3.8772713722786945,45.91209160169747,0,0,0,0,0,50.21063702602383,0,0
4174,LUVISSOLOS,59.02547566671344,669.3189155516458,0,0,0,0,59.02547566671344,40.97452433328655,0,0,0,0,0,0,0,0
4175,LUVISSOLOS,57.876262656759316,1876.3676509225565,0,7.308091954740478,0,0,57.876262656759316,34.8156453885002,0,0,0,0,0,0,0,0
4176,NEOSSOLOS,45.32991274013462,867.4693236033581,4.3710786251743,3.0604661812999474,0,0,0,45.32991274013462,0,0,22.741230985429457,0,0,0,24.497311467961673,0
4177,LATOSSOLOS,40.05249080159463,552.124806325648,0,24.20622384824738,0,40.05249080159463,0,35.741285350158,0,0,0,0,0,0,0,0
4178,NEOSSOLOS,93.68310728084971,361.06224199198857,0,6.316892719150285,0,0,0,93.68310728084971,0,0,0,0,0,0,0,0
4179,NEOSSOLOS,56.81854170116726,248.88772886023924,0,43.181458298832744,0,0,0,56.81854170116726,0,0,0,0,0,0,0,0
4180,ARGISSOLOS,84.06927429272442,937.1657227149051,0,84.06927429272442,0,0,0,15.930725707275593,0,0,0,0,0,0,0,0
4181,LUVISSOLOS,51.88402866497753,947.6456199055582,0,30.569631554746323,0,0,51.88402866497753,17.546339780276153,0,0,0,0,0,0,0,0
4182,CAMBISSOLOS,42.21331766705994,751.3452895464934,0,13.835887430996294,0,0,0,37.78832632548427,0,0,6.162468576459496,0,0,0,42.21331766705994,0
4183,PLANOSSOLOS,44.445128119911324,4311.215152918003,0.9266987984183992,4.821130773508663,0,0,43.28363699725078,1.0768626062135662,0,0,4.849375991418191,0,0.5971667132790694,44.445128119911324,0,0
4184,ARGISSOLOS,49.21407914456343,697.315254190333,0,49.21407914456343,0,0,26.34766206871131,0,0,0,0,0,0,24.438258786725257,0,0
4185,ARGISSOLOS,85.36316034386292,573.656198059256,0,85.36316034386292,0,0,0,1.3973706755334714,0,0,0,0,0,13.239468980603606,0,0
4186,NEOSSOLOS,62.358488548365514,298.9122547052178,0,36.32667575546663,0,0,0,62.358488548365514,0,0,0,0,0,1.3148356961678525,0,0
4187,NEOSSOLOS,95.75910375287329,566.8037577541443,0,3.2125652999173333,0,0,1.028330947209381,95.75910375287329,0,0,0,0,0,0,0,0
4188,NEOSSOLOS,77.86280552036705,1049.765540157198,0,22.137194479632974,0,0,0,77.86280552036705,0,0,0,0,0,0,0,0
4189,ARGISSOLOS,93.18554130659894,149.7995859087037,0,93.18554130659894,0,0,0,6.814458693401058,0,0,0,0,0,0,0,0
4190,ARGISSOLOS,51.5895652654814,606.4207421824439,0,51.5895652654814,0,0,0,48.41043473451859,0,0,0,0,0,0,0,0
4191,ARGISSOLOS,59.11934903003337,645.2918087256928,0,59.11934903003337,0,11.427712933462136,0,29.452938036504488,0,0,0,0,0,0,0,0
4192,ARGISSOLOS,64.11683040358582,2119.3486609775814,0,64.11683040358582,0,0,0.09607684862985448,4.238479026763881,0,0,0,0,31.548613721020434,0,0,0
4193,LUVISSOLOS,42.667316137714465,886.3867908873956,0,30.246087306097078,0,0,42.667316137714465,0,0,0,0,0,0,27.086596556188454,0,0
4194,PLANOSSOLOS,51.55044772479468,415.2488765873076,0,19.10793462805276,0,0,0,29.341617647152557,0,0,0,0,0,51.55044772479468,0,0
4195,ARGISSOLOS,70.24007214963629,415.8481198430607,0,70.24007214963629,0,0,0,18.044373134797628,0,0,0,0,0,11.715554715566084,0,0
4196,ARGISSOLOS,86.37205618446647,190.63430858881392,0,86.37205618446647,0,0.0158837699354078,13.612060045598122,0,0,0,0,0,0,0,0,0
4197,ARGISSOLOS,95.18747170505213,134.27851439568582,0,95.18747170505213,0,0,4.812528294947876,0,0,0,0,0,0,0,0,0
4198,ARGISSOLOS,49.85030644997528,284.5877051938265,0,49.85030644997528,0,12.504820096628519,0,37.6448734533962,0,0,0,0,0,0,0,0
4199,ARGISSOLOS,69.926704796597,949.9556397465725,0,69.926704796597,0,7.300807623190607,1.10064467834778,0,0,0,0,0,0,21.671842901864622,0,0
4200,NEOSSOLOS,43.14302680982426,576.4625730529518,15.894298538390073,40.96267465178567,0,0,0,43.14302680982426,0,0,0,0,0,0,0,0
4201,ARGISSOLOS,99.98643458765035,112.1477440751152,0,99.98643458765035,0,0,0.013565412349656138,0,0,0,0,0,0,0,0,0
4202,LUVISSOLOS,99.33100764821374,75.92429915418816,0,0.6689923517862494,0,0,99.33100764821374,0,0,0,0,0,0,0,0,0
4203,PLANOSSOLOS,47.450202865702146,440.9450008092147,0,33.3106131942759,0,0,0,19.23918394002194,0,0,0,0,0,47.450202865702146,0,0
4204,ARGISSOLOS,82.03478225474886,117.78629645657414,0,82.03478225474886,0,0,0,0,0,0,0,0,0,17.96521774525114,0,0
4205,NEOSSOLOS,73.2970646750295,589.162856753746,0,26.702935324970493,0,0,0,73.2970646750295,0,0,0,0,0,0,0,0
4206,ARGISSOLOS,50.062401692285576,2302.412055611906,0,50.062401692285576,0,6.605441515638844,1.1692375335931569,42.16291925848243,0,0,0,0,0,0,0,0
4207,LUVISSOLOS,90.97877999964187,483.2328400640522,0.736017061849583,4.805739541966769,0,0,90.97877999964187,3.4794633965417674,0,0,0,0,0,0,0,0
4208,CHERNOSSOLOS,91.56679575771041,1302.9727984036701,0,5.704375129297676,0,0,2.7288291129919156,0,0,0,0,0,91.56679575771041,0,0,0
4209,NEOSSOLOS,100,141.92602485747807,0,0,0,0,0,100,0,0,0,0,0,0,0,0
4210,ARGISSOLOS,47.80498910373961,1378.6218465559439,6.011088101155216,47.80498910373961,0,0,42.491431969811565,0,0,0,0,0,0,3.69249082529362,0,0
4211,ARGISSOLOS,100,587.9013112329532,0,100,0,0,0,0,0,0,0,0,0,0,0,0
4212,NEOSSOLOS,94.20068487340079,1309.0397827649872,0,0,0,2.669956257903772,3.129358868695434,94.20068487340079,0,0,0,0,0,0,0,0
4213,ARGISSOLOS,87.29684350239614,217.59911005521897,0,87.29684350239614,0,12.692703898612328,0,0.0104525989915289,0,0,0,0,0,0,0,0
4214,ARGISSOLOS,100.00000000000001,338.68693658562097,0,100.00000000000001,0,0,0,0,0,0,0,0,0,0,0,0
4215,CAMBISSOLOS,81.66166479187504,612.9064963801338,0,0,0,0,0,7.727389785008488,0,0,10.610945423116457,0,0,0,81.66166479187504,0
4216,LUVISSOLOS,95.30618614285102,562.7229718711684,4.693813857148989,0,0,0,95.30618614285102,0,0,0,0,0,0,0,0,0
4217,ARGISSOLOS,46.53337557338393,1589.7123996050175,0.02553008097998946,46.53337557338393,0,0,0,18.471900174248756,0,0,1.2879076459138787,0,0,33.46380425989568,0.2174822655777715,0
4218,NEOSSOLOS,85.47159007799351,1383.4427753414654,0,14.528409922006487,0,0,0,85.47159007799351,0,0,0,0,0,0,0,0
4219,NEOSSOLOS,42.56101362341515,969.5852481982122,0,24.97099277081819,0,0,22.056358884974646,42.56101362341515,0,0,0,0,0,10.411634720792009,0,0
4220,LATOSSOLOS,55.23072440519012,854.6050475041035,0,37.32534597238999,0,55.23072440519012,0,7.443929622419894,0,0,0,0,0,0,0,0
4221,ARGISSOLOS,75.2394727361059,803.3746658334445,0,75.2394727361059,0,0,0,16.421910768993307,0,0,0,0,0,8.338616494900794,0,0
4222,NEOSSOLOS,91.08580765753184,280.52389124359684,0,8.914192342468171,0,0,0,91.08580765753184,0,0,0,0,0,0,0,0
4223,ARGISSOLOS,100,122.27606574780425,0,100,0,0,0,0,0,0,0,0,0,0,0,0
4224,ARGISSOLOS,74.28182768566424,1002.1585500556411,0,74.28182768566424,0,0,0,0,0,0,0,0,4.533981967944731,21.18419034639103,0,0
4225,NEOSSOLOS,44.14437725754228,424.44797991464776,0,14.20192557354842,0,0,0,44.14437725754228,0,0,0,0,0,41.6536971689093,0,0
4226,CAMBISSOLOS,49.77534468168705,862.2771412058621,0,24.515444131616,0,0,0,9.618813857143392,0,0,16.090397329553564,0,0,0,49.77534468168705,0
4227,LUVISSOLOS,64.09967467335905,1961.950991365932,0,6.378707699067229,0,0,64.09967467335905,0,0,0,0,0,0,29.521617627573725,0,0
4228,LUVISSOLOS,65.23452010542006,4018.734512007321,0,21.233675065779423,0,0,65.23452010542006,4.7425213256143355,0,0,0,0,8.789283503186185,0,0,0
4229,NEOSSOLOS,63.092259876123,908.6280507050797,0,14.672219911760648,0,22.235520212116352,0,63.092259876123,0,0,0,0,0,0,0,0
4230,ARGISSOLOS,53.63139448266356,914.2509383111677,0,53.63139448266356,0,0,0,46.36860551733644,0,0,0,0,0,0,0,0
4231,ARGISSOLOS,100,616.0629255036646,0,100,0,0,0,0,0,0,0,0,0,0,0,0
4232,NEOSSOLOS,43.106583931759815,420.7509654585256,0,23.63801765789355,0,33.25539841034664,0,43.106583931759815,0,0,0,0,0,0,0,0
4233,LUVISSOLOS,43.84577384843016,263.8327856930049,0,40.450968733026606,0,0,43.84577384843016,0,0,0,0,0,0,15.703257418543242,0,0
4234,NEOSSOLOS,43.37554168854817,696.9004603010511,0,27.98483202199028,0,0,0,43.37554168854817,0,0,0,0,0,28.639626289461553,0,0
4235,ARGISSOLOS,99.07274494933836,836.0517433552607,0,99.07274494933836,0,0,0,0.9272550506616526,0,0,0,0,0,0,0,0
4236,NEOSSOLOS,99.81580720320439,1311.9956534878365,0,0.10170566294309372,0,0.08248713385251374,0,99.81580720320439,0,0,0,0,0,0,0,0
5001,NEOSSOLOS,62.66061571115408,608.7200929391045,0,0,0,0,37.33938428884593,62.66061571115408,0,0,0,0,0,0,0,0
5002,LATOSSOLOS,39.23998258469646,5983.591537261672,0.9682117549915653,7.50753747101449,6.892132557711825,39.23998258469646,0,9.366432533228402,0,0,0,0,2.336796491201483,0.6588408107970685,33.0300657963587,0
5003,PLANOSSOLOS,36.88535250173708,576.2589357139198,0,0,0,16.556898556140638,8.246084024847443,2.145767839338506,0,0,0,0,0,36.88535250173708,36.16589707793633,0
5004,ARGISSOLOS,100,50.64242317725202,0,100,0,0,0,0,0,0,0,0,0,0,0,0
5005,ARGISSOLOS,74.99537977124692,381.06944687296834,0,74.99537977124692,0,0,1.0222492798918896,23.98237094886118,0,0,0,0,0,0,0,0
5006,ARGISSOLOS,69.4396434388558,128.2590195019032,0,69.4396434388558,0,0,0,30.560356561144197,0,0,0,0,0,0,0,0
5007,CAMBISSOLOS,85.35272666474212,191.0156353402415,0,0,0,0,0,14.55627355113073,0,0,0,0,0,0.09099978412714459,85.35272666474212,0
5008,PLANOSSOLOS,60.55208690707362,1064.5081532544552,0,0,0,2.8055658238524015,0,36.64234726907398,0,0,0,0,0,60.55208690707362,0,0
5009,NEOSSOLOS,75.811144057687,245.7672100453996,0,24.188855942312998,0,0,0,75.811144057687,0,0,0,0,0,0,0,0
5010,ARGISSOLOS,46.04490342194622,1601.7152956115376,0,46.04490342194622,0,0,6.1240969805982575,10.656723055099187,0,0,0,0,18.65746358312272,0,18.5168129592336,0
5011,LATOSSOLOS,68.58478522365468,115.31460683365735,0,30.75691007437385,0,68.58478522365468,0,0.6583047019714768,0,0,0,0,0,0,0,0
5012,LUVISSOLOS,65.91533824518682,1165.1576287783266,0.7017046997363906,0,0,0,65.91533824518682,27.711872216884913,0,0,0,0,0,5.671084838191892,0,0
5013,ARGISSOLOS,100,212.3326616429553,0,100,0,0,0,0,0,0,0,0,0,0,0,0
5014,ARGISSOLOS,71.91907234487209,152.1721492925571,0,71.91907234487209,0,0,12.953930528650782,7.884948012137637,0,0,0,0,0,7.242049114339488,0,0
5015,PLANOSSOLOS,86.3817592171779,300.91100413527124,0,0.2836174536803428,0,0,0,13.334623329141754,0,0,0,0,0,86.3817592171779,0,0
5016,NEOSSOLOS,75.45918169918053,1673.4357959403173,0,0,0,0,0.025823343453021334,75.45918169918053,0,0,0,0,0,24.514994957366454,0,0
5017,LATOSSOLOS,67.93796153836881,122.028095540165,0,32.06203846163119,0,67.93796153836881,0,0,0,0,0,0,0,0,0,0
5018,PLANOSSOLOS,70.87421780234813,61.47336844038534,0,14.06263430267395,0,15.063147894977924,0,0,0,0,0,0,0,70.87421780234813,0,0
5019,NEOSSOLOS,41.39881806543671,459.40270208590573,0,39.39456501130587,0,0,0,41.39881806543671,0,0,0,0,0,0,19.206616923257418,0
5020,NEOSSOLOS,64.42362431767543,260.9822126971812,0,0,0,0,0,64.42362431767543,0,0,0,0,0,35.57637568232456,0,0
5021,LUVISSOLOS,100,1228.3755618574323,0,0,0,0,100,0,0,0,0,0,0,0,0,0
5022,NEOSSOLOS,100,213.4118945887457,0,0,0,0,0,100,0,0,0,0,0,0,0,0
5023,ARGISSOLOS,90.6211613953021,234.7491732381315,0,90.6211613953021,9.3788386046979,0,0,0,0,0,0,0,0,0,0,0
5024,NEOSSOLOS,41.14988910132382,1095.7453733978246,0,10.578111697677983,0,25.911435502271296,19.633755117863362,41.14988910132382,0,0,0,0,0,0,2.7268085808635347,0
5025,NEOSSOLOS,97.50272096137941,245.47499296519305,0,0,0,0,2.497279038620579,97.50272096137941,0,0,0,0,0,0,0,0
5026,LATOSSOLOS,83.70940366347183,689.9166696813102,0,5.201642062791696,0,83.70940366347183,0,10.85220532240485,0,0,0,0,0,0.23674895133161925,0,0
5027,NEOSSOLOS,100,394.01544160366154,0,0,0,0,0,100,0,0,0,0,0,0,0,0
5028,NEOSSOLOS,100,185.56119029210421,0,0,0,0,0,100,0,0,0,0,0,0,0,0
5029,ARGISSOLOS,100.00000000000001,117.2893413626988,0,100.00000000000001,0,0,0,0,0,0,0,0,0,0,0,0
5030,LUVISSOLOS,100,296.1843497884178,0,0,0,0,100,0,0,0,0,0,0,0,0,0
5031,NEOSSOLOS,99.99999999999999,863.8969716852805,0,0,0,0,0,99.99999999999999,0,0,0,0,0,0,0,0
5032,ARGISSOLOS,100,108.34598572992172,0,100,0,0,0,0,0,0,0,0,0,0,0,0
5033,LATOSSOLOS,61.18776993894022,108.37903942330291,0,0,0,61.18776993894022,0,38.812230061059786,0,0,0,0,0,0,0,0
5034,ARGISSOLOS,100,125.79088546931278,0,100,0,0,0,0,0,0,0,0,0,0,0,0
5035,NEOSSOLOS,100,264.80777397962777,0,0,0,0,0,100,0,0,0,0,0,0,0,0
5036,ARGISSOLOS,67.03371641396984,135.95118539062733,0,67.03371641396984,0,32.496930613072436,0,0,0,0,0,0,0,0.4693529729577282,0,0
5037,NEOSSOLOS,46.610557595667366,109.32582991733467,0,0.2822337401369162,12.525453890773944,40.58175477342178,0,46.610557595667366,0,0,0,0,0,0,0,0
5038,CAMBISSOLOS,59.81742935458992,268.72314978281184,0,24.2202183708461,0,4.802857188651742,0,0,0,0,0,0,11.159495085912235,0,59.81742935458992,0
5039,LUVISSOLOS,73.23863477833133,578.9963978743891,0,0,0,0,73.23863477833133,26.76136522166866,0,0,0,0,0,0,0,0
5040,ARGISSOLOS,62.980206866791605,181.54341054046603,0,62.980206866791605,0,0,18.55205796973982,18.467735163468568,0,0,0,0,0,0,0,0
5041,NEOSSOLOS,97.4337954441067,63.29552577698085,0,2.5662045558932887,0,0,0,97.4337954441067,0,0,0,0,0,0,0,0
5042,NEOSSOLOS,73.94285217018243,334.87459225983685,0,0,14.01447853608244,0,0,73.94285217018243,0,0,0,0,0,0,12.042669293735122,0
5043,LATOSSOLOS,58.35047227252262,192.42568103337175,0,37.75332738779626,3.8962003396811116,58.35047227252262,0,0,0,0,0,0,0,0,0,0
5044,CAMBISSOLOS,75.89284247948382,1128.992560550025,0,0,0,0.027017449177406224,0,0,0,0,0,0,24.080140071338764,0,75.89284247948382,0
5045,LATOSSOLOS,80.06992401889302,258.04066076033735,0,0,19.93007598110699,80.06992401889302,0,0,0,0,0,0,0,0,0,0
5046,NEOSSOLOS,78.3746493232853,245.78241263840718,0,0,19.476320887695056,0,0,78.3746493232853,0,0,0,0,0,0,2.14902978901964,0
5047,ARGISSOLOS,94.5845693631277,312.1199508634106,0,94.5845693631277,0,3.800639939925957,0,0,0,0,0,0,0,1.614790696946351,0,0
5048,NEOSSOLOS,77.14120324234173,577.8768472775345,0.0075467216551671585,0,0,22.68053485637991,0,77.14120324234173,0,0,0,0,0,0,0.17071517962318292,0
5049,LUVISSOLOS,100,127.9446908952341,0,0,0,0,100,0,0,0,0,0,0,0,0,0
5050,LUVISSOLOS,66.26800582668704,132.96213101950747,0,4.311116649049428,0,0,66.26800582668704,29.420877524263535,0,0,0,0,0,0,0,0
5051,NEOSSOLOS,100,54.6080578947481,0,0,0,0,0,100,0,0,0,0,0,0,0,0
5052,CAMBISSOLOS,99.11943374031736,435.5689735832251,0,0,0,0,0.4315740618493689,0.4489921978332675,0,0,0,0,0,0,99.11943374031736,0
5053,ARGISSOLOS,57.06584581843089,304.74420703320936,0,57.06584581843089,0,0,42.9341541815691,0,0,0,0,0,0,0,0,0
5054,PLANOSSOLOS,84.18447093999585,187.43409634309324,0,15.815529060004158,0,0,0,0,0,0,0,0,0,84.18447093999585,0,0
5055,NEOSSOLOS,91.55022695751107,188.7678704682314,0,0,0,0,0,91.55022695751107,0,0,0,0,0,8.449773042488934,0,0
5056,PLANOSSOLOS,85.76486622106572,253.97094648178629,0,0,0,0,11.032812676729577,3.2023211022047122,0,0,0,0,0,85.76486622106572,0,0
5057,LUVISSOLOS,100.00000000000001,331.0551066614255,0,0,0,0,100.00000000000001,0,0,0,0,0,0,0,0,0
5058,LUVISSOLOS,100,368.7134309754563,0,0,0,0,100,0,0,0,0,0,0,0,0,0
5059,NEOSSOLOS,41.50153418728336,715.6239588528325,0,19.293849400321182,0,0,2.866217890953701,41.50153418728336,0,0,0,0,0,28.065726577870556,8.272671943571194,0
5060,NEOSSOLOS,100,88.03558122026858,0,0,0,0,0,100,0,0,0,0,0,0,0,0
5061,LUVISSOLOS,78.46122791096235,117.52336408249624,0,21.53877208903764,0,0,78.46122791096235,0,0,0,0,0,0,0,0,0
5062,LUVISSOLOS,48.80621725045028,933.4465272753591,11.67597783449843,0,0,0,48.80621725045028,39.517804915051286,0,0,0,0,0,0,0,0
5063,ARGISSOLOS,65.14803848770633,117.26965842894883,0,65.14803848770633,0,8.778665556806097,0,0,0,0,0,0,0,26.073295955487566,0,0
5064,PLANOSSOLOS,100,105.84993210333303,0,0,0,0,0,0,0,0,0,0,0,100,0,0
5065,PLANOSSOLOS,97.9525946340166,117.62611534139755,0,0.14124143398676614,0,1.9061639319966355,0,0,0,0,0,0,0,97.9525946340166,0,0
5066,ARGISSOLOS,100,112.83576703240108,0,100,0,0,0,0,0,0,0,0,0,0,0,0
5067,NEOSSOLOS,100.00000000000001,176.45934640025882,0,0,0,0,0,100.00000000000001,0,0,0,0,0,0,0,0
5068,PLANOSSOLOS,93.37137687345194,79.233455773716,0,6.628623126548055,0,0,0,0,0,0,0,0,0,93.37137687345194,0,0
5069,PLANOSSOLOS,78.68554217946114,675.7738251662443,0,0,0,0,5.465022216371316,13.83456720406203,0,0,0,0,0,78.68554217946114,2.014868400105526,0
5070,LUVISSOLOS,72.57811254646717,130.1472945979132,0,0,0,0,72.57811254646717,27.421887453532843,0,0,0,0,0,0,0,0
5071,ARGISSOLOS,84.94952840986056,30.941901256109148,0,84.94952840986056,0,0,0,15.050471590139423,0,0,0,0,0,0,0,0
5072,ARGISSOLOS,63.555739365774144,198.68141386889823,0,63.555739365774144,0,0,36.44426063422585,0,0,0,0,0,0,0,0,0
5073,LATOSSOLOS,69.01010631666793,510.73172585797204,0,30.989893683332078,0,69.01010631666793,0,0,0,0,0,0,0,0,0,0
5074,NEOSSOLOS,53.94918981376152,751.3085884957657,0,0,14.4852147440318,0,14.019152631008602,53.94918981376152,0,0,0,0,0,0,17.546442811198066,0
5075,ARGISSOLOS,81.26828722956324,345.7132506622742,0,81.26828722956324,0,0,18.731712770436758,0,0,0,0,0,0,0,0,0
5076,NEOSSOLOS,81.15090875149738,291.9975405955678,0,18.849091248502607,0,0,0,81.15090875149738,0,0,0,0,0,0,0,0
5077,NEOSSOLOS,70.53080828937351,212.54392939372693,0,0,0,29.469191710626482,0,70.53080828937351,0,0,0,0,0,0,0,0
5078,LUVISSOLOS,70.4914454511512,135.15842445800325,0,29.508554548848807,0,0,70.4914454511512,0,0,0,0,0,0,0,0,0
5079,ARGISSOLOS,100,81.97300066403248,0,100,0,0,0,0,0,0,0,0,0,0,0,0
5080,ARGISSOLOS,49.90412315696975,210.98797682877668,0,49.90412315696975,0,15.064881786465172,0,0,0,0,0,0,0,35.03099505656508,0,0
5081,NEOSSOLOS,100,71.95235055426893,0,0,0,0,0,100,0,0,0,0,0,0,0,0
5082,NEOSSOLOS,72.0985779947324,124.46931469634318,0,0,25.728967486120034,2.1724545191475775,0,72.0985779947324,0,0,0,0,0,0,0,0
5083,NEOSSOLOS,45.85531721328764,251.86249932012458,0,33.33407492586702,0,20.810607860845337,0,45.85531721328764,0,0,0,0,0,0,0,0
5084,PLANOSSOLOS,86.93840755482768,277.8830230380098,0,13.061592445172327,0,0,0,0,0,0,0,0,0,86.93840755482768,0,0
5085,NEOSSOLOS,51.73205292733661,141.09165716489,0,48.2679470726634,0,0,0,51.73205292733661,0,0,0,0,0,0,0,0
5086,LUVISSOLOS,100,253.81943162111295,0,0,0,0,100,0,0,0,0,0,0,0,0,0
5087,LUVISSOLOS,100,81.46397197528648,0,0,0,0,100,0,0,0,0,0,0,0,0,0
5088,NEOSSOLOS,35.409750091507135,383.20249129258417,0.2653712993468794,0,0,0,33.677912432044174,35.409750091507135,0,0,0,0,0,30.64696617710182,0,0
5089,ARGISSOLOS,45.13672370328891,274.81788735996327,0,45.13672370328891,0,0,0,16.378362817893972,0,0,0,0,0,0,38.48491347881712,0
5090,NEOSSOLOS,67.14103175057984,513.0171476968985,0,0,0,0,32.85896824942015,67.14103175057984,0,0,0,0,0,0,0,0
5091,PLANOSSOLOS,100.00000000000001,42.04171273819606,0,0,0,0,0,0,0,0,0,0,0,100.00000000000001,0,0
5092,PLANOSSOLOS,72.99105569258495,41.26661223920571,0,26.985553794394182,0,0.023390513020877576,0,0,0,0,0,0,0,72.99105569258495,0,0
5093,ARGISSOLOS,76.50716969359159,319.05230077109866,0,76.50716969359159,0,0,20.811494201613797,2.6813361047946023,0,0,0,0,0,0,0,0
5094,ARGISSOLOS,59.01978986387007,460.3658972348969,0,59.01978986387007,0,0,0,0,0,0,0,0,0,40.98021013612992,0,0
5095,ARGISSOLOS,100,260.2642093679058,0,100,0,0,0,0,0,0,0,0,0,0,0,0
5096,ARGISSOLOS,98.8767474599821,195.58963171548953,0,98.8767474599821,0,0,0,1.123252540017886,0,0,0,0,0,0,0,0
5097,PLANOSSOLOS,54.14402605402606,295.0212195645188,0,0,0,0,28.968617229485883,0.5869662967616514,0,0,0,0,0,54.14402605402606,16.300390419726416,0
5098,PLANOSSOLOS,44.111267253875084,951.7984068684136,0,0,0,0,28.84389240142544,0.29458511485170846,0,0,0,0,0,44.111267253875084,26.750255229847763,0
5099,ARGISSOLOS,99.98982713180332,192.58876588132873,0,99.98982713180332,0,0,0,0,0,0,0,0,0,0.010172868196665852,0,0
5100,CAMBISSOLOS,95.668393550357,419.1370231882494,0,0,3.5518148502779168,0,0.08003085612787646,0.6997607432372159,0,0,0,0,0,0,95.668393550357,0
5101,ARGISSOLOS,100,82.14571274880676,0,100,0,0,0,0,0,0,0,0,0,0,0,0
5102,ARGISSOLOS,63.808406576174,230.3470482175864,0,63.808406576174,0,0.43526964129183154,0,0,0,0,0,0,0,35.756323782534174,0,0
5103,NEOSSOLOS,87.8113814846104,109.90236007388673,0,0.48948144927868875,0,0,11.699137066110918,87.8113814846104,0,0,0,0,0,0,0,0
5104,ARGISSOLOS,92.15633349270337,167.36220351772963,0,92.15633349270337,0,0,0,0,0,0,0,0,0,7.843666507296635,0,0
5105,NEOSSOLOS,67.75931417861885,503.67580163851085,0,15.834802583968733,0,16.40588323741242,0,67.75931417861885,0,0,0,0,0,0,0,0
5106,ARGISSOLOS,100,78.2597854889562,0,100,0,0,0,0,0,0,0,0,0,0,0,0
5107,ARGISSOLOS,99.99999999999999,99.9900194625785,0,99.99999999999999,0,0,0,0,0,0,0,0,0,0,0,0
5108,ARGISSOLOS,58.59092506356075,127.28267297217494,0,58.59092506356075,0,0,41.329949853803605,0.07912508263564608,0,0,0,0,0,0,0,0
5109,ARGISSOLOS,62.6024374412362,127.96730774656984,0,62.6024374412362,0,0,37.3975625587638,0,0,0,0,0,0,0,0,0
5110,PLANOSSOLOS,97.09059652936304,262.8991254310669,0,0,0,0,0,2.9094034706369665,0,0,0,0,0,97.09059652936304,0,0
5111,LUVISSOLOS,98.01832548632609,154.45359641782105,0,1.9816745136739093,0,0,98.01832548632609,0,0,0,0,0,0,0,0,0
5112,NEOSSOLOS,43.347948015014666,126.0240100744959,0,0,0,0,14.669009763410438,43.347948015014666,0,0,0,0,0,41.9830422215749,0,0
5113,LUVISSOLOS,47.10015990413141,623.808088020595,0,0,0,0,47.10015990413141,24.544956649555814,0,0,0,0,0,28.35488344631278,0,0
5114,LUVISSOLOS,78.75761887488346,188.16897155445292,0,0,0,0,78.75761887488346,21.24238112511654,0,0,0,0,0,0,0,0
5115,PLANOSSOLOS,91.25077375503648,300.89736886513356,0,8.749226244963522,0,0,0,0,0,0,0,0,0,91.25077375503648,0,0
5116,NEOSSOLOS,78.88273067009635,190.21756556631877,0,0,0,0,21.117269329903646,78.88273067009635,0,0,0,0,0,0,0,0
5117,LUVISSOLOS,100.00000000000001,404.8104245566757,0,0,0,0,100.00000000000001,0,0,0,0,0,0,0,0,0
5118,ARGISSOLOS,88.88199352168098,75.48213607241986,0,88.88199352168098,0,0,11.11800647831902,0,0,0,0,0,0,0,0,0
5119,ARGISSOLOS,51.92339609875367,249.12341032787688,0,51.92339609875367,16.525343211951647,19.247532870822315,0,12.30372781847237,0,0,0,0,0,0,0,0
5120,LUVISSOLOS,100,276.50332183952855,0,0,0,0,100,0,0,0,0,0,0,0,0,0
5121,LATOSSOLOS,68.53687325467725,290.8443994252525,0,31.46312674532276,0,68.53687325467725,0,0,0,0,0,0,0,0,0,0
5122,PLANOSSOLOS,73.49319580572738,341.3173743137139,0,0,0,0,0,26.506804194272632,0,0,0,0,0,73.49319580572738,0,0
5123,LUVISSOLOS,100,174.73678912858048,0,0,0,0,100,0,0,0,0,0,0,0,0,0
5124,ARGISSOLOS,100,242.9086821822047,0,100,0,0,0,0,0,0,0,0,0,0,0,0
5125,NEOSSOLOS,95.9475091382491,1083.9155941374286,0,4.052490861750889,0,0,0,95.9475091382491,0,0,0,0,0,0,0,0
5126,ARGISSOLOS,100,195.1081711504349,0,100,0,0,0,0,0,0,0,0,0,0,0,0
5127,NEOSSOLOS,69.59722534926267,468.91805667462637,27.550072111084198,0,0,0,2.852702539653147,69.59722534926267,0,0,0,0,0,0,0,0
5128,NEOSSOLOS,60.982026937809884,862.4338272116256,0,0.06876187051179118,0,0,38.94921119167832,60.982026937809884,0,0,0,0,0,0,0,0
5129,NEOSSOLOS,81.93462132415766,198.06946290094413,0,0,0,0,18.065378675842343,81.93462132415766,0,0,0,0,0,0,0,0
5130,ARGISSOLOS,74.18928806064837,167.84377753155644,0,74.18928806064837,0,25.81071193935163,0,0,0,0,0,0,0,0,0,0
5131,LATOSSOLOS,67.1571910178167,16.259796867205623,0,0,0,67.1571910178167,0,32.842808982183286,0,0,0,0,0,0,0,0
5132,NEOSSOLOS,62.95218413170159,96.38035834933808,0,0,0,0,0,62.95218413170159,0,0,0,0,0,37.04781586829841,0,0
5133,LUVISSOLOS,100,561.8529317223116,0,0,0,0,100,0,0,0,0,0,0,0,0,0
5134,PLANOSSOLOS,100,193.36842407382304,0,0,0,0,0,0,0,0,0,0,0,100,0,0
5135,LUVISSOLOS,99.94541949323252,157.9471734303087,0,0.054580506767474786,0,0,99.94541949323252,0,0,0,0,0,0,0,0,0
5136,ARGISSOLOS,59.40957784107891,213.43660892499108,0,59.40957784107891,0,0,0.5467794184938161,40.04364274042727,0,0,0,0,0,0,0,0
5137,LUVISSOLOS,99.13910476969178,124.03742512010895,0,0,0,0,99.13910476969178,0.8608952303082072,0,0,0,0,0,0,0,0
5138,LATOSSOLOS,43.02112661717003,352.9050487466988,0,32.1420374749679,0,43.02112661717003,0,0,0,0,0,0,0,24.83683590786206,0,0
5139,PLANOSSOLOS,52.749045748544255,356.3954885899069,0,9.998580308057889,0,0,20.181098091926312,17.07127585147153,0,0,0,0,0,52.749045748544255,0,0
5140,LUVISSOLOS,64.17382815823868,223.35001873816722,0,35.82617184176132,0,0,64.17382815823868,0,0,0,0,0,0,0,0,0
5141,LATOSSOLOS,67.16982010243395,74.50018829885894,0,13.051684497672925,19.77849539989314,67.16982010243395,0,0,0,0,0,0,0,0,0,0
5142,LUVISSOLOS,100,135.42369581552057,0,0,0,0,100,0,0,0,0,0,0,0,0,0
5143,ARGISSOLOS,97.74110174289822,213.97766567160525,0,97.74110174289822,0,0,0,2.2588982571017833,0,0,0,0,0,0,0,0
5144,CAMBISSOLOS,30.916684027859272,873.7992893908595,0,12.666564129533601,0,22.036490830092173,11.30005328570213,0,0,0,0,0,0,23.080207726812823,30.916684027859272,0
5145,ARGISSOLOS,96.84559147669016,84.13566103777943,0,96.84559147669016,0,1.5583771440440422,0,0,0,0,0,0,0,1.596031379265804,0,0
5146,NEOSSOLOS,87.58672353830012,37.996217351840215,0,11.75534615530219,0,0,0.6579303063976903,87.58672353830012,0,0,0,0,0,0,0,0
5147,GLEISSOLOS,66.17578645375383,46.60271323897362,0,33.824213546246185,66.17578645375383,0,0,0,0,0,0,0,0,0,0,0
6001,ARGISSOLOS,53.31840383939998,236.1096752420117,0,53.31840383939998,0,0,0,46.68159616060002,0,0,0,0,0,0,0,0
6002,LUVISSOLOS,49.70855373482341,344.69841830777017,1.3234585451039924,3.4751918869112934,0,0,49.70855373482341,45.4927958331613,0,0,0,0,0,0,0,0
6003,ARGISSOLOS,53.62165896968808,320.83793530630817,0,53.62165896968808,0,0,46.37834103031194,0,0,0,0,0,0,0,0,0
6004,ARGISSOLOS,100,160.3467079450366,0,100,0,0,0,0,0,0,0,0,0,0,0,0
6005,ARGISSOLOS,98.95487271742046,97.1083229533808,0,98.95487271742046,0,0,1.0451272825795515,0,0,0,0,0,0,0,0,0
6006,NEOSSOLOS,56.13317061633207,1263.3199983314566,0.48454550601199253,0,0,0,21.07842970632025,56.13317061633207,0,0,17.822200939576632,0,0,4.481653231759061,0,0
6007,NEOSSOLOS,82.36109910577204,398.9433144329462,0,7.663000615217253,0,0,2.1471895341775533,82.36109910577204,0,0,0,0,0,7.828710744833168,0,0
6008,ARGISSOLOS,73.7333297763361,182.4938205022294,0,73.7333297763361,0,0,0,0,0,0,0,0,0,0,0,26.26667022366389
6009,VERTISSOLOS,36.1884932474486,575.2572054703367,0,32.928812600388994,0,0,12.911094075769364,0,0,0,36.1884932474486,0,0,17.97160007639305,0,0
6010,LUVISSOLOS,59.11395467751706,960.1793174694559,0,0,0,0,59.11395467751706,40.88604532248294,0,0,0,0,0,0,0,0
6011,ARGISSOLOS,43.02389301213976,1339.7486181071652,0,43.02389301213976,0,0,28.663528952019284,0,0,0,28.312578035840957,0,0,0,0,0
6012,ARGISSOLOS,100,230.89346390182806,0,100,0,0,0,0,0,0,0,0,0,0,0,0
6013,ARGISSOLOS,82.78154814696327,98.92047515682765,0,82.78154814696327,0,0,0,17.21845185303673,0,0,0,0,0,0,0,0
6014,NEOSSOLOS,71.22154456903323,335.81858941800476,0,0,0,0,0,71.22154456903323,0,0,0,0,0,28.778455430966773,0,0
6015,ARGISSOLOS,87.64065916143119,269.8090289274407,0,87.64065916143119,0,0,0,12.359340838568817,0,0,0,0,0,0,0,0
6016,NEOSSOLOS,88.01508021117208,208.32599975849178,0,0,0,0,11.984919788827929,88.01508021117208,0,0,0,0,0,0,0,0
6017,NEOSSOLOS,100,33.17722046387471,0,0,0,0,0,100,0,0,0,0,0,0,0,0
6018,NEOSSOLOS,92.94448099546656,566.6914636596734,0,0.4495791076340168,0,0,6.605939896899416,92.94448099546656,0,0,0,0,0,0,0,0
6019,NEOSSOLOS,36.740447837935214,1363.036370319797,0,0,0,0,29.470606258757922,36.740447837935214,0,0,0,0,0,33.78894590330686,0,0
6020,ARGISSOLOS,100,37.17152212624194,0,100,0,0,0,0,0,0,0,0,0,0,0,0
6021,PLANOSSOLOS,61.28143293086298,258.42174219829343,0,33.26484877884239,0,0,0,5.45371829029464,0,0,0,0,0,61.28143293086298,0,0
6022,NEOSSOLOS,100,711.9353363490288,0,0,0,0,0,100,0,0,0,0,0,0,0,0
6023,NEOSSOLOS,45.06477712536074,960.5785016960948,0,0,0,4.156781608583744,29.49004043982451,45.06477712536074,0,0,0,0,0,21.288400826231005,0,0
6024,LUVISSOLOS,83.45346592648885,595.020652484683,0.9008346696105235,0,0,0,83.45346592648885,15.645699403900629,0,0,0,0,0,0,0,0
6025,GLEISSOLOS,57.99624572052523,23.704748840281553,0,42.00375427947477,57.99624572052523,0,0,0,0,0,0,0,0,0,0,0
6026,PLANOSSOLOS,78.80914699972602,99.84916485297383,0,21.190853000273975,0,0,0,0,0,0,0,0,0,78.80914699972602,0,0
6027,LUVISSOLOS,99.34836597777667,602.8073630855857,0,0,0,0,99.34836597777667,0.6516340222233333,0,0,0,0,0,0,0,0
6028,LUVISSOLOS,57.863607783249,270.44431380437015,0,4.181214790227877,0,0,57.863607783249,0,0,0,0,0,0,37.955177426523115,0,0
6029,NEOSSOLOS,96.33690765120808,171.00771447976817,0,0,0,0,3.6630923487919147,96.33690765120808,0,0,0,0,0,0,0,0
6030,PLANOSSOLOS,48.98065567911619,1069.8238405212433,0,8.080783333113917,0,0,9.9137109858837409,33.02485000188615,0,0,0,0,0,48.98065567911619,0,0
6031,LUVISSOLOS,93.17686295892747,47.56765748241351,0,0,0,0,93.17686295892747,0,0,0,0.8978086640380251,0,0,5.9253283770344805,0,0
6032,ARGISSOLOS,73.61301572406444,184.52443869657915,0,73.61301572406444,0,0,0,26.38698427593556,0,0,0,0,0,0,0,0
6033,ARGISSOLOS,99.95883458873429,228.65716049111703,0,99.95883458873429,0,0,0.04116541126571917,0,0,0,0,0,0,0,0,0
6034,LUVISSOLOS,80.26014748328484,192.28851749600676,16.363429395307886,3.376423121407273,0,0,80.26014748328484,0,0,0,0,0,0,0,0,0
6035,ARGISSOLOS,100,25.76573883595863,0,100,0,0,0,0,0,0,0,0,0,0,0,0
6036,LUVISSOLOS,100,651.6249604812082,0,0,0,0,100,0,0,0,0,0,0,0,0,0
6037,ARGISSOLOS,54.55242698615664,93.36629710427222,0,54.55242698615664,0,0,0,45.44757301384337,0,0,0,0,0,0,0,0
6038,ARGISSOLOS,54.74007127380477,150.3732167060089,0,54.74007127380477,6.604201590462887,0,0,0,0,0,0,0,0,0,0,38.655727135732334
6039,LUVISSOLOS,84.93804548568812,672.084533368325,10.333002802534912,0,0,0,84.93804548568812,0,0,0,3.2527206937349247,0,0,1.4762310180420448,0,0
6040,ARGISSOLOS,100,6.6657494886417386,0,100,0,0,0,0,0,0,0,0,0,0,0,0
6041,LUVISSOLOS,100,193.05135314185773,0,0,0,0,100,0,0,0,0,0,0,0,0,0
6042,LUVISSOLOS,85.8284247173973,220.62605604060275,0,0,0,0,85.8284247173973,14.171575282602708,0,0,0,0,0,0,0,0
6043,LATOSSOLOS,61.848069501950576,163.97541089348601,0,0,0,61.848069501950576,0,38.15193049804943,0,0,0,0,0,0,0,0
6044,LUVISSOLOS,56.43051436030238,306.0418347496462,0,0,0,0,56.43051436030238,43.569485639697625,0,0,0,0,0,0,0,0
6045,PLANOSSOLOS,92.5003413916651,166.35098397101774,0,7.499658608334904,0,0,0,0,0,0,0,0,0,92.5003413916651,0,0
6046,LUVISSOLOS,89.20396262317375,565.770858974034,0,0,0,0,89.20396262317375,0.7619205258260077,0,0,9.998517012686207,0,0,0.03559983831401593,0,0
6047,LUVISSOLOS,97.19824459513481,1541.785609852491,0,2.801755404865189,0,0,97.19824459513481,0,0,0,0,0,0,0,0,0
6048,LUVISSOLOS,75.70106206885895,55.66451224807956,0,24.298937931141047,0,0,75.70106206885895,0,0,0,0,0,0,0,0,0
6049,NEOSSOLOS,69.17720711830097,543.9798036714251,0,0,0,0,30.822792881699026,69.17720711830097,0,0,0,0,0,0,0,0
6050,ARGISSOLOS,100,612.3872070881637,0,100,0,0,0,0,0,0,0,0,0,0,0,0
6051,LUVISSOLOS,100,1150.6480756890492,0,0,0,0,100,0,0,0,0,0,0,0,0,0
6052,NEOSSOLOS,92.7161379646598,54.572316978763794,0,0,0,0,7.283862035340212,92.7161379646598,0,0,0,0,0,0,0,0
6053,NEOSSOLOS,84.6058696768813,432.66528170504637,0,12.811655205238088,0,2.5278309564915906,0,84.6058696768813,0,0,0,0,0,0.05464416138901968,0,0
6054,NEOSSOLOS,67.6198926410918,529.7284215681004,0,0,0,0,32.38010735890819,67.6198926410918,0,0,0,0,0,0,0,0
6055,ARGISSOLOS,45.89613542792416,552.0573190954451,0,45.89613542792416,0,0,25.716424176910788,28.387440395165047,0,0,0,0,0,0,0,0
6056,NEOSSOLOS,90.31804813450194,903.605728285014,0,9.681951865498075,0,0,0,90.31804813450194,0,0,0,0,0,0,0,0
6057,LUVISSOLOS,100,281.25434585992605,0,0,0,0,100,0,0,0,0,0,0,0,0,0
6058,ARGISSOLOS,100,127.18966201522421,0,100,0,0,0,0,0,0,0,0,0,0,0,0
6059,LUVISSOLOS,99.99999999999999,333.3044384343304,0,0,0,0,99.99999999999999,0,0,0,0,0,0,0,0,0
6060,LUVISSOLOS,75.43285929439728,379.29089649451385,24.567140705602718,0,0,0,75.43285929439728,0,0,0,0,0,0,0,0,0
6061,LUVISSOLOS,90.75366054590242,856.539751595061,0,0,0,0,90.75366054590242,9.24633945409758,0,0,0,0,0,0,0,0
6062,ARGISSOLOS,99.33882790360856,195.73273186626878,0,99.33882790360856,0,0,0.6611720963914275,0,0,0,0,0,0,0,0,0
6063,PLANOSSOLOS,64.0192638922163,136.79419873417842,0,0,0,0,17.41645597940298,18.56428012838071,0,0,0,0,0,64.0192638922163,0,0
6064,NEOSSOLOS,77.53732971371267,896.8872361408391,0,0,0,0,22.46267028628735,77.53732971371267,0,0,0,0,0,0,0,0
6065,ARGISSOLOS,100,39.333701687600644,0,100,0,0,0,0,0,0,0,0,0,0,0,0
6066,NEOSSOLOS,92.51819364540893,223.11501163295563,0,0,0,0,7.481806354591058,92.51819364540893,0,0,0,0,0,0,0,0
6067,LUVISSOLOS,100,61.31249432871129,0,0,0,0,100,0,0,0,0,0,0,0,0,0
6068,NEOSSOLOS,90.88732598438581,268.8992140129397,0,9.112674015614195,0,0,0,90.88732598438581,0,0,0,0,0,0,0,0
6069,PLANOSSOLOS,65.49187782110778,166.30858567578218,0,0,0,0,0,34.50812217889222,0,0,0,0,0,65.49187782110778,0,0
6070,PLANOSSOLOS,56.434501969112674,59.134719518074654,0,43.56549803088733,0,0,0,0,0,0,0,0,0,56.434501969112674,0,0
6071,LUVISSOLOS,76.63024777857024,240.51419648391325,0,0,0,0,76.63024777857024,23.369752221429767,0,0,0,0,0,0,0,0
6072,NEOSSOLOS,88.81259369117767,163.85010947963042,0,11.187406308822336,0,0,0,88.81259369117767,0,0,0,0,0,0,0,0
6073,NEOSSOLOS,100.00000000000001,188.92437653643088,0,0,0,0,0,100.00000000000001,0,0,0,0,0,0,0,0
6074,NEOSSOLOS,100,244.49076502407178,0,0,0,0,0,100,0,0,0,0,0,0,0,0
6075,ARGISSOLOS,100,165.6706601362968,0,100,0,0,0,0,0,0,0,0,0,0,0,0
6076,LUVISSOLOS,96.30187026597024,346.2513484225626,0,3.6981297340297603,0,0,96.30187026597024,0,0,0,0,0,0,0,0,0
6077,LUVISSOLOS,68.41447833715462,568.1995399364092,0,0,0,0,68.41447833715462,0,0,0,0,0,0,31.58552166284539,0,0
6078,NEOSSOLOS,98.59110900321276,244.68468956463695,0,1.408890996787236,0,0,0,98.59110900321276,0,0,0,0,0,0,0,0
6079,NEOSSOLOS,59.99451710905149,317.7374910054284,0,40.00548289094851,0,0,0,59.99451710905149,0,0,0,0,0,0,0,0
6080,LUVISSOLOS,71.30278431698412,326.375355411389,0,0,0,0,71.30278431698412,28.69721568301587,0,0,0,0,0,0,0,0
6081,LUVISSOLOS,92.39577521185517,218.684190930239,0,7.604224788144829,0,0,92.39577521185517,0,0,0,0,0,0,0,0,0
6082,NEOSSOLOS,65.74828308422023,468.4592170639449,0,12.24589524946941,0,0,22.005821666310354,65.74828308422023,0,0,0,0,0,0,0,0
6083,ARGISSOLOS,100,145.93579912002002,0,100,0,0,0,0,0,0,0,0,0,0,0,0
6084,LUVISSOLOS,67.33422210513983,244.25791705642038,0,0,0,0,67.33422210513983,32.665777894860156,0,0,0,0,0,0,0,0
6085,ARGISSOLOS,95.3424627577798,326.88294163680206,0,95.3424627577798,0,0,0,0,0,0,0,0,0,4.657537242220205,0,0
6086,ARGISSOLOS,90.64565327025903,262.64455902709057,0,90.64565327025903,0,0,9.35434672974097,0,0,0,0,0,0,0,0,0
6087,ARGISSOLOS,99.99442202015834,140.98166741410304,0,99.99442202015834,0.005577979841663291,0,0,0,0,0,0,0,0,0,0,0
6088,LUVISSOLOS,96.17856179972223,70.76260879163212,0,3.2766064917573905,0,0,96.17856179972223,0.5448317085203879,0,0,0,0,0,0,0,0
6089,NEOSSOLOS,100.00000000000001,170.31663802495163,0,0,0,0,0,100.00000000000001,0,0,0,0,0,0,0,0
6090,ARGISSOLOS,87.2288470475994,78.534537726505,0,87.2288470475994,0,0,12.7711529524006,0,0,0,0,0,0,0,0,0
6091,NEOSSOLOS,89.8170432942167,403.26726620159496,0,10.182956705783303,0,0,0,89.8170432942167,0,0,0,0,0,0,0,0
6092,ARGISSOLOS,77.9717007084606,177.63826133988817,0,77.9717007084606,0,0,22.028299291539405,0,0,0,0,0,0,0,0,0
6093,ARGISSOLOS,54.058095650056636,84.53201134463872,0,54.058095650056636,0,0,0,0,0,0,0,0,0,45.941904349943364,0,0
6094,ARGISSOLOS,99.9609341553354,107.57043860692198,0,99.9609341553354,0,0,0,0.03906584466461602,0,0,0,0,0,0,0,0
6095,LUVISSOLOS,98.17243552832751,102.97156185543675,0,1.827564471672495,0,0,98.17243552832751,0,0,0,0,0,0,0,0,0
6096,LUVISSOLOS,52.592621423308444,260.43276961850904,0,0,0,0,52.592621423308444,47.407378576691556,0,0,0,0,0,0,0,0
6097,ARGISSOLOS,100,29.058272778432375,0,100,0,0,0,0,0,0,0,0,0,0,0,0
6098,NEOSSOLOS,97.46363711491303,243.47003335134443,0,0,0,0,2.5363628850869637,97.46363711491303,0,0,0,0,0,0,0,0
6099,LUVISSOLOS,100,156.12612225273972,0,0,0,0,100,0,0,0,0,0,0,0,0,0
6100,NEOSSOLOS,53.67934829764997,352.7503304155656,0,18.790562365891518,0,0,0,53.67934829764997,0,0,0,0,0,0,27.53008933645851,0
6101,ARGISSOLOS,82.6389388135386,501.23012648695936,0,82.6389388135386,17.36106118646139,0,0,0,0,0,0,0,0,0,0,0
6102,ARGISSOLOS,98.48198494618813,154.83567348094496,0,98.48198494618813,0,0,1.5180150538118655,0,0,0,0,0,0,0,0,0
6103,ARGISSOLOS,58.17009501906084,206.1744877951393,0,58.17009501906084,0,0,0,41.82990498093916,0,0,0,0,0,0,0,0
6104,ARGISSOLOS,100,142.69440963685977,0,100,0,0,0,0,0,0,0,0,0,0,0,0
6105,NEOSSOLOS,86.67564264952911,244.77788017296137,0,0,0,0,13.324357350470898,86.67564264952911,0,0,0,0,0,0,0,0
6106,LUVISSOLOS,100,193.57028914671383,0,0,0,0,100,0,0,0,0,0,0,0,0,0
6107,NEOSSOLOS,96.73021677600059,31.362608882720927,0,3.26978322399941,0,0,0,96.73021677600059,0,0,0,0,0,0,0,0
6108,ARGISSOLOS,83.10880336304152,116.08974556251081,0,83.10880336304152,0,0,3.2225286060238374,13.668668030934649,0,0,0,0,0,0,0,0
6109,LUVISSOLOS,92.74542237239032,986.2037490702174,0,0,0,0,92.74542237239032,7.25457762760968,0,0,0,0,0,0,0,0
6110,ARGISSOLOS,51.66352695382777,195.39267760244047,0,51.66352695382777,0,0,48.33647304617224,0,0,0,0,0,0,0,0,0
6111,ARGISSOLOS,58.26435334244487,205.53339200824794,0,58.26435334244487,0,0,39.63676197471366,2.0988846828414713,0,0,0,0,0,0,0,0
6112,LUVISSOLOS,64.01748472873206,191.53309969079885,0,0,0,0,64.01748472873206,3.6638929909885105,0,0,32.31862228027944,0,0,0,0,0
6113,NEOSSOLOS,100.00000000000001,47.64079117670724,0,0,0,0,0,100.00000000000001,0,0,0,0,0,0,0,0
6114,LUVISSOLOS,69.96261584932945,83.980323073536,0,0,0,0,69.96261584932945,30.037384150670533,0,0,0,0,0,0,0,0
6115,NEOSSOLOS,100,310.6773123146155,0,0,0,0,0,100,0,0,0,0,0,0,0,0
6116,NEOSSOLOS,100,595.8210084594477,0,0,0,0,0,100,0,0,0,0,0,0,0,0
6117,PLANOSSOLOS,83.81072739441491,317.912753546062,0,0,0,0,16.189272605585078,0,0,0,0,0,0,83.81072739441491,0,0
6118,LUVISSOLOS,100,129.17798487764261,0,0,0,0,100,0,0,0,0,0,0,0,0,0
6119,LUVISSOLOS,61.49241804870006,545.9098217186831,0,0,0,0,61.49241804870006,38.507581951299926,0,0,0,0,0,0,0,0
6120,LUVISSOLOS,100,473.51369700713326,0,0,0,0,100,0,0,0,0,0,0,0,0,0
6121,LUVISSOLOS,85.81102394385738,577.5797513586292,0,14.188976056142609,0,0,85.81102394385738,0,0,0,0,0,0,0,0,0
6122,LUVISSOLOS,69.47882544823352,112.59759681070163,0,0,0,0,69.47882544823352,30.52117455176647,0,0,0,0,0,0,0,0
6123,NEOSSOLOS,98.67611718898232,351.6291725578273,0,0,0,0,1.323882811017672,98.67611718898232,0,0,0,0,0,0,0,0
6124,ARGISSOLOS,74.18652714435609,400.37792504801604,0,74.18652714435609,0,0,0,0,0,0,0,0,0,0,0,25.81347285564391
6125,LUVISSOLOS,60.37783542560691,565.2844650467664,17.022058253964932,0,0,0,60.37783542560691,22.600106320428146,0,0,0,0,0,0,0,0
6126,LUVISSOLOS,97.18630481379134,200.56950130733057,0,2.813695186208677,0,0,97.18630481379134,0,0,0,0,0,0,0,0,0
6127,ARGISSOLOS,100,64.34684655933626,0,100,0,0,0,0,0,0,0,0,0,0,0,0
6128,ARGISSOLOS,100,43.97461026022549,0,100,0,0,0,0,0,0,0,0,0,0,0,0
6129,ARGISSOLOS,100,79.91239899341815,0,100,0,0,0,0,0,0,0,0,0,0,0,0
6130,ARGISSOLOS,90.33859763029484,84.62522263288506,0,90.33859763029484,9.661402369705154,0,0,0,0,0,0,0,0,0,0,0
6131,PLANOSSOLOS,62.765535641620694,628.6109669641972,0,0,0,0,11.819003229151482,25.41546112922783,0,0,0,0,0,62.765535641620694,0,0
6132,ARGISSOLOS,52.09135429845558,466.0414484777587,0,52.09135429845558,0,0,42.32524269264508,0,0,0,0,0,0,5.583403008899345,0,0
6133,LUVISSOLOS,99.72963779714047,192.1648856928938,0,0,0,0,99.72963779714047,0.2703622028595438,0,0,0,0,0,0,0,0
6134,NEOSSOLOS,55.92306446406314,526.3356341358643,0,36.15505297937503,0,0,0.007817585089213396,55.92306446406314,0,0,0,0,0,0,7.914064971472617,0
6135,NEOSSOLOS,88.34539104798914,72.62367529334064,0,11.654608952010852,0,0,0,88.34539104798914,0,0,0,0,0,0,0,0
6136,NEOSSOLOS,52.913571848602736,401.75647965510433,0,0,0,0,0,52.913571848602736,0,0,36.31023960308251,0,0,10.776188548314762,0,0
6137,LUVISSOLOS,81.93341409011812,156.71303529070093,0,0,0,0,81.93341409011812,18.066585909881873,0,0,0,0,0,0,0,0
6138,ARGISSOLOS,83.29616688846284,417.2572463784278,0,83.29616688846284,0,0,16.70383311153716,0,0,0,0,0,0,0,0,0
6139,LUVISSOLOS,58.15780428340033,264.25818914652666,0,41.84219571659968,0,0,58.15780428340033,0,0,0,0,0,0,0,0,0
6140,NEOSSOLOS,87.51162644716203,184.01113135570807,0,0,0,0,0,87.51162644716203,0,0,0,0,0,12.488373552837967,0,0
6141,LUVISSOLOS,74.98455360953791,201.94689512368822,0,25.015446390462095,0,0,74.98455360953791,0,0,0,0,0,0,0,0,0
6142,NEOSSOLOS,96.43766072090786,409.7524302000262,0,3.4605257626603048,0,0,0,96.43766072090786,0,0,0,0,0,0.10181351643184301,0,0
6143,ARGISSOLOS,59.826502459507616,210.44490664664028,0,59.826502459507616,0,0,40.1734975404924,0,0,0,0,0,0,0,0,0
6144,PLANOSSOLOS,72.30254874444363,210.2641007651713,0,6.8708381774738525,0,0,9.298215081107914,0,0,0,11.528397996974597,0,0,72.30254874444363,0,0
6145,LUVISSOLOS,58.81654909860988,455.3771510564494,0,0,0,0,58.81654909860988,41.183450901390124,0,0,0,0,0,0,0,0
6146,NEOSSOLOS,100,402.1036343338503,0,0,0,0,0,100,0,0,0,0,0,0,0,0
6147,LUVISSOLOS,53.780155544536974,354.0460720744607,0,0,0,0,53.780155544536974,46.219844455463026,0,0,0,0,0,0,0,0
6148,ARGISSOLOS,90.30515474234856,672.6522442396118,0,90.30515474234856,9.536072818712327,0,0,0,0,0,0,0,0,0,0,0.15877243893909346
6149,LUVISSOLOS,69.23284229668495,357.871377473047,0,0,0,0,69.23284229668495,30.76715770331505,0,0,0,0,0,0,0,0
6150,LUVISSOLOS,100,248.2236368490384,0,0,0,0,100,0,0,0,0,0,0,0,0,0
6151,NEOSSOLOS,99.79195633873402,816.1375411973911,0,0,0,0,0.20804366126596718,99.79195633873402,0,0,0,0,0,0,0,0
6152,LUVISSOLOS,72.93772084990965,341.675710275194,0,0,0,0,72.93772084990965,0,0,0,27.062279150090355,0,0,0,0,0
6153,ARGISSOLOS,85.15056582517703,176.0304380928663,0,85.15056582517703,0,0,3.006943359468518,11.842490815354461,0,0,0,0,0,0,0,0
6154,LUVISSOLOS,100,724.8913928223955,0,0,0,0,100,0,0,0,0,0,0,0,0,0
6155,LUVISSOLOS,66.69070369978742,677.0374837097232,0,3.323284990524682,0,0,66.69070369978742,29.986011309687893,0,0,0,0,0,0,0,0
6156,LUVISSOLOS,98.7134281007146,134.59516349477514,0,0,0,0,98.7134281007146,1.2865718992854058,0,0,0,0,0,0,0,0
6157,LUVISSOLOS,59.96705735492693,206.9583589068012,0,0,0,0,59.96705735492693,40.03294264507308,0,0,0,0,0,0,0,0
6158,LUVISSOLOS,95.17460726662632,531.2508525927924,0,0,0,0,95.17460726662632,4.8253927333736595,0,0,0,0,0,0,0,0
6159,LUVISSOLOS,64.22298286139988,92.81123904307363,0,35.7770171386001,0,0,64.22298286139988,0,0,0,0,0,0,0,0,0
6160,ARGISSOLOS,96.59533180975808,49.88302184277648,0,96.59533180975808,0,0,0,3.4046681902419342,0,0,0,0,0,0,0,0
6161,LUVISSOLOS,76.43624830829275,570.0331693035204,0,0,0,0,76.43624830829275,23.56375169170726,0,0,0,0,0,0,0,0
6162,NEOSSOLOS,92.50651287729431,276.32933121695197,0,0,0,0,0,92.50651287729431,0,0,0,0,0,7.493487122705702,0,0
6163,PLANOSSOLOS,100.00000000000001,29.16496357013725,0,0,0,0,0,0,0,0,0,0,0,100.00000000000001,0,0
6164,ARGISSOLOS,96.66320221821071,83.80112406263278,0,96.66320221821071,0,0,3.336797781789267,0,0,0,0,0,0,0,0,0
6165,NEOSSOLOS,61.61620246264984,55.63147728190939,0,37.901687070066906,0,0,0.4821104672832506,61.61620246264984,0,0,0,0,0,0,0,0
6166,ARGISSOLOS,100,65.367341473016765,0,100,0,0,0,0,0,0,0,0,0,0,0,0
6167,PLANOSSOLOS,88.77375516212469,559.9286081070225,0,0,0,0,2.5842941637431807,8.641950674132138,0,0,0,0,0,88.77375516212469,0,0
6168,PLANOSSOLOS,100,246.30612742467142,0,0,0,0,0,0,0,0,0,0,0,100,0,0
6169,NEOSSOLOS,57.75784126936386,237.44872163561058,0,42.24215873063615,0,0,0,57.75784126936386,0,0,0,0,0,0,0,0
6170,LUVISSOLOS,99.99999999999999,189.90506101364664,0,0,0,0,99.99999999999999,0,0,0,0,0,0,0,0,0
7001,ARGISSOLOS,98.97339547697496,201.200814489478,0,98.97339547697496,0,1.0266045230250407,0,0,0,0,0,0,0,0,0,0
7002,LUVISSOLOS,74.00395373117856,377.9981522908558,0,0,0,0,74.00395373117856,18.536154940743998,0,0,0,0,0,7.459891328077452,0,0
7003,ARGISSOLOS,90.59370919832847,1490.770313613476,0,90.59370919832847,0,3.569296516446504,4.847655854081948,0.9893384311430865,0,0,0,0,0,0,0,0
7004,ARGISSOLOS,44.422245084254214,201.4545933353104,0,44.422245084254214,0,0,0,25.48530965115207,0,0,0,0,0,30.092445264593714,0,0
7005,LATOSSOLOS,81.08799342862828,643.9566745383354,0,18.912006571371705,0,81.08799342862828,0,0,0,0,0,0,0,0,0,0
7006,PLANOSSOLOS,69.72277953060471,885.7383547300681,0,0,0,0,0,30.277220469395292,0,0,0,0,0,69.72277953060471,0,0
7007,NEOSSOLOS,85.39648231629465,217.80953404071312,0,0,0,0,0,85.39648231629465,0,0,0,0,0,14.603517683705359,0,0
7008,ARGISSOLOS,100,272.5850981224395,0,100,0,0,0,0,0,0,0,0,0,0,0,0
7009,NEOSSOLOS,65.07771262442229,454.13092741987026,0,33.26585005614767,0,0,0,65.07771262442229,0,0,0,0,0,1.656437319430048,0,0
7010,ARGISSOLOS,100,234.84805341841005,0,100,0,0,0,0,0,0,0,0,0,0,0,0
7011,ARGISSOLOS,83.16855012762856,118.1092459569269,0,83.16855012762856,0,0,0,16.83144987237144,0,0,0,0,0,0,0,0
7012,ARGISSOLOS,94.39996632500446,397.39572090750505,0,94.39996632500446,0,5.600033674995552,0,0,0,0,0,0,0,0,0,0
7013,LATOSSOLOS,54.66005939839733,1893.1441556457996,0,44.70295238319003,0,54.66005939839733,0,0.6369882184126421,0,0,0,0,0,0,0,0
7014,NEOSSOLOS,89.63361408221225,350.30749628770246,0,0,0,0,0,89.63361408221225,0,0,0,0,0,10.366385917787744,0,0
7015,ARGISSOLOS,98.3037350610865,114.82241457888577,0,98.3037350610865,0,0,0,0,0,0,0,0,0,1.6962649389135063,0,0
7016,LATOSSOLOS,70.61240473709184,203.45179763455357,0,29.38759526290816,0,70.61240473709184,0,0,0,0,0,0,0,0,0,0
7017,ARGISSOLOS,80.25954915847525,73.66682022154868,0,80.25954915847525,0,1.0044391772107957,0,18.736011664313946,0,0,0,0,0,0,0,0
7018,LUVISSOLOS,68.22714700548171,1831.1709964678273,12.95213285904986,0,0,0,68.22714700548171,14.675878062981852,0,0,0,0,0,4.144842072486583,0,0
7019,NEOSSOLOS,94.76235679485066,647.9162880472594,0,0,0,0,0,94.76235679485066,0,0,0,0,0,5.2376432051493484,0,0
7020,PLANOSSOLOS,63.09482978220653,1243.6596449019494,0,0,0,0,36.90517021779346,0,0,0,0,0,0,63.09482978220653,0,0
7021,PLANOSSOLOS,100,490.8182163052671,0,0,0,0,0,0,0,0,0,0,0,100,0,0
7022,LATOSSOLOS,62.33815655899617,1618.2959613660487,0,0,0,62.33815655899617,31.190617790974628,6.471225650029212,0,0,0,0,0,0,0,0
7023,PLANOSSOLOS,98.10193366403965,792.203157577284,0,1.8980663359603471,0,0,0,0,0,0,0,0,0,98.10193366403965,0,0
7024,ARGISSOLOS,53.75288587973204,223.20545811347964,0,53.75288587973204,0,0,0,0,0,0,0,0,0,46.24711412026796,0,0
7025,ARGISSOLOS,88.9990308555075,395.2545811110952,0,88.9990308555075,0,2.0255767288999085,0,8.767531791317356,0,0,0,0,0,0.20786062427525565,0,0
7026,ARGISSOLOS,99.5335452655643,159.85132065819437,0,99.5335452655643,0,0,0,0,0,0,0,0,0,0.4664547344356921,0,0
7027,NEOSSOLOS,100,106.05629216322319,0,0,0,0,0,100,0,0,0,0,0,0,0,0
7028,NEOSSOLOS,52.39093016092102,762.2388648882533,0,0,0,0,0.31259920954408876,52.39093016092102,0,0,0,0,0,47.29647062953488,0,0
7029,ARGISSOLOS,100,93.50808065288241,0,100,0,0,0,0,0,0,0,0,0,0,0,0
7030,PLANOSSOLOS,87.03994193758535,1330.3873352295802,0,0,0,0,0,12.960058062414642,0,0,0,0,0,87.03994193758535,0,0
7031,ARGISSOLOS,64.792779317765,383.91635172508626,0,64.792779317765,0,35.207220682235004,0,0,0,0,0,0,0,0,0,0
7032,LUVISSOLOS,45.49627716330994,1657.6575703954852,8.13033447317364,0,0,0,45.49627716330994,45.30403796595084,0,0,0,0,0,1.0693503975655783,0,0
7033,NEOSSOLOS,100,179.41096759083274,0,0,0,0,0,100,0,0,0,0,0,0,0,0
7034,NEOSSOLOS,83.15484286313128,330.08786636418006,0,1.0817755150781636,0,0,0,83.15484286313128,0,0,0,0,0,15.763381621790558,0,0
7035,NEOSSOLOS,100,122.00746797566178,0,0,0,0,0,100,0,0,0,0,0,0,0,0
7036,LUVISSOLOS,77.5589232856569,179.50752523268488,0,0,0,0,77.5589232856569,0,0,0,0,0,0,22.441076714343087,0,0
7037,ARGISSOLOS,100,313.23105521274186,0,100,0,0,0,0,0,0,0,0,0,0,0,0
7038,PLANOSSOLOS,97.1209476767378,72.69905921639503,0,2.879052323262196,0,0,0,0,0,0,0,0,0,97.1209476767378,0,0
7039,ARGISSOLOS,71.63207265532711,37.4853312157395,0,71.63207265532711,0,0,28.367927344672893,0,0,0,0,0,0,0,0,0
7040,ARGISSOLOS,85.67936954532256,423.41280515098094,0,85.67936954532256,0,0,0,14.320630454677442,0,0,0,0,0,0,0,0
7041,NEOSSOLOS,100,336.6138130825908,0,0,0,0,0,100,0,0,0,0,0,0,0,0
7042,NEOSSOLOS,47.133499871606894,637.8555473360976,0,3.635848205560419,0,0,33.39973691818241,47.133499871606894,0,0,0,0,0,15.830915004650272,0,0
7043,LUVISSOLOS,77.03976986631102,4649.525306796491,4.18271244249346,0,0,0,77.03976986631102,17.72187197527638,0,0,0,0,0,1.0556457159191477,0,0
7044,LATOSSOLOS,54.96957941823226,214.45940003275356,0,45.02945654384477,0,54.96957941823226,0,0,0,0,0,0,0,9.640379229678204e-4,0,0
7045,PLANOSSOLOS,90.09553269274191,919.9916675457156,0,0,0,0,0,9.904467307258095,0,0,0,0,0,90.09553269274191,0,0
7046,PLANOSSOLOS,77.10009141716996,442.6666187656841,0,0,0,0,0,22.899908582830033,0,0,0,0,0,77.10009141716996,0,0
7047,ARGISSOLOS,62.9677872356493,207.56795220293486,0,62.9677872356493,0,37.032212764350696,0,0,0,0,0,0,0,0,0,0
7048,NEOSSOLOS,100,148.77720026785732,0,0,0,0,0,100,0,0,0,0,0,0,0,0
7049,ARGISSOLOS,97.30150324348948,48.49542609527294,0,97.30150324348948,0,2.6984967565105245,0,0,0,0,0,0,0,0,0,0
7050,ARGISSOLOS,100,84.9371268557083,0,100,0,0,0,0,0,0,0,0,0,0,0,0
7051,ARGISSOLOS,99.99999999999999,89.9869605354063,0,99.99999999999999,0,0,0,0,0,0,0,0,0,0,0,0
7052,ARGISSOLOS,100.00000000000001,328.3800572672131,0,100.00000000000001,0,0,0,0,0,0,0,0,0,0,0,0
7053,ARGISSOLOS,100,101.55680653070381,0,100,0,0,0,0,0,0,0,0,0,0,0,0
7054,PLANOSSOLOS,100,292.2401926283381,0,0,0,0,0,0,0,0,0,0,0,100,0,0
7055,NEOSSOLOS,80.9698236682913,105.68124678607965,0,19.030176331708706,0,0,0,80.9698236682913,0,0,0,0,0,0,0,0
7056,LUVISSOLOS,85.64570674329914,1404.1736899306973,0.010162892052374662,0,0,0,85.64570674329914,0,0,0,0,0,0,14.344130364648471,0,0
7057,LATOSSOLOS,45.12891445963272,6099.554502473122,3.445547913094587,38.31416459931455,0,45.12891445963272,8.940903560846024,0,0,0,1.0699000541904444,0,0,3.100569412921666,0,0
7058,ARGISSOLOS,77.12025012085158,347.3779614560013,0,77.12025012085158,0,22.879749879148417,0,0,0,0,0,0,0,0,0,0
7059,NEOSSOLOS,63.994714579804885,1337.597353497022,0,0,0,34.25373394664491,1.7515514735502038,63.994714579804885,0,0,0,0,0,0,0,0
7060,LATOSSOLOS,54.85247930086267,107.65755143655312,0,27.140121966459485,0,54.85247930086267,0,0,0,0,0,0,0,18.007398732677842,0,0
7062,ARGISSOLOS,50.88349849394357,89.5063165109917,0,50.88349849394357,0,0,49.11650150605644,0,0,0,0,0,0,0,0,0
7063,LUVISSOLOS,72.50948878916286,995.6158960149447,0,5.911330309123081,0,0,72.50948878916286,0.02658958303967811,0,0,0,0,0,21.25487747257964,0.29771384609473917,0
7064,PLANOSSOLOS,100,212.7660940929479,0,0,0,0,0,0,0,0,0,0,0,100,0,0
7065,LATOSSOLOS,100,255.84128471909233,0,0,0,100,0,0,0,0,0,0,0,0,0,0
7066,ARGISSOLOS,74.66925455134816,458.00386680292223,0,74.66925455134816,0,0,0,25.33074544865185,0,0,0,0,0,0,0,0
7067,ARGISSOLOS,87.16071137518954,231.9544924768303,0,87.16071137518954,0,12.839288624810456,0,0,0,0,0,0,0,0,0,0
7068,ARGISSOLOS,73.49994443820339,420.8866935051879,0,73.49994443820339,20.12636735979792,0,0,0,0,0,0,0,0,0,0,6.37368820199869
7069,NEOSSOLOS,82.05291760340818,521.8338407952281,0,0,0,0,17.947082396591814,82.05291760340818,0,0,0,0,0,0,0,0
7070,ARGISSOLOS,58.36416270712536,506.73107028395066,0,58.36416270712536,0,0,0,0,0,0,0,0,0,41.63583729287465,0,0
7071,PLANOSSOLOS,100,635.2743611157946,0,0,0,0,0,0,0,0,0,0,0,100,0,0
7072,NEOSSOLOS,70.9594492103637,1906.8014195735554,4.037435376310808,0,0,0,18.121467430479445,70.9594492103637,0,0,0,0,0,6.88164798284604,0,0
7073,NEOSSOLOS,99.99999999999999,189.77378391351542,0,0,0,0,0,99.99999999999999,0,0,0,0,0,0,0,0
7074,LUVISSOLOS,99.34193604616824,838.4728237961336,0,0,0,0,99.34193604616824,0.19306255372676084,0,0,0,0,0,0.46500140010499924,0,0
7075,NEOSSOLOS,74.81351036274157,1562.9322743991506,0,0,0,0,0.45321199529886447,74.81351036274157,0,0,0,0,0,24.733277641959564,0,0
7076,LUVISSOLOS,100,243.3051746654605,0,0,0,0,100,0,0,0,0,0,0,0,0,0
7077,LATOSSOLOS,99.99983576057016,441.59641518849895,0,1.642394298286424e-4,0,99.99983576057016,0,0,0,0,0,0,0,0,0,0
7078,LATOSSOLOS,100,860.997419586303,0,0,0,100,0,0,0,0,0,0,0,0,0,0
7079,LUVISSOLOS,57.68313702005637,429.6129855618777,41.7748058499113,0,0,0,57.68313702005637,0,0,0,0,0,0,0.5420571300323389,0,0
7080,PLANOSSOLOS,71.0351398257972,1084.4562047462025,0,0,0,0,0,28.96486017420279,0,0,0,0,0,71.0351398257972,0,0
7081,ARGISSOLOS,100,20.84408319458279,0,100,0,0,0,0,0,0,0,0,0,0,0,0
7082,ARGISSOLOS,85.75679395638423,304.79573946328514,0,85.75679395638423,0,0,5.742359851530863,0,0,0,0,0,0,0,0,8.50084619208491
7083,NEOSSOLOS,66.01584400848967,404.90017615842413,0,0,0,0,33.98415599151034,66.01584400848967,0,0,0,0,0,0,0,0
7084,ARGISSOLOS,99.95476426307737,103.42367021231009,0,99.95476426307737,0,0.04523573692264111,0,0,0,0,0,0,0,0,0,0
7085,ARGISSOLOS,99.99999999999999,216.52543677637414,0,99.99999999999999,0,0,0,0,0,0,0,0,0,0,0,0
7086,ARGISSOLOS,97.73358847054303,286.96239082495566,0,97.73358847054303,0,2.266411529456977,0,0,0,0,0,0,0,0,0,0
7087,NEOSSOLOS,91.85810948680604,671.8268716995037,0,0,0,0,8.141890513193955,91.85810948680604,0,0,0,0,0,0,0,0
7088,NEOSSOLOS,73.63171495452347,1334.3856809409506,11.732627408577992,0,0,0,0,73.63171495452347,0,0,0,0,0,14.63565763689854,0,0
7089,PLANOSSOLOS,75.93841963084668,135.1389464280614,0,24.061580369153315,0,0,0,0,0,0,0,0,0,75.93841963084668,0,0
7090,ARGISSOLOS,59.75658778787878,121.80383905878082,0,59.75658778787878,0,40.24341221212122,0,0,0,0,0,0,0,0,0,0
7091,NEOSSOLOS,100,225.5962518184089,0,0,0,0,0,100,0,0,0,0,0,0,0,0
7092,NEOSSOLOS,64.10725018477358,148.58745599626513,0,35.89274981522642,0,0,0,64.10725018477358,0,0,0,0,0,0,0,0
7093,LATOSSOLOS,100,57.43771271220463,0,0,0,100,0,0,0,0,0,0,0,0,0,0
7094,ARGISSOLOS,86.15090645723522,198.13798972003372,0,86.15090645723522,0,0,0,0,0,0,0,0,0,13.849093542764766,0,0
7095,ARGISSOLOS,97.6338014057445,223.20537832571196,0,97.6338014057445,0,0,0,2.3661985942554775,0,0,0,0,0,0,0,0
7096,LATOSSOLOS,56.714805326824504,4850.797044309344,7.155916835072232,3.0306517086676186,0,56.714805326824504,30.49957748349147,0.17990523651082205,0,0,0,0,0,2.419143409433363,0,0
7097,NEOSSOLOS,100,188.79107030966014,0,0,0,0,0,100,0,0,0,0,0,0,0,0
7098,PLANOSSOLOS,57.447171972466585,273.60099421524853,0,40.734213302579924,0,1.8186147249534879,0,0,0,0,0,0,0,57.447171972466585,0,0
7099,ARGISSOLOS,98.68378886222771,108.11147818260409,0,98.68378886222771,0,0,1.3162111377722856,0,0,0,0,0,0,0,0,0
7100,ARGISSOLOS,99.99999999999999,60.1893351959726,0,99.99999999999999,0,0,0,0,0,0,0,0,0,0,0,0
7101,LUVISSOLOS,93.41116426981175,821.9613311415852,0,0,0,0,93.41116426981175,6.588835730188238,0,0,0,0,0,0,0,0
7102,ARGISSOLOS,99.99999999999999,196.63558001906853,0,99.99999999999999,0,0,0,0,0,0,0,0,0,0,0,0
7103,ARGISSOLOS,91.7624840821922,150.06861555629624,0,91.7624840821922,0,8.237515917807796,0,0,0,0,0,0,0,0,0,0
7104,ARGISSOLOS,100,25.476765916942565,0,100,0,0,0,0,0,0,0,0,0,0,0,0
7105,ARGISSOLOS,78.36500630822488,138.62420861616457,0,78.36500630822488,0,0,0,5.455490742013184,0,0,0,0,0,16.17950294976194,0,0
7106,LUVISSOLOS,45.88808528009682,554.7719847228976,19.68566772560104,0,0,0,45.88808528009682,27.142330273946424,0,0,0,0,0,7.2839167203557285,0,0
7107,LUVISSOLOS,37.01680353682366,4684.787367084124,0,33.11980230791525,0,29.863394155261094,37.01680353682366,0,0,0,0,0,0,0,0,0
7108,LATOSSOLOS,63.442320638733285,339.34937648720296,0,36.557679361266715,0,63.442320638733285,0,0,0,0,0,0,0,0,0,0
7109,ARGISSOLOS,100,157.94647804937733,0,100,0,0,0,0,0,0,0,0,0,0,0,0
7110,NEOSSOLOS,93.46970530311901,370.3705548504215,0,6.530294696880992,0,0,0,93.46970530311901,0,0,0,0,0,0,0,0
7111,NEOSSOLOS,53.49046562097574,230.97903192783846,0,13.494674635446188,0,0,0,53.49046562097574,0,0,0,0,0,33.014859743578064,0,0
7112,LUVISSOLOS,54.83141807644884,2595.9914008511323,0,0,0,3.222875237935453,54.83141807644884,41.945706685615704,0,0,0,0,0,0,0,0
7113,PLANOSSOLOS,77.8908227699096,326.8231564508803,0,21.952747558411183,0,0.15642967167921903,0,0,0,0,0,0,0,77.8908227699096,0,0
7114,LATOSSOLOS,55.897138808642694,277.5482304450875,0,44.102861191357306,0,55.897138808642694,0,0,0,0,0,0,0,0,0,0
7115,PLANOSSOLOS,85.57749782634205,803.56996936075,0,0,0,0,0,14.422502173657948,0,0,0,0,0,85.57749782634205,0,0
7116,NEOSSOLOS,100,995.0501543465896,0,0,0,0,0,100,0,0,0,0,0,0,0,0
7117,NEOSSOLOS,100,247.29434030353448,0,0,0,0,0,100,0,0,0,0,0,0,0,0
7118,ARGISSOLOS,100,203.28063082378884,0,100,0,0,0,0,0,0,0,0,0,0,0,0
7119,ARGISSOLOS,100,109.94729740768562,0,100,0,0,0,0,0,0,0,0,0,0,0,0
7120,ARGISSOLOS,100,230.69915642237044,0,100,0,0,0,0,0,0,0,0,0,0,0,0
7121,ARGISSOLOS,100,181.33899157774226,0,100,0,0,0,0,0,0,0,0,0,0,0,0
7122,PLANOSSOLOS,100,313.9804220736304,0,0,0,0,0,0,0,0,0,0,0,100,0,0
7123,LATOSSOLOS,60.90454312353629,288.0005127316658,0,39.09545687646371,0,60.90454312353629,0,0,0,0,0,0,0,0,0,0
7124,LATOSSOLOS,98.15690568377279,347.7520860796467,0,1.8430943162271969,0,98.15690568377279,0,0,0,0,0,0,0,0,0,0
7125,PLANOSSOLOS,96.65059523148486,189.3108668103514,0,3.3494047685151394,0,0,0,0,0,0,0,0,0,96.65059523148486,0,0
7126,PLANOSSOLOS,100,87.25481833292898,0,0,0,0,0,0,0,0,0,0,0,100,0,0
7127,NEOSSOLOS,63.75724949765501,1687.1887203793717,0,0,0,0,36.24275050234498,63.75724949765501,0,0,0,0,0,0,0,0
7128,PLANOSSOLOS,68.01991248803449,252.0301172003833,0,31.97780887026604,0,0,0,0.0022786416994664996,0,0,0,0,0,68.01991248803449,0,0
7129,NEOSSOLOS,100,268.64817203560574,0,0,0,0,0,100,0,0,0,0,0,0,0,0
7130,CAMBISSOLOS,55.39755331090719,306.3249667313341,0,3.216177472883498,0,0,41.38626921620931,0,0,0,0,0,0,0,55.39755331090719,0
7131,LUVISSOLOS,63.7389522770645,335.3118140906365,0,0,0,0,63.7389522770645,17.599026757138574,0,0,0,0,0,18.662020965796938,0,0
7132,PLANOSSOLOS,63.42193387836503,92.26086081326824,0,0,0,0,0,36.57806612163496,0,0,0,0,0,63.42193387836503,0,0
7133,NEOSSOLOS,93.9027167922889,196.08182672179086,0,1.9238749943202986,0,0,4.173408213390822,93.9027167922889,0,0,0,0,0,0,0,0
7134,ARGISSOLOS,100,160.42808323668902,0,100,0,0,0,0,0,0,0,0,0,0,0,0
7135,NEOSSOLOS,100,718.870071635187,0,0,0,0,0,100,0,0,0,0,0,0,0,0
7136,NEOSSOLOS,72.27017395757599,382.84286149407956,0,0,0,0,0,72.27017395757599,0,0,0,0,0,27.72982604242402,0,0
7137,NEOSSOLOS,61.70306138907853,258.4503187926964,0,38.29693861092149,0,0,0,61.70306138907853,0,0,0,0,0,0,0,0
7138,ARGISSOLOS,50.9031944381215,231.42283545299586,0,50.9031944381215,0,0,0,23.193570789803704,0,0,0,0,0,25.9032347720748,0,0
7139,LATOSSOLOS,100,43.53196012958714,0,0,0,100,0,0,0,0,0,0,0,0,0,0
7140,NEOSSOLOS,67.57169597974428,1473.8556545577994,0,0.6482429780938057,0,0,31.78006104216191,67.57169597974428,0,0,0,0,0,0,0,0
7141,LUVISSOLOS,88.37405761950373,798.7607880219233,0,0,0,0,88.37405761950373,11.625942380496262,0,0,0,0,0,0,0,0
7142,ARGISSOLOS,100,113.75436101720922,0,100,0,0,0,0,0,0,0,0,0,0,0,0
7143,LUVISSOLOS,64.10576960035382,2979.8644470374043,0,8.506796522847951,0,0,64.10576960035382,10.845431370655149,0,0,0,0,0,13.559684201118763,2.9823183050243194,0
7144,NEOSSOLOS,82.59522097168488,1537.0079169397811,0,0.02334970112738634,0,1.1857271745690128,16.19570215261873,82.59522097168488,0,0,0,0,0,0,0,0
7145,LUVISSOLOS,47.22225635958263,2421.3595535905943,0,0,0,0,47.22225635958263,32.279853362287234,0,0,0,0,0,20.497890278130125,0,0
7146,LATOSSOLOS,100,302.7872063090856,0,0,0,100,0,0,0,0,0,0,0,0,0,0
7147,NEOSSOLOS,75.33836564103858,405.087507773722,0,0,0,24.661634358961418,0,75.33836564103858,0,0,0,0,0,0,0,0
7148,NEOSSOLOS,99.81059460398632,138.4327885946767,0,0.06631225371352821,0,0,0.12309314230016087,99.81059460398632,0,0,0,0,0,0,0,0
7149,NEOSSOLOS,49.50070737308548,387.68005822908503,0,11.751204368078204,0,0,38.74808825883632,49.50070737308548,0,0,0,0,0,0,0,0
7150,NEOSSOLOS,92.10102798435085,227.91201731287353,0,0,0,0,0,92.10102798435085,0,0,0,0,0,7.898972015649161,0,0
7151,NEOSSOLOS,60.88929095950002,1264.0086548245176,0,0,0,0,0,60.88929095950002,0,0,0,0,0,39.11070904049997,0,0
7152,PLANOSSOLOS,71.67594426829397,475.2740676121589,0,0,0,0,9.66886637229424,18.655189359411786,0,0,0,0,0,71.67594426829397,0,0
7153,PLANOSSOLOS,58.406481689041996,151.42680680704586,0,41.593518310958004,0,0,0,0,0,0,0,0,0,58.406481689041996,0,0
7154,LUVISSOLOS,99.20221862411944,320.3160818149031,0,0,0,0,99.20221862411944,0.7977813758805489,0,0,0,0,0,0,0,0
7155,ARGISSOLOS,66.44105645255914,291.48618995288064,0,66.44105645255914,0,0,33.55894354744087,0,0,0,0,0,0,0,0,0
7156,PLANOSSOLOS,99.99999999999999,25.74003636806514,0,0,0,0,0,0,0,0,0,0,0,99.99999999999999,0,0
7157,LATOSSOLOS,91.46768042284847,118.74178540302533,0,8.532319577151528,0,91.46768042284847,0,0,0,0,0,0,0,0,0,0
7158,LATOSSOLOS,100,229.5851429309658,0,0,0,100,0,0,0,0,0,0,0,0,0,0
7159,PLANOSSOLOS,61.28053710072955,950.6779175959731,0,0,0,0,0,38.719462899270454,0,0,0,0,0,61.28053710072955,0,0
7160,LUVISSOLOS,100,178.46044788143968,0,0,0,0,100,0,0,0,0,0,0,0,0,0
7161,PLANOSSOLOS,80.27852190261224,320.69646258681814,0,0,0,0,0,19.721478097387756,0,0,0,0,0,80.27852190261224,0,0
7162,NEOSSOLOS,98.22777549158587,475.8527056768364,0,0,0,0,1.7722245084141186,98.22777549158587,0,0,0,0,0,0,0,0
7163,PLANOSSOLOS,94.83547859513622,196.13545981495812,0,0,0,0,0,5.164521404863779,0,0,0,0,0,94.83547859513622,0,0
7164,ARGISSOLOS,100,227.5269009932096,0,100,0,0,0,0,0,0,0,0,0,0,0,0
7165,ARGISSOLOS,99.99999999999999,372.491811776755,0,99.99999999999999,0,0,0,0,0,0,0,0,0,0,0,0
8001,PLANOSSOLOS,59.350326789900755,712.7556857691459,0,0,0,0,0,40.64967321009923,0,0,0,0,0,59.350326789900755,0,0
8002,LATOSSOLOS,57.80261855792097,189.7456657197948,0,42.19738144207901,0,57.80261855792097,0,0,0,0,0,0,0,0,0,0
8003,LATOSSOLOS,76.2242223375873,627.8995353773839,0,0,0,76.2242223375873,0,0,0,0,0,0,0,23.7757776624127,0,0
8004,LATOSSOLOS,65.17890573340726,528.9437731475581,0,34.82109426659273,0,65.17890573340726,0,0,0,0,0,0,0,0,0,0
8005,LATOSSOLOS,100,223.28351131008043,0,0,0,100,0,0,0,0,0,0,0,0,0,0
8006,ARGISSOLOS,100,68.48392976592405,0,100,0,0,0,0,0,0,0,0,0,0,0,0
8007,NEOSSOLOS,81.50377225765075,321.3044780532827,0,0,0,0,0,81.50377225765075,0,0,0,0,0,18.496227742349255,0,0
8008,LATOSSOLOS,79.10581604994616,48.89670171830406,0,12.544722070151005,0,79.10581604994616,0,0,0,0,0,0,0,8.349461879902833,0,0
8009,NEOSSOLOS,95.28754007683325,333.86745049119713,4.712459923166737,0,0,0,0,95.28754007683325,0,0,0,0,0,0,0,0
8010,LATOSSOLOS,56.11988167802995,186.44257181363332,0,43.88011832197006,0,56.11988167802995,0,0,0,0,0,0,0,0,0,0
8011,ARGISSOLOS,99.99999999999999,166.42637655480402,0,99.99999999999999,0,0,0,0,0,0,0,0,0,0,0,0
8012,PLANOSSOLOS,94.70760840300157,272.9225898142043,0,0,0,0,0,5.292391596998414,0,0,0,0,0,94.70760840300157,0,0
8013,ARGISSOLOS,100,124.40189721824967,0,100,0,0,0,0,0,0,0,0,0,0,0,0
8014,ARGISSOLOS,79.92747878507087,158.76165869322816,0,79.92747878507087,0,20.072521214929132,0,0,0,0,0,0,0,0,0,0
8015,ARGISSOLOS,99.99952244075367,294.8847896959102,0,99.99952244075367,0,4.77559246346579e-4,0,0,0,0,0,0,0,0,0,0
8016,ARGISSOLOS,80.80677249657207,167.20215786350792,0,80.80677249657207,0,0,0,19.193227503427934,0,0,0,0,0,0,0,0
8017,PLANOSSOLOS,54.9307046382903,574.8091254865785,0,0,0,0,0,45.0692953617097,0,0,0,0,0,54.9307046382903,0,0
8018,ARGISSOLOS,84.97670183745878,242.52964245351464,0,84.97670183745878,0,15.023298162541225,0,0,0,0,0,0,0,0,0,0
8019,NEOSSOLOS,100,113.0677535197432,0,0,0,0,0,100,0,0,0,0,0,0,0,0
8020,ARGISSOLOS,99.99999999999999,172.79216177016244,0,99.99999999999999,0,0,0,0,0,0,0,0,0,0,0,0
8021,LATOSSOLOS,100,88.50086045820751,0,0,0,100,0,0,0,0,0,0,0,0,0,0
8022,ARGISSOLOS,91.79032482487551,207.8009034677171,0,91.79032482487551,0,8.209675175124486,0,0,0,0,0,0,0,0,0,0
8023,LATOSSOLOS,100,39.22265273909025,0,0,0,100,0,0,0,0,0,0,0,0,0,0
8024,ARGISSOLOS,94.27310463118367,1747.131013050284,0,94.27310463118367,0,4.223931401131063,0,0,0,0,0,0,0,0,0,1.5029639676852642
8025,PLANOSSOLOS,86.3362672262053,608.1112351387233,0.03389492507382904,0,0,0,7.459760233683719,6.170077615037161,0,0,0,0,0,86.3362672262053,0,0
8026,NEOSSOLOS,62.32278657506808,140.31421563203983,0,0,0,0,0,62.32278657506808,0,0,0,0,0,37.677213424931935,0,0
8027,PLANOSSOLOS,97.28603478452176,712.4965710472441,0,2.4970513526120155,0,0.21691386286620631,0,0,0,0,0,0,0,97.28603478452176,0,0
8028,ARGISSOLOS,40.57863370151975,172.4804937642694,0,40.57863370151975,0,29.83859464594768,0,0,0,0,0,0,0,29.582771652532585,0,0
8029,ESPODOSSOLOS,100,62.71880659041932,0,0,0,0,0,0,0,0,0,0,0,0,0,100
8030,ARGISSOLOS,90.14038636392146,332.9491193624254,0,90.14038636392146,0,9.859613636078528,0,0,0,0,0,0,0,0,0,0
8031,NEOSSOLOS,44.15724837556552,500.55135408616064,0,7.522225206244143,0,6.589200471535736,0,44.15724837556552,0,0,0,0,0,41.73132594665461,0,0
8032,ARGISSOLOS,100,264.97539976069197,0,100,0,0,0,0,0,0,0,0,0,0,0,0
8033,LATOSSOLOS,61.208756657547795,334.241634672789,0,0,0,61.208756657547795,0,0,0,0,0,0,0,38.79124334245219,0,0
8034,ARGISSOLOS,56.45068902960427,427.51484220227115,8.644143906630722,56.45068902960427,0,34.90516706376501,0,0,0,0,0,0,0,0,0,0
8035,PLANOSSOLOS,93.28877885498048,375.5642095929488,0,0,0,0,0,6.711221145019533,0,0,0,0,0,93.28877885498048,0,0
8036,PLANOSSOLOS,61.840504151037884,142.36039914636712,0,0,0,0,0,38.159495848962116,0,0,0,0,0,61.840504151037884,0,0
8037,ARGISSOLOS,79.40836381219576,210.40979894093527,0,79.40836381219576,0,20.59163618780426,0,0,0,0,0,0,0,0,0,0
8038,ARGISSOLOS,100,86.13430971358481,0,100,0,0,0,0,0,0,0,0,0,0,0,0
8039,PLANOSSOLOS,61.18825751301987,103.83358205674784,0,0,0,0,0,38.81174248698014,0,0,0,0,0,61.18825751301987,0,0
8040,ARGISSOLOS,100,298.6238707725032,0,100,0,0,0,0,0,0,0,0,0,0,0,0
8041,ARGISSOLOS,58.75999425657629,241.5970541440335,0,58.75999425657629,0,41.24000574342371,0,0,0,0,0,0,0,0,0,0
8042,LATOSSOLOS,53.568472669529484,88.43644433059299,0,16.61360522591887,0,53.568472669529484,0,0,0,0,0,0,0,29.817922104551645,0,0
8043,LATOSSOLOS,91.15253575220962,315.96376022467075,0,8.847464247790386,0,91.15253575220962,0,0,0,0,0,0,0,0,0,0
8044,LATOSSOLOS,100,502.8102777449502,0,0,0,100,0,0,0,0,0,0,0,0,0,0
8045,PLANOSSOLOS,96.54913680469926,454.0612558727019,0,0,0,0,0,3.450863195300746,0,0,0,0,0,96.54913680469926,0,0
8046,LATOSSOLOS,87.84382116637427,333.3981956830195,0,12.156178833625733,0,87.84382116637427,0,0,0,0,0,0,0,0,0,0
8047,PLANOSSOLOS,58.20220244175959,302.5298741956149,0,0,0,0,0,41.79779755824041,0,0,0,0,0,58.20220244175959,0,0
8048,LATOSSOLOS,73.86260097031371,296.8326604896549,0,26.137399029686282,0,73.86260097031371,0,0,0,0,0,0,0,0,0,0
8049,ARGISSOLOS,98.31615308702385,174.22852991478973,0,98.31615308702385,0,1.6821610035948587,0,0,0,0,0,0,0,0.0016859093813009843,0,0
8050,ARGISSOLOS,80.83908563583519,93.18965161521282,0,80.83908563583519,0,0,0,0,0,0,0,0,0,19.160914364164814,0,0
8051,NEOSSOLOS,68.32200392823626,907.5669420273482,0,0,0,0,0,68.32200392823626,0,0,0,0,0,31.67799607176374,0,0
8052,ARGISSOLOS,100,220.36381279067623,0,100,0,0,0,0,0,0,0,0,0,0,0,0
8053,LATOSSOLOS,64.06342017571181,113.88701583195834,0,35.93657982428818,0,64.06342017571181,0,0,0,0,0,0,0,0,0,0
8054,PLANOSSOLOS,100,167.47663966119765,0,0,0,0,0,0,0,0,0,0,0,100,0,0
8055,PLANOSSOLOS,97.80329651387989,86.05864956430506,0,0,0,0,0,2.196703486120115,0,0,0,0,0,97.80329651387989,0,0
8056,ARGISSOLOS,75.07106783481905,426.9323856703304,0,75.07106783481905,0,24.92893216518096,0,0,0,0,0,0,0,0,0,0
8057,ARGISSOLOS,78.69652714584417,233.41520519935716,0,78.69652714584417,0,21.303472854155835,0,0,0,0,0,0,0,0,0,0
8058,PLANOSSOLOS,51.46469998175446,183.07913937568367,0,0,0,0,0,48.53530001824555,0,0,0,0,0,51.46469998175446,0,0
8059,PLANOSSOLOS,99.61667803694,322.66886475273486,0,0,0,0,0.3833219630600043,0,0,0,0,0,0,99.61667803694,0,0
8060,ARGISSOLOS,77.63027244469929,118.63602139003396,0,77.63027244469929,0,0,0,22.369727555300713,0,0,0,0,0,0,0,0
8061,PLANOSSOLOS,62.37243974936972,173.16114251935505,0,0,0,0,0,37.627560250630275,0,0,0,0,0,62.37243974936972,0,0
8062,PLANOSSOLOS,56.97685624282298,204.52943658212035,0,0,0,0,0,43.02314375717703,0,0,0,0,0,56.97685624282298,0,0
8063,NEOSSOLOS,92.00540363870687,48.99501673806572,0,0,0,0,0,92.00540363870687,0,0,0,0,0,7.994596361293134,0,0
8064,PLANOSSOLOS,52.73644199682983,683.2191417069276,1.1738471483219657,0,0,0,0,46.0897108548482,0,0,0,0,0,52.73644199682983,0,0
8065,ARGISSOLOS,90.19911819998129,244.3217933612556,0,90.19911819998129,0,9.800881800018704,0,0,0,0,0,0,0,0,0,0
8066,PLANOSSOLOS,71.82131119323982,118.89757867164231,0,28.178688806760178,0,0,0,0,0,0,0,0,0,71.82131119323982,0,0
8067,ESPODOSSOLOS,49.90259258297411,689.4141654535304,6.460085921929149,27.951153480908996,0,15.686168014187748,0,0,0,0,0,0,0,0,0,49.90259258297411
8068,ESPODOSSOLOS,86.87328719360434,142.24971261492368,13.126712806395652,0,0,0,0,0,0,0,0,0,0,0,0,86.87328719360434
8069,LATOSSOLOS,100.00000000000001,249.4461755044972,0,0,0,100.00000000000001,0,0,0,0,0,0,0,0,0,0
8070,ARGISSOLOS,52.51274954343563,117.30829695687031,0,52.51274954343563,0,0,0,0,0,0,0,0,0,47.48725045656437,0,0
8071,PLANOSSOLOS,86.33033456458733,408.13053427222394,0.16116265943619956,0,0,0,13.50850277597647,0,0,0,0,0,0,86.33033456458733,0,0
8072,PLANOSSOLOS,58.85334877839459,291.5887672074636,0,0,0,0,0,41.14665122160541,0,0,0,0,0,58.85334877839459,0,0
8073,ARGISSOLOS,97.5731345046938,307.71246869218703,0,97.5731345046938,0,2.4268654953062025,0,0,0,0,0,0,0,0,0,0
8074,ARGISSOLOS,100,257.72657565852575,0,100,0,0,0,0,0,0,0,0,0,0,0,0
8075,ARGISSOLOS,75.32365983737839,240.41021827020782,24.676340162621607,75.32365983737839,0,0,0,0,0,0,0,0,0,0,0,0
8076,PLANOSSOLOS,54.956620080463566,320.03397489089923,0,45.04337991953644,0,0,0,0,0,0,0,0,0,54.956620080463566,0,0
8077,LATOSSOLOS,100,306.36313971063134,0,0,0,100,0,0,0,0,0,0,0,0,0,0
8078,ARGISSOLOS,100,100.26568468311463,0,100,0,0,0,0,0,0,0,0,0,0,0,0
8079,LATOSSOLOS,100,29.568972789211195,0,0,0,100,0,0,0,0,0,0,0,0,0,0
8080,NEOSSOLOS,73.40618522044528,779.9951974984306,0,0,0,0,0,73.40618522044528,0,0,0,0,0,26.593814779554716,0,0
8081,ARGISSOLOS,100,224.8655660139711,0,100,0,0,0,0,0,0,0,0,0,0,0,0
8082,NEOSSOLOS,45.53267685109434,139.8515437725111,15.373505503099187,39.09381764580648,0,0,0,45.53267685109434,0,0,0,0,0,0,0,0
8083,ARGISSOLOS,100,256.044532493171,0,100,0,0,0,0,0,0,0,0,0,0,0,0
8084,PLANOSSOLOS,62.25748755394712,496.1083156048032,0,0,0,0,0,37.742512446052885,0,0,0,0,0,62.25748755394712,0,0
8085,ARGISSOLOS,93.36153562062373,397.46424682774386,0,93.36153562062373,0,6.638464379376279,0,0,0,0,0,0,0,0,0,0
8086,ARGISSOLOS,100,76.8936721650501,0,100,0,0,0,0,0,0,0,0,0,0,0,0
8087,LATOSSOLOS,50.85590090249114,315.35800221672775,0,49.144099097508864,0,50.85590090249114,0,0,0,0,0,0,0,0,0,0
8088,LATOSSOLOS,99.99999999999999,42.635302921617416,0,0,0,99.99999999999999,0,0,0,0,0,0,0,0,0,0
8089,LATOSSOLOS,58.70193232443888,129.39214119510882,0,41.29806767556113,0,58.70193232443888,0,0,0,0,0,0,0,0,0,0
8090,LATOSSOLOS,99.99999999999999,165.68815647552617,0,0,0,99.99999999999999,0,0,0,0,0,0,0,0,0,0
8091,NEOSSOLOS,98.14110697942041,697.6832588458767,1.8588930205795748,0,0,0,0,98.14110697942041,0,0,0,0,0,0,0,0
8092,ARGISSOLOS,100,421.0784236395448,0,100,0,0,0,0,0,0,0,0,0,0,0,0
8093,ARGISSOLOS,64.5884611827984,343.62038339807566,0,64.5884611827984,0,0,0,0,0,0,0,0,0,35.41153881720161,0,0
9001,NEOSSOLOS,68.36262469022503,35.68939436940251,31.637375309774963,0,0,0,0,68.36262469022503,0,0,0,0,0,0,0,0
9002,NEOSSOLOS,97.20833413136668,359.07623306182126,0,2.7916658686333147,0,0,0,97.20833413136668,0,0,0,0,0,0,0,0
9003,ESPODOSSOLOS,100,45.05549241379652,0,0,0,0,0,0,0,0,0,0,0,0,0,100
9004,ARGISSOLOS,100,198.31734521197438,0,100,0,0,0,0,0,0,0,0,0,0,0,0
9005,NEOSSOLOS,84.16410873008724,147.16754068829226,0,15.83589126991276,0,0,0,84.16410873008724,0,0,0,0,0,0,0,0
9007,ARGISSOLOS,100,205.77110063131803,0,100,0,0,0,0,0,0,0,0,0,0,0,0
9008,ESPODOSSOLOS,83.18668508999305,77.60129576487464,16.81331491000695,0,0,0,0,0,0,0,0,0,0,0,0,83.18668508999305
9009,NEOSSOLOS,89.60133396320649,201.38782544366626,0,10.398666036793518,0,0,0,89.60133396320649,0,0,0,0,0,0,0,0
9010,NEOSSOLOS,87.10197103911248,169.9716029947583,12.89802896088751,0,0,0,0,87.10197103911248,0,0,0,0,0,0,0,0
9011,LUVISSOLOS,75.5481580757488,901.9710509445844,8.164883130274156,5.747102852708429,0,0,75.5481580757488,0,0,0,0,0,0,10.539855941268607,0,0
9012,NEOSSOLOS,66.85388969617095,442.3765145049763,0,33.14611030382905,0,0,0,66.85388969617095,0,0,0,0,0,0,0,0
9013,NEOSSOLOS,56.071577082111574,636.228211092231,0,43.928422917888426,0,0,0,56.071577082111574,0,0,0,0,0,0,0,0
9014,ARGISSOLOS,80.55436611742246,46.02868508908827,0,80.55436611742246,0,0,0,0,0,0,0,0,0,0,0,19.445633882577532
9015,ARGISSOLOS,94.14949617307678,83.83302881472798,0,94.14949617307678,0,0,0,5.850503826923216,0,0,0,0,0,0,0,0
9016,ARGISSOLOS,100,236.25416023822086,0,100,0,0,0,0,0,0,0,0,0,0,0,0
9017,NEOSSOLOS,83.4555744993689,128.4564607138561,0,16.544425500631114,0,0,0,83.4555744993689,0,0,0,0,0,0,0,0
9018,ARGISSOLOS,88.89094297014782,90.38417825407834,0,88.89094297014782,0,0,0,0.028846741882449938,0,0,0,0,0,0,0,11.08021028796973
9019,ARGISSOLOS,60.165920553251716,444.05727048250435,0,60.165920553251716,0,0,0,0,0,0,0,0,0,0,0,39.83407944674829
9020,ARGISSOLOS,58.83346480567554,184.93097875524353,0,58.83346480567554,0,0,0,41.16653519432446,0,0,0,0,0,0,0,0
9021,NEOSSOLOS,78.595605019285955,400.0727836771535,0,21.404394980714052,0,0,0,78.595605019285955,0,0,0,0,0,0,0,0
9022,NEOSSOLOS,55.722579081164724,654.6686965076049,17.460094348028985,26.817326570806298,0,0,0,55.722579081164724,0,0,0,0,0,0,0,0
9023,ESPODOSSOLOS,58.60967980119547,20.042245469591847,0,41.390320198804524,0,0,0,0,0,0,0,0,0,0,0,58.60967980119547
9024,ARGISSOLOS,50.76704243317144,242.4042388812909,0,50.76704243317144,0,0,0,49.23295756682856,0,0,0,0,0,0,0,0
9025,ESPODOSSOLOS,100,54.54349058235666,0,0,0,0,0,0,0,0,0,0,0,0,0,100
9026,ESPODOSSOLOS,51.744836714608674,265.00103201770315,0,48.25516328539132,0,0,0,0,0,0,0,0,0,0,0,51.744836714608674
9027,NEOSSOLOS,99.91308354578013,336.8417172777511,0,0.08691645421987365,0,0,0,99.91308354578013,0,0,0,0,0,0,0,0
9028,ARGISSOLOS,78.19723475981023,493.39249713243896,0,78.19723475981023,0,0,0,0,0,0,0,0,0,21.802765240189764,0,0
9029,NEOSSOLOS,98.98563953449357,184.23834036620374,0,1.01436046550643,0,0,0,98.98563953449357,0,0,0,0,0,0,0,0
9030,ARGISSOLOS,60.89725418062958,617.806114676823,0,60.89725418062958,0,0,0,0.03662755452799108,0,0,0,0,0,0,0,39.066118264842416
9031,ARGISSOLOS,87.33693713058366,365.016228835309,0,87.33693713058366,0,0,0,2.3880619204330378,0,0,0,0,0,0,0,10.27500094898329
9032,ARGISSOLOS,87.687315759116,407.62218090983015,0,87.687315759116,0,0,0,0,0,0,0,0,0,0,0,12.312684240884002
9033,NEOSSOLOS,58.91501067195264,969.6468598673424,0,39.87869827629645,0,0,0,58.91501067195264,0,0,0,0,0,0,1.2062910517509169,0
9034,ARGISSOLOS,71.44783833115795,132.03339724989377,0,71.44783833115795,0,0,0,1.311526135589305,0,0,0,0,0,0,0,27.240635533252753
9035,NEOSSOLOS,100,136.66868154296094,0,0,0,0,0,100,0,0,0,0,0,0,0,0
9036,ARGISSOLOS,98.17220361578258,63.57478285243213,0,98.17220361578258,0,0,0,1.827796384217424,0,0,0,0,0,0,0,0
9037,NEOSSOLOS,100,100.78867586349038,0,0,0,0,0,100,0,0,0,0,0,0,0,0
9038,ESPODOSSOLOS,60.358036617816445,52.697584174370654,0,39.641963382183555,0,0,0,0,0,0,0,0,0,0,0,60.358036617816445
9039,NEOSSOLOS,100,95.78347265484697,0,0,0,0,0,100,0,0,0,0,0,0,0,0
9040,NEOSSOLOS,61.490173389621624,407.5683127191496,0,38.50982661037837,0,0,0,61.490173389621624,0,0,0,0,0,0,0,0
9041,ARGISSOLOS,96.36542130156934,75.57832572391595,0,96.36542130156934,0,0,0,3.634578698430658,0,0,0,0,0,0,0,0
9042,ARGISSOLOS,54.176350431876855,310.9983926543335,14.810364528308437,54.176350431876855,0,0,0,0,0,0,0,0,0,0,0,31.01328503981471
9043,ARGISSOLOS,84.63355595632503,340.21255554492797,0,84.63355595632503,0,0,0,15.366444043674987,0,0,0,0,0,0,0,0
9044,ARGISSOLOS,60.870918423059535,756.5812403158102,0,60.870918423059535,0,0,0,39.129081576940465,0,0,0,0,0,0,0,0
9045,NEOSSOLOS,91.73495944723042,483.30308227529895,0,8.265040552769573,0,0,0,91.73495944723042,0,0,0,0,0,0,0,0
9046,NEOSSOLOS,78.75789929168282,81.2181039948245,21.24210070831717,0,0,0,0,78.75789929168282,0,0,0,0,0,0,0,0
9047,ARGISSOLOS,64.14291428162748,133.1160718710381,0,64.14291428162748,0,0,0,0,0,0,0,0,0,0,0,35.857085718372524
9048,ESPODOSSOLOS,96.94377171606607,254.53372687634368,0,3.056228283933932,0,0,0,0,0,0,0,0,0,0,0,96.94377171606607
9049,NEOSSOLOS,99.97690815132421,82.50545905884455,0,0,0,0,0,99.97690815132421,0,0,0,0,0,0,0.023091848675791046,0
9050,ARGISSOLOS,100,34.02774891006973,0,100,0,0,0,0,0,0,0,0,0,0,0,0
9051,NEOSSOLOS,99.98913675483158,155.6608495650859,0,0,0,0,0,99.98913675483158,0,0,0,0,0,0,0.010863245168415291,0
9052,ESPODOSSOLOS,100,63.23017347749276,0,0,0,0,0,0,0,0,0,0,0,0,0,100
9053,PLANOSSOLOS,64.26108590622711,1232.5416842163709,5.828738080095207,6.115953177543469,0,0,3.7889123221402703,20.005310513993958,0,0,0,0,0,64.26108590622711,0,0
9054,PLANOSSOLOS,77.371720545345,440.06358153347526,0,0,0,0,0,21.842751746811082,0,0,0,0,0,77.371720545345,0.7855277078439215,0
9055,NEOSSOLOS,78.14678441604997,876.9574017410033,9.855856070271537,2.716511640357072,0,0,0,78.14678441604997,0,0,0,0,0,9.280847873321415,0,0
9056,ARGISSOLOS,94.71309438684803,89.03833304364122,5.286905613151955,94.71309438684803,0,0,0,0,0,0,0,0,0,0,0,0
9057,ARGISSOLOS,43.80921518401486,531.1583486855621,0,43.80921518401486,0,0,0,33.06610884526111,0,0,0,0,0,23.124675970724017,0,0
9058,NEOSSOLOS,54.78292780121414,78.96754631322062,0,35.477435835803114,0,0,0,54.78292780121414,0,0,0,0,0,0,0,9.73963636298276
9059,NEOSSOLOS,68.2567674252509,258.40507421073676,0,31.7432325747491,0,0,0,68.2567674252509,0,0,0,0,0,0,0,0
9060,ARGISSOLOS,67.52335851238887,105.66709487794759,0,67.52335851238887,0,0,0,0,0,0,0,0,0,0,0,32.47664148761114
9061,ARGISSOLOS,100,247.55168920465616,0,100,0,0,0,0,0,0,0,0,0,0,0,0
9062,ARGISSOLOS,56.960656743850706,270.42132946902973,0,56.960656743850706,0,0,0,0,0,0,0,0,0,0,0,43.0393432561493
9063,NEOSSOLOS,83.38062970935772,67.71060968860048,0,16.619370290642276,0,0,0,83.38062970935772,0,0,0,0,0,0,0,0
9064,ESPODOSSOLOS,100,113.41864340410001,0,0,0,0,0,0,0,0,0,0,0,0,0,100
9065,ARGISSOLOS,62.168705731765,341.2779888210307,0,62.168705731765,0,0,0,0,0,0,0,0,0,0,0,37.831294268235006
9066,NEOSSOLOS,66.01633205519788,102.2443126639644,0,33.98366794480212,0,0,0,66.01633205519788,0,0,0,0,0,0,0,0
9067,ARGISSOLOS,100,83.45273808092392,0,100,0,0,0,0,0,0,0,0,0,0,0,0
9068,NEOSSOLOS,75.78456440722451,144.17027652599336,0,24.215435592775478,0,0,0,75.78456440722451,0,0,0,0,0,0,0,0
9069,NEOSSOLOS,74.14400867625326,564.975794658471,0,0,0,0,0,74.14400867625326,0,0,0,0,0,0,25.85599132374675,0
9070,ARGISSOLOS,98.23867254180547,165.88331312142822,0,98.23867254180547,0,0,0,1.7613274581945213,0,0,0,0,0,0,0,0
9071,NEOSSOLOS,50.235512288522635,48.654744230717384,22.998251087975397,26.76623662350198,0,0,0,50.235512288522635,0,0,0,0,0,0,0,0
9072,PLANOSSOLOS,82.94553104238851,1021.842165283934,0,0.025217287202809673,0,0,0,17.029251670408687,0,0,0,0,0,82.94553104238851,0,0
9073,ARGISSOLOS,58.47516663238128,305.086568456399,0,58.47516663238128,0,0,0,0,0,0,0,0,0,41.52483336761872,0,0
9074,ARGISSOLOS,100,118.87362460738721,0,100,0,0,0,0,0,0,0,0,0,0,0,0
10001,NEOSSOLOS,68.7669874678209,529.6483307894716,0,31.233012532179103,0,0,0,68.7669874678209,0,0,0,0,0,0,0,0
10002,PLANOSSOLOS,78.75831990162115,1485.0816417500803,2.927569281347057,0.7614288538624706,0,0,17.232924178379765,0.3197577847895677,0,0,0,0,0,78.75831990162115,0,0
10003,ARGISSOLOS,100,180.14694508583776,0,100,0,0,0,0,0,0,0,0,0,0,0,0
10004,CAMBISSOLOS,71.61189998497986,1067.5072070643605,0,0,0,0,0,20.360909844068242,0,0,0,0,0,8.027190170951897,71.61189998497986,0
10005,ARGISSOLOS,41.05563831957125,662.0161053125437,0,41.05563831957125,0,28.581785064041355,0,0,0,0,0,0,0,30.362576616387383,0,0
10006,NEOSSOLOS,99.99999999999999,701.5271507051821,0,0,0,0,0,99.99999999999999,0,0,0,0,0,0,0,0
10007,CHERNOSSOLOS,40.91519852625972,159.80134528826744,0,33.64537876480434,0,0,25.439422708935943,0,0,0,0,0,40.91519852625972,0,0,0
10008,ARGISSOLOS,98.97242999658636,1239.7713527269727,0,98.97242999658636,0,0.8521494014699695,0,0,0,0,0.17542060194367634,0,0,0,0,0
10009,ARGISSOLOS,56.179333893700125,2623.872036558641,0,56.179333893700125,2.344824284483847,35.891265939292495,0,5.584575882523526,0,0,0,0,0,0,0,0
10010,LUVISSOLOS,86.02808827895717,250.81666113530014,0,0,0,0,86.02808827895717,0,0,0,0,0,13.971911721042835,0,0,0
10011,LATOSSOLOS,94.3388547331909,463.4827209464295,0,0,0,94.3388547331909,0,0,0,0,0,0,0,5.661145266809104,0,0
10012,VERTISSOLOS,55.38851882990403,173.5102984599421,0,44.61148117009598,0,0,0,0,0,0,55.38851882990403,0,0,0,0,0
10013,CAMBISSOLOS,94.89647155423044,3876.4080564006726,0,0,0,3.6092444578232152,0,1.4942839879463323,0,0,0,0,0,0,94.89647155423044,0
10014,ARGISSOLOS,68.48224827804472,1947.7799025800402,0,68.48224827804472,0,31.51775172195528,0,0,0,0,0,0,0,0,0,0
10015,LATOSSOLOS,86.57743201235884,2293.126301514503,0,0,0,86.57743201235884,0,13.422567987641173,0,0,0,0,0,0,0,0
10016,PLANOSSOLOS,67.71572926312048,2074.647209781334,0,0,0,32.284270736879506,0,0,0,0,0,0,0,67.71572926312048,0,0
10017,LATOSSOLOS,41.260524958015914,1527.4643336999877,0,31.090045229005593,0,41.260524958015914,0,0,0,0,0,0,0,1.4668603961137596,26.18256941686473,0
10018,PLANOSSOLOS,100,176.99865857845765,0,0,0,0,0,0,0,0,0,0,0,100,0,0
10019,ARGISSOLOS,74.15215383606728,572.903540541708,0,74.15215383606728,0,0,0,21.25710531160865,0,0,0,0,0,0,4.5907408523240605,0
10020,PLANOSSOLOS,89.22800459896915,294.37836822366813,10.771995401030853,0,0,0,0,0,0,0,0,0,0,89.22800459896915,0,0
10021,NEOSSOLOS,51.009611278693356,314.00358829258545,0,0,0,48.99038872130664,0,51.009611278693356,0,0,0,0,0,0,0,0
10022,ARGISSOLOS,94.99346183347375,561.9234555295068,0,94.99346183347375,0,5.006538166526243,0,0,0,0,0,0,0,0,0,0
10023,LATOSSOLOS,68.13723103676455,1082.8953267813756,0,5.67485870129747,0,68.13723103676455,26.18791026193797,0,0,0,0,0,0,0,0,0
10024,ARGISSOLOS,62.13087383164324,1489.2343120498329,0,62.13087383164324,0,37.86912616835676,0,0,0,0,0,0,0,0,0,0
10025,PLANOSSOLOS,99.59546466134053,1557.7628393355706,0,0,0,0.40453533865946767,0,0,0,0,0,0,0,99.59546466134053,0,0
10026,ARGISSOLOS,100,329.86309755109016,0,100,0,0,0,0,0,0,0,0,0,0,0,0
10027,LATOSSOLOS,68.48667346657251,1389.9161568605764,0,0,5.903531948544153,68.48667346657251,25.609794584883343,0,0,0,0,0,0,0,0,0
10028,ARGISSOLOS,83.23628720992106,181.34269027037186,0,83.23628720992106,0,0.5526540218850948,0,0,0,0,0,0,0,0,0,16.211058768193848
10029,LUVISSOLOS,98.62797382334901,457.9684564813263,0,0,0,1.3720261766509916,98.62797382334901,0,0,0,0,0,0,0,0,0
10030,LATOSSOLOS,85.82854183996305,3342.1729503140946,0,0,5.865418593717052,85.82854183996305,0,7.671935708946807,0,0,0,0,0,0,0.6341038573730892,0
10031,LUVISSOLOS,55.9205125914369,946.4927670562191,0,0,0,0,55.9205125914369,0,0,0,0,0,0,44.0794874085631,0,0
10032,NEOSSOLOS,86.97190754571461,989.1736001197461,0,8.444112712195034,0,4.5839797420903405,0,86.97190754571461,0,0,0,0,0,0,0,0
10033,NEOSSOLOS,61.211093058774374,18992.454670264084,4.188462172039754,0,0,29.510923679857854,0,61.211093058774374,0,0,0,0,0,0.4060619858128684,4.683459103515156,0
10034,ARGISSOLOS,77.66115308194638,1346.5177768159633,0,77.66115308194638,0,11.778553593728567,0,10.560293324325055,0,0,0,0,0,0,0,0
10035,LATOSSOLOS,91.20776508363996,783.8586425006156,0,8.792234916360048,0,91.20776508363996,0,0,0,0,0,0,0,0,0,0
10036,NEOSSOLOS,82.27916887771156,1540.3821172279795,0,0,0,17.720522720425894,0,82.27916887771156,0,0,0,0,0,0,3.084018625508316e-4,0
10037,LATOSSOLOS,73.3568272843159,207.74340007369457,0,26.544831207912782,0,73.3568272843159,0.09834150777132733,0,0,0,0,0,0,0,0,0
10038,LATOSSOLOS,80.33419763051373,11800.980120422175,0,0,5.352082854998831,80.33419763051373,0,12.189806889081453,0,0,0,0,0,0,2.1239126254059983,0
10039,CAMBISSOLOS,50.042888287888154,992.7210831920462,0,0,0,49.95711171211186,0,0,0,0,0,0,0,0,50.042888287888154,0
10040,PLANOSSOLOS,99.99999999999999,825.2130881642867,0,0,0,0,0,0,0,0,0,0,0,99.99999999999999,0,0
10041,LUVISSOLOS,100,128.45696938603285,0,0,0,0,100,0,0,0,0,0,0,0,0,0
10042,ARGISSOLOS,90.65399192293967,1739.991545107837,0,90.65399192293967,9.34600807706034,0,0,0,0,0,0,0,0,0,0,0
10043,LATOSSOLOS,95.01532472569238,628.4375214064315,0,4.984675274307626,0,95.01532472569238,0,0,0,0,0,0,0,0,0,0
10044,LATOSSOLOS,55.55970268021424,549.9344297084979,0,0,0,55.55970268021424,0,0,0,0,0,0,0,44.440297319785756,0,0
10045,CAMBISSOLOS,44.54503437818268,1951.9053325911716,0,28.32305180871652,0,25.87814464253506,1.2537691705657434,0,0,0,0,0,0,0,44.54503437818268,0
10046,LUVISSOLOS,82.09864431069109,2811.1110107941045,0,0,0,14.80052130922303,82.09864431069109,0,0,0,0,0,0,3.1008343800858755,0,0
10047,LATOSSOLOS,54.29240066758278,8543.773246911773,4.928548629462331,5.452927601951963,0,54.29240066758278,0,14.399800994259065,0,0,0,0,0,4.534994140446872,16.391327966296977,0
10048,LATOSSOLOS,55.635702846855864,2022.6514585485252,0,30.51971003779469,0,55.635702846855864,0,0,0,0,0,0,0,0,13.844587115349453,0
10049,LATOSSOLOS,74.86967906490969,934.1437713337591,0,0,0,74.86967906490969,0,25.13032093509031,0,0,0,0,0,0,0,0
10050,LATOSSOLOS,66.86588466701492,6467.072352413821,0,0,0,66.86588466701492,2.2692057746004095,17.158299790228753,0,0,0,0,0,0,13.706609768155921,0
10051,LATOSSOLOS,54.83099520980685,1482.4739223119407,0,20.826814754883955,0,54.83099520980685,0,24.342190035309198,0,0,0,0,0,0,0,0
10052,LATOSSOLOS,48.53667566881151,2032.994698018289,0,47.45422159853847,0,48.53667566881151,0,4.00910273265002,0,0,0,0,0,0,0,0
10053,LATOSSOLOS,65.54187045697265,480.87662578674247,0,0,0,65.54187045697265,0,0,0,0,0,0,0,34.45812954302735,0,0
10054,LATOSSOLOS,57.05061716229772,2745.6407846949537,0,0,0,57.05061716229772,0,0.0928326173497592,0,0,0,0,0,0,42.85655022035253,0
10055,NEOSSOLOS,65.17775776702848,2239.664925676302,0,0,0,34.82224223297151,0,65.17775776702848,0,0,0,0,0,0,0,0
10056,LATOSSOLOS,66.68917949880203,2226.529541513849,0,6.5095227488378,0,66.68917949880203,0,0,0,0,0,0,0,16.985300052991374,9.815997699368797,0
10057,LATOSSOLOS,51.62998529835704,303.2543670999834,0,0,0,51.62998529835704,45.95594249957455,0,0,0,0,0,2.4140722020684113,0,0,0
10058,ARGISSOLOS,95.07452371961156,515.8002435377945,0,95.07452371961156,0,4.00308295205947,0,0,0,0,0,0,0.9223933283289694,0,0,0
10059,AGUA_DUNAS,31.379848821485695,315.0870692161604,31.379848821485695,10.642748033386141,0,21.059265108439213,0,0,0,0,0,0,30.19321068897971,6.724927347709236,0,0
10060,ARGISSOLOS,69.01956233935753,368.8790285890042,0,69.01956233935753,0,0,0,0,0,0,30.980437660642473,0,0,0,0,0
10061,LATOSSOLOS,66.38117451134723,668.323246136945,0,0,0,66.38117451134723,0,1.5069023616098904,0,0,0,0,0,0,32.11192312704288,0
10062,LATOSSOLOS,85.02192562633037,547.9383019565984,0,0,0,85.02192562633037,10.45272892718037,0,0,0,0,0,0,4.525345446489261,0,0
10063,LATOSSOLOS,73.91800354706069,3319.460335754778,0,7.943631692882893,0,73.91800354706069,0,5.286702040464081,0,0,0,0,0,1.2409365107726604,11.61072620881968,0
10064,LATOSSOLOS,62.867391912675835,1240.1602396816475,0,0,0,62.867391912675835,0,28.789889600578224,0,0,0,0,0,0,8.342718486745934,0
10065,ESPODOSSOLOS,99.3445171446239,233.89383040630705,0,0,0.6554828553761086,0,0,0,0,0,0,0,0,0,0,99.3445171446239
10066,LATOSSOLOS,70.25653856786649,951.9209269117933,0,0,0,70.25653856786649,0,0,0,0,0,0,0,29.74346143213352,0,0
10067,LUVISSOLOS,92.4779386291359,626.2525525754095,0,0,0,7.522061370864086,92.4779386291359,0,0,0,0,0,0,0,0,0
10068,ARGISSOLOS,58.93104455259392,969.1252027918825,0,58.93104455259392,0,0,0,5.737697166748985,0,0,0,0,0,0,0,35.331258280657096
10069,LATOSSOLOS,70.87501338132144,1235.3833608708555,0,0,29.124986618678577,70.87501338132144,0,0,0,0,0,0,0,0,0,0
10070,LATOSSOLOS,74.09847138487109,2781.2410535292697,0,25.715500537348337,0,74.09847138487109,0,0.1860280777805678,0,0,0,0,0,0,0,0
10071,CAMBISSOLOS,42.99095730576602,8929.393269447048,0,0,0,31.088324655209504,0,25.920718039024486,0,0,0,0,0,0,42.99095730576602,0
10072,CAMBISSOLOS,69.1043075315545,437.1949690502339,0,0,0,30.895692468445496,0,0,0,0,0,0,0,0,69.1043075315545,0
10073,LATOSSOLOS,32.6168760644376,1883.4545260101552,0,23.09856700851352,12.085245492810673,32.6168760644376,7.360014923742741,0,0,0,0,0,0,0,0,24.83929651049547
10074,PLANOSSOLOS,100,445.0744647109899,0,0,0,0,0,0,0,0,0,0,0,100,0,0
10075,ARGISSOLOS,98.76205735924364,254.84364286984186,0,98.76205735924364,0,0,0,0,0,0,0,0,0,0,0,1.2379426407563519
10076,ARGISSOLOS,95.10001131070078,417.81030126183316,0,95.10001131070078,0,0,0,0,0,0,0,0,0,4.899988689299238,0,0
10077,LATOSSOLOS,88.89000939233843,1618.468286949888,0,11.109990607661576,0,88.89000939233843,0,0,0,0,0,0,0,0,0,0
10078,PLANOSSOLOS,75.33176091491777,1337.7928611411312,0,0,0,0,0,24.66823908508224,0,0,0,0,0,75.33176091491777,0,0
10079,NEOSSOLOS,26.54422906565989,5242.224839126344,0,10.264263481435547,0,0,20.669478060115797,26.54422906565989,0,0,0,0,0,16.969688351391095,25.55234104139767,0
10080,PLANOSSOLOS,99.99609031556368,3175.743686192686,0,0,0,0.003909684436320509,0,0,0,0,0,0,0,99.99609031556368,0,0
10081,LATOSSOLOS,49.4445337808248,6165.3339883522185,0,0,0,49.4445337808248,2.517849187667512,6.365547317593242,0,0,0,0,0,7.183862902604712,34.48820681130974,0
10082,LATOSSOLOS,83.82181977801322,2484.19470205653,0,16.17818022198679,0,83.82181977801322,0,0,0,0,0,0,0,0,0,0
10083,ARGISSOLOS,83.53957694406675,2221.083600701331,0,83.53957694406675,6.288905685323092,0,0,5.0631932501181325,0,0,0,0,0,0,0,5.108324120492039
10084,ARGISSOLOS,100,256.75260321977595,0,100,0,0,0,0,0,0,0,0,0,0,0,0
10085,CAMBISSOLOS,34.39517113423865,4370.978349879456,5.340595975963315,0,0,31.228728482078214,0,29.035504407719813,0,0,0,0,0,0,34.39517113423865,0
10086,ARGISSOLOS,43.454931488959595,9646.94669442435,17.33040416609735,43.454931488959595,0,7.227514380751245,0,31.9871499641918,0,0,0,0,0,0,0,0
10087,PLANOSSOLOS,60.819940818450384,2145.695527827353,0.2802693321271115,4.123690948914687,0,12.693411121776148,0,0,0,0,0,0,22.082687778731668,60.819940818450384,0,0
10088,LATOSSOLOS,94.59919242589667,642.4383394668466,0,0,0,94.59919242589667,0,0,0,0,0,0,0,0,5.400807574103315,0
10089,ARGISSOLOS,100,416.33852162032713,0,100,0,0,0,0,0,0,0,0,0,0,0,0
10090,CAMBISSOLOS,94.42600937659276,602.4338747874032,0,0,0,0,0,5.573990623407234,0,0,0,0,0,0,94.42600937659276,0
10091,ARGISSOLOS,46.64001121563168,3005.793484074332,0.9701165934400199,46.64001121563168,0,0,33.78853284751072,0.8237369805822701,0,0,0,0,0,17.77760236283529,0,0
10092,ARGISSOLOS,60.28171343026451,1244.597747807921,0,60.28171343026451,0,0,0,13.06845601242623,0,0,0,0,0,19.982330713366125,6.667499843943135,0
10093,LATOSSOLOS,82.86397986686607,128.55179025166464,0,0,0,82.86397986686607,0,17.13602013313394,0,0,0,0,0,0,0,0
10094,LUVISSOLOS,99.98924331771937,282.69098684030234,0,0,0,0,99.98924331771937,0,0,0,0,0,0.01075668228062066,0,0,0
10095,NEOSSOLOS,58.44639278526035,10227.566761818922,0,0,3.5323892921262328,37.0264491626069,0,58.44639278526035,0,0,0,0,0,0,0.9947687600065126,0
10096,ARGISSOLOS,91.00996106669017,162.8708044371941,8.990038933309847,91.00996106669017,0,0,0,0,0,0,0,0,0,0,0,0
10097,LATOSSOLOS,56.11655039528716,289.69000994151463,0,41.91842108891949,0,56.11655039528716,0,0,0,0,0,0,0,1.9650285157933458,0,0
10098,PLANOSSOLOS,100,1016.0354818584672,0,0,0,0,0,0,0,0,0,0,0,100,0,0
10099,ARGISSOLOS,87.30362267214342,118.07086402729716,0,87.30362267214342,0,0,0,0,0,0,12.696377327856574,0,0,0,0,0
10100,ARGISSOLOS,77.17976082654751,886.9586852830383,0,77.17976082654751,0,0,0,0,0,0,0,0,0,0,0,22.8202391734525
10101,LATOSSOLOS,94.29819951779785,2222.9259258923835,0,0,0,94.29819951779785,0,0,0,0,0,0,0,0,5.701800482202151,0
10102,ARGISSOLOS,89.67480598378357,1044.4647238862826,0,89.67480598378357,0,10.325194016216425,0,0,0,0,0,0,0,0,0,0
10103,ARGISSOLOS,95.78533567140796,348.03287115361337,0,95.78533567140796,0,0,0,0,0,0,0,0,0,4.214664328592035,0,0
10104,LATOSSOLOS,100,535.6752844040459,0,0,0,100,0,0,0,0,0,0,0,0,0,0
10105,CAMBISSOLOS,64.38911141049962,3427.489214360081,0,0,0,12.570631988614071,0,23.0402566008863,0,0,0,0,0,0,64.38911141049962,0
10106,NEOSSOLOS,97.59851400467662,883.412181274475,0,1.979134613459123,0,0,0,97.59851400467662,0,0,0,0,0,0,0.42235138186425525,0
10107,LATOSSOLOS,53.46059000172476,21467.59662777749,0,0,1.4038548364001213,53.46059000172476,0,39.94471819016032,0,0,0,0,0,0,5.1908369717147895,0
10108,LATOSSOLOS,55.381682469553134,7156.561774371069,0,16.845796246074435,0,55.381682469553134,0,3.378946180608209,0,0,0,0,0,10.141109880476806,14.252465223287414,0
10109,LUVISSOLOS,80.13135808865718,162.03527568462442,0,0,0,19.868641911342824,80.13135808865718,0,0,0,0,0,0,0,0,0
10110,ARGISSOLOS,83.53042618719464,607.6417334336032,0,83.53042618719464,0,16.46957381280536,0,0,0,0,0,0,0,0,0,0
10111,LATOSSOLOS,97.66444593819976,1043.9702500349813,0,0,0,97.66444593819976,0,0,0,0,0,0,0,0,2.335554061800231,0
10112,LATOSSOLOS,95.19197493493328,146.11853342536645,0,4.808025065066703,0,95.19197493493328,0,0,0,0,0,0,0,0,0,0
10113,LUVISSOLOS,63.52051111384125,6078.711481094506,0.0248783230485386,0.26691595991750167,0,0,63.52051111384125,0,0,0,0,0,0,36.18769460319272,0,0
10114,LUVISSOLOS,84.52290900920156,445.33363493298475,0,0,0,12.397099885653065,84.52290900920156,0,0,0,0,0,3.0799911051453805,0,0,0
10115,LATOSSOLOS,80.65985373206156,676.7093973368924,0,3.793294141470724,0,80.65985373206156,0,7.678834180301483,0,0,0,0,0,7.868017946166241,0,0
10116,ARGISSOLOS,92.81057491874348,84.80500006174834,0,92.81057491874348,0,7.189425081256521,0,0,0,0,0,0,0,0,0,0
10117,LATOSSOLOS,100,193.16586905840785,0,0,0,100,0,0,0,0,0,0,0,0,0,0
10118,ARGISSOLOS,64.01039693211268,3253.8898160944877,0,64.01039693211268,0,35.989603067887316,0,0,0,0,0,0,0,0,0,0
10119,ARGISSOLOS,86.56721877218472,1214.8103020944334,0,86.56721877218472,0,0,0,13.432781227815287,0,0,0,0,0,0,0,0
10120,ARGISSOLOS,94.38320767327745,1297.6659012222817,0,94.38320767327745,0,0,0,5.616792326722548,0,0,0,0,0,0,0,0
10121,ARGISSOLOS,69.36352809586863,2633.7988275411635,0,69.36352809586863,0,30.636471904131373,0,0,0,0,0,0,0,0,0,0
10122,PLANOSSOLOS,78.60885143465639,1337.701135411043,0.8215017655212608,20.569646799822348,0,0,0,0,0,0,0,0,0,78.60885143465639,0,0
10123,LATOSSOLOS,75.21283314240026,1066.2643059254635,0,0,0,75.21283314240026,0,7.327944760920922,0,0,0,0,0,17.459222096678815,0,0
10124,CHERNOSSOLOS,84.79468319605392,162.50503904295493,0,15.205316803946074,0,0,0,0,0,0,0,0,84.79468319605392,0,0,0
10125,LUVISSOLOS,60.93597985471599,293.3864475308811,0,0,0,0,60.93597985471599,0,0,0,0,0,39.064020145284,0,0,0
10126,LATOSSOLOS,59.754471775545696,16304.31116505012,0,0,2.497389084020982,59.754471775545696,0,37.74813914043334,0,0,0,0,0,0,0,0
10127,LATOSSOLOS,72.04299387547736,421.99391480966256,0,27.957006124522632,0,72.04299387547736,0,0,0,0,0,0,0,0,0,0
10128,NEOSSOLOS,97.1932895729491,3700.4500041109904,0,0,0,2.797593402284756,0,97.1932895729491,0,0,0,0,0,0.009117024766146611,0,0
10129,PLANOSSOLOS,44.713852734903035,1255.8233564598465,20.357177696127188,0,0,0,0,34.928969568969784,0,0,0,0,0,44.713852734903035,0,0
10130,LUVISSOLOS,90.54363839409741,197.41247299471462,0,4.330826919356945,0,5.125534686545637,90.54363839409741,0,0,0,0,0,0,0,0,0
10131,CHERNOSSOLOS,35.58590658356627,106.25467753384756,25.051293958890167,27.592252611814832,0,11.770546845728736,0,0,0,0,0,0,35.58590658356627,0,0,0
10132,PLANOSSOLOS,71.9430556118209,1297.4668043452423,0,19.5218336847686,0,7.053889769109124,0,1.4812209343013776,0,0,0,0,0,71.9430556118209,0,0
10133,LATOSSOLOS,82.77276996198117,2325.0468862683874,0,17.22723003801884,0,82.77276996198117,0,0,0,0,0,0,0,0,0,0
10134,NEOSSOLOS,76.40385154096388,981.5203982327275,0,0.29208747868755996,0,4.350107476459417,0,76.40385154096388,0,0,0,0,0,18.95395350388914,0,0
10135,PLANOSSOLOS,63.06708642359684,2451.576605407306,0,0,0,2.903431089660088,34.029482486743085,0,0,0,0,0,0,63.06708642359684,0,0
10136,LATOSSOLOS,70.89746613813811,426.68731067262536,0,0,0,70.89746613813811,0,0,0,0,0,0,0,0,29.10253386186188,0
10137,LUVISSOLOS,100,231.42673969110598,0,0,0,0,100,0,0,0,0,0,0,0,0,0
10138,LATOSSOLOS,65.41702800167134,849.7626466793732,0,18.81305957916827,0,65.41702800167134,0,15.769912419160383,0,0,0,0,0,0,0,0
10139,CHERNOSSOLOS,86.81414021169778,1176.573626861428,0,4.28659920930601,0,0,8.899260578996227,0,0,0,0,0,86.81414021169778,0,0,0
10140,NEOSSOLOS,86.0309554254005,1383.9452118066583,0,0,0,1.5310800931255546,0,86.0309554254005,0,0,0,0,0,0,12.43796448147393,0
10141,LATOSSOLOS,56.01129709947474,954.3078591291764,0,21.275166128586363,0,56.01129709947474,0,22.713536771938898,0,0,0,0,0,0,0,0
10142,LUVISSOLOS,55.046895654469544,945.3080639296203,0,0,0,44.95310434553045,55.046895654469544,0,0,0,0,0,0,0,0,0
10143,LATOSSOLOS,99.0328516903025,447.3552982370275,0,0,0,99.0328516903025,0.967148309697513,0,0,0,0,0,0,0,0,0
10144,ARGISSOLOS,100,788.1840538504136,0,100,0,0,0,0,0,0,0,0,0,0,0,0
10145,ARGISSOLOS,73.01090391528436,294.40296408424524,0,73.01090391528436,0,26.98909608471563,0,0,0,0,0,0,0,0,0,0
10146,NEOSSOLOS,50.05322256111057,2456.9817651368385,0,2.023462978727651,0,47.923314460161784,0,50.05322256111057,0,0,0,0,0,0,0,0
10147,CAMBISSOLOS,100,622.6512181496074,0,0,0,0,0,0,0,0,0,0,0,0,100,0
10148,LATOSSOLOS,59.649831890712726,1721.005637271494,3.2778326359609484,0,0,59.649831890712726,0,37.072335473326326,0,0,0,0,0,0,0,0
10149,PLANOSSOLOS,100,127.68107654605332,0,0,0,0,0,0,0,0,0,0,0,100,0,0
10150,LATOSSOLOS,38.4440327239582,832.463803875924,0,23.808609832197984,0,38.4440327239582,0,27.89948568357401,0,0,0,0,0,9.847871760269804,0,0
10151,LUVISSOLOS,62.800952180385075,827.9610926099435,0,0,0,32.38270538167721,62.800952180385075,0,0,0,0,0,4.816342437937699,0,0,0
10152,LATOSSOLOS,62.36158409482426,1503.5950279385156,0,0,0,62.36158409482426,37.63841590517575,0,0,0,0,0,0,0,0,0
10153,ARGISSOLOS,50.42461042526347,1221.932409046235,0,50.42461042526347,0,49.575389574736526,0,0,0,0,0,0,0,0,0,0
10154,PLANOSSOLOS,100,370.56303048546806,0,0,0,0,0,0,0,0,0,0,0,100,0,0
10155,ARGISSOLOS,100,267.24420734137766,0,100,0,0,0,0,0,0,0,0,0,0,0,0
10156,PLANOSSOLOS,100,3605.647877415387,0,0,0,0,0,0,0,0,0,0,0,100,0,0
10157,NEOSSOLOS,100,1061.2418150940982,0,0,0,0,0,100,0,0,0,0,0,0,0,0
10158,LATOSSOLOS,100,413.63618654697757,0,0,0,100,0,0,0,0,0,0,0,0,0,0
10159,LATOSSOLOS,76.93099100146131,1947.5413084637246,0,22.32080927344501,0,76.93099100146131,0,0.748199725093674,0,0,0,0,0,0,0,0
10160,LATOSSOLOS,97.0936950561745,1029.6151669750172,0,0,0,97.0936950561745,0,2.906304943825504,0,0,0,0,0,0,0,0
10161,ARGISSOLOS,85.0696143782958,278.3568926123853,0,85.0696143782958,0,0,0,0,0,0,0,0,0,14.930385621704207,0,0
10162,ARGISSOLOS,60.12648670865314,3014.8297027005424,0,60.12648670865314,0,39.87351329134686,0,0,0,0,0,0,0,0,0,0
10163,LUVISSOLOS,56.760312363280896,2343.6674076930503,0,0,0,0,56.760312363280896,0,0,0,0,0,0,43.2396876367191,0,0
10164,LUVISSOLOS,65.83755284628799,789.5573285356942,0,0,0,8.74021262806136,65.83755284628799,0,0,0,0,0,25.422234525650644,0,0,0
10165,LATOSSOLOS,86.32928604473683,717.8517725698118,0,0,0,86.32928604473683,13.670713955263155,0,0,0,0,0,0,0,0,0
10166,LATOSSOLOS,99.12722290196376,1208.734418194724,0,0,0,99.12722290196376,0.872777098036244,0,0,0,0,0,0,0,0,0
10167,LATOSSOLOS,51.002737720699514,259.40353790805574,0,0,0,51.002737720699514,46.8272796203181,0,0,0,0,0,2.169982658982371,0,0,0
10168,CHERNOSSOLOS,51.74007318827432,787.8585618726125,0,20.056509152161023,0,0,28.20341765956466,0,0,0,0,0,51.74007318827432,0,0,0
10169,LATOSSOLOS,80.80497091206857,839.6486720700809,0,19.19502908793143,0,80.80497091206857,0,0,0,0,0,0,0,0,0,0
10170,LATOSSOLOS,29.32439006314111,9952.18561002731,0.6446731352952476,8.460011262667742,0,29.32439006314111,0,25.33443529194025,0,0,0,0,0,9.187890152387224,27.048600094568425,0
10171,CHERNOSSOLOS,84.55168999800335,1222.5423869173349,0,0,0,0,15.448310001996633,0,0,0,0,0,84.55168999800335,0,0,0
10172,LUVISSOLOS,100,284.1850795285957,0,0,0,0,100,0,0,0,0,0,0,0,0,0
10173,LATOSSOLOS,86.68751182311114,3672.901599490915,0,12.273467649805099,1.0390205270837598,86.68751182311114,0,0,0,0,0,0,0,0,0,0
10174,LATOSSOLOS,84.0362351269111,111.13789600298473,0,15.963764873088916,0,84.0362351269111,0,0,0,0,0,0,0,0,0,0
10175,ARGISSOLOS,96.75730051160642,1407.3612052979006,0,96.75730051160642,0,0.24624920455398674,0,0,0,0,0,0,2.996450283839598,0,0,0
10176,ARGISSOLOS,99.19015978798117,490.61046303516537,0,99.19015978798117,0,0,0,0.8098402120188337,0,0,0,0,0,0,0,0
10177,LATOSSOLOS,63.87018935136905,1463.9313228284432,0,36.12981064863094,0,63.87018935136905,0,0,0,0,0,0,0,0,0,0
10178,ARGISSOLOS,100,3.2651298434630633,0,100,0,0,0,0,0,0,0,0,0,0,0,0
10179,LUVISSOLOS,65.20967887723731,459.6007252416505,0,0,0,0,65.20967887723731,0,0,0,0,0,34.790321122762705,0,0,0
10180,ARGISSOLOS,58.59192510049368,1004.865380809211,0,58.59192510049368,0,33.62827402651755,0,0,0,0,0,0,7.779800872988776,0,0,0
10181,CHERNOSSOLOS,65.29269144291037,1627.4260188683625,0,34.70730855708963,0,0,0,0,0,0,0,0,65.29269144291037,0,0,0
10182,NEOSSOLOS,52.41190916419925,1584.586678072747,0,27.768943176512543,0,9.89367010455255,0,52.41190916419925,0,0,0,0,0,9.925477554735648,0,0
10183,LUVISSOLOS,99.38400986347844,408.38273845908196,0,0,0,0,99.38400986347844,0,0,0,0,0,0.6159901365215718,0,0,0
10184,LATOSSOLOS,62.58607046761664,323.3199019655372,0,0,0,62.58607046761664,37.41392953238336,0,0,0,0,0,0,0,0,0
10185,CHERNOSSOLOS,63.032604931651704,1805.2287530572144,0,33.273469982319774,0,3.693925086028523,0,0,0,0,0,0,63.032604931651704,0,0,0
10186,PLANOSSOLOS,84.72153623279682,1290.7786748505716,0,0,0,9.88554607148589,1.6072628035478715,0,0,0,0,0,3.7856548921694286,84.72153623279682,0,0
10187,LATOSSOLOS,89.38205605335484,313.37976258172756,0,0,0,89.38205605335484,10.617943946645148,0,0,0,0,0,0,0,0,0
10188,PLANOSSOLOS,96.76545317027019,1722.9064752781128,0,0,0,3.2345468297297915,0,0,0,0,0,0,0,96.76545317027019,0,0
10189,CHERNOSSOLOS,52.34270322818784,313.7813000389086,0,47.65729677181218,0,0,0,0,0,0,0,0,52.34270322818784,0,0,0
10190,LATOSSOLOS,58.366452796744596,1216.3911582874878,0,41.633547203255404,0,58.366452796744596,0,0,0,0,0,0,0,0,0,0
10191,LATOSSOLOS,86.3823721734979,535.9589703649256,0,0,13.61762782650209,86.3823721734979,0,0,0,0,0,0,0,0,0,0
10192,CAMBISSOLOS,58.41945975739058,3494.2995459959684,2.4368857329966596,0,0,0.08837737861020149,0,20.21546214940666,0,0,0,0,0,18.8398149815959,58.41945975739058,0
10193,LATOSSOLOS,65.46198076962045,1235.888752331219,0,0,0,65.46198076962045,0,3.6860875999767315,0,0,0,0,0,0,30.85193163040283,0
10194,PLANOSSOLOS,68.23467410870815,2456.14292041537,0,0,0,30.94704374460067,0,0.8182821466911746,0,0,0,0,0,68.23467410870815,0,0
10195,ESPODOSSOLOS,38.163547363948574,800.8969398993554,0,19.663269468927584,0,34.20093972135091,0,7.97224344577293,0,0,0,0,0,0,0,38.163547363948574
10196,ARGISSOLOS,73.91306105183072,482.65760561681145,0,73.91306105183072,0,0,0,0,0,0,0,0,0,0,0,26.08693894816927
10197,CAMBISSOLOS,41.04288151436224,3226.407912647996,0,2.483364173145497,0,31.356174039147078,24.887191480968482,0,0,0,0,0,0.23038879237670026,0,41.04288151436224,0
10198,NEOSSOLOS,85.2023494222068,5356.329756457471,0,1.153447248633124,0,0,3.926714834513006,85.2023494222068,0,0,0,0,0,0.07099230144462454,9.646496193202436,0
10199,LATOSSOLOS,100,239.18450481140775,0,0,0,100,0,0,0,0,0,0,0,0,0,0
10200,ARGISSOLOS,53.03821769406308,218.85936564901024,0,53.03821769406308,0,46.96178230593692,0,0,0,0,0,0,0,0,0,0
10201,PLANOSSOLOS,54.4511437970114,7739.427919716949,1.4255676253680716,12.117644028065675,0,1.1811939847557942,4.701173297089603,3.1807850140360596,0,0,13.833325041804143,0,0,54.4511437970114,9.109167211869257,0
10202,CAMBISSOLOS,94.5869115483874,948.6282659238238,0,0,0,5.413088451612592,0,0,0,0,0,0,0,0,94.5869115483874,0
10203,ARGISSOLOS,71.54799847839482,584.6012108980088,0,71.54799847839482,0,2.774741349358178,0,25.677260172247006,0,0,0,0,0,0,0,0
10204,LUVISSOLOS,75.95926651129217,405.4469250787284,0,0,0,23.177902783563237,75.95926651129217,0,0,0,0,0,0,0,0.8628307051445842,0
10205,LATOSSOLOS,92.5835899012894,457.8358617283033,0,7.416410098710597,0,92.5835899012894,0,0,0,0,0,0,0,0,0,0
10206,ARGISSOLOS,90.81586222984289,615.4825323723261,0,90.81586222984289,0,9.184137770157093,0,0,0,0,0,0,0,0,0,0
10207,LATOSSOLOS,77.5811350839915,775.8124204829323,0,0,0,77.5811350839915,22.418864916008502,0,0,0,0,0,0,0,0,0
10208,LATOSSOLOS,73.1325038659747,2684.8154430776917,0,22.385285237454674,0,73.1325038659747,3.042046781782627,0,0,0,0,0,0,0,1.4401641147880029,0
10209,PLANOSSOLOS,99.99999999999999,208.53843681050688,0,0,0,0,0,0,0,0,0,0,0,99.99999999999999,0,0
10210,ARGISSOLOS,83.86569388098981,57.799434319613,0,83.86569388098981,0,0,0,14.569111583394202,0,0,0,0,0,0,0,1.565194535615989
10211,LATOSSOLOS,71.88078889022867,1277.399309243144,0,0,0,71.88078889022867,0,28.119211109771328,0,0,0,0,0,0,0,0
10212,LATOSSOLOS,63.57920255123645,843.2701501088401,0,0,0,63.57920255123645,0,33.90005697620604,0,0,0,0,0,0,2.520740472557516,0
10213,LATOSSOLOS,55.059595611421734,2135.2181485763285,0,9.283805573274577,0,55.059595611421734,0,12.706272867264326,0,0,0,0,0,20.497373458598986,2.452952489440371,0
10214,LUVISSOLOS,76.64676328697314,650.634262457314,0,0,0,0,76.64676328697314,0,0,0,0,0,0,23.35323671302686,0,0
10215,ARGISSOLOS,98.75432445127063,1287.6094557954316,0,98.75432445127063,0,0,0,0,0,0,0,0,1.2456755487293467,0,0,0
10216,NEOSSOLOS,51.13759134281987,2994.2966702277677,0,9.596162354331971,0,39.266246302848174,0,51.13759134281987,0,0,0,0,0,0,0,0
10217,NEOSSOLOS,63.50002486481288,2294.4749534531643,0,0,0,0,28.582429748336935,63.50002486481288,0,0,0,0,0,7.917545386850184,0,0
10218,ARGISSOLOS,95.93903184814462,349.6450752824593,0,95.93903184814462,0,0,0,4.060968151855368,0,0,0,0,0,0,0,0
10219,LATOSSOLOS,91.56126559105427,1866.152355682827,0,8.438734408945741,0,91.56126559105427,0,0,0,0,0,0,0,0,0,0
10220,ARGISSOLOS,77.82240054684976,492.0787457322734,0,77.82240054684976,0,0,0,0,0,0,0,0,22.177599453150233,0,0,0
10221,PLANOSSOLOS,50.9715741757386,1467.0513319526392,0,0,0,37.8602191776047,11.168206646656698,0,0,0,0,0,0,50.9715741757386,0,0
10222,LATOSSOLOS,100,529.3106123981668,0,0,0,100,0,0,0,0,0,0,0,0,0,0
10223,CAMBISSOLOS,56.653232106255004,2232.9505301501385,0,43.34676789374498,0,0,0,0,0,0,0,0,0,0,56.653232106255004,0
10224,LATOSSOLOS,67.68247744402751,9155.801854926609,0,4.692854411616673,0,67.68247744402751,0,17.70380808635353,0,0,0,0,0,9.920860058002292,0,0
10225,NEOSSOLOS,42.60953162969928,346.9934252915161,0,41.867059916319114,0,13.950665526825924,0,42.60953162969928,0,0,1.5727429271556734,0,0,0,0,0
10226,LATOSSOLOS,95.71322131064063,730.0411365392766,0,0,0,95.71322131064063,4.286778689359382,0,0,0,0,0,0,0,0,0
10227,LATOSSOLOS,71.15930689810921,1277.0839435487105,0,0,0,71.15930689810921,26.765544370679557,0,0,0,0,0,0,2.0751487312112253,0,0
10228,ARGISSOLOS,53.959400855395565,772.4444623335373,0,53.959400855395565,0,0,32.10062251529946,0,0,0,0,0,0,0,0,13.939976629304962
10229,ARGISSOLOS,92.89510855687556,632.591723392017,0,92.89510855687556,0,0,0,7.1048914431244405,0,0,0,0,0,0,0,0
10230,PLANOSSOLOS,29.396797275755436,3357.2563276025653,0,27.820365288007928,0,29.3073664389607,0,13.475470997275934,0,0,0,0,0,29.396797275755436,0,0
10231,ARGISSOLOS,88.55770001930522,1238.9759881895793,0,88.55770001930522,0,11.442299980694786,0,0,0,0,0,0,0,0,0,0
10232,LATOSSOLOS,75.40556358941785,1568.5184863192324,0,0,0,75.40556358941785,11.441019155954699,10.247459088016653,0,0,0,0,0,0,2.9059581666108034,0
10233,PLANOSSOLOS,50.473300717290236,284.3449330992752,0,0,0,49.52669928270976,0,0,0,0,0,0,0,50.473300717290236,0,0
10234,LATOSSOLOS,57.16124427154313,1698.171264760933,0,0,0,57.16124427154313,0,17.659733326184245,0,0,0,0,0,0,25.179022402272622,0
10235,PLANOSSOLOS,70.40805953172689,3186.4734607672094,0,0,0,0,0,29.5919404682731,0,0,0,0,0,70.40805953172689,0,0
10236,LATOSSOLOS,52.62418870464594,1696.1362566998646,0.06580342613192063,0,0,52.62418870464594,0,47.31000786922213,0,0,0,0,0,0,0,0
10237,LATOSSOLOS,65.12113249941996,611.9402196201809,0,0,0,65.12113249941996,0,0.0032392993833411745,0,0,0,0,0,0,34.87562820119669,0
10238,LATOSSOLOS,54.418208003378105,2454.1668925828394,0,2.9218412030169265,0,54.418208003378105,0,42.65995079360498,0,0,0,0,0,0,0,0
10239,ARGISSOLOS,98.60827854457187,1667.7327383772429,0,98.60827854457187,0,0,0,0,0,0,0,0,0,0,0,1.3917214554281312
10240,LUVISSOLOS,88.08983589227753,1494.1426926411373,0,0,0,11.910164107722464,88.08983589227753,0,0,0,0,0,0,0,0,0
10241,ARGISSOLOS,100,110.13673279992015,0,100,0,0,0,0,0,0,0,0,0,0,0,0
10242,LATOSSOLOS,100,283.79042192013657,0,0,0,100,0,0,0,0,0,0,0,0,0,0
10243,ARGISSOLOS,78.33023691307751,253.77677056115803,0,78.33023691307751,0,9.21265046869256,0,12.088895431895411,0,0,0,0,0,0,0,0.3682171863345202
10244,LATOSSOLOS,55.99631654602904,373.8573930744817,0,0,44.00368345397095,55.99631654602904,0,0,0,0,0,0,0,0,0,0
10245,PLANOSSOLOS,95.00608704252679,2495.5700874730837,0,0,0,2.517970049797672,0,2.475942907675533,0,0,0,0,0,95.00608704252679,0,0
10246,CHERNOSSOLOS,40.67947602697464,853.5585988023718,0,39.87925110201568,0,14.85240772766093,4.58886514334875,0,0,0,0,0,40.67947602697464,0,0,0
10247,LATOSSOLOS,65.42705775965686,469.80592784924954,0,0,0,65.42705775965686,0,0,0,0,0,0,0,34.57294224034314,0,0
10248,LATOSSOLOS,74.70591262737435,950.5998978160247,0,25.29408737262565,0,74.70591262737435,0,0,0,0,0,0,0,0,0,0
10249,ARGISSOLOS,95.53772973348447,1164.1404325128017,0,95.53772973348447,0,0,0,0,0,0,0,0,0,0,0,4.462270266515513
10250,LATOSSOLOS,76.73819088620853,542.2816665003701,0,23.26180911379147,0,76.73819088620853,0,0,0,0,0,0,0,0,0,0
10251,LATOSSOLOS,59.62040906821491,3513.2392139531353,0,1.5940261836023966,0,59.62040906821491,0,38.78556474818269,0,0,0,0,0,0,0,0
10252,ARGISSOLOS,100,155.22525194338655,0,100,0,0,0,0,0,0,0,0,0,0,0,0
10253,PLANOSSOLOS,47.1341114754513,2525.221507327707,0,3.70584657409372,0,26.965291822195194,0,0,0,0,0,0,0,47.1341114754513,22.194750128259788,0
10254,NEOSSOLOS,53.65842196862954,657.6280817586824,0,0,0,46.34157803137046,0,53.65842196862954,0,0,0,0,0,0,0,0
10255,LATOSSOLOS,43.14189314568014,1170.752619995338,0,20.912826579886744,0,43.14189314568014,0,35.9452802744331,0,0,0,0,0,0,0,0
10256,NEOSSOLOS,49.87683756229804,2615.107197002787,3.5545778041057234,0,0,46.56858463359625,0,49.87683756229804,0,0,0,0,0,0,0,0
10257,LUVISSOLOS,88.45483020257312,606.7320803825756,0,0,0,0,88.45483020257312,0,0,0,0,0,11.545169797426889,0,0,0
10258,NEOSSOLOS,45.209883559181854,1579.572710348422,4.263843838223375,0,0,0,16.67911639525283,45.209883559181854,0,0,0,0,0,33.847156207341946,0,0
10259,ARGISSOLOS,100,159.17014001298588,0,100,0,0,0,0,0,0,0,0,0,0,0,0
10260,NEOSSOLOS,58.40615689482862,896.5870393615822,0,41.59384310517138,0,0,0,58.40615689482862,0,0,0,0,0,0,0,0
10261,NEOSSOLOS,81.98127786886874,1713.7663176695112,0,0,0,18.018722131131263,0,81.98127786886874,0,0,0,0,0,0,0,0
10262,NEOSSOLOS,64.72477976841401,11731.681492565094,2.5584722380447285,1.726657033291966,0,30.946081751046616,0,64.72477976841401,0,0,0,0,0,0.0365534246663954,0.0074557845362790915,0
10263,ARGISSOLOS,86.45274383056622,614.2937096024153,0,86.45274383056622,0,0,0,13.547256169433785,0,0,0,0,0,0,0,0
10264,LATOSSOLOS,100,439.6789718269473,0,0,0,100,0,0,0,0,0,0,0,0,0,0
10265,LUVISSOLOS,52.60799796965247,976.8319056843957,0,0,0,41.2703033722951,52.60799796965247,6.121698658052429,0,0,0,0,0,0,0,0
10266,LATOSSOLOS,82.83432134867427,926.9457413555397,0,0,0,82.83432134867427,17.098525732558013,0,0,0,0,0,0,0.06715291876773122,0,0
10267,ARGISSOLOS,54.433725970674686,883.9442648840459,0,54.433725970674686,0,45.56627402932532,0,0,0,0,0,0,0,0,0,0
10268,ARGISSOLOS,100,290.0452993016349,0,100,0,0,0,0,0,0,0,0,0,0,0,0
10269,CHERNOSSOLOS,58.67041871158574,985.5313806207206,0,27.699404372155062,0,4.272590380643832,9.357586535615361,0,0,0,0,0,58.67041871158574,0,0,0
10270,LATOSSOLOS,46.404319748388545,2419.5411865932087,0,42.137523120848,11.45815713076345,46.404319748388545,0,0,0,0,0,0,0,0,0,0
10271,CAMBISSOLOS,100,163.5604433487442,0,0,0,0,0,0,0,0,0,0,0,0,100,0
10272,LATOSSOLOS,88.10464275996047,1556.3991998847482,0,0,2.7498220247432426,88.10464275996047,0,0,0,0,0,0,0,0,0,9.145535215296286
10273,PLANOSSOLOS,74.20365144354335,1342.5102234104068,0,0,0,0.7336582966745634,0,19.798074806180683,0,0,0,0,0,74.20365144354335,5.264615453601414,0
10274,NEOSSOLOS,31.530369373353786,4682.588226130131,17.524982761021356,22.22820230250871,0,28.716445563116142,0,31.530369373353786,0,0,0,0,0,0,0,0
10275,PLANOSSOLOS,100.00000000000001,181.48061885510253,0,0,0,0,0,0,0,0,0,0,0,100.00000000000001,0,0
10276,LATOSSOLOS,56.82817853450908,5672.4769617269985,0,0,0,56.82817853450908,0,39.403727161808966,0,0,0,0,0,3.7680943036819587,0,0
10277,NEOSSOLOS,64.01454744785181,1063.6786933583003,0,35.443377854522815,0,0.542074697625367,0,64.01454744785181,0,0,0,0,0,0,0,0
10278,LATOSSOLOS,56.03959439790797,814.5145733022584,0,0,0,56.03959439790797,0,0,0,0,0,0,0,0,43.96040560209203,0
10279,NEOSSOLOS,69.90148952780062,819.4868619889725,0,24.17306008904139,0,5.925450383158,0,69.90148952780062,0,0,0,0,0,0,0,0
10280,ARGISSOLOS,98.72885666618639,716.705175110109,0,98.72885666618639,0,0,0,0,0,0,0,0,0,1.2711433338135918,0,0
10281,NEOSSOLOS,82.41835977478333,2723.393856511097,6.795898806541337,0,0,0,0,82.41835977478333,0,0,0,0,0,10.78574141867535,0,0
10282,LUVISSOLOS,64.06200950632021,2171.4268796939373,0,0,0,27.63648262699043,64.06200950632021,0,0,0,0,0,0,8.301507866689366,0,0
10283,NEOSSOLOS,96.09589009543188,52.63260533606393,0,0,0,0,0,96.09589009543188,0,0,3.9041099045681213,0,0,0,0,0
10284,PLANOSSOLOS,100,345.5822950144902,0,0,0,0,0,0,0,0,0,0,0,100,0,0
10285,PLANOSSOLOS,42.98877680857071,882.4394003831625,0,15.72347494836022,0,0,25.23356709860833,16.054181144460742,0,0,0,0,0,42.98877680857071,0,0
10286,CHERNOSSOLOS,89.47026456251686,298.30179233041594,0,0,0,0,10.52973543748313,0,0,0,0,0,89.47026456251686,0,0,0
10287,LATOSSOLOS,98.19345670549886,315.6277937375823,0,0,0,98.19345670549886,1.8065432945011548,0,0,0,0,0,0,0,0,0
10288,PLANOSSOLOS,100.00000000000001,1563.2486096532764,0,0,0,0,0,0,0,0,0,0,0,100.00000000000001,0,0
10289,CAMBISSOLOS,62.02130823809641,1966.712415385251,0,0,0.7446590721550669,9.970791926195563,0,27.263240763552965,0,0,0,0,0,0,62.02130823809641,0
10290,LATOSSOLOS,56.24294500191228,1820.0236735492538,0,0,0,56.24294500191228,0,0,0,0,0,0,0,0,43.75705499808771,0
10291,PLANOSSOLOS,83.91561546656328,230.8808742502731,0,16.084384533436726,0,0,0,0,0,0,0,0,0,83.91561546656328,0,0
10292,VERTISSOLOS,64.25480362385112,549.0180805585671,0,35.74519637614889,0,0,0,0,0,0,64.25480362385112,0,0,0,0,0
10293,ARGISSOLOS,71.50365368435439,261.15839829066965,0,71.50365368435439,0,28.496346315645603,0,0,0,0,0,0,0,0,0,0
10294,PLANOSSOLOS,78.29322428989491,363.022644916139,8.756425727945224,0,0,0,0,0,0,0,0,0,12.950349982159874,78.29322428989491,0,0
10295,LATOSSOLOS,81.50955535281341,15158.612212477241,0,0,10.071477790139612,81.50955535281341,0,6.251607972029505,0,0,0,0,0,0,2.1673588850174745,0
10296,PLANOSSOLOS,99.99999999999999,711.0249149809915,0,0,0,0,0,0,0,0,0,0,0,99.99999999999999,0,0
10297,ARGISSOLOS,99.82573995568707,99.14205610342218,0,99.82573995568707,0,0.17426004431293224,0,0,0,0,0,0,0,0,0,0
10298,LATOSSOLOS,68.7079764278727,206.37076803682254,0,31.292023572127313,0,68.7079764278727,0,0,0,0,0,0,0,0,0,0
10299,ARGISSOLOS,88.34528223019316,230.82097217755694,0,88.34528223019316,0,0,0,0,0,0,11.654717769806846,0,0,0,0,0
10300,ARGISSOLOS,88.27922969527668,300.7764987952491,11.276991051190807,88.27922969527668,0,0,0,0,0,0,0,0,0,0.4437792535325026,0,0
10301,LATOSSOLOS,98.80432917285471,214.70197496313577,0,1.1956708271453058,0,98.80432917285471,0,0,0,0,0,0,0,0,0,0
10302,ARGISSOLOS,95.80626659045629,537.9775189318432,0,95.80626659045629,0,0,0,0,0,0,4.193733409543711,0,0,0,0,0
10303,LATOSSOLOS,99.46365570104396,117.13085247900952,0,0,0,99.46365570104396,0,0,0,0,0,0,0,0.53634429895604,0,0
10304,LATOSSOLOS,51.18557740976909,1010.0288213720844,0,48.81442259023091,0,51.18557740976909,0,0,0,0,0,0,0,0,0,0
10305,LATOSSOLOS,80.33212231069542,504.2334458867678,0,0,0,80.33212231069542,7.9767850706786225,5.892043487967808,0,0,0,0,0,5.799049130658146,0,0
10306,LATOSSOLOS,69.86717277312765,2516.6713307192317,0,0,0,69.86717277312765,0,30.132827226872358,0,0,0,0,0,0,0,0
10307,LATOSSOLOS,38.62937381160722,1948.3243731701552,0,23.84081992329288,0,38.62937381160722,0,3.4000398004393695,0,0,0,0,0,0,34.12976646466053,0
10308,NEOSSOLOS,39.582266459681286,12697.760169385381,8.65015824181082,9.997978966189878,0,27.616131686717566,0,39.582266459681286,0,0,0,0,0,7.810425923459311,6.3430387221411335,0
10309,CAMBISSOLOS,52.274260139126795,1346.8751057207426,0,0,0,47.7257398608732,0,0,0,0,0,0,0,0,52.274260139126795,0
10310,PLANOSSOLOS,100,536.5761251297668,0,0,0,0,0,0,0,0,0,0,0,100,0,0
10311,LATOSSOLOS,100,295.834103797537,0,0,0,100,0,0,0,0,0,0,0,0,0,0
10312,ARGISSOLOS,68.43255632365715,201.24765602565563,0,68.43255632365715,0,0,0,0,0,0,0,0,0,0,0,31.567443676342855
10313,LATOSSOLOS,84.67689094993239,993.4263858247598,0,0,0,84.67689094993239,0,6.71681333717935,0,0,0,0,0,0,8.606295712888269,0
10314,LATOSSOLOS,81.30507117267933,1375.4258074628635,0,0,8.776761358305519,81.30507117267933,0,0,0,0,0,0,0,0,9.918167469015147,0
10315,ARGISSOLOS,61.34922338228646,1235.2221112133627,0,61.34922338228646,0,38.65077661771355,0,0,0,0,0,0,0,0,0,0
10316,PLANOSSOLOS,100,219.9278823031787,0,0,0,0,0,0,0,0,0,0,0,100,0,0
10317,LATOSSOLOS,90.47109798210799,403.1241590410216,0,0,9.528902017892003,90.47109798210799,0,0,0,0,0,0,0,0,0,0
10318,LUVISSOLOS,59.392686780342714,663.51905776375,0,0,0,40.607313219657286,59.392686780342714,0,0,0,0,0,0,0,0,0
10319,ARGISSOLOS,73.76473873729151,231.54857167189408,0,73.76473873729151,0,0,0,0,0,0,26.235261262708494,0,0,0,0,0
10320,PLANOSSOLOS,100,335.3403082298511,0,0,0,0,0,0,0,0,0,0,0,100,0,0
10321,LATOSSOLOS,99.47999592120436,317.7026077323533,0,0,0,99.47999592120436,0.5200040787956418,0,0,0,0,0,0,0,0,0
10322,VERTISSOLOS,64.79910770853782,198.80986907495574,0,35.20089229146219,0,0,0,0,0,0,64.79910770853782,0,0,0,0,0
10323,LATOSSOLOS,41.271057448204424,2798.629258361085,0,0,0,41.271057448204424,0,18.062126180805574,0,0,0,0,0,40.666816370990006,0,0
10324,LUVISSOLOS,54.09599719357483,3034.66507475201,0,0,0,0,54.09599719357483,0,0,0,0,0,0,45.90400280642516,0,0
10325,LATOSSOLOS,92.61267733582235,725.8321046634212,0,0,0,92.61267733582235,7.387322664177656,0,0,0,0,0,0,0,0,0
10326,LUVISSOLOS,67.93383262932691,178.88849290652288,0,0,0,32.066167370673085,67.93383262932691,0,0,0,0,0,0,0,0,0
10327,LATOSSOLOS,97.66639260079239,268.0685196940514,0,0,0,97.66639260079239,2.3336073992076085,0,0,0,0,0,0,0,0,0
10328,CAMBISSOLOS,62.73549500660722,550.8337518318485,0,0,0,0,0,37.26450499339277,0,0,0,0,0,0,62.73549500660722,0
10329,ARGISSOLOS,65.02172597568611,969.4939311191637,0,65.02172597568611,0,19.64397211327871,0,15.334301911035174,0,0,0,0,0,0,0,0
10330,LATOSSOLOS,60.89101376964552,370.8875996070588,0,0,0,60.89101376964552,39.108986230354475,0,0,0,0,0,0,0,0,0
10331,LATOSSOLOS,95.95053827648978,638.3926653321215,0,0,0,95.95053827648978,4.049461723510225,0,0,0,0,0,0,0,0,0
10332,LATOSSOLOS,100,204.69593212271204,0,0,0,100,0,0,0,0,0,0,0,0,0,0
10333,ARGISSOLOS,100,141.25215659121065,0,100,0,0,0,0,0,0,0,0,0,0,0,0
10334,LATOSSOLOS,65.85191511455088,3356.4356451794306,0,34.14808488544912,0,65.85191511455088,0,0,0,0,0,0,0,0,0,0
10335,LATOSSOLOS,100,421.17833181536275,0,0,0,100,0,0,0,0,0,0,0,0,0,0
10336,LATOSSOLOS,92.53036365334948,673.6690626128848,0,0,0,92.53036365334948,7.4696363466505105,0,0,0,0,0,0,0,0,0
