code_amc,state_abbr,densidade_real_1858,densidade_real_1860,densidade_real_1862,densidade_real_1863,densidade_real_1873,densidade_real_1875,densidade_real_1876,densidade_real_1880,densidade_real_1881,densidade_real_1882,densidade_real_1883,densidade_real_1884,densidade_real_1885,densidade_real_1886,densidade_real_1887,densidade_real_1888,densidade_real_1891,densidade_real_1892,densidade_real_1894,densidade_real_1895,densidade_real_1896,densidade_real_1900,densidade_real_1901,densidade_real_1902,densidade_real_1904,densidade_real_1905,densidade_real_1906,densidade_real_1907,densidade_real_1908,densidade_real_1910,densidade_real_1911,densidade_real_1912,densidade_real_1913,densidade_real_1914,densidade_real_1915,densidade_real_1916,densidade_real_1917,densidade_real_1918,densidade_real_1919,densidade_real_1920,densidade_real_1921,densidade_real_1922,densidade_real_1923,densidade_real_1924,densidade_real_1925,densidade_real_1926,densidade_real_1927,densidade_real_1929,densidade_real_1931,densidade_real_1932,densidade_real_1933,densidade_real_1934,densidade_real_1936,densidade_real_1937,densidade_real_1940,densidade_real_1941,densidade_real_1944,densidade_real_1947,densidade_real_1948,densidade_real_1949,densidade_real_1950,densidade_real_1951,densidade_real_1953,densidade_real_1955,densidade_real_1956,densidade_real_1957,densidade_real_1958,densidade_real_1961,densidade_real_1962,densidade_real_1966,densidade_real_1969,densidade_real_1972,densidade_real_1985,densidade_real_1996,densidade_real_2003
3001,MA,0,0,0,0,0,0,0,0,0,0,0,0,0,0,0,0,0,0,0,0,0,0,0,0,0,0,0,0,0,0,0,0,0,0,0,0,0,0,0,0,0,0,0,0,0,0,0,0,0,0,0,0,0,0,0,0,0,0,0,0,0,0,0,0,0,0,0,0,0,0,0,0,8.47322173368182,11.8633364701403,11.8633364701403
3002,MA,0,0,0,0,0,0,0,0,0,0,0,0,0,0,0,0,0,0,0,0,0,0,0,0,0,0,0,0,0,0,0,0,0,0,0,0,0,0,0,0,0,0,0,0,0,0,0,0,0,0,0,0,0,0,0,0,0,0,0,0,0,0,0,0,0,0,0,0,0,0,0,0,0,0,0
3003,MA,0,0,0,0,0,0,0,0,0,0,0,0,0,0,0,0,0,0,0,0,0,0,0,0,0,0,0,0,0,0,0,0,0,0,0,0,0,0,0,0,0,0,0,0,0,0,0,0,0,0,0,0,0,0,0,0,0,0,0,0,0,0,0,0,0,0,0,0,0,0,0,0,0,0,0
3004,MA,0,0,0,0,0,0,0,0,0,0,0,0,0,0,0,0,0,0,0,0,0,0,0,0,0,0,0,0,0,0,0,0,0,0,0,0,0,0,0,0,0,0,0,0,0,0,0,0,0,0,0,0,0,0,0,0,0,0,0,0,0,0,0,0,0,0,0,0,0,0,0,0,0,0,0
3005,MA,0,0,0,0,0,0,0,0,0,0,0,0,0,0,0,0,0,0,0,0,0,0,0,0,0,0,0,0,0,0,0,0,0,0,0,0,0,0,0,0,0,0,0,0,0,0,0,0,0,0,0,0,0,0,0,0,0,0,0,0,0,0,0,0,0,0,0,0,0,0,0,0,0,0,0
3006,MA,0,0,0,0,0,0,0,0,0,0,0,0,0,0,0,0,0,0,0,0,0,0,0,0,0,0,0,0,0,0,0,0,0,0,0,0,0,0,0,0,0,0,0,0,0,0,0,0,0,0,0,0,0,0,0,0,0,0,0,0,0,0,0,0,0,0,0,0,0,0,0,0,0,0,0
3007,MA,0,0,0,0,0,0,0,0,0,0,0,0,0,0,0,0,0,0,0,0,0,0,0,0,0,0,0,0,0,0,0,0,0,0,0,0,0,0,0,0,9.9883508663807,9.9883508663807,9.9883508663807,9.9883508663807,9.9883508663807,9.9883508663807,9.9883508663807,9.9883508663807,9.9883508663807,9.9883508663807,9.9883508663807,9.9883508663807,9.9883508663807,9.9883508663807,9.9883508663807,9.9883508663807,9.9883508663807,9.9883508663807,9.9883508663807,9.9883508663807,9.9883508663807,9.9883508663807,9.9883508663807,9.9883508663807,9.9883508663807,9.9883508663807,9.9883508663807,9.9883508663807,9.9883508663807,9.9883508663807,9.9883508663807,9.9883508663807,9.9883508663807,9.9883508663807,9.9883508663807
3008,MA,0,0,0,0,0,0,0,0,0,0,0,0,0,0,0,0,0,0,0,0,0,0,0,0,0,0,0,0,0,0,0,0,0,0,0,0,0,0,0,0,0,0,0,0,0,0,0,0,0,0,0,0,0,0,0,0,0,0,0,0,0,0,0,0,0,0,0,0,0,0,0,0,12.4540572264841,12.4540572264841,12.4540572264841
3009,MA,0,0,0,0,0,0,0,0,0,0,0,0,0,0,0,0,0,0,0,0,0,0,0,0,0,0,0,0,0,0,0,0,0,0,0,0,0,0,0,0,0,0,0,0,0,0,0,0,0,0,0,0,0,0,0,0,0,0,0,0,0,0,0,0,0,0,0,0,0,0,0,0,0,0,0
3010,MA,0,0,0,0,0,0,0,0,0,0,0,0,0,0,0,0,0,0,0,0,0,0,0,0,0,0,0,0,0,0,0,0,0,0,0,0,0,0,0,0,0,0,0,0,0,0,0,0,0,0,0,0,0,0,0,0,0,0,0,0,0,0,0,0,0,0,0,0,0,0,0,0,0,0,0
3011,MA,0,0,0,0,0,0,0,0,0,0,0,0,0,0,0,0,0,0,0,0,0,0,0,0,0,0,0,0,0,0,0,0,0,0,0,0,0,0,0,0,0,0,0,0,0,0,0,0,0,0,0,0,0,0,0,0,0,0,0,0,0,0,0,0,0,0,0,0,0,0,0,0,20.2650441604831,20.2650441604831,20.2650441604831
3012,MA,0,0,0,0,0,0,0,0,0,0,0,0,0,0,0,0,0,0,0,0,0,0,0,0,0,0,0,0,0,0,0,0,0,0,0,0,0,0,0,0,0,0,0,0,0,0,0,0,0,0,0,0,0,0,0,0,0,0,0,0,0,0,0,0,0,0,0,0,0,0,0,0,0,0,0
3013,MA,0,0,0,0,0,0,0,0,0,0,0,0,0,0,0,0,0,0,0,0,0,0,0,0,0,0,0,0,0,0,0,0,0,0,0,0,0,0,0,0,0,0,0,0,0,0,0,0,0,0,0,0,0,0,0,0,0,0,0,0,0,0,0,0,0,0,0,0,0,0,0,0,0,0,0
3014,MA,0,0,0,0,0,0,0,0,0,0,0,0,0,0,0,0,0,0,0,0,0,0,0,0,0,0,0,0,0,0,0,0,0,0,0,0,0,0,0,0,0,0,0,0,0,0,0,0,0,0,0,0,0,0,0,0,0,0,0,0,0,0,0,0,0,0,0,0,0,0,0,0,2.14546680947875,2.14546680947875,2.14546680947875
3015,MA,0,0,0,0,0,0,0,0,0,0,0,0,0,0,0,0,0,0,0,0,0,0,0,0,0,0,0,0,0,0,0,0,0,0,0,0,0,0,0,0,0,0,0,0,0,0,0,0,0,0,0,0,0,0,0,0,0,0,0,0,0,0,0,0,0,0,0,0,0,0,0,0,0,0,0
3016,MA,0,0,0,0,0,0,0,0,0,0,0,0,0,0,0,0,0,0,0,0,0,0,0,0,0,0,0,0,0,0,0,0,0,0,0,0,0,0,0,0,0,0,0,0,0,0,0,0,0,0,0,0,0,0,0,0,0,0,0,0,0,0,0,0,0,0,0,0,0,0,0,0,23.9700047454419,23.9700047454419,23.9700047454419
3017,MA,0,0,0,0,0,0,0,0,0,0,0,0,0,0,0,0,0,0,0,0,0,0,0,0,0,0,0,0,0,0,0,0,0,0,0,0,0,0,0,0,0,0,0,0,0,0,0,0,0,0,0,0,0,0,0,0,0,0,0,0,0,0,0,0,0,0,0,0,0,0,0,0,0,0,0
3018,MA,0,0,0,0,0,0,0,0,0,0,0,0,0,0,0,0,0,0,0,0,0,0,0,0,0,0,0,0,0,0,0,0,0,0,0,0,0,0,29.4687397122804,39.1809614857717,39.1809614857717,39.1809614857717,39.1809614857717,39.1809614857717,39.1809614857717,39.1809614857717,39.1809614857717,39.1809614857717,39.1809614857717,39.1809614857717,39.1809614857717,39.1809614857717,39.1809614857717,39.1809614857717,39.1809614857717,39.1809614857717,39.1809614857717,39.1809614857717,39.1809614857717,39.1809614857717,39.1809614857717,39.1809614857717,39.1809614857717,39.1809614857717,39.1809614857717,39.1809614857717,39.1809614857717,39.1809614857717,39.1809614857717,39.1809614857717,39.1809614857717,39.1809614857717,69.8718258202038,69.8718258202038,69.8718258202038
3019,MA,0,0,0,0,0,0,0,0,0,0,0,0,0,0,0,0,0,0,0,0,0,0,0,0,0,0,0,0,0,0,0,0,0,0,0,0,0,0,0,0,0,0,0,0,0,0,0,0,0,0,0,0,0,0,0,0,0,0,0,0,0,0,0,0,0,0,0,0,0,0,0,0,0,0,0
3020,MA,0,0,0,0,0,0,0,0,0,0,0,0,0,0,0,0,0,0,0,0,0,0,0,0,0,0,0,0,0,0,0,0,0,0,0,0,0,0,0,0,0,0,0,0,0,0,0,0,0,0,0,0,0,0,0,0,0,0,0,0,0,0,0,0,0,0,0,0,0,0,0,0,0,0,0
3021,MA,0,0,0,0,0,0,0,0,0,0,0,0,0,0,0,0,0,0,0,0,0,0,0,0,0,0,0,0,0,0,0,0,0,0,0,0,0,0,0,0,0,0,0,0,0,0,0,0,0,0,0,0,0,0,0,0,0,0,0,0,0,0,0,0,0,0,0,0,0,0,0,0,0,0,0
3022,MA,0,0,0,0,0,0,0,0,0,0,0,0,0,0,0,0,0,0,0,0,0,0,0,0,0,0,0,0,0,0,0,0,0,0,0,0,0,0,0,0,0,0,0,0,0,0,0,0,0,0,0,0,0,0,0,0,0,0,0,0,0,0,0,0,0,0,0,0,0,0,0,0,0,0,0
3023,MA,0,0,0,0,0,0,0,0,0,0,0,0,0,0,0,0,0,0,0,0,0,0,0,0,0,0,0,0,0,0,0,0,0,0,0,0,0,0,0,0,0,0,0,0,0,0,0,0,0,0,0,0,0,0,0,0,0,0,0,0,0,0,0,0,0,0,0,0,0,0,0,0,0,0,0
3024,MA,0,0,0,0,0,0,0,0,0,0,0,0,0,0,0,0,0,0,0,0,0,0,0,0,0,0,0,0,0,0,0,0,0,0,0,0,0,0,0,0,0,0,0,0,0,0,0,0,0,0,0,0,0,0,0,0,0,0,0,0,0,0,0,0,0,0,0,0,0,0,0,0,17.6425136513728,17.6425136513728,17.6425136513728
3025,MA,0,0,0,0,0,0,0,0,0,0,0,0,0,0,0,0,0,0,0,0,0,0,0,0,0,0,0,0,0,0,0,0,0,0,0,0,0,0,0,0,0,0,0,0,0,0,0,0,0,0,0,0,0,0,0,0,0,0,0,0,0,0,0,0,0,0,0,0,0,0,0,0,0,0,0
3026,MA,0,0,0,0,0,0,0,0,0,0,0,0,0,0,0,0,0,0,0,0,0,0,0,0,0,0,0,0,0,0,0,0,0,0,0,0,0,0,0,0,0,0,0,0,0,0,0,0,0,0,0,0,0,0,0,0,0,0,0,0,0,0,0,0,0,0,0,0,0,0,0,0,0,0,0
3027,MA,0,0,0,0,0,0,0,0,0,0,0,0,0,0,0,0,0,0,0,0,0,0,0,0,0,0,0,0,0,0,0,0,0,0,0,0,0,0,0,0,0,0,0,0,0,0,0,0,0,0,0,0,0,0,0,0,0,0,0,0,0,0,0,0,0,0,0,0,0,0,0,0,0,0,0
3028,MA,0,0,0,0,0,0,0,0,0,0,0,0,0,0,0,0,0,0,0,0,0,0,0,0,0,0,0,0,0,0,0,0,0,0,0,0,0,0,0,0,0,0,0,0,0,0,0,0,0,0,0,0,0,0,0,0,0,0,0,0,0,0,0,0,0,0,0,0,0,0,0,0,0.18211068926815,0.18211068926815,0.18211068926815
3029,MA,0,0,0,0,0,0,0,0,0,0,0,0,0,0,0,0,0,0,0,0,0,0,0,0,0,0,0,0,0,0,0,0,0,0,0,0,0,0,0,0,0,0,0,0,0,0,0,0,0,0,0,0,0,0,0,0,0,0,0,0,0,0,0,0,0,0,0,0,0,0,0,0,0,0,0
3030,MA,0,0,0,0,0,0,0,0,0,0,0,0,0,0,0,0,0,0,0,0,0,0,0,0,0,0,0,0,0,0,0,0,0,0,0,0,0,0,0,0,0,0,0,0,0,0,0,0,0,0,0,0,0,0,0,0,0,0,0,0,0,0,0,0,0,0,0,0,0,0,0,0,0,0,0
3031,MA,0,0,0,0,0,0,0,0,0,0,0,0,0,0,0,0,0,0,0,0,0,0,0,0,0,0,0,0,0,0,0,0,0,0,0,0,0,0,0,0,0,0,0,0,0,0,0,0,0,0,0,0,0,0,0,0,0,0,0,0,0,0,0,0,0,0,0,0,0,0,0,0,0,0,0
3032,MA,0,0,0,0,0,0,0,0,0,0,0,0,0,0,0,0,0,0,0,0,0,0,0,0,0,0,0,0,0,0,0,0,0,0,0,0,0,0,0,0,0,0,0,0,0,0,0,0,0,0,0,0,0,0,0,0,0,0,0,0,0,0,0,0,0,0,0,0,0,0,0,0,0,9.21090694957189,9.21090694957189
3033,MA,0,0,0,0,0,0,0,0,0,0,0,0,0,0,0,0,0,0,0,0,0,0,0,0,0,0,0,0,0,0,0,0,0,0,0,0,0,0,0,0,0,0,0,0,0,0,0,0,0,0,0,0,0,0,0,0,0,0,0,0,0,0,0,0,0,0,0,0,0,0,0,0,0,0,0
3034,MA,0,0,0,0,0,0,0,0,0,0,0,0,0,0,0,0,0,0,0,0,0,0,0,0,0,0,0,0,0,0,0,0,0,0,0,0,0,0,0,0,0,0,0,0,0,0,0,0,0,0,0,0,0,0,0,0,0,0,0,0,0,0,0,0,0,0,0,0,0,0,0,0,0,0,0
3035,MA,0,0,0,0,0,0,0,0,0,0,0,0,0,0,0,0,0,0,0,0,0,0,0,0,0,0,0,0,0,0,0,0,0,0,0,0,0,0,0,0,0,0,0,0,0,0,0,0,0,0,0,0,0,0,0,0,0,0,0,0,0,0,0,0,0,0,0,0,0,0,0,0,0,8.43619608804883,12.6941358279138
3036,MA,0,0,0,0,0,0,0,0,0,0,0,0,0,0,0,0,0,0,0,0,0,0,0,0,0,0,0,0,0,0,0,0,0,0,0,0,0,0,0,0,0,0,0,0,0,0,0,0,0,0,0,0,0,0,0,0,0,0,0,0,0,0,0,0,0,0,0,0,0,0,0,0,0,0,0
3037,MA,0,0,0,0,0,0,0,0,0,0,0,0,0,0,0,0,0,0,0,0,0,0,0,0,0,0,0,0,0,0,0,0,0,0,0,0,0,0,0,0,0,0,0,0,0,0,0,0,0,0,0,0,0,0,0,0,0,0,0,0,0,0,0,0,0,0,0,0,0,0,0,0,0,0,0.974251110975689
3038,MA,0,0,0,0,0,0,0,0,0,0,0,0,0,0,0,0,0,0,0,6.04363495674398,6.04363495674398,6.04363495674398,6.04363495674398,6.04363495674398,6.04363495674398,6.04363495674398,6.04363495674398,6.04363495674398,6.04363495674398,6.04363495674398,6.04363495674398,6.04363495674398,6.04363495674398,6.04363495674398,6.04363495674398,6.04363495674398,6.04363495674398,6.04363495674398,6.04363495674398,6.04363495674398,12.387323686409,12.387323686409,12.387323686409,12.387323686409,12.387323686409,12.387323686409,12.387323686409,12.387323686409,12.387323686409,12.387323686409,12.387323686409,12.387323686409,12.387323686409,12.387323686409,12.387323686409,12.387323686409,12.387323686409,12.387323686409,12.387323686409,12.387323686409,12.387323686409,12.387323686409,12.387323686409,12.387323686409,12.387323686409,12.387323686409,12.387323686409,12.387323686409,12.387323686409,12.387323686409,12.387323686409,12.387323686409,12.387323686409,12.387323686409,12.387323686409
3039,MA,0,0,0,0,0,0,0,0,0,0,0,0,0,0,0,0,0,0,0,0,0,0,0,0,0,0,0,0,0,0,0,0,0,0,0,0,0,0,0,0,0,0,0,0,0,0,0,0,0,0,0,0,0,0,0,0,0,0,0,0,0,0,0,0,0,0,0,0,0,0,0,0,0,0,0
3040,MA,0,0,0,0,0,0,0,0,0,0,0,0,0,0,0,0,0,0,0,0,0,0,0,0,0,0,0,0,0,0,0,0,0,0,0,0,0,0,0,0,0,0,0,0,0,0,0,0,0,0,0,0,0,0,0,0,0,0,0,0,0,0,0,0,0,0,0,0,0,0,0,0,0,0,0
3041,MA,0,0,0,0,0,0,0,0,0,0,0,0,0,0,0,0,0,0,0,0,0,0,0,0,0,0,0,0,0,0,0,0,0,0,0,0,0,0,0,0,0,0,0,0,0,0,0,0,0,0,0,0,0,0,0,0,0,0,0,0,0,0,0,0,0,0,0,0,0,0,0,0,0,0,0
3042,MA,0,0,0,0,0,0,0,0,0,0,0,0,0,0,0,0,0,0,0,0,0,0,0,0,0,0,0,0,0,0,0,0,0,0,0,0,0,0,0,0,0,0,0,0,0,0,0,0,0,0,0,0,0,0,0,0,0,0,0,0,0,0,0,0,0,0,0,0,0,0,0,0,0,0,0
3043,MA,0,0,0,0,0,0,0,0,0,0,0,0,0,0,0,0,0,0,0,0,0,0,0,0,0,0,0,0,0,0,0,0,0,0,0,0,0,0,0,0,0,0,0,0,0,0,0,0,0,0,0,0,0,0,0,0,0,0,0,0,0,0,0,0,0,0,0,0,0,0,0,0,0,0,0
3044,MA,0,0,0,0,0,0,0,0,0,0,0,0,0,0,0,0,0,0,0,0,0,0,0,0,0,0,0,0,0,0,0,0,0,0,0,0,0,0,0,0,0,0,0,0,0,0,0,0,0,0,0,0,0,0,0,0,0,0,0,0,0,0,0,0,0,0,0,0,0,0,0,0,0,0,0
3045,MA,0,0,0,0,0,0,0,0,0,0,0,0,0,0,0,0,0,0,0,0,0,0,0,0,0,0,0,0,0,0,0,0,0,0,0,0,0,0,0,0,0,0,0,0,0,0,0,0,0,0,0,0,0,0,0,0,0,0,0,0,0,0,0,0,0,0,0,0,0,0,0,0,0,0,0
3046,MA,0,0,0,0,0,0,0,0,0,0,0,0,0,0,0,0,0,0,0,0,0,0,0,0,0,0,0,0,0,0,0,0,0,0,0,0,0,0,0,0,0,0,0,0,0,0,0,0,0,0,0,0,0,0,0,0,0,0,0,0,0,0,0,0,0,0,0,0,0,0,0,0,0,0,0
3047,MA,0,0,0,0,0,0,0,0,0,0,0,0,0,0,0,0,0,0,0,0,0,0,0,0,0,0,0,0,0,0,0,0,0,0,0,0,0,0,0,0,0,0,0,0,0,0,0,0,0,0,0,0,0,0,0,0,0,0,0,0,0,0,0,0,0,0,0,0,0,0,0,0,0,0,0
3048,MA,0,0,0,0,0,0,0,0,0,0,0,0,0,0,0,0,0,0,0,0,0,0,0,0,0,0,0,0,0,0,0,0,0,0,0,0,0,0,0,0,0,0,0,0,0,0,0,0,0,0,0,0,0,0,0,0,0,0,0,0,0,0,0,0,0,0,0,0,0,0,0,0,0,0,0
3049,MA,0,0,0,0,0,0,0,0,0,0,0,0,0,0,0,0,0,0,0,0,0,0,0,0,0,0,0,0,0,0,0,0,0,0,0,0,0,0,0,0,0,0,0,0,0,0,0,0,0,0,0,0,0,0,0,0,0,0,0,0,0,0,0,0,0,0,0,0,0,0,0,0,0,0,0
3050,MA,0,0,0,0,0,0,0,0,0,0,0,0,0,0,0,0,0,0,0,0,0,0,0,0,0,0,0,0,0,0,0,0,0,0,0,0,0,0,0,0,0,0,0,0,0,0,0,0,0,0,0,0,0,0,0,0,0,0,0,0,0,0,0,0,0,0,0,0,0,0,0,0,0,0,0
3051,MA,0,0,0,0,0,0,0,0,0,0,0,0,0,0,0,0,0,0,0,0,0,0,0,0,0,0,0,0,0,0,0,0,0,0,0,0,0,0,0,0,0,0,0,0,0,0,0,0,0,0,0,0,0,0,0,0,0,0,0,0,0,0,0,0,0,0,0,0,0,0,0,0,0,0,0
3052,MA,0,0,0,0,0,0,0,0,0,0,0,0,0,0,0,0,0,0,0,0,0,0,0,0,0,0,0,0,0,0,0,0,0,0,0,0,0,0,0,0,0,0,0,0,0,0,0,0,0,0,0,0,0,0,0,0,0,0,0,0,0,0,0,0,0,0,0,0,0,0,0,0,0,0,0
3053,MA,0,0,0,0,0,0,0,0,0,0,0,0,0,0,0,0,0,0,0,0,0,0,0,0,0,0,0,0,0,0,0,0,0,0,0,0,0,0,0,0,0,0,0,0,0,0,0,0,0,0,0,0,0,0,0,0,0,0,0,0,0,0,0,0,0,0,0,0,0,0,0,0,0,0,0
3054,MA,0,0,0,0,0,0,0,0,0,0,0,0,0,0,0,0,0,0,0,0,0,0,0,0,0,0,0,0,0,0,0,0,0,0,0,0,0,0,0,0,0,0,0,0,0,0,0,0,0,0,0,0,0,0,0,0,0,0,0,0,0,0,0,0,0,0,0,0,0,0,0,0,0,0,0
3055,MA,0,0,0,0,0,0,0,0,0,0,0,0,0,0,0,0,0,0,0,0,0,0,0,0,0,0,0,0,0,0,0,0,0,0,0,0,0,0,0,0,0,0,0,0,0,0,0,0,0,0,0,0,0,0,0,0,0,0,0,0,0,0,0,0,0,0,0,0,0,0,0,0,0,0,0
3056,MA,0,0,0,0,0,0,0,0,0,0,0,0,0,0,0,0,0,0,0,0,0,0,0,0,0,0,0,0,0,0,0,0,0,0,0,0,0,0,0,0,0,0,0,0,0,0,0,0,0,0,0,0,0,0,0,0,0,0,0,0,0,0,0,0,0,0,0,0,0,0,0,0,0,0,0
3057,MA,0,0,0,0,0,0,0,0,0,0,0,0,0,0,0,0,0,0,0,0,0,0,0,0,0,0,0,0,0,0,0,0,0,0,0,0,0,0,0,0,0,0,0,0,0,0,0,0,0,0,0,0,0,0,0,0,0,0,0,0,0,0,0,0,0,0,0,0,0,0,0,0,0,0,0
3058,MA,0,0,0,0,0,0,0,0,0,0,0,0,0,0,0,0,0,0,0,0,0,0,0,0,0,0,0,0,0,0,0,0,0,0,0,0,0,0,0,0,0,0,0,0,0,0,0,0,0,0,0,0,0,0,0,0,0,0,0,0,0,0,0,0,0,0,0,0,0,0,0,0,0,0,0
3059,MA,0,0,0,0,0,0,0,0,0,0,0,0,0,0,0,0,0,0,0,0,0,0,0,0,0,0,0,0,0,0,0,0,0,0,0,0,0,0,0,10.9933855777113,20.9926911890463,20.9926911890463,20.9926911890463,20.9926911890463,20.9926911890463,20.9926911890463,20.9926911890463,20.9926911890463,20.9926911890463,20.9926911890463,20.9926911890463,20.9926911890463,20.9926911890463,20.9926911890463,20.9926911890463,20.9926911890463,20.9926911890463,20.9926911890463,20.9926911890463,20.9926911890463,20.9926911890463,20.9926911890463,20.9926911890463,20.9926911890463,20.9926911890463,20.9926911890463,20.9926911890463,20.9926911890463,20.9926911890463,20.9926911890463,20.9926911890463,20.9926911890463,32.7978840430825,32.7978840430825,32.7978840430825
3060,MA,0,0,0,0,0,0,0,0,0,0,0,0,0,0,0,0,0,0,0,0,0,0,0,0,0,0,0,0,0,0,0,0,0,0,0,0,0,0,0,0,0,0,0,0,0,0,0,0,0,0,0,0,0,0,0,0,0,0,0,0,0,0,0,0,0,0,0,0,0,0,0,0,0,0,0
3061,MA,0,0,0,0,0,0,0,0,0,0,0,0,0,0,0,0,0,0,0,0,0,0,0,0,0,0,0,0,0,0,0,0,0,0,0,0,0,0,0,0,0,0,0,0,0,0,0,0,0,0,0,0,0,0,0,0,0,0,0,0,0,0,0,0,0,0,0,0,0,0,0,0,0,0,0
3062,MA,0,0,0,0,0,0,0,0,0,0,0,0,0,0,0,0,0,0,0,0,0,0,0,0,0,0,0,0,0,0,0,0,0,0,0,0,0,0,0,0,0,0,0,0,0,0,0,0,0,0,0,0,0,0,0,0,0,0,0,0,0,0,0,0,0,0,0,0,0,0,0,0,0,0,0
3063,MA,0,0,0,0,0,0,0,0,0,0,0,0,0,0,0,0,0,0,0,0,0,0,0,0,0,0,0,0,0,0,0,0,0,0,0,0,0,0,0,0,0,0,0,0,0,0,0,0,0,0,0,0,0,0,0,0,0,0,0,0,0,0,0,0,0,0,0,0,0,0,0,0,0,8.86713650674762,8.86713650674762
3064,MA,0,0,0,0,0,0,0,0,0,0,0,0,0,0,0,0,0,0,0,0,0,0,0,0,0,0,0,0,0,0,0,0,0,0,0,0,0,0,0,0,0,0,0,0,0,0,0,0,0,0,0,0,0,0,0,0,0,0,0,0,0,0,0,0,0,0,0,0,0,0,0,0,0,0,0
3065,MA,0,0,0,0,0,0,0,0,0,0,0,0,0,0,0,0,0,0,0,0,0,0,0,0,0,0,0,0,0,0,0,0,0,0,0,0,0,0,0,0,0,0,0,0,0,0,0,0,0,0,0,0,0,0,0,0,0,0,0,0,0,0,0,0,0,0,0,0,0,0,0,0,0,0,0
3066,MA,0,0,0,0,0,0,0,0,0,0,0,0,0,0,0,0,0,0,0,0,0,0,0,0,0,0,0,0,0,0,0,0,0,0,0,0,0,0,0,0,0,0,0,0,0,0,0,0,0,0,0,0,0,0,0,0,0,0,0,0,0,0,0,0,0,0,0,0,0,0,0,0,0,0,0
3067,MA,0,0,0,0,0,0,0,0,0,0,0,0,0,0,0,0,0,0,0,0,0,0,0,0,0,0,0,0,0,0,0,0,0,0,0,0,0,0,0,0,0,0,0,0,0,0,0,0,0,0,0,0,0,0,0,0,0,0,0,0,0,0,0,0,0,0,0,0,0,0,0,0,0,0,0
3068,MA,0,0,0,0,0,0,0,0,0,0,0,0,0,0,0,0,0,0,0,0,0,0,0,0,0,0,0,0,0,0,0,0,0,0,0,0,0,0,0,0,0,0,0,0,0,0,0,0,0,0,0,0,0,0,0,0,0,0,0,0,0,0,0,0,0,0,0,0,0,0,0,0,0,0,0
3069,MA,0,0,0,0,0,0,0,0,0,0,0,0,0,0,0,0,0,0,0,0,0,0,0,0,0,0,0,0,0,0,0,0,0,0,0,0,0,0,0,0,0,0,0,0,0,0,0,0,0,0,0,0,0,0,0,0,0,0,0,0,0,0,0,0,0,0,0,0,0,0,0,0,0,0,0
3070,MA,0,0,0,0,0,0,0,0,0,0,0,0,0,0,0,0,0,0,0,0,0,0,0,0,0,0,0,0,0,0,0,0,0,0,0,0,0,0,0,0,0,0,0,0,0,0,0,0,0,0,0,0,0,0,0,0,0,0,0,0,0,0,0,0,0,0,0,0,0,0,0,0,0,0,0
3071,MA,0,0,0,0,0,0,0,0,0,0,0,0,0,0,0,0,0,0,0,0,0,0,0,0,0,0,0,0,0,0,0,0,0,0,0,0,0,0,0,0,0,0,0,0,0,0,0,0,0,0,0,0,0,0,0,0,0,0,0,0,0,0,0,0,0,0,0,0,0,0,0,0,0,0,0
3072,MA,0,0,0,0,0,0,0,0,0,0,0,0,0,0,0,0,0,0,0,0,0,0,0,0,0,0,0,0,0,0,0,0,0,0,0,0,0,0,0,0,0,0,0,0,0,0,0,0,0,0,0,0,0,0,0,0,0,0,0,0,0,0,0,0,0,0,0,0,0,0,0,0,0,0,0
3073,MA,0,0,0,0,0,0,0,0,0,0,0,0,0,0,0,0,0,0,0,0,0,0,0,0,0,0,0,0,0,0,0,0,0,0,0,0,0,0,0,0,0,0,0,0,0,0,0,0,0,0,0,0,0,0,0,0,0,0,0,0,0,0,0,0,0,0,0,0,0,0,0,0,0,0,0
3074,MA,0,0,0,0,0,0,0,0,0,0,0,0,0,0,0,0,0,0,0,0,0,0,0,0,0,0,0,0,0,0,0,0,0,0,0,0,0,0,0,0,0,0,0,0,0,0,0,0,0,0,0,0,0,0,0,0,0,0,0,0,0,0,0,0,0,0,0,0,0,0,0,0,0,0,0
3075,MA,0,0,0,0,0,0,0,0,0,0,0,0,0,0,0,0,0,0,0,0,0,0,0,0,0,0,0,0,0,0,0,0,0,0,0,0,0,0,0,0,0,0,0,0,0,0,0,0,0,0,0,0,0,0,0,0,0,0,0,0,0,0,0,0,0,0,0,0,0,0,0,0,0,0,0
3076,MA,0,0,0,0,0,0,0,0,0,0,0,0,0,0,0,0,0,0,0,0,0,0,0,0,0,0,0,0,0,0,0,0,0,0,0,0,0,0,0,0,0,0,0,0,0,0,0,0,0,0,0,0,0,0,0,0,0,0,0,0,0,0,0,0,0,0,0,0,0,0,0,0,0,0,0
3077,MA,0,0,0,0,0,0,0,0,0,0,0,0,0,0,0,0,0,0,0,0,0,0,0,0,0,0,0,0,0,0,0,0,0,0,0,0,0,0,0,0,0,0,0,0,0,0,0,0,0,0,0,0,0,0,0,0,0,0,0,0,0,0,0,0,0,0,0,0,0,0,0,0,0,0,0
3078,MA,0,0,0,0,0,0,0,0,0,0,0,0,0,0,0,0,0,0,0,0,0,0,0,0,0,0,0,0,0,0,0,0,0,0,0,0,0,0,0,0,0,0,0,0,0,0,0,0,0,0,0,0,0,0,0,0,0,0,0,0,0,0,0,0,0,0,0,0,0,0,0,0,0,0,0
3079,MA,0,0,0,0,0,0,0,0,0,0,0,0,0,0,0,0,0,0,0,0,0,0,0,0,0,0,0,0,0,0,0,0,0,0,0,0,0,0,0,0,0,0,0,0,0,0,0,0,0,0,0,0,0,0,0,0,0,0,0,0,0,0,0,0,0,0,0,0,0,0,0,0,0,0,0
3080,MA,0,0,0,0,0,0,0,0,0,0,0,0,0,0,0,0,0,0,0,0,0,0,0,0,0,0,0,0,0,0,0,0,0,0,0,0,0,0,0,0,36.2710099874271,36.2710099874271,36.2710099874271,36.2710099874271,36.2710099874271,36.2710099874271,36.2710099874271,36.2710099874271,36.2710099874271,36.2710099874271,36.2710099874271,36.2710099874271,36.2710099874271,36.2710099874271,36.2710099874271,36.2710099874271,36.2710099874271,36.2710099874271,36.2710099874271,36.2710099874271,36.2710099874271,36.2710099874271,36.2710099874271,36.2710099874271,36.2710099874271,36.2710099874271,36.2710099874271,36.2710099874271,36.2710099874271,36.2710099874271,36.2710099874271,36.2710099874271,36.2710099874271,36.2710099874271,36.2710099874271
3081,MA,0,0,0,0,0,0,0,0,0,0,0,0,0,0,0,0,0,0,0,0,0,0,0,0,0,0,0,0,0,0,0,0,0,0,0,0,0,0,0,0,0,0,0,0,0,0,0,0,0,0,0,0,0,0,0,0,0,0,0,0,0,0,0,0,0,0,0,0,0,0,0,0,0,0,0
3082,MA,0,0,0,0,0,0,0,0,0,0,0,0,0,0,0,0,0,0,0,0,0,0,0,0,0,0,0,0,0,0,0,0,0,0,0,0,0,0,0,0,0,0,0,0,0,0,0,0,0,0,0,0,0,0,0,0,0,0,0,0,0,0,0,0,0,0,0,0,0,0,0,0,0,0,0
3083,MA,0,0,0,0,0,0,0,0,0,0,0,0,0,0,0,0,0,0,0,0,0,0,0,0,0,0,0,0,0,0,0,0,0,0,0,0,0,0,0,0,0,0,0,0,0,0,0,0,0,0,0,0,0,0,0,0,0,0,0,0,0,0,0,0,0,0,0,0,0,0,0,0,0,0,0
3084,MA,0,0,0,0,0,0,0,0,0,0,0,0,0,0,0,0,0,0,0,0,0,0,0,0,0,0,0,0,0,0,0,0,0,0,0,0,0,0,0,0,0,0,0,0,0,0,0,0,0,0,0,0,0,0,0,0,0,0,0,0,0,0,0,0,0,0,0,0,0,0,0,0,0,0,0
3085,MA,0,0,0,0,0,0,0,0,0,0,0,0,0,0,0,0,0,0,0,0,0,0,0,0,0,0,0,0,0,0,0,0,0,0,0,0,0,0,0,0,0,0,0,0,0,0,0,0,0,0,0,0,0,0,0,0,0,0,0,0,0,0,0,0,0,0,0,0,0,0,0,0,0,0,0
3086,MA,0,0,0,0,0,0,0,0,0,0,0,0,0,0,0,0,0,0,0,0,0,0,0,0,0,0,0,0,0,0,0,0,0,0,0,0,0,0,0,0,0,0,0,0,0,0,0,0,0,0,0,0,0,0,0,0,0,0,0,0,0,0,0,0,0,0,0,0,0,0,0,0,0,0,0
3087,MA,0,0,0,0,0,0,0,0,0,0,0,0,0,0,0,0,0,0,0,0,0,0,0,0,0,0,0,0,0,0,0,0,0,0,0,0,0,0,0,0,0,0,0,0,0,0,0,0,0,0,0,0,0,0,0,0,0,0,0,0,0,0,0,0,0,0,0,0,0,0,0,0,0,0,0
3088,MA,0,0,0,0,0,0,0,0,0,0,0,0,0,0,0,0,0,0,0,0,0,0,0,0,0,0,0,0,0,0,0,0,0,0,0,0,0,0,0,0,0,0,0,0,0,0,0,0,0,0,0,0,0,0,0,0,0,0,0,0,0,0,0,0,0,0,0,0,0,0,0,0,26.2857588718765,26.2857588718765,26.2857588718765
3089,MA,0,0,0,0,0,0,0,0,0,0,0,0,0,0,0,0,0,0,0,0,0,0,0,0,0,0,0,0,0,0,0,0,0,0,0,0,0,0,0,35.0483549987357,35.0483549987357,35.0483549987357,35.0483549987357,35.0483549987357,35.0483549987357,35.0483549987357,35.0483549987357,35.0483549987357,35.0483549987357,35.0483549987357,35.0483549987357,35.0483549987357,35.0483549987357,35.0483549987357,35.0483549987357,35.0483549987357,35.0483549987357,35.0483549987357,35.0483549987357,35.0483549987357,35.0483549987357,35.0483549987357,35.0483549987357,35.0483549987357,35.0483549987357,35.0483549987357,35.0483549987357,35.0483549987357,35.0483549987357,35.0483549987357,35.0483549987357,35.0483549987357,55.9784938910098,55.9784938910098,55.9784938910098
3090,MA,0,0,0,0,0,0,0,0,0,0,0,0,0,0,0,0,0,0,0,0,0,0,0,0,0,0,0,0,0,0,0,0,0,0,0,0,0,0,0,0,0,0,0,0,0,0,0,0,0,0,0,0,0,0,0,0,0,0,0,0,0,0,0,0,0,0,0,0,0,0,0,0,0,0,0
3091,MA,0,0,0,0,0,0,0,0,0,0,0,0,0,0,0,0,0,0,0,0,0,0,0,0,0,0,0,0,0,0,0,0,0,0,0,0,0,0,0,0,0,0,0,0,0,0,0,0,0,0,0,0,0,0,0,0,0,0,0,0,0,0,0,0,0,0,0,0,0,0,0,0,0,0,0
3092,MA,0,0,0,0,0,0,0,0,0,0,0,0,0,0,0,0,0,0,0,0,0,0,0,0,0,0,0,0,0,0,0,0,0,0,0,0,0,0,0,0,0,0,0,0,0,0,0,0,0,0,0,0,0,0,0,0,0,0,0,0,0,0,0,0,0,0,0,0,0,0,0,0,0,0,0
3093,MA,0,0,0,0,0,0,0,0,0,0,0,0,0,0,0,0,0,0,0,0,0,0,0,0,0,0,0,0,0,0,0,0,0,0,0,0,0,0,0,0,0,0,0,0,0,0,0,0,0,0,0,0,0,0,0,0,0,0,0,0,0,0,0,0,0,0,0,0,0,0,0,0,0,0,0
3094,MA,0,0,0,0,0,0,0,0,0,0,0,0,0,0,0,0,0,0,0,0,0,0,0,0,0,0,0,0,0,0,0,0,0,0,0,0,0,0,0,0,0,0,0,0,0,0,0,0,0,0,0,0,0,0,0,0,0,0,0,0,0,0,0,0,0,0,0,0,0,0,0,0,0,0,0
3095,MA,0,0,0,0,0,0,0,0,0,0,0,0,0,0,0,0,0,0,0,0,0,0,0,0,0,0,0,0,0,0,0,0,0,0,0,0,0,0,0,0,0,0,0,0,0,0,0,0,0,0,0,0,0,0,0,0,0,0,0,0,0,0,0,0,0,0,0,0,0,0,0,0,0,0,0
3096,MA,0,0,0,0,0,0,0,0,0,0,0,0,0,0,0,0,0,0,0,0,0,0,0,0,0,0,0,0,0,0,0,0,0,0,0,0,0,0,39.8805686239313,39.8805686239313,39.8805686239313,39.8805686239313,39.8805686239313,39.8805686239313,39.8805686239313,39.8805686239313,39.8805686239313,39.8805686239313,39.8805686239313,39.8805686239313,39.8805686239313,39.8805686239313,39.8805686239313,39.8805686239313,39.8805686239313,39.8805686239313,39.8805686239313,39.8805686239313,39.8805686239313,39.8805686239313,39.8805686239313,39.8805686239313,39.8805686239313,39.8805686239313,39.8805686239313,39.8805686239313,39.8805686239313,39.8805686239313,39.8805686239313,39.8805686239313,39.8805686239313,39.8805686239313,73.0069408716967,73.0069408716967,73.0069408716967
3097,MA,0,0,0,0,0,0,0,0,0,0,0,0,0,0,0,0,0,0,0,0,0,0,0,0,0,0,0,0,0,0,0,0,0,0,0,0,0,0,0,0,0,0,0,0,0,0,0,0,0,0,0,0,0,0,0,0,0,0,0,0,0,0,0,0,0,0,0,0,0,0,0,0,0,0,0
3098,MA,0,0,0,0,0,0,0,0,0,0,0,0,0,0,0,0,0,0,0,0,0,0,0,0,0,0,0,0,0,0,0,0,0,0,0,0,0,0,0,0,0,0,0,0,0,0,0,0,0,0,0,0,0,0,0,0,0,0,0,0,0,0,0,0,0,0,0,0,0,0,0,0,0,0,0
3099,MA,0,0,0,0,0,0,0,0,0,0,0,0,0,0,0,0,0,0,0,0,0,0,0,0,0,0,0,0,0,0,0,0,0,0,0,0,0,0,0,0,0,0,0,0,0,0,0,0,0,0,0,0,0,0,0,0,0,0,0,0,0,0,0,0,0,0,0,0,0,0,0,0,0,0,0
3100,MA,0,0,0,0,0,0,0,0,0,0,0,0,0,0,0,0,0,0,0,0,0,0,0,0,0,0,0,0,0,0,0,0,0,0,0,0,0,0,0,0,9.169917454334,9.169917454334,9.169917454334,9.169917454334,9.169917454334,9.169917454334,9.169917454334,9.169917454334,9.169917454334,9.169917454334,9.169917454334,9.169917454334,9.169917454334,9.169917454334,9.169917454334,9.169917454334,9.169917454334,9.169917454334,9.169917454334,9.169917454334,9.169917454334,9.169917454334,9.169917454334,9.169917454334,9.169917454334,9.169917454334,9.169917454334,9.169917454334,9.169917454334,9.169917454334,9.169917454334,9.169917454334,9.169917454334,9.169917454334,9.169917454334
3101,MA,0,0,0,0,0,0,0,0,0,0,0,0,0,0,0,0,0,0,0,18.1814764264438,18.1814764264438,18.1814764264438,18.1814764264438,18.1814764264438,18.1814764264438,18.1814764264438,18.1814764264438,18.1814764264438,18.1814764264438,18.1814764264438,18.1814764264438,18.1814764264438,18.1814764264438,18.1814764264438,18.1814764264438,18.1814764264438,18.1814764264438,18.1814764264438,18.1814764264438,18.1814764264438,18.1814764264438,18.1814764264438,18.1814764264438,18.1814764264438,18.1814764264438,18.1814764264438,18.1814764264438,18.1814764264438,18.1814764264438,18.1814764264438,18.1814764264438,18.1814764264438,18.1814764264438,18.1814764264438,18.1814764264438,18.1814764264438,18.1814764264438,18.1814764264438,18.1814764264438,18.1814764264438,18.1814764264438,18.1814764264438,18.1814764264438,18.1814764264438,18.1814764264438,18.1814764264438,18.1814764264438,18.1814764264438,18.1814764264438,18.602713885309,18.602713885309,18.602713885309,18.602713885309,18.602713885309,18.602713885309
3102,MA,0,0,0,0,0,0,0,0,0,0,0,0,0,0,0,0,0,0,0,0,0,0,0,0,0,0,0,0,0,0,0,0,0,0,0,0,0,0,0,0,0,0,0,0,0,0,0,0,0,0,0,0,0,0,0,0,0,0,0,0,0,0,0,0,0,0,0,0,0,0,0,0,0,0,0
4001,PI,0,0,0,0,0,0,0,0,0,0,0,0,0,0,0,0,0,0,0,0,0,0,0,0,0,0,0,0,0,0,0,0,0,0,0,0,0,0,0,0,0,0,0,0,0,0,0,0,0,0,0,0,0,0,0,0,0,0,0,0,0,0,0,0,0,0,0,0,0,0,7.61342393782949,7.61342393782949,7.61342393782949,7.61342393782949,7.61342393782949
4002,PI,0,0,0,0,0,0,0,0,0,0,0,0,0,0,0,0,0,0,0,0,0,0,0,0,0,0,0,0,0,0,0,0,0,0,0,0,0,0,0,0,0,0,0,0,0,0,0,0,0,0,0,0,0,0,0,0,0,0,0,0,0,0,0,0,0,0,0,0,0,0,0,0,0,0,0
4003,PI,0,0,0,0,0,0,0,0,0,0,0,0,0,0,0,0,0,0,0,0,0,0,0,0,0,0,0,0,0,0,0,0,0,0,0,0,0,0,0,0,0,0,0,0,0,0,0,0,0,0,0,0,0,0,0,0,0,0,0,0,0,0,0,0,0,0,0,0,0,0,0,0,0,0,0
4004,PI,0,0,0,0,0,0,0,0,0,0,0,0,0,0,0,0,0,0,0,0,0,0,0,0,0,0,0,0,0,0,0,0,0,0,0,0,0,0,0,0,0,0,0,0,0,0,0,0,0,0,0,0,0,0,0,0,0,0,0,0,0,0,0,0,0,0,0,0,0,0,0,0,0,0,0
4005,PI,0,0,0,0,0,0,0,0,0,0,0,0,0,0,0,0,0,0,0,0,0,0,0,0,0,0,0,0,0,0,0,0,0,0,0,0,0,0,0,0,0,0,0,0,0,0,0,0,0,0,0,0,0,0,0,0,0,0,0,0,0,0,0,0,0,0,0,0,0,0,0,0,0,0,0
4006,PI,0,0,0,0,0,0,0,0,0,0,0,0,0,0,0,0,0,0,0,0,0,0,0,0,0,0,0,0,0,0,0,0,0,0,0,0,0,0,0,0,0,0,0,0,0,0,0,0,0,0,0,0,0,0,0,0,0,0,0,0,0,0,0,0,0,0,0,0,0,0,0,18.3084485278928,18.3084485278928,18.3084485278928,18.3084485278928
4007,PI,0,0,0,0,0,0,0,0,0,0,0,0,0,0,0,0,0,0,0,0,0,0,0,0,0,0,0,0,0,0,0,0,0,0,0,0,0,0,0,0,0,0,0,0,0,0,0,0,0,0,0,0,0,0,0,0,0,0,0,0,0,0,0,0,0,0,0,0,0,20.2821779351835,20.2821779351835,37.1485299364734,37.1485299364734,37.1485299364734,37.1485299364734
4008,PI,0,0,0,0,0,0,0,0,0,0,0,0,0,0,0,0,0,0,0,0,0,0,0,0,0,0,0,0,0,0,0,0,0,0,0,0,0,0,0,0,0,0,0,0,0,0,0,0,0,0,0,0,0,0,0,0,0,0,0,0,0,0,0,0,0,0,0,0,0,0,0,0,0,0,0
4009,PI,0,0,0,0,0,0,0,0,0,0,0,0,0,0,0,0,0,0,0,0,0,0,0,0,0,0,0,0,0,0,0,0,0,0,0,0,0,0,0,0,0,0,0,0,0,0,0,0,0,0,0,0,0,0,0,0,0,0,0,0,0,0,0,0,0,0,0,0,0,0,0,0,0,0,0
4010,PI,0,0,0,0,0,0,0,0,0,0,0,0,0,0,0,0,0,0,0,0,0,0,0,0,0,0,0,0,0,0,0,0,0,0,0,0,0,0,0,0,0,0,0,0,0,0,0,0,0,0,0,0,0,0,0,0,0,0,0,0,0,0,0,0,0,0,0,0,0,0,0,0,0,0,0
4011,PI,0,0,0,0,0,0,0,0,0,0,0,0,0,0,0,0,0,0,0,0,0,0,0,0,0,0,0,0,0,0,0,0,0,0,0,0,0,0,0,0,0,0,0,0,0,0,0,0,0,0,0,0,0,0,0,0,0,0,0,0,0,0,0,0,0,0,0,0,0,0,0,0,0,0,0
4012,PI,0,0,0,0,0,0,0,0,0,0,0,0,0,0,0,0,0,0,0,0,0,0,0,0,0,0,0,0,0,0,0,0,0,0,0,0,0,0,0,0,0,0,0,0,0,0,0,0,0,0,0,0,0,0,0,0,0,0,0,0,0,0,0,0,0,0,0,0,0,0,0,0,0,0,0
4013,PI,0,0,0,0,0,0,0,0,0,0,0,0,0,0,0,0,0,0,0,0,0,0,0,0,0,0,0,0,0,0,0,0,0,0,0,0,0,0,0,0,0,0,0,0,0,0,0,0,0,0,0,0,0,0,0,0,0,0,0,0,0,0,0,0,0,0,0,0,0,0,0,0,0,0,0
4014,PI,0,0,0,0,0,0,0,0,0,0,0,0,0,0,0,0,0,0,0,0,0,0,0,0,0,0,0,0,0,0,0,0,0,0,0,0,0,0,0,0,0,0,0,0,0,0,0,0,0,0,0,0,0,0,0,0,0,0,0,0,0,0,0,0,0,0,0,0,0,0,0,0,0,0,0
4015,PI,0,0,0,0,0,0,0,0,0,0,0,0,0,0,0,0,0,0,0,0,0,0,0,0,0,0,0,0,0,0,0,0,0,0,0,0,0,0,0,0,0,0,0,0,0,0,0,0,0,0,0,0,0,0,0,0,0,0,0,0,0,0,0,0,0,0,0,0,0,0,0,0,0,0,0
4016,PI,0,0,0,0,0,0,0,0,0,0,0,0,0,0,0,0,0,0,0,0,0,0,0,0,0,0,0,0,0,0,0,0,0,0,0,0,0,0,0,0,0,0,0,0,0,0,0,0,0,0,0,0,0,0,0,0,0,0,0,0,0,0,0,0,0,0,0,0,0,0,0,0,0,0,0
4017,PI,0,0,0,0,0,0,0,0,0,0,0,0,0,0,0,0,0,0,0,0,0,0,0,0,0,0,0,0,0,0,0,0,0,0,0,0,0,0,0,0,0,0,0,0,0,0,0,0,0,0,0,0,0,0,0,0,0,0,0,0,0,0,0,0,0,0,0,0,0,0,0,0,0,0,0
4018,PI,0,0,0,0,0,0,0,0,0,0,0,0,0,0,0,0,0,0,0,0,0,0,0,0,0,0,0,0,0,0,0,0,0,0,0,0,0,0,0,0,0,0,0,0,0,0,0,0,0,0,0,0,0,0,0,0,0,0,0,0,0,0,0,0,0,0,0,0,0,0,0,0,0,0,0
4019,PI,0,0,0,0,0,0,0,0,0,0,0,0,0,0,0,0,0,0,0,0,0,0,0,0,0,0,0,0,0,0,0,0,0,0,0,0,0,0,0,0,0,0,0,0,0,0,0,0,0,0,0,0,0,0,0,0,0,0,0,0,0,0,0,0,0,0,0,0,0,0,0,0,0,0,0
4020,PI,0,0,0,0,0,0,0,0,0,0,0,0,0,0,0,0,0,0,0,0,0,0,0,0,0,0,0,0,0,0,0,0,0,0,0,0,0,0,0,0,0,0,0,0,0,0,0,0,0,0,0,0,0,0,0,0,0,0,0,0,0,0,0,0,0,0,0,0,0,0,0,0,0,0,0
4021,PI,0,0,0,0,0,0,0,0,0,0,0,0,0,0,0,0,0,0,0,0,0,0,0,0,0,0,0,0,0,0,0,0,0,0,0,0,0,0,0,0,0,0,0,0,0,0,0,0,0,0,0,0,0,4.19842057424631,4.19842057424631,4.19842057424631,4.19842057424631,4.19842057424631,4.19842057424631,4.19842057424631,4.19842057424631,8.39670945598962,8.39670945598962,8.39670945598962,8.39670945598962,8.39670945598962,8.39670945598962,8.39670945598962,8.39670945598962,8.39670945598962,10.9251888417594,10.9251888417594,10.9251888417594,10.9251888417594,10.9251888417594
4022,PI,0,0,0,0,0,0,0,0,0,0,0,0,0,0,0,0,0,0,0,0,0,0,0,0,0,0,0,0,0,0,0,0,0,0,0,0,0,0,0,0,0,0,0,0,0,0,0,0,0,0,0,0,0,0,0,0,0,0,0,0,0,0,0,0,0,0,0,0,0,0,0,0,0,0,0
4023,PI,0,0,0,0,0,0,0,0,0,0,0,0,0,0,0,0,0,0,0,0,0,0,0,0,0,0,0,0,0,0,0,0,0,0,0,0,0,0,0,0,0,0,0,0,0,0,0,0,0,0,0,0,0,0,0,0,0,0,0,0,0,0,0,0,0,0,0,0,0,0,0,0,0,0,0
4024,PI,0,0,0,0,0,0,0,0,0,0,0,0,0,0,0,0,0,0,0,0,0,0,0,0,0,0,0,0,0,0,0,0,0,0,0,0,0,0,0,0,0,0,0,0,0,0,0,0,0,0,0,0,0,0,0,0,0,0,0,0,0,0,0,0,0,0,0,0,0,0,0,0,0,0,0
4025,PI,0,0,0,0,0,0,0,0,0,0,0,0,0,0,0,0,0,0,0,0,0,0,0,0,0,0,0,0,0,0,0,0,0,0,0,0,0,0,0,0,0,0,0,0,0,0,0,0,0,0,0,0,0,0,0,0,0,0,0,0,0,0,0,0,0,0,0,0,0,0,0,0,0,0,0
4026,PI,0,0,0,0,0,0,0,0,0,0,0,0,0,0,0,0,0,0,0,0,0,0,0,0,0,0,0,0,0,0,0,0,0,0,0,0,0,0,0,0,0,0,0,0,0,0,0,0,0,0,0,0,0,0,0,0,0,0,0,0,0,0,0,0,0,0,0,0,0,0,0,0,0,0,0
4027,PI,0,0,0,0,0,0,0,0,0,0,0,0,0,0,0,0,0,0,0,0,0,0,0,0,0,0,0,0,0,0,0,0,0,0,0,0,0,0,0,0,0,0,0,0,0,0,0,0,0,0,0,0,0,0,0,0,0,0,0,0,0,0,0,0,0,0,0,0,0,0,0,0,0,0,0
4028,PI,0,0,0,0,0,0,0,0,0,0,0,0,0,0,0,0,0,0,0,0,0,0,0,0,0,0,0,0,0,0,0,0,0,0,0,0,0,0,0,7.22948157444652,7.22948157444652,7.22948157444652,25.9359436263212,25.9359436263212,25.9359436263212,25.9359436263212,25.9359436263212,25.9359436263212,25.9359436263212,25.9359436263212,25.9359436263212,25.9359436263212,25.9359436263212,25.9359436263212,25.9359436263212,25.9359436263212,25.9359436263212,25.9359436263212,25.9359436263212,25.9359436263212,25.9359436263212,25.9359436263212,25.9359436263212,25.9359436263212,25.9359436263212,25.9359436263212,25.9359436263212,25.9359436263212,25.9359436263212,25.9359436263212,25.9359436263212,25.9359436263212,25.9359436263212,25.9359436263212,25.9359436263212
4029,PI,0,0,0,0,0,0,0,0,0,0,0,0,0,0,0,0,0,0,0,0,0,0,0,0,0,0,0,0,0,0,0,0,0,0,0,0,0,0,0,0,0,0,0,0,0,0,0,0,0,0,0,0,0,0,0,0,0,0,0,0,0,0,0,0,0,0,0,0,0,4.95299560898693,14.3570605716575,15.983407902261,15.983407902261,15.983407902261,15.983407902261
4030,PI,0,0,0,0,0,0,0,0,0,0,0,0,0,0,0,0,0,0,0,0,0,0,0,0,0,0,0,0,0,0,0,0,0,0,0,0,0,0,0,0,0,0,0,0,0,0,0,0,0,0,0,0,0,0,0,0,0,0,0,0,0,0,0,0,0,0,0,0,0,0,0,0,0,0,0
4031,PI,0,0,0,0,0,0,0,0,0,0,0,0,0,0,0,0,0,0,0,0,0,0,0,0,0,0,0,0,0,0,0,0,0,0,0,0,0,0,0,0,0,0,0,0,0,0,0,0,0,0.0350833446350567,0.0350833446350567,0.0350833446350567,0.0350833446350567,0.0350833446350567,0.0350833446350567,0.0350833446350567,0.0350833446350567,0.0350833446350567,0.0350833446350567,0.0350833446350567,0.0350833446350567,0.0350833446350567,0.0350833446350567,0.0350833446350567,0.0350833446350567,0.0350833446350567,0.0350833446350567,0.0350833446350567,0.0350833446350567,0.0350833446350567,0.0350833446350567,17.9857289807057,17.9857289807057,17.9857289807057,17.9857289807057
4032,PI,0,0,0,0,0,0,0,0,0,0,0,0,0,0,0,0,0,0,0,0,0,0,0,0,0,0,0,0,0,0,0,0,0,0,0,0,0,0,0,0,0,0,0,0,0,0,0,0,0,0,0,0,0,0,0,0,0,0,0,0,0,0,0,0,0,0,0,0,0,0,0,0,0,0,0
4033,PI,0,0,0,0,0,0,0,0,0,0,0,0,0,0,0,0,0,0,0,0,0,0,0,0,0,0,0,0,0,0,0,0,0,0,0,0,0,0,0,0,0,0,0,0,0,0,0,0,0,0,0,0,0,0,0,0,0,0,0,0,0,0,0,0,0,0,0,0,0,0,0,0,0,0,0
4034,PI,0,0,0,0,0,0,0,0,0,0,0,0,0,0,0,0,0,0,0,0,0,0,0,0,0,0,0,0,0,0,0,0,0,0,0,0,0,0,0,0,0,0,0,0,0,0,0,0,0,0,0,0,0,0,0,0,0,0,0,0,0,0,0,0,0,0,0,0,0,0,0,0,0,0,0
4035,PI,0,0,0,0,0,0,0,0,0,0,0,0,0,0,0,0,0,0,0,0,0,0,0,0,0,0,0,0,0,0,0,0,0,0,0,0,0,0,0,0,0,0,0,0,0,0,0,0,0,0,0,0,0,0,0,0,0,0,0,0,0,0,0,0,0,0,0,0,0,0,0,0,0,0,0
4036,PI,0,0,0,0,0,0,0,0,0,0,0,0,0,0,0,0,0,0,0,0,0,0,0,0,0,0,0,0,0,0,0,0,0,0,0,0,0,0,0,0,0,0,0,0,0,0,0,0,0,0,0,0,0,0,0,0,0,0,0,0,0,0,0,0,0,0,0,0,0,0,0,0,0,0,0
4037,PI,0,0,0,0,0,0,0,0,0,0,0,0,0,0,0,0,0,0,0,0,0,0,0,0,0,0,0,0,0,0,0,0,0,0,0,0,0,0,0,0,0,0,0,0,0,0,0,0,0,0,0,0,0,0,0,0,0,0,0,0,0,0,0,0,0,0,0,0,0,0,0,0,0,0,0
4038,PI,0,0,0,0,0,0,0,0,0,0,0,0,0,0,0,0,0,0,0,0,0,0,0,0,0,0,0,0,0,0,0,0,0,0,0,0,0,0,0,0,0,0,0,0,0,0,0,0,0,0,0,0,0,0,0,0,0,0,0,0,0,0,0,0,0,0,0,0,0,0,22.2972209448713,22.2972209448713,22.2972209448713,22.2972209448713,22.2972209448713
4039,PI,0,0,0,0,0,0,0,0,0,0,0,0,0,0,0,0,0,0,0,0,0,0,0,0,0,0,0,0,0,0,0,0,0,0,0,0,0,0,0,0,0,0,0,0,0,0,0,0,0,0,0,0,0,0,0,0,0,0,0,0,0,0,0,0,0,0,0,0,0,0,0,0,0,0,0
4040,PI,0,0,0,0,0,0,0,0,0,0,0,0,0,0,0,0,0,0,0,0,0,0,0,0,0,0,0,0,0,0,0,0,0,0,0,0,0,0,0,0,0,0,0,0,0,0,0,0,0,0,0,0,0,0,0,0,0,0,0,0,0,0,0,0,0,0,0,0,0,0,0,0,0,0,0
4041,PI,0,0,0,0,0,0,0,0,0,0,0,0,0,0,0,0,0,0,0,0,0,0,0,0,0,0,0,0,0,0,0,0,0,0,0,0,0,0,0,0,0,0,14.9039566071787,14.9039566071787,14.9039566071787,14.9039566071787,14.9039566071787,14.9039566071787,14.9039566071787,14.9039566071787,14.9039566071787,14.9039566071787,14.9039566071787,25.6264024207532,25.6264024207532,25.6264024207532,25.6264024207532,25.6264024207532,25.6264024207532,25.6264024207532,25.6264024207532,25.6264024207532,25.6264024207532,25.6264024207532,25.6264024207532,25.6264024207532,25.6264024207532,25.6264024207532,25.6264024207532,25.6264024207532,25.6264024207532,25.6264024207532,25.6264024207532,25.6264024207532,25.6264024207532
4042,PI,0,0,0,0,0,0,0,0,0,0,0,0,0,0,0,0,0,0,0,0,0,0,0,0,0,0,0,0,0,0,0,0,0,0,0,0,0,0,0,0,0,0,0,0,0,0,0,0,0,0,0,0,0,0,0,0,0,0,0,0,0,0,0,0,0,0,0,0,0,0,0,0,0,0,0
4043,PI,0,0,0,0,0,0,0,0,0,0,0,0,0,0,0,0,0,0,0,0,0,0,0,0,0,0,0,0,0,0,0,0,0,0,0,0,0,0,0,0,0,0,0,0,0,0,0,0,0,0,0,0,0,0,0,0,0,0,0,0,0,0,0,0,0,0,0,0,0,0,0,0,0,0,0
4044,PI,0,0,0,0,0,0,0,0,0,0,0,0,0,0,0,0,0,0,0,0,0,0,0,0,0,0,0,0,0,0,0,0,0,0,0,0,0,0,0,0,0,0,0,0,0,0,0,0,0,0,0,0,0,0,0,0,0,0,0,0,0,0,0,0,0,0,0,0,0,0,0,0,0,0,0
4045,PI,0,0,0,0,0,0,0,0,0,0,0,0,0,0,0,0,0,0,0,0,0,0,0,0,0,0,0,0,0,0,0,0,0,0,0,0,0,0,0,0,0,0,0,0,0,0,0,0,0,0,0,0,0,0,0,0,0,0,0,0,0,0,0,0,0,0,0,0,0,0,0,0,0,0,0
4046,PI,0,0,0,0,0,0,0,0,0,0,0,0,0,0,0,0,0,0,0,0,0,0,0,0,0,0,0,0,0,0,0,0,0,0,0,0,0,0,0,0,0,0,0,0,0,0,0,0,0,0,0,0,0,0,0,0,0,0,0,0,0,0,0,0,0,0,0,0,0,0,0,0,0,0,0
4047,PI,0,0,0,0,0,0,0,0,0,0,0,0,0,0,0,0,0,0,0,0,0,0,0,0,0,0,0,0,0,0,0,0,0,0,0,0,0,0,0,0,0,0,0,0,0,0,0,0,0,0,0,0,0,0,0,0,0,0,0,0,0,0,0,0,0,0,0,0,0,0,0,0,0,0,0
4048,PI,0,0,0,0,0,0,0,0,0,0,0,0,0,0,0,0,0,0,0,0,0,0,0,0,0,0,0,0,0,0,0,0,0,0,0,0,0,0,0,0,0,0,0,0,0,0,0,0,0,0,0,0,0,0,0,0,0,0,0,0,0,0,0,0,0,0,0,0,0,0,0,0,0,0,0
4049,PI,0,0,0,0,0,0,0,0,0,0,0,0,0,0,0,0,0,0,0,0,0,0,0,0,0,0,0,0,0,0,0,0,0,0,0,0,0,0,0,0,0,0,0,0,0,0,0,0,0,0,0,0,0,0,0,0,0,0,0,0,0,0,0,0,0,0,0,0,0,0,0,0,0,0,0
4050,PI,0,0,0,0,0,0,0,0,0,0,0,0,0,0,0,0,0,0,0,0,0,0,0,0,0,0,0,0,0,0,0,0,0,0,0,0,0,0,0,0,0,0,0,0,0,0,0,0,0,0,0,0,0,0,0,0,0,0,0,0,0,0,0,0,0,0,0,0,0,0,0,0,0,0,0
4051,PI,0,0,0,0,0,0,0,0,0,0,0,0,0,0,0,0,0,0,0,0,0,0,0,0,0,0,0,0,0,0,0,0,0,0,0,0,0,0,0,0,0,0,0,0,0,0,0,0,0,0,0,0,0,0,0,0,0,0,0,0,0,0,0,0,0,0,0,0,0,0,0,0,0,0,0
4052,PI,0,0,0,0,0,0,0,0,0,0,0,0,0,0,0,0,0,0,0,0,0,0,0,0,0,0,0,0,0,0,0,0,0,0,0,0,0,0,0,0,0,0,0,0,0,0,0,0,0,0,0,0,0,0,0,0,0,0,0,0,0,0,0,0,0,0,0,0,0,0,0,0,0,0,0
4053,PI,0,0,0,0,0,0,0,0,0,0,0,0,0,0,0,0,0,0,0,0,0,0,0,0,0,0,0,0,0,0,0,0,0,0,0,0,0,0,0,0,0,0,0,0,0,0,0,0,0,0,0,0,0,0,0,0,0,0,0,0,0,0,0,0,0,0,0,0,0,0,0,0,0,0,0
4054,PI,0,0,0,0,0,0,0,0,0,0,0,0,0,0,0,0,0,0,0,0,0,0,0,0,0,0,0,0,0,0,0,0,0,0,0,0,0,0,0,0,0,0,0,0,0,0,0,0,0,0,0,0,0,0,0,0,0,0,0,0,0,0,0,0,0,0,0,0,0,0,0,0,0,0,0
4055,PI,0,0,0,0,0,0,0,0,0,0,0,0,0,0,0,0,0,0,0,0,0,0,0,0,0,0,0,0,0,0,0,0,0,0,0,0,0,0,0,0,0,0,0,0,0,0,0,0,0,0,0,0,0,0,0,0,0,0,0,0,0,0,0,0,0,0,0,0,0,0,0,0,0,0,0
4056,PI,0,0,0,0,0,0,0,0,0,0,0,0,0,0,0,0,0,0,0,0,0,0,0,0,0,0,0,0,0,0,0,0,0,0,0,0,0,0,0,0,0,0,0,0,0,0,0,0,0,0,0,0,0,0,0,0,0,0,0,0,0,0,0,0,0,0,0,0,0,0,0,0,0,0,0
4057,PI,0,0,0,0,0,0,0,0,0,0,0,0,0,0,0,0,0,0,0,0,0,0,0,0,0,0,0,0,0,0,0,0,0,0,0,0,0,0,0,0,0,0,0,0,0,0,0,0,0,0,0,0,0,0,0,0,0,0,0,0,0,0,0,0,0,0,0,0,0,0,0,0,0,0,0
4058,PI,0,0,0,0,0,0,0,0,0,0,0,0,0,0,0,0,0,0,0,0,0,0,0,0,0,0,0,0,0,0,0,0,0,0,0,0,0,0,0,0,0,0,0,0,0,0,0,0,0,0,0,0,0,0,0,0,0,0,0,0,0,0,0,0,0,0,0,0,0,0,0,0,0,0,0
4059,PI,0,0,0,0,0,0,0,0,0,0,0,0,0,0,0,0,0,0,0,0,0,0,0,0,0,0,0,0,0,0,0,0,0,0,0,0,0,0,0,0,0,0,0,0,0,0,0,0,0,0,0,0,0,0,0,0,0,0,0,0,0,0,0,0,0,0,0,0,0,0,0,0,0,0,0
4060,PI,0,0,0,0,0,0,0,0,0,0,0,0,0,0,0,0,0,0,0,0,0,0,0,0,0,0,0,0,0,0,0,0,0,0,0,0,0,0,0,0,0,0,0,0,0,0,0,0,0,0,0,0,0,0,0,0,0,0,0,0,0,0,0,0,0,0,0,0,0,0,0,0,0,0,0
4061,PI,0,0,0,0,0,0,0,0,0,0,0,0,0,0,0,0,0,0,0,0,0,0,0,0,0,0,0,0,0,0,0,0,0,0,0,0,0,0,0,0,0,0,0,0,0,0,0,0,0,0,0,0,0,0,0,0,0,0,0,0,0,0,0,0,0,0,0,0,0,0,0,0,0,0,0
4062,PI,0,0,0,0,0,0,0,0,0,0,0,0,0,0,0,0,0,0,0,0,0,0,0,0,0,0,0,0,0,0,0,0,0,0,0,0,0,0,0,0,0,0,0,0,0,0,0,0,0,0,0,0,0,0,0,0,0,0,0,0,0,0,0,0,0,0,0,0,0,0,0,0,0,0,0
4063,PI,0,0,0,0,0,0,0,0,0,0,0,0,0,0,0,0,0,0,0,0,0,0,0,0,0,0,0,0,0,0,0,0,0,0,0,0,0,0,0,0,0,0,0,0,0,0,0,0,0,0,0,0,0,0,0,0,0,0,0,0,0,0,0,0,0,0,0,0,0,0,0,0,0,0,0
4064,PI,0,0,0,0,0,0,0,0,0,0,0,0,0,0,0,0,0,0,0,0,0,0,0,0,0,0,0,0,0,0,0,0,0,0,0,0,0,0,0,0,0,0,0,0,0,0,0,0,0,0,0,0,0,0,0,0,0,0,0,0,0,0,0,0,0,0,0,0,0,0,0,0,0,0,0
4065,PI,0,0,0,0,0,0,0,0,0,0,0,0,0,0,0,0,0,0,0,0,0,0,0,0,0,0,0,0,0,0,0,0,0,0,0,0,0,0,0,0,0,0,0,0,0,0,0,0,0,0,0,0,0,0,0,0,0,0,0,0,0,0,0,0,0,0,0,0,0,0,0,0,0,0,0
4066,PI,0,0,0,0,0,0,0,0,0,0,0,0,0,0,0,0,0,0,0,0,0,0,0,0,0,0,0,0,0,0,0,0,0,0,0,0,0,0,0,0,0,0,0,0,0,0,0,0,0,0,0,0,0,0,0,0,0,0,0,0,0,0,0,0,0,0,0,0,0,0,0,0,0,0,0
4067,PI,0,0,0,0,0,0,0,0,0,0,0,0,0,0,0,0,0,0,0,0,0,0,0,0,0,0,0,0,0,0,0,0,0,0,0,0,0,0,0,0,0,0,0,0,0,0,0,0,0,0,0,0,0,0,0,0,0,0,0,0,0,0,0,0,0,0,0,0,0,0,0,0,0,0,0
4068,PI,0,0,0,0,0,0,0,0,0,0,0,0,0,0,0,0,0,0,0,0,0,0,0,0,0,0,0,0,0,0,0,0,0,0,0,0,0,0,0,0,0,0,0,0,0,0,0,0,0,0,0,0,0,0,0,0,0,0,0,0,0,0,0,0,0,0,0,0,0,0,0,0,0,0,0
4069,PI,0,0,0,0,0,0,0,0,0,0,0,0,0,0,0,0,0,0,0,0,0,0,0,0,0,0,0,0,0,0,0,0,0,0,0,0,0,0,0,0,0,0,0,0,0,0,0,0,0,0,0,0,0,0,0,0,0,0,0,0,0,0,0,0,0,0,0,0,0,0,0,0,0,0,0
4070,PI,0,0,0,0,0,0,0,0,0,0,0,0,0,0,0,0,0,0,0,0,0,0,0,0,0,0,0,0,0,0,0,0,0,0,0,0,0,0,0,0,0,0,0,0,0,0,0,0,0,0,0,0,0,0,0,0,0,0,0,0,0,0,0,0,0,0,0,0,0,0,0,0,0,0,0
4071,PI,0,0,0,0,0,0,0,0,0,0,0,0,0,0,0,0,0,0,0,0,0,0,0,0,0,0,0,0,0,0,0,0,0,0,0,0,0,0,0,0,0,0,0,0,0,0,0,0,0,0,0,0,0,0,0,0,0,0,0,0,0,0,0,0,0,0,0,0,0,0,0,0,0,0,0
4072,PI,0,0,0,0,0,0,0,0,0,0,0,0,0,0,0,0,0,0,0,0,0,0,0,0,0,0,0,0,0,0,0,0,0,0,0,0,0,0,0,0,0,0,0,0,0,0,0,0,0,0,0,0,0,0,0,0,0,0,0,0,0,0,0,0,0,0,0,0,0,0,0,0,0,0,0
4073,PI,0,0,0,0,0,0,0,0,0,0,0,0,0,0,0,0,0,0,0,0,0,0,0,0,0,0,0,0,0,0,0,0,0,0,0,0,0,0,0,0,0,0,0,0,0,0,0,0,0,0,0,0,0,0,0,0,0,0,0,0,0,0,0,0,0,0,0,0,0,0,0,0,0,0,0
4074,PI,0,0,0,0,0,0,0,0,0,0,0,0,0,0,0,0,0,0,0,0,0,0,0,0,0,0,0,0,0,0,0,0,0,0,0,0,0,0,0,0,0,0,0,0,0,0,0,0,0,0,0,0,0,0,0,0,0,0,0,0,0,0,0,0,0,0,0,0,0,0,0,0,0,0,0
4075,PI,0,0,0,0,0,0,0,0,0,0,0,0,0,0,0,0,0,0,0,0,0,0,0,0,0,0,0,0,0,0,0,0,0,0,0,0,0,0,0,0,0,0,0,0,0,0,0,0,0,0,0,0,0,0,0,0,0,0,0,0,0,0,0,0,0,0,0,0,0,15.6369761183653,15.6369761183653,15.6369761183653,15.6369761183653,15.6369761183653,15.6369761183653
4076,PI,0,0,0,0,0,0,0,0,0,0,0,0,0,0,0,0,0,0,0,0,0,0,0,0,0,0,0,0,0,0,0,0,0,0,0,0,0,0,0,0,0,0,0,0,0,0,0,0,0,0,0,0,0,0,0,0,0,0,0,0,0,0,0,0,0,0,0,0,0,0,0,0,0,0,0
4077,PI,0,0,0,0,0,0,0,0,0,0,0,0,0,0,0,0,0,0,0,0,0,0,0,0,0,0,0,0,0,0,0,0,0,0,0,0,0,0,0,0,0,0,0,0,0,0,0,0,0,0,0,0,0,0,0,0,0,0,0,0,0,0,0,0,0,0,0,0,0,0,0,0,0,0,0
4078,PI,0,0,0,0,0,0,0,0,0,0,0,0,0,0,0,0,0,0,0,0,0,0,0,0,0,0,0,0,0,0,0,0,0,0,0,0,0,0,0,0,0,0,0,0,0,0,0,0,0,0,0,0,0,0,0,0,0,0,0,0,0,0,0,0,0,0,0,0,0,0,0,0,0,0,0
4079,PI,0,0,0,0,0,0,0,0,0,0,0,0,0,0,0,0,0,0,0,0,0,0,0,0,0,0,0,0,0,0,0,0,0,0,0,0,0,0,0,0,0,0,0,0,0,0,0,0,0,0,0,0,0,0,0,0,0,0,0,0,0,0,0,0,0,0,0,0,0,0,0,0,0,0,0
4080,PI,0,0,0,0,0,0,0,0,0,0,0,0,0,0,0,0,0,0,0,0,0,0,0,0,0,0,0,0,0,0,0,0,0,0,0,0,0,0,0,0,0,0,0,0,0,0,0,0,0,0,0,0,0,0,0,0,0,0,0,0,0,0,0,0,0,0,0,0,0,0,0,0,0,0,0
4081,PI,0,0,0,0,0,0,0,0,0,0,0,0,0,0,0,0,0,0,0,0,0,0,0,0,0,0,0,0,0,0,0,0,0,0,0,0,0,0,0,0,0,0,0,0,0,0,0,0,0,0,0,0,0,0,0,0,0,0,0,0,0,0,0,0,0,0,0,0,0,0,0,0,0,0,0
4082,PI,0,0,0,0,0,0,0,0,0,0,0,0,0,0,0,0,0,0,0,0,0,0,0,0,0,0,0,0,0,0,0,0,0,0,0,0,0,0,0,0,0,0,0,0,0,0,0,0,0,0,0,0,0,0,0,0,0,0,0,0,0,0,0,0,0,0,0,0,0,0,0,0,0,0,0
4083,PI,0,0,0,0,0,0,0,0,0,0,0,0,0,0,0,0,0,0,0,0,0,0,0,0,0,0,0,0,0,0,0,0,0,0,0,0,0,0,0,0,0,0,0,0,0,0,0,0,0,0,0,0,0,0,0,0,0,0,0,0,0,0,0,0,0,0,0,0,0,0,0,0,0,0,0
4084,PI,0,0,0,0,0,0,0,0,0,0,0,0,0,0,0,0,0,0,0,0,0,0,0,0,0,0,0,0,0,0,0,0,0,0,0,0,0,0,0,0,0,0,0,0,0,0,0,0,0,0,0,0,0,0,0,0,0,0,0,0,0,0,0,0,0,0,0,0,0,0,0,0,0,0,0
4085,PI,0,0,0,0,0,0,0,0,0,0,0,0,0,0,0,0,0,0,0,0,0,0,0,0,0,0,0,0,0,0,0,0,0,0,0,0,0,0,0,0,0,0,0,0,0,0,0,0,0,0,0,0,0,0,0,0,0,0,0,0,0,0,0,0,0,0,0,0,0,0,0,0,0,0,0
4086,PI,0,0,0,0,0,0,0,0,0,0,0,0,0,0,0,0,0,0,0,0,0,0,0,0,0,0,0,0,0,0,0,0,0,0,0,0,0,0,0,0,0,0,0,0,0,0,0,0,0,0,0,0,0,0,0,0,0,0,0,0,0,0,0,0,0,0,0,0,0,0,0,0,0,0,0
4087,PI,0,0,0,0,0,0,0,0,0,0,0,0,0,0,0,0,0,0,0,0,0,0,0,0,0,0,0,0,0,0,0,0,0,0,0,0,0,0,0,0,0,0,0,0,0,0,0,0,0,0,0,0,0,0,0,0,0,0,0,0,0,0,0,0,0,0,0,0,0,0,0,0,0,0,0
4088,PI,0,0,0,0,0,0,0,0,0,0,0,0,0,0,0,0,0,0,0,0,0,0,0,0,0,0,0,0,0,0,0,0,0,0,0,0,0,0,0,0,0,0,0,0,0,0,0,0,0,0,0,0,0,0,0,0,0,0,0,0,0,0,0,0,0,0,0,0,0,0,0,0,0,0,0
4089,PI,0,0,0,0,0,0,0,0,0,0,0,0,0,0,0,0,0,0,0,0,0,0,0,0,0,0,0,0,0,0,0,0,0,0,0,0,0,0,0,0,0,0,0,0,0,0,0,0,0,0,0,0,0,0,0,0,0,0,0,0,0,0,0,0,0,0,0,0,0,0,0,0,0,0,0
4090,PI,0,0,0,0,0,0,0,0,0,0,0,0,0,0,0,0,0,0,0,0,0,0,0,0,0,0,0,0,0,0,0,0,0,0,0,0,0,0,0,0,0,0,0,0,0,0,0,0,0,0,0,0,0,0,0,0,0,0,0,0,0,0,0,0,0,0,0,0,0,0,0,0,0,0,0
4091,PI,0,0,0,0,0,0,0,0,0,0,0,0,0,0,0,0,0,0,0,0,0,0,0,0,0,0,0,0,0,0,0,0,0,0,0,0,0,0,0,0,0,0,0,0,0,0,0,0,0,0,0,0,0,0,0,0,0,0,0,0,0,0,0,0,0,0,0,0,0,0,0,0,0,0,0
4092,PI,0,0,0,0,0,0,0,0,0,0,0,0,0,0,0,0,0,0,0,0,0,0,0,0,0,0,0,0,0,0,0,0,0,0,0,0,0,0,0,0,0,0,0,0,0,0,0,0,0,0,0,0,0,0,0,0,0,0,0,0,0,0,0,0,0,0,0,0,0,0,0,0,0,0,0
4093,PI,0,0,0,0,0,0,0,0,0,0,0,0,0,0,0,0,0,0,0,0,0,0,0,0,0,0,0,0,0,0,0,0,0,0,0,0,0,0,0,0,0,0,0,0,0,0,0,0,0,0,0,0,0,0,0,0,0,0,0,0,0,0,0,0,0,0,0,0,0,0,0,0,0,0,0
4094,PI,0,0,0,0,0,0,0,0,0,0,0,0,0,0,0,0,0,0,0,0,0,0,0,0,0,0,0,0,0,0,0,0,0,0,0,0,0,0,0,0,0,0,0,0,0,0,0,0,0,0,0,0,0,0,0,0,0,0,0,0,0,0,0,0,0,0,0,0,0,0,0,0,0,0,0
4095,PI,0,0,0,0,0,0,0,0,0,0,0,0,0,0,0,0,0,0,0,0,0,0,0,0,0,0,0,0,0,0,0,0,0,0,0,0,0,0,0,0,0,0,0,0,0,0,0,0,0,0,0,0,0,0,0,0,0,0,0,0,0,0,0,0,0,0,0,0,0,0,0,0,0,0,0
4096,CE,0,0,0,0,0,0,0,0,0,0,0,0,0,0,0,0,0,0,0,0,0,0,0,0,0,0,0,0,0,0,0,0,0,0,0,0,0,0,0,0,0,0,0,0,0,0,0,0,0,0,0,0,0,0,0,0,0,0,0,0,0,0,0,0,0,0,0,0,0,0,0,0,0,0,0
4097,CE,0,0,0,0,0,0,0,0,0,34.2107132507874,34.2107132507874,34.2107132507874,34.2107132507874,34.2107132507874,34.2107132507874,34.2107132507874,34.2107132507874,34.2107132507874,34.2107132507874,34.2107132507874,34.2107132507874,34.2107132507874,34.2107132507874,34.2107132507874,34.2107132507874,34.2107132507874,34.2107132507874,34.2107132507874,34.2107132507874,34.2107132507874,34.2107132507874,34.2107132507874,34.2107132507874,34.2107132507874,34.2107132507874,34.2107132507874,34.2107132507874,34.2107132507874,34.2107132507874,34.2107132507874,34.2107132507874,34.2107132507874,34.2107132507874,34.2107132507874,34.2107132507874,34.2107132507874,34.2107132507874,34.2107132507874,34.2107132507874,34.2107132507874,34.2107132507874,34.2107132507874,34.2107132507874,34.2107132507874,34.2107132507874,34.2107132507874,34.2107132507874,34.2107132507874,34.2107132507874,34.2107132507874,34.2107132507874,34.2107132507874,34.2107132507874,34.2107132507874,34.2107132507874,34.2107132507874,34.2107132507874,34.2107132507874,34.2107132507874,34.2107132507874,34.2107132507874,34.2107132507874,34.2107132507874,34.2107132507874,34.2107132507874
4098,CE,0,0,0,0,0,0,0,0,0,0,0,0,0,0,0,0,0,0,0,0,0,0,0,0,0,0,0,0,0,0,0,0,0,0,0,0,0,0,0,0,0,0,0,0,0,0,0,0,0,0,0,0,0,0,0,0,0,0,0,0,0,0,0,0,0,0,0,0,0,0,0,0,0,0,0
4099,CE,0,0,0,0,0,0,0,0,0,0,0,0,0,0,0,0,0,0,0,0,0,0,0,0,0,0,0,0,0,20.6786949533095,20.6786949533095,20.6786949533095,20.6786949533095,20.6786949533095,20.6786949533095,20.6786949533095,20.6786949533095,20.6786949533095,20.6786949533095,20.6786949533095,20.6786949533095,20.6786949533095,20.6786949533095,20.6786949533095,20.6786949533095,20.6786949533095,20.6786949533095,20.6786949533095,20.6786949533095,20.6786949533095,20.6786949533095,20.6786949533095,20.6786949533095,20.6786949533095,20.6786949533095,20.6786949533095,20.6786949533095,20.6786949533095,20.6786949533095,20.6786949533095,20.6786949533095,20.6786949533095,20.6786949533095,20.6786949533095,20.6786949533095,20.6786949533095,20.6786949533095,20.6786949533095,20.6786949533095,20.6786949533095,20.6786949533095,20.6786949533095,20.6786949533095,20.6786949533095,20.6786949533095
4100,CE,0,0,0,0,0,0,0,0,0,0,0,0,0,0,0,0,0,0,0,0,0,0,0,0,0,0,0,0,0,0,0,0,0,0,0,0,0,0,0,0,0,0,0,0,0,0,0,0,0,0,0,0,0,0,0,0,0,0,0,0,0,0,0,0,0,0,0,0,0,0,0,0,0,0,0
4101,CE,0,0,0,0,0,0,0,0,0,0,0,0,0,0,0,0,0,0,0,0,0,0,0,0,0,0,0,0,0,0,0,0,0,0,0,0,0,0,0,0,0,0,0,0,0,0,0,0,0,0,0,0,0,0,0,0,0,0,0,0,0,0,0,0,0,0,0,0,0,0,0,0,0,0,0
4102,CE,0,0,0,0,0,0,0,0,0,0,0,0,0,0,0,0,0,0,0,0,0,0,0,0,0,0,0,0,0,0,0,0,0,0,0,0,0,0,0,0,0,0,0,0,0,0,0,0,0,0,0,0,0,0,0,0,0,0,0,0,0,0,0,0,0,0,0,0,0,0,0,0,0,0,0
4103,CE,0,0,0,0,0,0,0,0,0,0,0,0,0,0,0,0,0,0,0,0,0,0,0,0,0,0,0,0,0,0,0,0,0,0,0,0,0,0,0,0,0,0,0,0,0,0,0,0,0,0,0,0,0,0,0,0,0,0,0,0,0,0,0,0,0,0,0,0,0,0,0,0,0,0,0
4104,CE,0,0,0,0,0,0,0,0,0,0,0,0,0,0,0,0,0,0,0,0,0,0,0,0,0,0,0,0,0,0,0,0,0,0,0,0,0,0,0,0,0,0,0,0,0,0,0,0,0,0,0,0,0,0,6.14909584568194,6.14909584568194,6.14909584568194,6.14909584568194,6.14909584568194,6.14909584568194,22.5816776549769,22.5816776549769,22.5816776549769,22.5816776549769,22.5816776549769,22.5816776549769,22.5816776549769,22.5816776549769,22.5816776549769,22.5816776549769,22.5816776549769,22.5816776549769,22.5816776549769,22.5816776549769,22.5816776549769
4105,CE,0,0,0,0,0,0,0,0,0,0,0,0,0,0,0,0,0,0,0,0,0,0,0,0,0,0,0,0,0,0,0,0,0,0,0,0,0,0,0,0,0,0,0,0,0,0,0,0,0,0,0,0,0,0,0,0,0,0,0,0,0,0,0,0,0,0,0,0,0,0,0,0,0,0,0
4106,CE,0,0,0,0,0,0,0,0,0,0,0,0,0,0,0,0,0,0,0,0,0,0,0,0,0,0,0,0,0,0,0,0,0,0,0,0,0,0,0,0,0,0,0,0,0,0,0,0,0,0,0,0,0,0,0,0,0,0,0,0,0,0,0,0,0,0,0,0,0,0,0,0,0,0,0
4107,CE,0,0,0,0,0,0,0,0,0,0,0,0,0,0,0,0,0,0,0,0,0,0,0,0,0,0,0,0,0,0,0,0,0,0,0,0,0,0,0,0,0,0,0,0,0,0,0,0,0,0,0,0,0,0,0,0,0,0,0,0,0,0,0,0,0,0,0,0,0,0,0,0,0,0,0
4108,CE,0,0,0,0,0,0,0,0,0,0,0,0,0,0,0,0,0,0,0,0,0,0,0,0,0,0,0,0,0,0,0,0,0,0,0,0,0,0,0,0,0,0,0,0,0,0,0,0,0,0,0,0,0,0,0,0,0,0,0,0,0,0,0,0,0,0,0,0,0,0,0,0,0,0,0
4109,CE,0,0,0,0,0,0,0,0,0,9.91394697165156,9.91394697165156,9.91394697165156,9.91394697165156,9.91394697165156,9.91394697165156,9.91394697165156,9.91394697165156,9.91394697165156,9.91394697165156,9.91394697165156,9.91394697165156,9.91394697165156,9.91394697165156,9.91394697165156,9.91394697165156,9.91394697165156,9.91394697165156,9.91394697165156,9.91394697165156,9.91394697165156,9.91394697165156,9.91394697165156,9.91394697165156,9.91394697165156,9.91394697165156,9.91394697165156,9.91394697165156,9.91394697165156,9.91394697165156,9.91394697165156,9.91394697165156,9.91394697165156,9.91394697165156,9.91394697165156,9.91394697165156,9.91394697165156,9.91394697165156,9.91394697165156,9.91394697165156,9.91394697165156,9.91394697165156,9.91394697165156,9.91394697165156,9.91394697165156,9.91394697165156,9.91394697165156,9.91394697165156,9.91394697165156,9.91394697165156,9.91394697165156,9.91394697165156,9.91394697165156,9.91394697165156,9.91394697165156,9.91394697165156,9.91394697165156,9.91394697165156,9.91394697165156,9.91394697165156,9.91394697165156,9.91394697165156,9.91394697165156,9.91394697165156,9.91394697165156,9.91394697165156
4110,CE,0,0,0,0,0,0,0,0,0,0,0,0,0,0,0,0,0,0,0,0,0,0,0,0,0,0,0,0,0,0,0,17.2618298175358,17.2618298175358,17.2618298175358,17.2618298175358,17.2618298175358,17.2618298175358,17.2618298175358,17.2618298175358,17.2618298175358,17.2618298175358,17.2618298175358,17.2618298175358,17.2618298175358,17.2618298175358,17.2618298175358,17.2618298175358,17.2618298175358,17.2618298175358,17.2618298175358,17.2618298175358,17.2618298175358,17.2618298175358,17.2618298175358,17.2618298175358,17.2618298175358,17.2618298175358,17.2618298175358,17.2618298175358,17.2618298175358,17.2618298175358,17.2618298175358,17.2618298175358,17.2618298175358,17.2618298175358,17.2618298175358,17.2618298175358,17.2618298175358,17.2618298175358,17.2618298175358,17.2618298175358,17.2618298175358,17.2618298175358,17.2618298175358,17.2618298175358
4111,CE,0,0,0,0,0,0,0,0,0,0,0,0,0,0,0,0,0,0,0,0,0,0,0,0,0,0,0,0,0,0,0,0,0,0,0,0,0,0,0,0,0,0,0,0,0,0,0,0,0,0,0,0,0,0,0,0,0,0,0,0,0,0,0,0,0,0,0,0,0,0,0,0,0,0,0
4112,CE,0,0,0,0,0,0,0,0,0,0,0,0,0,0,0,0,0,0,0,0,0,0,0,0,0,0,0,0,0,0,0,0,0,0,0,0,0,0,0,0,0,0,0,0,0,0,0,0,0,0,0,0,0,0,0,0,0,0,0,0,0,0,0,0,0,0,0,0,0,0,0,0,0,0,0
4113,CE,0,0,0,0,0,0,0,0,0,0,0,0,0,0,0,0,0,0,0,0,0,0,0,0,0,0,0,0,0,0,0,0,0,0,0,0,0,0,0,0,0,0,0,0,0,0,0,0,0,0,0,0,0,0,0,0,0,0,0,0,0,0,0,0,0,0,0,0,0,0,0,0,0,0,0
4114,CE,0,0,0,0,0,0,0,0,0,0,0,0,0,0,0,0,0,0,0,0,0,0,0,0,0,0,0,0,0,0,0,0,0,0,0,0,0,0,0,0,0,0,0,0,0,0,0,0,0,0,0,0,0,0,0,0,0,0,0,0,0,0,0,0,0,0,0,0,0,0,0,0,0,0,0
4115,CE,0,0,0,0,0,0,0,0,0,0,0,0,0,0,0,0,0,0,0,0,0,0,0,0,0,0,0,0,0,0,0,0,0,0,0,0,0,0,0,0,0,0,0,0,0,47.0737232396845,47.0737232396845,47.0737232396845,47.0737232396845,47.0737232396845,47.0737232396845,47.0737232396845,47.0737232396845,47.0737232396845,47.0737232396845,47.0737232396845,47.0737232396845,47.0737232396845,47.0737232396845,47.0737232396845,47.0737232396845,47.0737232396845,47.0737232396845,47.0737232396845,47.0737232396845,47.0737232396845,47.0737232396845,47.0737232396845,47.0737232396845,47.0737232396845,47.0737232396845,47.0737232396845,47.0737232396845,47.0737232396845,47.0737232396845
4116,CE,0,0,0,0,0,0,0,0,0,0,0,0,0,0,0,0,0,0,0,0,0,0,0,0,0,0,0,0,0,0,0,0,0,0,0,0,0,0,0,0,0,0,47.3342718590877,47.3342718590877,144.98515905126,144.98515905126,144.98515905126,144.98515905126,144.98515905126,144.98515905126,144.98515905126,144.98515905126,144.98515905126,144.98515905126,144.98515905126,144.98515905126,144.98515905126,144.98515905126,144.98515905126,144.98515905126,144.98515905126,144.98515905126,144.98515905126,144.98515905126,144.98515905126,144.98515905126,144.98515905126,144.98515905126,144.98515905126,144.98515905126,144.98515905126,144.98515905126,144.98515905126,144.98515905126,144.98515905126
4117,CE,0,0,0,0,0,0,0,0,0,0,0,0,0,0,0,0,7.27346014406311,7.27346014406311,13.3309275171363,13.3309275171363,13.3309275171363,13.3309275171363,13.3309275171363,13.3309275171363,13.3309275171363,13.3309275171363,13.3309275171363,13.3309275171363,13.3309275171363,13.3309275171363,13.3309275171363,13.3309275171363,13.3309275171363,13.3309275171363,13.3309275171363,13.3309275171363,13.3309275171363,13.3309275171363,13.3309275171363,13.3309275171363,13.3309275171363,13.3309275171363,13.3309275171363,13.3309275171363,13.3309275171363,13.3309275171363,13.3309275171363,13.3309275171363,13.3309275171363,13.3309275171363,13.3309275171363,13.3309275171363,13.3309275171363,13.3309275171363,13.3309275171363,13.3309275171363,13.3309275171363,13.3309275171363,13.3309275171363,13.3309275171363,13.3309275171363,13.3309275171363,13.3309275171363,13.3309275171363,13.3309275171363,13.3309275171363,13.3309275171363,13.3309275171363,13.3309275171363,13.3309275171363,13.3309275171363,13.3309275171363,13.3309275171363,13.3309275171363,13.3309275171363
4118,CE,0,0,0,0,0,0,0,0,0,0,0,0,0,0,0,0,0,0,0,0,0,0,0,0,0,0,0,0,0,0,0,0,0,0,0,0,0,0,0,0,0,0,0,0,0,0,0,0,0,0,0,0,0,0,0,0,0,0,0,0,0,0,0,0,0,0,0,0,0,0,0,0,0,0,0
4119,CE,0,0,0,0,0,0,0,0,0,0,0,0,0,0,0,0,0,0,0,0,0,0,0,0,0,0,0,0,0,0,0,0,0,0,0,0,0,0,0,0,0,0,0,0,0,0,0,0,0,0,0,0,0,0,0,0,0,0,0,0,0,0,0,0,0,0,0,0,0,0,0,0,0,0,0
4120,CE,0,0,0,0,0,0,0,0,0,10.2812027728671,10.2812027728671,10.2812027728671,10.2812027728671,10.2812027728671,10.2812027728671,10.2812027728671,10.2812027728671,10.2812027728671,10.2812027728671,10.2812027728671,10.2812027728671,10.2812027728671,10.2812027728671,10.2812027728671,10.2812027728671,10.2812027728671,10.2812027728671,10.2812027728671,10.2812027728671,10.2812027728671,10.2812027728671,10.2812027728671,10.2812027728671,10.2812027728671,10.2812027728671,10.2812027728671,10.2812027728671,10.2812027728671,10.2812027728671,10.2812027728671,10.2812027728671,10.2812027728671,10.2812027728671,10.2812027728671,10.2812027728671,10.2812027728671,10.2812027728671,10.2812027728671,10.2812027728671,10.2812027728671,10.2812027728671,10.2812027728671,10.2812027728671,10.2812027728671,10.2812027728671,10.2812027728671,10.2812027728671,10.2812027728671,10.2812027728671,10.2812027728671,10.2812027728671,10.2812027728671,10.2812027728671,10.2812027728671,10.2812027728671,10.2812027728671,10.2812027728671,10.2812027728671,10.2812027728671,10.2812027728671,10.2812027728671,10.2812027728671,10.2812027728671,10.2812027728671,10.2812027728671
4121,CE,0,0,0,0,0,0,0,0,0,15.3230706650385,15.3230706650385,15.3230706650385,15.3230706650385,15.3230706650385,15.3230706650385,15.3230706650385,60.9150553911424,60.9150553911424,60.9150553911424,60.9150553911424,60.9150553911424,60.9150553911424,60.9150553911424,60.9150553911424,60.9150553911424,60.9150553911424,60.9150553911424,60.9150553911424,60.9150553911424,60.9150553911424,60.9150553911424,60.9150553911424,60.9150553911424,60.9150553911424,60.9150553911424,60.9150553911424,60.9150553911424,60.9150553911424,60.9150553911424,60.9150553911424,60.9150553911424,60.9150553911424,60.9150553911424,60.9150553911424,60.9150553911424,60.9150553911424,60.9150553911424,60.9150553911424,60.9150553911424,60.9150553911424,60.9150553911424,60.9150553911424,60.9150553911424,60.9150553911424,60.9150553911424,60.9150553911424,60.9150553911424,60.9150553911424,60.9150553911424,60.9150553911424,60.9150553911424,60.9150553911424,60.9150553911424,60.9150553911424,60.9150553911424,60.9150553911424,60.9150553911424,60.9150553911424,60.9150553911424,60.9150553911424,60.9150553911424,60.9150553911424,60.9150553911424,60.9150553911424,60.9150553911424
4122,CE,0,0,0,0,0,0,0,0,0,0,0,0,0,0,0,0,0,0,0,0,0,0,0,0,0,0,0,0,0,0,0,0,0,0,0,0,0,0,0,0,0,0,0,0,0,0,0,0,0,0,0,0,0,0,0,0,0,0,0,0,0,0,0,0,0,0,0,0,0,0,0,0,0,0,0
4123,CE,0,0,0,0,0,0,0,0,0,0,0,0,0,0,0,0,0,0,0,0,0,0,0,0,0,0,0,0,0,0,0,0,0,0,0,0,0,0,0,0,0,0,0,0,0,0,0,0,0,0,0,0,0,0,0,0,0,0,0,0,0,0,0,0,0,0,0,0,0,0,0,0,0,0,0
4124,CE,0,0,0,0,0,0,0,0,0,0,0,0,0,0,0,0,0,0,0,0,0,0,0,0,0,0,0,0,0,0,0,0,0,0,0,0,0,0,0,0,0,0,0,0,0,0,0,0,0,0,0,0,0,0,0,0,0,0,0,0,0,0,0,0,0,0,0,0,0,0,0,0,0,0,0
4125,CE,0,0,0,0,0,0,0,0,0,0,0,0,0,0,0,0,0,0,0,0,0,0,0,0,0,0,0,0,0,0,0,0,0,0,0,0,0,0,0,0,0,0,0,0,0,0,0,0,0,0,0,0,0,0,0,0,0,0,0,0,0,0,0,0,0,0,0,0,0,0,0,0,0,0,0
4126,CE,0,0,0,0,0,0,0,0,0,0,0,0,0,0,0,0,0,0,0,0,0,0,0,0,0,0,0,0,0,0,0,0,0,0,0,0,0,0,0,0,0,0,0,0,0,0,0,0,0,0,0,0,0,0,0,0,0,0,0,0,0,0,0,0,0,0,0,0,0,0,0,0,0,0,0
4127,CE,0,0,0,0,0,0,0,0,0,0,0,0,0,0,0,0,0,0,0,0,0,0,0,0,0,0,0,0,0,0,0,0,0,0,0,0,0,0,0,0,0,0,0,0,0,0,0,0,0,0,0,0,0,0,0,0,0,0,0,0,0,0,0,0,0,0,0,0,0,0,0,0,0,0,0
4128,CE,0,0,0,0,0,0,0,0,0,0,0,0,0,0,0,0,57.2778338623789,57.2778338623789,57.2778338623789,57.2778338623789,57.2778338623789,57.2778338623789,57.2778338623789,57.2778338623789,57.2778338623789,57.2778338623789,57.2778338623789,57.2778338623789,57.2778338623789,57.2778338623789,57.2778338623789,57.2778338623789,57.2778338623789,57.2778338623789,57.2778338623789,57.2778338623789,57.2778338623789,57.2778338623789,57.2778338623789,57.2778338623789,57.2778338623789,57.2778338623789,57.2778338623789,57.2778338623789,57.2778338623789,57.2778338623789,57.2778338623789,57.2778338623789,57.2778338623789,57.2778338623789,57.2778338623789,57.2778338623789,57.2778338623789,57.2778338623789,57.2778338623789,57.2778338623789,57.2778338623789,57.2778338623789,57.2778338623789,57.2778338623789,57.2778338623789,57.2778338623789,57.2778338623789,57.2778338623789,57.2778338623789,57.2778338623789,57.2778338623789,57.2778338623789,57.2778338623789,57.2778338623789,57.2778338623789,57.2778338623789,57.2778338623789,57.2778338623789,57.2778338623789
4129,CE,0,0,0,0,0,0,0,0,0,0,0,0,0,0,0,0,0,0,0,0,0,0,0,0,0,0,0,0,0,0,0,0,0,0,0,0,0,0,0,0,0,0,0,0,0,0,0,0,0,0,0,0,0,0,0,0,0,0,0,0,0,0,0,0,0,0,0,0,0,0,0,0,0,0,0
4130,CE,0,0,0,0,0,0,0,0,0,0,0,0,0,0,0,0,0,0,39.6629254082924,39.6629254082924,39.6629254082924,39.6629254082924,39.6629254082924,39.6629254082924,39.6629254082924,39.6629254082924,39.6629254082924,39.6629254082924,39.6629254082924,39.6629254082924,39.6629254082924,39.6629254082924,39.6629254082924,39.6629254082924,39.6629254082924,39.6629254082924,39.6629254082924,39.6629254082924,39.6629254082924,39.6629254082924,39.6629254082924,39.6629254082924,39.6629254082924,39.6629254082924,39.6629254082924,39.6629254082924,39.6629254082924,39.6629254082924,39.6629254082924,39.6629254082924,39.6629254082924,39.6629254082924,39.6629254082924,39.6629254082924,39.6629254082924,39.6629254082924,39.6629254082924,39.6629254082924,39.6629254082924,39.6629254082924,39.6629254082924,39.6629254082924,39.6629254082924,39.6629254082924,39.6629254082924,39.6629254082924,39.6629254082924,39.6629254082924,39.6629254082924,39.6629254082924,39.6629254082924,39.6629254082924,39.6629254082924,39.6629254082924,39.6629254082924
4131,CE,0,0,0,0,0,0,0,0,0,0,0,0,0,0,0,0,0,0,0,0,0,0,0,0,0,0,0,0,0,0,0,0,0,0,0,0,0,0,0,0,0,0,0,0,0,0,0,0,0,0,0,0,0,0,0,0,0,0,0,0,0,0,0,0,0,0,0,0,0,0,0,0,0,0,0
4132,CE,0,0,0,0,0,0,0,0,0,0,0,0,0,0,0,0,0,0,0,0,0,0,0,0,0,0,0,0,0,0,0,0,0,0,0,0,0,0,0,0,0,0,0,0,0,0,0,0,0,0,0,0,0,0,0,0,0,0,0,0,0,0,0,0,0,0,0,0,0,0,0,0,0,0,0
4133,CE,0,0,0,0,0,0,0,0,0,0,0,0,0,0,0,0,0,0,0,0,0,0,0,0,0,0,0,0,0,0,0,0,0,0,0,0,0,0,0,0,0,0,0,0,0,0,0,0,0,0,0,0,0,0,0,0,0,0,0,0,0,0,0,0,0,0,0,0,0,0,0,0,0,0,0
4134,CE,0,0,0,0,0,0,0,0,0,0,0,0,0,0,0,0,0,0,0,0,0,0,0,0,0,0,0,0,0,0,0,0,0,0,0,0,0,0,0,0,0,0,0,0,0,0,0,0,0,0,0,0,0,0,0,0,0,0,0,0,0,0,0,0,0,0,0,0,0,0,0,0,0,0,0
4135,CE,0,0,0,0,0,0,0,0,0,0,0,0,0,0,0,0,0,0,0,0,0,0,0,0,0,0,0,0,0,0,0,0,0,0,0,0,0,0,0,0,0,0,0,0,0,0,0,0,0,0,0,0,0,0,0,0,0,0,0,0,0,0,0,0,0,0,0,0,0,0,0,0,0,0,0
4136,CE,0,0,0,0,0,0,0,0,0,0,0,0,0,0,0,0,0,0,0,0,0,0,0,0,0,0,0,0,0,0,0,0,0,0,0,0,0,0,0,0,0,0,0,0,0,0,0,0,0,0,0,0,0,0,0,0,0,0,0,0,0,0,0,0,0,0,0,0,0,0,0,0,0,0,0
4137,CE,0,0,0,0,0,0,0,0,0,0,0,0,0,0,0,0,0,0,0,0,0,0,0,0,0,0,0,0,0,0,0,0,0,0,0,0,0,0,0,0,0,0,0,0,0,0,0,0,0,0,0,0,0,0,33.5102048648845,33.5102048648845,33.5102048648845,33.5102048648845,33.5102048648845,33.5102048648845,33.5102048648845,33.5102048648845,33.5102048648845,33.5102048648845,33.5102048648845,33.5102048648845,33.5102048648845,33.5102048648845,33.5102048648845,33.5102048648845,33.5102048648845,33.5102048648845,33.5102048648845,33.5102048648845,33.5102048648845
4138,CE,0,0,0,0,0,0,0,0,0,0,0,0,0,0,0,0,0,0,0,0,0,0,0,0,0,0,0,0,0,0,0,0,0,0,0,0,42.2993169209185,42.2993169209185,42.2993169209185,42.2993169209185,42.2993169209185,42.2993169209185,42.2993169209185,42.2993169209185,42.2993169209185,42.2993169209185,42.2993169209185,42.2993169209185,42.2993169209185,42.2993169209185,42.2993169209185,42.2993169209185,42.2993169209185,42.2993169209185,42.2993169209185,42.2993169209185,42.2993169209185,42.2993169209185,42.2993169209185,42.2993169209185,42.2993169209185,42.2993169209185,42.2993169209185,42.2993169209185,42.2993169209185,42.2993169209185,42.2993169209185,42.2993169209185,42.2993169209185,42.2993169209185,42.2993169209185,42.2993169209185,42.2993169209185,42.2993169209185,42.2993169209185
4139,CE,0,0,0,0,0,0,0,0,0,0,0,0,0,0,0,0,0,0,0,0,0,0,0,0,0,0,0,0,0,0,0,0,0,0,0,0,0,0,0,0,0,0,0,0,0,0,0,0,0,0,0,0,0,0,0,0,0,0,0,0,0,0,0,0,0,0,0,0,0,0,0,0,0,0,0
4140,CE,0,0,0,0,0,0,0,0,0,0,0,0,0,0,0,0,0,0,0,0,0,0,0,0,0,0,0,0,0,0,0,0,0,0,0,0,0,0,0,0,0,0,0,0,0,0,0,0,0,0,0,0,0,0,0,0,0,0,0,0,0,0,0,0,0,0,0,0,0,0,0,0,0,0,0
4141,CE,0,0,0,0,0,0,0,0,0,0,0,0,0,0,0,0,0,0,0,0,0,0,0,0,0,0,0,0,0,0,0,0,0,0,0,0,0,0,0,0,0,0,0,0,0,0,0,0,0,0,0,0,0,0,0,0,0,0,0,0,0,0,0,0,0,0,0,0,0,0,0,0,0,0,0
4142,CE,0,0,0,0,0,0,0,0,0,0,0,0,0,0,0,0,0,0,0,0,0,0,0,0,0,0,0,0,0,0,0,7.53814812470314,7.53814812470314,7.53814812470314,7.53814812470314,7.53814812470314,7.53814812470314,7.53814812470314,7.53814812470314,7.53814812470314,7.53814812470314,7.53814812470314,7.53814812470314,7.53814812470314,7.53814812470314,7.53814812470314,7.53814812470314,7.53814812470314,7.53814812470314,48.0047853471793,48.0047853471793,48.0047853471793,48.0047853471793,48.0047853471793,48.0047853471793,48.0047853471793,48.0047853471793,48.0047853471793,48.0047853471793,48.0047853471793,48.0047853471793,48.0047853471793,48.0047853471793,48.0047853471793,48.0047853471793,48.0047853471793,48.0047853471793,64.0383112749458,64.0383112749458,64.0383112749458,64.0383112749458,64.7936155846539,64.7936155846539,64.7936155846539,64.7936155846539
4143,CE,0,0,0,0,0,0,0,0,0,0,0,0,0,0,0,0,0,0,0,0,0,0,0,0,0,0,0,0,0,0,0,0,0,0,0,0,0,0,0,0,0,0,0,0,0,5.9088666810272,5.9088666810272,5.9088666810272,5.9088666810272,5.9088666810272,5.9088666810272,5.9088666810272,5.9088666810272,5.9088666810272,5.9088666810272,5.9088666810272,5.9088666810272,5.9088666810272,5.9088666810272,5.9088666810272,5.9088666810272,5.9088666810272,5.9088666810272,5.9088666810272,5.9088666810272,5.9088666810272,5.9088666810272,5.9088666810272,5.9088666810272,5.9088666810272,5.9088666810272,5.9088666810272,5.9088666810272,5.9088666810272,5.9088666810272
4144,CE,0,0,0,0,0,0,0,0,0,0,0,0,0,0,0,0,0,0,0,0,0,0,0,0,0,0,0,0,0,0,0,0,0,0,0,0,0,0,0,0,0,0,0,0,0,0,0,0,0,0,0,0,0,0,0,0,0,0,0,0,0,0,0,0,0,0,0,0,0,0,0,0,0,0,0
4145,CE,0,0,0,0,0,0,0,0,0,0,0,0,0,0,0,0,0,0,0,0,0,0,0,0,0,0,0,0,0,0,0,0,0,0,0,0,0,0,0,0,0,0,0,0,0,0,0,0,0,0,0,0,0,0,0,0,0,0,0,0,0,0,0,0,0,0,0,0,0,0,0,0,0,0,0
4146,CE,0,0,0,0,0,0,0,0,0,0,0,0,0,0,0,0,0,0,0,0,0,0,0,0,0,0,0,0,0,0,0,0,0,0,0,0,0,0,0,0,0,0,0,0,0,0,0,0,0,0,0,0,0,0,0,0,0,0,0,0,0,0,0,0,0,0,0,0,0,0,0,0,0,0,0
4147,CE,0,0,0,0,0,0,0,0,0,0,0,0,0,0,0,0,0,0,0,0,0,0,0,0,0,0,0,0,0,0,0,0,0,0,0,0,0,0,0,0,0,0,0,0,0,0,0,0,0,0,0,0,0,0,0,0,0,0,0,0,0,0,0,0,0,0,0,0,0,0,0,0,0,0,0
4148,CE,0,0,0,0,0,0,0,0,0,3.13468783990111,3.13468783990111,3.13468783990111,3.13468783990111,3.13468783990111,3.13468783990111,3.13468783990111,3.13468783990111,3.13468783990111,9.30645570609317,9.30645570609317,9.30645570609317,9.30645570609317,9.30645570609317,9.30645570609317,9.30645570609317,9.30645570609317,9.30645570609317,9.30645570609317,9.30645570609317,9.30645570609317,9.30645570609317,9.30645570609317,9.30645570609317,9.30645570609317,9.30645570609317,9.30645570609317,9.30645570609317,9.30645570609317,9.30645570609317,9.30645570609317,9.30645570609317,9.30645570609317,9.30645570609317,9.30645570609317,9.30645570609317,9.30645570609317,9.30645570609317,9.30645570609317,9.30645570609317,9.30645570609317,9.30645570609317,9.30645570609317,9.30645570609317,9.30645570609317,9.30645570609317,9.30645570609317,9.30645570609317,9.30645570609317,9.30645570609317,9.30645570609317,18.8076335291331,18.8076335291331,18.8076335291331,18.8076335291331,18.8076335291331,18.8076335291331,18.8076335291331,18.8076335291331,18.8076335291331,18.8076335291331,18.8076335291331,18.8076335291331,18.8076335291331,18.8076335291331,18.8076335291331
4149,CE,0,0,0,0,53.5824312802337,53.5824312802337,53.5824312802337,53.5824312802337,53.5824312802337,53.5824312802337,53.5824312802337,53.5824312802337,53.5824312802337,53.5824312802337,53.5824312802337,53.5824312802337,53.5824312802337,53.5824312802337,53.5824312802337,53.5824312802337,53.5824312802337,53.5824312802337,53.5824312802337,53.5824312802337,53.5824312802337,53.5824312802337,53.5824312802337,53.5824312802337,53.5824312802337,53.5824312802337,53.5824312802337,53.5824312802337,53.5824312802337,53.5824312802337,53.5824312802337,53.5824312802337,53.5824312802337,53.5824312802337,53.5824312802337,53.5824312802337,53.5824312802337,53.5824312802337,53.5824312802337,53.5824312802337,53.5824312802337,53.5824312802337,53.5824312802337,53.5824312802337,53.5824312802337,53.5824312802337,53.5824312802337,53.5824312802337,53.5824312802337,53.5824312802337,77.1706916826672,77.1706916826672,77.1706916826672,77.1706916826672,77.1706916826672,77.1706916826672,77.1706916826672,77.1706916826672,77.1706916826672,77.1706916826672,77.1706916826672,77.1706916826672,77.1706916826672,77.1706916826672,77.1706916826672,77.1706916826672,77.1706916826672,77.1706916826672,77.1706916826672,77.1706916826672,77.1706916826672
4150,CE,0,0,0,0,0,0,0,0,0,0,0,0,0,0,0,0,0,0,0,0,0,0,0,0,0,0,0,0,0,0,0,0,0,0,0,0,0,0,0,0,0,0,0,0,0,0,0,0,0,0,0,0,0,0,0,0,0,0,0,0,0,0,0,0,0,0,0,0,0,0,0,0,0,0,0
4151,CE,0,0,0,0,0,0,0,0,0,0,0,0,0,0,0,0,0,0,0,0,0,0,0,0,0,0,0,0,0,0,0,0,0,0,0,0,0,0,0,0,0,0,0,0,0,0,0,0,0,0,0,0,0,0,0,0,0,0,0,0,0,0,0,0,0,0,0,0,0,0,0,0,0,0,0
4152,CE,0,0,0,0,0,0,0,0,0,0,0,0,0,0,0,0,0,0,0,0,0,0,0,0,0,0,0,0,0,0,0,0,0,0,0,0,0,0,0,0,0,0,0,0,0,0,0,0,0,0,0,0,0,0,0,0,0,0,0,0,0,0,0,0,0,0,0,0,0,0,0,0,0,0,0
4153,CE,0,0,0,0,0,0,0,0,0,10.7066267989682,10.7066267989682,10.7066267989682,10.7066267989682,10.7066267989682,10.7066267989682,10.7066267989682,10.7066267989682,10.7066267989682,10.7066267989682,10.7066267989682,10.7066267989682,10.7066267989682,10.7066267989682,10.7066267989682,10.7066267989682,10.7066267989682,10.7066267989682,10.7066267989682,10.7066267989682,10.7066267989682,10.7066267989682,10.7066267989682,10.7066267989682,10.7066267989682,10.7066267989682,10.7066267989682,10.7066267989682,10.7066267989682,10.7066267989682,10.7066267989682,10.7066267989682,10.7066267989682,10.7066267989682,10.7066267989682,10.7066267989682,10.7066267989682,10.7066267989682,10.7066267989682,10.7066267989682,10.7066267989682,10.7066267989682,10.7066267989682,10.7066267989682,10.7066267989682,10.7066267989682,10.7066267989682,10.7066267989682,10.7066267989682,10.7066267989682,10.7066267989682,10.7066267989682,10.7066267989682,10.7066267989682,10.7066267989682,10.7066267989682,10.7066267989682,10.7066267989682,10.7066267989682,10.7066267989682,10.7066267989682,10.7066267989682,10.7066267989682,10.7066267989682,10.7066267989682,10.7066267989682
4154,CE,0,0,0,0,0,0,0,0,0,0,0,0,0,0,0,0,0,0,0,0,0,0,0,0,0,0,0,0,0,0,0,0,0,0,0,0,0,0,0,0,0,0,0,0,0,0,0,0,0,0,0,0,0,0,0,0,0,0,0,0,0,0,0,0,0,0,0,0,0,0,0,0,0,0,0
4155,CE,0,0,0,0,0,0,0,0,0,0,0,0,0,0,0,0,0,0,4.17885748545474,4.17885748545474,4.17885748545474,4.17885748545474,4.17885748545474,4.17885748545474,4.17885748545474,4.17885748545474,4.17885748545474,4.17885748545474,4.17885748545474,4.17885748545474,4.17885748545474,4.17885748545474,4.17885748545474,4.17885748545474,4.17885748545474,4.17885748545474,4.17885748545474,4.17885748545474,4.17885748545474,4.17885748545474,4.17885748545474,4.17885748545474,4.17885748545474,4.17885748545474,4.17885748545474,4.17885748545474,4.17885748545474,4.17885748545474,4.17885748545474,4.17885748545474,4.17885748545474,4.17885748545474,4.17885748545474,4.17885748545474,4.17885748545474,4.17885748545474,4.17885748545474,4.17885748545474,4.17885748545474,4.17885748545474,4.17885748545474,4.17885748545474,4.17885748545474,4.17885748545474,4.17885748545474,4.17885748545474,4.17885748545474,4.17885748545474,4.17885748545474,4.17885748545474,4.17885748545474,4.17885748545474,4.17885748545474,4.17885748545474,4.17885748545474
4156,CE,0,0,0,0,6.72289627733255,6.72289627733255,6.72289627733255,6.72289627733255,6.72289627733255,67.4903408591459,67.4903408591459,67.4903408591459,67.4903408591459,67.4903408591459,67.4903408591459,67.4903408591459,67.4903408591459,67.4903408591459,67.4903408591459,67.4903408591459,67.4903408591459,67.4903408591459,67.4903408591459,67.4903408591459,67.4903408591459,67.4903408591459,67.4903408591459,67.4903408591459,67.4903408591459,67.4903408591459,67.4903408591459,67.4903408591459,67.4903408591459,67.4903408591459,67.4903408591459,67.4903408591459,67.4903408591459,67.4903408591459,67.4903408591459,67.4903408591459,67.4903408591459,67.4903408591459,67.4903408591459,67.4903408591459,67.4903408591459,67.4903408591459,67.4903408591459,67.4903408591459,67.4903408591459,67.4903408591459,67.4903408591459,67.4903408591459,67.4903408591459,67.4903408591459,67.4903408591459,67.4903408591459,67.4903408591459,67.4903408591459,67.4903408591459,67.4903408591459,67.4903408591459,67.4903408591459,67.4903408591459,67.4903408591459,67.4903408591459,67.4903408591459,67.4903408591459,67.4903408591459,67.4903408591459,67.4903408591459,67.4903408591459,67.4903408591459,67.4903408591459,67.4903408591459,67.4903408591459
4157,CE,0,0,0,0,0,0,0,0,0,0,0,0,0,0,0,0,0,0,0,0,0,0,0,0,0,0,0,0,0,0,0,0,0,0,0,0,0,0,0,0,0,0,0,0,0,0,0,0,0,0,0,0,0,0,0,0,0,0,0,0,0,0,0,0,0,0,0,0,0,0,0,0,0,0,0
4158,CE,0,0,0,0,0,0,0,0,0,0,0,0,0,0,0,0,0,0,0,0,0,0,0,0,0,0,0,0,0,0,0,0,0,0,0,0,0,0,0,0,0,0,0,0,0,0,0,0,0,0,0,0,0,0,0,0,0,0,0,0,0,0,0,0,0,0,0,0,0,0,0,0,0,0,0
4159,CE,0,0,0,0,0,0,0,0,0,0,0,0,0,0,0,0,0,0,0,0,0,0,0,0,0,0,0,0,0,0,0,0,0,0,0,0,0,0,0,0,0,0,0,0,0,0,0,0,0,0,0,0,0,0,0,0,0,0,0,0,0,0,0,0,0,0,0,0,0,0,0,0,0,0,0
4160,CE,0,0,0,0,0,0,0,0,0,0,0,0,0,0,0,0,0,0,0,0,0,0,0,0,0,0,0,0,0,0,0,0,0,0,0,0,0,0,0,0,0,0,0,0,0,0,0,0,0,0,0,0,0,0,0,0,0,0,0,0,0,0,0,0,0,0,0,0,0,0,0,0,0,0,0
4161,CE,0,0,0,0,0,0,0,0,0,0,0,0,0,0,0,0,0,0,0,0,0,0,0,0,0,0,0,0,0,0,0,0,0,0,0,0,2.30505524316307,2.30505524316307,2.30505524316307,2.30505524316307,2.30505524316307,2.30505524316307,2.30505524316307,2.30505524316307,2.30505524316307,2.30505524316307,2.30505524316307,2.30505524316307,2.30505524316307,2.30505524316307,2.30505524316307,2.30505524316307,2.30505524316307,2.30505524316307,2.30505524316307,2.30505524316307,2.30505524316307,2.30505524316307,2.30505524316307,2.30505524316307,2.30505524316307,2.30505524316307,2.30505524316307,2.30505524316307,2.30505524316307,2.30505524316307,2.30505524316307,2.30505524316307,2.30505524316307,2.30505524316307,2.30505524316307,2.30505524316307,2.30505524316307,2.30505524316307,2.30505524316307
4162,CE,0,0,0,0,0,0,0,0,0,0,0,0,0,0,0,0,0,0,0,0,0,0,0,0,0,0,0,0,0,12.8836162455439,12.8836162455439,12.8836162455439,12.8836162455439,12.8836162455439,12.8836162455439,12.8836162455439,28.5206158838805,28.5206158838805,28.5206158838805,28.5206158838805,28.5206158838805,28.5206158838805,28.5206158838805,28.5206158838805,28.5206158838805,28.5206158838805,28.5206158838805,28.5206158838805,28.5206158838805,28.5206158838805,28.5206158838805,28.5206158838805,28.5206158838805,28.5206158838805,28.5206158838805,28.5206158838805,28.5206158838805,28.5206158838805,28.5206158838805,28.5206158838805,28.5206158838805,28.5206158838805,28.5206158838805,28.5206158838805,28.5206158838805,28.5206158838805,28.5206158838805,28.5206158838805,28.5206158838805,28.5206158838805,28.5206158838805,28.5206158838805,28.5206158838805,28.5206158838805,28.5206158838805
4163,CE,0,0,0,0,0,0,0,0,0,0,0,0,0,0,0,0,0,0,0,0,0,0,0,0,0,0,0,0,0,0,0,0,0,0,0,0,0,0,0,0,0,0,0,0,0,0,0,0,0,0,0,0,0,0,0,0,0,0,0,0,0,0,0,0,0,0,0,11.0045288132216,11.0045288132216,11.0045288132216,11.0045288132216,11.0045288132216,11.0045288132216,11.0045288132216,11.0045288132216
4164,CE,0,0,0,0,0,0,0,0,0,0,0,0,0,0,0,0,0,0,0,0,0,0,0,0,0,0,0,0,0,0,0,0,0,0,0,0,0,0,0,0,0,0,0,0,9.86949773057932,9.86949773057932,9.86949773057932,9.86949773057932,9.86949773057932,9.86949773057932,9.86949773057932,9.86949773057932,9.86949773057932,9.86949773057932,9.86949773057932,9.86949773057932,9.86949773057932,9.86949773057932,9.86949773057932,9.86949773057932,9.86949773057932,9.86949773057932,9.86949773057932,9.86949773057932,9.86949773057932,9.86949773057932,9.86949773057932,9.86949773057932,9.86949773057932,9.86949773057932,9.86949773057932,9.86949773057932,9.86949773057932,9.86949773057932,9.86949773057932
4165,CE,0,0,0,0,0,0,0,0,0,0,0,0,0,0,0,0,0,0,20.3357976109076,20.3357976109076,20.3357976109076,20.3357976109076,20.3357976109076,20.3357976109076,20.3357976109076,20.3357976109076,20.3357976109076,20.3357976109076,20.3357976109076,20.3357976109076,20.3357976109076,39.8505807038661,39.8505807038661,39.8505807038661,39.8505807038661,39.8505807038661,39.8505807038661,39.8505807038661,39.8505807038661,39.8505807038661,39.8505807038661,39.8505807038661,39.8505807038661,39.8505807038661,39.8505807038661,39.8505807038661,39.8505807038661,39.8505807038661,39.8505807038661,39.8505807038661,39.8505807038661,39.8505807038661,39.8505807038661,39.8505807038661,39.8505807038661,39.8505807038661,39.8505807038661,39.8505807038661,39.8505807038661,39.8505807038661,39.8505807038661,39.8505807038661,39.8505807038661,39.8505807038661,39.8505807038661,39.8505807038661,39.8505807038661,39.8505807038661,39.8505807038661,39.8505807038661,39.8505807038661,39.8505807038661,39.8505807038661,39.8505807038661,39.8505807038661
4166,CE,0,0,0,0,0,0,0,0,0,0,0,0,0,0,0,0,0,0,0,0,0,0,0,0,0,0,0,0,0,0,0,19.2090916726204,19.2090916726204,19.2090916726204,19.2090916726204,19.2090916726204,19.2090916726204,19.2090916726204,19.2090916726204,19.2090916726204,19.2090916726204,19.2090916726204,19.2090916726204,19.2090916726204,19.2090916726204,19.2090916726204,19.2090916726204,19.2090916726204,19.2090916726204,19.2090916726204,19.2090916726204,19.2090916726204,19.2090916726204,19.2090916726204,19.2090916726204,19.2090916726204,19.2090916726204,19.2090916726204,19.2090916726204,19.2090916726204,19.2090916726204,19.2090916726204,19.2090916726204,19.2090916726204,19.2090916726204,19.2090916726204,19.2090916726204,19.2090916726204,19.2090916726204,19.2090916726204,19.2090916726204,19.2090916726204,19.2090916726204,19.2090916726204,19.2090916726204
4167,CE,0,0,0,0,0,0,0,0,0,0,0,0,0,0,0,0,0,0,0,0,0,0,0,0,0,0,0,0,0,0,0,0,0,0,0,0,0,0,0,0,0,0,0,0,0,0,0,0,0,0,0,0,0,0,0,0,0,0,0,0,0,0,0,0,0,0,0,0,0,0,0,0,0,0,0
4168,CE,0,0,0,0,0,0,0,0,0,0,0,0,0,0,0,0,0,0,0,0,0,0,0,0,0,0,0,0,0,0,0,0,0,0,0,0,0,0,0,0,0,0,0,0,0,0,0,0,0,0,0,0,0,0,0,0,0,0,0,0,0,0,0,0,0,0,0,0,0,0,0,0,0,0,0
4169,CE,0,0,0,0,0,0,0,0,0,0,0,0,0,0,0,0,0,0,0,0,0,0,0,0,0,0,0,0,0,0,0,0,0,0,0,0,0,0,0,0,0,0,0,0,0,0,0,0,0,0,0,0,0,0,0,0,0,0,0,0,0,0,0,0,0,0,0,0,0,0,0,0,0,0,0
4170,CE,0,0,0,0,0,0,0,0,0,0,0,0,0,0,0,0,0,0,0,0,0,0,0,0,0,0,0,0,0,0,0,0,0,0,0,0,0,0,0,0,0,0,0,0,0,0,0,0,0,0,0,0,0,0,0,0,0,0,0,0,0,0,0,0,0,0,0,0,0,0,0,0,0,0,0
4171,CE,0,0,0,0,0,0,0,0,0,0,0,0,0,0,0,0,44.4444582032492,44.4444582032492,44.4444582032492,44.4444582032492,44.4444582032492,44.4444582032492,44.4444582032492,44.4444582032492,44.4444582032492,44.4444582032492,44.4444582032492,44.4444582032492,44.4444582032492,44.4444582032492,44.4444582032492,44.4444582032492,44.4444582032492,44.4444582032492,44.4444582032492,44.4444582032492,44.4444582032492,44.4444582032492,44.4444582032492,44.4444582032492,44.4444582032492,44.4444582032492,44.4444582032492,44.4444582032492,44.4444582032492,44.4444582032492,44.4444582032492,44.4444582032492,44.4444582032492,44.4444582032492,44.4444582032492,44.4444582032492,44.4444582032492,44.4444582032492,44.4444582032492,44.4444582032492,44.4444582032492,44.4444582032492,44.4444582032492,44.4444582032492,44.4444582032492,44.4444582032492,44.4444582032492,44.4444582032492,44.4444582032492,44.4444582032492,44.4444582032492,44.4444582032492,44.4444582032492,44.4444582032492,44.4444582032492,44.4444582032492,44.4444582032492,44.4444582032492,44.4444582032492
4172,CE,0,0,0,0,0,0,0,0,0,0,0,0,0,0,0,0,0,0,0,0,0,0,0,0,0,0,0,0,0,0,0,0,0,0,0,0,0,0,0,0,0,0,0,0,0,0,0,0,0,0,0,0,0,0,0,0,0,0,0,0,0,0,0,0,0,0,0,0,0,0,0,0,0,0,0
4173,CE,0,0,0,0,0,0,0,0,0,0,0,0,0,0,0,0,0,0,0,0,0,0,0,0,0,0,0,0,0,0,0,0,0,0,0,0,0,0,0,0,0,0,0,0,0,0,0,0,0,0,0,0,0,0,0,0,0,0,0,0,0,0,0,0,0,0,0,0,0,0,0,0,0,0,0
4174,CE,0,0,0,0,0,0,0,0,0,0,0,0,0,0,0,0,0,0,0,0,0,0,0,0,0,0,0,0,0,0,0,0,0,0,0,0,0,0,0,0,0,0,0,0,0,0,0,0,0,0,0,0,0,0,0,0,0,0,0,0,0,0,0,0,0,0,0,0,0,0,0,0,0,0,0
4175,CE,0,0,0,0,0,0,0,0,0,0,0,0,0,0,0,0,0,0,0,0,0,0,0,0,0,0,0,0,0,0,0,0,0,0,0,0,0,0,0,0,0,0,0,0,0,0,0,0,0,0,0,0,0,0,0,0,0,0,0,0,0,0,0,0,0,0,0,0,0,0,0,0,0,0,0
4176,CE,0,0,0,0,0,0,0,0,0,0,0,0,0,0,0,0,0,0,0,0,0,0,0,0,0,0,0,0,0,0,0,0,0,0,0,0,0,0,0,0,0,0,0,0,0,0,0,0,0,0,0,0,0,0,0,0,0,0,0,0,0,0,0,0,0,0,0,0,0,0,0,0,0,0,0
4177,CE,0,0,0,0,0,0,0,0,0,0,0,0,0,0,0,0,0,0,0,0,0,0,0,0,0,0,0,0,0,0,0,0,0,0,0,0,0,0,0,0,0,0,0,0,0,0,0,0,0,0,0,0,0,0,0,0,0,0,0,0,0,0,0,0,0,0,0,0,0,0,0,0,0,0,0
4178,CE,0,0,0,0,0,0,0,0,0,0,0,0,0,0,0,0,0,0,0,0,0,0,0,0,0,0,0,0,0,0,0,0,0,0,0,0,0,0,0,0,0,0,0,0,0,0,0,0,0,0,0,0,0,0,0,0,0,0,0,0,0,0,0,0,0,0,0,0,0,0,0,0,0,0,0
4179,CE,0,0,0,0,0,0,0,0,0,0,0,0,0,0,0,0,0,0,0,0,0,0,0,0,0,0,0,0,0,0,0,0,0,0,0,0,0,0,0,0,0,0,0,0,0,75.53430165527,75.53430165527,75.53430165527,75.53430165527,75.53430165527,75.53430165527,75.53430165527,75.53430165527,75.53430165527,75.53430165527,75.53430165527,75.53430165527,75.53430165527,75.53430165527,75.53430165527,75.53430165527,75.53430165527,75.53430165527,75.53430165527,75.53430165527,75.53430165527,75.53430165527,75.53430165527,75.53430165527,75.53430165527,75.53430165527,75.53430165527,75.53430165527,75.53430165527,75.53430165527
4180,CE,0,0,0,0,0,0,0,0,0,0,0,0,0,0,0,0,0,0,0,0,0,0,0,0,0,0,0,0,0,0,0,0,0,0,0,0,0,0,0,0,0,0,0,0,0,0,0,0,0,0,0,0,0,0,0,0,0,0,0,0,0,0,0,0,0,0,0,0,0,0,0,0,0,0,0
4181,CE,0,0,0,0,0,0,0,0,0,0,0,0,0,0,0,0,0,0,0,0,0,0,0,0,0,0,0,0,0,0,0,0,0,0,0,0,15.0074809246252,15.0074809246252,15.0074809246252,15.0074809246252,15.0074809246252,15.0074809246252,15.0074809246252,15.0074809246252,37.3155528744832,54.017380915587,54.017380915587,54.017380915587,54.017380915587,54.017380915587,54.017380915587,54.017380915587,54.017380915587,54.017380915587,54.017380915587,54.017380915587,54.017380915587,54.017380915587,54.017380915587,54.017380915587,54.017380915587,54.017380915587,54.017380915587,54.017380915587,54.017380915587,54.017380915587,54.017380915587,54.017380915587,54.017380915587,54.017380915587,54.017380915587,54.017380915587,54.017380915587,54.017380915587,54.017380915587
4182,CE,0,0,0,0,0,0,0,0,0,0,0,0,0,0,0,0,0,0,0,0,0,0,0,0,0,0,0,0,0,0,0,0,0,0,0,0,0,0,0,0,0,0,0,0,0,0,0,0,0,0,0,0,0,0,0,0,0,0,0,0,0,0,0,0,0,0,0,0,0,0,0,0,0,0,0
4183,CE,0,0,0,0,0,0,0,0,0,0,0,0,0,0,0,0,0,0,3.82840148142491,3.82840148142491,3.82840148142491,13.9637125009023,13.9637125009023,13.9637125009023,13.9637125009023,13.9637125009023,13.9637125009023,13.9637125009023,13.9637125009023,13.9637125009023,13.9637125009023,13.9637125009023,13.9637125009023,13.9637125009023,13.9637125009023,13.9637125009023,13.9637125009023,13.9637125009023,13.9637125009023,13.9637125009023,13.9637125009023,13.9637125009023,13.9637125009023,13.9637125009023,13.9637125009023,13.9637125009023,13.9637125009023,13.9637125009023,13.9637125009023,13.9637125009023,13.9637125009023,13.9637125009023,13.9637125009023,13.9637125009023,13.9637125009023,13.9637125009023,13.9637125009023,13.9637125009023,13.9637125009023,13.9637125009023,13.9637125009023,13.9637125009023,13.9637125009023,13.9637125009023,13.9637125009023,13.9637125009023,13.9637125009023,13.9637125009023,13.9637125009023,13.9637125009023,13.9637125009023,13.9637125009023,13.9637125009023,13.9637125009023,13.9637125009023
4184,CE,0,0,0,0,10.665442307661,10.665442307661,10.665442307661,10.665442307661,10.665442307661,10.665442307661,10.665442307661,10.665442307661,10.665442307661,10.665442307661,10.665442307661,10.665442307661,10.665442307661,10.665442307661,10.665442307661,10.665442307661,10.665442307661,10.665442307661,10.665442307661,10.665442307661,10.665442307661,10.665442307661,10.665442307661,10.665442307661,10.665442307661,10.665442307661,10.665442307661,10.665442307661,10.665442307661,10.665442307661,10.665442307661,10.665442307661,10.665442307661,10.665442307661,10.665442307661,10.665442307661,10.665442307661,10.665442307661,10.665442307661,10.665442307661,10.665442307661,10.665442307661,10.665442307661,10.665442307661,10.665442307661,10.665442307661,10.665442307661,10.665442307661,10.665442307661,10.665442307661,10.665442307661,10.665442307661,10.665442307661,10.665442307661,10.665442307661,10.665442307661,10.665442307661,10.665442307661,10.665442307661,10.665442307661,10.665442307661,10.665442307661,10.665442307661,10.665442307661,10.665442307661,10.665442307661,10.665442307661,10.665442307661,10.665442307661,10.665442307661,10.665442307661
4185,CE,0,0,0,0,0,0,0,0,0,0,0,0,0,0,0,0,0,0,0,0,0,0,0,0,0,0,0,0,0,0,0,0,0,0,0,0,0,0,0,0,0,0,0,0,0,0,0,0,0,0,0,0,0,0,0,0,0,0,0,0,0,0,0,0,0,0,0,0,0,0,0,0,0,0,0
4186,CE,0,0,0,0,0,0,0,0,0,20.8773238845615,20.8773238845615,20.8773238845615,20.8773238845615,20.8773238845615,20.8773238845615,20.8773238845615,20.8773238845615,20.8773238845615,20.8773238845615,20.8773238845615,20.8773238845615,20.8773238845615,20.8773238845615,20.8773238845615,20.8773238845615,20.8773238845615,20.8773238845615,20.8773238845615,20.8773238845615,20.8773238845615,20.8773238845615,20.8773238845615,20.8773238845615,20.8773238845615,20.8773238845615,20.8773238845615,20.8773238845615,20.8773238845615,20.8773238845615,20.8773238845615,20.8773238845615,20.8773238845615,20.8773238845615,20.8773238845615,20.8773238845615,20.8773238845615,20.8773238845615,20.8773238845615,20.8773238845615,20.8773238845615,20.8773238845615,20.8773238845615,20.8773238845615,20.8773238845615,20.8773238845615,20.8773238845615,20.8773238845615,20.8773238845615,20.8773238845615,20.8773238845615,20.8773238845615,20.8773238845615,20.8773238845615,20.8773238845615,20.8773238845615,20.8773238845615,20.8773238845615,20.8773238845615,20.8773238845615,20.8773238845615,20.8773238845615,20.8773238845615,20.8773238845615,20.8773238845615,20.8773238845615
4187,CE,0,0,0,0,0,0,0,0,0,57.9986003366497,57.9986003366497,57.9986003366497,57.9986003366497,57.9986003366497,57.9986003366497,57.9986003366497,57.9986003366497,57.9986003366497,57.9986003366497,57.9986003366497,57.9986003366497,57.9986003366497,57.9986003366497,57.9986003366497,57.9986003366497,57.9986003366497,57.9986003366497,57.9986003366497,57.9986003366497,57.9986003366497,57.9986003366497,57.9986003366497,57.9986003366497,57.9986003366497,57.9986003366497,57.9986003366497,57.9986003366497,57.9986003366497,57.9986003366497,57.9986003366497,57.9986003366497,57.9986003366497,57.9986003366497,57.9986003366497,57.9986003366497,57.9986003366497,57.9986003366497,57.9986003366497,57.9986003366497,57.9986003366497,57.9986003366497,57.9986003366497,57.9986003366497,57.9986003366497,57.9986003366497,57.9986003366497,57.9986003366497,57.9986003366497,57.9986003366497,57.9986003366497,57.9986003366497,57.9986003366497,57.9986003366497,57.9986003366497,57.9986003366497,57.9986003366497,57.9986003366497,57.9986003366497,57.9986003366497,57.9986003366497,57.9986003366497,57.9986003366497,57.9986003366497,57.9986003366497,57.9986003366497
4188,CE,0,0,0,0,0,0,0,0,0,0,0,0,0,0,0,0,0,0,0,0,0,0,0,0,0,0,0,0,0,0,0,0,0,0,0,0,0,0,0,0,0,0,0,0,0,0,0,0,0,0,0,0,0,0,0,0,0,0,0,0,0,0,0,0,0,0,0,0,0,0,0,0,0,0,0
4189,CE,0,0,0,0,0,0,0,0,0,0,0,0,0,0,0,0,0,0,0,0,0,0,0,0,0,0,0,0,0,0,0,0,0,0,0,0,0,0,0,0,0,0,0,0,0,0,0,0,0,0,0,0,0,0,0,0,0,0,0,0,0,0,0,0,0,0,0,0,0,0,0,0,0,0,0
4190,CE,0,0,0,0,0,0,0,0,0,0,0,0,0,0,0,0,0,0,0,0,0,0,0,0,0,0,0,0,0,0,0,0,0,0,0,0,0,0,0,0,0,0,0,0,0,0,0,0,0,0,0,0,0,0,0,0,0,0,0,0,0,0,0,0,0,0,0,0,0,0,0,0,0,0,0
4191,CE,0,0,0,0,0,0,0,0,0,0,0,0,0,0,0,0,0,0,0,0,0,0,0,0,0,0,0,0,0,0,0,0,0,0,0,0,0,0,0,0,0,0,0,0,0,40.8267159212031,40.8267159212031,40.8267159212031,40.8267159212031,40.8267159212031,40.8267159212031,40.8267159212031,40.8267159212031,40.8267159212031,40.8267159212031,40.8267159212031,40.8267159212031,40.8267159212031,40.8267159212031,40.8267159212031,40.8267159212031,40.8267159212031,40.8267159212031,40.8267159212031,40.8267159212031,40.8267159212031,40.8267159212031,40.8267159212031,40.8267159212031,40.8267159212031,40.8267159212031,40.8267159212031,40.8267159212031,40.8267159212031,40.8267159212031
4192,CE,0,0,0,0,0,0,0,0,0,0,0,0,0,0,0,0,0,0,0,0,0,0,0,0,0,0,0,0,0,0,0,0,0,0,0,0,0,0,0,0,0,0,0,0,0,0,0,0,0,0,0,0,0,0,0,0,0,0,0,0,0,0,0,0,0,0,0,0,0,0,0,0,0,0,0
4193,CE,0,0,0,0,0,0,0,0,0,0,0,0,0,0,0,0,0,0,0,0,0,0,0,0,0,0,0,0,0,0,0,0,0,0,0,0,0,0,0,0,0,0,0,0,0,0,0,0,0,0,0,0,0,0,0,0,0,0,0,0,0,0,0,0,0,0,0,0,0,0,0,0,0,0,0
4194,CE,0,0,0,0,0,0,0,0,0,0,0,0,0,0,0,0,0,0,0,0,0,0,0,0,0,0,0,0,0,0,0,0,0,0,0,0,0,0,0,0,0,0,0,0,0,0,0,0,0,0,0,0,0,0,0,0,0,0,0,0,0,0,0,0,0,0,0,0,0,0,0,0,0,0,0
4195,CE,0,0,0,0,0,0,0,0,0,0,0,0,0,0,0,0,0,0,0,0,0,0,0,0,0,0,0,0,0,0,0,0,0,0,0,0,0,0,0,0,0,0,0,0,0,0,0,0,0,0,0,0,0,0,0,0,0,0,0,0,0,0,0,0,0,0,0,0,0,0,0,0,0,0,0
4196,CE,0,0,0,0,0,0,0,0,0,0,0,0,0,0,0,0,0,0,0,0,0,0,0,0,0,0,0,0,0,0,0,0,0,0,0,0,0,0,0,0,0,0,0,0,0,0,0,0,0,0,0,0,0,0,0,0,0,0,0,0,0,0,0,0,0,0,0,0,0,0,0,0,0,0,0
4197,CE,0,0,0,0,0,0,0,0,0,0,0,0,0,0,0,0,0,0,0,0,0,0,0,0,0,0,0,0,0,0,0,0,0,0,0,0,0,0,0,0,0,0,0,0,0,0,0,0,0,0,0,0,0,0,0,0,0,0,0,0,0,0,0,0,0,0,0,0,0,0,0,0,0,0,0
4198,CE,0,0,0,0,0,0,0,0,0,0,0,0,0,0,0,0,0,0,0,0,0,0,0,0,0,0,0,0,0,0,0,0,0,0,0,0,0,0,0,0,0,0,0,0,0,0,0,0,0,0,0,0,0,0,0,0,0,0,0,0,0,0,0,0,0,0,0,0,0,0,0,0,0,0,0
4199,CE,0,0,0,0,0,0,0,0,0,0,0,0,0,0,0,0,0,0,0,0,0,0,0,0,0,0,0,0,0,0,0,0,0,0,0,0,0,0,0,0,0,0,0,0,0,0,0,0,0,0,0,0,0,0,0,0,0,0,0,0,0,0,0,0,0,0,0,0,0,0,0,0,0,0,0
4200,CE,0,0,0,0,0,0,0,0,0,0,0,0,0,0,0,0,0,0,0,0,0,0,0,0,0,0,0,0,0,0,0,0,0,0,0,0,0,0,0,0,0,0,0,0,0,0,0,0,0,0,0,0,0,0,0,0,0,0,0,0,0,0,0,0,0,0,0,0,0,0,0,0,0,0,0
4201,CE,0,0,0,0,0,0,0,0,0,0,0,0,0,0,0,0,0,0,0,0,0,0,0,0,0,0,0,0,0,0,0,0,0,0,0,0,0,0,0,0,0,0,0,0,0,0,0,0,0,0,0,0,0,0,0,0,0,0,0,0,0,0,0,0,0,0,0,0,0,0,0,0,0,0,0
4202,CE,0,0,0,0,0,0,0,0,0,0,0,0,0,0,0,0,0,0,0,0,0,0,0,0,0,0,0,0,0,0,0,0,0,0,0,0,0,0,0,0,0,0,0,0,0,0,0,0,0,0,0,0,0,0,0,0,0,0,0,0,0,0,0,0,0,0,0,0,0,0,0,0,0,0,0
4203,CE,0,0,0,0,0,0,0,0,0,0,0,0,0,0,0,0,0,0,0,0,0,0,0,0,0,0,0,0,0,0,0,0,0,0,0,0,0,0,0,0,0,0,0,0,0,0,0,0,0,0,0,0,0,0,0,0,0,0,0,0,0,0,0,0,0,0,0,0,0,0,0,0,0,0,0
4204,CE,0,0,0,0,0,0,0,0,0,0,0,0,0,0,0,0,0,0,0,0,0,0,0,0,0,0,0,0,0,0,0,0,0,0,0,0,0,0,0,0,0,0,0,0,0,0,0,0,0,0,0,0,0,0,0,0,0,0,0,0,0,0,0,0,0,0,0,0,0,0,0,0,0,0,0
4205,CE,0,0,0,0,0,0,0,0,0,0,0,0,0,0,0,0,0,0,0,0,0,0,0,0,0,0,0,0,0,0,0,0,0,0,0,0,0,0,0,0,0,0,0,0,0,0,0,0,0,0,0,0,0,0,0,0,0,0,0,0,0,0,0,0,0,0,0,0,0,0,0,0,0,0,0
4206,CE,0,0,0,0,0,0,0,0,0,0,0,0,0,0,0,0,0,0,0,0,0,0,0,0,0,0,0,0,0,0,0,0,0,0,0,0,0,0,0,0,0,0,0,0,0,0,0,0,0,0,0,0,0,0,0,0,0,0,0,0,0,0,0,0,0,0,0,0,0,0,0,0,0,0,0
4207,CE,0,0,0,0,0,0,0,0,0,0,0,0,0,0,0,0,0,0,0,0,0,0,0,0,0,0,0,0,0,0,0,0,0,0,0,0,0,0,0,0,0,0,0,0,0,0,0,0,0,0,0,0,0,0,0,0,0,0,0,0,0,0,0,0,0,0,0,0,0,0,0,0,0,0,0
4208,CE,0,0,0,0,0,0,0,0,0,0,0,0,0,0,0,0,0,0,0,0,0,0,0,0,0,0,0,0,0,0,0,0,0,0,0,0,0,0,0,0,0,0,0,0,0,0,0,0,0,0,0,0,0,0,0,0,0,0,0,0,0,0,0,0,0,0,0,0,0,0,0,0,0,0,0
4209,CE,0,0,0,0,0,0,0,0,0,0,0,0,0,0,0,0,0,0,0,0,0,0,0,0,0,0,0,0,0,0,0,0,0,0,0,0,0,0,0,0,0,0,0,0,0,0,0,0,0,0,0,0,0,0,0,0,0,0,0,0,0,0,0,0,0,0,0,0,0,0,0,0,0,0,0
4210,CE,0,0,0,0,0,0,0,0,0,0,0,0,0,0,0,0,0,0,0,0,0,0,0,0,0,0,0,0,0,0,0,0,0,0,0,0,0,0,0,0,0,0,0,0,0,0,0,0,0,0,0,0,0,0,0,0,0,0,0,0,0,0,0,0,0,0,0,0,0,0,0,0,0,0,0
4211,CE,0,0,0,0,0,0,0,0,0,0,0,0,0,0,0,0,0,0,0,0,0,0,0,0,0,0,0,0,0,60.345397305839,60.345397305839,60.345397305839,60.345397305839,60.345397305839,60.345397305839,60.345397305839,60.345397305839,60.345397305839,60.345397305839,60.345397305839,60.345397305839,60.345397305839,60.345397305839,60.345397305839,60.345397305839,60.345397305839,60.345397305839,60.345397305839,60.345397305839,60.345397305839,60.345397305839,60.345397305839,60.345397305839,60.345397305839,60.345397305839,60.345397305839,60.345397305839,60.345397305839,60.345397305839,60.345397305839,60.345397305839,60.345397305839,60.345397305839,60.345397305839,60.345397305839,60.345397305839,60.345397305839,60.345397305839,60.345397305839,60.345397305839,60.345397305839,60.345397305839,60.345397305839,60.345397305839,60.345397305839
4212,CE,0,0,0,0,0,0,0,0,0,0,0,0,0,0,0,0,0,0,0,0,0,0,0,0,0,0,0,0,0,0,0,0,0,0,0,0,0,0,0,0,0,0,0,0,0,0,0,0,0,0,0,0,0,0,0,0,0,0,0,0,0,0,0,0,0,0,0,0,0,0,0,0,0,0,0
4213,CE,0,0,0,0,0,0,0,0,0,0,0,0,0,0,0,0,0,0,0,0,0,0,0,0,0,0,0,0,0,0,0,0,0,0,0,0,0,0,0,0,0,0,0,0,0,0,0,0,0,0,0,0,0,0,0,0,0,0,0,0,0,0,0,0,0,0,0,0,0,0,0,0,0,0,0
4214,CE,0,0,0,0,0,0,0,0,0,0,0,0,0,0,0,0,0,0,0,0,0,0,0,0,0,0,0,0,0,0,0,0,0,0,0,0,0,0,0,0,0,0,0,0,0,0,0,0,0,0,0,0,0,0,0,0,0,0,0,0,0,0,0,0,0,0,0,0,0,0,0,0,0,0,0
4215,CE,0,0,0,0,0,0,0,0,0,0,0,0,0,0,0,0,0,0,0,0,0,0,0,0,0,0,0,0,0,0,0,0,0,0,0,0,0,0,0,0,0,0,0,0,0,0,0,0,0,0,0,0,0,0,0,0,0,0,0,0,0,0,0,0,0,0,0,0,0,0,0,0,0,0,0
4216,CE,0,0,0,0,0,0,0,0,0,0,0,0,0,0,0,0,0,0,39.9548833226436,39.9548833226436,39.9548833226436,39.9548833226436,39.9548833226436,39.9548833226436,39.9548833226436,39.9548833226436,39.9548833226436,39.9548833226436,39.9548833226436,39.9548833226436,39.9548833226436,39.9548833226436,39.9548833226436,39.9548833226436,39.9548833226436,39.9548833226436,39.9548833226436,39.9548833226436,39.9548833226436,39.9548833226436,39.9548833226436,39.9548833226436,39.9548833226436,39.9548833226436,39.9548833226436,39.9548833226436,39.9548833226436,39.9548833226436,39.9548833226436,39.9548833226436,39.9548833226436,39.9548833226436,39.9548833226436,39.9548833226436,39.9548833226436,39.9548833226436,39.9548833226436,39.9548833226436,39.9548833226436,39.9548833226436,39.9548833226436,39.9548833226436,39.9548833226436,39.9548833226436,39.9548833226436,39.9548833226436,39.9548833226436,39.9548833226436,39.9548833226436,39.9548833226436,39.9548833226436,39.9548833226436,39.9548833226436,39.9548833226436,39.9548833226436
4217,CE,0,0,0,0,0,0,0,0,0,0,0,0,0,0,0,0,0,0,0,0,0,0,0,0,0,0,0,0,0,0,0,0,0,0,0,0,0,0,0,0,0,0,0,0,0,0,0,0,0,0,0,0,0,0,0,0,0,0,0,0,0,0,0,0,0,0,0,0,0,0,0,0,0,0,0
4218,CE,0,0,0,0,0,0,0,0,0,0,0,0,0,0,0,0,0,0,0,0,0,0,0,0,0,0,0,0,0,0,0,0,0,0,0,0,0,0,0,0,0,0,0,0,0,0,0,0,0,0,0,0,0,0,0,0,0,0,0,0,0,0,0,0,0,0,0,0,0,0,0,0,0,0,0
4219,CE,0,0,0,0,0,0,0,0,0,0,0,0,0,0,0,0,0,0,0,0,0,0,0,0,0,0,0,0,0,0,0,0,0,0,0,0,0,0,0,0,0,0,0,0,0,0,0,0,0,0,0,0,0,0,0,0,0,0,0,0,14.5980430286078,14.5980430286078,14.5980430286078,14.5980430286078,14.5980430286078,14.5980430286078,14.5980430286078,14.5980430286078,14.5980430286078,14.5980430286078,14.5980430286078,14.5980430286078,14.5980430286078,14.5980430286078,14.5980430286078
4220,CE,0,0,0,0,0,0,0,0,0,0,0,0,0,0,0,0,0,0,0,0,0,0,0,0,0,0,0,0,0,0,0,0,0,0,0,0,0,0,0,0,0,0,0,0,0,0,0,0,0,0,0,0,0,0,0,0,0,0,0,0,0,0,0,0,0,0,0,0,0,0,0,0,0,0,0
4221,CE,0,0,0,0,0,0,0,0,0,0,0,0,0,0,0,0,0,0,0,0,0,0,0,0,0,0,0,0,0,0,0,0,0,0,0,0,0,0,0,0,0,0,0,0,0,0,0,0,0,0,0,0,0,0,41.0636740729566,41.0636740729566,41.0636740729566,41.0636740729566,41.0636740729566,41.0636740729566,41.0636740729566,41.0636740729566,41.0636740729566,41.0636740729566,41.0636740729566,41.0636740729566,41.0636740729566,41.0636740729566,41.0636740729566,41.0636740729566,41.0636740729566,41.0636740729566,41.0636740729566,41.0636740729566,41.0636740729566
4222,CE,0,0,0,0,0,0,0,0,0,0,0,0,0,0,0,0,0,0,0,0,0,0,0,0,0,0,0,0,0,0,0,0,0,0,0,0,0,0,0,0,0,0,0,0,0,0,0,0,0,0,0,0,0,0,0,0,0,0,0,0,0,0,0,0,0,0,0,0,0,0,0,0,0,0,0
4223,CE,0,0,0,0,0,0,0,0,0,0,0,0,0,0,0,0,0,0,0,0,0,0,0,0,0,0,0,0,0,0,0,0,0,0,0,0,0,0,0,0,0,0,0,0,0,0,0,0,0,0,0,0,0,0,53.9691932804901,53.9691932804901,53.9691932804901,53.9691932804901,53.9691932804901,53.9691932804901,53.9691932804901,53.9691932804901,53.9691932804901,53.9691932804901,53.9691932804901,53.9691932804901,53.9691932804901,53.9691932804901,53.9691932804901,53.9691932804901,53.9691932804901,53.9691932804901,53.9691932804901,53.9691932804901,53.9691932804901
4224,CE,0,0,0,0,0,0,0,0,0,0,0,0,0,0,0,0,0,0,0,0,0,7.48507100322581,7.48507100322581,7.48507100322581,7.48507100322581,7.48507100322581,7.48507100322581,7.48507100322581,7.48507100322581,28.1986777352528,28.1986777352528,28.1986777352528,28.1986777352528,28.1986777352528,28.1986777352528,28.1986777352528,28.1986777352528,28.1986777352528,28.1986777352528,28.1986777352528,28.1986777352528,28.1986777352528,28.1986777352528,28.1986777352528,28.1986777352528,28.1986777352528,28.1986777352528,28.1986777352528,28.1986777352528,28.1986777352528,28.1986777352528,28.1986777352528,28.1986777352528,28.1986777352528,28.1986777352528,28.1986777352528,28.1986777352528,28.1986777352528,28.1986777352528,28.1986777352528,28.1986777352528,28.1986777352528,28.1986777352528,28.1986777352528,28.1986777352528,28.1986777352528,28.1986777352528,28.1986777352528,28.1986777352528,28.1986777352528,28.1986777352528,28.1986777352528,28.1986777352528,28.1986777352528,28.1986777352528
4225,CE,0,0,0,0,0,0,0,0,0,16.6917891722983,16.6917891722983,16.6917891722983,16.6917891722983,16.6917891722983,16.6917891722983,16.6917891722983,16.6917891722983,16.6917891722983,16.6917891722983,16.6917891722983,16.6917891722983,16.6917891722983,16.6917891722983,16.6917891722983,16.6917891722983,16.6917891722983,16.6917891722983,16.6917891722983,16.6917891722983,16.6917891722983,16.6917891722983,16.6917891722983,16.6917891722983,16.6917891722983,16.6917891722983,16.6917891722983,16.6917891722983,16.6917891722983,16.6917891722983,16.6917891722983,16.6917891722983,16.6917891722983,16.6917891722983,16.6917891722983,16.6917891722983,16.6917891722983,16.6917891722983,16.6917891722983,16.6917891722983,16.6917891722983,16.6917891722983,16.6917891722983,16.6917891722983,16.6917891722983,16.6917891722983,16.6917891722983,16.6917891722983,16.6917891722983,16.6917891722983,16.6917891722983,16.6917891722983,16.6917891722983,16.6917891722983,16.6917891722983,16.6917891722983,16.6917891722983,16.6917891722983,16.6917891722983,16.6917891722983,16.6917891722983,16.6917891722983,16.6917891722983,16.6917891722983,16.6917891722983,16.6917891722983
4226,CE,0,0,0,0,0,0,0,0,0,0,0,0,0,0,0,0,0,0,0,0,0,0,0,0,0,0,0,0,0,0,0,0,0,0,0,0,0,0,0,0,0,0,0,0,0,0,0,0,0,0,0,0,0,0,0,0,0,0,0,0,0,0,0,0,0,0,0,0,0,0,0,0,0,0,0
4227,CE,0,0,0,0,0,0,0,0,0,0,0,0,0,0,0,0,0,0,0,0,0,0,0,0,0,0,0,0,0,0,0,10.4585765521722,10.4585765521722,10.4585765521722,10.4585765521722,10.4585765521722,10.4585765521722,10.4585765521722,10.4585765521722,10.4585765521722,10.4585765521722,10.4585765521722,10.4585765521722,10.4585765521722,10.4585765521722,10.4585765521722,10.4585765521722,10.4585765521722,10.4585765521722,10.4585765521722,10.4585765521722,10.4585765521722,10.4585765521722,10.4585765521722,10.4585765521722,10.4585765521722,10.4585765521722,10.4585765521722,10.4585765521722,10.4585765521722,10.4585765521722,10.4585765521722,10.4585765521722,10.4585765521722,10.4585765521722,10.4585765521722,10.4585765521722,10.4585765521722,10.4585765521722,10.4585765521722,10.4585765521722,10.4585765521722,10.4585765521722,10.4585765521722,10.4585765521722
4228,CE,0,0,0,0,0,0,0,0,0,0,0,0,0,0,0,0,0,0,0,0,0,0,0,0,0,0,0,0,0,0,0,0,0,0,0,0,0,0,0,0,0,0,0,0,0,0,0,0,0,0,0,0,0,0,0,0,0,0,0,0,0,0,0,0,0,0,0,0,0,0,0,0,0,0,0
4229,CE,0,0,0,0,0,0,0,0,0,0,0,0,0,0,0,0,0,0,0,0,0,0,0,0,0,0,0,0,0,0,0,0,0,0,0,0,0,0,0,0,0,0,0,0,0,0,0,0,0,0,0,0,0,0,0,0,0,0,0,0,0,0,0,0,0,0,0,0,0,0,0,0,0,0,0
4230,CE,0,0,0,0,0,0,0,0,0,0,0,0,0,0,0,0,0,0,0,0,0,0,0,0,0,0,0,0,0,0,0,0,0,0,0,0,0,0,0,0,0,0,0,0,0,0,0,0,0,0,0,0,0,0,0,0,0,0,0,0,0,0,0,0,0,0,0,0,0,0,0,0,0,0,0
4231,CE,0,0,0,0,0,0,0,0,0,0,0,0,0,0,0,0,0,0,0,0,0,0,0,0,0,0,0,0,0,0,0,0,0,0,0,0,0,0,0,0,0,0,0,0,0,0,0,0,0,0,0,0,0,0,39.8172907626916,39.8172907626916,39.8172907626916,39.8172907626916,39.8172907626916,39.8172907626916,39.8172907626916,39.8172907626916,39.8172907626916,39.8172907626916,39.8172907626916,39.8172907626916,39.8172907626916,39.8172907626916,39.8172907626916,39.8172907626916,39.8172907626916,39.8172907626916,39.8172907626916,39.8172907626916,39.8172907626916
4232,CE,0,0,0,0,0,0,0,0,0,0,0,0,0,0,0,0,0,0,0,0,0,0,0,0,0,0,0,0,0,0,0,0,0,0,0,0,0,0,0,0,0,0,0,0,0,0,0,0,0,0,0,0,0,0,0,0,0,0,0,0,0,0,0,0,0,0,0,0,0,0,0,0,0,0,0
4233,CE,0,0,0,0,0,0,0,0,0,0,0,0,0,0,0,0,0,0,0,0,0,0,0,0,0,0,0,0,0,0,0,0,0,0,0,0,0,0,0,0,0,0,0,0,0,0,0,0,0,0,0,0,0,0,0,0,0,0,0,0,0,0,0,0,0,0,0,0,0,0,0,0,0,0,0
4234,CE,0,0,0,0,0,0,0,0,0,36.5229392842551,36.5229392842551,36.5229392842551,36.5229392842551,36.5229392842551,36.5229392842551,36.5229392842551,36.5229392842551,36.5229392842551,36.5229392842551,36.5229392842551,36.5229392842551,36.5229392842551,36.5229392842551,36.5229392842551,36.5229392842551,36.5229392842551,36.5229392842551,36.5229392842551,36.5229392842551,36.5229392842551,36.5229392842551,36.5229392842551,36.5229392842551,36.5229392842551,36.5229392842551,36.5229392842551,36.5229392842551,36.5229392842551,36.5229392842551,36.5229392842551,36.5229392842551,36.5229392842551,36.5229392842551,36.5229392842551,36.5229392842551,36.5229392842551,36.5229392842551,36.5229392842551,36.5229392842551,36.5229392842551,36.5229392842551,36.5229392842551,36.5229392842551,36.5229392842551,36.5229392842551,36.5229392842551,36.5229392842551,36.5229392842551,36.5229392842551,36.5229392842551,36.5229392842551,36.5229392842551,36.5229392842551,36.5229392842551,36.5229392842551,36.5229392842551,36.5229392842551,36.5229392842551,36.5229392842551,36.5229392842551,36.5229392842551,36.5229392842551,36.5229392842551,36.5229392842551,36.5229392842551
4235,CE,0,0,0,0,0,0,0,0,0,0,0,0,0,0,0,0,0,0,0,0,0,0,0,0,0,0,0,0,0,0,0,0,0,0,0,0,0,0,0,0,0,0,0,0,0,0,0,0,0,0,0,0,0,0,0,0,0,0,0,0,0,0,0,0,0,0,0,0,0,0,0,0,0,0,0
4236,CE,0,0,0,0,0,0,0,0,0,0,0,0,0,0,0,0,0,0,0,0,0,0,0,0,0,0,0,0,0,0,0,0,0,0,0,0,0,0,0,0,0,0,0,0,0,0,0,0,0,0,0,0,0,0,0,0,0,0,0,0,0,0,0,0,0,0,0,0,0,0,0,0,0,0,0
5001,RN,0,0,0,0,0,0,0,0,0,0,0,0,0,0,0,0,0,0,0,0,0,0,0,0,0,0,0,0,0,0,0,0,0,0,0,0,0,0,0,0,0,0,0,0,0,0,0,0,0,0,0,0,0,0,0,0,0,0,0,0,0,0,0,0,0,0,0,0,0,0,0,0,0,0,0
5002,RN,0,0,0,0,0,0,0,0,0,0,0,0,0,0,0,0,0,0,0,0,0,0,0,0,0,0,0,0,0,0,0,0,0,0,5.87654356006523,5.87654356006523,5.87654356006523,5.87654356006523,5.87654356006523,5.87654356006523,5.87654356006523,5.87654356006523,5.87654356006523,5.87654356006523,5.87654356006523,8.73615326414285,8.73615326414285,8.73615326414285,8.73615326414285,8.73615326414285,8.73615326414285,8.73615326414285,8.73615326414285,8.73615326414285,8.73615326414285,8.73615326414285,8.73615326414285,8.73615326414285,8.73615326414285,8.73615326414285,8.73615326414285,8.73615326414285,8.73615326414285,8.73615326414285,8.73615326414285,8.73615326414285,8.73615326414285,8.73615326414285,16.1953647733835,16.1953647733835,16.1953647733835,16.1953647733835,16.1953647733835,16.1953647733835,16.1953647733835
5003,RN,0,0,0,0,0,0,0,0,0,0,0,0,0,0,0,0,0,0,0,0,0,0,0,0,0,0,0,0,0,0,0,0,0,0,0,0,0,0,0,0,0,0,0,0,0,0,0,0,0,0,8.90978902178658,8.90978902178658,8.90978902178658,8.90978902178658,8.90978902178658,8.90978902178658,8.90978902178658,8.90978902178658,8.90978902178658,8.90978902178658,8.90978902178658,8.90978902178658,8.90978902178658,8.90978902178658,8.90978902178658,8.90978902178658,8.90978902178658,8.90978902178658,28.3262000922981,28.3262000922981,28.3262000922981,28.3262000922981,28.3262000922981,28.3262000922981,28.3262000922981
5004,RN,0,0,0,0,0,0,0,0,0,0,0,0,0,0,0,0,0,0,0,0,0,0,0,0,0,0,0,0,0,0,0,0,0,0,0,0,0,0,0,0,0,0,0,0,0,0,0,0,0,0,0,0,0,0,0,0,0,0,0,0,0,0,0,0,0,0,0,0,0,0,0,0,0,0,0
5005,RN,0,0,0,0,0,0,0,0,0,0,0,0,0,0,0,0,0,0,0,0,0,0,0,0,0,0,0,0,0,0,0,0,0,0,0,0,0,0,0,0,0,0,0,0,0,0,0,0,0,0,0,0,0,0,0,0,0,0,43.1133624467743,43.1133624467743,43.1133624467743,62.8443355252497,62.8443355252497,62.8443355252497,62.8443355252497,62.8443355252497,62.8443355252497,62.8443355252497,62.8443355252497,62.8443355252497,62.8443355252497,62.8443355252497,62.8443355252497,62.8443355252497,62.8443355252497
5006,RN,0,0,0,0,0,0,0,0,0,0,0,0,0,0,0,0,0,0,0,0,0,0,0,0,0,0,0,0,0,0,0,0,0,0,0,0,0,0,0,0,0,0,0,0,0,0,0,0,0,0,0,0,0,0,0,0,0,0,72.420206905283,72.420206905283,72.420206905283,72.420206905283,72.420206905283,72.420206905283,72.420206905283,72.420206905283,72.420206905283,72.420206905283,72.420206905283,72.420206905283,72.420206905283,72.420206905283,72.420206905283,72.420206905283,72.420206905283
5007,RN,0,0,0,0,0,0,0,0,0,0,0,0,0,0,0,0,0,0,0,0,0,0,0,0,0,0,0,0,0,0,0,0,0,0,0,0,0,0,0,0,0,0,0,0,0,0,0,0,0,0,0,0,0,0,0,0,0,0,0,0,0,0,0,0,0,0,0,0,0,0,0,0,0,0,0
5008,RN,0,0,0,0,0,0,0,0,0,0,0,0,0,0,0,0,0,0,0,0,0,0,0,0,0,0,0,0,0,0,0,0,0,0,0,0,0,0,0,0,0,0,0,0,0,0,0,0,0,0,40.3941223904152,40.3941223904152,40.3941223904152,40.3941223904152,40.3941223904152,40.3941223904152,40.3941223904152,40.3941223904152,40.3941223904152,53.9052513315419,53.9052513315419,53.9052513315419,53.9052513315419,53.9052513315419,53.9052513315419,53.9052513315419,53.9052513315419,53.9052513315419,53.9052513315419,53.9052513315419,53.9052513315419,53.9052513315419,53.9052513315419,53.9052513315419,53.9052513315419
5009,RN,0,0,0,0,0,0,0,0,0,0,0,0,0,0,0,0,0,0,0,0,0,0,0,0,0,0,0,0,0,0,0,0,0,0,0,0,0,0,0,0,0,0,0,0,0,0,0,0,0,0,0,0,0,0,0,0,0,0,59.1661845334865,59.1661845334865,59.1661845334865,59.1661845334865,59.1661845334865,59.1661845334865,59.1661845334865,59.1661845334865,59.1661845334865,59.1661845334865,59.1661845334865,59.1661845334865,59.1661845334865,59.1661845334865,59.1661845334865,59.1661845334865,59.1661845334865
5010,RN,0,0,0,0,0,0,0,0,0,0,0,0,0,0,0,0,0,0,0,0,0,0,0,0,0,0,0,0,0,0,0,0,0,0,0,0,0,0,0,0,0,0,0,0,0,0,0,0,0,0,0,0,0,0,0,0,0,0,0,0,0,0,0,0,0,0,0,0,0,0,0,0,0,0,0
5011,RN,0,0,0,0,0,0,0,0,0,64.4739171513513,64.4739171513513,64.4739171513513,64.4739171513513,64.4739171513513,64.4739171513513,64.4739171513513,64.4739171513513,64.4739171513513,64.4739171513513,64.4739171513513,64.4739171513513,64.4739171513513,64.4739171513513,64.4739171513513,64.4739171513513,64.4739171513513,64.4739171513513,64.4739171513513,64.4739171513513,64.4739171513513,64.4739171513513,64.4739171513513,64.4739171513513,64.4739171513513,64.4739171513513,64.4739171513513,64.4739171513513,64.4739171513513,64.4739171513513,64.4739171513513,64.4739171513513,64.4739171513513,64.4739171513513,64.4739171513513,64.4739171513513,64.4739171513513,64.4739171513513,64.4739171513513,64.4739171513513,64.4739171513513,64.4739171513513,64.4739171513513,64.4739171513513,64.4739171513513,64.4739171513513,64.4739171513513,64.4739171513513,64.4739171513513,64.4739171513513,64.4739171513513,64.4739171513513,64.4739171513513,64.4739171513513,64.4739171513513,64.4739171513513,64.4739171513513,64.4739171513513,64.4739171513513,64.4739171513513,64.4739171513513,64.4739171513513,64.4739171513513,64.4739171513513,64.4739171513513,64.4739171513513
5012,RN,0,0,0,0,0,0,0,0,0,0,0,0,0,0,0,0,0,0,0,0,0,0,0,0,0,0,0,0,0,0,0,0,0,0,0,0,0,0,0,0,0,0,0,0,0,0,0,0,0,0,0,0,0,0,0,0,0,0,0,0,0,0,0,0,0,0,0,0,0,0,0,0,0,0,0
5013,RN,0,0,0,0,0,0,0,0,0,0,0,0,0,0,0,0,0,0,0,0,0,0,0,0,0,0,0,0,0,0,0,0,0,0,0,0,0,0,0,0,0,0,0,0,0,0,0,0,0,0,0,0,0,0,0,0,0,0,0,0,0,0,0,0,0,0,0,0,0,0,0,0,0,0,0
5014,RN,0,0,0,0,0,0,0,0,0,0,0,0,0,0,0,0,0,0,0,0,0,0,0,0,0,0,0,0,0,0,0,0,0,0,0,0,0,0,0,0,0,0,0,0,0,0,0,0,0,0,0,0,0,0,0,0,0,0,0,0,0,0,0,0,0,0,0,0,0,0,0,0,0,0,0
5015,RN,0,0,0,0,0,0,0,0,0,0,0,0,0,0,0,0,0,0,0,0,0,0,0,0,0,0,0,0,0,0,0,0,0,0,0,0,0,0,0,0,0,0,0,0,0,0,0,0,0,0,0,0,0,0,0,0,0,0,0,0,0,0,0,0,0,0,0,0,0,0,0,0,0,0,0
5016,RN,0,0,0,0,0,0,0,0,0,0,0,0,0,0,0,0,0,0,0,0,0,0,0,0,0,0,0,0,0,0,0,0,0,0,0,0,0,0,0,0,0,0,0,0,0,0,0,0,0,0,0,0,0,0,0,0,0,0,0,2.70676352259617,2.70676352259617,2.70676352259617,2.70676352259617,2.70676352259617,2.70676352259617,2.70676352259617,2.70676352259617,2.70676352259617,2.70676352259617,2.70676352259617,2.70676352259617,2.70676352259617,2.70676352259617,2.70676352259617,2.70676352259617
5017,RN,0,0,0,0,0,0,0,0,0,0,0,0,0,0,0,0,0,0,0,0,0,0,0,0,0,0,0,0,0,0,0,0,0,0,0,0,0,0,0,0,0,0,0,0,0,0,0,0,0,0,0,0,0,0,0,0,0,0,0,0,0,0,0,0,0,0,0,0,0,0,0,0,0,0,0
5018,RN,0,0,0,0,0,0,0,0,0,0,0,0,0,0,0,0,0,0,0,0,0,0,0,0,0,0,0,0,0,0,0,0,0,0,0,0,0,0,0,0,0,0,0,0,0,0,0,0,0,0,0,0,0,0,0,0,0,0,0,0,0,0,0,0,0,0,0,0,0,0,0,0,0,0,0
5019,RN,0,0,0,0,0,0,0,0,0,0,0,0,0,0,0,0,0,0,0,0,0,0,0,0,0,0,0,0,0,0,0,0,0,0,0,0,0,0,0,0,0,0,0,0,0,0,0,0,0,0,0,0,0,0,0,0,0,0,0,0,0,0,0,0,0,0,0,0,0,0,0,0,0,0,0
5020,RN,0,0,0,0,0,0,0,0,0,0,0,0,0,0,0,0,0,0,0,0,0,0,0,0,0,0,0,0,0,0,0,0,0,0,0,0,0,0,0,0,0,0,0,0,0,0,0,0,0,0,0,0,0,0,0,0,0,0,0,0,0,0,0,0,0,0,0,0,0,0,0,0,0,0,0
5021,RN,0,0,0,0,0,0,0,0,0,0,0,0,0,0,0,0,0,0,0,0,0,0,0,0,0,0,0,0,0,0,0,0,0,0,0,0,0,0,0,0,0,0,0,0,0,0,0,0,0,0,0,0,0,0,0,0,0,0,0,0,0,0,0,0,0,0,0,0,0,0,0,0,0,0,0
5022,RN,0,0,0,0,0,0,0,0,0,0,0,0,0,0,0,0,0,0,0,0,0,0,0,0,0,0,0,0,0,0,0,0,0,0,0,0,0,0,0,0,0,0,0,0,0,0,0,0,0,0,0,0,0,0,0,0,0,0,0,0,0,0,0,0,0,0,0,0,0,0,0,0,0,0,0
5023,RN,0,0,0,0,0,0,0,0,0,22.2064665574813,50.181306861874,50.181306861874,50.181306861874,50.181306861874,50.181306861874,50.181306861874,50.181306861874,50.181306861874,50.181306861874,50.181306861874,50.181306861874,50.181306861874,50.181306861874,50.181306861874,50.181306861874,50.181306861874,50.181306861874,50.181306861874,50.181306861874,50.181306861874,50.181306861874,50.181306861874,50.181306861874,50.181306861874,50.181306861874,50.181306861874,50.181306861874,50.181306861874,50.181306861874,50.181306861874,50.181306861874,50.181306861874,50.181306861874,50.181306861874,50.181306861874,50.181306861874,50.181306861874,50.181306861874,50.181306861874,50.181306861874,50.181306861874,50.181306861874,50.181306861874,50.181306861874,50.181306861874,50.181306861874,50.181306861874,50.181306861874,50.181306861874,50.181306861874,50.181306861874,50.181306861874,50.181306861874,50.181306861874,50.181306861874,50.181306861874,50.181306861874,50.181306861874,50.181306861874,50.181306861874,50.181306861874,50.181306861874,50.181306861874,50.181306861874,50.181306861874
5024,RN,0,0,0,0,0,0,0,0,0,0,0,0,0,0,0,0,0,0,0,0,0,0,0,0,0,0,0,0,0,0,0,0,0,0,0,0,0,0,0,0,0,0,0,0,0,0,0,26.8551037628443,26.8551037628443,26.8551037628443,26.8551037628443,26.8551037628443,47.9103365419066,47.9103365419066,47.9103365419066,47.9103365419066,47.9103365419066,47.9103365419066,47.9103365419066,47.9103365419066,47.9103365419066,47.9103365419066,47.9103365419066,47.9103365419066,47.9103365419066,47.9103365419066,47.9103365419066,47.9103365419066,47.9103365419066,47.9103365419066,47.9103365419066,47.9103365419066,47.9103365419066,47.9103365419066,47.9103365419066
5025,RN,0,0,0,0,0,0,0,0,0,0,0,0,0,0,0,0,0,0,0,0,0,0,0,0,0,0,0,0,0,0,0,0,0,0,0,0,0,0,0,0,0,0,0,0,0,0,0,0,0,0,0,0,0,0,0,0,0,0,0,0,0,0,0,0,0,0,0,0,0,0,0,0,0,0,0
5026,RN,0,0,0,0,0,0,0,0,0,0,0,0,0,0,0,0,0,0,0,0,0,0,0,0,0,0,18.9893553713689,33.4039411640496,33.4039411640496,33.4039411640496,33.4039411640496,33.4039411640496,33.4039411640496,33.4039411640496,33.4039411640496,33.4039411640496,33.4039411640496,33.4039411640496,33.4039411640496,33.4039411640496,33.4039411640496,33.4039411640496,33.4039411640496,33.4039411640496,33.4039411640496,33.4039411640496,33.4039411640496,33.4039411640496,33.4039411640496,33.4039411640496,33.4039411640496,33.4039411640496,33.4039411640496,33.4039411640496,33.4039411640496,33.4039411640496,33.4039411640496,33.4039411640496,33.4039411640496,33.4039411640496,33.4039411640496,33.4039411640496,33.4039411640496,33.4039411640496,33.4039411640496,33.4039411640496,33.4039411640496,33.4039411640496,33.4039411640496,33.4039411640496,33.4039411640496,33.4039411640496,33.4039411640496,33.4039411640496,33.4039411640496
5027,RN,0,0,0,0,0,0,0,0,0,0,0,0,0,0,0,0,0,0,0,0,0,0,0,0,0,0,0,0,0,0,0,0,0,0,0,0,0,0,0,0,0,0,0,0,0,0,0,0,0,0,0,0,0,0,0,0,0,0,0,0,0,0,0,0,0,0,0,0,0,0,0,0,0,0,0
5028,RN,0,0,0,0,0,0,0,0,0,0,0,0,0,0,0,0,0,0,0,0,0,0,0,0,0,0,0,0,0,0,0,0,0,0,0,0,0,0,0,0,0,0,0,0,0,0,0,0,0,0,0,0,0,0,0,0,0,0,0,0,0,0,0,0,0,0,0,0,0,0,0,0,0,0,0
5029,RN,0,0,0,0,0,0,0,0,0,0,0,0,0,0,0,0,0,0,0,0,0,0,0,0,0,0,0,0,0,0,0,0,0,0,0,0,0,0,0,0,0,0,0,0,0,0,0,0,0,0,0,0,0,0,0,0,0,0,0,0,0,0,0,0,0,0,0,0,0,0,0,0,0,0,0
5030,RN,0,0,0,0,0,0,0,0,0,0,0,0,0,0,0,0,0,0,0,0,0,0,0,0,0,0,0,0,0,0,0,0,0,0,0,0,0,0,0,0,0,0,0,0,0,0,0,0,0,0,0,0,0,0,0,0,0,0,0,0,0,0,0,0,0,0,0,0,0,0,0,0,0,0,0
5031,RN,0,0,0,0,0,0,0,0,0,0,0,0,0,0,0,0,0,0,0,0,0,0,0,0,0,0,0,0,0,0,0,0,0,0,0,0,0,0,0,0,0,0,0,0,0,0,0,0,0,0,0,0,0,0,0,0,0,0,0,0,0,0,0,0,0,0,0,0,0,0,0,0,0,0,0
5032,RN,0,0,0,0,0,0,0,0,0,0,0,0,0,0,0,0,0,0,0,0,0,0,0,0,0,0,0,0,0,0,0,0,0,0,0,0,0,0,0,0,0,0,0,0,0,0,0,0,0,0,0,0,0,0,0,0,0,0,0,0,0,0,0,0,0,0,0,0,0,0,0,0,0,0,0
5033,RN,0,0,0,0,0,0,0,0,95.0083582826049,95.0083582826049,95.0083582826049,95.0083582826049,95.0083582826049,95.0083582826049,95.0083582826049,95.0083582826049,95.0083582826049,95.0083582826049,95.0083582826049,95.0083582826049,95.0083582826049,95.0083582826049,95.0083582826049,95.0083582826049,95.0083582826049,95.0083582826049,95.0083582826049,95.0083582826049,95.0083582826049,95.0083582826049,95.0083582826049,95.0083582826049,95.0083582826049,95.0083582826049,95.0083582826049,95.0083582826049,95.0083582826049,95.0083582826049,95.0083582826049,95.0083582826049,95.0083582826049,95.0083582826049,95.0083582826049,95.0083582826049,95.0083582826049,95.0083582826049,95.0083582826049,95.0083582826049,95.0083582826049,95.0083582826049,95.0083582826049,95.0083582826049,95.0083582826049,95.0083582826049,95.0083582826049,95.0083582826049,95.0083582826049,95.0083582826049,95.0083582826049,95.0083582826049,95.0083582826049,95.0083582826049,95.0083582826049,95.0083582826049,95.0083582826049,95.0083582826049,95.0083582826049,95.0083582826049,95.0083582826049,95.0083582826049,95.0083582826049,95.0083582826049,95.0083582826049,95.0083582826049,95.0083582826049
5034,RN,0,0,0,0,0,0,0,0,0,0,0,0,0,0,0,0,0,0,0,0,0,0,0,0,0,0,0,0,0,0,0,0,0,0,0,0,0,0,0,0,0,0,0,0,0,0,0,0,0,0,0,0,0,0,0,0,0,0,0,0,0,0,0,0,0,0,0,0,0,0,0,0,0,0,0
5035,RN,0,0,0,0,0,0,0,0,0,0,0,0,0,0,0,0,0,0,0,0,0,0,0,0,0,0,0,0,0,0,0,0,0,0,0,0,0,0,0,0,0,0,0,0,0,0,0,0,0,0,0,0,0,0,0,0,0,0,0,0,0,0,0,0,0,0,0,0,0,0,0,0,0,0,0
5036,RN,0,0,0,0,0,0,0,0,0,0,0,0,0,0,0,0,0,0,0,0,0,0,0,0,0,0,0,0,0,0,0,0,0,0,0,0,0,0,0,0,0,0,0,0,0,0,0,0,0,0,0,0,0,0,0,0,0,0,0,0,0,0,0,0,0,0,0,0,0,0,0,0,0,0,0
5037,RN,0,0,0,0,0,0,0,0,0,0,0,0,0,0,0,0,0,0,0,0,0,0,0,0,0,0,50.936596545219,50.936596545219,50.936596545219,50.936596545219,50.936596545219,50.936596545219,50.936596545219,50.936596545219,50.936596545219,50.936596545219,50.936596545219,50.936596545219,50.936596545219,50.936596545219,50.936596545219,50.936596545219,50.936596545219,50.936596545219,50.936596545219,50.936596545219,50.936596545219,50.936596545219,50.936596545219,50.936596545219,50.936596545219,50.936596545219,50.936596545219,50.936596545219,50.936596545219,50.936596545219,50.936596545219,50.936596545219,50.936596545219,50.936596545219,50.936596545219,50.936596545219,50.936596545219,50.936596545219,50.936596545219,50.936596545219,50.936596545219,50.936596545219,50.936596545219,50.936596545219,50.936596545219,50.936596545219,50.936596545219,50.936596545219,50.936596545219
5038,RN,0,0,0,0,0,0,0,0,0,0,0,0,0,0,0,0,0,0,0,0,0,0,0,0,0,0,0,0,0,0,0,0,0,0,0,0,0,0,0,0,0,0,0,0,0,0,0,0,0,0,0,0,0,0,0,0,0,0,0,0,0,0,0,0,0,0,0,0,0,0,0,0,0,0,0
5039,RN,0,0,0,0,0,0,0,0,0,0,0,0,0,0,0,0,0,0,0,0,0,0,0,0,0,0,0,0,0,0,0,0,0,0,0,0,0,0,0,0,0,0,0,0,0,0,0,0,0,0,0,0,0,0,0,0,0,0,0,0,0,0,0,0,0,0,0,0,0,0,0,0,0,0,0
5040,RN,0,0,0,0,0,0,0,0,0,0,0,0,0,0,0,0,0,0,0,0,0,0,0,0,0,0,0,0,0,0,0,0,0,0,0,0,0,0,0,0,0,0,0,0,0,0,0,0,0,0,0,0,0,0,0,0,0,0,0,0,0,0,0,0,0,0,0,0,0,0,0,0,0,0,0
5041,RN,0,0,0,0,0,0,0,0,0,0,0,0,0,0,0,0,0,0,0,0,0,0,0,0,0,0,0,0,0,0,0,0,0,0,0,0,0,0,0,0,0,0,0,0,0,0,0,0,0,0,0,0,0,0,0,0,0,0,126.932484685855,126.932484685855,126.932484685855,126.932484685855,126.932484685855,126.932484685855,126.932484685855,126.932484685855,126.932484685855,126.932484685855,126.932484685855,126.932484685855,126.932484685855,126.932484685855,126.932484685855,126.932484685855,126.932484685855
5042,RN,0,0,0,0,0,0,0,0,0,0,0,0,0,0,0,0,0,0,0,0,0,0,0,0,0,0,0,0,0,0,0,0,0,0,0,0,0,0,0,0,0,0,0,0,0,0,0,0,0,0,0,0,0,0,0,0,0,0,0,0,0,0,0,0,0,0,0,0,0,0,0,0,0,0,0
5043,RN,0,0,0,0,0,0,0,0,0,71.1630372959089,71.1630372959089,71.1630372959089,71.1630372959089,71.1630372959089,71.1630372959089,71.1630372959089,71.1630372959089,71.1630372959089,71.1630372959089,71.1630372959089,71.1630372959089,71.1630372959089,71.1630372959089,71.1630372959089,71.1630372959089,71.1630372959089,71.1630372959089,71.1630372959089,71.1630372959089,71.1630372959089,71.1630372959089,71.1630372959089,71.1630372959089,71.1630372959089,71.1630372959089,71.1630372959089,71.1630372959089,71.1630372959089,71.1630372959089,71.1630372959089,71.1630372959089,71.1630372959089,71.1630372959089,71.1630372959089,71.1630372959089,71.1630372959089,71.1630372959089,71.1630372959089,71.1630372959089,71.1630372959089,71.1630372959089,71.1630372959089,71.1630372959089,71.1630372959089,71.1630372959089,71.1630372959089,71.1630372959089,71.1630372959089,71.1630372959089,71.1630372959089,71.1630372959089,71.1630372959089,71.1630372959089,71.1630372959089,71.1630372959089,71.1630372959089,71.1630372959089,71.1630372959089,71.1630372959089,71.1630372959089,71.1630372959089,71.1630372959089,71.1630372959089,71.1630372959089,71.1630372959089
5044,RN,0,0,0,0,0,0,0,0,0,0,0,0,0,0,0,0,0,0,0,0,0,0,0,0,0,0,0,0,0,0,0,0,0,0,0,0,0,0,0,0,0,0,0,0,0,18.3443206144453,18.3443206144453,29.7673563415489,29.7673563415489,29.7673563415489,29.7673563415489,29.7673563415489,29.7673563415489,29.7673563415489,29.7673563415489,29.7673563415489,29.7673563415489,29.7673563415489,29.7673563415489,29.7673563415489,29.7673563415489,29.7673563415489,29.7673563415489,29.7673563415489,29.7673563415489,29.7673563415489,29.7673563415489,29.7673563415489,29.7673563415489,29.7673563415489,29.7673563415489,29.7673563415489,29.7673563415489,29.7673563415489,29.7673563415489
5045,RN,0,0,0,0,0,0,0,0,0,0,0,0,0,0,0,0,0,0,0,0,0,0,0,0,0,0,0,0,0,0,0,0,0,0,11.2701149943646,11.2701149943646,11.2701149943646,11.2701149943646,11.2701149943646,11.2701149943646,11.2701149943646,11.2701149943646,11.2701149943646,11.2701149943646,11.2701149943646,11.2701149943646,11.2701149943646,11.2701149943646,11.2701149943646,11.2701149943646,11.2701149943646,11.2701149943646,11.2701149943646,11.2701149943646,11.2701149943646,11.2701149943646,11.2701149943646,11.2701149943646,11.2701149943646,11.2701149943646,11.2701149943646,11.2701149943646,11.2701149943646,11.2701149943646,11.2701149943646,11.2701149943646,11.2701149943646,11.2701149943646,11.2701149943646,11.2701149943646,11.2701149943646,11.2701149943646,11.2701149943646,11.2701149943646,11.2701149943646
5046,RN,0,0,0,0,0,0,0,0,0,0,0,0,0,0,0,0,0,0,0,0,0,0,0,0,0,0,0,0,0,0,0,0,0,0,0,0,0,0,0,0,0,0,0,0,0,0,0,0,0,0,0,0,0,0,0,0,0,0,0,0,0,0,0,0,0,0,0,0,0,0,0,0,0,0,0
5047,RN,0,0,0,0,0,0,0,0,0,0,0,0,0,0,0,0,0,0,0,0,0,0,0,0,0,0,0,0,0,0,0,0,0,0,0,0,0,0,0,0,0,0,0,0,0,0,0,0,0,0,0,0,0,0,0,0,0,0,0,0,0,0,0,0,0,0,0,0,0,0,0,0,0,0,0
5048,RN,0,0,0,0,0,0,0,0,0,0,0,0,0,0,0,0,0,0,0,0,0,0,0,0,0,0,0,0,0,0,0,0,0,0,0,0,0,0,0,0,0,0,0,0,0,0,0,0,0,0,0,0,0,0,0,0,0,0,0,16.9010847142857,16.9010847142857,16.9010847142857,16.9010847142857,16.9010847142857,18.8259487061062,18.8259487061062,18.8259487061062,18.8259487061062,18.8259487061062,18.8259487061062,18.8259487061062,18.8259487061062,18.8259487061062,18.8259487061062,18.8259487061062
5049,RN,0,0,0,0,0,0,0,0,0,0,0,0,0,0,0,0,0,0,0,0,0,0,0,0,0,0,0,0,0,0,0,0,0,0,0,0,0,0,0,0,0,0,0,0,0,0,0,0,0,0,0,0,0,0,0,0,0,0,0,0,0,0,0,0,0,0,0,0,0,0,0,0,0,0,0
5050,RN,0,0,0,0,0,0,0,0,0,0,0,0,0,0,0,0,0,0,0,0,0,0,0,0,0,0,0,0,0,0,0,0,0,0,0,0,0,0,0,0,0,0,0,0,0,0,0,0,0,0,0,0,0,0,0,0,0,0,0,0,0,0,0,0,0,0,0,0,0,0,0,0,0,0,0
5051,RN,0,0,0,0,0,0,0,0,0,0,0,0,0,0,0,0,0,0,0,0,0,0,0,0,0,0,0,0,0,0,0,0,0,0,0,0,0,0,0,0,0,0,0,0,0,0,0,0,0,0,0,0,0,0,0,0,0,0,0,0,0,0,0,0,0,0,0,0,0,0,0,0,0,0,0
5052,RN,0,0,0,0,0,0,0,0,0,0,0,0,0,0,0,0,0,0,0,0,0,0,0,0,0,0,0,0,0,0,0,0,0,0,0,0,0,0,0,0,0,0,0,0,0,0,0,0,0,0,0,0,0,0,0,0,0,0,0,0,0,0,0,0,0,0,0,0,0,0,0,0,0,0,0
5053,RN,0,0,0,0,0,0,0,0,0,0,0,0,0,0,0,0,0,0,0,0,0,0,0,0,0,0,0,0,0,0,0,0,0,0,0,0,0,0,0,0,0,0,0,0,0,0,0,0,0,0,0,0,0.0594273241264251,0.0594273241264251,0.0594273241264251,0.0594273241264251,0.0594273241264251,0.0594273241264251,0.0594273241264251,0.0594273241264251,0.0594273241264251,0.0594273241264251,0.0594273241264251,0.0594273241264251,0.0594273241264251,0.0594273241264251,0.0594273241264251,0.0594273241264251,0.0594273241264251,0.0594273241264251,0.0594273241264251,0.0594273241264251,0.0594273241264251,0.0594273241264251,0.0594273241264251
5054,RN,0,0,0,0,0,0,0,0,0,0,0,0,0,0,0,0,0,0,0,0,0,0,0,0,0,0,0,0,0,0,0,0,0,0,0,0,0,0,0,0,0,0,0,0,0,0,0,0,0,0,0,0,0,0,0,0,0,0,0,0,0,0,0,0,0,0,0,0,0,0,0,0,0,0,0
5055,RN,0,0,0,0,0,0,0,0,0,0,0,0,0,0,0,0,0,0,0,0,0,0,0,0,0,0,0,0,0,0,0,0,0,0,0,0,0,0,0,0,0,0,0,0,0,0,0,0,0,0,0,0,0,0,0,0,0,0,0,0,0,0,0,0,0,0,0,0,0,0,0,0,0,0,0
5056,RN,0,0,0,0,0,0,0,0,0,0,0,0,0,0,0,0,0,0,0,0,0,0,0,0,0,0,0,0,0,0,0,0,33.3175127378773,33.3175127378773,33.3175127378773,33.3175127378773,33.3175127378773,33.3175127378773,33.3175127378773,33.3175127378773,33.3175127378773,33.3175127378773,33.3175127378773,33.3175127378773,33.3175127378773,33.3175127378773,33.3175127378773,33.3175127378773,33.3175127378773,33.3175127378773,33.3175127378773,33.3175127378773,33.3175127378773,33.3175127378773,33.3175127378773,33.3175127378773,33.3175127378773,33.3175127378773,33.3175127378773,33.3175127378773,33.3175127378773,33.3175127378773,33.3175127378773,33.3175127378773,33.3175127378773,33.3175127378773,33.3175127378773,33.3175127378773,33.3175127378773,33.3175127378773,33.3175127378773,33.3175127378773,33.3175127378773,33.3175127378773,33.3175127378773
5057,RN,0,0,0,0,0,0,0,0,0,0,0,0,0,0,0,0,0,0,0,0,0,0,0,0,0,0,0,0,0,0,0,0,0,0,0,0,0,0,0,0,0,0,0,0,0,0,0,0,0,0,0,0,0,0,0,0,0,0,0,0,0,0,0,0,0,0,0,0,0,0,0,0,0,0,0
5058,RN,0,0,0,0,0,0,0,0,0,0,0,0,0,0,0,0,0,0,0,0,0,0,0,0,0,0,0,0,0,0,0,0,0,0,0,0,0,0,0,0,0,0,0,0,0,0,0,0,0,0,0,0,0,0,0,0,0,0,0,0,0,0,0,0,0,0,0,0,0,0,0,0,0,0,0
5059,RN,0,0,0,0,0,0,0,0,0,0,0,0,0,0,0,0,0,0,0,0,0,0,0,0,0,0,0,0,0,11.7007907320484,11.7007907320484,11.7007907320484,34.6982094924061,34.6982094924061,34.6982094924061,34.6982094924061,34.6982094924061,34.6982094924061,34.6982094924061,34.6982094924061,34.6982094924061,34.6982094924061,34.6982094924061,34.6982094924061,34.6982094924061,34.6982094924061,34.6982094924061,34.6982094924061,34.6982094924061,34.6982094924061,34.6982094924061,34.6982094924061,34.6982094924061,34.6982094924061,34.6982094924061,34.6982094924061,34.6982094924061,34.6982094924061,34.6982094924061,34.6982094924061,34.6982094924061,34.6982094924061,34.6982094924061,34.6982094924061,34.6982094924061,34.6982094924061,34.6982094924061,34.6982094924061,34.6982094924061,34.6982094924061,34.6982094924061,34.6982094924061,34.6982094924061,34.6982094924061,34.6982094924061
5060,RN,0,0,0,0,0,0,0,0,0,0,0,0,0,0,0,0,0,0,0,0,0,0,0,0,0,0,0,0,0,0,0,0,0,0,0,0,0,0,0,0,0,0,0,0,0,0,0,0,0,0,0,0,0,0,0,0,0,0,0,0,0,0,0,0,0,0,0,0,0,0,0,0,0,0,0
5061,RN,0,0,0,0,0,0,0,0,0,0,0,0,0,0,0,0,0,0,0,0,0,0,0,0,0,0,0,0,0,0,0,0,0,0,0,0,0,0,0,0,0,0,0,0,0,0,0,0,0,0,0,0,0,0,0,0,0,0,0,0,0,0,0,0,0,0,0,0,0,0,0,0,0,0,0
5062,RN,0,0,0,0,0,0,0,0,0,0,0,0,0,0,0,0,0,0,0,0,0,0,0,0,0,0,0,0,0,0,0,0,0,0,0,0,0,0,0,0,0,0,0,0,0,0,0,0,0,0,0,0,0,0,0,0,0,0,0,0,0,0,0,0,0,0,0,0,0,0,0,0,0,0,0
5063,RN,0,0,0,0,0,0,0,0,0,0,0,0,0,0,0,0,0,0,0,0,0,0,0,0,0,0,0,0,0,0,0,0,0,0,0,0,0,0,0,0,0,0,0,0,0,0,0,0,0,0,0,0,0,0,0,0,0,0,0,0,0,0,0,0,0,0,0,0,0,0,0,0,0,0,0
5064,RN,0,0,0,0,0,0,0,0,0,0,0,0,0,0,0,0,0,0,0,0,0,0,0,0,0,0,0,0,0,0,0,0,0,0,0,0,0,0,0,0,0,0,0,0,0,0,0,0,0,0,0,0,0,0,0,0,0,0,0,0,0,0,0,0,0,0,0,0,0,0,0,0,0,0,0
5065,RN,0,0,0,0,0,0,0,0,0,0,0,0,0,0,0,0,0,0,0,0,0,0,0,0,0,0,0,0,0,0,0,0,0,0,0,0,0,0,0,0,0,0,0,0,0,0,0,0,0,0,0,0,0,0,0,0,0,0,0,0,0,0,0,0,0,0,0,0,0,0,0,0,0,0,0
5066,RN,0,0,0,0,0,0,0,0,0,0,0,0,0,0,0,0,0,0,0,0,0,0,0,0,0,0,0,0,0,0,0,0,0,0,0,0,0,0,0,0,0,0,0,0,0,0,0,0,0,0,0,0,0,0,0,0,0,0,0,0,0,0,0,0,0,0,0,0,0,0,0,0,0,0,0
5067,RN,0,0,0,0,0,0,0,0,0,0,0,0,0,0,0,0,0,0,0,0,0,0,0,0,0,0,0,0,0,0,0,0,0,0,0,0,0,0,0,0,0,0,0,0,0,0,0,0,0,0,0,0,0,0,0,0,0,0,0,0,0,0,0,0,0,0,0,0,0,0,0,0,0,0,0
5068,RN,0,0,0,0,0,0,0,0,0,0,0,0,0,0,0,0,0,0,0,0,0,0,0,0,0,0,0,0,0,0,0,0,0,0,0,0,0,0,0,0,0,0,0,0,0,0,0,0,0,0,0,0,0,0,0,0,0,0,0,0,0,0,0,0,0,0,0,0,0,0,0,0,0,0,0
5069,RN,0,0,0,0,0,0,0,0,0,0,0,0,0,0,0,0,0,0,0,0,0,0,0,0,0,0,0,0,0,0,0,0,0,0,0,0,0,28.7916306913749,28.7916306913749,28.7916306913749,28.7916306913749,28.7916306913749,28.7916306913749,28.7916306913749,28.7916306913749,28.7916306913749,28.7916306913749,28.7916306913749,28.7916306913749,28.7916306913749,36.6491141757224,36.6491141757224,36.6491141757224,36.6491141757224,36.6491141757224,36.6491141757224,36.6491141757224,36.6491141757224,36.6491141757224,36.6491141757224,36.6491141757224,36.6491141757224,36.6491141757224,36.6491141757224,36.6491141757224,36.6491141757224,36.6491141757224,36.6491141757224,36.6491141757224,36.6491141757224,36.6491141757224,36.6491141757224,36.6491141757224,36.6491141757224,36.6491141757224
5070,RN,0,0,0,0,0,0,0,0,0,0,0,0,0,0,0,0,0,0,0,0,0,0,0,0,0,0,0,0,0,0,0,0,0,0,0,0,0,0,0,0,0,0,0,0,0,0,0,0,0,0,0,0,0,0,0,0,0,0,0,0,0,0,0,0,0,0,0,0,0,0,0,0,0,0,0
5071,RN,0,0,0,0,0,0,0,0,0,0,0,0,0,0,0,0,0,0,0,0,0,0,0,0,0,0,0,0,0,0,0,0,0,0,0,0,0,0,0,0,0,0,0,0,0,0,0,0,0,0,0,0,0,0,0,0,0,0,12.4237968364375,12.4237968364375,12.4237968364375,12.4237968364375,12.4237968364375,12.4237968364375,12.4237968364375,12.4237968364375,12.4237968364375,12.4237968364375,12.4237968364375,12.4237968364375,12.4237968364375,12.4237968364375,12.4237968364375,12.4237968364375,12.4237968364375
5072,RN,0,0,0,0,0,0,0,0,0,0,0,0,0,0,0,0,0,0,0,0,0,0,0,0,0,0,0,0,0,0,0,0,0,0,0,0,0,0,0,0,0,0,0,0,0,0,0,0,0,0,0,0,0,0,0,0,0,0,0,0,0,0,0,0,0,0,0,0,0,0,0,0,0,0,0
5073,RN,0,0,0,0,0,0,0,0,0,0,0,0,0,0,0,0,0,0,0,0,0,0,0,0,0,0,0,0,0,0,0,0,0,0,0,0,0,0,0,0,0,0,0,0,0,0,0,0,0,0,0,0,0,0,0,0,0,0,0,0,0,0,0,0,0,0,0,0,0,0,0,0,0,0,0
5074,RN,0,0,0,0,0,0,0,0,0,0,0,0,0,0,0,0,0,0,0,0,0,0,0,0,0,0,0,0,0,0,0,0,0,0,0,0,0,0,0,0,0,0,0,0,0,0,0,0,0,0,0,0,0,0,0,0,0,0,0,0,0,0,0,0,0,0,0,0,52.6702657528933,52.6702657528933,52.6702657528933,52.6702657528933,52.6702657528933,52.6702657528933,52.6702657528933
5075,RN,0,0,0,0,0,0,0,0,0,0,0,0,0,0,0,0,0,0,0,0,0,0,0,0,0,0,0,0,0,0,0,0,0,0,0,0,0,0,0,0,0,0,0,0,0,0,0,0,0,0,0,0,0,0,0,0,0,0,0,0,0,0,0,0,0,0,0,0,0,0,0,0,0,0,0
5076,RN,0,0,0,0,0,0,0,0,0,0,0,0,0,0,0,0,0,0,0,0,0,0,0,0,0,0,0,0,0,0,0,0,0,0,0,0,0,0,0,0,0,0,0,0,0,0,0,0,0,0,0,0,0,0,0,0,0,0,0,0,0,0,0,0,0,0,0,0,0,0,0,0,0,0,0
5077,RN,0,0,0,0,0,0,0,0,0,0,0,0,0,0,0,0,0,0,0,0,0,0,0,0,0,0,0,0,0,0,0,0,0,0,0,0,0,0,0,0,0,0,0,0,0,0,0,0,0,0,0,0,0,0,0,0,0,0,0,0,0,0,0,0,0,0,0,0,0,0,0,0,0,0,0
5078,RN,0,0,0,0,0,0,0,0,0,0,0,0,0,0,0,0,0,0,0,0,0,0,0,0,0,0,0,0,0,0,0,0,0,0,0,0,0,0,0,0,0,0,0,0,0,0,0,0,0,0,0,0,0,0,0,0,0,0,0,0,0,0,0,0,0,0,0,0,0,0,0,0,0,0,0
5079,RN,0,0,0,0,0,0,0,0,0,0,72.2505436899641,72.2505436899641,72.2505436899641,72.2505436899641,72.2505436899641,72.2505436899641,72.2505436899641,72.2505436899641,72.2505436899641,72.2505436899641,72.2505436899641,72.2505436899641,72.2505436899641,72.2505436899641,72.2505436899641,72.2505436899641,72.2505436899641,72.2505436899641,72.2505436899641,72.2505436899641,72.2505436899641,72.2505436899641,72.2505436899641,72.2505436899641,72.2505436899641,72.2505436899641,72.2505436899641,72.2505436899641,72.2505436899641,72.2505436899641,72.2505436899641,72.2505436899641,72.2505436899641,72.2505436899641,72.2505436899641,72.2505436899641,72.2505436899641,72.2505436899641,72.2505436899641,72.2505436899641,72.2505436899641,72.2505436899641,72.2505436899641,72.2505436899641,72.2505436899641,72.2505436899641,72.2505436899641,72.2505436899641,72.2505436899641,72.2505436899641,72.2505436899641,72.2505436899641,72.2505436899641,72.2505436899641,72.2505436899641,72.2505436899641,72.2505436899641,72.2505436899641,72.2505436899641,72.2505436899641,72.2505436899641,72.2505436899641,72.2505436899641,72.2505436899641,72.2505436899641
5080,RN,0,0,0,0,0,0,0,0,0,0,0,0,0,0,0,0,0,0,0,0,0,0,0,0,0,0,0,0,0,0,0,0,0,0,0,0,0,0,0,0,0,0,0,0,0,0,0,0,0,0,0,0,0,0,0,0,0,0,0,0,0,0,0,0,0,0,0,0,0,0,0,0,0,0,0
5081,RN,0,0,0,0,0,0,0,0,0,0,0,0,0,0,0,0,0,0,0,0,0,0,0,0,0,0,0,0,0,0,0,0,0,0,0,0,0,0,0,0,0,0,0,0,0,0,0,0,0,0,0,0,0,0,0,0,0,0,0,0,0,0,0,0,0,0,0,0,0,0,0,0,0,0,0
5082,RN,0,0,0,0,0,0,0,0,57.0467371456244,57.0467371456244,57.0467371456244,57.0467371456244,57.0467371456244,57.0467371456244,57.0467371456244,57.0467371456244,57.0467371456244,57.0467371456244,57.0467371456244,57.0467371456244,57.0467371456244,57.0467371456244,57.0467371456244,57.0467371456244,57.0467371456244,57.0467371456244,151.979813376582,151.979813376582,151.979813376582,151.979813376582,151.979813376582,151.979813376582,151.979813376582,151.979813376582,151.979813376582,151.979813376582,151.979813376582,151.979813376582,151.979813376582,151.979813376582,151.979813376582,151.979813376582,151.979813376582,151.979813376582,151.979813376582,151.979813376582,151.979813376582,151.979813376582,151.979813376582,151.979813376582,151.979813376582,151.979813376582,151.979813376582,151.979813376582,151.979813376582,151.979813376582,151.979813376582,151.979813376582,151.979813376582,151.979813376582,151.979813376582,151.979813376582,151.979813376582,151.979813376582,151.979813376582,151.979813376582,151.979813376582,151.979813376582,151.979813376582,151.979813376582,151.979813376582,151.979813376582,151.979813376582,151.979813376582,151.979813376582
5083,RN,0,0,0,0,0,0,0,0,13.38685573578,45.6400197332407,45.6400197332407,45.6400197332407,45.6400197332407,45.6400197332407,45.6400197332407,45.6400197332407,45.6400197332407,45.6400197332407,45.6400197332407,45.6400197332407,45.6400197332407,45.6400197332407,45.6400197332407,45.6400197332407,45.6400197332407,45.6400197332407,45.6400197332407,45.6400197332407,45.6400197332407,45.6400197332407,45.6400197332407,45.6400197332407,45.6400197332407,45.6400197332407,45.6400197332407,45.6400197332407,45.6400197332407,45.6400197332407,45.6400197332407,45.6400197332407,45.6400197332407,45.6400197332407,45.6400197332407,45.6400197332407,45.6400197332407,45.6400197332407,45.6400197332407,45.6400197332407,45.6400197332407,45.6400197332407,45.6400197332407,45.6400197332407,45.6400197332407,45.6400197332407,45.6400197332407,45.6400197332407,45.6400197332407,45.6400197332407,45.6400197332407,45.6400197332407,45.6400197332407,45.6400197332407,45.6400197332407,45.6400197332407,45.6400197332407,45.6400197332407,45.6400197332407,45.6400197332407,45.6400197332407,45.6400197332407,45.6400197332407,45.6400197332407,45.6400197332407,45.6400197332407,45.6400197332407
5084,RN,0,0,0,0,0,0,0,0,0,0,47.0836550560309,47.0836550560309,47.0836550560309,47.0836550560309,47.0836550560309,47.0836550560309,47.0836550560309,47.0836550560309,47.0836550560309,47.0836550560309,47.0836550560309,47.0836550560309,47.0836550560309,47.0836550560309,50.9548435071421,50.9548435071421,50.9548435071421,50.9548435071421,50.9548435071421,50.9548435071421,50.9548435071421,50.9548435071421,50.9548435071421,50.9548435071421,50.9548435071421,50.9548435071421,50.9548435071421,50.9548435071421,50.9548435071421,50.9548435071421,50.9548435071421,50.9548435071421,50.9548435071421,50.9548435071421,50.9548435071421,50.9548435071421,50.9548435071421,50.9548435071421,50.9548435071421,50.9548435071421,50.9548435071421,50.9548435071421,50.9548435071421,50.9548435071421,50.9548435071421,50.9548435071421,50.9548435071421,50.9548435071421,50.9548435071421,50.9548435071421,50.9548435071421,50.9548435071421,50.9548435071421,50.9548435071421,50.9548435071421,50.9548435071421,50.9548435071421,50.9548435071421,50.9548435071421,50.9548435071421,50.9548435071421,50.9548435071421,50.9548435071421,50.9548435071421,50.9548435071421
5085,RN,0,0,0,0,0,0,0,0,0,0,0,0,0,0,0,0,0,0,0,0,0,0,0,0,0,0,0,0,0,0,0,0,0,0,0,0,0,0,0,0,0,0,0,0,0,0,0,0,0,0,0,0,0,0,0,0,0,0,0,0,0,0,0,0,0,0,0,0,0,0,0,0,0,0,0
5086,RN,0,0,0,0,0,0,0,0,0,0,0,0,0,0,0,0,0,0,0,0,0,0,0,0,0,0,0,0,0,0,0,0,0,0,0,0,0,0,0,0,0,0,0,0,0,0,0,0,0,0,0,0,0,0,0,0,0,0,0,0,0,0,0,0,0,0,0,0,0,0,0,0,0,0,0
5087,RN,0,0,0,0,0,0,0,0,0,0,0,0,0,0,0,0,0,0,0,0,0,0,0,0,0,0,0,0,0,0,0,0,0,0,0,0,0,0,0,0,0,0,0,0,0,0,0,0,0,0,0,0,0,0,0,0,0,0,0,0,0,0,0,0,0,0,0,0,0,0,0,0,0,0,0
5088,RN,0,0,0,0,0,0,0,0,0,0,0,0,0,0,0,0,0,0,0,0,0,0,0,0,0,0,0,0,0,0,0,0,0,0,0,0,0,0,0,0,0,0,0,0,0,0,0,0,0,0,0,0,0,0,0,0,0,0,0,0,0,0,0,0,0,0,0,0,0,0,0,0,0,0,0
5089,RN,0,0,0,0,0,0,0,0,0,0,0,0,0,0,0,0,0,0,0,0,0,0,0,0,0,0,0,0,0,0,0,0,0,0,0,0,0,0,0,0,0,0,0,0,0,0,0,0,0,0,0,0,0,0,0,0,0,0,0,0,0,0,0,0,0,0,0,0,0,0,0,0,0,0,0
5090,RN,0,0,0,0,0,0,0,0,0,0,0,0,0,0,0,0,0,0,0,0,0,0,0,0,0,0,0,0,0,0,0,0,0,0,0,0,0,0,0,0,0,0,0,0,0,0,0,0,0,0,0,0,0,0,0,0,0,0,0,0,0,0,0,0,0,0,0,0,0,0,0,0,0,0,0
5091,RN,0,0,0,0,0,0,0,0,0,0,0,0,0,0,0,0,0,0,0,0,0,0,0,0,0,0,0,0,0,0,0,0,0,0,0,0,0,0,0,0,0,0,0,0,0,0,0,0,0,0,0,0,0,0,0,0,0,0,0,0,0,0,0,0,0,0,0,0,0,0,0,0,0,0,0
5092,RN,0,0,0,0,0,0,0,0,0,0,0,0,0,0,0,0,0,0,0,0,0,0,0,0,0,0,0,0,0,0,0,0,0,0,0,0,0,0,0,0,0,0,0,0,0,0,0,0,0,0,0,0,0,0,0,0,0,0,0,0,0,0,0,0,0,0,0,0,0,0,0,0,0,0,0
5093,RN,0,0,0,0,0,0,0,0,0,0,0,0,0,0,0,0,0,0,0,0,0,0,0,0,0,0,0,0,0,0,0,0,0,0,0,0,0,0,0,0,0,0,0,0,0,0,0,0,0,0,0,0,42.2993198534373,42.2993198534373,42.2993198534373,42.2993198534373,42.2993198534373,42.2993198534373,61.8984339322586,61.8984339322586,61.8984339322586,61.8984339322586,61.8984339322586,61.8984339322586,61.8984339322586,61.8984339322586,61.8984339322586,61.8984339322586,61.8984339322586,61.8984339322586,61.8984339322586,61.8984339322586,61.8984339322586,61.8984339322586,61.8984339322586
5094,RN,0,0,0,0,0,0,0,0,0,0,0,0,0,0,0,0,0,0,0,0,0,0,0,0,0,0,0,0,0,0,0,0,0,0,0,0,0,0,0,0,0,0,0,0,0,0,0,0,0,0,0,0,0,0,0,0,0,0,0,0,0,0,0,0,0,0,0,0,0,0,0,0,0,0,0
5095,RN,0,0,0,0,0,0,0,0,0,0,0,0,0,0,0,0,0,0,0,0,0,0,0,0,0,0,0,0,0,0,0,0,0,0,0,0,0,0,0,0,0,0,0,0,0,0,0,0,0,0,0,0,0,0,0,0,0,0,0,0,0,0,0,0,0,0,0,0,0,0,0,0,0,0,0
5096,RN,0,0,0,0,0,0,0,0,0,0,0,0,0,0,0,0,0,0,0,0,0,0,0,0,0,0,0,0,0,0,0,0,0,0,0,0,0,0,0,0,0,0,0,0,0,0,0,0,0,0,0,0,0,0,0,0,0,0,0,0,0,0,0,0,0,0,0,0,0,0,0,0,0,0,0
5097,RN,0,0,0,0,0,0,0,0,0,0,0,0,0,0,0,0,0,0,0,0,0,0,0,0,0,0,0,0,0,0,0,0,38.2869002373168,38.2869002373168,38.2869002373168,38.2869002373168,38.2869002373168,58.9373125011945,58.9373125011945,58.9373125011945,58.9373125011945,58.9373125011945,58.9373125011945,58.9373125011945,58.9373125011945,58.9373125011945,58.9373125011945,58.9373125011945,58.9373125011945,58.9373125011945,58.9373125011945,58.9373125011945,58.9373125011945,58.9373125011945,58.9373125011945,58.9373125011945,58.9373125011945,58.9373125011945,58.9373125011945,58.9373125011945,58.9373125011945,58.9373125011945,58.9373125011945,58.9373125011945,58.9373125011945,58.9373125011945,58.9373125011945,58.9373125011945,58.9373125011945,58.9373125011945,58.9373125011945,58.9373125011945,58.9373125011945,58.9373125011945,58.9373125011945
5098,RN,0,0,0,0,0,0,0,0,0,0,0,0,0,0,0,0,0,0,0,0,0,0,0,0,0,0,0,0,0,0,0,0,0,0,0,0,0,0,0,0,0,0,0,0,0,0,0,0,0,0,33.4402471007284,33.4402471007284,33.4402471007284,33.4402471007284,33.4402471007284,33.4402471007284,33.4402471007284,33.4402471007284,33.4402471007284,33.4402471007284,33.4402471007284,33.4402471007284,33.4402471007284,33.4402471007284,33.4402471007284,33.4402471007284,33.4402471007284,33.4402471007284,33.4402471007284,33.4402471007284,33.4402471007284,33.4402471007284,33.4402471007284,33.4402471007284,33.4402471007284
5099,RN,0,0,0,0,0,0,0,0,0,0,63.2117984255773,63.2117984255773,63.2117984255773,63.2117984255773,63.2117984255773,63.2117984255773,63.2117984255773,63.2117984255773,63.2117984255773,63.2117984255773,63.2117984255773,63.2117984255773,63.2117984255773,63.2117984255773,63.2117984255773,63.2117984255773,63.2117984255773,63.2117984255773,63.2117984255773,63.2117984255773,63.2117984255773,63.2117984255773,63.2117984255773,63.2117984255773,63.2117984255773,63.2117984255773,63.2117984255773,63.2117984255773,63.2117984255773,63.2117984255773,63.2117984255773,63.2117984255773,63.2117984255773,63.2117984255773,63.2117984255773,63.2117984255773,63.2117984255773,63.2117984255773,63.2117984255773,63.2117984255773,63.2117984255773,63.2117984255773,63.2117984255773,63.2117984255773,63.2117984255773,63.2117984255773,63.2117984255773,63.2117984255773,63.2117984255773,63.2117984255773,63.2117984255773,63.2117984255773,63.2117984255773,63.2117984255773,63.2117984255773,63.2117984255773,63.2117984255773,63.2117984255773,63.2117984255773,63.2117984255773,63.2117984255773,63.2117984255773,63.2117984255773,63.2117984255773,63.2117984255773
5100,RN,0,0,0,0,0,0,0,0,0,0,0,0,0,0,0,0,0,0,0,0,0,0,0,0,0,0,0,0,0,0,0,0,0,0,0,0,0,0,0,0,0,0,0,0,0,0,0,0,0,0,0,0,0,0,0,0,0,0,0,0,0,0,0,0,0,0,0,0,30.4012450351487,30.4012450351487,30.4012450351487,30.4012450351487,30.4012450351487,30.4012450351487,30.4012450351487
5101,RN,0,0,0,0,0,0,0,0,0,0,0,0,0,0,0,0,0,0,0,0,0,0,0,0,0,0,0,0,0,0,0,0,0,0,0,0,0,0,0,0,0,0,0,0,0,0,0,0,0,0,0,0,0,0,0,0,0,0,23.7071173627698,23.7071173627698,23.7071173627698,23.7071173627698,23.7071173627698,23.7071173627698,23.7071173627698,23.7071173627698,23.7071173627698,23.7071173627698,23.7071173627698,23.7071173627698,23.7071173627698,23.7071173627698,23.7071173627698,23.7071173627698,23.7071173627698
5102,RN,0,0,0,0,0,0,0,0,0,0,0,0,0,0,0,0,0,0,0,0,0,0,0,0,0,0,0,0,0,52.3884752237715,52.3884752237715,52.3884752237715,52.3884752237715,52.3884752237715,52.3884752237715,52.3884752237715,52.3884752237715,52.3884752237715,52.3884752237715,52.3884752237715,52.3884752237715,52.3884752237715,52.3884752237715,52.3884752237715,52.3884752237715,52.3884752237715,52.3884752237715,52.3884752237715,52.3884752237715,52.3884752237715,52.3884752237715,52.3884752237715,52.3884752237715,52.3884752237715,52.3884752237715,52.3884752237715,52.3884752237715,52.3884752237715,52.3884752237715,52.3884752237715,52.3884752237715,52.3884752237715,52.3884752237715,52.3884752237715,52.3884752237715,52.3884752237715,52.3884752237715,52.3884752237715,52.3884752237715,52.3884752237715,52.3884752237715,52.3884752237715,52.3884752237715,52.3884752237715,52.3884752237715
5103,RN,0,0,0,0,0,0,0,0,0,0,0,0,0,0,0,0,0,0,0,0,0,0,0,0,0,0,0,0,0,0,0,0,0,0,0,0,0,0,0,0,0,0,0,0,0,0,0,0,0,0,0,0,0,0,0,0,0,0,0,0,0,0,0,0,0,0,0,0,0,0,0,0,0,0,0
5104,RN,0,0,0,0,0,0,0,0,0,0,0,0,0,0,0,0,0,0,0,0,0,0,0,0,0,0,0,0,0,0,0,0,0,0,0,0,0,0,0,0,0,0,0,0,0,0,0,0,0,0,0,0,0,0,0,0,0,0,0,0,0,0,0,0,0,0,0,0,0,0,0,0,0,0,0
5105,RN,0,0,0,0,0,0,0,0,0,0,0,0,0,0,0,0,0,0,0,0,0,0,0,0,0,0,0,0,0,0,0,0,0,0,0,0,0,0,0,0,0,0,0,0,0,0,0,0,0,0,0,0,0,0,0,0,0,0,0,0,0,0,0,0,0,0,0,0,0,0,0,0,0,0,0
5106,RN,0,0,0,0,0,0,0,0,0,0,0,0,0,0,0,0,0,0,0,0,0,0,0,0,0,0,0,0,0,0,0,0,0,0,0,0,0,0,0,0,0,0,0,0,0,0,0,0,0,0,0,0,0,0,0,0,0,0,0,0,0,0,0,0,0,0,0,0,0,0,0,0,0,0,0
5107,RN,0,0,0,0,0,0,0,0,0,0,0,0,0,0,0,0,0,0,0,0,0,0,0,0,0,0,0,0,0,0,0,0,0,0,0,0,0,0,0,0,0,0,0,0,0,0,0,0,0,0,0,0,0,0,0,0,0,0,45.9485831592597,45.9485831592597,45.9485831592597,45.9485831592597,45.9485831592597,45.9485831592597,45.9485831592597,45.9485831592597,45.9485831592597,45.9485831592597,45.9485831592597,45.9485831592597,45.9485831592597,45.9485831592597,45.9485831592597,45.9485831592597,45.9485831592597
5108,RN,0,0,0,0,0,0,0,0,0,0,0,0,0,0,0,0,0,0,0,0,0,0,0,0,0,0,0,0,0,0,0,0,0,0,0,0,0,0,0,0,0,0,0,0,0,0,0,0,0,0,0,0,0,0,0,0,0,0,0,0,0,0,0,0,0,0,0,0,0,0,0,0,0,0,0
5109,RN,0,0,0,0,0,0,0,0,0,0,0,0,0,0,0,0,0,0,0,0,0,0,0,0,0,0,0,0,0,0,0,0,0,0,0,0,0,0,0,0,0,0,0,0,0,0,0,0,0,0,0,0,0,0,0,0,0,0,0,0,0,0,0,0,0,0,0,0,0,0,0,0,0,0,0
5110,RN,0,0,0,0,0,0,0,0,0,0,0,0,0,0,0,0,0,0,0,0,0,0,0,0,0,0,0,0,0,0,0,0,0,0,0,0,0,0,0,0,0,0,0,0,0,0,0,0,0,0,0,0,0,0,0,0,0,0,0,0,0,0,0,0,0,0,0,0,0,0,0,0,0,0,0
5111,RN,0,0,0,0,0,0,0,0,0,0,0,0,0,0,0,0,0,0,0,0,0,0,0,0,0,0,0,0,0,0,0,0,0,0,0,0,0,0,0,0,0,0,0,0,0,0,0,0,0,0,0,0,0,0,0,0,0,0,0,0,0,0,0,0,0,0,0,0,0,0,0,0,0,0,0
5112,RN,0,0,0,0,0,0,0,0,0,0,0,0,0,0,0,0,0,0,0,0,0,0,0,0,0,0,0,0,0,0,0,0,0,0,0,0,0,0,0,0,0,0,0,0,0,0,0,0,0,0,0,0,0,0,0,0,0,0,0,0,0,0,0,0,0,0,0,0,0,0,0,0,0,0,0
5113,RN,0,0,0,0,0,0,0,0,0,0,0,0,0,0,0,0,0,0,0,0,0,0,0,0,0,0,0,0,0,0,0,0,0,0,0,0,0,0,0,0,0,0,0,0,0,0,0,0,0,0,0,0,0,0,0,0,0,0,0,0,0,0,0,0,0,0,0,0,0,0,0,0,0,0,0
5114,RN,0,0,0,0,0,0,0,0,0,0,0,0,0,0,0,0,0,0,0,0,0,0,0,0,0,0,0,0,0,0,0,0,0,0,0,0,0,0,0,0,0,0,0,0,0,0,0,0,0,0,0,0,0,0,0,0,0,0,0,0,0,0,0,0,0,0,0,0,0,0,0,0,0,0,0
5115,RN,0,0,0,0,0,0,0,0,0,0,0,0,0,0,0,0,0,0,0,0,0,0,0,0,0,0,0,0,0,0,0,0,0,0,0,0,0,0,0,0,0,0,0,0,0,0,0,0,0,0,0,0,0,0,0,0,0,0,0,0,0,0,0,0,0,0,0,0,0,0,0,0,0,0,0
5116,RN,0,0,0,0,0,0,0,0,0,0,0,0,0,0,0,0,0,0,0,0,0,0,0,0,0,0,0,0,0,0,0,0,0,0,0,0,0,0,0,0,0,0,0,0,0,0,0,0,0,0,0,0,0,0,0,0,0,0,0,0,0,0,0,0,0,0,0,0,0,0,0,0,0,0,0
5117,RN,0,0,0,0,0,0,0,0,0,0,0,0,0,0,0,0,0,0,0,0,0,0,0,0,0,0,0,0,0,0,0,0,0,0,0,0,0,0,0,0,0,0,0,0,0,0,0,0,0,0,0,0,0,0,0,0,0,0,0,0,0,0,0,0,0,0,0,0,0,0,0,0,0,0,0
5118,RN,0,0,0,0,0,0,0,0,0,0,0,0,0,0,0,0,0,0,0,0,0,0,0,0,0,0,0,0,0,0,0,0,0,0,0,0,0,0,0,0,0,0,0,0,0,0,0,0,0,0,0,0,0,0,0,0,0,0,0,0,0,0,0,0,0,0,0,0,0,0,0,0,0,0,0
5119,RN,0,0,0,0,0,0,0,0,0,0,0,0,0,0,0,0,0,0,0,0,0,0,0,0,0,0,8.63675721644127,8.63675721644127,8.63675721644127,8.63675721644127,8.63675721644127,8.63675721644127,8.63675721644127,8.63675721644127,8.63675721644127,8.63675721644127,8.63675721644127,8.63675721644127,8.63675721644127,8.63675721644127,8.63675721644127,8.63675721644127,8.63675721644127,8.63675721644127,8.63675721644127,8.63675721644127,8.63675721644127,8.63675721644127,8.63675721644127,8.63675721644127,8.63675721644127,8.63675721644127,8.63675721644127,8.63675721644127,8.63675721644127,8.63675721644127,8.63675721644127,8.63675721644127,8.63675721644127,8.63675721644127,8.63675721644127,8.63675721644127,8.63675721644127,8.63675721644127,8.63675721644127,8.63675721644127,8.63675721644127,8.63675721644127,8.63675721644127,8.63675721644127,8.63675721644127,8.63675721644127,8.63675721644127,8.63675721644127,8.63675721644127
5120,RN,0,0,0,0,0,0,0,0,0,0,0,0,0,0,0,0,0,0,0,0,0,0,0,0,0,0,0,0,0,0,0,0,0,0,0,0,0,0,0,0,0,0,0,0,0,0,0,0,0,0,0,0,0,0,0,0,0,0,0,0,0,0,0,0,0,0,0,0,0,0,0,0,0,0,0
5121,RN,0,0,0,0,0,0,0,0,38.2606981514606,45.2531367479545,45.2531367479545,45.2531367479545,45.2531367479545,45.2531367479545,45.2531367479545,45.2531367479545,45.2531367479545,45.2531367479545,45.2531367479545,45.2531367479545,45.2531367479545,45.2531367479545,45.2531367479545,45.2531367479545,45.2531367479545,45.2531367479545,45.2531367479545,45.2531367479545,45.2531367479545,45.2531367479545,45.2531367479545,45.2531367479545,45.2531367479545,45.2531367479545,45.2531367479545,45.2531367479545,45.2531367479545,45.2531367479545,45.2531367479545,45.2531367479545,45.2531367479545,45.2531367479545,45.2531367479545,45.2531367479545,45.2531367479545,45.2531367479545,45.2531367479545,45.2531367479545,45.2531367479545,45.2531367479545,45.2531367479545,45.2531367479545,45.2531367479545,45.2531367479545,45.2531367479545,45.2531367479545,45.2531367479545,45.2531367479545,45.2531367479545,45.2531367479545,45.2531367479545,45.2531367479545,45.2531367479545,45.2531367479545,45.2531367479545,45.2531367479545,45.2531367479545,45.2531367479545,45.2531367479545,45.2531367479545,45.2531367479545,45.2531367479545,45.2531367479545,45.2531367479545,45.2531367479545
5122,RN,0,0,0,0,0,0,0,0,0,0,0,0,0,0,0,0,0,0,0,0,0,0,0,0,0,0,0,0,0,0,0,0,0,0,0,0,0,0,0,0,0,0,0,0,0,0,0,0,0,0,0,0,0,0,0,0,0,0,0,0,0,0,0,0,0,0,0,0,0,0,0,0,0,0,0
5123,RN,0,0,0,0,0,0,0,0,0,0,0,0,0,0,0,0,0,0,0,0,0,0,0,0,0,0,0,0,0,0,0,0,0,0,0,0,0,0,0,0,0,0,0,0,0,0,0,0,0,0,0,0,0,0,0,0,0,0,0,0,0,0,0,0,0,0,0,0,0,0,0,0,0,0,0
5124,RN,0,0,0,0,0,0,0,0,0,0,0,0,0,0,0,0,0,0,0,0,0,0,0,0,0,0,0,0,0,0,0,0,0,0,0,0,0,0,0,0,0,0,0,0,0,0,0,0,0,0,0,0,0,0,0,0,0,0,0,0,0,0,0,0,0,0,0,0,0,0,0,0,0,0,0
5125,RN,0,0,0,0,0,0,0,0,0,0,0,0,0,0,0,0,0,0,0,0,0,0,0,0,0,0,0,0,0,0,0,0,0,0,0,0,0,0,0,0,0,0,0,0,0,0,0,0,0,0,0,0,0,0,0,0,0,0,0,0,0,0,0,0,0,0,0,0,0,0,0,0,0,0,0
5126,RN,0,0,0,0,0,0,0,0,0,0,0,0,0,0,0,0,0,0,0,0,0,0,0,0,0,0,0,0,0,0,0,0,0,0,0,0,0,0,0,0,0,0,0,0,0,0,0,0,0,0,0,0,0,0,0,0,0,0,0,0,0,0,0,0,0,0,0,0,0,0,0,0,0,0,0
5127,RN,0,0,0,0,0,0,0,0,0,0,0,0,0,0,0,0,0,0,0,0,0,0,0,0,0,0,0,0,0,0,0,0,0,0,0,0,0,0,0,0,0,0,0,0,0,0,0,0,0,0,0,0,0,0,0,0,0,0,0,0.851940211531754,0.851940211531754,0.851940211531754,0.851940211531754,0.851940211531754,26.5257716668947,26.5257716668947,26.5257716668947,26.5257716668947,26.5257716668947,26.5257716668947,26.5257716668947,26.5257716668947,26.5257716668947,26.5257716668947,26.5257716668947
5128,RN,0,0,0,0,0,0,0,0,0,0,0,0,0,0,0,0,0,0,0,0,0,0,0,0,0,0,0,0,0,0,0,0,0,0,0,0,0,0,0,0,0,0,0,0,0,0,0,0,0,0,0,0,0,0,0,0,0,0,0,0,0,0,0,0,0,0,0,0,0,0,0,0,0,0,0
5129,RN,0,0,0,0,0,0,0,0,0,0,0,0,0,0,0,0,0,0,0,0,0,0,0,0,0,0,0,0,0,0,0,0,0,0,0,0,0,0,0,0,0,0,0,0,0,0,0,0,0,0,0,0,0,0,0,0,0,0,0,0,0,0,0,0,0,0,0,0,0,0,0,0,0,0,0
5130,RN,0,0,0,0,0,0,0,0,0,0,0,0,0,0,0,0,0,0,0,0,0,0,0,0,0,0,0,0,0,0,0,0,0,0,0,0,0,0,0,0,0,0,0,0,0,0,0,0,0,0,0,0,0,0,0,0,0,0,0,0,0,0,0,0,0,0,0,0,0,0,0,0,0,0,0
5131,RN,0,0,0,0,0,0,0,0,0,0,0,0,0,0,0,0,0,0,0,0,0,0,0,0,0,0,0,0,0,0,0,0,0,0,0,0,0,0,0,0,0,0,0,0,0,0,0,0,0,0,0,0,0,0,0,0,0,0,0,0,0,0,0,0,0,0,0,0,0,0,0,0,0,0,0
5132,RN,0,0,0,0,0,0,0,0,0,0,0,0,0,0,0,0,0,0,0,0,0,0,0,0,0,0,0,0,0,0,0,0,0,0,0,0,0,0,0,0,0,0,0,0,0,0,0,0,0,0,0,0,0,0,0,0,0,0,0,0,0,0,0,0,0,0,0,0,0,0,0,0,0,0,0
5133,RN,0,0,0,0,0,0,0,0,0,0,0,0,0,0,0,0,0,0,0,0,0,0,0,0,0,0,0,0,0,0,0,0,0,0,0,0,0,0,0,0,0,0,0,0,0,0,0,0,0,0,0,0,0,0,0,0,0,0,0,0,0,0,0,0,0,0,0,0,0,0,0,0,0,0,0
5134,RN,0,0,0,0,0,0,0,0,0,0,0,0,0,0,0,0,0,0,0,0,0,0,0,0,0,0,0,0,0,0,0,0,0,0,0,0,0,0,0,0,0,0,0,0,0,0,0,0,0,0,0,0,0,0,0,0,0,0,0,0,0,0,0,0,0,0,0,0,0,0,0,0,0,0,0
5135,RN,0,0,0,0,0,0,0,0,0,0,0,0,0,0,0,0,0,0,0,0,0,0,0,0,0,0,0,0,0,0,0,0,0,0,0,0,0,0,0,0,0,0,0,0,0,0,0,0,0,0,0,0,0,0,0,0,0,0,0,0,0,0,0,0,0,0,0,0,0,0,0,0,0,0,0
5136,RN,0,0,0,0,0,0,0,0,0,0,0,0,0,0,0,0,0,0,0,0,0,0,0,0,0,0,0,0,0,0,0,0,0,0,0,0,0,0,0,0,0,0,0,0,0,0,0,0,0,0,0,0,0,0,0,0,0,0,0,0,0,0,0,0,0,0,0,0,0,0,0,0,0,0,0
5137,RN,0,0,0,0,0,0,0,0,0,0,0,0,0,0,0,0,0,0,0,0,0,0,0,0,0,0,0,0,0,0,0,0,0,0,0,0,0,0,0,0,0,0,0,0,0,0,0,0,0,0,0,0,0,0,0,0,0,0,0,0,0,0,0,0,0,0,0,0,0,0,0,0,0,0,0
5138,RN,0,0,0,0,0,0,0,0,0,0,0,0,0,0,0,0,0,0,0,0,0,0,0,0,0,0,0,28.3217617435927,28.3217617435927,48.8133433582745,48.8133433582745,48.8133433582745,48.8133433582745,48.8133433582745,48.8133433582745,48.8133433582745,48.8133433582745,48.8133433582745,48.8133433582745,48.8133433582745,48.8133433582745,48.8133433582745,48.8133433582745,48.8133433582745,48.8133433582745,48.8133433582745,48.8133433582745,48.8133433582745,48.8133433582745,48.8133433582745,48.8133433582745,48.8133433582745,48.8133433582745,48.8133433582745,48.8133433582745,48.8133433582745,48.8133433582745,48.8133433582745,48.8133433582745,48.8133433582745,48.8133433582745,48.8133433582745,48.8133433582745,48.8133433582745,48.8133433582745,48.8133433582745,48.8133433582745,48.8133433582745,48.8133433582745,48.8133433582745,48.8133433582745,48.8133433582745,48.8133433582745,48.8133433582745,48.8133433582745
5139,RN,0,0,0,0,0,0,0,0,0,0,0,0,0,0,0,0,0,0,0,0,0,0,0,0,0,0,0,0,0,0,0,0,0,0,0,0,0,0,0,0,0,0,0,0,0,0,0,0,0,0,0,0,0,0,0,0,0,0,0,0,0,0,0,0,0,0,0,0,0,0,0,0,0,0,0
5140,RN,0,0,0,0,0,0,0,0,0,0,0,0,0,0,0,0,0,0,0,0,0,0,0,0,0,0,0,0,0,0,0,0,0,0,0,0,0,0,0,0,0,0,0,0,0,0,0,0,0,0,0,0,0,0,0,0,0,0,0,0,0,0,0,0,0,0,0,0,0,0,0,0,0,0,0
5141,RN,0,0,0,0,0,0,0,0,0,0,0,0,0,0,0,0,0,0,0,0,0,0,0,0,0,0,0,0,0,0,0,0,0,0,0,0,0,0,0,0,0,0,0,0,0,0,0,0,0,0,0,0,0,0,0,0,0,0,0,0,0,0,0,0,0,0,0,0,0,0,0,0,0,0,0
5142,RN,0,0,0,0,0,0,0,0,0,0,0,0,0,0,0,0,0,0,0,0,0,0,0,0,0,0,0,0,0,0,0,0,0,0,0,0,0,0,0,0,0,0,0,0,0,0,0,0,0,0,0,0,0,0,0,0,0,0,0,0,0,0,0,0,0,0,0,0,0,0,0,0,0,0,0
5143,RN,0,0,0,0,0,0,0,0,0,0,0,0,0,0,0,0,0,0,0,0,0,0,0,0,0,0,0,0,0,0,0,0,0,0,0,0,0,0,0,0,0,0,0,0,0,0,0,0,0,0,0,0,0,0,0,0,0,0,0,0,0,0,0,0,0,0,0,0,0,0,0,0,0,0,0
5144,RN,0,0,0,0,0,0,0,0,0,0,0,0,0,0,0,0,0,0,0,0,0,0,0,0,0,0,0,0,0,0,0,0,0,0,0,0,0,0,0,0,0,0,0,0,0,0,0,0,0,0,0,0,0,0,0,0,0,0,0,0,0,0,0,0,0,0,0,0,0,0,0,0,0,0,0
5145,RN,0,0,0,0,0,0,0,0,0,0,0,0,0,0,0,0,0,0,0,0,0,0,0,0,0,0,0,0,0,0,0,0,0,0,0,0,0,0,0,0,0,0,0,0,0,0,0,0,0,0,0,0,0,0,0,0,0,0,0,0,0,0,0,0,0,0,0,0,0,0,0,0,0,0,0
5146,RN,0,0,0,0,0,0,0,0,0,0,0,0,0,0,0,0,0,0,0,0,0,0,0,0,0,0,0,0,0,0,0,0,0,0,0,0,0,0,0,0,0,0,0,0,0,0,0,0,0,0,0,0,0,0,0,0,0,0,0,0,0,0,0,0,0,0,0,0,0,0,0,0,0,0,0
5147,RN,0,0,0,0,0,0,0,0,0,0,0,0,0,0,0,0,0,0,0,0,0,0,0,0,0,0,0,0,0,0,0,0,0,0,0,0,0,0,0,0,0,0,0,0,0,0,0,0,0,0,0,0,0,0,0,0,0,0,0,0,0,0,0,0,0,0,0,0,0,0,0,0,0,0,0
6001,PB,0,0,0,0,0,0,0,0,0,0,0,0,0,0,0,0,0,0,0,0,0,0,0,0,0,0,0,0,0,0,0,0,0,0,0,0,0,0,0,0,0,0,0,0,0,0,0,0,0,0,0,0,0,0,0,0,0,0,0,0,0,0,0,0,0,0,0,0,0,0,0,0,0,0,0
6002,PB,0,0,0,0,0,0,0,0,0,0,0,0,0,0,0,0,0,0,0,0,0,0,0,0,0,0,0,0,0,0,0,0,0,0,0,0,0,0,0,0,0,0,0,0,0,0,0,0,0,0,0,0,0,0,0,0,0,0,0,0,0,0,0,0,0,0,0,0,0,0,0,0,0,0,0
6003,PB,0,0,0,0,0,0,0,0,0,0,0,0,0,0,0,0,0,0,0,0,0,0,57.1612642831151,57.1612642831151,57.1612642831151,57.1612642831151,57.1612642831151,57.1612642831151,57.1612642831151,57.1612642831151,57.1612642831151,57.1612642831151,57.1612642831151,57.1612642831151,57.1612642831151,57.1612642831151,57.1612642831151,57.1612642831151,57.1612642831151,57.1612642831151,57.1612642831151,57.1612642831151,57.1612642831151,57.1612642831151,57.1612642831151,57.1612642831151,57.1612642831151,57.1612642831151,57.1612642831151,57.1612642831151,57.1612642831151,57.1612642831151,57.1612642831151,57.1612642831151,57.1612642831151,57.1612642831151,57.1612642831151,57.1612642831151,57.1612642831151,57.1612642831151,57.1612642831151,57.1612642831151,57.1612642831151,57.1612642831151,57.1612642831151,57.1612642831151,57.1612642831151,57.1612642831151,57.1612642831151,57.1612642831151,57.1612642831151,57.1612642831151,57.1612642831151,57.1612642831151,57.1612642831151
6004,PB,0,0,0,0,0,0,0,0,0,0,0,0,0,0,0,0,0,0,0,0,0,0,0,0,0,0,0,0,0,0,0,0,0,0,0,0,0,0,0,0,0,0,0,0,0,0,0,0,0,0,0,0,0,0,0,0,0,0,0,0,0,0,0,0,0,0,0,0,0,0,0,0,0,0,0
6005,PB,0,0,0,0,0,0,0,0,0,0,0,0,0,0,0,0,0,0,0,0,0,0,0,0,12.0927640324522,12.0927640324522,12.0927640324522,12.0927640324522,12.0927640324522,12.0927640324522,12.0927640324522,12.0927640324522,12.0927640324522,12.0927640324522,12.0927640324522,12.0927640324522,12.0927640324522,12.0927640324522,12.0927640324522,12.0927640324522,12.0927640324522,12.0927640324522,12.0927640324522,12.0927640324522,12.0927640324522,12.0927640324522,12.0927640324522,12.0927640324522,12.0927640324522,12.0927640324522,12.0927640324522,12.0927640324522,12.0927640324522,12.0927640324522,12.0927640324522,12.0927640324522,12.0927640324522,12.0927640324522,12.0927640324522,12.0927640324522,12.0927640324522,12.0927640324522,12.0927640324522,12.0927640324522,12.0927640324522,12.0927640324522,12.0927640324522,12.0927640324522,12.0927640324522,12.0927640324522,12.0927640324522,12.0927640324522,12.0927640324522,12.0927640324522,12.0927640324522
6006,PB,0,0,0,0,0,0,0,0,0,0,0,0,0,0,0,0,0,0,0,0,0,0,0,0,0,0,0,0,0,0,0,0,0,0,0,0,0,0,0,0,0,0,0,0,0,0,0,0,0,0,0,0,0,0,0,0,0,0,0,0,0,0,0,0,0,0,0,0,0,0,0,0,0,0,0
6007,PB,0,0,0,0,0,0,0,0,0,0,0,0,0,0,0,0,0,0,0,0,0,0,0,0,0,0,0,0,0,0,0,0,0,0,0,0,0,0,0,0,0,0,0,0,0,0,0,0,0,0,0,0,0,0,0,0,0,0,0,0,0,0,0,0,0,0,0,0,0,0,0,0,0,0,0
6008,PB,0,0,0,0,0,0,0,0,0,0,0,0,0,0,0,0,0,0,0,0,0,0,0,0,0,0,0,0,0,0,0,0,0,0,0,0,0,0,0,0,0,0,0,0,0,0,0,0,0,0,0,0,0,0,0,0,0,0,0,0,0,0,0,0,0,0,0,0,0,0,0,0,0,0,0
6009,PB,0,0,0,0,0,0,0,0,0,0,0,0,0,0,0,0,0,0,0,0,0,0,0,0,0,0,0,0,0,0,0,0,0,0,0,0,0,0,0,0,0,0,15.546243063639,15.546243063639,15.546243063639,58.2427148545107,58.2427148545107,58.2427148545107,58.2427148545107,58.2427148545107,58.2427148545107,58.2427148545107,58.2427148545107,58.2427148545107,58.2427148545107,58.2427148545107,58.2427148545107,58.2427148545107,58.2427148545107,58.2427148545107,58.2427148545107,58.2427148545107,58.2427148545107,58.2427148545107,58.2427148545107,58.2427148545107,58.2427148545107,58.2427148545107,58.2427148545107,58.2427148545107,58.2427148545107,58.2427148545107,58.2427148545107,58.2427148545107,58.2427148545107
6010,PB,0,0,0,0,0,0,0,0,0,0,0,0,0,0,0,0,0,0,0,0,0,0,0,0,0,0,0,0,0,0,0,0,0,0,0,0,0,0,0,0,0,0,0,0,0,0,0,0,0,0,0,0,0,0,0,0,0,0,0,0,0,0,0,0,0,0,0,0,0,0,0,0,0,0,0
6011,PB,0,0,0,0,0,0,0,0,0,0,0,0,0,0,0,0,0,0,0,0,0,0,0,0,0,0,0,0,0,0,0,0,0,0,0,0,0,0,0,0,0,0,0,0,0,10.0647874898716,10.0647874898716,10.0647874898716,10.0647874898716,31.0435884964052,31.0435884964052,31.0435884964052,31.0435884964052,31.0435884964052,31.0435884964052,31.0435884964052,31.0435884964052,31.0435884964052,31.0435884964052,31.0435884964052,31.0435884964052,48.7633825385216,48.7633825385216,48.7633825385216,48.7633825385216,48.7633825385216,48.7633825385216,48.7633825385216,48.7633825385216,48.7633825385216,48.7633825385216,48.7633825385216,48.7633825385216,48.7633825385216,48.7633825385216
6012,PB,0,0,0,0,0,0,0,0,0,0,0,0,0,0,0,0,0,0,0,0,0,0,0,0,0,0,0,0,0,0,0,0,0,0,0,0,0,0,0,0,0,0,0,0,0,0,0,0,0,0,0,0,0,0,0,0,0,0,0,0,0,0,0,0,0,0,0,0,0,0,0,0,0,0,0
6013,PB,0,0,0,0,0,0,0,0,0,0,0,0,0,0,0,0,0,0,0,0,0,0,0,0,0,0,0,0,0,0,0,0,0,0,0,0,0,0,0,0,0,0,0,0,0,0,0,0,0,0,0,0,0,0,0,0,0,0,0,0,0,0,0,0,0,0,0,0,0,0,0,0,0,0,0
6014,PB,0,0,0,0,0,0,0,0,0,0,0,0,0,0,0,0,0,0,0,0,0,0,0,0,0,0,0,0,0,0,0,0,0,0,0,0,0,0,0,0,0,0,0,0,0,0,0,0,0,0,0,0,0,0,0,0,0,0,0,0,0,0,0,0,0,0,0,0,0,0,0,0,0,0,0
6015,PB,0,0,0,0,0,0,0,0,0,0,0,0,0,0,0,0,0,0,0,0,0,0,0,0,0,0,0,0,0,0,0,0,0,0,0,0,0,0,0,0,0,0,0,0,0,0,0,0,0,0,0,0,0,0,0,0,0,0,0,0,0,0,0,0,0,0,0,0,0,0,0,0,0,0,0
6016,PB,0,0,0,0,0,0,0,0,0,0,0,0,0,0,0,0,0,0,0,0,0,0,0,0,0,0,0,0,0,0,0,0,0,0,0,0,0,0,0,0,0,0,0,0,0,0,0,0,0,0,0,0,0,0,0,0,0,0,0,0,0,0,0,0,0,0,91.2029082784133,91.2029082784133,91.2029082784133,91.2029082784133,91.2029082784133,91.2029082784133,91.2029082784133,91.2029082784133,91.2029082784133
6017,PB,0,0,0,0,0,0,0,0,0,0,0,0,0,0,0,0,0,0,0,0,0,0,0,0,0,0,0,0,0,0,0,0,0,0,0,0,0,0,0,0,0,0,0,0,0,0,0,0,0,0,0,0,0,0,0,0,0,0,0,0,0,0,0,0,0,0,0,0,0,0,0,0,0,0,0
6018,PB,0,0,0,0,0,0,0,0,0,0,0,0,0,0,0,0,0,0,0,0,0,0,0,0,0,0,0,0,0,0,0,0,0,0,0,0,0,0,0,0,0,0,0,0,0,0,0,0,0,0,0,0,0,0,0,0,0,0,0,0,0,0,0,0,0,0,0,0,0,0,0,0,0,0,0
6019,PB,0,0,0,0,0,0,0,0,0,0,0,0,0,0,0,0,0,0,0,0,0,0,0,0,0,0,0,0,0,0,0,0,0,0,0,0,0,0,0,0,0,0,0,0,0,0,0,0,0,0,0,0,0,0,0,0,0,0,0,0,0,0,0,0,0,0,26.1638239747709,26.1638239747709,26.1638239747709,26.1638239747709,26.1638239747709,26.1638239747709,26.1638239747709,26.1638239747709,26.1638239747709
6020,PB,0,0,0,0,0,0,0,0,0,0,0,0,0,0,0,0,0,0,0,0,0,0,0,0,0,0,0,0,0,0,0,0,0,0,0,0,0,0,0,0,0,0,0,0,0,0,0,0,0,0,0,0,0,0,0,0,0,0,0,0,0,0,0,0,0,0,0,0,0,0,0,0,0,0,0
6021,PB,0,0,0,0,0,0,0,0,0,0,0,0,0,0,0,0,0,0,0,0,0,0,0,0,0,0,0,0,0,0,0,0,0.683033710607998,0.683033710607998,0.683033710607998,0.683033710607998,0.683033710607998,0.683033710607998,0.683033710607998,0.683033710607998,0.683033710607998,0.683033710607998,0.683033710607998,0.683033710607998,53.0049072929922,53.0049072929922,53.0049072929922,53.0049072929922,53.0049072929922,53.0049072929922,53.0049072929922,53.0049072929922,53.0049072929922,53.0049072929922,53.0049072929922,53.0049072929922,53.0049072929922,53.0049072929922,53.0049072929922,53.0049072929922,53.0049072929922,53.0049072929922,53.0049072929922,53.0049072929922,53.0049072929922,53.0049072929922,53.0049072929922,53.0049072929922,53.0049072929922,53.0049072929922,53.0049072929922,53.0049072929922,53.0049072929922,53.0049072929922,53.0049072929922
6022,PB,0,0,0,0,0,0,0,0,0,0,0,0,0,0,0,0,0,0,0,0,0,0,0,0,0,0,0,0,0,0,0,0,0,0,0,0,0,0,0,0,0,0,0,0,0,0,0,0,0,0,0,0,0,0,0,0,0,0,0,0,0,0,0,0,0,0,0,0,0,0,0,0,0,0,0
6023,PB,0,0,0,0,0,0,0,0,0,0,0,0,0,0,0,0,0,0,0,0,0,0,0,0,0,0,0,0,0,0,0,0,0,0,0,0,0,0,0,0,0,0,0,0,0,0,0,0,0,0,0,0,0,0,0,0,0,0,0,0,0,0,0,0,0,0,0,0,0,0,0,0,0,0,0
6024,PB,0,0,0,0,0,0,0,0,0,0,0,0,0,0,0,0,0,0,0,0,0,0,0,0,0,0,0,0,0,0,0,0,0,0,0,0,0,0,0,0,0,0,0,0,0,0,0,0,0,0,0,0,0,0,0,0,0,0,0,0,0,0,0,0,0,0,0,0,0,0,0,0,0,0,0
6025,PB,0,0,0,0,0,0,0,0,0,0,70.1065386259817,70.1065386259817,70.1065386259817,70.1065386259817,70.1065386259817,70.1065386259817,70.1065386259817,70.1065386259817,70.1065386259817,70.1065386259817,70.1065386259817,70.1065386259817,70.1065386259817,70.1065386259817,70.1065386259817,70.1065386259817,70.1065386259817,70.1065386259817,70.1065386259817,70.1065386259817,70.1065386259817,70.1065386259817,70.1065386259817,70.1065386259817,70.1065386259817,70.1065386259817,70.1065386259817,70.1065386259817,70.1065386259817,70.1065386259817,70.1065386259817,70.1065386259817,70.1065386259817,70.1065386259817,70.1065386259817,70.1065386259817,70.1065386259817,70.1065386259817,70.1065386259817,70.1065386259817,70.1065386259817,70.1065386259817,70.1065386259817,70.1065386259817,70.1065386259817,70.1065386259817,70.1065386259817,70.1065386259817,70.1065386259817,70.1065386259817,70.1065386259817,70.1065386259817,70.1065386259817,70.1065386259817,70.1065386259817,70.1065386259817,70.1065386259817,70.1065386259817,70.1065386259817,70.1065386259817,70.1065386259817,70.1065386259817,70.1065386259817,70.1065386259817,70.1065386259817
6026,PB,0,0,0,0,0,0,0,0,0,0,0,0,0,0,0,0,0,0,0,0,0,0,0,0,0,0,0,0,0,0,0,0,0,0,0,0,0,0,0,0,0,0,0,0,0,0,0,0,0,0,0,0,0,0,0,0,0,0,0,0,0,0,0,0,0,0,0,0,0,0,0,0,0,0,0
6027,PB,0,0,0,0,0,0,0,0,0,0,0,0,0,0,0,0,0,0,0,0,0,0,0,0,0,0,0,0,0,0,0,0,0,0,0,0,0,0,0,0,0,0,0,0,0,0,0,0,0,0,0,0,0,0,0,0,0,0,0,0,0,0,0,0,0,0,0,0,0,0,0,0,0,0,0
6028,PB,0,0,0,0,0,0,0,0,0,0,0,0,0,0,0,0,0,0,0,0,0,0,0,0,0,0,0,0,0,0,0,0,0,0,0,0,0,0,0,0,0,0,22.2058109442377,22.2058109442377,22.2058109442377,22.2058109442377,22.2058109442377,22.2058109442377,22.2058109442377,22.2058109442377,22.2058109442377,22.2058109442377,22.2058109442377,22.2058109442377,22.2058109442377,22.2058109442377,22.2058109442377,22.2058109442377,22.2058109442377,22.2058109442377,22.2058109442377,22.2058109442377,22.2058109442377,22.2058109442377,22.2058109442377,22.2058109442377,22.2058109442377,22.2058109442377,22.2058109442377,22.2058109442377,22.2058109442377,22.2058109442377,22.2058109442377,22.2058109442377,22.2058109442377
6029,PB,0,0,0,0,0,0,0,0,0,0,0,0,0,0,0,0,0,0,0,0,0,0,0,0,0,0,0,0,0,0,0,0,0,0,0,0,0,0,0,0,0,0,0,0,0,0,0,0,0,0,0,0,0,0,0,0,0,0,0,0,0,0,0,0,0,0,0,0,0,0,0,0,0,0,0
6030,PB,0,0,0,0,0,0,0,0,0,0,0,0,0,0,0,0,0,0,0,0,0,0,0,0,0,0,0,22.6394823192383,22.6394823192383,22.6394823192383,22.6394823192383,22.6394823192383,22.6394823192383,22.6394823192383,22.6394823192383,22.6394823192383,22.6394823192383,22.6394823192383,22.6394823192383,22.6394823192383,22.6394823192383,22.6394823192383,22.6394823192383,22.6394823192383,22.6394823192383,22.6394823192383,22.6394823192383,22.6394823192383,22.6394823192383,22.6394823192383,22.6394823192383,22.6394823192383,22.6394823192383,22.6394823192383,22.6394823192383,22.6394823192383,22.6394823192383,22.6394823192383,22.6394823192383,22.6394823192383,22.6394823192383,22.6394823192383,22.6394823192383,22.6394823192383,22.6394823192383,22.6394823192383,34.6241200164963,34.6241200164963,34.6241200164963,34.6241200164963,34.6241200164963,34.6241200164963,34.6241200164963,34.6241200164963,34.6241200164963
6031,PB,0,0,0,0,0,0,0,0,0,0,0,0,0,0,0,0,0,0,0,0,0,0,0,0,0,0,0,0,0,0,0,0,0,0,0,0,0,0,0,0,0,0,0,0,0,0,0,0,0,0,0,0,0,0,0,0,0,0,0,0,0,0,0,0,0,0,0,0,0,0,0,0,0,0,0
6032,PB,0,0,0,0,0,0,0,0,0,0,0,0,0,0,0,0,0,0,0,0,0,0,0,0,0,0,0,0,0,0,0,0,0,0,0,0,0,0,0,0,0,0,0,0,0,0,0,0,0,0,0,0,0,0,0,0,0,0,0,0,0,0,0,0,0,0,0,0,0,0,0,0,0,0,0
6033,PB,0,0,0,0,0,0,0,0,0,0,0,0,0,0,0,0,0,0,0,0,0,0,0,0,0,0,0,0,0,0,0,0,0,0,0,0,0,0,0,0,0,0,0,0,0,0,0,0,0,0,0,0,0,0,0,0,0,0,0,0,0,0,0,0,0,0,0,0,0,0,0,0,0,0,0
6034,PB,0,0,0,0,0,0,0,0,0,0,0,0,0,0,0,0,0,0,0,0,0,0,0,0,0,0,0,0,0,0,0,0,0,0,0,0,0,0,0,0,0,0,0,0,0,0,0,0,0,0,0,0,0,0,0,0,0,0,0,0,0,0,0,0,0,0,0,0,0,0,0,0,0,0,0
6035,PB,0,0,0,0,0,0,0,0,0,0,0,0,0,0,0,0,0,0,0,0,0,0,0,0,0,0,0,0,0,0,0,0,407.223287516233,407.223287516233,407.223287516233,407.223287516233,407.223287516233,407.223287516233,407.223287516233,407.223287516233,407.223287516233,407.223287516233,407.223287516233,407.223287516233,527.61837381393,527.61837381393,527.61837381393,527.61837381393,527.61837381393,527.61837381393,527.61837381393,527.61837381393,527.61837381393,527.61837381393,527.61837381393,527.61837381393,527.61837381393,527.61837381393,527.61837381393,527.61837381393,527.61837381393,527.61837381393,527.61837381393,527.61837381393,527.61837381393,527.61837381393,527.61837381393,527.61837381393,527.61837381393,527.61837381393,527.61837381393,527.61837381393,527.61837381393,527.61837381393,527.61837381393
6036,PB,0,0,0,0,0,0,0,0,0,0,0,0,0,0,0,0,0,0,0,0,0,0,0,0,0,0,0,0,0,0,0,0,0,0,0,0,0,0,0,0,0,0,0,0,0,0,0,0,0,0,0,0,0,0,0,0,0,0,0,0,0,0,0,0,0,0,0,0,0,0,0,0,0,0,0
6037,PB,0,0,0,0,0,0,0,0,0,0,0,0,0,0,0,0,0,0,0,0,0,0,0,0,0,0,0,0,0,0,0,0,0,0,0,0,0,0,0,0,0,0,0,0,0,0,0,0,0,0,0,0,0,0,0,0,0,0,0,0,0,0,0,0,0,0,0,0,0,0,0,0,0,0,0
6038,PB,0,0,0,0,0,0,0,0,0,0,0,0,0,0,0,0,0,0,0,0,0,0,0,0,0,0,0,0,0,0,0,0,0,0,0,0,0,0,0,0,0,0,0,0,0,0,0,0,0,0,0,0,0,0,0,0,0,0,0,0,0,0,0,0,0,0,0,0,0,0,0,0,0,0,0
6039,PB,0,0,0,0,0,0,0,0,0,0,0,0,0,0,0,0,0,0,0,0,0,0,0,0,0,0,0,0,0,0,0,0,0,0,0,0,0,0,0,0,0,0,0,0,0,0,0,0,0,0,0,0,0,0,0,0,0,0,0,0,0,0,0,0,0,0,0,0,0,0,0,0,0,0,0
6040,PB,0,0,0,0,0,0,0,0,0,0,444.415550955598,444.415550955598,444.415550955598,444.415550955598,444.415550955598,444.415550955598,444.415550955598,444.415550955598,444.415550955598,444.415550955598,444.415550955598,444.415550955598,444.415550955598,444.415550955598,444.415550955598,444.415550955598,444.415550955598,444.415550955598,444.415550955598,444.415550955598,444.415550955598,444.415550955598,444.415550955598,444.415550955598,444.415550955598,444.415550955598,444.415550955598,444.415550955598,444.415550955598,444.415550955598,444.415550955598,444.415550955598,444.415550955598,444.415550955598,444.415550955598,444.415550955598,444.415550955598,444.415550955598,444.415550955598,444.415550955598,444.415550955598,444.415550955598,444.415550955598,444.415550955598,444.415550955598,444.415550955598,444.415550955598,444.415550955598,444.415550955598,444.415550955598,444.415550955598,444.415550955598,444.415550955598,444.415550955598,444.415550955598,444.415550955598,444.415550955598,444.415550955598,444.415550955598,444.415550955598,444.415550955598,444.415550955598,444.415550955598,444.415550955598,444.415550955598
6041,PB,0,0,0,0,0,0,0,0,0,0,0,0,0,0,0,0,0,0,0,0,0,0,0,0,0,0,0,0,0,0,0,0,0,0,0,0,0,0,0,0,0,0,0,0,0,0,0,0,0,0,0,0,0,0,0,0,0,0,0,0,0,0,0,0,0,0,0,0,0,0,0,0,0,0,0
6042,PB,0,0,0,0,0,0,0,0,0,0,0,0,0,0,0,0,0,0,0,0,0,0,0,0,0,0,0,0,0,0,0,0,0,0,0,0,0,0,0,0,0,0,0,0,0,0,0,0,0,0,0,0,0,0,0,0,0,0,0,0,0,0,0,0,0,0,69.3772925730893,69.3772925730893,69.3772925730893,69.3772925730893,69.3772925730893,69.3772925730893,69.3772925730893,69.3772925730893,69.3772925730893
6043,PB,0,0,0,0,0,0,0,0,0,0,0,0,0,0,0,0,0,0,0,0,0,0,0,0,0,0,0,0,0,0,0,0,0,0,0,0,0,0,0,0,0,0,0,0,0,0,0,0,0,0,0,0,0,0,0,0,0,0,0,0,0,0,0,0,0,0,0,0,0,0,0,0,0,0,0
6044,PB,0,0,0,0,0,0,0,0,0,0,0,0,0,0,0,0,0,0,0,0,0,0,0,0,0,0,0,0,0,0,0,0,0,0,0,0,0,0,0,0,0,0,0,0,0,0,0,0,0,0,0,0,0,0,0,0,0,0,0,0,0,0,0,0,0,0,0,0,0,0,0,0,0,0,0
6045,PB,0,0,0,0,0,0,0,0,0,0,0,0,0,0,0,0,0,0,0,0,0,0,0,0,130.228071947528,130.228071947528,130.228071947528,130.228071947528,130.228071947528,130.228071947528,130.228071947528,130.228071947528,130.228071947528,130.228071947528,130.228071947528,130.228071947528,130.228071947528,130.228071947528,130.228071947528,130.228071947528,130.228071947528,130.228071947528,130.228071947528,130.228071947528,130.228071947528,130.228071947528,130.228071947528,130.228071947528,130.228071947528,130.228071947528,130.228071947528,130.228071947528,130.228071947528,130.228071947528,130.228071947528,130.228071947528,130.228071947528,130.228071947528,130.228071947528,130.228071947528,130.228071947528,130.228071947528,130.228071947528,130.228071947528,130.228071947528,130.228071947528,130.228071947528,130.228071947528,130.228071947528,130.228071947528,130.228071947528,130.228071947528,130.228071947528,130.228071947528,130.228071947528
6046,PB,0,0,0,0,0,0,0,0,0,0,0,0,0,0,0,0,0,0,0,0,0,0,0,0,0,0,0,0,0,0,0,0,0,0,0,0,0,0,0,0,0,0,0,0,0,20.5804273332232,20.5804273332232,20.5804273332232,20.5804273332232,20.5804273332232,20.5804273332232,20.5804273332232,20.5804273332232,20.5804273332232,20.5804273332232,20.5804273332232,20.5804273332232,20.5804273332232,20.5804273332232,20.5804273332232,20.5804273332232,20.5804273332232,20.5804273332232,20.5804273332232,20.5804273332232,20.5804273332232,20.5804273332232,20.5804273332232,20.5804273332232,20.5804273332232,20.5804273332232,20.5804273332232,20.5804273332232,20.5804273332232,20.5804273332232
6047,PB,0,0,0,0,0,0,0,0,0,0,0,0,0,0,0,0,0,0,0,0,0,0,0,0,0,0,0,0,0,0,0,0,0,0,0,0,0,0,0,0,0,0,0,0,0,0,0,0,0,16.9427061173234,16.9427061173234,16.9427061173234,16.9427061173234,16.9427061173234,16.9427061173234,16.9427061173234,31.0467266893028,31.0467266893028,31.0467266893028,31.0467266893028,31.0467266893028,31.0467266893028,31.0467266893028,31.0467266893028,31.0467266893028,31.0467266893028,31.0467266893028,31.0467266893028,31.0467266893028,31.0467266893028,31.0467266893028,31.0467266893028,31.0467266893028,31.0467266893028,31.0467266893028
6048,PB,0,0,0,0,0,0,0,0,0,0,0,43.8778290345817,43.8778290345817,43.8778290345817,43.8778290345817,43.8778290345817,43.8778290345817,43.8778290345817,43.8778290345817,43.8778290345817,43.8778290345817,43.8778290345817,43.8778290345817,43.8778290345817,43.8778290345817,43.8778290345817,43.8778290345817,43.8778290345817,43.8778290345817,43.8778290345817,43.8778290345817,43.8778290345817,43.8778290345817,43.8778290345817,43.8778290345817,43.8778290345817,43.8778290345817,43.8778290345817,43.8778290345817,43.8778290345817,43.8778290345817,43.8778290345817,43.8778290345817,43.8778290345817,43.8778290345817,43.8778290345817,43.8778290345817,43.8778290345817,43.8778290345817,43.8778290345817,43.8778290345817,43.8778290345817,43.8778290345817,43.8778290345817,43.8778290345817,43.8778290345817,43.8778290345817,43.8778290345817,43.8778290345817,43.8778290345817,43.8778290345817,43.8778290345817,43.8778290345817,43.8778290345817,43.8778290345817,43.8778290345817,43.8778290345817,43.8778290345817,43.8778290345817,43.8778290345817,43.8778290345817,43.8778290345817,43.8778290345817,43.8778290345817,43.8778290345817
6049,PB,0,0,0,0,0,0,0,0,0,0,0,0,0,0,0,0,0,0,0,0,0,0,0,0,0,0,0,0,0,0,0,0,0,0,0,0,0,0,0,0,0,0,0,0,0,0,0,0,0,0,0,0,0,0,0,0,0,0,0,0,0,0,0,0,0,0,0,0,0,0,0,0,0,0,0
6050,PB,0,0,0,0,0,0,0,0,0,0,0,0,0,0,0,0,0,0,0,0,0,0,0,0,0,0,0,0,0,0,0,0,0,0,0,0,0,0,0,0,0,0,0,0,0,0,0,0,0,0,0,0,0,0,0,0,0,0,0,0,0,0,0,0,0,0,0,0,0,0,0,0,0,0,0
6051,PB,0,0,0,0,0,0,0,0,0,0,0,0,0,0,0,0,0,0,0,0,0,0,0,0,0,0,0,0,0,0,0,0,0,0,0,0,0,0,0,0,0,0,0,0,0,0,0,0,0,0,0,0,0,0,0,0,0,0,0,0,0,0,0,0,0,0,0,0,0,0,0,0,0,0,0
6052,PB,0,0,0,0,0,0,0,0,0,0,0,0,0,0,0,0,0,0,0,0,0,0,0,0,0,0,0,0,0,0,0,0,0,0,0,0,0,0,0,0,0,0,0,0,0,0,0,0,0,0,0,0,0,0,0,0,0,0,0,0,0,0,0,0,0,0,0,0,0,0,0,0,0,0,0
6053,PB,0,0,0,0,0,0,0,0,0,0,0,0,0,0,0,0,0,0,0,0,0,0,0,0,0,0,0,0,0,0,0,0,0,0,0,0,0,0,0,0,0,0,0,0,6.22888733943235,6.22888733943235,6.22888733943235,6.22888733943235,6.22888733943235,6.22888733943235,6.22888733943235,6.22888733943235,6.22888733943235,6.22888733943235,6.22888733943235,6.22888733943235,6.22888733943235,6.22888733943235,6.22888733943235,6.22888733943235,6.22888733943235,6.22888733943235,6.22888733943235,6.22888733943235,6.22888733943235,6.22888733943235,6.22888733943235,6.22888733943235,6.22888733943235,6.22888733943235,6.22888733943235,6.22888733943235,6.22888733943235,6.22888733943235,6.22888733943235
6054,PB,0,0,0,0,0,0,0,0,0,0,0,0,0,0,0,0,0,0,0,0,0,0,0,0,0,0,0,0,0,0,0,0,0,0,0,0,0,0,0,0,0,0,0,0,0,0,0,0,0,0,0,0,0,0,0,0,0,0,0,0,0,0,0,0,0,0,0,0,0,0,0,0,0,0,0
6055,PB,0,0,0,0,0,0,0,0,0,0,0,0,0,0,0,0,0,0,0,0,0,0,0,0,0,0,0,0,0,0,0,0,0,0,0,0,0,0,0,0,0,0,0,0,0,0,0,0,0,0,0,0,0,0,0,0,0,0,0,0,0,0,0,0,0,0,0,0,0,0,0,0,0,0,0
6056,PB,0,0,0,0,0,0,0,0,0,0,0,0,0,0,0,0,0,0,0,0,0,0,0,0,0,0,0,0,0,0,0,0,0,0,0,0,0,0,0,0,0,0,0,0,0,0,0,0,0,0,0,0,0,0,0,0,0,0,0,0,0,0,0,0,0,0,0,0,0,0,0,0,0,0,0
6057,PB,0,0,0,0,0,0,0,0,0,0,0,0,0,0,0,0,0,0,0,0,0,0,0,0,0,0,0,0,0,0,0,0,0,0,0,0,0,0,0,0,0,0,0,0,0,0,0,0,0,0,0,0,0,0,0,0,41.250766038382,41.250766038382,41.250766038382,41.250766038382,41.250766038382,41.250766038382,41.250766038382,41.250766038382,41.250766038382,41.250766038382,41.250766038382,41.250766038382,41.250766038382,41.250766038382,41.250766038382,41.250766038382,41.250766038382,41.250766038382,41.250766038382
6058,PB,0,0,0,0,0,0,0,0,0,0,0,0,0,0,0,0,0,0,0,0,0,0,0,0,0,0,0,0,0,0,0,0,0,0,0,0,0,0,0,0,0,0,0,0,0,0,0,0,0,0,0,0,0,0,0,0,0,0,0,0,0,0,0,0,0,0,0,0,0,0,0,0,0,0,0
6059,PB,0,0,0,0,0,0,0,0,0,0,0,0,0,0,0,0,0,0,0,0,0,0,0,0,0,0,0,0,0,0,0,0,0,0,0,0,0,0,0,0,0,0,0,0,0,0,0,0,0,0,0,0,0,0,0,0,0,0,0,0,0,0,0,0,0,0,0,0,0,0,0,0,0,0,0
6060,PB,0,0,0,0,0,0,0,0,0,0,0,0,0,0,0,0,0,0,0,0,0,0,0,0,0,0,0,0,0,0,0,0,0,0,0,0,0,0,0,0,0,0,0,0,0,0,0,0,0,0,0,0,0,0,0,0,0,0,0,0,0,0,0,0,0,0,0,0,0,0,0,0,0,0,0
6061,PB,0,0,0,0,0,0,0,0,0,0,0,0,0,0,0,0,0,0,0,0,0,0,0,0,0,0,0,0,0,0,0,0,0,0,0,0,0,0,0,0,0,0,0,0,0,0,0,0,0,0,0,0,0,0,0,0,0,0,0,0,0,0,0,0,0,0,0,0,0,0,0,0,0,0,0
6062,PB,0,0,0,0,0,0,0,0,0,0,57.1863677493746,102.79390385578,102.79390385578,102.79390385578,102.79390385578,102.79390385578,102.79390385578,102.79390385578,102.79390385578,102.79390385578,102.79390385578,102.79390385578,102.79390385578,102.79390385578,102.79390385578,102.79390385578,102.79390385578,102.79390385578,102.79390385578,102.79390385578,102.79390385578,102.79390385578,102.79390385578,102.79390385578,102.79390385578,102.79390385578,102.79390385578,102.79390385578,102.79390385578,102.79390385578,102.79390385578,102.79390385578,102.79390385578,102.79390385578,102.79390385578,102.79390385578,102.79390385578,102.79390385578,102.79390385578,102.79390385578,102.79390385578,102.79390385578,102.79390385578,102.79390385578,102.79390385578,102.79390385578,102.79390385578,102.79390385578,102.79390385578,102.79390385578,102.79390385578,102.79390385578,102.79390385578,102.79390385578,102.79390385578,102.79390385578,102.79390385578,102.79390385578,102.79390385578,102.79390385578,102.79390385578,102.79390385578,102.79390385578,102.79390385578,102.79390385578
6063,PB,0,0,0,0,0,0,0,0,0,0,0,0,0,0,0,0,0,0,0,0,0,0,0,0,0,0,0,0,0,0,0,0,0,0,0,0,0,0,0,0,0,0,0,0,0,0,0,0,0,0,0,0,0,0,0,0,0,0,0,0,0,0,0,0,0,0,0,0,0,0,0,0,0,0,0
6064,PB,0,0,0,0,0,0,0,0,0,0,0,0,0,0,0,0,0,0,0,0,0,0,0,0,0,0,0,0,0,0,0,0,0,0,0,0,0,0,0,0,0,0,0,0,0,0,0,0,0,0,0,0,0,0,0,0,0,0,0,0,0,0,0,0,0,0,0,0,0,0,0,0,0,0,0
6065,PB,0,0,0,0,0,0,0,0,0,0,0,0,0,0,0,0,0,0,0,0,0,0,0,0,58.1433936372001,58.1433936372001,58.1433936372001,58.1433936372001,58.1433936372001,58.1433936372001,58.1433936372001,58.1433936372001,58.1433936372001,58.1433936372001,58.1433936372001,58.1433936372001,58.1433936372001,58.1433936372001,58.1433936372001,58.1433936372001,58.1433936372001,58.1433936372001,58.1433936372001,58.1433936372001,58.1433936372001,58.1433936372001,58.1433936372001,58.1433936372001,58.1433936372001,58.1433936372001,58.1433936372001,58.1433936372001,58.1433936372001,58.1433936372001,58.1433936372001,58.1433936372001,58.1433936372001,58.1433936372001,58.1433936372001,58.1433936372001,58.1433936372001,58.1433936372001,58.1433936372001,58.1433936372001,58.1433936372001,58.1433936372001,58.1433936372001,58.1433936372001,58.1433936372001,58.1433936372001,58.1433936372001,58.1433936372001,58.1433936372001,58.1433936372001,58.1433936372001
6066,PB,0,0,0,0,0,0,0,0,0,0,0,0,0,0,0,0,0,0,0,0,0,0,0,0,0,0,0,0,0,0,0,0,0,0,0,0,0,0,0,0,0,0,0,0,0,0,0,0,0,0,0,0,0,0,0,0,0,0,0,0,0,0,0,0,0,0,0,0,0,0,0,0,0,0,0
6067,PB,0,0,0,0,0,0,0,0,0,0,0,0,0,0,0,0,0,0,0,0,0,0,0,0,0,0,0,0,0,0,0,0,0,0,0,0,0,0,0,0,0,0,0,0,0,0,0,0,0,0,0,0,0,0,0,0,0,0,0,0,0,0,0,0,0,0,0,0,0,0,0,0,0,0,0
6068,PB,0,0,0,0,0,0,0,0,0,0,0,0,0,0,0,0,0,0,0,0,0,0,0,0,0,0,0,0,0,0,0,0,0,0,0,0,0,0,0,0,0,0,0,0,0,0,0,0,0,0,0,0,0,0,0,0,0,0,0,0,0,0,0,0,0,0,0,0,0,0,0,0,0,0,0
6069,PB,0,0,0,0,0,0,0,0,0,0,0,0,0,0,0,0,0,0,0,0,0,0,0,0,0,0,0,0,0,0,0,0,0,0,0,0,0,0,0,0,0,0,0,0,0,0,0,0,0,0,0,0,0,0,0,0,0,0,0,0,0,0,0,0,0,0,0,0,0,0,0,0,0,0,0
6070,PB,0,0,0,0,0,0,0,0,0,0,0,0,0,0,0,0,0,0,0,0,0,0,0,0,162.524406522993,162.524406522993,162.524406522993,162.524406522993,162.524406522993,162.524406522993,162.524406522993,162.524406522993,162.524406522993,162.524406522993,162.524406522993,162.524406522993,162.524406522993,162.524406522993,162.524406522993,162.524406522993,162.524406522993,162.524406522993,162.524406522993,162.524406522993,162.524406522993,162.524406522993,162.524406522993,162.524406522993,162.524406522993,162.524406522993,162.524406522993,162.524406522993,162.524406522993,162.524406522993,162.524406522993,162.524406522993,162.524406522993,162.524406522993,162.524406522993,162.524406522993,162.524406522993,162.524406522993,162.524406522993,162.524406522993,162.524406522993,162.524406522993,162.524406522993,162.524406522993,162.524406522993,162.524406522993,162.524406522993,162.524406522993,162.524406522993,162.524406522993,162.524406522993
6071,PB,0,0,0,0,0,0,0,0,0,0,0,0,0,0,0,0,0,0,0,0,0,0,0,0,0,0,0,0,0,0,0,0,0,0,0,0,0,0,0,0,0,0,0,0,0,0,0,0,0,0,0,0,0,0,0,0,0,0,0,0,0,0,0,0,0,0,0,0,0,0,0,0,0,0,0
6072,PB,0,0,0,0,0,0,0,0,0,0,0,0,0,0,0,0,0,0,0,0,0,0,0,0,0,0,0,0,0,0,0,0,0,0,0,0,0,0,0,0,0,0,0,0,0,0,0,0,0,0,0,0,0,0,0,0,0,0,0,0,0,0,0,0,0,0,0,0,0,0,0,0,0,0,0
6073,PB,0,0,0,0,0,0,0,0,0,0,0,0,0,0,0,0,0,0,0,0,0,0,0,0,0,0,0,0,0,0,0,0,0,0,0,0,0,0,0,0,0,0,0,0,0,0,0,0,0,0,0,0,0,0,0,0,0,0,0,0,0,0,0,0,0,0,0,0,0,0,0,0,0,0,0
6074,PB,0,0,0,0,0,0,0,0,0,0,0,0,0,0,0,0,0,0,0,0,0,0,0,0,0,0,0,0,0,0,0,0,0,0,0,0,0,0,0,0,0,0,0,0,0,0,0,0,0,0,0,0,0,0,0,0,0,0,0,0,0,0,0,0,0,0,0,0,0,0,0,0,0,0,0
6075,PB,0,0,0,0,0,0,0,0,0,0,0,0,0,0,0,0,0,0,0,0,0,0,0,0,92.5198329040318,92.5198329040318,92.5198329040318,92.5198329040318,92.5198329040318,92.5198329040318,92.5198329040318,92.5198329040318,92.5198329040318,92.5198329040318,92.5198329040318,92.5198329040318,92.5198329040318,92.5198329040318,92.5198329040318,92.5198329040318,92.5198329040318,92.5198329040318,92.5198329040318,92.5198329040318,92.5198329040318,92.5198329040318,92.5198329040318,92.5198329040318,92.5198329040318,92.5198329040318,92.5198329040318,92.5198329040318,92.5198329040318,92.5198329040318,92.5198329040318,92.5198329040318,92.5198329040318,92.5198329040318,92.5198329040318,92.5198329040318,92.5198329040318,92.5198329040318,92.5198329040318,92.5198329040318,92.5198329040318,92.5198329040318,92.5198329040318,92.5198329040318,92.5198329040318,92.5198329040318,92.5198329040318,92.5198329040318,92.5198329040318,92.5198329040318,92.5198329040318
6076,PB,0,0,0,0,0,0,0,0,0,0,0,15.4622292694589,15.4622292694589,15.4622292694589,15.4622292694589,15.4622292694589,15.4622292694589,15.4622292694589,15.4622292694589,15.4622292694589,15.4622292694589,15.4622292694589,15.4622292694589,15.4622292694589,15.4622292694589,15.4622292694589,15.4622292694589,15.4622292694589,15.4622292694589,15.4622292694589,15.4622292694589,15.4622292694589,15.4622292694589,15.4622292694589,15.4622292694589,15.4622292694589,15.4622292694589,15.4622292694589,15.4622292694589,15.4622292694589,15.4622292694589,15.4622292694589,15.4622292694589,15.4622292694589,15.4622292694589,15.4622292694589,15.4622292694589,15.4622292694589,15.4622292694589,15.4622292694589,15.4622292694589,15.4622292694589,15.4622292694589,15.4622292694589,15.4622292694589,15.4622292694589,15.4622292694589,15.4622292694589,15.4622292694589,15.4622292694589,15.4622292694589,15.4622292694589,15.4622292694589,15.4622292694589,15.4622292694589,15.4622292694589,15.4622292694589,15.4622292694589,15.4622292694589,15.4622292694589,15.4622292694589,15.4622292694589,15.4622292694589,15.4622292694589,15.4622292694589
6077,PB,0,0,0,0,0,0,0,0,0,0,0,0,0,0,0,0,0,0,0,0,0,0,0,0,0,0,0,0,0,0,0,0,0,0,0,0,0,0,0,0,0,0,0,0,0,0,0,0,0,0,0,0,0,0,0,0,0,0,0,0,0,0,0,0,0,0,0,0,0,0,0,0,0,0,0
6078,PB,0,0,0,0,0,0,0,0,0,0,0,0,0,0,0,0,0,0,0,0,0,0,0,0,0,0,0,0,0,0,0,0,0,0,0,0,0,0,0,0,0,0,0,0,0,0,0,0,0,0,0,0,0,0,0,0,0,0,0,0,0,0,0,0,0,0,0,0,0,0,0,0,0,0,0
6079,PB,0,0,0,0,0,0,0,0,0,0,0,0,0,0,0,0,0,0,0,0,0,0,0,0,0,0,0,0,0,0,0,0,0,0,0,0,0,0,0,0,0,0,0,0,0,0,0,0,0,0,0,0,0,0,0,0,0,0,0,0,0,0,0,0,0,0,0,0,0,0,0,0,0,0,0
6080,PB,0,0,0,0,0,0,0,0,0,0,0,0,0,0,0,0,0,0,0,0,0,0,0,0,0,0,0,62.1925323326023,62.1925323326023,62.1925323326023,62.1925323326023,62.1925323326023,62.1925323326023,62.1925323326023,62.1925323326023,62.1925323326023,62.1925323326023,62.1925323326023,62.1925323326023,62.1925323326023,62.1925323326023,62.1925323326023,62.1925323326023,62.1925323326023,62.1925323326023,62.1925323326023,62.1925323326023,62.1925323326023,62.1925323326023,62.1925323326023,62.1925323326023,62.1925323326023,62.1925323326023,62.1925323326023,62.1925323326023,62.1925323326023,62.1925323326023,62.1925323326023,62.1925323326023,62.1925323326023,62.1925323326023,62.1925323326023,62.1925323326023,62.1925323326023,62.1925323326023,62.1925323326023,62.1925323326023,62.1925323326023,62.1925323326023,62.1925323326023,62.1925323326023,62.1925323326023,62.1925323326023,62.1925323326023,62.1925323326023
6081,PB,0,0,0,0,0,0,0,0,0,0,0,0,0,0,0,0,0,0,0,0,0,0,49.1417188566468,49.1417188566468,49.1417188566468,49.1417188566468,49.1417188566468,118.125987631443,118.125987631443,118.125987631443,118.125987631443,118.125987631443,118.125987631443,118.125987631443,118.125987631443,118.125987631443,118.125987631443,118.125987631443,118.125987631443,118.125987631443,118.125987631443,118.125987631443,118.125987631443,118.125987631443,118.125987631443,118.125987631443,118.125987631443,118.125987631443,118.125987631443,118.125987631443,118.125987631443,118.125987631443,118.125987631443,118.125987631443,118.125987631443,118.125987631443,118.125987631443,118.125987631443,118.125987631443,118.125987631443,118.125987631443,118.125987631443,118.125987631443,118.125987631443,118.125987631443,118.125987631443,118.125987631443,118.125987631443,118.125987631443,118.125987631443,118.125987631443,118.125987631443,118.125987631443,118.125987631443,118.125987631443
6082,PB,0,0,0,0,0,0,0,0,0,0,0,0,0,0,0,0,0,0,0,0,0,0,0,0,0,0,0,0,0,0,0,0,0,0,0,0,0,0,0,0,0,0,0,0,0,0,0,0,0,0,0,0,0,0,0,0,0,0,0,0,0,0,0,0,0,0,0,0,0,0,0,0,0,0,0
6083,PB,0,0,0,0,0,0,0,0,0,0,0,0,0,0,0,0,0,0,0,0,0,0,0,0,0,0,0,0,0,0,0,0,0,0,0,0,0,0,0,0,0,0,0,0,0,0,0,0,0,0,0,0,0,0,0,0,0,0,0,0,0,0,0,0,0,0,0,0,0,0,0,0,0,0,0
6084,PB,0,0,0,0,0,0,0,0,0,0,0,0,0,0,0,0,0,0,0,0,0,0,0,0,0,0,0,0,0,0,0,0,0,0,0,0,0,0,0,0,0,0,0,0,0,0,0,0,0,0,0,0,0,0,0,0,0,0,0,0,0,0,0,0,0,0,0,0,0,0,0,0,0,0,0
6085,PB,0,0,0,0,0,0,0,0,0,0,0,0,0,0,0,0,0,0,0,0,0,0,0,0,0,0,0,0,0,0,0,0,0,0,0,0,0,0,0,0,0,0,0,0,0,0,0,0,0,0,0,0,0,0,0,0,0,0,0,0,0,0,0,0,0,0,0,0,0,0,0,0,0,0,0
6086,PB,0,0,0,0,0,0,0,0,0,0,0,0,0,0,0,0,0,0,0,0,0,0,0,0,0,0,0,0,0,0,0,0,0,0,0,0,0,0,0,0,0,0,0,0,0,0,0,0,0,0,0,0,0,0,0,0,0,0,0,0,0,0,0,0,0,0,0,0,0,0,0,0,0,0,0
6087,PB,0,0,0,0,0,0,0,0,0,0,38.2060426494435,38.2060426494435,38.2060426494435,38.2060426494435,38.2060426494435,38.2060426494435,38.2060426494435,38.2060426494435,38.2060426494435,38.2060426494435,38.2060426494435,38.2060426494435,38.2060426494435,38.2060426494435,38.2060426494435,38.2060426494435,38.2060426494435,38.2060426494435,38.2060426494435,38.2060426494435,38.2060426494435,38.2060426494435,38.2060426494435,38.2060426494435,38.2060426494435,38.2060426494435,38.2060426494435,38.2060426494435,38.2060426494435,38.2060426494435,38.2060426494435,38.2060426494435,38.2060426494435,38.2060426494435,38.2060426494435,38.2060426494435,38.2060426494435,38.2060426494435,38.2060426494435,38.2060426494435,38.2060426494435,38.2060426494435,38.2060426494435,38.2060426494435,38.2060426494435,38.2060426494435,38.2060426494435,38.2060426494435,38.2060426494435,38.2060426494435,38.2060426494435,38.2060426494435,38.2060426494435,38.2060426494435,38.2060426494435,38.2060426494435,38.2060426494435,38.2060426494435,38.2060426494435,38.2060426494435,38.2060426494435,38.2060426494435,38.2060426494435,38.2060426494435,38.2060426494435
6088,PB,0,0,0,0,0,0,0,0,0,0,0,0,0,0,0,0,0,0,0,0,0,0,0,0,0,0,0,0,0,0,0,0,0,0,0,0,0,0,0,0,0,0,0,0,0,0,0,0,0,0,0,0,0,0,0,0,0,0,0,0,0,0,0,0,0,0,0,0,0,0,0,0,0,0,0
6089,PB,0,0,0,0,0,0,0,0,0,0,0,0,0,0,0,0,0,0,0,0,0,0,0,0,0,0,0,0,0,0,0,0,0,0,0,0,0,0,0,0,0,0,0,0,0,0,0,0,0,0,0,0,0,0,0,0,0,0,0,0,0,0,0,0,0,0,0,0,0,0,0,0,0,0,0
6090,PB,0,0,0,0,0,0,0,0,0,0,0,0,0,0,0,0,0,0,0,0,0,0,0,0,0,0,0,0,0,0,0,0,0,0,0,0,0,0,0,0,0,0,0,0,0,0,0,0,0,0,0,0,0,0,0,0,0,0,0,0,0,0,0,0,0,0,0,0,0,0,0,0,0,0,0
6091,PB,0,0,0,0,0,0,0,0,0,0,0,0,0,0,0,0,0,0,0,0,0,0,0,0,0,0,0,0,0,0,0,0,0,0,0,0,0,0,0,0,0,0,0,0,0,0,0,0,0,0,0,0,0,0,0,0,0,0,0,0,0,0,0,0,0,0,0,0,0,0,0,0,0,0,0
6092,PB,0,0,0,0,0,0,0,0,0,0,0,0,0,0,0,0,0,0,0,0,0,0,0,0,0,0,0,0,0,0,0,0,0,0,0,0,0,0,0,0,0,0,0,0,0,0,0,0,0,0,0,0,0,0,0,0,0,0,0,0,0,0,0,0,0,0,0,0,0,0,0,0,0,0,0
6093,PB,0,0,0,0,0,0,0,0,0,0,0,0,0,0,0,0,0,0,0,0,0,0,0,0,18.2981902188739,18.2981902188739,18.2981902188739,18.2981902188739,18.2981902188739,18.2981902188739,18.2981902188739,18.2981902188739,18.2981902188739,18.2981902188739,18.2981902188739,18.2981902188739,18.2981902188739,18.2981902188739,18.2981902188739,18.2981902188739,18.2981902188739,18.2981902188739,18.2981902188739,18.2981902188739,18.2981902188739,18.2981902188739,18.2981902188739,18.2981902188739,18.2981902188739,18.2981902188739,18.2981902188739,18.2981902188739,18.2981902188739,18.2981902188739,18.2981902188739,18.2981902188739,18.2981902188739,18.2981902188739,18.2981902188739,18.2981902188739,18.2981902188739,18.2981902188739,18.2981902188739,18.2981902188739,18.2981902188739,18.2981902188739,18.2981902188739,18.2981902188739,18.2981902188739,18.2981902188739,18.2981902188739,18.2981902188739,18.2981902188739,18.2981902188739,18.2981902188739
6094,PB,0,0,0,0,0,0,0,0,0,0,0,0,0,0,0,0,0,0,0,0,0,0,0,0,0,0,0,0,0,0,0,0,0,0,0,0,0,0,0,0,0,0,0,0,0,0,0,0,0,0,0,0,0,0,0,0,0,0,0,0,0,0,0,0,0,0,0,0,0,0,0,0,0,0,0
6095,PB,0,0,0,0,0,0,0,0,0,0,0,0,0,0,0,0,0,0,0,0,0,0,0,0,0,0,0,0,0,0,0,0,0,0,0,0,0,0,0,0,0,0,0,0,0,0,0,0,0,0,0,0,0,0,0,0,0,0,0,0,0,46.3531624528712,46.3531624528712,46.3531624528712,46.3531624528712,46.3531624528712,46.3531624528712,46.3531624528712,46.3531624528712,46.3531624528712,46.3531624528712,46.3531624528712,46.3531624528712,46.3531624528712,46.3531624528712
6096,PB,0,0,0,0,0,0,0,0,0,0,0,0,0,0,0,0,0,0,0,0,0,0,0,0,0,0,0,0,0,0,0,0,0,0,0,0,0,0,0,0,0,0,0,0,0,0,0,0,0,0,0,0,0,0,0,0,0,0,0,0,0,0,0,0,0,0,0,0,0,0,0,0,0,0,0
6097,PB,0,0,0,0,0,0,0,0,0,0,0,0,0,0,0,0,0,0,0,0,0,0,0,0,0,0,0,0,0,0,0,0,0,0,0,0,0,0,0,0,0,0,0,0,0,0,0,0,0,0,0,0,0,0,0,0,0,0,0,0,0,0,0,0,0,0,0,0,0,0,0,0,0,0,0
6098,PB,0,0,0,0,0,0,0,0,0,0,0,0,0,0,0,0,0,0,0,0,0,0,0,0,0,0,0,0,0,0,0,0,0,0,0,0,0,0,0,0,0,0,0,0,0,0,0,0,0,0,0,0,0,0,0,0,0,0,0,0,0,0,0,0,0,0,0,0,0,0,0,0,0,0,0
6099,PB,0,0,0,0,0,0,0,0,0,0,0,0,0,0,0,0,0,0,0,0,0,0,0,0,0,0,0,0,0,0,0,0,0,0,0,0,0,0,0,0,0,0,0,0,0,0,0,0,0,0,0,0,0,0,0,0,43.7270608710456,43.7270608710456,43.7270608710456,43.7270608710456,43.7270608710456,43.7270608710456,43.7270608710456,43.7270608710456,43.7270608710456,43.7270608710456,43.7270608710456,43.7270608710456,43.7270608710456,43.7270608710456,43.7270608710456,43.7270608710456,43.7270608710456,43.7270608710456,43.7270608710456
6100,PB,0,0,0,0,0,0,0,0,0,0,0,0,0,0,0,0,0,0,0,0,0,0,0,0,0,0,0,0,0,0,0,0,0,0,0,0,0,0,0,0,0,0,0,0,0,0,0,0,0,0,0,0,0,0,0,0,0,0,0,0,0,0,0,0,0,0,0,0,0,0,0,0,0,0,0
6101,PB,0,0,0,0,0,0,0,0,0,0,0,0,0,0,0,0,0,0,0,0,0,0,0,0,0,0,0,0,0,0,0,0,0,0,0,0,0,0,0,0,0,0,0,0,0,0,0,0,0,0,0,0,0,0,0,0,0,0,0,0,0,0,0,0,0,0,0,0,0,0,0,0,0,0,0
6102,PB,0,0,0,0,0,0,0,0,0,0,0,77.2397733858248,77.2397733858248,77.2397733858248,77.2397733858248,77.2397733858248,77.2397733858248,77.2397733858248,77.2397733858248,77.2397733858248,77.2397733858248,77.2397733858248,77.2397733858248,77.2397733858248,77.2397733858248,77.2397733858248,77.2397733858248,77.2397733858248,77.2397733858248,77.2397733858248,77.2397733858248,77.2397733858248,77.2397733858248,77.2397733858248,77.2397733858248,77.2397733858248,77.2397733858248,77.2397733858248,77.2397733858248,77.2397733858248,77.2397733858248,77.2397733858248,77.2397733858248,77.2397733858248,77.2397733858248,77.2397733858248,77.2397733858248,77.2397733858248,77.2397733858248,77.2397733858248,77.2397733858248,77.2397733858248,77.2397733858248,77.2397733858248,77.2397733858248,77.2397733858248,77.2397733858248,77.2397733858248,77.2397733858248,77.2397733858248,77.2397733858248,77.2397733858248,77.2397733858248,77.2397733858248,77.2397733858248,77.2397733858248,77.2397733858248,77.2397733858248,77.2397733858248,77.2397733858248,77.2397733858248,77.2397733858248,77.2397733858248,77.2397733858248,77.2397733858248
6103,PB,0,0,0,0,0,0,0,0,0,0,0,0,0,0,0,0,0,0,0,0,0,0,0,0,0,0,0,0,0,0,0,0,0,0,0,0,0,0,0,0,0,0,0,0,0,0,0,0,0,0,0,0,0,0,0,0,0,0,0,0,0,0,0,0,0,0,0,0,0,0,0,0,0,0,0
6104,PB,0,0,0,0,0,0,0,0,0,0,0,0,0,0,0,0,0,0,0,0,0,0,0,0,0,0,0,0,0,0,0,0,0,0,0,0,0,0,0,0,0,0,0,0,0,0,0,0,0,0,0,0,0,0,0,0,0,0,0,0,0,0,0,0,0,0,0,0,0,0,0,0,0,0,0
6105,PB,0,0,0,0,0,0,0,0,0,0,0,0,0,0,0,0,0,0,0,0,0,0,0,0,0,0,0,0,0,0,0,0,0,0,0,0,0,0,0,0,0,0,0,0,0,0,0,0,0,0,0,0,0,0,0,0,0,0,0,0,0,0,0,0,0,0,0,0,0,0,0,0,0,0,0
6106,PB,0,0,0,0,0,0,0,0,0,0,0,0,0,0,0,0,0,0,0,0,0,0,0,0,0,0,0,60.0089898745804,60.0089898745804,60.0089898745804,60.0089898745804,60.0089898745804,60.0089898745804,60.0089898745804,60.0089898745804,60.0089898745804,60.0089898745804,60.0089898745804,60.0089898745804,60.0089898745804,60.0089898745804,60.0089898745804,60.0089898745804,60.0089898745804,60.0089898745804,60.0089898745804,60.0089898745804,60.0089898745804,60.0089898745804,60.0089898745804,60.0089898745804,60.0089898745804,60.0089898745804,60.0089898745804,60.0089898745804,60.0089898745804,60.0089898745804,60.0089898745804,60.0089898745804,60.0089898745804,60.0089898745804,60.0089898745804,60.0089898745804,60.0089898745804,60.0089898745804,60.0089898745804,60.0089898745804,60.0089898745804,60.0089898745804,60.0089898745804,60.0089898745804,60.0089898745804,60.0089898745804,60.0089898745804,60.0089898745804
6107,PB,0,0,0,0,0,0,0,0,0,0,0,0,0,0,0,0,0,0,0,0,0,0,0,0,0,0,0,0,0,0,0,0,0,0,0,0,0,0,0,0,0,0,0,0,0,0,0,0,0,0,0,0,0,0,0,0,0,0,0,0,0,0,0,0,0,0,0,0,0,0,0,0,0,0,0
6108,PB,0,0,0,0,0,0,0,0,0,0,0,0,0,0,0,0,0,0,0,0,0,0,0,0,0,0,0,0,0,0,0,0,0,0,0,0,0,0,0,0,0,0,0,0,0,0,0,0,0,0,0,0,0,0,0,0,0,0,0,0,0,0,0,0,0,0,0,0,0,0,0,0,0,0,0
6109,PB,0,0,0,0,0,0,0,0,0,0,0,0,0,0,0,0,0,0,0,0,0,0,0,0,0,0,0,0,0,0,0,0,0,0,0,0,0,0,0,0,0,0,0,0,0,0,0,0,0,0,0,0,0,0,0,0,0,0,0,0,0,0,0,0,0,0,0,0,0,0,0,0,0,0,0
6110,PB,0,0,0,0,0,0,0,0,0,0,0,26.4588205495902,26.4588205495902,26.4588205495902,26.4588205495902,26.4588205495902,26.4588205495902,26.4588205495902,26.4588205495902,26.4588205495902,26.4588205495902,26.4588205495902,52.6034902951573,52.6034902951573,93.0248149689226,93.0248149689226,93.0248149689226,93.0248149689226,93.0248149689226,93.0248149689226,93.0248149689226,93.0248149689226,93.0248149689226,93.0248149689226,93.0248149689226,93.0248149689226,93.0248149689226,93.0248149689226,93.0248149689226,93.0248149689226,93.0248149689226,93.0248149689226,93.0248149689226,93.0248149689226,93.0248149689226,93.0248149689226,93.0248149689226,93.0248149689226,93.0248149689226,93.0248149689226,93.0248149689226,93.0248149689226,93.0248149689226,93.0248149689226,93.0248149689226,93.0248149689226,93.0248149689226,93.0248149689226,93.0248149689226,93.0248149689226,93.0248149689226,93.0248149689226,93.0248149689226,93.0248149689226,93.0248149689226,93.0248149689226,93.0248149689226,93.0248149689226,93.0248149689226,93.0248149689226,93.0248149689226,93.0248149689226,93.0248149689226,93.0248149689226,93.0248149689226
6111,PB,0,0,0,0,0,0,0,0,0,0,0,0,0,0,0,0,0,0,0,0,0,0,0,0,0,0,0,0,0,0,0,0,0,0,0,0,0,0,0,0,0,0,0,0,0,0,0,0,0,0,0,0,0,0,0,0,0,0,0,0,0,0,0,0,0,0,0,0,0,0,0,0,0,0,0
6112,PB,0,0,0,0,0,0,0,0,0,0,0,0,0,0,0,0,0,0,0,0,0,0,0,0,0,0,0,0,0,0,0,0,0,0,0,0,0,0,0,0,0,0,0,0,0,0,0,0,0,0,0,0,0,0,0,0,0,0,0,0,0,0,0,0,0,0,0,0,0,0,0,0,0,0,0
6113,PB,0,0,0,0,0,0,0,0,0,0,0,0,0,0,0,0,0,0,0,0,0,0,0,0,0,0,0,0,0,0,0,0,0,0,0,0,0,0,0,0,0,0,0,0,0,0,0,0,0,0,0,0,0,0,0,0,0,0,0,0,0,0,0,0,0,0,0,0,0,0,0,0,0,0,0
6114,PB,0,0,0,0,0,0,0,0,0,0,0,0,0,0,0,0,0,0,0,0,0,0,0,0,0,0,0,0,0,0,0,0,0,0,0,0,0,0,0,0,0,0,0,0,0,0,0,0,0,0,0,0,0,0,0,0,0,0,0,0,0,0,0,0,0,0,0,0,0,0,0,0,0,0,0
6115,PB,0,0,0,0,0,0,0,0,0,0,0,0,0,0,0,0,0,0,0,0,0,0,0,0,0,0,0,0,0,0,0,0,0,0,0,0,0,0,0,0,0,0,0,0,0,0,0,0,0,0,0,0,0,0,0,0,0,0,0,0,0,0,0,0,0,0,0,0,0,0,0,0,0,0,0
6116,PB,0,0,0,0,0,0,0,0,0,0,0,0,0,0,0,0,0,0,0,0,0,0,0,0,0,0,0,0,0,0,0,0,0,0,0,0,0,0,0,0,0,0,0,0,0,0,0,0,0,0,0,0,0,0,0,0,0,0,0,0,0,0,0,0,0,0,0,0,0,0,0,0,0,0,0
6117,PB,0,0,0,0,0,0,0,0,0,0,0,0,0,0,0,0,0,0,0,0,0,0,0,0,0,0,0,0,0,0,0,0,0,0,0,0,0,0,0,0,0,0,0,0,0,0,0,0,0,0,0,0,0,0,0,0,0,0,0,0,0,0,0,0,0,0,37.6808440807245,37.6808440807245,37.6808440807245,37.6808440807245,37.6808440807245,37.6808440807245,37.6808440807245,37.6808440807245,37.6808440807245
6118,PB,0,0,0,0,0,0,0,0,0,0,0,0,0,0,0,0,0,0,0,0,0,0,0,0,0,0,0,0,0,0,0,0,0,0,0,0,0,0,0,0,0,0,0,0,0,0,0,0,0,0,0,0,0,0,0,0,0,0,0,0,0,0,0,0,0,0,0,0,0,0,0,0,0,0,0
6119,PB,0,0,0,0,0,0,0,0,0,0,0,0,0,0,0,0,0,0,0,0,0,0,0,0,0,0,0,0,0,0,0,0,0,0,0,0,0,0,0,0,0,0,0,0,0,0,0,0,0,0,0,0,0,0,0,0,0,0,0,0,0,0,0,0,0,0,0,0,0,0,0,0,0,0,0
6120,PB,0,0,0,0,0,0,0,0,0,0,0,0,0,0,0,0,0,0,0,0,0,0,0,0,0,0,0,0,0,0,0,0,0,0,0,0,0,0,0,0,0,0,0,0,0,0,0,0,0,0,0,0,0,0,0,0,35.2985658661011,35.2985658661011,35.2985658661011,35.2985658661011,35.2985658661011,35.2985658661011,35.2985658661011,35.2985658661011,35.2985658661011,35.2985658661011,59.9888391852636,59.9888391852636,59.9888391852636,59.9888391852636,59.9888391852636,59.9888391852636,59.9888391852636,59.9888391852636,59.9888391852636
6121,PB,0,0,0,0,0,0,0,0,0,0,0,0,0,0,0,0,0,0,0,0,0,0,0,0,0,0,0,0,0,0,0,0,0,0,0,0,0,0,0,0,0,0,0,0,0,0,0,0,0,0,0,0,0,0,0,0,0,0,0,0,0,0,0,0,0,0,0,0,0,0,0,0,0,0,0
6122,PB,0,0,0,0,0,0,0,0,0,0,0,0,0,0,0,0,0,0,0,0,0,0,0,0,0,0,0,0,0,0,0,0,0,0,0,0,0,0,0,0,0,0,0,0,0,0,0,0,0,0,0,0,0,0,0,0,0,0,0,0,0,0,0,0,0,0,0,0,0,0,0,0,0,0,0
6123,PB,0,0,0,0,0,0,0,0,0,0,0,0,0,0,0,0,0,0,0,0,0,0,0,0,0,0,0,0,0,0,0,0,0,0,0,0,0,0,0,0,0,0,0,0,0,0,0,0,0,0,0,0,0,0,0,0,0,0,0,0,0,0,0,0,0,0,0,0,0,0,0,0,0,0,0
6124,PB,0,0,0,0,0,0,0,0,0,0,0,0,0,0,0,0,0,0,0,0,0,0,0,0,0,0,0,0,0,0,0,0,0,0,0,0,0,0,0,0,0,0,0,0,0,0,0,0,0,0,0,0,0,0,0,0,0,0,0,0,0,0,0,0,0,0,0,0,0,0,0,0,0,0,0
6125,PB,0,0,0,0,0,0,0,0,0,0,0,0,0,0,0,0,0,0,0,0,0,0,0,0,0,0,0,0,0,0,0,0,0,0,0,0,0,0,0,0,0,0,0,0,0,0,0,0,0,0,0,0,0,0,0,0,0,0,0,0,0,0,0,0,0,0,0,0,0,0,0,0,0,0,0
6126,PB,0,0,0,0,0,0,0,0,0,0,0,14.9989803424151,14.9989803424151,14.9989803424151,14.9989803424151,14.9989803424151,14.9989803424151,14.9989803424151,14.9989803424151,14.9989803424151,14.9989803424151,14.9989803424151,14.9989803424151,14.9989803424151,14.9989803424151,14.9989803424151,14.9989803424151,61.377216306298,61.377216306298,61.377216306298,61.377216306298,61.377216306298,61.377216306298,61.377216306298,61.377216306298,61.377216306298,61.377216306298,61.377216306298,61.377216306298,61.377216306298,61.377216306298,61.377216306298,61.377216306298,61.377216306298,61.377216306298,61.377216306298,61.377216306298,61.377216306298,61.377216306298,61.377216306298,61.377216306298,61.377216306298,61.377216306298,61.377216306298,61.377216306298,61.377216306298,61.377216306298,61.377216306298,61.377216306298,61.377216306298,61.377216306298,61.377216306298,61.377216306298,61.377216306298,61.377216306298,61.377216306298,61.377216306298,61.377216306298,61.377216306298,61.377216306298,61.377216306298,61.377216306298,61.377216306298,61.377216306298,61.377216306298
6127,PB,0,0,0,0,0,0,0,0,0,0,0,0,0,0,0,0,0,0,0,0,0,0,0,0,0,0,0,0,0,0,0,0,0,0,0,0,0,0,0,0,0,0,0,0,0,0,0,0,0,0,0,0,0,0,0,0,0,0,0,0,0,0,0,0,0,0,0,0,0,0,0,0,0,0,0
6128,PB,0,0,0,0,0,0,0,0,0,0,0,0,0,0,0,0,0,0,0,0,0,0,0,0,0,0,0,0,0,0,0,0,0,0,0,0,0,0,0,0,0,0,0,0,0,0,0,0,0,0,0,0,0,0,0,0,0,0,0,0,0,0,0,0,0,0,0,0,0,0,0,0,0,0,0
6129,PB,0,0,0,0,0,0,0,0,0,0,0,0,0,0,0,0,0,0,0,0,0,0,0,0,82.4678470333072,82.4678470333072,82.4678470333072,82.4678470333072,82.4678470333072,82.4678470333072,82.4678470333072,82.4678470333072,254.256533442727,254.256533442727,254.256533442727,254.256533442727,254.256533442727,254.256533442727,254.256533442727,254.256533442727,254.256533442727,254.256533442727,254.256533442727,254.256533442727,254.256533442727,254.256533442727,254.256533442727,254.256533442727,254.256533442727,254.256533442727,254.256533442727,254.256533442727,254.256533442727,254.256533442727,254.256533442727,254.256533442727,254.256533442727,254.256533442727,254.256533442727,254.256533442727,254.256533442727,254.256533442727,254.256533442727,254.256533442727,254.256533442727,254.256533442727,254.256533442727,254.256533442727,254.256533442727,254.256533442727,254.256533442727,254.256533442727,254.256533442727,254.256533442727,254.256533442727
6130,PB,0,0,0,0,0,0,0,0,0,0,0,0,0,0,0,0,0,0,0,0,0,0,0,0,0,0,0,0,0,0,0,0,0,0,0,0,0,0,0,0,0,0,0,0,0,0,0,0,0,0,0,0,0,0,0,0,0,0,0,0,0,0,0,0,0,0,0,0,0,0,0,0,0,0,0
6131,PB,0,0,0,0,0,0,0,0,0,0,0,0,0,0,0,0,0,0,0,0,0,0,0,0,0,0,0,0,0,0,0,0,0,0,0,0,0,0,0,0,0,0,0,0,0,0,0,0,0,0,0,0,0,0,0,0,0,0,0,0,0,0,0,0,0,0,50.3170307328051,50.3170307328051,50.3170307328051,50.3170307328051,50.3170307328051,50.3170307328051,50.3170307328051,50.3170307328051,50.3170307328051
6132,PB,0,0,0,0,0,0,0,0,0,0,0,0,0,0,0,0,0,0,0,0,0,0,0,0,0,0,0,0,0,0,0,0,0,0,0,0,0,0,0,0,0,0,0,0,0,0,0,0,0,0,0,0,0,0,0,0,0,0,0,0,0,0,0,0,0,0,0,0,0,0,0,0,0,0,0
6133,PB,0,0,0,0,0,0,0,0,0,0,0,0,0,0,0,0,0,0,0,0,0,0,0,0,0,0,0,0,0,0,0,0,0,0,0,0,0,0,0,0,0,0,0,0,0,0,0,0,0,0,0,0,0,0,0,0,0,0,0,0,0,0,0,0,0,0,0,0,0,0,0,0,0,0,0
6134,PB,0,0,0,0,0,0,0,0,0,0,0,0,0,0,0,0,0,0,0,0,0,0,0,0,0,0,0,0,0,0,0,0,0,0,0,0,0,0,0,0,0,0,0,0,0,0,0,0,0,0,0,0,0,0,0,0,0,0,0,0,0,0,0,0,0,0,0,0,0,0,0,0,0,0,0
6135,PB,0,0,0,0,0,0,0,0,0,0,0,0,0,0,0,0,0,0,0,0,0,0,0,0,0,0,0,0,0,0,0,0,0,0,0,0,0,0,0,0,0,0,0,0,0,0,0,0,0,0,0,0,0,0,0,0,0,0,0,0,0,0,0,0,0,0,128.637049004959,128.637049004959,128.637049004959,128.637049004959,128.637049004959,128.637049004959,128.637049004959,128.637049004959,128.637049004959
6136,PB,0,0,0,0,0,0,0,0,0,0,0,0,0,0,0,0,0,0,0,0,0,0,0,0,0,0,0,11.361808414301,11.361808414301,11.361808414301,11.361808414301,11.361808414301,11.361808414301,11.361808414301,11.361808414301,11.361808414301,11.361808414301,11.361808414301,11.361808414301,11.361808414301,11.361808414301,11.361808414301,11.361808414301,11.361808414301,11.361808414301,11.361808414301,11.361808414301,11.361808414301,11.361808414301,11.361808414301,11.361808414301,11.361808414301,11.361808414301,11.361808414301,11.361808414301,11.361808414301,11.361808414301,11.361808414301,11.361808414301,11.361808414301,11.361808414301,11.361808414301,11.361808414301,11.361808414301,11.361808414301,11.361808414301,11.361808414301,11.361808414301,11.361808414301,11.361808414301,11.361808414301,11.361808414301,11.361808414301,11.361808414301,11.361808414301
6137,PB,0,0,0,0,0,0,0,0,0,0,0,0,0,0,0,0,0,0,0,0,0,0,0,0,0,0,0,0,0,0,0,0,0,0,0,0,0,0,0,0,0,0,0,0,0,0,0,0,0,0,0,0,0,0,0,0,0,0,0,0,0,0,0,0,0,0,0,0,0,0,0,0,0,0,0
6138,PB,0,0,0,0,0,0,0,0,0,0,0,38.1153724868887,38.1153724868887,38.1153724868887,38.1153724868887,38.1153724868887,38.1153724868887,38.1153724868887,38.1153724868887,38.1153724868887,38.1153724868887,38.1153724868887,38.1153724868887,38.1153724868887,38.1153724868887,38.1153724868887,38.1153724868887,38.1153724868887,38.1153724868887,38.1153724868887,38.1153724868887,38.1153724868887,38.1153724868887,38.1153724868887,38.1153724868887,38.1153724868887,38.1153724868887,38.1153724868887,38.1153724868887,38.1153724868887,38.1153724868887,38.1153724868887,38.1153724868887,38.1153724868887,38.1153724868887,38.1153724868887,38.1153724868887,38.1153724868887,38.1153724868887,38.1153724868887,38.1153724868887,38.1153724868887,38.1153724868887,38.1153724868887,38.1153724868887,38.1153724868887,38.1153724868887,38.1153724868887,38.1153724868887,38.1153724868887,38.1153724868887,38.1153724868887,38.1153724868887,38.1153724868887,38.1153724868887,38.1153724868887,38.1153724868887,38.1153724868887,38.1153724868887,38.1153724868887,38.1153724868887,38.1153724868887,38.1153724868887,38.1153724868887,38.1153724868887
6139,PB,0,0,0,0,0,0,0,0,0,0,0,0,0,0,0,0,0,0,0,0,0,0,0,0,0,0,0,0,0,0,0,0,0,0,0,0,0,0,0,0,0,0,0,0,0,0,0,0,0,0,0,0,0,0,0,0,0,0,0,0,0,0,0,0,0,0,0,0,0,0,0,0,0,0,0
6140,PB,0,0,0,0,0,0,0,0,0,0,0,0,0,0,0,0,0,0,0,0,0,0,0,0,0,0,0,0,0,0,0,0,0,0,0,0,0,0,0,0,0,0,0,0,0,0,0,0,0,0,0,0,0,0,0,0,0,0,0,0,0,0,0,0,0,0,92.1161419550528,92.1161419550528,92.1161419550528,92.1161419550528,92.1161419550528,92.1161419550528,92.1161419550528,92.1161419550528,92.1161419550528
6141,PB,0,0,0,0,0,0,0,0,0,0,0,0,0,0,0,0,0,0,0,0,0,0,0,0,0,0,0,17.3912448879106,17.3912448879106,17.3912448879106,17.3912448879106,17.3912448879106,17.3912448879106,17.3912448879106,17.3912448879106,17.3912448879106,17.3912448879106,17.3912448879106,17.3912448879106,17.3912448879106,17.3912448879106,17.3912448879106,17.3912448879106,17.3912448879106,17.3912448879106,17.3912448879106,17.3912448879106,17.3912448879106,17.3912448879106,17.3912448879106,17.3912448879106,17.3912448879106,17.3912448879106,17.3912448879106,17.3912448879106,17.3912448879106,17.3912448879106,17.3912448879106,17.3912448879106,17.3912448879106,17.3912448879106,17.3912448879106,17.3912448879106,17.3912448879106,17.3912448879106,17.3912448879106,17.3912448879106,17.3912448879106,17.3912448879106,17.3912448879106,17.3912448879106,17.3912448879106,17.3912448879106,17.3912448879106,17.3912448879106
6142,PB,0,0,0,0,0,0,0,0,0,0,0,0,0,0,0,0,0,0,0,0,0,0,0,0,0,0,0,0,0,0,0,0,0,0,0,0,0,0,0,0,0,0,0,0,0,0,0,0,0,0,0,0,0,0,0,0,0,0,0,0,0,0,0,0,0,0,0,0,0,0,0,0,0,0,0
6143,PB,0,0,0,0,0,0,0,0,0,0,0,0,0,0,0,0,0,0,0,0,0,0,0,0,0,0,0,0,0,0,0,0,0,0,0,0,0,0,0,0,0,0,0,0,0,0,0,0,0,0,0,0,0,0,0,0,0,0,0,0,0,82.5885666264453,82.5885666264453,82.5885666264453,82.5885666264453,82.5885666264453,82.5885666264453,82.5885666264453,82.5885666264453,82.5885666264453,82.5885666264453,82.5885666264453,82.5885666264453,82.5885666264453,82.5885666264453
6144,PB,0,0,0,0,0,0,0,0,0,0,0,0,0,0,0,0,0,0,0,0,0,0,0,0,0,0,0,0,0,0,0,0,0,0,0,0,0,0,0,0,0,0,50.6606882668151,50.6606882668151,50.6606882668151,50.6606882668151,50.6606882668151,50.6606882668151,50.6606882668151,50.6606882668151,50.6606882668151,50.6606882668151,50.6606882668151,50.6606882668151,50.6606882668151,50.6606882668151,50.6606882668151,50.6606882668151,50.6606882668151,50.6606882668151,50.6606882668151,50.6606882668151,50.6606882668151,50.6606882668151,50.6606882668151,50.6606882668151,50.6606882668151,50.6606882668151,50.6606882668151,50.6606882668151,50.6606882668151,50.6606882668151,50.6606882668151,50.6606882668151,50.6606882668151
6145,PB,0,0,0,0,0,0,0,0,0,0,0,0,0,0,0,0,0,0,0,0,0,0,0,0,0,0,0,0,0,0,0,0,0,0,0,0,0,0,0,0,0,0,0,0,0,0,0,0,0,0,0,0,0,0,0,0,0,0,0,0,0,0,0,0,0,0,0,0,0,0,0,0,0,0,0
6146,PB,0,0,0,0,0,0,0,0,0,0,0,0,0,0,0,0,0,0,0,0,0,0,0,0,0,0,0,0,0,0,0,0,0,0,0,0,0,0,0,0,0,0,0,0,0,0,0,0,0,0,0,0,0,0,0,0,0,0,0,0,0,0,0,0,0,0,0,0,0,0,0,0,0,0,0
6147,PB,0,0,0,0,0,0,0,0,0,0,0,0,0,0,0,0,0,0,0,0,0,0,0,0,0,0,0,0,0,0,0,0,0,0,0,0,0,0,0,0,0,0,0,0,0,0,0,0,0,0,0,0,0,0,0,0,0,0,0,0,0,0,0,0,0,0,0,0,0,0,0,0,0,0,0
6148,PB,0,0,0,0,0,0,0,0,0,0,18.2906816824877,18.2906816824877,18.2906816824877,18.2906816824877,18.2906816824877,18.2906816824877,18.2906816824877,18.2906816824877,18.2906816824877,18.2906816824877,18.2906816824877,18.2906816824877,18.2906816824877,18.2906816824877,18.2906816824877,18.2906816824877,18.2906816824877,18.2906816824877,18.2906816824877,18.2906816824877,18.2906816824877,18.2906816824877,18.2906816824877,18.2906816824877,18.2906816824877,18.2906816824877,18.2906816824877,18.2906816824877,18.2906816824877,18.2906816824877,18.2906816824877,18.2906816824877,18.2906816824877,18.2906816824877,18.2906816824877,18.2906816824877,18.2906816824877,18.2906816824877,18.2906816824877,18.2906816824877,18.2906816824877,18.2906816824877,18.2906816824877,18.2906816824877,18.2906816824877,18.2906816824877,18.2906816824877,18.2906816824877,18.2906816824877,18.2906816824877,18.2906816824877,18.2906816824877,18.2906816824877,18.2906816824877,18.2906816824877,18.2906816824877,18.2906816824877,18.2906816824877,18.2906816824877,18.2906816824877,18.2906816824877,18.2906816824877,18.2906816824877,18.2906816824877,18.2906816824877
6149,PB,0,0,0,0,0,0,0,0,0,0,0,0,0,0,0,0,0,0,0,0,0,0,0,0,0,0,0,0,0,0,0,0,0,0,0,0,0,0,0,0,0,0,0,0,0,0,0,0,0,0,0,0,0,0,0,0,0,0,0,0,0,0,0,0,0,0,0,0,0,0,0,0,0,0,0
6150,PB,0,0,0,0,0,0,0,0,0,0,0,0,0,0,0,0,0,0,0,0,0,0,0,0,0,0,0,0,0,0,0,0,0,0,0,0,0,0,0,0,0,0,0,0,0,0,0,0,0,0,0,0,0,0,0,0,0,0,0,0,0,0,0,0,0,0,0,0,0,0,0,0,0,0,0
6151,PB,0,0,0,0,0,0,0,0,0,0,0,0,0,0,0,0,0,0,0,0,0,0,0,0,0,0,0,0,0,0,0,0,0,0,0,0,0,0,0,0,0,0,0,0,0,0,0,0,0,0,0,0,0,0,0,0,0,0,0,0,0,0,0,0,0,0,0,0,0,0,0,0,0,0,0
6152,PB,0,0,0,0,0,0,0,0,0,0,0,0,0,0,0,0,0,0,0,0,0,0,0,0,0,0,0,0,0,0,0,0,0,0,0,0,0,0,0,0,0,0,0,0,0,0,0,0,0,0,0,0,0,0,0,0,0,0,0,0,0,0,0,0,0,0,0,0,0,0,0,0,0,0,0
6153,PB,0,0,0,0,0,0,0,0,0,0,0,0,0,0,0,0,0,0,0,0,0,0,0,0,0,0,0,0,0,0,0,0,0,0,0,0,0,0,0,0,0,0,0,0,0,0,0,0,0,0,0,0,0,0,0,0,0,0,0,0,0,0,0,0,0,0,0,0,0,0,0,0,0,0,0
6154,PB,0,0,0,0,0,0,0,0,0,0,0,0,0,0,0,0,0,0,0,0,0,0,0,0,0,0,0,0,0,0,0,0,0,0,0,0,0,0,0,0,0,0,0,0,0,0,0,0,0,0,0,0,0,0,0,0,17.8338912084488,17.8338912084488,17.8338912084488,17.8338912084488,17.8338912084488,17.8338912084488,17.8338912084488,17.8338912084488,17.8338912084488,17.8338912084488,17.8338912084488,17.8338912084488,17.8338912084488,17.8338912084488,17.8338912084488,17.8338912084488,17.8338912084488,17.8338912084488,17.8338912084488
6155,PB,0,0,0,0,0,0,0,0,0,0,0,0,0,0,0,0,0,0,0,0,0,0,0,0,0,0,0,0,0,0,0,0,0,0,0,0,0,0,0,0,0,0,0,0,0,0,0,0,0,0,0,0,0,0,0,0,0,0,0,0,0,0,0,0,0,0,0,0,0,0,0,0,0,0,0
6156,PB,0,0,0,0,0,0,0,0,0,0,0,0,0,0,0,0,0,0,0,0,0,0,0,0,0,0,0,0,0,0,0,0,0,0,0,0,0,0,0,0,0,0,0,0,0,0,0,0,0,0,0,0,0,0,0,0,0,0,0,0,0,0,0,0,0,0,0,0,0,0,0,0,0,0,0
6157,PB,0,0,0,0,0,0,0,0,0,0,0,0,0,0,0,0,0,0,0,0,0,0,0,0,0,0,0,0,0,0,0,0,0,0,0,0,0,0,0,0,0,0,0,0,0,0,0,0,0,0,0,0,0,0,0,0,0,0,0,0,0,0,0,0,0,0,0,0,0,0,0,0,0,0,0
6158,PB,0,0,0,0,0,0,0,0,0,0,0,0,0,0,0,0,0,0,0,0,0,0,0,0,0,0,0,0,0,0,0,0,0,0,0,0,0,0,0,0,0,0,0,0,0,0,0,0,0,0,0,0,0,0,0,0,0,0,0,0,0,0,0,0,0,0,0,0,0,0,0,0,0,0,0
6159,PB,0,0,0,0,0,0,0,0,0,0,0,142.4526181018,142.4526181018,142.4526181018,142.4526181018,142.4526181018,142.4526181018,142.4526181018,142.4526181018,142.4526181018,142.4526181018,142.4526181018,142.4526181018,142.4526181018,142.4526181018,142.4526181018,142.4526181018,142.4526181018,142.4526181018,142.4526181018,142.4526181018,142.4526181018,142.4526181018,142.4526181018,142.4526181018,142.4526181018,142.4526181018,142.4526181018,142.4526181018,142.4526181018,142.4526181018,142.4526181018,142.4526181018,142.4526181018,142.4526181018,142.4526181018,142.4526181018,142.4526181018,142.4526181018,142.4526181018,142.4526181018,142.4526181018,142.4526181018,142.4526181018,142.4526181018,142.4526181018,142.4526181018,142.4526181018,142.4526181018,142.4526181018,142.4526181018,142.4526181018,142.4526181018,142.4526181018,142.4526181018,142.4526181018,142.4526181018,142.4526181018,142.4526181018,142.4526181018,142.4526181018,142.4526181018,142.4526181018,142.4526181018,142.4526181018
6160,PB,0,0,0,0,0,0,0,0,0,0,0,0,0,0,0,0,0,0,0,0,0,0,0,0,0,0,0,0,0,0,0,0,0,0,0,0,0,0,0,0,0,0,0,0,0,0,0,0,0,0,0,0,0,0,0,0,0,0,0,0,0,0,0,0,0,0,0,0,0,0,0,0,0,0,0
6161,PB,0,0,0,0,0,0,0,0,0,0,0,0,0,0,0,0,0,0,0,0,0,0,0,0,0,0,0,0,0,0,0,0,0,0,0,0,0,0,0,0,0,0,0,0,0,0,0,0,0,0,0,0,0,0,0,0,0,0,0,0,0,0,0,0,0,0,0,0,0,0,0,0,0,0,0
6162,PB,0,0,0,0,0,0,0,0,0,0,0,0,0,0,0,0,0,0,0,0,0,0,0,0,0,0,0,0,0,0,0,0,0,0,0,0,0,0,0,0,0,0,0,0,0,0,0,0,0,0,0,0,0,0,0,0,0,0,0,0,0,0,0,0,0,0,0,0,0,0,0,0,0,0,0
6163,PB,0,0,0,0,0,0,0,0,0,0,0,0,0,0,0,0,0,0,0,0,0,0,0,0,16.088281094996,16.088281094996,16.088281094996,16.088281094996,16.088281094996,16.088281094996,16.088281094996,16.088281094996,16.088281094996,16.088281094996,16.088281094996,16.088281094996,16.088281094996,16.088281094996,16.088281094996,16.088281094996,16.088281094996,16.088281094996,16.088281094996,16.088281094996,16.088281094996,16.088281094996,16.088281094996,16.088281094996,16.088281094996,16.088281094996,16.088281094996,16.088281094996,16.088281094996,16.088281094996,16.088281094996,16.088281094996,16.088281094996,16.088281094996,16.088281094996,16.088281094996,16.088281094996,16.088281094996,16.088281094996,16.088281094996,16.088281094996,16.088281094996,16.088281094996,16.088281094996,16.088281094996,16.088281094996,16.088281094996,16.088281094996,16.088281094996,16.088281094996,16.088281094996
6164,PB,0,0,0,0,0,0,0,0,0,0,0,0,0,0,0,0,0,0,0,0,0,0,0,0,0,0,0,0,0,0,0,0,0,0,0,0,0,0,0,0,0,0,0,0,0,0,0,0,0,0,0,0,0,0,0,0,0,0,0,0,0,0,0,0,0,0,0,0,0,0,0,0,0,0,0
6165,PB,0,0,0,0,0,0,0,0,0,0,0,0,0,0,0,0,0,0,0,0,0,0,0,0,0,0,0,0,0,0,0,0,0,0,0,0,0,0,0,0,0,0,0,0,0,0,0,0,0,0,0,0,0,0,0,0,0,0,0,0,0,0,0,0,0,0,0,0,0,0,0,0,0,0,0
6166,PB,0,0,0,0,0,0,0,0,0,0,0,0,0,0,0,0,0,0,0,0,0,0,0,0,0,0,0,0,0,0,0,0,0,0,0,0,0,0,0,0,0,0,0,0,0,0,0,0,0,0,0,0,0,0,0,0,0,0,0,0,0,0,0,0,0,0,0,0,0,0,0,0,0,0,0
6167,PB,0,0,0,0,0,0,0,0,0,0,0,0,0,0,0,0,0,0,0,0,0,0,0,0,0,0,0,0,0,0,0,0,0,0,0,0,0,0,0,0,0,0,0,0,0,0,0,0,0,0,0,0,0,0,0,0,0,0,0,0,0,0,0,0,0,0,38.6680873378147,38.6680873378147,38.6680873378147,38.6680873378147,38.6680873378147,38.6680873378147,38.6680873378147,38.6680873378147,38.6680873378147
6168,PB,0,0,0,0,0,0,0,0,0,0,0,0,0,0,0,0,0,0,0,0,0,0,0,0,0,0,0,0,0,0,0,0,0,0,0,0,0,0,0,0,0,0,0,0,0,0,0,0,0,0,0,0,0,0,0,0,0,0,0,0,0,0,0,0,0,0,0,0,0,0,0,0,0,0,0
6169,PB,0,0,0,0,0,0,0,0,0,0,0,0,0,0,0,0,0,0,0,0,0,0,0,0,0,0,0,0,0,0,0,0,0,0,0,0,0,0,0,0,0,0,0,0,0,0,0,0,0,0,0,0,0,0,0,0,0,0,0,0,0,0,0,0,0,0,0,0,0,0,0,0,0,0,0
6170,PB,0,0,0,0,0,0,0,0,0,0,0,0,0,0,0,0,0,0,0,0,0,0,0,0,0,0,0,0,0,0,0,0,0,0,0,0,0,0,0,0,0,0,0,0,0,0,0,0,0,0,0,0,0,0,0,0,0,0,0,0,0,0,0,0,0,0,0,0,0,0,0,0,0,0,0
7001,PE,0,0,0,0,0,0,0,0,0,0,0,0,0,0,0,0,0,0,0,0,0,0,0,0,0,0,0,0,0,0,0,0,0,0,0,0,0,0,0,0,0,0,0,0,0,0,0,0,0,0,0,0,0,0,0,0,0,0,0,0,0,0,0,0,0,0,0,0,0,0,0,0,0,0,0
7002,PE,0,0,0,0,0,0,0,0,0,0,0,0,0,0,0,0,0,0,0,0,0,0,0,0,0,0,0,0,0,0,0,0,0,0,0,0,0,0,0,0,0,0,0,0,0,0,0,0,0,0,0,0,0,0,0,0,0,0,0,40.4985359231874,40.4985359231874,40.4985359231874,40.4985359231874,56.9377418265922,56.9377418265922,56.9377418265922,56.9377418265922,56.9377418265922,56.9377418265922,56.9377418265922,56.9377418265922,56.9377418265922,56.9377418265922,56.9377418265922,56.9377418265922
7003,PE,0,0,0,0,0,0,0,0,0,0,0,0,0,0,0,0,0,0,0,0,0,0,0,0,0,0,0,0,0,0,0,0,0,0,0,0,0,0,0,0,0,0,0,0,0,0,0,0,0,23.458685889395,23.458685889395,23.458685889395,23.458685889395,23.458685889395,23.458685889395,23.458685889395,23.458685889395,23.458685889395,23.458685889395,23.458685889395,23.458685889395,23.458685889395,23.458685889395,23.458685889395,23.458685889395,23.458685889395,23.458685889395,23.458685889395,23.458685889395,23.458685889395,31.7404638874348,31.7404638874348,31.7404638874348,31.7404638874348,31.7404638874348
7004,PE,0,0,0,0,0,0,0,0,0,0,0,0,0,0,0,0,0,0,0,0,0,0,0,0,0,0,0,0,0,0,0,0,0,0,0,0,0,0,0,0,0,0,0,0,0,0,0,0,0,0,0,0,0,0,0,0,0,0,0,0,0,0,0,0,0,0,0,0,0,0,0,0,0,0,0
7005,PE,0,0,7.03881070833934,7.03881070833934,7.03881070833934,7.03881070833934,7.03881070833934,7.03881070833934,7.03881070833934,7.03881070833934,7.03881070833934,7.03881070833934,7.03881070833934,7.03881070833934,7.03881070833934,7.03881070833934,7.03881070833934,7.03881070833934,7.03881070833934,7.03881070833934,7.03881070833934,7.03881070833934,7.03881070833934,7.03881070833934,7.03881070833934,7.03881070833934,7.03881070833934,7.03881070833934,7.03881070833934,7.03881070833934,7.03881070833934,7.03881070833934,7.03881070833934,7.03881070833934,7.03881070833934,7.03881070833934,7.03881070833934,7.03881070833934,7.03881070833934,7.03881070833934,7.03881070833934,7.03881070833934,7.03881070833934,7.03881070833934,7.03881070833934,7.03881070833934,7.03881070833934,7.03881070833934,7.03881070833934,7.03881070833934,7.03881070833934,7.03881070833934,7.03881070833934,7.03881070833934,7.03881070833934,7.03881070833934,7.03881070833934,7.03881070833934,7.03881070833934,7.03881070833934,7.03881070833934,7.03881070833934,7.03881070833934,7.03881070833934,7.03881070833934,7.03881070833934,7.03881070833934,7.03881070833934,7.03881070833934,7.03881070833934,7.03881070833934,7.03881070833934,7.03881070833934,7.03881070833934,7.03881070833934
7006,PE,0,0,0,0,0,0,0,0,0,0,0,0,0,0,0,0,0,0,0,0,0,0,0,0,0,0,0,0,0,0,0,0,0,0,0,0,0,0,0,0,0,0,0,0,0,0,0,0,0,0,0,0,0,0,0,0,0,0,0,0,0,0,0,0,0,0,0,0,0,0,0,0,0,0,0
7007,PE,0,0,0,0,0,0,0,0,0,0,0,0,0,0,0,0,0,0,0,0,0,0,0,0,0,0,0,0,0,0,0,0,0,0,0,0,0,0,0,0,0,0,0,0,0,0,0,0,0,0,0,0,0,0,0,0,0,0,0,0,0,0,0,0,0,0,0,0,0,0,0,0,0,0,0
7008,PE,0,0,0,0,0,0,0,0,0,0,0,0,0,0,49.0744575623751,72.0870685275242,72.0870685275242,72.0870685275242,72.0870685275242,72.0870685275242,72.0870685275242,72.0870685275242,72.0870685275242,72.0870685275242,72.0870685275242,72.0870685275242,72.0870685275242,72.0870685275242,72.0870685275242,72.0870685275242,72.0870685275242,72.0870685275242,72.0870685275242,72.0870685275242,72.0870685275242,72.0870685275242,72.0870685275242,72.0870685275242,72.0870685275242,72.0870685275242,72.0870685275242,72.0870685275242,72.0870685275242,72.0870685275242,72.0870685275242,72.0870685275242,72.0870685275242,72.0870685275242,72.0870685275242,72.0870685275242,72.0870685275242,72.0870685275242,72.0870685275242,72.0870685275242,72.0870685275242,72.0870685275242,72.0870685275242,72.0870685275242,72.0870685275242,72.0870685275242,72.0870685275242,72.0870685275242,72.0870685275242,72.0870685275242,72.0870685275242,72.0870685275242,72.0870685275242,72.0870685275242,72.0870685275242,72.0870685275242,72.0870685275242,72.0870685275242,72.0870685275242,72.0870685275242,72.0870685275242
7009,PE,0,0,0,0,0,0,0,0,0,0,0,0,0,0,0,0,0,0,0,0,0,0,0,0,0,0,0,0,0,0,0,0,0,0,0,0,0,0,0,0,0,0,0,0,0,0,0,0,0,0,0,0,0,0,0,0,0,0,0,0,0,0,0,0,0,0,0,0,0,0,0,0,0,0,0
7010,PE,0,0,0,0,0,0,0,0,0,0,0,0,0,0,0,0,0,0,0,0,0,0,0,0,0,0,0,0,0,0,0,0,0,0,0,0,0,0,0,0,0,0,0,0,0,0,0,0,0,0,0,0,0,0,0,0,0,0,0,0,0,0,0,0,0,0,0,0,0,0,0,0,0,0,0
7011,PE,0,0,0,0,0,0,0,0,0,0,0,0,0,0,106.415733982915,106.415733982915,106.415733982915,106.415733982915,106.415733982915,106.415733982915,106.415733982915,106.415733982915,106.415733982915,106.415733982915,106.415733982915,106.415733982915,106.415733982915,106.415733982915,106.415733982915,106.415733982915,106.415733982915,106.415733982915,106.415733982915,106.415733982915,106.415733982915,106.415733982915,106.415733982915,106.415733982915,106.415733982915,106.415733982915,106.415733982915,106.415733982915,106.415733982915,106.415733982915,106.415733982915,106.415733982915,106.415733982915,106.415733982915,106.415733982915,106.415733982915,106.415733982915,106.415733982915,106.415733982915,106.415733982915,106.415733982915,106.415733982915,106.415733982915,106.415733982915,106.415733982915,106.415733982915,106.415733982915,106.415733982915,106.415733982915,106.415733982915,106.415733982915,106.415733982915,106.415733982915,106.415733982915,106.415733982915,106.415733982915,106.415733982915,106.415733982915,106.415733982915,106.415733982915,106.415733982915
7012,PE,0,0,0,0,0,0,0,0,0,0,0,0,0,0,0,0,0,0,0,0,0,0,0,0,0,0,0,0,0,0,0,0,0,0,0,0,0,0,0,0,0,0,0,0,0,0,0,0,0,0,0,0,0,0,0,0,0,0,0,0,0,0,0,0,0,0,0,0,0,0,0,0,0,0,0
7013,PE,0,0,0,0,0,0,0,0,0,0,0,0,0,0,0,0,0,0,0,0,0,0,0,0,0,0,0,0,0,0,0,0,0,0,0,0,0,0,0,0,0,0,0,0,0,0,0,0,0,0,0,0,0,0,0,0,0,0,0,0,0,0,0,0,0,0,0,0,0,0,0,0,0,0,0
7014,PE,0,0,0,0,0,0,0,0,0,0,0,0,0,0,0,0,0,0,0,0,0,0,0,0,0,0,0,0,0,0,0,50.335285077371,50.335285077371,50.335285077371,50.335285077371,50.335285077371,50.335285077371,50.335285077371,50.335285077371,50.335285077371,50.335285077371,50.335285077371,50.335285077371,50.335285077371,50.335285077371,50.335285077371,50.335285077371,50.335285077371,50.335285077371,50.335285077371,68.2418724708143,68.2418724708143,68.2418724708143,68.2418724708143,68.2418724708143,68.2418724708143,68.2418724708143,68.2418724708143,68.2418724708143,68.2418724708143,68.2418724708143,68.2418724708143,68.2418724708143,68.2418724708143,68.2418724708143,68.2418724708143,68.2418724708143,68.2418724708143,68.2418724708143,68.2418724708143,68.2418724708143,68.2418724708143,68.2418724708143,68.2418724708143,68.2418724708143
7015,PE,0,0,0,0,0,0,0,0,0,0,0,0,0,0,0,0,0,0,0,0,0,0,0,0,0,0,0,0,0,0,0,0,0,0,0,0,0,0,0,0,0,0,0,0,0,0,0,0,0,0,0,0,0,0,0,0,0,0,0,0,0,0,0,0,0,0,0,0,0,0,0,0,0,0,0
7016,PE,0,0,0,0,0,0,0,0,0,0,0,0,0,0,0,0,0,0,0,0,0,0,0,0,0,0,0,0,0,0,0,38.3420020938799,38.3420020938799,38.3420020938799,38.3420020938799,38.3420020938799,38.3420020938799,38.3420020938799,38.3420020938799,38.3420020938799,38.3420020938799,38.3420020938799,38.3420020938799,38.3420020938799,38.3420020938799,38.3420020938799,38.3420020938799,38.3420020938799,38.3420020938799,38.3420020938799,38.3420020938799,38.3420020938799,38.3420020938799,38.3420020938799,38.3420020938799,38.3420020938799,38.3420020938799,38.3420020938799,38.3420020938799,38.3420020938799,38.3420020938799,38.3420020938799,38.3420020938799,38.3420020938799,38.3420020938799,38.3420020938799,38.3420020938799,38.3420020938799,38.3420020938799,38.3420020938799,38.3420020938799,38.3420020938799,38.3420020938799,38.3420020938799,38.3420020938799
7017,PE,0,0,0,0,0,0,0,0,0,0,0,0,0,0,0,0,0,0,0,0,0,0,0,0,0,0,0,0,0,0,0,0,0,0,0,0,0,0,0,0,0,0,0,0,0,0,0,0,0,0,0,0,0,0,0,0,0,0,0,0,0,0,0,0,0,0,0,0,0,0,0,0,0,0,0
7018,PE,0,0,0,0,0,0,0,0,0,0,0,0,0,0,0,0,0,0,0,0,0,0,0,0,0,0,0,0,0,0,0,0,0,0,0,0,0,0,0,0,0,0,0,0,0,0,0,0,0,0,0,0,0,0,0,0,0,0,0,0,0,0,0,0,0,0,0,0,0,0,0,0,0,0,0
7019,PE,0,0,0,0,0,0,0,0,0,0,0,0,0,0,0,0,0,0,0,0,0,0,0,0,0,0,27.6456901992828,27.6456901992828,27.6456901992828,27.6456901992828,27.6456901992828,27.6456901992828,27.6456901992828,27.6456901992828,27.6456901992828,27.6456901992828,27.6456901992828,27.6456901992828,27.6456901992828,27.6456901992828,27.6456901992828,27.6456901992828,27.6456901992828,27.6456901992828,27.6456901992828,27.6456901992828,27.6456901992828,27.6456901992828,27.6456901992828,27.6456901992828,27.6456901992828,27.6456901992828,27.6456901992828,27.6456901992828,27.6456901992828,27.6456901992828,27.6456901992828,27.6456901992828,27.6456901992828,27.6456901992828,27.6456901992828,27.6456901992828,27.6456901992828,27.6456901992828,27.6456901992828,27.6456901992828,27.6456901992828,27.6456901992828,27.6456901992828,27.6456901992828,27.6456901992828,27.6456901992828,27.6456901992828,27.6456901992828,27.6456901992828
7020,PE,0,0,0,0,0,0,0,0,0,0,0,0,0,0,0,0,0,0,0,0,0,0,0,0,0,0,0,0,0,0,0,0,0,0,0,0,0,0,0,0,0,0,0,0,0,0,0,0,0,0,0,0,0,0,0,0,0,0,0,0,0,0,0,0,0,0,0,0,0,0,0,0,0,0,0
7021,PE,0,0,0,0,0,0,0,0,0,0,0,0,0,0,0,0,0,0,0,44.3689690522041,44.3689690522041,44.3689690522041,44.3689690522041,44.3689690522041,44.3689690522041,44.3689690522041,44.3689690522041,44.3689690522041,44.3689690522041,44.3689690522041,44.3689690522041,44.3689690522041,44.3689690522041,44.3689690522041,44.3689690522041,44.3689690522041,44.3689690522041,44.3689690522041,44.3689690522041,44.3689690522041,44.3689690522041,44.3689690522041,44.3689690522041,44.3689690522041,44.3689690522041,44.3689690522041,44.3689690522041,44.3689690522041,44.3689690522041,44.3689690522041,44.3689690522041,44.3689690522041,44.3689690522041,44.3689690522041,44.3689690522041,44.3689690522041,44.3689690522041,44.3689690522041,44.3689690522041,44.3689690522041,44.3689690522041,44.3689690522041,44.3689690522041,44.3689690522041,44.3689690522041,44.3689690522041,44.3689690522041,44.3689690522041,44.3689690522041,44.3689690522041,44.3689690522041,44.3689690522041,44.3689690522041,44.3689690522041,44.3689690522041
7022,PE,0,0,0,0,0,0,0,0,0,0,0,0,0,0,0,0,0,0,0,0,0,0,0,0,0,0,0,0,0,0,0,0,0,0,0,0,0,0,0,0,0,0,0,0,0,0,0,0,0,0,0,0,0,0,0,0,0,0,0,0,0,0,0,0,0,0,0,0,0,0,0,0,0,0,0
7023,PE,0,0,0,0,0,0,0,0,0,0,0,0,0,0,0,0,0,0,0,0,0,0,0,0,0,0,0,0,0,0,0,0,0,0,0,0,0,0,0,0,0,0,0,0,0,0,0,0,0,0,0,0,0,0,0,0,0,0,0,0,0,0,0,0,0,0,0,0,0,0,0,0,0,0,0
7024,PE,0,0,0,0,0,0,0,0,0,0,0,0,0,0,0,0,0,0,0,0,0,0,0,0,0,0,0,0,0,0,0,0,0,0,0,0,0,0,0,0,0,0,0,0,0,0,0,0,0,0,0,65.6117703190498,65.6117703190498,65.6117703190498,65.6117703190498,65.6117703190498,65.6117703190498,65.6117703190498,65.6117703190498,65.6117703190498,65.6117703190498,65.6117703190498,65.6117703190498,65.6117703190498,65.6117703190498,65.6117703190498,65.6117703190498,65.6117703190498,65.6117703190498,65.6117703190498,65.6117703190498,65.6117703190498,65.6117703190498,65.6117703190498,65.6117703190498
7025,PE,0,0,0,0,0,0,0,0,0,0,0,0,0,0,0,0,0,0,0,0,0,0,0,0,0,0,0,0,0,0,0,0,0,0,0,0,0,0,0,0,0,0,0,0,0,0,0,0,0,0,0,0,0,0,0,0,0,0,0,0,0,0,0,0,0,0,0,0,0,0,0,0,0,0,0
7026,PE,0,0,0,0,0,0,0,0,0,0,0,0,0,0,0,0,0,0,0,0,0,0,0,0,0,0,0,0,0,0,0,0,0,0,0,0,0,0,0,0,0,0,0,0,0,0,0,0,0,0,0,0,0,0,0,0,0,0,0,0,0,0,0,0,0,0,0,0,0,0,0,0,0,0,0
7027,PE,0,0,0,0,0,0,0,0,0,0,0,0,0,0,0,0,0,0,0,0,0,0,0,0,0,0,0,0,0,0,0,0,0,0,0,0,0,0,0,0,0,0,0,0,0,0,0,0,0,0,0,0,0,0,0,0,0,0,0,0,0,0,0,0,0,0,0,0,0,0,0,0,0,0,0
7028,PE,0,0,0,0,0,0,0,0,0,0,0,0,0,0,0,0,0,0,0,0,0,0,0,0,0,0,0,0,0,0,0,0,0,0,0,0,0,0,0,0,0,0,0,0,0,0,0,0,0,0,0,0,0,0,0,0,0,0,0,0,0,0,0,0,0,0,0,0,0,0,0,0,0,0,0
7029,PE,0,0,0,0,0,0,0,0,0,0,0,0,0,0,0,0,0,0,0,0,0,0,0,0,0,0,0,0,0,0,0,0,0,0,0,0,0,0,0,0,0,0,0,0,0,0,0,0,0,0,0,0,0,0,0,0,0,0,0,0,0,0,0,0,0,0,0,0,0,0,0,0,0,0,0
7030,PE,0,0,0,0,0,0,0,0,0,0,0,0,0,0,0,0,0,0,0,0,0,0,0,0,0,0,0,0,0,0,0,0,0,0,0,0,0,0,0,0,0,0,0,0,0,0,0,0,0,0,0,0,0,0,0,0,0,0,0,0,0,0,0,0,0,0,0,0,0,0,0,0,0,0,0
7031,PE,28.3688006947831,53.8760502475418,53.8760502475418,53.8760502475418,53.8760502475418,53.8760502475418,53.8760502475418,53.8760502475418,53.8760502475418,53.8760502475418,53.8760502475418,53.8760502475418,53.8760502475418,53.8760502475418,53.8760502475418,53.8760502475418,53.8760502475418,53.8760502475418,53.8760502475418,53.8760502475418,53.8760502475418,53.8760502475418,53.8760502475418,53.8760502475418,53.8760502475418,53.8760502475418,53.8760502475418,53.8760502475418,53.8760502475418,53.8760502475418,53.8760502475418,53.8760502475418,53.8760502475418,53.8760502475418,53.8760502475418,53.8760502475418,53.8760502475418,53.8760502475418,53.8760502475418,53.8760502475418,53.8760502475418,53.8760502475418,53.8760502475418,53.8760502475418,53.8760502475418,53.8760502475418,53.8760502475418,53.8760502475418,53.8760502475418,53.8760502475418,53.8760502475418,53.8760502475418,53.8760502475418,53.8760502475418,53.8760502475418,53.8760502475418,53.8760502475418,53.8760502475418,53.8760502475418,53.8760502475418,53.8760502475418,53.8760502475418,53.8760502475418,53.8760502475418,53.8760502475418,53.8760502475418,53.8760502475418,53.8760502475418,53.8760502475418,53.8760502475418,53.8760502475418,53.8760502475418,53.8760502475418,53.8760502475418,53.8760502475418
7032,PE,0,0,0,0,0,0,0,0,0,0,0,0,0,0,0,0,0,0,0,0,0,0,0,0,0,0,0,0,0,0,0,0,0,0,0,0,0,0,0,0,0,0,0,0,0,0,0,0,0,0,0,0,0,0,0,0,0,0,0,0,0,0,0,0,0,0,0,0,0,0,0,0,0,0,0
7033,PE,0,0,0,0,0,0,0,0,0,0,0,0,0,0,0,0,0,0,0,0,0,0,0,0,0,0,0,0,0,0,0,0,0,0,0,0,0,0,0,0,0,0,0,0,0,0,0,0,0,0,0,0,0,0,0,0,0,0,0,0,0,0,0,0,0,0,0,0,0,0,0,0,0,0,0
7034,PE,0,0,0,0,0,0,0,0,0,0,0,0,0,0,0,0,0,0,0,0,0,0,0,0,0,0,0,0,0,0,0,0,0,0,0,0,0,0,0,0,0,0,0,0,0,0,0,0,0,0,0,0,0,0,0,0,0,0,0,0,0,0,0,0,0,0,0,0,0,0,0,0,0,0,0
7035,PE,0,0,0,0,0,0,0,0,0,0,0,0,0,0,0,0,0,0,0,0,0,0,0,0,0,0,0,0,0,0,0,0,0,0,0,0,0,0,0,0,0,0,0,0,0,0,0,0,0,0,0,0,0,0,0,0,0,0,0,0,0,0,0,0,0,0,0,0,0,0,0,0,0,0,0
7036,PE,0,0,0,0,0,0,0,0,0,0,0,0,0,0,0,0,0,0,0,0,0,0,0,0,0,0,0,0,0,0,0,0,0,0,0,0,0,0,0,0,0,0,0,0,0,0,0,0,0,0,0,0,0,0,0,0,0,0,0,0,0,0,0,0,0,46.3498835590522,46.3498835590522,46.3498835590522,46.3498835590522,46.3498835590522,46.3498835590522,46.3498835590522,46.3498835590522,46.3498835590522,46.3498835590522
7037,PE,0,0,0,0,0,0,0,0,48.2238069557511,48.2238069557511,48.2238069557511,48.2238069557511,48.2238069557511,48.2238069557511,48.2238069557511,48.2238069557511,48.2238069557511,48.2238069557511,48.2238069557511,48.2238069557511,48.2238069557511,48.2238069557511,48.2238069557511,48.2238069557511,48.2238069557511,48.2238069557511,48.2238069557511,48.2238069557511,48.2238069557511,48.2238069557511,48.2238069557511,48.2238069557511,48.2238069557511,48.2238069557511,48.2238069557511,48.2238069557511,48.2238069557511,48.2238069557511,48.2238069557511,48.2238069557511,48.2238069557511,48.2238069557511,48.2238069557511,48.2238069557511,48.2238069557511,48.2238069557511,48.2238069557511,48.2238069557511,48.2238069557511,48.2238069557511,48.2238069557511,48.2238069557511,48.2238069557511,48.2238069557511,48.2238069557511,48.2238069557511,48.2238069557511,48.2238069557511,48.2238069557511,48.2238069557511,48.2238069557511,48.2238069557511,48.2238069557511,48.2238069557511,48.2238069557511,48.2238069557511,48.2238069557511,48.2238069557511,48.2238069557511,48.2238069557511,48.2238069557511,48.2238069557511,48.2238069557511,48.2238069557511,48.2238069557511
7038,PE,0,0,0,0,0,0,0,0,0,0,0,0,0,0,0,0,0,0,0,0,0,0,0,0,0,0,0,0,0,0,0,0,0,0,0,0,0,0,0,0,0,0,0,0,0,0,0,0,0,0,0,0,0,0,0,0,0,0,0,0,0,0,0,0,0,0,0,0,0,0,0,0,0,0,0
7039,PE,0,0,0,0,0,0,0,0,0,0,0,0,0,0,0,0,0,0,0,0,0,0,0,0,0,0,0,0,0,0,0,0,0,0,0,0,0,0,0,0,0,0,0,0,0,0,0,0,0,0,0,0,0,0,0,0,0,0,0,0,0,0,0,0,0,0,0,0,0,0,0,0,0,0,0
7040,PE,0,0,0,0,0,0,0,0,0,0,0,0,34.931889732855,34.931889732855,39.8844714102329,39.8844714102329,39.8844714102329,39.8844714102329,69.7495838026694,69.7495838026694,69.7495838026694,69.7495838026694,69.7495838026694,69.7495838026694,69.7495838026694,69.7495838026694,69.7495838026694,69.7495838026694,69.7495838026694,69.7495838026694,69.7495838026694,69.7495838026694,69.7495838026694,69.7495838026694,69.7495838026694,69.7495838026694,69.7495838026694,69.7495838026694,69.7495838026694,69.7495838026694,69.7495838026694,69.7495838026694,69.7495838026694,69.7495838026694,69.7495838026694,69.7495838026694,69.7495838026694,69.7495838026694,69.7495838026694,69.7495838026694,69.7495838026694,69.7495838026694,69.7495838026694,69.7495838026694,69.7495838026694,69.7495838026694,69.7495838026694,69.7495838026694,69.7495838026694,69.7495838026694,69.7495838026694,69.7495838026694,69.7495838026694,69.7495838026694,69.7495838026694,69.7495838026694,69.7495838026694,69.7495838026694,69.7495838026694,69.7495838026694,69.7495838026694,69.7495838026694,69.7495838026694,69.7495838026694,69.7495838026694
7041,PE,0,0,0,0,0,0,0,0,0,0,0,0,0,0,0,0,0,0,0,0,0,0,0,0,0,0,0,0,0,0,0,0,0,0,0,0,0,0,0,0,0,0,0,0,0,0,0,0,0,0,0,0,0,0,0,0,0,0,0,0,0,0,0,0,0,0,0,0,0,0,0,0,0,0,0
7042,PE,0,0,0,0,0,0,0,0,0,0,0,0,0,0,0,0,0,0,0,0,0,0,0,0,0,0,0,0,0,0,0,0,0,0,0,0,0,0,0,0,0,0,0,0,0,0,0,0,0,0,0,0,0,0,0,0,0,0,0,0,0,0,0,25.3406042499888,25.3406042499888,33.2103174135137,33.2103174135137,33.2103174135137,33.2103174135137,33.2103174135137,33.2103174135137,33.2103174135137,33.2103174135137,33.2103174135137,33.2103174135137
7043,PE,0,0,0,0,0,0,0,0,0,0,0,0,0,0,0,0,0,0,0,0,0,0,0,0,0,0,0,0,0,0,0,0,0,0,0,0,0,0,0,0,0,0,0,0,0,0,0,0,0,0,0,0,0,0,0,0,0,0,0,0,0,0,0,0,0,0,0,0,0,0,0,0,0,0,0
7044,PE,0,0,0,0,0,0,0,0,22.6586267354756,128.718453149331,128.718453149331,128.718453149331,128.718453149331,128.718453149331,128.718453149331,128.718453149331,128.718453149331,128.718453149331,128.718453149331,128.718453149331,128.718453149331,128.718453149331,128.718453149331,128.718453149331,128.718453149331,128.718453149331,128.718453149331,128.718453149331,128.718453149331,128.718453149331,128.718453149331,128.718453149331,128.718453149331,128.718453149331,128.718453149331,128.718453149331,128.718453149331,128.718453149331,128.718453149331,128.718453149331,128.718453149331,128.718453149331,128.718453149331,128.718453149331,128.718453149331,128.718453149331,128.718453149331,128.718453149331,128.718453149331,128.718453149331,128.718453149331,128.718453149331,128.718453149331,128.718453149331,128.718453149331,128.718453149331,128.718453149331,128.718453149331,128.718453149331,128.718453149331,128.718453149331,128.718453149331,128.718453149331,128.718453149331,128.718453149331,128.718453149331,128.718453149331,128.718453149331,128.718453149331,128.718453149331,128.718453149331,128.718453149331,128.718453149331,128.718453149331,128.718453149331
7045,PE,0,0,0,0,0,0,0,0,0,0,0,0,0,0,0,0,0,0,0,20.4144849703003,20.4144849703003,20.4144849703003,20.4144849703003,20.4144849703003,20.4144849703003,20.4144849703003,34.8591900923584,34.8591900923584,34.8591900923584,34.8591900923584,34.8591900923584,34.8591900923584,34.8591900923584,34.8591900923584,34.8591900923584,34.8591900923584,34.8591900923584,34.8591900923584,34.8591900923584,34.8591900923584,34.8591900923584,34.8591900923584,34.8591900923584,34.8591900923584,34.8591900923584,34.8591900923584,34.8591900923584,34.8591900923584,34.8591900923584,34.8591900923584,34.8591900923584,34.8591900923584,34.8591900923584,34.8591900923584,34.8591900923584,34.8591900923584,34.8591900923584,34.8591900923584,34.8591900923584,34.8591900923584,34.8591900923584,34.8591900923584,34.8591900923584,34.8591900923584,34.8591900923584,34.8591900923584,34.8591900923584,34.8591900923584,34.8591900923584,34.8591900923584,34.8591900923584,34.8591900923584,34.8591900923584,34.8591900923584,34.8591900923584
7046,PE,0,0,0,0,0,0,0,0,0,0,0,0,0,0,0,0,0,0,0,0,0,0,0,0,0,0,0,0,0,0,0,0,0,0,0,0,0,0,0,0,0,0,0,0,0,0,0,0,0,0,0,0,0,0,0,0,0,0,0,0,0,0,0,0,0,0,0,0,0,0,0,0,0,0,0
7047,PE,0,0,0,0,0,0,0,0,0,33.009166204145,33.009166204145,33.009166204145,64.613725167711,64.613725167711,64.613725167711,64.613725167711,64.613725167711,64.613725167711,64.613725167711,64.613725167711,64.613725167711,64.613725167711,64.613725167711,64.613725167711,64.613725167711,64.613725167711,64.613725167711,64.613725167711,64.613725167711,64.613725167711,64.613725167711,64.613725167711,64.613725167711,64.613725167711,64.613725167711,64.613725167711,64.613725167711,64.613725167711,64.613725167711,64.613725167711,64.613725167711,64.613725167711,64.613725167711,64.613725167711,64.613725167711,64.613725167711,64.613725167711,64.613725167711,64.613725167711,64.613725167711,64.613725167711,64.613725167711,64.613725167711,64.613725167711,64.613725167711,64.613725167711,64.613725167711,64.613725167711,64.613725167711,64.613725167711,64.613725167711,64.613725167711,64.613725167711,64.613725167711,64.613725167711,64.613725167711,64.613725167711,64.613725167711,64.613725167711,64.613725167711,64.613725167711,64.613725167711,64.613725167711,64.613725167711,64.613725167711
7048,PE,0,0,0,0,0,0,0,0,0,0,0,0,0,0,0,0,0,0,0,0,0,0,0,0,0,0,0,0,0,0,0,0,0,0,0,0,0,0,0,0,0,0,0,0,0,0,0,0,0,0,0,0,0,0,0,0,0,0,0,0,0,0,0,0,0,0,0,0,0,0,0,0,0,0,0
7049,PE,0,0,0,0,0,0,0,0,0,0,0,0,0,0,0,0,0,0,0,0,0,0,0,0,0,0,0,0,0,0,0,0,0,0,0,0,0,0,0,0,0,0,0,0,0,0,0,0,0,0,0,0,0,0,0,0,0,0,0,0,0,0,0,0,0,0,0,0,0,0,0,0,0,0,0
7050,PE,0,0,0,0,0,0,0,0,0,0,0,0,0,0,0,0,0,0,0,0,0,0,0,0,0,0,0,0,0,0,0,0,0,0,0,0,0,0,0,0,0,0,0,0,0,0,0,0,0,0,0,0,0,0,0,0,0,0,0,0,0,0,0,0,0,0,0,0,0,0,0,0,0,0,0
7051,PE,0,0,0,0,0,0,0,0,0,0,0,0,0,0,0,0,0,0,0,0,0,0,0,0,0,0,0,0,0,0,0,0,0,0,0,0,0,0,0,0,0,0,0,0,0,0,0,0,0,0,0,0,0,0,0,0,0,0,0,0,0,0,0,0,0,0,0,0,0,0,0,0,0,0,0
7052,PE,0,0,0,0,0,0,0,0,0,0,0,0,0,0,0,0,0,0,0,0,0,0,0,0,0,0,0,0,0,0,0,0,0,0,0,0,0,0,0,0,0,0,0,0,0,0,0,0,0,0,0,0,0,0,0,0,0,0,0,0,0,0,0,0,0,0,0,0,0,0,0,0,0,0,0
7053,PE,0,0,0,0,0,0,0,0,0,0,0,0,0,0,0,0,0,0,0,0,0,0,0,0,0,0,0,62.4046545910713,62.4046545910713,62.4046545910713,62.4046545910713,62.4046545910713,62.4046545910713,62.4046545910713,62.4046545910713,62.4046545910713,62.4046545910713,62.4046545910713,62.4046545910713,62.4046545910713,62.4046545910713,62.4046545910713,62.4046545910713,62.4046545910713,62.4046545910713,62.4046545910713,62.4046545910713,62.4046545910713,62.4046545910713,62.4046545910713,62.4046545910713,62.4046545910713,62.4046545910713,62.4046545910713,62.4046545910713,62.4046545910713,62.4046545910713,62.4046545910713,62.4046545910713,62.4046545910713,62.4046545910713,62.4046545910713,62.4046545910713,62.4046545910713,62.4046545910713,62.4046545910713,62.4046545910713,62.4046545910713,62.4046545910713,62.4046545910713,62.4046545910713,62.4046545910713,62.4046545910713,62.4046545910713,62.4046545910713
7054,PE,0,0,0,0,0,0,0,0,0,0,0,0,0,0,0,0,0,0,0,0,0,0,0,0,0,0,0,0,0,0,0,0,0,0,0,0,0,0,0,0,0,0,0,0,0,0,0,0,0,0,0,0,0,0,0,0,0,0,0,0,0,0,0,0,0,0,0,0,0,0,0,0,0,0,0
7055,PE,0,0,0,0,0,0,0,0,0,0,0,0,0,0,0,0,0,0,0,0,0,0,0,0,0,0,0,0,0,0,0,0,0,0,0,0,0,0,0,0,0,0,0,0,0,0,0,0,0,0,0,0,0,0,0,0,0,0,0,0,0,0,0,0,0,0,0,0,0,0,0,0,0,0,0
7056,PE,0,0,0,0,0,0,0,0,0,0,0,0,0,0,0,0,0,0,0,0,0,0,0,0,0,0,0,0,0,0,0,0,0,0,0,0,0,0,0,0,0,0,0,0,0,0,0,0,0,0,0,0,0,0,0,0,0,0,0,0,0,0,0,0,0,0,0,0,0,0,0,0,0,0,0
7057,PE,0,0,0,0,0,0,0,0,0,0,0,0,0,0,0,0,0,0,0,0,0.530839976789063,0.530839976789063,0.530839976789063,0.530839976789063,0.530839976789063,0.530839976789063,0.530839976789063,0.530839976789063,0.530839976789063,0.530839976789063,0.530839976789063,0.530839976789063,0.530839976789063,0.530839976789063,0.530839976789063,0.530839976789063,0.530839976789063,0.530839976789063,0.530839976789063,0.530839976789063,0.530839976789063,0.530839976789063,0.530839976789063,0.530839976789063,0.530839976789063,0.530839976789063,0.530839976789063,0.530839976789063,0.530839976789063,14.7158287789972,14.7158287789972,14.7158287789972,14.7158287789972,14.7158287789972,14.7158287789972,14.7158287789972,14.7158287789972,14.7158287789972,14.7158287789972,14.7158287789972,14.7158287789972,14.7158287789972,14.7158287789972,14.7158287789972,14.7158287789972,14.7158287789972,14.7158287789972,14.7158287789972,14.7158287789972,14.7158287789972,14.7158287789972,14.7158287789972,14.7158287789972,14.7158287789972,14.7158287789972
7058,PE,0,24.436586820392,76.9877840718194,76.9877840718194,76.9877840718194,76.9877840718194,76.9877840718194,76.9877840718194,76.9877840718194,76.9877840718194,76.9877840718194,76.9877840718194,76.9877840718194,76.9877840718194,76.9877840718194,76.9877840718194,76.9877840718194,76.9877840718194,76.9877840718194,76.9877840718194,76.9877840718194,76.9877840718194,76.9877840718194,76.9877840718194,76.9877840718194,76.9877840718194,76.9877840718194,76.9877840718194,76.9877840718194,76.9877840718194,76.9877840718194,76.9877840718194,76.9877840718194,76.9877840718194,76.9877840718194,76.9877840718194,76.9877840718194,76.9877840718194,76.9877840718194,76.9877840718194,76.9877840718194,76.9877840718194,76.9877840718194,76.9877840718194,76.9877840718194,76.9877840718194,76.9877840718194,76.9877840718194,76.9877840718194,76.9877840718194,76.9877840718194,76.9877840718194,76.9877840718194,76.9877840718194,76.9877840718194,76.9877840718194,76.9877840718194,76.9877840718194,76.9877840718194,76.9877840718194,76.9877840718194,76.9877840718194,76.9877840718194,76.9877840718194,76.9877840718194,76.9877840718194,76.9877840718194,76.9877840718194,76.9877840718194,76.9877840718194,76.9877840718194,76.9877840718194,76.9877840718194,76.9877840718194,76.9877840718194
7059,PE,0,0,0,0,0,0,0,0,0,0,0,0,0,0,0,0,0,0,0,0,0,0,0,0,0,0,0,0,0,0,0,0,0,0,0,0,0,0,0,0,0,0,0,0,0,0,0,0,0,0,0,0,0,0,0,0,0,0,0,0,0,0,0,0,0,0,0,0,0,0,0,0,0,0,0
7060,PE,0,0,0,0,0,0,0,0,0,0,0,0,0,0,0,0,0,0,0,0,0,0,0,0,0,0,0,0,0,0,0,0,0,0,0,0,0,0,0,0,0,0,0,0,0,0,0,0,0,0,0,0,0,0,0,0,0,0,0,0,0,0,0,0,0,0,0,0,0,0,0,0,0,0,0
7061,PE,0,0,0,0,0,0,0,0,0,0,0,0,0,0,0,0,0,0,0,0,0,0,0,0,0,0,0,0,0,0,0,0,0,0,0,0,0,0,0,0,0,0,0,0,0,0,0,0,0,0,0,0,0,0,0,0,0,0,0,0,0,0,0,0,0,0,0,0,0,0,0,0,0,0,0
7062,PE,0,0,0,0,0,0,0,0,0,0,0,0,0,0,0,0,0,0,0,0,0,0,0,0,0,0,0,0,0,0,0,0,0,0,0,0,0,0,0,0,0,0,0,0,0,0,0,0,0,0,0,0,0,0,0,0,0,0,0,0,0,0,0,0,0,0,0,0,0,0,0,0,0,0,0
7063,PE,0,0,0,0,0,0,0,0,0,0,0,0,0,0,0,0,0,0,0,0,0,0,0,0,0,0,0,0,0,0,0,0,0,0,0,0,0,0,0,0,0,0,0,0,0,0,0,0,0,0,0,0,0,0,0,0,0,0,0,0,0,0,0,0,0,24.0929830509693,24.0929830509693,24.0929830509693,24.0929830509693,24.0929830509693,24.0929830509693,24.0929830509693,24.0929830509693,24.0929830509693,24.0929830509693
7064,PE,0,0,0,0,0,0,0,0,0,0,0,0,0,0,0,0,0,0,0,0,0,0,0,0,0,0,0,0,0,0,0,0,0,0,0,0,0,0,0,0,0,0,0,0,0,0,0,0,0,0,0,0,0,0,0,0,0,0,0,0,0,0,0,0,0,0,0,0,0,0,0,0,0,0,0
7065,PE,0,0,62.6646826027525,62.6646826027525,62.6646826027525,62.6646826027525,62.6646826027525,62.6646826027525,62.6646826027525,62.6646826027525,62.6646826027525,62.6646826027525,62.6646826027525,62.6646826027525,62.6646826027525,62.6646826027525,62.6646826027525,62.6646826027525,62.6646826027525,62.6646826027525,62.6646826027525,62.6646826027525,62.6646826027525,62.6646826027525,62.6646826027525,62.6646826027525,62.6646826027525,62.6646826027525,62.6646826027525,62.6646826027525,62.6646826027525,66.3563989867119,66.3563989867119,66.3563989867119,66.3563989867119,66.3563989867119,66.3563989867119,66.3563989867119,66.3563989867119,66.3563989867119,66.3563989867119,66.3563989867119,66.3563989867119,66.3563989867119,66.3563989867119,66.3563989867119,66.3563989867119,66.3563989867119,66.3563989867119,66.3563989867119,66.3563989867119,66.3563989867119,66.3563989867119,66.3563989867119,66.3563989867119,66.3563989867119,66.3563989867119,66.3563989867119,66.3563989867119,66.3563989867119,66.3563989867119,66.3563989867119,66.3563989867119,66.3563989867119,66.3563989867119,66.3563989867119,66.3563989867119,66.3563989867119,66.3563989867119,66.3563989867119,66.3563989867119,66.3563989867119,66.3563989867119,66.3563989867119,66.3563989867119
7066,PE,0,0,0,0,0,0,0,0,0,0,0,0,0,0,4.24508453847469,4.24508453847469,4.24508453847469,4.24508453847469,4.24508453847469,4.24508453847469,4.24508453847469,4.24508453847469,4.24508453847469,4.24508453847469,4.24508453847469,4.24508453847469,4.24508453847469,4.24508453847469,4.24508453847469,4.24508453847469,4.24508453847469,4.24508453847469,4.24508453847469,4.24508453847469,4.24508453847469,4.24508453847469,4.24508453847469,4.24508453847469,4.24508453847469,4.24508453847469,4.24508453847469,4.24508453847469,4.24508453847469,4.24508453847469,4.24508453847469,4.24508453847469,4.24508453847469,4.24508453847469,4.24508453847469,4.24508453847469,4.24508453847469,4.24508453847469,4.24508453847469,4.24508453847469,4.24508453847469,4.24508453847469,4.24508453847469,4.24508453847469,4.24508453847469,4.24508453847469,4.24508453847469,4.24508453847469,4.24508453847469,4.24508453847469,4.24508453847469,4.24508453847469,4.24508453847469,4.24508453847469,4.24508453847469,4.24508453847469,4.24508453847469,4.24508453847469,4.24508453847469,4.24508453847469,4.24508453847469
7067,PE,0,0,0,0,0,0,0,0,0,0,0,0,0,0,0,0,0,0,0,0,0,0,0,0,0,0,0,0,0,0,0,0,0,0,0,0,0,0,0,0,0,0,0,0,0,0,0,0,0,0,0,0,0,0,0,0,0,0,0,0,0,0,0,0,0,0,0,0,0,0,0,0,0,0,0
7068,PE,0,0,0,0,0,0,0,0,0,0,0,0,0,0,0,0,0,0,0,0,0,0,0,0,0,0,0,0,0,0,0,0,0,0,0,0,0,0,0,0,0,0,0,0,0,0,0,0,0,0,0,0,0,0,0,0,0,0,0,0,0,0,0,0,0,0,0,0,0,0,0,0,0,0,0
7069,PE,0,0,0,0,0,0,0,0,0,0,0,0,0,0,0,0,0,0,0,0,0,0,0,0,0,0,0,0,0,0,0,0,0,0,0,0,0,0,0,0,0,0,0,0,0,0,0,0,0,0,0,0,0,0,0,0,0,0,0,0,0,0,0,0,0,0,0,0,0,0,0,0,0,0,0
7070,PE,0,0,0,0,0,0,0,0,0,0,0,0,0,0,0,0,0,0,43.9829099868394,63.1971687456298,63.1971687456298,63.1971687456298,63.1971687456298,63.1971687456298,63.1971687456298,63.1971687456298,63.1971687456298,63.1971687456298,63.1971687456298,63.1971687456298,63.1971687456298,63.1971687456298,63.1971687456298,63.1971687456298,63.1971687456298,63.1971687456298,63.1971687456298,63.1971687456298,63.1971687456298,63.1971687456298,63.1971687456298,63.1971687456298,63.1971687456298,63.1971687456298,63.1971687456298,63.1971687456298,63.1971687456298,63.1971687456298,63.1971687456298,63.1971687456298,63.1971687456298,63.1971687456298,63.1971687456298,63.1971687456298,63.1971687456298,63.1971687456298,63.1971687456298,63.1971687456298,63.1971687456298,63.1971687456298,63.1971687456298,63.1971687456298,63.1971687456298,63.1971687456298,63.1971687456298,63.1971687456298,63.1971687456298,63.1971687456298,63.1971687456298,63.1971687456298,63.1971687456298,63.1971687456298,63.1971687456298,63.1971687456298,63.1971687456298
7071,PE,0,0,0,0,0,0,0,0,0,0,0,0,0,0,0,0,0,0,0,0,0,0,0,0,0,0,0,0,0,0,0,0,0,0,0,0,0,0,0,0,0,0,0,0,0,0,0,0,0,0,0,0,0,0,0,0,0,0,0,0,0,0,0,0,0,0,0,0,0,0,0,0,0,0,0
7072,PE,0,0,0,0,0,0,0,0,0,0,0,0,0,0,0,0,0,0,0,0,0,0,0,0,0,0,0,0,0,0,0,0,0,0,0,0,0,0,0,0,0,0,0,0,0,0,0,0,0,0,0,0,0,0,0,0,0,0,0,0,0,0,0,0,0,0,0,0,0,0,0,0,0,0,0
7073,PE,0,0,0,0,0,0,0,0,0,0,0,0,0,0,0,0,0,0,0,0,0,0,0,0,0,0,0,0,0,0,0,0,0,0,0,0,0,0,0,0,0,0,0,0,0,0,0,0,0,0,0,0,0,0,0,0,0,0,0,0,0,0,0,0,0,0,0,0,0,0,0,0,0,0,0
7074,PE,0,0,0,0,0,0,0,0,0,0,0,0,0,0,0,0,0,0,0,0,0,0,0,0,0,0,0,0,0,0,0,0,0,0,0,0,0,0,0,0,0,0,0,0,0,0,0,0,0,0,0,0,0,0,0,0,0,0,23.4466258693141,33.3160754094731,33.3160754094731,33.3160754094731,33.3160754094731,33.3160754094731,33.3160754094731,33.3160754094731,33.3160754094731,33.3160754094731,33.3160754094731,33.3160754094731,33.3160754094731,33.3160754094731,33.3160754094731,33.3160754094731,33.3160754094731
7075,PE,0,0,0,0,0,0,0,0,0,0,0,0,0,0,0,0,0,0,0,0,0,0,0,0,0,0,0,0,0,0,0,0,0,0,0,0,0,0,0,0,0,0,0,0,0,0,0,0,0,0,0,0,0,0,0,0,0,0,0,0,0,0,0,0,0,0,0,0,0,0,0,0,0,0,0
7076,PE,0,0,0,0,0,0,0,0,0,0,0,0,0,0,0,0,0,0,0,0,0,0,0,0,0,0,0,0,0,0,0,0,0,0,0,0,0,0,0,0,0,0,0,0,0,0,0,0,0,0,0,0,0,0,0,0,0,0,0,0,0,0,0,0,0,0,0,0,0,0,0,0,0,0,0
7077,PE,0,15.4983565742228,15.4983565742228,15.4983565742228,15.4983565742228,15.4983565742228,15.4983565742228,15.4983565742228,15.4983565742228,15.4983565742228,15.4983565742228,15.4983565742228,15.4983565742228,15.4983565742228,15.4983565742228,15.4983565742228,15.4983565742228,15.4983565742228,15.4983565742228,15.4983565742228,15.4983565742228,15.4983565742228,15.4983565742228,15.4983565742228,15.4983565742228,15.4983565742228,15.4983565742228,15.4983565742228,15.4983565742228,15.4983565742228,15.4983565742228,15.4983565742228,15.4983565742228,15.4983565742228,15.4983565742228,15.4983565742228,15.4983565742228,15.4983565742228,15.4983565742228,15.4983565742228,15.4983565742228,15.4983565742228,15.4983565742228,15.4983565742228,15.4983565742228,15.4983565742228,15.4983565742228,15.4983565742228,15.4983565742228,15.4983565742228,15.4983565742228,15.4983565742228,15.4983565742228,15.4983565742228,15.4983565742228,15.4983565742228,15.4983565742228,15.4983565742228,15.4983565742228,15.4983565742228,15.4983565742228,15.4983565742228,15.4983565742228,15.4983565742228,15.4983565742228,15.4983565742228,15.4983565742228,15.4983565742228,15.4983565742228,15.4983565742228,15.4983565742228,15.4983565742228,15.4983565742228,15.4983565742228,15.4983565742228
7078,PE,0,0,0,0,0,0,0,0,0,0,0,0,0,0,0,0,0,0,0,0,0,0,0,0,0,0,0,0,0,0,0,0,0,0,0,0,0,0,0,0,0,0,0,0,0,0,0,0,0,0,0,0,0,0,0,0,0,0,0,0,0,0,0,0,0,0,0,0,0,0,0,0,0,0,0
7079,PE,0,0,0,0,0,0,0,0,0,0,0,0,0,0,0,0,0,0,0,0,0,0,0,0,0,0,0,0,0,0,0,0,0,0,0,0,0,0,0,0,0,0,0,0,0,0,0,0,0,0,0,0,0,0,0,0,0,0,0,0,0,0,0,0,0,0,0,0,0,0,0,0,0,0,0
7080,PE,0,0,0,0,0,0,0,0,0,0,0,0,0,0,0,0,0,0,0,0,0,0,0,0,0,0,0,0,0,0,0,0,0,0,0,0,0,0,0,0,0,0,0,0,0,0,0,0,0,0,0,0,0,0,0,0,0,0,0,0,0,0,0,0,0,0,0,0,0,0,0,0,0,0,0
7081,PE,0,0,0,0,0,0,0,0,0,0,0,0,0,0,0,0,0,0,0,0,0,0,0,0,0,0,0,0,0,0,0,0,0,0,0,0,0,0,0,0,0,0,0,0,0,0,0,0,0,0,0,0,0,0,0,0,0,0,0,0,0,0,0,0,0,0,0,0,0,0,0,0,0,0,0
7082,PE,0,0,0,0,0,0,0,0,0,0,0,0,0,0,0,0,0,0,0,0,0,0,0,0,0,0,0,0,0,0,0,0,0,0,0,0,0,0,0,0,0,0,0,0,0,0,0,0,0,0,0,0,0,0,0,0,0,0,0,0,0,0,0,0,0,0,0,0,0,0,0,0,0,0,0
7083,PE,0,0,0,0,0,0,0,0,0,0,0,0,0,0,0,0,0,0,0,0,0,0,0,0,0,0,0,0,0,0,0,0,0,0,0,0,0,0,0,0,0,0,0,0,0,0,0,0,0,0,0,0,0,0,0,0,0,0,0,0,0,0,0,0,0,0,0,0,0,0,0,0,0,0,0
7084,PE,0,0,0,0,0,0,0,0,0,0,0,0,0,0,0,0,0,0,0,0,0,0,0,0,0,0,0,0,0,0,0,0,0,0,0,0,0,0,0,0,0,0,0,0,0,0,0,0,0,0,0,0,0,0,0,0,0,0,0,0,0,0,0,0,0,0,0,0,0,0,0,0,0,0,0
7085,PE,40.1321386459895,40.1321386459895,40.1321386459895,40.1321386459895,40.1321386459895,40.1321386459895,40.1321386459895,40.1321386459895,60.8050667563279,60.8050667563279,60.8050667563279,60.8050667563279,78.5715056039757,165.290328341254,165.290328341254,165.290328341254,165.290328341254,165.290328341254,165.290328341254,165.290328341254,165.290328341254,165.290328341254,165.290328341254,165.290328341254,165.290328341254,165.290328341254,165.290328341254,165.290328341254,165.290328341254,165.290328341254,165.290328341254,165.290328341254,165.290328341254,165.290328341254,165.290328341254,165.290328341254,165.290328341254,165.290328341254,165.290328341254,165.290328341254,165.290328341254,165.290328341254,165.290328341254,165.290328341254,165.290328341254,165.290328341254,165.290328341254,165.290328341254,165.290328341254,165.290328341254,165.290328341254,165.290328341254,165.290328341254,165.290328341254,165.290328341254,165.290328341254,165.290328341254,165.290328341254,165.290328341254,165.290328341254,165.290328341254,165.290328341254,165.290328341254,165.290328341254,165.290328341254,165.290328341254,165.290328341254,165.290328341254,165.290328341254,165.290328341254,165.290328341254,165.290328341254,165.290328341254,165.290328341254,165.290328341254
7086,PE,0,0,0,0,0,0,0,0,0,0,0,0,56.4944317359519,56.4944317359519,56.4944317359519,56.4944317359519,56.4944317359519,56.4944317359519,56.4944317359519,56.4944317359519,56.4944317359519,56.4944317359519,56.4944317359519,56.4944317359519,56.4944317359519,56.4944317359519,56.4944317359519,56.4944317359519,56.4944317359519,56.4944317359519,56.4944317359519,56.4944317359519,56.4944317359519,56.4944317359519,56.4944317359519,56.4944317359519,56.4944317359519,56.4944317359519,56.4944317359519,56.4944317359519,56.4944317359519,56.4944317359519,56.4944317359519,56.4944317359519,56.4944317359519,56.4944317359519,56.4944317359519,56.4944317359519,56.4944317359519,56.4944317359519,56.4944317359519,56.4944317359519,56.4944317359519,56.4944317359519,56.4944317359519,56.4944317359519,56.4944317359519,56.4944317359519,56.4944317359519,56.4944317359519,56.4944317359519,56.4944317359519,56.4944317359519,56.4944317359519,56.4944317359519,56.4944317359519,56.4944317359519,56.4944317359519,56.4944317359519,56.4944317359519,56.4944317359519,56.4944317359519,56.4944317359519,56.4944317359519,56.4944317359519
7087,PE,0,0,0,0,0,0,0,0,0,0,0,0,0,0,0,0,0,0,0,0,0,0,0,0,0,0,0,0,0,0,0,0,0,0,0,0,0,0,0,0,0,0,0,0,0,0,0,0,0,0,0,0,0,0,0,0,0,0,0,0,0,0,0,0,0,0,0,0,0,0,0,0,0,0,0
7088,PE,0,0,0,0,0,0,0,0,0,0,23.3271350968723,23.3271350968723,23.3271350968723,23.3271350968723,23.3271350968723,23.3271350968723,23.3271350968723,23.3271350968723,23.3271350968723,23.3271350968723,23.3271350968723,23.3271350968723,23.3271350968723,23.3271350968723,23.3271350968723,23.3271350968723,23.3271350968723,23.3271350968723,23.3271350968723,23.3271350968723,23.3271350968723,23.3271350968723,23.3271350968723,23.3271350968723,23.3271350968723,23.3271350968723,23.3271350968723,23.3271350968723,23.3271350968723,23.3271350968723,23.3271350968723,23.3271350968723,23.3271350968723,23.3271350968723,23.3271350968723,23.3271350968723,23.3271350968723,23.3271350968723,23.3271350968723,23.3271350968723,23.3271350968723,23.3271350968723,23.3271350968723,23.3271350968723,23.3271350968723,23.3271350968723,23.3271350968723,23.3271350968723,23.3271350968723,23.3271350968723,23.3271350968723,23.3271350968723,23.3271350968723,23.3271350968723,23.3271350968723,23.3271350968723,23.3271350968723,23.3271350968723,23.3271350968723,23.3271350968723,23.3271350968723,23.3271350968723,23.3271350968723,23.3271350968723,23.3271350968723
7089,PE,0,0,0,0,0,0,0,0,0,0,0,0,0,0,0,0,0,0,0,0,0,0,0,0,0,0,0,0,0,0,0,0,0,0,0,0,0,0,0,0,0,0,0,0,0,0,0,0,0,0,0,0,0,0,0,0,0,0,0,0,0,0,0,0,0,0,0,0,0,0,0,0,0,0,0
7090,PE,0,0,35.5847378722851,35.5847378722851,35.5847378722851,35.5847378722851,35.5847378722851,35.5847378722851,35.5847378722851,35.5847378722851,35.5847378722851,35.5847378722851,35.5847378722851,35.5847378722851,35.5847378722851,35.5847378722851,35.5847378722851,35.5847378722851,35.5847378722851,35.5847378722851,35.5847378722851,35.5847378722851,35.5847378722851,35.5847378722851,35.5847378722851,35.5847378722851,35.5847378722851,40.2562073163872,40.2562073163872,40.2562073163872,40.2562073163872,40.2562073163872,40.2562073163872,40.2562073163872,40.2562073163872,40.2562073163872,40.2562073163872,40.2562073163872,40.2562073163872,40.2562073163872,40.2562073163872,40.2562073163872,40.2562073163872,40.2562073163872,40.2562073163872,40.2562073163872,40.2562073163872,40.2562073163872,40.2562073163872,40.2562073163872,40.2562073163872,40.2562073163872,40.2562073163872,40.2562073163872,40.2562073163872,40.2562073163872,40.2562073163872,40.2562073163872,40.2562073163872,40.2562073163872,40.2562073163872,40.2562073163872,40.2562073163872,40.2562073163872,40.2562073163872,40.2562073163872,40.2562073163872,40.2562073163872,40.2562073163872,40.2562073163872,40.2562073163872,40.2562073163872,40.2562073163872,40.2562073163872,40.2562073163872
7091,PE,0,0,0,0,0,0,0,0,0,0,0,0,0,0,0,0,0,0,0,0,0,0,0,0,0,0,0,0,0,0,0,0,0,0,0,0,0,0,0,0,0,0,0,0,0,0,0,0,0,0,0,0,0,0,0,0,0,0,0,0,0,0,0,0,0,0,0,0,0,0,0,0,0,0,0
7092,PE,0,0,0,0,0,0,0,0,0,0,0,0,0,0,0,0,0,0,0,0,0,0,0,0,0,0,0,0,0,0,0,0,0,0,0,0,0,0,0,0,0,0,0,0,0,0,0,0,0,0,0,0,0,0,0,0,0,0,0,0,0,0,0,0,0,0,0,0,0,0,0,0,0,0,0
7093,PE,0,0,0,0,0,0,0,0,0,0,0,0,0,0,0,0,0,0,0,0,0,0,0,0,0,0,0,0,0,0,0,0,0,0,0,0,0,0,0,0,0,0,0,0,0,0,0,0,0,0,0,0,0,0,0,0,0,0,0,0,0,0,0,0,0,0,0,0,0,0,0,0,0,0,0
7094,PE,0,0,0,0,0,0,0,0,0,0,0,0,0,0,0,0,0,0,0,0,0,0,0,0,0,0,0,0,0,0,0,0,0,0,0,0,0,0,0,0,0,0,0,0,0,0,0,0,0,0,0,0,0,0,0,0,0,0,0,0,0,0,0,0,0,0,0,0,0,0,0,0,0,0,0
7095,PE,0,0,0,0,0,0,0,0,0,0,0,0,0,0,0,0,0,0,0,0,0,0,0,0,0,0,0,0,0,0,0,0,0,0,0,0,0,0,0,0,0,0,0,0,0,0,0,0,0,0,0,0,0,0,0,0,0,0,0,0,0,0,0,0,0,0,0,0,0,0,0,0,0,0,0
7096,PE,0,0,0,0,0,0,0,0,0,0,0,0,0,0,0,0,0,0,0,0,0,0,0,0,0,0,0,0,0,0,0,0,0,0,0,0,0,0,0,0,0,0,0,0,0,0,0,0,0,0,0,0,0,0,0,0,0,0,0,0,0,0,0,0,0,0,0,0,0,0,0,0,0,0,0
7097,PE,0,0,0,0,0,0,0,0,0,0,0,0,0,0,0,0,0,0,0,0,0,0,0,0,0,0,0,0,0,0,0,0,0,0,0,0,0,0,0,0,0,0,0,0,0,0,0,0,0,0,0,0,0,0,0,0,0,0,0,0,0,0,0,0,0,0,0,0,0,0,0,0,0,0,0
7098,PE,0,0,0,0,0,0,0,0,0,25.8425089512021,25.8425089512021,25.8425089512021,25.8425089512021,25.8425089512021,25.8425089512021,25.8425089512021,25.8425089512021,25.8425089512021,25.8425089512021,25.8425089512021,25.8425089512021,25.8425089512021,25.8425089512021,25.8425089512021,25.8425089512021,25.8425089512021,25.8425089512021,25.8425089512021,25.8425089512021,25.8425089512021,25.8425089512021,25.8425089512021,25.8425089512021,25.8425089512021,25.8425089512021,25.8425089512021,25.8425089512021,25.8425089512021,25.8425089512021,25.8425089512021,25.8425089512021,25.8425089512021,25.8425089512021,25.8425089512021,25.8425089512021,25.8425089512021,25.8425089512021,25.8425089512021,25.8425089512021,25.8425089512021,25.8425089512021,61.2801275647914,61.2801275647914,61.2801275647914,61.2801275647914,61.2801275647914,61.2801275647914,61.2801275647914,61.2801275647914,61.2801275647914,61.2801275647914,61.2801275647914,61.2801275647914,61.2801275647914,61.2801275647914,61.2801275647914,61.2801275647914,61.2801275647914,61.2801275647914,61.2801275647914,61.2801275647914,61.2801275647914,61.2801275647914,61.2801275647914,61.2801275647914
7099,PE,0,0,0,0,0,0,0,0,0,0,0,0,0,0,0,0,0,0,0,0,0,0,0,0,0,0,0,0,0,0,0,0,0,0,0,0,0,0,0,0,0,0,0,0,0,0,0,0,0,0,0,0,0,0,0,0,0,0,0,0,0,0,0,0,0,0,0,0,0,0,0,0,0,0,0
7100,PE,0,0,0,0,0,0,0,0,0,0,0,0,0,0,0,0,0,0,0,0,0,0,0,0,0,0,0,0,0,0,0,0,0,0,0,0,0,0,0,0,0,0,0,0,0,0,0,0,0,0,0,0,0,0,0,0,0,0,0,0,0,0,0,0,0,0,0,0,0,0,0,0,0,0,0
7101,PE,0,0,0,0,0,0,0,0,0,0,0,0,0,0,0,0,0,0,0,0,0,0,0,0,0,0,0,0,0,0,0,0,0,0,0,0,0,0,0,0,0,0,0,0,0,0,0,0,0,0,0,0,0,0,0,0,0,0,0,0,0,0,0,0,0,0,0,0,35.2364500173096,35.2364500173096,35.2364500173096,35.2364500173096,35.2364500173096,35.2364500173096,35.2364500173096
7102,PE,0,0,0,0,0,0,0,0,0,0,0,0,0,85.0472716185172,85.0472716185172,85.0472716185172,85.0472716185172,85.0472716185172,85.0472716185172,85.0472716185172,85.0472716185172,85.0472716185172,85.0472716185172,85.0472716185172,85.0472716185172,85.0472716185172,85.0472716185172,85.0472716185172,85.0472716185172,85.0472716185172,85.0472716185172,85.0472716185172,85.0472716185172,85.0472716185172,85.0472716185172,85.0472716185172,85.0472716185172,85.0472716185172,85.0472716185172,85.0472716185172,85.0472716185172,85.0472716185172,85.0472716185172,85.0472716185172,85.0472716185172,85.0472716185172,85.0472716185172,85.0472716185172,85.0472716185172,85.0472716185172,85.0472716185172,85.0472716185172,85.0472716185172,85.0472716185172,85.0472716185172,85.0472716185172,85.0472716185172,85.0472716185172,85.0472716185172,85.0472716185172,85.0472716185172,85.0472716185172,85.0472716185172,85.0472716185172,85.0472716185172,85.0472716185172,85.0472716185172,85.0472716185172,85.0472716185172,85.0472716185172,85.0472716185172,85.0472716185172,85.0472716185172,85.0472716185172,85.0472716185172
7103,PE,0,0,0,0,0,0,0,0,0,39.9243390863827,39.9243390863827,39.9243390863827,39.9243390863827,39.9243390863827,103.421451172182,103.421451172182,103.421451172182,103.421451172182,103.421451172182,103.421451172182,103.421451172182,103.421451172182,103.421451172182,103.421451172182,103.421451172182,103.421451172182,103.421451172182,103.421451172182,103.421451172182,103.421451172182,103.421451172182,103.421451172182,103.421451172182,103.421451172182,103.421451172182,103.421451172182,103.421451172182,103.421451172182,103.421451172182,103.421451172182,103.421451172182,103.421451172182,103.421451172182,103.421451172182,103.421451172182,103.421451172182,103.421451172182,103.421451172182,103.421451172182,103.421451172182,103.421451172182,103.421451172182,103.421451172182,103.421451172182,103.421451172182,103.421451172182,103.421451172182,103.421451172182,103.421451172182,103.421451172182,103.421451172182,103.421451172182,103.421451172182,103.421451172182,103.421451172182,103.421451172182,103.421451172182,103.421451172182,103.421451172182,103.421451172182,103.421451172182,103.421451172182,103.421451172182,103.421451172182,103.421451172182
7104,PE,0,0,0,0,0,0,0,0,0,0,0,0,0,0,0,0,0,0,0,0,0,0,0,0,0,0,0,0,0,0,0,0,0,0,0,0,0,0,0,0,0,0,0,0,0,0,0,0,0,0,0,0,0,0,0,0,0,0,0,0,0,0,0,0,0,0,0,0,0,0,0,0,0,0,0
7105,PE,0,0,0,0,0,0,0,0,0,0,0,0,0,0,0,0,0,0,0,0,0,0,0,0,0,0,0,0,0,0,0,0,0,0,0,0,0,0,0,0,0,0,0,0,0,0,0,0,0,0,0,0,0,0,0,0,0,0,0,0,0,0,0,0,0,0,0,0,0,0,0,0,0,0,0
7106,PE,0,0,0,0,0,0,0,0,0,0,0,0,0,0,0,0,0,0,0,0,0,0,0,0,0,0,0,0,0,0,0,0,0,0,0,0,0,0,0,0,0,0,0,0,0,0,0,0,0,0,0,0,0,0,0,0,0,0,0,0,0,0,0,0,0,0,0,0,0,0,0,0,0,0,0
7107,PE,0,0,0,0,0,0,0,0,0,0,0,0,0,0,0,0,0,0,0,0,0,0,0,0,0,0,0,0,0,0,0,0,0,0,0,0,0,0,0,0,0,0,0,0,0,0,0,0,0,0,0,0,0,0,0,0,0,0,0,0,0,0,0,0,0,0,0,0,0,0,0,0,0,0,0
7108,PE,0,0,19.8809134669017,19.8809134669017,19.8809134669017,19.8809134669017,19.8809134669017,19.8809134669017,19.8809134669017,47.2286856730034,47.2286856730034,47.2286856730034,47.2286856730034,47.2286856730034,47.2286856730034,47.2286856730034,47.2286856730034,47.2286856730034,47.2286856730034,47.2286856730034,47.2286856730034,47.2286856730034,47.2286856730034,47.2286856730034,47.2286856730034,47.2286856730034,47.2286856730034,47.2286856730034,47.2286856730034,47.2286856730034,47.2286856730034,47.2286856730034,47.2286856730034,47.2286856730034,47.2286856730034,47.2286856730034,47.2286856730034,47.2286856730034,47.2286856730034,47.2286856730034,47.2286856730034,47.2286856730034,47.2286856730034,47.2286856730034,47.2286856730034,47.2286856730034,47.2286856730034,47.2286856730034,47.2286856730034,47.2286856730034,47.2286856730034,47.2286856730034,47.2286856730034,47.2286856730034,47.2286856730034,47.2286856730034,47.2286856730034,47.2286856730034,47.2286856730034,47.2286856730034,47.2286856730034,47.2286856730034,47.2286856730034,47.2286856730034,47.2286856730034,47.2286856730034,47.2286856730034,47.2286856730034,47.2286856730034,47.2286856730034,47.2286856730034,47.2286856730034,47.2286856730034,47.2286856730034,47.2286856730034
7109,PE,0,0,0,0,0,0,0,0,0,0,0,0,0,0,0,0,0,0,0,0,0,0,0,0,0,0,0,0,0,0,0,0,0,0,0,0,0,0,0,0,0,0,0,0,0,0,0,0,0,0,0,0,0,0,0,0,0,0,0,0,0,0,0,0,0,0,0,0,0,0,0,0,0,0,0
7110,PE,0,0,0,0,0,0,0,0,0,0,0,0,0,0,0,0,0,0,0,0,0,0,0,0,0,0,0,0,0,0,0,0,0,0,0,0,0,0,0,0,0,0,0,0,0,0,0,0,0,0,0,0,0,0,0,0,0,0,0,0,0,0,0,0,0,0,0,0,0,0,0,0,0,0,0
7111,PE,0,0,0,0,0,0,0,0,0,0,0,0,0,0,0,0,0,0,0,0,0,0,0,0,0,0,0,0,0,0,0,0,0,0,0,0,0,0,0,0,0,0,0,0,0,0,0,0,0,0,0,0,0,0,0,0,0,0,0,0,0,0,0,0,0,0,0,0,0,0,0,0,0,0,0
7112,PE,0,0,0,0,0,0,0,0,0,0,0,0,0,0,0,0,0,0,0,0,0,0,0,0,0,0,0,0,0,0,0,0,0,0,0,0,0,0,0,0,0,0,0,0,0,0,0,0,0,0,0,0,0,0,0,0,0,0,0,0,0,0,0,0,0,0,0,0,0,0,0,0,0,0,0
7113,PE,0,0,0,0,0,0,0,0,0,0,0,0,0,0,0,0,0,0,0,0,0,0,0,0,0,0,0,0,0,0,0,0,0,0,0,0,0,0,0,0,0,0,0,0,0,0,0,0,0,0,0,0,0,0,0,0,0,0,0,0,0,0,0,0,0,0,0,0,0,0,0,0,0,0,0
7114,PE,0,0,0,0,0,0,0,0,75.8396241740862,75.8396241740862,75.8396241740862,75.8396241740862,75.8396241740862,75.8396241740862,75.8396241740862,75.8396241740862,75.8396241740862,75.8396241740862,75.8396241740862,75.8396241740862,75.8396241740862,75.8396241740862,75.8396241740862,75.8396241740862,75.8396241740862,75.8396241740862,75.8396241740862,75.8396241740862,75.8396241740862,75.8396241740862,75.8396241740862,75.8396241740862,75.8396241740862,75.8396241740862,75.8396241740862,75.8396241740862,75.8396241740862,75.8396241740862,75.8396241740862,75.8396241740862,75.8396241740862,75.8396241740862,75.8396241740862,75.8396241740862,75.8396241740862,75.8396241740862,75.8396241740862,75.8396241740862,75.8396241740862,75.8396241740862,75.8396241740862,75.8396241740862,75.8396241740862,75.8396241740862,75.8396241740862,75.8396241740862,75.8396241740862,75.8396241740862,75.8396241740862,75.8396241740862,75.8396241740862,75.8396241740862,75.8396241740862,75.8396241740862,75.8396241740862,75.8396241740862,75.8396241740862,75.8396241740862,75.8396241740862,75.8396241740862,75.8396241740862,75.8396241740862,75.8396241740862,75.8396241740862,75.8396241740862
7115,PE,0,0,0,0,0,0,0,0,0,0,0,0,0,0,0,0,0,0,0,0,0,0,0,0,0,0,0,0,0,0,0,0,0,0,0,0,0,0,0,0,0,0,0,0,0,0,0,0,0,0,0,0,0,0,0,0,0,0,0,0,0,0,0,0,0,0,0,0,0,0,0,0,0,0,0
7116,PE,0,0,0,0,0,0,0,0,0,0,0,0,0,0,0,0,0,0,0,0,0,0,0,0,0,0,9.77942522813043,9.77942522813043,9.77942522813043,9.77942522813043,9.77942522813043,38.7261549732873,38.7261549732873,38.7261549732873,38.7261549732873,38.7261549732873,38.7261549732873,38.7261549732873,38.7261549732873,38.7261549732873,38.7261549732873,38.7261549732873,38.7261549732873,38.7261549732873,38.7261549732873,38.7261549732873,38.7261549732873,38.7261549732873,38.7261549732873,38.7261549732873,38.7261549732873,38.7261549732873,38.7261549732873,38.7261549732873,38.7261549732873,38.7261549732873,38.7261549732873,38.7261549732873,38.7261549732873,38.7261549732873,38.7261549732873,38.7261549732873,38.7261549732873,38.7261549732873,38.7261549732873,38.7261549732873,38.7261549732873,38.7261549732873,38.7261549732873,38.7261549732873,38.7261549732873,38.7261549732873,38.7261549732873,38.7261549732873,38.7261549732873
7117,PE,0,0,0,0,0,0,0,0,0,0,0,0,0,0,0,0,0,0,0,0,0,0,0,0,0,0,0,0,0,0,0,0,0,0,0,0,0,0,0,0,0,0,0,0,0,0,0,0,0,0,0,0,0,0,0,0,0,0,0,0,0,0,0,0,0,0,0,0,0,0,0,0,0,0,0
7118,PE,0,0,0,0,0,0,0,0,0,0,0,0,0,0,0,0,0,0,56.4268871886448,56.4268871886448,56.4268871886448,56.4268871886448,56.4268871886448,56.4268871886448,56.4268871886448,56.4268871886448,56.4268871886448,56.4268871886448,56.4268871886448,56.4268871886448,56.4268871886448,56.4268871886448,56.4268871886448,56.4268871886448,56.4268871886448,56.4268871886448,56.4268871886448,56.4268871886448,56.4268871886448,56.4268871886448,56.4268871886448,56.4268871886448,56.4268871886448,56.4268871886448,56.4268871886448,56.4268871886448,56.4268871886448,56.4268871886448,56.4268871886448,56.4268871886448,56.4268871886448,56.4268871886448,56.4268871886448,56.4268871886448,56.4268871886448,56.4268871886448,56.4268871886448,56.4268871886448,56.4268871886448,56.4268871886448,56.4268871886448,56.4268871886448,56.4268871886448,56.4268871886448,56.4268871886448,56.4268871886448,56.4268871886448,56.4268871886448,56.4268871886448,56.4268871886448,56.4268871886448,56.4268871886448,56.4268871886448,56.4268871886448,56.4268871886448
7119,PE,0,0,0,0,0,0,0,0,0,0,0,0,0,0,0,0,0,0,0,0,0,0,0,0,0,0,0,0,0,0,0,0,0,0,0,0,0,0,0,0,0,0,0,0,0,0,0,0,0,0,0,0,0,0,0,0,0,0,0,0,0,0,0,0,0,0,0,0,0,0,0,0,0,0,0
7120,PE,0,0,0,0,0,0,0,0,0,0,0,0,89.3371701013823,89.3371701013823,89.3371701013823,89.3371701013823,89.3371701013823,89.3371701013823,89.3371701013823,89.3371701013823,89.3371701013823,89.3371701013823,89.3371701013823,89.3371701013823,89.3371701013823,89.3371701013823,89.3371701013823,89.3371701013823,89.3371701013823,89.3371701013823,89.3371701013823,89.3371701013823,89.3371701013823,89.3371701013823,89.3371701013823,89.3371701013823,89.3371701013823,89.3371701013823,89.3371701013823,89.3371701013823,89.3371701013823,89.3371701013823,89.3371701013823,89.3371701013823,89.3371701013823,89.3371701013823,89.3371701013823,89.3371701013823,89.3371701013823,89.3371701013823,89.3371701013823,89.3371701013823,89.3371701013823,89.3371701013823,89.3371701013823,89.3371701013823,89.3371701013823,89.3371701013823,89.3371701013823,89.3371701013823,89.3371701013823,89.3371701013823,89.3371701013823,89.3371701013823,89.3371701013823,89.3371701013823,89.3371701013823,89.3371701013823,89.3371701013823,89.3371701013823,89.3371701013823,89.3371701013823,89.3371701013823,89.3371701013823,89.3371701013823
7121,PE,49.255390986006,49.255390986006,49.255390986006,49.255390986006,49.255390986006,49.255390986006,49.255390986006,49.255390986006,121.149614821554,121.149614821554,121.149614821554,121.149614821554,173.272757694899,173.272757694899,173.272757694899,173.272757694899,173.272757694899,173.272757694899,173.272757694899,173.272757694899,173.272757694899,173.272757694899,173.272757694899,173.272757694899,173.272757694899,173.272757694899,173.272757694899,173.272757694899,173.272757694899,173.272757694899,173.272757694899,173.272757694899,173.272757694899,173.272757694899,173.272757694899,173.272757694899,173.272757694899,173.272757694899,173.272757694899,173.272757694899,173.272757694899,173.272757694899,173.272757694899,173.272757694899,173.272757694899,173.272757694899,173.272757694899,173.272757694899,173.272757694899,173.272757694899,173.272757694899,173.272757694899,173.272757694899,173.272757694899,173.272757694899,173.272757694899,173.272757694899,173.272757694899,173.272757694899,173.272757694899,173.272757694899,173.272757694899,173.272757694899,173.272757694899,173.272757694899,173.272757694899,173.272757694899,173.272757694899,173.272757694899,173.272757694899,173.272757694899,173.272757694899,173.272757694899,173.272757694899,173.272757694899
7122,PE,0,0,0,0,0,0,0,0,0,0,0,0,0,0,0,0,0,0,0,0,0,0,0,0,0,0,0,0,0,0,0,0,0,0,0,0,0,0,0,0,0,0,0,0,0,0,0,0,0,0,0,0,0,0,0,0,0,0,0,0,0,0,0,0,0,0,0,0,0,0,0,0,0,0,0
7123,PE,0,0,51.2622718769731,51.2622718769731,51.2622718769731,51.2622718769731,51.2622718769731,51.2622718769731,51.2622718769731,51.2622718769731,51.2622718769731,51.2622718769731,51.2622718769731,51.2622718769731,51.2622718769731,51.2622718769731,51.2622718769731,51.2622718769731,51.2622718769731,51.2622718769731,51.2622718769731,51.2622718769731,51.2622718769731,51.2622718769731,51.2622718769731,51.2622718769731,51.2622718769731,102.214848429473,102.214848429473,102.214848429473,102.214848429473,164.389515830491,164.389515830491,164.389515830491,164.389515830491,164.389515830491,164.389515830491,164.389515830491,164.389515830491,164.389515830491,164.389515830491,164.389515830491,164.389515830491,164.389515830491,164.389515830491,164.389515830491,164.389515830491,164.389515830491,164.389515830491,164.389515830491,164.389515830491,164.389515830491,164.389515830491,164.389515830491,164.389515830491,164.389515830491,164.389515830491,164.389515830491,164.389515830491,164.389515830491,164.389515830491,164.389515830491,164.389515830491,164.389515830491,164.389515830491,164.389515830491,164.389515830491,164.389515830491,164.389515830491,164.389515830491,164.389515830491,164.389515830491,164.389515830491,164.389515830491,164.389515830491
7124,PE,0,0,0,0,0,0,0,0,0,0,0,0,0,0,0,0,0,0,0,0,0,0,0,0,0,0,0,0,0,0,0,46.3146914201039,46.3146914201039,46.3146914201039,46.3146914201039,46.3146914201039,46.3146914201039,46.3146914201039,46.3146914201039,46.3146914201039,46.3146914201039,46.3146914201039,46.3146914201039,46.3146914201039,46.3146914201039,46.3146914201039,46.3146914201039,46.3146914201039,46.3146914201039,46.3146914201039,46.3146914201039,46.3146914201039,46.3146914201039,46.3146914201039,46.3146914201039,46.3146914201039,46.3146914201039,46.3146914201039,46.3146914201039,46.3146914201039,46.3146914201039,46.3146914201039,46.3146914201039,46.3146914201039,46.3146914201039,46.3146914201039,46.3146914201039,46.3146914201039,46.3146914201039,46.3146914201039,46.3146914201039,46.3146914201039,46.3146914201039,46.3146914201039,46.3146914201039
7125,PE,0,0,0,0,0,0,0,0,0,0,0,0,0,0,0,0,0,0,0,38.6912461182729,38.6912461182729,38.6912461182729,38.6912461182729,38.6912461182729,38.6912461182729,38.6912461182729,38.6912461182729,38.6912461182729,38.6912461182729,38.6912461182729,38.6912461182729,38.6912461182729,38.6912461182729,38.6912461182729,38.6912461182729,38.6912461182729,38.6912461182729,38.6912461182729,38.6912461182729,38.6912461182729,38.6912461182729,38.6912461182729,38.6912461182729,38.6912461182729,38.6912461182729,38.6912461182729,38.6912461182729,38.6912461182729,38.6912461182729,38.6912461182729,38.6912461182729,38.6912461182729,38.6912461182729,38.6912461182729,38.6912461182729,38.6912461182729,38.6912461182729,38.6912461182729,38.6912461182729,38.6912461182729,38.6912461182729,38.6912461182729,38.6912461182729,38.6912461182729,38.6912461182729,38.6912461182729,38.6912461182729,38.6912461182729,38.6912461182729,38.6912461182729,38.6912461182729,38.6912461182729,38.6912461182729,38.6912461182729,38.6912461182729
7126,PE,0,0,0,0,0,0,0,0,0,0,0,0,0,0,0,0,0,0,0,0,0,0,0,0,0,0,0,0,0,0,0,0,0,0,0,0,0,0,0,0,0,0,0,0,0,0,0,0,0,0,0,0,0,0,0,0,0,0,0,0,0,0,0,0,0,0,0,0,0,0,0,0,0,0,0
7127,PE,0,0,0,0,0,0,0,0,0,0,0,0,0,0,0,0,0,0,0,0,0,0,0,0,0,0,0,0,0,0,0,0,0,0,0,0,0,0,0,0,0,0,0,0,0,0,0,0,0,0,0,0,0,0,0,0,0,0,0,0,0,0,0,0,0,0,0,0,15.2373151852831,15.2373151852831,15.2373151852831,15.2373151852831,15.2373151852831,15.2373151852831,15.2373151852831
7128,PE,0,0,0,0,0,0,0,0,0,0,0,0,0,0,0,0,0,0,0,0,0,0,0,0,0,0,0,0,0,0,0,0,0,0,0,0,0,0,0,0,0,0,0,0,0,0,0,0,0,0,0,0,0,0,0,0,0,0,0,0,0,0,0,0,0,0,0,0,0,0,0,0,0,0,0
7129,PE,0,0,0,0,0,0,0,0,0,0,0,0,0,0,0,0,0,0,0,0,0,0,0,0,0,0,56.6328038158239,56.6328038158239,56.6328038158239,56.6328038158239,56.6328038158239,56.6328038158239,56.6328038158239,56.6328038158239,56.6328038158239,56.6328038158239,56.6328038158239,56.6328038158239,56.6328038158239,56.6328038158239,56.6328038158239,56.6328038158239,56.6328038158239,56.6328038158239,56.6328038158239,56.6328038158239,56.6328038158239,56.6328038158239,56.6328038158239,56.6328038158239,56.6328038158239,56.6328038158239,56.6328038158239,56.6328038158239,56.6328038158239,56.6328038158239,56.6328038158239,56.6328038158239,56.6328038158239,56.6328038158239,56.6328038158239,56.6328038158239,56.6328038158239,56.6328038158239,56.6328038158239,56.6328038158239,56.6328038158239,56.6328038158239,56.6328038158239,56.6328038158239,56.6328038158239,56.6328038158239,56.6328038158239,56.6328038158239,56.6328038158239
7130,PE,0,0,0,0,0,0,0,0,0,0,0,0,0,0,0,0,0,0,0,0,0,0,0,0,0,0,0,0,0,0,0,0,0,0,0,0,0,0,0,0,0,0,0,0,0,0,0,0,0,0,0,0,0,0,0,0,0,0,0,0,0,0,0,0,0,49.5959497529213,49.5959497529213,49.5959497529213,49.5959497529213,49.5959497529213,49.5959497529213,49.5959497529213,49.5959497529213,49.5959497529213,49.5959497529213
7131,PE,0,0,0,0,0,0,0,0,0,0,0,0,0,0,0,0,0,0,0,0,0,0,0,0,0,0,0,0,0,0,0,0,0,0,0,0,0,0,0,0,0,0,0,0,0,0,0,0,0,0,0,0,0,0,0,0,0,0,0,0,0,0,0,0,0,0,0,0,0,0,0,0,0,0,0
7132,PE,0,0,0,0,0,0,0,0,0,0,0,0,0,0,0,0,0,0,0,0,0,0,0,0,0,0,0,0,0,0,0,0,0,0,0,0,0,0,0,0,0,0,0,0,0,0,0,0,0,0,0,0,0,0,0,0,0,0,0,0,0,0,0,0,0,0,0,0,0,0,0,0,0,0,0
7133,PE,0,0,0,0,0,0,0,0,0,0,0,0,0,0,0,0,0,0,0,0,0,0,0,0,0,0,0,0,0,0,0,0,0,0,0,0,0,0,0,0,0,0,0,0,0,0,0,0,0,0,0,0,0,0,0,0,0,0,0,0,0,0,0,0,0,0,0,0,0,0,0,0,0,0,0
7134,PE,0,0,0,0,0,0,0,0,0,0,0,0,80.5320022570339,80.5320022570339,80.5320022570339,80.5320022570339,80.5320022570339,80.5320022570339,80.5320022570339,80.5320022570339,80.5320022570339,80.5320022570339,80.5320022570339,80.5320022570339,80.5320022570339,80.5320022570339,80.5320022570339,80.5320022570339,80.5320022570339,80.5320022570339,80.5320022570339,80.5320022570339,80.5320022570339,80.5320022570339,80.5320022570339,80.5320022570339,80.5320022570339,80.5320022570339,80.5320022570339,80.5320022570339,80.5320022570339,80.5320022570339,80.5320022570339,80.5320022570339,80.5320022570339,80.5320022570339,80.5320022570339,80.5320022570339,80.5320022570339,80.5320022570339,80.5320022570339,80.5320022570339,80.5320022570339,80.5320022570339,80.5320022570339,80.5320022570339,80.5320022570339,80.5320022570339,80.5320022570339,80.5320022570339,80.5320022570339,80.5320022570339,80.5320022570339,80.5320022570339,80.5320022570339,80.5320022570339,80.5320022570339,80.5320022570339,80.5320022570339,80.5320022570339,80.5320022570339,80.5320022570339,80.5320022570339,80.5320022570339,80.5320022570339
7135,PE,0,0,0,0,0,0,0,0,0,0,0,0,0,0,0,0,0,0,0,0,0,0,0,0,0,0,0,0,0,0,0,0,0,0,0,0,0,0,0,0,0,0,0,0,0,0,0,0,0,0,0,0,0,0,0,0,0,0,0,0,0,0,0,0,0,0,0,0,0,0,0,0,0,0,0
7136,PE,0,0,0,0,0,0,0,0,0,0,0,0,0,0,0,0,0,0,0,0,0,0,0,0,0,0,49.1336983790688,49.1336983790688,49.1336983790688,49.1336983790688,49.1336983790688,49.1336983790688,49.1336983790688,49.1336983790688,49.1336983790688,49.1336983790688,49.1336983790688,49.1336983790688,49.1336983790688,49.1336983790688,49.1336983790688,49.1336983790688,49.1336983790688,49.1336983790688,49.1336983790688,49.1336983790688,49.1336983790688,49.1336983790688,49.1336983790688,49.1336983790688,49.1336983790688,49.1336983790688,49.1336983790688,49.1336983790688,49.1336983790688,49.1336983790688,49.1336983790688,49.1336983790688,49.1336983790688,49.1336983790688,49.1336983790688,49.1336983790688,49.1336983790688,49.1336983790688,49.1336983790688,49.1336983790688,49.1336983790688,49.1336983790688,49.1336983790688,49.1336983790688,49.1336983790688,49.1336983790688,49.1336983790688,49.1336983790688,49.1336983790688
7137,PE,0,0,0,0,0,0,0,0,0,0,0,0,0,0,60.9143976366532,60.9143976366532,60.9143976366532,60.9143976366532,60.9143976366532,60.9143976366532,60.9143976366532,60.9143976366532,60.9143976366532,60.9143976366532,60.9143976366532,60.9143976366532,60.9143976366532,60.9143976366532,60.9143976366532,60.9143976366532,60.9143976366532,60.9143976366532,60.9143976366532,60.9143976366532,60.9143976366532,60.9143976366532,60.9143976366532,60.9143976366532,60.9143976366532,60.9143976366532,60.9143976366532,60.9143976366532,60.9143976366532,60.9143976366532,60.9143976366532,60.9143976366532,60.9143976366532,60.9143976366532,60.9143976366532,60.9143976366532,60.9143976366532,60.9143976366532,60.9143976366532,60.9143976366532,60.9143976366532,60.9143976366532,60.9143976366532,60.9143976366532,60.9143976366532,60.9143976366532,60.9143976366532,60.9143976366532,60.9143976366532,60.9143976366532,60.9143976366532,60.9143976366532,60.9143976366532,60.9143976366532,60.9143976366532,60.9143976366532,60.9143976366532,60.9143976366532,60.9143976366532,60.9143976366532,60.9143976366532
7138,PE,0,0,0,0,0,0,0,0,0,0,0,0,0,0,0,0,0,0,0,0,0,0,0,0,0,0,0,0,0,0,0,0,0,0,0,0,0,0,0,0,0,0,0,0,0,0,0,0,0,0,0,0,0,0,0,0,0,0,0,0,0,0,0,0,0,0,0,0,0,0,0,0,0,0,0
7139,PE,0,0,0,0,0,0,0,0,0,0,0,0,0,0,0,0,0,0,0,0,0,0,0,0,0,0,0,0,0,0,0,0,0,0,0,0,0,0,0,0,0,0,0,0,0,0,0,0,0,0,0,0,0,0,0,0,0,0,0,0,0,0,0,0,0,0,0,0,0,0,0,0,0,0,0
7140,PE,0,0,0,0,0,0,0,0,0,0,0,0,0,0,0,0,0,0,0,0,0,0,0,0,0,0,0,0,0,0,0,0,0,0,0,0,0,0,0,0,0,0,0,0,0,0,0,0,0,0,0,0,0,0,0,0,0,0,0,0,0,0,0,0,0,0,0,0,8.65496332765739,8.65496332765739,8.65496332765739,8.65496332765739,8.65496332765739,8.65496332765739,8.65496332765739
7141,PE,0,0,0,0,0,0,0,0,0,0,0,0,0,0,0,0,0,0,0,0,0,0,0,0,0,0,0,0,0,0,0,0,0,0,0,0,0,0,0,0,0,0,0,0,0,0,0,0,0,0,0,0,0,0,0,0,0,0,0,0,0,0,0,0,0,0,0,0,0,0,0,0,0,0,0
7142,PE,0,0,0,0,0,0,0,0,0,0,0,0,0,0,0,0,0,0,0,0,0,0,0,0,0,0,0,0,0,0,0,0,0,0,0,0,0,0,0,0,0,0,0,0,0,0,0,0,0,0,0,0,0,0,0,0,0,0,0,0,0,0,0,0,0,0,0,0,0,0,0,0,0,0,0
7143,PE,0,0,0,0,0,0,0,0,0,0,0,0,0,0,0,0,0,0,0,0,0,0,0,0,0,0,0,0,0,0,0,0,0,0,0,0,0,0,0,0,0,0,0,0,0,0,0,0,0,0,0,0,0,0,0,0,0,0,0,0,0,0,0,0,0,9.31860576097142,9.31860576097142,9.31860576097142,22.4471783861393,22.4471783861393,22.4471783861393,22.4471783861393,22.4471783861393,22.4471783861393,22.4471783861393
7144,PE,0,0,0,0,0,0,0,0,0,0,0,0,0,0,0,0,0,0,0,0,0,0,0,0,0,0,0,0,0,0,0,0,0,0,0,0,0,0,0,0,0,0,0,0,0,0,0,0,0,0,0,0,0,0,0,0,0,0,0,0,0,0,0,0,0,0,0,0,0,0,0,0,0,0,0
7145,PE,0,0,0,0,0,0,0,0,0,0,0,0,0,0,0,0,0,0,0,0,0,0,0,0,0,0,0,0,0,0,0,0,0,0,0,0,0,0,0,0,0,0,0,0,0,0,0,0,0,0,21.6487793306089,21.6487793306089,21.6487793306089,21.6487793306089,21.6487793306089,21.6487793306089,21.6487793306089,21.6487793306089,34.8990587675283,34.8990587675283,34.8990587675283,34.8990587675283,34.8990587675283,34.8990587675283,34.8990587675283,34.8990587675283,34.8990587675283,34.8990587675283,34.8990587675283,34.8990587675283,34.8990587675283,34.8990587675283,34.8990587675283,34.8990587675283,34.8990587675283
7146,PE,0,0,0,0,0,0,0,0,0,0,0,0,0,0,0,0,0,0,0,0,0,0,0,0,0,0,0,0,0,0,0,0,0,0,0,0,0,0,0,0,0,0,0,0,0,0,0,0,0,0,0,0,0,0,0,0,0,0,0,0,0,0,0,0,0,0,0,0,0,0,0,0,0,0,0
7147,PE,0,0,0,0,0,0,0,0,0,0,0,0,0,0,0,0,0,0,0,0,0,0,0,0,0,0,0,0,0,0,0,0,0,0,0,0,0,0,0,0,0,0,0,0,0,0,0,0,0,0,0,0,0,0,0,0,0,0,0,0,0,0,0,0,0,0,0,0,0,0,0,0,0,0,0
7148,PE,0,0,0,0,0,0,0,0,0,0,0,0,0,0,0,0,0,0,0,0,0,0,0,0,0,0,0,0,0,0,0,0,0,0,0,0,0,0,0,0,0,0,0,0,0,0,0,0,0,0,0,0,0,0,0,0,0,0,0,0,0,0,0,0,0,0,0,0,0,0,0,0,0,0,0
7149,PE,0,0,0,0,0,0,0,0,0,0,0,0,0,0,0,0,0,0,0,0,0,0,0,0,0,0,0,0,0,0,0,0,0,0,0,0,0,0,0,0,0,0,0,0,0,0,0,0,0,0,0,0,0,0,0,0,0,0,0,0,0,0,0,0,0,0,0,0,0,0,0,0,0,0,0
7150,PE,0,0,0,0,0,0,0,0,0,0,0,0,0,0,0,0,0,0,0,0,0,0,0,0,0,0,56.8154299023686,56.8154299023686,56.8154299023686,56.8154299023686,56.8154299023686,56.8154299023686,56.8154299023686,56.8154299023686,56.8154299023686,56.8154299023686,56.8154299023686,56.8154299023686,56.8154299023686,56.8154299023686,56.8154299023686,56.8154299023686,56.8154299023686,56.8154299023686,56.8154299023686,56.8154299023686,56.8154299023686,56.8154299023686,56.8154299023686,56.8154299023686,56.8154299023686,56.8154299023686,56.8154299023686,56.8154299023686,56.8154299023686,56.8154299023686,56.8154299023686,56.8154299023686,56.8154299023686,56.8154299023686,56.8154299023686,56.8154299023686,56.8154299023686,56.8154299023686,56.8154299023686,56.8154299023686,56.8154299023686,56.8154299023686,56.8154299023686,56.8154299023686,56.8154299023686,56.8154299023686,56.8154299023686,56.8154299023686,56.8154299023686
7151,PE,0,0,0,0,0,0,0,0,0,0,0,0,0,0,0,0,0,0,0,0,0,0,0,0,0,0,0,0,0,0,0,0,0,0,0,0,0,0,0,0,0,0,0,0,0,0,0,0,0,0,0,0,0,0,0,0,0,0,0,0,0,0,0,0,0,0,0,0,0,0,0,0,0,0,0
7152,PE,0,0,0,0,0,0,0,0,0,0,0,0,0,0,0,0,0,0,0,0,0,0,0,0,0,0,0,0,0,0,0,0,0,0,0,0,0,0,0,0,0,0,0,0,0,0,0,0,0,0,0,0,0,0,0,0,0,0,0,0,0,0,0,0,0,0,0,0,0,0,0,0,0,0,0
7153,PE,0,0,0,0,0,0,0,0,0,0,0,0,0,0,0,0,0,0,0,0,0,0,0,0,0,0,0,0,0,0,0,0,0,0,0,0,0,0,0,0,0,0,0,0,0,0,0,0,0,0,0,0,0,0,0,0,0,0,0,0,0,0,0,0,0,0,0,0,0,0,0,0,0,0,0
7154,PE,0,0,0,0,0,0,0,0,0,0,0,0,0,0,0,0,0,0,0,0,0,0,0,0,0,0,0,0,0,0,0,0,0,0,0,0,0,0,0,0,0,0,0,0,0,0,0,0,0,0,0,0,0,0,0,0,0,0,0,0,0,0,0,0,0,0,0,0,0,0,0,0,0,0,0
7155,PE,0,0,0,0,0,0,0,0,0,0,0,0,0,0,0,26.4946648596922,26.4946648596922,26.4946648596922,26.4946648596922,26.4946648596922,26.4946648596922,26.4946648596922,65.2760438784806,65.2760438784806,65.2760438784806,65.2760438784806,65.2760438784806,65.2760438784806,65.2760438784806,65.2760438784806,65.2760438784806,65.2760438784806,65.2760438784806,65.2760438784806,65.2760438784806,65.2760438784806,65.2760438784806,65.2760438784806,65.2760438784806,65.2760438784806,65.2760438784806,65.2760438784806,65.2760438784806,65.2760438784806,65.2760438784806,65.2760438784806,65.2760438784806,65.2760438784806,65.2760438784806,65.2760438784806,65.2760438784806,65.2760438784806,65.2760438784806,65.2760438784806,65.2760438784806,65.2760438784806,65.2760438784806,65.2760438784806,65.2760438784806,65.2760438784806,65.2760438784806,65.2760438784806,65.2760438784806,65.2760438784806,65.2760438784806,65.2760438784806,65.2760438784806,65.2760438784806,65.2760438784806,65.2760438784806,65.2760438784806,65.2760438784806,65.2760438784806,65.2760438784806,65.2760438784806
7156,PE,0,0,0,0,0,0,0,0,0,0,0,0,0,0,0,0,0,0,0,0,0,0,0,0,0,0,0,0,0,0,0,0,0,0,0,0,0,0,0,0,0,0,0,0,0,0,0,0,0,0,0,0,0,0,0,0,0,0,0,0,0,0,0,0,0,0,0,0,0,0,0,0,0,0,0
7157,PE,0,0,0,0,0,0,0,0,0,14.8708722060084,14.8708722060084,14.8708722060084,14.8708722060084,14.8708722060084,14.8708722060084,14.8708722060084,14.8708722060084,14.8708722060084,14.8708722060084,14.8708722060084,14.8708722060084,14.8708722060084,14.8708722060084,14.8708722060084,14.8708722060084,14.8708722060084,14.8708722060084,14.8708722060084,14.8708722060084,14.8708722060084,14.8708722060084,14.8708722060084,14.8708722060084,14.8708722060084,14.8708722060084,14.8708722060084,14.8708722060084,14.8708722060084,14.8708722060084,14.8708722060084,14.8708722060084,14.8708722060084,14.8708722060084,14.8708722060084,14.8708722060084,14.8708722060084,14.8708722060084,14.8708722060084,14.8708722060084,14.8708722060084,14.8708722060084,14.8708722060084,14.8708722060084,14.8708722060084,14.8708722060084,14.8708722060084,14.8708722060084,14.8708722060084,14.8708722060084,14.8708722060084,14.8708722060084,14.8708722060084,14.8708722060084,14.8708722060084,14.8708722060084,14.8708722060084,14.8708722060084,14.8708722060084,14.8708722060084,14.8708722060084,14.8708722060084,14.8708722060084,14.8708722060084,14.8708722060084,14.8708722060084
7158,PE,0,0,0,0,0,0,0,0,0,0,0,0,0,0,0,0,0,0,0,0,0,0,0,0,0,0,0,0,0,0,0,0,0,0,0,0,0,0,0,0,0,0,0,0,0,0,0,0,0,0,0,0,0,0,0,0,0,0,0,0,0,0,0,0,0,0,0,0,0,0,0,0,0,0,0
7159,PE,0,0,0,0,0,0,0,0,0,0,0,0,0,0,0,0,0,0,0,0,0,0,0,0,0,0,0,0,0,0,0,0,0,0,0,0,0,0,0,0,0,0,0,0,0,0,0,0,0,0,0,0,0,0,0,0,0,0,0,0,0,0,0,0,0,0,0,0,0,0,0,0,0,0,0
7160,PE,0,0,0,0,0,0,0,0,0,0,0,0,0,0,0,0,0,0,0,0,0,0,0,0,0,0,0,0,0,0,0,0,0,0,0,0,0,0,0,0,0,0,0,0,0,0,0,0,0,0,0,0,0,0,0,0,0,0,0,0,0,0,0,0,0,0,0,0,0,0,0,0,0,0,0
7161,PE,0,0,0,0,0,0,0,0,0,0,0,0,0,0,0,0,0,0,0,0,0,0,0,0,0,0,0,0,0,0,0,0,0,0,0,0,0,0,0,0,0,0,0,0,0,0,0,0,0,0,0,0,0,0,0,0,0,0,0,0,0,0,0,0,0,0,0,0,0,0,0,0,0,0,0
7162,PE,0,0,0,0,0,0,0,0,0,0,0,0,0,0,0,0,0,0,0,0,0,0,0,0,0,0,0,0,0,0,0,0,0,0,0,0,0,0,0,0,0,0,0,0,0,0,0,0,0,0,0,0,0,0,0,0,0,0,0,0,0,0,0,0,0,0,0,0,0,0,0,0,0,0,0
7163,PE,0,0,0,0,0,0,0,0,0,0,0,0,0,0,0,0,0,0,0,0,0,0,0,0,0,0,0,0,0,0,0,0,0,0,0,0,0,0,0,0,0,0,0,0,0,0,0,0,0,0,0,0,0,0,0,0,0,0,0,0,0,0,0,0,0,0,0,0,0,0,0,0,0,0,0
7164,PE,0,0,0,0,0,0,0,0,0,0,0,0,0,0,0,0,0,0,0,0,0,0,0,0,0,0,0,0,0,0,0,0,0,0,0,0,0,0,0,0,0,0,0,0,0,0,0,0,0,0,0,0,0,0,0,0,0,0,0,0,0,0,0,0,0,0,0,0,0,0,0,0,0,0,0
7165,PE,0,0,0,0,0,0,0,0,0,0,0,0,0,28.3021314471058,28.3021314471058,28.3021314471058,28.3021314471058,28.3021314471058,45.4412698673299,45.4412698673299,45.4412698673299,45.4412698673299,45.4412698673299,45.4412698673299,45.4412698673299,45.4412698673299,45.4412698673299,45.4412698673299,45.4412698673299,45.4412698673299,45.4412698673299,45.4412698673299,45.4412698673299,45.4412698673299,45.4412698673299,45.4412698673299,45.4412698673299,45.4412698673299,45.4412698673299,45.4412698673299,45.4412698673299,45.4412698673299,45.4412698673299,45.4412698673299,45.4412698673299,45.4412698673299,45.4412698673299,45.4412698673299,45.4412698673299,45.4412698673299,45.4412698673299,45.4412698673299,45.4412698673299,45.4412698673299,45.4412698673299,45.4412698673299,45.4412698673299,45.4412698673299,45.4412698673299,45.4412698673299,45.4412698673299,45.4412698673299,45.4412698673299,45.4412698673299,45.4412698673299,45.4412698673299,45.4412698673299,45.4412698673299,45.4412698673299,45.4412698673299,45.4412698673299,45.4412698673299,45.4412698673299,45.4412698673299,45.4412698673299
8001,AL,0,0,0,0,0,0,0,0,0,0,4.1563560128072,4.1563560128072,4.1563560128072,4.1563560128072,4.1563560128072,4.1563560128072,4.1563560128072,4.1563560128072,4.1563560128072,4.1563560128072,4.1563560128072,4.1563560128072,4.1563560128072,4.1563560128072,4.1563560128072,4.1563560128072,4.1563560128072,4.1563560128072,4.1563560128072,4.1563560128072,4.1563560128072,4.1563560128072,4.1563560128072,4.1563560128072,4.1563560128072,4.1563560128072,4.1563560128072,4.1563560128072,4.1563560128072,4.1563560128072,4.1563560128072,4.1563560128072,4.1563560128072,4.1563560128072,4.1563560128072,4.1563560128072,4.1563560128072,4.1563560128072,4.1563560128072,4.1563560128072,4.1563560128072,4.1563560128072,4.1563560128072,4.1563560128072,4.1563560128072,4.1563560128072,4.1563560128072,4.1563560128072,4.1563560128072,4.1563560128072,4.1563560128072,4.1563560128072,4.1563560128072,4.1563560128072,4.1563560128072,4.1563560128072,4.1563560128072,4.1563560128072,4.1563560128072,4.1563560128072,4.1563560128072,4.1563560128072,4.1563560128072,4.1563560128072,4.1563560128072
8002,AL,0,0,0,0,0,0,0,0,0,0,0,0,0,0,0,0,0,0,0,0,0,0,0,0,0,0,0,0,0,0,0,0,0,0,0,0,0,0,0,0,0,0,0,0,0,0,0,0,0,0,0,0,0,0,0,0,0,0,0,0,0,0,0,0,0,0,0,0,0,0,0,0,0,0,0
8003,AL,0,0,0,0,0,0,0,0,0,0,0,0,0,0,0,0,0,0,0,0,0,0,0,0,0,0,0,0,0,0,0,0,0,0,0,0,0,0,0,0,0,0,0,0,0,0,0,0,0,0,0,0,0,0,0,0,0,0,0,27.036816715102,45.6469698816662,45.6469698816662,45.6469698816662,45.6469698816662,45.6469698816662,45.6469698816662,45.6469698816662,45.6469698816662,45.6469698816662,45.6469698816662,45.6469698816662,45.6469698816662,45.6469698816662,45.6469698816662,45.6469698816662
8004,AL,0,0,0,0,0,0,0,0,0,0,0,0,0,0,0,0,0,0,0,0,0,0,0,0,0,0,0,0,0,0,48.9998542094347,48.9998542094347,48.9998542094347,48.9998542094347,48.9998542094347,48.9998542094347,48.9998542094347,48.9998542094347,48.9998542094347,48.9998542094347,48.9998542094347,48.9998542094347,48.9998542094347,48.9998542094347,48.9998542094347,48.9998542094347,48.9998542094347,48.9998542094347,48.9998542094347,48.9998542094347,48.9998542094347,48.9998542094347,48.9998542094347,48.9998542094347,48.9998542094347,48.9998542094347,48.9998542094347,48.9998542094347,48.9998542094347,48.9998542094347,48.9998542094347,48.9998542094347,48.9998542094347,48.9998542094347,48.9998542094347,48.9998542094347,48.9998542094347,48.9998542094347,48.9998542094347,48.9998542094347,48.9998542094347,48.9998542094347,48.9998542094347,48.9998542094347,48.9998542094347
8005,AL,0,0,0,0,0,0,0,0,0,0,0,0,0,0,0,0,0,0,0,0,0,0,0,0,0,0,0,0,0,0,0,0,0,0,0,0,0,0,0,0,0,0,0,0,0,0,0,0,0,0,0,0,0,0,0,0,0,0,0,0,0,0,0,0,0,0,0,0,0,0,0,0,0,0,0
8006,AL,0,0,0,0,0,0,0,0,0,0,0,0,0,0,0,0,0,0,0,0,0,0,0,0,0,0,0,0,0,0,0,0,0,0,0,0,0,0,0,0,0,0,0,0,0,0,0,0,0,0,0,0,0,0,0,0,0,0,0,0,0,0,0,0,0,0,0,0,0,0,0,0,0,0,0
8007,AL,0,0,0,0,0,0,0,0,0,0,0,0,0,0,0,0,0,0,0,0,0,0,0,0,0,0,0,0,0,0,0,0,0,0,0,0,0,0,0,0,0,0,0,0,0,0,0,0,0,0,0,0,0,0,0,0,0,0,0,0,0,0,0,0,0,0,0,0,0,0,0,0,0,0,0
8008,AL,0,0,0,0,0,0,0,0,0,0,0,0,0,0,0,0,0,0,0,0,0,0,0,0,0,0,0,0,0,0,0,0,0,0,0,0,0,0,0,0,0,0,0,0,0,0,0,0,0,0,0,0,0,0,0,0,0,0,0,0,0,0,0,0,0,0,0,0,0,0,0,0,0,0,0
8009,AL,0,0,0,0,0,0,0,0,0,0,0,0,0,0,0,0,0,0,0,0,0,0,0,0,0,0,0,0,0,0,0,0,0,0,0,0,0,0,0,0,0,0,0,0,0,0,0,0,0,0,0,0,0,0,0,0,0,0,0,0,0,0,0,0,0,0,0,0,0,0,0,0,0,0,0
8010,AL,0,0,0,0,0,0,0,0,0,0,0,0,0,0,0,0,0,0,0,0,0,0,0,0,0,0,0,0,0,0,0,0,0,0,0,0,0,0,0,0,0,0,0,0,0,0,0,0,0,0,0,0,0,0,0,0,0,0,0,0,0,0,0,0,0,0,0,0,0,0,0,0,0,0,0
8011,AL,0,0,0,0,0,0,0,0,0,0,0,52.7752615342295,52.7752615342295,52.7752615342295,52.7752615342295,52.7752615342295,52.7752615342295,52.7752615342295,52.7752615342295,52.7752615342295,52.7752615342295,52.7752615342295,52.7752615342295,52.7752615342295,52.7752615342295,52.7752615342295,52.7752615342295,52.7752615342295,52.7752615342295,52.7752615342295,52.7752615342295,52.7752615342295,52.7752615342295,52.7752615342295,52.7752615342295,52.7752615342295,52.7752615342295,52.7752615342295,52.7752615342295,52.7752615342295,52.7752615342295,52.7752615342295,52.7752615342295,52.7752615342295,52.7752615342295,52.7752615342295,52.7752615342295,52.7752615342295,52.7752615342295,52.7752615342295,52.7752615342295,52.7752615342295,52.7752615342295,52.7752615342295,52.7752615342295,52.7752615342295,52.7752615342295,52.7752615342295,52.7752615342295,52.7752615342295,52.7752615342295,52.7752615342295,52.7752615342295,52.7752615342295,52.7752615342295,52.7752615342295,52.7752615342295,52.7752615342295,52.7752615342295,52.7752615342295,52.7752615342295,52.7752615342295,52.7752615342295,52.7752615342295,52.7752615342295
8012,AL,0,0,0,0,0,0,0,0,0,0,0,0,0,0,0,0,0,0,0,0,0,0,0,0,0,0,0,0,0,0,0,0,0,0,0,0,0,0,0,0,0,0,0,0,0,0,0,0,0,0,0,0,0,0,0,0,0,0,0,0,0,0,0,0,0,0,0,0,0,0,0,0,0,0,0
8013,AL,0,0,0,0,0,0,0,0,0,0,0,0,0,0,0,0,0,0,0,0,0,0,0,0,0,0,0,0,0,0,66.9717013267359,66.9717013267359,66.9717013267359,66.9717013267359,66.9717013267359,66.9717013267359,66.9717013267359,66.9717013267359,66.9717013267359,66.9717013267359,66.9717013267359,66.9717013267359,66.9717013267359,66.9717013267359,66.9717013267359,66.9717013267359,66.9717013267359,66.9717013267359,66.9717013267359,66.9717013267359,66.9717013267359,66.9717013267359,66.9717013267359,66.9717013267359,66.9717013267359,66.9717013267359,66.9717013267359,66.9717013267359,66.9717013267359,66.9717013267359,66.9717013267359,66.9717013267359,66.9717013267359,66.9717013267359,66.9717013267359,66.9717013267359,66.9717013267359,66.9717013267359,66.9717013267359,66.9717013267359,66.9717013267359,66.9717013267359,66.9717013267359,66.9717013267359,66.9717013267359
8014,AL,0,0,0,0,0,0,0,0,0,0,0,0,0,0,0,0,0,0,0,0,0,0,0,0,0,0,0,0,0,0,0,0,0,0,0,0,0,0,0,0,0,0,0,0,0,0,0,0,0,0,0,0,0,0,0,0,0,0,0,0,0,0,0,0,0,0,0,0,0,0,0,0,0,0,0
8015,AL,0,0,0,0,0,0,0,0,0,0,0,0,0,0,0,0,0,0,0,0,0,0,0,0,0,0,0,0,0,0,0,0,0,0,0,0,0,0,0,0,0,0,0,0,0,0,0,0,0,0,0,0,0,0,0,0,0,0,0,0,0,0,0,0,0,0,0,0,0,0,0,0,0,0,0
8016,AL,0,0,0,0,0,0,0,0,0,0,0,0,0,0,0,0,0,0,0,0,0,0,0,0,0,0,0,0,0,0,0,0,0,0,0,0,0,0,0,0,0,0,0,0,0,0,0,0,0,0,0,0,0,0,0,0,0,0,0,0,75.2663070175484,75.2663070175484,75.2663070175484,75.2663070175484,75.2663070175484,75.2663070175484,75.2663070175484,75.2663070175484,75.2663070175484,75.2663070175484,75.2663070175484,75.2663070175484,75.2663070175484,75.2663070175484,75.2663070175484
8017,AL,0,0,0,0,0,0,0,0,0,0,0,0,0,0,0,0,0,0,0,0,0,0,0,0,0,0,0,0,0,0,0,0,0,0,0,0,0,0,0,0,0,0,0,0,0,0,0,0,0,0,0,0,0,0,0,0,0,0,0,0,0,0,0,0,0,0,0,0,0,0,0,0,0,0,0
8018,AL,0,0,0,0,0,0,0,0,0,0,0,0,0,0,0,0,0,0,0,0,0,0,0,0,0,0,0,0,0,0,35.542409212286,35.542409212286,35.542409212286,35.542409212286,35.542409212286,35.542409212286,35.542409212286,35.542409212286,35.542409212286,35.542409212286,35.542409212286,35.542409212286,35.542409212286,35.542409212286,35.542409212286,35.542409212286,35.542409212286,35.542409212286,35.542409212286,35.542409212286,35.542409212286,35.542409212286,35.542409212286,35.542409212286,35.542409212286,35.542409212286,35.542409212286,35.542409212286,35.542409212286,35.542409212286,35.542409212286,35.542409212286,35.542409212286,35.542409212286,35.542409212286,35.542409212286,35.542409212286,35.542409212286,35.542409212286,35.542409212286,35.542409212286,35.542409212286,35.542409212286,35.542409212286,35.542409212286
8019,AL,0,0,0,0,0,0,0,0,0,0,0,0,0,0,0,0,0,0,0,0,0,0,0,0,0,0,0,0,0,0,0,0,0,0,0,0,0,0,0,0,0,0,0,0,0,0,0,0,0,0,0,0,0,0,0,0,0,0,0,0,0,0,0,0,0,0,0,0,0,0,0,0,0,0,0
8020,AL,0,0,0,0,0,0,0,0,0,0,0,0,0,0,0,0,0,0,0,0,0,0,0,0,0,0,0,0,0,0,0,0,0,0,0,0,0,0,0,0,0,0,0,0,0,0,0,0,0,0,0,0,0,0,0,0,0,0,0,0,0,0,0,0,0,0,0,0,0,0,0,0,0,0,0
8021,AL,0,0,0,0,0,0,0,0,0,0,0,0,0,0,0,0,0,0,0,0,0,0,0,0,0,0,0,0,0,0,0,0,0,0,0,0,0,0,0,0,0,0,0,0,0,0,0,0,0,0,0,0,0,0,0,0,0,0,0,0,0,0,0,0,0,0,0,0,0,0,0,0,0,0,0
8022,AL,0,0,0,0,0,0,0,0,0,0,0,0,0,0,0,0,0,0,0,0,0,0,0,0,0,0,0,0,0,0,0,0,0,0,0,0,0,0,0,0,0,0,0,0,0,0,0,0,0,0,0,0,0,0,0,0,0,0,0,0,0,0,0,0,0,0,0,0,0,0,0,0,0,0,0
8023,AL,0,0,0,0,0,0,0,0,0,0,0,0,0,0,0,0,0,0,0,0,0,0,0,0,0,0,0,0,0,0,0,0,0,0,0,0,0,0,0,0,0,0,0,0,0,0,0,0,0,0,0,0,0,0,0,0,0,0,0,0,0,0,0,0,0,0,0,0,0,0,0,0,0,0,0
8024,AL,0,0,0,0,0,0,0,0,0,0,0,0,0,0,0,0,0,0,0,0,0,0,0,0,0,0,0,0,0,0,0,0,0,0,0,0,0,0,0,0,0,0,0,0,0,0,0,0,0,0,0,0,0,0,0,0,0,0,0,0,0,0,0,0,0,0,0,0,0,0,0,0,0,0,0
8025,AL,0,0,0,0,0,0,0,0,0,23.4323234102583,64.9935694046629,64.9935694046629,64.9935694046629,64.9935694046629,64.9935694046629,64.9935694046629,64.9935694046629,64.9935694046629,64.9935694046629,64.9935694046629,64.9935694046629,64.9935694046629,64.9935694046629,64.9935694046629,64.9935694046629,64.9935694046629,64.9935694046629,64.9935694046629,64.9935694046629,64.9935694046629,64.9935694046629,64.9935694046629,64.9935694046629,64.9935694046629,64.9935694046629,64.9935694046629,64.9935694046629,64.9935694046629,64.9935694046629,64.9935694046629,64.9935694046629,64.9935694046629,64.9935694046629,64.9935694046629,64.9935694046629,64.9935694046629,64.9935694046629,64.9935694046629,64.9935694046629,64.9935694046629,64.9935694046629,64.9935694046629,64.9935694046629,64.9935694046629,64.9935694046629,64.9935694046629,64.9935694046629,64.9935694046629,64.9935694046629,64.9935694046629,64.9935694046629,64.9935694046629,64.9935694046629,64.9935694046629,64.9935694046629,64.9935694046629,64.9935694046629,64.9935694046629,64.9935694046629,64.9935694046629,64.9935694046629,64.9935694046629,64.9935694046629,64.9935694046629,64.9935694046629
8026,AL,0,0,0,0,0,0,0,0,0,0,0,0,0,0,0,0,0,0,0,0,0,0,0,0,0,0,0,0,0,0,0,0,0,0,0,0,0,0,0,0,0,0,0,0,0,0,0,0,0,0,0,0,0,0,0,0,0,0,0,0,0,0,0,0,0,0,0,0,0,0,0,0,0,0,0
8027,AL,0,0,0,0,0,0,0,0,0,0,0,0,0,0,0,0,0,0,0,0,0,0,0,0,0,0,0,0,0,0,0,0,0,0,0,0,0,0,0,0,0,0,0,0,0,0,0,0,0,0,35.2706892894749,35.2706892894749,35.2706892894749,35.2706892894749,35.2706892894749,35.2706892894749,35.2706892894749,35.2706892894749,35.2706892894749,50.2307178710276,50.2307178710276,50.2307178710276,50.2307178710276,50.2307178710276,50.2307178710276,50.2307178710276,50.2307178710276,50.2307178710276,50.2307178710276,50.2307178710276,50.2307178710276,50.2307178710276,50.2307178710276,50.2307178710276,50.2307178710276
8028,AL,0,0,0,0,0,0,0,0,0,0,0,0,0,0,0,0,0,0,0,0,0,0,0,0,0,0,0,0,0,0,0,0,0,0,0,0,0,0,0,0,0,0,0,0,0,0,0,0,0,0,0,0,0,0,0,0,0,0,0,0,0.775656876850205,0.775656876850205,0.775656876850205,0.775656876850205,0.775656876850205,0.775656876850205,0.775656876850205,0.775656876850205,0.775656876850205,0.775656876850205,0.775656876850205,0.775656876850205,0.775656876850205,0.775656876850205,0.775656876850205
8029,AL,0,0,0,0,0,0,0,0,0,0,0,0,0,0,0,0,0,0,0,0,0,0,0,0,0,0,0,0,0,0,0,0,0,0,0,0,0,0,0,0,0,0,0,0,0,0,0,0,0,0,0,0,0,0,0,0,0,0,0,0,0,0,0,0,0,0,0,0,0,0,0,0,0,0,0
8030,AL,0,0,0,0,0,0,0,0,0,0,0,0,0,0,0,0,0,0,0,0,0,0,0,0,0,0,0,0,0,0,0,0,0,0,0,0,0,0,0,0,0,0,0,0,0,0,0,0,0,0,0,0,0,0,0,0,0,0,0,0,0,0,0,0,0,0,0,0,0,0,0,0,0,0,0
8031,AL,0,0,0,0,0,0,0,0,0,0,0,0,0,0,0,0,0,0,0,0,0,0,0,0,0,0,0,0,0,0,0,0,0,0,0,0,0,0,0,0,0,0,0,0,0,0,0,0,0,0,0,0,0,0,0,0,0,0,0,0,21.9405993449538,21.9405993449538,21.9405993449538,21.9405993449538,21.9405993449538,21.9405993449538,21.9405993449538,21.9405993449538,21.9405993449538,21.9405993449538,21.9405993449538,21.9405993449538,21.9405993449538,21.9405993449538,21.9405993449538
8032,AL,0,0,0,0,0,0,0,0,0,0,0,0,0,0,0,0,0,0,0,0,0,0,0,0,0,0,0,0,0,0,0,0,0,0,0,0,0,0,0,0,0,0,0,0,0,0,0,0,0,0,0,0,0,0,0,0,0,0,0,0,0,0,0,0,0,0,0,0,0,0,0,0,0,0,0
8033,AL,0,0,0,0,0,0,0,0,0,0,0,0,0,0,0,0,0,0,0,0,0,0,0,0,0,0,0,0,0,0,0,0,0,0,0,0,0,0,0,0,0,0,0,0,0,0,0,0,0,0,0,0,0,0,0,0,0,0,0,57.4136271853427,57.4136271853427,57.4136271853427,57.4136271853427,57.4136271853427,57.4136271853427,57.4136271853427,57.4136271853427,57.4136271853427,57.4136271853427,57.4136271853427,57.4136271853427,57.4136271853427,57.4136271853427,57.4136271853427,57.4136271853427
8034,AL,0,0,0,0,0,0,0,0,0,0,0,0,0,0,0,0,0,0,0,0,0,0,0,0,0,0,0,0,0,0,0,0,0,0,0,0,0,0,0,0,0,0,0,0,0,0,0,0,0,0,0,0,0,0,0,0,0,0,0,0,0,0,0,0,0,0,0,0,0,0,0,0,0,0,0
8035,AL,0,0,0,0,0,0,0,0,0,0,0,0,0,0,0,0,0,0,0,0,0,0,0,0,0,0,0,0,0,0,0,0,0,0,0,0,0,0,0,0,0,0,0,0,0,0,0,0,0,0,0,0,0,0,0,0,0,0,0,0,0,0,0,0,0,0,0,0,0,0,0,0,0,0,0
8036,AL,0,0,0,0,0,0,0,0,0,0,0,0,0,0,0,0,0,0,0,0,0,0,0,0,0,0,0,0,0,0,0,0,0,0,0,0,0,0,0,0,0,0,0,0,0,0,0,0,0,0,0,0,0,0,0,0,0,0,0,0,0,0,0,0,0,0,0,0,0,0,0,0,0,0,0
8037,AL,0,0,0,0,0,0,0,0,0,0,0,0,0,0,0,0,0,0,0,0,0,0,0,0,0,0,0,0,0,0,0,0,0,0,0,0,0,0,0,0,0,0,0,0,0,0,0,0,0,0,0,0,0,0,0,0,0,0,0,0,0,0,0,0,0,0,0,0,0,0,0,0,0,0,0
8038,AL,0,0,0,0,0,0,0,0,0,0,0,0,0,0,0,0,0,0,0,0,0,0,0,0,0,0,0,0,0,0,0,0,0,0,0,0,0,0,0,0,0,0,0,0,0,0,0,0,0,0,0,0,0,0,0,0,0,0,0,0,0,0,0,0,0,0,0,0,0,0,0,0,0,0,0
8039,AL,0,0,0,0,0,0,0,0,0,0,0,0,0,0,0,0,0,0,0,0,0,0,0,0,0,0,0,0,0,0,0,0,0,0,0,0,0,0,0,0,0,0,0,0,0,0,0,0,0,0,0,0,0,0,0,0,0,0,0,0,0,0,0,0,0,0,0,0,0,0,0,0,0,0,0
8040,AL,0,0,0,0,0,0,0,0,0,0,0,0,0,0,0,0,0,0,0,0,0,0,0,0,0,0,0,0,0,0,0,0,0,0,0,0,0,0,0,0,0,0,0,0,0,0,0,0,0,0,0,0,0,0,0,0,0,0,0,0,0,0,0,0,0,0,0,0,0,0,0,0,0,0,0
8041,AL,0,0,0,0,0,0,0,0,0,0,0,0,0,0,0,0,0,0,0,0,0,0,0,0,0,0,0,0,0,0,0,0,0,0,0,0,0,0,0,0,0,0,0,0,0,0,0,0,0,0,0,0,0,0,0,0,0,0,0,0,0,0,0,0,0,0,0,0,0,0,0,0,0,0,0
8042,AL,0,0,0,0,0,0,0,0,0,0,0,0,0,0,0,0,0,0,0,0,0,0,0,0,0,0,0,0,0,0,0,0,0,0,0,0,0,0,0,0,0,0,0,0,0,0,0,0,0,0,0,0,0,0,0,0,0,0,0,0,168.892918579053,168.892918579053,168.892918579053,168.892918579053,168.892918579053,168.892918579053,168.892918579053,168.892918579053,168.892918579053,168.892918579053,168.892918579053,168.892918579053,168.892918579053,168.892918579053,168.892918579053
8043,AL,0,0,0,0,0,0,0,0,0,0,0,0,0,0,0,0,0,0,0,0,0,0,0,0,0,0,0,0,0,0,0,0,0,0,0,0,0,0,0,0,0,0,0,0,0,0,0,0,0,0,0,0,0,0,0,0,0,0,0,0,0,0,0,0,0,0,0,0,0,0,0,0,0,0,0
8044,AL,0,0,0,0,0,0,0,0,0,0,0,35.2583745293348,35.2583745293348,35.2583745293348,35.2583745293348,35.2583745293348,35.2583745293348,35.2583745293348,35.2583745293348,35.2583745293348,35.2583745293348,35.2583745293348,35.2583745293348,35.2583745293348,35.2583745293348,35.2583745293348,35.2583745293348,35.2583745293348,35.2583745293348,35.2583745293348,35.2583745293348,35.2583745293348,35.2583745293348,35.2583745293348,35.2583745293348,35.2583745293348,35.2583745293348,35.2583745293348,35.2583745293348,35.2583745293348,35.2583745293348,35.2583745293348,35.2583745293348,35.2583745293348,35.2583745293348,35.2583745293348,35.2583745293348,35.2583745293348,35.2583745293348,35.2583745293348,35.2583745293348,35.2583745293348,35.2583745293348,35.2583745293348,35.2583745293348,35.2583745293348,35.2583745293348,35.2583745293348,35.2583745293348,35.2583745293348,35.2583745293348,35.2583745293348,35.2583745293348,35.2583745293348,35.2583745293348,35.2583745293348,35.2583745293348,35.2583745293348,35.2583745293348,35.2583745293348,35.2583745293348,35.2583745293348,35.2583745293348,35.2583745293348,35.2583745293348
8045,AL,0,0,0,0,0,0,0,0,0,0,0,0,0,0,0,0,0,0,0,0,0,0,0,0,0,0,0,0,0,0,0,0,0,0,0,0,0,0,0,0,0,0,0,0,0,0,0,0,0,0,0,0,0,0,0,0,0,0,0,0,0,0,0,0,0,0,0,0,0,0,0,0,0,0,0
8046,AL,0,0,0,0,0,0,0,0,0,0,0,0,0,0,0,0,0,0,0,0,0,0,0,0,0,0,0,0,0,0,0,0,0,0,0,0,0,0,0,0,0,0,0,0,0,0,0,0,0,0,0,0,0,0,0,0,0,0,0,0,0,0,0,0,0,0,0,0,0,0,0,0,0,0,0
8047,AL,0,0,0,0,0,0,0,0,0,0,0,0,0,0,0,0,0,0,0,0,0,0,0,0,0,0,0,0,0,0,0,0,0,0,0,0,0,0,0,0,0,0,0,0,0,0,0,0,0,0,0,0,0,0,0,0,0,0,0,0,0,0,0,0,0,0,0,0,0,0,0,0,0,0,0
8048,AL,0,0,0,0,0,0,0,0,0,0,0,0,0,0,0,0,0,0,0,0,0,0,0,0,0,0,0,0,0,0,0,0,0,0,0,0,0,0,0,0,0,0,0,0,0,0,0,0,0,0,0,0,0,0,0,0,0,0,0,0,0,0,0,0,0,0,0,0,0,0,0,0,0,0,0
8049,AL,0,0,0,0,0,0,0,0,0,0,0,0,0,0,0,0,0,0,0,0,0,0,0,0,0,0,0,0,0,0,0,0,0,0,0,0,0,0,0,0,0,0,0,0,0,0,0,0,0,0,0,0,0,0,0,0,0,0,0,0,0,0,0,0,0,0,0,0,0,0,0,0,0,0,0
8050,AL,0,0,0,0,0,0,0,0,0,0,0,0,0,0,0,0,0,0,0,0,0,0,0,0,0,0,0,0,0,0,0,0,0,0,0,0,0,0,0,0,0,0,0,0,0,0,0,0,0,0,0,0,0,0,0,0,0,0,0,0,0,0,0,0,0,0,0,0,0,0,0,0,0,0,0
8051,AL,0,0,0,0,0,0,0,0,0,0,0,0,0,0,0,0,0,0,0,0,0,0,0,0,0,0,0,0,0,0,0,0,0,0,0,0,0,0,0,0,0,0,0,0,0,0,0,0,0,0,0,0,0,0,0,0,0,0,0,0,0,0,0,0,0,0,0,0,0,0,0,0,0,0,0
8052,AL,0,0,0,0,0,0,0,0,0,0,0,0,0,0,0,0,0,0,0,0,0,0,0,0,0,0,0,0,0,0,0,0,0,0,0,0,0,0,0,0,0,0,0,0,0,0,0,0,0,0,0,0,0,0,0,0,0,0,0,0,0,0,0,0,0,0,0,0,0,0,0,0,0,0,0
8053,AL,0,0,0,0,0,0,0,0,0,0,0,35.6866375172293,35.6866375172293,35.6866375172293,35.6866375172293,35.6866375172293,35.6866375172293,35.6866375172293,35.6866375172293,35.6866375172293,35.6866375172293,35.6866375172293,35.6866375172293,35.6866375172293,35.6866375172293,35.6866375172293,35.6866375172293,35.6866375172293,35.6866375172293,35.6866375172293,35.6866375172293,35.6866375172293,35.6866375172293,35.6866375172293,35.6866375172293,35.6866375172293,35.6866375172293,35.6866375172293,35.6866375172293,35.6866375172293,35.6866375172293,35.6866375172293,35.6866375172293,35.6866375172293,35.6866375172293,35.6866375172293,35.6866375172293,35.6866375172293,35.6866375172293,35.6866375172293,35.6866375172293,35.6866375172293,35.6866375172293,35.6866375172293,35.6866375172293,35.6866375172293,35.6866375172293,35.6866375172293,35.6866375172293,35.6866375172293,35.6866375172293,35.6866375172293,35.6866375172293,35.6866375172293,35.6866375172293,35.6866375172293,35.6866375172293,35.6866375172293,35.6866375172293,35.6866375172293,35.6866375172293,35.6866375172293,35.6866375172293,35.6866375172293,35.6866375172293
8054,AL,0,0,0,0,0,0,0,0,0,0,0,0,0,0,0,0,0,0,0,0,0,0,0,0,0,0,0,0,0,0,0,0,0,0,0,0,0,0,0,0,0,0,0,0,0,0,0,0,0,0,0,0,0,0,0,0,0,0,0,0,0,0,0,0,0,0,0,0,0,0,0,0,0,0,0
8055,AL,0,0,0,0,0,0,0,0,0,0,0,0,0,0,0,0,0,0,0,0,0,0,0,0,0,0,0,0,0,0,0,0,0,0,0,0,0,0,0,0,0,0,0,0,0,0,0,0,0,0,0,0,0,0,0,0,0,0,0,0,0,0,0,0,0,0,0,0,0,0,0,0,0,0,0
8056,AL,0,0,0,0,0,0,0,0,0,0,0,57.7245492263515,57.7245492263515,57.7245492263515,57.7245492263515,57.7245492263515,57.7245492263515,57.7245492263515,57.7245492263515,57.7245492263515,57.7245492263515,57.7245492263515,57.7245492263515,57.7245492263515,57.7245492263515,57.7245492263515,57.7245492263515,57.7245492263515,57.7245492263515,57.7245492263515,57.7245492263515,57.7245492263515,57.7245492263515,57.7245492263515,57.7245492263515,57.7245492263515,57.7245492263515,57.7245492263515,57.7245492263515,57.7245492263515,57.7245492263515,57.7245492263515,57.7245492263515,57.7245492263515,57.7245492263515,57.7245492263515,57.7245492263515,57.7245492263515,57.7245492263515,57.7245492263515,57.7245492263515,57.7245492263515,57.7245492263515,57.7245492263515,57.7245492263515,57.7245492263515,57.7245492263515,57.7245492263515,57.7245492263515,57.7245492263515,57.7245492263515,57.7245492263515,57.7245492263515,57.7245492263515,57.7245492263515,57.7245492263515,57.7245492263515,57.7245492263515,57.7245492263515,57.7245492263515,57.7245492263515,57.7245492263515,57.7245492263515,57.7245492263515,57.7245492263515
8057,AL,0,0,0,0,0,0,0,0,0,0,0,0,0,0,0,0,0,0,0,0,0,0,0,0,0,0,0,0,0,0,0,0,0,0,0,0,0,0,0,0,0,0,0,0,0,0,0,0,0,0,0,0,0,0,0,0,0,0,0,0,0,0,0,0,0,0,0,0,0,0,0,0,0,0,0
8058,AL,0,0,0,0,0,0,0,0,0,0,0,0,0,0,0,0,0,0,0,0,0,0,0,0,0,0,0,0,0,0,0,0,0,0,0,0,0,0,0,0,0,0,0,0,0,0,0,0,0,0,0,0,0,0,0,0,0,0,0,0,0,0,0,0,0,0,0,0,0,0,0,0,0,0,0
8059,AL,0,0,0,0,0,0,0,0,0,60.8942970327171,60.8942970327171,60.8942970327171,60.8942970327171,60.8942970327171,60.8942970327171,60.8942970327171,60.8942970327171,60.8942970327171,60.8942970327171,60.8942970327171,60.8942970327171,60.8942970327171,60.8942970327171,60.8942970327171,60.8942970327171,60.8942970327171,60.8942970327171,60.8942970327171,60.8942970327171,60.8942970327171,60.8942970327171,60.8942970327171,60.8942970327171,60.8942970327171,60.8942970327171,60.8942970327171,60.8942970327171,60.8942970327171,60.8942970327171,60.8942970327171,60.8942970327171,60.8942970327171,60.8942970327171,60.8942970327171,60.8942970327171,60.8942970327171,60.8942970327171,60.8942970327171,60.8942970327171,60.8942970327171,60.8942970327171,60.8942970327171,60.8942970327171,60.8942970327171,60.8942970327171,60.8942970327171,60.8942970327171,60.8942970327171,60.8942970327171,60.8942970327171,60.8942970327171,60.8942970327171,60.8942970327171,60.8942970327171,60.8942970327171,60.8942970327171,60.8942970327171,60.8942970327171,60.8942970327171,60.8942970327171,60.8942970327171,60.8942970327171,60.8942970327171,60.8942970327171,60.8942970327171
8060,AL,0,0,0,0,0,0,0,0,0,0,0,0,0,0,0,0,0,0,0,0,0,0,0,0,0,0,0,0,0,0,0,0,0,0,0,0,0,0,0,0,0,0,0,0,0,0,0,0,0,0,0,0,0,0,0,0,0,0,0,0,143.453547090047,143.453547090047,143.453547090047,143.453547090047,143.453547090047,143.453547090047,143.453547090047,143.453547090047,143.453547090047,143.453547090047,143.453547090047,143.453547090047,143.453547090047,143.453547090047,143.453547090047
8061,AL,0,0,0,0,0,0,0,0,0,0,0,0,0,0,0,0,0,0,0,0,0,0,0,0,0,0,0,0,0,0,0,0,0,0,0,0,0,0,0,0,0,0,0,0,0,0,0,0,0,0,0,0,0,0,0,0,0,0,0,0,0,0,0,0,0,0,0,0,0,0,0,0,0,0,0
8062,AL,0,0,0,0,0,0,0,0,0,0,0,0,0,0,0,0,0,0,0,0,0,0,0,0,0,0,0,0,0,0,0,0,0,0,0,0,0,0,0,0,0,0,0,0,0,0,0,0,0,0,0,0,0,0,0,0,0,0,0,0,0,0,0,0,0,0,0,0,0,0,0,0,0,0,0
8063,AL,0,0,0,0,0,0,0,0,0,0,0,0,0,0,0,0,0,0,0,0,0,0,0,0,0,0,0,0,0,0,0,0,0,0,0,0,0,0,0,0,0,0,0,0,0,0,0,0,0,0,0,0,0,0,0,0,0,0,0,0,0,0,0,0,0,0,0,0,0,0,0,0,0,0,0
8064,AL,0,0,0,0,0,0,0,0,0,0,0,0,0,0,0,0,0,0,0,0,0,0,0,0,0,0,0,0,0,0,0,0,0,0,0,0,0,0,0,0,0,0,0,0,0,0,0,0,0,0,0,0,0,0,0,0,0,0,0,0,0,0,0,0,0,0,0,0,0,0,0,0,0,0,0
8065,AL,0,0,0,0,0,0,0,0,0,0,0,0,0,0,0,0,0,0,0,0,0,0,0,0,0,0,0,0,0,0,0,0,0,0,0,0,0,0,0,0,0,0,0,0,0,0,0,0,0,0,0,0,0,0,0,0,0,0,0,0,0,0,0,0,0,0,0,0,0,0,0,0,0,0,0
8066,AL,0,0,0,0,0,0,0,0,0,0,0,0,0,0,0,0,0,0,0,0,0,0,0,0,0,0,0,0,0,0,0,62.5030241480728,62.5030241480728,62.5030241480728,62.5030241480728,62.5030241480728,62.5030241480728,62.5030241480728,62.5030241480728,62.5030241480728,62.5030241480728,62.5030241480728,62.5030241480728,62.5030241480728,62.5030241480728,62.5030241480728,62.5030241480728,62.5030241480728,62.5030241480728,62.5030241480728,62.5030241480728,62.5030241480728,62.5030241480728,62.5030241480728,62.5030241480728,62.5030241480728,62.5030241480728,62.5030241480728,62.5030241480728,62.5030241480728,62.5030241480728,62.5030241480728,62.5030241480728,62.5030241480728,62.5030241480728,62.5030241480728,62.5030241480728,62.5030241480728,62.5030241480728,62.5030241480728,62.5030241480728,62.5030241480728,62.5030241480728,62.5030241480728,62.5030241480728
8067,AL,0,0,0,0,0,0,0,0,0,0,0,0,0,0,0,0,0,0,0,0,0,0,0,0,0,0,0,0,0,0,0,0,0,0,0,0,0,0,0,0,0,0,0,0,0,0,0,0,0,0,0,0,0,0,0,0,0,0,0,0,0,0,0,0,0,0,0,0,0,0,0,0,0,0,0
8068,AL,0,0,0,0,0,0,0,0,0,0,0,0,0,0,0,0,0,0,0,0,0,0,0,0,0,0,0,0,0,0,0,0,0,0,0,0,0,0,0,0,0,0,0,0,0,0,0,0,0,0,0,0,0,0,0,0,0,0,0,0,0,0,0,0,0,0,0,0,0,0,0,0,0,0,0
8069,AL,0,0,0,0,0,0,0,0,0,0,0,0,0,0,0,0,0,0,0,0,0,0,0,0,0,0,0,0,0,0,0,0,0,0,0,0,0,0,0,0,0,0,0,0,0,0,0,0,0,0,0,0,0,0,0,0,0,0,0,0,0,0,0,0,0,0,0,0,0,0,0,0,0,0,0
8070,AL,0,0,0,0,0,0,0,0,0,0,0,0,0,0,0,0,0,0,0,0,0,0,0,0,0,0,0,0,0,0,0,0,0,0,0,0,0,0,0,0,0,0,0,0,0,0,0,0,0,0,0,0,0,0,0,0,0,0,0,0,0,0,0,0,0,0,0,0,0,0,0,0,0,0,0
8071,AL,0,0,0,0,0,0,0,0,0,48.4443938587568,48.4443938587568,48.4443938587568,48.4443938587568,48.4443938587568,48.4443938587568,48.4443938587568,48.4443938587568,48.4443938587568,48.4443938587568,48.4443938587568,48.4443938587568,48.4443938587568,48.4443938587568,48.4443938587568,48.4443938587568,48.4443938587568,48.4443938587568,48.4443938587568,48.4443938587568,48.4443938587568,48.4443938587568,48.4443938587568,48.4443938587568,48.4443938587568,48.4443938587568,48.4443938587568,48.4443938587568,48.4443938587568,48.4443938587568,48.4443938587568,48.4443938587568,48.4443938587568,48.4443938587568,48.4443938587568,48.4443938587568,48.4443938587568,48.4443938587568,48.4443938587568,48.4443938587568,48.4443938587568,48.4443938587568,48.4443938587568,48.4443938587568,48.4443938587568,48.4443938587568,48.4443938587568,48.4443938587568,48.4443938587568,48.4443938587568,48.4443938587568,48.4443938587568,48.4443938587568,48.4443938587568,48.4443938587568,48.4443938587568,48.4443938587568,48.4443938587568,48.4443938587568,48.4443938587568,48.4443938587568,48.4443938587568,48.4443938587568,48.4443938587568,48.4443938587568,48.4443938587568
8072,AL,0,0,0,0,0,0,0,0,0,0,0,0,0,0,0,0,0,0,0,0,0,0,0,0,0,0,0,0,0,0,0,0,0,0,0,0,0,0,0,0,0,0,0,0,0,0,0,0,0,0,0,0,0,0,0,0,0,0,0,0,0,0,0,0,0,0,0,0,0,0,0,0,0,0,0
8073,AL,0,0,0,0,0,0,0,0,0,0,0,0,0,0,0,0,0,0,0,0,0,0,0,0,0,0,0,0,0,0,0,0,0,0,0,0,0,0,0,0,0,0,0,0,0,0,0,0,0,0,0,0,0,0,0,0,0,0,0,0,0,0,0,0,0,0,0,0,0,0,0,0,0,0,0
8074,AL,0,0,0,0,0,0,0,0,0,0,0,0,0,0,0,0,0,0,0,0,0,0,0,0,0,0,0,0,0,0,0,0,0,0,0,0,0,0,0,0,0,0,0,0,0,0,0,0,0,0,0,0,0,0,0,0,0,0,0,0,0,0,0,0,0,0,0,0,0,0,0,0,0,0,0
8075,AL,0,0,0,0,0,0,0,0,0,0,0,0,0,0,0,0,0,0,0,0,0,0,0,0,0,0,0,0,0,0,0,0,0,0,0,0,0,0,0,0,0,0,0,0,0,0,0,0,0,0,0,0,0,0,0,0,0,0,0,0,23.7707779563016,23.7707779563016,23.7707779563016,23.7707779563016,23.7707779563016,23.7707779563016,23.7707779563016,23.7707779563016,23.7707779563016,23.7707779563016,23.7707779563016,61.4680619295025,61.4680619295025,61.4680619295025,61.4680619295025
8076,AL,0,0,0,0,0,0,0,0,0,0,0,0,0,0,0,0,0,0,0,0,0,0,0,0,0,0,0,0,0,0,0,41.7933211869709,41.7933211869709,41.7933211869709,41.7933211869709,41.7933211869709,41.7933211869709,41.7933211869709,41.7933211869709,41.7933211869709,41.7933211869709,41.7933211869709,41.7933211869709,41.7933211869709,41.7933211869709,41.7933211869709,41.7933211869709,41.7933211869709,41.7933211869709,41.7933211869709,75.0029034160195,75.0029034160195,75.0029034160195,75.0029034160195,75.0029034160195,75.0029034160195,75.0029034160195,75.0029034160195,75.0029034160195,75.0029034160195,75.0029034160195,75.0029034160195,75.0029034160195,75.0029034160195,75.0029034160195,75.0029034160195,75.0029034160195,75.0029034160195,75.0029034160195,75.0029034160195,75.0029034160195,75.0029034160195,75.0029034160195,75.0029034160195,75.0029034160195
8077,AL,0,0,0,0,0,0,0,0,0,0,0,75.6646224422951,75.6646224422951,75.6646224422951,75.6646224422951,75.6646224422951,75.6646224422951,75.6646224422951,75.6646224422951,75.6646224422951,75.6646224422951,75.6646224422951,75.6646224422951,75.6646224422951,75.6646224422951,75.6646224422951,75.6646224422951,75.6646224422951,75.6646224422951,75.6646224422951,105.238234217451,105.238234217451,105.238234217451,105.238234217451,105.238234217451,105.238234217451,105.238234217451,105.238234217451,105.238234217451,105.238234217451,105.238234217451,105.238234217451,105.238234217451,105.238234217451,105.238234217451,105.238234217451,105.238234217451,105.238234217451,105.238234217451,105.238234217451,105.238234217451,105.238234217451,105.238234217451,105.238234217451,105.238234217451,105.238234217451,105.238234217451,105.238234217451,105.238234217451,105.238234217451,105.238234217451,105.238234217451,105.238234217451,105.238234217451,105.238234217451,105.238234217451,105.238234217451,105.238234217451,105.238234217451,105.238234217451,105.238234217451,105.238234217451,105.238234217451,105.238234217451,105.238234217451
8078,AL,0,0,0,0,0,0,0,0,0,0,0,0,0,0,0,0,0,0,0,0,0,0,0,0,0,0,0,0,0,0,0,0,0,0,0,0,0,0,0,0,0,0,0,0,0,0,0,0,0,0,0,0,0,0,0,0,0,0,0,0,0,0,0,0,0,0,0,0,0,0,0,0,0,0,0
8079,AL,0,0,0,0,0,0,0,0,0,0,0,0,0,0,0,0,0,0,0,0,0,0,0,0,0,0,0,0,0,0,0,0,0,0,0,0,0,0,0,0,0,0,0,0,0,0,0,0,0,0,0,0,0,0,0,0,0,0,0,0,0,0,0,0,0,0,0,0,0,0,0,0,0,0,0
8080,AL,0,0,0,0,0,0,0,0,0,0,0,0,0,0,0,0,0,0,0,0,0,0,0,0,0,0,0,0,0,0,0,0,0,0,0,0,0,0,0,0,0,0,0,0,0,0,0,0,0,0,0,0,0,0,0,0,0,0,0,0,0,0,0,0,0,0,0,0,0,0,0,0,0,0,0
8081,AL,0,0,0,0,0,0,0,0,0,0,0,0,0,0,0,0,0,0,0,0,0,0,0,0,0,0,0,0,0,0,0,0,0,0,0,0,0,0,0,0,0,0,0,0,0,0,0,0,0,0,0,0,0,0,0,0,0,0,0,0,0,0,0,0,0,0,0,0,0,0,0,0,0,0,0
8082,AL,0,0,0,0,0,0,0,0,0,0,0,0,0,0,0,0,0,0,0,0,0,0,0,0,0,0,0,0,0,0,0,0,0,0,0,0,0,0,0,0,0,0,0,0,0,0,0,0,0,0,0,0,0,0,0,0,0,0,0,0,43.2202544127725,43.2202544127725,43.2202544127725,43.2202544127725,43.2202544127725,43.2202544127725,43.2202544127725,43.2202544127725,43.2202544127725,43.2202544127725,43.2202544127725,43.2202544127725,43.2202544127725,43.2202544127725,43.2202544127725
8083,AL,0,0,0,0,0,0,0,0,0,0,0,0,0,0,0,0,0,0,75.3282422566713,75.3282422566713,75.3282422566713,75.3282422566713,75.3282422566713,75.3282422566713,75.3282422566713,75.3282422566713,75.3282422566713,75.3282422566713,75.3282422566713,75.3282422566713,75.3282422566713,75.3282422566713,75.3282422566713,75.3282422566713,75.3282422566713,75.3282422566713,75.3282422566713,75.3282422566713,75.3282422566713,75.3282422566713,75.3282422566713,75.3282422566713,75.3282422566713,75.3282422566713,75.3282422566713,75.3282422566713,75.3282422566713,75.3282422566713,75.3282422566713,75.3282422566713,75.3282422566713,75.3282422566713,75.3282422566713,75.3282422566713,75.3282422566713,75.3282422566713,75.3282422566713,75.3282422566713,75.3282422566713,75.3282422566713,75.3282422566713,75.3282422566713,75.3282422566713,75.3282422566713,75.3282422566713,75.3282422566713,75.3282422566713,75.3282422566713,75.3282422566713,75.3282422566713,75.3282422566713,75.3282422566713,75.3282422566713,75.3282422566713,75.3282422566713
8084,AL,0,0,0,0,0,0,0,0,0,0,0,0,0,0,0,0,0,0,0,0,0,0,0,0,0,0,0,0,0,0,0,0,0,0,0,0,0,0,0,0,0,0,0,0,0,0,0,0,0,0,0,0,0,0,0,0,0,0,0,0,0,0,0,0,0,0,0,0,0,0,0,0,0,0,0
8085,AL,0,0,0,0,0,0,0,0,0,0,0,0,0,0,0,0,0,0,0,0,0,0,0,0,0,0,0,0,0,0,0,0,0,0,0,0,0,0,0,0,0,0,0,0,0,0,0,0,0,0,0,0,0,0,0,0,0,0,0,0,0,0,0,0,0,0,0,0,0,0,0,0,0,0,0
8086,AL,0,0,0,0,0,0,0,0,0,0,0,0,0,0,0,0,0,0,0,0,0,0,0,0,0,0,0,0,0,0,0,0,0,0,0,0,0,0,0,0,0,0,0,0,0,0,0,0,0,0,0,0,0,0,0,0,0,0,0,0,0,0,0,0,0,0,0,0,0,0,0,0,0,0,0
8087,AL,0,0,0,0,0,0,0,0,0,0,0,0,0,0,0,0,0,0,0,0,0,0,0,0,0,0,0,0,0,0,0,0,0,0,0,0,0,0,0,0,0,0,0,0,0,0,0,0,0,0,0,0,0,0,0,0,0,0,0,0,0,0,0,0,0,0,0,0,0,0,0,0,0,0,0
8088,AL,0,0,0,0,0,0,0,0,0,0,0,104.26980835899,104.26980835899,104.26980835899,104.26980835899,104.26980835899,104.26980835899,104.26980835899,104.26980835899,104.26980835899,104.26980835899,104.26980835899,104.26980835899,104.26980835899,104.26980835899,104.26980835899,104.26980835899,104.26980835899,104.26980835899,104.26980835899,104.26980835899,104.26980835899,104.26980835899,104.26980835899,104.26980835899,104.26980835899,104.26980835899,104.26980835899,104.26980835899,104.26980835899,104.26980835899,104.26980835899,104.26980835899,104.26980835899,104.26980835899,104.26980835899,104.26980835899,104.26980835899,104.26980835899,104.26980835899,104.26980835899,104.26980835899,104.26980835899,104.26980835899,104.26980835899,104.26980835899,104.26980835899,104.26980835899,104.26980835899,104.26980835899,104.26980835899,104.26980835899,104.26980835899,104.26980835899,104.26980835899,104.26980835899,104.26980835899,104.26980835899,104.26980835899,104.26980835899,104.26980835899,104.26980835899,104.26980835899,104.26980835899,104.26980835899
8089,AL,0,0,0,0,0,0,0,0,0,0,0,0,0,0,0,0,0,0,0,0,0,0,0,0,0,0,0,0,0,0,0,0,0,0,0,0,0,0,0,0,0,0,0,0,0,0,0,0,0,0,0,0,0,0,0,0,0,0,0,0,0,0,0,0,0,0,0,0,0,0,0,0,0,0,0
8090,AL,0,0,0,0,0,0,0,0,0,0,0,0,0,0,0,0,0,0,0,0,0,0,0,0,0,0,0,0,0,0,0,0,0,0,0,0,0,0,0,0,0,0,0,0,0,0,0,0,0,0,0,0,0,0,0,0,0,0,0,0,0,0,0,0,0,0,0,0,0,0,0,0,0,0,0
8091,AL,0,0,0,0,0,0,0,0,0,0,0,0,0,0,0,0,0,0,0,0,0,0,0,0,0,0,0,0,0,0,0,0,0,0,0,0,0,0,0,0,0,0,0,0,0,0,0,0,0,0,0,0,0,0,0,0,0,0,0,0,0,0,0,0,0,0,0,0,0,0,0,0,0,0,0
8092,AL,0,0,0,0,0,0,0,0,0,0,0,13.4050589996202,13.4050589996202,13.4050589996202,13.4050589996202,13.4050589996202,13.4050589996202,13.4050589996202,52.5175143866351,52.5175143866351,52.5175143866351,52.5175143866351,52.5175143866351,52.5175143866351,52.5175143866351,52.5175143866351,52.5175143866351,52.5175143866351,52.5175143866351,52.5175143866351,52.5175143866351,52.5175143866351,52.5175143866351,52.5175143866351,52.5175143866351,52.5175143866351,52.5175143866351,52.5175143866351,52.5175143866351,52.5175143866351,52.5175143866351,52.5175143866351,52.5175143866351,52.5175143866351,52.5175143866351,52.5175143866351,52.5175143866351,52.5175143866351,52.5175143866351,52.5175143866351,52.5175143866351,52.5175143866351,52.5175143866351,52.5175143866351,52.5175143866351,52.5175143866351,52.5175143866351,52.5175143866351,52.5175143866351,52.5175143866351,52.5175143866351,52.5175143866351,52.5175143866351,52.5175143866351,52.5175143866351,52.5175143866351,52.5175143866351,52.5175143866351,52.5175143866351,52.5175143866351,52.5175143866351,52.5175143866351,52.5175143866351,52.5175143866351,52.5175143866351
8093,AL,0,0,0,0,0,0,0,0,0,0,0,0,0,0,0,0,0,0,0,0,0,0,0,0,0,0,0,0,0,0,21.6647636292673,82.8661247274834,82.8661247274834,82.8661247274834,82.8661247274834,82.8661247274834,82.8661247274834,82.8661247274834,82.8661247274834,82.8661247274834,82.8661247274834,82.8661247274834,82.8661247274834,82.8661247274834,82.8661247274834,82.8661247274834,82.8661247274834,82.8661247274834,82.8661247274834,82.8661247274834,82.8661247274834,82.8661247274834,82.8661247274834,82.8661247274834,82.8661247274834,82.8661247274834,82.8661247274834,82.8661247274834,82.8661247274834,82.8661247274834,82.8661247274834,82.8661247274834,82.8661247274834,82.8661247274834,82.8661247274834,82.8661247274834,82.8661247274834,82.8661247274834,82.8661247274834,82.8661247274834,82.8661247274834,82.8661247274834,82.8661247274834,82.8661247274834,82.8661247274834
9001,SE,0,0,0,0,0,0,0,0,0,0,0,0,0,0,0,0,0,0,0,0,0,0,0,0,0,0,0,0,0,0,0,0,0,0,0,0,0,0,0,0,0,0,0,0,0,0,0,0,0,0,0,0,0,0,0,0,0,0,0,0,0,0,0,0,0,0,0,0,0,0,0,0,0,0,0
9002,SE,0,0,0,0,0,0,0,0,0,0,0,0,0,0,0,0,0,0,0,0,0,0,0,0,0,0,0,0,0,0,0,0,0,0,0,0,0,0,0,0,0,0,0,0,0,0,0,0,0,0,0,0,0,0,0,0,0,0,0,0,0,0,0,0,0,0,0,0,0,0,0,0,0,0,0
9003,SE,0,0,0,0,0,0,0,0,0,0,0,0,0,0,0,0,0,0,0,0,0,0,0,0,0,0,0,0,0,0,0,0,0,0,223.48301414042,223.48301414042,223.48301414042,223.48301414042,223.48301414042,223.48301414042,223.48301414042,223.48301414042,223.48301414042,223.48301414042,223.48301414042,223.48301414042,223.48301414042,223.48301414042,223.48301414042,223.48301414042,223.48301414042,223.48301414042,223.48301414042,223.48301414042,223.48301414042,223.48301414042,223.48301414042,223.48301414042,223.48301414042,223.48301414042,223.48301414042,223.48301414042,223.48301414042,223.48301414042,223.48301414042,223.48301414042,223.48301414042,223.48301414042,223.48301414042,223.48301414042,223.48301414042,223.48301414042,223.48301414042,223.48301414042,223.48301414042
9004,SE,0,0,0,0,0,0,0,0,0,0,0,0,0,0,0,0,0,0,0,0,0,0,0,0,0,0,0,0,0,0,0,0,0,0,0,0,0,0,0,0,0,0,0,0,0,0,0,0,0,0,0,0,0,0,0,0,0,0,0,0,0,0,0,0,0,0,0,0,0,0,0,0,0,0,0
9005,SE,0,0,0,0,0,0,0,0,0,0,0,0,0,0,0,0,0,0,0,0,0,0,0,0,0,0,0,0,0,0,0,0,0,0,0,0,0,0,0,0,0,0,0,0,0,0,0,0,0,0,0,0,0,0,0,0,0,0,0,0,0,0,0,0,0,0,0,0,0,0,0,0,0,0,0
9006,SE,0,0,0,0,0,0,0,0,0,0,0,0,0,0,0,0,0,0,0,0,0,0,0,0,0,0,0,0,0,0,0,0,0,0,0,0,0,0,0,0,0,0,0,0,0,0,0,0,0,0,0,0,0,0,0,0,0,0,0,0,0,0,0,0,0,0,0,0,0,0,0,0,0,0,0
9007,SE,0,0,0,0,0,0,0,0,0,0,0,0,0,0,0,0,0,0,0,0,0,0,0,0,0,0,0,0,0,0,0,0,0,160.538842669714,369.744828113556,369.744828113556,369.744828113556,369.744828113556,369.744828113556,369.744828113556,369.744828113556,369.744828113556,369.744828113556,369.744828113556,369.744828113556,369.744828113556,369.744828113556,369.744828113556,369.744828113556,369.744828113556,369.744828113556,369.744828113556,369.744828113556,369.744828113556,369.744828113556,369.744828113556,369.744828113556,369.744828113556,369.744828113556,369.744828113556,369.744828113556,369.744828113556,369.744828113556,369.744828113556,369.744828113556,369.744828113556,369.744828113556,369.744828113556,369.744828113556,369.744828113556,369.744828113556,369.744828113556,369.744828113556,369.744828113556,369.744828113556
9008,SE,0,0,0,0,0,0,0,0,0,0,0,0,0,0,0,0,0,0,0,0,0,0,0,0,0,0,0,0,0,0,0,0,0,0,0,0,0,0,0,0,0,0,0,0,0,0,0,0,0,0,0,0,0,0,0,0,0,0,0,0,0,0,0,0,0,0,0,0,0,0,0,0,0,0,0
9009,SE,0,0,0,0,0,0,0,0,0,0,0,0,0,0,0,0,0,0,0,0,0,0,0,0,0,0,0,0,0,0,0,0,0,0,0,0,0,0,0,0,0,0,0,0,0,0,0,0,0,0,0,0,0,0,0,0,0,0,0,0,0,0,0,0,0,0,0,0,0,0,0,0,0,0,0
9010,SE,0,0,0,0,0,0,0,0,0,0,0,0,0,0,0,0,0,0,0,0,0,0,0,0,0,0,0,0,0,0,0,0,0,0,0,0,0,0,0,0,0,0,0,0,0,0,0,0,0,0,0,0,0,0,0,0,0,0,0,0,0,0,0,0,0,0,0,0,0,0,0,0,0,0,0
9011,SE,0,0,0,0,0,0,0,0,0,0,0,0,0,0,0,0,0,0,0,0,0,0,0,0,0,0,0,0,0,0,0,0,0,0,0,0,0,0,0,0,0,0,0,0,0,0,0,0,0,0,0,0,0,0,0,0,0,0,0,0,0,0,0,0,0,0,0,0,0,0,0,0,0,0,0
9012,SE,0,0,0,0,0,0,0,0,0,0,0,0,0,0,0,0,0,0,0,0,0,0,0,0,0,0,0,0,0,0,0,0,0,0,0,141.594401380345,141.594401380345,141.594401380345,141.594401380345,141.594401380345,141.594401380345,141.594401380345,141.594401380345,141.594401380345,141.594401380345,141.594401380345,141.594401380345,141.594401380345,141.594401380345,141.594401380345,141.594401380345,141.594401380345,141.594401380345,141.594401380345,141.594401380345,141.594401380345,141.594401380345,141.594401380345,141.594401380345,141.594401380345,141.594401380345,141.594401380345,141.594401380345,141.594401380345,141.594401380345,141.594401380345,141.594401380345,141.594401380345,141.594401380345,141.594401380345,141.594401380345,141.594401380345,141.594401380345,141.594401380345,141.594401380345
9013,SE,0,0,0,0,0,0,0,0,0,0,0,0,0,0,0,0,0,0,0,0,0,0,0,0,0,0,0,0,0,0,0,0,0,0,0,0,0,0,0,0,0,0,0,0,0,0,0,0,0,0,0,0,0,0,0,0,0,0,0,0,0,0,0,0,0,0,0,0,0,0,0,0,0,0,0
9014,SE,0,0,0,0,0,0,0,0,0,0,0,0,0,0,0,0,0,0,0,0,0,0,0,0,0,0,0,0,0,0,0,0,0,0,417.841837986836,417.841837986836,417.841837986836,417.841837986836,417.841837986836,417.841837986836,417.841837986836,417.841837986836,417.841837986836,417.841837986836,417.841837986836,417.841837986836,417.841837986836,417.841837986836,417.841837986836,417.841837986836,417.841837986836,417.841837986836,417.841837986836,417.841837986836,417.841837986836,417.841837986836,417.841837986836,417.841837986836,417.841837986836,417.841837986836,417.841837986836,417.841837986836,417.841837986836,417.841837986836,417.841837986836,417.841837986836,417.841837986836,417.841837986836,417.841837986836,417.841837986836,417.841837986836,417.841837986836,417.841837986836,417.841837986836,417.841837986836
9015,SE,0,0,0,0,0,0,0,0,0,0,0,0,0,0,0,0,0,0,0,0,0,0,0,0,0,0,0,0,0,0,0,0,0,0,0,409.775921469937,409.775921469937,409.775921469937,409.775921469937,409.775921469937,409.775921469937,409.775921469937,409.775921469937,409.775921469937,409.775921469937,409.775921469937,409.775921469937,409.775921469937,409.775921469937,409.775921469937,409.775921469937,409.775921469937,409.775921469937,409.775921469937,409.775921469937,409.775921469937,409.775921469937,409.775921469937,409.775921469937,409.775921469937,409.775921469937,409.775921469937,409.775921469937,409.775921469937,409.775921469937,409.775921469937,409.775921469937,409.775921469937,409.775921469937,409.775921469937,409.775921469937,409.775921469937,409.775921469937,409.775921469937,409.775921469937
9016,SE,0,0,0,0,0,0,0,0,0,0,0,0,0,0,0,0,0,0,0,0,0,0,0,0,0,0,0,0,0,0,0,0,0,0,0,0,0,0,0,0,0,0,0,0,0,0,0,0,0,0,0,0,0,0,0,0,0,0,0,0,0,0,0,0,0,0,0,0,0,0,0,0,0,0,0
9017,SE,0,0,0,0,0,0,0,0,0,0,0,0,0,0,0,0,0,0,0,0,0,0,0,0,0,0,0,0,0,0,0,0,0,0,0,0,0,0,0,0,0,0,0,0,0,0,0,0,0,0,0,0,0,0,0,0,0,0,0,0,0,0,0,0,0,0,0,0,0,0,0,0,0,0,0
9018,SE,0,0,0,0,0,0,0,0,0,0,0,0,0,0,0,0,0,0,0,0,0,0,0,0,0,0,0,0,0,0,0,0,0,0,59.6972636910521,59.6972636910521,59.6972636910521,59.6972636910521,59.6972636910521,59.6972636910521,59.6972636910521,59.6972636910521,59.6972636910521,59.6972636910521,59.6972636910521,59.6972636910521,59.6972636910521,59.6972636910521,59.6972636910521,59.6972636910521,59.6972636910521,59.6972636910521,59.6972636910521,59.6972636910521,59.6972636910521,59.6972636910521,59.6972636910521,59.6972636910521,59.6972636910521,59.6972636910521,59.6972636910521,59.6972636910521,59.6972636910521,59.6972636910521,59.6972636910521,59.6972636910521,59.6972636910521,59.6972636910521,59.6972636910521,59.6972636910521,59.6972636910521,59.6972636910521,59.6972636910521,59.6972636910521,59.6972636910521
9019,SE,0,0,0,0,0,0,0,0,0,0,0,0,0,0,0,0,0,0,0,0,0,0,0,0,0,0,0,0,0,0,0,0,0,0,0,0,0,0,0,0,0,0,0,0,0,0,0,0,0,0,0,0,0,0,0,0,0,0,0,0,0,0,0,0,0,0,0,0,0,0,0,0,0,0,0
9020,SE,0,0,0,0,0,0,0,0,0,0,0,0,0,0,0,0,0,0,0,0,0,0,0,0,0,0,0,0,0,0,0,0,0,0,0,0,0,0,0,0,0,0,0,0,0,0,0,0,0,0,0,0,0,0,0,0,0,0,0,0,0,0,0,0,0,0,0,0,0,0,0,0,0,0,0
9021,SE,0,0,0,0,0,0,0,0,0,0,0,0,0,0,0,0,0,0,0,0,0,0,0,0,0,0,0,0,0,0,0,0,0,0,0,0,0,0,0,0,0,0,0,0,0,0,0,0,0,0,0,0,0,0,0,0,0,0,0,0,0,0,0,0,0,0,0,0,0,0,0,0,0,0,0
9022,SE,0,0,0,0,0,0,0,0,0,0,0,0,0,0,0,0,0,0,0,0,0,0,0,0,0,0,0,0,0,0,0,0,0,0,0,0,0,0,0,0,0,0,0,0,0,0,0,0,0,0,0,0,0,0,0,0,0,0,0,0,0,0,0,0,0,0,0,0,0,0,0,0,0,0,0
9023,SE,0,0,0,0,0,0,0,0,0,0,0,0,0,0,0,0,0,0,0,0,0,0,0,0,0,0,0,0,0,0,0,0,0,0,0,0,0,0,0,0,0,0,0,0,0,0,0,0,0,0,0,0,0,0,0,0,0,0,0,0,0,0,0,0,0,0,0,0,0,0,0,0,0,0,0
9024,SE,0,0,0,0,0,0,0,0,0,0,0,0,0,0,0,0,0,0,0,0,0,0,0,0,0,0,0,0,0,0,0,0,0,0,0,0,0,0,0,0,0,0,0,0,0,0,0,0,0,0,0,0,0,0,0,0,0,0,0,0,0,0,0,0,0,0,0,0,0,0,0,0,0,0,0
9025,SE,0,0,0,0,0,0,0,0,0,0,0,0,0,0,0,0,0,0,0,0,0,0,0,0,0,0,0,0,0,0,0,0,0,0,0,0,0,0,0,0,0,0,0,0,0,0,0,0,0,0,0,0,0,0,0,0,0,0,0,0,0,0,0,0,0,0,0,0,0,0,0,0,0,0,0
9026,SE,0,0,0,0,0,0,0,0,0,0,0,0,0,0,0,0,0,0,0,0,0,0,0,0,0,0,0,0,0,0,0,0,0,0,0,0,0,0,0,0,0,0,0,0,0,0,0,0,0,0,0,0,0,0,0,0,0,0,0,0,0,0,0,0,0,0,0,0,0,0,0,0,0,0,0
9027,SE,0,0,0,0,0,0,0,0,0,0,0,0,0,0,0,0,0,0,0,0,0,0,0,0,0,0,0,0,0,0,0,0,0,0,0,0,0,0,0,0,0,0,0,0,0,0,0,0,0,0,0,0,0,0,0,0,0,0,0,0,0,0,0,0,0,0,0,0,0,0,0,0,0,0,0
9028,SE,0,0,0,0,0,0,0,0,0,0,0,0,0,0,0,0,0,0,0,0,0,0,0,0,0,0,0,0,0,0,0,0,0,150.530159880266,150.530159880266,150.530159880266,150.530159880266,150.530159880266,150.530159880266,150.530159880266,150.530159880266,150.530159880266,150.530159880266,150.530159880266,150.530159880266,150.530159880266,150.530159880266,150.530159880266,150.530159880266,150.530159880266,150.530159880266,150.530159880266,150.530159880266,150.530159880266,150.530159880266,150.530159880266,150.530159880266,150.530159880266,150.530159880266,150.530159880266,150.530159880266,150.530159880266,150.530159880266,150.530159880266,150.530159880266,150.530159880266,150.530159880266,150.530159880266,150.530159880266,150.530159880266,150.530159880266,150.530159880266,150.530159880266,150.530159880266,150.530159880266
9029,SE,0,0,0,0,0,0,0,0,0,0,0,0,0,0,0,0,0,0,0,0,0,0,0,0,0,0,0,0,0,0,0,0,0,0,0,0,0,0,0,0,0,0,0,0,0,0,0,0,0,0,0,0,0,0,0,0,0,0,0,0,0,0,0,0,0,0,0,0,0,0,0,0,0,0,0
9030,SE,0,0,0,0,0,0,0,0,0,0,0,0,0,0,0,0,0,0,0,0,0,0,0,0,0,0,0,0,0,0,0,0,0,0,59.4566780210884,59.4566780210884,59.4566780210884,59.4566780210884,59.4566780210884,59.4566780210884,59.4566780210884,59.4566780210884,59.4566780210884,59.4566780210884,59.4566780210884,59.4566780210884,59.4566780210884,59.4566780210884,59.4566780210884,59.4566780210884,59.4566780210884,59.4566780210884,59.4566780210884,59.4566780210884,59.4566780210884,59.4566780210884,59.4566780210884,59.4566780210884,59.4566780210884,59.4566780210884,59.4566780210884,59.4566780210884,59.4566780210884,59.4566780210884,59.4566780210884,59.4566780210884,59.4566780210884,59.4566780210884,59.4566780210884,59.4566780210884,59.4566780210884,59.4566780210884,59.4566780210884,59.4566780210884,59.4566780210884
9031,SE,0,0,0,0,0,0,0,0,0,0,0,0,0,0,0,0,0,0,0,0,0,0,0,0,0,0,0,0,0,0,0,0,0,0,55.2564182680071,105.620830180485,105.620830180485,105.620830180485,105.620830180485,105.620830180485,105.620830180485,105.620830180485,105.620830180485,105.620830180485,105.620830180485,105.620830180485,105.620830180485,105.620830180485,105.620830180485,105.620830180485,105.620830180485,105.620830180485,105.620830180485,105.620830180485,105.620830180485,105.620830180485,105.620830180485,105.620830180485,105.620830180485,105.620830180485,105.620830180485,105.620830180485,105.620830180485,105.620830180485,105.620830180485,105.620830180485,105.620830180485,105.620830180485,105.620830180485,105.620830180485,105.620830180485,105.620830180485,105.620830180485,105.620830180485,105.620830180485
9032,SE,0,0,0,0,0,0,0,0,0,0,0,0,0,0,0,0,0,0,0,0,0,0,0,0,0,0,0,0,0,0,0,0,0,0,0,0,0,0,0,0,0,0,0,0,0,0,0,0,0,0,0,0,0,0,0,0,0,0,0,0,0,0,0,0,0,0,0,0,0,0,0,0,0,0,0
9033,SE,0,0,0,0,0,0,0,0,0,0,0,0,0,0,0,0,0,0,0,0,0,0,0,0,0,0,0,0,0,0,0,0,0,0,0,0,0,0,0,0,0,0,0,0,0,0,0,0,0,0,0,0,0,0,0,0,0,0,0,0,0,0,0,0,0,0,0,0,0,0,0,0,0,0,0
9034,SE,0,0,0,0,0,0,0,0,0,0,0,0,0,0,0,0,0,0,0,0,0,0,0,0,0,0,0,0,0,0,0,0,0,0,217.172178572991,217.172178572991,217.172178572991,217.172178572991,217.172178572991,217.172178572991,217.172178572991,217.172178572991,217.172178572991,217.172178572991,217.172178572991,217.172178572991,217.172178572991,217.172178572991,217.172178572991,217.172178572991,217.172178572991,217.172178572991,217.172178572991,217.172178572991,217.172178572991,217.172178572991,217.172178572991,217.172178572991,217.172178572991,217.172178572991,217.172178572991,217.172178572991,217.172178572991,217.172178572991,217.172178572991,217.172178572991,217.172178572991,217.172178572991,217.172178572991,217.172178572991,217.172178572991,217.172178572991,217.172178572991,217.172178572991,217.172178572991
9035,SE,0,0,0,0,0,0,0,0,0,0,0,0,0,0,0,0,0,0,0,0,0,0,0,0,0,0,0,0,0,0,0,0,0,0,0,0,0,0,0,0,0,0,0,0,0,0,0,0,0,0,0,0,0,0,0,0,0,0,0,0,0,0,0,0,0,0,0,0,0,0,0,0,0,0,0
9036,SE,0,0,0,0,0,0,0,0,0,0,0,0,0,0,0,0,0,0,0,0,0,0,0,0,0,0,0,0,0,0,0,0,0,0,0,303.444538602478,303.444538602478,303.444538602478,303.444538602478,303.444538602478,303.444538602478,303.444538602478,303.444538602478,303.444538602478,303.444538602478,303.444538602478,303.444538602478,303.444538602478,303.444538602478,303.444538602478,303.444538602478,303.444538602478,303.444538602478,303.444538602478,303.444538602478,303.444538602478,303.444538602478,303.444538602478,303.444538602478,303.444538602478,303.444538602478,303.444538602478,303.444538602478,303.444538602478,303.444538602478,303.444538602478,303.444538602478,303.444538602478,303.444538602478,303.444538602478,303.444538602478,303.444538602478,303.444538602478,303.444538602478,303.444538602478
9037,SE,0,0,0,0,0,0,0,0,0,0,0,0,0,0,0,0,0,0,0,0,0,0,0,0,0,0,0,0,0,0,0,0,0,0,0,0,0,0,0,0,0,0,0,0,0,0,0,0,0,0,0,0,0,0,0,0,0,0,0,0,0,0,0,0,0,0,0,0,0,0,0,0,0,0,0
9038,SE,0,0,0,0,0,0,0,0,0,0,0,0,0,0,0,0,0,0,0,0,0,0,0,0,0,0,0,0,0,0,0,0,0,0,430.345516582204,430.345516582204,430.345516582204,430.345516582204,430.345516582204,430.345516582204,430.345516582204,430.345516582204,430.345516582204,430.345516582204,430.345516582204,430.345516582204,430.345516582204,430.345516582204,430.345516582204,430.345516582204,430.345516582204,430.345516582204,430.345516582204,430.345516582204,430.345516582204,430.345516582204,430.345516582204,430.345516582204,430.345516582204,430.345516582204,430.345516582204,430.345516582204,430.345516582204,430.345516582204,430.345516582204,430.345516582204,430.345516582204,430.345516582204,430.345516582204,430.345516582204,430.345516582204,430.345516582204,430.345516582204,430.345516582204,430.345516582204
9039,SE,0,0,0,0,0,0,0,0,0,0,0,0,0,0,0,0,0,0,0,0,0,0,0,0,0,0,0,0,0,0,0,0,0,0,0,0,0,0,0,0,0,0,0,0,0,0,0,0,0,0,0,0,0,0,0,0,0,0,0,0,0,0,0,0,0,0,0,0,0,0,0,0,0,0,0
9040,SE,0,0,0,0,0,0,0,0,0,0,0,0,0,0,0,0,0,0,0,0,0,0,0,0,0,0,0,0,0,0,0,0,0,0,0,0,0,0,0,0,0,0,0,0,0,0,0,0,0,0,0,0,0,0,0,0,0,0,0,0,0,0,0,0,0,0,0,0,0,0,0,0,0,0,0
9041,SE,0,0,0,0,0,0,0,0,0,0,0,0,0,0,0,0,0,0,0,0,0,0,0,0,0,0,0,0,0,0,0,0,0,0,0,355.752181281829,355.752181281829,355.752181281829,355.752181281829,355.752181281829,355.752181281829,355.752181281829,355.752181281829,355.752181281829,355.752181281829,355.752181281829,355.752181281829,355.752181281829,355.752181281829,355.752181281829,355.752181281829,355.752181281829,355.752181281829,355.752181281829,355.752181281829,355.752181281829,355.752181281829,355.752181281829,355.752181281829,355.752181281829,355.752181281829,355.752181281829,355.752181281829,355.752181281829,355.752181281829,355.752181281829,355.752181281829,355.752181281829,355.752181281829,355.752181281829,355.752181281829,355.752181281829,355.752181281829,355.752181281829,355.752181281829
9042,SE,0,0,0,0,0,0,0,0,0,0,0,0,0,0,0,0,0,0,0,0,0,0,0,0,0,0,0,0,0,0,0,0,0,0,0,0,0,0,0,0,0,0,0,0,0,0,0,0,0,0,0,0,0,0,0,0,0,0,0,0,0,0,0,0,0,0,0,0,0,0,0,0,0,0,0
9043,SE,0,0,0,0,0,0,0,0,0,0,0,0,0,0,0,0,0,0,0,0,0,0,0,0,0,0,0,0,0,0,0,0,0,0,0,0,0,0,0,0,0,0,0,0,0,0,0,0,0,0,0,0,0,0,0,0,0,0,0,0,0,0,0,0,0,0,0,0,0,0,0,0,0,0,0
9044,SE,0,0,0,0,0,0,0,0,0,0,0,0,0,0,0,0,0,0,0,0,0,0,0,0,0,0,0,0,0,0,0,0,0,0,0,0,0,0,0,0,0,0,0,0,0,0,0,0,0,0,0,0,0,0,0,0,0,0,0,0,0,0,0,0,0,0,0,0,0,0,0,0,0,0,0
9045,SE,0,0,0,0,0,0,0,0,0,0,0,0,0,0,0,0,0,0,0,0,0,0,0,0,0,0,0,0,0,0,0,0,0,0,0,0,0,0,0,0,0,0,0,0,0,0,0,0,0,0,0,0,0,0,0,0,0,0,0,0,0,0,0,0,0,0,0,0,0,0,0,0,0,0,0
9046,SE,0,0,0,0,0,0,0,0,0,0,0,0,0,0,0,0,0,0,0,0,0,0,0,0,0,0,0,0,0,0,0,0,0,0,0,0,0,0,0,0,0,0,0,0,0,0,0,0,0,0,0,0,0,0,0,0,0,0,0,0,0,0,0,0,0,0,0,0,0,0,0,0,0,0,0
9047,SE,0,0,0,0,0,0,0,0,0,0,0,0,0,0,0,0,0,0,0,0,0,0,0,0,0,0,0,0,0,0,0,0,0,0,198.993283567903,198.993283567903,198.993283567903,198.993283567903,198.993283567903,198.993283567903,198.993283567903,198.993283567903,198.993283567903,198.993283567903,198.993283567903,198.993283567903,198.993283567903,198.993283567903,198.993283567903,198.993283567903,198.993283567903,198.993283567903,198.993283567903,198.993283567903,198.993283567903,198.993283567903,198.993283567903,198.993283567903,198.993283567903,198.993283567903,198.993283567903,198.993283567903,198.993283567903,198.993283567903,198.993283567903,198.993283567903,198.993283567903,198.993283567903,198.993283567903,198.993283567903,198.993283567903,198.993283567903,198.993283567903,198.993283567903,198.993283567903
9048,SE,0,0,0,0,0,0,0,0,0,0,0,0,0,0,0,0,0,0,0,0,0,0,0,0,0,0,0,0,0,0,0,0,0,0,0,0,0,0,0,0,0,0,0,0,0,0,0,0,0,0,0,0,0,0,0,0,0,0,0,0,0,0,0,0,0,0,0,0,0,0,0,0,0,0,0
9049,SE,0,0,0,0,0,0,0,0,0,0,0,0,0,0,0,0,0,0,0,0,0,0,0,0,0,0,0,0,0,0,0,0,0,0,0,0,0,0,0,0,0,0,0,0,0,0,0,0,0,0,0,0,0,0,0,0,0,0,0,0,0,0,0,0,0,0,0,0,0,0,0,0,0,0,0
9050,SE,0,0,0,0,0,0,0,0,0,0,0,0,0,0,0,0,0,0,0,0,0,0,0,0,0,0,0,0,0,0,0,0,0,463.14057714603,463.14057714603,463.14057714603,463.14057714603,463.14057714603,463.14057714603,463.14057714603,463.14057714603,463.14057714603,463.14057714603,463.14057714603,463.14057714603,463.14057714603,463.14057714603,463.14057714603,463.14057714603,463.14057714603,463.14057714603,463.14057714603,463.14057714603,463.14057714603,463.14057714603,463.14057714603,463.14057714603,463.14057714603,463.14057714603,463.14057714603,463.14057714603,463.14057714603,463.14057714603,463.14057714603,463.14057714603,463.14057714603,463.14057714603,463.14057714603,463.14057714603,463.14057714603,463.14057714603,463.14057714603,463.14057714603,463.14057714603,463.14057714603
9051,SE,0,0,0,0,0,0,0,0,0,0,0,0,0,0,0,0,0,0,0,0,0,0,0,0,0,0,0,0,0,0,0,0,0,0,0,0,0,0,0,0,0,0,0,0,0,0,0,0,0,0,0,0,0,0,0,0,0,0,0,0,0,0,0,0,0,0,0,0,0,0,0,0,0,0,0
9052,SE,0,0,0,0,0,0,0,0,0,0,0,0,0,0,0,0,0,0,0,0,0,0,0,0,0,0,0,0,0,0,0,0,0,0,0,0,0,0,0,0,0,0,0,0,0,0,0,0,0,0,0,0,0,0,0,0,0,0,0,0,0,0,0,0,0,0,0,0,0,0,0,0,0,0,0
9053,SE,0,0,0,0,0,0,0,0,0,0,0,0,0,0,0,0,0,0,0,0,0,0,0,0,0,0,0,0,0,0,0,0,0,0,0,0,0,0,0,0,0,0,0,0,0,0,0,0,0,0,0,0,0,0,0,0,0,0,0,0,0,0,0,0,0,0,0,0,0,0,0,0,0,0,0
9054,SE,0,0,0,0,0,0,0,0,0,0,0,0,0,0,0,0,0,0,0,0,0,0,0,0,0,0,0,0,0,0,0,0,0,0,0,0,0,0,0,0,0,0,0,0,0,0,0,0,0,0,0,0,0,0,0,0,0,0,0,0,0,0,0,0,0,0,0,0,0,0,0,0,0,0,0
9055,SE,0,0,0,0,0,0,0,0,0,0,0,0,0,0,0,0,0,0,0,0,0,0,0,0,0,0,0,0,0,0,0,0,0,0,0,0,0,0,0,0,0,0,0,0,0,0,0,0,0,0,0,0,0,0,0,0,0,0,0,0,0,0,0,0,0,0,0,0,0,0,0,0,0,0,0
9056,SE,0,0,0,0,0,0,0,0,0,0,0,0,0,0,0,0,0,0,0,0,0,0,0,0,0,0,0,0,0,0,0,0,0,0,0,118.447063098298,118.447063098298,118.447063098298,118.447063098298,118.447063098298,118.447063098298,118.447063098298,118.447063098298,118.447063098298,118.447063098298,118.447063098298,118.447063098298,118.447063098298,118.447063098298,118.447063098298,118.447063098298,118.447063098298,118.447063098298,118.447063098298,118.447063098298,118.447063098298,118.447063098298,118.447063098298,118.447063098298,118.447063098298,118.447063098298,118.447063098298,118.447063098298,118.447063098298,118.447063098298,118.447063098298,118.447063098298,118.447063098298,118.447063098298,118.447063098298,118.447063098298,150.143530159069,150.143530159069,150.143530159069,150.143530159069
9057,SE,0,0,0,0,0,0,0,0,0,0,0,0,0,0,0,0,0,0,0,0,0,0,0,0,0,0,0,0,0,0,0,0,0,0,0,0,0,0,0,0,0,0,0,0,0,0,0,0,0,0,0,0,0,0,0,0,0,0,0,0,0,0,0,0,0,0,0,0,0,0,0,0,0,0,0
9058,SE,0,0,0,0,0,0,0,0,0,0,0,0,0,0,0,0,0,0,0,0,0,0,0,0,0,0,0,0,0,0,0,0,31.5491021725418,31.5491021725418,131.322678960821,131.322678960821,131.322678960821,131.322678960821,131.322678960821,131.322678960821,131.322678960821,131.322678960821,131.322678960821,131.322678960821,131.322678960821,131.322678960821,131.322678960821,131.322678960821,131.322678960821,131.322678960821,131.322678960821,131.322678960821,131.322678960821,131.322678960821,131.322678960821,131.322678960821,131.322678960821,131.322678960821,131.322678960821,131.322678960821,131.322678960821,131.322678960821,131.322678960821,131.322678960821,131.322678960821,131.322678960821,131.322678960821,131.322678960821,131.322678960821,131.322678960821,131.322678960821,131.322678960821,131.322678960821,131.322678960821,131.322678960821
9059,SE,0,0,0,0,0,0,0,0,0,0,0,0,0,0,0,0,0,0,0,0,0,0,0,0,0,0,0,0,0,0,0,0,0,0,0,0,0,0,0,0,0,0,0,0,0,0,0,0,0,0,0,0,0,0,0,0,0,0,0,0,0,0,0,0,0,0,0,0,0,0,0,0,0,0,0
9060,SE,0,0,0,0,0,0,0,0,0,0,0,0,0,0,0,0,0,0,0,0,0,0,0,0,0,0,0,0,0,0,0,0,0,0,269.208899764486,269.208899764486,269.208899764486,269.208899764486,269.208899764486,269.208899764486,269.208899764486,269.208899764486,269.208899764486,269.208899764486,269.208899764486,269.208899764486,269.208899764486,269.208899764486,269.208899764486,269.208899764486,269.208899764486,269.208899764486,269.208899764486,269.208899764486,269.208899764486,269.208899764486,269.208899764486,269.208899764486,269.208899764486,269.208899764486,269.208899764486,269.208899764486,269.208899764486,269.208899764486,269.208899764486,269.208899764486,269.208899764486,269.208899764486,269.208899764486,269.208899764486,269.208899764486,269.208899764486,269.208899764486,269.208899764486,269.208899764486
9061,SE,0,0,0,0,0,0,0,0,0,0,0,0,0,0,0,0,0,0,0,0,0,0,0,0,0,0,0,0,0,0,0,0,0,0,317.796088145137,317.796088145137,317.796088145137,317.796088145137,317.796088145137,317.796088145137,317.796088145137,317.796088145137,317.796088145137,317.796088145137,317.796088145137,317.796088145137,317.796088145137,317.796088145137,317.796088145137,317.796088145137,317.796088145137,317.796088145137,317.796088145137,317.796088145137,317.796088145137,317.796088145137,317.796088145137,317.796088145137,317.796088145137,317.796088145137,317.796088145137,317.796088145137,317.796088145137,317.796088145137,317.796088145137,317.796088145137,317.796088145137,317.796088145137,317.796088145137,317.796088145137,317.796088145137,317.796088145137,317.796088145137,317.796088145137,317.796088145137
9062,SE,0,0,0,0,0,0,0,0,0,0,0,0,0,0,0,0,0,0,0,0,0,0,0,0,0,0,0,0,0,0,0,0,0,0,0,0,0,0,0,0,0,0,0,0,0,0,0,0,0,0,0,0,0,0,0,0,0,0,0,0,0,0,0,0,0,0,0,0,0,0,0,0,0,0,0
9063,SE,0,0,0,0,0,0,0,0,0,0,0,0,0,0,0,0,0,0,0,0,0,0,0,0,0,0,0,0,0,0,0,0,0,0,0,0,0,0,0,0,0,0,0,0,0,0,0,0,0,0,0,0,0,0,0,0,0,0,0,0,0,0,0,0,0,0,0,0,0,0,0,0,0,0,0
9064,SE,0,0,0,0,0,0,0,0,0,0,0,0,0,0,0,0,0,0,0,0,0,0,0,0,0,0,0,0,0,0,0,0,0,0,0,0,0,0,0,0,0,0,0,0,0,0,0,0,0,0,0,0,0,0,0,0,0,0,0,0,0,0,0,0,0,0,0,0,0,0,0,0,0,0,0
9065,SE,0,0,0,0,0,0,0,0,0,0,0,0,0,0,0,0,0,0,0,0,0,0,0,0,0,0,0,0,0,0,0,0,0,0,241.923839412299,241.923839412299,241.923839412299,241.923839412299,241.923839412299,241.923839412299,241.923839412299,241.923839412299,241.923839412299,241.923839412299,241.923839412299,241.923839412299,241.923839412299,241.923839412299,241.923839412299,241.923839412299,241.923839412299,241.923839412299,241.923839412299,241.923839412299,241.923839412299,241.923839412299,241.923839412299,241.923839412299,241.923839412299,241.923839412299,241.923839412299,241.923839412299,241.923839412299,241.923839412299,241.923839412299,241.923839412299,241.923839412299,241.923839412299,241.923839412299,241.923839412299,241.923839412299,241.923839412299,241.923839412299,241.923839412299,241.923839412299
9066,SE,0,0,0,0,0,0,0,0,0,0,0,0,0,0,0,0,0,0,0,0,0,0,0,0,0,0,0,0,0,0,0,0,0,0,0,0,0,0,0,0,0,0,0,0,0,0,0,0,0,0,0,0,0,0,0,0,0,0,0,0,0,0,0,0,0,0,0,0,0,0,0,0,0,0,0
9067,SE,0,0,0,0,0,0,0,0,0,0,0,0,0,0,0,0,0,0,0,0,0,0,0,0,0,0,0,0,0,0,0,0,0,0,0,0,0,0,0,0,0,0,0,0,0,0,0,0,0,0,0,0,0,0,0,0,0,0,0,0,0,0,0,0,0,0,0,0,0,0,0,0,0,0,0
9068,SE,0,0,0,0,0,0,0,0,0,0,0,0,0,0,0,0,0,0,0,0,0,0,0,0,0,0,0,0,0,0,0,0,0,0,0,0,0,0,0,0,0,0,0,0,0,0,0,0,0,0,0,0,0,0,0,0,0,0,0,0,0,0,0,0,0,0,0,0,0,0,0,0,0,0,0
9069,SE,0,0,0,0,0,0,0,0,0,0,0,0,0,0,0,0,0,0,0,0,0,0,0,0,0,0,0,0,0,0,0,0,0,0,0,0,0,0,0,0,0,0,0,0,0,0,0,0,0,0,0,0,0,0,0,0,0,0,0,0,0,0,0,0,0,0,0,0,0,0,0,0,0,0,0
9070,SE,0,0,0,0,0,0,0,0,0,0,0,0,0,0,0,0,0,0,0,0,0,0,0,0,0,0,0,0,0,0,0,0,0,0,0,0,0,0,0,0,0,0,0,0,0,0,0,0,0,0,0,0,0,0,0,0,0,0,0,0,0,0,0,0,0,0,0,0,0,0,0,0,0,0,0
9071,SE,0,0,0,0,0,0,0,0,0,0,0,0,0,0,0,0,0,0,0,0,0,0,0,0,0,0,0,0,0,0,0,0,0,0,0,0,0,0,0,0,0,0,0,0,0,0,0,0,0,0,0,0,0,0,0,0,0,0,0,0,0,0,0,0,0,0,0,0,0,0,0,0,0,0,0
9072,SE,0,0,0,0,0,0,0,0,0,0,0,0,0,0,0,0,0,0,0,0,0,0,0,0,0,0,0,0,0,0,0,0,0,0,0,0,0,0,0,0,0,0,0,0,0,0,0,0,0,0,0,0,0,0,0,0,0,0,0,0,0,0,0,0,0,0,0,0,0,0,0,0,0,0,0
9073,SE,0,0,0,0,0,0,0,0,0,0,0,0,0,0,0,0,0,0,0,0,0,0,0,0,0,0,0,0,0,0,0,0,0,186.819178252159,186.819178252159,186.819178252159,186.819178252159,186.819178252159,186.819178252159,186.819178252159,186.819178252159,186.819178252159,186.819178252159,186.819178252159,186.819178252159,186.819178252159,186.819178252159,186.819178252159,186.819178252159,186.819178252159,186.819178252159,186.819178252159,186.819178252159,186.819178252159,186.819178252159,186.819178252159,186.819178252159,186.819178252159,186.819178252159,186.819178252159,186.819178252159,186.819178252159,186.819178252159,186.819178252159,186.819178252159,186.819178252159,186.819178252159,186.819178252159,186.819178252159,186.819178252159,186.819178252159,186.819178252159,186.819178252159,186.819178252159,186.819178252159
9074,SE,0,0,0,0,0,0,0,0,0,0,0,0,0,0,0,0,0,0,0,0,0,0,0,0,0,0,0,0,0,0,0,0,0,0,0,0,0,0,0,0,0,0,0,0,0,0,0,0,0,0,0,0,0,0,0,0,0,0,0,0,0,0,0,0,0,0,0,0,0,0,0,0,0,0,0
10001,BA,0,0,0,0,0,0,0,0,0,0,0,0,0,0,0,0,0,0,0,0,0,0,0,0,0,0,0,0,0,0,0,0,0,0,0,0,0,0,0,0,0,0,0,0,0,0,0,0,0,0,0,0,0,0,0,0,0,0,0,0,0,0,0,0,0,0,0,0,0,0,0,0,0,0,0
10002,BA,0,0,0,0,0,0,0,0,0,0,0,0,0,0,0,0,0,0,0,0,0,0,0,0,0,0,0,0,0,0,0,0,0,0,0,0,0,0,0,0,0,0,0,0,0,0,0,0,0,0,0,0,0,0,0,0,0,0,0,0,0,0,0,0,0,0,0,0,0,0,0,0,0,0,0
10003,BA,0,0,0,0,0,0,0,0,0,0,0,0,0,0,0,0,0,0,0,0,0,0,0,0,0,0,0,0,0,159.689861721452,159.689861721452,159.689861721452,383.501456752657,383.501456752657,383.501456752657,383.501456752657,383.501456752657,383.501456752657,383.501456752657,383.501456752657,383.501456752657,383.501456752657,383.501456752657,383.501456752657,383.501456752657,383.501456752657,383.501456752657,383.501456752657,383.501456752657,383.501456752657,383.501456752657,383.501456752657,383.501456752657,383.501456752657,383.501456752657,383.501456752657,383.501456752657,383.501456752657,383.501456752657,383.501456752657,383.501456752657,383.501456752657,383.501456752657,383.501456752657,383.501456752657,383.501456752657,383.501456752657,383.501456752657,383.501456752657,383.501456752657,383.501456752657,383.501456752657,383.501456752657,383.501456752657,383.501456752657
10004,BA,0,0,0,0,0,0,0,0,0,0,0,0,0,0,0,0,0,0,0,0,0,0,0,0,0,0,0,0,0,0,0,0,0,0,0,0,0,0,0,0,0,0,0,0,0,0,0,0,0,0,0,0,0,0,0,0,0,0,0,0,0,0,0,0,0,0,0,0,0,0,0,0,0,0,0
10005,BA,0,0,0,0,0,0,0,64.5737824025409,64.5737824025409,64.5737824025409,64.5737824025409,64.5737824025409,64.5737824025409,64.5737824025409,64.5737824025409,64.5737824025409,64.5737824025409,64.5737824025409,64.5737824025409,64.5737824025409,64.5737824025409,64.5737824025409,64.5737824025409,64.5737824025409,64.5737824025409,64.5737824025409,64.5737824025409,64.5737824025409,64.5737824025409,64.5737824025409,64.5737824025409,64.5737824025409,64.5737824025409,64.5737824025409,64.5737824025409,64.5737824025409,64.5737824025409,64.5737824025409,64.5737824025409,64.5737824025409,64.5737824025409,64.5737824025409,64.5737824025409,64.5737824025409,64.5737824025409,64.5737824025409,64.5737824025409,64.5737824025409,64.5737824025409,64.5737824025409,64.5737824025409,64.5737824025409,64.5737824025409,64.5737824025409,64.5737824025409,64.5737824025409,64.5737824025409,64.5737824025409,64.5737824025409,64.5737824025409,64.5737824025409,64.5737824025409,64.5737824025409,64.5737824025409,64.5737824025409,64.5737824025409,64.5737824025409,64.5737824025409,64.5737824025409,64.5737824025409,64.5737824025409,64.5737824025409,64.5737824025409,64.5737824025409,64.5737824025409
10006,BA,0,0,0,0,0,0,0,0,0,0,0,0,0,0,0,0,0,0,0,0,0,0,0,0,0,0,0,0,0,0,0,0,0,0,0,0,0,0,0,0,0,0,0,0,0,0,0,0,0,0,0,0,0,0,0,0,0,0,0,0,0,0,0,0,0,0,0,0,0,0,0,0,0,0,0
10007,BA,0,0,0,0,0,0,0,0,0,0,0,0,0,0,0,0,0,0,0,0,0,0,0,0,0,0,0,0,0,0,0,0,0,0,0,0,0,0,0,0,0,0,0,0,0,0,0,0,0,0,0,0,0,0,0,0,0,0,0,0,0,0,0,0,0,0,0,0,0,0,0,0,0,0,0
10008,BA,0,0,0,10.4149390050357,10.4149390050357,10.4149390050357,10.4149390050357,19.2065903207703,19.2065903207703,19.2065903207703,19.2065903207703,19.2065903207703,19.2065903207703,19.2065903207703,77.3659811158513,77.3659811158513,77.3659811158513,77.3659811158513,77.3659811158513,77.3659811158513,77.3659811158513,77.3659811158513,77.3659811158513,77.3659811158513,77.3659811158513,77.3659811158513,77.3659811158513,77.3659811158513,77.3659811158513,77.3659811158513,77.3659811158513,77.3659811158513,77.3659811158513,77.3659811158513,77.3659811158513,77.3659811158513,77.3659811158513,77.3659811158513,77.3659811158513,77.3659811158513,77.3659811158513,77.3659811158513,77.3659811158513,77.3659811158513,77.3659811158513,77.3659811158513,77.3659811158513,77.3659811158513,77.3659811158513,77.3659811158513,77.3659811158513,77.3659811158513,77.3659811158513,77.3659811158513,77.3659811158513,77.3659811158513,77.3659811158513,77.3659811158513,77.3659811158513,77.3659811158513,77.3659811158513,77.3659811158513,77.3659811158513,77.3659811158513,77.3659811158513,77.3659811158513,77.3659811158513,77.3659811158513,77.3659811158513,77.3659811158513,77.3659811158513,77.3659811158513,77.3659811158513,77.3659811158513,77.3659811158513
10009,BA,0,0,0,0,0,0,0,0,0,0,0,0,0,0,0,0,0,0,0,0,0,0,0,0,0,0,0,0,0,0,0,0,0,0,0,0,0,0,0,0,0,0,0,0,0,0,0,0,0,0,0,0,0,0,0,0,0,0,0,0,0,0,0,0,0,0,0,0,0,0,0,0,0,0,0
10010,BA,0,0,0,0,0,0,0,0,0,0,0,0,0,0,0,0,0,0,0,0,0,0,0,0,0,0,0,0,0,0,0,0,0,0,0,0,0,0,0,0,0,0,0,0,0,0,0,0,0,0,0,0,0,0,0,0,0,0,0,0,0,0,0,0,0,0,0,0,0,0,0,0,0,0,0
10011,BA,0,0,0,0,0,0,0,0,0,0,0,0,0,0,0,0,0,0,0,0,0,0,0,0,0,0,0,0,0,0,0,0,0,0,0,0,0,0,0,0,0,0,0,0,0,0,0,0,0,0,0,0,0,0,0,0,0,0,0,0,0,0,0,0,0,0,0,0,0,0,0,0,0,0,0
10012,BA,0,0,0,0,0,0,0,0,0,0,6.61244813088098,6.61244813088098,6.61244813088098,6.61244813088098,6.61244813088098,6.61244813088098,6.61244813088098,6.61244813088098,6.61244813088098,6.61244813088098,6.61244813088098,6.61244813088098,6.61244813088098,6.61244813088098,6.61244813088098,49.3973983083779,147.268132351989,147.268132351989,147.268132351989,147.268132351989,147.268132351989,147.32871764275,147.32871764275,147.32871764275,147.32871764275,147.32871764275,147.32871764275,147.32871764275,147.32871764275,165.093274121676,165.093274121676,165.093274121676,165.093274121676,165.093274121676,165.093274121676,165.093274121676,165.093274121676,165.093274121676,165.093274121676,165.093274121676,165.093274121676,165.093274121676,165.093274121676,165.093274121676,165.093274121676,165.093274121676,165.093274121676,165.093274121676,165.093274121676,165.093274121676,165.093274121676,165.093274121676,165.093274121676,165.093274121676,165.093274121676,165.093274121676,165.093274121676,165.093274121676,165.093274121676,165.093274121676,165.093274121676,165.093274121676,165.093274121676,165.093274121676,165.093274121676
10013,BA,0,0,0,0,0,0,0,0,0,0,0,0,0,0,0,0,0,0,0,0,0,0,0,0,0,0,0,0,0,0,0,0,0,0,0,0,0,0,0,0,0,0,0,0,0,0,0,0,0,0,0,0,0,0,0,0,0,0,0,0,0,0,0,0,0,0,0,0,0,0,0,0,0,0,0
10014,BA,0,0,0,0,0,0,0,0,0,0,0,0,0,0,0,0,0,0,0,0,0,0,0,0,0,0,0,0,0,0,0,0,0,0,0,0,0,0,0,0,0,0,0,0,0,0,0,0,0,0,0,0,0,0,0,0,0,0,0,0,0,0,0,0,0,0,0,0,0,0,0,0,0,0,0
10015,BA,0,0,0,0,0,0,0,0,0,0,0,0,0,0,0,0,0,0,0,0,0,0,0,0,0,0,0,0,0,0,0,0,0,0,0,0,0,0,0,0,0,0,0,0,0,0,0,0,0,0,0,0,0,0,0,0,0,0,0,0,0,0,0,0,0,0,0,0,0,0,0,0,0,0,0
10016,BA,0,0,0,0,0,0,0,0,0,0,0,0,0,0,15.5716061360975,15.5716061360975,15.5716061360975,15.5716061360975,15.5716061360975,15.5716061360975,21.9867424452484,21.9867424452484,21.9867424452484,21.9867424452484,21.9867424452484,21.9867424452484,21.9867424452484,21.9867424452484,21.9867424452484,21.9867424452484,21.9867424452484,21.9867424452484,21.9867424452484,21.9867424452484,21.9867424452484,21.9867424452484,28.2882942678318,28.2882942678318,28.2882942678318,28.2882942678318,28.2882942678318,28.2882942678318,28.2882942678318,28.2882942678318,28.2882942678318,28.2882942678318,28.2882942678318,28.2882942678318,28.2882942678318,28.2882942678318,28.2882942678318,28.2882942678318,28.2882942678318,28.2882942678318,28.2882942678318,28.2882942678318,28.2882942678318,28.2882942678318,28.2882942678318,28.2882942678318,28.2882942678318,28.2882942678318,28.2882942678318,28.2882942678318,28.2882942678318,28.2882942678318,28.2882942678318,28.2882942678318,28.2882942678318,28.2882942678318,28.2882942678318,28.2882942678318,28.2882942678318,28.2882942678318,28.2882942678318
10017,BA,0,0,0,0,0,0,0,0,0,0,0,0,0,0,0,0,0,0,0,0,0,0,0,0,0,0,0,0,0,0,0,0,0,0,0,0,0,0,0,0,0,0,0,0,0,0,0,0,0,0,0,0,0,0,0,0,0,0,0,0,0,0,0,0,0,0,0,0,0,0,0,0,0,0,0
10018,BA,0,0,0,0,0,0,0,0,0,0,0,0,0,0,0,0,0,0,0,0,0,0,0,0,0,0,0,0,0,0,0,0,0,0,0,0,0,0,0,0,0,0,0,0,0,0,0,0,0,0,0,0,0,0,0,0,0,0,0,0,0,0,0,0,0,0,0,0,0,0,0,0,0,0,0
10019,BA,0,0,0,0,0,0,0,0,0,0,0,0,0,0,0,0,0,0,0,0,0,0,0,0,0,0,0,0,0,0,0,0,0,0,0,0,0,0,0,0,0,0,0,0,0,0,0,0,0,0,0,0,0,0,0,0,0,0,0,0,0,0,0,0,0,0,0,0,0,0,0,0,0,0,0
10020,BA,0,0,0,0,0,0,0,0,0,0,0,0,0,0,0,0,0,0,0,0,0,0,0,0,0,0,0,0,0,0,0,0,0,0,0,0,0,0,0,0,0,0,0,0,0,0,0,0,0,0,0,0,0,0,0,0,0,0,0,0,0,0,0,0,0,0,0,0,0,0,0,0,0,0,0
10021,BA,0,0,0,0,0,0,0,0,0,0,0,0,0,0,0,0,0,0,0,0,0,0,0,0,0,0,0,0,0,0,0,0,0,0,0,0,64.0193533973797,64.0193533973797,64.0193533973797,64.0193533973797,64.0193533973797,64.0193533973797,64.0193533973797,64.0193533973797,64.0193533973797,64.0193533973797,64.0193533973797,64.0193533973797,64.0193533973797,64.0193533973797,64.0193533973797,64.0193533973797,64.0193533973797,64.0193533973797,64.0193533973797,64.0193533973797,64.0193533973797,64.0193533973797,64.0193533973797,64.0193533973797,64.0193533973797,64.0193533973797,64.0193533973797,64.0193533973797,64.0193533973797,64.0193533973797,64.0193533973797,64.0193533973797,64.0193533973797,64.0193533973797,64.0193533973797,64.0193533973797,64.0193533973797,64.0193533973797,64.0193533973797
10022,BA,0,0,0,0,0,0,0,0,0,0,0,0,0,0,0,0,0,0,0,0,0,0,0,0,0,0,0,0,0,0,0,0,0,0,0,0,0,0,0,0,0,0,0,0,0,0,0,0,0,0,0,0,0,0,0,0,0,0,0,0,0,0,0,0,0,0,0,0,0,0,0,0,0,0,0
10023,BA,0,0,0,0,0,0,0,0,0,0,0,0,0,0,0,0,0,0,0,0,0,0,0,0,0,0,0,0,0,0,0,0,0,0,0,0,0,0,0,0,0,0,0,4.78118597879323,4.78118597879323,4.78118597879323,28.137993456998,28.137993456998,28.137993456998,28.137993456998,28.137993456998,28.137993456998,28.137993456998,28.137993456998,28.137993456998,28.137993456998,28.137993456998,28.137993456998,28.137993456998,28.137993456998,28.137993456998,28.137993456998,28.137993456998,28.137993456998,28.137993456998,28.137993456998,28.137993456998,28.137993456998,28.137993456998,28.137993456998,28.137993456998,28.137993456998,28.137993456998,28.137993456998,28.137993456998
10024,BA,0,0,0,0,0,0,0,0,0,0,0,0,0,0,0,0,0,0,0,0,0,0,0,0,0,0,0,0,0,0,0,0,0,0,0,0,0,0,0,0,0,0,0,0,0,0,0,0,0,0,0,0,0,0,0,0,0,4.77759151009397,4.77759151009397,4.77759151009397,4.77759151009397,4.77759151009397,4.77759151009397,4.77759151009397,4.77759151009397,4.77759151009397,4.77759151009397,4.77759151009397,4.77759151009397,4.77759151009397,4.77759151009397,4.77759151009397,4.77759151009397,4.77759151009397,4.77759151009397
10025,BA,0,0,0,0,0,0,0,0,0,0,0,0,0,0,0,0,0,0,0,0,0,0,0,0,0,0,0,0,0,0,0,0,0,0,0,0,0,0,0,0,0,0,0,0,0,0,0,0,0,0,0,0,0,0,0,0,0,0,0,0,0,0,0,0,0,0,0,0,0,0,0,0,0,0,0
10026,BA,0,0,0,0,0,0,0,81.9648513994352,81.9648513994352,81.9648513994352,81.9648513994352,81.9648513994352,81.9648513994352,81.9648513994352,81.9648513994352,81.9648513994352,81.9648513994352,81.9648513994352,81.9648513994352,81.9648513994352,81.9648513994352,81.9648513994352,81.9648513994352,81.9648513994352,81.9648513994352,81.9648513994352,81.9648513994352,81.9648513994352,81.9648513994352,81.9648513994352,81.9648513994352,81.9648513994352,81.9648513994352,81.9648513994352,81.9648513994352,81.9648513994352,81.9648513994352,81.9648513994352,81.9648513994352,81.9648513994352,81.9648513994352,81.9648513994352,81.9648513994352,81.9648513994352,81.9648513994352,81.9648513994352,81.9648513994352,81.9648513994352,81.9648513994352,81.9648513994352,81.9648513994352,81.9648513994352,81.9648513994352,81.9648513994352,81.9648513994352,81.9648513994352,81.9648513994352,81.9648513994352,81.9648513994352,81.9648513994352,81.9648513994352,81.9648513994352,81.9648513994352,81.9648513994352,81.9648513994352,81.9648513994352,81.9648513994352,81.9648513994352,81.9648513994352,81.9648513994352,81.9648513994352,81.9648513994352,81.9648513994352,81.9648513994352,81.9648513994352
10027,BA,0,0,0,0,0,0,0,0,0,0,0,0,0,0,0,0,0,0,0,0,0,0,0,0,0,0,0,0,0,0,0,0,0,0,0,0,0,0,0,0,0,0,0,0,0,0,0,0,0,0,0,0,0,0,0,0,0,0,0,0,0,0,0,0,0,0,0,0,0,0,0,0,0,0,0
10028,BA,0,0,0,0,0,0,0,0,0,0,0,0,0,0,0,0,0,0,0,0,0,0,0,0,0,0,0,0,0,0,0,0,0,0,0,0,0,0,0,0,0,0,0,0,0,0,0,0,0,0,0,0,0,0,0,0,0,0,0,0,0,0,0,0,0,0,0,0,0,0,0,0,0,0,0
10029,BA,0,0,0,0,0,0,0,0,0,0,0,0,0,0,0,0,0,0,0,0,0,0,0,0,0,0,0,0,0,0,0,0,0,0,0,0,0,0,0,0,0,0,0,0,0,0,0,0,35.774118252969,35.774118252969,35.774118252969,35.774118252969,35.774118252969,35.774118252969,35.774118252969,35.774118252969,35.774118252969,35.774118252969,35.774118252969,35.774118252969,35.774118252969,35.774118252969,35.774118252969,35.774118252969,35.774118252969,35.774118252969,35.774118252969,35.774118252969,35.774118252969,35.774118252969,35.774118252969,35.774118252969,35.774118252969,35.774118252969,35.774118252969
10030,BA,0,0,0,0,0,0,0,0,0,0,0,0,0,0,0,0,0,0,0,0,0,0,0,0,0,0,0,0,0,0,0,0,0,0,0,0,0,0,0,0,0,0,0,0,0,0,0,0,0,0,0,0,0,0,0,0,0,0,0,0,0,0,0,0,0,0,0,0,0,0,0,0,0,0,0
10031,BA,0,0,0,0,0,0,0,0,0,0,0,0,0,0,0,0,0,0,0,0,0,0,0,0,0,0,0,0,0,0,0,0,0,0,0,0,0,0,0,0,0,0,0,0,0,0,0,0,0,0,0,0,0,0,0,0,0,0,0,0,0,0,0,0,0,0,0,0,0,0,0,0,0,0,0
10032,BA,0,0,0,0,0,0,0,0,0,0,0,0,0,0,0,0,0,0,0,0,0,0,0,0,0,0,0,0,0,0,0,0,0,0,0,0,0,0,0,0,0,0,0,0,0,0,0,0,0,0,0,0,0,0,0,0,0,0,0,0,0,0,0,0,0,0,0,0,0,0,0,0,0,0,0
10033,BA,0,0,0,0,0,0,0,0,0,0,0,0,0,0,0,0,0,0,0,0,0,0,0,0,0,0,0,0,0,0,0,0,0,0,0,0,0,0,0,0,0,0,0,0,0,0,0,0,0,0,0,0,0,0,0,0,0,0,0,0,0,0,0,0,0,0,0,0,0,0,0,0,0,0,0
10034,BA,0,0,0,0,0,0,0,0,0,0,0,0,0,0,0,0,0,0,0,0,0,0,0,0,0,0,0,0,0,0,0,0,0,0,0,0,0,0,0,0,0,0,0,0,0,0,11.4455117900908,11.4455117900908,11.4455117900908,11.4455117900908,11.4455117900908,11.4455117900908,11.4455117900908,11.4455117900908,11.4455117900908,11.4455117900908,11.4455117900908,11.4455117900908,11.4455117900908,11.4455117900908,11.4455117900908,11.4455117900908,11.4455117900908,11.4455117900908,11.4455117900908,11.4455117900908,11.4455117900908,11.4455117900908,11.4455117900908,11.4455117900908,11.4455117900908,11.4455117900908,11.4455117900908,11.4455117900908,11.4455117900908
10035,BA,0,0,0,0,0,0,0,0,0,0,0,0,0,0,0,0,0,0,0,0,0,0,0,0,0,0,0,0,0,0,0,0,0,0,0,0,0,0,0,0,0,0,0,0,0,0,0,0,0,0,0,0,0,0,0,0,0,0,0,0,0,0,0,0,0,0,0,0,0,0,0,0,0,0,0
10036,BA,0,0,0,0,0,0,0,0,0,0,0,0,0,0,0,0,0,0,0,0,0,0,0,0,0,0,0,0,0,0,0,0,0,0,0,0,0,0,0,0,0,0,0,0,0,0,0,0,0,0,0,0,0,0,0,0,0,0,0,0,0,0,0,0,0,0,0,0,0,0,0,0,0,0,0
10037,BA,0,0,0,0,0,0,0,0,0,0,0,0,0,0,0,0,0,0,0,0,0,0,0,0,0,0,0,0,0,0,0,0,0,0,0,0,0,0,0,0,0,0,0,0,0,0,0,0,0,0,0,0,0,0,0,0,0,0,0,0,0,0,0,0,0,0,0,0,0,0,0,0,0,0,0
10038,BA,0,0,0,0,0,0,0,0,0,0,0,0,0,0,0,0,0,0,0,0,0,0,0,0,0,0,0,0,0,0,0,0,0,0,0,0,0,0,0,0,0,0,0,0,0,0,0,0,0,0,0,0,0,0,0,0,0,0,0,0,0,0,0,0,0,0,0,0,0,0,0,0,0,0,0
10039,BA,0,0,0,0,0,0,0,0,0,0,0,0,0,0,0,0,0,0,0,0,0,0,0,0,0,0,0,0,0,0,0,0,0,0,0,0,0,0,0,0,0,0,0,0,0,0,0,0,0,0,0,0,0,0,0,0,0,0,0,0,0,0,0,0,0,0,0,0,0,0,0,0,0,0,0
10040,BA,0,0,0,0,0,0,0,14.1412759374783,14.1412759374783,14.1412759374783,14.1412759374783,14.1412759374783,14.1412759374783,14.1412759374783,49.2405198918458,49.2405198918458,49.2405198918458,49.2405198918458,49.2405198918458,49.2405198918458,49.2405198918458,49.2405198918458,49.2405198918458,49.2405198918458,49.2405198918458,49.2405198918458,49.2405198918458,49.2405198918458,49.2405198918458,49.2405198918458,49.2405198918458,49.2405198918458,49.2405198918458,49.2405198918458,49.2405198918458,49.2405198918458,49.2405198918458,49.2405198918458,49.2405198918458,49.2405198918458,49.2405198918458,49.2405198918458,49.2405198918458,49.2405198918458,49.2405198918458,49.2405198918458,49.2405198918458,49.2405198918458,49.2405198918458,49.2405198918458,49.2405198918458,49.2405198918458,49.2405198918458,49.2405198918458,49.2405198918458,49.2405198918458,49.2405198918458,49.2405198918458,49.2405198918458,49.2405198918458,49.2405198918458,49.2405198918458,49.2405198918458,49.2405198918458,49.2405198918458,49.2405198918458,49.2405198918458,49.2405198918458,49.2405198918458,49.2405198918458,49.2405198918458,49.2405198918458,49.2405198918458,49.2405198918458,49.2405198918458
10041,BA,0,0,0,0,0,0,0,0,0,0,0,0,0,0,0,0,0,0,0,0,0,0,0,0,0,0,0,0,0,0,0,0,0,0,0,0,0,0,0,0,0,0,0,0,0,0,0,0,0,0,0,0,0,0,0,0,0,0,0,0,0,0,0,0,0,0,0,0,0,0,0,0,0,0,0
10042,BA,0,0,0,0,0,0,0,0,0,0,0,0,0,0,0,0,0,0,0,0,0,0,0,0,0,0,0,0,0,0,0,0,0,0,0,0,0,0,0,0,0,0,0,0,0,0,0,0,0,0,0,0,0,0,0,0,0,0,0,0,0,0,0,0,0,0,0,0,0,0,0,0,0,0,0
10043,BA,0,0,0,0,0,0,0,0,0,0,0,0,0,0,0,0,0,0,0,0,0,0,0,0,0,0,0,0,0,0,0,0,0,0,0,0,0,0,0,0,0,0,0,0,0,0,0,0,0,0,0,0,0,0,0,0,0,0,0,0,0,0,0,0,0,0,0,0,0,0,0,0,0,0,0
10044,BA,0,0,0,0,0,0,0,0,0,0,0,0,0,0,0,0,0,0,0,0,0,0,0,0,0,0,0,0,0,0,0,0,0,0,0,0,0,0,0,0,0,0,0,0,0,0,0,0,0,0,0,0,0,0,0,0,0,0,0,0,0,0,0,0,0,0,0,0,0,0,0,0,0,0,0
10045,BA,0,0,0,0,0,0,0,0,0,0,0,0,0,0,0,0,0,0,0,0,0,0,0,0,0,0,0,0,0,0,0,0,0,0,0,0,0,0,0,0,0,0,0,0,0,0,0,0,0,0,0,0,0,0,0,0,0,0,0,0,0,0,0,0,0,0,0,0,0,0,0,0,0,0,0
10046,BA,0,0,0,0,0,0,0,0,0,0,0,0,0,0,0,0,0,0,0,0,0,0,0,0,0,0,0,0,0,0,0,0,0,0,0,0,0,0,0,0,0,0,0,0,0,0,0,0,0,0,0,0,0,0,0,0,0,0,0,0,0,0,0,0,0,0,0,0,0,0,0,0,0,0,0
10047,BA,0,0,0,0,0,0,0,0,0,0,0,0,0,0,0,0,0,0,0,0,0,0,0,0,0,0,0,0,0,0,0,0,0,0,0,0,0,0,0,0,0,0,0,0,0,0,0,0,0,0,0,0,0,0,0,0,0,0,0,0,0,0,0,0,0,0,0,0,0,0,0,0,0,0,0
10048,BA,0,0,0,0,0,0,0,0,0,0,0,0,0,0,0,0,0,0,0,0,0,0,0,0,0,0,0,0,0,0,0,0,0,0,0,0,0,0,0,0,0,0,0,0,0,0,0,0,0,0,0,0,0,0,0,0,0,0,0,0,0,0,0,0,0,0,0,0,0,0,0,0,0,0,0
10049,BA,0,0,0,0,0,0,0,0,0,0,0,0,0,0,0,0,0,0,0,0,0,0,0,0,0,0,0,0,0,0,0,0,0,0,0,0,0,0,0,0,0,0,0,0,0,0,0,0,0,0,0,0,0,0,0,0,0,0,0,0,0,0,0,0,0,0,0,0,0,0,0,0,0,0,0
10050,BA,0,0,0,0,0,0,0,0,0,0,0,0,0,0,0,0,0,0,0,0,0,0,0,0,0,0,0,0,0,0,0,0,0,0,0,0,0,0,0,0,0,0,0,0,0,0,0,0,0,0,0,0,0,0,0,0,0,0,0,0,0,0,0,0,0,0,0,0,0,0,0,0,0,0,0
10051,BA,0,0,0,0,0,0,0,0,0,0,0,0,0,0,0,0,0,0,0,0,0,0,0,0,0,0,0,0,0,0,0,0,0,0,0,0,0,0,0,0,0,0,0,0,0,0,0,0,0,0,0,0,0,0,0,0,0,0,0,0,0,0,0,0,0,0,0,0,0,0,0,0,0,0,0
10052,BA,0,0,0,0,0,0,0,0,0,0,0,0,0,0,0,0,0,0,0,0,0,0,0,0,0,0,0,0,0,0,0,0,0,0,0,0,0,0,0,0,0,0,0,0,0,0,0,0,0,0,0,0,0,0,0,0,0,0,0,0,0,0,0,0,0,0,0,0,0,0,0,0,0,0,0
10053,BA,0,0,0,0,0,0,0,0,0,0,0,0,0,0,0,0,0,0,0,0,0,0,0,0,0,0,0,0,0,0,0,0,0,0,0,0,0,0,0,0,0,0,0,0,0,0,0,0,0,0,0,0,0,0,0,0,0,0,0,0,0,0,0,0,0,0,0,0,0,0,0,0,0,0,0
10054,BA,0,0,0,0,0,0,0,0,0,0,0,0,0,0,0,0,0,0,0,0,0,0,0,0,0,0,0,0,0,0,0,0,0,0,0,0,0,0,0,0,0,0,0,0,0,0,0,0,0,0,0,0,0,0,0,0,0,0,0,0,0,0,0,0,0,0,0,0,0,0,0,0,0,0,0
10055,BA,0,0,0,0,0,0,0,0,0,0,0,0,0,0,0,0,0,0,0,0,0,0,0,0,0,0,0,0,0,0,0,0,0,0,0,0,0,0,0,0,0,0,0,0,0,0,0,0,0,0,0,0,0,0,0,0,0,0,0,0,0,0,0,0,0,0,0,0,0,0,0,0,0,0,0
10056,BA,0,0,0,0,0,0,0,0,0,0,0,0,0,0,0,0,0,0,0,0,0,0,0,0,0,0,0,0,0,0,0,0,0,0,0,0,0,0,0,0,0,0,0,0,0,0,0,0,0,0,0,0,0,0,0,0,0,16.4595024606499,16.4595024606499,21.2354652659641,21.2354652659641,21.2354652659641,21.2354652659641,21.2354652659641,21.2354652659641,21.2354652659641,21.2354652659641,21.2354652659641,21.2354652659641,21.2354652659641,21.2354652659641,21.2354652659641,21.2354652659641,21.2354652659641,21.2354652659641
10057,BA,0,0,0,0,0,0,0,0,0,0,0,0,0,0,0,0,0,0,0,0,0,0,0,0,0,0,0,0,0,0,0,0,0,0,0,0,0,0,0,0,0,0,0,0,0,0,0,0,0,0,0,0,0,0,0,0,0,0,0,0,0,0,0,0,0,0,0,0,0,0,0,0,0,0,0
10058,BA,0,0,0,0,0,0,0,0,0,0,0,0,0,0,0,0,0,0,0,0,0,0,0,0,0,0,0,0,0,0,0,0,0,0,0,0,0,0,0,0,0,0,0,0,0,0,0,0,0,0,0,0,0,0,0,0,0,0,0,0,0,0,0,0,0,0,0,0,0,0,0,0,0,0,0
10059,BA,0,0,0,0,0,0,0,0,66.0759839043606,66.0759839043606,66.0759839043606,66.0759839043606,66.0759839043606,66.0759839043606,66.0759839043606,66.0759839043606,66.0759839043606,66.0759839043606,66.0759839043606,66.0759839043606,66.0759839043606,66.0759839043606,66.0759839043606,66.0759839043606,66.0759839043606,66.0759839043606,66.0759839043606,66.0759839043606,66.0759839043606,66.0759839043606,66.0759839043606,66.0759839043606,66.0759839043606,66.0759839043606,66.0759839043606,66.0759839043606,66.0759839043606,66.0759839043606,66.0759839043606,66.0759839043606,66.0759839043606,66.0759839043606,66.0759839043606,66.0759839043606,66.0759839043606,66.0759839043606,66.0759839043606,66.0759839043606,66.0759839043606,66.0759839043606,66.0759839043606,66.0759839043606,66.0759839043606,66.0759839043606,66.0759839043606,66.0759839043606,66.0759839043606,66.0759839043606,66.0759839043606,66.0759839043606,66.0759839043606,66.0759839043606,66.0759839043606,66.0759839043606,66.0759839043606,66.0759839043606,66.0759839043606,66.0759839043606,66.0759839043606,66.0759839043606,66.0759839043606,66.0759839043606,66.0759839043606,66.0759839043606,66.0759839043606
10060,BA,0,0,0,0,0,0,0,0,0,0,0,0,0,0,0,0,0,0,0,0,0,0,0,0,0,0,0,0,0,0,0,0,0,0,0,0,0,0,0,0,0,0,24.0124020127215,24.0124020127215,24.0124020127215,24.0124020127215,24.0124020127215,24.0124020127215,24.0124020127215,24.0124020127215,24.0124020127215,24.0124020127215,24.0124020127215,24.0124020127215,24.0124020127215,24.0124020127215,24.0124020127215,24.0124020127215,24.0124020127215,24.0124020127215,24.0124020127215,24.0124020127215,24.0124020127215,24.0124020127215,24.0124020127215,24.0124020127215,24.0124020127215,24.0124020127215,24.0124020127215,24.0124020127215,24.0124020127215,24.0124020127215,24.0124020127215,24.0124020127215,24.0124020127215
10061,BA,0,0,0,0,0,0,0,0,0,0,0,0,0,0,0,0,0,0,0,0,0,0,0,0,0,0,0,0,0,0,0,0,0,0,0,0,0,0,0,0,0,0,0,0,0,0,0,0,0,0,0,0,0,0,0,0,0,0,0,0,0,58.8581729062021,58.8581729062021,58.8581729062021,58.8581729062021,58.8581729062021,58.8581729062021,58.8581729062021,58.8581729062021,58.8581729062021,58.8581729062021,58.8581729062021,58.8581729062021,58.8581729062021,58.8581729062021
10062,BA,0,0,0,0,0,0,0,0,0,0,0,0,0,0,0,0,0,0,0,0,0,0,0,0,0,0,0,0,0,0,0,0,0,0,0,0,0,8.69863395112323,8.69863395112323,27.9224763241562,27.9224763241562,27.9224763241562,27.9224763241562,27.9224763241562,27.9224763241562,27.9224763241562,27.9224763241562,27.9224763241562,27.9224763241562,27.9224763241562,27.9224763241562,27.9224763241562,27.9224763241562,27.9224763241562,27.9224763241562,27.9224763241562,27.9224763241562,27.9224763241562,27.9224763241562,27.9224763241562,27.9224763241562,27.9224763241562,27.9224763241562,27.9224763241562,27.9224763241562,27.9224763241562,27.9224763241562,27.9224763241562,27.9224763241562,27.9224763241562,27.9224763241562,27.9224763241562,27.9224763241562,27.9224763241562,27.9224763241562
10063,BA,0,0,0,0,0,0,0,0,0,0,0,0,0,0,0,0,0,0,0,0,0,0,0,0,0,0,0,0,0,0,0,0,0,0,0,0,0,0,0,0,0,0,0,0,0,0,0,0,0,0,0,0,0,0,0,0,0,0,0,0,0,0,0,0,0,0,0,0,0,0,0,0,0,0,0
10064,BA,0,0,0,0,0,0,0,0,0,0,0,0,0,0,0,0,0,0,0,0,0,0,0,0,0,0,0,0,0,0,0,0,0,0,0,0,0,0,0,0,0,0,0,0,0,0,0,0,0,0,0,0,0,0,0,0,0,0,0,0,0,0,0,0,0,0,0,0,0,0,0,0,0,0,0
10065,BA,0,0,0,0,0,0,0,0,0,0,0,0,0,0,0,0,0,0,0,0,0,0,0,0,0,0,0,0,0,0,0,0,0,0,0,0,0,0,0,0,0,0,0,0,0,0,0,0,0,0,0,0,0,0,0,0,0,0,0,0,0,0,0,0,0,0,0,0,0,0,0,0,0,0,0
10066,BA,0,0,0,0,0,0,0,0,0,0,0,0,0,0,0,0,0,0,0,0,0,0,0,0,0,0,0,0,0,0,0,0,0,0,0,0,0,0,0,0,0,0,0,0,0,0,0,0,0,0,0,0,0,0,0,0,0,0,0,0,0,0,0,0,0,0,0,0,0,0,0,0,0,0,0
10067,BA,0,0,0,0,0,0,0,0,0,0,0,0,0,0,0,0,0,0,0,0,0,0,0,0,0,0,0,0,0,0,0,0,0,0,0,0,0,0,0,0,0,0,0,0,0,0,0,0,0,0,0,0,0,0,0,0,0,0,0,0,0,0,0,0,0,0,0,0,0,0,0,0,0,0,0
10068,BA,0,0,0,23.2522480009768,23.2522480009768,23.2522480009768,23.2522480009768,23.2522480009768,23.2522480009768,23.2522480009768,23.2522480009768,23.2522480009768,23.2522480009768,23.2522480009768,23.2522480009768,23.2522480009768,23.2522480009768,23.2522480009768,23.2522480009768,23.2522480009768,23.2522480009768,23.2522480009768,23.2522480009768,23.2522480009768,23.2522480009768,23.2522480009768,23.2522480009768,23.2522480009768,23.2522480009768,23.2522480009768,23.2522480009768,23.2522480009768,23.2522480009768,23.2522480009768,23.2522480009768,23.2522480009768,23.2522480009768,23.2522480009768,23.2522480009768,23.2522480009768,23.2522480009768,23.2522480009768,23.2522480009768,23.2522480009768,23.2522480009768,23.2522480009768,23.2522480009768,23.2522480009768,23.2522480009768,23.2522480009768,23.2522480009768,23.2522480009768,23.2522480009768,23.2522480009768,23.2522480009768,23.2522480009768,23.2522480009768,23.2522480009768,23.2522480009768,23.2522480009768,23.2522480009768,23.2522480009768,23.2522480009768,23.2522480009768,23.2522480009768,23.2522480009768,23.2522480009768,23.2522480009768,23.2522480009768,23.2522480009768,23.2522480009768,23.2522480009768,23.2522480009768,23.2522480009768,23.2522480009768
10069,BA,0,0,0,0,0,0,0,0,0,0,0,0,0,0,0,0,0,0,0,0,0,0,0,0,0,0,0,0,0,0,0,0,0,0,0,0,0,0,0,0,0,0,0,0,0,0,0,0,0,0,0,0,0,0,0,0,0,0,0,0,0,0,0,0,0,0,0,0,0,0,0,0,0,0,0
10070,BA,0,0,0,0,0,0,0,0,0,0,0,0,0,0,0,0,0,0,0,0,0,0,0,0,0,0,0,0,0,0,0,0,0,0,0,0,0,0,0,0,0,0,0,0,0,0,0,0,0,0,0,0,0,0,0,0,0,0,0,0,0,0,0,0,0,0,0,0,0,0,0,0,0,0,0
10071,BA,0,0,0,0,0,0,0,0,0,0,0,0,0,0,0,0,0,0,0,0,0,0,0,0,0,0,0,0,0,0,0,0,0,0,0,0,0.323213378585726,0.323213378585726,0.323213378585726,0.323213378585726,0.323213378585726,0.323213378585726,0.323213378585726,0.323213378585726,0.323213378585726,0.323213378585726,0.323213378585726,0.323213378585726,0.323213378585726,0.323213378585726,0.323213378585726,0.323213378585726,0.323213378585726,0.323213378585726,0.323213378585726,0.323213378585726,0.323213378585726,0.323213378585726,0.323213378585726,0.323213378585726,0.323213378585726,0.323213378585726,0.323213378585726,0.323213378585726,0.323213378585726,0.323213378585726,0.323213378585726,0.323213378585726,0.323213378585726,0.323213378585726,0.323213378585726,0.323213378585726,0.323213378585726,0.323213378585726,0.323213378585726
10072,BA,0,0,0,0,0,0,0,0,0,0,0,0,0,0,0,0,0,0,0,0,0,0,0,0,0,0,0,0,0,0,0,0,0,0,0,0,0,0,0,0,0,0,0,0,0,0,0,0,0,0,0,0,0,0,0,0,0,0,0,0,0,0,0,0,0,0,0,0,0,0,0,0,0,0,0
10073,BA,0,0,0,0,0,0,0,0,0,0,0,0,0,0,0,0,0,0,0,0,0,0,0,0,0,0,0,0,0,0,0,0,0,0,0,0,0,0,0,0,0,0,0,0,0,0,0,0,0,0,0,0,0,0,0,0,0,0,0,0,0,0,0,0,0,0,0,0,0,0,0,0,0,0,0
10074,BA,0,0,0,0,0,0,0,0,0,0,0,0,0,0,0,0,0,0,0,0,0,0,0,0,0,0,0,0,0,0,0,0,0,0,0,0,0,0,0,0,0,0,0,0,0,0,0,0,0,0,0,0,0,0,0,0,0,0,0,0,0,0,0,0,0,0,0,0,0,0,0,0,0,0,0
10075,BA,0,0,0,0,0,0,0,0,0,0,0,0,0,0,0,0,0,0,0,0,0,0,0,0,0,130.716184112998,130.716184112998,130.716184112998,130.716184112998,130.716184112998,130.716184112998,130.716184112998,130.716184112998,130.716184112998,130.716184112998,130.716184112998,130.716184112998,130.716184112998,130.716184112998,130.716184112998,130.716184112998,130.716184112998,130.716184112998,130.716184112998,130.716184112998,130.716184112998,130.716184112998,130.716184112998,130.716184112998,130.716184112998,130.716184112998,130.716184112998,130.716184112998,130.716184112998,130.716184112998,130.716184112998,130.716184112998,130.716184112998,130.716184112998,130.716184112998,130.716184112998,130.716184112998,130.716184112998,130.716184112998,130.716184112998,130.716184112998,130.716184112998,130.716184112998,130.716184112998,130.716184112998,130.716184112998,130.716184112998,130.716184112998,130.716184112998,130.716184112998
10076,BA,0,0,0,0,0,0,0,0,0,0,0,0,0,0,0,0,0,0,0,0,0,0,0,0,0,0,0,0,0,0,0,0,0,0,0,0,0,0,0,0,0,0,0,0,0,0,0,0,0,0,0,0,0,0,0,0,0,0,0,0,0,0,0,0,0,0,0,0,0,0,0,0,0,0,0
10077,BA,0,0,0,0,0,0,0,0,0,0,0,0,0,0,0,0,0,0,0,0,0,0,0,0,0,0,0,0,0,0,0,0,0,0,0,0,0,0,0,0,0,0,0,0,0,0,0,0,0,0,0,0,0,0,0,0,0,0,0,0,0,0,0,0,0,0,0,0,0,0,0,0,0,0,0
10078,BA,0,0,0,0,0,0,0,0,0,0,0,0,0,0,0,0,0,0,0,0,0,0,0,0,0,0,0,0,0,0,0,0,0,0,0,0,0,0,0,0,0,0,0,0,0,0,0,0,0,0,0,0,0,0,0,0,0,0,0,0,0,0,0,0,0,0,0,0,0,0,0,0,0,0,0
10079,BA,0,0,0,0,0,0,0,0,0,0,0,0,0,0,0,0,0,0,0,0,0,0,0,0,0,0,0,0,0,0,0,0,0,0,0,0,0,0,0,0,0,0,0,0,0,0,0,0,0,0,0,0,0,0,0,0,0,0,0,0,0,0,0,0,0,0,0,0,0,0,0,0,0,0,0
10080,BA,0,0,0,0,0,0,0,0,0,0,0,0,0,0,0,0,0,0,0,0,0,0,0,0,0,0,0,0,0,0,0,0,0,0,0,0,0,0,0,0,0,0,0,0,0,0,0,0,0,0,0,0,0,0,0,0,0,0,0,0,0,0,0,0,0,0,0,0,0,0,0,0,0,0,0
10081,BA,0,0,0,0,0,0,0,0,0,0,0,0,0,0,0,0,0,0,0,0,0,0,0,0,0,0,0,0,0,0,0,0,0,0,0,0,0,0,0,1.13690833470591,1.13690833470591,1.13690833470591,3.66562504749047,3.66562504749047,3.66562504749047,3.66562504749047,3.66562504749047,3.66562504749047,3.66562504749047,3.66562504749047,3.66562504749047,3.66562504749047,3.66562504749047,3.66562504749047,3.66562504749047,3.66562504749047,3.66562504749047,3.66562504749047,3.66562504749047,3.66562504749047,3.66562504749047,3.66562504749047,3.66562504749047,3.66562504749047,3.66562504749047,3.66562504749047,3.66562504749047,3.66562504749047,3.66562504749047,3.66562504749047,3.66562504749047,3.66562504749047,3.66562504749047,3.66562504749047,3.66562504749047
10082,BA,0,0,0,0,0,0,0,0,0,0,0,0,0,0,0,0,0,0,0,0,0,0,0,0,0,0,0,0,0,0,0,0,0,0,0,0,0,0,0,0,0,0,0,0,0,0,0,0,0,0,0,0,0,0,0,0,0,0,0,0,0,0,0,0,0,0,0,0,0,0,0,0,0,0,0
10083,BA,0,0,0,0,0,0,0,0,0,0,0,0,0,0,0,0,0,0,0,0,0,0,0,0,0,0,0,0,0,0,0,0,0,0,0,0,0,0,0,0,0,0,0,0,0,0,0,0,0,0,0,0,0,0,0,0,0,0,0,0,0,0,0,0,0,0,0,0,0,0,0,0,0,0,0
10084,BA,0,0,0,0,0,0,0,0,0,0,0,0,0,0,0,0,0,0,0,0,0,0,0,0,0,0,0,0,0,0,0,0,0,0,0,0,0,0,0,0,0,0,0,0,0,0,0,0,0,0,0,0,0,0,0,0,0,0,0,0,0,0,0,0,0,0,0,0,0,0,0,0,0,0,0
10085,BA,0,0,0,0,0,0,0,0,0,0,0,0,0,0,0,0,0,0,0,0,0,0,0,0,0,0,0,0,0,0,0,0,0,0,0,0,0,0,0,0,0,0,0,0,0,0,0,0,0,0,0,0,0,0,0,0,0,0,0,0,0,0,0,0,0,0,0,0,0,0,0,0,0,0,0
10086,BA,0,0,0,0,0,0,0,0,0,0,0,0,0,0,0,0,0,0,0,0,0,0,0,0,0,0,0,0,0,0,0,0,0,0,0,0,0,0,0,0,0,0,0,0,0,0,0,0,0,0,0,0,0,0,0,0,0,0,0,0,0,0,0,0,0,0,0,0,0,0,0,0,0,0,0
10087,BA,0,0,0,0,0,0,0,0,13.4892070910205,13.4892070910205,19.1558990171887,19.1558990171887,21.9233407094762,21.9233407094762,21.9233407094762,21.9233407094762,21.9233407094762,21.9233407094762,21.9233407094762,21.9233407094762,21.9233407094762,21.9233407094762,21.9233407094762,21.9233407094762,21.9233407094762,21.9233407094762,21.9233407094762,21.9233407094762,24.1956116647,24.1956116647,24.1956116647,24.1956116647,24.1956116647,24.1956116647,24.1956116647,24.1956116647,24.1956116647,24.1956116647,24.1956116647,24.1956116647,24.1956116647,24.1956116647,24.1956116647,24.1956116647,24.1956116647,24.1956116647,24.1956116647,24.1956116647,24.1956116647,24.1956116647,24.1956116647,24.1956116647,24.1956116647,24.1956116647,24.1956116647,24.1956116647,24.1956116647,24.1956116647,24.1956116647,24.1956116647,24.1956116647,24.1956116647,24.1956116647,24.1956116647,24.1956116647,24.1956116647,24.1956116647,24.1956116647,24.1956116647,24.1956116647,24.1956116647,24.1956116647,24.1956116647,24.1956116647,24.1956116647
10088,BA,0,0,0,0,0,0,0,0,0,0,0,0,0,0,0,0,0,0,0,0,0,0,0,0,0,0,0,0,0,0,0,0,0,0,0,0,0,0,0,0,0,0,0,0,0,0,0,0,0,0,0,0,0,0,0,0,0,0,0,0,0,0,0,0,0,0,0,0,0,0,0,0,0,0,0
10089,BA,0,0,0,49.4276765046145,49.4276765046145,49.4276765046145,49.4276765046145,49.4276765046145,49.4276765046145,49.4276765046145,49.4276765046145,49.4276765046145,49.4276765046145,49.4276765046145,49.4276765046145,49.4276765046145,49.4276765046145,49.4276765046145,49.4276765046145,49.4276765046145,49.4276765046145,49.4276765046145,49.4276765046145,49.4276765046145,49.4276765046145,49.4276765046145,49.4276765046145,49.4276765046145,49.4276765046145,49.4276765046145,49.4276765046145,49.4276765046145,49.4276765046145,49.4276765046145,49.4276765046145,49.4276765046145,49.4276765046145,49.4276765046145,49.4276765046145,49.4276765046145,49.4276765046145,49.4276765046145,49.4276765046145,49.4276765046145,49.4276765046145,49.4276765046145,49.4276765046145,49.4276765046145,49.4276765046145,49.4276765046145,49.4276765046145,49.4276765046145,49.4276765046145,49.4276765046145,49.4276765046145,49.4276765046145,49.4276765046145,49.4276765046145,49.4276765046145,49.4276765046145,49.4276765046145,49.4276765046145,49.4276765046145,49.4276765046145,49.4276765046145,49.4276765046145,49.4276765046145,49.4276765046145,49.4276765046145,49.4276765046145,49.4276765046145,49.4276765046145,49.4276765046145,49.4276765046145,49.4276765046145
10090,BA,0,0,0,0,0,0,0,0,0,0,0,0,0,0,0,0,0,0,0,0,0,0,0,0,0,0,0,0,0,0,0,0,0,0,0,0,0,0,0,0,0,0,0,0,0,0,0,0,0,0,0,0,0,0,0,0,0,0,0,0,0,0,0,0,0,0,0,0,0,0,0,0,0,0,0
10091,BA,0,0,0,0,0,0,0,0,0,0,0,0,0,0,0,0,0,0,0,0,0,0,0,0,0,0,0,0,0,0,0,0,0,0,0,0,0,0,0,0,0,0,0,0,0,0,0,0,0,0,0,0,0,0,0,0,0,0,0,0,0,0,0,0,0,0,0,0,0,0,0,0,0,0,0
10092,BA,0,0,0,0,0,0,0,0,0,0,0,0,0,0,0,0,0,0,0,0,0,0,0,0,0,0,0,0,0,0,0,0,0,0,0,0,0,0,0,0,0,0,0,0,0,0,0,0,0,0,0,0,0,0,0,0,0,0,0,0,0,0,0,0,0,0,0,0,0,0,0,0,0,0,0
10093,BA,0,0,0,0,0,0,0,0,0,0,0,0,0,0,0,0,0,0,0,0,0,0,0,0,0,0,0,0,0,0,0,0,0,0,0,0,0,0,0,0,0,0,0,0,0,0,0,0,0,0,0,0,0,0,0,0,0,0,0,0,0,0,0,0,0,0,0,0,0,0,0,0,0,0,0
10094,BA,0,0,0,0,0,0,0,0,0,0,0,0,0,0,0,0,0,0,0,0,0,0,0,0,0,0,0,0,0,0,0,0,0,0,0,0,0,0,0,0,0,0,0,0,0,0,0,0,0,0,0,0,0,0,0,0,0,0,0,0,0,0,0,0,0,0,0,0,0,0,0,0,0,0,0
10095,BA,0,0,0,0,0,0,0,0,0,0,0,0,0,0,0,0,0,0,0,0,0,0,0,0,0,0,0,0,0,0,0,0,0,0,0,0,0,0,0,0,0,0,0,0,0,0,0,0,0,0,0,0,0,0,0,0,0,0,0,0,0,0,0,0,0,0,0,0,0,0,0,0,0,0,0
10096,BA,0,0,0,0,0,0,19.0603045238543,19.0603045238543,19.0603045238543,19.0603045238543,19.0603045238543,19.0603045238543,19.0603045238543,19.0603045238543,19.0603045238543,19.0603045238543,19.0603045238543,19.0603045238543,19.0603045238543,19.0603045238543,19.0603045238543,19.0603045238543,19.0603045238543,19.0603045238543,19.0603045238543,19.0603045238543,19.0603045238543,19.0603045238543,19.0603045238543,19.0603045238543,19.0603045238543,19.0603045238543,19.0603045238543,19.0603045238543,19.0603045238543,19.0603045238543,19.0603045238543,19.0603045238543,19.0603045238543,19.0603045238543,19.0603045238543,19.0603045238543,143.469817056304,143.469817056304,143.469817056304,143.469817056304,143.469817056304,143.469817056304,143.469817056304,143.469817056304,143.469817056304,143.469817056304,143.469817056304,143.469817056304,143.469817056304,143.469817056304,143.469817056304,143.469817056304,143.469817056304,143.469817056304,143.469817056304,143.469817056304,143.469817056304,143.469817056304,143.469817056304,143.469817056304,143.469817056304,143.469817056304,143.469817056304,143.469817056304,143.469817056304,143.469817056304,143.469817056304,143.469817056304,143.469817056304
10097,BA,0,0,0,0,0,0,0,0,0,0,0,0,0,0,0,0,0,0,0,0,0,0,0,0,0,0,0,0,0,0,0,0,0,0,0,0,0,0,0,0,0,0,0,0,0,0,0,0,0,0,0,0,0,0,0,0,0,0,0,0,0,0,52.5989630817004,52.5989630817004,52.5989630817004,52.5989630817004,52.5989630817004,52.5989630817004,52.5989630817004,52.5989630817004,52.5989630817004,52.5989630817004,52.5989630817004,52.5989630817004,52.5989630817004
10098,BA,0,0,0,0,0,0,0,0,0,0,0,0,0,0,23.2908048830971,23.2908048830971,23.2908048830971,23.2908048830971,23.2908048830971,23.2908048830971,23.2908048830971,23.2908048830971,23.2908048830971,23.2908048830971,23.2908048830971,23.2908048830971,23.2908048830971,23.2908048830971,23.2908048830971,23.2908048830971,23.2908048830971,23.2908048830971,23.2908048830971,23.2908048830971,23.2908048830971,23.2908048830971,23.2908048830971,23.2908048830971,23.2908048830971,23.2908048830971,23.2908048830971,23.2908048830971,23.2908048830971,23.2908048830971,23.2908048830971,23.2908048830971,23.2908048830971,23.2908048830971,23.2908048830971,23.2908048830971,23.2908048830971,23.2908048830971,23.2908048830971,23.2908048830971,23.2908048830971,23.2908048830971,23.2908048830971,23.2908048830971,23.2908048830971,23.2908048830971,23.2908048830971,23.2908048830971,23.2908048830971,23.2908048830971,23.2908048830971,23.2908048830971,23.2908048830971,23.2908048830971,23.2908048830971,23.2908048830971,23.2908048830971,23.2908048830971,23.2908048830971,23.2908048830971,23.2908048830971
10099,BA,0,0,0,0,0,0,0,0,0,0,0,0,0,0,0,0,0,0,0,0,0,0,0,0,0,0,0,0,0,0,0,0,0,0,0,0,0,0,0,0,0,0,0,0,0,0,0,0,0,0,0,0,0,0,0,0,0,0,0,0,0,0,0,0,0,0,0,0,0,0,0,0,0,0,0
10100,BA,0,0,0,0,0,0,0,0,0,0,0,0,0,0,0,0,0,0,0,0,0,0,0,0,0,0,0,0,0,0,0,0,0,0,0,0,0,0,0,0,0,0,0,0,0,0,0,0,0,0,0,0,0,0,0,0,0,0,0,0,0,0,0,0,0,0,0,0,0,0,0,0,0,0,0
10101,BA,0,0,0,0,0,0,0,0,0,0,0,0,0,0,0,0,0,0,0,0,0,0,0,0,0,0,0,0,0,0,0,0,0,0,0,0,0,0,0,0,0,0,0,0,0,0,0,0,0,0,0,0,0,0,0,0,0,0,0,3.7821803847701,3.7821803847701,3.7821803847701,3.7821803847701,3.7821803847701,3.7821803847701,3.7821803847701,3.7821803847701,3.7821803847701,3.7821803847701,3.7821803847701,3.7821803847701,3.7821803847701,3.7821803847701,3.7821803847701,3.7821803847701
10102,BA,0,0,0,0,0,0,0,0,0,0,0,0,0,0,0,0,0,0,0,0,0,0,0,0,0,0,0,0,0,0,0,0,0,0,0,0,0,0,0,0,0,0,0,0,0,0,24.2508847493959,24.2508847493959,24.2508847493959,24.2508847493959,24.2508847493959,24.2508847493959,24.2508847493959,24.2508847493959,24.2508847493959,24.2508847493959,24.2508847493959,55.7078997700403,55.7078997700403,55.7078997700403,55.7078997700403,55.7078997700403,55.7078997700403,55.7078997700403,55.7078997700403,55.7078997700403,55.7078997700403,55.7078997700403,55.7078997700403,55.7078997700403,55.7078997700403,55.7078997700403,55.7078997700403,55.7078997700403,55.7078997700403
10103,BA,0,0,0,0,0,0,0,0,0,0,0,0,0,0,0,0,0,0,0,0,0,0,0,0,0,0,0,0,0,0,0,0,0,0,0,0,0,0,0,0,0,0,0,0,0,0,0,0,0,0,0,0,0,0,0,0,0,0,0,0,0,0,0,0,0,0,0,0,0,0,0,0,0,0,0
10104,BA,0,0,0,0,0,0,0,0,0,0,0,0,0,0,0,0,0,0,0,0,0,0,0,0,0,0,0,0,0,0,0,0,0,0,0,0,0,0,0,0,0,0,0,0,0,0,0,0,0,0,0,0,0,0,0,0,0,0,0,0,0,0,0,0,0,0,0,0,0,0,0,0,0,0,0
10105,BA,0,0,0,0,0,0,0,0,0,0,0,0,0,0,0,0,0,0,0,0,0,0,0,0,0,0,0,0,0,0,0,0,0,0,0,0,0,0,0,0,0,0,0,0,0,0,0,0,0,0,0,0,0,0,0,0,0,0,0,0,0,0,0,0,0,0,0,0,0,0,0,0,0,0,0
10106,BA,0,0,0,0,0,0,0,0,0,0,0,0,0,0,0,0,0,0,0,0,0,0,0,0,0,0,0,0,0,0,0,0,0,0,0,0,0,0,0,0,0,0,0,0,0,0,0,0,0,0,0,0,0,0,0,0,0,0,0,0,0,0,0,0,0,0,0,0,0,0,0,0,0,0,0
10107,BA,0,0,0,0,0,0,0,0,0,0,0,0,0,0,0,0,0,0,0,0,0,0,0,0,0,0,0,0,0,0,0,0,0,0,0,0,0,0,0,0,0,0,0,0,0,0,0,0,0,0,0,0,0,0,0,0,0,0,0,0,0,0,0,0,0,0,0,0,0,0,0,0,0,0,0
10108,BA,0,0,0,0,0,0,0,0,0,0,0,0,0,0,0,0,0,0,0,0,0,0,0,0,0,0,0,0,0,0,0,0,0,0,0,0,0,0,0,0,0,0,0,0,0,0,0,0,0,0,0,0,0,0,0,0,0,0,0,0,0,0,0,0,0,0,0,0,0,0,0,0,0,0,0
10109,BA,0,0,0,0,0,0,0,0,0,0,0,0,0,0,0,0,0,0,0,0,0,0,0,0,0,0,0,0,0,0,0,0,0,0,0,0,0,0,0,0,0,0,0,0,0,0,0,0,0,0,0,0,0,0,0,0,0,0,0,0,0,0,0,0,0,0,0,0,0,0,0,0,0,0,0
10110,BA,0,0,0,0,0,0,0,0,0,0,0,0,0,0,0,0,0,0,0,0,0,0,0,0,0,0,0,0,0,0,0,0,0,0,0,0,0,0,0,0,0,0,0,0,0,0,0,0,0,0,0,0,0,0,0,0,0,0,0,0,0,0,0,0,0,0,0,0,0,0,0,0,0,0,0
10111,BA,0,0,0,0,0,0,0,0,0,0,0,0,0,0,0,0,0,0,0,0,0,0,0,0,0,0,0,0,0,0,0,0,0,0,0,0,0,0,0,0,0,0,0,0,0,0,0,0,0,0,0,0,0,0,0,0,0,0,0,0,0,0,0,0,0,0,0,0,0,0,0,0,0,0,0
10112,BA,0,0,0,0,0,0,0,0,166.724400179524,166.724400179524,166.724400179524,166.724400179524,166.724400179524,166.724400179524,166.724400179524,166.724400179524,166.724400179524,166.724400179524,166.724400179524,166.724400179524,166.724400179524,166.724400179524,166.724400179524,166.724400179524,166.724400179524,166.724400179524,166.724400179524,166.724400179524,166.724400179524,166.724400179524,166.724400179524,166.724400179524,166.724400179524,166.724400179524,166.724400179524,166.724400179524,166.724400179524,166.724400179524,166.724400179524,166.724400179524,166.724400179524,166.724400179524,166.724400179524,166.724400179524,166.724400179524,166.724400179524,166.724400179524,166.724400179524,166.724400179524,166.724400179524,166.724400179524,166.724400179524,166.724400179524,166.724400179524,166.724400179524,166.724400179524,166.724400179524,166.724400179524,166.724400179524,166.724400179524,166.724400179524,166.724400179524,166.724400179524,166.724400179524,166.724400179524,166.724400179524,166.724400179524,166.724400179524,166.724400179524,166.724400179524,166.724400179524,166.724400179524,166.724400179524,166.724400179524,166.724400179524
10113,BA,0,0,0,0,0,0,0,0,0,0,0,0,0,0,0,0,0,0,0,0,0,0,0,0,0,0,0,0,0,0,0,0,0,0,0,0,0,0,0,0,0,0,0,0,0,0,0,0,0,0,0,0,0,0,0,0,0,0,0,0,0,0,0,0,0,0,0,0,0,0,0,0,0,0,0
10114,BA,0,0,0,0,0,0,0,0,0,0,0,0,0,0,0,0,0,0,0,0,0,0,0,0,0,0,0,0,0,0,0,0,0,0,0,0,0,0,0,0,0,0,0,0,0,0,0,0,0,0,0,0,0,0,0,0,0,0,0,0,0,0,0,0,0,0,0,0,0,0,0,0,0,0,0
10115,BA,0,0,0,0,0,0,0,0,0,0,0,0,0,0,0,0,0,0,0,0,0,0,0,0,0,0,0,0,0,0,0,0,0,0,0,0,0,0,0,0,0,0,0,0,0,0,0,0,0,0,0,0,0,0,0,0,0,0,0,0,0,0,0,0,0,0,0,0,0,0,0,0,0,0,0
10116,BA,0,0,0,0,0,0,0,0,0,0,0,0,0,0,0,0,0,0,0,0,0,0,0,0,0,0,0,0,0,0,0,0,0,0,0,0,0,0,0,0,0,0,0,0,0,0,0,0,0,0,0,0,0,0,0,0,0,0,0,0,0,0,48.6155358649715,48.6155358649715,48.6155358649715,48.6155358649715,48.6155358649715,48.6155358649715,48.6155358649715,48.6155358649715,48.6155358649715,48.6155358649715,48.6155358649715,48.6155358649715,48.6155358649715
10117,BA,0,0,0,0,0,0,0,0,0,0,0,0,0,0,0,0,0,0,0,0,0,0,0,0,0,0,0,0,0,0,0,0,0,0,0,0,0,0,0,0,0,0,0,0,0,0,0,0,0,0,0,0,0,0,0,0,0,0,0,0,0,0,0,0,0,0,0,0,0,0,0,0,0,0,0
10118,BA,0,0,0,0,0,0,0,0,0,0,0,0,0,0,0,0,0,0,0,0,0,0,0,0,0,0,0,0,0,0,0,0,0,0,0,0,0,0,0,0,0,0,0,0,0,0,0,0,0,0,0,0,0,0,0,0,0,0,0,0,0,0,0,0,0,0,0,0,0,0,0,0,0,0,0
10119,BA,0,0,0,0,0,0,0,0,0,0,0,0,0,0,120.76799017131,120.76799017131,120.76799017131,120.76799017131,120.76799017131,120.76799017131,120.76799017131,120.76799017131,120.76799017131,120.76799017131,120.76799017131,120.76799017131,120.76799017131,120.76799017131,120.76799017131,120.76799017131,120.76799017131,120.76799017131,120.76799017131,120.76799017131,120.76799017131,120.76799017131,120.76799017131,120.76799017131,120.76799017131,120.76799017131,120.76799017131,120.76799017131,120.76799017131,120.76799017131,120.76799017131,120.76799017131,120.76799017131,120.76799017131,120.76799017131,120.76799017131,120.76799017131,120.76799017131,120.76799017131,120.76799017131,120.76799017131,120.76799017131,120.76799017131,120.76799017131,120.76799017131,120.76799017131,120.76799017131,120.76799017131,120.76799017131,120.76799017131,120.76799017131,120.76799017131,120.76799017131,120.76799017131,120.76799017131,120.76799017131,120.76799017131,120.76799017131,120.76799017131,120.76799017131,120.76799017131
10120,BA,0,0,0,0,0,0,0,0,0,0,0,0,0,0,25.6652679803146,25.6652679803146,25.6652679803146,25.6652679803146,25.6652679803146,25.6652679803146,25.6652679803146,25.6652679803146,25.6652679803146,25.6652679803146,25.6652679803146,25.6652679803146,25.6652679803146,25.6652679803146,25.6652679803146,53.4098393448744,53.4098393448744,53.4098393448744,53.4098393448744,53.4098393448744,53.4098393448744,53.4098393448744,53.4098393448744,53.4098393448744,53.4098393448744,53.4098393448744,53.4098393448744,53.4098393448744,53.4098393448744,53.4098393448744,53.4098393448744,53.4098393448744,53.4098393448744,53.4098393448744,53.4098393448744,53.4098393448744,53.4098393448744,53.4098393448744,53.4098393448744,53.4098393448744,53.4098393448744,53.4098393448744,53.4098393448744,53.4098393448744,53.4098393448744,53.4098393448744,53.4098393448744,53.4098393448744,53.4098393448744,53.4098393448744,53.4098393448744,53.4098393448744,53.4098393448744,53.4098393448744,53.4098393448744,53.4098393448744,53.4098393448744,53.4098393448744,53.4098393448744,53.4098393448744,53.4098393448744
10121,BA,0,0,0,0,0,0,0,0,0,0,0,0,0,0,0,0,0,0,0,0,0,0,0,0,0,0,0,0,0,0,0,0,0,0,0,0,0,0,0,0,0,0,0,0,0,0,0,0,0,0,0,0,0,0,0,0,0,0,0,0,0,0,0,0,0,0,0,0,0,0,0,0,0,0,0
10122,BA,0,0,0,0,0,0,3.30767425358893,3.30767425358893,3.30767425358893,3.30767425358893,3.30767425358893,3.30767425358893,3.30767425358893,3.30767425358893,3.30767425358893,3.30767425358893,3.30767425358893,3.30767425358893,3.30767425358893,3.30767425358893,3.30767425358893,3.30767425358893,3.30767425358893,3.30767425358893,3.30767425358893,3.30767425358893,3.30767425358893,3.30767425358893,3.30767425358893,3.30767425358893,3.30767425358893,3.30767425358893,3.30767425358893,3.30767425358893,3.30767425358893,3.30767425358893,3.30767425358893,3.30767425358893,3.30767425358893,3.30767425358893,3.30767425358893,3.30767425358893,3.30767425358893,3.30767425358893,3.30767425358893,3.30767425358893,3.30767425358893,3.30767425358893,3.30767425358893,3.30767425358893,3.30767425358893,3.30767425358893,3.30767425358893,3.30767425358893,3.30767425358893,3.30767425358893,3.30767425358893,3.30767425358893,3.30767425358893,3.30767425358893,3.30767425358893,3.30767425358893,3.30767425358893,3.30767425358893,3.30767425358893,3.30767425358893,3.30767425358893,3.30767425358893,3.30767425358893,3.30767425358893,3.30767425358893,3.30767425358893,3.30767425358893,3.30767425358893,3.30767425358893
10123,BA,0,0,0,0,0,0,0,0,0,0,0,0,0,0,0,0,0,0,0,0,0,0,0,0,0,0,0,0,0,0,0,0,0,0,0,0,15.7335732009469,22.5623348924256,22.5623348924256,22.5623348924256,22.5623348924256,22.5623348924256,22.5623348924256,22.5623348924256,22.5623348924256,22.5623348924256,22.5623348924256,22.5623348924256,22.5623348924256,22.5623348924256,22.5623348924256,22.5623348924256,22.5623348924256,22.5623348924256,22.5623348924256,22.5623348924256,22.5623348924256,22.5623348924256,22.5623348924256,22.5623348924256,22.5623348924256,22.5623348924256,22.5623348924256,22.5623348924256,22.5623348924256,22.5623348924256,22.5623348924256,22.5623348924256,22.5623348924256,22.5623348924256,22.5623348924256,22.5623348924256,22.5623348924256,22.5623348924256,22.5623348924256
10124,BA,0,0,0,0,0,0,0,0,0,0,0,0,0,0,0,0,0,0,0,0,0,0,0,0,0,0,0,0,0,0,0,0,0,0,0,0,0,0,0,0,0,0,0,0,0,0,0,0,0,0,0,0,0,0,0,0,0,0,0,0,0,0,0,0,0,0,0,0,0,0,0,0,0,0,0
10125,BA,0,0,0,0,0,0,0,0,0,0,0,0,0,0,0,0,0,0,0,0,0,0,0,0,0,0,0,0,0,0,0,0,0,0,0,0,0,0,0,0,0,0,0,0,0,0,0,0,0,0,0,0,0,0,0,0,0,0,0,0,0,0,0,0,0,0,0,0,0,0,0,0,0,0,0
10126,BA,0,0,0,0,0,0,0,0,0,0,0,0,0,0,0,0,0,0,0,0,0,0,0,0,0,0,0,0,0,0,0,0,0,0,0,0,0,0,0,0,0,0,0,0,0,0,0,0,0,0,0,0,0,0,0,0,0,0,0,0,0,0,0,0,0,0,0,0,0,0,0,0,0,0,0
10127,BA,0,0,0,0,0,0,0,0,0,0,0,0,0,0,0,0,0,0,0,0,0,0,0,0,0,0,0,0,0,0,0,0,0,0,0,0,0,0,0,0,0,0,0,0,0,0,0,0,0,0,0,0,0,0,0,0,0,0,0,0,0,0,0,0,0,0,0,0,0,0,0,0,0,0,0
10128,BA,0,0,0,0,0,0,0,0,0,0,0,0,0,0,0,0,0,0,0,0,0,0,0,0,0,0,0,0,0,0,0,0,0,0,0,0,0,0,0,0,0,0,0,0,0,0,0,0,0,0,0,0,0,0,0,0,0,0,0,0,0,0,0,0,0,0,0,0,0,0,0,0,0,0,0
10129,BA,0,0,0,0,0,0,0,0,0,0,0,0,0,0,0,0,0,0,0,0,0,0,0,0,0,0,0,0,0,0,0,0,0,0,0,0,0,0,0,0,0,0,0,0,0,0,0,0,0,0,0,0,0,0,0,0,0,0,0,0,0,0,0,0,0,0,0,0,0,0,0,0,0,0,0
10130,BA,0,0,0,0,0,0,0,0,0,0,0,0,0,0,0,0,0,0,0,0,0,0,0,0,0,0,0,0,0,0,0,0,0,0,0,0,0,0,0,0,0,0,0,0,0,0,0,0,0,0,0,0,0,0,0,0,0,0,0,0,0,0,0,0,0,0,0,0,0,0,0,0,0,0,0
10131,BA,0,0,0,0,0,0,0,0,0,0,0,0,0,0,0,0,0,0,0,0,0,0,0,0,0,0,0,0,0,0,0,0,0,0,0,0,0,0,0,0,0,0,0,0,0,0,0,0,0,0,0,0,0,0,0,0,0,0,0,0,0,0,0,0,0,0,0,0,0,0,0,0,0,0,0
10132,BA,0,0,0,0,0,0,0,0,0,0,0,0,0,0,0,0,0,0,0,0,0,0,0,0,0,0,0,0,0,0,0,0,0,0,0,0,0,0,0,0,0,0,0,0,0,0,0,0,0,0,0,0,0,0,0,0,0,0,0,0,0,0,0,0,0,0,0,0,0,0,0,0,0,0,0
10133,BA,0,0,0,0,0,0,0,0,0,0,0,0,0,0,0,0,0,0,0,0,0,0,0,0,0,0,0,0,0,0,0,0,0,0,0,0,0,0,0,0,0,0,0,0,0,0,0,0,0,0,0,0,0,0,0,0,0,0,0,0,0,0,0,0,0,0,0,0,0,0,0,0,0,0,0
10134,BA,0,0,0,0,0,0,0,0,0,0,0,0,0,0,0,0,0,0,0,0,0,0,0,0,0,0,0,0,0,0,0,0,0,0,0,0,0,0,0,0,0,0,0,0,0,0,0,0,0,0,0,0,0,0,0,0,0,0,0,0,0,0,0,0,0,0,0,0,0,0,0,0,0,0,0
10135,BA,0,0,0,0,0,0,0,0,0,0,19.6111289404433,19.6111289404433,19.6111289404433,19.6111289404433,19.6111289404433,38.1087578734787,38.1087578734787,38.1087578734787,38.1087578734787,38.1087578734787,38.1087578734787,38.1087578734787,38.1087578734787,38.1087578734787,38.1087578734787,38.1087578734787,38.1087578734787,38.1087578734787,38.1087578734787,38.1087578734787,38.1087578734787,38.1087578734787,38.1087578734787,38.1087578734787,38.1087578734787,38.1087578734787,38.1087578734787,38.1087578734787,38.1087578734787,38.1087578734787,38.1087578734787,38.1087578734787,38.1087578734787,38.1087578734787,38.1087578734787,39.0865825007389,39.0865825007389,39.0865825007389,39.0865825007389,39.0865825007389,39.0865825007389,39.0865825007389,39.0865825007389,39.0865825007389,39.0865825007389,39.0865825007389,39.0865825007389,39.0865825007389,39.0865825007389,39.0865825007389,39.0865825007389,39.0865825007389,39.0865825007389,39.0865825007389,39.0865825007389,39.0865825007389,39.0865825007389,39.0865825007389,39.0865825007389,39.0865825007389,39.0865825007389,39.0865825007389,39.0865825007389,39.0865825007389,39.0865825007389
10136,BA,0,0,0,0,0,0,0,0,0,0,0,0,0,0,0,0,0,0,0,0,0,0,0,0,0,0,0,0,0,0,0,0,0,0,0,0,0,0,0,0,0,0,0,0,0,0,0,0,0,0,0,0,0,0,0,0,0,0,0,0,0,0,0,0,0,0,0,0,0,0,0,0,0,0,0
10137,BA,0,0,0,0,0,0,0,0,0,0,0,0,0,0,0,0,0,0,0,0,0,0,0,0,0,0,0,0,0,0,0,0,0,0,0,0,0,0,0,0,0,0,0,0,0,0,0,0,0,0,0,0,0,0,0,0,0,0,0,0,0,0,0,0,0,0,0,0,0,0,0,0,0,0,0
10138,BA,0,0,0,0,0,0,0,0,0,0,0,0,0,0,0,0,0,0,0,0,0,0,0,0,0,0,0,0,0,0,0,0,0,0,0,0,0,0,0,0,0,0,0,0,0,0,0,0,0,0,0,0,0,0,0,0,0,0,0,0,0,0,0,0,0,0,0,0,0,0,0,0,0,0,0
10139,BA,0,0,0,0,0,0,0,0,0,0,0,0,0,0,0,0,0,0,0,0,0,0,0,0,0,0,0,0,0,0,0,0,0,0,0,0,0,0,0,0,0,0,0,0,0,0,0,0,0,0,0,0,0,0,0,0,0,0,0,0,0,0,0,0,0,0,0,0,0,0,0,0,0,0,0
10140,BA,0,0,0,0,0,0,0,0,0,0,0,0,0,0,0,0,0,0,0,0,0,0,0,0,0,0,0,0,0,0,0,0,0,0,0,0,0,0,0,0,0,0,0,0,0,0,0,0,0,0,0,0,0,0,0,0,0,0,0,0,0,0,0,0,0,0,0,0,0,0,0,0,0,0,0
10141,BA,0,0,0,0,0,0,0,0,0,0,0,0,0,0,0,0,0,0,0,0,0,0,0,0,0,0,0,0,0,0,0,0,0,0,0,0,0,0,0,0,0,0,0,0,0,0,0,0,0,0,0,0,0,0,0,0,0,0,0,0,0,0,0,0,0,0,0,0,0,0,0,0,0,0,0
10142,BA,0,0,0,0,0,0,0,0,0,0,0,0,0,0,0,0,0,0,0,0,0,0,0,0,0,0,0,0,0,0,0,0,0,0,0,0,0,0,0,0,0,0,0,0,0,0,0,0,0,0,0,0,0,0,0,0,0,0,0,0,0,0,0,0,0,0,0,0,0,0,0,0,0,0,0
10143,BA,0,0,0,0,0,0,0,0,0,0,0,0,0,0,0,0,0,0,0,0,0,0,0,0,0,0,0,0,0,0,0,0,0,0,0,0,0,0,0,0,0,0,0,0,0,0,0,0,0,0,0,0,0,0,0,0,0,0,0,0,0,0,0,0,0,0,0,0,0,0,0,0,0,0,0
10144,BA,0,0,0,0,0,0,0,0,0,0,0,0,0,0,0,0,0,0,0,0,0,0,0,0,0,0,0,0,0,0,0,0,0,0,0,0,0,0,0,0,0,0,0,0,0,0,0,0,0,0,0,0,0,0,0,0,0,0,0,0,0,0,0,0,0,0,0,0,0,0,0,0,0,0,0
10145,BA,0,0,0,0,0,0,0,0,0,0,0,0,0,0,0,0,0,0,0,0,0,0,0,0,0,0,0,0,0,0,0,0,0,0,0,0,0,0,0,0,0,0,0,0,0,0,0,0,0,0,0,0,0,0,0,0,0,0,0,0,0,0,0,0,0,0,0,0,0,0,0,0,0,0,0
10146,BA,0,0,0,0,0,0,0,0,0,0,0,0,0,0,0,0,0,0,0,0,0,0,0,0,0,0,0,0,0,0,0,0,0,0,0,0,0,0,0,0,0,0,0,0,0,0,0,0,0,0,0,0,0,0,0,0,0,0,0,0,0,0,0,0,0,0,0,0,0,0,0,0,0,0,0
10147,BA,0,0,0,0,0,0,0,0,0,0,0,0,0,0,0,0,0,0,0,0,0,0,0,0,0,0,0,0,0,0,0,0,0,0,0,0,0,0,0,0,0,0,0,0,0,0,0,0,0,0,0,0,0,0,0,0,0,0,0,0,0,0,0,0,0,0,0,0,0,0,0,0,0,0,0
10148,BA,0,0,0,0,0,0,0,0,0,0,0,0,0,0,0,0,0,0,0,0,0,0,0,0,0,0,0,0,0,0,0,0,0,0,0,0,0,0,0,0,0,0,0,0,0,0,0,0,0,0,0,0,0,0,0,0,0,0,0,0,0,0,0,0,0,0,0,0,0,0,0,0,0,0,0
10149,BA,0,0,0,0,0,0,0,0,0,0,0,0,0,0,0,0,0,0,0,0,0,0,0,0,0,0,0,0,0,0,0,0,0,0,0,0,0,0,0,0,0,0,0,0,0,0,0,0,0,0,0,0,0,0,0,0,0,0,0,0,0,0,0,0,0,0,0,0,0,0,0,0,0,0,0
10150,BA,0,0,0,0,0,0,0,0,0,0,0,0,0,0,0,0,0,0,0,0,0,0,0,0,0,0,0,0,0,0,0,0,0,0,0,0,0,0,0,0,0,0,0,0,0,0,0,0,0,0,0,0,0,0,0,0,0,0,0,0,0,0,0,0,0,0,0,0,0,0,0,0,0,0,0
10151,BA,0,0,0,0,0,0,0,0,0,0,0,0,0,0,0,0,0,0,0,0,0,0,0,0,0,0,0,0,0,0,0,0,0,0,0,0,0,0,0,0,0,0,0,0,0,0,0,0,0,0,0,0,0,0,0,0,0,0,0,0,0,0,0,0,0,0,0,0,0,0,0,0,0,0,0
10152,BA,0,0,0,0,0,0,0,0,0,0,0,0,0,0,0,0,0,0,0,0,0,0,0,0,0,0,0,0,0,0,21.4122746456218,21.4122746456218,28.4809488255023,28.4809488255023,28.4809488255023,28.4809488255023,28.4809488255023,28.4809488255023,28.4809488255023,28.4809488255023,28.4809488255023,28.4809488255023,28.4809488255023,28.4809488255023,28.4809488255023,28.4809488255023,28.4809488255023,28.4809488255023,29.7512673948218,29.7512673948218,29.7512673948218,33.7433109485093,33.7433109485093,33.7433109485093,33.7433109485093,33.7433109485093,33.7433109485093,33.7433109485093,33.7433109485093,33.7433109485093,33.7433109485093,33.7433109485093,33.7433109485093,33.7433109485093,33.7433109485093,33.7433109485093,33.7433109485093,33.7433109485093,33.7433109485093,33.7433109485093,33.7433109485093,33.7433109485093,33.7433109485093,33.7433109485093,33.7433109485093
10153,BA,0,0,0,0,0,0,0,0,0,0,0,0,0,0,0,0,0,0,0,0,0,0,0,0,0,0,0,0,0,0,0,0,0,0,0,0,0,0,0,0,0,0,0,0,0,0,0,0,0,0,0,0,0,0,0,0,0,0,0,0,0,0,0,0,0,0,0,0,0,0,0,0,0,0,0
10154,BA,0,0,0,0,0,0,0,0,0,0,0,0,0,0,0,0,0,0,0,0,0,0,0,0,0,0,0,0,0,0,0,0,0,0,0,0,0,0,0,0,0,0,0,0,0,0,0,0,0,0,0,0,0,0,0,0,0,0,0,0,0,0,0,0,0,0,0,0,0,0,0,0,0,0,0
10155,BA,0,0,0,0,0,0,0,0,0,0,0,0,0,0,0,0,0,0,0,0,0,0,0,0,0,0,0,0,0,0,0,0,0,0,0,0,0,0,0,0,0,0,0,0,0,0,0,0,0,0,0,0,0,0,0,0,0,0,0,0,0,0,0,0,0,0,0,0,0,0,0,0,0,0,0
10156,BA,0,0,0,0,0,0,0,0,0,0,0,0,0,0,0,0,0,0,0,0,0,0,0,0,0,0,0,0,0,0,0,0,0,0,0,0,0,0,0,0,0,0,0,0,0,0,0,0,0,0,0,0,0,0,0,0,0,0,0,0,0,0,0,0,0,0,0,0,0,0,0,0,0,0,0
10157,BA,0,0,0,0,0,0,0,0,0,0,0,0,0,0,0,0,0,0,0,0,0,0,0,0,0,0,0,0,0,0,0,0,0,0,0,0,0,0,0,0,0,0,0,0,0,0,0,0,0,0,0,0,0,0,0,0,0,0,0,0,0,0,0,0,0,0,0,0,0,0,0,0,0,0,0
10158,BA,0,0,0,0,0,0,0,0,0,0,0,0,0,0,0,0,0,0,0,0,0,0,0,0,0,0,0,0,0,0,0,0,0,0,0,0,0,0,0,0,0,0,0,0,0,0,0,0,0,0,0,0,0,0,0,0,0,0,0,0,0,0,0,0,0,0,0,0,0,0,0,0,0,0,0
10159,BA,0,0,0,0,0,0,0,0,0,0,0,0,0,0,0,0,0,0,0,0,0,0,0,0,0,0,0,0,0,0,0,0,0,0,0,0,0,0,0,0,5.60231876889611,5.60231876889611,5.60231876889611,5.60231876889611,5.60231876889611,5.60231876889611,31.3841042128307,31.3841042128307,31.3841042128307,31.3841042128307,31.3841042128307,31.3841042128307,31.3841042128307,31.3841042128307,31.3841042128307,31.3841042128307,31.3841042128307,31.3841042128307,31.3841042128307,31.3841042128307,31.3841042128307,31.3841042128307,31.3841042128307,31.3841042128307,31.3841042128307,31.3841042128307,31.3841042128307,31.3841042128307,31.3841042128307,31.3841042128307,31.3841042128307,31.3841042128307,31.3841042128307,31.3841042128307,31.3841042128307
10160,BA,0,0,0,0,0,0,0,0,0,0,0,0,0,0,0,0,0,0,0,0,0,0,0,0,0,0,0,0,0,0,0,0,0,0,0,0,0,0,0,0,0,0,0,0,0,0,0,0,0,0,0,0,0,0,0,0,0,0,0,0,0,0,0,0,0,0,0,0,0,0,0,0,0,0,0
10161,BA,0,0,0,0,0,0,0,0,0,0,0,0,0,0,0,0,0,0,0,0,0,0,0,0,0,0,0,0,0,0,0,0,0,0,0,0,0,0,0,0,0,0,0,0,0,0,0,0,0,0,0,0,0,0,0,0,0,0,0,0,0,0,0,0,0,0,0,0,0,0,0,0,0,0,0
10162,BA,0,0,0,0,0,0,0,0,0,0,0,0,0,0,0,0,0,0,0,0,0,0,0,0,0,0,0,0,0,0,0,0,0,0,0,0,0,0,0,0,0,0,0,0,0,0,0,0,0,0,0,0,0,0,0,0,0,0,0,0,0,0,0,0,0,0,0,0,0,0,0,0,0,0,0
10163,BA,0,0,0,0,0,0,0,0,0,0,0,0,0,0,0,0,0,0,0,0,0,0,0,0,0,0,0,0,0,0,0,0,0,0,0,0,0,0,0,0,0,0,0,0,0,12.0091223392895,12.0091223392895,12.0091223392895,12.0091223392895,12.0091223392895,12.0091223392895,12.0091223392895,12.0091223392895,12.0091223392895,12.0091223392895,12.0091223392895,12.0091223392895,12.0091223392895,12.0091223392895,12.0091223392895,12.0091223392895,27.0676505815183,27.0676505815183,27.0676505815183,27.0676505815183,27.0676505815183,27.0676505815183,27.0676505815183,27.0676505815183,27.0676505815183,27.0676505815183,27.0676505815183,27.0676505815183,27.0676505815183,27.0676505815183
10164,BA,0,0,0,0,0,0,0,0,0,0,0,0,0,0,0,0,0,0,0,0,0,0,0,0,0,0,0,0,0,0,0,0,10.3637093824198,10.3637093824198,10.3637093824198,10.3637093824198,10.3637093824198,10.3637093824198,10.3637093824198,10.3637093824198,10.3637093824198,10.3637093824198,10.3637093824198,10.3637093824198,10.3637093824198,10.3637093824198,10.3637093824198,10.3637093824198,10.3637093824198,10.3637093824198,10.3637093824198,10.3637093824198,10.3637093824198,10.3637093824198,10.3637093824198,10.3637093824198,10.3637093824198,10.3637093824198,10.3637093824198,10.3637093824198,10.3637093824198,10.3637093824198,10.3637093824198,10.3637093824198,10.3637093824198,10.3637093824198,10.3637093824198,10.3637093824198,10.3637093824198,10.3637093824198,10.3637093824198,10.3637093824198,10.3637093824198,10.3637093824198,10.3637093824198
10165,BA,0,0,0,0,0,0,0,0,0,0,0,0,0,0,0,0,0,0,0,0,0,0,0,0,0,0,0,0,0,0,0,0,0,0,0,0,0,0,0,0,0,0,0,0,0,0,0,0,1.38735506536514,1.38735506536514,1.38735506536514,1.38735506536514,1.38735506536514,1.38735506536514,1.38735506536514,1.38735506536514,1.38735506536514,1.38735506536514,1.38735506536514,1.38735506536514,1.38735506536514,1.38735506536514,1.38735506536514,1.38735506536514,1.38735506536514,1.38735506536514,1.38735506536514,1.38735506536514,1.38735506536514,1.38735506536514,1.38735506536514,1.38735506536514,1.38735506536514,1.38735506536514,1.38735506536514
10166,BA,0,0,0,0,0,0,0,0,0,0,0,0,0,0,0,0,0,0,0,0,0,0,0,0,0,0,0,0,0,0,0,0,0,0,0,0,0,0,0,0,0,0,26.4907461798076,26.4907461798076,26.4907461798076,26.4907461798076,26.4907461798076,26.4907461798076,26.4907461798076,26.4907461798076,26.4907461798076,26.4907461798076,26.4907461798076,26.4907461798076,26.4907461798076,26.4907461798076,26.4907461798076,26.4907461798076,26.4907461798076,26.4907461798076,26.4907461798076,26.4907461798076,26.4907461798076,26.4907461798076,26.4907461798076,26.4907461798076,26.4907461798076,26.4907461798076,26.4907461798076,26.4907461798076,26.4907461798076,26.4907461798076,26.4907461798076,26.4907461798076,26.4907461798076
10167,BA,0,0,0,0,0,0,0,0,0,0,0,0,0,0,0,0,0,0,0,0,0,0,0,0,0,0,0,0,0,0,0,0,0,0,0,0,0,0,0,0,0,0,0,0,0,0,0,0,0,0,0,0,0,0,0,0,0,0,0,0,0,0,0,0,0,0,0,0,0,0,0,0,0,0,0
10168,BA,0,0,0,0,0,0,0,0,0,0,0,0,0,0,0,0,0,0,0,0,0,0,0,0,0,0,0,0,0,0,0,0,0,0,0,0,0,0,0,0,0,0,0,0,0,0,0,0,0,0,0,0,0,0,0,0,0,0,0,0,0,0,0,0,0,0,0,0,0,0,0,0,0,0,0
10169,BA,0,0,0,0,0,0,0,0,0,0,0,0,0,0,0,0,0,0,0,0,0,0,0,0,0,0,0,0,0,0,0,0,0,0,0,0,0,0,0,0,0,0,0,0,0,0,0,0,0,0,0,0,0,0,0,0,0,0,0,0,0,0,0,0,0,0,0,0,0,0,0,0,0,0,0
10170,BA,0,0,0,0,0,0,0,0,0,0,0,0,0,0,0,0,0,0,0,0,0,0,0,0,0,0,0,0,0,0,0,0,0,0,0,0,0,0,0,0,0,0,0,0,0,0,0,0,0,0,0,0,0,0,0,0,0,0,0,0,0,0,0,0,0,0,0,0,0,0,0,0,0,0,0
10171,BA,0,0,0,0,0,0,0,0,0,0,0,0,0,0,0,0,0,0,0,0,0,0,0,0,0,0,0,0,0,0,0,0,0,0,0,0,0,0,0,0,0,0,0,0,0,0,0,0,0,0,0,0,0,0,0,0,0,0,0,0,0,0,0,0,0,0,0,0,0,0,0,0,0,0,0
10172,BA,0,0,0,0,0,0,0,0,0,0,0,0,0,0,0,0,0,0,0,0,0,0,0,0,0,0,0,0,0,0,0,0,0,0,0,0,0,0,0,0,0,0,0,0,0,0,0,0,0,0,0,19.3395275954068,19.3395275954068,19.3395275954068,19.3395275954068,19.3395275954068,19.3395275954068,19.3395275954068,19.3395275954068,19.3395275954068,19.3395275954068,19.3395275954068,19.3395275954068,19.3395275954068,19.3395275954068,19.3395275954068,19.3395275954068,19.3395275954068,19.3395275954068,19.3395275954068,19.3395275954068,19.3395275954068,19.3395275954068,19.3395275954068,19.3395275954068
10173,BA,0,0,0,0,0,0,0,0,0,0,0,0,0,0,0,0,0,0,0,0,0,0,0,0,0,0,0,0,0,0,0,0,0,0,0,0,0,0,0,0,0,0,0,0,0,0,0,0,0,0,0,0,0,0,0,0,0,0,0,0,0,0,0,0,0,0,0,0,0,0,0,0,0,0,0
10174,BA,0,0,0,0,0,0,0,0,0,0,0,0,0,0,0,0,0,0,0,0,0,0,0,0,0,0,0,0,0,0,0,0,0,0,0,0,0,0,0,0,0,0,0,0,0,0,0,0,0,0,0,0,0,0,0,0,0,0,0,0,0,0,0,0,0,0,0,0,0,0,0,0,0,0,0
10175,BA,0,0,0,0,0,0,0,0,0,0,0,0,0,0,0,0,0,0,0,0,0,0,0,0,0,0,0,0,0,0,0,0,0,0,0,0,0,0,0,0,0,0,0,0,0,0,0,0,0,0,0,0,0,0,0,0,0,0,0,0,0,0,0,0,0,0,0,0,0,0,0,0,0,0,0
10176,BA,0,0,0,0,0,0,0,0,0,0,0,0,0,0,0,0,0,0,0,0,0,0,0,0,0,0,0,0,0,0,0,0,0,0,0,0,0,0,0,0,0,0,0,0,0,0,0,0,0,0,0,0,0,0,0,0,0,0,0,0,0,0,0,0,0,0,0,0,0,0,0,0,0,0,0
10177,BA,0,0,0,0,0,0,0,0,0,0,0,0,0,0,0,0,0,0,0,0,0,0,0,0,0,0,0,0,0,0,0,0,0,0,0,0,0,0,0,0,0,0,0,0,0,0,0,0,0,0,0,0,0,0,0,0,0,0,0,0,0,0,0,0,0,0,0,0,0,0,0,0,0,0,0
10178,BA,0,0,0,0,0,0,0,0,0,0,0,0,0,0,0,0,0,0,0,0,0,0,0,0,0,0,0,0,0,0,0,0,0,0,0,0,0,0,0,0,0,0,0,0,0,0,0,0,0,0,0,0,0,0,0,0,0,0,0,0,0,0,0,0,0,0,0,0,0,0,0,0,0,0,0
10179,BA,0,0,0,0,0,0,0,0,0,0,0,0,0,0,0,0,0,0,0,0,0,0,0,0,0,0,0,0,0,0,0,0,0,0,0,0,0,0,0,0,0,0,0,0,0,0,0,0,0,0,0,0,0,0,0,0,0,0,0,0,0,0,0,0,0,0,0,0,0,0,0,0,0,0,0
10180,BA,0,0,0,0,0,0,0,0,0,0,0,0,0,0,0,0,0,0,0,0,0,0,0,0,0,0,0,0,0,0,0,0,0,0,0,0,0,0,0,0,0,0,0,0,0,0,0,0,0,0,0,0,0,0,0,0,0,0,0,0,0,0,0,0,0,0,0,0,0,0,0,0,0,0,0
10181,BA,0,0,0,0,0,0,0,0,0,0,0,0,0,0,0,0,0,0,0,0,0,0,0,0,0,0,0,0,0,0,0,0,0,0,0,0,0,0,0,0,0,0,0,0,0,0,0,0,0,0,0,0,0,0,0,0,0,0,0,0,0,0,0,0,0,0,0,0,0,0,0,0,0,0,0
10182,BA,0,0,0,0,0,0,0,0,0,0,0,0,0,0,0,0,0,0,0,0,0,0,0,0,0,0,0,0,0,0,0,0,0,0,0,0,0,0,0,0,0,0,0,0,0,0,0,0,0,0,0,0,0,0,0,0,0,0,0,0,0,0,0,0,0,0,0,0,0,0,0,0,0,0,0
10183,BA,0,0,0,0,0,0,0,0,0,0,0,0,0,0,0,0,0,0,0,0,0,0,0,0,0,0,0,0,0,0,0,0,0,0,0,0,0,0,0,0,0,0,0,0,0,0,0,0,0,0,0,0,0,0,0,0,0,0,0,0,0,0,0,0,0,0,0,0,0,0,0,0,0,0,0
10184,BA,0,0,0,0,0,0,0,0,0,0,0,0,0,0,0,0,0,0,0,0,0,0,0,0,0,0,0,0,0,0,0,0,0,0,0,0,0,0,0,0,0,0,29.3060603264523,53.2985730554199,53.2985730554199,53.2985730554199,53.2985730554199,53.2985730554199,53.2985730554199,53.2985730554199,53.2985730554199,53.2985730554199,53.2985730554199,53.2985730554199,53.2985730554199,53.2985730554199,53.2985730554199,53.2985730554199,53.2985730554199,53.2985730554199,53.2985730554199,53.2985730554199,53.2985730554199,53.2985730554199,53.2985730554199,53.2985730554199,53.2985730554199,53.2985730554199,53.2985730554199,53.2985730554199,53.2985730554199,53.2985730554199,53.2985730554199,53.2985730554199,53.2985730554199
10185,BA,0,0,0,0,0,0,0,0,0,0,0,0,0,0,0,0,0,0,0,0,0,0,0,0,0,0,0,0,0,0,0,0,0,0,0,0,0,0,0,0,0,0,0,0,0,0,0,0,0,0,0,0,0,0,0,0,0,0,0,0,0,0,0,0,0,0,0,0,0,0,0,0,0,0,0
10186,BA,0,0,0,0,0,0,0,0,0,0,27.5472456485326,27.5472456485326,27.5472456485326,27.5472456485326,27.5472456485326,27.5472456485326,27.5472456485326,27.5472456485326,27.5472456485326,27.5472456485326,27.5472456485326,27.5472456485326,27.5472456485326,27.5472456485326,27.5472456485326,27.5472456485326,27.5472456485326,27.5472456485326,27.5472456485326,27.5472456485326,27.5472456485326,27.5472456485326,27.5472456485326,27.5472456485326,27.5472456485326,27.5472456485326,27.5472456485326,27.5472456485326,27.5472456485326,27.5472456485326,27.5472456485326,27.5472456485326,27.5472456485326,27.5472456485326,27.5472456485326,27.5472456485326,27.5472456485326,27.5472456485326,27.5472456485326,27.5472456485326,27.5472456485326,27.5472456485326,27.5472456485326,27.5472456485326,27.5472456485326,27.5472456485326,27.5472456485326,27.5472456485326,27.5472456485326,27.5472456485326,27.5472456485326,27.5472456485326,27.5472456485326,27.5472456485326,27.5472456485326,27.5472456485326,27.5472456485326,27.5472456485326,27.5472456485326,27.5472456485326,27.5472456485326,27.5472456485326,27.5472456485326,27.5472456485326,27.5472456485326
10187,BA,0,0,0,0,0,0,0,0,0,0,0,0,0,0,0,0,0,0,0,0,0,0,0,0,0,0,0,0,0,0,0,0,0,0,0,0,0,0,0,0,0,0,0,0,0,0,0,0,0,0,0,0,0,0,0,0,0,0,0,0,0,0,0,0,0,0,0,0,0,0,0,0,0,0,0
10188,BA,0,0,0,0,0,0,0,0,0,0,0,0,0,0,34.8187606530048,34.8187606530048,34.8187606530048,34.8187606530048,34.8187606530048,34.8187606530048,34.8187606530048,34.8187606530048,34.8187606530048,34.8187606530048,34.8187606530048,34.8187606530048,34.8187606530048,34.8187606530048,34.8187606530048,34.8187606530048,34.8187606530048,34.8187606530048,34.8187606530048,34.8187606530048,34.8187606530048,34.8187606530048,34.8187606530048,34.8187606530048,34.8187606530048,34.8187606530048,34.8187606530048,34.8187606530048,34.8187606530048,34.8187606530048,34.8187606530048,34.8187606530048,34.8187606530048,34.8187606530048,34.8187606530048,34.8187606530048,34.8187606530048,34.8187606530048,34.8187606530048,34.8187606530048,34.8187606530048,34.8187606530048,34.8187606530048,34.8187606530048,34.8187606530048,34.8187606530048,34.8187606530048,34.8187606530048,34.8187606530048,34.8187606530048,34.8187606530048,34.8187606530048,34.8187606530048,34.8187606530048,34.8187606530048,34.8187606530048,34.8187606530048,34.8187606530048,34.8187606530048,34.8187606530048,34.8187606530048
10189,BA,0,0,0,0,0,0,0,0,0,0,0,0,0,0,0,0,0,0,0,0,0,0,0,0,0,0,0,0,0,0,0,0,0,0,0,0,0,0,0,0,0,0,0,0,0,0,0,0,0,0,0,0,0,0,0,0,0,0,0,0,0,0,0,0,0,0,0,0,0,0,0,0,0,0,0
10190,BA,0,0,0,0,0,0,0,0,0,0,0,0,0,0,0,0,0,0,0,0,0,0,0,0,0,0,0,0,0,0,0,0,0,0,0,0,0,0,0,0,0,0,0,0,0,0,0,0,0,0,0,0,0,0,0,0,0,1.04214574058003,1.04214574058003,1.04214574058003,1.04214574058003,1.04214574058003,1.04214574058003,1.04214574058003,1.04214574058003,1.04214574058003,1.04214574058003,1.04214574058003,1.04214574058003,1.04214574058003,1.04214574058003,1.04214574058003,1.04214574058003,1.04214574058003,1.04214574058003
10191,BA,0,0,0,0,0,0,0,0,0,0,0,0,0,0,0,0,0,0,0,0,0,0,0,0,0,0,0,0,0,0,0,0,0,0,0,0,0,0,0,0,0,0,0,0,0,0,0,0,0,0,0,0,0,0,0,0,0,0,0,0,0,0,0,0,0,0,0,0,0,0,0,0,0,0,0
10192,BA,0,0,0,0,0,0,0,0,0,0,0,0,0,0,0,0,0,0,0,0,0,0,0,0,0,0,0,0,0,0,0,0,0,0,0,0,0,0,0,0,0,0,0,0,0,0,0,0,0,0,0,0,0,0,0,0,0,0,0,0,0,0,0,0,0,0,0,0,0,0,0,0,0,0,0
10193,BA,0,0,0,0,0,0,0,0,0,0,0,0,0,0,0,0,0,0,0,0,0,0,0,0,0,0,0,0,0,0,0,0,0,0,0,0,0,0,0,0,0,0,0,0,0,0,0,0,0,0,0,0,0,0,0,0,0,0,0,0,0,1.83239181000618,1.83239181000618,1.83239181000618,1.83239181000618,1.83239181000618,1.83239181000618,1.83239181000618,1.83239181000618,1.83239181000618,1.83239181000618,1.83239181000618,1.83239181000618,1.83239181000618,1.83239181000618
10194,BA,0,0,0,0,0,0,0,0,0,0,0,0,0,0,0,0,0,0,0,0,24.0816588990678,24.0816588990678,24.0816588990678,24.0816588990678,24.0816588990678,24.0816588990678,24.0816588990678,24.0816588990678,24.0816588990678,24.0816588990678,24.0816588990678,24.0816588990678,24.0816588990678,24.0816588990678,24.0816588990678,24.0816588990678,24.0816588990678,24.0816588990678,24.0816588990678,24.0816588990678,24.0816588990678,24.0816588990678,24.0816588990678,24.0816588990678,24.0816588990678,24.0816588990678,24.0816588990678,24.0816588990678,24.0816588990678,24.0816588990678,24.0816588990678,24.0816588990678,24.0816588990678,24.0816588990678,24.0816588990678,24.0816588990678,24.0816588990678,24.0816588990678,24.0816588990678,24.0816588990678,24.0816588990678,24.0816588990678,24.0816588990678,24.0816588990678,24.0816588990678,24.0816588990678,24.0816588990678,24.0816588990678,24.0816588990678,24.0816588990678,24.0816588990678,24.0816588990678,24.0816588990678,24.0816588990678,24.0816588990678
10195,BA,0,0,0,0,0,0,0,0,0,0,0,0,0,0,0,0,0,0,0,0,0,0,0,0,0,0,0,0,0,0,0,0,0,0,0,0,0,0,0,0,0,0,0,0,0,0,0,0,0,0,0,0,0,0,0,0,0,0,0,0,0,0,0,0,0,0,0,0,0,0,0,0,0,0,0
10196,BA,0,0,0,0,0,0,0,0,0,0,0,0,0,0,0,0,0,0,0,0,0,0,0,0,0,0,0,0,0,0,0,0,0,0,0,0,0,0,0,0,0,0,0,0,0,0,0,0,0,0,0,0,0,0,0,0,0,0,0,0,0,0,0,0,0,0,0,0,0,0,0,0,0,0,0
10197,BA,0,0,0,0,0,0,0,0,0,0,0,0,0,0,0,0,0,0,0,0,0,0,0,0,0,0,0,0,0,0,0,0,0,0,0,0,0,0,0,0,0,0,0,0,0,0,9.21803610280148,9.21803610280148,9.21803610280148,9.21803610280148,9.21803610280148,9.21803610280148,9.21803610280148,9.21803610280148,9.21803610280148,9.21803610280148,9.21803610280148,9.21803610280148,9.21803610280148,9.21803610280148,9.21803610280148,9.21803610280148,9.21803610280148,9.21803610280148,9.21803610280148,9.21803610280148,9.21803610280148,9.21803610280148,9.21803610280148,9.21803610280148,9.21803610280148,9.21803610280148,9.21803610280148,9.21803610280148,9.21803610280148
10198,BA,0,0,0,0,0,0,0,0,0,0,0,0,0,0,0,0,0,0,0,0,0,0,0,0,0,0,0,0,0,0,0,0,0,0,0,0,0,0,0,0,0,0,0,0,0,0,0,0,0,0,0,0,0,0,0,0,0,0,0,0,0,0,0,0,0,0,0,0,0,0,0,0,0,0,0
10199,BA,0,0,0,0,0,0,0,0,0,0,0,0,0,0,0,0,0,0,0,0,0,0,0,0,0,0,0,0,0,0,0,0,0,24.030332873498,24.030332873498,26.7195172768128,26.7195172768128,26.7195172768128,26.7195172768128,26.7195172768128,26.7195172768128,26.7195172768128,26.7195172768128,26.7195172768128,26.7195172768128,26.7195172768128,26.7195172768128,26.7195172768128,26.7195172768128,26.7195172768128,26.7195172768128,26.7195172768128,26.7195172768128,26.7195172768128,26.7195172768128,26.7195172768128,26.7195172768128,26.7195172768128,26.7195172768128,26.7195172768128,26.7195172768128,26.7195172768128,26.7195172768128,26.7195172768128,26.7195172768128,26.7195172768128,26.7195172768128,26.7195172768128,26.7195172768128,26.7195172768128,26.7195172768128,26.7195172768128,26.7195172768128,26.7195172768128,26.7195172768128
10200,BA,0,0,0,0,0,0,0,0,0,0,0,0,0,0,0,0,0,0,0,0,0,0,0,0,0,0,0,0,0,0,0,0,0,0,0,0,0,0,0,0,0,0,0,0,0,0,0,0,0,0,0,0,0,0,0,0,0,0,0,0,0,0,0,0,0,0,0,0,0,0,0,0,0,0,0
10201,BA,0,0,0,0,0,0,0,0,0,0,0,0,0,0,0,0,0,0,0,0,7.73554381595772,7.73554381595772,7.73554381595772,7.73554381595772,7.73554381595772,7.73554381595772,7.73554381595772,7.73554381595772,7.73554381595772,7.73554381595772,7.73554381595772,7.73554381595772,7.73554381595772,7.73554381595772,7.73554381595772,7.73554381595772,7.73554381595772,7.73554381595772,7.73554381595772,7.73554381595772,7.73554381595772,7.73554381595772,7.73554381595772,7.73554381595772,7.73554381595772,7.73554381595772,7.73554381595772,7.73554381595772,7.73554381595772,7.73554381595772,7.73554381595772,7.73554381595772,7.73554381595772,7.73554381595772,7.73554381595772,7.73554381595772,7.73554381595772,7.73554381595772,7.73554381595772,7.73554381595772,7.73554381595772,7.73554381595772,7.73554381595772,7.73554381595772,7.73554381595772,7.73554381595772,7.73554381595772,7.73554381595772,7.73554381595772,7.73554381595772,7.73554381595772,7.73554381595772,7.73554381595772,7.73554381595772,7.73554381595772
10202,BA,0,0,0,0,0,0,0,0,0,0,0,0,0,0,0,0,0,0,0,0,0,0,0,0,0,0,0,0,0,0,0,0,0,0,0,0,0,0,0,0,0,0,0,0,0,0,0,0,0,0,0,0,0,0,0,0,0,0,0,0,0,0,0,0,0,0,0,0,0,0,0,0,0,0,0
10203,BA,0,0,0,0,0,0,0,0,0,0,0,0,0,0,0,0,0,0,0,0,0,0,0,0,0,0,0,0,0,0,0,0,0,0,0,0,0,0,0,0,0,0,0,0,0,0,0,0,0,0,0,0,0,0,0,0,0,0,0,0,0,0,0,0,0,0,0,0,0,0,0,0,0,0,0
10204,BA,0,0,0,0,0,0,0,0,0,0,0,0,0,0,0,0,0,0,0,0,0,0,0,0,0,0,0,0,0,0,0,0,0,0,0,0,0,0,0,0,0,0,0,0,0,0,0,0,0,0,0,0,0,0,0,0,0,0,0,0,0,0,0,0,0,0,0,0,0,0,0,0,0,0,0
10205,BA,0,0,0,0,0,0,0,0,0,0,0,0,0,0,0,0,0,0,0,0,0,0,0,0,0,0,0,0,0,18.8490912515552,18.8490912515552,18.8490912515552,30.8529283348616,30.8529283348616,30.8529283348616,30.8529283348616,30.8529283348616,30.8529283348616,30.8529283348616,30.8529283348616,30.8529283348616,30.8529283348616,30.8529283348616,30.8529283348616,30.8529283348616,30.8529283348616,30.8529283348616,30.8529283348616,30.8529283348616,30.8529283348616,30.8529283348616,30.8529283348616,30.8529283348616,30.8529283348616,30.8529283348616,30.8529283348616,30.8529283348616,30.8529283348616,30.8529283348616,30.8529283348616,30.8529283348616,30.8529283348616,30.8529283348616,30.8529283348616,30.8529283348616,30.8529283348616,30.8529283348616,30.8529283348616,30.8529283348616,30.8529283348616,30.8529283348616,30.8529283348616,30.8529283348616,30.8529283348616,30.8529283348616
10206,BA,0,0,0,0,0,0,0,0,0,0,0,0,0,0,0,0,0,0,0,0,0,0,0,0,0,0,0,0,0,0,0,0,0,0,0,0,0,0,0,0,0,0,0,0,0,0,0,0,0,0,0,0,0,0,0,0,0,0,0,0,0,0,0,0,0,0,0,0,0,0,0,0,0,0,0
10207,BA,0,0,0,0,0,0,0,0,0,0,0,0,0,0,0,0,0,0,0,0,0,0,0,0,0,0,0,0,0,0,0,0,0,0,0,0,0,0,0,0,0,0,0,0,0,0,0,0,0,0,0,0,0,0,0,0,0,0,0,0,0,0,0,0,0,0,0,0,0,0,0,0,0,0,0
10208,BA,0,0,0,0,0,0,0,0,0,0,0,0,0,0,0,0,0,0,0,0,0,0,0,0,0,0,0,0,0,0,0,0,0,0,0,0,0,0,0,0,0,0,0,0,0,0,0,0,0,0,0,0,0,0,0,0,0,0,0,0,0,0,0,0,0,0,0,0,0,0,0,0,0,0,0
10209,BA,0,0,0,0,0,0,0,60.0991043710109,60.0991043710109,60.0991043710109,60.0991043710109,60.0991043710109,60.0991043710109,60.0991043710109,60.0991043710109,60.0991043710109,60.0991043710109,60.0991043710109,60.0991043710109,60.0991043710109,60.0991043710109,60.0991043710109,60.0991043710109,60.0991043710109,60.0991043710109,60.0991043710109,60.0991043710109,60.0991043710109,60.0991043710109,60.0991043710109,60.0991043710109,60.0991043710109,60.0991043710109,60.0991043710109,60.0991043710109,60.0991043710109,60.0991043710109,60.0991043710109,60.0991043710109,60.0991043710109,60.0991043710109,60.0991043710109,60.0991043710109,60.0991043710109,60.0991043710109,60.0991043710109,60.0991043710109,60.0991043710109,60.0991043710109,60.0991043710109,60.0991043710109,60.0991043710109,60.0991043710109,60.0991043710109,60.0991043710109,60.0991043710109,60.0991043710109,60.0991043710109,60.0991043710109,60.0991043710109,60.0991043710109,60.0991043710109,60.0991043710109,60.0991043710109,60.0991043710109,60.0991043710109,60.0991043710109,60.0991043710109,60.0991043710109,60.0991043710109,60.0991043710109,60.0991043710109,60.0991043710109,60.0991043710109,60.0991043710109
10210,BA,0,0,0,0,0,0,0,0,0,0,0,0,0,0,0,0,0,0,0,0,0,0,0,0,0,0,0,0,0,0,0,0,0,0,0,0,0,0,0,0,0,0,0,0,0,0,0,0,0,0,0,0,0,0,0,0,0,0,0,0,0,0,0,0,0,0,0,0,0,0,0,0,0,0,0
10211,BA,0,0,0,0,0,0,0,0,0,0,0,0,0,0,0,0,0,0,0,0,0,0,0,0,0,0,0,0,0,0,0,0,0,0,0,0,0,0,0,0,0,0,0,0,0,0,0,0,0,0,0,0,0,0,0,0,0,0,0,0,0,0,0,0,0,0,0,0,0,0,0,0,0,0,0
10212,BA,0,0,0,0,0,0,0,0,0,0,0,0,0,0,0,0,0,0,0,0,0,0,0,0,0,0,0,0,0,0,0,0,0,0,0,0,0,0,0,0,0,0,0,0,0,0,0,0,0,0,0,0,0,0,0,0,0,0,0,0,0,39.4420479950766,39.4420479950766,39.4420479950766,39.4420479950766,39.4420479950766,39.4420479950766,39.4420479950766,39.4420479950766,39.4420479950766,39.4420479950766,39.4420479950766,39.4420479950766,39.4420479950766,39.4420479950766
10213,BA,0,0,0,0,0,0,0,0,0,0,0,0,0,0,0,0,0,0,0,0,0,0,0,0,0,0,0,0,0,0,0,0,0,0,0,0,0,0,0,0,0,0,0,0,0,0,0,0,0,0,0,0,0,0,0,0,0,0,0,0,0,0,0,0,0,0,0,0,0,0,0,0,0,0,0
10214,BA,0,0,0,0,0,0,0,0,0,0,0,0,0,0,0,0,0,0,0,0,0,0,0,0,0,0,0,0,0,0,0,0,0,0,0,0,0,0,0,0,0,0,0,0,0,0,0,0,0,0,0,0,0,0,0,0,0,0,0,0,0,2.67836493423064,2.67836493423064,2.67836493423064,2.67836493423064,2.67836493423064,2.67836493423064,2.67836493423064,2.67836493423064,2.67836493423064,2.67836493423064,2.67836493423064,2.67836493423064,2.67836493423064,2.67836493423064
10215,BA,0,0,0,0,0,0,0,0,0,0,0,0,0,0,0,0,0,0,0,0,0,0,0,0,0,0,0,0,0,0,0,0,0,0,0,0,0,0,0,0,0,0,0,0,0,0,0,0,0,0,0,0,0,0,0,0,0,0,0,0,0,0,0,0,0,0,0,0,0,0,0,0,0,0,0
10216,BA,0,0,0,0,0,0,0,0,0,0,0,0,0,0,0,0,0,0,0,0,0,0,0,0,0,0,0,0,0,0,0,0,0,0,0,0,0,0,0,0,0,0,0,0,0,0,0,0,0,0,0,0,0,0,0,0,0,0,0,0,0,0,0,0,0,0,0,0,0,0,0,0,0,0,0
10217,BA,0,0,0,0,0,0,0,0,0,0,0,0,0,0,0,0,0,0,0,0,0,0,0,0,0,0,0,0,0,0,0,0,0,0,0,0,0,0,0,0,0,0,0,0,0,0,0,0,0,0,0,0,0,0,0,0,0,0,0,0,0,0,0,0,0,0,0,0,0,0,0,0,0,0,0
10218,BA,0,21.4311268361273,21.4311268361273,21.4311268361273,21.4311268361273,21.4311268361273,21.4311268361273,21.4311268361273,21.4311268361273,21.4311268361273,21.4311268361273,21.4311268361273,21.4311268361273,21.4311268361273,21.4311268361273,21.4311268361273,21.4311268361273,21.4311268361273,21.4311268361273,21.4311268361273,21.4311268361273,21.4311268361273,21.4311268361273,21.4311268361273,21.4311268361273,21.4311268361273,21.4311268361273,21.4311268361273,21.4311268361273,21.4311268361273,21.4311268361273,21.4311268361273,21.4311268361273,21.4311268361273,21.4311268361273,21.4311268361273,21.4311268361273,21.4311268361273,21.4311268361273,21.4311268361273,21.4311268361273,21.4311268361273,21.4311268361273,21.4311268361273,21.4311268361273,21.4311268361273,21.4311268361273,21.4311268361273,21.4311268361273,21.4311268361273,21.4311268361273,21.4311268361273,21.4311268361273,21.4311268361273,21.4311268361273,21.4311268361273,21.4311268361273,21.4311268361273,21.4311268361273,21.4311268361273,21.4311268361273,21.4311268361273,21.4311268361273,21.4311268361273,21.4311268361273,21.4311268361273,21.4311268361273,21.4311268361273,21.4311268361273,21.4311268361273,21.4311268361273,21.4311268361273,21.4311268361273,21.4311268361273,21.4311268361273
10219,BA,0,0,0,0,0,0,0,0,0,0,0,0,0,0,0,0,0,0,0,0,0,0,0,0,0,0,0,0,0,0,0,0,0,0,0,0,0,0,0,0,0,0,0,0,0,0,0,0,0,0,0,0,0,0,0,0,0,0,0,0,0,0,0,0,0,0,0,0,0,0,0,0,0,0,0
10220,BA,0,0,0,0,0,0,0,0,0,0,0,0,0,0,0,0,0,0,0,0,0,0,0,0,0,0,0,0,0,0,0,0,0,0,0,0,0,0,0,0,0,0,0,0,0,0,0,0,0,0,0,0,0,0,0,0,0,0,0,0,0,0,0,0,0,0,0,0,0,0,0,0,0,0,0
10221,BA,0,0,0,0,0,0,0,0,0,0,0,0,0,0,0,0,0,0,0,0,0,0,0,0,0,0,0,0,0,0,0,0,0,0,0,0,0,0,0,0,0,0,0,0,0,0,0,0,0,0,0,0,0,0,0,0,0,0,0,0,0,0,0,0,0,0,0,0,0,0,0,0,0,0,0
10222,BA,0,0,0,0,0,0,0,0,0,0,0,0,0,0,0,0,0,0,0,0,0,0,0,0,0,0,0,0,0,0,0,0,0,0,0,0,0,0,0,0,0,0,0,0,0,0,0,0,0,0,0,0,0,0,0,0,0,0,0,56.9636404024504,56.9636404024504,56.9636404024504,56.9636404024504,56.9636404024504,56.9636404024504,56.9636404024504,56.9636404024504,56.9636404024504,56.9636404024504,56.9636404024504,56.9636404024504,56.9636404024504,56.9636404024504,56.9636404024504,56.9636404024504
10223,BA,0,0,0,0,0,0,0,0,0,0,0,0,0,0,0,0,0,0,0,0,0,0,0,0,0,0,0,0,0,0,0,0,0,0,0,0,0,0,0,0,0,0,0,0,0,0,0,0,0,0,0,0,0,0,0,0,0,0,0,0,0,0,0,0,0,0,0,0,0,0,0,0,0,0,0
10224,BA,0,0,0,0,0,0,0,0,0,0,0,0,0,0,0,0,0,0,0,0,0,0,0,0,0,0,0,0,0,0,0,0,0,0,0,0,0,0,0,0,0,0,0,0,0,0,0,0,0,0,0,0,0,0,0,0,0,0,0,0,0,0,0,0,0,0,0,0,0,0,0,0,0,0,0
10225,BA,0,0,0,0,0,0,0,0,0,0,0,0,0,0,0,0,0,0,0,0,0,0,0,0,0,0,0,0,0,0,0,0,0,0,0,0,0,0,0,0,0,0,0,0,0,0,0,0,0,0,0,0,0,0,0,25.145745718498,25.145745718498,25.145745718498,25.145745718498,25.145745718498,25.145745718498,25.145745718498,25.145745718498,25.145745718498,25.145745718498,25.145745718498,25.145745718498,25.145745718498,25.145745718498,25.145745718498,25.145745718498,25.145745718498,25.145745718498,25.145745718498,25.145745718498
10226,BA,0,0,0,0,0,0,0,0,0,0,0,0,0,0,0,0,0,0,0,0,0,0,0,0,0,0,0,0,0,0,0,0,0,0,0,0,0,0,0,0,0,0,0,0,0,0,0,0,0,0,0,0,0,0,0,0,0,0,0,0,0,0,0,0,0,0,0,0,0,0,0,0,0,0,0
10227,BA,0,0,0,0,0,0,0,0,0,0,0,0,0,0,0,5.10039867771302,5.10039867771302,5.10039867771302,5.10039867771302,5.10039867771302,5.10039867771302,5.10039867771302,5.10039867771302,5.10039867771302,5.10039867771302,5.10039867771302,5.10039867771302,5.10039867771302,5.10039867771302,5.10039867771302,5.10039867771302,5.10039867771302,5.10039867771302,5.10039867771302,5.10039867771302,5.10039867771302,5.10039867771302,5.10039867771302,5.10039867771302,5.10039867771302,55.6415715783895,55.6415715783895,56.6303591381772,56.6303591381772,56.6303591381772,56.6303591381772,56.6303591381772,56.6303591381772,56.6303591381772,56.6303591381772,56.6303591381772,56.6303591381772,56.6303591381772,56.6303591381772,56.6303591381772,56.6303591381772,56.6303591381772,56.6303591381772,56.6303591381772,56.6303591381772,56.6303591381772,56.6303591381772,56.6303591381772,56.6303591381772,56.6303591381772,56.6303591381772,56.6303591381772,56.6303591381772,56.6303591381772,56.6303591381772,56.6303591381772,56.6303591381772,56.6303591381772,56.6303591381772,56.6303591381772
10228,BA,0,0,0,0,0,0,0,0,0,0,0,0,0,0,0,0,0,0,0,0,0,0,0,0,0,0,0,0,0,0,0,0,0,0,0,0,0,0,0,0,0,0,0,0,0,0,0,0,0,0,0,0,0,0,0,0,0,0,0,0,0,0,0,0,0,0,0,0,0,0,0,0,0,0,0
10229,BA,0,0,0,34.7485675714034,34.7485675714034,34.7485675714034,34.7485675714034,34.7485675714034,34.7485675714034,34.7485675714034,34.7485675714034,34.7485675714034,34.7485675714034,34.7485675714034,34.7485675714034,34.7485675714034,34.7485675714034,34.7485675714034,34.7485675714034,34.7485675714034,34.7485675714034,34.7485675714034,34.7485675714034,34.7485675714034,34.7485675714034,34.7485675714034,34.7485675714034,34.7485675714034,34.7485675714034,34.7485675714034,34.7485675714034,34.7485675714034,34.7485675714034,34.7485675714034,44.5603745898998,44.5603745898998,44.5603745898998,44.5603745898998,44.5603745898998,44.5603745898998,44.5603745898998,44.5603745898998,44.5603745898998,44.5603745898998,44.5603745898998,44.5603745898998,44.5603745898998,44.5603745898998,44.5603745898998,44.5603745898998,44.5603745898998,44.5603745898998,44.5603745898998,44.5603745898998,44.5603745898998,44.5603745898998,44.5603745898998,44.5603745898998,44.5603745898998,44.5603745898998,44.5603745898998,44.5603745898998,44.5603745898998,44.5603745898998,44.5603745898998,44.5603745898998,44.5603745898998,44.5603745898998,44.5603745898998,44.5603745898998,44.5603745898998,44.5603745898998,44.5603745898998,44.5603745898998,44.5603745898998
10230,BA,0,0,0,0,0,0,0,0,0,0,0,0,0,0,0,0,0,0,0,0,0,0,0,0,0,0,0,0,0,0,0,0,0,0,0,0,0,0,0,0,0,0,0,0,0,0,0,0,0,0,0,0,0,0,0,0,0,0,0,0,0,0,0,0,0,0,0,0,0,0,0,0,0,0,0
10231,BA,0,0,0,0,0,0,0,0,0,0,0,0,0,0,0,0,0,0,0,0,0,0,0,0,0,0,0,0,0,0,0,0,0,0,0,0,0,0,0,0,0,0,0,0,0,0,0,0,0,0,0,0,0,0,0,0,0,0,0,0,0,0,0,0,0,0,0,0,0,0,0,0,0,0,0
10232,BA,0,0,0,0,0,0,0,0,0,0,0,0,0,0,0,0,0,0,0,0,0,0,0,0,0,0,0,0,0,0,0,0,0,0,0,0,0,0,0,0,0,0,19.3846302502819,19.3846302502819,19.3846302502819,19.3846302502819,19.3846302502819,19.3846302502819,19.3846302502819,19.3846302502819,19.3846302502819,19.3846302502819,19.3846302502819,19.3846302502819,19.3846302502819,19.3846302502819,19.3846302502819,19.3846302502819,19.3846302502819,19.3846302502819,19.3846302502819,19.3846302502819,19.3846302502819,19.3846302502819,19.3846302502819,19.3846302502819,19.3846302502819,19.3846302502819,19.3846302502819,19.3846302502819,19.3846302502819,19.3846302502819,19.3846302502819,19.3846302502819,19.3846302502819
10233,BA,0,0,0,0,0,0,0,0,0,0,0,0,0,0,0,0,0,0,0,0,0,0,0,0,0,0,0,0,0,0,0,0,0,0,0,0,0,0,0,0,0,0,0,0,0,0,0,0,0,0,0,0,0,0,0,0,0,0,0,0,0,0,0,0,0,0,0,0,0,0,0,0,0,0,0
10234,BA,0,0,0,0,0,0,0,0,0,0,0,0,0,0,0,0,0,0,0,0,0,0,0,0,0,0,0,0,0,0,0,0,0,0,0,0,0,0,0,0,0,0,0,0,0,0,0,0,0,0,0,0,0,0,0,0,0,0,0,0,0,0,0,0,0,0,0,0,0,0,0,0,0,0,0
10235,BA,0,0,0,0,0,0,0,0,0,0,0,0,0,0,0,0,0,0,0,0,0,0,0,0,0,0,0,0,0,0,0,0,0,0,0,0,0,0,0,0,0,0,0,0,0,0,0,0,0,0,0,0,0,0,0,0,0,0,0,0,0,0,0,0,0,0,0,0,0,0,0,0,0,0,0
10236,BA,0,0,0,0,0,0,0,0,0,0,0,0,0,0,0,0,0,0,0,0,0,0,0,0,0,0,0,0,0,0,0,0,0,0,0,0,0,0,0,0,0,0,0,0,0,0,0,0,0,0,0,0,0,0,0,0,0,0,0,0,0,0,0,0,0,0,0,0,0,0,0,0,0,0,0
10237,BA,0,0,0,0,0,0,0,0,0,0,0,0,0,0,0,0,0,0,0,0,0,0,0,0,0,0,0,0,0,0,0,0,0,0,0,0,0,0,0,0,0,0,0,0,0,0,0,0,0,0,0,0,0,0,0,0,0,0,0,0,0,0,0,0,0,0,0,0,0,0,0,0,0,0,0
10238,BA,0,0,0,0,0,0,0,0,0,0,0,0,0,0,0,0,0,0,0,0,0,0,0,0,0,0,0,0,0,0,0,0,0,0,0,0,0,0,0,0,0,0,0,0,0,0,0,0,0,0,0,0,0,0,0,0,0,0,0,0,0,0,0,0,0,0,0,0,0,0,0,0,0,0,0
10239,BA,0,0,0,0,0,0,0,0,0,0,0,0,0,0,0,0,0,0,0,0,0,0,0,0,0,0,0,0,0,0,0,0,0,0,0,0,0,0,0,0,0,0,0,0,0,0,0,0,0,0,0,0,0,0,0,0,0,0,0,0,0,0,0,0,0,0,0,0,0,0,0,0,0,0,0
10240,BA,0,0,0,0,0,0,0,0,0,0,0,0,0,0,0,0,0,0,0,0,0,0,0,0,0,0,0,0,0,0,0,0,0,0,0,0,0,0,0,0,0,0,0,0,0,0,0,0,0,0,0,0,0,3.18346631717809,3.18346631717809,3.18346631717809,3.18346631717809,3.18346631717809,3.18346631717809,3.18346631717809,3.18346631717809,24.9574118041889,24.9574118041889,24.9574118041889,24.9574118041889,24.9574118041889,24.9574118041889,24.9574118041889,24.9574118041889,24.9574118041889,24.9574118041889,24.9574118041889,24.9574118041889,24.9574118041889,24.9574118041889
10241,BA,0,0,0,0,0,22.1376303892634,22.1376303892634,95.4236773885383,95.4236773885383,95.4236773885383,118.662851332319,118.662851332319,118.662851332319,118.662851332319,118.662851332319,118.662851332319,118.662851332319,118.662851332319,118.662851332319,118.662851332319,118.662851332319,118.662851332319,118.662851332319,118.662851332319,118.662851332319,118.662851332319,118.662851332319,118.662851332319,118.662851332319,118.662851332319,118.662851332319,118.662851332319,118.662851332319,118.662851332319,118.662851332319,118.662851332319,118.662851332319,118.662851332319,118.662851332319,118.662851332319,118.662851332319,118.662851332319,118.662851332319,118.662851332319,118.662851332319,118.662851332319,118.662851332319,118.662851332319,118.662851332319,118.662851332319,118.662851332319,118.662851332319,118.662851332319,118.662851332319,118.662851332319,118.662851332319,118.662851332319,118.662851332319,118.662851332319,118.662851332319,118.662851332319,118.662851332319,118.662851332319,118.662851332319,118.662851332319,118.662851332319,118.662851332319,118.662851332319,118.662851332319,118.662851332319,118.662851332319,118.662851332319,118.662851332319,118.662851332319,118.662851332319
10242,BA,0,0,0,0,0,0,0,0,0,0,0,0,0,0,0,0,0,0,0,0,0,0,0,0,0,0,0,0,0,0,0,0,32.1206424508891,39.2176763097965,39.2176763097965,39.2176763097965,39.2176763097965,39.2176763097965,39.2176763097965,39.2176763097965,39.2176763097965,39.2176763097965,39.2176763097965,39.2176763097965,39.2176763097965,39.2176763097965,39.2176763097965,39.2176763097965,39.2176763097965,39.2176763097965,39.2176763097965,39.2176763097965,39.2176763097965,39.2176763097965,39.2176763097965,39.2176763097965,39.2176763097965,39.2176763097965,39.2176763097965,39.2176763097965,39.2176763097965,39.2176763097965,39.2176763097965,39.2176763097965,39.2176763097965,39.2176763097965,39.2176763097965,39.2176763097965,39.2176763097965,39.2176763097965,39.2176763097965,39.2176763097965,39.2176763097965,39.2176763097965,39.2176763097965
10243,BA,0,0,0,0,0,24.6817978520855,24.6817978520855,24.6817978520855,24.6817978520855,24.6817978520855,24.6817978520855,24.6817978520855,24.6817978520855,24.6817978520855,24.6817978520855,24.6817978520855,24.6817978520855,24.6817978520855,24.6817978520855,24.6817978520855,24.6817978520855,24.6817978520855,24.6817978520855,24.6817978520855,24.6817978520855,24.6817978520855,24.6817978520855,24.6817978520855,24.6817978520855,24.6817978520855,24.6817978520855,24.6817978520855,24.6817978520855,24.6817978520855,24.6817978520855,24.6817978520855,24.6817978520855,24.6817978520855,24.6817978520855,24.6817978520855,24.6817978520855,24.6817978520855,24.6817978520855,24.6817978520855,24.6817978520855,24.6817978520855,24.6817978520855,24.6817978520855,24.6817978520855,24.6817978520855,24.6817978520855,24.6817978520855,24.6817978520855,24.6817978520855,24.6817978520855,89.1144221577461,89.1144221577461,89.1144221577461,89.1144221577461,89.1144221577461,89.1144221577461,89.1144221577461,89.1144221577461,89.1144221577461,89.1144221577461,89.1144221577461,89.1144221577461,89.1144221577461,89.1144221577461,89.1144221577461,89.1144221577461,89.1144221577461,89.1144221577461,89.1144221577461,89.1144221577461
10244,BA,0,0,0,0,0,0,0,0,0,0,0,0,0,0,0,0,0,0,0,0,0,0,0,0,0,0,0,0,0,0,0,0,0,0,0,0,0,0,0,0,0,0,0,0,0,0,0,0,0,0,0,0,0,0,0,0,0,0,0,0,0,0,0,0,0,0,0,0,0,0,0,0,0,0,0
10245,BA,0,0,0,0,0,0,0,0,0,0,0,0,0,0,9.91033229601287,9.91033229601287,9.91033229601287,9.91033229601287,9.91033229601287,9.91033229601287,9.91033229601287,9.91033229601287,9.91033229601287,9.91033229601287,9.91033229601287,9.91033229601287,9.91033229601287,9.91033229601287,9.91033229601287,9.91033229601287,9.91033229601287,9.91033229601287,9.91033229601287,9.91033229601287,9.91033229601287,9.91033229601287,9.91033229601287,9.91033229601287,9.91033229601287,9.91033229601287,9.91033229601287,9.91033229601287,9.91033229601287,9.91033229601287,9.91033229601287,9.91033229601287,9.91033229601287,9.91033229601287,9.91033229601287,9.91033229601287,9.91033229601287,9.91033229601287,9.91033229601287,9.91033229601287,9.91033229601287,9.91033229601287,9.91033229601287,9.91033229601287,9.91033229601287,9.91033229601287,9.91033229601287,9.91033229601287,9.91033229601287,9.91033229601287,9.91033229601287,9.91033229601287,9.91033229601287,9.91033229601287,9.91033229601287,9.91033229601287,9.91033229601287,9.91033229601287,9.91033229601287,9.91033229601287,9.91033229601287
10246,BA,0,0,0,0,0,0,0,0,0,0,0,0,0,0,0,0,0,0,0,0,0,0,0,0,0,0,0,0,0,0,0,0,0,0,0,0,0,0,0,0,0,0,0,0,0,0,0,0,0,0,0,0,0,0,0,0,0,0,0,0,0,0,0,0,0,0,0,0,0,0,0,0,0,0,0
10247,BA,0,0,0,0,0,0,0,0,0,0,0,0,0,0,0,0,0,0,0,0,0,0,0,0,0,0,0,0,0,0,0,0,0,0,0,0,0,0,0,0,0,0,0,0,0,0,0,0,0,0,0,0,0,0,0,0,0,0,0,0,0,0,0,0,0,0,0,0,0,0,0,0,0,0,0
10248,BA,0,0,0,0,0,0,0,0,0,0,0,0,0,0,0,0,0,0,0,0,0,0,0,0,0,0,0,0,0,0,0,0,0,0,0,0,0,0,0,0,0,0,0,0,0,0,0,0,0,0,0,0,0,0,0,0,0,0,0,0,0,0,0,0,0,0,0,0,0,0,0,0,0,0,0
10249,BA,0,0,0,0,0,0,0,0,0,0,0,0,0,0,0,0,0,0,0,0,0,0,0,0,0,0,0,0,0,0,0,0,0,0,0,0,0,0,0,0,0,0,0,0,0,0,0,0,0,0,0,0,0,0,0,0,0,0,0,0,0,0,0,0,0,0,0,0,0,0,0,0,0,0,0
10250,BA,0,0,0,0,0,0,0,0,0,0,0,0,0,0,0,0,0,0,0,0,0,0,0,0,0,0,0,0,0,0,0,0,0,0,0,0,0,0,0,0,0,0,0,0,0,0,0,0,0,0,0,0,0,0,0,0,0,0,0,0,0,0,0,0,0,0,0,0,0,0,0,0,0,0,0
10251,BA,0,0,0,0,0,0,0,0,0,0,0,0,0,0,0,0,0,0,0,0,0,0,0,0,0,0,0,0,0,0,0,0,0,0,0,0,0,0,0,0,0,0,0,0,0,0,0,0,0,0,0,0,0,0,0,0,0,0,0,0,0,0,0,0,0,0,0,0,0,0,0,0,0,0,0
10252,BA,0,0,0,0,0,0,0,4.63882130743966,4.63882130743966,4.63882130743966,4.63882130743966,4.63882130743966,4.63882130743966,4.63882130743966,4.63882130743966,4.63882130743966,4.63882130743966,4.63882130743966,4.63882130743966,4.63882130743966,4.63882130743966,4.63882130743966,4.63882130743966,4.63882130743966,4.63882130743966,4.63882130743966,4.63882130743966,4.63882130743966,4.63882130743966,4.63882130743966,4.63882130743966,4.63882130743966,4.63882130743966,4.63882130743966,4.63882130743966,4.63882130743966,4.63882130743966,4.63882130743966,4.63882130743966,4.63882130743966,4.63882130743966,4.63882130743966,4.63882130743966,4.63882130743966,4.63882130743966,4.63882130743966,4.63882130743966,4.63882130743966,4.63882130743966,4.63882130743966,4.63882130743966,4.63882130743966,4.63882130743966,4.63882130743966,4.63882130743966,4.63882130743966,4.63882130743966,4.63882130743966,4.63882130743966,4.63882130743966,4.63882130743966,4.63882130743966,4.63882130743966,4.63882130743966,4.63882130743966,4.63882130743966,4.63882130743966,4.63882130743966,4.63882130743966,4.63882130743966,4.63882130743966,4.63882130743966,4.63882130743966,4.63882130743966,4.63882130743966
10253,BA,0,0,0,0,0,0,0,0,0,0,0,0,0,0,0,0,0,0,0,0,0,0,0,0,0,0,0,0,0,0,0,0,0,0,0,0,0,0,0,0,0,0,0,0,0,0,0,0,0,0,0,0,0,0,0,0,0,0,0,0,0,0,0,0,0,0,0,0,0,0,0,0,0,0,0
10254,BA,0,0,0,0,0,0,0,0,0,0,0,0,0,0,0,0,0,0,0,0,0,0,0,0,0,0,0,0,0,0,0,0,0,0,0,0,0,0,0,0,0,0,0,0,0,0,0,0,0,0,0,0,0,0,0,0,0,0,0,0,0,0,0,0,0,0,0,0,0,0,0,0,0,0,0
10255,BA,0,0,0,0,0,0,0,0,0,0,0,0,0,0,0,0,0,0,0,0,0,0,0,0,0,0,0,0,0,0,0,0,0,0,0,0,0,0,0,0,0,0,0,0,0,0,0,0,0,0,0,0,0,0,0,0,0,0,0,0,0,0,0,0,0,0,0,0,0,0,0,0,0,0,0
10256,BA,0,0,0,0,0,0,0,0,0,0,0,0,0,0,0,0,0,0,0,0,0,0,0,0,0,0,0,0,0,0,0,0,0,0,0,0,0,0,0,0,0,0,0,0,0,0,0,0,0,0,0,0,0,0,0,0,0,0,0,0,0,0,0,0,0,0,0,0,0,0,0,0,0,0,0
10257,BA,0,0,0,0,0,0,0,0,0,0,0,0,0,0,0,0,0,0,0,0,0,0,0,0,0,0,0,0,0,0,0,0,0,0,0,0,0,0,0,0,0,0,0,0,0,0,0,0,0,0,0,0,0,0,0,0,0,0,0,0,0,0,0,0,0,0,0,0,0,0,0,0,0,0,0
10258,BA,0,0,0,0,0,0,0,0,0,0,0,0,0,0,0,0,0,0,0,0,0,0,0,0,0,0,0,0,0,0,0,0,0,0,0,0,0,0,0,0,0,0,0,0,0,0,0,0,0,0,0,0,0,0,0,0,0,0,0,0,0,0,0,0,0,0,0,0,0,0,0,0,0,0,0
10259,BA,0,0,0,0,0,0,0,0,0,0,0,0,0,0,0,0,0,0,0,0,0,0,0,0,0,0,0,0,0,0,0,0,0,0,0,0,0,0,0,0,0,0,0,0,0,0,0,0,0,0,0,0,0,0,0,0,0,0,0,0,0,0,0,0,0,0,0,0,0,0,0,0,0,0,0
10260,BA,0,0,0,0,0,0,0,0,0,0,0,0,0,0,0,0,0,0,0,0,0,0,0,0,0,0,0,0,0,0,0,0,0,0,0,0,0,0,0,0,0,0,0,0,0,0,0,0,0,0,0,0,0,0,0,0,0,0,0,0,0,0,0,0,0,0,0,0,0,0,0,0,0,0,0
10261,BA,0,0,0,0,0,0,0,0,0,0,0,0,0,0,0,0,0,0,0,0,0,0,0,0,0,0,0,0,0,0,0,0,0,0,0,0,0,0,0,0,0,0,0,0,0,0,0,0,0,0,0,0,0,0,0,0,0,0,0,0,0,0,0,0,0,0,0,0,0,0,0,0,0,0,0
10262,BA,0,0,0,0,0,0,0,0,0,0,0,0,0,0,0,0,0,0,0,0,0,0,0,0,0,0,0,0,0,0,0,0,0,0,0,0,0,0,0,0,0,0,0,0,0,0,0,0,0,0,0,0,0,0,0,0,0,0,0,0,0,0,0,0,0,0,0,0,0,0,0,0,0,0,0
10263,BA,0,0,0,0,0,0,0,0,0,0,0,0,0,0,0,0,0,0,0,0,0,0,0,0,0,0,0,0,0,0,0,0,0,0,0,0,0,0,0,0,0,0,0,0,0,0,0,0,0,0,0,0,0,0,0,0,0,0,0,0,0,0,0,0,0,0,0,0,0,0,0,0,0,0,0
10264,BA,0,0,0,0,0,0,0,0,0,0,0,0,0,0,0,0,0,0,0,0,0,0,0,0,0,0,0,0,0,0,0,0,0,0,0,0,0,0,0,0,0,0,0,0,0,0,0,0,0,0,0,0,0,0,0,0,0,0,0,0,0,0,0,0,0,0,0,0,0,0,0,0,0,0,0
10265,BA,0,0,0,0,0,0,0,0,0,0,0,0,0,0,0,0,0,0,0,0,0,0,0,0,0,0,0,0,0,0,0,0,0,0,0,0,0,0,0,0,0,0,21.1690722743315,21.1690722743315,21.1690722743315,21.1690722743315,21.1690722743315,21.1690722743315,21.1690722743315,21.1690722743315,21.1690722743315,21.1690722743315,21.1690722743315,32.7127483057453,32.7127483057453,32.7127483057453,32.7127483057453,32.7127483057453,32.7127483057453,32.7127483057453,32.7127483057453,32.7127483057453,32.7127483057453,32.7127483057453,32.7127483057453,32.7127483057453,32.7127483057453,32.7127483057453,32.7127483057453,32.7127483057453,32.7127483057453,32.7127483057453,32.7127483057453,32.7127483057453,32.7127483057453
10266,BA,0,0,0,0,0,0,0,0,0,0,0,0,0,0,0,0,0,0,0,0,0,0,0,0,0,0,0,0,0,0,0,0,0,0,0,0,0,0,0,0,0,0,0,0,0,0,0,0,0,0,0,0,0,0,0,0,0,0,0,0,0,0,0,0,0,0,0,0,0,0,0,0,0,0,0
10267,BA,0,0,0,0,0,0,0,0,0,0,0,0,0,0,0,0,0,0,0,0,0,0,0,0,0,0,0,0,0,0,0,0,0,0,0,0,0,0,0,0,0,0,0,0,0,0,0,0,0,0,0,0,0,0,0,0,0,0,0,0,0,0,0,0,0,0,0,0,0,0,0,0,0,0,0
10268,BA,0,0,0,27.886072101717,27.886072101717,27.886072101717,27.886072101717,27.886072101717,27.886072101717,27.886072101717,27.886072101717,27.886072101717,27.886072101717,27.886072101717,27.886072101717,27.886072101717,27.886072101717,27.886072101717,27.886072101717,27.886072101717,27.886072101717,27.886072101717,27.886072101717,27.886072101717,27.886072101717,27.886072101717,27.886072101717,27.886072101717,27.886072101717,27.886072101717,27.886072101717,27.886072101717,27.886072101717,27.886072101717,27.886072101717,27.886072101717,27.886072101717,27.886072101717,27.886072101717,27.886072101717,27.886072101717,27.886072101717,27.886072101717,27.886072101717,27.886072101717,27.886072101717,27.886072101717,27.886072101717,27.886072101717,27.886072101717,27.886072101717,27.886072101717,27.886072101717,27.886072101717,27.886072101717,27.886072101717,27.886072101717,27.886072101717,27.886072101717,27.886072101717,27.886072101717,27.886072101717,27.886072101717,27.886072101717,27.886072101717,27.886072101717,27.886072101717,27.886072101717,27.886072101717,27.886072101717,27.886072101717,27.886072101717,27.886072101717,27.886072101717,27.886072101717
10269,BA,0,0,0,0,0,0,0,0,0,0,0,0,0,0,0,0,0,0,0,0,0,0,0,0,0,0,0,0,0,0,0,0,0,0,0,0,0,0,0,0,0,0,0,0,0,0,0,0,0,0,0,0,0,0,0,0,0,0,0,0,0,0,0,0,0,0,0,0,0,0,0,0,0,0,0
10270,BA,0,0,0,0,0,0,0,0,0,0,0,0,0,0,0,0,0,0,0,0,0,0,0,0,0,0,0,0,0,0,0,0,0,0,0,0,0,0,0,0,0,0,0,0,0,0,0,0,0,0,0,0,0,0,0,0,0,0,0,0,0,0,0,0,0,0,0,0,0,0,0,0,0,0,0
10271,BA,0,0,0,0,0,0,0,0,0,0,0,0,0,0,0,0,0,0,0,0,0,0,0,0,0,0,0,0,0,0,0,0,0,0,0,0,0,0,0,0,0,0,0,0,0,0,0,0,0,0,0,0,0,0,0,0,0,0,0,0,0,0,0,0,0,0,0,0,0,0,0,0,0,0,0
10272,BA,0,0,0,0,0,0,0,0,0,0,0,0,0,0,0,0,0,0,0,0,0,0,0,0,0,0,0,0,0,0,0,0,0,0,0,0,0,0,0,0,0,0,0,0,0,0,0,0,0,0,0,0,0,0,0,0,0,0,0,0,0,0,0,0,0,0,0,0,0,0,0,0,0,0,0
10273,BA,0,0,0,0,0,0,0,0,0,0,0,0,0,0,0,0,0,0,0,0,0,0,0,0,0,0,0,0,0,0,0,0,0,0,0,0,0,0,0,0,0,0,0,0,0,0,0,0,0,0,0,0,0,0,0,0,0,0,0,0,0,0,0,0,0,0,0,0,0,0,0,0,0,0,0
10274,BA,0,0,0,0,0,0,0,0,0,0,0,0,0,0,0,0,0,0,0,0,0,0,0,0,0,0,0,0,0,0,0,0,0,0,0,0,0,0,0,0,0,0,0,0,0,0,0,0,0,0,0,0,0,0,0,0,0,0,0,0,0,0,0,0,0,0,0,0,0,0,0,0,0,0,0
10275,BA,0,0,0,0,0,0,0,0,0,0,0,0,0,0,0,0,0,0,0,0,0,0,0,0,0,0,0,0,0,0,0,0,0,0,0,0,0,0,0,0,0,0,0,0,0,0,0,0,0,0,0,0,0,0,0,0,0,0,0,0,0,0,0,0,0,0,0,0,0,0,0,0,0,0,0
10276,BA,0,0,0,0,0,0,0,0,0,0,0,0,0,0,0,0,0,0,0,0,0,0,0,0,0,0,0,0,0,0,0,0,0,0,0,0,0,0,0,0,0,0,0,0,0,0,0,0,0,0,0,0,0,0,0,0,0,0,0,0,0,0,0,0,0,0,0,0,0,0,0,0,0,0,0
10277,BA,0,0,0,0,0,0,0,0,0,0,0,0,0,0,0,0,0,0,0,0,0,0,0,0,0,0,0,0,0,0,0,0,0,0,0,0,0,0,0,0,0,0,0,0,0,0,0,0,0,0,0,0,0,0,0,0,0,0,0,0,0,0,0,0,0,0,0,0,0,0,0,0,0,0,0
10278,BA,0,0,0,0,0,0,0,0,0,0,0,0,0,0,0,0,0,0,0,0,0,0,0,0,0,0,0,0,0,0,0,0,0,0,0,0,0,0,0,0,0,0,0,0,0,0,0,0,0,0,0,0,0,0,0,0,0,0,0,12.6744192000585,12.6744192000585,27.8605858282821,27.8605858282821,27.8605858282821,27.8605858282821,27.8605858282821,27.8605858282821,27.8605858282821,27.8605858282821,27.8605858282821,27.8605858282821,27.8605858282821,27.8605858282821,27.8605858282821,27.8605858282821
10279,BA,0,0,0,0,0,0,0,0,0,0,0,0,0,0,0,0,0,0,0,0,0,0,0,0,0,0,0,0,0,0,0,0,0,0,0,0,0,0,0,0,0,0,0,0,0,0,0,0,0,0,0,0,0,0,0,0,0,0,0,0,0,0,0,0,0,0,0,0,0,0,0,0,0,0,0
10280,BA,0,0,0,0,0,0,0,0,0,0,0,0,0,0,0,0,0,0,0,0,0,0,0,0,0,0,0,0,0,0,0,0,82.4405225762451,119.777943283767,119.777943283767,119.777943283767,119.777943283767,119.777943283767,119.777943283767,119.777943283767,119.777943283767,119.777943283767,119.777943283767,119.777943283767,119.777943283767,119.777943283767,119.777943283767,119.777943283767,119.777943283767,119.777943283767,119.777943283767,119.777943283767,119.777943283767,119.777943283767,119.777943283767,119.777943283767,119.777943283767,119.777943283767,119.777943283767,119.777943283767,119.777943283767,119.777943283767,119.777943283767,119.777943283767,119.777943283767,119.777943283767,119.777943283767,119.777943283767,119.777943283767,119.777943283767,119.777943283767,119.777943283767,119.777943283767,119.777943283767,119.777943283767
10281,BA,0,0,0,0,0,0,0,0,0,0,0,0,0,0,0,0,0,0,0,0,0,0,0,0,0,0,0,0,0,0,0,0,0,0,0,0,0,0,0,0,0,0,0,0,0,0,0,0,0,0,0,0,0,0,0,0,0,0,0,0,0,0,0,0,0,0,0,0,0,0,0,0,0,0,0
10282,BA,0,0,0,0,0,0,0,0,0,0,0,0,0,0,0,0,0,0,0,0,0,0,0,0,0,0,0,0,0,0,0,0,0,0,0,0,0,0,0,0,0,0,0,0,0,0,0,0,0,0,0,0,0,0,0,0,0,0,0,0,0,10.2843363866333,10.2843363866333,10.2843363866333,10.2843363866333,10.2843363866333,10.2843363866333,10.2843363866333,10.2843363866333,10.2843363866333,10.2843363866333,10.2843363866333,10.2843363866333,10.2843363866333,10.2843363866333
10283,BA,0,0,0,0,0,0,0,0,0,0,0,0,0,0,0,0,0,0,0,0,0,0,0,0,0,0,0,0,0,0,0,0,0,0,0,0,0,0,0,0,0,0,0,0,0,0,0,0,0,0,0,0,0,0,0,0,0,0,0,0,0,0,0,0,0,0,0,0,0,0,0,0,0,0,0
10284,BA,0,0,0,0,0,0,0,0,0,0,0,0,0,0,0,0,0,0,0,0,0,0,0,0,0,0,0,0,0,0,0,0,0,0,0,0,0,0,0,0,0,0,0,0,0,0,0,0,0,0,0,0,0,0,0,0,0,0,0,0,0,0,0,0,0,0,0,0,0,0,0,0,0,0,0
10285,BA,0,0,0,0,0,0,0,0,0,0,0,0,0,0,0,0,0,0,0,0,0,0,0,0,0,0,0,0,0,0,0,0,0,0,0,0,0,0,0,0,0,0,0,0,0,0,0,0,0,0,0,0,0,0,0,0,0,0,0,0,0,0,0,0,0,0,0,0,0,0,0,0,0,0,0
10286,BA,0,0,0,0,0,0,0,0,0,0,0,0,0,0,0,0,0,0,0,0,0,0,0,0,0,0,0,0,0,0,0,0,0,0,0,0,0,0,0,0,0,0,0,0,0,0,0,0,0,0,0,0,0,0,0,0,0,0,0,0,0,0,0,0,0,0,0,0,0,0,0,0,0,0,0
10287,BA,0,0,0,0,0,0,0,0,0,0,0,0,0,0,0,0,0,0,0,0,0,0,0,0,0,0,0,0,0,0,0,0,0,0,0,0,0,0,0,0,0,19.9138005745663,67.9069542864175,67.9069542864175,67.9069542864175,67.9069542864175,67.9069542864175,67.9069542864175,67.9069542864175,67.9069542864175,67.9069542864175,67.9069542864175,67.9069542864175,67.9069542864175,67.9069542864175,67.9069542864175,67.9069542864175,67.9069542864175,67.9069542864175,67.9069542864175,67.9069542864175,67.9069542864175,67.9069542864175,67.9069542864175,67.9069542864175,67.9069542864175,67.9069542864175,67.9069542864175,67.9069542864175,67.9069542864175,67.9069542864175,67.9069542864175,67.9069542864175,67.9069542864175,67.9069542864175
10288,BA,0,0,0,0,0,0,0,0,0,0,0,0,0,0,27.4188970108781,27.4188970108781,27.4188970108781,27.4188970108781,27.4188970108781,27.4188970108781,27.4188970108781,27.4188970108781,27.4188970108781,27.4188970108781,27.4188970108781,27.4188970108781,27.4188970108781,27.4188970108781,27.4188970108781,27.4188970108781,27.4188970108781,27.4188970108781,27.4188970108781,27.4188970108781,27.4188970108781,27.4188970108781,27.4188970108781,27.4188970108781,27.4188970108781,27.4188970108781,27.4188970108781,27.4188970108781,27.4188970108781,27.4188970108781,27.4188970108781,27.4188970108781,27.4188970108781,27.4188970108781,27.4188970108781,27.4188970108781,27.4188970108781,27.4188970108781,27.4188970108781,27.4188970108781,27.4188970108781,27.4188970108781,27.4188970108781,27.4188970108781,27.4188970108781,27.4188970108781,27.4188970108781,27.4188970108781,27.4188970108781,27.4188970108781,27.4188970108781,27.4188970108781,27.4188970108781,27.4188970108781,27.4188970108781,27.4188970108781,27.4188970108781,27.4188970108781,27.4188970108781,27.4188970108781,27.4188970108781
10289,BA,0,0,0,0,0,0,0,0,0,0,0,0,0,0,0,0,0,0,0,0,0,0,0,0,0,0,0,0,0,0,0,0,0,0,0,0,0,0,0,0,0,0,0,0,0,0,0,0,0,0,0,0,0,0,0,0,0,0,0,0,0,0,0,0,0,0,0,0,0,0,0,0,0,0,0
10290,BA,0,0,0,0,0,0,0,0,0,0,0,0,0,0,0,0,0,0,0,0,0,0,0,0,0,0,0,0,0,0,0,0,0,0,0,0,0,0,0,0,0,0,0,0,0,0,0,0,0,0,0,0,0,0,0,0,0,0,0,0,0,0,0,0,0,0,0,0,0,0,0,0,0,0,0
10291,BA,0,0,0,0,0,0,0,0,0,0,0,0,0,0,0,0,0,0,0,0,0,0,0,0,0,0,0,0,0,0,0,0,0,0,0,0,0,0,0,0,0,0,0,0,0,0,0,0,0,0,0,0,0,0,0,0,0,0,0,0,0,0,0,0,0,0,0,0,0,0,0,0,0,0,0
10292,BA,0,0,0,0,0,0,0,0,0,0,22.1255374003921,22.1255374003921,22.1255374003921,22.1255374003921,22.1255374003921,22.1255374003921,22.1255374003921,22.1255374003921,22.1255374003921,22.1255374003921,22.1255374003921,22.1255374003921,22.1255374003921,22.1255374003921,22.1255374003921,22.1255374003921,22.1255374003921,22.1255374003921,22.1255374003921,27.274382189706,27.274382189706,28.3979489239542,28.3979489239542,28.3979489239542,28.3979489239542,28.3979489239542,28.3979489239542,28.3979489239542,28.3979489239542,43.8684178426139,43.8684178426139,43.8684178426139,69.6914738630082,69.6914738630082,69.6914738630082,69.6914738630082,69.6914738630082,69.6914738630082,69.6914738630082,69.6914738630082,69.6914738630082,69.6914738630082,69.6914738630082,69.6914738630082,69.6914738630082,69.6914738630082,69.6914738630082,69.6914738630082,69.6914738630082,69.6914738630082,69.6914738630082,69.6914738630082,69.6914738630082,69.6914738630082,69.6914738630082,69.6914738630082,69.6914738630082,69.6914738630082,69.6914738630082,69.6914738630082,69.6914738630082,69.6914738630082,69.6914738630082,69.6914738630082,69.6914738630082
10293,BA,0,0,0,0,0,0,0,0,0,0,56.0802729551148,56.0802729551148,85.6531909324387,85.6531909324387,85.6531909324387,85.6531909324387,85.6531909324387,85.6531909324387,85.6531909324387,85.6531909324387,85.6531909324387,85.6531909324387,85.6531909324387,85.6531909324387,85.6531909324387,85.6531909324387,85.6531909324387,85.6531909324387,85.6531909324387,85.6531909324387,85.6531909324387,85.6531909324387,85.6531909324387,85.6531909324387,85.6531909324387,85.6531909324387,85.6531909324387,85.6531909324387,85.6531909324387,85.6531909324387,85.6531909324387,85.6531909324387,85.6531909324387,85.6531909324387,85.6531909324387,85.6531909324387,85.6531909324387,85.6531909324387,85.6531909324387,85.6531909324387,85.6531909324387,85.6531909324387,85.6531909324387,85.6531909324387,85.6531909324387,85.6531909324387,85.6531909324387,85.6531909324387,85.6531909324387,85.6531909324387,85.6531909324387,85.6531909324387,113.205039516256,113.205039516256,113.205039516256,113.205039516256,113.205039516256,113.205039516256,113.205039516256,113.205039516256,113.205039516256,113.205039516256,113.205039516256,113.205039516256,113.205039516256
10294,BA,0,0,0,0,0,0,0,0,0,0,0,0,0,0,0,0,0,0,0,0,0,0,0,0,0,0,0,0,0,0,0,0,0,0,0,0,0,0,0,0,0,0,0,0,0,0,0,0,0,0,0,0,0,0,0,0,0,0,0,0,0,0,0,0,0,0,0,0,0,0,0,0,0,0,0
10295,BA,0,0,0,0,0,0,0,0,0,0,0,0,0,0,0,0,0,0,0,0,0,0,0,0,0,0,0,0,0,0,0,0,0,0,0,0,0,0,0,0,0,0,0,0,0,0,0,0,0,0,0,0,0,0,0,0,0,0,0,0,0,0,0,0,0,0,0,0,0,0,0,0,0,0,0
10296,BA,0,0,0,0,0,0,0,0,0,0,0,0,0,0,0,0,0,0,0,0,0,0,0,0,0,0,0,0,0,0,0,0,0,0,0,0,0,0,0,0,0,0,0,0,0,0,0,0,0,0,0,0,0,0,0,0,0,0,0,0,0,0,0,0,0,0,0,0,0,0,0,0,0,0,0
10297,BA,0,0,0,0,0,0,0,0,33.1411473110465,33.1411473110465,33.1411473110465,33.1411473110465,33.1411473110465,33.1411473110465,33.1411473110465,33.1411473110465,33.1411473110465,33.1411473110465,33.1411473110465,33.1411473110465,33.1411473110465,33.1411473110465,33.1411473110465,33.1411473110465,33.1411473110465,33.1411473110465,33.1411473110465,33.1411473110465,33.1411473110465,33.1411473110465,33.1411473110465,33.1411473110465,33.1411473110465,33.1411473110465,33.1411473110465,33.1411473110465,33.1411473110465,33.1411473110465,33.1411473110465,33.1411473110465,33.1411473110465,33.1411473110465,44.0191385205746,44.0191385205746,44.0191385205746,44.0191385205746,44.0191385205746,44.0191385205746,44.0191385205746,44.0191385205746,44.0191385205746,44.0191385205746,44.0191385205746,44.0191385205746,44.0191385205746,44.0191385205746,44.0191385205746,44.0191385205746,44.0191385205746,44.0191385205746,44.0191385205746,44.0191385205746,44.0191385205746,44.0191385205746,44.0191385205746,44.0191385205746,44.0191385205746,44.0191385205746,44.0191385205746,44.0191385205746,44.0191385205746,44.0191385205746,44.0191385205746,44.0191385205746,44.0191385205746
10298,BA,0,0,0,0,0,0,0,0,0,0,0,0,0,0,0,0,0,0,0,0,0,0,0,0,0,0,0,0,0,0,0,0,0,0,0,0,0,0,0,0,0,0,0,0,0,0,0,0,0,0,0,0,0,0,0,0,0,0,0,0,0,0,0,0,0,0,0,0,0,0,0,0,0,0,0
10299,BA,0,0,0,0,0,0,0,0,0,0,0,0,0,0,0,0,0,0,0,0,0,0,0,0,0,0,0,0,0,7.04221092655343,7.04221092655343,43.1139265686561,43.1139265686561,43.1139265686561,43.1139265686561,43.1139265686561,43.1139265686561,43.1139265686561,43.1139265686561,43.1139265686561,43.1139265686561,43.1139265686561,43.1139265686561,43.1139265686561,43.1139265686561,43.1139265686561,43.1139265686561,43.1139265686561,43.1139265686561,43.1139265686561,43.1139265686561,43.1139265686561,43.1139265686561,43.1139265686561,43.1139265686561,43.1139265686561,43.1139265686561,43.1139265686561,43.1139265686561,43.1139265686561,43.1139265686561,43.1139265686561,43.1139265686561,43.1139265686561,43.1139265686561,43.1139265686561,43.1139265686561,43.1139265686561,43.1139265686561,43.1139265686561,43.1139265686561,43.1139265686561,43.1139265686561,43.1139265686561,43.1139265686561
10300,BA,0,0,0,0,0,0,71.254331823772,71.254331823772,71.254331823772,71.254331823772,71.254331823772,71.254331823772,71.254331823772,71.254331823772,71.254331823772,71.254331823772,71.254331823772,71.254331823772,71.254331823772,71.254331823772,71.254331823772,71.254331823772,71.254331823772,71.254331823772,71.254331823772,71.254331823772,71.254331823772,71.254331823772,71.254331823772,71.254331823772,71.254331823772,71.254331823772,71.254331823772,71.254331823772,71.254331823772,71.254331823772,71.254331823772,71.254331823772,71.254331823772,71.254331823772,71.254331823772,71.254331823772,113.406148834583,113.406148834583,113.406148834583,113.406148834583,113.406148834583,113.406148834583,113.406148834583,113.406148834583,113.406148834583,113.406148834583,113.406148834583,113.406148834583,113.406148834583,113.406148834583,113.406148834583,113.406148834583,113.406148834583,113.406148834583,113.406148834583,113.406148834583,113.406148834583,113.406148834583,113.406148834583,113.406148834583,113.406148834583,113.406148834583,113.406148834583,113.406148834583,113.406148834583,113.406148834583,113.406148834583,113.406148834583,113.406148834583
10301,BA,0,0,0,0,0,0,0,0,0,0,0,0,0,0,0,0,0,0,0,0,0,0,0,0,0,0,0,0,42.4483526626845,78.4166782878044,78.4166782878044,78.4166782878044,78.4166782878044,78.4166782878044,78.4166782878044,78.4166782878044,78.4166782878044,78.4166782878044,78.4166782878044,78.4166782878044,78.4166782878044,78.4166782878044,78.4166782878044,78.4166782878044,78.4166782878044,78.4166782878044,78.4166782878044,78.4166782878044,78.4166782878044,78.4166782878044,78.4166782878044,78.4166782878044,78.4166782878044,78.4166782878044,78.4166782878044,78.4166782878044,78.4166782878044,78.4166782878044,78.4166782878044,78.4166782878044,78.4166782878044,78.4166782878044,78.4166782878044,78.4166782878044,78.4166782878044,78.4166782878044,78.4166782878044,78.4166782878044,78.4166782878044,78.4166782878044,78.4166782878044,78.4166782878044,78.4166782878044,78.4166782878044,78.4166782878044
10302,BA,0,0,0,0,0,0,0,0,0,0,4.03943475917497,4.03943475917497,4.03943475917497,4.03943475917497,4.03943475917497,4.03943475917497,4.03943475917497,4.03943475917497,4.03943475917497,4.03943475917497,4.03943475917497,4.03943475917497,4.03943475917497,4.03943475917497,4.03943475917497,10.3123864431885,10.6012193639264,10.6012193639264,10.6012193639264,35.2475242389214,35.2475242389214,70.4435975292763,70.4435975292763,70.4435975292763,70.4435975292763,70.4435975292763,70.4435975292763,70.4435975292763,70.4435975292763,70.4435975292763,70.4435975292763,70.4435975292763,70.4435975292763,70.4435975292763,70.4435975292763,70.4435975292763,70.4435975292763,70.4435975292763,70.4435975292763,70.4435975292763,70.4435975292763,70.4435975292763,70.4435975292763,70.4435975292763,70.4435975292763,70.4435975292763,70.4435975292763,70.4435975292763,70.4435975292763,70.4435975292763,70.4435975292763,70.4435975292763,70.4435975292763,70.4435975292763,70.4435975292763,70.4435975292763,70.4435975292763,70.4435975292763,70.4435975292763,70.4435975292763,70.4435975292763,70.4435975292763,70.4435975292763,70.4435975292763,70.4435975292763
10303,BA,0,0,0,0,0,0,0,0,32.5271756445061,32.5271756445061,32.5271756445061,32.5271756445061,32.5271756445061,32.5271756445061,32.5271756445061,32.5271756445061,32.5271756445061,32.5271756445061,32.5271756445061,32.5271756445061,32.5271756445061,32.5271756445061,32.5271756445061,32.5271756445061,32.5271756445061,32.5271756445061,32.5271756445061,32.5271756445061,32.5271756445061,32.5271756445061,32.5271756445061,32.5271756445061,32.5271756445061,32.5271756445061,32.5271756445061,32.5271756445061,32.5271756445061,32.5271756445061,32.5271756445061,32.5271756445061,32.5271756445061,32.5271756445061,32.5271756445061,32.5271756445061,32.5271756445061,32.5271756445061,32.5271756445061,32.5271756445061,32.5271756445061,32.5271756445061,32.5271756445061,32.5271756445061,32.5271756445061,32.5271756445061,32.5271756445061,32.5271756445061,32.5271756445061,32.5271756445061,32.5271756445061,32.5271756445061,32.5271756445061,32.5271756445061,51.545552174369,51.545552174369,51.545552174369,51.545552174369,51.545552174369,51.545552174369,51.545552174369,51.545552174369,51.545552174369,51.545552174369,51.545552174369,51.545552174369,51.545552174369
10304,BA,0,0,0,0,0,0,0,0,0,0,0,0,0,0,0,0,0,0,0,0,0,0,0,0,0,0,0,0,0,0,0,0,0,0,0,0,0,0,0,0,0,0,0,0,0,0,0,0,0,0,0,0,0,0,0,0,0,0,0,0,0,0,0,0,0,0,0,0,0,0,0,0,0,0,0
10305,BA,0,0,0,0,0,0,0,0,0,0,0,0,0,0,0,0,0,0,0,0,0,0,0,0,0,0,0,0,0,0,0,0,0,0,0,0,0,58.0379099685369,58.0379099685369,58.0379099685369,58.0379099685369,58.0379099685369,58.0379099685369,58.0379099685369,58.0379099685369,58.0379099685369,58.0379099685369,58.0379099685369,58.0379099685369,58.0379099685369,58.0379099685369,58.0379099685369,58.0379099685369,58.0379099685369,58.0379099685369,58.0379099685369,58.0379099685369,58.0379099685369,58.0379099685369,58.0379099685369,58.0379099685369,58.0379099685369,58.0379099685369,58.0379099685369,58.0379099685369,58.0379099685369,58.0379099685369,58.0379099685369,58.0379099685369,58.0379099685369,58.0379099685369,58.0379099685369,58.0379099685369,58.0379099685369,58.0379099685369
10306,BA,0,0,0,0,0,0,0,0,0,0,0,0,0,0,0,0,0,0,0,0,0,0,0,0,0,0,0,0,0,0,0,0,0,0,0,0,0,0,0,0,0,0,0,0,0,0,0,0,0,0,0,0,0,0,0,0,0,0,0,0,0,0,0,0,0,0,0,0,0,0,0,0,0,0,0
10307,BA,0,0,0,0,0,0,0,0,0,0,0,0,0,0,0,0,0,0,0,0,0,0,0,0,0,0,0,0,0,0,0,0,0,0,0,0,0,0,0,0,0,0,0,0,0,0,0,0,0,0,0,0,0,0,0,0,0,0,0,0,0,0,0,0,0,0,0,0,0,0,0,0,0,0,0
10308,BA,0,0,0,0,0,0,0,0,0,0,0,0,0,0,0,0,0,0,0,0,0,0,0,0,0,0,0,0,0,0,0,0,0,0,0,0,0,0,0,0,0,0,0,0,0,0,0,0,0,0,0,0,0,0,0,0,0,0,0,0,0,0,0,0,0,0,0,0,0,0,0,0,0,0,0
10309,BA,0,0,0,0,0,0,0,0,0,0,0,0,0,0,0,0,0,0,0,0,0,0,0,0,0,0,0,0,0,0,0,0,0,0,0,0,0,0,0,0,0,0,0,0,0,0,0,0,0,0,0,0,0,0,0,0,0,0,0,0,0,0,0,0,0,0,0,0,0,0,0,0,0,0,0
10310,BA,0,0,0,0,0,0,0,0,0,0,0,0,0,0,0,0,0,0,0,0,0,0,0,0,0,0,0,0,0,0,0,0,0,0,0,0,0,0,0,0,0,0,0,0,0,0,0,0,0,0,0,0,0,0,0,0,0,0,0,0,0,0,0,0,0,0,0,0,0,0,0,0,0,0,0
10311,BA,0,0,0,0,0,0,0,0,0,0,0,0,0,0,0,0,0,0,0,0,0,0,0,0,0,0,0,0,0,0,0,0,0,0,0,0,0,0,0,0,0,0,0,0,0,0,0,0,0,0,0,0,0,0,0,0,0,0,0,0,0,0,0,0,0,0,0,0,0,0,0,0,0,0,0
10312,BA,0,59.0451371493185,59.0451371493185,105.583901950294,105.583901950294,105.583901950294,105.583901950294,105.583901950294,105.583901950294,105.583901950294,105.583901950294,105.583901950294,105.583901950294,105.583901950294,105.583901950294,105.583901950294,105.583901950294,105.583901950294,105.583901950294,105.583901950294,105.583901950294,105.583901950294,105.583901950294,105.583901950294,105.583901950294,123.153112625479,123.153112625479,123.153112625479,123.153112625479,123.153112625479,123.153112625479,123.153112625479,123.153112625479,123.153112625479,123.153112625479,123.153112625479,123.153112625479,123.153112625479,123.153112625479,123.153112625479,123.153112625479,123.153112625479,123.153112625479,123.153112625479,123.153112625479,123.153112625479,123.153112625479,123.153112625479,123.153112625479,123.153112625479,123.153112625479,123.153112625479,123.153112625479,123.153112625479,123.153112625479,123.153112625479,123.153112625479,123.153112625479,123.153112625479,123.153112625479,123.153112625479,123.153112625479,123.153112625479,123.153112625479,123.153112625479,123.153112625479,123.153112625479,123.153112625479,123.153112625479,123.153112625479,123.153112625479,123.153112625479,123.153112625479,123.153112625479,123.153112625479
10313,BA,0,0,0,0,0,0,0,0,0,0,0,0,0,0,0,0,0,0,0,0,0,0,0,0,0,0,0,0,0,0,0,0,0,0,0,0,0,0,0,0,0,0,0,0,0,0,0,0,0,0,0,0,0,0,0,0,0,0,0,0,0,0,0,0,0,0,0,0,0,0,0,0,0,0,0
10314,BA,0,0,0,0,0,0,0,0,0,0,0,0,0,0,0,0,0,0,0,0,0,0,0,0,0,0,0,0,0,0,0,0,0,0,0,0,0,0,0,0,0,0,0,0,0,0,0,0,0,0,0,0,0,0,0,0,0,0,0,0,0,0,0,0,0,0,0,0,0,0,0,0,0,0,0
10315,BA,0,0,0,0,0,0,0,0,0,0,0,0,0,0,0,0,0,0,0,0,0,0,0,0,0,0,0,0,0,0,0,0,0,0,0,0,0,0,0,0,0,0,0,0,0,0,0,0,0,0,0,0,0,0,0,0,0,31.920260642339,31.920260642339,31.920260642339,31.920260642339,31.920260642339,31.920260642339,31.920260642339,31.920260642339,31.920260642339,31.920260642339,31.920260642339,31.920260642339,31.920260642339,31.920260642339,31.920260642339,31.920260642339,31.920260642339,31.920260642339
10316,BA,0,0,0,0,0,0,0,0,0,0,0,0,0,0,0,0,0,0,0,0,0,0,0,0,0,0,0,0,0,0,0,0,0,0,0,0,0,0,0,0,0,0,0,0,0,0,0,0,0,0,0,0,0,0,0,0,0,0,0,0,0,0,0,0,0,0,0,0,0,0,0,0,0,0,0
10317,BA,0,0,0,0,0,0,0,0,0,0,0,0,0,0,0,0,0,0,0,0,0,0,0,0,0,0,0,0,0,0,0,0,0,0,0,0,0,0,0,0,0,0,0,0,0,0,0,0,0,0,0,0,0,0,0,0,0,0,0,0,0,0,0,0,0,0,0,0,0,0,0,0,0,0,0
10318,BA,0,0,0,0,0,0,0,0,0,0,0,0,0,0,0,0,0,0,0,0,0,0,0,0,0,0,0,0,0,0,0,0,0,0,0,0,0,0,0,0,0,0,0,0,0,0,0,0,0,0,0,0,0,0,0,0,0,0,0,0,0,0,0,0,0,0,0,0,0,0,0,0,0,0,0
10319,BA,0,0,0,0,0,0,0,0,0,0,0,0,0,0,0,0,0,2.37721259041395,2.37721259041395,2.37721259041395,2.37721259041395,2.37721259041395,2.37721259041395,2.37721259041395,2.37721259041395,2.37721259041395,2.37721259041395,2.37721259041395,2.37721259041395,2.37721259041395,2.37721259041395,11.2003197524924,11.2003197524924,11.2003197524924,11.2003197524924,11.2003197524924,11.2003197524924,11.2003197524924,11.2003197524924,11.2003197524924,11.2003197524924,11.2003197524924,11.2003197524924,11.2003197524924,11.2003197524924,11.2003197524924,11.2003197524924,11.2003197524924,11.2003197524924,11.2003197524924,11.2003197524924,11.2003197524924,11.2003197524924,11.2003197524924,11.2003197524924,11.2003197524924,11.2003197524924,11.2003197524924,11.2003197524924,11.2003197524924,11.2003197524924,11.2003197524924,11.2003197524924,11.2003197524924,11.2003197524924,11.2003197524924,11.2003197524924,11.2003197524924,11.2003197524924,11.2003197524924,11.2003197524924,11.2003197524924,11.2003197524924,11.2003197524924,11.2003197524924
10320,BA,0,0,0,0,0,0,0,0,0,0,0,0,0,0,0,0,0,0,0,0,0,0,0,0,0,0,0,0,0,0,0,0,0,0,0,0,0,0,0,0,0,0,0,0,0,0,0,0,0,0,0,0,0,0,0,0,0,0,0,0,0,0,0,0,0,0,0,0,0,0,0,0,0,0,0
10321,BA,0,0,0,0,0,0,0,0,0,0,0,0,0,0,0,0,0,0,0,0,0,0,0,0,0,0,0,0,0,0,0,0,0,0,0,0,0,0,0,0,0,0,0,0,0,0,0,0,0,0,0,0,0,0,0,0,0,0,0,0,0,0,0,0,0,0,0,0,0,0,0,0,0,0,0
10322,BA,0,0,0,0,0,0,0,0,0,0,112.65169552283,112.65169552283,112.65169552283,112.65169552283,112.65169552283,112.65169552283,112.65169552283,130.068410417757,130.068410417757,130.068410417757,130.068410417757,130.068410417757,130.068410417757,189.178497588403,189.178497588403,207.23605288952,226.900928235029,226.900928235029,226.900928235029,274.14658000135,274.14658000135,278.655404212367,278.655404212367,278.655404212367,278.655404212367,278.655404212367,278.655404212367,278.655404212367,278.655404212367,278.655404212367,278.655404212367,278.655404212367,278.655404212367,278.655404212367,278.655404212367,278.655404212367,278.655404212367,278.655404212367,278.655404212367,278.655404212367,278.655404212367,278.655404212367,278.655404212367,278.655404212367,278.655404212367,278.655404212367,278.655404212367,278.655404212367,278.655404212367,278.655404212367,278.655404212367,278.655404212367,278.655404212367,278.655404212367,278.655404212367,278.655404212367,278.655404212367,278.655404212367,278.655404212367,278.655404212367,278.655404212367,278.655404212367,278.655404212367,278.655404212367,278.655404212367
10323,BA,0,0,0,0,0,0,0,0,0,0,0,0,0,0,0,0,0,0,0,0,0,0,0,0,0,0,0,0,0,0,0,0,0,0,0,0,0,0,0,0,0,0,0,0,0,0,0,0,0,0,0,0,0,0,0,0,0,0,0,0,0,0,0,0,0,0,0,0,0,0,0,0,0,0,0
10324,BA,0,0,0,0,0,0,0,0,0,0,0,0,0,0,0,0,0,0,0,0,0,0,0,0,0,0,0,0,0,0,0,0,0,0,0,0,0,0,0,0,0,0,0,0,0,0,0,0,0,0,0,0,0,0,0,0,0,0,0,0,0,0,0,0,0,0,0,0,0,0,0,0,0,0,0
10325,BA,0,0,0,0,0,0,0,0,0,0,0,0,0,0,0,0,0,0,0,0,0,0,0,0,0,0,0,0,0,0,0,0,0,0,0,11.7820493505013,11.7820493505013,11.7820493505013,11.7820493505013,11.7820493505013,11.7820493505013,35.312129229301,35.312129229301,35.312129229301,35.312129229301,35.312129229301,35.312129229301,35.312129229301,35.312129229301,35.312129229301,35.312129229301,35.312129229301,35.312129229301,35.312129229301,35.312129229301,35.312129229301,35.312129229301,35.312129229301,35.312129229301,35.312129229301,35.312129229301,35.312129229301,35.312129229301,35.312129229301,35.312129229301,35.312129229301,35.312129229301,35.312129229301,35.312129229301,35.312129229301,35.312129229301,35.312129229301,35.312129229301,35.312129229301,35.312129229301
10326,BA,0,0,0,0,0,0,0,0,0,0,0,0,0,0,0,0,0,0,0,0,0,0,0,0,0,0,0,0,0,0,0,0,0,0,0,0,0,0,0,0,0,0,0,0,0,0,0,0,2.02596547883446,2.02596547883446,2.02596547883446,2.02596547883446,2.02596547883446,2.02596547883446,2.02596547883446,2.02596547883446,2.02596547883446,2.02596547883446,2.02596547883446,2.02596547883446,2.02596547883446,2.02596547883446,2.02596547883446,2.02596547883446,2.02596547883446,2.02596547883446,2.02596547883446,2.02596547883446,2.02596547883446,2.02596547883446,2.02596547883446,2.02596547883446,2.02596547883446,2.02596547883446,2.02596547883446
10327,BA,0,0,0,0,0,0,0,0,0,0,0,0,0,0,0,0,0,0,0,0,0,0,0,0,0,0,0,0,0,0,0,0,0,0,0,0,0,0,0,0,0,0,0,0,0,0,0,0,0,0,0,0,0,0,0,0,0,0,0,0,0,0,0,0,0,0,0,0,0,0,0,0,0,0,0
10328,BA,0,0,0,0,0,0,0,0,0,0,0,0,0,0,0,0,0,0,0,0,0,0,0,0,0,0,0,0,0,0,0,0,0,0,0,0,0,0,0,0,0,0,0,0,0,0,0,0,0,0,0,0,0,0,0,0,0,0,0,0,0,0,0,0,0,0,0,0,0,0,0,0,0,0,0
10329,BA,0,0,0,0,0,0,0,0,0,0,0,0,0,0,0,0,0,0,0,0,0,0,0,0,0,0,0,0,0,0,0,0,0,0,0,0,0,0,0,0,0,0,0,0,0,0,0,0,0,0,0,0,0,0,0,0,0,0,0,0,0,49.3464480544397,49.3464480544397,49.3464480544397,49.3464480544397,49.3464480544397,49.3464480544397,49.3464480544397,49.3464480544397,49.3464480544397,49.3464480544397,49.3464480544397,49.3464480544397,49.3464480544397,49.3464480544397
10330,BA,0,0,0,0,0,0,0,0,0,0,0,0,0,0,0,0,0,0,0,0,0,0,0,0,0,0,0,0,0,0,0,0,2.62187144497362,2.62187144497362,2.62187144497362,2.62187144497362,2.62187144497362,2.62187144497362,2.62187144497362,2.62187144497362,2.62187144497362,2.62187144497362,2.62187144497362,2.62187144497362,2.62187144497362,2.62187144497362,2.62187144497362,2.62187144497362,47.862875295856,47.862875295856,47.862875295856,47.862875295856,47.862875295856,47.862875295856,47.862875295856,47.862875295856,47.862875295856,47.862875295856,47.862875295856,47.862875295856,47.862875295856,47.862875295856,47.862875295856,47.862875295856,47.862875295856,47.862875295856,47.862875295856,47.862875295856,47.862875295856,47.862875295856,47.862875295856,47.862875295856,47.862875295856,47.862875295856,47.862875295856
10331,BA,0,0,0,0,0,0,0,0,0,0,0,0,0,0,0,0,0,0,0,0,0,0,0,0,0,0,0,0,0,0,0,0,0,0,0,0,0,0,0,0,0,0,0,0,0,0,0,0,0,0,0,0,0,0,0,0,0,0,0,0,0,0,0,0,0,0,0,0,0,0,0,0,0,0,0
10332,BA,0,0,0,0,0,0,0,0,0,0,0,0,0,0,0,0,0,0,0,0,0,0,0,0,0,0,0,0,0,0,0,0,0,0,0,0,0,0,0,0,0,0,0,0,0,0,0,0,0,0,0,0,0,0,0,0,0,0,0,0,0,0,0,0,0,0,0,0,0,0,0,0,0,0,0
10333,BA,0,0,0,0,0,0,0,0,0,0,0,0,0,0,0,0,0,0,0,0,0,0,0,0,0,0,0,0,0,0,0,0,0,0,0,0,0,0,0,0,0,0,0,0,0,0,0,0,0,0,0,0,0,0,0,0,0,0,0,0,0,0,0,0,0,0,0,0,0,0,0,0,0,0,0
10334,BA,0,0,0,0,0,0,0,0,0,0,0,0,0,0,0,0,0,0,0,0,0,0,0,0,0,0,0,0,0,0,0,0,0,0,0,0,0,0,0,0,0,0,0,0,0,0,0,0,0,0,0,0,0,0,0,0,0,0,0,0,0,0,0,0,0,0,0,0,0,0,0,0,0,0,0
10335,BA,0,0,0,0,0,0,0,0,0,0,0,0,0,0,0,0,0,0,0,0,0,0,0,0,0,0,0,0,0,0,0,0,0,0,0,0,0,0,0,0,0,0,0,0,0,0,0,0,0,0,0,0,0,0,0,0,0,0,0,0,0,0,0,0,0,0,0,0,0,0,0,0,0,0,0
10336,BA,0,0,0,0,0,0,0,0,0,0,0,0,0,0,0,0,0,0,0,0,0,0,0,0,0,0,0,0,0,0,0,0,0,0,0,0,0,0,0,0,0,0,0,0,0,0,0,0,0,0,0,0,0,0,0,0,0,0,0,0,0,0,0,0,0,0,0,0,0,0,0,0,0,0,0
