code_amc,densidade_sintetica_1858,densidade_sintetica_1860,densidade_sintetica_1862,densidade_sintetica_1863,densidade_sintetica_1876,densidade_sintetica_1881,densidade_sintetica_1882,densidade_sintetica_1883,densidade_sintetica_1884,densidade_sintetica_1885,densidade_sintetica_1886,densidade_sintetica_1887,densidade_sintetica_1888,densidade_sintetica_1894,densidade_sintetica_1896,densidade_sintetica_1901,densidade_sintetica_1902,densidade_sintetica_1904,densidade_sintetica_1905,densidade_sintetica_1906,densidade_sintetica_1907,densidade_sintetica_1910,densidade_sintetica_1912,densidade_sintetica_1913,densidade_sintetica_1915,densidade_sintetica_1916,densidade_sintetica_1917,densidade_sintetica_1919,densidade_sintetica_1920,densidade_sintetica_1921,densidade_sintetica_1923,densidade_sintetica_1925,densidade_sintetica_1926,densidade_sintetica_1927,densidade_sintetica_1931,densidade_sintetica_1933,densidade_sintetica_1934,densidade_sintetica_1937,densidade_sintetica_1941,densidade_sintetica_1947,densidade_sintetica_1948,densidade_sintetica_1949,densidade_sintetica_1950,densidade_sintetica_1951,densidade_sintetica_1956,densidade_sintetica_1957,densidade_sintetica_1958,densidade_sintetica_1962,densidade_sintetica_1966,densidade_sintetica_1969,densidade_sintetica_1972,densidade_sintetica_1985,densidade_sintetica_1996,densidade_sintetica_2003
3001,0,0,0,0,0,0,0,0,0,0,0,0,0,0,0,0,0,0,0,0,0,0,0,0,0,0,0,0,0,0,0,0,0,0,0,0,0,0,0,0,0,0,0,0,0,0,0,0,0,0,0,17.1325176431173,21.8066033135481,24.4290273728309
3002,0,0,0,0,0,0,0,0,0,0,0,0,0,0,0,0,0,0,0,0,0,0,0,0,0,0,0,67.5445421510035,67.5445421510035,67.5445421510035,67.5445421510035,67.5445421510035,67.5445421510035,67.5445421510035,67.5445421510035,67.5445421510035,67.5445421510035,67.5445421510035,67.5445421510035,67.5445421510035,67.5445421510035,67.5445421510035,67.5445421510035,67.5445421510035,67.5445421510035,67.5445421510035,67.5445421510035,67.5445421510035,67.5445421510035,67.5445421510035,67.5445421510035,67.5445421510035,67.5445421510035,67.5445421510035
3003,0,0,0,0,0,0,0,0,0,0,0,0,0,0,0,0,0,0,0,0,0,0,0,0,0,0,0,0,0,0,0,0,0,0,0,0,0,0,0,0,0,0,0,0,0,0,0,0,0,0,0,0,0,0
3004,0,0,0,0,0,0,0,0,0,0,0,0,0,0,0,0,0,0,0,0,0,0,0,0,0,0,0,1.80173943251998,1.80173943251998,1.80173943251998,1.80173943251998,1.80173943251998,1.80173943251998,1.80173943251998,1.80173943251998,1.80173943251998,1.80173943251998,1.80173943251998,1.80173943251998,1.80173943251998,1.80173943251998,1.80173943251998,1.80173943251998,1.80173943251998,1.80173943251998,1.80173943251998,1.80173943251998,1.80173943251998,1.80173943251998,1.80173943251998,1.80173943251998,9.24657584279921,14.2098001163185,19.1730243898377
3005,0,0,0,0,0,0,0,0,0,0,0,0,0,0,0,0,0,0,0,0,0,0,0,0,0,0,0,20.9358874364251,20.9358874364251,20.9358874364251,20.9358874364251,20.9358874364251,20.9358874364251,20.9358874364251,20.9358874364251,20.9358874364251,20.9358874364251,20.9358874364251,20.9358874364251,20.9358874364251,20.9358874364251,20.9358874364251,20.9358874364251,20.9358874364251,20.9358874364251,20.9358874364251,20.9358874364251,20.9358874364251,20.9358874364251,20.9358874364251,20.9358874364251,20.9358874364251,20.9358874364251,20.9358874364251
3006,0,0,0,0,0,0,0,0,0,0,0,0,0,0,0,0,0,0,0,0,0,0,0,0,0,0,0,0,0,0,0,0,0,0,0,0,0,0,0,0,0,0,0,0,0,0,0,0,0,0,0,0,0,0
3007,0,0,0,0,0,0,0,0,0,0,0,0,0,0,0,0,0,0,0,0,0,0,0,0,0,0,0,0,0,0,0,0,0,0,0,0,0,0,0,0,0,0,0,0,0,0,0,0,0,0,0,0,0,0
3008,0,0,0,0,0,0,0,0,0,0,0,0,0,0,0,0,0,0,0,0,0,0,0,0,0,0,0,0,0,0,0,0,0,0,0,0,0,0,0,0,0,0,0,0,0,0,0,0,0,0,0,26.2591060113614,45.7174405017521,67.1280388082923
3009,0,0,0,0,0,0,0,0,0,0,0,0,0,0,0,0,0,0,0,0,0,0,0,0,0,0,0,0,0,0,0,0,0,0,0,0,0,0,0,0,0,0,0,0,0,0,0,0,0,0,0,0,0,0
3010,0,0,0,0,0,0,0,0,0,0,0,0,0,0,0,0,0,0,0,0,0,0,0,0,0,0,0,0,0,0,0,0,0,0,0,0,0,0,0,0,0,0,0,0,0,0,0,0,0,0,0,0,4.34458203327404,13.0337460998221
3011,0,0,0,0,0,0,0,0,0,0,0,0,0,0,0,0,0,0,0,0,0,0,0,0,0,0,0,0,0,0,0,0,0,0,0,0,0,0,0,0,0,0,0,0,0,0,0,0,0,0,0,13.2479826684168,22.0799711140279,30.911959559639
3012,0,0,0,0,0,0,0,0,0,0,0,0,0,0,0,0,0,0,0,0,0,0,0,0,0,0,0,9.5841121392875,9.5841121392875,9.5841121392875,9.5841121392875,9.5841121392875,9.5841121392875,9.5841121392875,9.5841121392875,9.5841121392875,9.5841121392875,9.5841121392875,9.5841121392875,9.5841121392875,9.5841121392875,9.5841121392875,9.5841121392875,9.5841121392875,9.5841121392875,9.5841121392875,9.5841121392875,9.5841121392875,9.5841121392875,9.5841121392875,9.5841121392875,9.5841121392875,9.5841121392875,9.5841121392875
3013,0,0,0,0,0,0,0,0,0,0,0,0,0,0,0,0,0,0,0,0,0,0,0,0,0,0,0,0,0,0,0,0,0,0,0,0,0,0,0,0,0,0,0,0,0,0,0,0,0,0,0,0,0,0
3014,0,0,0,0,0,0,0,0,0,0,0,0,0,0,0,0,0,0,0,0,0,0,0,0,0,0,0,0,0,0,0,0,0,0,0,0,0,0,0,0,0,0,0,0,0,0,0,0,0,0,0,30.2378916044715,50.3964860074529,70.5550804104342
3015,0,0,0,0,0,0,0,0,0,0,0,0,0,0,0,0,0,0,0,0,0,0,0,0,0,0,0,0,0,0,0,0,0,0,0,0,0,0,0,0,0,0,0,0,0,0,0,0,0,0,0,0,0,0
3016,0,0,0,0,0,0,0,0,0,0,0,0,0,0,0,0,0,0,0,0,0,0,0,0,0,0,0,0,0,0,0,0,0,0,0,0,0,0,0,0,0,0,0,0,0,0,0,0,0,0,0,0,0,0
3017,0,0,0,0,0,0,0,0,0,0,0,0,0,0,0,0,0,0,0,0,0,0,0,0,0,0,0,0,0,0,0,0,0,0,0,0,0,0,0,0,0,0,0,0,0,0,0,0,0,0,0,0,0,0
3018,0,0,0,0,0,0,0,0,0,0,0,0,0,0,0,0,0,0,0,0,0,0,0,0,0,0,0,31.7503074903551,31.7503074903551,31.7503074903551,31.7503074903551,31.7503074903551,31.7503074903551,31.7503074903551,31.7503074903551,31.7503074903551,31.7503074903551,31.7503074903551,31.7503074903551,31.7503074903551,31.7503074903551,31.7503074903551,31.7503074903551,31.7503074903551,31.7503074903551,31.7503074903551,31.7503074903551,31.7503074903551,31.7503074903551,31.7503074903551,31.7503074903551,31.7503074903551,31.7503074903551,31.7503074903551
3019,0,0,0,0,0,0,0,0,0,0,0,0,0,0,0,0,0,0,0,0,0,0,0,0,0,0,0,25.5119195947408,25.5119195947408,25.5119195947408,25.5119195947408,25.5119195947408,25.5119195947408,25.5119195947408,25.5119195947408,25.5119195947408,25.5119195947408,25.5119195947408,25.5119195947408,25.5119195947408,25.5119195947408,25.5119195947408,25.5119195947408,25.5119195947408,25.5119195947408,25.5119195947408,25.5119195947408,25.5119195947408,25.5119195947408,25.5119195947408,25.5119195947408,125.643617169016,192.398082218533,259.15254726805
3020,0,0,0,0,0,0,0,0,0,0,0,0,0,0,0,0,0,0,0,0,0,0,0,0,0,0,0,0,0,0,0,0,0,0,0,0,0,0,0,0,0,0,0,0,0,0,0,0,0,0,0,0,0,0
3021,0,0,0,0,0,0,0,0,0,0,0,0,0,0,0,0,0,0,0,0,0,0,0,0,0,0,0,0,0,0,0,0,0,0,0,0,0,0,0,0,0,0,0,0,0,0,0,0,0,0,0,0,0,0
3022,0,0,0,0,0,0,0,0,0,0,0,0,0,0,0,0,0,0,0,0,0,0,0,0,0,0,0,0,0,0,0,0,0,0,0,0,0,0,0,0,0,0,0,0,0,0,0,0,0,0,0,0,0,0
3023,0,0,0,0,0,0,0,0,0,0,0,0,0,0,0,0,0,0,0,0,0,0,0,0,0,0,0,49.758382007475,49.758382007475,49.758382007475,49.758382007475,49.758382007475,49.758382007475,49.758382007475,49.758382007475,49.758382007475,49.758382007475,49.758382007475,49.758382007475,49.758382007475,49.758382007475,49.758382007475,49.758382007475,49.758382007475,49.758382007475,49.758382007475,49.758382007475,49.758382007475,49.758382007475,49.758382007475,49.758382007475,49.758382007475,49.758382007475,49.758382007475
3024,0,0,0,0,0,0,0,0,0,0,0,0,0,0,0,0,0,0,0,0,0,0,0,0,0,0,0,0,0,0,0,0,0,0,0,0,0,0,0,0,0,0,0,0,0,0,0,0,0,0,0,0,0,0
3025,0,0,0,0,0,0,0,0,0,0,0,0,0,0,0,0,0,0,0,0,0,0,0,0,0,0,0,0,0,0,0,0,0,0,0,0,0,0,0,0,0,0,0,0,0,0,0,0,0,0,0,0,0,0
3026,0,0,0,0,0,0,0,0,0,0,0,0,0,0,0,0,0,0,0,0,0,0,0,0,0,0,0,0,0,0,0,0,0,0,0,0,0,0,0,0,0,0,0,0,0,0,0,0,0,0,0,0,0,0
3027,0,0,0,0,0,0,0,0,0,0,0,0,0,0,0,0,0,0,0,0,0,0,0,0,0,0,0,0,0,0,0,0,0,0,0,0,0,0,0,0,0,0,0,0,0,0,0,0,0,0,0,0,0,0
3028,0,0,0,0,0,0,0,0,0,0,0,0,0,0,0,0,0,0,0,0,0,0,0,0,0,0,0,0,0,0,0,0,0,0,0,0,0,0,0,0,0,0,0,0,0,0,0,0,0,0,0,44.35931868523,73.9321978087159,103.505076932202
3029,0,0,0,0,0,0,0,0,0,0,0,0,0,0,0,0,0,0,0,0,0,0,0,0,0,0,0,23.3891687144408,23.3891687144408,23.3891687144408,23.3891687144408,23.3891687144408,23.3891687144408,23.3891687144408,23.3891687144408,23.3891687144408,23.3891687144408,23.3891687144408,23.3891687144408,23.3891687144408,23.3891687144408,23.3891687144408,23.3891687144408,23.3891687144408,23.3891687144408,23.3891687144408,23.3891687144408,23.3891687144408,23.3891687144408,23.3891687144408,23.3891687144408,23.3891687144408,23.3891687144408,23.3891687144408
3030,0,0,0,0,0,0,0,0,0,0,0,0,0,0,0,0,0,0,0,0,0,0,0,0,0,0,0,37.6456857255887,37.6456857255887,37.6456857255887,37.6456857255887,37.6456857255887,37.6456857255887,37.6456857255887,37.6456857255887,37.6456857255887,37.6456857255887,37.6456857255887,37.6456857255887,37.6456857255887,37.6456857255887,37.6456857255887,37.6456857255887,37.6456857255887,37.6456857255887,37.6456857255887,37.6456857255887,37.6456857255887,37.6456857255887,37.6456857255887,37.6456857255887,37.6456857255887,37.6456857255887,37.6456857255887
3031,0,0,0,0,0,0,0,0,0,0,0,0,0,0,0,0,0,0,0,0,0,0,0,0,0,0,0,0,0,0,0,0,0,0,0,0,0,0,0,0,0,0,0,0,0,0,0,0,0,0,0,0,0,0
3032,0,0,0,0,0,0,0,0,0,0,0,0,0,0,0,0,0,0,0,0,0,0,0,0,0,0,0,0,0,0,0,0,0,0,0,0,0,0,0,0,0,0,0,0,0,0,0,0,0,0,0,0,26.919861101072,80.7595833032162
3033,0,0,0,0,0,0,0,0,0,0,0,0,0,0,0,0,0,0,0,0,0,0,0,0,0,0,0,27.0742009362087,27.0742009362087,27.0742009362087,27.0742009362087,27.0742009362087,27.0742009362087,27.0742009362087,27.0742009362087,27.0742009362087,27.0742009362087,27.0742009362087,27.0742009362087,27.0742009362087,27.0742009362087,27.0742009362087,27.0742009362087,27.0742009362087,27.0742009362087,27.0742009362087,27.0742009362087,27.0742009362087,27.0742009362087,27.0742009362087,27.0742009362087,27.0742009362087,27.0742009362087,27.0742009362087
3034,0,0,0,0,0,0,0,0,0,0,0,0,0,0,0,0,0,0,0,0,0,0,0,0,0,0,0,0,0,0,0,0,0,0,0,0,0,0,0,0,0,0,0,0,0,0,0,0,0,0,0,97.6508457571424,162.75140959524,227.851973433337
3035,0,0,0,0,0,0,0,0,0,0,0,0,0,0,0,0,0,0,0,0,0,0,0,0,0,0,0,0,0,0,0,0,0,0,0,0,0,0,0,0,0,0,0,0,0,0,0,0,0,0,0,0,9.26201471107,33.2293059092692
3036,0,0,0,0,0,0,0,0,0,0,0,0,0,0,0,0,0,0,0,0,0,0,0,0,0,0,0,0,0,0,0,0,0,0,0,0,0,0,0,0,0,0,0,0,0,0,0,0,0,0,0,0,0,0
3037,0,0,0,0,0,0,0,0,0,0,0,0,0,0,0,0,0,0,0,0,0,0,0,0,0,0,0,0,0,0,0,0,0,0,0,0,0,0,0,0,0,0,0,0,0,0,0,0,0,0,0,0,0,0.891633450006398
3038,0,0,0,0,0,0,0,0,0,0,0,0,0,0,0,0,0,0,0,0,0,0,0,0,0,0,0,8.52499635288499,8.52499635288499,8.52499635288499,8.52499635288499,8.52499635288499,8.52499635288499,8.52499635288499,8.52499635288499,8.52499635288499,8.52499635288499,8.52499635288499,8.52499635288499,8.52499635288499,8.52499635288499,8.52499635288499,8.52499635288499,8.52499635288499,8.52499635288499,8.52499635288499,8.52499635288499,8.52499635288499,8.52499635288499,8.52499635288499,8.52499635288499,8.52499635288499,8.52499635288499,8.52499635288499
3039,0,0,0,0,0,0,0,0,0,0,0,0,0,0,0,0,0,0,0,0,0,0,0,0,0,0,0,0,0,0,0,0,0,0,0,0,0,0,0,0,0,0,0,0,0,0,0,0,0,0,0,0,0,0
3040,0,0,0,0,0,0,0,0,0,0,0,0,0,0,0,0,0,0,0,0,0,0,0,0,0,0,0,0,0,0,0,0,0,0,0,0,0,0,0,0,0,0,0,0,0,0,0,0,0,0,0,0,0,0
3041,0,0,0,0,0,0,0,0,0,0,0,0,0,0,0,0,0,0,0,0,0,0,0,0,0,0,0,9.35254302722679,9.35254302722679,9.35254302722679,9.35254302722679,9.35254302722679,9.35254302722679,9.35254302722679,9.35254302722679,9.35254302722679,9.35254302722679,9.35254302722679,9.35254302722679,9.35254302722679,9.35254302722679,9.35254302722679,9.35254302722679,9.35254302722679,9.35254302722679,9.35254302722679,9.35254302722679,9.35254302722679,9.35254302722679,9.35254302722679,9.35254302722679,9.35254302722679,9.35254302722679,9.35254302722679
3042,0,0,0,0,0,0,0,0,0,0,0,0,0,0,0,0,0,0,0,0,0,0,0,0,0,0,0,0,0,0,0,0,0,0,0,0,0,0,0,0,0,0,0,0,0,0,0,0,0,0,0,0,0,0
3043,0,0,0,0,0,0,0,0,0,0,0,0,0,0,0,0,0,0,0,0,0,0,0,0,0,0,0,0,0,0,0,0,0,0,0,0,0,0,0,0,0,0,0,0,0,0,0,0,0,0,0,0,0,0
3044,0,0,0,0,0,0,0,0,0,0,0,0,0,0,0,0,0,0,0,0,0,0,0,0,0,0,0,0,0,0,0,0,0,0,0,0,0,0,0,0,0,0,0,0,0,0,0,0,0,0,0,0,0,0
3045,0,0,0,0,0,0,0,0,0,0,0,0,0,0,0,0,0,0,0,0,0,0,0,0,0,0,0,0,0,0,0,0,0,0,0,0,0,0,0,0,0,0,0,0,0,0,0,0,0,0,0,0,0,0
3046,0,0,0,0,0,0,0,0,0,0,0,0,0,0,0,0,0,0,0,0,0,0,0,0,0,0,0,0,0,0,0,0,0,0,0,0,0,0,0,0,0,0,0,0,0,0,0,0,0,0,0,0,0,0
3047,0,0,0,0,0,0,0,0,0,0,0,0,0,0,0,0,0,0,0,0,0,0,0,0,0,0,0,0,0,0,0,0,0,0,0,0,0,0,0,0,0,0,0,0,0,0,0,0,0,0,0,0,0,0
3048,0,0,0,0,0,0,0,0,0,0,0,0,0,0,0,0,0,0,0,0,0,0,0,0,0,0,0,0,0,0,0,0,0,0,0,0,0,0,0,0,0,0,0,0,0,0,0,0,0,0,0,0,0,0
3049,0,0,0,0,0,0,0,0,0,0,0,0,0,0,0,0,0,0,0,0,0,0,0,0,0,0,0,0,0,0,0,0,0,0,0,0,0,0,0,0,0,0,0,0,0,0,0,0,0,0,0,0,0,0
3050,0,0,0,0,0,0,0,0,0,0,0,0,0,0,0,0,0,0,0,0,0,0,0,0,0,0,0,0,0,0,0,0,0,0,0,0,0,0,0,0,0,0,0,0,0,0,0,0,0,0,0,0,0,0
3051,0,0,0,0,0,0,0,0,0,0,0,0,0,0,0,0,0,0,0,0,0,0,0,0,0,0,0,0,0,0,0,0,0,0,0,0,0,0,0,0,0,0,0,0,0,0,0,0,0,0,0,0,0,0
3052,0,0,0,0,0,0,0,0,0,0,0,0,0,0,0,0,0,0,0,0,0,0,0,0,0,0,0,0,0,0,0,0,0,0,0,0,0,0,0,0,0,0,0,0,0,0,0,0,0,0,0,0,0,0
3053,0,0,0,0,0,0,0,0,0,0,0,0,0,0,0,0,0,0,0,0,0,0,0,0,0,0,0,0,0,0,0,0,0,0,0,0,0,0,0,0,0,0,0,0,0,0,0,0,0,0,0,0,0,0
3054,0,0,0,0,0,0,0,0,0,0,0,0,0,0,0,0,0,0,0,0,0,0,0,0,0,0,0,0,0,0,0,0,0,0,0,0,0,0,0,0,0,0,0,0,0,0,0,0,0,0,0,0,0,0
3055,0,0,0,0,0,0,0,0,0,0,0,0,0,0,0,0,0,0,0,0,0,0,0,0,0,0,0,0,0,0,0,0,0,0,0,0,0,0,0,0,0,0,0,0,0,0,0,0,0,0,0,0,0,0
3056,0,0,0,0,0,0,0,0,0,0,0,0,0,0,0,0,0,0,0,0,0,0,0,0,0,0,0,0,0,0,0,0,0,0,0,0,0,0,0,0,0,0,0,0,0,0,0,0,0,0,0,0,0,0
3057,0,0,0,0,0,0,0,0,0,0,0,0,0,0,0,0,0,0,0,0,0,0,0,0,0,0,0,4.96305461982086,4.96305461982086,4.96305461982086,4.96305461982086,4.96305461982086,4.96305461982086,4.96305461982086,4.96305461982086,4.96305461982086,4.96305461982086,4.96305461982086,4.96305461982086,4.96305461982086,4.96305461982086,4.96305461982086,4.96305461982086,4.96305461982086,4.96305461982086,4.96305461982086,4.96305461982086,4.96305461982086,4.96305461982086,4.96305461982086,4.96305461982086,4.96305461982086,4.96305461982086,4.96305461982086
3058,0,0,0,0,0,0,0,0,0,0,0,0,0,0,0,0,0,0,0,0,0,0,0,0,0,0,0,46.3082527088572,46.3082527088572,46.3082527088572,46.3082527088572,46.3082527088572,46.3082527088572,46.3082527088572,46.3082527088572,46.3082527088572,46.3082527088572,46.3082527088572,46.3082527088572,46.3082527088572,46.3082527088572,46.3082527088572,46.3082527088572,46.3082527088572,46.3082527088572,46.3082527088572,46.3082527088572,46.3082527088572,46.3082527088572,46.3082527088572,46.3082527088572,46.3082527088572,46.3082527088572,46.3082527088572
3059,0,0,0,0,0,0,0,0,0,0,0,0,0,0,0,0,0,0,0,0,0,0,0,0,0,0,0,0,0,0,0,0,0,0,0,0,0,0,0,0,0,0,0,0,0,0,0,0,0,0,0,0,0,0
3060,0,0,0,0,0,0,0,0,0,0,0,0,0,0,0,0,0,0,0,0,0,0,0,0,0,0,0,0,0,0,0,0,0,0,0,0,0,0,0,0,0,0,0,0,0,0,0,0,0,0,0,0,0,0
3061,0,0,0,0,0,0,0,0,0,0,0,0,0,0,0,0,0,0,0,0,0,0,0,0,0,0,0,0,0,0,0,0,0,0,0,0,0,0,0,0,0,0,0,0,0,0,0,0,0,0,0,0,0,0
3062,0,0,0,0,0,0,0,0,0,0,0,0,0,0,0,0,0,0,0,0,0,0,0,0,0,0,0,0,0,0,0,0,0,0,0,0,0,0,0,0,0,0,0,0,0,0,0,0,0,0,0,0,0,0
3063,0,0,0,0,0,0,0,0,0,0,0,0,0,0,0,0,0,0,0,0,0,0,0,0,0,0,0,0,0,0,0,0,0,0,0,0,0,0,0,0,0,0,0,0,0,0,0,0,0,0,0,0,20.5368940134697,61.6106820404071
3064,0,0,0,0,0,0,0,0,0,0,0,0,0,0,0,0,0,0,0,0,0,0,0,0,0,0,0,0,0,0,0,0,0,0,0,0,0,0,0,0,0,0,0,0,0,0,0,0,0,0,0,0,0,0
3065,0,0,0,0,0,0,0,0,0,0,0,0,0,0,0,0,0,0,0,0,0,0,0,0,0,0,0,0,0,0,0,0,0,0,0,0,0,0,0,0,0,0,0,0,0,0,0,0,0,0,0,0,0,0
3066,0,0,0,0,0,0,0,0,0,0,0,0,0,0,0,0,0,0,0,0,0,0,0,0,0,0,0,0,0,0,0,0,0,0,0,0,0,0,0,0,0,0,0,0,0,0,0,0,0,0,0,0,0,0
3067,0,0,0,0,0,0,0,0,0,0,0,0,0,0,0,0,0,0,0,0,0,0,0,0,0,0,0,0,0,0,0,0,0,0,0,0,0,0,0,0,0,0,0,0,0,0,0,0,0,0,0,72.4547980563429,120.757996760571,169.061195464799
3068,0,0,0,0,0,0,0,0,0,0,0,0,0,0,0,0,0,0,0,0,0,0,0,0,0,0,0,0,0,0,0,0,0,0,0,0,0,0,0,0,0,0,0,0,0,0,0,0,0,0,0,0,0,0
3069,0,0,0,0,0,0,0,0,0,0,0,0,0,0,0,0,0,0,0,0,0,0,0,0,0,0,0,0,0,0,0,0,0,0,0,0,0,0,0,0,0,0,0,0,0,0,0,0,0,0,0,0,0,0
3070,0,0,0,0,0,0,0,0,0,0,0,0,0,0,0,0,0,0,0,0,0,0,0,0,0,0,0,0,0,0,0,0,0,0,0,0,0,0,0,0,0,0,0,0,0,0,0,0,0,0,0,0,0,0
3071,0,0,0,0,0,0,0,0,0,0,0,0,0,0,0,0,0,0,0,0,0,0,0,0,0,0,0,0,0,0,0,0,0,0,0,0,0,0,0,0,0,0,0,0,0,0,0,0,0,0,0,0,0,0
3072,0,0,0,0,0,0,0,0,0,0,0,0,0,0,0,0,0,0,0,0,0,0,0,0,0,0,0,0,0,0,0,0,0,0,0,0,0,0,0,0,0,0,0,0,0,0,0,0,0,0,0,0,0,0
3073,0,0,0,0,0,0,0,0,0,0,0,0,0,0,0,0,0,0,0,0,0,0,0,0,0,0,0,0,0,0,0,0,0,0,0,0,0,0,0,0,0,0,0,0,0,0,0,0,0,0,0,0,0,0
3074,0,0,0,0,0,0,0,0,0,0,0,0,0,0,0,0,0,0,0,0,0,0,0,0,0,0,0,0,0,0,0,0,0,0,0,0,0,0,0,0,0,0,0,0,0,0,0,0,0,0,0,0,0,0
3075,0,0,0,0,0,0,0,0,0,0,0,0,0,0,0,0,0,0,0,0,0,0,0,0,0,0,0,0,0,0,0,0,0,0,0,0,0,0,0,0,0,0,0,0,0,0,0,0,0,0,0,0,0,0
3076,0,0,0,0,0,0,0,0,0,0,0,0,0,0,0,0,0,0,0,0,0,0,0,0,0,0,0,0,0,0,0,0,0,0,0,0,0,0,0,0,0,0,0,0,0,0,0,0,0,0,0,0,0,0
3077,0,0,0,0,0,0,0,0,0,0,0,0,0,0,0,0,0,0,0,0,0,0,0,0,0,0,0,0,0,0,0,0,0,0,0,0,0,0,0,0,0,0,0,0,0,0,0,0,0,0,0,0,0,0
3078,0,0,0,0,0,0,0,0,0,0,0,0,0,0,0,0,0,0,0,0,0,0,0,0,0,0,0,0,0,0,0,0,0,0,0,0,0,0,0,0,0,0,0,0,0,0,0,0,0,0,0,0,0,0
3079,0,0,0,0,0,0,0,0,0,0,0,0,0,0,0,0,0,0,0,0,0,0,0,0,0,0,0,0,0,0,0,0,0,0,0,0,0,0,0,0,0,0,0,0,0,0,0,0,0,0,0,0,0,0
3080,0,0,0,0,0,0,0,0,0,0,0,0,0,0,0,0,0,0,0,0,0,0,0,0,0,0,0,0,0,0,0,0,0,0,0,0,0,0,0,0,0,0,0,0,0,0,0,0,0,0,0,0,0,0
3081,0,0,0,0,0,0,0,0,0,0,0,0,0,0,0,0,0,0,0,0,0,0,0,0,0,0,0,0,0,0,0,0,0,0,0,0,0,0,0,0,0,0,0,0,0,0,0,0,0,0,0,0,0,0
3082,0,0,0,0,0,0,0,0,0,0,0,0,0,0,0,0,0,0,0,0,0,0,0,0,0,0,0,0,0,0,0,0,0,0,0,0,0,0,0,0,0,0,0,0,0,0,0,0,0,0,0,0,0,0
3083,0,0,0,0,0,0,0,0,0,0,0,0,0,0,0,0,0,0,0,0,0,0,0,0,0,0,0,0,0,0,0,0,0,0,0,0,0,0,0,0,0,0,0,0,0,0,0,0,0,0,0,0,0,0
3084,0,0,0,0,0,0,0,0,0,0,0,0,0,0,0,0,0,0,0,0,0,0,0,0,0,0,0,0,0,0,0,0,0,0,0,0,0,0,0,0,0,0,0,0,0,0,0,0,0,0,0,0,0,0
3085,0,0,0,0,0,0,0,0,0,0,0,0,0,0,0,0,0,0,0,0,0,0,0,0,0,0,0,0,0,0,0,0,0,0,0,0,0,0,0,0,0,0,0,0,0,0,0,0,0,0,0,0,0,0
3086,0,0,0,0,0,0,0,0,0,0,0,0,0,0,0,0,0,0,0,0,0,0,0,0,0,0,0,0,0,0,0,0,0,0,0,0,0,0,0,0,0,0,0,0,0,0,0,0,0,0,0,0,0,0
3087,0,0,0,0,0,0,0,0,0,0,0,0,0,0,0,0,0,0,0,0,0,0,0,0,0,0,0,0,0,0,0,0,0,0,0,0,0,0,0,0,0,0,0,0,0,0,0,0,0,0,0,0,0,0
3088,0,0,0,0,0,0,0,0,0,0,0,0,0,0,0,0,0,0,0,0,0,0,0,0,0,0,0,0,0,0,0,0,0,0,0,0,0,0,0,0,0,0,0,0,0,0,0,0,0,0,0,0,0,0
3089,0,0,0,0,0,0,0,0,0,0,0,0,0,0,0,0,0,0,0,0,0,0,0,0,0,0,0,0,0,0,0,0,0,0,0,0,0,0,0,0,0,0,0,0,0,0,0,0,0,0,0,0,0,0
3090,0,0,0,0,0,0,0,0,0,0,0,0,0,0,0,0,0,0,0,0,0,0,0,0,0,0,0,0,0,0,0,0,0,0,0,0,0,0,0,0,0,0,0,0,0,0,0,0,0,0,0,0,0,0
3091,0,0,0,0,0,0,0,0,0,0,0,0,0,0,0,0,0,0,0,0,0,0,0,0,0,0,0,0,0,0,0,0,0,0,0,0,0,0,0,0,0,0,0,0,0,0,0,0,0,0,0,0,0,0
3092,0,0,0,0,0,0,0,0,0,0,0,0,0,0,0,0,0,0,0,0,0,0,0,0,0,0,0,0,0,0,0,0,0,0,0,0,0,0,0,0,0,0,0,0,0,0,0,0,0,0,0,0,0,0
3093,0,0,0,0,0,0,0,0,0,0,0,0,0,0,0,0,0,0,0,0,0,0,0,0,0,0,0,0,0,0,0,0,0,0,0,0,0,0,0,0,0,0,0,0,0,0,0,0,0,0,0,0,0,0
3094,0,0,0,0,0,0,0,0,0,0,0,0,0,0,0,0,0,0,0,0,0,0,0,0,0,0,0,0,0,0,0,0,0,0,0,0,0,0,0,0,0,0,0,0,0,0,0,0,0,0,0,0,0,0
3095,0,0,0,0,0,0,0,0,0,0,0,0,0,0,0,0,0,0,0,0,0,0,0,0,0,0,0,39.8383061232435,39.8383061232435,39.8383061232435,39.8383061232435,39.8383061232435,39.8383061232435,39.8383061232435,39.8383061232435,39.8383061232435,39.8383061232435,39.8383061232435,39.8383061232435,39.8383061232435,39.8383061232435,39.8383061232435,39.8383061232435,39.8383061232435,39.8383061232435,39.8383061232435,39.8383061232435,39.8383061232435,39.8383061232435,39.8383061232435,39.8383061232435,39.8383061232435,39.8383061232435,39.8383061232435
3096,0,0,0,0,0,0,0,0,0,0,0,0,0,0,0,0,0,0,0,0,0,0,0,0,0,0,0,15.1391950916576,15.1391950916576,15.1391950916576,15.1391950916576,15.1391950916576,15.1391950916576,15.1391950916576,15.1391950916576,15.1391950916576,15.1391950916576,15.1391950916576,15.1391950916576,15.1391950916576,15.1391950916576,15.1391950916576,15.1391950916576,15.1391950916576,15.1391950916576,15.1391950916576,15.1391950916576,15.1391950916576,15.1391950916576,15.1391950916576,15.1391950916576,48.36942527504,70.5229120639618,92.6763988528835
3097,0,0,0,0,0,0,0,0,0,0,0,0,0,0,0,0,0,0,0,0,0,0,0,0,0,0,0,0,0,0,0,0,0,0,0,0,0,0,0,0,0,0,0,0,0,0,0,0,0,0,0,0,0,0
3098,0,0,0,0,0,0,0,0,0,0,0,0,0,0,0,0,0,0,0,0,0,0,0,0,0,0,0,0,0,0,0,0,0,0,0,0,0,0,0,0,0,0,0,0,0,0,0,0,0,0,0,0,0,0
3099,0,0,0,0,0,0,0,0,0,0,0,0,0,0,0,0,0,0,0,0,0,0,0,0,0,0,0,0,0,0,0,0,0,0,0,0,0,0,0,0,0,0,0,0,0,0,0,0,0,0,0,0,0,0
3100,0,0,0,0,0,0,0,0,0,0,0,0,0,0,0,0,0,0,0,0,0,0,0,0,0,0,0,0,0,0,0,0,0,0,0,0,0,0,0,0,0,0,0,0,0,0,0,0,0,0,0,0,0,0
3101,0,0,0,0,0,0,0,0,0,0,0,0,0,0,0,0,0,0,0,0,0,0,0,0,0,0,0,15.6973029099515,15.6973029099515,15.6973029099515,15.6973029099515,15.6973029099515,15.6973029099515,15.6973029099515,15.6973029099515,15.6973029099515,15.6973029099515,15.6973029099515,15.6973029099515,15.6973029099515,15.6973029099515,15.6973029099515,15.6973029099515,15.6973029099515,15.6973029099515,15.6973029099515,15.6973029099515,15.6973029099515,17.2728502523888,17.2728502523888,17.2728502523888,17.2728502523888,17.2728502523888,17.2728502523888
3102,0,0,0,0,0,0,0,0,0,0,0,0,0,0,0,0,0,0,0,0,0,0,0,0,0,0,0,0,0,0,0,0,0,0,0,0,0,0,0,0,0,0,0,0,0,0,0,0,0,0,0,0,0,0
4001,0,0,0,0,0,0,0,0,0,0,0,0,0,0,0,0,0,0,0,0,0,0,0,0,0,0,0,0,0,0,0,0,0,0,0,0,0,0,0,0,0,0,0,0,0,0,0,0,0,11.7195372383671,11.7195372383671,11.7195372383671,11.7195372383671,11.7195372383671
4002,0,0,0,0,0,0,0,0,0,0,0,0,0,0,0,0,0,0,0,0,0,0,0,0,0,0,0,0,0,0,0,0,0,0,0,0,0,0,0,0,0,0,0,0,0,0,0,0,0,0,0,0,0,0
4003,0,0,0,0,0,0,0,0,0,0,0,0,0,0,0,0,0,0,0,0,0,0,0,0,0,0,0,0,0,0,0,0,0,0,0,0,0,0,0,0,0,0,0,0,0,0,0,0,0,0,0,0,0,0
4004,0,0,0,0,0,0,0,0,0,0,0,0,0,0,0,0,0,0,0,0,0,0,0,0,0,0,0,0,0,0,0,0,3.42942428129554,3.42942428129554,3.42942428129554,3.42942428129554,3.42942428129554,3.42942428129554,3.42942428129554,3.42942428129554,3.42942428129554,3.42942428129554,3.42942428129554,3.42942428129554,3.42942428129554,3.42942428129554,3.42942428129554,3.42942428129554,3.42942428129554,3.42942428129554,3.42942428129554,3.42942428129554,3.42942428129554,3.42942428129554
4005,0,0,0,0,0,0,0,0,0,0,0,0,0,0,0,0,0,0,0,0,0,0,0,0,0,0,0,0,0,0,0,0,0,0,0,0,0,0,0,0,0,0,0,0,0,0,0,0,0,0,0,0,0,0
4006,0,0,0,0,0,0,0,0,0,0,0,0,0,0,0,0,0,0,0,0,0,0,0,0,0,0,0,0,0,0,0,0,0,0,0,0,0,0,0,0,0,0,0,0,0,0,0,0,0,0,0,0,0,0
4007,0,0,0,0,0,0,0,0,0,0,0,0,0,0,0,0,0,0,0,0,0,0,0,0,0,0,0,0,0,0,0,0,0,0,0,0,0,0,0,0,0,0,0,0,0,0,0,0,0,0,16.2728138858729,16.2728138858729,16.2728138858729,16.2728138858729
4008,0,0,0,0,0,0,0,0,0,0,0,0,0,0,0,0,0,0,0,0,0,0,0,0,0,0,0,0,0,0,0,0,0,0,0,0,0,0,0,0,0,0,0,0,0,0,0,0,0,0,0,0,0,0
4009,0,0,0,0,0,0,0,0,0,0,0,0,0,0,0,0,0,0,0,0,0,0,0,0,0,0,0,0,0,0,0,0,0,0,0,0,0,0,0,0,0,0,0,0,0,0,0,0,0,0,0,0,0,0
4010,0,0,0,0,0,0,0,0,0,0,0,0,0,0,0,0,0,0,0,0,0,0,0,0,0,0,0,0,0,0,0,0,0,0,0,0,0,0,0,0,0,0,0,0,0,0,0,0,0,0,0,0,0,0
4011,0,0,0,0,0,0,0,0,0,0,0,0,0,0,0,0,0,0,0,0,0,0,0,0,0,0,0,0,0,0,0,0,0,0,0,0,0,0,0,0,0,0,0,0,0,0,0,0,0,0,0,0,0,0
4012,0,0,0,0,0,0,0,0,0,0,0,0,0,0,0,0,0,0,0,0,0,0,0,0,0,0,0,0,0,0,0,0,0,0,0,0,0,0,0,0,0,0,0,0,0,0,0,0,0,0,0,0,0,0
4013,0,0,0,0,0,0,0,0,0,0,0,0,0,0,0,0,0,0,0,0,0,0,0,0,0,0,0,0,0,0,0,0,0,0,0,0,0,0,0,0,0,0,0,0,0,0,0,0,0,0,0,0,0,0
4014,0,0,0,0,0,0,0,0,0,0,0,0,0,0,0,0,0,0,0,0,0,0,0,0,0,0,0,0,0,0,0,0,0,0,0,0,0,0,0,0,0,0,0,0,0,0,0,0,0,0,0,0,0,0
4015,0,0,0,0,0,0,0,0,0,0,0,0,0,0,0,0,0,0,0,0,0,0,0,0,0,0,0,0,0,0,0,0,0,0,0,0,0,0,0,0,0,0,0,0,0,0,0,0,0,0,0,0,0,0
4016,0,0,0,0,0,0,0,0,0,0,0,0,0,0,0,0,0,0,0,0,0,0,0,0,0,0,0,0,0,0,0,0,0,0,0,0,0,0,0,0,0,0,0,0,0,0,0,0,0,0,0,0,0,0
4017,0,0,0,0,0,0,0,0,0,0,0,0,0,0,0,0,0,0,0,0,0,0,0,0,0,0,0,0,0,0,0,0,0,0,0,0,0,0,0,0,0,0,0,0,0,0,0,0,0,0,0,0,0,0
4018,0,0,0,0,0,0,0,0,0,0,0,0,0,0,0,0,0,0,0,0,0,0,0,0,0,0,0,0,0,0,0,0,0,0,0,0,0,0,0,0,0,0,0,0,0,0,0,0,0,0,0,0,0,0
4019,0,0,0,0,0,0,0,0,0,0,0,0,0,0,0,0,0,0,0,0,0,0,0,0,0,0,0,0,0,0,0,0,0,0,0,0,0,0,0,0,0,0,0,0,0,0,0,0,20.8063731059433,20.8063731059433,20.8063731059433,20.8063731059433,20.8063731059433,20.8063731059433
4020,0,0,0,0,0,0,0,0,0,0,0,0,0,0,0,0,0,0,0,0,0,0,0,0,0,0,0,0,0,0,0,0,0,0,0,0,0,0,0,0,0,0,0,0,0,0,0,0,0,0,0,0,0,0
4021,0,0,0,0,0,0,0,0,0,0,0,0,0,0,0,0,0,0,0,0,0,0,0,0,0,0,0,0,0,0,1.81966083672405,1.81966083672405,1.81966083672405,1.81966083672405,1.81966083672405,1.81966083672405,1.81966083672405,3.6393216734481,3.6393216734481,3.6393216734481,3.6393216734481,3.6393216734481,3.6393216734481,16.9289706477942,16.9289706477942,16.9289706477942,16.9289706477942,16.9289706477942,31.6165255602144,44.9061745345605,44.9061745345605,44.9061745345605,44.9061745345605,44.9061745345605
4022,0,0,0,0,0,0,0,0,0,0,0,0,0,0,0,0,0,0,0,0,0,0,0,0,0,0,0,0,0,0,0,0,0,0,0,0,0,0,0,0,0,0,0,0,0,0,0,0,0,0,0,0,0,0
4023,0,0,0,0,0,0,0,0,0,0,0,0,0,0,0,0,0,0,0,0,0,0,0,0,0,0,0,0,0,0,0,0,0,0,0,0,0,0,0,0,0,0,0,0,0,0,0,0,0,0,0,0,0,0
4024,0,0,0,0,0,0,0,0,0,0,0,0,0,0,0,0,0,0,0,0,0,0,0,0,0,0,0,0,0,0,0,0,0,0,0,0,0,0,0,0,0,0,0,0,0,0,0,0,0,0,0,0,0,0
4025,0,0,0,0,0,0,0,0,0,0,0,0,0,0,0,0,0,0,0,0,0,0,0,0,0,0,0,0,0,0,0,0,0,0,0,0,0,0,0,0,0,0,0,0,0,0,0,0,0,0,0,0,0,0
4026,0,0,0,0,0,0,0,0,0,0,0,0,0,0,0,0,0,0,0,0,0,0,0,0,0,0,0,0,0,0,0,0,0,0,0,0,0,0,0,0,0,0,0,0,0,0,0,0,0,0,0,0,0,0
4027,0,0,0,0,0,0,0,0,0,0,0,0,0,0,0,0,0,0,0,0,0,0,0,0,0,0,0,0,0,0,0,0,0,0,0,0,0,0,0,0,0,0,0,0,0,0,0,0,0,0,0,0,0,0
4028,0,0,0,0,0,0,0,0,0,0,0,0,0,0,0,0,0,0,0,0,0,0,0,0,0,0,0,0,0,0,24.6867537489757,24.6867537489757,24.6867537489757,24.6867537489757,24.6867537489757,24.6867537489757,24.6867537489757,49.3735074979514,49.3735074979514,49.3735074979514,49.3735074979514,49.3735074979514,49.3735074979514,74.0602612469315,74.0602612469315,74.0602612469315,74.0602612469315,74.0602612469315,98.7470149959075,123.433768744888,123.433768744888,123.433768744888,123.433768744888,123.433768744888
4029,0,0,0,0,0,0,0,0,0,0,0,0,0,0,0,0,0,0,0,0,0,0,0,0,0,0,0,0,0,0,0,0,0,0,0,0,0,0,0,0,0,0,0,0,0,0,0,0,12.3348704534704,12.3348704534704,33.8098678033703,33.8098678033703,33.8098678033703,33.8098678033703
4030,0,0,0,0,0,0,0,0,0,0,0,0,0,0,0,0,0,0,0,0,0,0,0,0,0,0,0,0,0,0,0,0,0,0,0,0,0,0,0,0,0,0,0,0,0,0,0,0,0,0,0,0,0,0
4031,0,0,0,0,0,0,0,0,0,0,0,0,0,0,0,0,0,0,0,0,0,0,0,0,0,0,0,0,0,0,0,0,0,0,0,0,0,0,0,0,0,0,0,0,0,0,0,0,0,0,17.1783301590393,17.1783301590393,17.1783301590393,17.1783301590393
4032,0,0,0,0,0,0,0,0,0,0,0,0,0,0,0,0,0,0,0,0,0,0,0,0,0,0,0,0,0,0,0,0,0,0,0,0,0,0,0,0,0,0,0,0,0,0,0,0,0,0,0,0,0,0
4033,0,0,0,0,0,0,0,0,0,0,0,0,0,0,0,0,0,0,0,0,0,0,0,0,0,0,0,0,0,0,0,0,0,0,0,0,0,0,0,0,0,0,0,0,0,0,0,0,0,0,0,0,0,0
4034,0,0,0,0,0,0,0,0,0,0,0,0,0,0,0,0,0,0,0,0,0,0,0,0,0,0,0,0,0,0,0,0,0,0,0,0,0,0,0,0,0,0,0,0,0,0,0,0,0,0,0,0,0,0
4035,0,0,0,0,0,0,0,0,0,0,0,0,0,0,0,0,0,0,0,0,0,0,0,0,0,0,0,0,0,0,0,0,0,0,0,0,0,0,0,0,0,0,0,0,0,0,0,0,0,0,0,0,0,0
4036,0,0,0,0,0,0,0,0,0,0,0,0,0,0,0,0,0,0,0,0,0,0,0,0,0,0,0,0,0,0,0,0,0,0,0,0,0,0,0,0,0,0,0,0,0,0,0,0,0,0,0,0,0,0
4037,0,0,0,0,0,0,0,0,0,0,0,0,0,0,0,0,0,0,0,0,0,0,0,0,0,0,0,0,0,0,0,0,0,0,0,0,0,0,0,0,0,0,0,0,0,0,0,0,0,0,0,0,0,0
4038,0,0,0,0,0,0,0,0,0,0,0,0,0,0,0,0,0,0,0,0,0,0,0,0,0,0,0,0,0,0,0,0,0,0,0,0,0,0,0,0,0,0,0,0,0,0,0,0,0,0,0,0,0,0
4039,0,0,0,0,0,0,0,0,0,0,0,0,0,0,0,0,0,0,0,0,0,0,0,0,0,0,0,0,0,0,0,0,0,0,0,0,0,0,0,0,0,0,0,0,0,0,0,0,0,0,0,0,0,0
4040,0,0,0,0,0,0,0,0,0,0,0,0,0,0,0,0,0,0,0,0,0,0,0,0,0,0,0,0,0,0,0,0,0,0,0,0,0,0,0,0,0,0,0,0,0,0,0,0,0,3.66562843600208,3.66562843600208,3.66562843600208,3.66562843600208,3.66562843600208
4041,0,0,0,0,0,0,0,0,0,0,0,0,0,0,0,0,0,0,0,0,0,0,0,0,0,0,0,0,0,0,20.1780578768021,20.1780578768021,20.1780578768021,20.1780578768021,20.1780578768021,20.1780578768021,20.1780578768021,42.0441833779054,42.0441833779054,42.0441833779054,42.0441833779054,42.0441833779054,42.0441833779054,75.8490548417368,75.8490548417368,75.8490548417368,75.8490548417368,75.8490548417368,109.653926305567,143.458797769399,143.458797769399,143.458797769399,143.458797769399,143.458797769399
4042,0,0,0,0,0,0,0,0,0,0,0,0,0,0,0,0,0,0,0,0,0,0,0,0,0,0,0,0,0,0,0,0,0,0,0,0,0,0,0,0,0,0,0,0,0,0,0,0,0,0,0,0,0,0
4043,0,0,0,0,0,0,0,0,0,0,0,0,0,0,0,0,0,0,0,0,0,0,0,0,0,0,0,0,0,0,0,0,0,0,0,0,0,0,0,0,0,0,0,0,0,0,0,0,0,0,0,0,0,0
4044,0,0,0,0,0,0,0,0,0,0,0,0,0,0,0,0,0,0,0,0,0,0,0,0,0,0,0,0,0,0,0,0,0,0,0,0,0,0,0,0,0,0,0,0,0,0,0,0,0,0,0,0,0,0
4045,0,0,0,0,0,0,0,0,0,0,0,0,0,0,0,0,0,0,0,0,0,0,0,0,0,0,0,0,0,0,0,0,0,0,0,0,0,0,0,0,0,0,0,0,0,0,0,0,0,0,0,0,0,0
4046,0,0,0,0,0,0,0,0,0,0,0,0,0,0,0,0,0,0,0,0,0,0,0,0,0,0,0,0,0,0,0,0,0,0,0,0,0,0,0,0,0,0,0,0,0,0,0,0,0,0,0,0,0,0
4047,0,0,0,0,0,0,0,0,0,0,0,0,0,0,0,0,0,0,0,0,0,0,0,0,0,0,0,0,0,0,0,0,0,0,0,0,0,0,0,0,0,0,0,0,0,0,0,0,0,0,0,0,0,0
4048,0,0,0,0,0,0,0,0,0,0,0,0,0,0,0,0,0,0,0,0,0,0,0,0,0,0,0,0,0,0,0,0,0,0,0,0,0,0,0,0,0,0,0,0,0,0,0,0,0,0,0,0,0,0
4049,0,0,0,0,0,0,0,0,0,0,0,0,0,0,0,0,0,0,0,0,0,0,0,0,0,0,0,0,0,0,0,0,0,0,0,0,0,0,0,0,0,0,0,0,0,0,0,0,0,0,0,0,0,0
4050,0,0,0,0,0,0,0,0,0,0,0,0,0,0,0,0,0,0,0,0,0,0,0,0,0,0,0,0,0,0,0,0,0,0,0,0,0,0,0,0,0,0,0,0,0,0,0,0,0,0,0,0,0,0
4051,0,0,0,0,0,0,0,0,0,0,0,0,0,0,0,0,0,0,0,0,0,0,0,0,0,0,0,0,0,0,0,0,0,0,0,0,0,0,0,0,0,0,0,0,0,0,0,0,0,0,0,0,0,0
4052,0,0,0,0,0,0,0,0,0,0,0,0,0,0,0,0,0,0,0,0,0,0,0,0,0,0,0,0,0,0,0,0,0,0,0,0,0,0,0,0,0,0,0,0,0,0,0,0,0,0,0,0,0,0
4053,0,0,0,0,0,0,0,0,0,0,0,0,0,0,0,0,0,0,0,0,0,0,0,0,0,0,0,0,0,0,0,0,0,0,0,0,0,0,0,0,0,0,0,0,0,0,0,0,0,0,0,0,0,0
4054,0,0,0,0,0,0,0,0,0,0,0,0,0,0,0,0,0,0,0,0,0,0,0,0,0,0,0,0,0,0,0,0,0,0,0,0,0,0,0,0,0,0,0,0,0,0,0,0,0,0,0,0,0,0
4055,0,0,0,0,0,0,0,0,0,0,0,0,0,0,0,0,0,0,0,0,0,0,0,0,0,0,0,0,0,0,0,0,0,0,0,0,0,0,0,0,0,0,0,0,0,0,0,0,0,0,0,0,0,0
4056,0,0,0,0,0,0,0,0,0,0,0,0,0,0,0,0,0,0,0,0,0,0,0,0,0,0,0,0,0,0,0,0,0,0,0,0,0,0,0,0,0,0,0,0,0,0,0,0,0,0,0,0,0,0
4057,0,0,0,0,0,0,0,0,0,0,0,0,0,0,0,0,0,0,0,0,0,0,0,0,0,0,0,0,0,0,0,0,0,0,0,0,0,0,0,0,0,0,0,0,0,0,0,0,0,0,0,0,0,0
4058,0,0,0,0,0,0,0,0,0,0,0,0,0,0,0,0,0,0,0,0,0,0,0,0,0,0,0,0,0,0,0,0,0,0,0,0,0,0,0,0,0,0,0,0,0,0,0,0,0,0,0,0,0,0
4059,0,0,0,0,0,0,0,0,0,0,0,0,0,0,0,0,0,0,0,0,0,0,0,0,0,0,0,0,0,0,0,0,0,0,0,0,0,0,0,0,0,0,0,0,0,0,0,0,0,0,0,0,0,0
4060,0,0,0,0,0,0,0,0,0,0,0,0,0,0,0,0,0,0,0,0,0,0,0,0,0,0,0,0,0,0,0,0,0,0,0,0,0,0,0,0,0,0,0,0,0,0,0,0,0,0,0,0,0,0
4061,0,0,0,0,0,0,0,0,0,0,0,0,0,0,0,0,0,0,0,0,0,0,0,0,0,0,0,0,0,0,0,0,0,0,0,0,0,0,0,0,0,0,0,0,0,0,0,0,0,0,0,0,0,0
4062,0,0,0,0,0,0,0,0,0,0,0,0,0,0,0,0,0,0,0,0,0,0,0,0,0,0,0,0,0,0,0,0,0,0,0,0,0,0,0,0,0,0,0,0,0,0,0,0,0,0,0,0,0,0
4063,0,0,0,0,0,0,0,0,0,0,0,0,0,0,0,0,0,0,0,0,0,0,0,0,0,0,0,0,0,0,0,0,0,0,0,0,0,0,0,0,0,0,0,0,0,0,0,0,0,0,0,0,0,0
4064,0,0,0,0,0,0,0,0,0,0,0,0,0,0,0,0,0,0,0,0,0,0,0,0,0,0,0,0,0,0,0,0,0,0,0,0,0,0,0,0,0,0,0,0,0,0,0,0,46.1396648992496,46.1396648992496,46.1396648992496,46.1396648992496,46.1396648992496,46.1396648992496
4065,0,0,0,0,0,0,0,0,0,0,0,0,0,0,0,0,0,0,0,0,0,0,0,0,0,0,0,0,0,0,0,0,0,0,0,0,0,0,0,0,0,0,0,0,0,0,0,0,0,0,0,0,0,0
4066,0,0,0,0,0,0,0,0,0,0,0,0,0,0,0,0,0,0,0,0,0,0,0,0,0,0,0,0,0,0,0,0,0,0,0,0,0,0,0,0,0,0,0,0,0,0,0,0,0,0,0,0,0,0
4067,0,0,0,0,0,0,0,0,0,0,0,0,0,0,0,0,0,0,0,0,0,0,0,0,0,0,0,0,0,0,0,0,0,0,0,0,0,0,0,0,0,0,0,0,0,0,0,0,0,0,0,0,0,0
4068,0,0,0,0,0,0,0,0,0,0,0,0,0,0,0,0,0,0,0,0,0,0,0,0,0,0,0,0,0,0,0,0,0,0,0,0,0,0,0,0,0,0,0,0,0,0,0,0,0,0,0,0,0,0
4069,0,0,0,0,0,0,0,0,0,0,0,0,0,0,0,0,0,0,0,0,0,0,0,0,0,0,0,0,0,0,0,0,0,0,0,0,0,0,0,0,0,0,0,0,0,0,0,0,0,0,0,0,0,0
4070,0,0,0,0,0,0,0,0,0,0,0,0,0,0,0,0,0,0,0,0,0,0,0,0,0,0,0,0,0,0,0,0,0,0,0,0,0,0,0,0,0,0,0,0,0,0,0,0,0,0,0,0,0,0
4071,0,0,0,0,0,0,0,0,0,0,0,0,0,0,0,0,0,0,0,0,0,0,0,0,0,0,0,0,0,0,0,0,0,0,0,0,0,0,0,0,0,0,0,0,0,0,0,0,0,0,0,0,0,0
4072,0,0,0,0,0,0,0,0,0,0,0,0,0,0,0,0,0,0,0,0,0,0,0,0,0,0,0,0,0,0,0,0,0,0,0,0,0,0,0,0,0,0,0,0,0,0,0,0,0,0,0,0,0,0
4073,0,0,0,0,0,0,0,0,0,0,0,0,0,0,0,0,0,0,0,0,0,0,0,0,0,0,0,0,0,0,0,0,0,0,0,0,0,0,0,0,0,0,0,0,0,0,0,0,0,0,0,0,0,0
4074,0,0,0,0,0,0,0,0,0,0,0,0,0,0,0,0,0,0,0,0,0,0,0,0,0,0,0,0,0,0,0,0,0,0,0,0,0,0,0,0,0,0,0,0,0,0,0,0,0,0,0,0,0,0
4075,0,0,0,0,0,0,0,0,0,0,0,0,0,0,0,0,0,0,0,0,0,0,0,0,0,0,0,7.02846327772833,7.02846327772833,7.02846327772833,7.02846327772833,7.02846327772833,7.02846327772833,7.02846327772833,7.02846327772833,7.02846327772833,7.02846327772833,7.02846327772833,7.02846327772833,7.02846327772833,7.02846327772833,7.02846327772833,7.02846327772833,7.02846327772833,7.02846327772833,7.02846327772833,7.02846327772833,7.02846327772833,29.1817056411859,29.1817056411859,29.1817056411859,29.1817056411859,29.1817056411859,29.1817056411859
4076,0,0,0,0,0,0,0,0,0,0,0,0,0,0,0,0,0,0,0,0,0,0,0,0,0,0,0,0,0,0,0,0,0,0,0,0,0,0,0,0,0,0,0,0,0,0,0,0,0,0,0,0,0,0
4077,0,0,0,0,0,0,0,0,0,0,0,0,0,0,0,0,0,0,0,0,0,0,0,0,0,0,0,0,0,0,0,0,0,0,0,0,0,0,0,0,0,0,0,0,0,0,0,0,0,0,0,0,0,0
4078,0,0,0,0,0,0,0,0,0,0,0,0,0,0,0,0,0,0,0,0,0,0,0,0,0,0,0,0,0,0,0,0,0,0,0,0,0,0,0,0,0,0,0,0,0,0,0,0,0,0,0,0,0,0
4079,0,0,0,0,0,0,0,0,0,0,0,0,0,0,0,0,0,0,0,0,0,0,0,0,0,0,0,0,0,0,0,0,0,0,0,0,0,0,0,0,0,0,0,0,0,0,0,0,0,0,0,0,0,0
4080,0,0,0,0,0,0,0,0,0,0,0,0,0,0,0,0,0,0,0,0,0,0,0,0,0,0,0,0,0,0,0,0,0,0,0,0,0,0,0,0,0,0,0,0,0,0,0,0,0,0,0,0,0,0
4081,0,0,0,0,0,0,0,0,0,0,0,0,0,0,0,0,0,0,0,0,0,0,0,0,0,0,0,0,0,0,0,0,0,0,0,0,0,0,0,0,0,0,0,0,0,0,0,0,0,0,0,0,0,0
4082,0,0,0,0,0,0,0,0,0,0,0,0,0,0,0,0,0,0,0,0,0,0,0,0,0,0,0,0,0,0,0,0,0,0,0,0,0,0,0,0,0,0,0,0,0,0,0,0,0,0,0,0,0,0
4083,0,0,0,0,0,0,0,0,0,0,0,0,0,0,0,0,0,0,0,0,0,0,0,0,0,0,0,0,0,0,0,0,0,0,0,0,0,0,0,0,0,0,0,0,0,0,0,0,0,0,0,0,0,0
4084,0,0,0,0,0,0,0,0,0,0,0,0,0,0,0,0,0,0,0,0,0,0,0,0,0,0,0,0,0,0,0,0,0,0,0,0,0,0,0,0,0,0,0,0,0,0,0,0,0,0,0,0,0,0
4085,0,0,0,0,0,0,0,0,0,0,0,0,0,0,0,0,0,0,0,0,0,0,0,0,0,0,0,0,0,0,0,0,0,0,0,0,0,0,0,0,0,0,0,0,0,0,0,0,0,0,0,0,0,0
4086,0,0,0,0,0,0,0,0,0,0,0,0,0,0,0,0,0,0,0,0,0,0,0,0,0,0,0,0,0,0,0,0,0,0,0,0,0,0,0,0,0,0,0,0,0,0,0,0,0,0,0,0,0,0
4087,0,0,0,0,0,0,0,0,0,0,0,0,0,0,0,0,0,0,0,0,0,0,0,0,0,0,0,0,0,0,0,0,0,0,0,0,0,0,0,0,0,0,0,0,0,0,0,0,0,0,0,0,0,0
4088,0,0,0,0,0,0,0,0,0,0,0,0,0,0,0,0,0,0,0,0,0,0,0,0,0,0,0,0,0,0,0,0,0,0,0,0,0,0,0,0,0,0,0,0,0,0,0,0,0,0,0,0,0,0
4089,0,0,0,0,0,0,0,0,0,0,0,0,0,0,0,0,0,0,0,0,0,0,0,0,0,0,0,0,0,0,0,0,0,0,0,0,0,0,0,0,0,0,0,0,0,0,0,0,0,0,0,0,0,0
4090,0,0,0,0,0,0,0,0,0,0,0,0,0,0,0,0,0,0,0,0,0,0,0,0,0,0,0,0,0,0,0,0,0,0,0,0,0,0,0,0,0,0,0,0,0,0,0,0,0,0,0,0,0,0
4091,0,0,0,0,0,0,0,0,0,0,0,0,0,0,0,0,0,0,0,0,0,0,0,0,0,0,0,0,0,0,0,0,0,0,0,0,0,0,0,0,0,0,0,0,0,0,0,0,0,0,0,0,0,0
4092,0,0,0,0,0,0,0,0,0,0,0,0,0,0,0,0,0,0,0,0,0,0,0,0,0,0,0,0,0,0,0,0,0,0,0,0,0,0,0,0,0,0,0,0,0,0,0,0,0,0,0,0,0,0
4093,0,0,0,0,0,0,0,0,0,0,0,0,0,0,0,0,0,0,0,0,0,0,0,0,0,0,0,0,0,0,0,0,0,0,0,0,0,0,0,0,0,0,0,0,0,0,0,0,0,0,0,0,0,0
4094,0,0,0,0,0,0,0,0,0,0,0,0,0,0,0,0,0,0,0,0,0,0,0,0,0,0,0,0,0,0,0,0,0,0,0,0,0,0,0,0,0,0,0,0,0,0,0,0,0,0,0,0,0,0
4095,0,0,0,0,0,0,0,0,0,0,0,0,0,0,0,0,0,0,0,0,0,0,0,0,0,0,0,0,0,0,0,0,0,0,0,0,0,0,0,0,0,0,0,0,0,0,0,0,0,0,0,0,0,0
4096,0,0,0,0,0,0,0,0,0,0,0,0,0,0,0,0,0,0,0,0,0,0,0,0,0,0,0,0,0,0,0,0,0,0,0,0,0,0,0,0,0,0,0,0,0,0,0,0,0,0,0,0,0,0
4097,0,0,0,0,0,0,0,0,0,0,0,0,0,0,0,0,0,0,0,0,0,0,0,0,0,0,0,0,0,0,0,41.6793015312077,125.037904593618,125.037904593618,125.037904593618,125.037904593618,125.037904593618,125.037904593618,125.037904593618,125.037904593618,125.037904593618,125.037904593618,125.037904593618,125.037904593618,125.037904593618,125.037904593618,166.717206124821,166.717206124821,166.717206124821,166.717206124821,166.717206124821,166.717206124821,166.717206124821,166.717206124821
4098,0,0,0,0,0,0,23.1641349872924,23.1641349872924,23.1641349872924,23.1641349872924,23.1641349872924,23.1641349872924,23.1641349872924,46.3282699745848,46.3282699745848,46.3282699745848,46.3282699745848,46.3282699745848,46.3282699745848,46.3282699745848,46.3282699745848,46.3282699745848,69.4924049618774,69.4924049618774,69.4924049618774,69.4924049618774,69.4924049618774,69.4924049618774,69.4924049618774,69.4924049618774,69.4924049618774,69.4924049618774,94.5097821536107,94.5097821536107,94.5097821536107,94.5097821536107,94.5097821536107,94.5097821536107,94.5097821536107,94.5097821536107,94.5097821536107,94.5097821536107,119.527159345344,119.527159345344,119.527159345344,119.527159345344,119.527159345344,119.527159345344,119.527159345344,119.527159345344,119.527159345344,119.527159345344,119.527159345344,119.527159345344
4099,0,0,0,0,0,0,0,0,0,0,0,0,0,0,0,0,0,0,0,0,0,0,0,0,0,0,0,0,0,0,0,0,0,0,0,0,0,0,0,0,0,0,0,0,0,0,0,0,0,0,0,0,0,0
4100,0,0,0,0,0,0,0,0,0,0,0,0,0,0,0,0,0,0,0,0,0,0,0,0,0,0,0,0,0,0,0,0,20.9805841930724,20.9805841930724,20.9805841930724,20.9805841930724,20.9805841930724,20.9805841930724,20.9805841930724,20.9805841930724,20.9805841930724,20.9805841930724,20.9805841930724,20.9805841930724,20.9805841930724,20.9805841930724,20.9805841930724,20.9805841930724,20.9805841930724,20.9805841930724,20.9805841930724,20.9805841930724,20.9805841930724,20.9805841930724
4101,0,0,0,0,0,0,0,0,0,0,0,0,0,0,0,0,0,0,0,0,0,0,0,0,0,0,0,0,0,0,0,0,0,0,0,0,0,0,0,0,0,0,0,0,0,0,0,0,0,0,0,0,0,0
4102,0,0,0,0,0,0,0,0,0,0,0,0,0,0,0,0,0,0,0,0,0,0,0,0,0,0,0,0,0,0,0,0,0,0,0,0,0,0,0,0,0,0,0,0,0,0,0,0,0,0,0,0,0,0
4103,0,0,0,0,0,0,0,0,0,0,0,0,0,0,0,0,0,0,0,0,0,0,0,0,0,0,0,0,0,0,0,20.1599235261627,20.1599235261627,20.1599235261627,20.1599235261627,20.1599235261627,20.1599235261627,20.1599235261627,20.1599235261627,20.1599235261627,20.1599235261627,20.1599235261627,20.1599235261627,20.1599235261627,20.1599235261627,20.1599235261627,20.1599235261627,20.1599235261627,20.1599235261627,20.1599235261627,20.1599235261627,20.1599235261627,20.1599235261627,20.1599235261627
4104,0,0,0,0,0,0,0,0,0,0,0,0,0,0,0,0,0,0,0,0,0,0,0,0,0,0,0,0,0,0,0,0,17.2726599828554,17.2726599828554,17.2726599828554,17.2726599828554,17.2726599828554,17.2726599828554,17.2726599828554,17.2726599828554,17.2726599828554,17.2726599828554,34.5453199657122,34.5453199657122,34.5453199657122,34.5453199657122,34.5453199657122,34.5453199657122,34.5453199657122,34.5453199657122,34.5453199657122,34.5453199657122,34.5453199657122,34.5453199657122
4105,0,0,0,0,0,0,0,0,0,0,0,0,0,0,0,0,0,0,0,0,0,0,0,0,0,0,0,0,0,0,0,0,0,0,0,0,0,0,0,0,0,0,0,0,0,0,0,0,0,0,0,0,0,0
4106,0,0,0,0,0,0,0,0,0,0,0,0,0,0,0,0,0,0,0,0,0,0,0,0,0,0,0,0,0,0,0,0,0,0,0,0,0,0,0,0,0,0,0,0,0,0,0,0,0,0,0,0,0,0
4107,0,0,0,0,0,0,0,0,0,0,0,0,0,0,0,0,0,0,0,0,0,0,0,0,0,0,0,0,0,0,0,0,0,0,0,0,0,0,0,0,0,0,0,0,0,0,0,0,0,0,0,0,0,0
4108,0,0,0,0,0,0,0,0,0,0,0,0,0,0,0,0,0,0,0,0,0,0,0,0,0,0,0,0,0,0,0,32.1302269262178,107.962956419766,107.962956419766,107.962956419766,107.962956419766,107.962956419766,107.962956419766,107.962956419766,107.962956419766,107.962956419766,107.962956419766,107.962956419766,107.962956419766,107.962956419766,107.962956419766,145.879321166541,145.879321166541,145.879321166541,145.879321166541,145.879321166541,145.879321166541,145.879321166541,145.879321166541
4109,0,0,0,0,0,0,0,0,0,0,0,0,0,0,0,0,0,0,0,0,0,0,0,0,0,0,0,0,0,0,0,42.829377520852,128.488132562559,128.488132562559,128.488132562559,128.488132562559,128.488132562559,128.488132562559,128.488132562559,128.488132562559,128.488132562559,128.488132562559,128.488132562559,128.488132562559,128.488132562559,128.488132562559,171.317510083411,171.317510083411,171.317510083411,171.317510083411,171.317510083411,171.317510083411,171.317510083411,171.317510083411
4110,0,0,0,0,0,0,0,0,0,0,0,0,0,0,0,0,0,0,0,0,0,0,46.4341219378804,46.4341219378804,46.4341219378804,46.4341219378804,46.4341219378804,46.4341219378804,46.4341219378804,46.4341219378804,46.4341219378804,46.4341219378804,82.1956707104647,82.1956707104647,82.1956707104647,82.1956707104647,82.1956707104647,82.1956707104647,82.1956707104647,82.1956707104647,82.1956707104647,82.1956707104647,82.1956707104647,82.1956707104647,82.1956707104647,82.1956707104647,82.1956707104647,82.1956707104647,82.1956707104647,82.1956707104647,82.1956707104647,82.1956707104647,82.1956707104647,82.1956707104647
4111,0,0,0,0,0,0,0,0,0,0,0,0,0,0,0,0,0,0,0,0,0,0,0,0,0,0,0,0,0,0,0,0,17.8026987428902,17.8026987428902,17.8026987428902,17.8026987428902,17.8026987428902,17.8026987428902,17.8026987428902,17.8026987428902,17.8026987428902,17.8026987428902,17.8026987428902,17.8026987428902,17.8026987428902,17.8026987428902,17.8026987428902,17.8026987428902,17.8026987428902,17.8026987428902,17.8026987428902,17.8026987428902,17.8026987428902,17.8026987428902
4112,0,0,0,0,0,0,0,0,0,0,0,0,0,0,0,0,0,0,0,0,0,0,0,0,0,0,0,0,0,0,0,0,0,0,0,0,0,0,0,0,0,0,0,0,0,0,0,0,0,0,0,0,0,0
4113,0,0,0,0,0,0,0,0,0,0,0,0,0,0,0,0,0,0,0,0,0,0,0,0,0,0,0,0,0,0,0,0,0,0,0,0,0,0,0,0,0,0,0,0,0,0,0,0,0,0,0,0,0,0
4114,0,0,0,0,0,0,0,0,0,0,0,0,0,0,0,0,0,0,0,0,0,0,0,0,0,0,0,0,0,0,0,0,0,0,0,0,0,0,0,0,0,0,0,0,0,0,0,0,0,0,0,0,0,0
4115,0,0,0,0,0,0,0,0,0,0,0,0,0,0,0,0,0,0,0,0,0,0,0,0,0,0,0,0,0,0,0,0,0,0,0,0,0,0,0,0,0,0,0,0,0,0,0,0,0,0,0,0,0,0
4116,0,0,0,0,0,0,0,0,0,0,0,0,0,0,0,0,0,0,0,0,0,0,0,0,0,0,0,0,0,0,0,0,0,0,0,0,0,0,0,0,0,0,0,0,0,0,0,0,0,0,0,0,0,0
4117,0,0,0,0,0,0,0,0,0,0,0,0,0,0,0,0,0,0,0,0,0,0,0,0,0,0,0,0,0,0,0,0,0,0,0,0,0,0,0,0,0,0,0,0,0,0,0,0,0,0,0,0,0,0
4118,0,0,0,0,0,0,0,0,0,0,0,0,0,0,0,0,0,0,0,0,0,0,0,0,0,0,0,0,0,0,0,0,0,0,0,0,0,0,0,0,0,0,0,0,0,0,0,0,0,0,0,0,0,0
4119,0,0,0,0,0,0,0,0,0,0,0,0,0,0,0,0,0,0,0,0,0,0,0,0,0,0,0,0,0,0,0,0,0,0,0,0,0,0,0,0,0,0,0,0,0,0,0,0,0,0,0,0,0,0
4120,0,0,0,0,0,0,36.4881746690136,36.4881746690136,36.4881746690136,36.4881746690136,36.4881746690136,36.4881746690136,36.4881746690136,72.9763493380272,72.9763493380272,72.9763493380272,72.9763493380272,72.9763493380272,72.9763493380272,72.9763493380272,72.9763493380272,72.9763493380272,109.464524007038,109.464524007038,109.464524007038,109.464524007038,109.464524007038,109.464524007038,109.464524007038,109.464524007038,109.464524007038,109.464524007038,109.464524007038,109.464524007038,109.464524007038,109.464524007038,109.464524007038,109.464524007038,109.464524007038,109.464524007038,109.464524007038,109.464524007038,109.464524007038,109.464524007038,109.464524007038,109.464524007038,109.464524007038,109.464524007038,109.464524007038,109.464524007038,109.464524007038,109.464524007038,109.464524007038,109.464524007038
4121,0,0,0,0,0,0,0,0,0,0,0,0,0,0,0,0,0,0,0,0,0,0,0,0,0,0,0,0,0,0,0,0,0,0,0,0,0,0,0,0,0,0,0,0,0,0,0,0,0,0,0,0,0,0
4122,0,0,0,0,0,0,0,0,0,0,0,0,0,0,0,0,0,0,0,0,0,0,0,0,0,0,0,0,0,0,0,0,0,0,0,0,0,0,0,0,0,0,0,0,0,0,0,0,0,0,0,0,0,0
4123,0,0,0,0,0,0,32.5121724272646,32.5121724272646,32.5121724272646,32.5121724272646,32.5121724272646,32.5121724272646,32.5121724272646,65.0243448545292,65.0243448545292,65.0243448545292,65.0243448545292,65.0243448545292,65.0243448545292,65.0243448545292,65.0243448545292,65.0243448545292,97.5365172817943,97.5365172817943,97.5365172817943,97.5365172817943,97.5365172817943,97.5365172817943,97.5365172817943,97.5365172817943,97.5365172817943,97.5365172817943,109.43530005356,109.43530005356,109.43530005356,109.43530005356,109.43530005356,109.43530005356,109.43530005356,109.43530005356,109.43530005356,109.43530005356,121.334082825326,121.334082825326,121.334082825326,121.334082825326,121.334082825326,121.334082825326,121.334082825326,121.334082825326,121.334082825326,121.334082825326,121.334082825326,121.334082825326
4124,0,0,0,0,0,0,0,0,0,0,0,0,0,0,0,0,0,0,0,0,0,0,0,0,0,0,0,0,0,0,0,0,0,0,0,0,0,0,0,0,0,0,0,0,0,0,0,0,0,0,0,0,0,0
4125,0,0,0,0,0,0,0,0,0,0,0,0,0,0,0,0,0,0,0,0,0,0,0,0,0,0,0,0,0,0,0,0,0,0,0,0,0,0,0,0,0,0,0,0,0,0,0,0,0,0,0,0,0,0
4126,0,0,0,0,0,0,0,0,0,0,0,0,0,0,0,0,0,0,0,0,0,0,0,0,0,0,0,0,0,0,0,0,37.6450783113824,37.6450783113824,37.6450783113824,37.6450783113824,37.6450783113824,37.6450783113824,37.6450783113824,37.6450783113824,37.6450783113824,37.6450783113824,37.6450783113824,37.6450783113824,37.6450783113824,37.6450783113824,37.6450783113824,37.6450783113824,37.6450783113824,37.6450783113824,37.6450783113824,37.6450783113824,37.6450783113824,37.6450783113824
4127,0,0,0,0,0,0,0,0,0,0,0,0,0,0,0,0,0,0,0,0,0,0,0,0,0,0,0,0,0,0,0,0,0,0,0,0,0,0,0,0,0,0,0,0,0,0,0,0,0,0,0,0,0,0
4128,0,0,0,0,0,0,0,0,0,0,0,0,0,0,0,0,0,0,0,0,0,0,0,0,0,0,0,0,0,0,0,0,0,0,0,0,0,0,0,0,0,0,0,0,0,0,0,0,0,0,0,0,0,0
4129,0,0,0,0,0,0,0,0,0,0,0,0,0,0,0,0,0,0,0,0,0,0,0,0,0,0,0,0,0,0,0,0,0,0,0,0,0,0,0,0,0,0,0,0,0,0,0,0,0,0,0,0,0,0
4130,0,0,0,0,0,0,0,0,0,0,0,0,0,0,0,0,0,0,0,0,0,0,31.4732679873347,31.4732679873347,31.4732679873347,31.4732679873347,31.4732679873347,31.4732679873347,31.4732679873347,31.4732679873347,31.4732679873347,31.4732679873347,62.9465359746736,62.9465359746736,62.9465359746736,62.9465359746736,62.9465359746736,62.9465359746736,62.9465359746736,62.9465359746736,62.9465359746736,62.9465359746736,62.9465359746736,62.9465359746736,62.9465359746736,62.9465359746736,62.9465359746736,62.9465359746736,62.9465359746736,62.9465359746736,62.9465359746736,62.9465359746736,62.9465359746736,62.9465359746736
4131,0,0,0,0,0,0,0,0,0,0,0,0,0,0,0,0,0,0,0,0,0,0,0,0,0,0,0,0,0,0,0,0,0,0,0,0,0,0,0,0,0,0,0,0,0,0,0,0,0,0,0,0,0,0
4132,0,0,0,0,0,0,0,0,0,0,0,0,0,0,0,0,0,0,0,0,0,0,0,0,0,0,0,0,0,0,0,0,0,0,0,0,0,0,0,0,0,0,0,0,0,0,0,0,0,0,0,0,0,0
4133,0,0,0,0,0,0,0,0,0,0,0,0,0,0,0,0,0,0,0,0,0,0,0,0,0,0,0,0,0,0,0,0,0,0,0,0,0,0,0,0,0,0,0,0,0,0,0,0,0,0,0,0,0,0
4134,0,0,0,0,0,0,0,0,0,0,0,0,0,0,0,0,0,0,0,0,0,0,0,0,0,0,0,0,0,0,0,0,0,0,0,0,0,0,0,0,0,0,0,0,0,0,0,0,0,0,0,0,0,0
4135,0,0,0,0,0,0,0,0,0,0,0,0,0,0,0,0,0,0,0,0,0,0,0,0,0,0,0,0,0,0,0,0,0,0,0,0,0,0,0,0,0,0,0,0,0,0,0,0,0,0,0,0,0,0
4136,0,0,0,0,0,0,0,0,0,0,0,0,0,0,0,0,0,0,0,0,0,0,0,0,0,0,0,0,0,0,0,0,0,0,0,0,0,0,0,0,0,0,0,0,0,0,0,0,0,0,0,0,0,0
4137,0,0,0,0,0,0,0,0,0,0,0,0,0,0,0,0,0,0,0,0,0,0,0,0,0,0,0,0,0,0,0,0,50.2379433942932,50.2379433942932,50.2379433942932,50.2379433942932,50.2379433942932,50.2379433942932,50.2379433942932,50.2379433942932,50.2379433942932,50.2379433942932,100.47588678858,100.47588678858,100.47588678858,100.47588678858,100.47588678858,100.47588678858,100.47588678858,100.47588678858,100.47588678858,100.47588678858,100.47588678858,100.47588678858
4138,0,0,0,0,0,0,0,0,0,0,0,0,0,0,0,0,0,0,0,0,0,0,0,0,0,0,0,0,0,0,0,32.0411011266114,32.0411011266114,32.0411011266114,32.0411011266114,32.0411011266114,32.0411011266114,32.0411011266114,32.0411011266114,32.0411011266114,32.0411011266114,32.0411011266114,32.0411011266114,32.0411011266114,32.0411011266114,32.0411011266114,32.0411011266114,32.0411011266114,32.0411011266114,32.0411011266114,32.0411011266114,32.0411011266114,32.0411011266114,32.0411011266114
4139,0,0,0,0,0,0,0,0,0,0,0,0,0,0,0,0,0,0,0,0,0,0,0,0,0,0,0,0,0,0,0,0,0,0,0,0,0,0,0,0,0,0,0,0,0,0,0,0,0,0,0,0,0,0
4140,0,0,0,0,0,0,0,0,0,0,0,0,0,0,0,0,0,0,0,0,0,0,0,0,0,0,0,0,0,0,0,43.4438866812077,130.331660043618,130.331660043618,130.331660043618,130.331660043618,130.331660043618,130.331660043618,130.331660043618,130.331660043618,130.331660043618,130.331660043618,130.331660043618,130.331660043618,130.331660043618,130.331660043618,173.775546724819,173.775546724819,173.775546724819,173.775546724819,173.775546724819,173.775546724819,173.775546724819,173.775546724819
4141,0,0,0,0,0,0,0,0,0,0,0,0,0,0,0,0,0,0,0,0,0,0,0,0,0,0,0,0,0,0,0,0,0,0,0,0,0,0,0,0,0,0,0,0,0,0,0,0,0,0,0,0,0,0
4142,0,0,0,0,0,0,0,0,0,0,0,0,0,0,0,0,0,0,0,0,0,0,12.7928345050527,12.7928345050527,12.7928345050527,12.7928345050527,12.7928345050527,12.7928345050527,12.7928345050527,12.7928345050527,12.7928345050527,12.7928345050527,21.4145682862364,21.4145682862364,21.4145682862364,21.4145682862364,21.4145682862364,21.4145682862364,21.4145682862364,21.4145682862364,21.4145682862364,21.4145682862364,21.4145682862364,21.4145682862364,21.4145682862364,21.4145682862364,21.4145682862364,21.4145682862364,21.4145682862364,21.4145682862364,21.9223695081501,21.9223695081501,21.9223695081501,21.9223695081501
4143,0,0,0,0,0,0,0,0,0,0,0,0,0,0,0,0,0,0,0,0,0,0,0,0,0,0,0,0,0,0,0,0,24.5637139079144,24.5637139079144,24.5637139079144,24.5637139079144,24.5637139079144,24.5637139079144,24.5637139079144,24.5637139079144,24.5637139079144,24.5637139079144,24.5637139079144,24.5637139079144,24.5637139079144,24.5637139079144,24.5637139079144,24.5637139079144,24.5637139079144,24.5637139079144,24.5637139079144,24.5637139079144,24.5637139079144,24.5637139079144
4144,0,0,0,0,0,0,0,0,0,0,0,0,0,0,0,0,0,0,0,0,0,0,0,0,0,0,0,0,0,0,0,0,0,0,0,0,0,0,0,0,0,0,0,0,0,0,0,0,0,0,0,0,0,0
4145,0,0,0,0,0,0,0,0,0,0,0,0,0,0,0,0,0,0,0,0,0,0,0,0,0,0,0,0,0,0,0,0,0,0,0,0,0,0,0,0,0,0,0,0,0,0,0,0,0,0,0,0,0,0
4146,0,0,0,0,0,0,0,0,0,0,0,0,0,0,0,0,0,0,0,0,0,0,0,0,0,0,0,0,0,0,0,2.29690462515982,2.29690462515982,2.29690462515982,2.29690462515982,2.29690462515982,2.29690462515982,2.29690462515982,2.29690462515982,2.29690462515982,2.29690462515982,2.29690462515982,2.29690462515982,2.29690462515982,2.29690462515982,2.29690462515982,2.29690462515982,2.29690462515982,2.29690462515982,2.29690462515982,2.29690462515982,2.29690462515982,2.29690462515982,2.29690462515982
4147,0,0,0,0,0,0,0,0,0,0,0,0,0,0,0,0,0,0,0,0,0,0,0,0,0,0,0,0,0,0,0,0,0,0,0,0,0,0,0,0,0,0,0,0,0,0,0,0,0,0,0,0,0,0
4148,0,0,0,0,0,0,9.30486068059079,9.30486068059079,9.30486068059079,9.30486068059079,9.30486068059079,9.30486068059079,9.30486068059079,18.4800090061775,18.4800090061775,18.4800090061775,18.4800090061775,18.4800090061775,18.4800090061775,18.4800090061775,18.4800090061775,18.4800090061775,32.5737521241881,32.5737521241881,32.5737521241881,32.5737521241881,32.5737521241881,32.5737521241881,32.5737521241881,32.5737521241881,32.5737521241881,32.5737521241881,46.6674952421978,46.6674952421978,46.6674952421978,46.6674952421978,46.6674952421978,46.6674952421978,46.6674952421978,46.6674952421978,46.6674952421978,46.6674952421978,55.1831345318231,55.1831345318231,55.1831345318231,55.1831345318231,55.1831345318231,55.1831345318231,55.1831345318231,55.1831345318231,55.1831345318231,55.1831345318231,55.1831345318231,55.1831345318231
4149,0,0,0,0,0,0,0,0,0,0,0,0,0,0,0,0,0,0,0,0,0,0,0,0,0,0,0,0,0,0,0,50.7326681691817,214.413732304251,214.413732304251,214.413732304251,214.413732304251,214.413732304251,214.413732304251,214.413732304251,214.413732304251,214.413732304251,214.413732304251,261.194261511575,261.194261511575,261.194261511575,261.194261511575,311.926929680743,311.926929680743,311.926929680743,311.926929680743,311.926929680743,311.926929680743,311.926929680743,311.926929680743
4150,0,0,0,0,0,0,0,0,0,0,0,0,0,0,0,0,0,0,0,0,0,0,0,0,0,0,0,0,0,0,0,0,0,0,0,0,0,0,0,0,0,0,0,0,0,0,0,0,0,0,0,0,0,0
4151,0,0,0,0,0,0,0,0,0,0,0,0,0,0,0,0,0,0,0,0,0,0,0,0,0,0,0,0,0,0,0,0,0,0,0,0,0,0,0,0,0,0,0,0,0,0,0,0,0,0,0,0,0,0
4152,0,0,0,0,0,0,0,0,0,0,0,0,0,0,0,0,0,0,0,0,0,0,0,0,0,0,0,0,0,0,0,0,0,0,0,0,0,0,0,0,0,0,0,0,0,0,0,0,0,0,0,0,0,0
4153,0,0,0,0,0,0,0,0,0,0,0,0,0,0,0,0,0,0,0,0,0,0,0,0,0,0,0,0,0,0,0,0,0,0,0,0,0,0,0,0,0,0,0,0,0,0,0,0,0,0,0,0,0,0
4154,0,0,0,0,0,0,0,0,0,0,0,0,0,0,0,0,0,0,0,0,0,0,0,0,0,0,0,0,0,0,0,0,0,0,0,0,0,0,0,0,0,0,0,0,0,0,0,0,0,0,0,0,0,0
4155,0,0,0,0,0,0,0,0,0,0,0,0,0,0,0,0,0,0,0,0,0,0,114.093483729622,114.093483729622,114.093483729622,114.093483729622,114.093483729622,114.093483729622,114.093483729622,114.093483729622,114.093483729622,114.093483729622,228.186967459234,228.186967459234,228.186967459234,228.186967459234,228.186967459234,228.186967459234,228.186967459234,228.186967459234,228.186967459234,228.186967459234,228.186967459234,228.186967459234,228.186967459234,228.186967459234,228.186967459234,228.186967459234,228.186967459234,228.186967459234,228.186967459234,228.186967459234,228.186967459234,228.186967459234
4156,0,0,0,0,0,0,0,0,0,0,0,0,0,0,0,0,0,0,0,0,0,0,0,0,0,0,0,0,0,0,0,62.0548643125218,186.16459293757,186.16459293757,186.16459293757,186.16459293757,186.16459293757,186.16459293757,186.16459293757,186.16459293757,186.16459293757,186.16459293757,186.16459293757,186.16459293757,186.16459293757,186.16459293757,248.219457250097,248.219457250097,248.219457250097,248.219457250097,248.219457250097,248.219457250097,248.219457250097,248.219457250097
4157,0,0,0,0,0,0,0,0,0,0,0,0,0,0,0,0,0,0,0,0,0,0,0,0,0,0,0,0,0,0,0,0,0,0,0,0,0,0,0,0,0,0,0,0,0,0,0,0,0,0,0,0,0,0
4158,0,0,0,0,0,0,0,0,0,0,0,0,0,0,0,0,0,0,0,0,0,0,32.2501840510035,32.2501840510035,32.2501840510035,32.2501840510035,32.2501840510035,32.2501840510035,32.2501840510035,32.2501840510035,32.2501840510035,32.2501840510035,64.500368102009,64.500368102009,64.500368102009,64.500368102009,64.500368102009,64.500368102009,64.500368102009,64.500368102009,64.500368102009,64.500368102009,64.500368102009,64.500368102009,64.500368102009,64.500368102009,64.500368102009,64.500368102009,64.500368102009,64.500368102009,64.500368102009,64.500368102009,64.500368102009,64.500368102009
4159,0,0,0,0,0,0,0,0,0,0,0,0,0,0,0,0,0,0,0,0,0,0,0,0,0,0,0,0,0,0,0,0,0,0,0,0,0,0,0,0,0,0,0,0,0,0,0,0,0,0,0,0,0,0
4160,0,0,0,0,0,0,0,0,0,0,0,0,0,0,0,0,0,0,0,0,0,0,0,0,0,0,0,0,0,0,0,6.33887742683291,19.0166322804981,19.0166322804981,19.0166322804981,19.0166322804981,19.0166322804981,19.0166322804981,19.0166322804981,19.0166322804981,19.0166322804981,19.0166322804981,19.0166322804981,19.0166322804981,19.0166322804981,19.0166322804981,25.3555097073309,25.3555097073309,25.3555097073309,25.3555097073309,25.3555097073309,25.3555097073309,25.3555097073309,25.3555097073309
4161,0,0,0,0,0,0,0,0,0,0,0,0,0,0,0,0,0,0,0,0,0,0,0,0,0,0,0,0,0,0,0,34.6537866602873,34.6537866602873,34.6537866602873,34.6537866602873,34.6537866602873,34.6537866602873,34.6537866602873,34.6537866602873,34.6537866602873,34.6537866602873,34.6537866602873,34.6537866602873,34.6537866602873,34.6537866602873,34.6537866602873,34.6537866602873,34.6537866602873,34.6537866602873,34.6537866602873,34.6537866602873,34.6537866602873,34.6537866602873,34.6537866602873
4162,0,0,0,0,0,0,0,0,0,0,0,0,0,0,0,0,0,0,0,0,0,0,0,0,0,0,0,0,0,0,0,0,0,0,0,0,0,0,0,0,0,0,0,0,0,0,0,0,0,0,0,0,0,0
4163,0,0,0,0,0,0,0,0,0,0,0,0,0,0,0,0,0,0,0,0,0,0,0,0,0,0,0,0,0,0,0,0,24.5570248417389,24.5570248417389,24.5570248417389,24.5570248417389,24.5570248417389,24.5570248417389,24.5570248417389,24.5570248417389,24.5570248417389,24.5570248417389,24.5570248417389,24.5570248417389,24.5570248417389,24.5570248417389,24.5570248417389,24.5570248417389,24.5570248417389,24.5570248417389,24.5570248417389,24.5570248417389,24.5570248417389,24.5570248417389
4164,0,0,0,0,0,0,0,0,0,0,0,0,0,0,0,0,0,0,0,0,0,0,0,0,0,0,0,0,0,0,0,0,0,0,0,0,0,0,0,0,0,0,0,0,0,0,0,0,0,0,0,0,0,0
4165,0,0,0,0,0,0,0,0,0,0,0,0,0,0,0,0,0,0,0,0,0,0,9.59404118247102,9.59404118247102,9.59404118247102,9.59404118247102,9.59404118247102,9.59404118247102,9.59404118247102,9.59404118247102,9.59404118247102,9.59404118247102,19.188082364938,19.188082364938,19.188082364938,19.188082364938,19.188082364938,19.188082364938,19.188082364938,19.188082364938,19.188082364938,19.188082364938,19.188082364938,19.188082364938,19.188082364938,19.188082364938,19.188082364938,19.188082364938,19.188082364938,19.188082364938,19.188082364938,19.188082364938,19.188082364938,19.188082364938
4166,0,0,0,0,0,0,0,0,0,0,0,0,0,0,0,0,0,0,0,0,0,0,0,0,0,0,0,0,0,0,0,0,0,0,0,0,0,0,0,0,0,0,0,0,0,0,0,0,0,0,0,0,0,0
4167,0,0,0,0,0,0,0,0,0,0,0,0,0,0,0,0,0,0,0,0,0,0,0,0,0,0,0,0,0,0,0,8.46799230672201,8.46799230672201,8.46799230672201,8.46799230672201,8.46799230672201,8.46799230672201,8.46799230672201,8.46799230672201,8.46799230672201,8.46799230672201,8.46799230672201,8.46799230672201,8.46799230672201,8.46799230672201,8.46799230672201,8.46799230672201,8.46799230672201,8.46799230672201,8.46799230672201,8.46799230672201,8.46799230672201,8.46799230672201,8.46799230672201
4168,0,0,0,0,0,0,0,0,0,0,0,0,0,0,0,0,0,0,0,0,0,0,0,0,0,0,0,0,0,0,0,0,0,0,0,0,0,0,0,0,0,0,0,0,0,0,0,0,0,0,0,0,0,0
4169,0,0,0,0,0,0,0,0,0,0,0,0,0,0,0,0,0,0,0,0,0,0,0,0,0,0,0,0,0,0,0,28.6136350605289,85.8409051815923,85.8409051815923,85.8409051815923,85.8409051815923,85.8409051815923,85.8409051815923,85.8409051815923,85.8409051815923,85.8409051815923,85.8409051815923,85.8409051815923,85.8409051815923,85.8409051815923,85.8409051815923,114.454540242121,114.454540242121,114.454540242121,114.454540242121,114.454540242121,114.454540242121,114.454540242121,114.454540242121
4170,0,0,0,0,0,0,0,0,0,0,0,0,0,0,0,0,0,0,0,0,0,0,0,0,0,0,0,0,0,0,0,0,0,0,0,0,0,0,0,0,0,0,0,0,0,0,0,0,0,0,0,0,0,0
4171,0,0,0,0,0,0,0,0,0,0,0,0,0,0,0,0,0,0,0,0,0,0,0,0,0,0,0,0,0,0,0,0,0,0,0,0,0,0,0,0,0,0,0,0,0,0,0,0,0,0,0,0,0,0
4172,0,0,0,0,0,0,0,0,0,0,0,0,0,0,0,0,0,0,0,0,0,0,0,0,0,0,0,0,0,0,0,0,0,0,0,0,0,0,0,0,0,0,0,0,0,0,0,0,0,0,0,0,0,0
4173,0,0,0,0,0,0,0,0,0,0,0,0,0,0,0,0,0,0,0,0,0,0,0,0,0,0,0,0,0,0,0,0,0,0,0,0,0,0,0,0,0,0,0,0,0,0,0,0,0,0,0,0,0,0
4174,0,0,0,0,0,0,0,0,0,0,0,0,0,0,0,0,0,0,0,0,0,0,0,0,0,0,0,0,0,0,0,44.1466019744094,44.1466019744094,44.1466019744094,44.1466019744094,44.1466019744094,44.1466019744094,44.1466019744094,44.1466019744094,44.1466019744094,44.1466019744094,44.1466019744094,44.1466019744094,44.1466019744094,44.1466019744094,44.1466019744094,44.1466019744094,44.1466019744094,44.1466019744094,44.1466019744094,44.1466019744094,44.1466019744094,44.1466019744094,44.1466019744094
4175,0,0,0,0,0,0,0,0,0,0,0,0,0,0,0,0,0,0,0,0,0,0,0,0,0,0,0,0,0,0,0,28.2819022517836,28.2819022517836,28.2819022517836,28.2819022517836,28.2819022517836,28.2819022517836,28.2819022517836,28.2819022517836,28.2819022517836,28.2819022517836,28.2819022517836,28.2819022517836,28.2819022517836,28.2819022517836,28.2819022517836,28.2819022517836,28.2819022517836,28.2819022517836,28.2819022517836,28.2819022517836,28.2819022517836,28.2819022517836,28.2819022517836
4176,0,0,0,0,0,0,0,0,0,0,0,0,0,0,0,0,0,0,0,0,0,0,0,0,0,0,0,0,0,0,0,28.3658411415278,117.131888183328,117.131888183328,117.131888183328,117.131888183328,117.131888183328,117.131888183328,117.131888183328,117.131888183328,117.131888183328,117.131888183328,117.131888183328,117.131888183328,117.131888183328,117.131888183328,161.514911704226,161.514911704226,161.514911704226,161.514911704226,161.514911704226,161.514911704226,161.514911704226,161.514911704226
4177,0,0,0,0,0,0,0,0,0,0,0,0,0,0,0,0,0,0,0,0,0,0,0,0,0,0,0,0,0,0,0,0,0,0,0,0,0,0,0,0,0,0,0,0,0,0,0,0,0,0,0,0,0,0
4178,0,0,0,0,0,0,0,0,0,0,0,0,0,0,0,0,0,0,0,0,0,0,0,0,0,0,0,0,0,0,0,0,0,0,0,0,0,0,0,0,0,0,0,0,0,0,0,0,0,0,0,0,0,0
4179,0,0,0,0,0,0,0,0,0,0,0,0,0,0,0,0,0,0,0,0,0,0,0,0,0,0,0,0,0,0,0,0,0,0,0,0,0,0,0,0,0,0,0,0,0,0,0,0,0,0,0,0,0,0
4180,0,0,0,0,0,0,0,0,0,0,0,0,0,0,0,0,0,0,0,0,0,0,0,0,0,0,0,0,0,0,0,0,0,0,0,0,0,0,0,0,0,0,0,0,0,0,0,0,0,0,0,0,0,0
4181,0,0,0,0,0,0,0,0,0,0,0,0,0,0,0,0,0,0,0,0,0,0,0,0,0,0,0,0,0,0,0,1.8398488131728,1.8398488131728,1.8398488131728,1.8398488131728,1.8398488131728,1.8398488131728,1.8398488131728,1.8398488131728,1.8398488131728,1.8398488131728,1.8398488131728,1.8398488131728,1.8398488131728,1.8398488131728,1.8398488131728,1.8398488131728,1.8398488131728,1.8398488131728,1.8398488131728,1.8398488131728,1.8398488131728,1.8398488131728,1.8398488131728
4182,0,0,0,0,0,0,0,0,0,0,0,0,0,0,0,0,0,0,0,0,0,0,0,0,0,0,0,0,0,0,0,27.2688232978752,27.2688232978752,27.2688232978752,27.2688232978752,27.2688232978752,27.2688232978752,27.2688232978752,27.2688232978752,27.2688232978752,27.2688232978752,27.2688232978752,27.2688232978752,27.2688232978752,27.2688232978752,27.2688232978752,27.2688232978752,27.2688232978752,27.2688232978752,27.2688232978752,27.2688232978752,27.2688232978752,27.2688232978752,27.2688232978752
4183,0,0,0,0,0,0,0,0,0,0,0,0,0,0,0,0,0,0,0,0,0,0,0,0,0,0,0,0,0,0,0,0,0,0,0,0,0,0,0,0,0,0,0,0,0,0,0,0,0,0,0,0,0,0
4184,0,0,0,0,0,0,0,0,0,0,0,0,0,0,0,0,0,0,0,0,0,0,0,0,0,0,0,0,0,0,0,15.4212334735159,46.2637004205459,46.2637004205459,46.2637004205459,46.2637004205459,46.2637004205459,46.2637004205459,46.2637004205459,46.2637004205459,46.2637004205459,46.2637004205459,46.2637004205459,46.2637004205459,46.2637004205459,46.2637004205459,61.684933894063,61.684933894063,61.684933894063,61.684933894063,61.684933894063,61.684933894063,61.684933894063,61.684933894063
4185,0,0,0,0,0,0,28.3316364410747,28.3316364410747,28.3316364410747,28.3316364410747,28.3316364410747,28.3316364410747,28.3316364410747,56.6632728821493,56.6632728821493,56.6632728821493,56.6632728821493,56.6632728821493,56.6632728821493,56.6632728821493,56.6632728821493,56.6632728821493,84.9949093232227,84.9949093232227,84.9949093232227,84.9949093232227,84.9949093232227,84.9949093232227,84.9949093232227,84.9949093232227,84.9949093232227,84.9949093232227,113.326545764299,113.326545764299,113.326545764299,113.326545764299,113.326545764299,113.326545764299,113.326545764299,113.326545764299,113.326545764299,113.326545764299,141.658182205371,141.658182205371,141.658182205371,141.658182205371,141.658182205371,141.658182205371,141.658182205371,141.658182205371,141.658182205371,141.658182205371,141.658182205371,141.658182205371
4186,0,0,0,0,0,0,0,0,0,0,0,0,0,0,0,0,0,0,0,0,0,0,0,0,0,0,0,0,0,0,0,0,0,0,0,0,0,0,0,0,0,0,0,0,0,0,0,0,0,0,0,0,0,0
4187,0,0,0,0,0,0,0,0,0,0,0,0,0,0,0,0,0,0,0,0,0,0,0,0,0,0,0,0,0,0,0,0,0,0,0,0,0,0,0,0,0,0,0,0,0,0,0,0,0,0,0,0,0,0
4188,0,0,0,0,0,0,0,0,0,0,0,0,0,0,0,0,0,0,0,0,0,0,0,0,0,0,0,0,0,0,0,0,0,0,0,0,0,0,0,0,0,0,0,0,0,0,0,0,0,0,0,0,0,0
4189,0,0,0,0,0,0,0,0,0,0,0,0,0,0,0,0,0,0,0,0,0,0,0,0,0,0,0,0,0,0,0,0,0,0,0,0,0,0,0,0,0,0,0,0,0,0,0,0,0,0,0,0,0,0
4190,0,0,0,0,0,0,0,0,0,0,0,0,0,0,0,0,0,0,0,0,0,0,0,0,0,0,0,0,0,0,0,0,0,0,0,0,0,0,0,0,0,0,0,0,0,0,0,0,0,0,0,0,0,0
4191,0,0,0,0,0,0,0,0,0,0,0,0,0,0,0,0,0,0,0,0,0,0,0,0,0,0,0,0,0,0,0,0,0,0,0,0,0,0,0,0,0,0,0,0,0,0,0,0,0,0,0,0,0,0
4192,0,0,0,0,0,0,0,0,0,0,0,0,0,0,0,0,0,0,0,0,0,0,0,0,0,0,0,0,0,0,0,0,0,0,0,0,0,0,0,0,0,0,0,0,0,0,0,0,0,0,0,0,0,0
4193,0,0,0,0,0,0,0,0,0,0,0,0,0,0,0,0,0,0,0,0,0,0,0,0,0,0,0,0,0,0,0,0,0,0,0,0,0,0,0,0,0,0,0,0,0,0,0,0,0,0,0,0,0,0
4194,0,0,0,0,0,0,0,0,0,0,0,0,0,0,0,0,0,0,0,0,0,0,0,0,0,0,0,0,0,0,0,0,0,0,0,0,0,0,0,0,0,0,0,0,0,0,0,0,0,0,0,0,0,0
4195,0,0,0,0,0,0,34.384013575957,34.384013575957,34.384013575957,34.384013575957,34.384013575957,34.384013575957,34.384013575957,68.7680271519139,68.7680271519139,68.7680271519139,68.7680271519139,68.7680271519139,68.7680271519139,68.7680271519139,68.7680271519139,68.7680271519139,103.152040727868,103.152040727868,103.152040727868,103.152040727868,103.152040727868,103.152040727868,103.152040727868,103.152040727868,103.152040727868,103.152040727868,137.536054303828,137.536054303828,137.536054303828,137.536054303828,137.536054303828,137.536054303828,137.536054303828,137.536054303828,137.536054303828,137.536054303828,171.92006787979,171.92006787979,171.92006787979,171.92006787979,171.92006787979,171.92006787979,171.92006787979,171.92006787979,171.92006787979,171.92006787979,171.92006787979,171.92006787979
4196,0,0,0,0,0,0,0,0,0,0,0,0,0,0,0,0,0,0,0,0,0,0,0,0,0,0,0,0,0,0,0,0,0,0,0,0,0,0,0,0,0,0,0,0,0,0,0,0,0,0,0,0,0,0
4197,0,0,0,0,0,0,0,0,0,0,0,0,0,0,0,0,0,0,0,0,0,0,0,0,0,0,0,0,0,0,0,0,0,0,0,0,0,0,0,0,0,0,0,0,0,0,0,0,0,0,0,0,0,0
4198,0,0,0,0,0,0,0,0,0,0,0,0,0,0,0,0,0,0,0,0,0,0,0,0,0,0,0,0,0,0,0,0,0,0,0,0,0,0,0,0,0,0,0,0,0,0,0,0,0,0,0,0,0,0
4199,0,0,0,0,0,0,0,0,0,0,0,0,0,0,0,0,0,0,0,0,0,0,0,0,0,0,0,0,0,0,0,0,0,0,0,0,0,0,0,0,0,0,0,0,0,0,0,0,0,0,0,0,0,0
4200,0,0,0,0,0,0,0,0,0,0,0,0,0,0,0,0,0,0,0,0,0,0,0,0,0,0,0,0,0,0,0,0,0,0,0,0,0,0,0,0,0,0,0,0,0,0,0,0,0,0,0,0,0,0
4201,0,0,0,0,0,0,0,0,0,0,0,0,0,0,0,0,0,0,0,0,0,0,0,0,0,0,0,0,0,0,0,0,0,0,0,0,0,0,0,0,0,0,0,0,0,0,0,0,0,0,0,0,0,0
4202,0,0,0,0,0,0,0,0,0,0,0,0,0,0,0,0,0,0,0,0,0,0,0,0,0,0,0,0,0,0,0,0,0,0,0,0,0,0,0,0,0,0,0,0,0,0,0,0,0,0,0,0,0,0
4203,0,0,0,0,0,0,0,0,0,0,0,0,0,0,0,0,0,0,0,0,0,0,0,0,0,0,0,0,0,0,0,63.9804868510196,191.941460553059,191.941460553059,191.941460553059,191.941460553059,191.941460553059,191.941460553059,191.941460553059,191.941460553059,191.941460553059,191.941460553059,191.941460553059,191.941460553059,191.941460553059,191.941460553059,255.921947404082,255.921947404082,255.921947404082,255.921947404082,255.921947404082,255.921947404082,255.921947404082,255.921947404082
4204,0,0,0,0,0,0,0,0,0,0,0,0,0,0,0,0,0,0,0,0,0,0,0,0,0,0,0,0,0,0,0,0,0,0,0,0,0,0,0,0,0,0,0,0,0,0,0,0,0,0,0,0,0,0
4205,0,0,0,0,0,0,0,0,0,0,0,0,0,0,0,0,0,0,0,0,0,0,0,0,0,0,0,0,0,0,0,0,80.7724070118178,80.7724070118178,80.7724070118178,80.7724070118178,80.7724070118178,80.7724070118178,80.7724070118178,80.7724070118178,80.7724070118178,80.7724070118178,161.544814023634,161.544814023634,161.544814023634,161.544814023634,161.544814023634,161.544814023634,161.544814023634,161.544814023634,161.544814023634,161.544814023634,161.544814023634,161.544814023634
4206,0,0,0,0,0,0,0,0,0,0,0,0,0,0,0,0,0,0,0,0,0,0,0,0,0,0,0,0,0,0,0,0,8.35470966471863,8.35470966471863,8.35470966471863,8.35470966471863,8.35470966471863,8.35470966471863,8.35470966471863,8.35470966471863,8.35470966471863,8.35470966471863,8.35470966471863,8.35470966471863,8.35470966471863,8.35470966471863,8.35470966471863,8.35470966471863,8.35470966471863,8.35470966471863,8.35470966471863,8.35470966471863,8.35470966471863,8.35470966471863
4207,0,0,0,0,0,0,0,0,0,0,0,0,0,0,0,0,0,0,0,0,0,0,0,0,0,0,0,0,0,0,0,0,0,0,0,0,0,0,0,0,0,0,0,0,0,0,0,0,0,0,0,0,0,0
4208,0,0,0,0,0,0,0,0,0,0,0,0,0,0,0,0,0,0,0,0,0,0,0,0,0,0,0,0,0,0,0,0,0,0,0,0,0,0,0,0,0,0,0,0,0,0,0,0,0,0,0,0,0,0
4209,0,0,0,0,0,0,0,0,0,0,0,0,0,0,0,0,0,0,0,0,0,0,0,0,0,0,0,0,0,0,0,0,0,0,0,0,0,0,0,0,0,0,0,0,0,0,0,0,0,0,0,0,0,0
4210,0,0,0,0,0,0,0,0,0,0,0,0,0,0,0,0,0,0,0,0,0,0,0,0,0,0,0,0,0,0,0,0,0,0,0,0,0,0,0,0,0,0,0,0,0,0,0,0,0,0,0,0,0,0
4211,0,0,0,0,0,0,0,0,0,0,0,0,0,0,0,0,0,0,0,0,0,0,0,0,0,0,0,0,0,0,0,0,0,0,0,0,0,0,0,0,0,0,0,0,0,0,0,0,0,0,0,0,0,0
4212,0,0,0,0,0,0,0,0,0,0,0,0,0,0,0,0,0,0,0,0,0,0,0,0,0,0,0,0,0,0,0,0,0,0,0,0,0,0,0,0,0,0,0,0,0,0,0,0,0,0,0,0,0,0
4213,0,0,0,0,0,0,0,0,0,0,0,0,0,0,0,0,0,0,0,0,0,0,0,0,0,0,0,0,0,0,0,0,0,0,0,0,0,0,0,0,0,0,0,0,0,0,0,0,0,0,0,0,0,0
4214,0,0,0,0,0,0,0,0,0,0,0,0,0,0,0,0,0,0,0,0,0,0,0,0,0,0,0,0,0,0,0,0,0,0,0,0,0,0,0,0,0,0,0,0,0,0,0,0,0,0,0,0,0,0
4215,0,0,0,0,0,0,0,0,0,0,0,0,0,0,0,0,0,0,0,0,0,0,0,0,0,0,0,0,0,0,0,16.7433418349991,16.7433418349991,16.7433418349991,16.7433418349991,16.7433418349991,16.7433418349991,16.7433418349991,16.7433418349991,16.7433418349991,16.7433418349991,16.7433418349991,16.7433418349991,16.7433418349991,16.7433418349991,16.7433418349991,16.7433418349991,16.7433418349991,16.7433418349991,16.7433418349991,16.7433418349991,16.7433418349991,16.7433418349991,16.7433418349991
4216,0,0,0,0,0,0,0,0,0,0,0,0,0,0,0,0,0,0,0,0,0,0,57.4720752974411,57.4720752974411,57.4720752974411,57.4720752974411,57.4720752974411,57.4720752974411,57.4720752974411,57.4720752974411,57.4720752974411,57.4720752974411,114.944150594889,114.944150594889,114.944150594889,114.944150594889,114.944150594889,114.944150594889,114.944150594889,114.944150594889,114.944150594889,114.944150594889,114.944150594889,114.944150594889,114.944150594889,114.944150594889,114.944150594889,114.944150594889,114.944150594889,114.944150594889,114.944150594889,114.944150594889,114.944150594889,114.944150594889
4217,0,0,0,0,0,0,0,0,0,0,0,0,0,0,0,0,0,0,0,0,0,0,0,0,0,0,0,0,0,0,0,22.844679980312,46.5030134731374,46.5030134731374,46.5030134731374,46.5030134731374,46.5030134731374,46.5030134731374,46.5030134731374,46.5030134731374,46.5030134731374,46.5030134731374,46.5030134731374,46.5030134731374,46.5030134731374,46.5030134731374,58.3321802195506,58.3321802195506,58.3321802195506,58.3321802195506,58.3321802195506,58.3321802195506,58.3321802195506,58.3321802195506
4218,0,0,0,0,0,0,0,0,0,0,0,0,0,0,0,0,0,0,0,0,0,0,0,0,0,0,0,0,0,0,0,0,0,0,0,0,0,0,0,0,0,0,0,0,0,0,0,0,0,0,0,0,0,0
4219,0,0,0,0,0,0,42.2545569394784,42.2545569394784,42.2545569394784,42.2545569394784,42.2545569394784,42.2545569394784,42.2545569394784,84.5091138789568,84.5091138789568,84.5091138789568,84.5091138789568,84.5091138789568,84.5091138789568,84.5091138789568,84.5091138789568,84.5091138789568,126.763670818436,126.763670818436,126.763670818436,126.763670818436,126.763670818436,126.763670818436,126.763670818436,126.763670818436,126.763670818436,126.763670818436,169.018227757915,169.018227757915,169.018227757915,169.018227757915,169.018227757915,169.018227757915,169.018227757915,169.018227757915,169.018227757915,169.018227757915,211.272784697395,211.272784697395,211.272784697395,211.272784697395,211.272784697395,211.272784697395,211.272784697395,211.272784697395,211.272784697395,211.272784697395,211.272784697395,211.272784697395
4220,0,0,0,0,0,0,0,0,0,0,0,0,0,0,0,0,0,0,0,0,0,0,0,0,0,0,0,0,0,0,0,0,40.1032786926562,40.1032786926562,40.1032786926562,40.1032786926562,40.1032786926562,40.1032786926562,40.1032786926562,40.1032786926562,40.1032786926562,40.1032786926562,40.1032786926562,40.1032786926562,40.1032786926562,40.1032786926562,40.1032786926562,40.1032786926562,40.1032786926562,40.1032786926562,40.1032786926562,40.1032786926562,40.1032786926562,40.1032786926562
4221,0,0,0,0,0,0,0,0,0,0,0,0,0,0,0,0,0,0,0,0,0,0,0,0,0,0,0,0,0,0,0,0,35.3153874824395,35.3153874824395,35.3153874824395,35.3153874824395,35.3153874824395,35.3153874824395,35.3153874824395,35.3153874824395,35.3153874824395,35.3153874824395,70.6307749648819,70.6307749648819,70.6307749648819,70.6307749648819,70.6307749648819,70.6307749648819,70.6307749648819,70.6307749648819,70.6307749648819,70.6307749648819,70.6307749648819,70.6307749648819
4222,0,0,0,0,0,0,0,0,0,0,0,0,0,0,0,0,0,0,0,0,0,0,0,0,0,0,0,0,0,0,0,87.5871430566366,87.5871430566366,87.5871430566366,87.5871430566366,87.5871430566366,87.5871430566366,87.5871430566366,87.5871430566366,87.5871430566366,87.5871430566366,87.5871430566366,87.5871430566366,87.5871430566366,87.5871430566366,87.5871430566366,87.5871430566366,87.5871430566366,87.5871430566366,87.5871430566366,87.5871430566366,87.5871430566366,87.5871430566366,87.5871430566366
4223,0,0,0,0,0,0,0,0,0,0,0,0,0,0,0,0,0,0,0,0,0,0,0,0,0,0,0,0,0,0,0,0,0,0,0,0,0,0,0,0,0,0,0,0,0,0,0,0,0,0,0,0,0,0
4224,0,0,0,0,0,0,0,0,0,0,0,0,0,0,0,0,0,0,0,0,0,0,0,0,0,0,0,0,0,0,0,0,0,0,0,0,0,0,0,0,0,0,0,0,0,0,0,0,0,0,0,0,0,0
4225,0,0,0,0,0,0,0,0,0,0,0,0,0,0,0,0,0,0,0,0,0,0,0,0,0,0,0,0,0,0,0,0,0,0,0,0,0,0,0,0,0,0,0,0,0,0,0,0,0,0,0,0,0,0
4226,0,0,0,0,0,0,0,0,0,0,0,0,0,0,0,0,0,0,0,0,0,0,0,0,0,0,0,0,0,0,0,11.5295254109984,11.5295254109984,11.5295254109984,11.5295254109984,11.5295254109984,11.5295254109984,11.5295254109984,11.5295254109984,11.5295254109984,11.5295254109984,11.5295254109984,11.5295254109984,11.5295254109984,11.5295254109984,11.5295254109984,11.5295254109984,11.5295254109984,11.5295254109984,11.5295254109984,11.5295254109984,11.5295254109984,11.5295254109984,11.5295254109984
4227,0,0,0,0,0,0,0,0,0,0,0,0,0,0,0,0,0,0,0,0,0,0,0,0,0,0,0,0,0,0,0,0,30.6212051774948,30.6212051774948,30.6212051774948,30.6212051774948,30.6212051774948,30.6212051774948,30.6212051774948,30.6212051774948,30.6212051774948,30.6212051774948,30.6212051774948,30.6212051774948,30.6212051774948,30.6212051774948,30.6212051774948,30.6212051774948,30.6212051774948,30.6212051774948,30.6212051774948,30.6212051774948,30.6212051774948,30.6212051774948
4228,0,0,0,0,0,0,0,0,0,0,0,0,0,0,0,0,0,0,0,0,0,0,0,0,0,0,0,0,0,0,0,0,21.3867484618155,21.3867484618155,21.3867484618155,21.3867484618155,21.3867484618155,21.3867484618155,21.3867484618155,21.3867484618155,21.3867484618155,21.3867484618155,21.3867484618155,21.3867484618155,21.3867484618155,21.3867484618155,21.3867484618155,21.3867484618155,21.3867484618155,21.3867484618155,21.3867484618155,21.3867484618155,21.3867484618155,21.3867484618155
4229,0,0,0,0,0,0,0,0,0,0,0,0,0,0,0,0,0,0,0,0,0,0,0,0,0,0,0,0,0,0,0,0,0,0,0,0,0,0,0,0,0,0,0,0,0,0,0,0,0,0,0,0,0,0
4230,0,0,0,0,0,0,0,0,0,0,0,0,0,0,0,0,0,0,0,0,0,0,0,0,0,0,0,0,0,0,0,0,62.480755169147,62.480755169147,62.480755169147,62.480755169147,62.480755169147,62.480755169147,62.480755169147,62.480755169147,62.480755169147,62.480755169147,124.961508107664,124.961508107664,124.961508107664,124.961508107664,124.961508107664,124.961508107664,124.961508107664,124.961508107664,124.961508107664,124.961508107664,124.961508107664,124.961508107664
4231,0,0,0,0,0,0,0,0,0,0,0,0,0,0,0,0,0,0,0,0,0,0,0,0,0,0,0,0,0,0,0,0,0,0,0,0,0,0,0,0,0,0,0,0,0,0,0,0,0,0,0,0,0,0
4232,0,0,0,0,0,0,0,0,0,0,0,0,0,0,0,0,0,0,0,0,0,0,0,0,0,0,0,0,0,0,0,0,0,0,0,0,0,0,0,0,0,0,0,0,0,0,0,0,0,0,0,0,0,0
4233,0,0,0,0,0,0,0,0,0,0,0,0,0,0,0,0,0,0,0,0,0,0,0,0,0,0,0,0,0,0,0,0,0,0,0,0,0,0,0,0,0,0,0,0,0,0,0,0,0,0,0,0,0,0
4234,0,0,0,0,0,0,0,0,0,0,0,0,0,0,0,0,0,0,0,0,0,0,0,0,0,0,0,0,0,0,0,0,0,0,0,0,0,0,0,0,0,0,0,0,0,0,0,0,0,0,0,0,0,0
4235,0,0,0,0,0,0,0,0,0,0,0,0,0,0,0,0,0,0,0,0,0,0,0,0,0,0,0,0,0,0,0,0,0,0,0,0,0,0,0,0,0,0,0,0,0,0,0,0,0,0,0,0,0,0
4236,0,0,0,0,0,0,0,0,0,0,0,0,0,0,0,0,0,0,0,0,0,0,0,0,0,0,0,0,0,0,0,0,0,0,0,0,0,0,0,0,0,0,0,0,0,0,0,0,0,0,0,0,0,0
5001,0,0,0,0,0,0,0,0,0,0,0,0,0,0,0,0,0,0,0,0,0,0,0,0,0,0,0,0,0,0,0,0,0,0,0,0,0,0,0,0,0,0,0,0,0,0,0,0,0,0,0,0,0,0
5002,0,0,0,0,0,0,0,0,0,0,0,0,0,0,0,0,0,0,0,0,0,0,0,0,0,0,0,0,0,0,0,0,16.9004165753846,16.9004165753846,16.9004165753846,16.9004165753846,16.9004165753846,16.9004165753846,16.9004165753846,16.9004165753846,16.9004165753846,30.8883522545801,30.8883522545801,42.0272103974457,70.0030834593728,70.0030834593728,103.72514106184,126.800614728481,126.800614728481,126.800614728481,126.800614728481,126.800614728481,126.800614728481,126.800614728481
5003,0,0,0,0,0,0,0,0,0,0,0,0,0,0,0,0,0,0,0,0,0,0,0,0,0,0,0,0,0,0,0,0,0,0,0,54.7173529186499,54.7173529186499,54.7173529186499,54.7173529186499,54.7173529186499,54.7173529186499,109.4347058373,109.4347058373,109.4347058373,109.4347058373,109.4347058373,109.4347058373,109.4347058373,109.4347058373,109.4347058373,109.4347058373,109.4347058373,109.4347058373,109.4347058373
5004,0,0,0,0,0,0,0,0,0,0,0,0,0,0,0,0,0,0,0,0,0,0,0,0,0,0,0,0,0,0,0,0,0,0,0,0,0,0,0,0,0,0,0,0,0,0,0,0,0,0,0,0,0,0
5005,0,0,0,0,0,0,0,0,0,0,0,0,0,0,0,0,0,0,0,0,0,0,0,0,0,0,0,0,0,0,0,0,0,0,0,0,0,0,0,0,0,0,0,0,0,0,0,0,0,0,0,0,0,0
5006,0,0,0,0,0,0,0,0,0,0,0,0,0,0,0,0,0,0,0,0,0,0,0,0,0,0,0,0,0,0,0,0,0,0,0,0,0,0,0,0,0,0,0,0,0,0,0,0,0,0,0,0,0,0
5007,0,0,0,0,0,0,0,0,0,0,0,0,0,0,0,0,0,0,0,0,0,0,0,0,0,0,0,0,0,0,0,0,0,0,0,0,0,0,0,0,0,0,0,0,0,0,0,0,0,0,0,0,0,0
5008,0,0,0,0,0,0,0,0,0,0,0,0,0,0,0,0,0,0,0,0,0,0,0,0,0,0,0,0,0,0,0,0,0,0,0,19.6792628753981,19.6792628753981,19.6792628753981,19.6792628753981,19.6792628753981,19.6792628753981,39.3585257507962,39.3585257507962,39.3585257507962,39.3585257507962,39.3585257507962,39.3585257507962,39.3585257507962,39.3585257507962,39.3585257507962,39.3585257507962,39.3585257507962,39.3585257507962,39.3585257507962
5009,0,0,0,0,0,0,0,0,0,0,0,0,0,0,0,0,0,0,0,0,0,0,0,0,0,0,0,0,0,0,0,0,0,0,0,0,0,0,0,0,0,0,0,0,0,0,0,0,0,0,0,0,0,0
5010,0,0,0,0,0,0,0,0,0,0,0,0,0,0,0,0,0,0,0,0,0,0,0,0,0,0,0,0,0,0,0,0,0,0,0,0,0,0,0,0,0,0,0,0,0,0,0,0,0,0,0,0,0,0
5011,0,0,0,0,0,0,0,0,0,0,0,0,0,0,0,0,0,0,0,0,0,0,0,0,0,0,0,0,0,0,0,0,0,0,0,0,0,0,0,0,0,0,0,0,0,0,112.015357961425,112.015357961425,112.015357961425,112.015357961425,112.015357961425,112.015357961425,112.015357961425,112.015357961425
5012,0,0,0,0,0,0,0,0,0,0,0,0,0,0,0,0,0,0,0,0,0,0,0,0,0,0,0,0,0,0,0,0,34.4339420112152,34.4339420112152,34.4339420112152,34.4339420112152,34.4339420112152,34.4339420112152,34.4339420112152,34.4339420112152,34.4339420112152,34.4339420112152,34.4339420112152,81.3641494176549,81.3641494176549,81.3641494176549,81.3641494176549,81.3641494176549,81.3641494176549,81.3641494176549,81.3641494176549,81.3641494176549,81.3641494176549,81.3641494176549
5013,0,0,0,0,0,0,0,0,0,0,0,0,0,0,0,0,0,54.6459577951652,54.6459577951652,54.6459577951652,54.6459577951652,54.6459577951652,54.6459577951652,54.6459577951652,54.6459577951652,54.6459577951652,54.6459577951652,54.6459577951652,54.6459577951652,54.6459577951652,54.6459577951652,54.6459577951652,54.6459577951652,54.6459577951652,54.6459577951652,54.6459577951652,54.6459577951652,54.6459577951652,54.6459577951652,54.6459577951652,54.6459577951652,54.6459577951652,54.6459577951652,54.6459577951652,54.6459577951652,54.6459577951652,109.291915590333,109.291915590333,109.291915590333,109.291915590333,109.291915590333,109.291915590333,109.291915590333,109.291915590333
5014,0,0,0,0,0,0,0,0,0,0,0,0,0,0,0,0,0,0,0,0,0,0,0,0,0,0,0,0,0,0,0,0,0,0,0,0,0,0,0,0,0,0,0,0,0,0,0,0,0,0,0,0,0,0
5015,0,0,0,0,0,0,0,0,0,0,0,0,0,0,0,0,0,0,0,0,0,0,0,0,0,0,0,0,0,0,0,0,0,0,0,0,0,0,0,0,0,0,0,0,0,0,0,0,0,0,0,0,0,0
5016,0,0,0,0,0,0,0,0,0,0,0,0,0,0,0,0,0,0,0,0,0,0,0,0,0,0,0,0,0,0,0,0,0,0,0,0,0,0,0,0,0,0,0,0,0,0,0,0,0,0,0,0,0,0
5017,0,0,0,0,0,0,0,0,0,0,0,0,0,0,0,0,0,0,0,0,0,0,0,0,0,0,0,0,0,0,0,0,0,0,0,0,0,0,0,0,0,0,0,0,0,0,0,0,0,0,0,0,0,0
5018,0,0,0,0,0,0,0,0,0,0,0,0,0,0,0,0,0,0,0,0,0,0,0,0,0,0,0,0,0,0,0,0,0,0,0,0,0,0,0,0,0,0,0,0,0,0,0,0,0,0,0,0,0,0
5019,0,0,0,0,0,0,0,0,0,0,0,0,0,0,0,0,0,0,0,0,0,0,0,0,0,0,0,0,0,0,0,0,0,0,0,0,0,0,0,0,0,0,0,0,0,0,0,0,0,0,0,0,0,0
5020,0,0,0,0,0,0,0,0,0,0,0,0,0,0,0,0,0,0,0,0,0,0,0,0,0,0,0,0,0,0,0,0,0,0,0,0,0,0,0,0,0,0,0,0,0,0,0,0,0,0,0,0,0,0
5021,0,0,0,0,0,0,0,0,0,0,0,0,0,0,0,0,0,0,0,0,0,0,0,0,0,0,0,0,0,0,0,0,0,0,0,0,0,0,0,0,0,0,0,0,0,0,0,0,0,0,0,0,0,0
5022,0,0,0,0,0,0,0,0,0,0,0,0,0,0,0,0,0,0,0,0,0,0,0,0,0,0,0,0,0,0,0,0,0,0,0,0,0,0,0,0,0,0,0,0,0,0,0,0,0,0,0,0,0,0
5023,0,0,0,0,0,0,0,0,0,0,0,0,0,0,0,0,0,125.018132413063,125.018132413063,125.018132413063,125.018132413063,125.018132413063,125.018132413063,125.018132413063,125.018132413063,125.018132413063,125.018132413063,125.018132413063,125.018132413063,125.018132413063,125.018132413063,125.018132413063,125.018132413063,125.018132413063,125.018132413063,125.018132413063,125.018132413063,125.018132413063,125.018132413063,125.018132413063,125.018132413063,125.018132413063,125.018132413063,125.018132413063,125.018132413063,125.018132413063,210.023321287419,210.023321287419,210.023321287419,210.023321287419,210.023321287419,210.023321287419,210.023321287419,210.023321287419
5024,0,0,0,0,0,0,0,0,0,0,0,0,0,0,0,0,0,0,0,0,0,0,0,0,0,0,0,0,0,0,0,0,57.0269989890885,57.0269989890885,57.0269989890885,57.0269989890885,57.0269989890885,57.0269989890885,57.0269989890885,57.0269989890885,57.0269989890885,57.0269989890885,57.0269989890885,57.0269989890885,57.0269989890885,57.0269989890885,57.0269989890885,57.0269989890885,57.0269989890885,57.0269989890885,57.0269989890885,57.0269989890885,57.0269989890885,57.0269989890885
5025,0,0,0,0,0,0,0,0,0,0,0,0,0,0,0,0,0,0,0,0,0,0,0,0,0,0,0,0,0,0,0,0,0,0,0,0,0,0,0,0,0,0,0,0,0,0,0,0,0,0,0,0,0,0
5026,0,0,0,0,0,0,0,0,0,0,0,0,0,0,0,0,0,0,0,0,0,0,0,0,0,0,0,0,0,0,0,0,0,0,0,141.322192136255,141.322192136255,141.322192136255,141.322192136255,141.322192136255,141.322192136255,282.644384272509,282.644384272509,282.644384272509,423.966576408765,423.966576408765,494.627669613175,565.288765681302,565.288765681302,565.288765681302,565.288765681302,565.288765681302,565.288765681302,565.288765681302
5027,0,0,0,0,0,0,0,0,0,0,0,0,0,0,0,0,0,0,0,0,0,0,0,0,0,0,0,0,0,0,0,0,0,0,0,0,0,0,0,0,0,0,0,0,0,0,0,0,0,0,0,0,0,0
5028,0,0,0,0,0,0,0,0,0,0,0,0,0,0,0,0,0,0,0,0,0,0,0,0,0,0,0,0,0,0,0,0,0,0,0,0,0,0,0,0,0,0,0,0,0,0,0,0,0,0,0,0,0,0
5029,0,0,0,0,0,0,0,0,0,0,0,0,0,0,0,0,0,0,0,0,0,0,0,0,0,0,0,0,0,0,0,0,0,0,0,0,0,0,0,0,0,0,0,0,0,0,0,0,0,0,0,0,0,0
5030,0,0,0,0,0,0,0,0,0,0,0,0,0,0,0,0,0,0,0,0,0,0,0,0,0,0,0,0,0,0,0,0,0,0,0,0,0,0,0,0,0,0,0,0,0,0,0,0,0,0,0,0,0,0
5031,0,0,0,0,0,0,0,0,0,0,0,0,0,0,0,0,0,0,0,0,0,0,0,0,0,0,0,0,0,0,0,0,0,0,0,0,0,0,0,0,0,0,0,0,0,0,0,0,0,0,0,0,0,0
5032,0,0,0,0,0,0,0,0,0,0,0,0,0,0,0,0,0,0,0,0,0,0,0,0,0,0,0,0,0,0,0,0,0,0,0,0,0,0,0,0,0,0,0,0,0,0,0,0,0,0,0,0,0,0
5033,0,0,0,0,0,0,0,0,0,0,0,0,0,0,0,0,0,0,0,0,0,0,0,0,0,0,0,0,0,0,0,0,0,0,0,0,0,0,0,0,0,0,0,0,0,0,0,0,0,0,0,0,0,0
5034,0,0,0,0,0,0,0,0,0,0,0,0,0,0,0,0,0,0,0,0,0,0,0,0,0,0,0,0,0,0,0,0,0,0,0,0,0,0,0,0,0,0,0,0,0,0,0,0,0,0,0,0,0,0
5035,0,0,0,0,0,0,0,0,0,0,0,0,0,0,0,0,0,0,0,0,0,0,0,0,0,0,0,0,0,0,0,0,0,0,0,0,0,0,0,0,0,0,0,0,0,0,0,0,0,0,0,0,0,0
5036,0,0,0,0,0,0,0,0,0,0,0,0,0,0,0,0,0,45.1451600843776,45.1451600843776,45.1451600843776,45.1451600843776,45.1451600843776,45.1451600843776,45.1451600843776,45.1451600843776,45.1451600843776,45.1451600843776,45.1451600843776,45.1451600843776,45.1451600843776,45.1451600843776,45.1451600843776,45.1451600843776,45.1451600843776,45.1451600843776,45.1451600843776,45.1451600843776,45.1451600843776,45.1451600843776,45.1451600843776,45.1451600843776,45.1451600843776,45.1451600843776,45.1451600843776,45.1451600843776,45.1451600843776,45.1451600843776,45.1451600843776,45.1451600843776,45.1451600843776,45.1451600843776,45.1451600843776,45.1451600843776,45.1451600843776
5037,0,0,0,0,0,0,0,0,0,0,0,0,0,0,0,0,0,0,0,0,0,0,0,0,0,0,0,0,0,0,0,0,0,0,0,0,0,0,0,0,0,0,0,0,0,0,0,0,0,0,0,0,0,0
5038,0,0,0,0,0,0,0,0,0,0,0,0,0,0,0,0,0,0,0,0,0,0,0,0,0,0,0,0,0,0,0,0,0,0,0,0,0,0,0,0,0,0,0,0,0,0,0,0,0,0,0,0,0,0
5039,0,0,0,0,0,0,0,0,0,0,0,0,0,0,0,0,0,0,0,0,0,0,0,0,0,0,0,0,0,0,0,0,0,0,0,0,0,0,0,0,0,0,0,0,0,0,0,0,0,0,0,0,0,0
5040,0,0,0,0,0,0,0,0,0,0,0,0,0,0,0,0,0,0,0,0,0,0,0,0,0,0,0,0,0,0,0,0,0,0,0,0,0,0,0,0,0,0,0,0,0,0,0,0,0,0,0,0,0,0
5041,0,0,0,0,0,0,0,0,0,0,0,0,0,0,0,0,0,0,0,0,0,0,0,0,0,0,0,0,0,0,0,0,0,0,0,0,0,0,0,0,0,0,0,0,0,0,0,0,0,0,0,0,0,0
5042,0,0,0,0,0,0,0,0,0,0,0,0,0,0,0,0,0,0,0,0,0,0,0,0,0,0,0,0,0,0,0,0,0,0,0,27.168846880681,27.168846880681,27.168846880681,27.168846880681,27.168846880681,27.168846880681,81.891494966149,81.891494966149,81.891494966149,136.999097375723,136.999097375723,164.552898580508,192.106699785295,192.106699785295,192.106699785295,192.106699785295,192.106699785295,192.106699785295,192.106699785295
5043,0,0,0,0,0,0,0,0,0,0,0,0,0,0,0,0,0,0,0,0,0,0,0,0,0,0,0,0,0,0,0,0,0,0,0,0,0,0,0,0,0,0,0,0,0,0,100.504400764259,100.504400764259,100.504400764259,100.504400764259,100.504400764259,100.504400764259,100.504400764259,100.504400764259
5044,0,0,0,0,0,0,0,0,0,0,0,0,0,0,0,0,0,0,0,0,0,0,0,0,0,0,0,0,0,0,0,0,72.0985112779376,72.0985112779376,72.0985112779376,72.0985112779376,72.0985112779376,72.0985112779376,72.0985112779376,72.0985112779376,72.0985112779376,72.0985112779376,72.0985112779376,111.391799689867,111.391799689867,111.391799689867,111.391799689867,111.391799689867,111.391799689867,111.391799689867,111.391799689867,111.391799689867,111.391799689867,111.391799689867
5045,0,0,0,0,0,0,0,0,0,0,0,0,0,0,0,0,0,0,0,0,0,0,0,0,0,0,0,0,0,0,0,0,0,0,0,0,0,0,0,0,0,0,0,0,0,0,0,0,0,0,0,0,0,0
5046,0,0,0,0,0,0,0,0,0,0,0,0,0,0,0,0,0,0,0,0,0,0,0,0,0,0,0,0,0,0,0,0,0,0,0,66.9171891243743,66.9171891243743,66.9171891243743,66.9171891243743,66.9171891243743,66.9171891243743,238.956505089364,238.956505089364,238.956505089364,449.200758770594,449.200758770594,554.322885611218,659.445012451828,659.445012451828,659.445012451828,659.445012451828,659.445012451828,659.445012451828,659.445012451828
5047,0,0,0,0,0,0,0,0,0,0,0,0,0,0,0,0,0,0,0,0,0,0,0,0,0,0,0,0,0,0,0,0,0,0,0,0,0,0,0,0,0,0,0,0,0,0,0,0,0,0,0,0,0,0
5048,0,0,0,0,0,0,0,0,0,0,0,0,0,0,0,0,0,0,0,0,0,0,0,0,0,0,0,0,0,0,0,0,0,0,0,0,0,0,0,0,0,56.8878009360225,56.8878009360225,56.8878009360225,160.605525520745,160.605525520745,160.605525520745,160.605525520745,160.605525520745,160.605525520745,160.605525520745,160.605525520745,160.605525520745,160.605525520745
5049,0,0,0,0,0,0,0,0,0,0,0,0,0,0,0,0,0,0,0,0,0,0,0,0,0,0,0,0,0,0,0,0,0,0,0,0,0,0,0,0,0,0,0,0,0,0,0,0,0,0,0,0,0,0
5050,0,0,0,0,0,0,0,0,0,0,0,0,0,0,0,0,0,0,0,0,0,0,0,0,0,0,0,0,0,0,0,0,0,0,0,0,0,0,0,0,0,0,0,0,0,0,0,0,0,0,0,0,0,0
5051,0,0,0,0,0,0,0,0,0,0,0,0,0,0,0,0,0,0,0,0,0,0,0,0,0,0,0,0,0,0,0,0,0,0,0,0,0,0,0,0,0,0,0,0,0,0,0,0,0,0,0,0,0,0
5052,0,0,0,0,0,0,0,0,0,0,0,0,0,0,0,0,0,0,0,0,0,0,0,0,0,0,0,0,0,0,0,0,0,0,0,87.6369895499992,87.6369895499992,87.6369895499992,87.6369895499992,87.6369895499992,87.6369895499992,180.17673836837,180.17673836837,180.17673836837,272.716487186745,272.716487186745,318.986361595938,365.256236005126,365.256236005126,365.256236005126,365.256236005126,365.256236005126,365.256236005126,365.256236005126
5053,0,0,0,0,0,0,0,0,0,0,0,0,0,0,0,0,0,0,0,0,0,0,0,0,0,0,0,0,0,0,0,0,177.047466841116,177.047466841116,177.047466841116,177.047466841116,177.047466841116,177.047466841116,177.047466841116,177.047466841116,177.047466841116,177.047466841116,177.047466841116,177.047466841116,177.047466841116,177.047466841116,177.047466841116,177.047466841116,177.047466841116,177.047466841116,177.047466841116,177.047466841116,177.047466841116,177.047466841116
5054,0,0,0,0,0,0,0,0,0,0,0,0,0,0,0,0,0,0,0,0,0,0,0,0,0,0,0,0,0,0,0,0,0,0,0,0,0,0,0,0,0,0,0,0,0,0,0,0,0,0,0,0,0,0
5055,0,0,0,0,0,0,0,0,0,0,0,0,0,0,0,0,0,0,0,0,0,0,0,0,0,0,0,0,0,0,0,0,0,0,0,0,0,0,0,0,0,0,0,0,0,0,0,0,0,0,0,0,0,0
5056,0,0,0,0,0,0,0,0,0,0,0,0,0,0,0,0,0,0,0,0,0,0,0,0,0,0,0,0,0,0,0,0,0,0,0,0,0,0,0,0,0,0,0,0,0,0,0,0,0,0,0,0,0,0
5057,0,0,0,0,0,0,0,0,0,0,0,0,0,0,0,0,0,0,0,0,0,0,0,0,0,0,0,0,0,0,0,0,0,0,0,0,0,0,0,0,0,0,0,0,0,0,0,0,0,0,0,0,0,0
5058,0,0,0,0,0,0,0,0,0,0,0,0,0,0,0,0,0,0,0,0,0,0,0,0,0,0,0,0,0,0,0,0,0,0,0,0,0,0,0,0,0,0,0,0,0,0,0,0,0,0,0,0,0,0
5059,0,0,0,0,0,0,0,0,0,0,0,0,0,0,0,0,0,0,0,0,0,0,0,0,0,0,0,0,0,0,0,0,0,0,0,51.0979401260416,51.0979401260416,51.0979401260416,51.0979401260416,51.0979401260416,51.0979401260416,99.5342767697244,99.5342767697244,99.5342767697244,147.97061341341,147.97061341341,172.188781735252,196.406950057095,196.406950057095,196.406950057095,196.406950057095,196.406950057095,196.406950057095,196.406950057095
5060,0,0,0,0,0,0,0,0,0,0,0,0,0,0,0,0,0,0,0,0,0,0,0,0,0,0,0,0,0,0,0,0,0,0,0,0,0,0,0,0,0,0,0,0,0,0,0,0,0,0,0,0,0,0
5061,0,0,0,0,0,0,0,0,0,0,0,0,0,0,0,0,0,0,0,0,0,0,0,0,0,0,0,0,0,0,0,0,0,0,0,0,0,0,0,0,0,0,0,0,0,0,0,0,0,0,0,0,0,0
5062,0,0,0,0,0,0,0,0,0,0,0,0,0,0,0,0,0,0,0,0,0,0,0,0,0,0,0,0,0,0,0,0,0,0,0,0,0,0,0,0,0,0,0,0,0,0,0,0,0,0,0,0,0,0
5063,0,0,0,0,0,0,0,0,0,0,0,0,0,0,0,0,0,44.0175702914416,44.0175702914416,44.0175702914416,44.0175702914416,44.0175702914416,44.0175702914416,44.0175702914416,44.0175702914416,44.0175702914416,44.0175702914416,44.0175702914416,44.0175702914416,44.0175702914416,44.0175702914416,44.0175702914416,44.0175702914416,44.0175702914416,44.0175702914416,44.0175702914416,44.0175702914416,44.0175702914416,44.0175702914416,44.0175702914416,44.0175702914416,44.0175702914416,44.0175702914416,44.0175702914416,44.0175702914416,44.0175702914416,44.0175702914416,44.0175702914416,44.0175702914416,44.0175702914416,44.0175702914416,44.0175702914416,44.0175702914416,44.0175702914416
5064,0,0,0,0,0,0,0,0,0,0,0,0,0,0,0,0,0,0,0,0,0,0,0,0,0,0,0,0,0,0,0,0,0,0,0,0,0,0,0,0,0,0,0,0,0,0,0,0,0,0,0,0,0,0
5065,0,0,0,0,0,0,0,15.7584747241038,15.7584747241038,15.7584747241038,15.7584747241038,15.7584747241038,15.7584747241038,15.7584747241038,15.7584747241038,15.7584747241038,15.7584747241038,15.7584747241038,15.7584747241038,15.7584747241038,15.7584747241038,15.7584747241038,15.7584747241038,15.7584747241038,15.7584747241038,15.7584747241038,15.7584747241038,15.7584747241038,15.7584747241038,15.7584747241038,15.7584747241038,15.7584747241038,15.7584747241038,15.7584747241038,15.7584747241038,15.7584747241038,15.7584747241038,15.7584747241038,15.7584747241038,15.7584747241038,15.7584747241038,15.7584747241038,15.7584747241038,15.7584747241038,15.7584747241038,15.7584747241038,15.7584747241038,15.7584747241038,15.7584747241038,15.7584747241038,15.7584747241038,15.7584747241038,15.7584747241038,15.7584747241038
5066,0,0,0,0,0,0,0,0,0,0,0,0,0,0,0,0,0,0,0,0,0,0,0,0,0,0,0,0,0,0,0,0,0,0,0,0,0,0,0,0,0,0,0,0,0,0,0,0,0,0,0,0,0,0
5067,0,0,0,0,0,0,0,0,0,0,0,0,0,0,0,0,0,0,0,0,0,0,0,0,0,0,0,0,0,0,0,0,0,0,0,0,0,0,0,0,0,0,0,0,0,0,0,0,0,0,0,0,0,0
5068,0,0,0,0,0,0,0,157.791106080243,157.791106080243,157.791106080243,157.791106080243,157.791106080243,157.791106080243,157.791106080243,157.791106080243,157.791106080243,157.791106080243,157.791106080243,157.791106080243,157.791106080243,157.791106080243,157.791106080243,157.791106080243,157.791106080243,157.791106080243,157.791106080243,157.791106080243,157.791106080243,157.791106080243,157.791106080243,157.791106080243,157.791106080243,157.791106080243,157.791106080243,157.791106080243,157.791106080243,157.791106080243,157.791106080243,157.791106080243,157.791106080243,157.791106080243,157.791106080243,157.791106080243,157.791106080243,157.791106080243,157.791106080243,157.791106080243,157.791106080243,157.791106080243,157.791106080243,157.791106080243,157.791106080243,157.791106080243,157.791106080243
5069,0,0,0,0,0,0,0,0,0,0,0,0,0,0,0,0,0,0,0,0,0,0,0,0,0,0,0,0,0,0,0,0,0,0,0,56.93086654243,56.93086654243,56.93086654243,56.93086654243,56.93086654243,56.93086654243,56.93086654243,56.93086654243,56.93086654243,56.93086654243,56.93086654243,56.93086654243,56.93086654243,56.93086654243,56.93086654243,56.93086654243,56.93086654243,56.93086654243,56.93086654243
5070,0,0,0,0,0,0,0,0,0,0,0,0,0,0,0,0,0,0,0,0,0,0,0,0,0,0,0,0,0,0,0,0,0,0,0,0,0,0,0,0,0,0,0,0,0,0,0,0,0,0,0,0,0,0
5071,0,0,0,0,0,0,0,0,0,0,0,0,0,0,0,0,0,0,0,0,0,0,0,0,0,0,0,0,0,0,0,0,0,0,0,0,0,0,0,0,0,0,0,0,0,0,0,0,0,0,0,0,0,0
5072,0,0,0,0,0,0,0,0,0,0,0,0,0,0,0,0,0,0,0,0,0,0,0,0,0,0,0,0,0,0,0,0,0,0,0,0,0,0,0,0,0,0,0,0,0,0,0,0,0,0,0,0,0,0
5073,0,0,0,0,0,0,0,46.8718197016475,46.8718197016475,46.8718197016475,46.8718197016475,46.8718197016475,46.8718197016475,46.8718197016475,46.8718197016475,46.8718197016475,46.8718197016475,46.8718197016475,46.8718197016475,46.8718197016475,46.8718197016475,46.8718197016475,46.8718197016475,46.8718197016475,46.8718197016475,46.8718197016475,46.8718197016475,46.8718197016475,46.8718197016475,46.8718197016475,46.8718197016475,46.8718197016475,46.8718197016475,46.8718197016475,46.8718197016475,46.8718197016475,46.8718197016475,46.8718197016475,46.8718197016475,46.8718197016475,46.8718197016475,46.8718197016475,46.8718197016475,46.8718197016475,46.8718197016475,46.8718197016475,93.7436394033016,93.7436394033016,93.7436394033016,93.7436394033016,93.7436394033016,93.7436394033016,93.7436394033016,93.7436394033016
5074,0,0,0,0,0,0,0,0,0,0,0,0,0,0,0,0,0,0,0,0,0,0,0,0,0,0,0,0,0,0,0,0,0,0,0,22.3415505184503,22.3415505184503,22.3415505184503,22.3415505184503,22.3415505184503,22.3415505184503,97.7731021838719,97.7731021838719,97.7731021838719,203.953104477826,203.953104477826,257.043102212757,310.13310335974,310.13310335974,310.13310335974,310.13310335974,310.13310335974,310.13310335974,310.13310335974
5075,0,0,0,0,0,0,0,0,0,0,0,0,0,0,0,0,0,0,0,0,0,0,0,0,0,0,0,0,0,0,0,0,0,0,0,0,0,0,0,0,0,0,0,0,0,0,0,0,0,0,0,0,0,0
5076,0,0,0,0,0,0,0,0,0,0,0,0,0,0,0,0,0,0,0,0,0,0,0,0,0,0,0,0,0,0,0,0,0,0,0,0,0,0,0,0,0,0,0,0,0,0,0,0,0,0,0,0,0,0
5077,0,0,0,0,0,0,0,0,0,0,0,0,0,0,0,0,0,0,0,0,0,0,0,0,0,0,0,0,0,0,0,0,0,0,0,0,0,0,0,0,0,0,0,0,0,0,0,0,0,0,0,0,0,0
5078,0,0,0,0,0,0,0,0,0,0,0,0,0,0,0,0,0,0,0,0,0,0,0,0,0,0,0,0,0,0,0,0,188.242984233909,188.242984233909,188.242984233909,188.242984233909,188.242984233909,188.242984233909,188.242984233909,188.242984233909,188.242984233909,188.242984233909,188.242984233909,188.242984233909,188.242984233909,188.242984233909,188.242984233909,188.242984233909,188.242984233909,188.242984233909,188.242984233909,188.242984233909,188.242984233909,188.242984233909
5079,0,0,0,0,0,0,0,0,0,0,0,0,0,0,0,0,0,0,0,0,0,0,0,0,0,0,0,0,0,0,0,0,0,0,0,0,0,0,0,0,0,0,0,0,0,0,0,0,0,0,0,0,0,0
5080,0,0,0,0,0,0,0,27.5100672352549,27.5100672352549,27.5100672352549,27.5100672352549,27.5100672352549,27.5100672352549,27.5100672352549,27.5100672352549,27.5100672352549,27.5100672352549,27.5100672352549,27.5100672352549,27.5100672352549,27.5100672352549,27.5100672352549,27.5100672352549,27.5100672352549,27.5100672352549,27.5100672352549,27.5100672352549,27.5100672352549,27.5100672352549,27.5100672352549,27.5100672352549,27.5100672352549,27.5100672352549,27.5100672352549,27.5100672352549,27.5100672352549,27.5100672352549,27.5100672352549,27.5100672352549,27.5100672352549,27.5100672352549,27.5100672352549,27.5100672352549,27.5100672352549,27.5100672352549,27.5100672352549,34.8440586530205,34.8440586530205,34.8440586530205,34.8440586530205,34.8440586530205,34.8440586530205,34.8440586530205,34.8440586530205
5081,0,0,0,0,0,0,0,0,0,0,0,0,0,0,0,0,0,0,0,0,0,0,0,0,0,0,0,0,0,0,0,0,0,0,0,0,0,0,0,0,0,0,0,0,0,0,0,0,0,0,0,0,0,0
5082,0,0,0,0,0,0,0,24.624848755491,24.624848755491,24.624848755491,24.624848755491,24.624848755491,24.624848755491,24.624848755491,24.624848755491,24.624848755491,24.624848755491,24.624848755491,24.624848755491,24.624848755491,24.624848755491,24.624848755491,24.624848755491,24.624848755491,24.624848755491,24.624848755491,24.624848755491,24.624848755491,24.624848755491,24.624848755491,24.624848755491,24.624848755491,24.624848755491,24.624848755491,24.624848755491,91.2584741211212,91.2584741211212,91.2584741211212,91.2584741211212,91.2584741211212,91.2584741211212,157.892099486866,157.892099486866,157.892099486866,224.52572485247,224.52572485247,224.52572485247,257.842537535272,257.842537535272,257.842537535272,257.842537535272,257.842537535272,257.842537535272,257.842537535272
5083,0,0,0,0,0,0,0,0,0,0,0,0,0,0,0,0,0,0,0,0,0,0,0,0,0,0,0,0,0,0,0,0,0,0,0,0,0,0,0,0,0,0,0,0,0,0,0,0,0,0,0,0,0,0
5084,0,0,0,0,0,0,0,47.1886232997894,47.1886232997894,47.1886232997894,47.1886232997894,47.1886232997894,47.1886232997894,47.1886232997894,47.1886232997894,47.1886232997894,47.1886232997894,88.1383575228253,88.1383575228253,88.1383575228253,88.1383575228253,88.1383575228253,88.1383575228253,88.1383575228253,88.1383575228253,88.1383575228253,88.1383575228253,88.1383575228253,88.1383575228253,88.1383575228253,88.1383575228253,88.1383575228253,88.1383575228253,88.1383575228253,88.1383575228253,88.1383575228253,88.1383575228253,88.1383575228253,88.1383575228253,88.1383575228253,88.1383575228253,88.1383575228253,88.1383575228253,88.1383575228253,88.1383575228253,88.1383575228253,88.1383575228253,88.1383575228253,88.1383575228253,88.1383575228253,88.1383575228253,88.1383575228253,88.1383575228253,88.1383575228253
5085,0,0,0,0,0,0,0,0,0,0,0,0,0,0,0,0,0,0,0,0,0,0,0,0,0,0,0,0,0,0,0,0,0,0,0,0,0,0,0,0,0,0,0,0,0,0,0,0,0,0,0,0,0,0
5086,0,0,0,0,0,0,0,0,0,0,0,0,0,0,0,0,0,0,0,0,0,0,0,0,0,0,0,0,0,0,0,0,0,0,0,0,0,0,0,0,0,0,0,0,0,0,0,0,0,0,0,0,0,0
5087,0,0,0,0,0,0,0,0,0,0,0,0,0,0,0,0,0,0,0,0,0,0,0,0,0,0,0,0,0,0,0,0,0,0,0,0,0,0,0,0,0,0,0,0,0,0,0,0,0,0,0,0,0,0
5088,0,0,0,0,0,0,0,0,0,0,0,0,0,0,0,0,0,0,0,0,0,0,0,0,0,0,0,0,0,0,0,0,0,0,0,0,0,0,0,0,0,0,0,10.6597547281137,10.6597547281137,10.6597547281137,10.6597547281137,10.6597547281137,10.6597547281137,10.6597547281137,10.6597547281137,10.6597547281137,10.6597547281137,10.6597547281137
5089,0,0,0,0,0,0,0,0,0,0,0,0,0,0,0,0,0,0,0,0,0,0,0,0,0,0,0,0,0,0,0,0,0,0,0,94.1144089860557,94.1144089860557,94.1144089860557,94.1144089860557,94.1144089860557,94.1144089860557,204.331787520273,204.331787520273,204.331787520273,314.549166054486,314.549166054486,369.657855321589,424.766544588698,424.766544588698,424.766544588698,424.766544588698,424.766544588698,424.766544588698,424.766544588698
5090,0,0,0,0,0,0,0,0,0,0,0,0,0,0,0,0,0,0,0,0,0,0,0,0,0,0,0,0,0,0,0,0,0,0,0,0,0,0,0,0,0,0,0,0,0,0,0,0,0,0,0,0,0,0
5091,0,0,0,0,0,0,0,0,0,0,0,0,0,0,0,0,0,0,0,0,0,0,0,0,0,0,0,0,0,0,0,0,0,0,0,0,0,0,0,0,0,0,0,0,0,0,0,0,0,0,0,0,0,0
5092,0,0,0,0,0,0,0,0,0,0,0,0,0,0,0,0,0,0,0,0,0,0,0,0,0,0,0,0,0,0,0,0,0,0,0,0,0,0,0,0,0,0,0,0,0,0,0,0,0,0,0,0,0,0
5093,0,0,0,0,0,0,0,0,0,0,0,0,0,0,0,0,0,0,0,0,0,0,0,0,0,0,0,0,0,0,0,0,0,0,0,0,0,0,0,0,0,0,0,0,0,0,0,0,0,0,0,0,0,0
5094,0,0,0,0,0,0,0,0,0,0,0,0,0,0,0,0,0,0,0,0,0,0,0,0,0,0,0,0,0,0,0,0,0,0,0,0,0,0,0,0,0,0,0,0,0,0,0,0,0,0,0,0,0,0
5095,0,0,0,0,0,0,0,0,0,0,0,0,0,0,0,0,0,0,0,0,0,0,0,0,0,0,0,0,0,0,0,0,0,0,0,0,0,0,0,0,0,0,0,0,0,0,0,0,0,0,0,0,0,0
5096,0,0,0,0,0,0,0,0,0,0,0,0,0,0,0,0,0,0,0,0,0,0,0,0,0,0,0,0,0,0,0,0,0,0,0,0,0,0,0,0,0,0,0,0,0,0,0,0,0,0,0,0,0,0
5097,0,0,0,0,0,0,0,0,0,0,0,0,0,0,0,0,0,0,0,0,0,0,0,0,0,0,0,0,0,0,0,0,0,0,0,0,0,0,0,0,0,0,0,0,0,0,0,0,0,0,0,0,0,0
5098,0,0,0,0,0,0,0,0,0,0,0,0,0,0,0,0,0,0,0,0,0,0,0,0,0,0,0,0,0,0,0,0,0,0,0,17.2332920289333,17.2332920289333,17.2332920289333,17.2332920289333,17.2332920289333,17.2332920289333,34.4665840578666,34.4665840578666,34.4665840578666,34.4665840578666,34.4665840578666,34.4665840578666,34.4665840578666,34.4665840578666,34.4665840578666,34.4665840578666,34.4665840578666,34.4665840578666,34.4665840578666
5099,0,0,0,0,0,0,0,0,0,0,0,0,0,0,0,0,0,34.4742239750135,34.4742239750135,34.4742239750135,34.4742239750135,34.4742239750135,34.4742239750135,34.4742239750135,34.4742239750135,34.4742239750135,34.4742239750135,34.4742239750135,34.4742239750135,34.4742239750135,34.4742239750135,34.4742239750135,34.4742239750135,34.4742239750135,34.4742239750135,34.4742239750135,34.4742239750135,34.4742239750135,34.4742239750135,34.4742239750135,34.4742239750135,34.4742239750135,34.4742239750135,34.4742239750135,34.4742239750135,34.4742239750135,34.4742239750135,34.4742239750135,34.4742239750135,34.4742239750135,34.4742239750135,34.4742239750135,34.4742239750135,34.4742239750135
5100,0,0,0,0,0,0,0,0,0,0,0,0,0,0,0,0,0,0,0,0,0,0,0,0,0,0,0,0,0,0,0,0,0,0,0,0,0,0,0,0,0,2.37977002478119,2.37977002478119,2.37977002478119,7.13931007431676,7.13931007431676,9.51908009909795,11.8988501238523,11.8988501238523,11.8988501238523,11.8988501238523,11.8988501238523,11.8988501238523,11.8988501238523
5101,0,0,0,0,0,0,0,0,0,0,0,0,0,0,0,0,0,0,0,0,0,0,0,0,0,0,0,0,0,0,0,0,0,0,0,0,0,0,0,0,0,0,0,0,0,0,0,0,0,0,0,0,0,0
5102,0,0,0,0,0,0,0,0,0,0,0,0,0,0,0,0,0,0,0,0,0,0,0,0,0,0,0,0,0,0,0,0,0,0,0,10.7783545348622,10.7783545348622,10.7783545348622,10.7783545348622,10.7783545348622,10.7783545348622,21.5567090697233,21.5567090697233,21.5567090697233,32.3350636045837,32.3350636045837,37.7242408720127,43.1134181394432,43.1134181394432,43.1134181394432,43.1134181394432,43.1134181394432,43.1134181394432,43.1134181394432
5103,0,0,0,0,0,0,0,0,0,0,0,0,0,0,0,0,0,0,0,0,0,0,0,0,0,0,0,0,0,0,0,0,0,0,0,0,0,0,0,0,0,0,0,0,0,0,0,0,0,0,0,0,0,0
5104,0,0,0,0,0,0,0,0,0,0,0,0,0,0,0,0,0,0,0,0,0,0,0,0,0,0,0,0,0,0,0,0,0,0,0,0,0,0,0,0,0,0,0,0,0,0,0,0,0,0,0,0,0,0
5105,0,0,0,0,0,0,0,0,0,0,0,0,0,0,0,0,0,0,0,0,0,0,0,0,0,0,0,0,0,0,0,0,0,0,0,67.6982835906539,67.6982835906539,67.6982835906539,67.6982835906539,67.6982835906539,67.6982835906539,135.396567181312,135.396567181312,135.396567181312,203.094850771967,203.094850771967,236.94399256729,270.793134362618,270.793134362618,270.793134362618,270.793134362618,270.793134362618,270.793134362618,270.793134362618
5106,0,0,0,0,0,0,0,0,0,0,0,0,0,0,0,0,0,0,0,0,0,0,0,0,0,0,0,0,0,0,0,0,0,0,0,0,0,0,0,0,0,0,0,0,0,0,0,0,0,0,0,0,0,0
5107,0,0,0,0,0,0,0,0,0,0,0,0,0,0,0,0,0,0,0,0,0,0,0,0,0,0,0,0,0,0,0,0,0,0,0,0,0,0,0,0,0,0,0,0,0,0,0,0,0,0,0,0,0,0
5108,0,0,0,0,0,0,0,0,0,0,0,0,0,0,0,0,0,0,0,0,0,0,0,0,0,0,0,0,0,0,0,0,0,0,0,0,0,0,0,0,0,0,0,0,0,0,0,0,0,0,0,0,0,0
5109,0,0,0,0,0,0,0,0,0,0,0,0,0,0,0,0,0,0,0,0,0,0,0,0,0,0,0,0,0,0,0,0,0,0,0,0,0,0,0,0,0,0,0,0,0,0,0,0,0,0,0,0,0,0
5110,0,0,0,0,0,0,0,0,0,0,0,0,0,0,0,0,0,0,0,0,0,0,0,0,0,0,0,0,0,0,0,0,0,0,0,0,0,0,0,0,0,0,0,0,0,0,0,0,0,0,0,0,0,0
5111,0,0,0,0,0,0,0,0,0,0,0,0,0,0,0,0,0,0,0,0,0,0,0,0,0,0,0,0,0,0,0,0,0,0,0,0,0,0,0,0,0,0,0,0,0,0,0,0,0,0,0,0,0,0
5112,0,0,0,0,0,0,0,0,0,0,0,0,0,0,0,0,0,0,0,0,0,0,0,0,0,0,0,0,0,0,0,0,0,0,0,0,0,0,0,0,0,0,0,0,0,0,0,0,0,0,0,0,0,0
5113,0,0,0,0,0,0,0,0,0,0,0,0,0,0,0,0,0,0,0,0,0,0,0,0,0,0,0,0,0,0,0,0,0,0,0,0,0,0,0,0,0,0,0,0,0,0,0,0,0,0,0,0,0,0
5114,0,0,0,0,0,0,0,0,0,0,0,0,0,0,0,0,0,0,0,0,0,0,0,0,0,0,0,0,0,0,0,0,0,0,0,0,0,0,0,0,0,0,0,0,0,0,0,0,0,0,0,0,0,0
5115,0,0,0,0,0,0,0,53.2099647683691,53.2099647683691,53.2099647683691,53.2099647683691,53.2099647683691,53.2099647683691,53.2099647683691,53.2099647683691,53.2099647683691,53.2099647683691,53.2099647683691,53.2099647683691,53.2099647683691,53.2099647683691,53.2099647683691,53.2099647683691,53.2099647683691,53.2099647683691,53.2099647683691,53.2099647683691,53.2099647683691,53.2099647683691,53.2099647683691,53.2099647683691,53.2099647683691,53.2099647683691,53.2099647683691,53.2099647683691,53.2099647683691,53.2099647683691,53.2099647683691,53.2099647683691,53.2099647683691,53.2099647683691,53.2099647683691,53.2099647683691,53.2099647683691,53.2099647683691,53.2099647683691,53.2099647683691,53.2099647683691,53.2099647683691,53.2099647683691,53.2099647683691,53.2099647683691,53.2099647683691,53.2099647683691
5116,0,0,0,0,0,0,0,0,0,0,0,0,0,0,0,0,0,0,0,0,0,0,0,0,0,0,0,0,0,0,0,0,0,0,0,0,0,0,0,0,0,0,0,0,0,0,0,0,0,0,0,0,0,0
5117,0,0,0,0,0,0,0,0,0,0,0,0,0,0,0,0,0,0,0,0,0,0,0,0,0,0,0,0,0,0,0,0,0,0,0,0,0,0,0,0,0,0,0,0,0,0,0,0,0,0,0,0,0,0
5118,0,0,0,0,0,0,0,0,0,0,0,0,0,0,0,0,0,0,0,0,0,0,0,0,0,0,0,0,0,0,0,0,0,0,0,0,0,0,0,0,0,0,0,0,0,0,0,0,0,0,0,0,0,0
5119,0,0,0,0,0,0,0,54.2589285450164,54.2589285450164,54.2589285450164,54.2589285450164,54.2589285450164,54.2589285450164,54.2589285450164,54.2589285450164,54.2589285450164,54.2589285450164,54.2589285450164,54.2589285450164,54.2589285450164,54.2589285450164,54.2589285450164,54.2589285450164,54.2589285450164,54.2589285450164,54.2589285450164,54.2589285450164,54.2589285450164,54.2589285450164,54.2589285450164,54.2589285450164,54.2589285450164,54.2589285450164,54.2589285450164,54.2589285450164,263.930227600107,263.930227600107,263.930227600107,263.930227600107,263.930227600107,263.930227600107,473.601526655118,473.601526655118,473.601526655118,683.272825710223,683.272825710223,763.797634271822,868.633283799375,868.633283799375,868.633283799375,868.633283799375,868.633283799375,868.633283799375,868.633283799375
5120,0,0,0,0,0,0,0,0,0,0,0,0,0,0,0,0,0,0,0,0,0,0,0,0,0,0,0,0,0,0,0,0,0,0,0,0,0,0,0,0,0,0,0,0,0,0,0,0,0,0,0,0,0,0
5121,0,0,0,0,0,0,0,44.5088580330546,44.5088580330546,44.5088580330546,44.5088580330546,44.5088580330546,44.5088580330546,44.5088580330546,44.5088580330546,44.5088580330546,44.5088580330546,44.5088580330546,44.5088580330546,44.5088580330546,44.5088580330546,44.5088580330546,44.5088580330546,44.5088580330546,44.5088580330546,44.5088580330546,44.5088580330546,44.5088580330546,44.5088580330546,44.5088580330546,44.5088580330546,44.5088580330546,44.5088580330546,44.5088580330546,44.5088580330546,44.5088580330546,44.5088580330546,44.5088580330546,44.5088580330546,44.5088580330546,44.5088580330546,44.5088580330546,44.5088580330546,44.5088580330546,44.5088580330546,44.5088580330546,184.555462225072,184.555462225072,184.555462225072,184.555462225072,184.555462225072,184.555462225072,184.555462225072,184.555462225072
5122,0,0,0,0,0,0,0,0,0,0,0,0,0,0,0,0,0,0,0,0,0,0,0,0,0,0,0,0,0,0,0,0,0,0,0,0,0,0,0,0,0,0,0,0,0,0,0,0,0,0,0,0,0,0
5123,0,0,0,0,0,0,0,0,0,0,0,0,0,0,0,0,0,0,0,0,0,0,0,0,0,0,0,0,0,0,0,0,0,0,0,0,0,0,0,0,0,0,0,0,0,0,0,0,0,0,0,0,0,0
5124,0,0,0,0,0,0,0,0,0,0,0,0,0,0,0,0,0,0,0,0,0,0,0,0,0,0,0,0,0,0,0,0,0,0,0,0,0,0,0,0,0,0,0,0,0,0,0,0,0,0,0,0,0,0
5125,0,0,0,0,0,0,0,0,0,0,0,0,0,0,0,0,0,0,0,0,0,0,0,0,0,0,0,0,0,0,0,0,0,0,0,35.6904620159379,35.6904620159379,35.6904620159379,35.6904620159379,35.6904620159379,35.6904620159379,71.3809240318755,71.3809240318755,71.3809240318755,107.071386047812,107.071386047812,124.916617055781,142.761848063749,142.761848063749,142.761848063749,142.761848063749,142.761848063749,142.761848063749,142.761848063749
5126,0,0,0,0,0,0,0,0,0,0,0,0,0,0,0,0,0,0,0,0,0,0,0,0,0,0,0,0,0,0,0,0,0,0,0,0,0,0,0,0,0,0,0,0,0,0,0,0,0,0,0,0,0,0
5127,0,0,0,0,0,0,0,0,0,0,0,0,0,0,0,0,0,0,0,0,0,0,0,0,0,0,0,0,0,0,0,0,0,0,0,0,0,0,0,0,0,6.72503910048911,6.72503910048911,6.72503910048911,57.2690512752061,57.2690512752061,57.2690512752061,57.2690512752061,57.2690512752061,57.2690512752061,57.2690512752061,57.2690512752061,57.2690512752061,57.2690512752061
5128,0,0,0,0,0,0,0,0,0,0,0,0,0,0,0,0,0,0,0,0,0,0,0,0,0,0,0,0,0,0,0,0,0,0,0,0,0,0,0,0,0,0,0,0,0,0,0,0,0,0,0,0,0,0
5129,0,0,0,0,0,0,0,0,0,0,0,0,0,0,0,0,0,0,0,0,0,0,0,0,0,0,0,0,0,0,0,0,0,0,0,0,0,0,0,0,0,0,0,0,0,0,0,0,0,0,0,0,0,0
5130,0,0,0,0,0,0,0,0,0,0,0,0,0,0,0,0,0,0,0,0,0,0,0,0,0,0,0,0,0,0,0,0,0,0,0,0,0,0,0,0,0,0,0,0,0,0,0,0,0,0,0,0,0,0
5131,0,0,0,0,0,0,0,0,0,0,0,0,0,0,0,0,0,0,0,0,0,0,0,0,0,0,0,0,0,0,0,0,0,0,0,0,0,0,0,0,0,0,0,0,0,0,0,0,0,0,0,0,0,0
5132,0,0,0,0,0,0,0,0,0,0,0,0,0,0,0,0,0,0,0,0,0,0,0,0,0,0,0,0,0,0,0,0,0,0,0,0,0,0,0,0,0,0,0,0,0,0,0,0,0,0,0,0,0,0
5133,0,0,0,0,0,0,0,0,0,0,0,0,0,0,0,0,0,0,0,0,0,0,0,0,0,0,0,0,0,0,0,0,0,0,0,0,0,0,0,0,0,0,0,0,0,0,0,0,0,0,0,0,0,0
5134,0,0,0,0,0,0,0,61.6537354411173,61.6537354411173,61.6537354411173,61.6537354411173,61.6537354411173,61.6537354411173,61.6537354411173,61.6537354411173,61.6537354411173,61.6537354411173,61.6537354411173,61.6537354411173,61.6537354411173,61.6537354411173,61.6537354411173,61.6537354411173,61.6537354411173,61.6537354411173,61.6537354411173,61.6537354411173,61.6537354411173,61.6537354411173,61.6537354411173,61.6537354411173,61.6537354411173,61.6537354411173,61.6537354411173,61.6537354411173,61.6537354411173,61.6537354411173,61.6537354411173,61.6537354411173,61.6537354411173,61.6537354411173,61.6537354411173,61.6537354411173,61.6537354411173,61.6537354411173,61.6537354411173,61.6537354411173,61.6537354411173,61.6537354411173,61.6537354411173,61.6537354411173,61.6537354411173,61.6537354411173,61.6537354411173
5135,0,0,0,0,0,0,0,0,0,0,0,0,0,0,0,0,0,0,0,0,0,0,0,0,0,0,0,0,0,0,0,0,0,0,0,0,0,0,0,0,0,0,0,0,0,0,0,0,0,0,0,0,0,0
5136,0,0,0,0,0,0,0,0,0,0,0,0,0,0,0,0,0,0,0,0,0,0,0,0,0,0,0,0,0,0,0,0,0,0,0,0,0,0,0,0,0,0,0,0,0,0,0,0,0,0,0,0,0,0
5137,0,0,0,0,0,0,0,0,0,0,0,0,0,0,0,0,0,0,0,0,0,0,0,0,0,0,0,0,0,0,0,0,0,0,0,0,0,0,0,0,0,0,0,0,0,0,0,0,0,0,0,0,0,0
5138,0,0,0,0,0,0,0,0,0,0,0,0,0,0,0,0,0,0,0,0,0,0,0,0,0,0,0,0,0,0,0,0,0,0,0,123.90390344283,123.90390344283,123.90390344283,123.90390344283,123.90390344283,123.90390344283,247.807806885664,247.807806885664,247.807806885664,371.711710328501,371.711710328501,433.663662049911,495.615613771331,495.615613771331,495.615613771331,495.615613771331,495.615613771331,495.615613771331,495.615613771331
5139,0,0,0,0,0,0,0,0,0,0,0,0,0,0,0,0,0,0,0,0,0,0,0,0,0,0,0,0,0,0,0,0,0,0,0,0,0,0,0,0,0,0,0,0,0,0,0,0,0,0,0,0,0,0
5140,0,0,0,0,0,0,0,0,0,0,0,0,0,0,0,0,0,0,0,0,0,0,0,0,0,0,0,0,0,0,0,0,0,0,0,0,0,0,0,0,0,0,0,0,0,0,0,0,0,0,0,0,0,0
5141,0,0,0,0,0,0,0,0,0,0,0,0,0,0,0,0,0,0,0,0,0,0,0,0,0,0,0,0,0,0,0,0,0,0,0,0,0,0,0,0,0,0,0,0,0,0,0,0,0,0,0,0,0,0
5142,0,0,0,0,0,0,0,0,0,0,0,0,0,0,0,0,0,0,0,0,0,0,0,0,0,0,0,0,0,0,0,0,0,0,0,0,0,0,0,0,0,0,0,0,0,0,0,0,0,0,0,0,0,0
5143,0,0,0,0,0,0,0,0,0,0,0,0,0,0,0,0,0,0,0,0,0,0,0,0,0,0,0,0,0,0,0,0,0,0,0,0,0,0,0,0,0,0,0,0,0,0,0,0,0,0,0,0,0,0
5144,0,0,0,0,0,0,0,0,0,0,0,0,0,0,0,0,0,0,0,0,0,0,0,0,0,0,0,0,0,0,0,0,0,0,0,0,0,0,0,0,0,0,0,46.5059614264491,46.5059614264491,46.5059614264491,46.5059614264491,46.5059614264491,46.5059614264491,46.5059614264491,46.5059614264491,46.5059614264491,46.5059614264491,46.5059614264491
5145,0,0,0,0,0,0,0,167.206779482708,167.206779482708,167.206779482708,167.206779482708,167.206779482708,167.206779482708,167.206779482708,167.206779482708,167.206779482708,167.206779482708,167.206779482708,167.206779482708,167.206779482708,167.206779482708,167.206779482708,167.206779482708,167.206779482708,167.206779482708,167.206779482708,167.206779482708,167.206779482708,167.206779482708,167.206779482708,167.206779482708,167.206779482708,167.206779482708,167.206779482708,167.206779482708,167.206779482708,167.206779482708,167.206779482708,167.206779482708,167.206779482708,167.206779482708,167.206779482708,167.206779482708,167.206779482708,167.206779482708,167.206779482708,167.206779482708,167.206779482708,167.206779482708,167.206779482708,167.206779482708,167.206779482708,167.206779482708,167.206779482708
5146,0,0,0,0,0,0,0,0,0,0,0,0,0,0,0,0,0,0,0,0,0,0,0,0,0,0,0,0,0,0,0,0,0,0,0,0,0,0,0,0,0,0,0,0,0,0,0,0,0,0,0,0,0,0
5147,0,0,0,0,0,0,0,0,0,0,0,0,0,0,0,0,0,0,0,0,0,0,0,0,0,0,0,0,0,0,0,0,0,0,0,0,0,0,0,0,0,0,0,0,0,0,0,0,0,0,0,0,0,0
6001,0,0,0,0,0,0,0,0,0,0,0,0,0,0,0,0,0,0,0,0,0,0,0,0,0,0,0,0,0,0,0,0,0,0,0,0,0,0,0,0,0,0,0,0,0,0,0,0,0,0,0,0,0,0
6002,0,0,0,0,0,0,0,0,0,0,0,0,0,0,0,0,0,0,0,0,0,0,0,0,0,0,0,0,0,0,0,0,0,0,0,0,0,0,0,0,0,0,0,0,0,0,0,0,0,0,0,0,0,0
6003,0,0,0,0,0,0,0,0,0,0,0,0,0,0,0,52.3015669395928,52.3015669395928,52.3015669395928,52.3015669395928,52.3015669395928,52.3015669395928,52.3015669395928,52.3015669395928,52.3015669395928,52.3015669395928,52.3015669395928,52.3015669395928,52.3015669395928,52.3015669395928,52.3015669395928,52.3015669395928,52.3015669395928,52.3015669395928,52.3015669395928,52.3015669395928,52.3015669395928,52.3015669395928,52.3015669395928,52.3015669395928,52.3015669395928,126.273592903312,200.245618867041,200.245618867041,200.245618867041,200.245618867041,274.217644830769,348.189670794488,422.161696758216,422.161696758216,422.161696758216,422.161696758216,422.161696758216,422.161696758216,422.161696758216
6004,0,0,0,0,0,0,0,0,0,0,0,0,0,0,0,0,0,0,0,0,0,0,0,0,0,0,0,0,0,0,0,0,0,0,0,0,0,0,0,0,0,0,0,0,0,0,0,0,0,0,0,0,0,0
6005,0,0,0,0,0,0,0,0,0,0,0,0,0,0,0,0,0,0,0,0,0,0,0,0,0,0,0,0,0,0,0,0,0,0,0,0,0,0,0,0,0,0,0,0,0,0,0,0,0,0,0,0,0,0
6006,0,0,0,0,0,0,0,0,0,0,0,0,0,0,0,0,0,0,0,0,0,0,0,0,0,0,0,0,0,0,0,0,0,0,0,0,0,0,0,0,0,0,0,0,0,0,0,0,0,0,0,0,0,0
6007,0,0,0,0,0,0,0,0,0,0,0,0,0,0,0,0,0,0,0,0,0,0,0,0,0,0,0,0,0,0,0,0,0,0,0,0,0,0,0,0,0,0,0,0,0,0,0,0,0,0,0,0,0,0
6008,0,0,0,0,0,0,0,0,0,0,0,0,0,0,0,16.6056167297646,16.6056167297646,16.6056167297646,16.6056167297646,16.6056167297646,16.6056167297646,16.6056167297646,16.6056167297646,16.6056167297646,16.6056167297646,16.6056167297646,16.6056167297646,16.6056167297646,16.6056167297646,16.6056167297646,16.6056167297646,16.6056167297646,16.6056167297646,16.6056167297646,16.6056167297646,16.6056167297646,16.6056167297646,16.6056167297646,16.6056167297646,16.6056167297646,33.2112334595108,49.8168501892574,49.8168501892574,49.8168501892574,49.8168501892574,66.4224669190039,66.4224669190039,83.0280836487476,83.0280836487476,83.0280836487476,83.0280836487476,83.0280836487476,83.0280836487476,83.0280836487476
6009,0,0,0,0,0,0,0,0,0,0,0,0,0,0,0,0,0,0,0,0,0,0,0,0,0,0,0,0,0,0,0,0,60.0990247838297,60.0990247838297,60.0990247838297,60.0990247838297,60.0990247838297,60.0990247838297,60.0990247838297,60.0990247838297,60.0990247838297,60.0990247838297,60.0990247838297,60.0990247838297,60.0990247838297,60.0990247838297,60.0990247838297,60.0990247838297,60.0990247838297,60.0990247838297,60.0990247838297,60.0990247838297,60.0990247838297,60.0990247838297
6010,0,0,0,0,0,0,0,0,0,0,0,0,0,0,0,0,0,0,0,0,0,0,0,0,0,0,0,0,0,0,0,0,0,0,0,0,0,0,0,0,0,0,0,0,0,0,0,0,0,0,0,0,0,0
6011,0,0,0,0,0,0,0,0,0,0,0,0,0,0,0,0,0,0,0,0,0,0,0,0,0,0,0,0,0,0,0,0,69.2536104120842,69.2536104120842,69.2536104120842,69.2536104120842,69.2536104120842,69.2536104120842,69.2536104120842,69.2536104120842,69.2536104120842,69.2536104120842,69.2536104120842,93.6912279043255,93.6912279043255,93.6912279043255,93.6912279043255,93.6912279043255,93.6912279043255,93.6912279043255,93.6912279043255,93.6912279043255,93.6912279043255,93.6912279043255
6012,0,0,0,0,0,0,0,0,0,0,0,0,0,0,0,0,0,0,0,0,0,0,0,139.137562327132,139.137562327132,139.137562327132,139.137562327132,139.137562327132,139.137562327132,139.137562327132,139.137562327132,280.079059167336,280.079059167336,280.079059167336,280.079059167336,280.079059167336,280.079059167336,280.079059167336,280.079059167336,280.079059167336,280.079059167336,280.079059167336,280.079059167336,280.079059167336,280.079059167336,280.079059167336,280.079059167336,280.079059167336,280.079059167336,280.079059167336,280.079059167336,280.079059167336,280.079059167336,280.079059167336
6013,0,0,0,0,0,0,0,0,0,0,0,0,0,0,0,0,0,0,0,0,0,0,0,0,0,0,0,0,0,0,0,0,0,0,0,0,0,0,0,0,0,0,0,0,0,0,0,0,0,0,0,0,0,0
6014,0,0,0,0,0,0,0,0,0,0,0,0,0,0,0,0,0,0,0,0,0,0,0,0,0,0,0,0,0,0,0,0,0,0,0,0,0,0,0,0,0,0,0,0,0,0,0,0,0,0,0,0,0,0
6015,0,0,0,0,0,0,0,0,0,0,0,0,0,0,0,0,0,0,0,0,0,0,0,0,0,0,0,0,0,0,0,0,0,0,0,0,0,0,0,0,0,0,0,0,0,0,0,0,0,0,0,0,0,0
6016,0,0,0,0,0,0,0,0,0,0,0,0,0,0,0,0,0,0,0,0,0,0,0,0,0,0,0,0,0,0,0,0,0,0,0,0,0,0,0,0,0,0,0,0,0,0,0,0,0,0,0,0,0,0
6017,0,0,0,0,0,0,0,0,0,0,0,0,0,0,0,0,0,0,0,0,0,0,0,0,0,0,0,0,0,0,0,0,0,0,0,0,0,0,0,0,0,0,0,0,0,0,0,0,0,0,0,0,0,0
6018,0,0,0,0,0,0,0,0,0,0,0,0,0,0,0,0,0,0,0,0,0,0,0,0,0,0,0,0,0,0,0,0,0,0,0,0,0,0,0,0,0,0,0,0,0,0,0,0,0,0,0,0,0,0
6019,0,0,0,0,0,0,0,0,0,0,0,0,0,0,0,0,0,0,0,0,0,0,0,0,0,0,0,0,0,0,0,0,0,0,0,0,0,0,0,0,33.7533547699893,67.5067095399766,67.5067095399766,67.5067095399766,67.5067095399766,101.260064309966,101.260064309966,135.013419079956,135.013419079956,135.013419079956,135.013419079956,135.013419079956,135.013419079956,135.013419079956
6020,0,0,0,0,0,0,0,0,0,0,0,0,0,0,0,0,0,0,0,0,0,0,0,0,0,0,0,0,0,0,0,0,0,0,0,0,0,0,0,0,0,0,0,0,0,0,0,0,0,0,0,0,0,0
6021,0,0,0,0,0,0,0,0,0,0,0,0,0,0,0,0,0,0,0,0,0,0,0,33.3390961285646,33.3390961285646,33.3390961285646,33.3390961285646,33.3390961285646,33.3390961285646,33.3390961285646,33.3390961285646,124.3963295041,124.3963295041,124.3963295041,124.3963295041,124.3963295041,124.3963295041,124.3963295041,124.3963295041,124.3963295041,124.3963295041,124.3963295041,124.3963295041,124.3963295041,124.3963295041,124.3963295041,124.3963295041,124.3963295041,124.3963295041,124.3963295041,124.3963295041,124.3963295041,124.3963295041,124.3963295041
6022,0,0,0,0,0,0,0,0,0,0,0,0,0,0,0,0,0,0,0,0,0,0,0,0,0,0,0,0,0,0,0,0,0,0,0,0,0,0,0,0,0,0,0,0,0,0,0,0,0,0,0,0,0,0
6023,0,0,0,0,0,0,0,0,0,0,0,0,0,0,0,0,0,0,0,0,0,0,0,0,0,0,0,0,0,0,0,0,0,0,0,0,0,0,0,0,0,0,0,0,0,0,0,0,0,0,0,0,0,0
6024,0,0,0,0,0,0,0,0,0,0,0,0,0,0,0,0,0,0,0,0,0,0,0,0,0,0,0,0,0,0,0,0,0,0,0,0,0,0,0,0,0,0,0,0,0,0,0,0,0,0,0,0,0,0
6025,0,0,0,0,0,0,0,0,0,0,0,0,0,0,0,0,0,0,0,0,0,0,0,0,0,0,0,0,0,0,0,0,0,0,0,0,0,0,0,0,0,0,0,0,0,0,0,0,0,0,0,0,0,0
6026,0,0,0,0,0,0,0,0,0,0,0,0,0,0,0,0,0,0,0,0,0,0,0,83.081761994466,83.081761994466,83.081761994466,83.081761994466,83.081761994466,83.081761994466,83.081761994466,83.081761994466,262.742860061182,262.742860061182,262.742860061182,262.742860061182,262.742860061182,262.742860061182,262.742860061182,262.742860061182,262.742860061182,262.742860061182,262.742860061182,262.742860061182,262.742860061182,262.742860061182,262.742860061182,262.742860061182,262.742860061182,262.742860061182,262.742860061182,262.742860061182,262.742860061182,262.742860061182,262.742860061182
6027,0,0,0,0,0,0,0,0,0,0,0,0,0,0,0,0,0,0,0,0,0,0,0,0,0,0,0,0,0,0,0,0,49.4613216564461,49.4613216564461,49.4613216564461,49.4613216564461,49.4613216564461,49.4613216564461,49.4613216564461,49.4613216564461,49.4613216564461,49.4613216564461,49.4613216564461,87.0358041464139,87.0358041464139,87.0358041464139,87.0358041464139,87.0358041464139,87.0358041464139,87.0358041464139,87.0358041464139,87.0358041464139,87.0358041464139,87.0358041464139
6028,0,0,0,0,0,0,0,0,0,0,0,0,0,0,0,0,0,0,0,0,0,0,0,0,0,0,0,0,0,0,0,0,0,0,0,0,0,0,0,0,0,0,0,0,0,0,0,0,0,0,0,0,0,0
6029,0,0,0,0,0,0,0,0,0,0,0,0,0,0,0,0,0,0,0,0,0,0,0,0,0,0,0,0,0,0,0,0,0,0,0,0,0,0,0,0,0,0,0,0,0,0,0,0,0,0,0,0,0,0
6030,0,0,0,0,0,0,0,0,0,0,0,0,0,0,0,0,0,0,0,0,7.50874332278631,7.50874332278631,7.50874332278631,7.50874332278631,7.50874332278631,7.50874332278631,7.50874332278631,7.50874332278631,7.50874332278631,7.50874332278631,7.50874332278631,7.50874332278631,7.50874332278631,7.50874332278631,7.50874332278631,7.50874332278631,7.50874332278631,7.50874332278631,7.50874332278631,7.50874332278631,67.5574203170875,127.606092247527,127.606092247527,127.606092247527,127.606092247527,187.654764177964,194.738026087423,254.78670308172,254.78670308172,254.78670308172,254.78670308172,254.78670308172,254.78670308172,254.78670308172
6031,0,0,0,0,0,0,0,0,0,0,0,0,0,0,0,0,0,0,0,0,0,0,0,0,0,0,0,0,0,0,0,0,0,0,0,0,0,0,0,0,0,0,0,0,0,0,0,0,0,0,0,0,0,0
6032,0,0,0,0,0,0,0,0,0,0,0,0,0,0,0,0,0,0,0,0,0,0,0,0,0,0,0,0,0,0,0,0,0,0,0,0,0,0,0,0,0,0,0,0,0,0,0,0,0,0,0,0,0,0
6033,0,0,0,0,0,0,0,0,0,0,0,0,0,0,0,0,0,0,0,0,0,0,0,0,0,0,0,0,0,0,0,0,0,0,0,0,0,0,0,0,0,0,0,0,0,0,0,0,0,0,0,0,0,0
6034,0,0,0,0,0,0,0,0,0,0,0,0,0,0,0,0,0,0,0,0,0,0,0,0,0,0,0,0,0,0,0,0,0,0,0,0,0,0,0,0,0,0,0,0,0,0,0,0,0,0,0,0,0,0
6035,0,0,0,0,0,0,0,0,0,0,0,0,0,0,0,0,0,0,0,0,0,0,0,25.022484999332,25.022484999332,25.022484999332,25.022484999332,25.022484999332,25.022484999332,25.022484999332,25.022484999332,50.0449699986641,50.0449699986641,50.0449699986641,50.0449699986641,50.0449699986641,50.0449699986641,50.0449699986641,50.0449699986641,50.0449699986641,50.0449699986641,50.0449699986641,50.0449699986641,50.0449699986641,50.0449699986641,50.0449699986641,50.0449699986641,50.0449699986641,50.0449699986641,50.0449699986641,50.0449699986641,50.0449699986641,50.0449699986641,50.0449699986641
6036,0,0,0,0,0,0,0,0,0,0,0,0,0,0,0,0,0,0,0,0,0,0,0,0,0,0,0,0,0,0,0,0,102.274513707425,102.274513707425,102.274513707425,102.274513707425,102.274513707425,102.274513707425,102.274513707425,102.274513707425,102.274513707425,102.274513707425,102.274513707425,160.189310812233,160.189310812233,160.189310812233,160.189310812233,160.189310812233,160.189310812233,160.189310812233,160.189310812233,160.189310812233,160.189310812233,160.189310812233
6037,0,0,0,0,0,0,0,0,0,0,0,0,0,0,0,0,0,0,0,0,0,0,0,0,0,0,0,0,0,0,0,0,0,0,0,0,0,0,0,0,0,0,0,0,0,0,0,0,0,0,0,0,0,0
6038,0,0,0,0,0,0,0,0,0,0,0,0,0,0,0,112.98350297687,112.98350297687,112.98350297687,112.98350297687,112.98350297687,112.98350297687,112.98350297687,112.98350297687,112.98350297687,112.98350297687,112.98350297687,112.98350297687,112.98350297687,112.98350297687,112.98350297687,112.98350297687,112.98350297687,112.98350297687,112.98350297687,112.98350297687,112.98350297687,112.98350297687,112.98350297687,112.98350297687,112.98350297687,225.967005953774,338.950508930669,338.950508930669,338.950508930669,338.950508930669,451.93401190756,451.93401190756,564.917514884456,564.917514884456,564.917514884456,564.917514884456,564.917514884456,564.917514884456,564.917514884456
6039,0,0,0,0,0,0,0,0,0,0,0,0,0,0,0,0,0,0,0,0,0,0,0,0,0,0,0,0,0,0,0,0,0,0,0,0,0,0,0,0,0,0,0,0,0,0,0,0,0,0,0,0,0,0
6040,0,0,0,0,0,0,0,0,0,0,0,0,0,0,0,0,0,0,0,0,0,0,0,0,0,0,0,0,0,0,0,0,0,0,0,0,0,0,0,0,0,0,0,0,0,0,0,0,0,0,0,0,0,0
6041,0,0,0,0,0,0,0,0,0,0,0,0,0,0,0,0,0,0,0,0,0,0,0,0,0,0,0,0,0,0,0,0,0,0,0,0,0,0,0,0,0,0,0,0,0,0,0,0,0,0,0,0,0,0
6042,0,0,0,0,0,0,0,0,0,0,0,0,0,0,0,0,0,0,0,0,0,0,0,0,0,0,0,0,0,0,0,0,0,0,0,0,0,0,0,0,0,0,0,0,0,0,0,0,0,0,0,0,0,0
6043,0,0,0,0,0,0,0,0,0,0,0,0,0,0,0,0,0,0,0,0,0,0,0,0,0,0,0,0,0,0,0,0,0,0,0,0,0,0,0,0,0,0,0,0,0,0,0,0,0,0,0,0,0,0
6044,0,0,0,0,0,0,0,0,0,0,0,0,0,0,0,0,0,0,0,0,0,0,0,0,0,0,0,0,0,0,0,0,0,0,0,0,0,0,0,0,0,0,0,0,0,0,0,0,0,0,0,0,0,0
6045,0,0,0,0,0,0,0,0,0,0,0,0,0,0,0,0,0,0,0,0,0,0,0,0,0,0,0,0,0,0,0,0,0,0,0,0,0,0,0,0,0,0,0,0,0,0,0,0,0,0,0,0,0,0
6046,0,0,0,0,0,0,0,0,0,0,0,0,0,0,0,0,0,0,0,0,0,0,0,0,0,0,0,0,0,0,0,0,20.7261555398433,20.7261555398433,20.7261555398433,20.7261555398433,20.7261555398433,20.7261555398433,20.7261555398433,20.7261555398433,20.7261555398433,20.7261555398433,20.7261555398433,20.7261555398433,20.7261555398433,20.7261555398433,20.7261555398433,20.7261555398433,20.7261555398433,20.7261555398433,20.7261555398433,20.7261555398433,20.7261555398433,20.7261555398433
6047,0,0,0,0,0,0,0,0,0,0,0,0,0,0,0,0,0,0,0,0,0,0,0,0,0,0,0,0,0,0,0,0,55.6321624687086,55.6321624687086,55.6321624687086,55.6321624687086,55.6321624687086,55.6321624687086,55.6321624687086,55.6321624687086,55.6321624687086,55.6321624687086,55.6321624687086,83.4482437030644,83.4482437030644,83.4482437030644,83.4482437030644,83.4482437030644,83.4482437030644,83.4482437030644,83.4482437030644,83.4482437030644,83.4482437030644,83.4482437030644
6048,0,0,0,0,0,0,0,0,0,0,0,0,0,0,0,92.267775433257,92.267775433257,92.267775433257,92.267775433257,92.267775433257,92.267775433257,92.267775433257,92.267775433257,92.267775433257,92.267775433257,92.267775433257,92.267775433257,92.267775433257,92.267775433257,92.267775433257,92.267775433257,92.267775433257,92.267775433257,92.267775433257,92.267775433257,92.267775433257,92.267775433257,92.267775433257,92.267775433257,92.267775433257,138.401663149861,184.535550866463,184.535550866463,184.535550866463,184.535550866463,230.669438583081,276.803326299689,322.937214016306,322.937214016306,322.937214016306,322.937214016306,322.937214016306,322.937214016306,322.937214016306
6049,0,0,0,0,0,0,0,0,0,0,0,0,0,0,0,0,0,0,0,0,0,0,0,0,0,0,0,0,0,0,0,0,0,0,0,67.0495458985286,67.0495458985286,67.0495458985286,67.0495458985286,67.0495458985286,134.099081011352,134.099081011352,134.099081011352,134.099081011352,134.099081011352,134.099081011352,134.099081011352,201.148626909882,201.148626909882,201.148626909882,201.148626909882,201.148626909882,201.148626909882,201.148626909882
6050,0,0,0,0,0,0,0,0,0,0,0,0,0,0,0,44.5853648727437,44.5853648727437,64.9924741470419,64.9924741470419,64.9924741470419,64.9924741470419,64.9924741470419,64.9924741470419,120.387680005141,120.387680005141,120.387680005141,120.387680005141,120.387680005141,120.387680005141,120.387680005141,120.387680005141,175.782885863238,175.782885863238,175.782885863238,175.782885863238,175.782885863238,175.782885863238,175.782885863238,175.782885863238,175.782885863238,175.782885863238,175.782885863238,175.782885863238,175.782885863238,175.782885863238,175.782885863238,218.482677573906,218.482677573906,218.482677573906,218.482677573906,218.482677573906,218.482677573906,218.482677573906,218.482677573906
6051,0,0,0,0,0,0,0,0,0,0,0,0,0,0,0,0,0,0,0,0,0,0,0,0,0,0,0,0,0,0,0,0,0,0,0,14.9260161464811,14.9260161464811,14.9260161464811,14.9260161464811,14.9260161464811,29.8520271815002,29.8520271815002,29.8520271815002,29.8520271815002,29.8520271815002,29.8520271815002,29.8520271815002,44.7780433279816,44.7780433279816,44.7780433279816,44.7780433279816,44.7780433279816,44.7780433279816,44.7780433279816
6052,0,0,0,0,0,0,0,0,0,0,0,0,0,0,0,0,0,0,0,0,0,0,0,0,0,0,0,0,0,0,0,0,0,0,0,0,0,0,0,0,0,0,0,0,0,0,0,0,0,0,0,0,0,0
6053,0,0,0,0,0,0,0,0,0,0,0,0,0,0,0,0,0,0,0,0,0,0,0,0,0,0,0,0,0,0,0,6.22520772003415,6.22520772003415,6.22520772003415,6.22520772003415,6.22520772003415,6.22520772003415,6.22520772003415,6.22520772003415,6.22520772003415,6.22520772003415,6.22520772003415,6.22520772003415,6.22520772003415,6.22520772003415,6.22520772003415,6.22520772003415,6.22520772003415,6.22520772003415,6.22520772003415,6.22520772003415,6.22520772003415,6.22520772003415,6.22520772003415
6054,0,0,0,0,0,0,0,0,0,0,0,0,0,0,0,0,0,0,0,0,0,0,0,0,0,0,0,0,0,0,0,0,0,0,0,0,0,0,0,0,0,0,0,0,0,0,0,0,0,0,0,0,0,0
6055,0,0,0,0,0,0,0,0,0,0,0,0,0,0,0,0,0,0,0,0,0,0,0,0,0,0,0,0,0,0,0,0,0,0,0,0,0,0,0,0,0,0,0,0,0,0,0,0,0,0,0,0,0,0
6056,0,0,0,0,0,0,0,0,0,0,0,0,0,0,0,0,0,0,0,0,0,0,0,0,0,0,0,0,0,0,0,0,0,0,0,0,0,0,0,0,0,0,0,0,0,0,0,0,0,0,0,0,0,0
6057,0,0,0,0,0,0,0,0,0,0,0,0,0,0,0,0,0,0,0,0,0,0,0,0,0,0,0,0,0,0,0,0,0,0,0,0,0,0,0,0,0,0,0,0,0,0,0,0,0,0,0,0,0,0
6058,0,0,0,0,0,0,0,0,0,0,0,0,0,0,0,0,0,0,0,0,0,0,0,0,0,0,0,0,0,0,0,0,0,0,0,0,0,0,0,0,0,0,0,0,0,0,0,0,0,0,0,0,0,0
6059,0,0,0,0,0,0,0,0,0,0,0,0,0,0,0,0,0,0,0,0,0,0,0,0,0,0,0,0,0,0,0,0,0,0,0,54.2413173275549,54.2413173275549,54.2413173275549,54.2413173275549,54.2413173275549,108.482634655108,108.482634655108,108.482634655108,108.482634655108,108.482634655108,108.482634655108,108.482634655108,162.723951982659,162.723951982659,162.723951982659,162.723951982659,162.723951982659,162.723951982659,162.723951982659
6060,0,0,0,0,0,0,0,0,0,0,0,0,0,0,0,0,0,0,0,0,0,0,0,0,0,0,0,0,0,0,0,0,0,0,0,0,0,0,0,0,0,0,0,0,0,0,0,0,0,0,0,0,0,0
6061,0,0,0,0,0,0,0,0,0,0,0,0,0,0,0,0,0,0,0,0,0,0,0,0,0,0,0,0,0,0,0,0,0,0,0,0,0,0,0,0,0,0,0,0,0,0,0,0,0,0,0,0,0,0
6062,0,0,0,0,0,0,0,0,0,0,0,0,0,0,0,52.6277736396394,52.6277736396394,52.6277736396394,52.6277736396394,52.6277736396394,116.845043472385,116.845043472385,116.845043472385,116.845043472385,116.845043472385,116.845043472385,116.845043472385,116.845043472385,116.845043472385,116.845043472385,116.845043472385,116.845043472385,116.845043472385,116.845043472385,116.845043472385,116.845043472385,116.845043472385,116.845043472385,116.845043472385,116.845043472385,214.548310628568,312.251577784745,312.251577784745,312.251577784745,312.251577784745,409.954844940924,409.954844940924,507.658112097106,507.658112097106,507.658112097106,507.658112097106,507.658112097106,507.658112097106,507.658112097106
6063,0,0,0,0,0,0,0,0,0,0,0,0,0,0,0,0,0,0,0,0,0,0,0,0,0,0,0,0,0,0,0,0,0,0,0,0,0,0,0,0,0,0,0,0,0,0,0,0,0,0,0,0,0,0
6064,0,0,0,0,0,0,0,0,0,0,0,0,0,0,0,0,0,0,0,0,0,0,0,0,0,0,0,0,0,0,0,0,0,0,0,0,0,0,0,0,0,0,0,0,0,0,0,0,0,0,0,0,0,0
6065,0,0,0,0,0,0,0,0,0,0,0,0,0,0,0,0,0,0,0,0,0,0,0,0,0,0,0,0,0,0,0,0,0,0,0,0,0,0,0,0,0,0,0,0,0,0,0,0,0,0,0,0,0,0
6066,0,0,0,0,0,0,0,0,0,0,0,0,0,0,0,0,0,0,0,0,0,0,0,0,0,0,0,0,0,0,0,0,0,0,0,0,0,0,0,0,0,0,0,0,0,0,0,0,0,0,0,0,0,0
6067,0,0,0,0,0,0,0,0,0,0,0,0,0,0,0,0,0,0,0,0,0,0,0,0,0,0,0,0,0,0,0,0,0,0,0,0,0,0,0,0,0,0,0,0,0,0,0,0,0,0,0,0,0,0
6068,0,0,0,0,0,0,0,0,0,0,0,0,0,0,0,0,0,0,0,0,0,0,0,0,0,0,0,0,0,0,0,0,0,0,0,0,0,0,0,0,0,0,0,0,0,0,0,0,0,0,0,0,0,0
6069,0,0,0,0,0,0,0,0,0,0,0,0,0,0,0,0,0,0,0,0,0,0,0,0,0,0,0,0,0,0,0,0,0,0,0,0,0,0,0,0,0,0,0,0,0,0,0,0,0,0,0,0,0,0
6070,0,0,0,0,0,0,0,0,0,0,0,0,0,0,0,0,0,0,0,0,0,0,0,0,0,0,0,0,0,0,0,0,0,0,0,0,0,0,0,0,0,0,0,0,0,0,0,0,0,0,0,0,0,0
6071,0,0,0,0,0,0,0,0,0,0,0,0,0,0,0,0,0,0,0,0,0,0,0,0,0,0,0,0,0,0,0,0,0,0,0,0,0,0,0,0,0,0,0,0,0,0,0,0,0,0,0,0,0,0
6072,0,0,0,0,0,0,0,0,0,0,0,0,0,0,0,0,0,0,0,0,0,0,0,0,0,0,0,0,0,0,0,0,0,0,0,0,0,0,0,0,0,0,0,0,0,0,0,0,0,0,0,0,0,0
6073,0,0,0,0,0,0,0,0,0,0,0,0,0,0,0,0,0,0,0,0,89.2881458135022,89.2881458135022,89.2881458135022,89.2881458135022,89.2881458135022,89.2881458135022,89.2881458135022,89.2881458135022,89.2881458135022,89.2881458135022,89.2881458135022,89.2881458135022,89.2881458135022,89.2881458135022,89.2881458135022,89.2881458135022,89.2881458135022,89.2881458135022,89.2881458135022,89.2881458135022,89.2881458135022,89.2881458135022,89.2881458135022,89.2881458135022,89.2881458135022,89.2881458135022,89.2881458135022,89.2881458135022,89.2881458135022,89.2881458135022,89.2881458135022,89.2881458135022,89.2881458135022,89.2881458135022
6074,0,0,0,0,0,0,0,0,0,0,0,0,0,0,0,0,0,0,0,0,0,0,0,0,0,0,0,0,0,0,0,0,0,0,0,0,0,0,0,0,0,0,0,0,0,0,0,0,0,0,0,0,0,0
6075,0,0,0,0,0,0,0,0,0,0,0,0,0,0,0,0,0,0,0,0,0,0,0,3.76217638814754,3.76217638814754,3.76217638814754,3.76217638814754,3.76217638814754,3.76217638814754,3.76217638814754,3.76217638814754,3.76217638814754,3.76217638814754,3.76217638814754,3.76217638814754,3.76217638814754,3.76217638814754,3.76217638814754,3.76217638814754,3.76217638814754,3.76217638814754,3.76217638814754,3.76217638814754,3.76217638814754,3.76217638814754,3.76217638814754,3.76217638814754,3.76217638814754,3.76217638814754,3.76217638814754,3.76217638814754,3.76217638814754,3.76217638814754,3.76217638814754
6076,0,0,0,0,0,0,0,0,0,0,0,0,0,0,0,88.4840657063651,88.4840657063651,88.4840657063651,88.4840657063651,88.4840657063651,88.4840657063651,88.4840657063651,88.4840657063651,88.4840657063651,88.4840657063651,88.4840657063651,88.4840657063651,88.4840657063651,88.4840657063651,88.4840657063651,88.4840657063651,88.4840657063651,88.4840657063651,88.4840657063651,88.4840657063651,88.4840657063651,88.4840657063651,88.4840657063651,88.4840657063651,88.4840657063651,145.953730759745,203.423395813116,203.423395813116,203.423395813116,203.423395813116,260.893076236757,318.362741290136,375.832406343506,375.832406343506,375.832406343506,375.832406343506,375.832406343506,375.832406343506,375.832406343506
6077,0,0,0,0,0,0,0,0,0,0,0,0,0,0,0,0,0,0,0,0,0,0,0,0,0,0,0,0,0,0,0,0,0,0,0,0,0,0,0,0,77.7423465120605,155.484693024122,155.484693024122,155.484693024122,155.484693024122,233.227039536181,233.227039536181,310.969395623465,310.969395623465,310.969395623465,310.969395623465,310.969395623465,310.969395623465,310.969395623465
6078,0,0,0,0,0,0,0,0,0,0,0,0,0,0,0,0,0,0,0,0,0,0,0,0,0,0,0,0,0,0,0,0,0,0,0,0,0,0,0,0,0,0,0,0,0,0,0,0,0,0,0,0,0,0
6079,0,0,0,0,0,0,0,0,0,0,0,0,0,0,0,0,0,0,0,0,0,0,0,0,0,0,0,0,0,0,0,0,0,0,0,0,0,0,0,0,0,0,0,0,0,0,0,0,0,0,0,0,0,0
6080,0,0,0,0,0,0,0,0,0,0,0,0,0,0,0,0,0,0,0,0,51.5623931406929,51.5623931406929,51.5623931406929,51.5623931406929,51.5623931406929,51.5623931406929,51.5623931406929,51.5623931406929,51.5623931406929,51.5623931406929,51.5623931406929,51.5623931406929,51.5623931406929,51.5623931406929,51.5623931406929,51.5623931406929,51.5623931406929,51.5623931406929,51.5623931406929,51.5623931406929,51.5623931406929,51.5623931406929,51.5623931406929,51.5623931406929,51.5623931406929,51.5623931406929,51.5623931406929,51.5623931406929,51.5623931406929,51.5623931406929,51.5623931406929,51.5623931406929,51.5623931406929,51.5623931406929
6081,0,0,0,0,0,0,0,0,0,0,0,0,0,0,0,25.9987258982989,25.9987258982989,25.9987258982989,25.9987258982989,25.9987258982989,92.455992750118,92.455992750118,92.455992750118,92.455992750118,92.455992750118,92.455992750118,92.455992750118,92.455992750118,92.455992750118,92.455992750118,92.455992750118,92.455992750118,92.455992750118,92.455992750118,92.455992750118,92.455992750118,92.455992750118,92.455992750118,92.455992750118,92.455992750118,92.455992750118,92.455992750118,92.455992750118,92.455992750118,92.455992750118,92.455992750118,92.455992750118,92.455992750118,92.455992750118,92.455992750118,92.455992750118,92.455992750118,92.455992750118,92.455992750118
6082,0,0,0,0,0,0,0,0,0,0,0,0,0,0,0,0,0,0,0,0,0,0,0,0,0,0,0,0,0,0,0,0,0,0,0,0,0,0,0,0,0,0,0,0,0,0,0,0,0,0,0,0,0,0
6083,0,0,0,0,0,0,0,0,0,0,0,0,0,0,0,0,0,0,0,0,0,0,0,172.947532844515,172.947532844515,172.947532844515,172.947532844515,172.947532844515,172.947532844515,172.947532844515,172.947532844515,345.895065689027,345.895065689027,345.895065689027,345.895065689027,345.895065689027,345.895065689027,345.895065689027,345.895065689027,345.895065689027,345.895065689027,345.895065689027,345.895065689027,345.895065689027,345.895065689027,345.895065689027,345.895065689027,345.895065689027,345.895065689027,345.895065689027,345.895065689027,345.895065689027,345.895065689027,345.895065689027
6084,0,0,0,0,0,0,0,0,0,0,0,0,0,0,0,0,0,0,0,0,5.52884709347703,5.52884709347703,5.52884709347703,5.52884709347703,5.52884709347703,5.52884709347703,5.52884709347703,5.52884709347703,5.52884709347703,5.52884709347703,5.52884709347703,5.52884709347703,5.52884709347703,5.52884709347703,5.52884709347703,5.52884709347703,5.52884709347703,5.52884709347703,5.52884709347703,5.52884709347703,5.52884709347703,5.52884709347703,5.52884709347703,5.52884709347703,5.52884709347703,5.52884709347703,5.52884709347703,5.52884709347703,5.52884709347703,5.52884709347703,5.52884709347703,5.52884709347703,5.52884709347703,5.52884709347703
6085,0,0,0,0,0,0,0,0,0,0,0,0,0,0,0,0,0,0,0,0,0,0,0,0,0,0,0,0,0,0,0,0,0,0,0,0,0,0,0,0,0,0,0,0,0,0,0,0,0,0,0,0,0,0
6086,0,0,0,0,0,0,0,0,0,0,0,0,0,0,0,0,0,0,0,0,0,0,0,0,0,0,0,0,0,0,0,0,0,0,0,0,0,0,0,0,0,0,0,0,0,0,0,0,0,0,0,0,0,0
6087,0,0,0,0,0,0,0,0,0,0,0,0,0,0,0,0,0,0,0,0,0,0,0,0,0,0,0,0,0,0,0,0,0,0,0,0,0,0,0,0,0,0,0,0,0,0,0,0,0,0,0,0,0,0
6088,0,0,0,0,0,0,0,0,0,0,0,0,0,0,0,0,0,0,0,0,0,0,0,0,0,0,0,0,0,0,0,0,0,0,0,0,0,0,0,0,0,0,0,0,0,0,0,0,0,0,0,0,0,0
6089,0,0,0,0,0,0,0,0,0,0,0,0,0,0,0,0,0,0,0,0,0,0,0,0,0,0,0,0,0,0,0,0,0,0,0,0,0,0,0,0,0,0,0,0,0,0,0,0,0,0,0,0,0,0
6090,0,0,0,0,0,0,0,0,0,0,0,0,0,0,0,0,0,0,0,0,0,0,0,0,0,0,0,0,0,0,0,0,0,0,0,0,0,0,0,0,0,0,0,0,0,0,0,0,0,0,0,0,0,0
6091,0,0,0,0,0,0,0,0,0,0,0,0,0,0,0,0,0,0,0,0,0,0,0,0,0,0,0,0,0,0,0,0,0,0,0,0,0,0,0,0,0,0,0,0,0,0,0,0,0,0,0,0,0,0
6092,0,0,0,0,0,0,0,0,0,0,0,0,0,0,0,0,0,0,0,0,0,0,0,0,0,0,0,0,0,0,0,0,0,0,0,0,0,0,0,0,0,0,0,0,0,0,0,0,0,0,0,0,0,0
6093,0,0,0,0,0,0,0,0,0,0,0,0,0,0,0,0,0,0,0,0,0,0,0,0,0,0,0,0,0,0,0,0,0,0,0,0,0,0,0,0,0,0,0,0,0,0,0,0,0,0,0,0,0,0
6094,0,0,0,0,0,0,0,0,0,0,0,0,0,0,0,0,0,0,0,0,0,0,0,0,0,0,0,0,0,0,0,0,0,0,0,0,0,0,0,0,0,0,0,0,0,0,0,0,0,0,0,0,0,0
6095,0,0,0,0,0,0,0,0,0,0,0,0,0,0,0,0,0,0,0,0,0,0,0,0,0,0,0,0,0,0,0,0,0,0,0,0,0,0,0,0,0,0,0,0,0,0,0,0,0,0,0,0,0,0
6096,0,0,0,0,0,0,0,0,0,0,0,0,0,0,0,0,0,0,0,0,0,0,0,0,0,0,0,0,0,0,0,0,0,0,0,0,0,0,0,0,56.3512173729626,112.702434745934,112.702434745934,112.702434745934,112.702434745934,169.0536521189,169.0536521189,225.404869491867,225.404869491867,225.404869491867,225.404869491867,225.404869491867,225.404869491867,225.404869491867
6097,0,0,0,0,0,0,0,0,0,0,0,0,0,0,0,116.637402241508,116.637402241508,174.956103362265,174.956103362265,174.956103362265,174.956103362265,174.956103362265,174.956103362265,291.593505603775,291.593505603775,291.593505603775,291.593505603775,291.593505603775,291.593505603775,291.593505603775,291.593505603775,408.230907845287,408.230907845287,408.230907845287,408.230907845287,408.230907845287,408.230907845287,408.230907845287,408.230907845287,408.230907845287,408.230907845287,408.230907845287,408.230907845287,408.230907845287,408.230907845287,408.230907845287,408.230907845287,408.230907845287,408.230907845287,408.230907845287,408.230907845287,408.230907845287,408.230907845287,408.230907845287
6098,0,0,0,0,0,0,0,0,0,0,0,0,0,0,0,0,0,0,0,0,0,0,0,0,0,0,0,0,0,0,0,0,0,0,0,0,0,0,0,0,0,0,0,0,0,0,0,0,0,0,0,0,0,0
6099,0,0,0,0,0,0,0,0,0,0,0,0,0,0,0,0,0,0,0,0,0,0,0,0,0,0,0,0,0,0,0,0,0,0,0,0,0,0,0,0,0,0,0,0,0,0,0,0,0,0,0,0,0,0
6100,0,0,0,0,0,0,0,0,0,0,0,0,0,0,0,0,0,0,0,0,0,0,0,0,0,0,0,0,0,0,0,0,0,0,0,0,0,0,0,0,0,0,0,0,0,0,0,0,0,0,0,0,0,0
6101,0,0,0,0,0,0,0,0,0,0,0,0,0,0,0,88.4437381764978,88.4437381764978,162.433371372329,162.433371372329,162.433371372329,162.433371372329,162.433371372329,162.433371372329,250.877109548827,250.877109548827,250.877109548827,250.877109548827,250.877109548827,250.877109548827,250.877109548827,250.877109548827,339.320847725324,339.320847725324,339.320847725324,339.320847725324,339.320847725324,339.320847725324,339.320847725324,339.320847725324,339.320847725324,339.320847725324,339.320847725324,339.320847725324,339.320847725324,339.320847725324,339.320847725324,391.254713330008,391.254713330008,391.254713330008,391.254713330008,391.254713330008,391.254713330008,391.254713330008,391.254713330008
6102,0,0,0,0,0,0,0,0,0,0,0,0,0,0,0,275.404856715811,275.404856715811,275.404856715811,275.404856715811,275.404856715811,275.404856715811,275.404856715811,275.404856715811,275.404856715811,275.404856715811,275.404856715811,275.404856715811,275.404856715811,275.404856715811,275.404856715811,275.404856715811,275.404856715811,275.404856715811,275.404856715811,275.404856715811,275.404856715811,275.404856715811,275.404856715811,275.404856715811,275.404856715811,367.907598793197,460.410340870572,460.410340870572,460.410340870572,460.410340870572,552.913082947953,690.615511305869,783.118253383241,783.118253383241,783.118253383241,783.118253383241,783.118253383241,783.118253383241,783.118253383241
6103,0,0,0,0,0,0,0,0,0,0,0,0,0,0,0,0,0,0,0,0,0,0,0,0,0,0,0,0,0,0,0,0,0,0,0,0,0,0,0,0,90.3191459013426,180.638370406115,180.638370406115,180.638370406115,180.638370406115,270.957563409633,361.276787842807,451.595965166387,451.595965166387,451.595965166387,451.595965166387,451.595965166387,451.595965166387,451.595965166387
6104,0,0,0,0,0,0,0,0,0,0,0,0,0,0,0,0,0,108.54465924211,108.54465924211,108.54465924211,108.54465924211,108.54465924211,108.54465924211,108.54465924211,108.54465924211,108.54465924211,108.54465924211,108.54465924211,108.54465924211,108.54465924211,108.54465924211,108.54465924211,108.54465924211,108.54465924211,108.54465924211,108.54465924211,108.54465924211,108.54465924211,108.54465924211,108.54465924211,108.54465924211,108.54465924211,108.54465924211,108.54465924211,108.54465924211,108.54465924211,217.089318484227,217.089318484227,217.089318484227,217.089318484227,217.089318484227,217.089318484227,217.089318484227,217.089318484227
6105,0,0,0,0,0,0,0,0,0,0,0,0,0,0,0,0,0,0,0,0,0,0,0,0,0,0,0,0,0,0,0,0,0,0,0,0,0,0,0,0,0,0,0,0,0,0,0,0,0,0,0,0,0,0
6106,0,0,0,0,0,0,0,0,0,0,0,0,0,0,0,0,0,0,0,0,74.2067325543587,74.2067325543587,74.2067325543587,74.2067325543587,74.2067325543587,74.2067325543587,74.2067325543587,74.2067325543587,74.2067325543587,74.2067325543587,74.2067325543587,74.2067325543587,74.2067325543587,74.2067325543587,74.2067325543587,74.2067325543587,74.2067325543587,74.2067325543587,74.2067325543587,74.2067325543587,74.2067325543587,74.2067325543587,74.2067325543587,74.2067325543587,74.2067325543587,74.2067325543587,74.2067325543587,74.2067325543587,74.2067325543587,74.2067325543587,74.2067325543587,74.2067325543587,74.2067325543587,74.2067325543587
6107,0,0,0,0,0,0,0,0,0,0,0,0,0,0,0,0,0,0,0,0,0,0,0,0,0,0,0,0,0,0,0,0,0,0,0,0,0,0,0,0,0,0,0,0,0,0,0,0,0,0,0,0,0,0
6108,0,0,0,0,0,0,0,0,0,0,0,0,0,0,0,0,0,0,0,0,0,0,0,0,0,0,0,0,0,0,0,0,0,0,0,0,0,0,0,0,0,0,0,0,0,0,0,0,0,0,0,0,0,0
6109,0,0,0,0,0,0,0,0,0,0,0,0,0,0,0,0,0,0,0,0,0,0,0,0,0,0,0,0,0,0,0,0,0,0,0,40.8167339195623,40.8167339195623,40.8167339195623,40.8167339195623,40.8167339195623,81.6334678391271,81.6334678391271,81.6334678391271,81.6334678391271,81.6334678391271,81.6334678391271,81.6334678391271,122.450201758692,122.450201758692,122.450201758692,122.450201758692,122.450201758692,122.450201758692,122.450201758692
6110,0,0,0,0,0,0,0,0,0,0,0,0,0,0,0,26.4787927846347,26.4787927846347,26.4787927846347,26.4787927846347,26.4787927846347,26.4787927846347,26.4787927846347,26.4787927846347,26.4787927846347,26.4787927846347,26.4787927846347,26.4787927846347,26.4787927846347,26.4787927846347,26.4787927846347,26.4787927846347,26.4787927846347,26.4787927846347,26.4787927846347,26.4787927846347,26.4787927846347,26.4787927846347,26.4787927846347,26.4787927846347,26.4787927846347,26.4787927846347,26.4787927846347,26.4787927846347,26.4787927846347,26.4787927846347,26.4787927846347,26.4787927846347,26.4787927846347,26.4787927846347,26.4787927846347,26.4787927846347,26.4787927846347,26.4787927846347,26.4787927846347
6111,0,0,0,0,0,0,0,0,0,0,0,0,0,0,0,0,0,0,0,0,0,0,0,0,0,0,0,0,0,0,0,0,0,0,0,0,0,0,0,0,0,0,0,0,0,0,0,0,0,0,0,0,0,0
6112,0,0,0,0,0,0,0,0,0,0,0,0,0,0,0,0,0,0,0,0,0,0,0,0,0,0,0,0,0,0,0,0,0,0,0,0,0,0,0,0,0,0,0,0,0,0,0,0,0,0,0,0,0,0
6113,0,0,0,0,0,0,0,0,0,0,0,0,0,0,0,0,0,0,0,0,0,0,0,0,0,0,0,0,0,0,0,0,0,0,0,0,0,0,0,0,0,0,0,0,0,0,0,0,0,0,0,0,0,0
6114,0,0,0,0,0,0,0,0,0,0,0,0,0,0,0,0,0,0,0,0,0,0,0,0,0,0,0,0,0,0,0,0,0,0,0,0,0,0,0,0,0,0,0,0,0,0,0,0,0,0,0,0,0,0
6115,0,0,0,0,0,0,0,0,0,0,0,0,0,0,0,0,0,0,0,0,0,0,0,0,0,0,0,0,0,0,0,0,0,0,0,0,0,0,0,0,0,0,0,0,0,0,0,0,0,0,0,0,0,0
6116,0,0,0,0,0,0,0,0,0,0,0,0,0,0,0,0,0,0,0,0,0,0,0,0,0,0,0,0,0,0,0,0,0,0,0,0,0,0,0,0,0,0,0,0,0,0,0,0,0,0,0,0,0,0
6117,0,0,0,0,0,0,0,0,0,0,0,0,0,0,0,0,0,0,0,0,0,0,0,0,0,0,0,0,0,0,0,0,0,0,0,0,0,0,0,0,0,0,0,0,0,0,0,0,0,0,0,0,0,0
6118,0,0,0,0,0,0,0,0,0,0,0,0,0,0,0,0,0,0,0,0,0,0,0,0,0,0,0,0,0,0,0,0,0,0,0,0,0,0,0,0,0,0,0,0,0,0,0,0,0,0,0,0,0,0
6119,0,0,0,0,0,0,0,0,0,0,0,0,0,0,0,0,0,0,0,0,0,0,0,0,0,0,0,0,0,0,0,0,0,0,0,0,0,0,0,0,0,0,0,0,0,0,0,0,0,0,0,0,0,0
6120,0,0,0,0,0,0,0,0,0,0,0,0,0,0,0,0,0,0,0,0,0,0,0,0,0,0,0,0,0,0,0,0,0,0,0,0,0,0,0,0,0,0,0,0,0,0,0,0,0,0,0,0,0,0
6121,0,0,0,0,0,0,0,0,0,0,0,0,0,0,0,0,0,0,0,0,0,0,0,0,0,0,0,0,0,0,0,0,121.638761506344,121.638761506344,121.638761506344,121.638761506344,121.638761506344,121.638761506344,121.638761506344,121.638761506344,121.638761506344,121.638761506344,121.638761506344,182.458142259519,182.458142259519,182.458142259519,182.458142259519,182.458142259519,182.458142259519,182.458142259519,182.458142259519,182.458142259519,182.458142259519,182.458142259519
6122,0,0,0,0,0,0,0,0,0,0,0,0,0,0,0,0,0,0,0,0,0,0,0,0,0,0,0,0,0,0,0,0,0,0,0,0,0,0,0,0,0,0,0,0,0,0,0,0,0,0,0,0,0,0
6123,0,0,0,0,0,0,0,0,0,0,0,0,0,0,0,0,0,0,0,0,0,0,0,0,0,0,0,0,0,0,0,0,0,0,0,0,0,0,0,0,0,0,0,0,0,0,0,0,0,0,0,0,0,0
6124,0,0,0,0,0,0,0,0,0,0,0,0,0,0,0,73.553918614227,73.553918614227,73.553918614227,73.553918614227,73.553918614227,84.1082969256568,84.1082969256568,84.1082969256568,84.1082969256568,84.1082969256568,84.1082969256568,84.1082969256568,84.1082969256568,84.1082969256568,84.1082969256568,84.1082969256568,84.1082969256568,84.1082969256568,84.1082969256568,84.1082969256568,84.1082969256568,84.1082969256568,84.1082969256568,84.1082969256568,84.1082969256568,147.107822692079,210.107348458506,210.107348458506,210.107348458506,210.107348458506,273.106874224933,273.106874224933,336.106399991359,336.106399991359,336.106399991359,336.106399991359,336.106399991359,336.106399991359,336.106399991359
6125,0,0,0,0,0,0,0,0,0,0,0,0,0,0,0,0,0,0,0,0,0,0,0,0,0,0,0,0,0,0,0,0,0,0,0,0,0,0,0,0,0,0,0,0,0,0,0,0,0,0,0,0,0,0
6126,0,0,0,0,0,0,0,0,0,0,0,0,0,0,0,60.2956321486157,60.2956321486157,60.2956321486157,60.2956321486157,60.2956321486157,120.591264297231,120.591264297231,120.591264297231,120.591264297231,120.591264297231,120.591264297231,120.591264297231,120.591264297231,120.591264297231,120.591264297231,120.591264297231,120.591264297231,120.591264297231,120.591264297231,120.591264297231,120.591264297231,120.591264297231,120.591264297231,120.591264297231,120.591264297231,120.591264297231,120.591264297231,120.591264297231,120.591264297231,120.591264297231,120.591264297231,120.591264297231,120.591264297231,120.591264297231,120.591264297231,120.591264297231,120.591264297231,120.591264297231,120.591264297231
6127,0,0,0,0,0,0,0,0,0,0,0,0,0,0,0,0,0,0,0,0,0,0,0,0,0,0,0,0,0,0,0,0,0,0,0,0,0,0,0,0,0,0,0,0,0,0,0,0,0,0,0,0,0,0
6128,0,0,0,0,0,0,0,0,0,0,0,0,0,0,0,0,0,0,0,0,0,0,0,0,0,0,0,0,0,0,0,0,0,0,0,0,0,0,0,0,0,0,0,0,0,0,0,0,0,0,0,0,0,0
6129,0,0,0,0,0,0,0,0,0,0,0,0,0,0,0,0,0,0,0,0,0,0,0,77.2211823487606,77.2211823487606,77.2211823487606,77.2211823487606,77.2211823487606,77.2211823487606,77.2211823487606,77.2211823487606,197.113051538883,197.113051538883,197.113051538883,197.113051538883,197.113051538883,197.113051538883,197.113051538883,197.113051538883,197.113051538883,197.113051538883,197.113051538883,197.113051538883,197.113051538883,197.113051538883,197.113051538883,197.113051538883,197.113051538883,197.113051538883,197.113051538883,197.113051538883,197.113051538883,197.113051538883,197.113051538883
6130,0,0,0,0,0,0,0,0,0,0,0,0,0,0,0,0,0,0,0,0,0,0,0,0,0,0,0,0,0,0,0,0,0,0,0,0,0,0,0,0,0,0,0,0,0,0,0,0,0,0,0,0,0,0
6131,0,0,0,0,0,0,0,0,0,0,0,0,0,0,0,0,0,0,0,0,0,0,0,0,0,0,0,0,0,0,0,0,0,0,0,0,0,0,0,0,0,0,0,0,0,0,0,0,0,0,0,0,0,0
6132,0,0,0,0,0,0,0,0,0,0,0,0,0,0,0,0,0,0,0,0,0,0,0,0,0,0,0,0,0,0,0,0,0,0,0,0,0,0,0,0,0,0,0,0,0,0,0,0,0,0,0,0,0,0
6133,0,0,0,0,0,0,0,0,0,0,0,0,0,0,0,0,0,0,0,0,0,0,0,0,0,0,0,0,0,0,0,0,0,0,0,0,0,0,0,0,0,0,0,0,0,0,0,0,0,0,0,0,0,0
6134,0,0,0,0,0,0,0,0,0,0,0,0,0,0,0,0,0,0,0,0,0,0,0,0,0,0,0,0,0,0,0,0,0,0,0,0,0,0,0,0,0,0,0,0,0,0,0,0,0,0,0,0,0,0
6135,0,0,0,0,0,0,0,0,0,0,0,0,0,0,0,0,0,0,0,0,0,0,0,0,0,0,0,0,0,0,0,0,0,0,0,0,0,0,0,0,0,0,0,0,0,0,0,0,0,0,0,0,0,0
6136,0,0,0,0,0,0,0,0,0,0,0,0,0,0,0,0,0,0,0,0,33.5407919539116,33.5407919539116,33.5407919539116,33.5407919539116,33.5407919539116,33.5407919539116,33.5407919539116,33.5407919539116,33.5407919539116,33.5407919539116,33.5407919539116,33.5407919539116,33.5407919539116,33.5407919539116,33.5407919539116,33.5407919539116,33.5407919539116,33.5407919539116,33.5407919539116,33.5407919539116,63.3654730543362,93.1901541547603,93.1901541547603,93.1901541547603,93.1901541547603,123.01483525518,123.01483525518,152.839516355604,152.839516355604,152.839516355604,152.839516355604,152.839516355604,152.839516355604,152.839516355604
6137,0,0,0,0,0,0,0,0,0,0,0,0,0,0,0,0,0,0,0,0,0,0,0,0,0,0,0,0,0,0,0,0,0,0,0,0,0,0,0,0,0,0,0,0,0,0,0,0,0,0,0,0,0,0
6138,0,0,0,0,0,0,0,0,0,0,0,0,0,0,0,48.6657816442946,48.6657816442946,48.6657816442946,48.6657816442946,48.6657816442946,48.6657816442946,48.6657816442946,48.6657816442946,48.6657816442946,48.6657816442946,48.6657816442946,48.6657816442946,48.6657816442946,48.6657816442946,48.6657816442946,48.6657816442946,48.6657816442946,48.6657816442946,48.6657816442946,48.6657816442946,48.6657816442946,48.6657816442946,48.6657816442946,48.6657816442946,48.6657816442946,90.359712856254,132.053644068215,132.053644068215,132.053644068215,132.053644068215,173.747575280174,198.080466102323,239.774397314281,239.774397314281,239.774397314281,239.774397314281,239.774397314281,239.774397314281,239.774397314281
6139,0,0,0,0,0,0,0,0,0,0,0,0,0,0,0,0,0,0,0,0,0,0,0,0,0,0,0,0,0,0,0,0,9.99203350654516,9.99203350654516,9.99203350654516,9.99203350654516,9.99203350654516,9.99203350654516,9.99203350654516,9.99203350654516,9.99203350654516,9.99203350654516,9.99203350654516,14.9880502598168,14.9880502598168,14.9880502598168,14.9880502598168,14.9880502598168,14.9880502598168,14.9880502598168,14.9880502598168,14.9880502598168,14.9880502598168,14.9880502598168
6140,0,0,0,0,0,0,0,0,0,0,0,0,0,0,0,0,0,0,0,0,0,0,0,0,0,0,0,0,0,0,0,0,0,0,0,0,0,0,0,0,0,0,0,0,0,0,0,0,0,0,0,0,0,0
6141,0,0,0,0,0,0,0,0,0,0,0,0,0,0,0,0,0,0,0,0,25.3954871930246,25.3954871930246,25.3954871930246,25.3954871930246,25.3954871930246,25.3954871930246,25.3954871930246,25.3954871930246,25.3954871930246,25.3954871930246,25.3954871930246,25.3954871930246,25.3954871930246,25.3954871930246,25.3954871930246,25.3954871930246,25.3954871930246,25.3954871930246,25.3954871930246,25.3954871930246,25.3954871930246,25.3954871930246,25.3954871930246,25.3954871930246,25.3954871930246,25.3954871930246,25.3954871930246,25.3954871930246,25.3954871930246,25.3954871930246,25.3954871930246,25.3954871930246,25.3954871930246,25.3954871930246
6142,0,0,0,0,0,0,0,0,0,0,0,0,0,0,0,0,0,0,0,0,0,0,0,0,0,0,0,0,0,0,0,0,0,0,0,0,0,0,0,0,0,0,0,0,0,0,0,0,0,0,0,0,0,0
6143,0,0,0,0,0,0,0,0,0,0,0,0,0,0,0,0,0,0,0,0,0,0,0,0,0,0,0,0,0,0,0,0,0,0,0,0,0,0,0,0,0,0,0,0,0,0,0,0,0,0,0,0,0,0
6144,0,0,0,0,0,0,0,0,0,0,0,0,0,0,0,0,0,0,0,0,0,0,0,0,0,0,0,0,0,0,0,0,36.500093819631,36.500093819631,36.500093819631,36.500093819631,36.500093819631,36.500093819631,36.500093819631,36.500093819631,36.500093819631,36.500093819631,36.500093819631,36.500093819631,36.500093819631,36.500093819631,36.500093819631,36.500093819631,36.500093819631,36.500093819631,36.500093819631,36.500093819631,36.500093819631,36.500093819631
6145,0,0,0,0,0,0,0,0,0,0,0,0,0,0,0,0,0,0,0,0,0,0,0,0,0,0,0,0,0,0,0,0,0,0,0,0,0,0,0,0,0,0,0,0,0,0,0,0,0,0,0,0,0,0
6146,0,0,0,0,0,0,0,0,0,0,0,0,0,0,0,0,0,0,0,0,0,0,0,0,0,0,0,0,0,0,0,0,0,0,0,0,0,0,0,0,0,0,0,0,0,0,0,0,0,0,0,0,0,0
6147,0,0,0,0,0,0,0,0,0,0,0,0,0,0,0,0,0,0,0,0,0,0,0,0,0,0,0,0,0,0,0,0,0,0,0,0,0,0,0,0,0,0,0,0,0,0,0,0,0,0,0,0,0,0
6148,0,0,0,0,0,0,0,0,0,0,0,0,0,0,0,52.5819558598433,52.5819558598433,72.4062684798976,72.4062684798976,72.4062684798976,124.566888358057,124.566888358057,124.566888358057,164.215513598168,164.215513598168,164.215513598168,164.215513598168,164.215513598168,164.215513598168,164.215513598168,164.215513598168,203.864138838282,203.864138838282,203.864138838282,203.864138838282,203.864138838282,203.864138838282,203.864138838282,203.864138838282,203.864138838282,232.544816905879,261.225494973474,261.225494973474,261.225494973474,261.225494973474,289.906173041069,289.906173041069,318.586851108664,318.586851108664,318.586851108664,318.586851108664,318.586851108664,318.586851108664,318.586851108664
6149,0,0,0,0,0,0,0,0,0,0,0,0,0,0,0,0,0,0,0,0,0,0,0,0,0,0,0,0,0,0,0,0,0,0,0,0,0,0,0,0,0,0,0,0,0,0,0,0,0,0,0,0,0,0
6150,0,0,0,0,0,0,0,0,0,0,0,0,0,0,0,0,0,0,0,0,0,0,0,0,0,0,0,0,0,0,0,0,162.909609056512,162.909609056512,162.909609056512,162.909609056512,162.909609056512,162.909609056512,162.909609056512,162.909609056512,162.909609056512,162.909609056512,162.909609056512,244.364413584757,244.364413584757,244.364413584757,244.364413584757,244.364413584757,244.364413584757,244.364413584757,244.364413584757,244.364413584757,244.364413584757,244.364413584757
6151,0,0,0,0,0,0,0,0,0,0,0,0,0,0,0,0,0,0,0,0,0,0,0,0,0,0,0,0,0,0,0,0,0,0,0,0,0,0,0,0,0,0,0,0,0,0,0,0,0,0,0,0,0,0
6152,0,0,0,0,0,0,0,0,0,0,0,0,0,0,0,0,0,0,0,0,0,0,0,0,0,0,0,0,0,0,0,0,0,0,0,0,0,0,0,0,0,0,0,0,0,0,0,0,0,0,0,0,0,0
6153,0,0,0,0,0,0,0,0,0,0,0,0,0,0,0,0,0,0,0,0,0,0,0,0,0,0,0,0,0,0,0,0,0,0,0,0,0,0,0,0,0,0,0,0,0,0,0,0,0,0,0,0,0,0
6154,0,0,0,0,0,0,0,0,0,0,0,0,0,0,0,0,0,0,0,0,0,0,0,0,0,0,0,0,0,0,0,0,0,0,0,0,0,0,0,0,0,0,0,0,0,0,0,0,0,0,0,0,0,0
6155,0,0,0,0,0,0,0,0,0,0,0,0,0,0,0,0,0,0,0,0,0,0,0,0,0,0,0,0,0,0,0,0,0,0,0,0,0,0,0,0,0,0,0,0,0,0,0,0,0,0,0,0,0,0
6156,0,0,0,0,0,0,0,0,0,0,0,0,0,0,0,0,0,0,0,0,0,0,0,0,0,0,0,0,0,0,0,0,0,0,0,0,0,0,0,0,0,0,0,0,0,0,0,0,0,0,0,0,0,0
6157,0,0,0,0,0,0,0,0,0,0,0,0,0,0,0,0,0,0,0,0,0,0,0,0,0,0,0,0,0,0,0,0,0,0,0,0,0,0,0,0,0,0,0,0,0,0,0,0,0,0,0,0,0,0
6158,0,0,0,0,0,0,0,0,0,0,0,0,0,0,0,0,0,0,0,0,0,0,0,0,0,0,0,0,0,0,0,0,0,0,0,0,0,0,0,0,0,0,0,0,0,0,0,0,0,0,0,0,0,0
6159,0,0,0,0,0,0,0,0,0,0,0,0,0,0,0,89.7928681977652,89.7928681977652,89.7928681977652,89.7928681977652,89.7928681977652,179.58573639553,179.58573639553,179.58573639553,179.58573639553,179.58573639553,179.58573639553,179.58573639553,179.58573639553,179.58573639553,179.58573639553,179.58573639553,179.58573639553,179.58573639553,179.58573639553,179.58573639553,179.58573639553,179.58573639553,179.58573639553,179.58573639553,179.58573639553,179.58573639553,179.58573639553,179.58573639553,179.58573639553,179.58573639553,179.58573639553,179.58573639553,179.58573639553,179.58573639553,179.58573639553,179.58573639553,179.58573639553,179.58573639553,179.58573639553
6160,0,0,0,0,0,0,0,0,0,0,0,0,0,0,0,0,0,0,0,0,0,0,0,0,0,0,0,0,0,0,0,0,0,0,0,0,0,0,0,0,0,0,0,0,0,0,0,0,0,0,0,0,0,0
6161,0,0,0,0,0,0,0,0,0,0,0,0,0,0,0,0,0,0,0,0,0,0,0,0,0,0,0,0,0,0,0,0,0,0,0,0,0,0,0,0,0,0,0,0,0,0,0,0,0,0,0,0,0,0
6162,0,0,0,0,0,0,0,0,0,0,0,0,0,0,0,0,0,0,0,0,0,0,0,0,0,0,0,0,0,0,0,0,0,0,0,0,0,0,0,0,0,0,0,0,0,0,0,0,0,0,0,0,0,0
6163,0,0,0,0,0,0,0,0,0,0,0,0,0,0,0,0,0,0,0,0,0,0,0,0,0,0,0,0,0,0,0,0,0,0,0,0,0,0,0,0,0,0,0,0,0,0,0,0,0,0,0,0,0,0
6164,0,0,0,0,0,0,0,0,0,0,0,0,0,0,0,0,0,0,0,0,0,0,0,0,0,0,0,0,0,0,0,0,0,0,0,0,0,0,0,0,0,0,0,0,0,0,0,0,0,0,0,0,0,0
6165,0,0,0,0,0,0,0,0,0,0,0,0,0,0,0,0,0,0,0,0,0,0,0,0,0,0,0,0,0,0,0,0,0,0,0,0,0,0,0,0,0,0,0,0,0,0,0,0,0,0,0,0,0,0
6166,0,0,0,0,0,0,0,0,0,0,0,0,0,0,0,0,0,0,0,0,0,0,0,0,0,0,0,0,0,0,0,0,0,0,0,0,0,0,0,0,0,0,0,0,0,0,0,0,0,0,0,0,0,0
6167,0,0,0,0,0,0,0,0,0,0,0,0,0,0,0,0,0,0,0,0,0,0,0,0,0,0,0,0,0,0,0,0,0,0,0,0,0,0,0,0,0,0,0,0,0,0,0,0,0,0,0,0,0,0
6168,0,0,0,0,0,0,0,0,0,0,0,0,0,0,0,0,0,0,0,0,0,0,0,0,0,0,0,0,0,0,0,0,0,0,0,0,0,0,0,0,0,0,0,0,0,0,0,0,0,0,0,0,0,0
6169,0,0,0,0,0,0,0,0,0,0,0,0,0,0,0,0,0,0,0,0,0,0,0,0,0,0,0,0,0,0,0,0,0,0,0,0,0,0,0,0,0,0,0,0,0,0,0,0,0,0,0,0,0,0
6170,0,0,0,0,0,0,0,0,0,0,0,0,0,0,0,0,0,0,0,0,0,0,0,0,0,0,0,0,0,0,0,0,0,0,0,0,0,0,0,0,0,0,0,0,0,0,0,0,0,0,0,0,0,0
7001,0,0,0,0,0,0,26.3553024000905,26.3553024000905,26.3553024000905,26.3553024000905,26.3553024000905,26.3553024000905,26.3553024000905,26.3553024000905,26.3553024000905,51.5094347076747,51.5094347076747,51.5094347076747,51.5094347076747,51.5094347076747,51.5094347076747,51.5094347076747,51.5094347076747,51.5094347076747,51.5094347076747,51.5094347076747,51.5094347076747,51.5094347076747,51.5094347076747,51.5094347076747,51.5094347076747,51.5094347076747,51.5094347076747,51.5094347076747,51.5094347076747,51.5094347076747,77.8647371077663,77.8647371077663,77.8647371077663,77.8647371077663,103.018869415342,128.17300172292,128.17300172292,128.17300172292,128.17300172292,153.327134030499,153.327134030499,178.481266338077,178.481266338077,178.481266338077,178.481266338077,178.481266338077,178.481266338077,178.481266338077
7002,0,0,0,0,0,0,0,0,0,0,0,0,0,0,0,0,0,0,0,0,0,0,0,0,0,0,0,0,0,0,0,0,0,0,0,0,0,0,0,0,0,0,0,0,0,58.3364631796551,58.3364631796551,116.672926359311,116.672926359311,116.672926359311,116.672926359311,116.672926359311,116.672926359311,116.672926359311
7003,0,0,0,0,0,0,0,0,0,0,0,0,0,0,0,0,0,0,0,0,0,0,0,0,0,0,0,0,0,0,0,0,0,0,0,0,0,0,0,0,0,0,0,0,0,0,0,0,0,0,0,0,0,0
7004,0,0,0,0,0,0,0,0,0,0,0,53.4083712568036,53.4083712568036,53.4083712568036,53.4083712568036,53.4083712568036,53.4083712568036,53.4083712568036,53.4083712568036,53.4083712568036,53.4083712568036,53.4083712568036,106.816742513616,106.816742513616,106.816742513616,106.816742513616,106.816742513616,106.816742513616,106.816742513616,106.816742513616,106.816742513616,106.816742513616,106.816742513616,106.816742513616,106.816742513616,160.225113770429,160.225113770429,160.225113770429,160.225113770429,160.225113770429,160.225113770429,160.225113770429,160.225113770429,160.225113770429,160.225113770429,160.225113770429,160.225113770429,160.225113770429,160.225113770429,160.225113770429,160.225113770429,160.225113770429,160.225113770429,160.225113770429
7005,0,0,0,0,0,0,0,0,0,0,0,0,0,6.68579656236106,6.68579656236106,6.68579656236106,6.68579656236106,6.68579656236106,6.68579656236106,6.68579656236106,15.4770271894098,15.4770271894098,15.4770271894098,15.4770271894098,15.4770271894098,15.4770271894098,15.4770271894098,15.4770271894098,15.4770271894098,15.4770271894098,15.4770271894098,15.4770271894098,15.4770271894098,15.4770271894098,15.4770271894098,15.4770271894098,15.4770271894098,15.4770271894098,15.4770271894098,15.4770271894098,15.4770271894098,15.4770271894098,15.4770271894098,15.4770271894098,15.4770271894098,15.4770271894098,15.4770271894098,15.4770271894098,15.4770271894098,15.4770271894098,15.4770271894098,15.4770271894098,15.4770271894098,15.4770271894098
7006,0,0,0,0,0,0,0,0,0,0,0,0,0,0,0,0,0,0,0,0,0,0,0,0,0,0,0,0,0,0,0,0,0,0,0,0,0,0,0,0,0,0,0,0,0,0,0,0,0,0,0,0,0,0
7007,0,0,0,0,0,0,0,0,0,0,0,0,0,0,0,0,0,0,0,0,0,0,0,0,0,0,0,0,0,0,0,0,0,0,0,0,0,0,0,0,0,0,0,0,0,0,0,0,0,0,0,0,0,0
7008,0,0,0,0,0,0,0,0,0,0,0,0,0,0,0,0,0,0,0,0,0,0,0,0,0,0,0,0,0,0,0,0,0,0,0,0,0,0,0,0,0,0,0,0,0,0,0,0,0,0,0,0,0,0
7009,0,0,0,0,0,0,0,0,0,0,0,72.4002878890291,72.4002878890291,72.4002878890291,72.4002878890291,72.4002878890291,72.4002878890291,72.4002878890291,72.4002878890291,72.4002878890291,72.4002878890291,72.4002878890291,144.800575778057,144.800575778057,144.800575778057,144.800575778057,144.800575778057,144.800575778057,144.800575778057,144.800575778057,144.800575778057,144.800575778057,144.800575778057,144.800575778057,144.800575778057,217.200863667084,217.200863667084,217.200863667084,217.200863667084,217.200863667084,217.200863667084,217.200863667084,217.200863667084,217.200863667084,217.200863667084,217.200863667084,217.200863667084,217.200863667084,217.200863667084,217.200863667084,217.200863667084,217.200863667084,217.200863667084,217.200863667084
7010,0,0,0,0,0,0,0,0,0,0,0,0,0,0,0,0,0,0,0,0,0,0,0,0,0,0,0,0,0,0,0,0,0,0,0,0,0,0,0,0,0,0,0,0,0,0,0,0,0,0,0,0,0,0
7011,0,0,0,0,0,0,0,0,0,0,0,0,0,0,0,0,0,0,0,0,0,0,0,0,0,0,0,0,0,0,0,0,0,0,0,0,0,0,0,0,0,0,0,0,0,0,0,0,0,0,0,0,0,0
7012,0,0,0,0,0,0,50.8906270656282,50.8906270656282,50.8906270656282,50.8906270656282,50.8906270656282,50.8906270656282,50.8906270656282,50.8906270656282,50.8906270656282,117.294840456828,117.294840456828,117.294840456828,117.294840456828,117.294840456828,117.294840456828,117.294840456828,117.294840456828,117.294840456828,117.294840456828,117.294840456828,117.294840456828,117.294840456828,117.294840456828,117.294840456828,117.294840456828,117.294840456828,117.294840456828,117.294840456828,117.294840456828,117.294840456828,168.185467522457,168.185467522457,168.185467522457,168.185467522457,234.589680913659,300.993894304863,300.993894304863,300.993894304863,300.993894304863,367.398107696068,367.398107696068,433.802321087272,433.802321087272,433.802321087272,433.802321087272,433.802321087272,433.802321087272,433.802321087272
7013,0,0,0,0,0,0,0,0,0,0,0,0,0,0,0,0,0,0,0,0,0,0,0,0,0,0,0,0,0,0,0,0,0,0,0,0,0,0,0,0,0,0,0,0,0,0,0,0,0,0,0,0,0,0
7014,0,0,0,0,0,0,0,0,0,0,0,0,0,0,0,0,0,0,0,0,0,0,43.2518741954331,43.2518741954331,43.2518741954331,43.2518741954331,43.2518741954331,43.2518741954331,43.2518741954331,43.2518741954331,43.2518741954331,43.2518741954331,43.2518741954331,43.2518741954331,43.2518741954331,86.5037483908662,86.5037483908662,86.5037483908662,86.5037483908662,86.5037483908662,86.5037483908662,86.5037483908662,86.5037483908662,86.5037483908662,86.5037483908662,86.5037483908662,86.5037483908662,86.5037483908662,86.5037483908662,86.5037483908662,86.5037483908662,86.5037483908662,86.5037483908662,86.5037483908662
7015,0,0,0,0,0,0,0,0,0,0,0,0,0,0,0,0,0,0,0,0,0,0,0,0,0,0,0,0,0,0,0,0,0,0,0,0,0,0,0,0,0,0,0,0,0,0,0,0,0,0,0,0,0,0
7016,0,0,0,0,0,0,0,0,0,0,0,0,0,40.9046271950644,40.9046271950644,40.9046271950644,40.9046271950644,40.9046271950644,40.9046271950644,40.9046271950644,40.9046271950644,40.9046271950644,67.122528104198,67.122528104198,67.122528104198,67.122528104198,67.122528104198,67.122528104198,67.122528104198,67.122528104198,67.122528104198,67.122528104198,67.122528104198,67.122528104198,67.122528104198,67.122528104198,67.122528104198,67.122528104198,67.122528104198,67.122528104198,67.122528104198,67.122528104198,67.122528104198,67.122528104198,67.122528104198,67.122528104198,67.122528104198,67.122528104198,67.122528104198,67.122528104198,67.122528104198,67.122528104198,67.122528104198,67.122528104198
7017,0,0,0,0,0,0,0,0,0,0,0,0,0,0,0,0,0,0,0,0,0,0,0,0,0,0,0,0,0,0,0,0,0,0,0,0,0,0,0,0,0,0,0,0,0,0,0,0,0,0,0,0,0,0
7018,0,0,0,0,0,0,0,0,0,0,0,0,0,0,0,0,0,0,0,0,0,0,0,0,0,0,0,0,0,0,0,0,0,0,0,0,0,0,0,0,0,0,0,0,0,0,0,27.56320031745,27.56320031745,27.56320031745,27.56320031745,27.56320031745,27.56320031745,27.56320031745
7019,0,0,0,0,0,0,0,0,0,0,0,0,0,0,0,0,0,0,0,0,0,0,0,0,0,0,0,0,0,0,0,0,0,0,0,0,0,0,0,0,0,0,0,0,0,0,0,0,0,0,0,0,0,0
7020,0,0,0,0,0,0,0,0,0,0,0,0,0,0,0,0,0,0,0,0,0,0,0,0,0,0,0,0,0,0,0,0,0,0,0,0,0,0,0,0,0,0,0,0,0,0,0,0,0,0,0,0,0,0
7021,0,0,0,0,0,0,0,0,0,0,0,0,0,0,0,0,0,0,0,0,0,0,0,0,0,0,0,0,0,0,0,0,0,0,0,0,0,0,0,0,0,0,0,0,0,0,0,0,0,0,0,0,0,0
7022,0,0,0,0,0,0,0,0,0,0,0,0,0,0,0,0,0,0,0,0,0,0,0,0,0,0,0,0,0,0,0,0,10.2314734780274,10.2314734780274,10.2314734780274,10.2314734780274,10.2314734780274,10.2314734780274,10.2314734780274,10.2314734780274,10.2314734780274,10.2314734780274,10.2314734780274,10.2314734780274,10.2314734780274,10.2314734780274,10.2314734780274,10.2314734780274,10.2314734780274,10.2314734780274,10.2314734780274,10.2314734780274,10.2314734780274,10.2314734780274
7023,0,0,0,0,0,0,0,0,0,0,0,0,0,0,0,0,0,0,0,0,0,0,0,0,0,0,0,0,0,0,0,0,0,0,0,0,0,0,0,0,0,0,0,0,0,0,0,0,0,0,0,0,0,0
7024,0,0,0,0,0,0,0,0,0,0,0,0,0,0,0,0,0,0,0,0,0,0,0,0,0,0,0,0,0,0,0,0,0,0,0,0,24.4503355460966,24.4503355460966,24.4503355460966,24.4503355460966,24.4503355460966,24.4503355460966,24.4503355460966,24.4503355460966,24.4503355460966,24.4503355460966,24.4503355460966,24.4503355460966,24.4503355460966,24.4503355460966,24.4503355460966,24.4503355460966,24.4503355460966,24.4503355460966
7025,0,0,0,0,0,0,0,0,0,0,0,0,0,0,0,0,0,0,0,0,7.6733424088354,7.6733424088354,7.6733424088354,7.6733424088354,7.6733424088354,7.6733424088354,7.6733424088354,7.6733424088354,7.6733424088354,7.6733424088354,7.6733424088354,7.6733424088354,7.6733424088354,7.6733424088354,7.6733424088354,7.6733424088354,7.6733424088354,7.6733424088354,7.6733424088354,7.6733424088354,7.6733424088354,7.6733424088354,7.6733424088354,7.6733424088354,7.6733424088354,7.6733424088354,7.6733424088354,7.6733424088354,7.6733424088354,7.6733424088354,7.6733424088354,7.6733424088354,7.6733424088354,7.6733424088354
7026,0,0,0,0,0,0,0,0,0,0,0,0,0,0,0,0,0,0,0,0,0,0,0,0,0,0,0,0,0,0,0,0,0,0,0,0,0,0,0,0,0,0,0,0,0,0,0,0,0,0,0,0,0,0
7027,0,0,0,0,0,0,0,0,0,0,0,0,0,0,0,0,0,0,0,0,0,0,0,0,0,0,0,0,0,0,0,0,0,0,0,0,0,0,0,0,0,0,0,0,0,0,0,0,0,0,0,0,0,0
7028,0,0,0,0,0,0,0,0,0,0,0,0,0,0,0,0,0,0,0,0,0,0,0,0,0,0,0,0,0,0,0,0,0,0,0,0,0,0,0,0,0,0,0,0,0,0,0,0,0,0,0,0,0,0
7029,0,0,0,0,0,0,0,0,0,0,0,0,0,0,0,0,0,0,0,0,0,0,0,0,0,0,0,0,0,0,0,0,0,0,0,0,0,0,0,0,0,0,0,0,0,0,0,0,0,0,0,0,0,0
7030,0,0,0,0,0,0,0,0,0,0,0,0,0,0,0,0,0,0,0,0,0,0,0,0,0,0,0,0,0,0,0,0,0,0,0,0,0,0,0,0,0,0,0,0,0,0,0,0,0,0,0,0,0,0
7031,25.5609068389724,111.857176684612,171.214457485383,171.214457485383,171.214457485383,171.214457485383,171.214457485383,171.214457485383,171.214457485383,171.214457485383,171.214457485383,171.214457485383,171.214457485383,254.574341504269,254.574341504269,254.574341504269,254.574341504269,254.574341504269,254.574341504269,254.574341504269,296.254283513704,296.254283513704,337.934225523144,337.934225523144,337.934225523144,337.934225523144,337.934225523144,337.934225523144,337.934225523144,337.934225523144,337.934225523144,337.934225523144,337.934225523144,337.934225523144,337.934225523144,337.934225523144,337.934225523144,337.934225523144,337.934225523144,337.934225523144,337.934225523144,337.934225523144,337.934225523144,337.934225523144,337.934225523144,337.934225523144,337.934225523144,337.934225523144,337.934225523144,337.934225523144,337.934225523144,337.934225523144,337.934225523144,337.934225523144
7032,0,0,0,0,0,0,0,0,0,0,0,0,0,0,0,0,0,0,0,0,0,0,0,0,0,0,0,0,0,0,0,0,0,0,0,0,0,0,0,0,0,0,0,0,0,0,0,37.98519593541,37.98519593541,37.98519593541,37.98519593541,37.98519593541,37.98519593541,37.98519593541
7033,0,0,0,0,0,0,0,0,0,0,0,59.9833828495757,59.9833828495757,59.9833828495757,59.9833828495757,59.9833828495757,59.9833828495757,59.9833828495757,59.9833828495757,59.9833828495757,59.9833828495757,59.9833828495757,114.394546277183,114.394546277183,114.394546277183,114.394546277183,114.394546277183,114.394546277183,114.394546277183,114.394546277183,114.394546277183,114.394546277183,114.394546277183,114.394546277183,114.394546277183,168.80570970479,168.80570970479,168.80570970479,168.80570970479,168.80570970479,168.80570970479,168.80570970479,168.80570970479,168.80570970479,168.80570970479,168.80570970479,168.80570970479,168.80570970479,168.80570970479,168.80570970479,168.80570970479,168.80570970479,168.80570970479,168.80570970479
7034,0,0,0,0,0,0,0,0,0,0,0,0,0,0,0,0,0,0,0,0,0,0,0,0,0,0,0,0,0,0,0,0,0,0,0,0,0,0,0,0,0,0,0,0,0,0,0,0,0,0,0,0,0,0
7035,0,0,0,0,0,0,0,0,0,0,0,0,0,0,0,0,0,0,0,0,0,0,0,0,0,0,0,0,0,0,0,0,0,0,0,0,0,0,0,0,0,0,0,0,0,0,0,0,0,0,0,0,0,0
7036,0,0,0,0,0,0,0,0,0,0,0,0,0,0,0,0,0,0,0,0,0,0,0,0,0,0,0,0,0,0,0,0,0,0,0,0,0,0,0,0,0,0,0,0,0,60.2337540924134,60.2337540924134,120.467508184825,120.467508184825,120.467508184825,120.467508184825,120.467508184825,120.467508184825,120.467508184825
7037,0,0,0,0,0,0,28.4325861734752,28.4325861734752,28.4325861734752,28.4325861734752,28.4325861734752,128.561627803455,128.561627803455,128.561627803455,128.561627803455,156.994213976925,156.994213976925,156.994213976925,156.994213976925,156.994213976925,156.994213976925,156.994213976925,257.123251289304,257.123251289304,257.123251289304,257.123251289304,257.123251289304,257.123251289304,257.123251289304,257.123251289304,257.123251289304,257.123251289304,257.123251289304,257.123251289304,257.123251289304,457.381325914052,485.813912087522,485.813912087522,485.813912087522,485.813912087522,614.37553557337,642.808121746845,642.808121746845,642.808121746845,642.808121746845,671.240707920319,671.240707920319,799.802331406172,799.802331406172,799.802331406172,799.802331406172,799.802331406172,799.802331406172,799.802331406172
7038,0,0,0,0,0,0,0,0,0,0,0,84.147125464395,84.147125464395,84.147125464395,84.147125464395,84.147125464395,84.147125464395,84.147125464395,84.147125464395,84.147125464395,84.147125464395,84.147125464395,168.29423010254,168.29423010254,168.29423010254,168.29423010254,168.29423010254,168.29423010254,168.29423010254,168.29423010254,168.29423010254,168.29423010254,168.29423010254,168.29423010254,168.29423010254,252.441334740686,252.441334740686,252.441334740686,252.441334740686,252.441334740686,252.441334740686,252.441334740686,252.441334740686,252.441334740686,252.441334740686,252.441334740686,252.441334740686,252.441334740686,252.441334740686,252.441334740686,252.441334740686,252.441334740686,252.441334740686,252.441334740686
7039,0,0,0,0,0,0,0,0,0,0,0,0,0,0,0,0,0,0,0,0,0,0,0,0,0,0,0,0,0,0,0,0,0,0,0,0,0,0,0,0,0,0,0,0,0,0,0,0,0,0,0,0,0,0
7040,0,0,0,0,0,0,0,0,0,0,0,0,0,5.58933673855212,5.58933673855212,5.58933673855212,5.58933673855212,5.58933673855212,5.58933673855212,5.58933673855212,5.58933673855212,5.58933673855212,5.58933673855212,5.58933673855212,5.58933673855212,5.58933673855212,5.58933673855212,5.58933673855212,5.58933673855212,5.58933673855212,5.58933673855212,5.58933673855212,5.58933673855212,5.58933673855212,5.58933673855212,5.58933673855212,5.58933673855212,5.58933673855212,5.58933673855212,5.58933673855212,5.58933673855212,5.58933673855212,5.58933673855212,5.58933673855212,5.58933673855212,5.58933673855212,5.58933673855212,5.58933673855212,5.58933673855212,5.58933673855212,5.58933673855212,5.58933673855212,5.58933673855212,5.58933673855212
7041,0,0,0,0,0,0,0,0,0,0,0,0,0,0,0,0,0,0,0,0,0,0,0,0,0,0,0,0,0,0,0,0,0,0,0,0,0,0,0,0,0,0,0,0,0,0,0,0,0,0,0,0,0,0
7042,0,0,0,0,0,0,0,0,0,0,0,0,0,0,0,0,0,0,0,0,0,0,0,0,0,0,0,0,0,0,0,0,0,0,0,0,0,0,0,0,0,0,0,0,0,21.6064611844446,21.6064611844446,43.2129152104735,43.2129152104735,43.2129152104735,43.2129152104735,43.2129152104735,43.2129152104735,43.2129152104735
7043,0,0,0,0,0,0,0,0,0,0,0,0,0,0,0,0,0,0,0,0,0,0,0,0,0,0,0,0,0,0,0,0,0,0,0,0,0,0,0,0,0,0,0,0,0,0,0,31.4756498653605,31.4756498653605,31.4756498653605,31.4756498653605,31.4756498653605,31.4756498653605,31.4756498653605
7044,0,0,0,0,0,0,22.9096828713942,22.9096828713942,22.9096828713942,22.9096828713942,22.9096828713942,22.9096828713942,22.9096828713942,22.9096828713942,22.9096828713942,22.9096828713942,22.9096828713942,22.9096828713942,22.9096828713942,22.9096828713942,22.9096828713942,22.9096828713942,22.9096828713942,22.9096828713942,22.9096828713942,22.9096828713942,22.9096828713942,22.9096828713942,22.9096828713942,22.9096828713942,22.9096828713942,22.9096828713942,22.9096828713942,22.9096828713942,22.9096828713942,22.9096828713942,121.479932102712,121.479932102712,121.479932102712,121.479932102712,121.479932102712,121.479932102712,121.479932102712,121.479932102712,121.479932102712,121.479932102712,121.479932102712,121.479932102712,121.479932102712,121.479932102712,121.479932102712,121.479932102712,121.479932102712,121.479932102712
7045,0,0,0,0,0,0,0,0,0,0,0,0,0,0,0,0,0,0,0,0,0,0,0,0,0,0,0,0,0,0,0,0,0,0,0,0,0,0,0,0,0,0,0,0,0,0,0,0,0,0,0,0,0,0
7046,0,0,0,0,0,0,0,0,0,0,0,0,0,0,0,0,0,0,0,0,0,0,0,0,0,0,0,0,0,0,0,0,0,0,0,43.2720757744165,43.2720757744165,43.2720757744165,43.2720757744165,43.2720757744165,86.5441382308035,86.5441382308035,86.5441382308035,86.5441382308035,86.5441382308035,86.5441382308035,86.5441382308035,129.816200687191,129.816200687191,129.816200687191,129.816200687191,129.816200687191,129.816200687191,129.816200687191
7047,0,0,0,0,0,0,0,0,0,0,0,0,0,42.9081411786484,42.9081411786484,42.9081411786484,42.9081411786484,42.9081411786484,42.9081411786484,42.9081411786484,42.9081411786484,42.9081411786484,42.9081411786484,42.9081411786484,42.9081411786484,42.9081411786484,42.9081411786484,42.9081411786484,42.9081411786484,42.9081411786484,42.9081411786484,42.9081411786484,42.9081411786484,42.9081411786484,42.9081411786484,42.9081411786484,42.9081411786484,42.9081411786484,42.9081411786484,42.9081411786484,42.9081411786484,42.9081411786484,42.9081411786484,42.9081411786484,42.9081411786484,42.9081411786484,42.9081411786484,42.9081411786484,42.9081411786484,42.9081411786484,42.9081411786484,42.9081411786484,42.9081411786484,42.9081411786484
7048,0,0,0,0,0,0,0,0,0,0,0,0,0,0,0,0,0,0,0,0,0,0,0,0,0,0,0,0,0,0,0,0,0,0,0,0,0,0,0,0,0,0,0,0,0,0,0,0,0,0,0,0,0,0
7049,0,0,0,0,0,0,0,0,0,0,0,0,0,0,0,0,0,0,0,0,0,0,0,0,0,0,0,0,0,0,0,0,0,0,0,0,0,0,0,0,0,0,0,0,0,0,0,0,0,0,0,0,0,0
7050,0,0,0,0,0,0,0,0,0,0,0,112.824155310828,112.824155310828,112.824155310828,112.824155310828,112.824155310828,112.824155310828,112.824155310828,112.824155310828,112.824155310828,112.824155310828,112.824155310828,225.648310621647,225.648310621647,225.648310621647,225.648310621647,225.648310621647,225.648310621647,225.648310621647,225.648310621647,225.648310621647,225.648310621647,225.648310621647,225.648310621647,225.648310621647,338.472465932465,338.472465932465,338.472465932465,338.472465932465,338.472465932465,338.472465932465,338.472465932465,338.472465932465,338.472465932465,338.472465932465,338.472465932465,338.472465932465,338.472465932465,338.472465932465,338.472465932465,338.472465932465,338.472465932465,338.472465932465,338.472465932465
7051,0,0,0,0,0,0,0,0,0,0,0,0,0,0,0,0,0,0,0,0,0,0,0,0,0,0,0,0,0,0,0,0,0,0,0,0,0,0,0,0,0,0,0,0,0,0,0,0,0,0,0,0,0,0
7052,0,0,0,0,0,0,0,0,0,0,0,0,0,0,0,0,0,0,0,0,0,0,0,0,0,0,0,0,0,0,0,0,0,0,0,0,0,0,0,0,0,0,0,0,0,0,0,0,0,0,0,0,0,0
7053,0,0,0,0,0,0,0,0,0,0,0,0,0,0,0,0,0,0,0,0,0,0,0,0,0,0,0,0,0,0,0,0,0,0,0,0,0,0,0,0,0,0,0,0,0,0,0,0,0,0,0,0,0,0
7054,0,0,0,0,0,0,0,0,0,0,0,0,0,0,0,0,0,0,0,0,0,0,0,0,0,0,0,0,0,0,0,0,0,0,0,0,0,0,0,0,0,0,0,0,0,0,0,0,0,0,0,0,0,0
7055,0,0,0,0,0,0,0,0,0,0,0,0,0,0,0,0,0,0,0,0,0,0,0,0,0,0,0,0,0,0,0,0,0,0,0,0,0,0,0,0,0,0,0,0,0,0,0,0,0,0,0,0,0,0
7056,0,0,0,0,0,0,0,0,0,0,0,0,0,0,0,0,0,0,0,0,0,0,0,0,0,0,0,0,0,0,0,0,0,0,0,0,0,0,0,0,0,0,0,0,0,0,0,0,0,0,0,0,0,0
7057,0,0,0,0,0,0,0,0,0,0,0,0,0,0,1.71783702557911,1.71783702557911,1.71783702557911,1.71783702557911,1.71783702557911,1.71783702557911,1.71783702557911,1.71783702557911,1.71783702557911,1.71783702557911,1.71783702557911,1.71783702557911,1.71783702557911,1.71783702557911,1.71783702557911,1.71783702557911,1.71783702557911,1.71783702557911,1.71783702557911,1.71783702557911,1.71783702557911,1.71783702557911,1.71783702557911,1.71783702557911,1.71783702557911,1.71783702557911,1.71783702557911,1.71783702557911,1.71783702557911,1.71783702557911,1.71783702557911,1.71783702557911,1.71783702557911,1.71783702557911,1.71783702557911,4.49360924485236,4.49360924485236,4.49360924485236,4.49360924485236,4.49360924485236
7058,0,37.1859188902293,76.1428148681273,76.1428148681273,76.1428148681273,76.1428148681273,76.1428148681273,76.1428148681273,76.1428148681273,76.1428148681273,76.1428148681273,76.1428148681273,76.1428148681273,76.1428148681273,76.1428148681273,76.1428148681273,76.1428148681273,76.1428148681273,76.1428148681273,76.1428148681273,76.1428148681273,76.1428148681273,76.1428148681273,76.1428148681273,76.1428148681273,76.1428148681273,76.1428148681273,76.1428148681273,76.1428148681273,76.1428148681273,76.1428148681273,76.1428148681273,76.1428148681273,76.1428148681273,76.1428148681273,76.1428148681273,76.1428148681273,76.1428148681273,76.1428148681273,76.1428148681273,76.1428148681273,76.1428148681273,76.1428148681273,76.1428148681273,76.1428148681273,76.1428148681273,76.1428148681273,76.1428148681273,76.1428148681273,76.1428148681273,76.1428148681273,76.1428148681273,76.1428148681273,76.1428148681273
7059,0,0,0,0,0,0,0,0,0,0,0,0,0,0,0,0,0,0,0,0,0,0,0,0,0,0,0,0,0,0,0,0,1.91625781966177,1.91625781966177,1.91625781966177,1.91625781966177,1.91625781966177,1.91625781966177,1.91625781966177,1.91625781966177,1.91625781966177,1.91625781966177,1.91625781966177,1.91625781966177,1.91625781966177,1.91625781966177,1.91625781966177,1.91625781966177,1.91625781966177,1.91625781966177,1.91625781966177,1.91625781966177,1.91625781966177,1.91625781966177
7060,0,0,0,0,0,0,0,0,0,0,0,0,0,0,0,0,0,0,0,0,0,0,0,0,0,0,0,0,0,0,0,0,0,0,0,0,0,0,0,0,0,0,0,0,0,0,0,0,0,0,0,0,0,0
7061,0,0,0,0,0,0,0,0,0,0,0,0,0,0,0,0,0,0,0,0,0,0,0,0,0,0,0,0,0,0,0,0,0,0,0,0,0,0,0,0,0,0,0,0,0,0,0,0,0,0,0,0,0,0
7062,0,0,0,0,0,0,0,0,0,0,0,0,0,0,0,0,0,0,0,0,0,0,0,0,0,0,0,0,0,0,0,0,0,0,0,0,0,0,0,0,0,0,0,0,0,0,0,0,0,0,0,0,0,0
7063,0,0,0,0,0,0,0,0,0,0,0,0,0,0,0,0,0,0,0,0,0,0,0,0,0,0,0,0,0,0,0,0,0,0,0,0,0,0,0,0,0,0,0,0,0,35.7471077830781,35.7471077830781,71.4942155661544,71.4942155661544,71.4942155661544,71.4942155661544,71.4942155661544,71.4942155661544,71.4942155661544
7064,0,0,0,0,0,0,0,0,0,0,0,0,0,0,0,0,0,0,0,0,0,0,0,0,0,0,0,0,0,0,0,0,0,0,0,0,0,0,0,0,0,0,0,0,0,0,0,0,0,0,0,0,0,0
7065,0,0,0,0,0,0,0,0,0,0,0,0,0,82.1446296108798,82.1446296108798,82.1446296108798,82.1446296108798,82.1446296108798,82.1446296108798,82.1446296108798,160.46475106463,160.46475106463,160.46475106463,160.46475106463,160.46475106463,160.46475106463,160.46475106463,160.46475106463,160.46475106463,160.46475106463,160.46475106463,160.46475106463,160.46475106463,160.46475106463,160.46475106463,160.46475106463,160.46475106463,160.46475106463,160.46475106463,160.46475106463,160.46475106463,160.46475106463,160.46475106463,160.46475106463,160.46475106463,160.46475106463,160.46475106463,160.46475106463,160.46475106463,160.46475106463,160.46475106463,160.46475106463,160.46475106463,160.46475106463
7066,0,0,0,0,0,0,0,0,0,0,0,3.89243215396112,3.89243215396112,3.89243215396112,3.89243215396112,3.89243215396112,3.89243215396112,3.89243215396112,3.89243215396112,3.89243215396112,3.89243215396112,3.89243215396112,3.89243215396112,3.89243215396112,3.89243215396112,3.89243215396112,3.89243215396112,3.89243215396112,3.89243215396112,3.89243215396112,3.89243215396112,3.89243215396112,3.89243215396112,3.89243215396112,3.89243215396112,3.89243215396112,3.89243215396112,3.89243215396112,3.89243215396112,3.89243215396112,3.89243215396112,3.89243215396112,3.89243215396112,3.89243215396112,3.89243215396112,3.89243215396112,3.89243215396112,3.89243215396112,3.89243215396112,3.89243215396112,3.89243215396112,3.89243215396112,3.89243215396112,3.89243215396112
7067,0,0,0,0,0,0,0,0,0,0,0,0,0,0,0,0,0,0,0,0,0,0,0,0,0,0,0,0,0,0,0,0,0,0,0,53.2789678407638,53.2789678407638,53.2789678407638,53.2789678407638,53.2789678407638,106.557935681528,106.557935681528,106.557935681528,106.557935681528,106.557935681528,106.557935681528,106.557935681528,159.836903522279,159.836903522279,159.836903522279,159.836903522279,159.836903522279,159.836903522279,159.836903522279
7068,0,0,0,0,0,0,0,0,0,0,0,0,0,0,0,56.333649753504,56.333649753504,56.333649753504,56.333649753504,56.333649753504,56.333649753504,56.333649753504,56.333649753504,56.333649753504,56.333649753504,56.333649753504,56.333649753504,56.333649753504,56.333649753504,56.333649753504,56.333649753504,56.333649753504,56.333649753504,56.333649753504,56.333649753504,56.333649753504,56.333649753504,56.333649753504,56.333649753504,56.333649753504,112.667299507004,169.00094926051,169.00094926051,169.00094926051,169.00094926051,225.334599014016,225.334599014016,281.668248767525,281.668248767525,281.668248767525,281.668248767525,281.668248767525,281.668248767525,281.668248767525
7069,0,0,0,0,0,0,0,0,0,0,0,0,0,0,0,0,0,0,0,0,0,0,0,0,0,0,0,0,0,0,0,0,0,0,0,0,0,0,0,0,0,0,0,0,0,0,0,0,0,0,0,0,0,0
7070,0,0,0,0,0,0,0,0,0,0,0,31.1702272944663,31.1702272944663,31.1702272944663,31.1702272944663,31.1702272944663,31.1702272944663,31.1702272944663,31.1702272944663,31.1702272944663,31.1702272944663,31.1702272944663,62.3404545889297,62.3404545889297,62.3404545889297,62.3404545889297,62.3404545889297,62.3404545889297,62.3404545889297,62.3404545889297,62.3404545889297,62.3404545889297,62.3404545889297,62.3404545889297,62.3404545889297,93.5106818833932,93.5106818833932,93.5106818833932,93.5106818833932,93.5106818833932,93.5106818833932,93.5106818833932,93.5106818833932,93.5106818833932,93.5106818833932,93.5106818833932,93.5106818833932,93.5106818833932,93.5106818833932,93.5106818833932,93.5106818833932,93.5106818833932,93.5106818833932,93.5106818833932
7071,0,0,0,0,0,0,0,0,0,0,0,0,0,0,0,0,0,0,0,0,0,0,0,0,0,0,0,0,0,0,0,0,0,0,0,0,0,0,0,0,0,0,0,0,0,0,0,0,0,0,0,0,0,0
7072,0,0,0,0,0,0,0,0,0,0,0,0,0,0,0,0,0,0,0,0,0,0,0,0,0,0,0,0,0,0,0,0,0,0,0,0,0,0,0,0,0,0,0,0,0,0,0,15.7391679341706,15.7391679341706,15.7391679341706,15.7391679341706,15.7391679341706,15.7391679341706,15.7391679341706
7073,0,0,0,0,0,0,0,0,0,0,0,0,0,0,0,0,0,0,0,0,0,0,0,0,0,0,0,0,0,0,0,0,0,0,0,0,0,0,0,0,0,0,0,0,0,0,0,0,0,0,0,0,0,0
7074,0,0,0,0,0,0,0,0,0,0,0,0,0,0,0,0,0,0,0,0,0,0,0,0,0,0,0,0,0,0,0,0,0,0,0,0,0,0,0,0,14.4450773909824,28.890154781966,28.890154781966,28.890154781966,28.890154781966,28.890154781966,28.890154781966,28.890154781966,28.890154781966,28.890154781966,28.890154781966,28.890154781966,28.890154781966,28.890154781966
7075,0,0,0,0,0,0,0,0,0,0,0,0,0,0,0,0,0,0,0,0,0,0,0,0,0,0,0,0,0,0,0,0,0,0,0,0,0,0,0,0,0,0,0,0,0,0,0,0,0,0,0,0,0,0
7076,0,0,0,0,0,0,0,0,0,0,0,0,0,0,0,0,0,0,0,0,0,0,0,0,0,0,0,0,0,0,0,0,0,0,0,0,0,0,0,0,69.3050059774016,138.610011954811,138.610011954811,138.610011954811,138.610011954811,158.813263434736,158.813263434736,179.016514914649,179.016514914649,179.016514914649,179.016514914649,179.016514914649,179.016514914649,179.016514914649
7077,0,0,0,0,0,0,0,0,0,0,0,0,0,118.986700245041,118.986700245041,118.986700245041,118.986700245041,118.986700245041,118.986700245041,118.986700245041,177.508640338782,177.508640338782,237.973400490078,237.973400490078,237.973400490078,237.973400490078,237.973400490078,237.973400490078,237.973400490078,237.973400490078,237.973400490078,237.973400490078,237.973400490078,237.973400490078,237.973400490078,237.973400490078,237.973400490078,237.973400490078,237.973400490078,237.973400490078,237.973400490078,237.973400490078,237.973400490078,237.973400490078,237.973400490078,237.973400490078,237.973400490078,237.973400490078,237.973400490078,237.973400490078,237.973400490078,237.973400490078,237.973400490078,237.973400490078
7078,0,0,0,0,0,0,0,0,0,0,0,0,0,0,0,0,0,0,0,0,0,0,0,0,0,0,0,0,0,0,0,0,25.3154416867845,25.3154416867845,25.3154416867845,25.3154416867845,25.3154416867845,25.3154416867845,25.3154416867845,25.3154416867845,25.3154416867845,25.3154416867845,25.3154416867845,25.3154416867845,25.3154416867845,25.3154416867845,25.3154416867845,25.3154416867845,25.3154416867845,25.3154416867845,25.3154416867845,25.3154416867845,25.3154416867845,25.3154416867845
7079,0,0,0,0,0,0,0,0,0,0,0,0,0,0,0,0,0,0,0,0,0,0,0,0,0,0,0,0,0,0,0,0,0,0,0,0,0,0,0,0,0,0,0,0,0,0,0,72.9780336129175,72.9780336129175,72.9780336129175,72.9780336129175,72.9780336129175,72.9780336129175,72.9780336129175
7080,0,0,0,0,0,0,0,0,0,0,0,0,0,0,0,0,0,0,0,0,0,0,0,0,0,0,0,0,0,0,0,0,0,0,0,0,0,0,0,0,0,0,0,0,0,0,0,0,0,0,0,0,0,0
7081,0,0,0,0,0,0,0,0,0,0,0,0,0,0,0,0,0,0,0,0,0,0,0,0,0,0,0,0,0,0,0,0,0,0,0,0,0,0,0,0,0,0,0,0,0,0,0,0,0,0,0,0,0,0
7082,0,0,0,0,0,0,0,0,0,0,0,0,0,0,0,0,0,0,0,0,0,0,0,0,0,0,0,0,0,0,0,0,0,0,0,0,0,0,0,0,0,0,0,0,0,0,0,0,0,0,0,0,0,0
7083,0,0,0,0,0,0,0,0,0,0,0,0,0,0,0,0,0,0,0,0,0,0,0,0,0,0,0,0,0,0,0,0,0,0,0,0,0,0,0,0,51.4109143799839,102.821828759969,102.821828759969,102.821828759969,102.821828759969,154.232743139953,154.232743139953,205.643657519933,205.643657519933,205.643657519933,205.643657519933,205.643657519933,205.643657519933,205.643657519933
7084,0,0,0,0,0,0,0,0,0,0,0,0,0,0,0,0,0,0,0,0,0,0,0,0,0,0,0,0,0,0,0,0,0,0,0,0,0,0,0,0,0,0,0,0,0,0,0,0,0,0,0,0,0,0
7085,72.527745236243,217.583235708725,290.110980944965,290.110980944965,290.110980944965,290.110980944965,290.110980944965,290.110980944965,290.110980944965,341.18255087889,392.254120812827,392.254120812827,392.254120812827,537.309611285312,537.309611285312,537.309611285312,537.309611285312,537.309611285312,537.309611285312,537.309611285312,609.83735652155,609.83735652155,682.365101757792,682.365101757792,682.365101757792,682.365101757792,682.365101757792,682.365101757792,682.365101757792,682.365101757792,682.365101757792,682.365101757792,682.365101757792,682.365101757792,682.365101757792,682.365101757792,682.365101757792,682.365101757792,682.365101757792,682.365101757792,682.365101757792,682.365101757792,682.365101757792,682.365101757792,682.365101757792,682.365101757792,682.365101757792,682.365101757792,682.365101757792,682.365101757792,682.365101757792,682.365101757792,682.365101757792,682.365101757792
7086,0,0,0,0,0,0,0,0,0,0,0,0,0,44.4591106276062,44.4591106276062,44.4591106276062,44.4591106276062,44.4591106276062,44.4591106276062,44.4591106276062,44.4591106276062,44.4591106276062,44.4591106276062,44.4591106276062,44.4591106276062,44.4591106276062,44.4591106276062,44.4591106276062,44.4591106276062,44.4591106276062,44.4591106276062,44.4591106276062,44.4591106276062,44.4591106276062,44.4591106276062,44.4591106276062,44.4591106276062,44.4591106276062,44.4591106276062,44.4591106276062,44.4591106276062,44.4591106276062,44.4591106276062,44.4591106276062,44.4591106276062,44.4591106276062,44.4591106276062,44.4591106276062,44.4591106276062,44.4591106276062,44.4591106276062,44.4591106276062,44.4591106276062,44.4591106276062
7087,0,0,0,0,0,0,0,0,0,0,0,0,0,0,0,0,0,0,0,0,0,0,0,0,0,0,0,0,0,0,0,0,0,0,0,0,0,0,0,0,0,0,0,0,0,0,0,0,0,0,0,0,0,0
7088,0,0,0,0,0,0,0,11.0059351727082,11.0059351727082,11.0059351727082,11.0059351727082,11.0059351727082,11.0059351727082,11.0059351727082,11.0059351727082,11.0059351727082,11.0059351727082,11.0059351727082,11.0059351727082,11.0059351727082,11.0059351727082,11.0059351727082,11.0059351727082,11.0059351727082,11.0059351727082,11.0059351727082,11.0059351727082,11.0059351727082,11.0059351727082,11.0059351727082,11.0059351727082,11.0059351727082,11.0059351727082,11.0059351727082,11.0059351727082,11.0059351727082,11.0059351727082,11.0059351727082,11.0059351727082,11.0059351727082,11.0059351727082,11.0059351727082,11.0059351727082,11.0059351727082,11.0059351727082,11.0059351727082,11.0059351727082,11.0059351727082,11.0059351727082,11.0059351727082,11.0059351727082,11.0059351727082,11.0059351727082,11.0059351727082
7089,0,0,0,0,0,0,0,0,0,0,0,0,0,0,0,0,0,0,0,0,0,0,0,0,0,0,0,0,0,0,0,0,0,0,0,35.1587820710111,72.5564382013973,72.5564382013973,72.5564382013973,72.5564382013973,107.715220272408,107.715220272408,107.715220272408,107.715220272408,107.715220272408,107.715220272408,107.715220272408,142.874002343421,142.874002343421,142.874002343421,142.874002343421,142.874002343421,142.874002343421,142.874002343421
7090,0,0,0,0,0,0,0,0,0,0,0,0,0,49.0771528233087,49.0771528233087,49.0771528233087,49.0771528233087,49.0771528233087,49.0771528233087,49.0771528233087,119.398766380846,119.398766380846,119.398766380846,119.398766380846,119.398766380846,119.398766380846,119.398766380846,119.398766380846,119.398766380846,119.398766380846,119.398766380846,119.398766380846,119.398766380846,119.398766380846,119.398766380846,119.398766380846,119.398766380846,119.398766380846,119.398766380846,119.398766380846,119.398766380846,119.398766380846,119.398766380846,119.398766380846,119.398766380846,119.398766380846,119.398766380846,119.398766380846,119.398766380846,119.398766380846,119.398766380846,119.398766380846,119.398766380846,119.398766380846
7091,0,0,0,0,0,0,0,0,0,0,0,69.0067649052413,69.0067649052413,69.0067649052413,69.0067649052413,69.0067649052413,69.0067649052413,69.0067649052413,69.0067649052413,69.0067649052413,69.0067649052413,69.0067649052413,69.0067649052413,69.0067649052413,69.0067649052413,69.0067649052413,69.0067649052413,69.0067649052413,69.0067649052413,69.0067649052413,69.0067649052413,69.0067649052413,69.0067649052413,69.0067649052413,69.0067649052413,69.0067649052413,69.0067649052413,69.0067649052413,69.0067649052413,69.0067649052413,69.0067649052413,69.0067649052413,69.0067649052413,69.0067649052413,69.0067649052413,69.0067649052413,69.0067649052413,69.0067649052413,69.0067649052413,69.0067649052413,69.0067649052413,69.0067649052413,69.0067649052413,69.0067649052413
7092,0,0,0,0,0,0,0,0,0,0,0,0,0,0,0,0,0,0,0,0,0,0,0,0,0,0,0,0,0,0,0,0,0,0,0,0,0,0,0,0,0,0,0,0,0,0,0,0,0,0,0,0,0,0
7093,0,0,0,0,0,0,0,0,0,0,0,0,0,0,0,0,0,0,0,0,0,0,0,0,0,0,0,0,0,0,0,0,0,0,0,0,0,0,0,0,0,0,0,0,0,0,0,0,0,0,0,0,0,0
7094,0,0,0,0,0,0,0,0,0,0,0,0,0,0,0,0,0,0,0,0,0,0,0,0,0,0,0,0,0,0,0,0,0,0,0,0,0,0,0,0,0,0,0,0,0,0,0,0,0,0,0,0,0,0
7095,0,0,0,0,0,0,0,0,0,0,0,0,0,0,0,0,0,0,0,0,0,0,0,0,0,0,0,0,0,0,0,0,0,0,0,0,0,0,0,0,0,0,0,0,0,0,0,0,0,0,0,0,0,0
7096,0,0,0,0,0,0,0,0,0,0,0,0,0,0,0,0,0,0,0,0,0,0,0,0,0,0,0,0,0,0,0,0,0,0,0,0,0,0,0,0,0,0,0,0,0,0,0,0,0,19.0360100671448,19.0360100671448,19.0360100671448,19.0360100671448,19.0360100671448
7097,0,0,0,0,0,0,0,0,0,0,0,0,0,0,0,0,0,0,0,0,0,0,0,0,0,0,0,0,0,0,0,0,0,0,0,0,0,0,0,0,0,0,0,0,0,0,0,0,0,0,0,0,0,0
7098,0,0,0,0,0,0,0,0,0,0,0,0,0,0,0,0,0,0,0,0,0,0,0,0,0,0,0,0,0,0,0,0,0,0,0,0,48.4470690508301,48.4470690508301,48.4470690508301,48.4470690508301,48.4470690508301,48.4470690508301,48.4470690508301,48.4470690508301,48.4470690508301,48.4470690508301,48.4470690508301,48.4470690508301,48.4470690508301,48.4470690508301,48.4470690508301,48.4470690508301,48.4470690508301,48.4470690508301
7099,0,0,0,0,0,0,0,0,0,0,0,0,0,0,0,0,0,0,0,0,0,0,0,0,0,0,0,0,0,0,0,0,0,0,0,0,0,0,0,0,0,0,0,0,0,0,0,0,0,0,0,0,0,0
7100,0,0,0,0,0,0,0,0,0,0,0,0,0,0,0,0,0,0,0,0,0,0,0,0,0,0,0,0,0,0,0,0,0,0,0,0,0,0,0,0,0,0,0,0,0,0,0,0,0,0,0,0,0,0
7101,0,0,0,0,0,0,0,0,0,0,0,0,0,0,0,0,0,0,0,0,0,0,0,0,0,0,0,0,0,0,0,0,0,0,0,0,0,0,0,0,0,0,0,0,0,0,0,0,0,0,0,0,0,0
7102,0,0,0,0,0,0,0,0,0,0,0,0,0,0,0,0,0,0,0,0,0,0,0,0,0,0,0,0,0,0,0,0,0,0,0,0,0,0,0,0,0,0,0,0,0,0,0,0,0,0,0,0,0,0
7103,0,0,0,0,0,0,0,0,0,0,0,0,0,0,0,0,0,0,0,0,0,0,0,0,0,0,0,0,0,0,0,0,0,0,0,0,0,0,0,0,0,0,0,0,0,0,0,0,0,0,0,0,0,0
7104,0,0,0,0,0,0,0,0,0,0,0,0,0,0,0,0,0,0,0,0,0,0,0,0,0,0,0,0,0,0,0,0,0,0,0,0,0,0,0,0,0,0,0,0,0,0,0,0,0,0,0,0,0,0
7105,0,0,0,0,0,0,0,0,0,0,0,0,0,0,0,0,0,0,0,0,0,0,0,0,0,0,0,0,0,0,0,0,0,0,0,0,0,0,0,0,0,0,0,0,0,0,0,0,0,0,0,0,0,0
7106,0,0,0,0,0,0,0,0,0,0,0,0,0,0,0,0,0,0,0,0,0,0,0,0,0,0,0,0,0,0,0,0,0,0,0,0,0,0,0,0,0,0,0,0,0,0,0,0,0,0,0,0,0,0
7107,0,0,0,0,0,0,0,0,0,0,0,0,0,0,0,0,0,0,0,0,0,0,0,0,0,0,0,0,0,0,0,0,0,0,0,0,0,0,0,0,0,0,0,0,0,0,0,0,0,21.5290631476816,21.5290631476816,21.5290631476816,21.5290631476816,21.5290631476816
7108,0,0,0,0,0,0,0,0,0,0,0,0,0,46.9568986709044,46.9568986709044,46.9568986709044,46.9568986709044,46.9568986709044,46.9568986709044,46.9568986709044,46.9568986709044,46.9568986709044,46.9568986709044,46.9568986709044,46.9568986709044,46.9568986709044,46.9568986709044,46.9568986709044,46.9568986709044,46.9568986709044,46.9568986709044,46.9568986709044,46.9568986709044,46.9568986709044,46.9568986709044,46.9568986709044,46.9568986709044,46.9568986709044,46.9568986709044,46.9568986709044,46.9568986709044,46.9568986709044,46.9568986709044,46.9568986709044,46.9568986709044,46.9568986709044,46.9568986709044,46.9568986709044,46.9568986709044,46.9568986709044,46.9568986709044,46.9568986709044,46.9568986709044,46.9568986709044
7109,0,0,0,0,0,0,0,0,0,0,0,0,0,0,0,0,0,0,0,0,0,0,0,0,0,0,0,0,0,0,0,0,0,0,0,0,0,0,0,0,0,0,0,0,0,0,0,0,0,0,0,0,0,0
7110,0,0,0,0,0,0,0,0,0,0,0,0,0,0,0,0,0,0,0,0,0,0,0,0,0,0,0,0,0,0,0,0,0,0,0,0,0,0,0,0,0,0,0,0,0,0,0,0,0,0,0,0,0,0
7111,0,0,0,0,0,0,0,0,0,0,0,0,0,0,0,0,0,0,0,0,0,0,0,0,0,0,0,0,0,0,0,0,0,0,0,0,0,0,0,0,0,0,0,0,0,0,0,0,0,0,0,0,0,0
7112,0,0,0,0,0,0,0,0,0,0,0,0,0,0,0,0,0,0,0,0,0,0,0,0,0,0,0,0,0,0,0,0,0,0,0,0,0,0,0,0,0,0,0,0,0,0,0,0,0,12.753729689781,12.753729689781,12.753729689781,12.753729689781,12.753729689781
7113,0,0,0,0,0,0,0,0,0,0,0,0,0,0,0,0,0,0,0,0,0,0,0,0,0,0,0,0,0,0,0,0,0,0,0,53.9331113781989,53.9331113781989,53.9331113781989,53.9331113781989,53.9331113781989,107.8662227564,107.8662227564,107.8662227564,107.8662227564,107.8662227564,107.8662227564,107.8662227564,161.799334134621,161.799334134621,161.799334134621,161.799334134621,161.799334134621,161.799334134621,161.799334134621
7114,0,0,0,0,0,0,2.63910777843325,2.63910777843325,2.63910777843325,2.63910777843325,2.63910777843325,10.0797171956012,10.0797171956012,10.0797171956012,10.0797171956012,11.4867094283114,11.4867094283114,11.4867094283114,11.4867094283114,11.4867094283114,11.4867094283114,11.4867094283114,18.9273188454761,18.9273188454761,18.9273188454761,18.9273188454761,18.9273188454761,18.9273188454761,18.9273188454761,18.9273188454761,18.9273188454761,18.9273188454761,18.9273188454761,18.9273188454761,18.9273188454761,33.8085376798087,36.4476454582441,36.4476454582441,36.4476454582441,36.4476454582441,45.2952471081234,46.7022393408348,46.7022393408348,46.7022393408348,46.7022393408348,48.1092315735449,48.1092315735449,56.9568332234209,56.9568332234209,56.9568332234209,56.9568332234209,56.9568332234209,56.9568332234209,56.9568332234209
7115,0,0,0,0,0,0,0,0,0,0,0,0,0,0,0,0,0,0,0,0,0,0,0,0,0,0,0,0,0,0,0,0,0,0,0,0,0,0,0,0,0,0,0,0,0,0,0,0,0,0,0,0,0,0
7116,0,0,0,0,0,0,0,0,0,0,0,0,0,0,0,0,0,0,0,0,0,0,43.7017956183592,43.7017956183592,43.7017956183592,43.7017956183592,43.7017956183592,43.7017956183592,43.7017956183592,43.7017956183592,43.7017956183592,43.7017956183592,43.7017956183592,43.7017956183592,43.7017956183592,87.4035912367184,87.4035912367184,87.4035912367184,87.4035912367184,87.4035912367184,87.4035912367184,87.4035912367184,87.4035912367184,87.4035912367184,87.4035912367184,87.4035912367184,87.4035912367184,87.4035912367184,87.4035912367184,87.4035912367184,87.4035912367184,87.4035912367184,87.4035912367184,87.4035912367184
7117,0,0,0,0,0,0,0,0,0,0,0,0,0,0,0,0,0,0,0,0,0,0,0,0,0,0,0,0,0,0,0,0,0,0,0,0,0,0,0,0,0,0,0,0,0,0,0,0,0,0,0,0,0,0
7118,0,0,0,0,0,0,0,0,0,0,0,53.7405970642314,53.7405970642314,53.7405970642314,53.7405970642314,53.7405970642314,53.7405970642314,53.7405970642314,53.7405970642314,53.7405970642314,53.7405970642314,53.7405970642314,107.481194128466,107.481194128466,107.481194128466,107.481194128466,107.481194128466,107.481194128466,107.481194128466,107.481194128466,107.481194128466,107.481194128466,107.481194128466,107.481194128466,107.481194128466,161.221791192701,161.221791192701,161.221791192701,161.221791192701,161.221791192701,161.221791192701,161.221791192701,161.221791192701,161.221791192701,161.221791192701,161.221791192701,161.221791192701,161.221791192701,161.221791192701,161.221791192701,161.221791192701,161.221791192701,161.221791192701,161.221791192701
7119,0,0,0,0,0,0,0,0,0,0,0,0,0,0,0,0,0,0,0,0,0,0,0,0,0,0,0,0,0,0,0,0,0,0,0,0,0,0,0,0,0,0,0,0,0,0,0,0,0,0,0,0,0,0
7120,0,0,0,0,0,0,0,0,0,0,0,0,0,63.7662993975182,63.7662993975182,63.7662993975182,63.7662993975182,63.7662993975182,63.7662993975182,63.7662993975182,63.7662993975182,63.7662993975182,63.7662993975182,63.7662993975182,63.7662993975182,63.7662993975182,63.7662993975182,63.7662993975182,63.7662993975182,63.7662993975182,63.7662993975182,63.7662993975182,63.7662993975182,63.7662993975182,63.7662993975182,63.7662993975182,63.7662993975182,63.7662993975182,63.7662993975182,63.7662993975182,63.7662993975182,63.7662993975182,63.7662993975182,63.7662993975182,63.7662993975182,63.7662993975182,63.7662993975182,63.7662993975182,63.7662993975182,63.7662993975182,63.7662993975182,63.7662993975182,63.7662993975182,63.7662993975182
7121,47.9475312924922,143.842593877469,191.790125169954,191.790125169954,191.790125169954,191.790125169954,267.437228893634,267.437228893634,267.437228893634,315.905311484138,364.37339407464,440.020497798317,440.020497798317,535.915560383288,535.915560383288,611.562664106976,611.562664106976,611.562664106976,611.562664106976,611.562664106976,659.510195399458,659.510195399458,783.62538171365,783.62538171365,783.62538171365,783.62538171365,783.62538171365,783.62538171365,783.62538171365,783.62538171365,783.62538171365,783.62538171365,783.62538171365,783.62538171365,783.62538171365,935.960691757049,1011.60779548074,1011.60779548074,1011.60779548074,1011.60779548074,1163.94310552413,1240.11076054582,1240.11076054582,1240.11076054582,1240.11076054582,1316.27841556751,1316.27841556751,1468.61372561091,1468.61372561091,1468.61372561091,1468.61372561091,1468.61372561091,1468.61372561091,1468.61372561091
7122,0,0,0,0,0,0,0,0,0,0,0,0,0,0,0,0,0,0,0,0,0,0,0,0,0,0,0,0,0,0,0,0,0,0,0,0,0,0,0,0,0,0,0,0,0,0,0,0,0,0,0,0,0,0
7123,0,0,0,0,0,0,0,0,0,0,0,0,0,15.5708193057655,15.5708193057655,15.5708193057655,15.5708193057655,15.5708193057655,15.5708193057655,15.5708193057655,31.1416386115318,31.1416386115318,31.1416386115318,31.1416386115318,31.1416386115318,31.1416386115318,31.1416386115318,31.1416386115318,31.1416386115318,31.1416386115318,31.1416386115318,31.1416386115318,31.1416386115318,31.1416386115318,31.1416386115318,31.1416386115318,31.1416386115318,31.1416386115318,31.1416386115318,31.1416386115318,31.1416386115318,31.1416386115318,31.1416386115318,31.1416386115318,31.1416386115318,31.1416386115318,31.1416386115318,31.1416386115318,31.1416386115318,31.1416386115318,31.1416386115318,31.1416386115318,31.1416386115318,31.1416386115318
7124,0,0,0,0,0,0,0,0,0,0,0,0,0,60.248447751289,60.248447751289,60.248447751289,60.248447751289,60.248447751289,60.248447751289,60.248447751289,60.248447751289,60.248447751289,94.9374822178073,94.9374822178073,94.9374822178073,94.9374822178073,94.9374822178073,94.9374822178073,94.9374822178073,94.9374822178073,94.9374822178073,94.9374822178073,94.9374822178073,94.9374822178073,94.9374822178073,94.9374822178073,94.9374822178073,94.9374822178073,94.9374822178073,94.9374822178073,94.9374822178073,94.9374822178073,94.9374822178073,94.9374822178073,94.9374822178073,94.9374822178073,94.9374822178073,94.9374822178073,94.9374822178073,94.9374822178073,94.9374822178073,94.9374822178073,94.9374822178073,94.9374822178073
7125,0,0,0,0,0,0,0,0,0,0,0,64.8465516851231,64.8465516851231,64.8465516851231,64.8465516851231,64.8465516851231,64.8465516851231,64.8465516851231,64.8465516851231,64.8465516851231,64.8465516851231,64.8465516851231,129.693103370247,129.693103370247,129.693103370247,129.693103370247,129.693103370247,129.693103370247,129.693103370247,129.693103370247,129.693103370247,129.693103370247,129.693103370247,129.693103370247,129.693103370247,194.539655055372,194.539655055372,194.539655055372,194.539655055372,194.539655055372,194.539655055372,194.539655055372,194.539655055372,194.539655055372,194.539655055372,194.539655055372,194.539655055372,194.539655055372,194.539655055372,194.539655055372,194.539655055372,194.539655055372,194.539655055372,194.539655055372
7126,0,0,0,0,0,0,0,0,0,0,0,0,0,0,0,0,0,0,0,0,0,0,0,0,0,0,0,0,0,0,0,0,0,0,0,98.7080105143218,98.7080105143218,98.7080105143218,98.7080105143218,98.7080105143218,197.415942859447,197.415942859447,197.415942859447,197.415942859447,197.415942859447,197.415942859447,197.415942859447,296.123875204484,296.123875204484,296.123875204484,296.123875204484,296.123875204484,296.123875204484,296.123875204484
7127,0,0,0,0,0,0,0,0,0,0,0,0,0,0,0,0,0,0,0,0,0,0,0,0,0,0,0,0,0,0,0,0,0,0,0,0,0,0,0,0,0,0,0,0,0,0,0,13.3719098693732,13.3719098693732,13.3719098693732,13.3719098693732,13.3719098693732,13.3719098693732,13.3719098693732
7128,0,0,0,0,0,0,0,0,0,0,0,0,0,0,0,0,0,0,0,0,0,0,0,0,0,0,0,0,0,0,0,0,0,0,0,0,0,0,0,0,0,0,0,0,0,0,0,0,0,0,0,0,0,0
7129,0,0,0,0,0,0,0,0,0,0,0,0,0,0,0,0,0,0,0,0,0,0,50.4640110556585,50.4640110556585,50.4640110556585,50.4640110556585,50.4640110556585,50.4640110556585,50.4640110556585,50.4640110556585,50.4640110556585,50.4640110556585,50.4640110556585,50.4640110556585,50.4640110556585,100.928022111317,100.928022111317,100.928022111317,100.928022111317,100.928022111317,100.928022111317,100.928022111317,100.928022111317,100.928022111317,100.928022111317,100.928022111317,100.928022111317,100.928022111317,100.928022111317,100.928022111317,100.928022111317,100.928022111317,100.928022111317,100.928022111317
7130,0,0,0,0,0,0,0,0,0,0,0,0,0,0,0,0,0,0,0,0,0,0,0,0,0,0,0,0,0,0,0,0,0,0,0,0,0,0,0,0,0,0,0,0,0,9.11648963779436,9.11648963779436,18.2329792755921,18.2329792755921,18.2329792755921,18.2329792755921,18.2329792755921,18.2329792755921,18.2329792755921
7131,0,0,0,0,0,0,0,0,0,0,0,0,0,0,0,0,0,0,0,0,0,0,0,0,0,0,0,0,0,0,0,0,0,0,0,90.2688246096441,90.2688246096441,90.2688246096441,90.2688246096441,90.2688246096441,180.537660467948,180.537660467948,180.537660467948,180.537660467948,180.537660467948,180.537660467948,180.537660467948,270.806477180986,270.806477180986,270.806477180986,270.806477180986,270.806477180986,270.806477180986,270.806477180986
7132,0,0,0,0,0,0,0,0,0,0,0,0,0,0,0,0,0,0,0,0,0,0,0,0,0,0,0,0,0,0,0,0,0,0,0,126.093287534181,126.093287534181,126.093287534181,126.093287534181,126.093287534181,252.186765536237,252.186765536237,252.186765536237,252.186765536237,252.186765536237,252.186765536237,252.186765536237,378.280180044036,378.280180044036,378.280180044036,378.280180044036,378.280180044036,378.280180044036,378.280180044036
7133,0,0,0,0,0,0,0,0,0,0,0,0,0,0,0,0,0,0,0,0,0,0,0,0,0,0,0,0,0,0,0,0,0,0,0,0,0,0,0,0,0,0,0,0,0,0,0,0,0,0,0,0,0,0
7134,0,0,0,0,0,0,0,0,0,0,0,0,0,81.5058439652836,81.5058439652836,81.5058439652836,81.5058439652836,81.5058439652836,81.5058439652836,81.5058439652836,81.5058439652836,81.5058439652836,81.5058439652836,81.5058439652836,81.5058439652836,81.5058439652836,81.5058439652836,81.5058439652836,81.5058439652836,81.5058439652836,81.5058439652836,81.5058439652836,81.5058439652836,81.5058439652836,81.5058439652836,81.5058439652836,81.5058439652836,81.5058439652836,81.5058439652836,81.5058439652836,81.5058439652836,81.5058439652836,81.5058439652836,81.5058439652836,81.5058439652836,81.5058439652836,81.5058439652836,81.5058439652836,81.5058439652836,81.5058439652836,81.5058439652836,81.5058439652836,81.5058439652836,81.5058439652836
7135,0,0,0,0,0,0,0,0,0,0,0,34.9170692579537,34.9170692579537,34.9170692579537,34.9170692579537,34.9170692579537,34.9170692579537,34.9170692579537,34.9170692579537,34.9170692579537,34.9170692579537,34.9170692579537,73.8217716214533,73.8217716214533,73.8217716214533,73.8217716214533,73.8217716214533,73.8217716214533,73.8217716214533,73.8217716214533,73.8217716214533,73.8217716214533,73.8217716214533,73.8217716214533,73.8217716214533,112.726473984953,112.726473984953,112.726473984953,112.726473984953,112.726473984953,112.726473984953,112.726473984953,112.726473984953,112.726473984953,112.726473984953,112.726473984953,112.726473984953,112.726473984953,112.726473984953,112.726473984953,112.726473984953,112.726473984953,112.726473984953,112.726473984953
7136,0,0,0,0,0,0,0,0,0,0,0,0,0,0,0,0,0,0,0,0,0,0,0,0,0,0,0,0,0,0,0,0,0,0,0,0,0,0,0,0,0,0,0,0,0,0,0,0,0,0,0,0,0,0
7137,0,0,0,0,0,0,0,0,0,0,0,47.4607783703829,47.4607783703829,47.4607783703829,47.4607783703829,47.4607783703829,47.4607783703829,47.4607783703829,47.4607783703829,47.4607783703829,47.4607783703829,47.4607783703829,47.4607783703829,47.4607783703829,47.4607783703829,47.4607783703829,47.4607783703829,47.4607783703829,47.4607783703829,47.4607783703829,47.4607783703829,47.4607783703829,47.4607783703829,47.4607783703829,47.4607783703829,47.4607783703829,47.4607783703829,47.4607783703829,47.4607783703829,47.4607783703829,47.4607783703829,47.4607783703829,47.4607783703829,47.4607783703829,47.4607783703829,47.4607783703829,47.4607783703829,47.4607783703829,47.4607783703829,47.4607783703829,47.4607783703829,47.4607783703829,47.4607783703829,47.4607783703829
7138,0,0,0,0,0,0,0,0,0,0,0,73.6224499403549,73.6224499403549,73.6224499403549,73.6224499403549,73.6224499403549,73.6224499403549,73.6224499403549,73.6224499403549,73.6224499403549,73.6224499403549,73.6224499403549,147.244899880712,147.244899880712,147.244899880712,147.244899880712,147.244899880712,147.244899880712,147.244899880712,147.244899880712,147.244899880712,147.244899880712,147.244899880712,147.244899880712,147.244899880712,220.86734982107,220.86734982107,220.86734982107,220.86734982107,220.86734982107,220.86734982107,220.86734982107,220.86734982107,220.86734982107,220.86734982107,220.86734982107,220.86734982107,220.86734982107,220.86734982107,220.86734982107,220.86734982107,220.86734982107,220.86734982107,220.86734982107
7139,0,0,0,0,0,0,0,0,0,0,0,0,0,0,0,0,0,0,0,0,0,0,0,0,0,0,0,0,0,0,0,0,0,0,0,0,0,0,0,0,0,0,0,0,0,0,0,0,0,0,0,0,0,0
7140,0,0,0,0,0,0,0,0,0,0,0,0,0,0,0,0,0,0,0,0,0,0,0,0,0,0,0,0,0,0,0,0,0,0,0,0,0,0,0,0,0,0,0,0,0,0,0,0,0,0,0,0,0,0
7141,0,0,0,0,0,0,0,0,0,0,0,0,0,0,0,0,0,0,0,0,0,0,0,0,0,0,0,0,0,0,0,0,0,0,0,0,0,0,0,0,48.0776758865333,96.1553517730698,96.1553517730698,96.1553517730698,96.1553517730698,144.233027659609,144.233027659609,192.310703546152,192.310703546152,192.310703546152,192.310703546152,192.310703546152,192.310703546152,192.310703546152
7142,0,0,0,0,0,0,0,0,0,0,0,0,0,0,0,0,0,0,0,0,0,0,0,0,0,0,0,0,0,0,0,0,0,0,0,0,0,0,0,0,0,0,0,0,0,0,0,0,0,0,0,0,0,0
7143,0,0,0,0,0,0,0,0,0,0,0,0,0,0,0,0,0,0,0,0,0,0,0,0,0,0,0,0,0,0,0,0,0,0,0,0,0,0,0,0,0,0,0,0,0,7.18546481845102,7.18546481845102,15.3840303319637,15.3840303319637,15.3840303319637,15.3840303319637,15.3840303319637,15.3840303319637,15.3840303319637
7144,0,0,0,0,0,0,0,0,0,0,0,0,0,0,0,0,0,0,0,0,0,0,0,0,0,0,0,0,0,0,0,0,0,0,0,0,0,0,0,0,0,0,0,0,0,0,0,0,0,0,0,0,0,0
7145,0,0,0,0,0,0,0,0,0,0,0,0,0,0,0,0,0,0,0,0,0,0,0,0,0,0,0,0,0,0,0,0,0,0,0,6.71188787565008,6.71188787565008,6.71188787565008,6.71188787565008,6.71188787565008,13.4915608454488,13.4915608454488,13.4915608454488,13.4915608454488,13.4915608454488,13.4915608454488,13.4915608454488,45.1361190371151,45.1361190371151,45.1361190371151,45.1361190371151,45.1361190371151,45.1361190371151,45.1361190371151
7146,0,0,0,0,0,0,0,0,0,0,0,0,0,112.640287216237,112.640287216237,112.640287216237,112.640287216237,112.640287216237,112.640287216237,112.640287216237,188.986342936154,188.986342936154,225.280574432476,225.280574432476,225.280574432476,225.280574432476,225.280574432476,225.280574432476,225.280574432476,225.280574432476,225.280574432476,225.280574432476,225.280574432476,225.280574432476,225.280574432476,225.280574432476,225.280574432476,225.280574432476,225.280574432476,225.280574432476,225.280574432476,225.280574432476,225.280574432476,225.280574432476,225.280574432476,225.280574432476,225.280574432476,225.280574432476,225.280574432476,225.280574432476,225.280574432476,225.280574432476,225.280574432476,225.280574432476
7147,0,0,0,0,0,0,0,0,0,0,0,0,0,0,0,0,0,0,0,0,0,0,0,0,0,0,0,0,0,0,0,0,0,0,0,0,0,0,0,0,0,0,0,0,0,0,0,0,0,0,0,0,0,0
7148,0,0,0,0,0,0,0,0,0,0,0,0,0,0,0,0,0,0,0,0,0,0,0,0,0,0,0,0,0,0,0,0,0,0,0,0,0,0,0,0,0,0,0,0,0,0,0,0,0,0,0,0,0,0
7149,0,0,0,0,0,0,0,0,0,0,0,0,0,0,0,0,0,0,0,0,0,0,0,0,0,0,0,0,0,0,0,0,0,0,0,0,0,0,0,0,11.8231672513586,23.6463345027198,23.6463345027198,23.6463345027198,23.6463345027198,64.9046939119508,64.9046939119508,106.163082865684,106.163082865684,106.163082865684,106.163082865684,106.163082865684,106.163082865684,106.163082865684
7150,0,0,0,0,0,0,0,0,0,0,0,0,0,0,0,0,0,0,0,0,0,0,0,0,0,0,0,0,0,0,0,0,0,0,0,0,0,0,0,0,0,0,0,0,0,0,0,0,0,0,0,0,0,0
7151,0,0,0,0,0,0,0,0,0,0,0,0,0,0,0,0,0,0,0,0,0,0,0,0,0,0,0,0,0,0,0,0,0,0,0,0,0,0,0,0,0,0,0,0,0,0,0,0,0,0,0,0,0,0
7152,0,0,0,0,0,0,0,0,0,0,0,0,0,0,0,0,0,0,0,0,0,0,0,0,0,0,0,0,0,0,0,0,0,0,0,53.1906789365642,53.1906789365642,53.1906789365642,53.1906789365642,53.1906789365642,106.381357873124,106.381357873124,106.381357873124,106.381357873124,106.381357873124,106.381357873124,106.381357873124,159.572024425857,159.572024425857,159.572024425857,159.572024425857,159.572024425857,159.572024425857,159.572024425857
7153,0,0,0,0,0,0,0,0,0,0,0,0,0,0,0,0,0,0,0,0,0,0,0,0,0,0,0,0,0,0,0,0,0,0,0,0,0,0,0,0,0,0,0,0,0,0,0,0,0,0,0,0,0,0
7154,0,0,0,0,0,0,0,0,0,0,0,0,0,0,0,0,0,0,0,0,0,0,0,0,0,0,0,0,0,0,0,0,0,0,0,0,0,0,0,0,0,0,0,0,0,0,0,0,0,0,0,0,0,0
7155,0,0,0,0,0,0,0,0,0,0,0,0,0,0,0,0,0,0,0,0,0,0,0,0,0,0,0,0,0,0,0,0,0,0,0,0,0,0,0,0,0,0,0,0,0,0,0,0,0,0,0,0,0,0
7156,0,0,0,0,0,0,0,0,0,0,0,0,0,0,0,0,0,0,0,0,0,0,0,0,0,0,0,0,0,0,0,0,0,0,0,0,0,0,0,0,0,0,0,0,0,0,0,0,0,0,0,0,0,0
7157,0,0,0,0,0,0,114.823576160105,114.823576160105,114.823576160105,114.823576160105,114.823576160105,114.823576160105,114.823576160105,114.823576160105,114.823576160105,114.823576160105,114.823576160105,114.823576160105,114.823576160105,114.823576160105,114.823576160105,114.823576160105,114.823576160105,114.823576160105,114.823576160105,114.823576160105,114.823576160105,114.823576160105,114.823576160105,114.823576160105,114.823576160105,114.823576160105,114.823576160105,114.823576160105,114.823576160105,114.823576160105,230.721259779499,230.721259779499,230.721259779499,230.721259779499,230.721259779499,230.721259779499,230.721259779499,230.721259779499,230.721259779499,230.721259779499,230.721259779499,230.721259779499,230.721259779499,230.721259779499,230.721259779499,230.721259779499,230.721259779499,230.721259779499
7158,0,0,0,0,0,0,0,0,0,0,0,0,0,0,0,0,0,0,0,0,0,0,0,0,0,0,0,0,0,0,0,0,0,0,0,0,0,0,0,0,0,0,0,0,0,0,0,0,0,0,0,0,0,0
7159,0,0,0,0,0,0,0,0,0,0,0,0,0,0,0,0,0,0,0,0,0,0,0,0,0,0,0,0,0,0,0,0,0,0,0,0,0,0,0,0,0,0,0,0,0,0,0,0,0,0,0,0,0,0
7160,0,0,0,0,0,0,0,0,0,0,0,0,0,0,0,0,0,0,0,0,0,0,0,0,0,0,0,0,0,0,0,0,0,0,0,0,0,0,0,0,2.81230493097524,5.62460986194902,5.62460986194902,5.62460986194902,5.62460986194902,8.43691479292162,8.43691479292162,11.249219723881,11.249219723881,11.249219723881,11.249219723881,11.249219723881,11.249219723881,11.249219723881
7161,0,0,0,0,0,0,0,0,0,0,0,0,0,0,0,0,0,0,0,0,0,0,0,0,0,0,0,0,0,0,0,0,0,0,0,0,0,0,0,0,0,0,0,0,0,0,0,0,0,0,0,0,0,0
7162,0,0,0,0,0,0,0,0,0,0,0,0,0,0,0,0,0,0,0,0,0,0,0,0,0,0,0,0,0,0,0,0,0,0,0,0,0,0,0,0,0,0,0,0,0,0,0,0,0,0,0,0,0,0
7163,0,0,0,0,0,0,0,0,0,0,0,0,0,0,0,0,0,0,0,0,0,0,0,0,0,0,0,0,0,0,0,0,0,0,0,57.2388013837494,57.2388013837494,57.2388013837494,57.2388013837494,57.2388013837494,114.477621999526,114.477621999526,114.477621999526,114.477621999526,114.477621999526,114.477621999526,114.477621999526,171.716423383271,171.716423383271,171.716423383271,171.716423383271,171.716423383271,171.716423383271,171.716423383271
7164,0,0,0,0,0,0,0,0,0,0,0,0,0,0,0,0,0,0,0,0,0,0,0,0,0,0,0,0,0,0,0,0,0,0,0,0,0,0,0,0,0,0,0,0,0,0,0,0,0,0,0,0,0,0
7165,0,0,0,0,0,0,0,0,0,0,0,59.2533057550395,59.2533057550395,59.2533057550395,59.2533057550395,59.2533057550395,59.2533057550395,59.2533057550395,59.2533057550395,59.2533057550395,59.2533057550395,59.2533057550395,118.506611510079,118.506611510079,118.506611510079,118.506611510079,118.506611510079,118.506611510079,118.506611510079,118.506611510079,118.506611510079,118.506611510079,118.506611510079,118.506611510079,118.506611510079,238.438548985548,238.438548985548,238.438548985548,238.438548985548,238.438548985548,299.117180705982,299.117180705982,299.117180705982,299.117180705982,299.117180705982,299.117180705982,299.117180705982,359.795812426418,359.795812426418,359.795812426418,359.795812426418,359.795812426418,359.795812426418,359.795812426418
8001,0,0,0,0,0,0,0,0,0,0,0,0,0,0,0,0,0,0,0,0,0,0,0,0,0,0,0,0,0,0,0,0,0,0,0,0,0,0,0,0,0,0,0,0,0,0,0,0,0,0,0,0,0,0
8002,0,0,0,0,0,0,0,0,0,0,0,0,0,0,0,0,0,0,0,0,0,0,0,0,0,0,0,0,0,0,0,0,0,0,0,0,0,0,0,0,0,0,0,0,0,0,0,0,0,0,0,0,0,0
8003,0,0,0,0,0,0,0,0,0,0,0,0,0,0,0,0,0,0,0,0,0,0,0,0,0,0,0,0,0,0,0,0,0,0,0,0,0,0,0,0,0,0,0,0,0,0,0,0,0,0,0,0,0,0
8004,0,0,0,0,0,0,0,0,44.227737507423,44.227737507423,44.227737507423,44.227737507423,44.227737507423,44.227737507423,44.227737507423,44.227737507423,44.227737507423,44.227737507423,44.227737507423,44.227737507423,44.227737507423,44.227737507423,44.227737507423,44.227737507423,44.227737507423,44.227737507423,44.227737507423,44.227737507423,44.227737507423,44.227737507423,44.227737507423,44.227737507423,44.227737507423,44.227737507423,44.227737507423,44.227737507423,44.227737507423,44.227737507423,44.227737507423,44.227737507423,44.227737507423,44.227737507423,44.227737507423,44.227737507423,44.227737507423,44.227737507423,44.227737507423,44.227737507423,44.227737507423,44.227737507423,44.227737507423,44.227737507423,44.227737507423,44.227737507423
8005,0,0,0,0,0,0,0,0,0,0,0,0,0,0,0,0,0,0,0,0,0,0,0,0,0,0,0,0,0,0,0,0,0,0,0,0,0,0,0,0,0,0,0,0,0,0,0,0,0,0,0,0,0,0
8006,0,0,0,0,0,0,0,0,0,0,0,0,0,0,0,0,0,0,0,0,0,0,0,0,0,0,0,0,0,0,0,0,0,0,0,0,0,0,0,0,0,0,0,0,0,0,0,0,0,0,0,0,0,0
8007,0,0,0,0,0,0,0,0,0,0,0,0,0,0,0,0,0,0,0,0,0,0,0,0,0,0,0,0,0,0,0,0,0,0,0,0,0,0,0,0,0,0,0,0,0,0,0,0,0,0,0,0,0,0
8008,0,0,0,0,0,0,0,0,0,0,0,0,0,0,0,0,0,0,0,0,0,0,0,0,0,0,0,0,0,0,0,0,0,0,0,0,0,0,0,0,0,0,0,0,0,0,0,0,0,0,0,0,0,0
8009,0,0,0,0,0,0,0,0,0,0,0,0,0,0,0,0,0,0,0,0,0,0,0,0,0,0,0,0,0,0,0,0,0,0,0,0,0,0,0,0,0,0,0,0,0,0,0,0,0,0,0,0,0,0
8010,0,0,0,0,0,0,0,0,0,0,0,0,0,0,0,0,0,0,0,0,0,0,0,0,0,0,0,0,0,0,0,0,0,0,0,0,0,0,0,0,0,0,0,0,0,0,0,0,0,0,0,0,0,0
8011,0,0,0,0,0,0,0,0,48.4320242924399,48.4320242924399,48.4320242924399,48.4320242924399,48.4320242924399,48.4320242924399,48.4320242924399,48.4320242924399,48.4320242924399,48.4320242924399,48.4320242924399,48.4320242924399,48.4320242924399,48.4320242924399,48.4320242924399,48.4320242924399,48.4320242924399,48.4320242924399,48.4320242924399,48.4320242924399,48.4320242924399,48.4320242924399,48.4320242924399,48.4320242924399,48.4320242924399,48.4320242924399,48.4320242924399,48.4320242924399,48.4320242924399,48.4320242924399,48.4320242924399,48.4320242924399,48.4320242924399,48.4320242924399,48.4320242924399,48.4320242924399,48.4320242924399,48.4320242924399,48.4320242924399,48.4320242924399,48.4320242924399,48.4320242924399,48.4320242924399,48.4320242924399,48.4320242924399,48.4320242924399
8012,0,0,0,0,0,0,0,0,0,0,0,0,0,0,0,0,0,0,0,0,0,0,0,0,0,0,0,0,0,0,0,0,0,0,0,0,0,0,0,0,0,0,0,0,0,0,0,0,0,0,0,0,0,0
8013,0,0,0,0,0,0,0,0,0,0,0,0,0,0,0,0,0,0,0,0,0,0,0,0,0,0,0,0,0,0,0,0,0,0,0,0,0,0,0,0,0,0,0,0,0,0,0,0,0,0,0,0,0,0
8014,0,0,0,0,0,0,0,0,0,0,0,0,0,67.4152854979455,67.4152854979455,67.4152854979455,67.4152854979455,67.4152854979455,67.4152854979455,67.4152854979455,67.4152854979455,67.4152854979455,67.4152854979455,67.4152854979455,67.4152854979455,67.4152854979455,67.4152854979455,67.4152854979455,67.4152854979455,67.4152854979455,67.4152854979455,67.4152854979455,67.4152854979455,67.4152854979455,67.4152854979455,67.4152854979455,67.4152854979455,67.4152854979455,67.4152854979455,67.4152854979455,67.4152854979455,67.4152854979455,67.4152854979455,67.4152854979455,67.4152854979455,67.4152854979455,67.4152854979455,67.4152854979455,67.4152854979455,67.4152854979455,67.4152854979455,67.4152854979455,67.4152854979455,67.4152854979455
8015,0,0,0,0,0,0,0,0,0,0,0,0,0,0,0,0,0,0,0,0,0,0,0,0,0,0,0,0,0,0,0,0,0,0,0,0,0,0,0,0,0,0,20.9335720940464,20.9335720940464,20.9335720940464,20.9335720940464,20.9335720940464,20.9335720940464,20.9335720940464,20.9335720940464,20.9335720940464,20.9335720940464,20.9335720940464,20.9335720940464
8016,0,0,0,0,0,0,0,0,0,0,0,0,0,0,0,0,0,0,0,0,0,0,0,0,0,0,0,0,0,0,0,0,0,0,0,0,0,0,0,0,0,0,0,0,0,0,0,0,0,0,0,0,0,0
8017,0,0,0,0,0,0,0,0,0,0,0,0,0,0,0,0,0,0,0,0,0,0,0,0,0,0,0,0,0,0,0,0,0,0,0,0,0,0,0,0,0,0,0,0,0,0,0,0,0,0,0,0,0,0
8018,0,0,0,0,0,0,0,0,9.38321565245132,9.38321565245132,9.38321565245132,9.38321565245132,9.38321565245132,9.38321565245132,9.38321565245132,9.38321565245132,9.38321565245132,9.38321565245132,9.38321565245132,9.38321565245132,9.38321565245132,9.38321565245132,9.38321565245132,9.38321565245132,9.38321565245132,9.38321565245132,9.38321565245132,9.38321565245132,9.38321565245132,9.38321565245132,9.38321565245132,9.38321565245132,9.38321565245132,9.38321565245132,9.38321565245132,9.38321565245132,9.38321565245132,9.38321565245132,9.38321565245132,9.38321565245132,9.38321565245132,9.38321565245132,9.38321565245132,9.38321565245132,9.38321565245132,9.38321565245132,9.38321565245132,9.38321565245132,9.38321565245132,9.38321565245132,9.38321565245132,9.38321565245132,9.38321565245132,9.38321565245132
8019,0,0,0,0,0,0,0,0,0,0,0,0,0,0,0,0,0,0,0,0,0,0,0,0,0,0,0,0,0,0,0,0,0,0,0,0,0,0,0,0,0,0,0,0,0,0,0,0,0,0,0,0,0,0
8020,0,0,0,0,0,0,0,0,0,0,0,0,0,0,0,0,0,0,0,0,0,0,0,0,0,0,0,0,0,0,0,0,0,0,0,0,0,0,0,0,0,0,0,0,0,0,0,0,0,0,0,0,0,0
8021,0,0,0,0,0,0,0,0,0,0,0,0,0,0,0,0,0,0,0,0,0,0,0,0,0,0,0,0,0,0,0,0,0,0,0,0,0,0,0,0,0,0,0,0,0,0,0,0,0,0,0,0,0,0
8022,0,0,0,0,0,0,0,0,0,0,0,0,0,8.99279571159777,8.99279571159777,8.99279571159777,8.99279571159777,8.99279571159777,8.99279571159777,8.99279571159777,8.99279571159777,8.99279571159777,8.99279571159777,8.99279571159777,8.99279571159777,8.99279571159777,8.99279571159777,8.99279571159777,8.99279571159777,8.99279571159777,8.99279571159777,8.99279571159777,8.99279571159777,8.99279571159777,8.99279571159777,8.99279571159777,8.99279571159777,8.99279571159777,8.99279571159777,8.99279571159777,8.99279571159777,8.99279571159777,8.99279571159777,8.99279571159777,8.99279571159777,8.99279571159777,8.99279571159777,8.99279571159777,8.99279571159777,8.99279571159777,8.99279571159777,8.99279571159777,8.99279571159777,8.99279571159777
8023,0,0,0,0,0,0,0,0,0,0,0,0,0,0,0,0,0,0,0,0,0,0,0,0,0,0,0,0,0,0,0,0,0,0,0,0,0,0,0,0,0,0,0,0,0,0,0,0,0,0,0,0,0,0
8024,0,0,0,0,0,0,0,0,0,0,0,0,0,0,0,0,0,0,0,0,0,0,0,0,0,0,0,0,0,0,0,0,0,0,0,0,0,0,0,0,0,0,65.4801443019561,65.4801443019561,65.4801443019561,65.4801443019561,65.4801443019561,65.4801443019561,65.4801443019561,65.4801443019561,65.4801443019561,65.4801443019561,65.4801443019561,65.4801443019561
8025,0,0,0,0,0,0,0,0,0,0,0,0,0,0,0,0,0,0,0,0,0,0,0,0,0,0,0,0,0,0,0,0,0,0,0,0,0,0,0,0,0,0,0,0,0,0,0,0,0,0,0,0,0,0
8026,0,0,0,0,0,0,0,0,0,0,0,0,0,0,0,0,0,0,0,0,0,0,0,0,0,0,0,0,0,0,0,0,0,0,0,0,0,0,0,0,0,0,0,0,0,0,0,0,0,0,0,0,0,0
8027,0,0,0,0,0,0,0,0,0,0,0,0,0,0,0,0,0,0,0,0,0,0,0,0,0,0,0,0,0,0,0,0,0,0,0,0,0,0,0,0,0,0,0,0,0,0,0,0,0,0,0,0,0,0
8028,0,0,0,0,0,0,0,0,0,0,0,0,0,0,0,0,0,0,0,0,0,0,0,0,0,0,0,0,0,0,0,0,0,0,0,0,0,0,0,0,0,0,0,0,0,0,0,0,0,0,0,0,0,0
8029,0,0,0,0,0,0,0,0,0,0,0,0,0,0,0,0,0,0,0,0,0,0,0,0,0,0,0,0,0,0,0,0,0,0,0,0,0,0,0,0,0,0,159.655456898259,159.655456898259,159.655456898259,159.655456898259,159.655456898259,159.655456898259,159.655456898259,159.655456898259,159.655456898259,159.655456898259,159.655456898259,159.655456898259
8030,0,0,0,0,0,0,0,0,0,0,0,0,0,0,0,0,0,0,0,0,0,0,0,0,0,0,0,0,0,0,0,0,0,0,0,0,0,0,0,0,0,0,0,0,0,0,0,0,0,0,0,0,0,0
8031,0,0,0,0,0,0,0,0,0,0,0,0,0,0,0,0,0,0,0,0,0,0,0,0,0,0,0,0,0,0,0,0,0,0,0,0,0,0,0,0,0,0,0,0,0,0,0,0,0,0,0,0,0,0
8032,0,0,0,0,0,0,0,0,0,0,0,0,0,0,0,0,0,0,0,0,0,0,0,0,0,0,0,0,0,0,0,0,0,0,0,0,0,0,0,0,0,0,0,0,0,0,0,0,0,0,0,0,0,0
8033,0,0,0,0,0,0,0,0,0,0,0,0,0,0,0,0,0,0,0,0,0,0,0,0,0,0,0,0,0,0,0,0,0,0,0,0,0,0,0,0,0,0,0,0,0,0,0,0,0,0,0,0,0,0
8034,0,0,0,0,0,0,0,0,0,0,0,0,0,0,0,0,0,0,0,0,0,0,0,0,0,0,0,0,0,0,0,0,0,0,0,0,0,0,0,0,0,0,32.4714812887489,32.4714812887489,32.4714812887489,32.4714812887489,32.4714812887489,32.4714812887489,32.4714812887489,32.4714812887489,32.4714812887489,32.4714812887489,32.4714812887489,32.4714812887489
8035,0,0,0,0,0,0,0,0,0,0,0,0,0,0,0,0,0,0,0,0,0,0,0,0,0,0,0,0,0,0,0,0,0,0,0,0,0,0,0,0,0,0,0,0,0,0,0,0,0,0,0,0,0,0
8036,0,0,0,0,0,0,0,0,0,0,0,0,0,0,0,0,0,0,0,0,0,0,0,0,0,0,0,0,0,0,0,0,0,0,0,0,0,0,0,0,0,0,0,0,0,0,0,0,0,0,0,0,0,0
8037,0,0,0,0,0,0,0,0,0,0,0,0,0,81.7642757310506,81.7642757310506,81.7642757310506,81.7642757310506,81.7642757310506,81.7642757310506,81.7642757310506,81.7642757310506,81.7642757310506,81.7642757310506,81.7642757310506,81.7642757310506,81.7642757310506,81.7642757310506,81.7642757310506,81.7642757310506,81.7642757310506,81.7642757310506,81.7642757310506,81.7642757310506,81.7642757310506,81.7642757310506,81.7642757310506,81.7642757310506,81.7642757310506,81.7642757310506,81.7642757310506,81.7642757310506,81.7642757310506,81.7642757310506,81.7642757310506,81.7642757310506,81.7642757310506,81.7642757310506,81.7642757310506,81.7642757310506,81.7642757310506,81.7642757310506,81.7642757310506,81.7642757310506,81.7642757310506
8038,0,0,0,0,0,0,0,0,0,0,0,0,0,0,0,0,0,0,0,0,0,0,0,0,0,0,0,0,0,0,0,0,0,0,0,0,0,0,0,0,0,0,0,0,0,0,0,0,0,0,0,0,0,0
8039,0,0,0,0,0,0,0,0,0,0,0,0,0,0,0,0,0,0,0,0,0,0,0,0,0,0,0,0,0,0,0,0,0,0,0,0,0,0,0,0,0,0,0,0,0,0,0,0,0,0,0,0,0,0
8040,0,0,0,0,0,0,0,0,0,0,0,0,0,56.6609668481651,56.6609668481651,56.6609668481651,56.6609668481651,56.6609668481651,56.6609668481651,56.6609668481651,56.6609668481651,56.6609668481651,56.6609668481651,56.6609668481651,56.6609668481651,56.6609668481651,56.6609668481651,56.6609668481651,56.6609668481651,56.6609668481651,56.6609668481651,56.6609668481651,56.6609668481651,56.6609668481651,56.6609668481651,56.6609668481651,56.6609668481651,56.6609668481651,56.6609668481651,56.6609668481651,56.6609668481651,56.6609668481651,56.6609668481651,56.6609668481651,56.6609668481651,56.6609668481651,56.6609668481651,56.6609668481651,56.6609668481651,56.6609668481651,56.6609668481651,56.6609668481651,56.6609668481651,56.6609668481651
8041,0,0,0,0,0,0,0,0,0,0,0,0,0,0,0,0,0,0,0,0,0,0,0,0,0,0,0,0,0,0,0,0,0,0,0,0,0,0,0,0,0,0,0,0,0,0,0,0,0,0,0,0,0,0
8042,0,0,0,0,0,0,0,0,0,0,0,0,0,0,0,0,0,0,0,0,0,0,0,0,0,0,0,0,0,0,0,0,0,0,0,0,0,0,0,0,0,0,0,0,0,0,0,0,0,0,0,0,0,0
8043,0,0,0,0,0,0,0,0,0,0,0,0,0,0,0,0,0,0,0,0,0,0,0,0,0,0,0,0,0,0,0,0,0,0,0,0,0,0,0,0,0,0,0,0,0,0,0,0,0,0,0,0,0,0
8044,0,0,0,0,0,0,0,0,37.2490491439931,37.2490491439931,37.2490491439931,37.2490491439931,37.2490491439931,37.2490491439931,37.2490491439931,37.2490491439931,37.2490491439931,37.2490491439931,37.2490491439931,37.2490491439931,37.2490491439931,37.2490491439931,37.2490491439931,37.2490491439931,37.2490491439931,37.2490491439931,37.2490491439931,37.2490491439931,37.2490491439931,37.2490491439931,37.2490491439931,37.2490491439931,37.2490491439931,37.2490491439931,37.2490491439931,37.2490491439931,37.2490491439931,37.2490491439931,37.2490491439931,37.2490491439931,37.2490491439931,37.2490491439931,37.2490491439931,37.2490491439931,37.2490491439931,37.2490491439931,37.2490491439931,37.2490491439931,37.2490491439931,37.2490491439931,37.2490491439931,37.2490491439931,37.2490491439931,37.2490491439931
8045,0,0,0,0,0,0,0,0,0,0,0,0,0,0,0,0,0,0,0,0,0,0,0,0,0,0,0,0,0,0,0,0,0,0,0,0,0,0,0,0,0,0,0,0,0,0,0,0,0,0,0,0,0,0
8046,0,0,0,0,0,0,0,0,0,0,0,0,0,0,0,0,0,0,0,0,0,0,0,0,0,0,0,0,0,0,0,0,0,0,0,0,0,0,0,0,0,0,0,0,0,0,0,0,0,0,0,0,0,0
8047,0,0,0,0,0,0,0,0,0,0,0,0,0,0,0,0,0,0,0,0,0,0,0,0,0,0,0,0,0,0,0,0,0,0,0,0,0,0,0,0,0,0,0,0,0,0,0,0,0,0,0,0,0,0
8048,0,0,0,0,0,0,0,0,0,0,0,0,0,0,0,0,0,0,0,0,0,0,0,0,0,0,0,0,0,0,0,0,0,0,0,0,0,0,0,0,0,0,30.368276011757,30.368276011757,30.368276011757,30.368276011757,30.368276011757,30.368276011757,30.368276011757,30.368276011757,30.368276011757,30.368276011757,30.368276011757,30.368276011757
8049,0,0,0,0,0,0,0,0,0,0,0,0,0,0,0,0,0,0,0,0,0,0,0,0,0,0,0,0,0,0,0,0,0,0,0,0,0,0,0,0,0,0,0,0,0,0,0,0,0,0,0,0,0,0
8050,0,0,0,0,0,0,0,0,0,0,0,0,0,0,0,0,0,0,0,0,0,0,0,0,0,0,0,0,0,0,0,0,0,0,0,0,0,0,0,0,0,0,0,0,0,0,0,0,0,0,0,0,0,0
8051,0,0,0,0,0,0,0,0,0,0,0,0,0,0,0,0,0,0,0,0,0,0,0,0,0,0,0,0,0,0,0,0,0,0,0,0,0,0,0,0,0,0,0,0,0,0,0,0,0,0,0,0,0,0
8052,0,0,0,0,0,0,0,0,0,0,0,0,0,0,0,0,0,0,0,0,0,0,0,0,0,0,0,0,0,0,0,0,0,0,0,0,0,0,0,0,0,0,0,0,0,0,0,0,0,0,0,0,0,0
8053,0,0,0,0,0,0,0,0,0,0,0,0,0,0,0,0,0,0,0,0,0,0,0,0,0,0,0,0,0,0,0,0,0,0,0,0,0,0,0,0,0,0,0,0,0,0,0,0,0,0,0,0,0,0
8054,0,0,0,0,0,0,0,0,0,0,0,0,0,0,0,0,0,0,0,0,0,0,0,0,0,0,0,0,0,0,0,0,0,0,0,0,0,0,0,0,0,0,0,0,0,0,0,0,0,0,0,0,0,0
8055,0,0,0,0,0,0,0,0,0,0,0,0,0,0,0,0,0,0,0,0,0,0,0,0,0,0,0,0,0,0,0,0,0,0,0,0,0,0,0,0,0,0,0,0,0,0,0,0,0,0,0,0,0,0
8056,0,0,0,0,0,0,0,0,33.3457086888221,33.3457086888221,33.3457086888221,33.3457086888221,33.3457086888221,33.3457086888221,33.3457086888221,33.3457086888221,33.3457086888221,33.3457086888221,33.3457086888221,33.3457086888221,33.3457086888221,33.3457086888221,33.3457086888221,33.3457086888221,33.3457086888221,33.3457086888221,33.3457086888221,33.3457086888221,33.3457086888221,33.3457086888221,33.3457086888221,33.3457086888221,33.3457086888221,33.3457086888221,33.3457086888221,33.3457086888221,33.3457086888221,33.3457086888221,33.3457086888221,33.3457086888221,33.3457086888221,33.3457086888221,33.3457086888221,33.3457086888221,33.3457086888221,33.3457086888221,33.3457086888221,33.3457086888221,33.3457086888221,33.3457086888221,33.3457086888221,33.3457086888221,33.3457086888221,33.3457086888221
8057,0,0,0,0,0,0,0,0,0,0,0,0,0,72.1978602982008,72.1978602982008,72.1978602982008,72.1978602982008,72.1978602982008,72.1978602982008,72.1978602982008,72.1978602982008,72.1978602982008,72.1978602982008,72.1978602982008,72.1978602982008,72.1978602982008,72.1978602982008,72.1978602982008,72.1978602982008,72.1978602982008,72.1978602982008,72.1978602982008,72.1978602982008,72.1978602982008,72.1978602982008,72.1978602982008,72.1978602982008,72.1978602982008,72.1978602982008,72.1978602982008,72.1978602982008,72.1978602982008,72.1978602982008,72.1978602982008,72.1978602982008,72.1978602982008,72.1978602982008,72.1978602982008,72.1978602982008,72.1978602982008,72.1978602982008,72.1978602982008,72.1978602982008,72.1978602982008
8058,0,0,0,0,0,0,0,0,0,0,0,0,0,0,0,0,0,0,0,0,0,0,0,0,0,0,0,0,0,0,0,0,0,0,0,0,0,0,0,0,0,0,0,0,0,0,0,0,0,0,0,0,0,0
8059,0,0,0,0,0,0,0,0,0,0,0,0,0,0,0,0,0,0,0,0,0,0,0,0,0,0,0,0,0,0,0,0,0,0,0,0,0,0,0,0,0,0,0,0,0,0,0,0,0,0,0,0,0,0
8060,0,0,0,0,0,0,0,0,0,0,0,0,0,0,0,0,0,0,0,0,0,0,0,0,0,0,0,0,0,0,0,0,0,0,0,0,0,0,0,0,0,0,0,0,0,0,0,0,0,0,0,0,0,0
8061,0,0,0,0,0,0,0,0,0,0,0,0,0,0,0,0,0,0,0,0,0,0,0,0,0,0,0,0,0,0,0,0,0,0,0,0,0,0,0,0,0,0,0,0,0,0,0,0,0,0,0,0,0,0
8062,0,0,0,0,0,0,0,0,0,0,0,0,0,0,0,0,0,0,0,0,0,0,0,0,0,0,0,0,0,0,0,0,0,0,0,0,0,0,0,0,0,0,0,0,0,0,0,0,0,0,0,0,0,0
8063,0,0,0,0,0,0,0,0,0,0,0,0,0,0,0,0,0,0,0,0,0,0,0,0,0,0,0,0,0,0,0,0,0,0,0,0,0,0,0,0,0,0,0,0,0,0,0,0,0,0,0,0,0,0
8064,0,0,0,0,0,0,0,0,0,0,0,0,0,0,0,0,0,0,0,0,0,0,0,0,0,0,0,0,0,0,0,0,0,0,0,0,0,0,0,0,0,0,0,0,0,0,0,0,0,0,0,0,0,0
8065,0,0,0,0,0,0,0,0,0,0,0,0,0,0,0,0,0,0,0,0,0,0,0,0,0,0,0,0,0,0,0,0,0,0,0,0,0,0,0,0,0,0,0,0,0,0,0,0,0,0,0,0,0,0
8066,0,0,0,0,0,0,0,0,0,0,0,0,0,0,0,0,0,0,0,0,0,0,0,0,0,0,0,0,0,0,0,0,0,0,0,0,0,0,0,0,0,0,0,0,0,0,0,0,0,0,0,0,0,0
8067,0,0,0,0,0,0,0,0,0,0,0,0,0,0,0,0,0,0,0,0,0,0,0,0,0,0,0,0,0,0,0,0,0,0,0,0,0,0,0,0,0,0,52.3560651174529,52.3560651174529,52.3560651174529,52.3560651174529,52.3560651174529,52.3560651174529,52.3560651174529,52.3560651174529,52.3560651174529,52.3560651174529,52.3560651174529,52.3560651174529
8068,0,0,0,0,0,0,0,0,0,0,0,0,0,0,0,0,0,0,0,0,0,0,0,0,0,0,0,0,0,0,0,0,0,0,0,0,0,0,0,0,0,0,26.10398425642,26.10398425642,26.10398425642,26.10398425642,26.10398425642,26.10398425642,26.10398425642,26.10398425642,26.10398425642,26.10398425642,26.10398425642,26.10398425642
8069,0,0,0,0,0,0,0,0,36.4900152498145,36.4900152498145,36.4900152498145,36.4900152498145,36.4900152498145,36.4900152498145,36.4900152498145,36.4900152498145,36.4900152498145,36.4900152498145,36.4900152498145,36.4900152498145,36.4900152498145,36.4900152498145,36.4900152498145,36.4900152498145,36.4900152498145,36.4900152498145,36.4900152498145,36.4900152498145,36.4900152498145,36.4900152498145,36.4900152498145,36.4900152498145,36.4900152498145,36.4900152498145,36.4900152498145,36.4900152498145,36.4900152498145,36.4900152498145,36.4900152498145,36.4900152498145,36.4900152498145,36.4900152498145,100.665663907006,100.665663907006,100.665663907006,100.665663907006,100.665663907006,100.665663907006,100.665663907006,100.665663907006,100.665663907006,100.665663907006,100.665663907006,100.665663907006
8070,0,0,0,0,0,0,0,0,0,0,0,0,0,0,0,0,0,0,0,0,0,0,0,0,0,0,0,0,0,0,0,0,0,0,0,0,0,0,0,0,0,0,0,0,0,0,0,0,0,0,0,0,0,0
8071,0,0,0,0,0,0,0,14.8734369279421,14.8734369279421,14.8734369279421,14.8734369279421,14.8734369279421,14.8734369279421,14.8734369279421,14.8734369279421,14.8734369279421,14.8734369279421,14.8734369279421,14.8734369279421,14.8734369279421,14.8734369279421,14.8734369279421,14.8734369279421,14.8734369279421,14.8734369279421,14.8734369279421,14.8734369279421,14.8734369279421,14.8734369279421,14.8734369279421,14.8734369279421,14.8734369279421,14.8734369279421,14.8734369279421,14.8734369279421,14.8734369279421,14.8734369279421,14.8734369279421,14.8734369279421,14.8734369279421,14.8734369279421,14.8734369279421,14.8734369279421,14.8734369279421,14.8734369279421,14.8734369279421,14.8734369279421,14.8734369279421,14.8734369279421,14.8734369279421,14.8734369279421,14.8734369279421,14.8734369279421,14.8734369279421
8072,0,0,0,0,0,0,0,0,0,0,0,0,0,0,0,0,0,0,0,0,0,0,0,0,0,0,0,0,0,0,0,0,0,0,0,0,0,0,0,0,0,0,0,0,0,0,0,0,0,0,0,0,0,0
8073,0,0,0,0,0,0,0,0,0,0,0,0,0,0,0,0,0,0,0,0,0,0,0,0,0,0,0,0,0,0,0,0,0,0,0,0,0,0,0,0,0,0,0,0,0,0,0,0,0,0,0,0,0,0
8074,0,0,0,0,0,0,0,0,0,0,0,0,0,0,0,0,0,0,0,0,0,0,0,0,0,0,0,0,0,0,0,0,0,0,0,0,0,0,0,0,0,0,0,0,0,0,0,0,0,0,0,0,0,0
8075,0,0,0,0,0,0,0,0,0,0,0,0,0,0,0,0,0,0,0,0,0,0,0,0,0,0,0,0,0,0,0,0,0,0,0,0,0,0,0,0,0,0,60.7931293779064,60.7931293779064,60.7931293779064,60.7931293779064,60.7931293779064,60.7931293779064,60.7931293779064,60.7931293779064,60.7931293779064,60.7931293779064,60.7931293779064,60.7931293779064
8076,0,0,0,0,0,0,0,0,0,0,0,0,0,0,0,0,0,0,0,0,0,0,0,0,0,0,0,0,0,0,0,0,0,0,0,0,0,0,0,0,0,0,0,0,0,0,0,0,0,0,0,0,0,0
8077,0,0,0,0,0,0,0,0,11.5593683001353,11.5593683001353,11.5593683001353,11.5593683001353,11.5593683001353,11.5593683001353,11.5593683001353,11.5593683001353,11.5593683001353,11.5593683001353,11.5593683001353,11.5593683001353,11.5593683001353,11.5593683001353,11.5593683001353,11.5593683001353,11.5593683001353,11.5593683001353,11.5593683001353,11.5593683001353,11.5593683001353,11.5593683001353,11.5593683001353,11.5593683001353,11.5593683001353,11.5593683001353,11.5593683001353,11.5593683001353,11.5593683001353,11.5593683001353,11.5593683001353,11.5593683001353,11.5593683001353,11.5593683001353,76.4912865669475,76.4912865669475,76.4912865669475,76.4912865669475,76.4912865669475,76.4912865669475,76.4912865669475,76.4912865669475,76.4912865669475,76.4912865669475,76.4912865669475,76.4912865669475
8078,0,0,0,0,0,0,0,0,0,0,0,0,0,0,0,0,0,0,0,0,0,0,0,0,0,0,0,0,0,0,0,0,0,0,0,0,0,0,0,0,0,0,0,0,0,0,0,0,0,0,0,0,0,0
8079,0,0,0,0,0,0,0,0,28.6609202684085,28.6609202684085,28.6609202684085,28.6609202684085,28.6609202684085,28.6609202684085,28.6609202684085,28.6609202684085,28.6609202684085,28.6609202684085,28.6609202684085,28.6609202684085,28.6609202684085,28.6609202684085,28.6609202684085,28.6609202684085,28.6609202684085,28.6609202684085,28.6609202684085,28.6609202684085,28.6609202684085,28.6609202684085,28.6609202684085,28.6609202684085,28.6609202684085,28.6609202684085,28.6609202684085,28.6609202684085,28.6609202684085,28.6609202684085,28.6609202684085,28.6609202684085,28.6609202684085,28.6609202684085,28.6609202684085,28.6609202684085,28.6609202684085,28.6609202684085,28.6609202684085,28.6609202684085,28.6609202684085,28.6609202684085,28.6609202684085,28.6609202684085,28.6609202684085,28.6609202684085
8080,0,0,0,0,0,0,0,0,0,0,0,0,0,0,0,0,0,0,0,0,0,0,0,0,0,0,0,0,0,0,0,0,0,0,0,0,0,0,0,0,0,0,0,0,0,0,0,0,0,0,0,0,0,0
8081,0,0,0,0,0,0,0,0,0,0,0,0,0,0,0,0,0,0,0,0,0,0,0,0,0,0,0,0,0,0,0,0,0,0,0,0,0,0,0,0,0,0,0,0,0,0,0,0,0,0,0,0,0,0
8082,0,0,0,0,0,0,0,0,0,0,0,0,0,0,0,0,0,0,0,0,0,0,0,0,0,0,0,0,0,0,0,0,0,0,0,0,0,0,0,0,0,0,0,0,0,0,0,0,0,0,0,0,0,0
8083,0,0,0,0,0,0,0,0,0,0,0,0,0,0,0,0,0,0,0,0,0,0,0,0,0,0,0,0,0,0,0,0,0,0,0,0,0,0,0,0,0,0,0,0,0,0,0,0,0,0,0,0,0,0
8084,0,0,0,0,0,0,0,0,0,0,0,0,0,0,0,0,0,0,0,0,0,0,0,0,0,0,0,0,0,0,0,0,0,0,0,0,0,0,0,0,0,0,0,0,0,0,0,0,0,0,0,0,0,0
8085,0,0,0,0,0,0,0,0,0,0,0,0,0,0,0,0,0,0,0,0,0,0,0,0,0,0,0,0,0,0,0,0,0,0,0,0,0,0,0,0,0,0,0,0,0,0,0,0,0,0,0,0,0,0
8086,0,0,0,0,0,0,0,0,0,0,0,0,0,0,0,0,0,0,0,0,0,0,0,0,0,0,0,0,0,0,0,0,0,0,0,0,0,0,0,0,0,0,0,0,0,0,0,0,0,0,0,0,0,0
8087,0,0,0,0,0,0,0,0,0,0,0,0,0,0,0,0,0,0,0,0,0,0,0,0,0,0,0,0,0,0,0,0,0,0,0,0,0,0,0,0,0,0,0,0,0,0,0,0,0,0,0,0,0,0
8088,0,0,0,0,0,0,0,0,168.911037036245,168.911037036245,168.911037036245,168.911037036245,168.911037036245,168.911037036245,168.911037036245,168.911037036245,168.911037036245,168.911037036245,168.911037036245,168.911037036245,168.911037036245,168.911037036245,168.911037036245,168.911037036245,168.911037036245,168.911037036245,168.911037036245,168.911037036245,168.911037036245,168.911037036245,168.911037036245,168.911037036245,168.911037036245,168.911037036245,168.911037036245,168.911037036245,168.911037036245,168.911037036245,168.911037036245,168.911037036245,168.911037036245,168.911037036245,348.784706513338,348.784706513338,348.784706513338,348.784706513338,348.784706513338,348.784706513338,348.784706513338,348.784706513338,348.784706513338,348.784706513338,348.784706513338,348.784706513338
8089,0,0,0,0,0,0,0,0,0,0,0,0,0,0,0,0,0,0,0,0,0,0,0,0,0,0,0,0,0,0,0,0,0,0,0,0,0,0,0,0,0,0,0,0,0,0,0,0,0,0,0,0,0,0
8090,0,0,0,0,0,0,0,0,0,0,0,0,0,0,0,0,0,0,0,0,0,0,0,0,0,0,0,0,0,0,0,0,0,0,0,0,0,0,0,0,0,0,0,0,0,0,0,0,0,0,0,0,0,0
8091,0,0,0,0,0,0,0,0,0,0,0,0,0,0,0,0,0,0,0,0,0,0,0,0,0,0,0,0,0,0,0,0,0,0,0,0,0,0,0,0,0,0,0,0,0,0,0,0,0,0,0,0,0,0
8092,0,0,0,0,0,0,0,0,14.657692615007,14.657692615007,14.657692615007,14.657692615007,14.657692615007,63.028094743935,63.028094743935,63.028094743935,63.028094743935,63.028094743935,63.028094743935,63.028094743935,63.028094743935,63.028094743935,63.028094743935,63.028094743935,63.028094743935,63.028094743935,63.028094743935,63.028094743935,63.028094743935,63.028094743935,63.028094743935,63.028094743935,63.028094743935,63.028094743935,63.028094743935,63.028094743935,63.028094743935,63.028094743935,63.028094743935,63.028094743935,63.028094743935,63.028094743935,63.028094743935,63.028094743935,63.028094743935,63.028094743935,63.028094743935,63.028094743935,63.028094743935,63.028094743935,63.028094743935,63.028094743935,63.028094743935,63.028094743935
8093,0,0,0,0,0,0,0,0,0,0,0,0,0,0,0,0,0,0,0,0,0,0,0,0,0,0,0,0,0,0,0,0,0,0,0,0,0,0,0,0,0,0,0,0,0,0,0,0,0,0,0,0,0,0
9001,0,0,0,0,0,0,0,0,0,0,0,0,0,0,0,0,0,0,0,0,0,0,0,0,0,0,0,0,0,0,0,0,0,0,0,0,0,0,0,0,0,0,0,0,0,0,0,0,0,0,0,0,0,0
9002,0,0,0,0,0,0,0,0,0,0,0,0,0,0,0,0,0,0,0,0,0,0,0,0,0,0,0,0,0,0,0,0,0,0,0,0,0,0,0,0,0,0,0,0,0,0,0,0,0,0,0,0,0,0
9003,0,0,0,0,0,0,0,0,0,0,0,0,0,0,0,0,0,0,0,0,0,0,0,0,0,0,0,0,0,0,0,0,0,0,0,0,0,0,0,0,0,0,0,0,0,0,0,0,0,0,0,0,0,0
9004,0,0,0,0,0,0,0,0,0,0,0,0,0,0,0,0,0,0,0,0,0,0,0,0,0,0,0,0,0,0,0,0,0,0,0,0,0,0,0,0,0,0,0,0,0,0,0,0,0,0,0,0,0,0
9005,0,0,0,0,0,0,0,0,0,0,0,0,0,0,0,0,0,0,0,0,0,0,0,250.381494443406,250.381494443406,375.896528654096,375.896528654096,375.896528654096,375.896528654096,375.896528654096,375.896528654096,375.896528654096,375.896528654096,375.896528654096,375.896528654096,375.896528654096,375.896528654096,375.896528654096,375.896528654096,375.896528654096,375.896528654096,375.896528654096,375.896528654096,375.896528654096,375.896528654096,375.896528654096,375.896528654096,375.896528654096,375.896528654096,375.896528654096,375.896528654096,375.896528654096,375.896528654096,375.896528654096
9006,0,0,0,0,0,0,0,0,0,0,0,0,0,0,0,0,0,0,0,0,0,0,0,0,0,0,0,0,0,0,0,0,0,0,0,0,0,0,0,0,0,0,0,0,0,0,0,0,0,0,0,0,0,0
9007,0,0,0,0,0,0,0,0,0,0,0,0,0,0,0,0,0,0,0,0,0,0,0,0,0,0,0,0,0,0,0,0,0,0,0,0,0,0,0,0,0,0,0,0,0,0,0,0,0,0,0,0,0,0
9008,0,0,0,0,0,0,0,0,0,0,0,0,0,0,0,0,0,0,0,0,0,0,0,0,0,0,0,0,0,0,0,0,0,0,0,0,0,0,0,0,0,0,0,0,0,0,0,0,0,0,0,0,0,0
9009,0,0,0,0,0,0,0,0,0,0,0,0,0,0,0,0,0,0,0,0,0,0,0,0,0,60.1889919168317,60.1889919168317,60.1889919168317,60.1889919168317,60.1889919168317,60.1889919168317,60.1889919168317,60.1889919168317,60.1889919168317,60.1889919168317,60.1889919168317,60.1889919168317,60.1889919168317,60.1889919168317,60.1889919168317,60.1889919168317,60.1889919168317,60.1889919168317,60.1889919168317,60.1889919168317,60.1889919168317,60.1889919168317,60.1889919168317,60.1889919168317,60.1889919168317,60.1889919168317,60.1889919168317,60.1889919168317,60.1889919168317
9010,0,0,0,0,0,0,0,0,0,0,0,0,0,0,0,0,0,0,0,0,0,0,0,0,0,0,0,0,0,0,0,0,0,0,0,0,0,0,0,0,0,0,0,0,0,0,0,0,0,0,0,0,0,0
9011,0,0,0,0,0,0,0,35.5735960074762,35.5735960074762,35.5735960074762,35.5735960074762,35.5735960074762,35.5735960074762,35.5735960074762,35.5735960074762,35.5735960074762,35.5735960074762,35.5735960074762,35.5735960074762,35.5735960074762,35.5735960074762,35.5735960074762,35.5735960074762,35.5735960074762,35.5735960074762,35.5735960074762,35.5735960074762,35.5735960074762,35.5735960074762,35.5735960074762,35.5735960074762,35.5735960074762,35.5735960074762,35.5735960074762,35.5735960074762,35.5735960074762,35.5735960074762,35.5735960074762,35.5735960074762,35.5735960074762,35.5735960074762,35.5735960074762,35.5735960074762,35.5735960074762,35.5735960074762,35.5735960074762,35.5735960074762,35.5735960074762,35.5735960074762,35.5735960074762,35.5735960074762,35.5735960074762,35.5735960074762,35.5735960074762
9012,0,0,0,0,0,0,0,0,0,0,0,0,0,0,0,0,0,0,0,0,0,0,0,0,0,23.4032132746015,23.4032132746015,23.4032132746015,23.4032132746015,23.4032132746015,23.4032132746015,23.4032132746015,23.4032132746015,23.4032132746015,23.4032132746015,23.4032132746015,23.4032132746015,23.4032132746015,23.4032132746015,23.4032132746015,23.4032132746015,23.4032132746015,23.4032132746015,23.4032132746015,23.4032132746015,23.4032132746015,23.4032132746015,23.4032132746015,23.4032132746015,23.4032132746015,23.4032132746015,23.4032132746015,23.4032132746015,23.4032132746015
9013,0,0,0,0,0,0,0,0,0,0,0,0,0,0,0,0,0,0,0,0,0,0,0,0,0,0,0,0,0,0,0,0,0,0,0,0,0,0,0,0,0,0,0,0,0,0,0,0,0,0,0,0,0,0
9014,0,0,0,0,0,0,0,0,0,0,0,0,0,0,0,0,0,0,0,0,0,0,0,0,0,118.265066761361,118.265066761361,118.265066761361,118.265066761361,118.265066761361,118.265066761361,118.265066761361,118.265066761361,118.265066761361,118.265066761361,118.265066761361,118.265066761361,118.265066761361,118.265066761361,118.265066761361,118.265066761361,118.265066761361,118.265066761361,118.265066761361,118.265066761361,118.265066761361,118.265066761361,118.265066761361,118.265066761361,118.265066761361,118.265066761361,118.265066761361,118.265066761361,118.265066761361
9015,0,0,0,0,0,0,0,0,0,0,0,0,0,0,0,0,0,0,0,0,0,0,0,0,0,0,0,0,0,0,0,0,0,0,0,0,0,0,0,0,0,0,0,0,0,0,0,0,0,0,0,0,0,0
9016,0,0,0,0,0,0,0,0,0,0,0,0,0,0,0,0,0,0,0,0,0,0,0,0,0,0,0,0,0,0,0,0,0,0,0,0,0,0,0,0,0,0,0,0,0,0,0,0,0,0,0,0,0,0
9017,0,0,0,0,0,0,0,0,0,0,0,0,0,0,0,0,0,0,0,0,0,0,0,0,0,0,0,0,0,0,0,0,0,0,0,0,0,0,0,0,0,0,0,0,0,0,0,0,0,0,0,0,0,0
9018,0,0,0,0,0,0,0,0,0,0,0,0,0,0,0,0,0,0,0,0,0,0,0,0,0,0,0,0,0,0,0,0,0,0,0,0,0,0,0,0,0,0,0,0,0,0,0,0,0,0,0,0,0,0
9019,0,0,0,0,0,0,0,0,0,0,0,0,0,0,0,0,0,0,0,0,0,0,0,0,0,0,0,0,0,0,0,0,0,0,0,0,0,0,0,0,0,0,0,0,0,0,0,0,0,0,0,0,0,0
9020,0,0,0,0,0,0,0,0,0,0,0,0,0,0,0,0,0,0,0,0,0,0,0,0,0,0,0,0,0,0,0,0,0,0,0,0,0,0,0,0,0,0,0,0,0,0,0,0,0,0,0,0,0,0
9021,0,0,0,0,0,0,0,0,0,0,0,0,0,0,0,0,0,0,0,0,0,0,0,0,0,0,0,0,0,0,0,0,0,0,0,0,0,0,0,0,0,0,0,0,0,0,0,0,0,0,0,0,0,0
9022,0,0,0,0,0,0,0,0,0,0,0,0,0,0,0,0,0,0,0,0,0,0,0,0,0,0,0,0,0,0,0,0,0,0,0,0,0,0,0,0,0,0,0,0,0,0,0,0,0,0,0,0,0,0
9023,0,0,0,0,0,0,0,0,0,0,0,0,0,0,0,0,0,0,0,0,0,0,0,0,0,98.9429368570388,98.9429368570388,98.9429368570388,98.9429368570388,98.9429368570388,98.9429368570388,98.9429368570388,98.9429368570388,98.9429368570388,98.9429368570388,98.9429368570388,98.9429368570388,98.9429368570388,98.9429368570388,98.9429368570388,98.9429368570388,98.9429368570388,98.9429368570388,98.9429368570388,98.9429368570388,98.9429368570388,98.9429368570388,98.9429368570388,98.9429368570388,98.9429368570388,98.9429368570388,98.9429368570388,98.9429368570388,98.9429368570388
9024,0,0,0,0,0,0,0,0,0,0,0,0,0,0,0,0,0,0,0,0,0,0,0,0,0,0,0,0,0,0,0,0,0,0,0,0,0,0,0,0,0,0,0,0,0,0,0,0,0,0,0,0,0,0
9025,0,0,0,0,0,0,0,0,0,0,0,0,0,0,0,0,0,0,0,0,0,0,0,0,0,0,0,0,0,0,0,0,0,0,0,0,0,0,0,0,0,0,0,0,0,0,0,0,0,0,0,0,0,0
9026,0,0,0,0,0,0,0,0,0,0,0,0,0,0,0,0,0,0,0,0,0,0,0,0,0,0,0,0,0,0,0,0,0,0,0,0,0,0,0,0,0,0,0,0,0,0,0,0,0,0,0,0,0,0
9027,0,0,0,0,0,0,0,0,0,0,0,0,0,0,0,0,0,0,0,0,0,0,0,0,0,66.8466887872847,66.8466887872847,66.8466887872847,66.8466887872847,66.8466887872847,66.8466887872847,66.8466887872847,66.8466887872847,66.8466887872847,66.8466887872847,66.8466887872847,66.8466887872847,66.8466887872847,66.8466887872847,66.8466887872847,66.8466887872847,66.8466887872847,66.8466887872847,66.8466887872847,66.8466887872847,66.8466887872847,66.8466887872847,66.8466887872847,66.8466887872847,66.8466887872847,66.8466887872847,66.8466887872847,66.8466887872847,66.8466887872847
9028,0,0,0,0,0,0,0,0,0,0,0,0,0,0,0,0,0,0,0,0,0,0,0,0,0,0,0,0,0,0,0,0,0,0,0,0,0,0,0,0,0,0,0,0,0,0,0,0,0,0,0,0,0,0
9029,0,0,0,0,0,0,0,0,0,0,0,0,0,0,0,0,0,0,0,0,0,0,0,0,0,0,0,0,0,0,0,0,0,0,0,0,0,0,0,0,0,0,0,0,0,0,0,0,0,0,0,0,0,0
9030,0,0,0,0,0,0,0,0,0,0,0,0,0,0,0,0,0,0,0,0,0,0,0,46.3888220554031,46.3888220554031,69.5832330831048,69.5832330831048,69.5832330831048,69.5832330831048,69.5832330831048,69.5832330831048,69.5832330831048,69.5832330831048,69.5832330831048,69.5832330831048,69.5832330831048,69.5832330831048,69.5832330831048,69.5832330831048,69.5832330831048,69.5832330831048,69.5832330831048,69.5832330831048,69.5832330831048,69.5832330831048,69.5832330831048,69.5832330831048,69.5832330831048,69.5832330831048,69.5832330831048,69.5832330831048,69.5832330831048,69.5832330831048,69.5832330831048
9031,0,0,0,0,0,0,0,0,0,0,0,0,0,0,0,0,0,0,0,0,0,0,0,0,0,41.9125781334915,41.9125781334915,41.9125781334915,41.9125781334915,41.9125781334915,41.9125781334915,41.9125781334915,41.9125781334915,41.9125781334915,41.9125781334915,41.9125781334915,41.9125781334915,41.9125781334915,41.9125781334915,41.9125781334915,41.9125781334915,41.9125781334915,41.9125781334915,41.9125781334915,41.9125781334915,41.9125781334915,41.9125781334915,41.9125781334915,41.9125781334915,41.9125781334915,41.9125781334915,41.9125781334915,41.9125781334915,41.9125781334915
9032,0,0,0,0,0,0,0,0,0,0,0,0,0,0,0,0,0,0,0,0,0,0,0,0,0,0,0,0,0,0,0,0,0,0,0,0,0,0,0,0,0,0,0,0,0,0,0,0,0,0,0,0,0,0
9033,0,0,0,0,0,0,0,0,0,0,0,0,0,0,0,0,0,0,0,0,0,0,0,114.002884582718,114.002884582718,222.695396515275,222.695396515275,222.695396515275,222.695396515275,222.695396515275,222.695396515275,222.695396515275,222.695396515275,222.695396515275,222.695396515275,222.695396515275,222.695396515275,222.695396515275,222.695396515275,222.695396515275,222.695396515275,222.695396515275,222.695396515275,222.695396515275,222.695396515275,222.695396515275,222.695396515275,222.695396515275,222.695396515275,222.695396515275,222.695396515275,222.695396515275,222.695396515275,222.695396515275
9034,0,0,0,0,0,0,0,0,0,0,0,0,0,0,0,0,0,0,0,0,0,0,0,152.349271971011,152.349271971011,242.4541948611,242.4541948611,242.4541948611,242.4541948611,242.4541948611,242.4541948611,242.4541948611,242.4541948611,242.4541948611,242.4541948611,242.4541948611,242.4541948611,242.4541948611,242.4541948611,242.4541948611,242.4541948611,242.4541948611,242.4541948611,242.4541948611,242.4541948611,242.4541948611,242.4541948611,242.4541948611,242.4541948611,242.4541948611,242.4541948611,242.4541948611,242.4541948611,242.4541948611
9035,0,0,0,0,0,0,0,0,0,0,0,0,0,0,0,0,0,0,0,0,0,0,0,0,0,0,0,0,0,0,0,0,0,0,0,0,0,0,0,0,0,0,0,0,0,0,0,0,0,0,0,0,0,0
9036,0,0,0,0,0,0,0,0,0,0,0,0,0,0,0,0,0,0,0,0,0,0,0,0,0,0,0,0,0,0,0,0,0,0,0,0,0,0,0,0,0,0,0,0,0,0,0,0,0,0,0,0,0,0
9037,0,0,0,0,0,0,0,0,0,0,0,0,0,0,0,0,0,0,0,0,0,0,0,0,0,0,0,0,0,0,0,0,0,0,0,0,0,0,0,0,0,0,0,0,0,0,0,0,0,0,0,0,0,0
9038,0,0,0,0,0,0,0,0,0,0,0,0,0,0,0,0,0,0,0,0,0,0,0,0,0,152.984884889131,152.984884889131,152.984884889131,152.984884889131,152.984884889131,152.984884889131,152.984884889131,152.984884889131,152.984884889131,152.984884889131,152.984884889131,152.984884889131,152.984884889131,152.984884889131,152.984884889131,152.984884889131,152.984884889131,152.984884889131,152.984884889131,152.984884889131,152.984884889131,152.984884889131,152.984884889131,152.984884889131,152.984884889131,152.984884889131,152.984884889131,152.984884889131,152.984884889131
9039,0,0,0,0,0,0,0,0,0,0,0,0,0,0,0,0,0,0,0,0,0,0,0,0,0,0,0,0,0,0,0,0,0,0,0,0,0,0,0,0,0,0,0,0,0,0,0,0,0,0,0,0,0,0
9040,0,0,0,0,0,0,0,0,0,0,0,0,0,0,0,0,0,0,0,0,0,0,0,0,0,0,0,0,0,0,0,0,0,0,0,0,0,0,0,0,0,0,0,0,0,0,0,0,0,0,0,0,0,0
9041,0,0,0,0,0,0,0,0,0,0,0,0,0,0,0,0,0,0,0,0,0,0,0,0,0,0,0,0,0,0,0,0,0,0,0,0,0,0,0,0,0,0,0,0,0,0,0,0,0,0,0,0,0,0
9042,0,0,0,0,0,0,0,0,0,0,0,0,0,0,0,0,0,0,0,0,0,0,0,0,0,0,0,0,0,0,0,0,0,0,0,0,0,0,0,0,0,0,0,0,0,0,0,0,0,0,0,0,0,0
9043,0,0,0,0,0,0,0,0,0,0,0,0,0,0,0,0,0,0,0,0,0,0,0,0,0,0,0,0,0,0,0,0,0,0,0,0,0,0,0,0,0,0,0,0,0,0,0,0,0,0,0,0,0,0
9044,0,0,0,0,0,0,0,0,0,0,0,0,0,0,0,0,0,0,0,0,0,0,0,0,0,0,0,0,0,0,0,0,0,0,0,0,0,0,0,0,0,0,0,0,0,0,0,0,0,0,0,0,0,0
9045,0,0,0,0,0,0,0,0,0,0,0,0,0,0,0,0,0,0,0,0,0,0,0,0,0,53.2029057723733,53.2029057723733,53.2029057723733,53.2029057723733,53.2029057723733,53.2029057723733,53.2029057723733,53.2029057723733,53.2029057723733,53.2029057723733,53.2029057723733,53.2029057723733,53.2029057723733,53.2029057723733,53.2029057723733,53.2029057723733,53.2029057723733,53.2029057723733,53.2029057723733,53.2029057723733,53.2029057723733,53.2029057723733,53.2029057723733,53.2029057723733,53.2029057723733,53.2029057723733,53.2029057723733,53.2029057723733,53.2029057723733
9046,0,0,0,0,0,0,0,0,0,0,0,0,0,0,0,0,0,0,0,0,0,0,0,0,0,0,0,0,0,0,0,0,0,0,0,0,0,0,0,0,0,0,0,0,0,0,0,0,0,0,0,0,0,0
9047,0,0,0,0,0,0,0,0,0,0,0,0,0,0,0,0,0,0,0,0,0,0,0,0,0,0,0,0,0,0,0,0,0,0,0,0,0,0,0,0,0,0,0,0,0,0,0,0,0,0,0,0,0,0
9048,0,0,0,0,0,0,0,0,0,0,0,0,0,0,0,0,0,0,0,0,0,0,0,0,0,0,0,0,0,0,0,0,0,0,0,0,0,0,0,0,0,0,0,0,0,0,0,0,0,0,0,0,0,0
9049,0,0,0,0,0,0,0,0,0,0,0,0,0,0,0,0,0,0,0,0,0,0,0,0,0,0,0,0,0,0,0,0,0,0,0,0,0,0,0,0,0,0,0,0,0,0,0,0,0,0,0,0,0,0
9050,0,0,0,0,0,0,0,0,0,0,0,0,0,0,0,0,0,0,0,0,0,0,0,0,0,0,0,0,0,0,0,0,0,0,0,0,0,0,0,0,0,0,0,0,0,0,0,0,0,0,0,0,0,0
9051,0,0,0,0,0,0,0,0,0,0,0,0,0,0,0,0,0,0,0,0,0,0,0,0,0,0,0,0,0,0,0,0,0,0,0,0,0,0,0,0,0,0,0,0,0,0,0,0,0,0,0,0,0,0
9052,0,0,0,0,0,0,0,0,0,0,0,0,0,0,0,0,0,0,0,0,0,0,0,0,0,0,0,0,0,0,0,0,0,0,0,0,0,0,0,0,0,0,0,0,0,0,0,0,0,0,0,0,0,0
9053,0,0,0,0,0,0,0,0,0,0,0,0,0,0,0,0,0,0,0,0,0,0,0,0,0,0,0,0,0,0,0,0,0,0,0,0,0,0,0,0,0,0,0,0,0,0,0,0,0,0,0,0,0,0
9054,0,0,0,0,0,0,0,0,0,0,0,0,0,0,0,0,0,0,0,0,0,0,0,95.0653910046072,95.0653910046072,190.130782009214,190.130782009214,190.130782009214,190.130782009214,190.130782009214,190.130782009214,190.130782009214,190.130782009214,190.130782009214,190.130782009214,190.130782009214,190.130782009214,190.130782009214,190.130782009214,190.130782009214,190.130782009214,190.130782009214,190.130782009214,190.130782009214,190.130782009214,190.130782009214,190.130782009214,190.130782009214,190.130782009214,190.130782009214,190.130782009214,190.130782009214,190.130782009214,190.130782009214
9055,0,0,0,0,0,0,0,0,0,0,0,0,0,0,0,0,0,0,0,0,0,0,0,0,0,0,0,0,0,0,0,0,0,0,0,0,0,0,0,0,0,0,0,0,0,0,0,0,0,0,0,0,0,0
9056,0,0,0,0,0,0,0,0,0,0,0,0,0,0,0,0,0,0,0,0,0,0,0,0,0,0,0,0,0,0,0,0,0,0,0,0,0,0,0,0,0,0,25.5888856839639,25.5888856839639,25.5888856839639,25.5888856839639,25.5888856839639,25.5888856839639,25.5888856839639,25.5888856839639,25.5888856839639,25.5888856839639,25.5888856839639,25.5888856839639
9057,0,0,0,0,0,0,0,0,0,0,0,0,0,0,0,0,0,0,0,0,0,0,0,42.2490189004345,42.2490189004345,84.4980378008719,84.4980378008719,84.4980378008719,84.4980378008719,84.4980378008719,84.4980378008719,84.4980378008719,84.4980378008719,84.4980378008719,84.4980378008719,84.4980378008719,84.4980378008719,84.4980378008719,84.4980378008719,84.4980378008719,84.4980378008719,84.4980378008719,84.4980378008719,84.4980378008719,84.4980378008719,84.4980378008719,84.4980378008719,84.4980378008719,84.4980378008719,84.4980378008719,84.4980378008719,84.4980378008719,84.4980378008719,84.4980378008719
9058,0,0,0,0,0,0,0,0,0,0,0,0,0,0,0,0,0,0,0,0,0,0,0,60.1483243549875,60.1483243549875,60.1483243549875,60.1483243549875,60.1483243549875,60.1483243549875,60.1483243549875,60.1483243549875,60.1483243549875,60.1483243549875,60.1483243549875,60.1483243549875,60.1483243549875,60.1483243549875,60.1483243549875,60.1483243549875,60.1483243549875,60.1483243549875,60.1483243549875,60.1483243549875,60.1483243549875,60.1483243549875,60.1483243549875,60.1483243549875,60.1483243549875,60.1483243549875,60.1483243549875,60.1483243549875,60.1483243549875,60.1483243549875,60.1483243549875
9059,0,0,0,0,0,0,0,0,0,0,0,0,0,0,0,0,0,0,0,0,0,0,0,0,0,48.5199264775255,48.5199264775255,48.5199264775255,48.5199264775255,48.5199264775255,48.5199264775255,48.5199264775255,48.5199264775255,48.5199264775255,48.5199264775255,48.5199264775255,48.5199264775255,48.5199264775255,48.5199264775255,48.5199264775255,48.5199264775255,48.5199264775255,48.5199264775255,48.5199264775255,48.5199264775255,48.5199264775255,48.5199264775255,48.5199264775255,48.5199264775255,48.5199264775255,48.5199264775255,48.5199264775255,48.5199264775255,48.5199264775255
9060,0,0,0,0,0,0,0,0,0,0,0,0,0,0,0,0,0,0,0,0,0,0,0,0,0,52.5805474397414,52.5805474397414,52.5805474397414,52.5805474397414,52.5805474397414,52.5805474397414,52.5805474397414,52.5805474397414,52.5805474397414,52.5805474397414,52.5805474397414,52.5805474397414,52.5805474397414,52.5805474397414,52.5805474397414,52.5805474397414,52.5805474397414,52.5805474397414,52.5805474397414,52.5805474397414,52.5805474397414,52.5805474397414,52.5805474397414,52.5805474397414,52.5805474397414,52.5805474397414,52.5805474397414,52.5805474397414,52.5805474397414
9061,0,0,0,0,0,0,0,0,0,0,0,0,0,0,0,0,0,0,0,0,0,0,0,0,0,0,0,0,0,0,0,0,0,0,0,0,0,0,0,0,0,0,0,0,0,0,0,0,0,0,0,0,0,0
9062,0,0,0,0,0,0,0,0,0,0,0,0,0,0,0,0,0,0,0,0,0,0,0,0,0,0,0,0,0,0,0,0,0,0,0,0,0,0,0,0,0,0,0,0,0,0,0,0,0,0,0,0,0,0
9063,0,0,0,0,0,0,0,0,0,0,0,0,0,0,0,0,0,0,0,0,0,0,0,0,0,0,0,0,0,0,0,0,0,0,0,0,0,0,0,0,0,0,0,0,0,0,0,0,0,0,0,0,0,0
9064,0,0,0,0,0,0,0,0,0,0,0,0,0,0,0,0,0,0,0,0,0,0,0,0,0,0,0,0,0,0,0,0,0,0,0,0,0,0,0,0,0,0,0,0,0,0,0,0,0,0,0,0,0,0
9065,0,0,0,0,0,0,0,0,0,0,0,0,0,0,0,0,0,0,0,0,0,0,0,0,0,0,0,0,0,0,0,0,0,0,0,0,0,0,0,0,0,0,0,0,0,0,0,0,0,0,0,0,0,0
9066,0,0,0,0,0,0,0,0,0,0,0,0,0,0,0,0,0,0,0,0,0,0,0,0,0,35.1902631896714,35.1902631896714,35.1902631896714,35.1902631896714,35.1902631896714,35.1902631896714,35.1902631896714,35.1902631896714,35.1902631896714,35.1902631896714,35.1902631896714,35.1902631896714,35.1902631896714,35.1902631896714,35.1902631896714,35.1902631896714,35.1902631896714,35.1902631896714,35.1902631896714,35.1902631896714,35.1902631896714,35.1902631896714,35.1902631896714,35.1902631896714,35.1902631896714,35.1902631896714,35.1902631896714,35.1902631896714,35.1902631896714
9067,0,0,0,0,0,0,0,0,0,0,0,0,0,0,0,0,0,0,0,0,0,0,0,0,0,0,0,0,0,0,0,0,0,0,0,0,0,0,0,0,0,0,0,0,0,0,0,0,0,0,0,0,0,0
9068,0,0,0,0,0,0,0,0,0,0,0,0,0,0,0,0,0,0,0,0,0,0,0,0,0,0,0,0,0,0,0,0,0,0,0,0,0,0,0,0,0,0,0,0,0,0,0,0,0,0,0,0,0,0
9069,0,0,0,0,0,0,0,0,0,0,0,0,0,0,0,0,0,0,0,0,0,0,0,0,0,0,0,0,0,0,0,0,0,0,0,0,0,0,0,0,0,0,0,0,0,0,0,0,0,0,0,0,0,0
9070,0,0,0,0,0,0,0,0,0,0,0,0,0,0,0,0,0,0,0,0,0,0,0,0,0,18.4812896696109,18.4812896696109,18.4812896696109,18.4812896696109,18.4812896696109,18.4812896696109,18.4812896696109,18.4812896696109,18.4812896696109,18.4812896696109,18.4812896696109,18.4812896696109,18.4812896696109,18.4812896696109,18.4812896696109,18.4812896696109,18.4812896696109,18.4812896696109,18.4812896696109,18.4812896696109,18.4812896696109,18.4812896696109,18.4812896696109,18.4812896696109,18.4812896696109,18.4812896696109,18.4812896696109,18.4812896696109,18.4812896696109
9071,0,0,0,0,0,0,0,0,0,0,0,0,0,0,0,0,0,0,0,0,0,0,0,0,0,0,0,0,0,0,0,0,0,0,0,0,0,0,0,0,0,0,0,0,0,0,0,0,0,0,0,0,0,0
9072,0,0,0,0,0,0,0,0,0,0,0,0,0,0,0,0,0,0,0,0,0,0,0,158.280246364851,158.280246364851,316.560492729704,316.560492729704,316.560492729704,316.560492729704,316.560492729704,316.560492729704,316.560492729704,316.560492729704,316.560492729704,316.560492729704,316.560492729704,316.560492729704,316.560492729704,316.560492729704,316.560492729704,316.560492729704,316.560492729704,316.560492729704,316.560492729704,316.560492729704,316.560492729704,316.560492729704,316.560492729704,316.560492729704,316.560492729704,316.560492729704,316.560492729704,316.560492729704,316.560492729704
9073,0,0,0,0,0,0,0,0,0,0,0,0,0,0,0,0,0,0,0,0,0,0,0,0,0,0,0,0,0,0,0,0,0,0,0,0,0,0,0,0,0,0,0,0,0,0,0,0,0,0,0,0,0,0
9074,0,0,0,0,0,0,0,0,0,0,0,0,0,0,0,0,0,0,0,0,0,0,0,0,0,0,0,0,0,0,0,0,0,0,0,0,0,0,0,0,0,0,0,0,0,0,0,0,0,0,0,0,0,0
10001,0,0,0,0,0,0,0,0,0,0,0,0,0,0,0,0,0,0,0,0,0,0,0,0,0,0,0,0,0,0,0,0,0,0,0,0,0,0,0,0,0,0,0,0,0,0,0,0,0,0,0,0,0,0
10002,0,0,0,0,0,0,0,0,0,0,0,0,0,0,0,0,0,0,0,0,0,0,0,0,0,0,0,0,0,0,0,0,0,0,0,0,0,0,0,0,0,0,0,0,0,0,0,8.82991174043893,8.82991174043893,8.82991174043893,8.82991174043893,8.82991174043893,8.82991174043893,8.82991174043893
10003,0,0,0,0,0,0,0,0,0,0,0,0,0,0,0,0,0,0,0,0,0,0,0,0,0,0,0,0,0,0,0,0,0,0,0,0,0,0,0,0,0,0,0,0,0,0,0,0,0,0,0,0,0,0
10004,0,0,0,0,0,0,0,0,0,0,0,0,0,0,0,0,0,0,0,0,0,0,0,0,0,0,0,0,0,0,0,0,0,0,0,0,0,0,0,0,0,0,0,0,0,0,0,0,0,0,0,0,0,0
10005,0,0,0,0,0,0,0,0,0,0,0,0,0,0,0,0,0,0,0,0,0,0,0,0,0,0,0,0,0,0,0,0,0,0,0,0,0,0,0,0,0,0,0,0,0,0,0,0,0,0,0,0,0,0
10006,0,0,0,0,0,0,0,0,0,0,0,0,0,0,0,0,0,0,0,0,0,0,0,0,0,0,0,0,0,0,0,0,0,0,0,0,0,0,0,0,0,0,0,0,0,0,0,0,0,0,0,0,0,0
10007,0,0,0,0,0,0,0,0,0,0,0,0,0,0,0,0,0,0,0,0,0,0,0,0,0,0,0,0,0,0,0,0,0,0,0,0,0,0,0,0,0,0,0,0,0,0,0,0,0,0,0,0,0,0
10008,0,0,0,0,0,0,0,0,0,0,0,0,0,0,0,0,0,0,0,0,0,0,0,0,0,0,0,0,0,0,0,0,0,0,0,0,0,0,0,0,0,0,0,0,0,0,0,0,0,0,0,0,0,0
10009,0,0,0,0,0,0,0,0,0,0,0,0,0,0,0,0,0,0,0,0,0,0,0,0,0,0,0,0,0,0,0,0,0,0,0,0,0,0,0,0,0,0,0,0,0,0,0,0,0,0,0,0,0,0
10010,0,0,0,0,0,0,0,0,0,0,0,0,0,0,0,0,0,0,0,0,0,0,0,0,0,0,0,0,0,0,0,0,0,0,0,0,0,0,0,0,0,0,0,0,0,0,0,0,0,0,0,0,0,0
10011,0,0,0,0,0,0,0,0,0,0,0,0,0,0,0,0,0,0,0,0,0,0,0,0,0,0,0,0,0,0,0,0,0,0,0,0,0,0,0,0,0,0,0,0,0,0,0,0,0,0,0,0,0,0
10012,0,0,0,0,0,0,0,0,0,0,0,0,0,0,0,0,0,0,47.810576130696,78.7756650272932,78.7756650272932,78.7756650272932,78.7756650272932,78.7756650272932,78.7756650272932,78.7756650272932,78.7756650272932,78.7756650272932,209.357201945257,209.357201945257,209.357201945257,209.357201945257,209.357201945257,209.357201945257,209.357201945257,209.357201945257,209.357201945257,209.357201945257,209.357201945257,209.357201945257,209.357201945257,209.357201945257,209.357201945257,209.357201945257,209.357201945257,209.357201945257,209.357201945257,209.357201945257,209.357201945257,209.357201945257,209.357201945257,209.357201945257,209.357201945257,209.357201945257
10013,0,0,0,0,0,0,0,0,0,0,0,0,0,0,0,0,0,0,0,0,0,0,0,0,0,0,0,0,0,0,0,0,0,0,0,0,0,0,0,0,0,0,0,0,0,0,0,0,0,0,0,0,0,0
10014,0,0,0,0,0,0,0,0,0,0,0,0,0,0,0,0,0,0,0,0,0,0,0,0,0,0,0,0,0,0,0,0,0,0,0,0,0,0,0,0,0,0,0,0,0,0,0,0,0,0,0,0,0,0
10015,0,0,0,0,0,0,0,0,0,0,0,0,0,0,0,0,0,0,0,0,0,0,0,0,0,0,0,0,0,0,0,0,0,0,0,0,0,0,0,0,0,0,0,0,0,0,0,0,0,0,0,0,0,0
10016,0,0,0,0,0,0,0,0,0,0,0,14.6692280617584,14.6692280617584,14.6692280617584,58.49077308397,58.49077308397,58.49077308397,58.49077308397,58.49077308397,58.49077308397,58.49077308397,58.49077308397,58.49077308397,58.49077308397,58.49077308397,58.49077308397,103.455673946128,103.455673946128,103.455673946128,103.455673946128,103.455673946128,103.455673946128,103.455673946128,103.455673946128,103.455673946128,103.455673946128,103.455673946128,103.455673946128,103.455673946128,103.455673946128,103.455673946128,103.455673946128,103.455673946128,103.455673946128,103.455673946128,103.455673946128,103.455673946128,103.455673946128,103.455673946128,103.455673946128,103.455673946128,103.455673946128,103.455673946128,103.455673946128
10017,0,0,0,0,0,0,0,0,0,0,0,0,0,0,0,0,0,0,0,0,0,0,0,0,0,0,0,0,0,0,0,0,0,0,0,0,0,0,0,0,0,0,0,0,0,0,0,0,0,0,0,0,0,0
10018,0,0,0,0,0,0,0,0,0,0,0,0,0,0,0,0,0,0,0,0,0,0,0,0,0,0,0,0,0,0,0,0,0,0,0,0,0,0,0,0,0,0,0,0,0,0,0,0,0,0,0,0,0,0
10019,0,0,0,0,0,0,0,0,0,0,0,0,0,0,0,0,0,0,0,0,0,0,0,0,0,0,0,0,0,0,0,0,0,0,0,0,0,0,0,0,0,0,0,0,0,0,0,0,0,0,0,0,0,0
10020,0,0,0,0,0,0,0,24.2503450629032,24.2503450629032,24.2503450629032,24.2503450629032,24.2503450629032,72.7510351887096,72.7510351887096,72.7510351887096,72.7510351887096,72.7510351887096,72.7510351887096,72.7510351887096,72.7510351887096,72.7510351887096,72.7510351887096,72.7510351887096,72.7510351887096,72.7510351887096,72.7510351887096,72.7510351887096,72.7510351887096,72.7510351887096,121.251725314516,169.752415440349,169.752415440349,194.002760503252,242.503450629084,242.503450629084,242.503450629084,242.503450629084,242.503450629084,242.503450629084,291.004140754911,291.004140754911,315.254485817814,315.254485817814,315.254485817814,315.254485817814,315.254485817814,315.254485817814,315.254485817814,315.254485817814,315.254485817814,315.254485817814,315.254485817814,315.254485817814,315.254485817814
10021,0,0,0,0,0,0,0,0,0,0,0,0,0,0,0,0,0,0,0,0,0,0,0,0,0,0,76.3197158210676,76.3197158210676,76.3197158210676,76.3197158210676,76.3197158210676,76.3197158210676,76.3197158210676,76.3197158210676,76.3197158210676,76.3197158210676,76.3197158210676,76.3197158210676,76.3197158210676,76.3197158210676,76.3197158210676,76.3197158210676,76.3197158210676,76.3197158210676,76.3197158210676,76.3197158210676,76.3197158210676,76.3197158210676,76.3197158210676,76.3197158210676,76.3197158210676,76.3197158210676,76.3197158210676,76.3197158210676
10022,0,0,0,0,0,0,0,0,0,0,0,0,0,0,0,0,0,0,0,0,0,0,0,0,0,0,0,0,0,0,0,0,0,0,0,0,0,0,0,0,0,0,0,0,0,0,0,0,0,0,0,0,0,0
10023,0,0,0,0,0,0,0,0,0,0,0,0,0,0,0,0,0,0,0,0,0,0,0,0,0,0,0,0,0,0,0,0,0,16.2460861333025,16.2460861333025,16.2460861333025,16.2460861333025,16.2460861333025,16.2460861333025,16.2460861333025,16.2460861333025,16.2460861333025,16.2460861333025,16.2460861333025,16.2460861333025,16.2460861333025,16.2460861333025,16.2460861333025,16.2460861333025,16.2460861333025,16.2460861333025,16.2460861333025,16.2460861333025,16.2460861333025
10024,0,0,0,0,0,0,0,0,0,0,0,0,0,0,0,0,0,0,0,0,0,0,0,0,0,0,0,0,0,0,0,0,0,0,0,0,0,0,0,0,0,0,0,0,0,0,0,0,0,0,0,0,0,0
10025,0,0,0,0,0,0,0,0,0,0,0,0,0,0,0,0,0,0,0,0,0,0,0,2.49677505178908,2.49677505178908,5.0138999523183,5.0138999523183,5.0138999523183,5.0138999523183,5.0138999523183,5.0138999523183,5.0138999523183,5.0138999523183,5.0138999523183,5.0138999523183,5.0138999523183,5.0138999523183,5.0138999523183,5.0138999523183,5.0138999523183,5.0138999523183,5.0138999523183,5.0138999523183,5.0138999523183,5.0138999523183,5.0138999523183,5.0138999523183,5.0138999523183,5.0138999523183,5.0138999523183,5.0138999523183,5.0138999523183,5.0138999523183,5.0138999523183
10026,0,0,0,0,0,0,0,0,0,0,0,0,0,0,0,0,0,0,0,0,0,0,0,0,0,0,0,0,0,0,0,0,0,0,0,0,0,0,0,0,0,0,0,0,0,0,0,0,0,0,0,0,0,0
10027,0,0,0,0,0,0,0,0,0,0,0,0,0,0,0,0,0,0,0,0,0,0,0,0,0,0,0,0,0,0,0,0,0,0,0,0,0,0,0,0,0,0,0,0,0,0,0,0,0,0,0,0,0,0
10028,0,0,0,0,0,0,0,0,0,0,0,0,0,0,0,0,0,0,0,0,0,0,0,0,0,0,0,0,0,0,0,0,0,0,0,0,0,0,0,0,0,0,0,0,0,0,0,0,0,0,0,0,0,0
10029,0,0,0,0,0,0,0,0,0,0,0,0,0,0,0,0,0,0,0,0,0,0,0,0,0,0,0,0,0,0,0,0,0,0,7.30899891137365,7.30899891137365,7.30899891137365,7.30899891137365,7.30899891137365,7.30899891137365,7.30899891137365,7.30899891137365,7.30899891137365,7.30899891137365,7.30899891137365,7.30899891137365,7.30899891137365,7.30899891137365,7.30899891137365,7.30899891137365,7.30899891137365,7.30899891137365,7.30899891137365,7.30899891137365
10030,0,0,0,0,0,0,0,0,0,0,0,0,0,0,0,0,0,0,0,0,0,0,0,0,0,0,0,0,0,0,0,0,0,0,0,0,0,0,0,0,0,0,0,0,0,0,0,0,0,0,0,0,0,0
10031,0,0,0,0,0,0,0,0,0,0,0,0,0,0,0,0,0,0,0,0,0,0,0,0,0,0,0,0,0,0,0,0,0,0,0,0,0,0,0,0,0,0,0,0,0,0,0,0,0,0,0,0,0,0
10032,0,0,0,0,0,0,0,0,0,0,0,0,0,0,0,0,0,0,0,0,0,0,0,0,0,0,0,0,0,0,0,0,0,0,0,0,0,0,0,0,0,0,0,0,0,0,0,0,0,0,0,0,0,0
10033,0,0,0,0,0,0,0,0,0,0,0,0,0,0,0,0,0,0,0,0,0,0,0,0,0,0,0,0,0,0,0,0,0,0,0,0,0,0,0,0,0,0.122242459085749,0.122242459085749,0.366727377256801,0.366727377256801,0.366727377256801,0.366727377256801,0.366727377256801,0.366727377256801,0.366727377256801,0.366727377256801,0.366727377256801,0.366727377256801,0.366727377256801
10034,0,0,0,0,0,0,0,0,0,0,0,0,0,0,0,0,0,0,0,0,0,0,0,0,0,0,0,0,0,0,0,0,0,16.3389078274032,16.3389078274032,16.3389078274032,16.3389078274032,16.3389078274032,16.3389078274032,49.553106732299,49.553106732299,66.7377239902144,66.7377239902144,66.7377239902144,66.7377239902144,66.7377239902144,66.7377239902144,66.7377239902144,66.7377239902144,66.7377239902144,66.7377239902144,66.7377239902144,66.7377239902144,66.7377239902144
10035,0,0,0,0,0,0,0,0,0,0,0,0,0,0,0,0,0,0,0,0,0,0,0,0,0,0,0,0,0,0,0,0,0,0,0,0,0,0,0,0,0,0,0,0,0,0,0,0,0,0,0,0,0,0
10036,0,0,0,0,0,0,0,0,0,0,0,0,0,0,0,0,0,0,0,0,0,0,0,0,0,0,0,0,0,0,0,0,0,0,0,0,0,0,0,0,0,8.0266153089589,8.0266153089589,24.0798459268767,24.0798459268767,24.0798459268767,24.0798459268767,24.0798459268767,24.0798459268767,24.0798459268767,24.0798459268767,24.0798459268767,24.0798459268767,24.0798459268767
10037,0,0,0,0,0,0,0,0,0,0,0,0,0,0,0,0,0,0,0,0,0,0,0,0,0,0,0,0,0,0,0,0,0,0,0,0,0,0,0,0,0,0,0,0,0,0,0,0,0,0,0,0,0,0
10038,0,0,0,0,0,0,0,0,0,0,0,0,0,0,0,0,0,0,0,0,0,0,0,0,0,0,0,0,0,0,0,0,0,0,0,0,0,0,0,0,0,0,0,0,0,0,0,0,0,0,0,0,0,0
10039,0,0,0,0,0,0,0,0,0,0,0,0,0,0,0,0,0,0,0,0,0,0,0,0,0,0,0,0,0,0,0,0,0,0,0,0,0,0,0,0,0,30.5022905445724,30.5022905445724,91.5068716337173,91.5068716337173,91.5068716337173,91.5068716337173,91.5068716337173,91.5068716337173,91.5068716337173,91.5068716337173,91.5068716337173,91.5068716337173,91.5068716337173
10040,0,0,0,0,0,0,0,0,0,0,0,0,0,0,0,0,0,0,0,0,0,0,0,64.6840594891814,64.6840594891814,129.368118978361,129.368118978361,129.368118978361,129.368118978361,129.368118978361,129.368118978361,129.368118978361,129.368118978361,129.368118978361,129.368118978361,129.368118978361,129.368118978361,129.368118978361,129.368118978361,129.368118978361,129.368118978361,129.368118978361,129.368118978361,129.368118978361,129.368118978361,129.368118978361,129.368118978361,129.368118978361,129.368118978361,129.368118978361,129.368118978361,129.368118978361,129.368118978361,129.368118978361
10041,0,0,0,0,0,0,0,0,0,0,0,0,0,0,0,0,0,0,0,0,0,0,0,0,0,0,0,0,0,0,0,0,0,0,0,0,0,0,0,0,0,0,0,0,0,0,0,0,0,0,0,0,0,0
10042,0,0,0,0,0,0,0,0,0,0,0,0,0,0,0,0,0,0,0,0,0,0,0,0,0,0,0,0,0,0,0,0,0,0,0,0,0,0,0,0,0,0,0,0,0,0,0,0,0,0,0,0,0,0
10043,0,0,0,0,0,0,0,0,0,0,0,0,0,0,0,0,0,0,0,0,0,0,0,0,0,0,0,0,0,0,0,0,0,0,0,0,0,0,0,0,0,0,0,0,0,0,0,0,0,0,0,0,0,0
10044,0,0,0,0,0,0,0,0,0,0,0,0,0,0,0,0,0,0,0,0,0,0,0,170.235113580324,170.235113580324,340.40413564254,340.40413564254,340.40413564254,340.40413564254,340.40413564254,340.40413564254,340.40413564254,340.40413564254,340.40413564254,340.40413564254,340.40413564254,340.40413564254,340.40413564254,340.40413564254,340.40413564254,340.40413564254,340.40413564254,340.40413564254,340.40413564254,340.40413564254,340.40413564254,340.40413564254,340.40413564254,340.40413564254,340.40413564254,340.40413564254,340.40413564254,340.40413564254,340.40413564254
10045,0,0,0,0,0,0,0,0,0,0,0,0,0,0,0,0,0,0,0,0,0,0,0,0,0,0,0,0,0,0,0,0,0,0,0,0,0,0,0,0,0,0,0,0,0,0,0,0,0,0,0,0,0,0
10046,0,0,0,0,0,0,0,0,0,0,0,0,15.6195356739631,15.6195356739631,15.6195356739631,15.6195356739631,15.6195356739631,15.6195356739631,15.6195356739631,15.6195356739631,15.6195356739631,15.6195356739631,15.6195356739631,15.6195356739631,15.6195356739631,15.6195356739631,15.6195356739631,15.6195356739631,15.6195356739631,48.6936757788467,86.3484758840047,86.3484758840047,86.3484758840047,121.257684745847,121.257684745847,121.257684745847,121.257684745847,121.257684745847,121.257684745847,156.166893607689,156.166893607689,173.621498038608,173.621498038608,173.621498038608,173.621498038608,173.621498038608,173.621498038608,173.621498038608,173.621498038608,173.621498038608,173.621498038608,173.621498038608,173.621498038608,173.621498038608
10047,0,0,0,0,0,0,0,0,0,0,0,0,0,0,0,0,0,0,0,0,0,0,0,0,0,0,0,0,0,0,0,0,0,0,0,0,0,0,0,0,0,11.4905874299236,11.4905874299236,38.6499307676799,38.6499307676799,38.6499307676799,38.6499307676799,38.6499307676799,38.6499307676799,38.6499307676799,38.6499307676799,38.6499307676799,38.6499307676799,38.6499307676799
10048,0,0,0,0,0,0,0,0,0,0,0,0,0,0,0,0,0,0,0,0,0,0,0,0,0,0,0,0,0,0,0,0,0,0,0,0,0,0,0,0,0,0,0,0,0,0,0,0,0,0,0,0,0,0
10049,0,0,0,0,0,0,0,0,0,0,0,0,0,0,0,0,0,0,0,0,0,0,0,0,0,0,0,0,0,0,0,0,0,0,0,0,0,0,0,0,0,0,0,0,0,0,0,0,0,0,0,0,0,0
10050,0,0,0,0,0,0,0,0,0,0,0,0,0,0,0,0,0,0,0,0,0,0,0,0,0,0,0,0,0,0,0,0,0,0,0,0,0,0,0,0,0,15.8191281805506,15.8191281805506,47.4573845416492,47.4573845416492,47.4573845416492,47.4573845416492,47.4573845416492,47.4573845416492,47.4573845416492,47.4573845416492,47.4573845416492,47.4573845416492,47.4573845416492
10051,0,0,0,0,0,0,0,0,0,0,0,0,0,0,0,0,0,0,0,0,0,0,0,0,0,0,0,0,0,0,0,0,0,0,0,0,0,0,0,0,0,0,0,0,0,0,0,0,0,0,0,0,0,0
10052,0,0,0,0,0,0,0,0,0,0,0,0,0,0,0,0,0,0,0,0,0,0,0,0,0,0,0,0,0,0,0,0,0,0,0,0,0,0,0,0,0,0,0,0,0,0,0,0,0,0,0,0,0,0
10053,0,0,0,0,0,0,0,0,0,0,0,0,0,0,0,0,0,0,0,0,0,0,0,0,0,0,0,0,0,0,0,0,0,0,0,0,0,0,0,0,0,0,0,0,0,0,0,0,0,0,0,0,0,0
10054,0,0,0,0,0,0,0,0,0,0,0,0,0,0,0,0,0,0,0,0,0,0,0,0,0,0,0,0,0,0,0,0,0,0,0,0,0,0,0,0,0,0,0,0,0,0,0,0,0,0,0,0,0,0
10055,0,0,0,0,0,0,0,0,0,0,0,0,0,0,0,0,0,0,0,0,0,0,0,0,0,0,0,0,0,0,0,0,0,0,0,0,0,0,0,0,0,12.049342120292,12.049342120292,36.1480263608756,36.1480263608756,36.1480263608756,36.1480263608756,36.1480263608756,36.1480263608756,36.1480263608756,36.1480263608756,36.1480263608756,36.1480263608756,36.1480263608756
10056,0,0,0,0,0,0,0,0,0,0,0,0,0,0,0,0,0,0,0,0,0,0,0,0,0,0,0,0,0,0,0,0,0,0,0,0,0,0,0,18.1057164801854,18.1057164801854,36.2195809267343,36.2195809267343,36.2195809267343,36.2195809267343,36.2195809267343,36.2195809267343,36.2195809267343,36.2195809267343,36.2195809267343,36.2195809267343,36.2195809267343,36.2195809267343,36.2195809267343
10057,0,0,0,0,0,0,0,0,0,0,0,0,0,0,0,0,0,0,0,0,0,0,0,0,0,0,0,0,0,0,0,0,0,0,0,0,0,0,0,0,0,0,0,0,0,0,0,0,0,0,0,0,0,0
10058,0,0,0,0,0,0,0,0,0,0,0,0,0,0,0,0,0,0,0,0,0,0,0,0,0,0,0,0,0,0,0,0,0,0,0,0,0,0,0,0,0,0,0,0,0,0,0,0,0,0,0,0,0,0
10059,0,0,0,0,0,0,0,39.002810516439,39.002810516439,39.002810516439,39.002810516439,39.002810516439,117.008431549317,117.008431549317,117.008431549317,117.008431549317,117.008431549317,117.008431549317,117.008431549317,117.008431549317,117.008431549317,117.008431549317,117.008431549317,117.008431549317,117.008431549317,117.008431549317,117.008431549317,117.008431549317,117.008431549317,195.014052582195,273.019673614963,273.019673614963,312.022484131402,481.14229886013,481.14229886013,481.14229886013,481.14229886013,481.14229886013,481.14229886013,559.147919892955,559.147919892955,598.150730409389,598.150730409389,598.150730409389,598.150730409389,598.150730409389,598.150730409389,598.150730409389,598.150730409389,598.150730409389,598.150730409389,598.150730409389,598.150730409389,598.150730409389
10060,0,0,0,0,0,17.6732875832335,17.6732875832335,17.6732875832335,17.6732875832335,17.6732875832335,17.6732875832335,17.6732875832335,17.6732875832335,17.6732875832335,17.6732875832335,17.6732875832335,17.6732875832335,17.6732875832335,17.6732875832335,17.6732875832335,17.6732875832335,17.6732875832335,17.6732875832335,17.6732875832335,17.6732875832335,17.6732875832335,17.6732875832335,17.6732875832335,17.6732875832335,17.6732875832335,35.3465751664647,35.3465751664647,35.3465751664647,35.3465751664647,35.3465751664647,35.3465751664647,35.3465751664647,35.3465751664647,35.3465751664647,35.3465751664647,35.3465751664647,35.3465751664647,35.3465751664647,35.3465751664647,35.3465751664647,35.3465751664647,35.3465751664647,35.3465751664647,35.3465751664647,35.3465751664647,35.3465751664647,35.3465751664647,35.3465751664647,35.3465751664647
10061,0,0,0,0,0,0,0,0,0,0,0,0,0,0,0,0,0,0,0,0,0,0,0,0,0,0,0,0,0,0,0,0,0,0,0,0,0,0,0,0,0,40.1398596410674,40.1398596410674,80.279719282131,80.279719282131,80.279719282131,80.279719282131,80.279719282131,80.279719282131,80.279719282131,80.279719282131,80.279719282131,80.279719282131,80.279719282131
10062,0,0,0,0,0,0,0,0,0,0,0,0,0,0,0,0,0,0,0,0,0,0,0,0,0,0,0,0,0,0,0,0,0,0,0,0,0,0,0,0,0,0,0,0,0,0,0,0,0,0,0,0,0,0
10063,0,0,0,0,0,0,0,0,0,0,0,0,0,0,0,0,0,0,0,0,0,0,0,0,0,0,0,0,0,0,0,0,0,0,0,0,0,0,0,0,0,7.78314383408294,7.78314383408294,15.5662876681657,15.5662876681657,15.5662876681657,15.5662876681657,15.5662876681657,15.5662876681657,15.5662876681657,15.5662876681657,15.5662876681657,15.5662876681657,15.5662876681657
10064,0,0,0,0,0,0,0,0,0,0,0,0,0,0,0,0,0,0,0,0,0,0,0,0,0,0,0,0,0,0,0,0,0,0,0,0,0,0,0,0,0,25.0473936408074,25.0473936408074,75.1421809224208,75.1421809224208,75.1421809224208,75.1421809224208,75.1421809224208,75.1421809224208,75.1421809224208,75.1421809224208,75.1421809224208,75.1421809224208,75.1421809224208
10065,0,0,0,0,0,0,0,0,0,0,0,0,0,0,0,0,0,0,0,0,0,0,0,0,0,0,0,0,0,0,0,0,0,0,0,0,0,0,0,0,0,0,0,0,0,0,0,0,0,0,0,0,0,0
10066,0,0,0,0,0,0,0,0,0,0,0,0,0,0,0,0,0,0,0,0,0,0,0,0,0,0,0,0,0,0,0,0,0,0,0,0,0,0,0,0,0,0,0,0,0,0,0,0,0,0,0,0,0,0
10067,0,0,0,0,0,0,0,0,0,0,0,0,0,0,0,0,0,0,0,0,0,0,0,0,0,0,0,0,0,0,0,0,0,0,0,0,0,0,0,0,0,0,0,0,0,0,0,0,0,0,0,0,0,0
10068,0,0,0,0,0,0,0,0,0,0,0,0,0,0,0,0,0,0,0,0,0,0,0,0,41.2569553406791,41.2569553406791,41.2569553406791,41.2569553406791,41.2569553406791,41.2569553406791,41.2569553406791,41.2569553406791,41.2569553406791,41.2569553406791,41.2569553406791,41.2569553406791,41.2569553406791,41.2569553406791,41.2569553406791,41.2569553406791,41.2569553406791,41.2569553406791,41.2569553406791,41.2569553406791,41.2569553406791,41.2569553406791,41.2569553406791,41.2569553406791,41.2569553406791,41.2569553406791,41.2569553406791,41.2569553406791,41.2569553406791,41.2569553406791
10069,0,0,0,0,0,0,0,0,0,0,0,0,0,0,0,0,0,0,0,0,0,0,0,0,0,0,0,0,0,0,0,0,0,0,0,0,0,0,0,0,0,0,0,0,0,0,0,0,0,0,0,0,0,0
10070,0,0,0,0,0,0,0,0,0,0,0,0,0,0,0,0,0,0,0,0,0,0,0,0,0,0,0,0,0,0,0,0,0,0,0,0,0,0,0,0,0,0,0,0,0,0,0,0,0,0,0,0,0,0
10071,0,0,0,0,0,0,0,0,0,0,0,0,0,0,0,0,0,0,0,0,0,0,0,0,0,0,0.315771184864545,0.315771184864545,0.315771184864545,0.315771184864545,0.315771184864545,0.315771184864545,0.315771184864545,0.315771184864545,0.315771184864545,0.315771184864545,0.315771184864545,0.315771184864545,0.315771184864545,0.315771184864545,0.315771184864545,0.315771184864545,0.315771184864545,0.315771184864545,0.315771184864545,0.315771184864545,0.315771184864545,0.315771184864545,0.315771184864545,0.315771184864545,0.315771184864545,0.315771184864545,0.315771184864545,0.315771184864545
10072,0,0,0,0,0,0,0,0,0,0,0,0,0,0,0,0,0,0,0,0,0,0,0,0,0,0,0,0,0,0,0,0,0,0,0,0,0,0,0,0,0,0,0,0,0,0,0,0,0,0,0,0,0,0
10073,0,0,0,0,0,0,0,0,0,0,0,0,0,0,0,0,0,0,0,0,0,0,0,0,0,0,0,0,0,0,0,0,0,0,0,0,0,0,0,0,0,0,0,0,0,0,0,0,0,0,0,0,0,0
10074,0,0,0,0,0,0,0,0,0,0,0,61.0434929550137,61.0434929550137,61.0434929550137,183.13047886505,183.13047886505,183.13047886505,183.13047886505,183.13047886505,183.13047886505,183.13047886505,183.13047886505,183.13047886505,183.13047886505,183.13047886505,183.13047886505,363.940177401259,363.940177401259,363.940177401259,363.940177401259,363.940177401259,363.940177401259,363.940177401259,363.940177401259,363.940177401259,363.940177401259,363.940177401259,363.940177401259,363.940177401259,363.940177401259,363.940177401259,424.210076913329,424.210076913329,544.749875937462,544.749875937462,544.749875937462,544.749875937462,544.749875937462,544.749875937462,544.749875937462,544.749875937462,544.749875937462,544.749875937462,544.749875937462
10075,0,51.7586834776418,51.7586834776418,103.517366955284,103.517366955284,103.517366955284,103.517366955284,103.517366955284,103.517366955284,103.517366955284,103.517366955284,103.517366955284,103.517366955284,103.517366955284,103.517366955284,103.517366955284,103.517366955284,103.517366955284,285.739965920853,285.739965920853,285.739965920853,285.739965920853,389.257332876136,492.774699831442,492.774699831442,596.292066786748,596.292066786748,596.292066786748,596.292066786748,596.292066786748,596.292066786748,596.292066786748,596.292066786748,596.292066786748,596.292066786748,596.292066786748,596.292066786748,596.292066786748,596.292066786748,596.292066786748,596.292066786748,596.292066786748,596.292066786748,596.292066786748,596.292066786748,596.292066786748,596.292066786748,596.292066786748,596.292066786748,596.292066786748,596.292066786748,596.292066786748,596.292066786748,596.292066786748
10076,0,0,0,0,0,0,0,0,0,0,0,0,0,0,0,0,0,0,0,0,0,0,0,0,0,0,0,0,0,0,0,0,0,0,0,0,0,0,0,0,0,0,0,0,0,0,0,0,0,0,0,0,0,0
10077,0,0,0,0,0,0,0,0,0,0,0,0,0,0,0,0,0,0,0,0,0,0,0,0,0,0,0,0,0,0,0,0,0,0,0,0,0,0,0,0,0,0,0,0,0,0,0,0,0,0,0,0,0,0
10078,0,0,0,0,0,0,0,0,0,0,0,0,0,0,0,0,0,0,0,0,0,0,0,0,0,0,0,0,0,0,0,0,0,0,0,0,0,0,0,0,0,0,0,0,0,0,0,0,0,0,0,0,0,0
10079,0,0,0,0,0,0,0,0,0,0,0,0,0,0,0,0,0,0,0,0,0,0,0,0,0,0,0,0,0,0,0,0,0,0,0,0,0,0,0,0,0,0,0,0,0,0,0,0,0,0,0,0,0,0
10080,0,0,0,0,0,0,0,0,0,0,0,28.7358005842551,28.7358005842551,28.7358005842551,86.2074017527627,86.2074017527627,86.2074017527627,86.2074017527627,86.2074017527627,86.2074017527627,86.2074017527627,86.2074017527627,86.2074017527627,86.2074017527627,86.2074017527627,86.2074017527627,172.414803505524,172.414803505524,172.414803505524,172.414803505524,172.414803505524,172.414803505524,172.414803505524,172.414803505524,172.414803505524,172.414803505524,172.414803505524,172.414803505524,172.414803505524,172.414803505524,172.414803505524,201.150604089779,201.150604089779,258.622205258286,258.622205258286,258.622205258286,258.622205258286,258.622205258286,258.622205258286,258.622205258286,258.622205258286,258.622205258286,258.622205258286,258.622205258286
10081,0,0,0,0,0,0,0,0,0,0,0,4.88391213474467,4.88391213474467,4.88391213474467,14.6517364042343,14.6517364042343,14.6517364042343,14.6517364042343,14.6517364042343,14.6517364042343,14.6517364042343,14.6517364042343,14.6517364042343,14.6517364042343,14.6517364042343,14.6517364042343,29.3034728084687,29.3034728084687,29.3034728084687,29.3034728084687,29.3034728084687,29.3034728084687,29.3034728084687,29.3034728084687,29.3034728084687,29.3034728084687,29.3034728084687,29.3034728084687,29.3034728084687,29.3034728084687,29.3034728084687,49.240514799163,49.240514799163,89.1145987805529,89.1145987805529,89.1145987805529,89.1145987805529,89.1145987805529,89.1145987805529,89.1145987805529,89.1145987805529,89.1145987805529,89.1145987805529,89.1145987805529
10082,0,0,0,0,0,0,0,0,0,0,0,0,0,0,0,0,0,0,0,0,0,0,0,0,0,0,0,0,0,0,0,0,0,0,0,0,0,0,0,0,0,0,0,0,0,0,0,0,0,0,0,0,0,0
10083,0,0,0,0,0,0,0,0,0,0,0,0,0,0,0,0,0,0,0,0,0,0,0,0,0,0,0,0,0,0,0,0,0,0,0,0,0,0,0,0,0,0,0,0,0,0,0,0,0,0,0,0,0,0
10084,0,0,0,0,0,0,0,0,0,0,0,0,0,0,0,0,0,0,0,0,0,0,0,0,0,0,0,0,0,0,0,0,0,0,0,0,0,0,0,0,0,0,0,0,0,0,0,0,0,0,0,0,0,0
10085,0,0,0,0,0,0,0,0,0,0,0,0,0,0,0,0,0,0,0,0,0,0,0,0,0,0,0,0,0,0,0,0,0,0,0,0,0,0,0,0,0,0,0,0,0,0,0,0,0,0,0,0,0,0
10086,0,0,0,0,0,0,0,0,0,0,0,0,0,0,0,0,0,0,0,0,0,0,0,0,0,0,0,0,0,0,0,0,0,0,0,0,0,0,0,0,0,0,0,0,0,0,0,0,0,0,0,0,0,0
10087,0,0,0,0,0,0,0,28.111567340492,28.111567340492,28.111567340492,28.111567340492,28.111567340492,84.3347020214765,84.3347020214765,84.3347020214765,84.3347020214765,84.3347020214765,84.3347020214765,84.3347020214765,84.3347020214765,84.3347020214765,84.3347020214765,84.3347020214765,84.3347020214765,84.3347020214765,84.3347020214765,84.3347020214765,84.3347020214765,84.3347020214765,140.557836702461,196.780971383445,196.780971383445,224.892538723937,309.227240745413,309.227240745413,309.227240745413,309.227240745413,309.227240745413,309.227240745413,365.450375426398,365.450375426398,393.56194276689,393.56194276689,393.56194276689,393.56194276689,393.56194276689,393.56194276689,393.56194276689,393.56194276689,393.56194276689,393.56194276689,393.56194276689,393.56194276689,393.56194276689
10088,0,0,0,0,0,0,0,0,0,0,0,0,0,0,0,0,0,0,0,0,0,0,0,0,0,0,0,0,0,0,0,0,0,0,0,0,0,0,0,0,0,0,0,0,0,0,0,0,0,0,0,0,0,0
10089,0,0,0,0,0,0,0,0,0,0,0,0,0,0,0,0,0,0,0,0,0,0,0,0,0,0,0,0,0,0,0,0,0,0,0,0,0,0,0,0,0,0,0,0,0,0,0,0,0,0,0,0,0,0
10090,0,0,0,0,0,0,0,0,0,0,0,0,0,0,0,0,0,0,0,0,0,0,0,0,0,0,0,0,0,0,0,0,0,0,0,0,0,0,0,0,0,0,0,0,0,0,0,0,0,0,0,0,0,0
10091,0,0,0,0,0,0,0,0,0,0,0,0,0,0,0,0,0,0,0,0,0,0,0,0,0,0,0,0,0,0,0,0,0,0,0,0,0,0,0,0,0,0,0,0,0,0,0,6.30353465432578,6.30353465432578,6.30353465432578,6.30353465432578,6.30353465432578,6.30353465432578,6.30353465432578
10092,0,0,0,0,0,0,0,0,0,0,0,0,0,0,0,0,0,0,0,0,0,0,0,0,0,0,0,0,0,0,0,0,0,0,0,0,0,0,0,0,0,0,0,0,0,0,0,0,0,0,0,0,0,0
10093,0,0,0,0,0,0,0,0,0,0,0,0,0,0,0,0,0,0,0,0,0,0,0,146.901003739628,146.901003739628,293.802007479256,293.802007479256,293.802007479256,293.802007479256,293.802007479256,293.802007479256,293.802007479256,293.802007479256,293.802007479256,293.802007479256,293.802007479256,293.802007479256,293.802007479256,293.802007479256,293.802007479256,293.802007479256,293.802007479256,293.802007479256,293.802007479256,293.802007479256,293.802007479256,293.802007479256,293.802007479256,293.802007479256,293.802007479256,293.802007479256,293.802007479256,293.802007479256,293.802007479256
10094,0,0,0,0,0,0,0,0,0,0,0,0,0,0,0,0,0,0,0,0,0,0,0,0,0,0,0,0,0,0,0,0,0,0,0,0,0,0,0,0,0,0,0,0,0,0,0,0,0,0,0,0,0,0
10095,0,0,0,0,0,0,0,0,0,0,0,0,0,0,0,0,0,0,0,0,0,0,0,0,0,0,0,0,0,0,0,0,0,0,0,0,0,0,0,0,0,0,0,0,0,0,0,0,0,0,0,0,0,0
10096,0,0,0,0,26.6938536199185,82.3966957862562,82.3966957862562,175.78014918605,175.78014918605,175.78014918605,175.78014918605,175.78014918605,362.547055985638,362.547055985638,362.547055985638,362.547055985638,362.547055985638,362.547055985638,362.547055985638,362.547055985638,362.547055985638,362.547055985638,362.547055985638,362.547055985638,362.547055985638,362.547055985638,442.628616845392,442.628616845392,442.628616845392,629.39552364498,890.762720711321,890.762720711321,984.146174111115,1170.9130809107,1170.9130809107,1170.9130809107,1170.9130809107,1170.9130809107,1170.9130809107,1357.6799877103,1357.6799877103,1477.75729473001,1477.75729473001,1531.14500196985,1531.14500196985,1531.14500196985,1531.14500196985,1531.14500196985,1531.14500196985,1531.14500196985,1531.14500196985,1531.14500196985,1531.14500196985,1531.14500196985
10097,0,0,0,0,0,0,0,0,0,0,0,0,0,0,0,0,0,0,0,0,0,0,0,0,0,0,0,0,0,0,0,0,0,0,0,0,0,0,0,0,0,0,0,0,0,0,0,0,0,0,0,0,0,0
10098,0,0,0,0,0,0,0,0,0,0,0,0,0,0,0,0,0,0,0,0,0,0,0,0,0,0,0,0,0,0,0,0,0,0,0,0,0,0,0,0,0,0,0,0,0,0,0,0,0,0,0,0,0,0
10099,0,0,0,0,0,0,0,0,0,0,0,0,0,0,0,0,0,0,97.0975221966498,194.195044393303,194.195044393303,194.195044393303,194.195044393303,194.195044393303,194.195044393303,194.195044393303,194.195044393303,194.195044393303,381.101796143376,381.101796143376,381.101796143376,381.101796143376,381.101796143376,381.101796143376,381.101796143376,381.101796143376,381.101796143376,381.101796143376,381.101796143376,381.101796143376,381.101796143376,381.101796143376,381.101796143376,381.101796143376,381.101796143376,381.101796143376,381.101796143376,381.101796143376,381.101796143376,381.101796143376,381.101796143376,381.101796143376,381.101796143376,381.101796143376
10100,0,0,0,0,0,0,0,0,0,0,0,0,0,0,0,0,0,0,0,0,0,0,0,0,0,0,0,0,0,0,0,0,0,0,0,0,0,0,0,0,0,0,0,0,0,0,0,0,0,0,0,0,0,0
10101,0,0,0,0,0,0,0,0,0,0,0,0,0,0,0,0,0,0,0,0,0,0,0,0,0,0,0,0,0,0,0,0,0,0,0,0,0,0,0,0,0,0,0,0,0,0,0,0,0,0,0,0,0,0
10102,0,0,0,0,0,0,0,0,0,0,0,0,0,0,0,0,0,0,0,0,0,0,0,0,0,0,0,0,0,0,0,0,0,1.0989943615153,1.0989943615153,1.0989943615153,1.0989943615153,1.0989943615153,1.0989943615153,24.510242530778,24.510242530778,47.6023671519479,47.6023671519479,47.6023671519479,47.6023671519479,47.6023671519479,47.6023671519479,47.6023671519479,47.6023671519479,47.6023671519479,47.6023671519479,47.6023671519479,47.6023671519479,47.6023671519479
10103,0,0,0,0,0,0,0,0,0,0,0,0,0,0,0,0,0,0,37.4190420516753,74.8380841033535,74.8380841033535,74.8380841033535,74.8380841033535,74.8380841033535,74.8380841033535,74.8380841033535,74.8380841033535,74.8380841033535,149.676168206711,149.676168206711,214.259906524467,214.259906524467,214.259906524467,214.259906524467,214.259906524467,214.259906524467,214.259906524467,214.259906524467,214.259906524467,214.259906524467,214.259906524467,214.259906524467,214.259906524467,214.259906524467,214.259906524467,214.259906524467,214.259906524467,214.259906524467,214.259906524467,214.259906524467,214.259906524467,214.259906524467,214.259906524467,214.259906524467
10104,0,0,0,0,0,0,0,0,0,0,0,0,0,0,0,0,0,0,0,0,0,0,0,0,0,0,0,0,0,0,0,0,0,0,0,0,0,0,0,0,0,0,0,0,0,0,0,0,0,0,0,0,0,0
10105,0,0,0,0,0,0,0,0,0,0,0,0,0,0,0,0,0,0,0,0,0,0,0,0,0,0,0,0,0,0,0,0,0,0,0,0,0,0,0,0,0,0,0,0,0,0,0,0,0,0,0,0,0,0
10106,0,0,0,0,0,0,0,0,0,0,0,0,0,0,0,0,0,0,0,0,0,0,0,0,0,0,0,0,0,0,0,0,0,0,0,0,0,0,0,0,0,0,0,0,0,0,0,0,0,0,0,0,0,0
10107,0,0,0,0,0,0,0,0,0,0,0,0,0,0,0,0,0,0,0,0,0,0,0,0,0,0,0,0,0,0,0,0,0,0,0,0,0,0,0,0,0,0,0,0,0,0,0,0,0,0,0,0,0,0
10108,0,0,0,0,0,0,0,0,0,0,0,0,0,0,0,0,0,0,0,0,0,0,0,0,0,0,0,0,0,0,0,0,0,0,0,0,0,0,0,0,0,0,0,0,0,0,0,0,0,0,0,0,0,0
10109,0,0,0,0,0,0,0,0,0,0,0,0,0,0,0,0,0,0,0,0,0,0,0,0,0,0,0,0,0,0,0,0,0,0,0,0,0,0,0,0,0,0,0,0,0,0,0,0,0,0,0,0,0,0
10110,0,0,0,0,0,0,0,0,0,0,0,0,0,0,0,0,0,0,0,0,0,0,0,0,0,0,0,0,0,0,0,0,0,0,0,0,0,0,0,0,0,0,0,0,0,0,0,0,0,0,0,0,0,0
10111,0,0,0,0,0,0,0,0,0,0,0,0,0,0,0,0,0,0,0,0,0,0,0,0,0,0,0,0,0,0,0,0,0,0,0,0,0,0,0,0,0,0,0,0,0,0,0,0,0,0,0,0,0,0
10112,0,0,0,0,0,0,0,0,0,0,0,0,0,0,0,0,0,0,0,0,0,0,0,0,0,0,0,0,0,0,0,0,0,1.75787823751733,1.75787823751733,1.75787823751733,1.75787823751733,1.75787823751733,1.75787823751733,1.75787823751733,1.75787823751733,1.75787823751733,1.75787823751733,1.75787823751733,1.75787823751733,1.75787823751733,1.75787823751733,1.75787823751733,1.75787823751733,1.75787823751733,1.75787823751733,1.75787823751733,1.75787823751733,1.75787823751733
10113,0,0,0,0,0,0,0,0,0,0,0,0,0,0,0,0,0,0,0,0,0,0,0,0,0,0,0,0,0,0,0,0,0,0,0,0,0,0,0,0,0,0,0,0,0,0,0,0,0,9.31968785035597,9.31968785035597,9.31968785035597,9.31968785035597,9.31968785035597
10114,0,0,0,0,0,0,0,0,0,0,0,0,0,0,0,0,0,0,0,0,0,0,0,0,0,0,0,0,0,0,0,0,0,0,0,0,0,0,0,0,0,0,0,0,0,0,0,0,0,0,0,0,0,0
10115,0,0,0,0,0,0,0,0,0,0,0,0,0,0,0,0,0,0,0,0,0,0,0,0,0,0,0,0,0,0,0,0,0,0,0,0,0,0,0,0,0,0,0,0,0,0,0,0,0,0,0,0,0,0
10116,0,0,0,0,0,0,0,67.6893122221838,67.6893122221838,67.6893122221838,67.6893122221838,67.6893122221838,67.6893122221838,67.6893122221838,67.6893122221838,67.6893122221838,67.6893122221838,67.6893122221838,67.6893122221838,67.6893122221838,67.6893122221838,67.6893122221838,67.6893122221838,67.6893122221838,67.6893122221838,67.6893122221838,67.6893122221838,67.6893122221838,67.6893122221838,67.6893122221838,67.6893122221838,67.6893122221838,67.6893122221838,67.6893122221838,67.6893122221838,67.6893122221838,67.6893122221838,67.6893122221838,67.6893122221838,67.6893122221838,67.6893122221838,67.6893122221838,67.6893122221838,67.6893122221838,67.6893122221838,67.6893122221838,67.6893122221838,67.6893122221838,67.6893122221838,67.6893122221838,67.6893122221838,67.6893122221838,67.6893122221838,67.6893122221838
10117,0,0,0,0,0,0,0,0,0,0,0,0,0,0,0,0,0,0,0,0,0,0,0,0,0,0,0,0,0,0,0,0,0,0,0,0,0,0,0,0,0,0,0,0,0,0,0,0,0,0,0,0,0,0
10118,0,0,0,0,0,0,0,0,0,0,0,0,0,0,0,0,0,0,0,0,0,0,0,0,0,0,0,0,0,0,0,0,0,0,0,0,0,0,0,0,0,0,0,0,0,0,0,0,0,0,0,0,0,0
10119,0,0,0,0,0,0,0,0,0,0,0,0,0,0,0,0,0,0,0,0,0,0,0,0,0,0,0,0,0,0,0,0,0,0,0,0,0,0,0,0,0,0,0,0,0,0,0,0,0,0,0,0,0,0
10120,0,0,0,0,0,0,0,0,0,0,0,0,0,0,0,0,0,0,0,0,0,0,0,0,0,0,0,0,0,0,0,0,0,0,0,0,0,0,0,0,0,0,0,0,0,0,0,0,0,0,0,0,0,0
10121,0,0,0,0,0,0,0,0,0,0,0,0,0,0,0,0,0,0,0,0,0,0,0,0,0,0,0,0,0,0,0,0,0,0,0,0,0,0,0,0,0,0,0,0,0,0,0,0,0,0,0,0,0,0
10122,0,0,0,0,10.7342725823679,10.7342725823679,10.7342725823679,10.7342725823679,10.7342725823679,10.7342725823679,10.7342725823679,49.3607080697665,49.3607080697665,49.3607080697665,126.613579044561,126.613579044561,126.613579044561,126.613579044561,126.613579044561,126.613579044561,126.613579044561,126.613579044561,126.613579044561,203.866450019366,203.866450019366,281.119320994169,387.234642545528,387.234642545528,387.234642545528,387.234642545528,424.834621952859,424.834621952859,424.834621952859,424.834621952859,424.834621952859,424.834621952859,424.834621952859,424.834621952859,424.834621952859,424.834621952859,424.834621952859,460.206395803311,460.206395803311,530.949943504207,530.949943504207,530.949943504207,530.949943504207,530.949943504207,530.949943504207,530.949943504207,530.949943504207,530.949943504207,530.949943504207,530.949943504207
10123,0,0,0,0,0,0,0,0,0,0,0,0,0,0,0,0,0,0,0,0,0,0,0,0,0,0,0,0,0,0,0,0,0,0,0,0,0,0,0,0,0,0,0,0,0,0,0,0,0,0,0,0,0,0
10124,0,0,0,0,0,0,0,0,0,0,0,0,0,0,0,0,0,0,0,0,0,0,0,0,0,0,0,0,0,0,0,0,0,0,0,0,0,0,0,0,0,0,0,0,0,0,0,0,0,0,0,0,0,0
10125,0,0,0,0,0,0,0,0,0,0,0,0,0,0,0,0,0,0,0,0,0,0,0,0,0,0,0,0,0,0,0,0,0,0,0,0,0,0,0,0,0,0,0,0,0,0,0,0,0,0,0,0,0,0
10126,0,0,0,0,0,0,0,0,0,0,0,0,0,0,0,0,0,0,0,0,0,0,0,0,0,0,0,0,0,0,0,0,0,0,0,0,0,0,0,0,0,0,0,0,0,0,0,0,0,0,0,0,0,0
10127,0,0,0,0,0,0,0,0,0,0,0,0,0,0,0,0,0,0,0,0,0,0,0,0,0,0,0,0,0,0,0,0,0,0,0,0,0,0,0,0,0,0,0,0,0,0,0,0,0,0,0,0,0,0
10128,0,0,0,0,0,0,0,0,0,0,0,0,0,0,0,0,0,0,0,0,0,0,0,0,0,0,0,0,0,0,0,0,0,0,0,0,0,0,0,0,0,0,0,0,0,0,0,0,0,0,0,0,0,0
10129,0,0,0,0,0,0,0,34.267130697619,34.267130697619,34.267130697619,34.267130697619,34.267130697619,34.267130697619,34.267130697619,34.267130697619,34.267130697619,34.267130697619,34.267130697619,34.267130697619,34.267130697619,34.267130697619,34.267130697619,34.267130697619,34.267130697619,34.267130697619,34.267130697619,34.267130697619,34.267130697619,34.267130697619,34.267130697619,34.267130697619,34.267130697619,34.267130697619,34.267130697619,34.267130697619,34.267130697619,34.267130697619,34.267130697619,34.267130697619,34.267130697619,34.267130697619,34.267130697619,34.267130697619,34.267130697619,34.267130697619,34.267130697619,34.267130697619,34.267130697619,34.267130697619,34.267130697619,34.267130697619,34.267130697619,34.267130697619,34.267130697619
10130,0,0,0,0,0,0,0,0,0,0,0,0,0,0,0,0,0,0,0,0,0,0,0,0,0,0,0,0,0,0,0,0,0,0,0,0,0,0,0,0,0,0,0,0,0,0,0,0,0,0,0,0,0,0
10131,0,0,0,0,0,0,0,0,0,0,0,0,0,0,0,0,0,0,0,0,0,0,0,0,0,0,0,0,0,0,0,0,0,23.9428273138702,23.9428273138702,23.9428273138702,23.9428273138702,23.9428273138702,23.9428273138702,23.9428273138702,23.9428273138702,23.9428273138702,23.9428273138702,23.9428273138702,23.9428273138702,23.9428273138702,23.9428273138702,23.9428273138702,23.9428273138702,23.9428273138702,23.9428273138702,23.9428273138702,23.9428273138702,23.9428273138702
10132,0,0,0,0,0,0,0,0,0,0,0,0,0,0,0,0,0,0,0,0,0,0,0,0,0,0,0,0,0,0,0,0,0,0,0,0,0,0,0,0,0,41.7059719733246,41.7059719733246,83.4119439466505,83.4119439466505,83.4119439466505,83.4119439466505,83.4119439466505,83.4119439466505,83.4119439466505,83.4119439466505,83.4119439466505,83.4119439466505,83.4119439466505
10133,0,0,0,0,0,0,0,0,0,0,0,0,0,0,0,0,0,0,0,0,0,0,0,0,0,0,0,0,0,0,0,0,0,0,0,0,0,0,0,0,0,0,0,0,0,0,0,0,0,0,0,0,0,0
10134,0,0,0,0,0,0,0,0,0,0,0,0,0,0,0,0,0,0,0,0,0,0,0,77.6091706161108,77.6091706161108,155.218341232225,155.218341232225,155.218341232225,155.218341232225,155.218341232225,155.218341232225,155.218341232225,155.218341232225,155.218341232225,155.218341232225,155.218341232225,155.218341232225,155.218341232225,155.218341232225,155.218341232225,155.218341232225,155.218341232225,155.218341232225,155.218341232225,155.218341232225,155.218341232225,155.218341232225,155.218341232225,155.218341232225,155.218341232225,155.218341232225,155.218341232225,155.218341232225,155.218341232225
10135,0,0,0,0,0,0,0,10.7161881399907,10.7161881399907,10.7161881399907,10.7161881399907,10.7161881399907,30.6346340324422,30.6346340324422,30.6346340324422,30.6346340324422,30.6346340324422,30.6346340324422,30.6346340324422,30.6346340324422,30.6346340324422,30.6346340324422,30.6346340324422,30.6346340324422,30.6346340324422,30.6346340324422,30.6346340324422,30.6346340324422,30.6346340324422,49.0114224797047,67.3882109269678,67.3882109269678,78.1043990669585,117.148464792994,117.148464792994,117.148464792994,117.148464792994,117.148464792994,117.148464792994,135.497526182597,135.497526182597,144.672056877399,144.672056877399,144.672056877399,144.672056877399,144.672056877399,144.672056877399,144.672056877399,144.672056877399,144.672056877399,144.672056877399,144.672056877399,144.672056877399,144.672056877399
10136,0,0,0,0,0,0,0,0,0,0,0,0,0,0,0,0,0,0,0,0,0,0,0,0,0,0,0,0,0,0,0,0,0,0,0,0,0,0,0,0,0,18.9439775123214,18.9439775123214,37.8879550246492,37.8879550246492,37.8879550246492,37.8879550246492,37.8879550246492,37.8879550246492,37.8879550246492,37.8879550246492,37.8879550246492,37.8879550246492,37.8879550246492
10137,0,0,0,0,0,0,0,0,0,0,0,0,0,0,0,0,0,0,0,0,0,0,0,0,0,0,0,0,0,0,0,0,0,0,0,0,0,0,0,0,0,0,0,0,0,0,0,0,0,0,0,0,0,0
10138,0,0,0,0,0,0,0,0,0,0,0,0,0,0,0,0,0,0,0,0,0,0,0,0,0,0,0,0,0,0,0,0,0,0,0,0,0,0,0,0,0,0,0,0,0,0,0,0,0,0,0,0,0,0
10139,0,0,0,0,0,0,0,0,0,0,0,0,0,0,0,0,0,0,0,0,0,0,0,0,0,0,0,0,0,0,0,0,0,0,0,0,0,0,0,0,0,0,0,0,0,0,0,0,0,0,0,0,0,0
10140,0,0,0,0,0,0,0,0,0,0,0,0,0,0,0,0,0,0,0,0,0,0,0,0,0,0,0,0,0,0,0,0,0,0,0,0,0,0,0,0,0,0,0,0,0,0,0,0,0,0,0,0,0,0
10141,0,0,0,0,0,0,0,0,0,0,0,0,0,0,0,0,0,0,0,0,0,0,0,0,0,0,0,0,0,0,0,0,0,0,0,0,0,0,0,0,0,0,0,0,0,0,0,0,0,0,0,0,0,0
10142,0,0,0,0,0,0,0,0,0,0,0,0,0,0,0,0,0,0,0,0,0,0,0,0,0,0,0,0,0,0,0,0,0,0,0,0,0,0,0,0,0,0,0,0,0,0,0,0,0,0,0,0,0,0
10143,0,0,0,0,0,0,0,0,0,0,0,0,0,0,0,0,0,0,0,0,0,0,0,0,0,0,0,0,0,0,0,0,0,0,0,0,0,0,0,0,0,0,0,0,0,0,0,0,0,0,0,0,0,0
10144,0,0,0,0,0,0,0,0,0,0,0,0,0,0,0,0,0,0,0,0,0,0,0,0,0,0,0,0,0,0,0,0,0,0,0,0,0,0,0,0,0,0,0,0,0,0,0,0,0,0,0,0,0,0
10145,0,0,0,0,0,0,0,0,0,0,0,0,0,0,0,0,0,0,0,0,0,0,0,0,0,0,0,0,0,0,0,0,0,0,0,0,0,0,0,0,0,0,0,0,0,0,0,0,0,0,0,0,0,0
10146,0,0,0,0,0,0,0,0,0,0,0,0,0,0,0,0,0,0,0,0,0,0,0,0,0,0,0,0,0,0,0,0,0,0,0,0,0,0,0,0,0,0,0,0,0,0,0,0,0,0,0,0,0,0
10147,0,0,0,0,0,0,0,0,0,0,0,0,0,0,0,0,0,0,0,0,0,0,0,0,0,0,0,0,0,0,0,0,0,0,0,0,0,0,0,0,0,0,0,0,0,0,0,0,0,0,0,0,0,0
10148,0,0,0,0,0,0,0,0,0,0,0,0,0,0,0,0,0,0,0,0,0,0,0,0,0,0,0,0,0,0,0,0,0,0,0,0,0,0,0,0,0,50.1596656493245,50.1596656493245,155.794827847225,155.794827847225,155.794827847225,155.794827847225,155.794827847225,155.794827847225,155.794827847225,155.794827847225,155.794827847225,155.794827847225,155.794827847225
10149,0,0,0,0,0,0,0,0,0,0,0,0,0,0,0,0,0,0,0,0,0,0,0,0,0,0,0,0,0,0,0,0,0,0,0,0,0,0,0,0,0,0,0,0,0,0,0,0,0,0,0,0,0,0
10150,0,0,0,0,0,0,0,0,0,0,0,0,0,0,0,0,0,0,0,0,0,0,0,0,0,0,0,0,0,0,0,0,0,0,0,0,0,0,0,0,0,0,0,0,0,0,0,0,0,0,0,0,0,0
10151,0,0,0,0,0,0,0,0,0,0,0,0,0,0,0,0,0,0,0,0,0,0,0,0,0,0,0,0,0,0,0,0,0,0,0,0,0,0,0,0,0,0,0,0,0,0,0,0,0,0,0,0,0,0
10152,0,0,0,0,0,0,0,0,0,0,0,0,0,0,0,0,0,0,0,0,0,0,0,34.5092753466659,34.5092753466659,34.5092753466659,34.5092753466659,34.5092753466659,34.5092753466659,34.5092753466659,34.5092753466659,34.5092753466659,34.5092753466659,34.5092753466659,58.0663017674339,58.0663017674339,104.438317602351,104.438317602351,104.438317602351,104.438317602351,104.438317602351,104.438317602351,104.438317602351,104.438317602351,104.438317602351,104.438317602351,104.438317602351,104.438317602351,104.438317602351,104.438317602351,104.438317602351,104.438317602351,104.438317602351,104.438317602351
10153,0,0,0,0,0,0,0,0,0,0,0,0,0,0,0,0,0,0,0,0,0,0,0,0,0,0,0,0,0,0,0,0,0,0,0,0,0,0,0,0,0,0,0,0,0,0,0,0,0,0,0,0,0,0
10154,0,0,0,0,0,0,0,0,0,0,0,0,0,0,0,0,0,0,0,0,0,0,0,0,0,0,0,0,0,0,0,0,0,0,0,0,0,0,0,0,0,0,0,0,0,0,0,0,0,0,0,0,0,0
10155,0,0,0,0,0,0,0,0,0,0,0,0,0,0,0,0,0,0,0,0,0,0,0,0,0,0,0,0,0,0,0,0,0,0,0,0,0,0,0,0,0,0,0,0,0,0,0,0,0,0,0,0,0,0
10156,0,0,0,0,0,0,0,5.88532661295806,5.88532661295806,5.88532661295806,5.88532661295806,5.88532661295806,17.6559798388741,17.6559798388741,17.6559798388741,17.6559798388741,17.6559798388741,17.6559798388741,17.6559798388741,17.6559798388741,17.6559798388741,17.6559798388741,17.6559798388741,17.6559798388741,17.6559798388741,17.6559798388741,17.6559798388741,17.6559798388741,17.6559798388741,29.4266330647901,41.1972862907058,41.1972862907058,47.0826129036639,64.738592742538,64.738592742538,64.738592742538,64.738592742538,64.738592742538,64.738592742538,76.5092459684529,76.5092459684529,82.3945725814112,82.3945725814112,82.3945725814112,82.3945725814112,82.3945725814112,82.3945725814112,82.3945725814112,82.3945725814112,82.3945725814112,82.3945725814112,82.3945725814112,82.3945725814112,82.3945725814112
10157,0,0,0,0,0,0,0,0,0,0,0,0,0,0,0,0,0,0,0,0,0,0,0,0,0,0,0,0,0,0,0,0,0,0,0,0,0,0,0,0,0,0,0,0,0,0,0,0,0,0,0,0,0,0
10158,0,0,0,0,0,0,0,0,0,0,0,0,0,0,0,0,0,0,0,0,0,0,0,0,0,0,0,0,0,0,0,0,0,0,0,0,0,0,0,0,0,0,0,0,0,0,0,0,0,0,0,0,0,0
10159,0,0,0,0,0,0,0,0,0,0,0,0,0,0,0,0,0,0,0,0,0,0,0,0,0,0,0,0,0,4.2879507116741,4.2879507116741,4.2879507116741,4.2879507116741,29.1117887860579,29.1117887860579,29.1117887860579,29.1117887860579,29.1117887860579,29.1117887860579,70.1835635114771,70.1835635114771,90.7194508741861,90.7194508741861,90.7194508741861,90.7194508741861,90.7194508741861,90.7194508741861,90.7194508741861,90.7194508741861,90.7194508741861,90.7194508741861,90.7194508741861,90.7194508741861,90.7194508741861
10160,0,0,0,0,0,0,0,0,0,0,0,0,0,0,0,0,0,0,0,0,0,0,0,0,0,0,0,0,0,0,0,0,0,0,0,0,0,0,0,0,0,7.33267727809095,7.33267727809095,21.9980318342729,21.9980318342729,21.9980318342729,21.9980318342729,21.9980318342729,21.9980318342729,21.9980318342729,21.9980318342729,21.9980318342729,21.9980318342729,21.9980318342729
10161,0,0,0,0,0,0,0,0,0,0,0,0,0,0,0,0,0,0,0,0,0,0,0,0,0,0,0,0,0,0,0,0,0,0,0,0,0,0,0,0,0,0,0,0,0,0,0,0,0,0,0,0,0,0
10162,0,0,0,0,0,0,0,0,0,0,0,0,0,0,0,0,0,0,0,0,0,0,0,0,0,0,0,0,0,0,0,0,0,0,0,0,0,0,0,0,0,0,0,0,0,0,0,0,0,0,0,0,0,0
10163,0,0,0,0,0,0,0,10.9012163052706,10.9012163052706,10.9012163052706,10.9012163052706,10.9012163052706,44.3484091407685,44.3484091407685,44.3484091407685,44.3484091407685,44.3484091407685,44.3484091407685,44.3484091407685,44.3484091407685,44.3484091407685,44.3484091407685,44.3484091407685,44.3484091407685,44.3484091407685,44.3484091407685,44.3484091407685,44.3484091407685,44.3484091407685,89.469367521672,134.590325902574,134.590325902574,145.491542207845,210.821096252897,210.821096252897,210.821096252897,210.821096252897,210.821096252897,210.821096252897,255.971059954251,255.971059954251,278.546041804927,278.546041804927,278.546041804927,278.546041804927,278.546041804927,278.546041804927,278.546041804927,278.546041804927,278.546041804927,278.546041804927,278.546041804927,278.546041804927,278.546041804927
10164,0,0,0,0,0,0,0,0,0,0,0,0,0,0,0,0,0,0,0,0,0,0,0,3.08707351414343,3.08707351414343,3.08707351414343,3.08707351414343,3.08707351414343,3.08707351414343,3.08707351414343,3.08707351414343,3.08707351414343,3.08707351414343,3.08707351414343,3.08707351414343,3.08707351414343,3.08707351414343,3.08707351414343,3.08707351414343,3.08707351414343,3.08707351414343,3.08707351414343,3.08707351414343,3.08707351414343,3.08707351414343,3.08707351414343,3.08707351414343,3.08707351414343,3.08707351414343,3.08707351414343,3.08707351414343,3.08707351414343,3.08707351414343,3.08707351414343
10165,0,0,0,0,0,0,0,0,0,0,0,0,0,0,0,0,0,0,0,0,0,0,0,0,0,0,0,0,0,0,0,0,0,0,21.2561736002462,21.2561736002462,21.2561736002462,21.2561736002462,21.2561736002462,21.2561736002462,21.2561736002462,21.2561736002462,21.2561736002462,21.2561736002462,21.2561736002462,21.2561736002462,21.2561736002462,21.2561736002462,21.2561736002462,21.2561736002462,21.2561736002462,21.2561736002462,21.2561736002462,21.2561736002462
10166,0,0,0,0,0,0,0,0,0,0,0,0,0,0,0,0,0,0,0,0,0,0,0,0,0,0,0,0,0,0,25.7612849267655,25.7612849267655,25.7612849267655,25.7612849267655,25.7612849267655,25.7612849267655,25.7612849267655,25.7612849267655,25.7612849267655,25.7612849267655,25.7612849267655,25.7612849267655,25.7612849267655,25.7612849267655,25.7612849267655,25.7612849267655,25.7612849267655,25.7612849267655,25.7612849267655,25.7612849267655,25.7612849267655,25.7612849267655,25.7612849267655,25.7612849267655
10167,0,0,0,0,0,0,0,0,0,0,0,0,0,0,0,0,0,0,0,0,0,0,0,0,0,0,0,0,0,0,0,0,0,0,0,0,0,0,0,0,0,0,0,0,0,0,0,0,0,0,0,0,0,0
10168,0,0,0,0,0,0,0,0,0,0,0,0,0,0,0,0,0,0,0,0,0,0,0,0,0,0,0,0,0,0,0,0,0,0,0,0,0,0,0,0,0,0,0,0,0,0,0,0,0,0,0,0,0,0
10169,0,0,0,0,0,0,0,0,0,0,0,0,0,0,0,0,0,0,0,0,0,0,0,0,0,0,0,0,0,0,0,0,0,0,0,0,0,0,0,0,0,0,0,0,0,0,0,0,0,0,0,0,0,0
10170,0,0,0,0,0,0,0,0,0,0,0,0,0,0,0,0,0,0,0,0,0,0,0,0,0,0,0,0,0,0,0,0,0,0,0,0,0,0,0,0,0,0,0,0,0,0,0,0,0,0,0,0,0,0
10171,0,0,0,0,0,0,0,0,0,0,0,0,0,0,0,0,0,0,0,0,0,0,0,0,0,0,0,0,0,0,0,0,0,0,0,0,0,0,0,0,0,0,0,0,0,0,0,0,0,0,0,0,0,0
10172,0,0,0,0,0,0,0,0,0,0,0,0,0,0,0,0,0,0,0,0,0,0,0,0,0,0,0,0,0,0,0,0,0,0,0,0,10.1284972304681,10.1284972304681,10.1284972304681,10.1284972304681,10.1284972304681,10.1284972304681,10.1284972304681,10.1284972304681,10.1284972304681,10.1284972304681,10.1284972304681,10.1284972304681,10.1284972304681,10.1284972304681,10.1284972304681,10.1284972304681,10.1284972304681,10.1284972304681
10173,0,0,0,0,0,0,0,0,0,0,0,0,0,0,0,0,0,0,0,0,0,0,0,0,0,0,0,0,0,0,0,0,0,0,0,0,0,0,0,0,0,0,0,0,0,0,0,0,0,0,0,0,0,0
10174,0,0,0,0,0,0,0,0,0,0,0,0,0,0,0,0,0,0,0,0,0,0,0,0,0,0,0,0,0,0,0,0,0,0,0,0,0,0,0,0,0,0,0,0,0,0,0,0,0,0,0,0,0,0
10175,0,0,0,0,0,0,0,0,0,0,0,0,0,0,0,0,0,0,0,0,0,0,0,0,0,0,0,0,0,0,0,0,0,0,0,0,0,0,0,0,0,0,0,0,0,0,0,0,0,0,0,0,0,0
10176,0,0,0,0,0,0,0,0,0,0,0,0,0,0,0,0,0,0,0,0,0,0,0,0,0,0,0,0,0,0,0,0,0,0,0,0,0,0,0,0,0,0,0,0,0,0,0,0,0,0,0,0,0,0
10177,0,0,0,0,0,0,0,0,0,0,0,0,0,0,0,0,0,0,0,0,0,0,0,0,0,0,0,0,0,0,0,0,0,0,0,0,0,0,0,0,0,0,0,0,0,0,0,0,0,0,0,0,0,0
10178,0,0,0,0,0,0,0,0,0,0,0,0,0,0,0,0,0,0,0,0,0,0,0,0,0,0,0,0,0,0,0,0,0,0,0,0,0,0,0,0,0,0,0,0,0,0,0,0,0,0,0,0,0,0
10179,0,0,0,0,0,0,0,0,0,0,0,0,0,0,0,0,0,0,0,0,0,0,0,0,0,0,0,0,0,0,0,0,0,0,0,0,0,0,0,0,0,0,0,0,0,0,0,0,0,0,0,0,0,0
10180,0,0,0,0,0,0,0,0,0,0,0,0,0,0,0,0,0,0,0,0,0,0,0,0,0,0,0,0,0,0,0,0,0,0,0,0,0,0,0,0,0,0,0,0,0,0,0,0,0,0,0,0,0,0
10181,0,0,0,0,0,0,0,0,0,0,0,0,0,0,0,0,0,0,0,0,0,0,0,0,0,0,0,0,0,0,0,0,0,0,0,0,0,0,0,0,0,0,0,0,0,0,0,0,0,0,0,0,0,0
10182,0,0,0,0,0,0,0,0,0,0,0,0,0,0,0,0,0,0,0,0,0,0,0,18.3500821416699,18.3500821416699,36.7001642833408,36.7001642833408,36.7001642833408,36.7001642833408,36.7001642833408,36.7001642833408,36.7001642833408,36.7001642833408,36.7001642833408,36.7001642833408,36.7001642833408,36.7001642833408,36.7001642833408,36.7001642833408,36.7001642833408,36.7001642833408,36.7001642833408,36.7001642833408,36.7001642833408,36.7001642833408,36.7001642833408,36.7001642833408,36.7001642833408,36.7001642833408,36.7001642833408,36.7001642833408,36.7001642833408,36.7001642833408,36.7001642833408
10183,0,0,0,0,0,0,0,0,0,0,0,0,0,0,0,0,0,0,0,0,0,0,0,0,0,0,0,0,0,0,0,0,0,0,0,0,0,0,0,0,0,0,0,0,0,0,0,0,0,0,0,0,0,0
10184,0,0,0,0,0,0,0,0,0,0,0,0,0,0,0,0,0,0,0,0,0,0,0,0,0,0,0,0,0,0,0,0,0,0,0,0,0,0,0,0,0,0,0,0,0,0,0,0,0,0,0,0,0,0
10185,0,0,0,0,0,0,0,0,0,0,0,0,0,0,0,0,0,0,0,0,0,0,0,0,0,0,0,0,0,0,0,0,0,0,0,0,0,0,0,0,0,0,0,0,0,0,0,0,0,0,0,0,0,0
10186,0,0,0,0,0,0,0,10.2162294857674,10.2162294857674,10.2162294857674,10.2162294857674,10.2162294857674,30.6486884573014,30.6486884573014,30.6486884573014,30.6486884573014,30.6486884573014,30.6486884573014,30.6486884573014,30.6486884573014,30.6486884573014,30.6486884573014,30.6486884573014,30.6486884573014,30.6486884573014,30.6486884573014,30.6486884573014,30.6486884573014,30.6486884573014,51.0811474288355,71.5136064003711,71.5136064003711,81.7298358861385,112.37853156404,112.37853156404,112.37853156404,112.37853156404,112.37853156404,112.37853156404,132.810990535576,132.810990535576,143.027220021343,143.027220021343,143.027220021343,143.027220021343,143.027220021343,143.027220021343,143.027220021343,143.027220021343,143.027220021343,143.027220021343,143.027220021343,143.027220021343,143.027220021343
10187,0,0,0,0,0,0,0,0,0,0,0,0,0,0,0,0,0,0,0,0,0,0,0,0,0,0,0,0,0,0,0,0,0,70.791862214257,70.791862214257,70.791862214257,70.791862214257,70.791862214257,70.791862214257,70.791862214257,70.791862214257,70.791862214257,70.791862214257,70.791862214257,70.791862214257,70.791862214257,70.791862214257,70.791862214257,70.791862214257,70.791862214257,70.791862214257,70.791862214257,70.791862214257,70.791862214257
10188,0,0,0,0,0,0,0,0,0,0,0,29.8520003560401,29.8520003560401,29.8520003560401,89.5036849399896,89.5036849399896,89.5036849399896,89.5036849399896,89.5036849399896,89.5036849399896,89.5036849399896,89.5036849399896,89.5036849399896,89.5036849399896,89.5036849399896,89.5036849399896,179.059697492762,179.059697492762,179.059697492762,179.059697492762,179.059697492762,179.059697492762,179.059697492762,179.059697492762,179.059697492762,179.059697492762,179.059697492762,179.059697492762,179.059697492762,179.059697492762,179.059697492762,179.059697492762,179.059697492762,179.059697492762,179.059697492762,179.059697492762,179.059697492762,179.059697492762,179.059697492762,179.059697492762,179.059697492762,179.059697492762,179.059697492762,179.059697492762
10189,0,0,0,0,0,0,0,0,0,0,0,0,0,0,0,0,0,0,0,0,0,0,0,0,0,0,0,0,0,0,0,0,0,0,0,0,0,0,0,0,0,0,0,0,0,0,0,0,0,0,0,0,0,0
10190,0,0,0,0,0,0,0,0,0,0,0,0,0,0,0,0,0,0,0,0,0,0,0,0,0,0,0,0,0,0,0,0,0,0,0,0,0,0,0,32.3847774198146,32.3847774198146,64.7695548396293,64.7695548396293,64.7695548396293,64.7695548396293,64.7695548396293,64.7695548396293,64.7695548396293,64.7695548396293,64.7695548396293,64.7695548396293,64.7695548396293,64.7695548396293,64.7695548396293
10191,0,0,0,0,0,0,0,0,0,0,0,0,0,0,0,0,0,0,0,0,0,0,0,0,0,0,0,0,0,0,0,0,0,0,0,0,0,0,0,0,0,0,0,0,0,0,0,0,0,0,0,0,0,0
10192,0,0,0,0,0,0,0,0,0,0,0,0,0,0,0,0,0,0,0,0,0,0,0,0,0,0,0,0,0,0,0,0,0,0,0,0,0,0,0,0,0,0,0,2.837541209184,2.837541209184,2.837541209184,2.837541209184,2.837541209184,2.837541209184,2.837541209184,2.837541209184,2.837541209184,2.837541209184,2.837541209184
10193,0,0,0,0,0,0,0,0,0,0,0,0,0,0,0,0,0,0,0,0,0,0,0,0,0,0,0,0,0,0,0,0,0,0,0,0,0,0,0,0,0,0,0,0,0,0,0,0,0,0,0,0,0,0
10194,0,0,0,0,0,0,0,0,0,0,0,0,0,0,28.3414469204711,28.3414469204711,28.3414469204711,28.3414469204711,28.3414469204711,28.3414469204711,28.3414469204711,28.3414469204711,28.3414469204711,28.3414469204711,28.3414469204711,28.3414469204711,28.3414469204711,28.3414469204711,28.3414469204711,28.3414469204711,28.3414469204711,28.3414469204711,28.3414469204711,28.3414469204711,28.3414469204711,28.3414469204711,28.3414469204711,28.3414469204711,28.3414469204711,28.3414469204711,28.3414469204711,28.3414469204711,28.3414469204711,28.3414469204711,28.3414469204711,28.3414469204711,28.3414469204711,28.3414469204711,28.3414469204711,28.3414469204711,28.3414469204711,28.3414469204711,28.3414469204711,28.3414469204711
10195,0,0,0,0,0,0,0,0,0,0,0,0,0,0,0,0,0,0,0,0,0,0,0,0,0,0,0,0,0,0,0,0,0,0,0,0,0,0,0.771930688031377,0.771930688031377,0.771930688031377,0.771930688031377,0.771930688031377,0.771930688031377,0.771930688031377,0.771930688031377,0.771930688031377,0.771930688031377,0.771930688031377,0.771930688031377,0.771930688031377,0.771930688031377,0.771930688031377,0.771930688031377
10196,0,0,0,0,0,0,0,0,0,0,0,0,0,0,0,0,0,0,0,0,0,0,0,0,0,0,0,0,0,0,0,0,0,0,0,0,0,0,0,0,0,0,0,0,0,0,0,0,0,0,0,0,0,0
10197,0,0,0,0,0,0,0,0,0,0,0,0,0,0,0,0,0,0,0,0,0,0,0,0,0,0,0,0,0,0,0,0,0,8.59315199350692,8.59315199350692,8.59315199350692,8.59315199350692,8.59315199350692,8.59315199350692,8.59315199350692,8.59315199350692,8.59315199350692,8.59315199350692,8.59315199350692,8.59315199350692,8.59315199350692,8.59315199350692,8.59315199350692,8.59315199350692,8.59315199350692,8.59315199350692,8.59315199350692,8.59315199350692,8.59315199350692
10198,0,0,0,0,0,0,0,0,0,0,0,0,0,0,0,0,0,0,0,0,0,0,0,0,0,0,0,0,0,0,0,0,0,0,0,0,0,0,0,0,0,0,0,0,0,0,0,0,0,0,0,0,0,0
10199,0,0,0,0,0,0,0,0,0,0,0,0,0,0,0,0,0,0,0,0,0,0,0,0,0,0,0,0,0,0,0,0,0,0,0,0,0,0,0,0,0,0,0,0,0,0,0,0,0,0,0,0,0,0
10200,0,0,0,0,0,0,0,0,0,0,0,0,0,0,0,0,0,0,0,0,0,0,0,0,0,0,0,0,0,0,0,0,0,0,0,0,0,0,0,0,0,0,0,0,0,0,0,0,0,0,0,0,0,0
10201,0,0,0,0,0,0,0,0,0,0,0,0,0,0,11.6908087631825,11.6908087631825,11.6908087631825,11.6908087631825,11.6908087631825,11.6908087631825,11.6908087631825,11.6908087631825,11.6908087631825,11.6908087631825,11.6908087631825,11.6908087631825,11.6908087631825,11.6908087631825,11.6908087631825,11.6908087631825,11.6908087631825,11.6908087631825,11.6908087631825,11.6908087631825,11.6908087631825,11.6908087631825,11.6908087631825,11.6908087631825,11.6908087631825,11.6908087631825,11.6908087631825,11.6908087631825,11.6908087631825,11.6908087631825,11.6908087631825,11.6908087631825,11.6908087631825,11.6908087631825,11.6908087631825,21.6731826258232,21.6731826258232,21.6731826258232,21.6731826258232,21.6731826258232
10202,0,0,0,0,0,0,0,0,0,0,0,0,0,0,0,0,0,0,0,0,0,0,0,0,0,0,0,0,0,0,0,0,0,0,0,0,0,0,0,0,0,0,0,0,0,0,0,0,0,0,0,0,0,0
10203,0,0,0,0,0,0,0,0,0,0,0,0,0,0,0,0,0,0,0,0,0,0,0,0,0,0,0,0,0,0,0,0,0,0,0,0,0,0,0,0,0,0,0,0,0,0,0,0,0,0,0,0,0,0
10204,0,0,0,0,0,0,0,0,0,0,0,0,0,0,0,0,0,0,0,0,0,0,0,0,0,0,0,0,0,0,0,0,0,0,0,0,0,0,0,0,0,0,0,0,0,0,0,0,0,0,0,0,0,0
10205,0,0,0,0,0,0,0,0,0,0,0,0,0,0,0,0,0,0,0,0,0,0,0,0,0,0,0,0,0,0,0,0,0,0,0,0,0,0,0,0,0,0,0,0,0,0,0,0,0,0,0,0,0,0
10206,0,0,0,0,0,0,0,0,0,0,0,0,0,0,0,0,0,0,0,0,0,0,0,0,0,0,0,0,0,0,0,0,0,0,0,0,0,0,0,0,0,0,0,0,0,0,0,0,0,0,0,0,0,0
10207,0,0,0,0,0,0,0,0,0,0,0,0,0,0,0,0,0,0,0,0,0,0,0,0,0,0,0,0,0,0,0,0,0,0,0,0,0,0,0,0,0,0,0,0,0,0,0,0,0,0,0,0,0,0
10208,0,0,0,0,0,0,0,0,0,0,0,0,0,0,0,0,0,0,0,0,0,0,0,0,0,0,0,0,0,0,0,0,0,3.85656436425316,3.85656436425316,3.85656436425316,3.85656436425316,3.85656436425316,3.85656436425316,7.57335616073155,7.57335616073155,9.43175205897085,9.43175205897085,9.43175205897085,9.43175205897085,9.43175205897085,9.43175205897085,9.43175205897085,9.43175205897085,9.43175205897085,9.43175205897085,9.43175205897085,9.43175205897085,9.43175205897085
10209,0,0,0,0,0,0,0,0,0,0,0,0,0,0,0,0,0,0,0,0,0,0,0,133.739232474056,133.739232474056,267.478427678509,267.478427678509,267.478427678509,267.478427678509,267.478427678509,267.478427678509,267.478427678509,267.478427678509,267.478427678509,267.478427678509,267.478427678509,267.478427678509,267.478427678509,267.478427678509,267.478427678509,267.478427678509,267.478427678509,267.478427678509,267.478427678509,267.478427678509,267.478427678509,267.478427678509,267.478427678509,267.478427678509,267.478427678509,267.478427678509,267.478427678509,267.478427678509,267.478427678509
10210,0,0,0,0,0,0,0,0,0,0,0,0,0,0,0,0,0,0,0,0,0,0,0,0,0,0,0,0,0,0,0,0,0,0,0,0,0,0,0,0,0,0,0,0,0,0,0,0,0,0,0,0,0,0
10211,0,0,0,0,0,0,0,0,0,0,0,0,0,0,0,0,0,0,0,0,0,0,0,0,0,0,0,0,0,0,0,0,0,0,0,0,0,0,0,0,0,0,0,0,0,0,0,0,0,0,0,0,0,0
10212,0,0,0,0,0,0,0,0,0,0,0,0,0,0,0,0,0,0,0,0,0,0,0,0,0,0,0,0,0,0,0,0,0,0,0,0,0,0,0,0,0,0,0,0,0,0,0,0,0,0,0,0,0,0
10213,0,0,0,0,0,0,0,0,0,0,0,0,0,0,0,0,0,0,0,0,0,0,0,0,0,0,0,0,0,0,0,0,0,0,0,0,0,0,0,0,0,0,0,0,0,0,0,0,0,0,0,0,0,0
10214,0,0,0,0,0,0,0,0,0,0,0,0,0,0,0,0,0,0,0,0,0,0,0,0,0,0,0,0,0,0,0,0,0,0,0,0,0,0,0,0,0,0,0,0,0,0,0,0,0,0,0,0,0,0
10215,0,0,0,0,0,0,0,0,0,0,0,0,0,0,0,0,0,0,0,0,0,0,0,0,0,0,0,0,0,0,0,0,0,0,0,0,0,0,0,0,0,0,0,0,0,0,0,0,0,0,0,0,0,0
10216,0,0,0,0,0,0,0,0,0,0,0,0,0,0,0,0,0,0,0,0,0,0,0,0,0,0,0,0,0,0,0,0,0,0,0,0,0,0,0,0,0,0,0,0,0,0,0,0,0,0,0,0,0,0
10217,0,0,0,0,0,0,0,0,0,0,0,0,0,0,0,0,0,0,0,0,0,0,0,0,0,0,0,0,0,0,0,0,0,0,0,0,0,0,0,0,0,0,0,0,0,0,0,0,0,0,0,0,0,0
10218,0,42.3918187153339,42.3918187153339,84.7836374306679,84.7836374306679,84.7836374306679,84.7836374306679,84.7836374306679,84.7836374306679,84.7836374306679,84.7836374306679,130.829956677683,130.829956677683,130.829956677683,222.922595171709,222.922595171709,222.922595171709,222.922595171709,222.922595171709,222.922595171709,222.922595171709,222.922595171709,222.922595171709,235.842081640145,235.842081640145,248.761568108582,248.761568108582,248.761568108582,248.761568108582,248.761568108582,248.761568108582,248.761568108582,248.761568108582,248.761568108582,248.761568108582,248.761568108582,248.761568108582,248.761568108582,248.761568108582,248.761568108582,248.761568108582,248.761568108582,248.761568108582,248.761568108582,248.761568108582,248.761568108582,248.761568108582,248.761568108582,248.761568108582,248.761568108582,248.761568108582,248.761568108582,248.761568108582,248.761568108582
10219,0,0,0,0,0,0,0,0,0,0,0,0,0,0,0,0,0,0,0,0,0,0,0,0,0,0,0,0,0,0,0,0,0,0,0,0,0,0,0,0,0,0,0,0,0,0,0,0,0,0,0,0,0,0
10220,0,0,0,0,0,0,0,0,0,0,0,0,0,0,0,0,0,0,0,0,0,0,0,0,0,0,0,0,0,0,0,0,0,0,0,0,0,0,0,0,0,0,0,0,0,0,0,0,0,0,0,0,0,0
10221,0,0,0,0,0,0,0,0,0,0,0,0,0,0,0,0,0,0,0,0,0,0,0,0,0,0,0,0,0,0,0,0,0,0,0,0,0,0,0,0,0,0,0,0,0,0,0,0,0,0,0,0,0,0
10222,0,0,0,0,0,0,0,0,0,0,0,0,0,0,0,0,0,0,0,0,0,0,0,0,0,0,0,0,0,0,0,0,0,0,0,0,0,0,0,0,0,0,0,0,0,0,0,0,0,0,0,0,0,0
10223,0,0,0,0,0,0,0,0,0,0,0,0,0,0,0,0,0,0,0,0,0,0,0,0,0,0,0,0,0,0,0,0,0,0,0,0,0,0,0,0,0,0,0,0,0,0,0,0,0,0,0,0,0,0
10224,0,0,0,0,0,0,0,0,0,0,0,0,0,0,0,0,0,0,0,0,0,0,0,0,0,0,0,0,0,0,0,0,0,0,0,0,0,0,0,0,0,0,0,0,0,0,0,0,0,0,0,0,0,0
10225,0,0,0,0,0,0,0,0,0,0,0,0,0,0,0,0,0,0,0,0,0,0,0,0,0,0,0,0,0,0,0,0,0,0,0,0,0,0,30.4727367318894,30.4727367318894,30.4727367318894,30.4727367318894,30.4727367318894,30.4727367318894,30.4727367318894,30.4727367318894,30.4727367318894,30.4727367318894,30.4727367318894,30.4727367318894,30.4727367318894,30.4727367318894,30.4727367318894,30.4727367318894
10226,0,0,0,0,0,0,0,0,0,0,0,0,0,0,0,0,0,0,0,0,0,0,0,0,0,0,0,0,0,0,0,0,0,0,0,0,0,0,0,0,0,0,0,0,0,0,0,0,0,0,0,0,0,0
10227,0,0,0,0,0,0,0,0,0,0,0,0,4.50421390536288,4.50421390536288,4.50421390536288,4.50421390536288,4.50421390536288,4.50421390536288,4.50421390536288,4.50421390536288,4.50421390536288,4.50421390536288,4.50421390536288,4.50421390536288,4.50421390536288,4.50421390536288,4.50421390536288,4.50421390536288,4.50421390536288,45.5445744119259,83.2096295159926,83.2096295159926,83.2096295159926,159.502220527408,159.502220527408,159.502220527408,159.502220527408,159.502220527408,159.502220527408,238.483477978646,238.483477978646,277.974106704263,277.974106704263,277.974106704263,277.974106704263,277.974106704263,277.974106704263,277.974106704263,277.974106704263,277.974106704263,277.974106704263,277.974106704263,277.974106704263,277.974106704263
10228,0,0,0,0,0,0,0,0,0,0,0,0,0,0,0,0,0,0,0,0,0,0,0,0,0,0,0,0,0,0,0,0,0,0,0,0,0,0,0,0,0,0,0,0,0,0,0,0,0,0,0,0,0,0
10229,0,0,0,0,0,0,0,0,0,0,0,0,0,0,0,0,0,0,0,0,0,0,0,0,49.7283527765591,49.7283527765591,49.7283527765591,49.7283527765591,49.7283527765591,49.7283527765591,49.7283527765591,49.7283527765591,49.7283527765591,49.7283527765591,49.7283527765591,49.7283527765591,49.7283527765591,49.7283527765591,49.7283527765591,49.7283527765591,49.7283527765591,49.7283527765591,49.7283527765591,49.7283527765591,49.7283527765591,49.7283527765591,49.7283527765591,49.7283527765591,49.7283527765591,49.7283527765591,49.7283527765591,49.7283527765591,49.7283527765591,49.7283527765591
10230,0,0,0,0,0,0,0,0,0,0,0,0,0,0,0,0,0,0,0,0,0,0,0,0,0,0,0,0,0,0,0,0,0,0,0,0,0,0,0,0,0,16.4274617973316,16.4274617973316,37.2274541427295,37.2274541427295,37.2274541427295,37.2274541427295,37.2274541427295,37.2274541427295,37.2274541427295,37.2274541427295,37.2274541427295,37.2274541427295,37.2274541427295
10231,0,0,0,0,0,0,0,0,0,0,0,0,0,0,0,0,0,0,0,0,0,0,0,0,0,0,0,0,0,0,0,0,0,0,0,0,0,0,0,0,0,0,0,0,0,0,0,0,0,0,0,0,0,0
10232,0,0,0,0,0,0,0,0,0,0,0,0,0,0,0,0,0,0,0,0,0,0,0,0,0,0,0,0,0,0,0,0,0,0,0,0,0,0,0,0,0,29.7724685755231,29.7724685755231,89.3174057265584,89.3174057265584,89.3174057265584,89.3174057265584,89.3174057265584,89.3174057265584,89.3174057265584,89.3174057265584,89.3174057265584,89.3174057265584,89.3174057265584
10233,0,0,0,0,0,0,0,0,0,0,0,0,0,0,0,0,0,0,0,0,0,0,0,0,0,0,0,0,0,0,0,0,0,0,0,0,0,0,0,0,0,0,0,0,0,0,0,0,0,0,0,0,0,0
10234,0,0,0,0,0,0,0,0,0,0,0,0,0,0,0,0,0,0,0,0,0,0,0,0,0,0,0,0,0,0,0,0,0,0,0,0,0,0,0,0,0,0,0,0,0,0,0,0,0,0,0,0,0,0
10235,0,0,0,0,0,0,0,0,0,0,0,0,0,0,0,0,0,0,0,0,0,0,0,0,0,0,0,0,0,0,0,0,0,0,0,0,0,0,0,0,0,0,0,0,0,0,0,0,0,0,0,0,0,0
10236,0,0,0,0,0,0,0,0,0,0,0,0,0,0,0,0,0,0,0,0,0,0,0,0,0,0,0,0,0,0,0,0,0,0,0,0,0,0,0,0,0,38.253888612057,38.253888612057,114.761665836165,114.761665836165,114.761665836165,114.761665836165,114.761665836165,114.761665836165,114.761665836165,114.761665836165,114.761665836165,114.761665836165,114.761665836165
10237,0,0,0,0,0,0,0,0,0,0,0,0,0,0,0,0,0,0,0,0,0,0,0,0,0,0,0,0,0,0,0,0,0,0,0,0,0,0,0,0,0,0,0,0,0,0,0,0,0,0,0,0,0,0
10238,0,0,0,0,0,0,0,0,0,0,0,0,0,0,0,0,0,0,0,0,0,0,0,0,0,0,0,0,0,0,0,0,0,0,0,0,0,0,0,0,0,0,0,0,0,0,0,0,0,0,0,0,0,0
10239,0,0,0,0,0,0,0,0,0,0,0,0,0,0,0,0,0,0,0,0,0,0,0,0,0,0,0,0,0,0,0,0,0,0,0,0,0,0,0,0,0,0,0,0,0,0,0,0,0,0,0,0,0,0
10240,0,0,0,0,0,0,0,0,0,0,0,0,0,0,0,0,0,0,0,0,0,0,0,0,0,0,0,0,0,0,0,0,0,0,0,0,0,0,0,0,0,0,0,0,0,0,0,0,0,0,0,0,0,0
10241,0,0,0,0,0,0,0,82.7771636610392,82.7771636610392,82.7771636610392,82.7771636610392,82.7771636610392,82.7771636610392,82.7771636610392,82.7771636610392,82.7771636610392,82.7771636610392,82.7771636610392,82.7771636610392,82.7771636610392,82.7771636610392,82.7771636610392,82.7771636610392,82.7771636610392,82.7771636610392,82.7771636610392,82.7771636610392,82.7771636610392,82.7771636610392,82.7771636610392,82.7771636610392,82.7771636610392,82.7771636610392,82.7771636610392,82.7771636610392,82.7771636610392,82.7771636610392,82.7771636610392,82.7771636610392,82.7771636610392,82.7771636610392,82.7771636610392,82.7771636610392,82.7771636610392,82.7771636610392,82.7771636610392,82.7771636610392,82.7771636610392,82.7771636610392,82.7771636610392,82.7771636610392,82.7771636610392,82.7771636610392,82.7771636610392
10242,0,0,0,0,0,0,0,0,0,0,0,0,0,0,0,0,0,0,0,0,0,0,0,0,0,0,0,0,0,0,0,0,0,0,0,0,0,0,0,0,0,0,0,0,0,0,0,0,0,0,0,0,0,0
10243,0,0,0,0,0,0,0,24.485738686686,24.485738686686,24.485738686686,24.485738686686,24.485738686686,24.485738686686,24.485738686686,24.485738686686,24.485738686686,24.485738686686,24.485738686686,24.485738686686,24.485738686686,24.485738686686,24.485738686686,24.485738686686,24.485738686686,24.485738686686,24.485738686686,24.485738686686,24.485738686686,24.485738686686,24.485738686686,24.485738686686,24.485738686686,24.485738686686,24.485738686686,24.485738686686,24.485738686686,24.485738686686,24.485738686686,85.710281099986,85.710281099986,85.710281099986,85.710281099986,85.710281099986,85.710281099986,85.710281099986,85.710281099986,85.710281099986,85.710281099986,85.710281099986,85.710281099986,85.710281099986,85.710281099986,85.710281099986,85.710281099986
10244,0,0,0,0,0,0,0,0,0,0,0,0,0,0,0,0,0,0,0,0,0,0,0,0,0,0,0,0,0,0,0,0,0,0,0,0,0,0,0,0,0,0,0,0,0,0,0,0,0,0,0,0,0,0
10245,0,0,0,0,0,0,0,0,0,0,0,26.0247331199401,26.0247331199401,26.0247331199401,78.0741993598212,78.0741993598212,78.0741993598212,78.0741993598212,78.0741993598212,78.0741993598212,78.0741993598212,78.0741993598212,78.0741993598212,78.0741993598212,78.0741993598212,78.0741993598212,156.148399306804,156.148399306804,156.148399306804,156.148399306804,156.148399306804,156.148399306804,156.148399306804,156.148399306804,156.148399306804,156.148399306804,156.148399306804,156.148399306804,156.148399306804,156.148399306804,156.148399306804,156.148399306804,156.148399306804,156.148399306804,156.148399306804,156.148399306804,156.148399306804,156.148399306804,156.148399306804,156.148399306804,156.148399306804,156.148399306804,156.148399306804,156.148399306804
10246,0,0,0,0,0,0,0,0,0,0,0,0,0,0,0,0,0,0,0,0,0,0,0,0,0,0,0,0,0,0,0,0,0,0,0,0,0,0,0,0,0,0,0,0,0,0,0,0,0,0,0,0,0,0
10247,0,0,0,0,0,0,0,0,0,0,0,0,0,0,0,0,0,0,0,0,0,0,0,0,0,0,0,0,0,0,0,0,0,0,0,0,0,0,0,0,0,0,0,0,0,0,0,0,0,0,0,0,0,0
10248,0,0,0,0,0,0,0,0,0,0,0,0,0,0,0,0,0,0,0,0,0,0,0,78.2201677030003,78.2201677030003,156.440335406002,156.440335406002,156.440335406002,156.440335406002,156.440335406002,156.440335406002,156.440335406002,156.440335406002,156.440335406002,156.440335406002,156.440335406002,156.440335406002,156.440335406002,156.440335406002,156.440335406002,156.440335406002,156.440335406002,156.440335406002,156.440335406002,156.440335406002,156.440335406002,156.440335406002,156.440335406002,156.440335406002,156.440335406002,156.440335406002,156.440335406002,156.440335406002,156.440335406002
10249,0,0,0,0,0,0,0,0,0,0,0,0,0,0,0,0,0,0,0,0,0,0,0,0,0,0,0,0,0,0,0,0,0,0,0,0,0,0,0,0,0,0,0,0,0,0,0,0,0,0,0,0,0,0
10250,0,0,0,0,0,0,0,0,0,0,0,0,0,0,0,0,0,0,0,0,0,0,0,0,0,0,0,0,0,0,0,0,0,0,0,0,0,0,0,0,0,0,0,0,0,0,0,0,0,0,0,0,0,0
10251,0,0,0,0,0,0,0,0,0,0,0,0,0,0,0,0,0,0,0,0,0,0,0,0,0,0,0,0,0,0,0,0,0,0,0,0,0,0,0,0,0,27.9739327329187,27.9739327329187,83.9217981987567,83.9217981987567,83.9217981987567,83.9217981987567,83.9217981987567,83.9217981987567,83.9217981987567,83.9217981987567,83.9217981987567,83.9217981987567,83.9217981987567
10252,0,0,0,0,0,0,0,0,0,0,0,0,0,0,0,0,0,0,0,0,0,0,0,0,0,0,0,0,0,0,0,0,0,0,0,0,0,0,0,0,0,0,0,0,0,0,0,0,0,0,0,0,0,0
10253,0,0,0,0,0,0,0,0,0,0,0,0,0,0,0,0,0,0,0,0,0,0,0,0,0,0,0,0,0,0,0,0,0,0,0,0,0,0,0,0,0,11.497554986399,11.497554986399,52.01241463737,52.01241463737,52.01241463737,52.01241463737,52.01241463737,52.01241463737,52.01241463737,52.01241463737,52.01241463737,52.01241463737,52.01241463737
10254,0,0,0,0,0,0,0,0,0,0,0,0,0,0,0,0,0,0,0,0,0,0,0,0,0,0,0,0,0,0,0,0,0,0,0,0,0,0,0,0,0,0,0,0,0,0,0,0,0,0,0,0,0,0
10255,0,0,0,0,0,0,0,0,0,0,0,0,0,0,0,0,0,0,0,0,0,0,0,0,0,0,0,0,0,0,0,0,0,0,0,0,0,0,0,0,0,0,0,0,0,0,0,0,0,0,0,0,0,0
10256,0,0,0,0,0,0,0,0,0,0,0,0,0,0,0,0,0,0,0,0,0,0,0,0,0,0,0,0,0,0,0,0,0,0,0,0,0,0,0,0,0,31.2780564730237,31.2780564730237,93.834169419074,93.834169419074,93.834169419074,93.834169419074,93.834169419074,93.834169419074,93.834169419074,93.834169419074,93.834169419074,93.834169419074,93.834169419074
10257,0,0,0,0,0,0,0,0,0,0,0,0,0,0,0,0,0,0,0,0,0,0,0,0,0,0,0,0,0,0,0,0,0,0,0,0,0,0,0,0,0,0,0,0,0,0,0,0,0,0,0,0,0,0
10258,0,0,0,0,0,0,0,39.2367007985308,39.2367007985308,39.2367007985308,39.2367007985308,39.2367007985308,39.2367007985308,39.2367007985308,39.2367007985308,39.2367007985308,39.2367007985308,39.2367007985308,39.2367007985308,39.2367007985308,39.2367007985308,39.2367007985308,39.2367007985308,39.2367007985308,39.2367007985308,39.2367007985308,39.2367007985308,39.2367007985308,39.2367007985308,39.2367007985308,39.2367007985308,39.2367007985308,39.2367007985308,39.2367007985308,39.2367007985308,39.2367007985308,39.2367007985308,39.2367007985308,39.2367007985308,39.2367007985308,39.2367007985308,39.2367007985308,39.2367007985308,39.2367007985308,39.2367007985308,39.2367007985308,39.2367007985308,39.2367007985308,39.2367007985308,39.2367007985308,39.2367007985308,39.2367007985308,39.2367007985308,39.2367007985308
10259,0,0,0,0,0,0,0,0,0,0,0,0,0,0,0,0,0,0,0,0,0,0,0,0,0,0,0,0,0,0,0,0,0,0,0,0,0,0,0,0,0,0,0,0,0,0,0,0,0,0,0,0,0,0
10260,0,0,0,0,0,0,0,0,0,0,0,0,0,0,0,0,0,0,0,0,0,0,0,0,0,0,0,0,0,0,0,0,0,0,0,0,0,0,0,0,0,0,0,0,0,0,0,0,0,0,0,0,0,0
10261,0,0,0,0,0,0,0,0,0,0,0,0,0,0,0,0,0,0,0,0,0,0,0,0,0,0,0,0,0,0,0,0,0,0,0,0,0,0,0,0,0,0,0,0,0,0,0,0,0,0,0,0,0,0
10262,0,0,0,0,0,0,0,0,0,0,0,0,0,0,0,0,0,0,0,0,0,0,0,0,0,0,0,0,0,0,0,0,0,0,0,0,0,0,0,0,0,0,0,0,0,0,0,0,0,0,0,0,0,0
10263,0,0,0,0,0,0,0,0,0,0,0,0,0,0,0,0,0,0,0,0,0,0,0,0,0,0,0,0,0,0,0,0,0,0,0,0,0,0,0,0,0,2.28926198941903,2.28926198941903,4.57852397883806,4.57852397883806,4.57852397883806,4.57852397883806,4.57852397883806,4.57852397883806,4.57852397883806,4.57852397883806,4.57852397883806,4.57852397883806,4.57852397883806
10264,0,0,0,0,0,0,0,0,0,0,0,0,0,0,0,0,0,0,0,0,0,0,0,0,0,0,0,0,0,0,0,0,0,0,0,0,0,0,0,0,0,0,0,0,0,0,0,0,0,0,0,0,0,0
10265,0,0,0,0,0,0,0,0,0,0,0,0,0,0,0,0,0,0,0,0,0,0,0,0,0,0,0,0,0,0,0,0,0,0,0,0,0,0,0,0,0,0,0,0,0,0,0,0,0,0,0,0,0,0
10266,0,0,0,0,0,0,0,0,0,0,0,0,0,0,0,0,0,0,0,0,0,0,0,0,0,0,0,0,0,0,0,0,0,41.7644746223585,41.7644746223585,41.7644746223585,41.7644746223585,41.7644746223585,41.7644746223585,41.7644746223585,41.7644746223585,41.7644746223585,41.7644746223585,41.7644746223585,41.7644746223585,41.7644746223585,41.7644746223585,41.7644746223585,41.7644746223585,41.7644746223585,41.7644746223585,41.7644746223585,41.7644746223585,41.7644746223585
10267,0,0,0,0,0,0,0,0,0,0,0,0,0,0,0,0,0,0,0,0,0,0,0,0,0,0,0,0,0,0,0,0,0,0,0,0,0,0,0,0,0,0,0,0,0,0,0,0,0,0,0,0,0,0
10268,0,0,0,0,0,0,0,0,0,0,0,0,0,0,0,0,0,0,0,0,0,0,0,0,0,0,0,0,0,0,0,0,0,0,0,0,0,0,0,0,0,0,0,0,0,0,0,0,0,0,0,0,0,0
10269,0,0,0,0,0,0,0,0,0,0,0,0,0,0,0,0,0,0,0,0,0,0,0,0,0,0,0,0,0,0,0,0,0,0,0,0,0,0,0,0,0,0,0,0,0,0,0,0,0,0,0,0,0,0
10270,0,0,0,0,0,0,0,0,0,0,0,0,0,0,0,0,0,0,0,0,0,0,0,0,0,0,0,0,0,0,0,0,0,0,0,0,0,0,0,0,0,0,0,0,0,0,0,0,0,0,0,0,0,0
10271,0,0,0,0,0,0,0,0,0,0,0,0,0,0,0,0,0,0,0,0,0,0,0,0,0,0,0,0,0,0,0,0,0,0,0,0,0,0,0,0,0,0,0,0,0,0,0,0,0,0,0,0,0,0
10272,0,0,0,0,0,0,0,0,0,0,0,0,0,0,0,0,0,0,0,0,0,0,0,0,0,0,0,0,0,0,0,0,0,0,0,0,0,0,0,0,0,0,0,0,0,0,0,0,0,0,0,0,0,0
10273,0,0,0,0,0,0,0,0,0,0,0,0,0,0,0,0,0,0,0,0,0,0,0,0,0,0,0,0,0,0,0,0,0,0,0,0,0,0,0,0,0,0,0,0,0,0,0,0,0,0,0,0,0,0
10274,0,0,0,0,0,0,0,0,0,0,0,0,0,0,0,0,0,0,0,0,0,0,0,0,0,0,0,0,0,0,0,0,0,0,0,0,0,0,0,0,0,0,0,0,0,0,0,0,0,0,0,0,0,0
10275,0,0,0,0,0,0,0,0,0,0,0,0,0,0,0,0,0,0,0,0,0,0,0,0,0,0,0,0,0,0,0,0,0,0,0,0,0,0,0,0,0,0,0,0,0,0,0,0,0,0,0,0,0,0
10276,0,0,0,0,0,0,0,0,0,0,0,0,0,0,0,0,0,0,0,0,0,0,0,0,0,0,0,0,0,0,0,0,0,0,0,0,0,0,0,0,0,0,0,0,0,0,0,0,0,0,0,0,0,0
10277,0,0,0,0,0,0,0,0,0,0,0,0,0,0,0,0,0,0,0,0,0,0,0,0,0,0,0,0,0,0,0,0,0,0,0,0,0,0,0,0,0,0,0,0,0,0,0,0,0,0,0,0,0,0
10278,0,0,0,0,0,0,0,0,0,0,0,0,0,0,0,0,0,0,0,0,0,0,0,0,0,0,0,0,0,0,0,0,0,0,0,0,0,0,0,0,0,12.9974905570746,12.9974905570746,26.5951490996459,26.5951490996459,26.5951490996459,26.5951490996459,26.5951490996459,26.5951490996459,26.5951490996459,26.5951490996459,26.5951490996459,26.5951490996459,26.5951490996459
10279,0,0,0,0,0,0,0,0,0,0,0,0,0,0,0,0,0,0,0,0,0,0,0,0,0,0,0,0,0,0,0,0,0,0,0,0,0,0,0,0,0,0,0,0,0,0,0,0,0,0,0,0,0,0
10280,0,0,0,0,0,0,0,0,0,0,0,0,0,0,0,0,0,0,0,0,0,0,0,0,0,0,0,0,0,0,0,0,0,0,0,0,0,0,0,0,0,0,0,0,0,0,0,0,0,0,0,0,0,0
10281,0,0,0,0,0,0,0,0,0,0,0,0,0,0,0,0,0,0,0,0,0,0,0,0,0,0,0,0,0,0,0,0,0,0,0,0,0,0,0,0,0,0,0,0,0,0,0,0.235894330367076,0.235894330367076,0.235894330367076,0.235894330367076,0.235894330367076,0.235894330367076,0.235894330367076
10282,0,0,0,0,0,0,0,0,0,0,0,0,0,0,0,0,0,0,0,0,0,0,0,0,0,0,0,0,0,0,0,0,0,0,0,0,0,0,0,0,0,0,0,0,0,0,0,0,0,0,0,0,0,0
10283,0,0,0,0,0,0,0,0,0,0,0,0,0,0,0,0,0,0,0,0,0,0,0,0,0,0,0,0,0,0,0,0,0,0,0,0,0,0,0,0,0,0,0,0,0,0,0,0,0,0,0,0,0,0
10284,0,0,0,0,0,0,0,0,0,0,0,47.7918174091928,47.7918174091928,47.7918174091928,143.375452227574,143.375452227574,143.375452227574,143.375452227574,143.375452227574,143.375452227574,143.375452227574,143.375452227574,143.375452227574,321.343310988534,321.343310988534,499.311169749486,642.686621977061,642.686621977061,642.686621977061,642.686621977061,642.686621977061,642.686621977061,642.686621977061,642.686621977061,642.686621977061,642.686621977061,642.686621977061,642.686621977061,642.686621977061,642.686621977061,642.686621977061,690.478439386257,690.478439386257,786.062074204646,786.062074204646,786.062074204646,786.062074204646,786.062074204646,786.062074204646,786.062074204646,786.062074204646,786.062074204646,786.062074204646,786.062074204646
10285,0,0,0,0,0,0,0,6.7798814527408,6.7798814527408,6.7798814527408,6.7798814527408,6.7798814527408,6.7798814527408,6.7798814527408,6.7798814527408,6.7798814527408,6.7798814527408,6.7798814527408,6.7798814527408,6.7798814527408,6.7798814527408,6.7798814527408,6.7798814527408,6.7798814527408,6.7798814527408,6.7798814527408,6.7798814527408,6.7798814527408,6.7798814527408,6.7798814527408,6.7798814527408,6.7798814527408,6.7798814527408,6.7798814527408,6.7798814527408,6.7798814527408,6.7798814527408,6.7798814527408,6.7798814527408,6.7798814527408,6.7798814527408,6.7798814527408,6.7798814527408,6.7798814527408,6.7798814527408,6.7798814527408,6.7798814527408,6.7798814527408,6.7798814527408,6.7798814527408,6.7798814527408,6.7798814527408,6.7798814527408,6.7798814527408
10286,0,0,0,0,0,0,0,0,0,0,0,0,0,0,0,0,0,0,0,0,0,0,0,0,0,0,0,0,0,0,0,0,0,0,0,0,0,0,0,0,0,0,0,0,0,0,0,0,0,0,0,0,0,0
10287,0,0,0,0,0,0,0,0,0,0,0,0,0,0,0,0,0,0,0,0,0,0,0,0,0,0,0,0,0,0,0,0,0,0,0,0,0,0,0,0,0,0,0,0,0,0,0,0,0,0,0,0,0,0
10288,0,0,0,0,0,0,0,0,0,0,0,5.49081434239961,5.49081434239961,5.49081434239961,16.4724430271975,16.4724430271975,16.4724430271975,16.4724430271975,16.4724430271975,16.4724430271975,16.4724430271975,16.4724430271975,16.4724430271975,16.4724430271975,16.4724430271975,16.4724430271975,32.9448860543959,32.9448860543959,32.9448860543959,32.9448860543959,32.9448860543959,32.9448860543959,32.9448860543959,32.9448860543959,32.9448860543959,32.9448860543959,32.9448860543959,32.9448860543959,32.9448860543959,32.9448860543959,32.9448860543959,32.9448860543959,32.9448860543959,32.9448860543959,32.9448860543959,32.9448860543959,32.9448860543959,32.9448860543959,32.9448860543959,32.9448860543959,32.9448860543959,32.9448860543959,32.9448860543959,32.9448860543959
10289,0,0,0,0,0,0,0,0,0,0,0,0,0,0,0,0,0,0,0,0,0,0,0,0,0,0,0,0,0,0,0,0,0,0,0,0,0,0,0,0,0,0,0,0,0,0,0,0,0,0,0,0,0,0
10290,0,0,0,0,0,0,0,0,0,0,0,0,0,0,0,0,0,0,0,0,0,0,0,0,0,0,0,0,0,0,0,0,0,0,0,0,0,0,0,0,0,0,0,0,0,0,0,0,0,0,0,0,0,0
10291,0,0,0,0,0,0,0,0,0,0,0,0,0,0,0,0,0,0,0,0,0,0,0,0,0,0,0,0,0,0,0,0,0,0,0,0,0,0,0,0,0,0,0,0,0,0,0,0,0,0,0,0,0,0
10292,0,0,0,0,0,0,0,0,0,0,0,74.4592211423789,74.4592211423789,74.4592211423789,223.377663427142,223.377663427142,223.377663427142,223.377663427142,223.377663427142,223.377663427142,223.377663427142,229.502032761141,230.767508450845,378.337878255438,378.337878255438,525.908248060033,525.908248060033,525.908248060033,541.79722740079,541.79722740079,541.79722740079,541.79722740079,541.79722740079,541.79722740079,541.79722740079,541.79722740079,541.79722740079,541.79722740079,541.79722740079,541.79722740079,541.79722740079,541.79722740079,541.79722740079,541.79722740079,541.79722740079,541.79722740079,541.79722740079,541.79722740079,541.79722740079,541.79722740079,541.79722740079,541.79722740079,541.79722740079,541.79722740079
10293,0,0,0,0,0,0,0,36.7995716128872,36.7995716128872,36.7995716128872,36.7995716128872,36.7995716128872,36.7995716128872,36.7995716128872,36.7995716128872,36.7995716128872,36.7995716128872,36.7995716128872,36.7995716128872,36.7995716128872,36.7995716128872,36.7995716128872,36.7995716128872,36.7995716128872,36.7995716128872,36.7995716128872,36.7995716128872,36.7995716128872,36.7995716128872,36.7995716128872,36.7995716128872,36.7995716128872,36.7995716128872,36.7995716128872,36.7995716128872,36.7995716128872,36.7995716128872,36.7995716128872,36.7995716128872,36.7995716128872,36.7995716128872,36.7995716128872,36.7995716128872,36.7995716128872,36.7995716128872,36.7995716128872,36.7995716128872,36.7995716128872,36.7995716128872,36.7995716128872,36.7995716128872,36.7995716128872,36.7995716128872,36.7995716128872
10294,0,0,0,0,0,0,0,32.4745826051288,32.4745826051288,32.4745826051288,32.4745826051288,32.4745826051288,97.4237478153863,97.4237478153863,97.4237478153863,97.4237478153863,97.4237478153863,97.4237478153863,97.4237478153863,97.4237478153863,97.4237478153863,97.4237478153863,97.4237478153863,97.4237478153863,97.4237478153863,97.4237478153863,97.4237478153863,97.4237478153863,97.4237478153863,162.372913025644,227.322078236013,227.322078236013,259.796660841141,334.602239962001,334.602239962001,334.602239962001,334.602239962001,334.602239962001,334.602239962001,399.551405172311,399.551405172311,432.025987777446,432.025987777446,432.025987777446,432.025987777446,432.025987777446,432.025987777446,432.025987777446,432.025987777446,432.025987777446,432.025987777446,432.025987777446,432.025987777446,432.025987777446
10295,0,0,0,0,0,0,0,0,0,0,0,0,0,0,0,0,0,0,0,0,0,0,0,0,0,0,0,0,0,0,0,0,0,0,0,0,0,0,0,0,0,0,0,0,0,0,0,0,0,0,0,0,0,0
10296,0,0,0,0,0,0,0,0,0,0,0,0,0,0,0,0,0,0,0,0,0,0,0,0,0,0,0,0,0,0,0,0,0,0,0,0,0,0,0,0,0,0,0,0,0,0,0,0,0,0,0,0,0,0
10297,0,0,0,0,0,0,0,0,0,0,0,0,0,0,0,0,0,0,0,0,0,0,0,0,0,0,0,0,0,0,0,0,0,0,0,0,0,0,0,0,0,0,0,0,0,0,0,0,0,0,0,0,0,0
10298,0,0,0,0,0,0,0,28.0367410611898,28.0367410611898,28.0367410611898,28.0367410611898,28.0367410611898,28.0367410611898,28.0367410611898,28.0367410611898,28.0367410611898,28.0367410611898,28.0367410611898,28.0367410611898,28.0367410611898,28.0367410611898,28.0367410611898,28.0367410611898,28.0367410611898,28.0367410611898,28.0367410611898,28.0367410611898,28.0367410611898,28.0367410611898,28.0367410611898,28.0367410611898,28.0367410611898,28.0367410611898,28.0367410611898,28.0367410611898,28.0367410611898,28.0367410611898,28.0367410611898,28.0367410611898,28.0367410611898,28.0367410611898,28.0367410611898,28.0367410611898,28.0367410611898,28.0367410611898,28.0367410611898,28.0367410611898,28.0367410611898,28.0367410611898,28.0367410611898,28.0367410611898,28.0367410611898,28.0367410611898,28.0367410611898
10299,0,58.9597411693425,58.9597411693425,117.919482338685,117.919482338685,117.919482338685,117.919482338685,117.919482338685,117.919482338685,117.919482338685,117.919482338685,117.919482338685,117.919482338685,117.919482338685,117.919482338685,117.919482338685,117.919482338685,117.919482338685,117.919482338685,117.919482338685,117.919482338685,150.663228129437,349.236214540484,466.626673792971,466.626673792971,584.017133045456,584.017133045456,584.017133045456,584.017133045456,584.017133045456,584.017133045456,584.017133045456,584.017133045456,584.017133045456,584.017133045456,584.017133045456,584.017133045456,584.017133045456,584.017133045456,584.017133045456,584.017133045456,584.017133045456,584.017133045456,584.017133045456,584.017133045456,584.017133045456,584.017133045456,584.017133045456,584.017133045456,584.017133045456,584.017133045456,584.017133045456,584.017133045456,584.017133045456
10300,0,0,0,0,70.8183966922242,70.8183966922242,70.8183966922242,70.8183966922242,70.8183966922242,70.8183966922242,70.8183966922242,112.058525756566,112.058525756566,112.058525756566,194.538783885231,194.538783885231,194.538783885231,194.538783885231,194.538783885231,194.538783885231,194.538783885231,194.538783885231,194.538783885231,277.019042013881,277.019042013881,359.49930014253,571.954490219214,571.954490219214,571.954490219214,571.954490219214,642.772886911446,642.772886911446,642.772886911446,642.772886911446,642.772886911446,642.772886911446,642.772886911446,642.772886911446,642.772886911446,642.772886911446,642.772886911446,713.591283603682,713.591283603682,855.228076988146,855.228076988146,855.228076988146,855.228076988146,855.228076988146,855.228076988146,855.228076988146,855.228076988146,855.228076988146,855.228076988146,855.228076988146
10301,0,0,0,0,0,0,0,0,0,0,0,0,0,0,0,0,0,0,0,0,0,0,0,0,0,0,0,0,0,0,0,0,0,0,0,0,0,0,0,0,0,0,0,0,0,0,0,0,0,0,0,0,0,0
10302,0,0,0,0,0,0,0,0,0,0,0,0,0,0,0,0,0,0,5.2156706264684,5.2156706264684,5.2156706264684,115.477993751058,132.740978325775,132.740978325775,132.740978325775,132.740978325775,132.740978325775,132.740978325775,132.740978325775,132.740978325775,132.740978325775,132.740978325775,132.740978325775,132.740978325775,132.740978325775,132.740978325775,132.740978325775,132.740978325775,132.740978325775,132.740978325775,132.740978325775,132.740978325775,132.740978325775,132.740978325775,132.740978325775,132.740978325775,132.740978325775,132.740978325775,132.740978325775,132.740978325775,132.740978325775,132.740978325775,132.740978325775,132.740978325775
10303,0,0,0,0,0,0,0,0,0,0,0,0,0,0,0,0,0,0,0,0,0,0,0,0,0,0,0,0,0,0,0,0,0,0,0,0,0,0,0,0,0,0,0,0,0,0,0,0,0,0,0,0,0,0
10304,0,0,0,0,0,0,0,0,0,0,0,0,0,0,0,0,0,0,0,0,0,0,0,0,0,0,0,0,0,0,0,0,0,0,0,0,0,0,0,0,0,0,0,0,0,0,0,0,0,0,0,0,0,0
10305,0,0,0,0,0,0,0,0,0,0,0,0,0,0,0,0,0,0,0,0,0,0,0,0,0,0,0,0,0,0,0,0,0,0,0,0,0,0,0,0,0,0,0,0,0,0,0,0,0,0,0,0,0,0
10306,0,0,0,0,0,0,0,0,0,0,0,0,0,0,0,0,0,0,0,0,0,0,0,0,0,0,0,0,0,0,0,0,0,0,0,0,0,0,0,0,0,15.418060189554,15.418060189554,46.2541805686653,46.2541805686653,46.2541805686653,46.2541805686653,46.2541805686653,46.2541805686653,46.2541805686653,46.2541805686653,46.2541805686653,46.2541805686653,46.2541805686653
10307,0,0,0,0,0,0,0,0,0,0,0,0,0,0,0,0,0,0,0,0,0,0,0,0,0,0,0,0,0,0,0,0,0,0,0,0,0,0,0,0,0,0,0,44.4076121636426,44.4076121636426,44.4076121636426,44.4076121636426,44.4076121636426,44.4076121636426,44.4076121636426,44.4076121636426,44.4076121636426,44.4076121636426,44.4076121636426
10308,0,0,0,0,0,0,0,0,0,0,0,0,0,0,0,0,0,0,0,0,0,0,0,0,0,0,0,0,0,0,0,0,0,0,0,0,0,0,0,0,0,0,0,0,0,0,0,0,0,0,0,0,0,0
10309,0,0,0,0,0,0,0,0,0,0,0,0,0,0,0,0,0,0,0,0,0,0,0,0,0,0,0,0,0,0,0,0,0,0,0,0,0,0,0,0,0,0,0,0,0,0,0,0,0,0,0,0,0,0
10310,0,0,0,0,0,0,0,0,0,0,0,0,0,0,0,0,0,0,0,0,0,0,0,0,0,0,0,0,0,0,0,0,0,0,0,0,0,0,0,0,0,0,0,0,0,0,0,0,0,0,0,0,0,0
10311,0,0,0,0,0,0,0,0,0,0,0,0,0,0,0,0,0,0,0,0,0,0,0,0,0,0,0,0,0,0,0,0,0,0,0,0,0,0,0,0,0,0,0,0,0,0,0,0,0,0,0,0,0,0
10312,0,36.9855417218294,36.9855417218294,73.9710834436588,73.9710834436588,73.9710834436588,73.9710834436588,73.9710834436588,73.9710834436588,73.9710834436588,73.9710834436588,73.9710834436588,73.9710834436588,73.9710834436588,73.9710834436588,73.9710834436588,73.9710834436588,73.9710834436588,175.739688732762,175.739688732762,175.739688732762,175.739688732762,243.585425592164,311.431162451566,443.69045864684,511.536195506243,511.536195506243,511.536195506243,511.536195506243,511.536195506243,511.536195506243,511.536195506243,511.536195506243,511.536195506243,511.536195506243,511.536195506243,511.536195506243,511.536195506243,511.536195506243,511.536195506243,511.536195506243,511.536195506243,511.536195506243,511.536195506243,511.536195506243,511.536195506243,511.536195506243,511.536195506243,511.536195506243,511.536195506243,511.536195506243,511.536195506243,511.536195506243,511.536195506243
10313,0,0,0,0,0,0,0,0,0,0,0,0,0,0,0,0,0,0,0,0,0,0,0,0,0,0,0,0,0,0,0,0,0,0,0,0,0,0,0,0,0,23.387532197794,23.387532197794,70.1625965933755,70.1625965933755,70.1625965933755,70.1625965933755,70.1625965933755,70.1625965933755,70.1625965933755,70.1625965933755,70.1625965933755,70.1625965933755,70.1625965933755
10314,0,0,0,0,0,0,0,0,0,0,0,0,0,0,0,0,0,0,0,0,0,0,0,0,0,0,0,0,0,0,0,0,0,0,0,0,0,0,0,0,0,0,0,0,0,0,0,0,0,0,0,0,0,0
10315,0,0,0,0,0,0,0,0,0,0,0,0,0,0,0,0,0,0,0,0,0,0,0,0,0,0,0,0,0,0,0,0,0,0,0,0,0,0,0,0,0,0,0,0,0,0,0,0,0,0,0,0,0,0
10316,0,0,0,0,0,0,0,0,0,0,0,49.2819829010712,49.2819829010712,49.2819829010712,147.845948703243,147.845948703243,147.845948703243,147.845948703243,147.845948703243,147.845948703243,147.845948703243,147.845948703243,147.845948703243,147.845948703243,147.845948703243,147.845948703243,295.691776670109,295.691776670109,295.691776670109,295.691776670109,295.691776670109,295.691776670109,295.691776670109,295.691776670109,295.691776670109,295.691776670109,295.691776670109,295.691776670109,295.691776670109,295.691776670109,295.691776670109,344.973719325721,344.973719325721,443.537604636971,443.537604636971,443.537604636971,443.537604636971,443.537604636971,443.537604636971,443.537604636971,443.537604636971,443.537604636971,443.537604636971,443.537604636971
10317,0,0,0,0,0,0,0,0,0,0,0,0,0,0,0,0,0,0,0,0,0,0,0,0,0,0,0,0,0,0,0,0,0,0,0,0,0,0,0,0,0,0,0,0,0,0,0,0,0,0,0,0,0,0
10318,0,0,0,0,0,0,0,0,0,0,0,0,0,0,0,0,0,0,0,0,0,0,0,0,0,0,0,0,0,0,0,0,0,0,0,0,0,0,0,0,0,0,0,0,0,0,0,0,0,0,0,0,0,0
10319,0,0,0,0,0,0,0,0,0,0,0,0,0,0,0,0,25.9288135973003,25.9288135973003,94.7784194468176,163.62802529634,163.62802529634,255.081631474093,282.313051382887,282.313051382887,282.313051382887,282.313051382887,282.313051382887,282.313051382887,374.285459993048,374.285459993048,420.2586782188,420.2586782188,420.2586782188,420.2586782188,420.2586782188,420.2586782188,420.2586782188,420.2586782188,420.2586782188,420.2586782188,420.2586782188,420.2586782188,420.2586782188,420.2586782188,420.2586782188,420.2586782188,420.2586782188,420.2586782188,420.2586782188,420.2586782188,420.2586782188,420.2586782188,420.2586782188,420.2586782188
10320,0,0,0,0,0,0,0,0,0,0,0,0,0,0,0,0,0,0,0,0,0,0,0,0,0,0,0,0,0,0,0,0,0,0,0,0,0,0,0,0,0,0,0,0,0,0,0,0,0,0,0,0,0,0
10321,0,0,0,0,0,0,0,0,0,0,0,0,0,0,0,0,0,0,0,0,0,0,0,0,0,0,0,0,0,0,0,0,0,0,0,0,0,0,0,0,0,0,0,0,0,0,0,0,0,0,0,0,0,0
10322,0,0,0,0,0,0,0,0,0,0,0,0,0,0,0,0,70.5542623744721,70.5542623744721,119.687184329799,215.459695663999,215.459695663999,536.950846392597,539.041047661695,539.041047661695,539.041047661695,539.041047661695,539.041047661695,539.041047661695,539.041047661695,539.041047661695,539.041047661695,539.041047661695,539.041047661695,539.041047661695,539.041047661695,539.041047661695,539.041047661695,539.041047661695,539.041047661695,539.041047661695,539.041047661695,539.041047661695,539.041047661695,539.041047661695,539.041047661695,539.041047661695,539.041047661695,539.041047661695,539.041047661695,539.041047661695,539.041047661695,539.041047661695,539.041047661695,539.041047661695
10323,0,0,0,0,0,0,0,0,0,0,0,0,0,0,0,0,0,0,0,0,0,0,0,3.98342280811791,3.98342280811791,7.96684561623583,7.96684561623583,7.96684561623583,7.96684561623583,7.96684561623583,7.96684561623583,7.96684561623583,7.96684561623583,7.96684561623583,7.96684561623583,7.96684561623583,7.96684561623583,7.96684561623583,7.96684561623583,7.96684561623583,7.96684561623583,7.96684561623583,7.96684561623583,7.96684561623583,7.96684561623583,7.96684561623583,7.96684561623583,7.96684561623583,7.96684561623583,7.96684561623583,7.96684561623583,7.96684561623583,7.96684561623583,7.96684561623583
10324,0,0,0,0,0,0,0,0,0,0,0,0,0,0,0,0,0,0,0,0,0,0,0,0,0,0,0,0,0,0,0,0,0,0,0,0,0,0,0,0,0,0,0,0,0,0,0,0,0,0,0,0,0,0
10325,0,0,0,0,0,0,0,0,0,0,0,0,0,0,0,0,0,0,0,0,0,0,0,0,0,0,0,0,0,0,0,0,0,0,0,0,0,0,0,0,0,0,0,0,0,0,0,0,0,0,0,0,0,0
10326,0,0,0,0,0,0,0,0,0,0,0,0,0,0,0,0,0,0,0,0,0,0,0,0,0,0,0,0,0,0,0,0,0,0,3.4656545010137,3.4656545010137,3.4656545010137,3.4656545010137,3.4656545010137,3.4656545010137,3.4656545010137,3.4656545010137,3.4656545010137,3.4656545010137,3.4656545010137,3.4656545010137,3.4656545010137,3.4656545010137,3.4656545010137,3.4656545010137,3.4656545010137,3.4656545010137,3.4656545010137,3.4656545010137
10327,0,0,0,0,0,0,0,0,0,0,0,0,0,0,0,0,0,0,0,0,0,0,0,0,0,0,0,0,0,0,0,0,0,0,0,0,0,0,0,0,0,0,0,0,0,0,0,0,0,0,0,0,0,0
10328,0,0,0,0,0,0,0,0,0,0,0,0,0,0,0,0,0,0,0,0,0,0,0,0,0,0,0,0,0,0,0,0,0,0,0,0,0,0,0,0,0,0,0,0,0,0,0,0,0,0,0,0,0,0
10329,0,0,0,0,0,0,0,0,0,0,0,0,0,0,0,0,0,0,0,0,0,0,0,0,0,0,0,0,0,0,0,0,0,0,0,0,0,0,0,0,0,0,0,25.3352801304453,25.3352801304453,25.3352801304453,25.3352801304453,25.3352801304453,25.3352801304453,25.3352801304453,25.3352801304453,25.3352801304453,25.3352801304453,25.3352801304453
10330,0,0,0,0,0,0,0,0,0,0,0,0,0,0,0,0,0,0,0,0,0,0,0,0,0,0,0,0,0,0,0,0,0,0,23.9253047718055,23.9253047718055,23.9253047718055,23.9253047718055,23.9253047718055,23.9253047718055,23.9253047718055,23.9253047718055,23.9253047718055,23.9253047718055,23.9253047718055,23.9253047718055,23.9253047718055,23.9253047718055,23.9253047718055,23.9253047718055,23.9253047718055,23.9253047718055,23.9253047718055,23.9253047718055
10331,0,0,0,0,0,0,0,0,0,0,0,0,0,0,0,0,0,0,0,0,0,0,0,0,0,0,0,0,0,0,0,0,0,0,0,0,0,0,0,0,0,0,0,0,0,0,0,0,0,0,0,0,0,0
10332,0,0,0,0,0,0,0,0,0,0,0,0,0,0,0,0,0,0,0,0,0,0,0,0,0,0,0,0,0,0,0,0,0,0,0,0,0,0,0,0,0,0,0,0,0,0,0,0,0,0,0,0,0,0
10333,0,0,0,0,0,0,0,0,0,0,0,0,0,0,0,0,0,0,0,0,0,0,0,0,0,0,0,0,0,0,0,0,0,0,0,0,0,0,0,0,0,0,0,0,0,0,0,0,0,0,0,0,0,0
10334,0,0,0,0,0,0,0,0,0,0,0,0,0,0,0,0,0,0,0,0,0,0,0,0,0,0,0,0,0,0,0,0,0,0,0,0,0,0,0,0,0,0,0,0,0,0,0,0,0,0,0,0,0,0
10335,0,0,0,0,0,0,0,0,0,0,0,0,0,0,0,0,0,0,0,0,0,0,0,0,0,0,0,0,0,0,0,0,0,0,0,0,0,0,0,0,0,0,0,0,0,0,0,0,0,0,0,0,0,0
10336,0,0,0,0,0,0,0,0,0,0,0,0,0,0,0,0,0,0,0,0,0,0,0,0,0,0,0,0,0,0,0,0,0,0,0,0,0,0,0,0,0,0,0,0,0,0,0,0,0,0,0,0,0,0
