id_ferrovia,nome_ferrovia,code_amc,list_name_muni_2010,ano_corte
34,Estrada de Ferro Carajás (EFC),3001,"2100055,2100550,2101970,2102903,2103158,2103174,2103257,2103752,2104305,2104552,2105302,2105427,2105658,2106201,2106326,2110856,2111532,2112852",1985
34,Estrada de Ferro Carajás (EFC),3001,"2100055,2100550,2101970,2102903,2103158,2103174,2103257,2103752,2104305,2104552,2105302,2105427,2105658,2106201,2106326,2110856,2111532,2112852",1996
34,Estrada de Ferro Carajás (EFC),3001,"2100055,2100550,2101970,2102903,2103158,2103174,2103257,2103752,2104305,2104552,2105302,2105427,2105658,2106201,2106326,2110856,2111532,2112852",2003
6,E.F. São Luiz-Teresina,3018,"2101251,2109601",1919
34,Estrada de Ferro Carajás (EFC),3035,"2102556,2109007,2111052",1996
34,Estrada de Ferro Carajás (EFC),3035,"2102556,2109007,2111052",2003
6,E.F. São Luiz-Teresina,3038,"2103000,2111078",1895
6,E.F. São Luiz-Teresina,3038,"2103000,2111078",1896
6,E.F. São Luiz-Teresina,3038,"2103000,2111078",1900
6,E.F. São Luiz-Teresina,3038,"2103000,2111078",1901
6,E.F. São Luiz-Teresina,3038,"2103000,2111078",1902
6,E.F. São Luiz-Teresina,3038,"2103000,2111078",1904
6,E.F. São Luiz-Teresina,3038,"2103000,2111078",1905
6,E.F. São Luiz-Teresina,3038,"2103000,2111078",1906
6,E.F. São Luiz-Teresina,3038,"2103000,2111078",1907
6,E.F. São Luiz-Teresina,3038,"2103000,2111078",1908
6,E.F. São Luiz-Teresina,3038,"2103000,2111078",1910
6,E.F. São Luiz-Teresina,3038,"2103000,2111078",1911
6,E.F. São Luiz-Teresina,3038,"2103000,2111078",1912
6,E.F. São Luiz-Teresina,3038,"2103000,2111078",1913
6,E.F. São Luiz-Teresina,3038,"2103000,2111078",1914
6,E.F. São Luiz-Teresina,3038,"2103000,2111078",1915
6,E.F. São Luiz-Teresina,3038,"2103000,2111078",1916
6,E.F. São Luiz-Teresina,3038,"2103000,2111078",1917
6,E.F. São Luiz-Teresina,3038,"2103000,2111078",1918
6,E.F. São Luiz-Teresina,3038,"2103000,2111078",1919
6,E.F. São Luiz-Teresina,3038,"2103000,2111078",1920
6,E.F. São Luiz-Teresina,3059,"2105401,2106755",1920
6,E.F. São Luiz-Teresina,3096,2111300,1919
6,E.F. São Luiz-Teresina,3096,2111300,1920
6,E.F. São Luiz-Teresina,3096,2111300,1921
6,E.F. São Luiz-Teresina,3096,2111300,1922
6,E.F. São Luiz-Teresina,3096,2111300,1923
6,E.F. São Luiz-Teresina,3096,2111300,1924
6,E.F. São Luiz-Teresina,3096,2111300,1925
6,E.F. São Luiz-Teresina,3096,2111300,1926
6,E.F. São Luiz-Teresina,3096,2111300,1927
6,E.F. São Luiz-Teresina,3096,2111300,1929
6,E.F. São Luiz-Teresina,3096,2111300,1931
6,E.F. São Luiz-Teresina,3096,2111300,1932
6,E.F. São Luiz-Teresina,3096,2111300,1933
6,E.F. São Luiz-Teresina,3096,2111300,1934
6,E.F. São Luiz-Teresina,3096,2111300,1936
6,E.F. São Luiz-Teresina,3096,2111300,1937
6,E.F. São Luiz-Teresina,3096,2111300,1940
6,E.F. São Luiz-Teresina,3096,2111300,1941
6,E.F. São Luiz-Teresina,3096,2111300,1944
6,E.F. São Luiz-Teresina,3096,2111300,1947
6,E.F. São Luiz-Teresina,3096,2111300,1948
6,E.F. São Luiz-Teresina,3096,2111300,1949
6,E.F. São Luiz-Teresina,3096,2111300,1950
6,E.F. São Luiz-Teresina,3096,2111300,1951
6,E.F. São Luiz-Teresina,3096,2111300,1953
6,E.F. São Luiz-Teresina,3096,2111300,1955
6,E.F. São Luiz-Teresina,3096,2111300,1956
6,E.F. São Luiz-Teresina,3096,2111300,1957
6,E.F. São Luiz-Teresina,3096,2111300,1958
6,E.F. São Luiz-Teresina,3096,2111300,1961
6,E.F. São Luiz-Teresina,3096,2111300,1962
6,E.F. São Luiz-Teresina,3096,2111300,1966
6,E.F. São Luiz-Teresina,3096,2111300,1969
6,E.F. São Luiz-Teresina,3096,2111300,1972
6,E.F. São Luiz-Teresina,3096,2111300,1985
34,Estrada de Ferro Carajás (EFC),3096,2111300,1985
6,E.F. São Luiz-Teresina,3096,2111300,1996
34,Estrada de Ferro Carajás (EFC),3096,2111300,1996
6,E.F. São Luiz-Teresina,3096,2111300,2003
34,Estrada de Ferro Carajás (EFC),3096,2111300,2003
6,E.F. São Luiz-Teresina,3101,2112209,1895
6,E.F. São Luiz-Teresina,3101,2112209,1896
6,E.F. São Luiz-Teresina,3101,2112209,1900
6,E.F. São Luiz-Teresina,3101,2112209,1901
6,E.F. São Luiz-Teresina,3101,2112209,1902
6,E.F. São Luiz-Teresina,3101,2112209,1904
6,E.F. São Luiz-Teresina,3101,2112209,1905
6,E.F. São Luiz-Teresina,3101,2112209,1906
6,E.F. São Luiz-Teresina,3101,2112209,1907
6,E.F. São Luiz-Teresina,3101,2112209,1908
6,E.F. São Luiz-Teresina,3101,2112209,1910
6,E.F. São Luiz-Teresina,3101,2112209,1911
6,E.F. São Luiz-Teresina,3101,2112209,1912
6,E.F. São Luiz-Teresina,3101,2112209,1913
6,E.F. São Luiz-Teresina,3101,2112209,1914
6,E.F. São Luiz-Teresina,3101,2112209,1915
6,E.F. São Luiz-Teresina,3101,2112209,1916
6,E.F. São Luiz-Teresina,3101,2112209,1917
6,E.F. São Luiz-Teresina,3101,2112209,1918
6,E.F. São Luiz-Teresina,3101,2112209,1919
6,E.F. São Luiz-Teresina,3101,2112209,1920
6,E.F. São Luiz-Teresina,3101,2112209,1921
6,E.F. São Luiz-Teresina,3101,2112209,1922
6,E.F. São Luiz-Teresina,3101,2112209,1923
6,E.F. São Luiz-Teresina,3101,2112209,1924
6,E.F. São Luiz-Teresina,3101,2112209,1925
6,E.F. São Luiz-Teresina,3101,2112209,1926
6,E.F. São Luiz-Teresina,3101,2112209,1927
6,E.F. São Luiz-Teresina,3101,2112209,1929
6,E.F. São Luiz-Teresina,3101,2112209,1931
6,E.F. São Luiz-Teresina,3101,2112209,1932
6,E.F. São Luiz-Teresina,3101,2112209,1933
6,E.F. São Luiz-Teresina,3101,2112209,1934
6,E.F. São Luiz-Teresina,3101,2112209,1936
6,E.F. São Luiz-Teresina,3101,2112209,1937
6,E.F. São Luiz-Teresina,3101,2112209,1940
6,E.F. São Luiz-Teresina,3101,2112209,1941
6,E.F. São Luiz-Teresina,3101,2112209,1944
6,E.F. São Luiz-Teresina,3101,2112209,1947
6,E.F. São Luiz-Teresina,3101,2112209,1948
6,E.F. São Luiz-Teresina,3101,2112209,1949
6,E.F. São Luiz-Teresina,3101,2112209,1950
6,E.F. São Luiz-Teresina,3101,2112209,1951
6,E.F. São Luiz-Teresina,3101,2112209,1953
6,E.F. São Luiz-Teresina,3101,2112209,1955
6,E.F. São Luiz-Teresina,3101,2112209,1956
6,E.F. São Luiz-Teresina,3101,2112209,1957
6,E.F. São Luiz-Teresina,3101,2112209,1958
6,E.F. São Luiz-Teresina,3101,2112209,1961
6,E.F. São Luiz-Teresina,3101,2112209,1962
6,E.F. São Luiz-Teresina,3101,2112209,1966
19,E.F. Central do Piauí,3101,2112209,1966
6,E.F. São Luiz-Teresina,3101,2112209,1969
19,E.F. Central do Piauí,3101,2112209,1969
6,E.F. São Luiz-Teresina,3101,2112209,1972
19,E.F. Central do Piauí,3101,2112209,1972
6,E.F. São Luiz-Teresina,3101,2112209,1985
19,E.F. Central do Piauí,3101,2112209,1985
6,E.F. São Luiz-Teresina,3101,2112209,1996
19,E.F. Central do Piauí,3101,2112209,1996
6,E.F. São Luiz-Teresina,3101,2112209,2003
19,E.F. Central do Piauí,3101,2112209,2003
42,E.F. Petrolina-Teresina,4001,"2200053,2201739,2205151,2207801,2208650",1969
42,E.F. Petrolina-Teresina,4001,"2200053,2201739,2205151,2207801,2208650",1972
42,E.F. Petrolina-Teresina,4001,"2200053,2201739,2205151,2207801,2208650",1985
42,E.F. Petrolina-Teresina,4001,"2200053,2201739,2205151,2207801,2208650",1996
42,E.F. Petrolina-Teresina,4001,"2200053,2201739,2205151,2207801,2208650",2003
8,Ferrovia Teresina-Fortaleza,4007,"2200400,2202737,2207793",1972
8,Ferrovia Teresina-Fortaleza,4007,"2200400,2202737,2207793",1985
8,Ferrovia Teresina-Fortaleza,4007,"2200400,2202737,2207793",1996
8,Ferrovia Teresina-Fortaleza,4007,"2200400,2202737,2207793",2003
19,E.F. Central do Piauí,4021,"2201507,2201960,2202000,2202539,2202653,2205409,2206696,2208304,2208403,2209872,2210052",1937
19,E.F. Central do Piauí,4021,"2201507,2201960,2202000,2202539,2202653,2205409,2206696,2208304,2208403,2209872,2210052",1940
19,E.F. Central do Piauí,4021,"2201507,2201960,2202000,2202539,2202653,2205409,2206696,2208304,2208403,2209872,2210052",1941
19,E.F. Central do Piauí,4021,"2201507,2201960,2202000,2202539,2202653,2205409,2206696,2208304,2208403,2209872,2210052",1944
19,E.F. Central do Piauí,4021,"2201507,2201960,2202000,2202539,2202653,2205409,2206696,2208304,2208403,2209872,2210052",1947
19,E.F. Central do Piauí,4021,"2201507,2201960,2202000,2202539,2202653,2205409,2206696,2208304,2208403,2209872,2210052",1948
19,E.F. Central do Piauí,4021,"2201507,2201960,2202000,2202539,2202653,2205409,2206696,2208304,2208403,2209872,2210052",1949
19,E.F. Central do Piauí,4021,"2201507,2201960,2202000,2202539,2202653,2205409,2206696,2208304,2208403,2209872,2210052",1950
19,E.F. Central do Piauí,4021,"2201507,2201960,2202000,2202539,2202653,2205409,2206696,2208304,2208403,2209872,2210052",1951
19,E.F. Central do Piauí,4021,"2201507,2201960,2202000,2202539,2202653,2205409,2206696,2208304,2208403,2209872,2210052",1953
19,E.F. Central do Piauí,4021,"2201507,2201960,2202000,2202539,2202653,2205409,2206696,2208304,2208403,2209872,2210052",1955
19,E.F. Central do Piauí,4021,"2201507,2201960,2202000,2202539,2202653,2205409,2206696,2208304,2208403,2209872,2210052",1956
19,E.F. Central do Piauí,4021,"2201507,2201960,2202000,2202539,2202653,2205409,2206696,2208304,2208403,2209872,2210052",1957
19,E.F. Central do Piauí,4021,"2201507,2201960,2202000,2202539,2202653,2205409,2206696,2208304,2208403,2209872,2210052",1958
19,E.F. Central do Piauí,4021,"2201507,2201960,2202000,2202539,2202653,2205409,2206696,2208304,2208403,2209872,2210052",1961
19,E.F. Central do Piauí,4021,"2201507,2201960,2202000,2202539,2202653,2205409,2206696,2208304,2208403,2209872,2210052",1962
19,E.F. Central do Piauí,4021,"2201507,2201960,2202000,2202539,2202653,2205409,2206696,2208304,2208403,2209872,2210052",1966
19,E.F. Central do Piauí,4021,"2201507,2201960,2202000,2202539,2202653,2205409,2206696,2208304,2208403,2209872,2210052",1969
19,E.F. Central do Piauí,4021,"2201507,2201960,2202000,2202539,2202653,2205409,2206696,2208304,2208403,2209872,2210052",1972
19,E.F. Central do Piauí,4021,"2201507,2201960,2202000,2202539,2202653,2205409,2206696,2208304,2208403,2209872,2210052",1985
19,E.F. Central do Piauí,4021,"2201507,2201960,2202000,2202539,2202653,2205409,2206696,2208304,2208403,2209872,2210052",1996
19,E.F. Central do Piauí,4021,"2201507,2201960,2202000,2202539,2202653,2205409,2206696,2208304,2208403,2209872,2210052",2003
19,E.F. Central do Piauí,4028,"2201919,2202083,2204659,2205706,2207702",1920
19,E.F. Central do Piauí,4028,"2201919,2202083,2204659,2205706,2207702",1921
19,E.F. Central do Piauí,4028,"2201919,2202083,2204659,2205706,2207702",1922
19,E.F. Central do Piauí,4028,"2201919,2202083,2204659,2205706,2207702",1923
19,E.F. Central do Piauí,4028,"2201919,2202083,2204659,2205706,2207702",1924
19,E.F. Central do Piauí,4028,"2201919,2202083,2204659,2205706,2207702",1925
19,E.F. Central do Piauí,4028,"2201919,2202083,2204659,2205706,2207702",1926
19,E.F. Central do Piauí,4028,"2201919,2202083,2204659,2205706,2207702",1927
19,E.F. Central do Piauí,4028,"2201919,2202083,2204659,2205706,2207702",1929
19,E.F. Central do Piauí,4028,"2201919,2202083,2204659,2205706,2207702",1931
19,E.F. Central do Piauí,4028,"2201919,2202083,2204659,2205706,2207702",1932
19,E.F. Central do Piauí,4028,"2201919,2202083,2204659,2205706,2207702",1933
19,E.F. Central do Piauí,4028,"2201919,2202083,2204659,2205706,2207702",1934
19,E.F. Central do Piauí,4028,"2201919,2202083,2204659,2205706,2207702",1936
19,E.F. Central do Piauí,4028,"2201919,2202083,2204659,2205706,2207702",1937
19,E.F. Central do Piauí,4028,"2201919,2202083,2204659,2205706,2207702",1940
19,E.F. Central do Piauí,4028,"2201919,2202083,2204659,2205706,2207702",1941
19,E.F. Central do Piauí,4028,"2201919,2202083,2204659,2205706,2207702",1944
19,E.F. Central do Piauí,4028,"2201919,2202083,2204659,2205706,2207702",1947
19,E.F. Central do Piauí,4028,"2201919,2202083,2204659,2205706,2207702",1948
19,E.F. Central do Piauí,4028,"2201919,2202083,2204659,2205706,2207702",1949
19,E.F. Central do Piauí,4028,"2201919,2202083,2204659,2205706,2207702",1950
19,E.F. Central do Piauí,4028,"2201919,2202083,2204659,2205706,2207702",1951
19,E.F. Central do Piauí,4028,"2201919,2202083,2204659,2205706,2207702",1953
19,E.F. Central do Piauí,4028,"2201919,2202083,2204659,2205706,2207702",1955
19,E.F. Central do Piauí,4028,"2201919,2202083,2204659,2205706,2207702",1956
19,E.F. Central do Piauí,4028,"2201919,2202083,2204659,2205706,2207702",1957
19,E.F. Central do Piauí,4028,"2201919,2202083,2204659,2205706,2207702",1958
19,E.F. Central do Piauí,4028,"2201919,2202083,2204659,2205706,2207702",1961
19,E.F. Central do Piauí,4028,"2201919,2202083,2204659,2205706,2207702",1962
19,E.F. Central do Piauí,4028,"2201919,2202083,2204659,2205706,2207702",1966
19,E.F. Central do Piauí,4028,"2201919,2202083,2204659,2205706,2207702",1969
19,E.F. Central do Piauí,4028,"2201919,2202083,2204659,2205706,2207702",1972
19,E.F. Central do Piauí,4028,"2201919,2202083,2204659,2205706,2207702",1985
19,E.F. Central do Piauí,4028,"2201919,2202083,2204659,2205706,2207702",1996
19,E.F. Central do Piauí,4028,"2201919,2202083,2204659,2205706,2207702",2003
19,E.F. Central do Piauí,4029,"2201945,2202208,2202711,2205276,2206753,2210656",1966
19,E.F. Central do Piauí,4041,"2202703,2202729",1923
19,E.F. Central do Piauí,4041,"2202703,2202729",1924
19,E.F. Central do Piauí,4041,"2202703,2202729",1925
19,E.F. Central do Piauí,4041,"2202703,2202729",1926
19,E.F. Central do Piauí,4041,"2202703,2202729",1927
19,E.F. Central do Piauí,4041,"2202703,2202729",1929
19,E.F. Central do Piauí,4041,"2202703,2202729",1931
19,E.F. Central do Piauí,4041,"2202703,2202729",1932
19,E.F. Central do Piauí,4041,"2202703,2202729",1933
19,E.F. Central do Piauí,4041,"2202703,2202729",1934
19,E.F. Central do Piauí,4041,"2202703,2202729",1936
19,E.F. Central do Piauí,4041,"2202703,2202729",1937
19,E.F. Central do Piauí,4041,"2202703,2202729",1940
19,E.F. Central do Piauí,4041,"2202703,2202729",1941
19,E.F. Central do Piauí,4041,"2202703,2202729",1944
19,E.F. Central do Piauí,4041,"2202703,2202729",1947
19,E.F. Central do Piauí,4041,"2202703,2202729",1948
19,E.F. Central do Piauí,4041,"2202703,2202729",1949
19,E.F. Central do Piauí,4041,"2202703,2202729",1950
19,E.F. Central do Piauí,4041,"2202703,2202729",1951
19,E.F. Central do Piauí,4041,"2202703,2202729",1953
19,E.F. Central do Piauí,4041,"2202703,2202729",1955
19,E.F. Central do Piauí,4041,"2202703,2202729",1956
19,E.F. Central do Piauí,4041,"2202703,2202729",1957
19,E.F. Central do Piauí,4041,"2202703,2202729",1958
19,E.F. Central do Piauí,4041,"2202703,2202729",1961
19,E.F. Central do Piauí,4041,"2202703,2202729",1962
19,E.F. Central do Piauí,4041,"2202703,2202729",1966
19,E.F. Central do Piauí,4041,"2202703,2202729",1969
19,E.F. Central do Piauí,4041,"2202703,2202729",1972
19,E.F. Central do Piauí,4041,"2202703,2202729",1985
19,E.F. Central do Piauí,4041,"2202703,2202729",1996
19,E.F. Central do Piauí,4041,"2202703,2202729",2003
15,Linha Norte (CE - Consolidada),4104,"2300754,2306405,2308377",1940
15,Linha Norte (CE - Consolidada),4104,"2300754,2306405,2308377",1941
15,Linha Norte (CE - Consolidada),4104,"2300754,2306405,2308377",1944
15,Linha Norte (CE - Consolidada),4104,"2300754,2306405,2308377",1947
15,Linha Norte (CE - Consolidada),4104,"2300754,2306405,2308377",1948
15,Linha Norte (CE - Consolidada),4104,"2300754,2306405,2308377",1949
13,Linha Sul (CE - Consolidada),4116,2301802,1923
13,Linha Sul (CE - Consolidada),4116,2301802,1924
13,Linha Sul (CE - Consolidada),4117,"2301851,2303931,2305266,2311306",1891
13,Linha Sul (CE - Consolidada),4117,"2301851,2303931,2305266,2311306",1892
14,E.F. de Sobral,4120,"2302057,2302602",1882
14,E.F. de Sobral,4120,"2302057,2302602",1883
14,E.F. de Sobral,4120,"2302057,2302602",1884
14,E.F. de Sobral,4120,"2302057,2302602",1885
14,E.F. de Sobral,4120,"2302057,2302602",1886
14,E.F. de Sobral,4120,"2302057,2302602",1887
14,E.F. de Sobral,4120,"2302057,2302602",1888
14,E.F. de Sobral,4120,"2302057,2302602",1891
14,E.F. de Sobral,4120,"2302057,2302602",1892
14,E.F. de Sobral,4120,"2302057,2302602",1894
14,E.F. de Sobral,4120,"2302057,2302602",1895
14,E.F. de Sobral,4120,"2302057,2302602",1896
14,E.F. de Sobral,4120,"2302057,2302602",1900
14,E.F. de Sobral,4120,"2302057,2302602",1901
14,E.F. de Sobral,4120,"2302057,2302602",1902
14,E.F. de Sobral,4120,"2302057,2302602",1904
14,E.F. de Sobral,4120,"2302057,2302602",1905
14,E.F. de Sobral,4120,"2302057,2302602",1906
14,E.F. de Sobral,4120,"2302057,2302602",1907
14,E.F. de Sobral,4120,"2302057,2302602",1908
14,E.F. de Sobral,4120,"2302057,2302602",1910
14,E.F. de Sobral,4120,"2302057,2302602",1911
14,E.F. de Sobral,4120,"2302057,2302602",1912
14,E.F. de Sobral,4120,"2302057,2302602",1913
14,E.F. de Sobral,4120,"2302057,2302602",1914
14,E.F. de Sobral,4120,"2302057,2302602",1915
14,E.F. de Sobral,4120,"2302057,2302602",1916
14,E.F. de Sobral,4120,"2302057,2302602",1917
14,E.F. de Sobral,4120,"2302057,2302602",1918
14,E.F. de Sobral,4120,"2302057,2302602",1919
14,E.F. de Sobral,4120,"2302057,2302602",1920
14,E.F. de Sobral,4120,"2302057,2302602",1921
14,E.F. de Sobral,4120,"2302057,2302602",1922
14,E.F. de Sobral,4120,"2302057,2302602",1923
14,E.F. de Sobral,4120,"2302057,2302602",1924
14,E.F. de Sobral,4120,"2302057,2302602",1925
14,E.F. de Sobral,4120,"2302057,2302602",1926
14,E.F. de Sobral,4120,"2302057,2302602",1927
14,E.F. de Sobral,4120,"2302057,2302602",1929
14,E.F. de Sobral,4120,"2302057,2302602",1931
14,E.F. de Sobral,4120,"2302057,2302602",1932
14,E.F. de Sobral,4120,"2302057,2302602",1933
14,E.F. de Sobral,4120,"2302057,2302602",1934
14,E.F. de Sobral,4120,"2302057,2302602",1936
14,E.F. de Sobral,4120,"2302057,2302602",1937
14,E.F. de Sobral,4120,"2302057,2302602",1940
14,E.F. de Sobral,4120,"2302057,2302602",1941
14,E.F. de Sobral,4120,"2302057,2302602",1944
14,E.F. de Sobral,4120,"2302057,2302602",1947
14,E.F. de Sobral,4120,"2302057,2302602",1948
14,E.F. de Sobral,4120,"2302057,2302602",1949
14,E.F. de Sobral,4120,"2302057,2302602",1950
14,E.F. de Sobral,4120,"2302057,2302602",1951
14,E.F. de Sobral,4120,"2302057,2302602",1953
14,E.F. de Sobral,4120,"2302057,2302602",1955
14,E.F. de Sobral,4120,"2302057,2302602",1956
14,E.F. de Sobral,4120,"2302057,2302602",1957
14,E.F. de Sobral,4120,"2302057,2302602",1958
14,E.F. de Sobral,4120,"2302057,2302602",1961
14,E.F. de Sobral,4120,"2302057,2302602",1962
14,E.F. de Sobral,4120,"2302057,2302602",1966
14,E.F. de Sobral,4120,"2302057,2302602",1969
14,E.F. de Sobral,4120,"2302057,2302602",1972
14,E.F. de Sobral,4120,"2302057,2302602",1985
14,E.F. de Sobral,4120,"2302057,2302602",1996
14,E.F. de Sobral,4120,"2302057,2302602",2003
13,Linha Sul (CE - Consolidada),4121,2302107,1882
13,Linha Sul (CE - Consolidada),4121,2302107,1883
13,Linha Sul (CE - Consolidada),4121,2302107,1884
13,Linha Sul (CE - Consolidada),4121,2302107,1885
13,Linha Sul (CE - Consolidada),4121,2302107,1886
13,Linha Sul (CE - Consolidada),4121,2302107,1887
13,Linha Sul (CE - Consolidada),4121,2302107,1888
14,E.F. de Sobral,4142,2304103,1912
14,E.F. de Sobral,4142,2304103,1913
14,E.F. de Sobral,4142,2304103,1914
14,E.F. de Sobral,4142,2304103,1915
14,E.F. de Sobral,4142,2304103,1916
14,E.F. de Sobral,4142,2304103,1917
14,E.F. de Sobral,4142,2304103,1918
14,E.F. de Sobral,4142,2304103,1919
14,E.F. de Sobral,4142,2304103,1920
14,E.F. de Sobral,4142,2304103,1921
14,E.F. de Sobral,4142,2304103,1922
14,E.F. de Sobral,4142,2304103,1923
14,E.F. de Sobral,4142,2304103,1924
14,E.F. de Sobral,4142,2304103,1925
14,E.F. de Sobral,4142,2304103,1926
14,E.F. de Sobral,4142,2304103,1927
14,E.F. de Sobral,4142,2304103,1929
14,E.F. de Sobral,4142,2304103,1931
14,E.F. de Sobral,4142,2304103,1932
14,E.F. de Sobral,4142,2304103,1933
14,E.F. de Sobral,4142,2304103,1934
14,E.F. de Sobral,4142,2304103,1936
14,E.F. de Sobral,4142,2304103,1937
14,E.F. de Sobral,4142,2304103,1940
14,E.F. de Sobral,4142,2304103,1941
14,E.F. de Sobral,4142,2304103,1944
14,E.F. de Sobral,4142,2304103,1947
14,E.F. de Sobral,4142,2304103,1948
14,E.F. de Sobral,4142,2304103,1949
14,E.F. de Sobral,4142,2304103,1950
14,E.F. de Sobral,4142,2304103,1951
14,E.F. de Sobral,4142,2304103,1953
14,E.F. de Sobral,4142,2304103,1955
14,E.F. de Sobral,4142,2304103,1956
14,E.F. de Sobral,4142,2304103,1957
14,E.F. de Sobral,4142,2304103,1958
14,E.F. de Sobral,4142,2304103,1961
14,E.F. de Sobral,4142,2304103,1962
14,E.F. de Sobral,4142,2304103,1966
14,E.F. de Sobral,4142,2304103,1969
8,Ferrovia Teresina-Fortaleza,4142,2304103,1972
14,E.F. de Sobral,4142,2304103,1972
8,Ferrovia Teresina-Fortaleza,4142,2304103,1985
14,E.F. de Sobral,4142,2304103,1985
8,Ferrovia Teresina-Fortaleza,4142,2304103,1996
14,E.F. de Sobral,4142,2304103,1996
8,Ferrovia Teresina-Fortaleza,4142,2304103,2003
14,E.F. de Sobral,4142,2304103,2003
13,Linha Sul (CE - Consolidada),4143,2304202,1926
13,Linha Sul (CE - Consolidada),4143,2304202,1927
13,Linha Sul (CE - Consolidada),4143,2304202,1929
13,Linha Sul (CE - Consolidada),4143,2304202,1931
13,Linha Sul (CE - Consolidada),4143,2304202,1932
13,Linha Sul (CE - Consolidada),4143,2304202,1933
13,Linha Sul (CE - Consolidada),4143,2304202,1934
13,Linha Sul (CE - Consolidada),4143,2304202,1936
13,Linha Sul (CE - Consolidada),4143,2304202,1937
13,Linha Sul (CE - Consolidada),4143,2304202,1940
13,Linha Sul (CE - Consolidada),4143,2304202,1941
13,Linha Sul (CE - Consolidada),4143,2304202,1944
13,Linha Sul (CE - Consolidada),4143,2304202,1947
13,Linha Sul (CE - Consolidada),4143,2304202,1948
13,Linha Sul (CE - Consolidada),4143,2304202,1949
13,Linha Sul (CE - Consolidada),4143,2304202,1950
13,Linha Sul (CE - Consolidada),4143,2304202,1951
13,Linha Sul (CE - Consolidada),4143,2304202,1953
13,Linha Sul (CE - Consolidada),4143,2304202,1955
13,Linha Sul (CE - Consolidada),4143,2304202,1956
13,Linha Sul (CE - Consolidada),4143,2304202,1957
13,Linha Sul (CE - Consolidada),4143,2304202,1958
13,Linha Sul (CE - Consolidada),4143,2304202,1961
13,Linha Sul (CE - Consolidada),4143,2304202,1962
13,Linha Sul (CE - Consolidada),4143,2304202,1966
13,Linha Sul (CE - Consolidada),4143,2304202,1969
13,Linha Sul (CE - Consolidada),4143,2304202,1972
13,Linha Sul (CE - Consolidada),4143,2304202,1985
13,Linha Sul (CE - Consolidada),4143,2304202,1996
13,Linha Sul (CE - Consolidada),4143,2304202,2003
14,E.F. de Sobral,4148,"2304350,2312908",1882
14,E.F. de Sobral,4148,"2304350,2312908",1883
14,E.F. de Sobral,4148,"2304350,2312908",1884
14,E.F. de Sobral,4148,"2304350,2312908",1885
14,E.F. de Sobral,4148,"2304350,2312908",1886
14,E.F. de Sobral,4148,"2304350,2312908",1887
14,E.F. de Sobral,4148,"2304350,2312908",1888
14,E.F. de Sobral,4148,"2304350,2312908",1891
14,E.F. de Sobral,4148,"2304350,2312908",1892
14,E.F. de Sobral,4148,"2304350,2312908",1894
14,E.F. de Sobral,4148,"2304350,2312908",1895
14,E.F. de Sobral,4148,"2304350,2312908",1896
14,E.F. de Sobral,4148,"2304350,2312908",1900
14,E.F. de Sobral,4148,"2304350,2312908",1901
14,E.F. de Sobral,4148,"2304350,2312908",1902
14,E.F. de Sobral,4148,"2304350,2312908",1904
14,E.F. de Sobral,4148,"2304350,2312908",1905
14,E.F. de Sobral,4148,"2304350,2312908",1906
14,E.F. de Sobral,4148,"2304350,2312908",1907
14,E.F. de Sobral,4148,"2304350,2312908",1908
14,E.F. de Sobral,4148,"2304350,2312908",1910
14,E.F. de Sobral,4148,"2304350,2312908",1911
14,E.F. de Sobral,4148,"2304350,2312908",1912
14,E.F. de Sobral,4148,"2304350,2312908",1913
14,E.F. de Sobral,4148,"2304350,2312908",1914
14,E.F. de Sobral,4148,"2304350,2312908",1915
14,E.F. de Sobral,4148,"2304350,2312908",1916
14,E.F. de Sobral,4148,"2304350,2312908",1917
14,E.F. de Sobral,4148,"2304350,2312908",1918
14,E.F. de Sobral,4148,"2304350,2312908",1919
14,E.F. de Sobral,4148,"2304350,2312908",1920
14,E.F. de Sobral,4148,"2304350,2312908",1921
14,E.F. de Sobral,4148,"2304350,2312908",1922
14,E.F. de Sobral,4148,"2304350,2312908",1923
14,E.F. de Sobral,4148,"2304350,2312908",1924
14,E.F. de Sobral,4148,"2304350,2312908",1925
14,E.F. de Sobral,4148,"2304350,2312908",1926
14,E.F. de Sobral,4148,"2304350,2312908",1927
14,E.F. de Sobral,4148,"2304350,2312908",1929
14,E.F. de Sobral,4148,"2304350,2312908",1931
14,E.F. de Sobral,4148,"2304350,2312908",1932
14,E.F. de Sobral,4148,"2304350,2312908",1933
14,E.F. de Sobral,4148,"2304350,2312908",1934
14,E.F. de Sobral,4148,"2304350,2312908",1936
14,E.F. de Sobral,4148,"2304350,2312908",1937
14,E.F. de Sobral,4148,"2304350,2312908",1940
14,E.F. de Sobral,4148,"2304350,2312908",1941
14,E.F. de Sobral,4148,"2304350,2312908",1944
14,E.F. de Sobral,4148,"2304350,2312908",1947
14,E.F. de Sobral,4148,"2304350,2312908",1948
14,E.F. de Sobral,4148,"2304350,2312908",1949
14,E.F. de Sobral,4148,"2304350,2312908",1950
15,Linha Norte (CE - Consolidada),4148,"2304350,2312908",1950
14,E.F. de Sobral,4148,"2304350,2312908",1951
15,Linha Norte (CE - Consolidada),4148,"2304350,2312908",1951
14,E.F. de Sobral,4148,"2304350,2312908",1953
15,Linha Norte (CE - Consolidada),4148,"2304350,2312908",1953
14,E.F. de Sobral,4148,"2304350,2312908",1955
15,Linha Norte (CE - Consolidada),4148,"2304350,2312908",1955
14,E.F. de Sobral,4148,"2304350,2312908",1956
15,Linha Norte (CE - Consolidada),4148,"2304350,2312908",1956
14,E.F. de Sobral,4148,"2304350,2312908",1957
15,Linha Norte (CE - Consolidada),4148,"2304350,2312908",1957
14,E.F. de Sobral,4148,"2304350,2312908",1958
15,Linha Norte (CE - Consolidada),4148,"2304350,2312908",1958
14,E.F. de Sobral,4148,"2304350,2312908",1961
15,Linha Norte (CE - Consolidada),4148,"2304350,2312908",1961
14,E.F. de Sobral,4148,"2304350,2312908",1962
15,Linha Norte (CE - Consolidada),4148,"2304350,2312908",1962
14,E.F. de Sobral,4148,"2304350,2312908",1966
15,Linha Norte (CE - Consolidada),4148,"2304350,2312908",1966
14,E.F. de Sobral,4148,"2304350,2312908",1969
15,Linha Norte (CE - Consolidada),4148,"2304350,2312908",1969
14,E.F. de Sobral,4148,"2304350,2312908",1972
15,Linha Norte (CE - Consolidada),4148,"2304350,2312908",1972
14,E.F. de Sobral,4148,"2304350,2312908",1985
15,Linha Norte (CE - Consolidada),4148,"2304350,2312908",1985
14,E.F. de Sobral,4148,"2304350,2312908",1996
15,Linha Norte (CE - Consolidada),4148,"2304350,2312908",1996
14,E.F. de Sobral,4148,"2304350,2312908",2003
15,Linha Norte (CE - Consolidada),4148,"2304350,2312908",2003
13,Linha Sul (CE - Consolidada),4149,2304400,1873
13,Linha Sul (CE - Consolidada),4149,2304400,1875
13,Linha Sul (CE - Consolidada),4149,2304400,1876
13,Linha Sul (CE - Consolidada),4149,2304400,1880
13,Linha Sul (CE - Consolidada),4149,2304400,1881
13,Linha Sul (CE - Consolidada),4149,2304400,1882
13,Linha Sul (CE - Consolidada),4149,2304400,1883
13,Linha Sul (CE - Consolidada),4149,2304400,1884
13,Linha Sul (CE - Consolidada),4149,2304400,1885
13,Linha Sul (CE - Consolidada),4149,2304400,1886
13,Linha Sul (CE - Consolidada),4149,2304400,1887
13,Linha Sul (CE - Consolidada),4149,2304400,1888
13,Linha Sul (CE - Consolidada),4149,2304400,1891
13,Linha Sul (CE - Consolidada),4149,2304400,1892
13,Linha Sul (CE - Consolidada),4149,2304400,1894
13,Linha Sul (CE - Consolidada),4149,2304400,1895
13,Linha Sul (CE - Consolidada),4149,2304400,1896
13,Linha Sul (CE - Consolidada),4149,2304400,1900
13,Linha Sul (CE - Consolidada),4149,2304400,1901
13,Linha Sul (CE - Consolidada),4149,2304400,1902
13,Linha Sul (CE - Consolidada),4149,2304400,1904
13,Linha Sul (CE - Consolidada),4149,2304400,1905
13,Linha Sul (CE - Consolidada),4149,2304400,1906
13,Linha Sul (CE - Consolidada),4149,2304400,1907
13,Linha Sul (CE - Consolidada),4149,2304400,1908
13,Linha Sul (CE - Consolidada),4149,2304400,1910
13,Linha Sul (CE - Consolidada),4149,2304400,1911
13,Linha Sul (CE - Consolidada),4149,2304400,1912
13,Linha Sul (CE - Consolidada),4149,2304400,1913
13,Linha Sul (CE - Consolidada),4149,2304400,1914
13,Linha Sul (CE - Consolidada),4149,2304400,1915
13,Linha Sul (CE - Consolidada),4149,2304400,1916
13,Linha Sul (CE - Consolidada),4149,2304400,1917
13,Linha Sul (CE - Consolidada),4149,2304400,1918
13,Linha Sul (CE - Consolidada),4149,2304400,1919
13,Linha Sul (CE - Consolidada),4149,2304400,1920
13,Linha Sul (CE - Consolidada),4149,2304400,1921
13,Linha Sul (CE - Consolidada),4149,2304400,1922
13,Linha Sul (CE - Consolidada),4149,2304400,1923
13,Linha Sul (CE - Consolidada),4149,2304400,1924
13,Linha Sul (CE - Consolidada),4149,2304400,1925
13,Linha Sul (CE - Consolidada),4149,2304400,1926
13,Linha Sul (CE - Consolidada),4149,2304400,1927
13,Linha Sul (CE - Consolidada),4149,2304400,1929
13,Linha Sul (CE - Consolidada),4149,2304400,1931
13,Linha Sul (CE - Consolidada),4149,2304400,1932
13,Linha Sul (CE - Consolidada),4149,2304400,1933
13,Linha Sul (CE - Consolidada),4149,2304400,1934
13,Linha Sul (CE - Consolidada),4149,2304400,1936
13,Linha Sul (CE - Consolidada),4149,2304400,1937
13,Linha Sul (CE - Consolidada),4149,2304400,1940
15,Linha Norte (CE - Consolidada),4149,2304400,1940
13,Linha Sul (CE - Consolidada),4149,2304400,1941
15,Linha Norte (CE - Consolidada),4149,2304400,1941
13,Linha Sul (CE - Consolidada),4149,2304400,1944
15,Linha Norte (CE - Consolidada),4149,2304400,1944
13,Linha Sul (CE - Consolidada),4149,2304400,1947
15,Linha Norte (CE - Consolidada),4149,2304400,1947
13,Linha Sul (CE - Consolidada),4149,2304400,1948
15,Linha Norte (CE - Consolidada),4149,2304400,1948
13,Linha Sul (CE - Consolidada),4149,2304400,1949
15,Linha Norte (CE - Consolidada),4149,2304400,1949
13,Linha Sul (CE - Consolidada),4149,2304400,1950
15,Linha Norte (CE - Consolidada),4149,2304400,1950
13,Linha Sul (CE - Consolidada),4149,2304400,1951
15,Linha Norte (CE - Consolidada),4149,2304400,1951
13,Linha Sul (CE - Consolidada),4149,2304400,1953
15,Linha Norte (CE - Consolidada),4149,2304400,1953
13,Linha Sul (CE - Consolidada),4149,2304400,1955
15,Linha Norte (CE - Consolidada),4149,2304400,1955
13,Linha Sul (CE - Consolidada),4149,2304400,1956
15,Linha Norte (CE - Consolidada),4149,2304400,1956
13,Linha Sul (CE - Consolidada),4149,2304400,1957
15,Linha Norte (CE - Consolidada),4149,2304400,1957
13,Linha Sul (CE - Consolidada),4149,2304400,1958
15,Linha Norte (CE - Consolidada),4149,2304400,1958
13,Linha Sul (CE - Consolidada),4149,2304400,1961
15,Linha Norte (CE - Consolidada),4149,2304400,1961
13,Linha Sul (CE - Consolidada),4149,2304400,1962
15,Linha Norte (CE - Consolidada),4149,2304400,1962
13,Linha Sul (CE - Consolidada),4149,2304400,1966
15,Linha Norte (CE - Consolidada),4149,2304400,1966
13,Linha Sul (CE - Consolidada),4149,2304400,1969
15,Linha Norte (CE - Consolidada),4149,2304400,1969
13,Linha Sul (CE - Consolidada),4149,2304400,1972
15,Linha Norte (CE - Consolidada),4149,2304400,1972
13,Linha Sul (CE - Consolidada),4149,2304400,1985
15,Linha Norte (CE - Consolidada),4149,2304400,1985
13,Linha Sul (CE - Consolidada),4149,2304400,1996
15,Linha Norte (CE - Consolidada),4149,2304400,1996
13,Linha Sul (CE - Consolidada),4149,2304400,2003
15,Linha Norte (CE - Consolidada),4149,2304400,2003
13,Linha Sul (CE - Consolidada),4156,"2304954,2306256,2309706",1873
13,Linha Sul (CE - Consolidada),4156,"2304954,2306256,2309706",1875
13,Linha Sul (CE - Consolidada),4156,"2304954,2306256,2309706",1876
13,Linha Sul (CE - Consolidada),4156,"2304954,2306256,2309706",1880
13,Linha Sul (CE - Consolidada),4156,"2304954,2306256,2309706",1881
13,Linha Sul (CE - Consolidada),4162,"2305506,2311355",1910
13,Linha Sul (CE - Consolidada),4162,"2305506,2311355",1911
13,Linha Sul (CE - Consolidada),4162,"2305506,2311355",1912
13,Linha Sul (CE - Consolidada),4162,"2305506,2311355",1913
13,Linha Sul (CE - Consolidada),4162,"2305506,2311355",1914
13,Linha Sul (CE - Consolidada),4162,"2305506,2311355",1915
13,Linha Sul (CE - Consolidada),4162,"2305506,2311355",1916
14,E.F. de Sobral,4165,"2305803,2310951",1894
14,E.F. de Sobral,4165,"2305803,2310951",1895
14,E.F. de Sobral,4165,"2305803,2310951",1896
14,E.F. de Sobral,4165,"2305803,2310951",1900
14,E.F. de Sobral,4165,"2305803,2310951",1901
14,E.F. de Sobral,4165,"2305803,2310951",1902
14,E.F. de Sobral,4165,"2305803,2310951",1904
14,E.F. de Sobral,4165,"2305803,2310951",1905
14,E.F. de Sobral,4165,"2305803,2310951",1906
14,E.F. de Sobral,4165,"2305803,2310951",1907
14,E.F. de Sobral,4165,"2305803,2310951",1908
14,E.F. de Sobral,4165,"2305803,2310951",1910
14,E.F. de Sobral,4165,"2305803,2310951",1911
13,Linha Sul (CE - Consolidada),4181,2307502,1917
13,Linha Sul (CE - Consolidada),4181,2307502,1918
13,Linha Sul (CE - Consolidada),4181,2307502,1919
13,Linha Sul (CE - Consolidada),4181,2307502,1920
13,Linha Sul (CE - Consolidada),4181,2307502,1921
13,Linha Sul (CE - Consolidada),4181,2307502,1922
13,Linha Sul (CE - Consolidada),4181,2307502,1923
13,Linha Sul (CE - Consolidada),4181,2307502,1924
13,Linha Sul (CE - Consolidada),4181,2307502,1925
13,Linha Sul (CE - Consolidada),4181,2307502,1926
13,Linha Sul (CE - Consolidada),4181,2307502,1927
13,Linha Sul (CE - Consolidada),4181,2307502,1929
13,Linha Sul (CE - Consolidada),4181,2307502,1931
13,Linha Sul (CE - Consolidada),4181,2307502,1932
13,Linha Sul (CE - Consolidada),4181,2307502,1933
13,Linha Sul (CE - Consolidada),4181,2307502,1934
13,Linha Sul (CE - Consolidada),4181,2307502,1936
13,Linha Sul (CE - Consolidada),4181,2307502,1937
13,Linha Sul (CE - Consolidada),4181,2307502,1940
13,Linha Sul (CE - Consolidada),4181,2307502,1941
13,Linha Sul (CE - Consolidada),4181,2307502,1944
13,Linha Sul (CE - Consolidada),4181,2307502,1947
13,Linha Sul (CE - Consolidada),4181,2307502,1948
13,Linha Sul (CE - Consolidada),4181,2307502,1949
13,Linha Sul (CE - Consolidada),4181,2307502,1950
13,Linha Sul (CE - Consolidada),4181,2307502,1951
13,Linha Sul (CE - Consolidada),4181,2307502,1953
13,Linha Sul (CE - Consolidada),4181,2307502,1955
13,Linha Sul (CE - Consolidada),4181,2307502,1956
13,Linha Sul (CE - Consolidada),4181,2307502,1957
13,Linha Sul (CE - Consolidada),4181,2307502,1958
13,Linha Sul (CE - Consolidada),4181,2307502,1961
13,Linha Sul (CE - Consolidada),4181,2307502,1962
13,Linha Sul (CE - Consolidada),4181,2307502,1966
13,Linha Sul (CE - Consolidada),4181,2307502,1969
13,Linha Sul (CE - Consolidada),4181,2307502,1972
13,Linha Sul (CE - Consolidada),4181,2307502,1985
13,Linha Sul (CE - Consolidada),4181,2307502,1996
13,Linha Sul (CE - Consolidada),4181,2307502,2003
13,Linha Sul (CE - Consolidada),4183,"2307635,2311405",1894
13,Linha Sul (CE - Consolidada),4183,"2307635,2311405",1895
13,Linha Sul (CE - Consolidada),4183,"2307635,2311405",1896
13,Linha Sul (CE - Consolidada),4224,2312700,1900
13,Linha Sul (CE - Consolidada),4224,2312700,1901
13,Linha Sul (CE - Consolidada),4224,2312700,1902
13,Linha Sul (CE - Consolidada),4224,2312700,1904
13,Linha Sul (CE - Consolidada),4224,2312700,1905
13,Linha Sul (CE - Consolidada),4224,2312700,1906
13,Linha Sul (CE - Consolidada),4224,2312700,1907
13,Linha Sul (CE - Consolidada),4224,2312700,1908
4,E.F. Mossoró-Souza,5002,"2400208,2401107,2401453,2402501,2408003,2410256,2413359",1915
4,E.F. Mossoró-Souza,5002,"2400208,2401107,2401453,2402501,2408003,2410256,2413359",1916
4,E.F. Mossoró-Souza,5002,"2400208,2401107,2401453,2402501,2408003,2410256,2413359",1917
4,E.F. Mossoró-Souza,5002,"2400208,2401107,2401453,2402501,2408003,2410256,2413359",1918
4,E.F. Mossoró-Souza,5002,"2400208,2401107,2401453,2402501,2408003,2410256,2413359",1919
4,E.F. Mossoró-Souza,5002,"2400208,2401107,2401453,2402501,2408003,2410256,2413359",1920
4,E.F. Mossoró-Souza,5002,"2400208,2401107,2401453,2402501,2408003,2410256,2413359",1921
4,E.F. Mossoró-Souza,5002,"2400208,2401107,2401453,2402501,2408003,2410256,2413359",1922
4,E.F. Mossoró-Souza,5002,"2400208,2401107,2401453,2402501,2408003,2410256,2413359",1923
4,E.F. Mossoró-Souza,5002,"2400208,2401107,2401453,2402501,2408003,2410256,2413359",1924
4,E.F. Mossoró-Souza,5002,"2400208,2401107,2401453,2402501,2408003,2410256,2413359",1925
4,E.F. Mossoró-Souza,5002,"2400208,2401107,2401453,2402501,2408003,2410256,2413359",1926
4,E.F. Mossoró-Souza,5002,"2400208,2401107,2401453,2402501,2408003,2410256,2413359",1927
4,E.F. Mossoró-Souza,5002,"2400208,2401107,2401453,2402501,2408003,2410256,2413359",1929
4,E.F. Mossoró-Souza,5002,"2400208,2401107,2401453,2402501,2408003,2410256,2413359",1931
4,E.F. Mossoró-Souza,5002,"2400208,2401107,2401453,2402501,2408003,2410256,2413359",1932
4,E.F. Mossoró-Souza,5002,"2400208,2401107,2401453,2402501,2408003,2410256,2413359",1933
4,E.F. Mossoró-Souza,5002,"2400208,2401107,2401453,2402501,2408003,2410256,2413359",1934
4,E.F. Mossoró-Souza,5002,"2400208,2401107,2401453,2402501,2408003,2410256,2413359",1936
4,E.F. Mossoró-Souza,5002,"2400208,2401107,2401453,2402501,2408003,2410256,2413359",1937
4,E.F. Mossoró-Souza,5002,"2400208,2401107,2401453,2402501,2408003,2410256,2413359",1940
4,E.F. Mossoró-Souza,5002,"2400208,2401107,2401453,2402501,2408003,2410256,2413359",1941
4,E.F. Mossoró-Souza,5002,"2400208,2401107,2401453,2402501,2408003,2410256,2413359",1944
4,E.F. Mossoró-Souza,5002,"2400208,2401107,2401453,2402501,2408003,2410256,2413359",1947
4,E.F. Mossoró-Souza,5002,"2400208,2401107,2401453,2402501,2408003,2410256,2413359",1948
4,E.F. Mossoró-Souza,5002,"2400208,2401107,2401453,2402501,2408003,2410256,2413359",1949
4,E.F. Mossoró-Souza,5002,"2400208,2401107,2401453,2402501,2408003,2410256,2413359",1950
4,E.F. Mossoró-Souza,5002,"2400208,2401107,2401453,2402501,2408003,2410256,2413359",1951
4,E.F. Mossoró-Souza,5002,"2400208,2401107,2401453,2402501,2408003,2410256,2413359",1953
4,E.F. Mossoró-Souza,5002,"2400208,2401107,2401453,2402501,2408003,2410256,2413359",1955
4,E.F. Mossoró-Souza,5002,"2400208,2401107,2401453,2402501,2408003,2410256,2413359",1956
4,E.F. Mossoró-Souza,5002,"2400208,2401107,2401453,2402501,2408003,2410256,2413359",1957
4,E.F. Mossoró-Souza,5002,"2400208,2401107,2401453,2402501,2408003,2410256,2413359",1958
4,E.F. Mossoró-Souza,5002,"2400208,2401107,2401453,2402501,2408003,2410256,2413359",1961
4,E.F. Mossoró-Souza,5002,"2400208,2401107,2401453,2402501,2408003,2410256,2413359",1962
5,E.F. Central do Rio Grande do Norte,5002,"2400208,2401107,2401453,2402501,2408003,2410256,2413359",1962
4,E.F. Mossoró-Souza,5002,"2400208,2401107,2401453,2402501,2408003,2410256,2413359",1966
5,E.F. Central do Rio Grande do Norte,5002,"2400208,2401107,2401453,2402501,2408003,2410256,2413359",1966
4,E.F. Mossoró-Souza,5002,"2400208,2401107,2401453,2402501,2408003,2410256,2413359",1969
5,E.F. Central do Rio Grande do Norte,5002,"2400208,2401107,2401453,2402501,2408003,2410256,2413359",1969
4,E.F. Mossoró-Souza,5002,"2400208,2401107,2401453,2402501,2408003,2410256,2413359",1972
5,E.F. Central do Rio Grande do Norte,5002,"2400208,2401107,2401453,2402501,2408003,2410256,2413359",1972
4,E.F. Mossoró-Souza,5002,"2400208,2401107,2401453,2402501,2408003,2410256,2413359",1985
5,E.F. Central do Rio Grande do Norte,5002,"2400208,2401107,2401453,2402501,2408003,2410256,2413359",1985
4,E.F. Mossoró-Souza,5002,"2400208,2401107,2401453,2402501,2408003,2410256,2413359",1996
5,E.F. Central do Rio Grande do Norte,5002,"2400208,2401107,2401453,2402501,2408003,2410256,2413359",1996
4,E.F. Mossoró-Souza,5002,"2400208,2401107,2401453,2402501,2408003,2410256,2413359",2003
5,E.F. Central do Rio Grande do Norte,5002,"2400208,2401107,2401453,2402501,2408003,2410256,2413359",2003
5,E.F. Central do Rio Grande do Norte,5003,2400307,1933
5,E.F. Central do Rio Grande do Norte,5003,2400307,1934
5,E.F. Central do Rio Grande do Norte,5003,2400307,1936
5,E.F. Central do Rio Grande do Norte,5003,2400307,1937
5,E.F. Central do Rio Grande do Norte,5003,2400307,1940
5,E.F. Central do Rio Grande do Norte,5003,2400307,1941
5,E.F. Central do Rio Grande do Norte,5003,2400307,1944
5,E.F. Central do Rio Grande do Norte,5003,2400307,1947
5,E.F. Central do Rio Grande do Norte,5003,2400307,1948
5,E.F. Central do Rio Grande do Norte,5003,2400307,1949
5,E.F. Central do Rio Grande do Norte,5003,2400307,1950
5,E.F. Central do Rio Grande do Norte,5003,2400307,1951
5,E.F. Central do Rio Grande do Norte,5003,2400307,1953
5,E.F. Central do Rio Grande do Norte,5003,2400307,1955
5,E.F. Central do Rio Grande do Norte,5003,2400307,1956
5,E.F. Central do Rio Grande do Norte,5003,2400307,1957
5,E.F. Central do Rio Grande do Norte,5003,2400307,1958
5,E.F. Central do Rio Grande do Norte,5003,2400307,1961
4,E.F. Mossoró-Souza,5005,2400505,1948
4,E.F. Mossoró-Souza,5005,2400505,1949
4,E.F. Mossoró-Souza,5005,2400505,1950
5,E.F. Central do Rio Grande do Norte,5008,"2400802,2403756",1933
5,E.F. Central do Rio Grande do Norte,5008,"2400802,2403756",1934
5,E.F. Central do Rio Grande do Norte,5008,"2400802,2403756",1936
5,E.F. Central do Rio Grande do Norte,5008,"2400802,2403756",1937
5,E.F. Central do Rio Grande do Norte,5008,"2400802,2403756",1940
5,E.F. Central do Rio Grande do Norte,5008,"2400802,2403756",1941
5,E.F. Central do Rio Grande do Norte,5008,"2400802,2403756",1944
5,E.F. Central do Rio Grande do Norte,5008,"2400802,2403756",1947
5,E.F. Central do Rio Grande do Norte,5008,"2400802,2403756",1948
5,E.F. Central do Rio Grande do Norte,5008,"2400802,2403756",1949
5,E.F. Central do Rio Grande do Norte,5008,"2400802,2403756",1950
5,E.F. Central do Rio Grande do Norte,5008,"2400802,2403756",1951
5,E.F. Central do Rio Grande do Norte,5008,"2400802,2403756",1953
5,E.F. Central do Rio Grande do Norte,5008,"2400802,2403756",1955
5,E.F. Central do Rio Grande do Norte,5008,"2400802,2403756",1956
5,E.F. Central do Rio Grande do Norte,5008,"2400802,2403756",1957
5,E.F. Central do Rio Grande do Norte,5008,"2400802,2403756",1958
5,E.F. Central do Rio Grande do Norte,5008,"2400802,2403756",1961
5,E.F. Central do Rio Grande do Norte,5008,"2400802,2403756",1962
5,E.F. Central do Rio Grande do Norte,5008,"2400802,2403756",1966
5,E.F. Central do Rio Grande do Norte,5008,"2400802,2403756",1969
5,E.F. Central do Rio Grande do Norte,5008,"2400802,2403756",1972
5,E.F. Central do Rio Grande do Norte,5008,"2400802,2403756",1985
5,E.F. Central do Rio Grande do Norte,5008,"2400802,2403756",1996
5,E.F. Central do Rio Grande do Norte,5008,"2400802,2403756",2003
18,E.F. Natal a Nova Cruz,5023,2402204,1882
4,E.F. Mossoró-Souza,5024,2402303,1929
4,E.F. Mossoró-Souza,5024,2402303,1931
4,E.F. Mossoró-Souza,5024,2402303,1932
4,E.F. Mossoró-Souza,5024,2402303,1933
4,E.F. Mossoró-Souza,5024,2402303,1934
5,E.F. Central do Rio Grande do Norte,5026,2402600,1906
4,E.F. Mossoró-Souza,5044,2404309,1926
4,E.F. Mossoró-Souza,5044,2404309,1927
5,E.F. Central do Rio Grande do Norte,5048,"2404705,2404853",1949
5,E.F. Central do Rio Grande do Norte,5048,"2404705,2404853",1950
5,E.F. Central do Rio Grande do Norte,5048,"2404705,2404853",1951
5,E.F. Central do Rio Grande do Norte,5048,"2404705,2404853",1953
5,E.F. Central do Rio Grande do Norte,5048,"2404705,2404853",1955
5,E.F. Central do Rio Grande do Norte,5048,"2404705,2404853",1956
5,E.F. Central do Rio Grande do Norte,5048,"2404705,2404853",1957
5,E.F. Central do Rio Grande do Norte,5048,"2404705,2404853",1958
5,E.F. Central do Rio Grande do Norte,5048,"2404705,2404853",1961
5,E.F. Central do Rio Grande do Norte,5048,"2404705,2404853",1962
5,E.F. Central do Rio Grande do Norte,5048,"2404705,2404853",1966
5,E.F. Central do Rio Grande do Norte,5048,"2404705,2404853",1969
5,E.F. Central do Rio Grande do Norte,5048,"2404705,2404853",1972
5,E.F. Central do Rio Grande do Norte,5048,"2404705,2404853",1985
5,E.F. Central do Rio Grande do Norte,5048,"2404705,2404853",1996
5,E.F. Central do Rio Grande do Norte,5048,"2404705,2404853",2003
5,E.F. Central do Rio Grande do Norte,5059,2405801,1910
5,E.F. Central do Rio Grande do Norte,5059,2405801,1911
5,E.F. Central do Rio Grande do Norte,5059,2405801,1912
5,E.F. Central do Rio Grande do Norte,5069,2406700,1918
5,E.F. Central do Rio Grande do Norte,5069,2406700,1919
5,E.F. Central do Rio Grande do Norte,5069,2406700,1920
5,E.F. Central do Rio Grande do Norte,5069,2406700,1921
5,E.F. Central do Rio Grande do Norte,5069,2406700,1922
5,E.F. Central do Rio Grande do Norte,5069,2406700,1923
5,E.F. Central do Rio Grande do Norte,5069,2406700,1924
5,E.F. Central do Rio Grande do Norte,5069,2406700,1925
5,E.F. Central do Rio Grande do Norte,5069,2406700,1926
5,E.F. Central do Rio Grande do Norte,5069,2406700,1927
5,E.F. Central do Rio Grande do Norte,5069,2406700,1929
5,E.F. Central do Rio Grande do Norte,5069,2406700,1931
5,E.F. Central do Rio Grande do Norte,5069,2406700,1932
5,E.F. Central do Rio Grande do Norte,5069,2406700,1933
5,E.F. Central do Rio Grande do Norte,5069,2406700,1934
5,E.F. Central do Rio Grande do Norte,5069,2406700,1936
5,E.F. Central do Rio Grande do Norte,5069,2406700,1937
5,E.F. Central do Rio Grande do Norte,5069,2406700,1940
5,E.F. Central do Rio Grande do Norte,5069,2406700,1941
5,E.F. Central do Rio Grande do Norte,5069,2406700,1944
5,E.F. Central do Rio Grande do Norte,5069,2406700,1947
5,E.F. Central do Rio Grande do Norte,5069,2406700,1948
5,E.F. Central do Rio Grande do Norte,5069,2406700,1949
5,E.F. Central do Rio Grande do Norte,5069,2406700,1950
5,E.F. Central do Rio Grande do Norte,5069,2406700,1951
5,E.F. Central do Rio Grande do Norte,5069,2406700,1953
5,E.F. Central do Rio Grande do Norte,5069,2406700,1955
5,E.F. Central do Rio Grande do Norte,5069,2406700,1956
5,E.F. Central do Rio Grande do Norte,5069,2406700,1957
5,E.F. Central do Rio Grande do Norte,5069,2406700,1958
5,E.F. Central do Rio Grande do Norte,5069,2406700,1961
5,E.F. Central do Rio Grande do Norte,5069,2406700,1962
5,E.F. Central do Rio Grande do Norte,5069,2406700,1966
5,E.F. Central do Rio Grande do Norte,5069,2406700,1969
5,E.F. Central do Rio Grande do Norte,5069,2406700,1972
5,E.F. Central do Rio Grande do Norte,5069,2406700,1985
5,E.F. Central do Rio Grande do Norte,5069,2406700,1996
5,E.F. Central do Rio Grande do Norte,5069,2406700,2003
18,E.F. Natal a Nova Cruz,5082,2408102,1881
18,E.F. Natal a Nova Cruz,5082,2408102,1882
18,E.F. Natal a Nova Cruz,5082,2408102,1883
18,E.F. Natal a Nova Cruz,5082,2408102,1884
18,E.F. Natal a Nova Cruz,5082,2408102,1885
18,E.F. Natal a Nova Cruz,5082,2408102,1886
18,E.F. Natal a Nova Cruz,5082,2408102,1887
18,E.F. Natal a Nova Cruz,5082,2408102,1888
18,E.F. Natal a Nova Cruz,5082,2408102,1891
18,E.F. Natal a Nova Cruz,5082,2408102,1892
18,E.F. Natal a Nova Cruz,5082,2408102,1894
18,E.F. Natal a Nova Cruz,5082,2408102,1895
18,E.F. Natal a Nova Cruz,5082,2408102,1896
18,E.F. Natal a Nova Cruz,5082,2408102,1900
18,E.F. Natal a Nova Cruz,5082,2408102,1901
18,E.F. Natal a Nova Cruz,5082,2408102,1902
18,E.F. Natal a Nova Cruz,5082,2408102,1904
18,E.F. Natal a Nova Cruz,5082,2408102,1905
5,E.F. Central do Rio Grande do Norte,5082,2408102,1906
18,E.F. Natal a Nova Cruz,5082,2408102,1906
5,E.F. Central do Rio Grande do Norte,5082,2408102,1907
18,E.F. Natal a Nova Cruz,5082,2408102,1907
5,E.F. Central do Rio Grande do Norte,5082,2408102,1908
18,E.F. Natal a Nova Cruz,5082,2408102,1908
5,E.F. Central do Rio Grande do Norte,5082,2408102,1910
18,E.F. Natal a Nova Cruz,5082,2408102,1910
5,E.F. Central do Rio Grande do Norte,5082,2408102,1911
18,E.F. Natal a Nova Cruz,5082,2408102,1911
5,E.F. Central do Rio Grande do Norte,5082,2408102,1912
18,E.F. Natal a Nova Cruz,5082,2408102,1912
5,E.F. Central do Rio Grande do Norte,5082,2408102,1913
18,E.F. Natal a Nova Cruz,5082,2408102,1913
5,E.F. Central do Rio Grande do Norte,5082,2408102,1914
18,E.F. Natal a Nova Cruz,5082,2408102,1914
5,E.F. Central do Rio Grande do Norte,5082,2408102,1915
18,E.F. Natal a Nova Cruz,5082,2408102,1915
5,E.F. Central do Rio Grande do Norte,5082,2408102,1916
18,E.F. Natal a Nova Cruz,5082,2408102,1916
5,E.F. Central do Rio Grande do Norte,5082,2408102,1917
18,E.F. Natal a Nova Cruz,5082,2408102,1917
5,E.F. Central do Rio Grande do Norte,5082,2408102,1918
18,E.F. Natal a Nova Cruz,5082,2408102,1918
5,E.F. Central do Rio Grande do Norte,5082,2408102,1919
18,E.F. Natal a Nova Cruz,5082,2408102,1919
5,E.F. Central do Rio Grande do Norte,5082,2408102,1920
18,E.F. Natal a Nova Cruz,5082,2408102,1920
5,E.F. Central do Rio Grande do Norte,5082,2408102,1921
18,E.F. Natal a Nova Cruz,5082,2408102,1921
5,E.F. Central do Rio Grande do Norte,5082,2408102,1922
18,E.F. Natal a Nova Cruz,5082,2408102,1922
5,E.F. Central do Rio Grande do Norte,5082,2408102,1923
18,E.F. Natal a Nova Cruz,5082,2408102,1923
5,E.F. Central do Rio Grande do Norte,5082,2408102,1924
18,E.F. Natal a Nova Cruz,5082,2408102,1924
5,E.F. Central do Rio Grande do Norte,5082,2408102,1925
18,E.F. Natal a Nova Cruz,5082,2408102,1925
5,E.F. Central do Rio Grande do Norte,5082,2408102,1926
18,E.F. Natal a Nova Cruz,5082,2408102,1926
5,E.F. Central do Rio Grande do Norte,5082,2408102,1927
18,E.F. Natal a Nova Cruz,5082,2408102,1927
5,E.F. Central do Rio Grande do Norte,5082,2408102,1929
18,E.F. Natal a Nova Cruz,5082,2408102,1929
5,E.F. Central do Rio Grande do Norte,5082,2408102,1931
18,E.F. Natal a Nova Cruz,5082,2408102,1931
5,E.F. Central do Rio Grande do Norte,5082,2408102,1932
18,E.F. Natal a Nova Cruz,5082,2408102,1932
5,E.F. Central do Rio Grande do Norte,5082,2408102,1933
18,E.F. Natal a Nova Cruz,5082,2408102,1933
5,E.F. Central do Rio Grande do Norte,5082,2408102,1934
18,E.F. Natal a Nova Cruz,5082,2408102,1934
5,E.F. Central do Rio Grande do Norte,5082,2408102,1936
18,E.F. Natal a Nova Cruz,5082,2408102,1936
5,E.F. Central do Rio Grande do Norte,5082,2408102,1937
18,E.F. Natal a Nova Cruz,5082,2408102,1937
5,E.F. Central do Rio Grande do Norte,5082,2408102,1940
18,E.F. Natal a Nova Cruz,5082,2408102,1940
5,E.F. Central do Rio Grande do Norte,5082,2408102,1941
18,E.F. Natal a Nova Cruz,5082,2408102,1941
5,E.F. Central do Rio Grande do Norte,5082,2408102,1944
18,E.F. Natal a Nova Cruz,5082,2408102,1944
5,E.F. Central do Rio Grande do Norte,5082,2408102,1947
18,E.F. Natal a Nova Cruz,5082,2408102,1947
5,E.F. Central do Rio Grande do Norte,5082,2408102,1948
18,E.F. Natal a Nova Cruz,5082,2408102,1948
5,E.F. Central do Rio Grande do Norte,5082,2408102,1949
18,E.F. Natal a Nova Cruz,5082,2408102,1949
5,E.F. Central do Rio Grande do Norte,5082,2408102,1950
18,E.F. Natal a Nova Cruz,5082,2408102,1950
5,E.F. Central do Rio Grande do Norte,5082,2408102,1951
18,E.F. Natal a Nova Cruz,5082,2408102,1951
5,E.F. Central do Rio Grande do Norte,5082,2408102,1953
18,E.F. Natal a Nova Cruz,5082,2408102,1953
5,E.F. Central do Rio Grande do Norte,5082,2408102,1955
18,E.F. Natal a Nova Cruz,5082,2408102,1955
5,E.F. Central do Rio Grande do Norte,5082,2408102,1956
18,E.F. Natal a Nova Cruz,5082,2408102,1956
5,E.F. Central do Rio Grande do Norte,5082,2408102,1957
18,E.F. Natal a Nova Cruz,5082,2408102,1957
5,E.F. Central do Rio Grande do Norte,5082,2408102,1958
18,E.F. Natal a Nova Cruz,5082,2408102,1958
5,E.F. Central do Rio Grande do Norte,5082,2408102,1961
18,E.F. Natal a Nova Cruz,5082,2408102,1961
5,E.F. Central do Rio Grande do Norte,5082,2408102,1962
18,E.F. Natal a Nova Cruz,5082,2408102,1962
5,E.F. Central do Rio Grande do Norte,5082,2408102,1966
18,E.F. Natal a Nova Cruz,5082,2408102,1966
5,E.F. Central do Rio Grande do Norte,5082,2408102,1969
18,E.F. Natal a Nova Cruz,5082,2408102,1969
5,E.F. Central do Rio Grande do Norte,5082,2408102,1972
18,E.F. Natal a Nova Cruz,5082,2408102,1972
5,E.F. Central do Rio Grande do Norte,5082,2408102,1985
18,E.F. Natal a Nova Cruz,5082,2408102,1985
5,E.F. Central do Rio Grande do Norte,5082,2408102,1996
18,E.F. Natal a Nova Cruz,5082,2408102,1996
5,E.F. Central do Rio Grande do Norte,5082,2408102,2003
18,E.F. Natal a Nova Cruz,5082,2408102,2003
18,E.F. Natal a Nova Cruz,5084,2408300,1883
18,E.F. Natal a Nova Cruz,5084,2408300,1884
18,E.F. Natal a Nova Cruz,5084,2408300,1885
18,E.F. Natal a Nova Cruz,5084,2408300,1886
18,E.F. Natal a Nova Cruz,5084,2408300,1887
18,E.F. Natal a Nova Cruz,5084,2408300,1888
18,E.F. Natal a Nova Cruz,5084,2408300,1891
18,E.F. Natal a Nova Cruz,5084,2408300,1892
18,E.F. Natal a Nova Cruz,5084,2408300,1894
18,E.F. Natal a Nova Cruz,5084,2408300,1895
18,E.F. Natal a Nova Cruz,5084,2408300,1896
18,E.F. Natal a Nova Cruz,5084,2408300,1900
18,E.F. Natal a Nova Cruz,5084,2408300,1901
18,E.F. Natal a Nova Cruz,5084,2408300,1902
16,E.F. Conde d'Eu,5084,2408300,1904
18,E.F. Natal a Nova Cruz,5084,2408300,1904
16,E.F. Conde d'Eu,5084,2408300,1905
18,E.F. Natal a Nova Cruz,5084,2408300,1905
16,E.F. Conde d'Eu,5084,2408300,1906
18,E.F. Natal a Nova Cruz,5084,2408300,1906
16,E.F. Conde d'Eu,5084,2408300,1907
18,E.F. Natal a Nova Cruz,5084,2408300,1907
16,E.F. Conde d'Eu,5084,2408300,1908
18,E.F. Natal a Nova Cruz,5084,2408300,1908
16,E.F. Conde d'Eu,5084,2408300,1910
18,E.F. Natal a Nova Cruz,5084,2408300,1910
16,E.F. Conde d'Eu,5084,2408300,1911
18,E.F. Natal a Nova Cruz,5084,2408300,1911
16,E.F. Conde d'Eu,5084,2408300,1912
18,E.F. Natal a Nova Cruz,5084,2408300,1912
16,E.F. Conde d'Eu,5084,2408300,1913
18,E.F. Natal a Nova Cruz,5084,2408300,1913
16,E.F. Conde d'Eu,5084,2408300,1914
18,E.F. Natal a Nova Cruz,5084,2408300,1914
16,E.F. Conde d'Eu,5084,2408300,1915
18,E.F. Natal a Nova Cruz,5084,2408300,1915
16,E.F. Conde d'Eu,5084,2408300,1916
18,E.F. Natal a Nova Cruz,5084,2408300,1916
16,E.F. Conde d'Eu,5084,2408300,1917
18,E.F. Natal a Nova Cruz,5084,2408300,1917
16,E.F. Conde d'Eu,5084,2408300,1918
18,E.F. Natal a Nova Cruz,5084,2408300,1918
16,E.F. Conde d'Eu,5084,2408300,1919
18,E.F. Natal a Nova Cruz,5084,2408300,1919
16,E.F. Conde d'Eu,5084,2408300,1920
18,E.F. Natal a Nova Cruz,5084,2408300,1920
16,E.F. Conde d'Eu,5084,2408300,1921
18,E.F. Natal a Nova Cruz,5084,2408300,1921
16,E.F. Conde d'Eu,5084,2408300,1922
18,E.F. Natal a Nova Cruz,5084,2408300,1922
16,E.F. Conde d'Eu,5084,2408300,1923
18,E.F. Natal a Nova Cruz,5084,2408300,1923
16,E.F. Conde d'Eu,5084,2408300,1924
18,E.F. Natal a Nova Cruz,5084,2408300,1924
16,E.F. Conde d'Eu,5084,2408300,1925
18,E.F. Natal a Nova Cruz,5084,2408300,1925
16,E.F. Conde d'Eu,5084,2408300,1926
18,E.F. Natal a Nova Cruz,5084,2408300,1926
16,E.F. Conde d'Eu,5084,2408300,1927
18,E.F. Natal a Nova Cruz,5084,2408300,1927
16,E.F. Conde d'Eu,5084,2408300,1929
18,E.F. Natal a Nova Cruz,5084,2408300,1929
16,E.F. Conde d'Eu,5084,2408300,1931
18,E.F. Natal a Nova Cruz,5084,2408300,1931
16,E.F. Conde d'Eu,5084,2408300,1932
18,E.F. Natal a Nova Cruz,5084,2408300,1932
16,E.F. Conde d'Eu,5084,2408300,1933
18,E.F. Natal a Nova Cruz,5084,2408300,1933
16,E.F. Conde d'Eu,5084,2408300,1934
18,E.F. Natal a Nova Cruz,5084,2408300,1934
16,E.F. Conde d'Eu,5084,2408300,1936
18,E.F. Natal a Nova Cruz,5084,2408300,1936
16,E.F. Conde d'Eu,5084,2408300,1937
18,E.F. Natal a Nova Cruz,5084,2408300,1937
16,E.F. Conde d'Eu,5084,2408300,1940
18,E.F. Natal a Nova Cruz,5084,2408300,1940
16,E.F. Conde d'Eu,5084,2408300,1941
18,E.F. Natal a Nova Cruz,5084,2408300,1941
16,E.F. Conde d'Eu,5084,2408300,1944
18,E.F. Natal a Nova Cruz,5084,2408300,1944
16,E.F. Conde d'Eu,5084,2408300,1947
18,E.F. Natal a Nova Cruz,5084,2408300,1947
16,E.F. Conde d'Eu,5084,2408300,1948
18,E.F. Natal a Nova Cruz,5084,2408300,1948
16,E.F. Conde d'Eu,5084,2408300,1949
18,E.F. Natal a Nova Cruz,5084,2408300,1949
16,E.F. Conde d'Eu,5084,2408300,1950
18,E.F. Natal a Nova Cruz,5084,2408300,1950
16,E.F. Conde d'Eu,5084,2408300,1951
18,E.F. Natal a Nova Cruz,5084,2408300,1951
16,E.F. Conde d'Eu,5084,2408300,1953
18,E.F. Natal a Nova Cruz,5084,2408300,1953
16,E.F. Conde d'Eu,5084,2408300,1955
18,E.F. Natal a Nova Cruz,5084,2408300,1955
16,E.F. Conde d'Eu,5084,2408300,1956
18,E.F. Natal a Nova Cruz,5084,2408300,1956
16,E.F. Conde d'Eu,5084,2408300,1957
18,E.F. Natal a Nova Cruz,5084,2408300,1957
16,E.F. Conde d'Eu,5084,2408300,1958
18,E.F. Natal a Nova Cruz,5084,2408300,1958
16,E.F. Conde d'Eu,5084,2408300,1961
18,E.F. Natal a Nova Cruz,5084,2408300,1961
16,E.F. Conde d'Eu,5084,2408300,1962
18,E.F. Natal a Nova Cruz,5084,2408300,1962
16,E.F. Conde d'Eu,5084,2408300,1966
18,E.F. Natal a Nova Cruz,5084,2408300,1966
16,E.F. Conde d'Eu,5084,2408300,1969
18,E.F. Natal a Nova Cruz,5084,2408300,1969
16,E.F. Conde d'Eu,5084,2408300,1972
18,E.F. Natal a Nova Cruz,5084,2408300,1972
16,E.F. Conde d'Eu,5084,2408300,1985
18,E.F. Natal a Nova Cruz,5084,2408300,1985
16,E.F. Conde d'Eu,5084,2408300,1996
18,E.F. Natal a Nova Cruz,5084,2408300,1996
16,E.F. Conde d'Eu,5084,2408300,2003
18,E.F. Natal a Nova Cruz,5084,2408300,2003
4,E.F. Mossoró-Souza,5093,2409308,1936
4,E.F. Mossoró-Souza,5093,2409308,1937
4,E.F. Mossoró-Souza,5093,2409308,1940
4,E.F. Mossoró-Souza,5093,2409308,1941
4,E.F. Mossoró-Souza,5093,2409308,1944
4,E.F. Mossoró-Souza,5093,2409308,1947
5,E.F. Central do Rio Grande do Norte,5097,2409605,1913
5,E.F. Central do Rio Grande do Norte,5097,2409605,1914
5,E.F. Central do Rio Grande do Norte,5097,2409605,1915
5,E.F. Central do Rio Grande do Norte,5097,2409605,1916
5,E.F. Central do Rio Grande do Norte,5097,2409605,1917
18,E.F. Natal a Nova Cruz,5121,2412203,1881
5,E.F. Central do Rio Grande do Norte,5127,2412807,1949
5,E.F. Central do Rio Grande do Norte,5127,2412807,1950
5,E.F. Central do Rio Grande do Norte,5127,2412807,1951
5,E.F. Central do Rio Grande do Norte,5127,2412807,1953
5,E.F. Central do Rio Grande do Norte,5127,2412807,1955
5,E.F. Central do Rio Grande do Norte,5127,2412807,1956
5,E.F. Central do Rio Grande do Norte,5127,2412807,1957
5,E.F. Central do Rio Grande do Norte,5127,2412807,1958
5,E.F. Central do Rio Grande do Norte,5127,2412807,1961
5,E.F. Central do Rio Grande do Norte,5127,2412807,1962
5,E.F. Central do Rio Grande do Norte,5127,2412807,1966
5,E.F. Central do Rio Grande do Norte,5127,2412807,1969
5,E.F. Central do Rio Grande do Norte,5127,2412807,1972
5,E.F. Central do Rio Grande do Norte,5127,2412807,1985
5,E.F. Central do Rio Grande do Norte,5127,2412807,1996
5,E.F. Central do Rio Grande do Norte,5127,2412807,2003
5,E.F. Central do Rio Grande do Norte,5138,2413904,1907
5,E.F. Central do Rio Grande do Norte,5138,2413904,1908
16,E.F. Conde d'Eu,6003,2500304,1901
16,E.F. Conde d'Eu,6003,2500304,1902
16,E.F. Conde d'Eu,6003,2500304,1904
16,E.F. Conde d'Eu,6003,2500304,1905
16,E.F. Conde d'Eu,6003,2500304,1906
16,E.F. Conde d'Eu,6003,2500304,1907
16,E.F. Conde d'Eu,6003,2500304,1908
16,E.F. Conde d'Eu,6003,2500304,1910
16,E.F. Conde d'Eu,6003,2500304,1911
16,E.F. Conde d'Eu,6003,2500304,1912
16,E.F. Conde d'Eu,6003,2500304,1913
16,E.F. Conde d'Eu,6003,2500304,1914
16,E.F. Conde d'Eu,6003,2500304,1915
16,E.F. Conde d'Eu,6003,2500304,1916
16,E.F. Conde d'Eu,6003,2500304,1917
16,E.F. Conde d'Eu,6003,2500304,1918
16,E.F. Conde d'Eu,6003,2500304,1919
16,E.F. Conde d'Eu,6003,2500304,1920
16,E.F. Conde d'Eu,6003,2500304,1921
16,E.F. Conde d'Eu,6003,2500304,1922
16,E.F. Conde d'Eu,6003,2500304,1923
16,E.F. Conde d'Eu,6003,2500304,1924
16,E.F. Conde d'Eu,6003,2500304,1925
16,E.F. Conde d'Eu,6003,2500304,1926
16,E.F. Conde d'Eu,6003,2500304,1927
16,E.F. Conde d'Eu,6003,2500304,1929
16,E.F. Conde d'Eu,6003,2500304,1931
16,E.F. Conde d'Eu,6003,2500304,1932
16,E.F. Conde d'Eu,6003,2500304,1933
16,E.F. Conde d'Eu,6003,2500304,1934
16,E.F. Conde d'Eu,6003,2500304,1936
16,E.F. Conde d'Eu,6003,2500304,1937
16,E.F. Conde d'Eu,6003,2500304,1940
16,E.F. Conde d'Eu,6003,2500304,1941
16,E.F. Conde d'Eu,6003,2500304,1944
16,E.F. Conde d'Eu,6003,2500304,1947
16,E.F. Conde d'Eu,6003,2500304,1948
16,E.F. Conde d'Eu,6003,2500304,1949
16,E.F. Conde d'Eu,6003,2500304,1950
16,E.F. Conde d'Eu,6003,2500304,1951
16,E.F. Conde d'Eu,6003,2500304,1953
16,E.F. Conde d'Eu,6003,2500304,1955
16,E.F. Conde d'Eu,6003,2500304,1956
16,E.F. Conde d'Eu,6003,2500304,1957
16,E.F. Conde d'Eu,6003,2500304,1958
16,E.F. Conde d'Eu,6003,2500304,1961
16,E.F. Conde d'Eu,6003,2500304,1962
16,E.F. Conde d'Eu,6003,2500304,1966
16,E.F. Conde d'Eu,6003,2500304,1969
16,E.F. Conde d'Eu,6003,2500304,1972
16,E.F. Conde d'Eu,6003,2500304,1985
16,E.F. Conde d'Eu,6003,2500304,1996
16,E.F. Conde d'Eu,6003,2500304,2003
13,Linha Sul (CE - Consolidada),6009,"2512077,2500700",1923
13,Linha Sul (CE - Consolidada),6009,"2512077,2500700",1924
13,Linha Sul (CE - Consolidada),6009,"2512077,2500700",1925
13,Linha Sul (CE - Consolidada),6009,"2512077,2500700",1926
13,Linha Sul (CE - Consolidada),6009,"2512077,2500700",1927
13,Linha Sul (CE - Consolidada),6009,"2512077,2500700",1929
13,Linha Sul (CE - Consolidada),6009,"2512077,2500700",1931
13,Linha Sul (CE - Consolidada),6009,"2512077,2500700",1932
13,Linha Sul (CE - Consolidada),6009,"2512077,2500700",1933
13,Linha Sul (CE - Consolidada),6009,"2512077,2500700",1934
13,Linha Sul (CE - Consolidada),6009,"2512077,2500700",1936
13,Linha Sul (CE - Consolidada),6009,"2512077,2500700",1937
13,Linha Sul (CE - Consolidada),6009,"2512077,2500700",1940
13,Linha Sul (CE - Consolidada),6009,"2512077,2500700",1941
13,Linha Sul (CE - Consolidada),6009,"2512077,2500700",1944
13,Linha Sul (CE - Consolidada),6009,"2512077,2500700",1947
13,Linha Sul (CE - Consolidada),6009,"2512077,2500700",1948
13,Linha Sul (CE - Consolidada),6009,"2512077,2500700",1949
13,Linha Sul (CE - Consolidada),6009,"2512077,2500700",1950
13,Linha Sul (CE - Consolidada),6009,"2512077,2500700",1951
13,Linha Sul (CE - Consolidada),6009,"2512077,2500700",1953
13,Linha Sul (CE - Consolidada),6009,"2512077,2500700",1955
13,Linha Sul (CE - Consolidada),6009,"2512077,2500700",1956
13,Linha Sul (CE - Consolidada),6009,"2512077,2500700",1957
13,Linha Sul (CE - Consolidada),6009,"2512077,2500700",1958
13,Linha Sul (CE - Consolidada),6009,"2512077,2500700",1961
13,Linha Sul (CE - Consolidada),6009,"2512077,2500700",1962
13,Linha Sul (CE - Consolidada),6009,"2512077,2500700",1966
13,Linha Sul (CE - Consolidada),6009,"2512077,2500700",1969
13,Linha Sul (CE - Consolidada),6009,"2512077,2500700",1972
13,Linha Sul (CE - Consolidada),6009,"2512077,2500700",1985
13,Linha Sul (CE - Consolidada),6009,"2512077,2500700",1996
13,Linha Sul (CE - Consolidada),6009,"2512077,2500700",2003
13,Linha Sul (CE - Consolidada),6011,"2500775,2509156,2513984,2516201,2517209",1926
13,Linha Sul (CE - Consolidada),6011,"2500775,2509156,2513984,2516201,2517209",1927
13,Linha Sul (CE - Consolidada),6011,"2500775,2509156,2513984,2516201,2517209",1929
13,Linha Sul (CE - Consolidada),6011,"2500775,2509156,2513984,2516201,2517209",1931
4,E.F. Mossoró-Souza,6011,"2500775,2509156,2513984,2516201,2517209",1951
4,E.F. Mossoró-Souza,6011,"2500775,2509156,2513984,2516201,2517209",1953
4,E.F. Mossoró-Souza,6011,"2500775,2509156,2513984,2516201,2517209",1955
4,E.F. Mossoró-Souza,6011,"2500775,2509156,2513984,2516201,2517209",1956
4,E.F. Mossoró-Souza,6011,"2500775,2509156,2513984,2516201,2517209",1957
4,E.F. Mossoró-Souza,6011,"2500775,2509156,2513984,2516201,2517209",1958
4,E.F. Mossoró-Souza,6011,"2500775,2509156,2513984,2516201,2517209",1961
4,E.F. Mossoró-Souza,6011,"2500775,2509156,2513984,2516201,2517209",1962
4,E.F. Mossoró-Souza,6011,"2500775,2509156,2513984,2516201,2517209",1966
4,E.F. Mossoró-Souza,6011,"2500775,2509156,2513984,2516201,2517209",1969
4,E.F. Mossoró-Souza,6011,"2500775,2509156,2513984,2516201,2517209",1972
4,E.F. Mossoró-Souza,6011,"2500775,2509156,2513984,2516201,2517209",1985
4,E.F. Mossoró-Souza,6011,"2500775,2509156,2513984,2516201,2517209",1996
4,E.F. Mossoró-Souza,6011,"2500775,2509156,2513984,2516201,2517209",2003
17,Ramal de Campina Grande,6030,"2502151,2504009",1907
17,Ramal de Campina Grande,6030,"2502151,2504009",1908
17,Ramal de Campina Grande,6030,"2502151,2504009",1910
17,Ramal de Campina Grande,6030,"2502151,2504009",1911
17,Ramal de Campina Grande,6030,"2502151,2504009",1912
17,Ramal de Campina Grande,6030,"2502151,2504009",1913
17,Ramal de Campina Grande,6030,"2502151,2504009",1914
17,Ramal de Campina Grande,6030,"2502151,2504009",1915
17,Ramal de Campina Grande,6030,"2502151,2504009",1916
17,Ramal de Campina Grande,6030,"2502151,2504009",1917
17,Ramal de Campina Grande,6030,"2502151,2504009",1918
17,Ramal de Campina Grande,6030,"2502151,2504009",1919
17,Ramal de Campina Grande,6030,"2502151,2504009",1920
17,Ramal de Campina Grande,6030,"2502151,2504009",1921
17,Ramal de Campina Grande,6030,"2502151,2504009",1922
17,Ramal de Campina Grande,6030,"2502151,2504009",1923
17,Ramal de Campina Grande,6030,"2502151,2504009",1924
17,Ramal de Campina Grande,6030,"2502151,2504009",1925
17,Ramal de Campina Grande,6030,"2502151,2504009",1926
17,Ramal de Campina Grande,6030,"2502151,2504009",1927
17,Ramal de Campina Grande,6030,"2502151,2504009",1929
17,Ramal de Campina Grande,6030,"2502151,2504009",1931
17,Ramal de Campina Grande,6030,"2502151,2504009",1932
17,Ramal de Campina Grande,6030,"2502151,2504009",1933
17,Ramal de Campina Grande,6030,"2502151,2504009",1934
17,Ramal de Campina Grande,6030,"2502151,2504009",1936
17,Ramal de Campina Grande,6030,"2502151,2504009",1937
17,Ramal de Campina Grande,6030,"2502151,2504009",1940
17,Ramal de Campina Grande,6030,"2502151,2504009",1941
17,Ramal de Campina Grande,6030,"2502151,2504009",1944
17,Ramal de Campina Grande,6030,"2502151,2504009",1947
17,Ramal de Campina Grande,6030,"2502151,2504009",1948
17,Ramal de Campina Grande,6030,"2502151,2504009",1949
17,Ramal de Campina Grande,6030,"2502151,2504009",1950
17,Ramal de Campina Grande,6030,"2502151,2504009",1951
17,Ramal de Campina Grande,6030,"2502151,2504009",1953
17,Ramal de Campina Grande,6030,"2502151,2504009",1955
17,Ramal de Campina Grande,6030,"2502151,2504009",1956
17,Ramal de Campina Grande,6030,"2502151,2504009",1957
13,Linha Sul (CE - Consolidada),6030,"2502151,2504009",1958
17,Ramal de Campina Grande,6030,"2502151,2504009",1958
13,Linha Sul (CE - Consolidada),6030,"2502151,2504009",1961
17,Ramal de Campina Grande,6030,"2502151,2504009",1961
13,Linha Sul (CE - Consolidada),6030,"2502151,2504009",1962
17,Ramal de Campina Grande,6030,"2502151,2504009",1962
13,Linha Sul (CE - Consolidada),6030,"2502151,2504009",1966
17,Ramal de Campina Grande,6030,"2502151,2504009",1966
13,Linha Sul (CE - Consolidada),6030,"2502151,2504009",1969
17,Ramal de Campina Grande,6030,"2502151,2504009",1969
13,Linha Sul (CE - Consolidada),6030,"2502151,2504009",1972
17,Ramal de Campina Grande,6030,"2502151,2504009",1972
13,Linha Sul (CE - Consolidada),6030,"2502151,2504009",1985
17,Ramal de Campina Grande,6030,"2502151,2504009",1985
13,Linha Sul (CE - Consolidada),6030,"2502151,2504009",1996
17,Ramal de Campina Grande,6030,"2502151,2504009",1996
13,Linha Sul (CE - Consolidada),6030,"2502151,2504009",2003
17,Ramal de Campina Grande,6030,"2502151,2504009",2003
16,E.F. Conde d'Eu,6035,2502706,1913
16,E.F. Conde d'Eu,6035,2502706,1914
16,E.F. Conde d'Eu,6035,2502706,1915
16,E.F. Conde d'Eu,6035,2502706,1916
16,E.F. Conde d'Eu,6035,2502706,1917
16,E.F. Conde d'Eu,6035,2502706,1918
16,E.F. Conde d'Eu,6035,2502706,1919
16,E.F. Conde d'Eu,6035,2502706,1920
16,E.F. Conde d'Eu,6035,2502706,1921
16,E.F. Conde d'Eu,6035,2502706,1922
16,E.F. Conde d'Eu,6035,2502706,1923
16,E.F. Conde d'Eu,6035,2502706,1924
16,E.F. Conde d'Eu,6035,2502706,1925
16,E.F. Conde d'Eu,6035,2502706,1926
16,E.F. Conde d'Eu,6035,2502706,1927
16,E.F. Conde d'Eu,6035,2502706,1929
16,E.F. Conde d'Eu,6035,2502706,1931
16,E.F. Conde d'Eu,6035,2502706,1932
16,E.F. Conde d'Eu,6035,2502706,1933
16,E.F. Conde d'Eu,6035,2502706,1934
16,E.F. Conde d'Eu,6035,2502706,1936
16,E.F. Conde d'Eu,6035,2502706,1937
16,E.F. Conde d'Eu,6035,2502706,1940
16,E.F. Conde d'Eu,6035,2502706,1941
16,E.F. Conde d'Eu,6035,2502706,1944
16,E.F. Conde d'Eu,6035,2502706,1947
16,E.F. Conde d'Eu,6035,2502706,1948
16,E.F. Conde d'Eu,6035,2502706,1949
16,E.F. Conde d'Eu,6035,2502706,1950
16,E.F. Conde d'Eu,6035,2502706,1951
16,E.F. Conde d'Eu,6035,2502706,1953
16,E.F. Conde d'Eu,6035,2502706,1955
16,E.F. Conde d'Eu,6035,2502706,1956
16,E.F. Conde d'Eu,6035,2502706,1957
16,E.F. Conde d'Eu,6035,2502706,1958
16,E.F. Conde d'Eu,6035,2502706,1961
16,E.F. Conde d'Eu,6035,2502706,1962
16,E.F. Conde d'Eu,6035,2502706,1966
16,E.F. Conde d'Eu,6035,2502706,1969
16,E.F. Conde d'Eu,6035,2502706,1972
16,E.F. Conde d'Eu,6035,2502706,1985
16,E.F. Conde d'Eu,6035,2502706,1996
16,E.F. Conde d'Eu,6035,2502706,2003
16,E.F. Conde d'Eu,6040,2503209,1883
16,E.F. Conde d'Eu,6040,2503209,1884
16,E.F. Conde d'Eu,6040,2503209,1885
16,E.F. Conde d'Eu,6040,2503209,1886
16,E.F. Conde d'Eu,6040,2503209,1887
16,E.F. Conde d'Eu,6040,2503209,1888
16,E.F. Conde d'Eu,6040,2503209,1891
16,E.F. Conde d'Eu,6040,2503209,1892
16,E.F. Conde d'Eu,6040,2503209,1894
16,E.F. Conde d'Eu,6040,2503209,1895
16,E.F. Conde d'Eu,6040,2503209,1896
16,E.F. Conde d'Eu,6040,2503209,1900
16,E.F. Conde d'Eu,6040,2503209,1901
16,E.F. Conde d'Eu,6040,2503209,1902
16,E.F. Conde d'Eu,6040,2503209,1904
16,E.F. Conde d'Eu,6040,2503209,1905
16,E.F. Conde d'Eu,6040,2503209,1906
16,E.F. Conde d'Eu,6040,2503209,1907
16,E.F. Conde d'Eu,6040,2503209,1908
16,E.F. Conde d'Eu,6040,2503209,1910
16,E.F. Conde d'Eu,6040,2503209,1911
16,E.F. Conde d'Eu,6040,2503209,1912
16,E.F. Conde d'Eu,6040,2503209,1913
16,E.F. Conde d'Eu,6040,2503209,1914
16,E.F. Conde d'Eu,6040,2503209,1915
16,E.F. Conde d'Eu,6040,2503209,1916
16,E.F. Conde d'Eu,6040,2503209,1917
16,E.F. Conde d'Eu,6040,2503209,1918
16,E.F. Conde d'Eu,6040,2503209,1919
16,E.F. Conde d'Eu,6040,2503209,1920
16,E.F. Conde d'Eu,6040,2503209,1921
16,E.F. Conde d'Eu,6040,2503209,1922
16,E.F. Conde d'Eu,6040,2503209,1923
16,E.F. Conde d'Eu,6040,2503209,1924
16,E.F. Conde d'Eu,6040,2503209,1925
16,E.F. Conde d'Eu,6040,2503209,1926
16,E.F. Conde d'Eu,6040,2503209,1927
16,E.F. Conde d'Eu,6040,2503209,1929
16,E.F. Conde d'Eu,6040,2503209,1931
16,E.F. Conde d'Eu,6040,2503209,1932
16,E.F. Conde d'Eu,6040,2503209,1933
16,E.F. Conde d'Eu,6040,2503209,1934
16,E.F. Conde d'Eu,6040,2503209,1936
16,E.F. Conde d'Eu,6040,2503209,1937
16,E.F. Conde d'Eu,6040,2503209,1940
16,E.F. Conde d'Eu,6040,2503209,1941
16,E.F. Conde d'Eu,6040,2503209,1944
16,E.F. Conde d'Eu,6040,2503209,1947
16,E.F. Conde d'Eu,6040,2503209,1948
16,E.F. Conde d'Eu,6040,2503209,1949
16,E.F. Conde d'Eu,6040,2503209,1950
16,E.F. Conde d'Eu,6040,2503209,1951
16,E.F. Conde d'Eu,6040,2503209,1953
16,E.F. Conde d'Eu,6040,2503209,1955
16,E.F. Conde d'Eu,6040,2503209,1956
16,E.F. Conde d'Eu,6040,2503209,1957
16,E.F. Conde d'Eu,6040,2503209,1958
16,E.F. Conde d'Eu,6040,2503209,1961
16,E.F. Conde d'Eu,6040,2503209,1962
16,E.F. Conde d'Eu,6040,2503209,1966
16,E.F. Conde d'Eu,6040,2503209,1969
16,E.F. Conde d'Eu,6040,2503209,1972
16,E.F. Conde d'Eu,6040,2503209,1985
16,E.F. Conde d'Eu,6040,2503209,1996
16,E.F. Conde d'Eu,6040,2503209,2003
13,Linha Sul (CE - Consolidada),6046,2503704,1926
13,Linha Sul (CE - Consolidada),6046,2503704,1927
13,Linha Sul (CE - Consolidada),6046,2503704,1929
13,Linha Sul (CE - Consolidada),6046,2503704,1931
13,Linha Sul (CE - Consolidada),6046,2503704,1932
13,Linha Sul (CE - Consolidada),6046,2503704,1933
13,Linha Sul (CE - Consolidada),6046,2503704,1934
13,Linha Sul (CE - Consolidada),6046,2503704,1936
13,Linha Sul (CE - Consolidada),6046,2503704,1937
13,Linha Sul (CE - Consolidada),6046,2503704,1940
13,Linha Sul (CE - Consolidada),6046,2503704,1941
13,Linha Sul (CE - Consolidada),6046,2503704,1944
13,Linha Sul (CE - Consolidada),6046,2503704,1947
13,Linha Sul (CE - Consolidada),6046,2503704,1948
13,Linha Sul (CE - Consolidada),6046,2503704,1949
13,Linha Sul (CE - Consolidada),6046,2503704,1950
13,Linha Sul (CE - Consolidada),6046,2503704,1951
13,Linha Sul (CE - Consolidada),6046,2503704,1953
13,Linha Sul (CE - Consolidada),6046,2503704,1955
13,Linha Sul (CE - Consolidada),6046,2503704,1956
13,Linha Sul (CE - Consolidada),6046,2503704,1957
13,Linha Sul (CE - Consolidada),6046,2503704,1958
13,Linha Sul (CE - Consolidada),6046,2503704,1961
13,Linha Sul (CE - Consolidada),6046,2503704,1962
13,Linha Sul (CE - Consolidada),6046,2503704,1966
13,Linha Sul (CE - Consolidada),6046,2503704,1969
13,Linha Sul (CE - Consolidada),6046,2503704,1972
13,Linha Sul (CE - Consolidada),6046,2503704,1985
13,Linha Sul (CE - Consolidada),6046,2503704,1996
13,Linha Sul (CE - Consolidada),6046,2503704,2003
13,Linha Sul (CE - Consolidada),6047,"2503753,2512101,2513927,2513968",1932
13,Linha Sul (CE - Consolidada),6047,"2503753,2512101,2513927,2513968",1933
13,Linha Sul (CE - Consolidada),6047,"2503753,2512101,2513927,2513968",1934
13,Linha Sul (CE - Consolidada),6047,"2503753,2512101,2513927,2513968",1936
13,Linha Sul (CE - Consolidada),6047,"2503753,2512101,2513927,2513968",1937
13,Linha Sul (CE - Consolidada),6047,"2503753,2512101,2513927,2513968",1940
13,Linha Sul (CE - Consolidada),6047,"2503753,2512101,2513927,2513968",1941
16,E.F. Conde d'Eu,6053,"2504157,2516003",1925
16,E.F. Conde d'Eu,6053,"2504157,2516003",1926
16,E.F. Conde d'Eu,6053,"2504157,2516003",1927
16,E.F. Conde d'Eu,6053,"2504157,2516003",1929
16,E.F. Conde d'Eu,6053,"2504157,2516003",1931
16,E.F. Conde d'Eu,6053,"2504157,2516003",1932
16,E.F. Conde d'Eu,6053,"2504157,2516003",1933
16,E.F. Conde d'Eu,6053,"2504157,2516003",1934
16,E.F. Conde d'Eu,6053,"2504157,2516003",1936
16,E.F. Conde d'Eu,6053,"2504157,2516003",1937
16,E.F. Conde d'Eu,6053,"2504157,2516003",1940
16,E.F. Conde d'Eu,6053,"2504157,2516003",1941
16,E.F. Conde d'Eu,6053,"2504157,2516003",1944
16,E.F. Conde d'Eu,6053,"2504157,2516003",1947
16,E.F. Conde d'Eu,6053,"2504157,2516003",1948
16,E.F. Conde d'Eu,6053,"2504157,2516003",1949
16,E.F. Conde d'Eu,6053,"2504157,2516003",1950
16,E.F. Conde d'Eu,6053,"2504157,2516003",1951
16,E.F. Conde d'Eu,6053,"2504157,2516003",1953
16,E.F. Conde d'Eu,6053,"2504157,2516003",1955
16,E.F. Conde d'Eu,6053,"2504157,2516003",1956
16,E.F. Conde d'Eu,6053,"2504157,2516003",1957
16,E.F. Conde d'Eu,6053,"2504157,2516003",1958
16,E.F. Conde d'Eu,6053,"2504157,2516003",1961
16,E.F. Conde d'Eu,6053,"2504157,2516003",1962
16,E.F. Conde d'Eu,6053,"2504157,2516003",1966
16,E.F. Conde d'Eu,6053,"2504157,2516003",1969
16,E.F. Conde d'Eu,6053,"2504157,2516003",1972
16,E.F. Conde d'Eu,6053,"2504157,2516003",1985
16,E.F. Conde d'Eu,6053,"2504157,2516003",1996
16,E.F. Conde d'Eu,6053,"2504157,2516003",2003
16,E.F. Conde d'Eu,6062,2504900,1883
1,E.F. Recife a Limoeiro,6081,2506905,1901
1,E.F. Recife a Limoeiro,6081,2506905,1902
1,E.F. Recife a Limoeiro,6081,2506905,1904
1,E.F. Recife a Limoeiro,6081,2506905,1905
1,E.F. Recife a Limoeiro,6081,2506905,1906
1,E.F. Recife a Limoeiro,6081,2506905,1907
16,E.F. Conde d'Eu,6081,2506905,1907
17,Ramal de Campina Grande,6081,2506905,1907
1,E.F. Recife a Limoeiro,6081,2506905,1908
16,E.F. Conde d'Eu,6081,2506905,1908
17,Ramal de Campina Grande,6081,2506905,1908
1,E.F. Recife a Limoeiro,6081,2506905,1910
16,E.F. Conde d'Eu,6081,2506905,1910
17,Ramal de Campina Grande,6081,2506905,1910
1,E.F. Recife a Limoeiro,6081,2506905,1911
16,E.F. Conde d'Eu,6081,2506905,1911
17,Ramal de Campina Grande,6081,2506905,1911
1,E.F. Recife a Limoeiro,6081,2506905,1912
16,E.F. Conde d'Eu,6081,2506905,1912
17,Ramal de Campina Grande,6081,2506905,1912
1,E.F. Recife a Limoeiro,6081,2506905,1913
16,E.F. Conde d'Eu,6081,2506905,1913
17,Ramal de Campina Grande,6081,2506905,1913
1,E.F. Recife a Limoeiro,6081,2506905,1914
16,E.F. Conde d'Eu,6081,2506905,1914
17,Ramal de Campina Grande,6081,2506905,1914
1,E.F. Recife a Limoeiro,6081,2506905,1915
16,E.F. Conde d'Eu,6081,2506905,1915
17,Ramal de Campina Grande,6081,2506905,1915
1,E.F. Recife a Limoeiro,6081,2506905,1916
16,E.F. Conde d'Eu,6081,2506905,1916
17,Ramal de Campina Grande,6081,2506905,1916
1,E.F. Recife a Limoeiro,6081,2506905,1917
16,E.F. Conde d'Eu,6081,2506905,1917
17,Ramal de Campina Grande,6081,2506905,1917
1,E.F. Recife a Limoeiro,6081,2506905,1918
16,E.F. Conde d'Eu,6081,2506905,1918
17,Ramal de Campina Grande,6081,2506905,1918
1,E.F. Recife a Limoeiro,6081,2506905,1919
16,E.F. Conde d'Eu,6081,2506905,1919
17,Ramal de Campina Grande,6081,2506905,1919
1,E.F. Recife a Limoeiro,6081,2506905,1920
16,E.F. Conde d'Eu,6081,2506905,1920
17,Ramal de Campina Grande,6081,2506905,1920
1,E.F. Recife a Limoeiro,6081,2506905,1921
16,E.F. Conde d'Eu,6081,2506905,1921
17,Ramal de Campina Grande,6081,2506905,1921
1,E.F. Recife a Limoeiro,6081,2506905,1922
16,E.F. Conde d'Eu,6081,2506905,1922
17,Ramal de Campina Grande,6081,2506905,1922
1,E.F. Recife a Limoeiro,6081,2506905,1923
16,E.F. Conde d'Eu,6081,2506905,1923
17,Ramal de Campina Grande,6081,2506905,1923
1,E.F. Recife a Limoeiro,6081,2506905,1924
16,E.F. Conde d'Eu,6081,2506905,1924
17,Ramal de Campina Grande,6081,2506905,1924
1,E.F. Recife a Limoeiro,6081,2506905,1925
16,E.F. Conde d'Eu,6081,2506905,1925
17,Ramal de Campina Grande,6081,2506905,1925
1,E.F. Recife a Limoeiro,6081,2506905,1926
16,E.F. Conde d'Eu,6081,2506905,1926
17,Ramal de Campina Grande,6081,2506905,1926
1,E.F. Recife a Limoeiro,6081,2506905,1927
16,E.F. Conde d'Eu,6081,2506905,1927
17,Ramal de Campina Grande,6081,2506905,1927
1,E.F. Recife a Limoeiro,6081,2506905,1929
16,E.F. Conde d'Eu,6081,2506905,1929
17,Ramal de Campina Grande,6081,2506905,1929
1,E.F. Recife a Limoeiro,6081,2506905,1931
16,E.F. Conde d'Eu,6081,2506905,1931
17,Ramal de Campina Grande,6081,2506905,1931
1,E.F. Recife a Limoeiro,6081,2506905,1932
16,E.F. Conde d'Eu,6081,2506905,1932
17,Ramal de Campina Grande,6081,2506905,1932
1,E.F. Recife a Limoeiro,6081,2506905,1933
16,E.F. Conde d'Eu,6081,2506905,1933
17,Ramal de Campina Grande,6081,2506905,1933
1,E.F. Recife a Limoeiro,6081,2506905,1934
16,E.F. Conde d'Eu,6081,2506905,1934
17,Ramal de Campina Grande,6081,2506905,1934
1,E.F. Recife a Limoeiro,6081,2506905,1936
16,E.F. Conde d'Eu,6081,2506905,1936
17,Ramal de Campina Grande,6081,2506905,1936
1,E.F. Recife a Limoeiro,6081,2506905,1937
16,E.F. Conde d'Eu,6081,2506905,1937
17,Ramal de Campina Grande,6081,2506905,1937
1,E.F. Recife a Limoeiro,6081,2506905,1940
16,E.F. Conde d'Eu,6081,2506905,1940
17,Ramal de Campina Grande,6081,2506905,1940
1,E.F. Recife a Limoeiro,6081,2506905,1941
16,E.F. Conde d'Eu,6081,2506905,1941
17,Ramal de Campina Grande,6081,2506905,1941
1,E.F. Recife a Limoeiro,6081,2506905,1944
16,E.F. Conde d'Eu,6081,2506905,1944
17,Ramal de Campina Grande,6081,2506905,1944
1,E.F. Recife a Limoeiro,6081,2506905,1947
16,E.F. Conde d'Eu,6081,2506905,1947
17,Ramal de Campina Grande,6081,2506905,1947
1,E.F. Recife a Limoeiro,6081,2506905,1948
16,E.F. Conde d'Eu,6081,2506905,1948
17,Ramal de Campina Grande,6081,2506905,1948
1,E.F. Recife a Limoeiro,6081,2506905,1949
16,E.F. Conde d'Eu,6081,2506905,1949
17,Ramal de Campina Grande,6081,2506905,1949
1,E.F. Recife a Limoeiro,6081,2506905,1950
16,E.F. Conde d'Eu,6081,2506905,1950
17,Ramal de Campina Grande,6081,2506905,1950
1,E.F. Recife a Limoeiro,6081,2506905,1951
16,E.F. Conde d'Eu,6081,2506905,1951
17,Ramal de Campina Grande,6081,2506905,1951
1,E.F. Recife a Limoeiro,6081,2506905,1953
16,E.F. Conde d'Eu,6081,2506905,1953
17,Ramal de Campina Grande,6081,2506905,1953
1,E.F. Recife a Limoeiro,6081,2506905,1955
16,E.F. Conde d'Eu,6081,2506905,1955
17,Ramal de Campina Grande,6081,2506905,1955
1,E.F. Recife a Limoeiro,6081,2506905,1956
16,E.F. Conde d'Eu,6081,2506905,1956
17,Ramal de Campina Grande,6081,2506905,1956
1,E.F. Recife a Limoeiro,6081,2506905,1957
16,E.F. Conde d'Eu,6081,2506905,1957
17,Ramal de Campina Grande,6081,2506905,1957
1,E.F. Recife a Limoeiro,6081,2506905,1958
16,E.F. Conde d'Eu,6081,2506905,1958
17,Ramal de Campina Grande,6081,2506905,1958
1,E.F. Recife a Limoeiro,6081,2506905,1961
16,E.F. Conde d'Eu,6081,2506905,1961
17,Ramal de Campina Grande,6081,2506905,1961
1,E.F. Recife a Limoeiro,6081,2506905,1962
16,E.F. Conde d'Eu,6081,2506905,1962
17,Ramal de Campina Grande,6081,2506905,1962
1,E.F. Recife a Limoeiro,6081,2506905,1966
16,E.F. Conde d'Eu,6081,2506905,1966
17,Ramal de Campina Grande,6081,2506905,1966
1,E.F. Recife a Limoeiro,6081,2506905,1969
16,E.F. Conde d'Eu,6081,2506905,1969
17,Ramal de Campina Grande,6081,2506905,1969
1,E.F. Recife a Limoeiro,6081,2506905,1972
16,E.F. Conde d'Eu,6081,2506905,1972
17,Ramal de Campina Grande,6081,2506905,1972
1,E.F. Recife a Limoeiro,6081,2506905,1985
16,E.F. Conde d'Eu,6081,2506905,1985
17,Ramal de Campina Grande,6081,2506905,1985
1,E.F. Recife a Limoeiro,6081,2506905,1996
16,E.F. Conde d'Eu,6081,2506905,1996
17,Ramal de Campina Grande,6081,2506905,1996
1,E.F. Recife a Limoeiro,6081,2506905,2003
16,E.F. Conde d'Eu,6081,2506905,2003
17,Ramal de Campina Grande,6081,2506905,2003
16,E.F. Conde d'Eu,6110,2509800,1884
16,E.F. Conde d'Eu,6110,2509800,1885
16,E.F. Conde d'Eu,6110,2509800,1886
16,E.F. Conde d'Eu,6110,2509800,1887
16,E.F. Conde d'Eu,6110,2509800,1888
16,E.F. Conde d'Eu,6110,2509800,1891
16,E.F. Conde d'Eu,6110,2509800,1892
16,E.F. Conde d'Eu,6110,2509800,1894
16,E.F. Conde d'Eu,6110,2509800,1895
16,E.F. Conde d'Eu,6110,2509800,1896
16,E.F. Conde d'Eu,6110,2509800,1900
16,E.F. Conde d'Eu,6110,2509800,1901
16,E.F. Conde d'Eu,6110,2509800,1902
16,E.F. Conde d'Eu,6110,2509800,1904
16,E.F. Conde d'Eu,6110,2509800,1905
16,E.F. Conde d'Eu,6110,2509800,1906
16,E.F. Conde d'Eu,6110,2509800,1907
16,E.F. Conde d'Eu,6110,2509800,1908
16,E.F. Conde d'Eu,6110,2509800,1910
16,E.F. Conde d'Eu,6110,2509800,1911
16,E.F. Conde d'Eu,6110,2509800,1912
16,E.F. Conde d'Eu,6110,2509800,1913
16,E.F. Conde d'Eu,6110,2509800,1914
16,E.F. Conde d'Eu,6110,2509800,1915
16,E.F. Conde d'Eu,6110,2509800,1916
16,E.F. Conde d'Eu,6110,2509800,1917
16,E.F. Conde d'Eu,6110,2509800,1918
16,E.F. Conde d'Eu,6110,2509800,1919
16,E.F. Conde d'Eu,6110,2509800,1920
16,E.F. Conde d'Eu,6110,2509800,1921
16,E.F. Conde d'Eu,6110,2509800,1922
16,E.F. Conde d'Eu,6110,2509800,1923
16,E.F. Conde d'Eu,6110,2509800,1924
16,E.F. Conde d'Eu,6110,2509800,1925
16,E.F. Conde d'Eu,6110,2509800,1926
16,E.F. Conde d'Eu,6110,2509800,1927
16,E.F. Conde d'Eu,6110,2509800,1929
16,E.F. Conde d'Eu,6110,2509800,1931
16,E.F. Conde d'Eu,6110,2509800,1932
16,E.F. Conde d'Eu,6110,2509800,1933
16,E.F. Conde d'Eu,6110,2509800,1934
16,E.F. Conde d'Eu,6110,2509800,1936
16,E.F. Conde d'Eu,6110,2509800,1937
16,E.F. Conde d'Eu,6110,2509800,1940
16,E.F. Conde d'Eu,6110,2509800,1941
16,E.F. Conde d'Eu,6110,2509800,1944
16,E.F. Conde d'Eu,6110,2509800,1947
16,E.F. Conde d'Eu,6110,2509800,1948
16,E.F. Conde d'Eu,6110,2509800,1949
16,E.F. Conde d'Eu,6110,2509800,1950
16,E.F. Conde d'Eu,6110,2509800,1951
16,E.F. Conde d'Eu,6110,2509800,1953
16,E.F. Conde d'Eu,6110,2509800,1955
16,E.F. Conde d'Eu,6110,2509800,1956
16,E.F. Conde d'Eu,6110,2509800,1957
16,E.F. Conde d'Eu,6110,2509800,1958
16,E.F. Conde d'Eu,6110,2509800,1961
16,E.F. Conde d'Eu,6110,2509800,1962
16,E.F. Conde d'Eu,6110,2509800,1966
16,E.F. Conde d'Eu,6110,2509800,1969
16,E.F. Conde d'Eu,6110,2509800,1972
16,E.F. Conde d'Eu,6110,2509800,1985
16,E.F. Conde d'Eu,6110,2509800,1996
16,E.F. Conde d'Eu,6110,2509800,2003
13,Linha Sul (CE - Consolidada),6120,2510808,1944
13,Linha Sul (CE - Consolidada),6120,2510808,1947
13,Linha Sul (CE - Consolidada),6120,2510808,1948
13,Linha Sul (CE - Consolidada),6120,2510808,1949
13,Linha Sul (CE - Consolidada),6120,2510808,1950
13,Linha Sul (CE - Consolidada),6120,2510808,1951
13,Linha Sul (CE - Consolidada),6120,2510808,1953
13,Linha Sul (CE - Consolidada),6120,2510808,1955
13,Linha Sul (CE - Consolidada),6120,2510808,1956
13,Linha Sul (CE - Consolidada),6120,2510808,1957
16,E.F. Conde d'Eu,6126,"2511509,2514453",1884
16,E.F. Conde d'Eu,6126,"2511509,2514453",1885
16,E.F. Conde d'Eu,6126,"2511509,2514453",1886
16,E.F. Conde d'Eu,6126,"2511509,2514453",1887
16,E.F. Conde d'Eu,6126,"2511509,2514453",1888
16,E.F. Conde d'Eu,6126,"2511509,2514453",1891
16,E.F. Conde d'Eu,6126,"2511509,2514453",1892
16,E.F. Conde d'Eu,6126,"2511509,2514453",1894
16,E.F. Conde d'Eu,6126,"2511509,2514453",1895
16,E.F. Conde d'Eu,6126,"2511509,2514453",1896
16,E.F. Conde d'Eu,6126,"2511509,2514453",1900
16,E.F. Conde d'Eu,6126,"2511509,2514453",1901
16,E.F. Conde d'Eu,6126,"2511509,2514453",1902
16,E.F. Conde d'Eu,6126,"2511509,2514453",1904
16,E.F. Conde d'Eu,6126,"2511509,2514453",1905
16,E.F. Conde d'Eu,6126,"2511509,2514453",1906
16,E.F. Conde d'Eu,6129,2511806,1913
16,E.F. Conde d'Eu,6129,2511806,1914
16,E.F. Conde d'Eu,6129,2511806,1915
16,E.F. Conde d'Eu,6129,2511806,1916
16,E.F. Conde d'Eu,6129,2511806,1917
16,E.F. Conde d'Eu,6129,2511806,1918
16,E.F. Conde d'Eu,6129,2511806,1919
16,E.F. Conde d'Eu,6129,2511806,1920
16,E.F. Conde d'Eu,6129,2511806,1921
16,E.F. Conde d'Eu,6129,2511806,1922
16,E.F. Conde d'Eu,6129,2511806,1923
16,E.F. Conde d'Eu,6129,2511806,1924
16,E.F. Conde d'Eu,6129,2511806,1925
16,E.F. Conde d'Eu,6129,2511806,1926
16,E.F. Conde d'Eu,6129,2511806,1927
16,E.F. Conde d'Eu,6129,2511806,1929
16,E.F. Conde d'Eu,6129,2511806,1931
16,E.F. Conde d'Eu,6129,2511806,1932
16,E.F. Conde d'Eu,6129,2511806,1933
16,E.F. Conde d'Eu,6129,2511806,1934
16,E.F. Conde d'Eu,6129,2511806,1936
16,E.F. Conde d'Eu,6129,2511806,1937
16,E.F. Conde d'Eu,6129,2511806,1940
16,E.F. Conde d'Eu,6129,2511806,1941
16,E.F. Conde d'Eu,6129,2511806,1944
16,E.F. Conde d'Eu,6129,2511806,1947
16,E.F. Conde d'Eu,6129,2511806,1948
16,E.F. Conde d'Eu,6129,2511806,1949
16,E.F. Conde d'Eu,6129,2511806,1950
16,E.F. Conde d'Eu,6129,2511806,1951
16,E.F. Conde d'Eu,6129,2511806,1953
16,E.F. Conde d'Eu,6129,2511806,1955
16,E.F. Conde d'Eu,6129,2511806,1956
16,E.F. Conde d'Eu,6129,2511806,1957
16,E.F. Conde d'Eu,6129,2511806,1958
16,E.F. Conde d'Eu,6129,2511806,1961
16,E.F. Conde d'Eu,6129,2511806,1962
16,E.F. Conde d'Eu,6129,2511806,1966
16,E.F. Conde d'Eu,6129,2511806,1969
16,E.F. Conde d'Eu,6129,2511806,1972
16,E.F. Conde d'Eu,6129,2511806,1985
16,E.F. Conde d'Eu,6129,2511806,1996
16,E.F. Conde d'Eu,6129,2511806,2003
10,Linha Centro (Consolidada),7002,2600104,1949
10,Linha Centro (Consolidada),7002,2600104,1950
10,Linha Centro (Consolidada),7002,2600104,1951
10,Linha Centro (Consolidada),7002,2600104,1953
42,E.F. Petrolina-Teresina,7003,2600203,1932
42,E.F. Petrolina-Teresina,7003,2600203,1933
42,E.F. Petrolina-Teresina,7003,2600203,1934
42,E.F. Petrolina-Teresina,7003,2600203,1936
42,E.F. Petrolina-Teresina,7003,2600203,1937
42,E.F. Petrolina-Teresina,7003,2600203,1940
42,E.F. Petrolina-Teresina,7003,2600203,1941
42,E.F. Petrolina-Teresina,7003,2600203,1944
42,E.F. Petrolina-Teresina,7003,2600203,1947
42,E.F. Petrolina-Teresina,7003,2600203,1948
42,E.F. Petrolina-Teresina,7003,2600203,1949
42,E.F. Petrolina-Teresina,7003,2600203,1950
42,E.F. Petrolina-Teresina,7003,2600203,1951
42,E.F. Petrolina-Teresina,7003,2600203,1953
42,E.F. Petrolina-Teresina,7003,2600203,1955
42,E.F. Petrolina-Teresina,7003,2600203,1956
42,E.F. Petrolina-Teresina,7003,2600203,1957
42,E.F. Petrolina-Teresina,7003,2600203,1958
42,E.F. Petrolina-Teresina,7003,2600203,1961
42,E.F. Petrolina-Teresina,7003,2600203,1962
42,E.F. Petrolina-Teresina,7003,2600203,1966
1,E.F. Recife a Limoeiro,7008,2600708,1887
10,Linha Centro (Consolidada),7014,2601201,1912
10,Linha Centro (Consolidada),7014,2601201,1913
10,Linha Centro (Consolidada),7014,2601201,1914
10,Linha Centro (Consolidada),7014,2601201,1915
10,Linha Centro (Consolidada),7014,2601201,1916
10,Linha Centro (Consolidada),7014,2601201,1917
10,Linha Centro (Consolidada),7014,2601201,1918
10,Linha Centro (Consolidada),7014,2601201,1919
10,Linha Centro (Consolidada),7014,2601201,1920
10,Linha Centro (Consolidada),7014,2601201,1921
10,Linha Centro (Consolidada),7014,2601201,1922
10,Linha Centro (Consolidada),7014,2601201,1923
10,Linha Centro (Consolidada),7014,2601201,1924
10,Linha Centro (Consolidada),7014,2601201,1925
10,Linha Centro (Consolidada),7014,2601201,1926
10,Linha Centro (Consolidada),7014,2601201,1927
10,Linha Centro (Consolidada),7014,2601201,1929
10,Linha Centro (Consolidada),7014,2601201,1931
10,Linha Centro (Consolidada),7014,2601201,1932
10,Linha Centro (Consolidada),7014,2601201,1933
10,Linha Centro (Consolidada),7014,2601201,1934
10,Linha Centro (Consolidada),7014,2601201,1936
10,Linha Centro (Consolidada),7014,2601201,1937
10,Linha Centro (Consolidada),7014,2601201,1940
10,Linha Centro (Consolidada),7014,2601201,1941
10,Linha Centro (Consolidada),7014,2601201,1944
10,Linha Centro (Consolidada),7014,2601201,1947
10,Linha Centro (Consolidada),7014,2601201,1948
10,Linha Centro (Consolidada),7014,2601201,1949
10,Linha Centro (Consolidada),7014,2601201,1950
10,Linha Centro (Consolidada),7014,2601201,1951
10,Linha Centro (Consolidada),7014,2601201,1953
10,Linha Centro (Consolidada),7014,2601201,1955
10,Linha Centro (Consolidada),7014,2601201,1956
10,Linha Centro (Consolidada),7014,2601201,1957
10,Linha Centro (Consolidada),7014,2601201,1958
10,Linha Centro (Consolidada),7014,2601201,1961
10,Linha Centro (Consolidada),7014,2601201,1962
10,Linha Centro (Consolidada),7014,2601201,1966
10,Linha Centro (Consolidada),7014,2601201,1969
10,Linha Centro (Consolidada),7014,2601201,1972
10,Linha Centro (Consolidada),7014,2601201,1985
10,Linha Centro (Consolidada),7014,2601201,1996
10,Linha Centro (Consolidada),7014,2601201,2003
44,E.F. Sul de Pernambuco,7016,2601409,1912
44,E.F. Sul de Pernambuco,7016,2601409,1913
44,E.F. Sul de Pernambuco,7016,2601409,1914
44,E.F. Sul de Pernambuco,7016,2601409,1915
44,E.F. Sul de Pernambuco,7016,2601409,1916
44,E.F. Sul de Pernambuco,7016,2601409,1917
44,E.F. Sul de Pernambuco,7016,2601409,1918
44,E.F. Sul de Pernambuco,7016,2601409,1919
44,E.F. Sul de Pernambuco,7016,2601409,1920
44,E.F. Sul de Pernambuco,7016,2601409,1921
44,E.F. Sul de Pernambuco,7016,2601409,1922
44,E.F. Sul de Pernambuco,7016,2601409,1923
44,E.F. Sul de Pernambuco,7016,2601409,1924
44,E.F. Sul de Pernambuco,7016,2601409,1925
44,E.F. Sul de Pernambuco,7016,2601409,1926
44,E.F. Sul de Pernambuco,7016,2601409,1927
44,E.F. Sul de Pernambuco,7016,2601409,1929
44,E.F. Sul de Pernambuco,7016,2601409,1931
44,E.F. Sul de Pernambuco,7016,2601409,1932
44,E.F. Sul de Pernambuco,7016,2601409,1933
44,E.F. Sul de Pernambuco,7016,2601409,1934
44,E.F. Sul de Pernambuco,7016,2601409,1936
44,E.F. Sul de Pernambuco,7016,2601409,1937
44,E.F. Sul de Pernambuco,7016,2601409,1940
44,E.F. Sul de Pernambuco,7016,2601409,1941
44,E.F. Sul de Pernambuco,7016,2601409,1944
44,E.F. Sul de Pernambuco,7016,2601409,1947
44,E.F. Sul de Pernambuco,7016,2601409,1948
44,E.F. Sul de Pernambuco,7016,2601409,1949
44,E.F. Sul de Pernambuco,7016,2601409,1950
44,E.F. Sul de Pernambuco,7016,2601409,1951
44,E.F. Sul de Pernambuco,7016,2601409,1953
44,E.F. Sul de Pernambuco,7016,2601409,1955
44,E.F. Sul de Pernambuco,7016,2601409,1956
44,E.F. Sul de Pernambuco,7016,2601409,1957
44,E.F. Sul de Pernambuco,7016,2601409,1958
44,E.F. Sul de Pernambuco,7016,2601409,1961
44,E.F. Sul de Pernambuco,7016,2601409,1962
44,E.F. Sul de Pernambuco,7016,2601409,1966
44,E.F. Sul de Pernambuco,7016,2601409,1969
44,E.F. Sul de Pernambuco,7016,2601409,1972
44,E.F. Sul de Pernambuco,7016,2601409,1985
44,E.F. Sul de Pernambuco,7016,2601409,1996
44,E.F. Sul de Pernambuco,7016,2601409,2003
1,E.F. Recife a Limoeiro,7024,2602209,1934
1,E.F. Recife a Limoeiro,7024,2602209,1936
1,E.F. Recife a Limoeiro,7024,2602209,1937
1,E.F. Recife a Limoeiro,7024,2602209,1940
1,E.F. Recife a Limoeiro,7024,2602209,1941
1,E.F. Recife a Limoeiro,7024,2602209,1944
1,E.F. Recife a Limoeiro,7024,2602209,1947
1,E.F. Recife a Limoeiro,7024,2602209,1948
1,E.F. Recife a Limoeiro,7024,2602209,1949
1,E.F. Recife a Limoeiro,7024,2602209,1950
1,E.F. Recife a Limoeiro,7024,2602209,1951
1,E.F. Recife a Limoeiro,7024,2602209,1953
1,E.F. Recife a Limoeiro,7024,2602209,1955
1,E.F. Recife a Limoeiro,7024,2602209,1956
1,E.F. Recife a Limoeiro,7024,2602209,1957
1,E.F. Recife a Limoeiro,7024,2602209,1958
1,E.F. Recife a Limoeiro,7024,2602209,1961
1,E.F. Recife a Limoeiro,7024,2602209,1962
1,E.F. Recife a Limoeiro,7024,2602209,1966
1,E.F. Recife a Limoeiro,7024,2602209,1969
1,E.F. Recife a Limoeiro,7024,2602209,1972
1,E.F. Recife a Limoeiro,7024,2602209,1985
1,E.F. Recife a Limoeiro,7024,2602209,1996
1,E.F. Recife a Limoeiro,7024,2602209,2003
44,E.F. Sul de Pernambuco,7031,2602902,1858
44,E.F. Sul de Pernambuco,7031,2602902,1860
44,E.F. Sul de Pernambuco,7031,2602902,1862
44,E.F. Sul de Pernambuco,7031,2602902,1863
44,E.F. Sul de Pernambuco,7031,2602902,1873
44,E.F. Sul de Pernambuco,7031,2602902,1875
44,E.F. Sul de Pernambuco,7031,2602902,1876
44,E.F. Sul de Pernambuco,7031,2602902,1880
44,E.F. Sul de Pernambuco,7031,2602902,1881
44,E.F. Sul de Pernambuco,7031,2602902,1882
44,E.F. Sul de Pernambuco,7031,2602902,1883
44,E.F. Sul de Pernambuco,7031,2602902,1884
44,E.F. Sul de Pernambuco,7031,2602902,1885
44,E.F. Sul de Pernambuco,7031,2602902,1886
44,E.F. Sul de Pernambuco,7031,2602902,1887
44,E.F. Sul de Pernambuco,7031,2602902,1888
44,E.F. Sul de Pernambuco,7031,2602902,1891
44,E.F. Sul de Pernambuco,7031,2602902,1892
44,E.F. Sul de Pernambuco,7031,2602902,1894
44,E.F. Sul de Pernambuco,7031,2602902,1895
44,E.F. Sul de Pernambuco,7031,2602902,1896
44,E.F. Sul de Pernambuco,7031,2602902,1900
44,E.F. Sul de Pernambuco,7031,2602902,1901
44,E.F. Sul de Pernambuco,7031,2602902,1902
44,E.F. Sul de Pernambuco,7031,2602902,1904
44,E.F. Sul de Pernambuco,7031,2602902,1905
44,E.F. Sul de Pernambuco,7031,2602902,1906
44,E.F. Sul de Pernambuco,7031,2602902,1907
44,E.F. Sul de Pernambuco,7031,2602902,1908
44,E.F. Sul de Pernambuco,7031,2602902,1910
44,E.F. Sul de Pernambuco,7031,2602902,1911
44,E.F. Sul de Pernambuco,7031,2602902,1912
44,E.F. Sul de Pernambuco,7031,2602902,1913
44,E.F. Sul de Pernambuco,7031,2602902,1914
44,E.F. Sul de Pernambuco,7031,2602902,1915
44,E.F. Sul de Pernambuco,7031,2602902,1916
44,E.F. Sul de Pernambuco,7031,2602902,1917
44,E.F. Sul de Pernambuco,7031,2602902,1918
44,E.F. Sul de Pernambuco,7031,2602902,1919
44,E.F. Sul de Pernambuco,7031,2602902,1920
44,E.F. Sul de Pernambuco,7031,2602902,1921
44,E.F. Sul de Pernambuco,7031,2602902,1922
44,E.F. Sul de Pernambuco,7031,2602902,1923
44,E.F. Sul de Pernambuco,7031,2602902,1924
44,E.F. Sul de Pernambuco,7031,2602902,1925
44,E.F. Sul de Pernambuco,7031,2602902,1926
44,E.F. Sul de Pernambuco,7031,2602902,1927
44,E.F. Sul de Pernambuco,7031,2602902,1929
44,E.F. Sul de Pernambuco,7031,2602902,1931
44,E.F. Sul de Pernambuco,7031,2602902,1932
44,E.F. Sul de Pernambuco,7031,2602902,1933
44,E.F. Sul de Pernambuco,7031,2602902,1934
44,E.F. Sul de Pernambuco,7031,2602902,1936
44,E.F. Sul de Pernambuco,7031,2602902,1937
44,E.F. Sul de Pernambuco,7031,2602902,1940
44,E.F. Sul de Pernambuco,7031,2602902,1941
44,E.F. Sul de Pernambuco,7031,2602902,1944
44,E.F. Sul de Pernambuco,7031,2602902,1947
44,E.F. Sul de Pernambuco,7031,2602902,1948
44,E.F. Sul de Pernambuco,7031,2602902,1949
44,E.F. Sul de Pernambuco,7031,2602902,1950
44,E.F. Sul de Pernambuco,7031,2602902,1951
44,E.F. Sul de Pernambuco,7031,2602902,1953
44,E.F. Sul de Pernambuco,7031,2602902,1955
44,E.F. Sul de Pernambuco,7031,2602902,1956
44,E.F. Sul de Pernambuco,7031,2602902,1957
44,E.F. Sul de Pernambuco,7031,2602902,1958
44,E.F. Sul de Pernambuco,7031,2602902,1961
44,E.F. Sul de Pernambuco,7031,2602902,1962
44,E.F. Sul de Pernambuco,7031,2602902,1966
44,E.F. Sul de Pernambuco,7031,2602902,1969
44,E.F. Sul de Pernambuco,7031,2602902,1972
44,E.F. Sul de Pernambuco,7031,2602902,1985
44,E.F. Sul de Pernambuco,7031,2602902,1996
44,E.F. Sul de Pernambuco,7031,2602902,2003
44,E.F. Sul de Pernambuco,7040,2603702,1885
44,E.F. Sul de Pernambuco,7040,2603702,1886
44,E.F. Sul de Pernambuco,7040,2603702,1894
44,E.F. Sul de Pernambuco,7040,2603702,1895
44,E.F. Sul de Pernambuco,7040,2603702,1896
44,E.F. Sul de Pernambuco,7040,2603702,1900
44,E.F. Sul de Pernambuco,7040,2603702,1901
44,E.F. Sul de Pernambuco,7040,2603702,1902
44,E.F. Sul de Pernambuco,7040,2603702,1904
44,E.F. Sul de Pernambuco,7040,2603702,1905
44,E.F. Sul de Pernambuco,7040,2603702,1906
44,E.F. Sul de Pernambuco,7040,2603702,1907
44,E.F. Sul de Pernambuco,7040,2603702,1908
44,E.F. Sul de Pernambuco,7040,2603702,1910
44,E.F. Sul de Pernambuco,7040,2603702,1911
44,E.F. Sul de Pernambuco,7040,2603702,1912
44,E.F. Sul de Pernambuco,7040,2603702,1913
44,E.F. Sul de Pernambuco,7040,2603702,1914
44,E.F. Sul de Pernambuco,7040,2603702,1915
44,E.F. Sul de Pernambuco,7040,2603702,1916
44,E.F. Sul de Pernambuco,7040,2603702,1917
44,E.F. Sul de Pernambuco,7040,2603702,1918
44,E.F. Sul de Pernambuco,7040,2603702,1919
44,E.F. Sul de Pernambuco,7040,2603702,1920
44,E.F. Sul de Pernambuco,7040,2603702,1921
44,E.F. Sul de Pernambuco,7040,2603702,1922
44,E.F. Sul de Pernambuco,7040,2603702,1923
44,E.F. Sul de Pernambuco,7040,2603702,1924
44,E.F. Sul de Pernambuco,7040,2603702,1925
44,E.F. Sul de Pernambuco,7040,2603702,1926
44,E.F. Sul de Pernambuco,7040,2603702,1927
44,E.F. Sul de Pernambuco,7040,2603702,1929
44,E.F. Sul de Pernambuco,7040,2603702,1931
44,E.F. Sul de Pernambuco,7040,2603702,1932
44,E.F. Sul de Pernambuco,7040,2603702,1933
44,E.F. Sul de Pernambuco,7040,2603702,1934
44,E.F. Sul de Pernambuco,7040,2603702,1936
44,E.F. Sul de Pernambuco,7040,2603702,1937
44,E.F. Sul de Pernambuco,7040,2603702,1940
44,E.F. Sul de Pernambuco,7040,2603702,1941
44,E.F. Sul de Pernambuco,7040,2603702,1944
44,E.F. Sul de Pernambuco,7040,2603702,1947
44,E.F. Sul de Pernambuco,7040,2603702,1948
44,E.F. Sul de Pernambuco,7040,2603702,1949
44,E.F. Sul de Pernambuco,7040,2603702,1950
44,E.F. Sul de Pernambuco,7040,2603702,1951
44,E.F. Sul de Pernambuco,7040,2603702,1953
44,E.F. Sul de Pernambuco,7040,2603702,1955
44,E.F. Sul de Pernambuco,7040,2603702,1956
44,E.F. Sul de Pernambuco,7040,2603702,1957
44,E.F. Sul de Pernambuco,7040,2603702,1958
44,E.F. Sul de Pernambuco,7040,2603702,1961
44,E.F. Sul de Pernambuco,7040,2603702,1962
44,E.F. Sul de Pernambuco,7040,2603702,1966
44,E.F. Sul de Pernambuco,7040,2603702,1969
44,E.F. Sul de Pernambuco,7040,2603702,1972
44,E.F. Sul de Pernambuco,7040,2603702,1985
44,E.F. Sul de Pernambuco,7040,2603702,1996
44,E.F. Sul de Pernambuco,7040,2603702,2003
10,Linha Centro (Consolidada),7042,"2603900,2611533",1955
10,Linha Centro (Consolidada),7042,"2603900,2611533",1956
1,E.F. Recife a Limoeiro,7044,"2604007,2608453",1881
1,E.F. Recife a Limoeiro,7044,"2604007,2608453",1882
1,E.F. Recife a Limoeiro,7044,"2604007,2608453",1883
1,E.F. Recife a Limoeiro,7044,"2604007,2608453",1884
1,E.F. Recife a Limoeiro,7044,"2604007,2608453",1885
1,E.F. Recife a Limoeiro,7044,"2604007,2608453",1886
1,E.F. Recife a Limoeiro,7044,"2604007,2608453",1887
1,E.F. Recife a Limoeiro,7044,"2604007,2608453",1888
1,E.F. Recife a Limoeiro,7044,"2604007,2608453",1891
1,E.F. Recife a Limoeiro,7044,"2604007,2608453",1892
1,E.F. Recife a Limoeiro,7044,"2604007,2608453",1894
1,E.F. Recife a Limoeiro,7044,"2604007,2608453",1895
1,E.F. Recife a Limoeiro,7044,"2604007,2608453",1896
1,E.F. Recife a Limoeiro,7044,"2604007,2608453",1900
1,E.F. Recife a Limoeiro,7044,"2604007,2608453",1901
1,E.F. Recife a Limoeiro,7044,"2604007,2608453",1902
1,E.F. Recife a Limoeiro,7044,"2604007,2608453",1904
1,E.F. Recife a Limoeiro,7044,"2604007,2608453",1905
1,E.F. Recife a Limoeiro,7044,"2604007,2608453",1906
1,E.F. Recife a Limoeiro,7044,"2604007,2608453",1907
1,E.F. Recife a Limoeiro,7044,"2604007,2608453",1908
1,E.F. Recife a Limoeiro,7044,"2604007,2608453",1910
1,E.F. Recife a Limoeiro,7044,"2604007,2608453",1911
1,E.F. Recife a Limoeiro,7044,"2604007,2608453",1912
1,E.F. Recife a Limoeiro,7044,"2604007,2608453",1913
1,E.F. Recife a Limoeiro,7044,"2604007,2608453",1914
1,E.F. Recife a Limoeiro,7044,"2604007,2608453",1915
1,E.F. Recife a Limoeiro,7044,"2604007,2608453",1916
1,E.F. Recife a Limoeiro,7044,"2604007,2608453",1917
1,E.F. Recife a Limoeiro,7044,"2604007,2608453",1918
1,E.F. Recife a Limoeiro,7044,"2604007,2608453",1919
1,E.F. Recife a Limoeiro,7044,"2604007,2608453",1920
1,E.F. Recife a Limoeiro,7044,"2604007,2608453",1921
1,E.F. Recife a Limoeiro,7044,"2604007,2608453",1922
1,E.F. Recife a Limoeiro,7044,"2604007,2608453",1923
1,E.F. Recife a Limoeiro,7044,"2604007,2608453",1924
1,E.F. Recife a Limoeiro,7044,"2604007,2608453",1925
1,E.F. Recife a Limoeiro,7044,"2604007,2608453",1926
1,E.F. Recife a Limoeiro,7044,"2604007,2608453",1927
1,E.F. Recife a Limoeiro,7044,"2604007,2608453",1929
1,E.F. Recife a Limoeiro,7044,"2604007,2608453",1931
1,E.F. Recife a Limoeiro,7044,"2604007,2608453",1932
1,E.F. Recife a Limoeiro,7044,"2604007,2608453",1933
1,E.F. Recife a Limoeiro,7044,"2604007,2608453",1934
1,E.F. Recife a Limoeiro,7044,"2604007,2608453",1936
1,E.F. Recife a Limoeiro,7044,"2604007,2608453",1937
1,E.F. Recife a Limoeiro,7044,"2604007,2608453",1940
1,E.F. Recife a Limoeiro,7044,"2604007,2608453",1941
1,E.F. Recife a Limoeiro,7044,"2604007,2608453",1944
1,E.F. Recife a Limoeiro,7044,"2604007,2608453",1947
1,E.F. Recife a Limoeiro,7044,"2604007,2608453",1948
1,E.F. Recife a Limoeiro,7044,"2604007,2608453",1949
1,E.F. Recife a Limoeiro,7044,"2604007,2608453",1950
1,E.F. Recife a Limoeiro,7044,"2604007,2608453",1951
1,E.F. Recife a Limoeiro,7044,"2604007,2608453",1953
1,E.F. Recife a Limoeiro,7044,"2604007,2608453",1955
1,E.F. Recife a Limoeiro,7044,"2604007,2608453",1956
1,E.F. Recife a Limoeiro,7044,"2604007,2608453",1957
1,E.F. Recife a Limoeiro,7044,"2604007,2608453",1958
1,E.F. Recife a Limoeiro,7044,"2604007,2608453",1961
1,E.F. Recife a Limoeiro,7044,"2604007,2608453",1962
1,E.F. Recife a Limoeiro,7044,"2604007,2608453",1966
1,E.F. Recife a Limoeiro,7044,"2604007,2608453",1969
1,E.F. Recife a Limoeiro,7044,"2604007,2608453",1972
1,E.F. Recife a Limoeiro,7044,"2604007,2608453",1985
1,E.F. Recife a Limoeiro,7044,"2604007,2608453",1996
1,E.F. Recife a Limoeiro,7044,"2604007,2608453",2003
10,Linha Centro (Consolidada),7045,2604106,1895
10,Linha Centro (Consolidada),7045,2604106,1896
10,Linha Centro (Consolidada),7045,2604106,1900
10,Linha Centro (Consolidada),7045,2604106,1901
10,Linha Centro (Consolidada),7045,2604106,1902
10,Linha Centro (Consolidada),7045,2604106,1904
10,Linha Centro (Consolidada),7045,2604106,1905
44,E.F. Sul de Pernambuco,7047,2604205,1882
44,E.F. Sul de Pernambuco,7047,2604205,1883
44,E.F. Sul de Pernambuco,7047,2604205,1884
44,E.F. Sul de Pernambuco,7053,2604809,1907
44,E.F. Sul de Pernambuco,7053,2604809,1908
44,E.F. Sul de Pernambuco,7053,2604809,1910
44,E.F. Sul de Pernambuco,7053,2604809,1911
44,E.F. Sul de Pernambuco,7053,2604809,1912
44,E.F. Sul de Pernambuco,7053,2604809,1913
44,E.F. Sul de Pernambuco,7053,2604809,1914
44,E.F. Sul de Pernambuco,7053,2604809,1915
44,E.F. Sul de Pernambuco,7053,2604809,1916
44,E.F. Sul de Pernambuco,7053,2604809,1917
44,E.F. Sul de Pernambuco,7053,2604809,1918
44,E.F. Sul de Pernambuco,7053,2604809,1919
44,E.F. Sul de Pernambuco,7053,2604809,1920
44,E.F. Sul de Pernambuco,7053,2604809,1921
44,E.F. Sul de Pernambuco,7053,2604809,1922
44,E.F. Sul de Pernambuco,7053,2604809,1923
44,E.F. Sul de Pernambuco,7053,2604809,1924
44,E.F. Sul de Pernambuco,7053,2604809,1925
44,E.F. Sul de Pernambuco,7053,2604809,1926
44,E.F. Sul de Pernambuco,7053,2604809,1927
44,E.F. Sul de Pernambuco,7053,2604809,1929
44,E.F. Sul de Pernambuco,7053,2604809,1931
44,E.F. Sul de Pernambuco,7053,2604809,1932
44,E.F. Sul de Pernambuco,7053,2604809,1933
44,E.F. Sul de Pernambuco,7053,2604809,1934
44,E.F. Sul de Pernambuco,7053,2604809,1936
44,E.F. Sul de Pernambuco,7053,2604809,1937
44,E.F. Sul de Pernambuco,7053,2604809,1940
44,E.F. Sul de Pernambuco,7053,2604809,1941
44,E.F. Sul de Pernambuco,7053,2604809,1944
44,E.F. Sul de Pernambuco,7053,2604809,1947
44,E.F. Sul de Pernambuco,7053,2604809,1948
44,E.F. Sul de Pernambuco,7053,2604809,1949
44,E.F. Sul de Pernambuco,7053,2604809,1950
44,E.F. Sul de Pernambuco,7053,2604809,1951
44,E.F. Sul de Pernambuco,7053,2604809,1953
44,E.F. Sul de Pernambuco,7053,2604809,1955
44,E.F. Sul de Pernambuco,7053,2604809,1956
44,E.F. Sul de Pernambuco,7053,2604809,1957
44,E.F. Sul de Pernambuco,7053,2604809,1958
44,E.F. Sul de Pernambuco,7053,2604809,1961
44,E.F. Sul de Pernambuco,7053,2604809,1962
44,E.F. Sul de Pernambuco,7053,2604809,1966
44,E.F. Sul de Pernambuco,7053,2604809,1969
44,E.F. Sul de Pernambuco,7053,2604809,1972
44,E.F. Sul de Pernambuco,7053,2604809,1985
44,E.F. Sul de Pernambuco,7053,2604809,1996
44,E.F. Sul de Pernambuco,7053,2604809,2003
26,E.F. Bahia ao São Francisco,7057,"2605152,2611101",1896
26,E.F. Bahia ao São Francisco,7057,"2605152,2611101",1900
26,E.F. Bahia ao São Francisco,7057,"2605152,2611101",1901
26,E.F. Bahia ao São Francisco,7057,"2605152,2611101",1902
26,E.F. Bahia ao São Francisco,7057,"2605152,2611101",1904
26,E.F. Bahia ao São Francisco,7057,"2605152,2611101",1905
26,E.F. Bahia ao São Francisco,7057,"2605152,2611101",1906
26,E.F. Bahia ao São Francisco,7057,"2605152,2611101",1907
26,E.F. Bahia ao São Francisco,7057,"2605152,2611101",1908
26,E.F. Bahia ao São Francisco,7057,"2605152,2611101",1910
26,E.F. Bahia ao São Francisco,7057,"2605152,2611101",1911
26,E.F. Bahia ao São Francisco,7057,"2605152,2611101",1912
26,E.F. Bahia ao São Francisco,7057,"2605152,2611101",1913
26,E.F. Bahia ao São Francisco,7057,"2605152,2611101",1914
26,E.F. Bahia ao São Francisco,7057,"2605152,2611101",1915
26,E.F. Bahia ao São Francisco,7057,"2605152,2611101",1916
26,E.F. Bahia ao São Francisco,7057,"2605152,2611101",1917
26,E.F. Bahia ao São Francisco,7057,"2605152,2611101",1918
26,E.F. Bahia ao São Francisco,7057,"2605152,2611101",1919
26,E.F. Bahia ao São Francisco,7057,"2605152,2611101",1920
26,E.F. Bahia ao São Francisco,7057,"2605152,2611101",1921
26,E.F. Bahia ao São Francisco,7057,"2605152,2611101",1922
26,E.F. Bahia ao São Francisco,7057,"2605152,2611101",1923
26,E.F. Bahia ao São Francisco,7057,"2605152,2611101",1924
26,E.F. Bahia ao São Francisco,7057,"2605152,2611101",1925
26,E.F. Bahia ao São Francisco,7057,"2605152,2611101",1926
26,E.F. Bahia ao São Francisco,7057,"2605152,2611101",1927
26,E.F. Bahia ao São Francisco,7057,"2605152,2611101",1929
26,E.F. Bahia ao São Francisco,7057,"2605152,2611101",1931
26,E.F. Bahia ao São Francisco,7057,"2605152,2611101",1932
42,E.F. Petrolina-Teresina,7057,"2605152,2611101",1932
26,E.F. Bahia ao São Francisco,7057,"2605152,2611101",1933
42,E.F. Petrolina-Teresina,7057,"2605152,2611101",1933
26,E.F. Bahia ao São Francisco,7057,"2605152,2611101",1934
42,E.F. Petrolina-Teresina,7057,"2605152,2611101",1934
26,E.F. Bahia ao São Francisco,7057,"2605152,2611101",1936
42,E.F. Petrolina-Teresina,7057,"2605152,2611101",1936
26,E.F. Bahia ao São Francisco,7057,"2605152,2611101",1937
42,E.F. Petrolina-Teresina,7057,"2605152,2611101",1937
26,E.F. Bahia ao São Francisco,7057,"2605152,2611101",1940
42,E.F. Petrolina-Teresina,7057,"2605152,2611101",1940
26,E.F. Bahia ao São Francisco,7057,"2605152,2611101",1941
42,E.F. Petrolina-Teresina,7057,"2605152,2611101",1941
26,E.F. Bahia ao São Francisco,7057,"2605152,2611101",1944
42,E.F. Petrolina-Teresina,7057,"2605152,2611101",1944
26,E.F. Bahia ao São Francisco,7057,"2605152,2611101",1947
42,E.F. Petrolina-Teresina,7057,"2605152,2611101",1947
26,E.F. Bahia ao São Francisco,7057,"2605152,2611101",1948
42,E.F. Petrolina-Teresina,7057,"2605152,2611101",1948
26,E.F. Bahia ao São Francisco,7057,"2605152,2611101",1949
42,E.F. Petrolina-Teresina,7057,"2605152,2611101",1949
26,E.F. Bahia ao São Francisco,7057,"2605152,2611101",1950
42,E.F. Petrolina-Teresina,7057,"2605152,2611101",1950
26,E.F. Bahia ao São Francisco,7057,"2605152,2611101",1951
42,E.F. Petrolina-Teresina,7057,"2605152,2611101",1951
26,E.F. Bahia ao São Francisco,7057,"2605152,2611101",1953
42,E.F. Petrolina-Teresina,7057,"2605152,2611101",1953
26,E.F. Bahia ao São Francisco,7057,"2605152,2611101",1955
42,E.F. Petrolina-Teresina,7057,"2605152,2611101",1955
26,E.F. Bahia ao São Francisco,7057,"2605152,2611101",1956
42,E.F. Petrolina-Teresina,7057,"2605152,2611101",1956
26,E.F. Bahia ao São Francisco,7057,"2605152,2611101",1957
42,E.F. Petrolina-Teresina,7057,"2605152,2611101",1957
26,E.F. Bahia ao São Francisco,7057,"2605152,2611101",1958
42,E.F. Petrolina-Teresina,7057,"2605152,2611101",1958
26,E.F. Bahia ao São Francisco,7057,"2605152,2611101",1961
42,E.F. Petrolina-Teresina,7057,"2605152,2611101",1961
26,E.F. Bahia ao São Francisco,7057,"2605152,2611101",1962
42,E.F. Petrolina-Teresina,7057,"2605152,2611101",1962
26,E.F. Bahia ao São Francisco,7057,"2605152,2611101",1966
42,E.F. Petrolina-Teresina,7057,"2605152,2611101",1966
26,E.F. Bahia ao São Francisco,7057,"2605152,2611101",1969
42,E.F. Petrolina-Teresina,7057,"2605152,2611101",1969
26,E.F. Bahia ao São Francisco,7057,"2605152,2611101",1972
42,E.F. Petrolina-Teresina,7057,"2605152,2611101",1972
26,E.F. Bahia ao São Francisco,7057,"2605152,2611101",1985
42,E.F. Petrolina-Teresina,7057,"2605152,2611101",1985
26,E.F. Bahia ao São Francisco,7057,"2605152,2611101",1996
42,E.F. Petrolina-Teresina,7057,"2605152,2611101",1996
26,E.F. Bahia ao São Francisco,7057,"2605152,2611101",2003
42,E.F. Petrolina-Teresina,7057,"2605152,2611101",2003
44,E.F. Sul de Pernambuco,7058,2605202,1860
44,E.F. Sul de Pernambuco,7058,2605202,1862
44,E.F. Sul de Pernambuco,7058,2605202,1863
44,E.F. Sul de Pernambuco,7058,2605202,1873
44,E.F. Sul de Pernambuco,7058,2605202,1875
44,E.F. Sul de Pernambuco,7058,2605202,1876
44,E.F. Sul de Pernambuco,7058,2605202,1880
44,E.F. Sul de Pernambuco,7058,2605202,1881
44,E.F. Sul de Pernambuco,7058,2605202,1882
44,E.F. Sul de Pernambuco,7058,2605202,1883
44,E.F. Sul de Pernambuco,7058,2605202,1884
44,E.F. Sul de Pernambuco,7058,2605202,1885
44,E.F. Sul de Pernambuco,7058,2605202,1886
44,E.F. Sul de Pernambuco,7058,2605202,1887
44,E.F. Sul de Pernambuco,7058,2605202,1888
44,E.F. Sul de Pernambuco,7058,2605202,1891
44,E.F. Sul de Pernambuco,7058,2605202,1892
44,E.F. Sul de Pernambuco,7058,2605202,1894
44,E.F. Sul de Pernambuco,7058,2605202,1895
44,E.F. Sul de Pernambuco,7058,2605202,1896
44,E.F. Sul de Pernambuco,7058,2605202,1900
44,E.F. Sul de Pernambuco,7058,2605202,1901
44,E.F. Sul de Pernambuco,7058,2605202,1902
44,E.F. Sul de Pernambuco,7058,2605202,1904
44,E.F. Sul de Pernambuco,7058,2605202,1905
44,E.F. Sul de Pernambuco,7058,2605202,1906
44,E.F. Sul de Pernambuco,7058,2605202,1907
44,E.F. Sul de Pernambuco,7058,2605202,1908
44,E.F. Sul de Pernambuco,7058,2605202,1910
44,E.F. Sul de Pernambuco,7058,2605202,1911
44,E.F. Sul de Pernambuco,7058,2605202,1912
44,E.F. Sul de Pernambuco,7058,2605202,1913
44,E.F. Sul de Pernambuco,7058,2605202,1914
44,E.F. Sul de Pernambuco,7058,2605202,1915
44,E.F. Sul de Pernambuco,7058,2605202,1916
44,E.F. Sul de Pernambuco,7058,2605202,1917
44,E.F. Sul de Pernambuco,7058,2605202,1918
44,E.F. Sul de Pernambuco,7058,2605202,1919
44,E.F. Sul de Pernambuco,7058,2605202,1920
44,E.F. Sul de Pernambuco,7058,2605202,1921
44,E.F. Sul de Pernambuco,7058,2605202,1922
44,E.F. Sul de Pernambuco,7058,2605202,1923
44,E.F. Sul de Pernambuco,7058,2605202,1924
44,E.F. Sul de Pernambuco,7058,2605202,1925
44,E.F. Sul de Pernambuco,7058,2605202,1926
44,E.F. Sul de Pernambuco,7058,2605202,1927
44,E.F. Sul de Pernambuco,7058,2605202,1929
44,E.F. Sul de Pernambuco,7058,2605202,1931
44,E.F. Sul de Pernambuco,7058,2605202,1932
44,E.F. Sul de Pernambuco,7058,2605202,1933
44,E.F. Sul de Pernambuco,7058,2605202,1934
44,E.F. Sul de Pernambuco,7058,2605202,1936
44,E.F. Sul de Pernambuco,7058,2605202,1937
44,E.F. Sul de Pernambuco,7058,2605202,1940
44,E.F. Sul de Pernambuco,7058,2605202,1941
44,E.F. Sul de Pernambuco,7058,2605202,1944
44,E.F. Sul de Pernambuco,7058,2605202,1947
44,E.F. Sul de Pernambuco,7058,2605202,1948
44,E.F. Sul de Pernambuco,7058,2605202,1949
44,E.F. Sul de Pernambuco,7058,2605202,1950
44,E.F. Sul de Pernambuco,7058,2605202,1951
44,E.F. Sul de Pernambuco,7058,2605202,1953
44,E.F. Sul de Pernambuco,7058,2605202,1955
44,E.F. Sul de Pernambuco,7058,2605202,1956
44,E.F. Sul de Pernambuco,7058,2605202,1957
44,E.F. Sul de Pernambuco,7058,2605202,1958
44,E.F. Sul de Pernambuco,7058,2605202,1961
44,E.F. Sul de Pernambuco,7058,2605202,1962
44,E.F. Sul de Pernambuco,7058,2605202,1966
44,E.F. Sul de Pernambuco,7058,2605202,1969
44,E.F. Sul de Pernambuco,7058,2605202,1972
44,E.F. Sul de Pernambuco,7058,2605202,1985
44,E.F. Sul de Pernambuco,7058,2605202,1996
44,E.F. Sul de Pernambuco,7058,2605202,2003
44,E.F. Sul de Pernambuco,7066,2606002,1887
44,E.F. Sul de Pernambuco,7066,2606002,1888
44,E.F. Sul de Pernambuco,7066,2606002,1891
44,E.F. Sul de Pernambuco,7066,2606002,1892
44,E.F. Sul de Pernambuco,7066,2606002,1894
44,E.F. Sul de Pernambuco,7066,2606002,1895
44,E.F. Sul de Pernambuco,7066,2606002,1896
44,E.F. Sul de Pernambuco,7066,2606002,1900
44,E.F. Sul de Pernambuco,7066,2606002,1901
44,E.F. Sul de Pernambuco,7066,2606002,1902
44,E.F. Sul de Pernambuco,7066,2606002,1904
44,E.F. Sul de Pernambuco,7066,2606002,1905
44,E.F. Sul de Pernambuco,7066,2606002,1906
44,E.F. Sul de Pernambuco,7066,2606002,1907
44,E.F. Sul de Pernambuco,7066,2606002,1908
44,E.F. Sul de Pernambuco,7066,2606002,1910
44,E.F. Sul de Pernambuco,7066,2606002,1911
44,E.F. Sul de Pernambuco,7066,2606002,1912
44,E.F. Sul de Pernambuco,7066,2606002,1913
44,E.F. Sul de Pernambuco,7066,2606002,1914
44,E.F. Sul de Pernambuco,7066,2606002,1915
44,E.F. Sul de Pernambuco,7066,2606002,1916
44,E.F. Sul de Pernambuco,7066,2606002,1917
44,E.F. Sul de Pernambuco,7066,2606002,1918
44,E.F. Sul de Pernambuco,7066,2606002,1919
44,E.F. Sul de Pernambuco,7066,2606002,1920
44,E.F. Sul de Pernambuco,7066,2606002,1921
44,E.F. Sul de Pernambuco,7066,2606002,1922
44,E.F. Sul de Pernambuco,7066,2606002,1923
44,E.F. Sul de Pernambuco,7066,2606002,1924
44,E.F. Sul de Pernambuco,7066,2606002,1925
44,E.F. Sul de Pernambuco,7066,2606002,1926
44,E.F. Sul de Pernambuco,7066,2606002,1927
44,E.F. Sul de Pernambuco,7066,2606002,1929
44,E.F. Sul de Pernambuco,7066,2606002,1931
44,E.F. Sul de Pernambuco,7066,2606002,1932
44,E.F. Sul de Pernambuco,7066,2606002,1933
44,E.F. Sul de Pernambuco,7066,2606002,1934
44,E.F. Sul de Pernambuco,7066,2606002,1936
44,E.F. Sul de Pernambuco,7066,2606002,1937
44,E.F. Sul de Pernambuco,7066,2606002,1940
44,E.F. Sul de Pernambuco,7066,2606002,1941
44,E.F. Sul de Pernambuco,7066,2606002,1944
44,E.F. Sul de Pernambuco,7066,2606002,1947
44,E.F. Sul de Pernambuco,7066,2606002,1948
44,E.F. Sul de Pernambuco,7066,2606002,1949
44,E.F. Sul de Pernambuco,7066,2606002,1950
44,E.F. Sul de Pernambuco,7066,2606002,1951
44,E.F. Sul de Pernambuco,7066,2606002,1953
44,E.F. Sul de Pernambuco,7066,2606002,1955
44,E.F. Sul de Pernambuco,7066,2606002,1956
44,E.F. Sul de Pernambuco,7066,2606002,1957
44,E.F. Sul de Pernambuco,7066,2606002,1958
44,E.F. Sul de Pernambuco,7066,2606002,1961
44,E.F. Sul de Pernambuco,7066,2606002,1962
44,E.F. Sul de Pernambuco,7066,2606002,1966
44,E.F. Sul de Pernambuco,7066,2606002,1969
44,E.F. Sul de Pernambuco,7066,2606002,1972
44,E.F. Sul de Pernambuco,7066,2606002,1985
44,E.F. Sul de Pernambuco,7066,2606002,1996
44,E.F. Sul de Pernambuco,7066,2606002,2003
10,Linha Centro (Consolidada),7070,2606408,1894
10,Linha Centro (Consolidada),7074,2606903,1948
10,Linha Centro (Consolidada),7074,2606903,1949
10,Linha Centro (Consolidada),7074,2606903,1950
10,Linha Centro (Consolidada),7074,2606903,1951
10,Linha Centro (Consolidada),7074,2606903,1953
10,Linha Centro (Consolidada),7074,2606903,1955
10,Linha Centro (Consolidada),7074,2606903,1956
10,Linha Centro (Consolidada),7074,2606903,1957
10,Linha Centro (Consolidada),7074,2606903,1958
10,Linha Centro (Consolidada),7074,2606903,1961
10,Linha Centro (Consolidada),7074,2606903,1962
10,Linha Centro (Consolidada),7074,2606903,1966
10,Linha Centro (Consolidada),7074,2606903,1969
10,Linha Centro (Consolidada),7074,2606903,1972
10,Linha Centro (Consolidada),7074,2606903,1985
10,Linha Centro (Consolidada),7074,2606903,1996
10,Linha Centro (Consolidada),7074,2606903,2003
10,Linha Centro (Consolidada),7085,2607901,1885
10,Linha Centro (Consolidada),7085,2607901,1886
10,Linha Centro (Consolidada),7085,2607901,1887
10,Linha Centro (Consolidada),7085,2607901,1888
10,Linha Centro (Consolidada),7085,2607901,1891
10,Linha Centro (Consolidada),7085,2607901,1892
10,Linha Centro (Consolidada),7085,2607901,1894
10,Linha Centro (Consolidada),7085,2607901,1895
10,Linha Centro (Consolidada),7085,2607901,1896
10,Linha Centro (Consolidada),7085,2607901,1900
10,Linha Centro (Consolidada),7085,2607901,1901
10,Linha Centro (Consolidada),7085,2607901,1902
10,Linha Centro (Consolidada),7085,2607901,1904
10,Linha Centro (Consolidada),7085,2607901,1905
10,Linha Centro (Consolidada),7085,2607901,1906
10,Linha Centro (Consolidada),7085,2607901,1907
10,Linha Centro (Consolidada),7085,2607901,1908
10,Linha Centro (Consolidada),7085,2607901,1910
10,Linha Centro (Consolidada),7085,2607901,1911
10,Linha Centro (Consolidada),7085,2607901,1912
10,Linha Centro (Consolidada),7085,2607901,1913
10,Linha Centro (Consolidada),7085,2607901,1914
10,Linha Centro (Consolidada),7085,2607901,1915
10,Linha Centro (Consolidada),7085,2607901,1916
10,Linha Centro (Consolidada),7085,2607901,1917
10,Linha Centro (Consolidada),7085,2607901,1918
10,Linha Centro (Consolidada),7085,2607901,1919
10,Linha Centro (Consolidada),7085,2607901,1920
10,Linha Centro (Consolidada),7085,2607901,1921
10,Linha Centro (Consolidada),7085,2607901,1922
10,Linha Centro (Consolidada),7085,2607901,1923
10,Linha Centro (Consolidada),7085,2607901,1924
10,Linha Centro (Consolidada),7085,2607901,1925
10,Linha Centro (Consolidada),7085,2607901,1926
10,Linha Centro (Consolidada),7085,2607901,1927
10,Linha Centro (Consolidada),7085,2607901,1929
10,Linha Centro (Consolidada),7085,2607901,1931
10,Linha Centro (Consolidada),7085,2607901,1932
10,Linha Centro (Consolidada),7085,2607901,1933
10,Linha Centro (Consolidada),7085,2607901,1934
10,Linha Centro (Consolidada),7085,2607901,1936
10,Linha Centro (Consolidada),7085,2607901,1937
10,Linha Centro (Consolidada),7085,2607901,1940
10,Linha Centro (Consolidada),7085,2607901,1941
10,Linha Centro (Consolidada),7085,2607901,1944
10,Linha Centro (Consolidada),7085,2607901,1947
10,Linha Centro (Consolidada),7085,2607901,1948
10,Linha Centro (Consolidada),7085,2607901,1949
10,Linha Centro (Consolidada),7085,2607901,1950
10,Linha Centro (Consolidada),7085,2607901,1951
10,Linha Centro (Consolidada),7085,2607901,1953
10,Linha Centro (Consolidada),7085,2607901,1955
10,Linha Centro (Consolidada),7085,2607901,1956
10,Linha Centro (Consolidada),7085,2607901,1957
10,Linha Centro (Consolidada),7085,2607901,1958
10,Linha Centro (Consolidada),7085,2607901,1961
10,Linha Centro (Consolidada),7085,2607901,1962
10,Linha Centro (Consolidada),7085,2607901,1966
10,Linha Centro (Consolidada),7085,2607901,1969
10,Linha Centro (Consolidada),7085,2607901,1972
10,Linha Centro (Consolidada),7085,2607901,1985
10,Linha Centro (Consolidada),7085,2607901,1996
10,Linha Centro (Consolidada),7085,2607901,2003
3,Estrada de Ferro Paulo Afonso,7088,"2608057,2611002",1883
3,Estrada de Ferro Paulo Afonso,7088,"2608057,2611002",1884
3,Estrada de Ferro Paulo Afonso,7088,"2608057,2611002",1885
3,Estrada de Ferro Paulo Afonso,7088,"2608057,2611002",1886
3,Estrada de Ferro Paulo Afonso,7088,"2608057,2611002",1887
3,Estrada de Ferro Paulo Afonso,7088,"2608057,2611002",1888
3,Estrada de Ferro Paulo Afonso,7088,"2608057,2611002",1891
3,Estrada de Ferro Paulo Afonso,7088,"2608057,2611002",1892
3,Estrada de Ferro Paulo Afonso,7088,"2608057,2611002",1894
3,Estrada de Ferro Paulo Afonso,7088,"2608057,2611002",1895
3,Estrada de Ferro Paulo Afonso,7088,"2608057,2611002",1896
3,Estrada de Ferro Paulo Afonso,7088,"2608057,2611002",1900
3,Estrada de Ferro Paulo Afonso,7088,"2608057,2611002",1901
3,Estrada de Ferro Paulo Afonso,7088,"2608057,2611002",1902
3,Estrada de Ferro Paulo Afonso,7088,"2608057,2611002",1904
3,Estrada de Ferro Paulo Afonso,7088,"2608057,2611002",1905
3,Estrada de Ferro Paulo Afonso,7088,"2608057,2611002",1906
3,Estrada de Ferro Paulo Afonso,7088,"2608057,2611002",1907
3,Estrada de Ferro Paulo Afonso,7088,"2608057,2611002",1908
3,Estrada de Ferro Paulo Afonso,7088,"2608057,2611002",1910
3,Estrada de Ferro Paulo Afonso,7088,"2608057,2611002",1911
3,Estrada de Ferro Paulo Afonso,7088,"2608057,2611002",1912
3,Estrada de Ferro Paulo Afonso,7088,"2608057,2611002",1913
3,Estrada de Ferro Paulo Afonso,7088,"2608057,2611002",1914
3,Estrada de Ferro Paulo Afonso,7088,"2608057,2611002",1915
3,Estrada de Ferro Paulo Afonso,7088,"2608057,2611002",1916
3,Estrada de Ferro Paulo Afonso,7088,"2608057,2611002",1917
3,Estrada de Ferro Paulo Afonso,7088,"2608057,2611002",1918
3,Estrada de Ferro Paulo Afonso,7088,"2608057,2611002",1919
3,Estrada de Ferro Paulo Afonso,7088,"2608057,2611002",1920
3,Estrada de Ferro Paulo Afonso,7088,"2608057,2611002",1921
3,Estrada de Ferro Paulo Afonso,7088,"2608057,2611002",1922
3,Estrada de Ferro Paulo Afonso,7088,"2608057,2611002",1923
3,Estrada de Ferro Paulo Afonso,7088,"2608057,2611002",1924
3,Estrada de Ferro Paulo Afonso,7088,"2608057,2611002",1925
3,Estrada de Ferro Paulo Afonso,7088,"2608057,2611002",1926
3,Estrada de Ferro Paulo Afonso,7088,"2608057,2611002",1927
3,Estrada de Ferro Paulo Afonso,7088,"2608057,2611002",1929
3,Estrada de Ferro Paulo Afonso,7088,"2608057,2611002",1931
3,Estrada de Ferro Paulo Afonso,7088,"2608057,2611002",1932
3,Estrada de Ferro Paulo Afonso,7088,"2608057,2611002",1933
3,Estrada de Ferro Paulo Afonso,7088,"2608057,2611002",1934
3,Estrada de Ferro Paulo Afonso,7088,"2608057,2611002",1936
3,Estrada de Ferro Paulo Afonso,7088,"2608057,2611002",1937
3,Estrada de Ferro Paulo Afonso,7088,"2608057,2611002",1940
3,Estrada de Ferro Paulo Afonso,7088,"2608057,2611002",1941
3,Estrada de Ferro Paulo Afonso,7088,"2608057,2611002",1944
3,Estrada de Ferro Paulo Afonso,7088,"2608057,2611002",1947
3,Estrada de Ferro Paulo Afonso,7088,"2608057,2611002",1948
3,Estrada de Ferro Paulo Afonso,7088,"2608057,2611002",1949
3,Estrada de Ferro Paulo Afonso,7088,"2608057,2611002",1950
3,Estrada de Ferro Paulo Afonso,7088,"2608057,2611002",1951
3,Estrada de Ferro Paulo Afonso,7088,"2608057,2611002",1953
3,Estrada de Ferro Paulo Afonso,7088,"2608057,2611002",1955
3,Estrada de Ferro Paulo Afonso,7088,"2608057,2611002",1956
3,Estrada de Ferro Paulo Afonso,7088,"2608057,2611002",1957
3,Estrada de Ferro Paulo Afonso,7088,"2608057,2611002",1958
3,Estrada de Ferro Paulo Afonso,7088,"2608057,2611002",1961
3,Estrada de Ferro Paulo Afonso,7088,"2608057,2611002",1962
3,Estrada de Ferro Paulo Afonso,7088,"2608057,2611002",1966
3,Estrada de Ferro Paulo Afonso,7088,"2608057,2611002",1969
3,Estrada de Ferro Paulo Afonso,7088,"2608057,2611002",1972
3,Estrada de Ferro Paulo Afonso,7088,"2608057,2611002",1985
3,Estrada de Ferro Paulo Afonso,7088,"2608057,2611002",1996
3,Estrada de Ferro Paulo Afonso,7088,"2608057,2611002",2003
1,E.F. Recife a Limoeiro,7098,2608909,1882
1,E.F. Recife a Limoeiro,7098,2608909,1883
1,E.F. Recife a Limoeiro,7098,2608909,1884
1,E.F. Recife a Limoeiro,7098,2608909,1885
1,E.F. Recife a Limoeiro,7098,2608909,1886
1,E.F. Recife a Limoeiro,7098,2608909,1887
1,E.F. Recife a Limoeiro,7098,2608909,1888
1,E.F. Recife a Limoeiro,7098,2608909,1891
1,E.F. Recife a Limoeiro,7098,2608909,1892
1,E.F. Recife a Limoeiro,7098,2608909,1894
1,E.F. Recife a Limoeiro,7098,2608909,1895
1,E.F. Recife a Limoeiro,7098,2608909,1896
1,E.F. Recife a Limoeiro,7098,2608909,1900
1,E.F. Recife a Limoeiro,7098,2608909,1901
1,E.F. Recife a Limoeiro,7098,2608909,1902
1,E.F. Recife a Limoeiro,7098,2608909,1904
1,E.F. Recife a Limoeiro,7098,2608909,1905
1,E.F. Recife a Limoeiro,7098,2608909,1906
1,E.F. Recife a Limoeiro,7098,2608909,1907
1,E.F. Recife a Limoeiro,7098,2608909,1908
1,E.F. Recife a Limoeiro,7098,2608909,1910
1,E.F. Recife a Limoeiro,7098,2608909,1911
1,E.F. Recife a Limoeiro,7098,2608909,1912
1,E.F. Recife a Limoeiro,7098,2608909,1913
1,E.F. Recife a Limoeiro,7098,2608909,1914
1,E.F. Recife a Limoeiro,7098,2608909,1915
1,E.F. Recife a Limoeiro,7098,2608909,1916
1,E.F. Recife a Limoeiro,7098,2608909,1917
1,E.F. Recife a Limoeiro,7098,2608909,1918
1,E.F. Recife a Limoeiro,7098,2608909,1919
1,E.F. Recife a Limoeiro,7098,2608909,1920
1,E.F. Recife a Limoeiro,7098,2608909,1921
1,E.F. Recife a Limoeiro,7098,2608909,1922
1,E.F. Recife a Limoeiro,7098,2608909,1923
1,E.F. Recife a Limoeiro,7098,2608909,1924
1,E.F. Recife a Limoeiro,7098,2608909,1925
1,E.F. Recife a Limoeiro,7098,2608909,1926
1,E.F. Recife a Limoeiro,7098,2608909,1927
1,E.F. Recife a Limoeiro,7098,2608909,1929
1,E.F. Recife a Limoeiro,7098,2608909,1931
1,E.F. Recife a Limoeiro,7098,2608909,1932
1,E.F. Recife a Limoeiro,7098,2608909,1933
1,E.F. Recife a Limoeiro,7103,2609501,1882
1,E.F. Recife a Limoeiro,7103,2609501,1883
1,E.F. Recife a Limoeiro,7103,2609501,1884
1,E.F. Recife a Limoeiro,7103,2609501,1885
1,E.F. Recife a Limoeiro,7103,2609501,1886
44,E.F. Sul de Pernambuco,7108,2610004,1862
44,E.F. Sul de Pernambuco,7108,2610004,1863
44,E.F. Sul de Pernambuco,7108,2610004,1873
44,E.F. Sul de Pernambuco,7108,2610004,1875
44,E.F. Sul de Pernambuco,7108,2610004,1876
44,E.F. Sul de Pernambuco,7108,2610004,1880
44,E.F. Sul de Pernambuco,7108,2610004,1881
10,Linha Centro (Consolidada),7116,2610905,1906
10,Linha Centro (Consolidada),7116,2610905,1907
10,Linha Centro (Consolidada),7116,2610905,1908
10,Linha Centro (Consolidada),7116,2610905,1910
10,Linha Centro (Consolidada),7116,2610905,1911
44,E.F. Sul de Pernambuco,7121,2611606,1858
44,E.F. Sul de Pernambuco,7121,2611606,1860
44,E.F. Sul de Pernambuco,7121,2611606,1862
44,E.F. Sul de Pernambuco,7121,2611606,1863
44,E.F. Sul de Pernambuco,7121,2611606,1873
44,E.F. Sul de Pernambuco,7121,2611606,1875
44,E.F. Sul de Pernambuco,7121,2611606,1876
44,E.F. Sul de Pernambuco,7121,2611606,1880
1,E.F. Recife a Limoeiro,7121,2611606,1881
44,E.F. Sul de Pernambuco,7121,2611606,1881
1,E.F. Recife a Limoeiro,7121,2611606,1882
44,E.F. Sul de Pernambuco,7121,2611606,1882
1,E.F. Recife a Limoeiro,7121,2611606,1883
44,E.F. Sul de Pernambuco,7121,2611606,1883
1,E.F. Recife a Limoeiro,7121,2611606,1884
44,E.F. Sul de Pernambuco,7121,2611606,1884
1,E.F. Recife a Limoeiro,7121,2611606,1885
10,Linha Centro (Consolidada),7121,2611606,1885
44,E.F. Sul de Pernambuco,7121,2611606,1885
1,E.F. Recife a Limoeiro,7121,2611606,1886
10,Linha Centro (Consolidada),7121,2611606,1886
44,E.F. Sul de Pernambuco,7121,2611606,1886
1,E.F. Recife a Limoeiro,7121,2611606,1887
10,Linha Centro (Consolidada),7121,2611606,1887
44,E.F. Sul de Pernambuco,7121,2611606,1887
1,E.F. Recife a Limoeiro,7121,2611606,1888
10,Linha Centro (Consolidada),7121,2611606,1888
44,E.F. Sul de Pernambuco,7121,2611606,1888
1,E.F. Recife a Limoeiro,7121,2611606,1891
10,Linha Centro (Consolidada),7121,2611606,1891
44,E.F. Sul de Pernambuco,7121,2611606,1891
1,E.F. Recife a Limoeiro,7121,2611606,1892
10,Linha Centro (Consolidada),7121,2611606,1892
44,E.F. Sul de Pernambuco,7121,2611606,1892
1,E.F. Recife a Limoeiro,7121,2611606,1894
10,Linha Centro (Consolidada),7121,2611606,1894
44,E.F. Sul de Pernambuco,7121,2611606,1894
1,E.F. Recife a Limoeiro,7121,2611606,1895
10,Linha Centro (Consolidada),7121,2611606,1895
44,E.F. Sul de Pernambuco,7121,2611606,1895
1,E.F. Recife a Limoeiro,7121,2611606,1896
10,Linha Centro (Consolidada),7121,2611606,1896
44,E.F. Sul de Pernambuco,7121,2611606,1896
1,E.F. Recife a Limoeiro,7121,2611606,1900
10,Linha Centro (Consolidada),7121,2611606,1900
44,E.F. Sul de Pernambuco,7121,2611606,1900
1,E.F. Recife a Limoeiro,7121,2611606,1901
10,Linha Centro (Consolidada),7121,2611606,1901
44,E.F. Sul de Pernambuco,7121,2611606,1901
1,E.F. Recife a Limoeiro,7121,2611606,1902
10,Linha Centro (Consolidada),7121,2611606,1902
44,E.F. Sul de Pernambuco,7121,2611606,1902
1,E.F. Recife a Limoeiro,7121,2611606,1904
10,Linha Centro (Consolidada),7121,2611606,1904
44,E.F. Sul de Pernambuco,7121,2611606,1904
1,E.F. Recife a Limoeiro,7121,2611606,1905
10,Linha Centro (Consolidada),7121,2611606,1905
44,E.F. Sul de Pernambuco,7121,2611606,1905
1,E.F. Recife a Limoeiro,7121,2611606,1906
10,Linha Centro (Consolidada),7121,2611606,1906
44,E.F. Sul de Pernambuco,7121,2611606,1906
1,E.F. Recife a Limoeiro,7121,2611606,1907
10,Linha Centro (Consolidada),7121,2611606,1907
44,E.F. Sul de Pernambuco,7121,2611606,1907
1,E.F. Recife a Limoeiro,7121,2611606,1908
10,Linha Centro (Consolidada),7121,2611606,1908
44,E.F. Sul de Pernambuco,7121,2611606,1908
1,E.F. Recife a Limoeiro,7121,2611606,1910
10,Linha Centro (Consolidada),7121,2611606,1910
44,E.F. Sul de Pernambuco,7121,2611606,1910
1,E.F. Recife a Limoeiro,7121,2611606,1911
10,Linha Centro (Consolidada),7121,2611606,1911
44,E.F. Sul de Pernambuco,7121,2611606,1911
1,E.F. Recife a Limoeiro,7121,2611606,1912
10,Linha Centro (Consolidada),7121,2611606,1912
44,E.F. Sul de Pernambuco,7121,2611606,1912
1,E.F. Recife a Limoeiro,7121,2611606,1913
10,Linha Centro (Consolidada),7121,2611606,1913
44,E.F. Sul de Pernambuco,7121,2611606,1913
1,E.F. Recife a Limoeiro,7121,2611606,1914
10,Linha Centro (Consolidada),7121,2611606,1914
44,E.F. Sul de Pernambuco,7121,2611606,1914
1,E.F. Recife a Limoeiro,7121,2611606,1915
10,Linha Centro (Consolidada),7121,2611606,1915
44,E.F. Sul de Pernambuco,7121,2611606,1915
1,E.F. Recife a Limoeiro,7121,2611606,1916
10,Linha Centro (Consolidada),7121,2611606,1916
44,E.F. Sul de Pernambuco,7121,2611606,1916
1,E.F. Recife a Limoeiro,7121,2611606,1917
10,Linha Centro (Consolidada),7121,2611606,1917
44,E.F. Sul de Pernambuco,7121,2611606,1917
1,E.F. Recife a Limoeiro,7121,2611606,1918
10,Linha Centro (Consolidada),7121,2611606,1918
44,E.F. Sul de Pernambuco,7121,2611606,1918
1,E.F. Recife a Limoeiro,7121,2611606,1919
10,Linha Centro (Consolidada),7121,2611606,1919
44,E.F. Sul de Pernambuco,7121,2611606,1919
1,E.F. Recife a Limoeiro,7121,2611606,1920
10,Linha Centro (Consolidada),7121,2611606,1920
44,E.F. Sul de Pernambuco,7121,2611606,1920
1,E.F. Recife a Limoeiro,7121,2611606,1921
10,Linha Centro (Consolidada),7121,2611606,1921
44,E.F. Sul de Pernambuco,7121,2611606,1921
1,E.F. Recife a Limoeiro,7121,2611606,1922
10,Linha Centro (Consolidada),7121,2611606,1922
44,E.F. Sul de Pernambuco,7121,2611606,1922
1,E.F. Recife a Limoeiro,7121,2611606,1923
10,Linha Centro (Consolidada),7121,2611606,1923
44,E.F. Sul de Pernambuco,7121,2611606,1923
1,E.F. Recife a Limoeiro,7121,2611606,1924
10,Linha Centro (Consolidada),7121,2611606,1924
44,E.F. Sul de Pernambuco,7121,2611606,1924
1,E.F. Recife a Limoeiro,7121,2611606,1925
10,Linha Centro (Consolidada),7121,2611606,1925
44,E.F. Sul de Pernambuco,7121,2611606,1925
1,E.F. Recife a Limoeiro,7121,2611606,1926
10,Linha Centro (Consolidada),7121,2611606,1926
44,E.F. Sul de Pernambuco,7121,2611606,1926
1,E.F. Recife a Limoeiro,7121,2611606,1927
10,Linha Centro (Consolidada),7121,2611606,1927
44,E.F. Sul de Pernambuco,7121,2611606,1927
1,E.F. Recife a Limoeiro,7121,2611606,1929
10,Linha Centro (Consolidada),7121,2611606,1929
44,E.F. Sul de Pernambuco,7121,2611606,1929
1,E.F. Recife a Limoeiro,7121,2611606,1931
10,Linha Centro (Consolidada),7121,2611606,1931
44,E.F. Sul de Pernambuco,7121,2611606,1931
1,E.F. Recife a Limoeiro,7121,2611606,1932
10,Linha Centro (Consolidada),7121,2611606,1932
44,E.F. Sul de Pernambuco,7121,2611606,1932
1,E.F. Recife a Limoeiro,7121,2611606,1933
10,Linha Centro (Consolidada),7121,2611606,1933
44,E.F. Sul de Pernambuco,7121,2611606,1933
1,E.F. Recife a Limoeiro,7121,2611606,1934
10,Linha Centro (Consolidada),7121,2611606,1934
44,E.F. Sul de Pernambuco,7121,2611606,1934
1,E.F. Recife a Limoeiro,7121,2611606,1936
10,Linha Centro (Consolidada),7121,2611606,1936
44,E.F. Sul de Pernambuco,7121,2611606,1936
1,E.F. Recife a Limoeiro,7121,2611606,1937
10,Linha Centro (Consolidada),7121,2611606,1937
44,E.F. Sul de Pernambuco,7121,2611606,1937
1,E.F. Recife a Limoeiro,7121,2611606,1940
10,Linha Centro (Consolidada),7121,2611606,1940
44,E.F. Sul de Pernambuco,7121,2611606,1940
1,E.F. Recife a Limoeiro,7121,2611606,1941
10,Linha Centro (Consolidada),7121,2611606,1941
44,E.F. Sul de Pernambuco,7121,2611606,1941
1,E.F. Recife a Limoeiro,7121,2611606,1944
10,Linha Centro (Consolidada),7121,2611606,1944
44,E.F. Sul de Pernambuco,7121,2611606,1944
1,E.F. Recife a Limoeiro,7121,2611606,1947
10,Linha Centro (Consolidada),7121,2611606,1947
44,E.F. Sul de Pernambuco,7121,2611606,1947
1,E.F. Recife a Limoeiro,7121,2611606,1948
10,Linha Centro (Consolidada),7121,2611606,1948
44,E.F. Sul de Pernambuco,7121,2611606,1948
1,E.F. Recife a Limoeiro,7121,2611606,1949
10,Linha Centro (Consolidada),7121,2611606,1949
44,E.F. Sul de Pernambuco,7121,2611606,1949
1,E.F. Recife a Limoeiro,7121,2611606,1950
10,Linha Centro (Consolidada),7121,2611606,1950
44,E.F. Sul de Pernambuco,7121,2611606,1950
1,E.F. Recife a Limoeiro,7121,2611606,1951
10,Linha Centro (Consolidada),7121,2611606,1951
44,E.F. Sul de Pernambuco,7121,2611606,1951
1,E.F. Recife a Limoeiro,7121,2611606,1953
10,Linha Centro (Consolidada),7121,2611606,1953
44,E.F. Sul de Pernambuco,7121,2611606,1953
1,E.F. Recife a Limoeiro,7121,2611606,1955
10,Linha Centro (Consolidada),7121,2611606,1955
44,E.F. Sul de Pernambuco,7121,2611606,1955
1,E.F. Recife a Limoeiro,7121,2611606,1956
10,Linha Centro (Consolidada),7121,2611606,1956
44,E.F. Sul de Pernambuco,7121,2611606,1956
1,E.F. Recife a Limoeiro,7121,2611606,1957
10,Linha Centro (Consolidada),7121,2611606,1957
44,E.F. Sul de Pernambuco,7121,2611606,1957
1,E.F. Recife a Limoeiro,7121,2611606,1958
10,Linha Centro (Consolidada),7121,2611606,1958
44,E.F. Sul de Pernambuco,7121,2611606,1958
1,E.F. Recife a Limoeiro,7121,2611606,1961
10,Linha Centro (Consolidada),7121,2611606,1961
44,E.F. Sul de Pernambuco,7121,2611606,1961
1,E.F. Recife a Limoeiro,7121,2611606,1962
10,Linha Centro (Consolidada),7121,2611606,1962
44,E.F. Sul de Pernambuco,7121,2611606,1962
1,E.F. Recife a Limoeiro,7121,2611606,1966
10,Linha Centro (Consolidada),7121,2611606,1966
44,E.F. Sul de Pernambuco,7121,2611606,1966
1,E.F. Recife a Limoeiro,7121,2611606,1969
10,Linha Centro (Consolidada),7121,2611606,1969
44,E.F. Sul de Pernambuco,7121,2611606,1969
1,E.F. Recife a Limoeiro,7121,2611606,1972
10,Linha Centro (Consolidada),7121,2611606,1972
44,E.F. Sul de Pernambuco,7121,2611606,1972
1,E.F. Recife a Limoeiro,7121,2611606,1985
10,Linha Centro (Consolidada),7121,2611606,1985
44,E.F. Sul de Pernambuco,7121,2611606,1985
1,E.F. Recife a Limoeiro,7121,2611606,1996
10,Linha Centro (Consolidada),7121,2611606,1996
44,E.F. Sul de Pernambuco,7121,2611606,1996
1,E.F. Recife a Limoeiro,7121,2611606,2003
10,Linha Centro (Consolidada),7121,2611606,2003
44,E.F. Sul de Pernambuco,7121,2611606,2003
44,E.F. Sul de Pernambuco,7123,2611804,1907
44,E.F. Sul de Pernambuco,7123,2611804,1908
44,E.F. Sul de Pernambuco,7123,2611804,1910
44,E.F. Sul de Pernambuco,7123,2611804,1911
10,Linha Centro (Consolidada),7127,2612208,1962
10,Linha Centro (Consolidada),7127,2612208,1966
10,Linha Centro (Consolidada),7127,2612208,1969
10,Linha Centro (Consolidada),7127,2612208,1972
10,Linha Centro (Consolidada),7127,2612208,1985
10,Linha Centro (Consolidada),7127,2612208,1996
10,Linha Centro (Consolidada),7127,2612208,2003
10,Linha Centro (Consolidada),7143,2613909,1957
10,Linha Centro (Consolidada),7143,2613909,1958
10,Linha Centro (Consolidada),7143,2613909,1961
10,Linha Centro (Consolidada),7143,2613909,1962
10,Linha Centro (Consolidada),7143,2613909,1966
10,Linha Centro (Consolidada),7143,2613909,1969
10,Linha Centro (Consolidada),7143,2613909,1972
10,Linha Centro (Consolidada),7143,2613909,1985
10,Linha Centro (Consolidada),7143,2613909,1996
10,Linha Centro (Consolidada),7143,2613909,2003
10,Linha Centro (Consolidada),7145,2614105,1933
10,Linha Centro (Consolidada),7145,2614105,1934
10,Linha Centro (Consolidada),7145,2614105,1936
10,Linha Centro (Consolidada),7145,2614105,1937
10,Linha Centro (Consolidada),7145,2614105,1940
10,Linha Centro (Consolidada),7145,2614105,1941
10,Linha Centro (Consolidada),7145,2614105,1944
10,Linha Centro (Consolidada),7145,2614105,1947
10,Linha Centro (Consolidada),7145,2614105,1948
10,Linha Centro (Consolidada),7145,2614105,1949
10,Linha Centro (Consolidada),7145,2614105,1950
10,Linha Centro (Consolidada),7145,2614105,1951
10,Linha Centro (Consolidada),7145,2614105,1953
10,Linha Centro (Consolidada),7145,2614105,1955
10,Linha Centro (Consolidada),7145,2614105,1956
10,Linha Centro (Consolidada),7145,2614105,1957
10,Linha Centro (Consolidada),7145,2614105,1958
10,Linha Centro (Consolidada),7145,2614105,1961
10,Linha Centro (Consolidada),7145,2614105,1962
10,Linha Centro (Consolidada),7145,2614105,1966
10,Linha Centro (Consolidada),7145,2614105,1969
10,Linha Centro (Consolidada),7145,2614105,1972
10,Linha Centro (Consolidada),7145,2614105,1985
10,Linha Centro (Consolidada),7145,2614105,1996
10,Linha Centro (Consolidada),7145,2614105,2003
1,E.F. Recife a Limoeiro,7155,2615300,1888
1,E.F. Recife a Limoeiro,7155,2615300,1891
1,E.F. Recife a Limoeiro,7155,2615300,1892
1,E.F. Recife a Limoeiro,7155,2615300,1894
1,E.F. Recife a Limoeiro,7155,2615300,1895
1,E.F. Recife a Limoeiro,7155,2615300,1896
1,E.F. Recife a Limoeiro,7155,2615300,1900
10,Linha Centro (Consolidada),7165,2616407,1886
10,Linha Centro (Consolidada),7165,2616407,1887
10,Linha Centro (Consolidada),7165,2616407,1888
10,Linha Centro (Consolidada),7165,2616407,1891
10,Linha Centro (Consolidada),7165,2616407,1892
12,Ramal de Colégio,8003,"2700300,2702355",1949
3,Estrada de Ferro Paulo Afonso,8025,2702405,1882
12,Ramal de Colégio,8027,"2702553,2706307",1933
12,Ramal de Colégio,8027,"2702553,2706307",1934
12,Ramal de Colégio,8027,"2702553,2706307",1936
12,Ramal de Colégio,8027,"2702553,2706307",1937
12,Ramal de Colégio,8027,"2702553,2706307",1940
12,Ramal de Colégio,8027,"2702553,2706307",1941
12,Ramal de Colégio,8027,"2702553,2706307",1944
12,Ramal de Colégio,8027,"2702553,2706307",1947
12,Ramal de Colégio,8027,"2702553,2706307",1948
11,E.F. Central de Alagoas,8044,2704302,1884
11,E.F. Central de Alagoas,8044,2704302,1885
11,E.F. Central de Alagoas,8044,2704302,1886
11,E.F. Central de Alagoas,8044,2704302,1887
11,E.F. Central de Alagoas,8044,2704302,1888
11,E.F. Central de Alagoas,8044,2704302,1891
11,E.F. Central de Alagoas,8044,2704302,1892
11,E.F. Central de Alagoas,8044,2704302,1894
11,E.F. Central de Alagoas,8044,2704302,1895
11,E.F. Central de Alagoas,8044,2704302,1896
11,E.F. Central de Alagoas,8044,2704302,1900
11,E.F. Central de Alagoas,8044,2704302,1901
11,E.F. Central de Alagoas,8044,2704302,1902
11,E.F. Central de Alagoas,8044,2704302,1904
11,E.F. Central de Alagoas,8044,2704302,1905
11,E.F. Central de Alagoas,8044,2704302,1906
11,E.F. Central de Alagoas,8044,2704302,1907
11,E.F. Central de Alagoas,8044,2704302,1908
11,E.F. Central de Alagoas,8044,2704302,1910
11,E.F. Central de Alagoas,8044,2704302,1911
11,E.F. Central de Alagoas,8044,2704302,1912
11,E.F. Central de Alagoas,8044,2704302,1913
11,E.F. Central de Alagoas,8044,2704302,1914
11,E.F. Central de Alagoas,8044,2704302,1915
11,E.F. Central de Alagoas,8044,2704302,1916
11,E.F. Central de Alagoas,8044,2704302,1917
11,E.F. Central de Alagoas,8044,2704302,1918
11,E.F. Central de Alagoas,8044,2704302,1919
11,E.F. Central de Alagoas,8044,2704302,1920
11,E.F. Central de Alagoas,8044,2704302,1921
11,E.F. Central de Alagoas,8044,2704302,1922
11,E.F. Central de Alagoas,8044,2704302,1923
11,E.F. Central de Alagoas,8044,2704302,1924
11,E.F. Central de Alagoas,8044,2704302,1925
11,E.F. Central de Alagoas,8044,2704302,1926
11,E.F. Central de Alagoas,8044,2704302,1927
11,E.F. Central de Alagoas,8044,2704302,1929
11,E.F. Central de Alagoas,8044,2704302,1931
11,E.F. Central de Alagoas,8044,2704302,1932
11,E.F. Central de Alagoas,8044,2704302,1933
11,E.F. Central de Alagoas,8044,2704302,1934
11,E.F. Central de Alagoas,8044,2704302,1936
11,E.F. Central de Alagoas,8044,2704302,1937
11,E.F. Central de Alagoas,8044,2704302,1940
11,E.F. Central de Alagoas,8044,2704302,1941
11,E.F. Central de Alagoas,8044,2704302,1944
11,E.F. Central de Alagoas,8044,2704302,1947
11,E.F. Central de Alagoas,8044,2704302,1948
11,E.F. Central de Alagoas,8044,2704302,1949
11,E.F. Central de Alagoas,8044,2704302,1950
11,E.F. Central de Alagoas,8044,2704302,1951
11,E.F. Central de Alagoas,8044,2704302,1953
11,E.F. Central de Alagoas,8044,2704302,1955
11,E.F. Central de Alagoas,8044,2704302,1956
11,E.F. Central de Alagoas,8044,2704302,1957
11,E.F. Central de Alagoas,8044,2704302,1958
11,E.F. Central de Alagoas,8044,2704302,1961
11,E.F. Central de Alagoas,8044,2704302,1962
11,E.F. Central de Alagoas,8044,2704302,1966
11,E.F. Central de Alagoas,8044,2704302,1969
11,E.F. Central de Alagoas,8044,2704302,1972
11,E.F. Central de Alagoas,8044,2704302,1985
11,E.F. Central de Alagoas,8044,2704302,1996
11,E.F. Central de Alagoas,8044,2704302,2003
3,Estrada de Ferro Paulo Afonso,8071,2707107,1882
3,Estrada de Ferro Paulo Afonso,8071,2707107,1883
3,Estrada de Ferro Paulo Afonso,8071,2707107,1884
3,Estrada de Ferro Paulo Afonso,8071,2707107,1885
3,Estrada de Ferro Paulo Afonso,8071,2707107,1886
3,Estrada de Ferro Paulo Afonso,8071,2707107,1887
3,Estrada de Ferro Paulo Afonso,8071,2707107,1888
3,Estrada de Ferro Paulo Afonso,8071,2707107,1891
3,Estrada de Ferro Paulo Afonso,8071,2707107,1892
3,Estrada de Ferro Paulo Afonso,8071,2707107,1894
3,Estrada de Ferro Paulo Afonso,8071,2707107,1895
3,Estrada de Ferro Paulo Afonso,8071,2707107,1896
3,Estrada de Ferro Paulo Afonso,8071,2707107,1900
3,Estrada de Ferro Paulo Afonso,8071,2707107,1901
3,Estrada de Ferro Paulo Afonso,8071,2707107,1902
3,Estrada de Ferro Paulo Afonso,8071,2707107,1904
3,Estrada de Ferro Paulo Afonso,8071,2707107,1905
3,Estrada de Ferro Paulo Afonso,8071,2707107,1906
3,Estrada de Ferro Paulo Afonso,8071,2707107,1907
3,Estrada de Ferro Paulo Afonso,8071,2707107,1908
3,Estrada de Ferro Paulo Afonso,8071,2707107,1910
3,Estrada de Ferro Paulo Afonso,8071,2707107,1911
3,Estrada de Ferro Paulo Afonso,8071,2707107,1912
3,Estrada de Ferro Paulo Afonso,8071,2707107,1913
3,Estrada de Ferro Paulo Afonso,8071,2707107,1914
3,Estrada de Ferro Paulo Afonso,8071,2707107,1915
3,Estrada de Ferro Paulo Afonso,8071,2707107,1916
3,Estrada de Ferro Paulo Afonso,8071,2707107,1917
3,Estrada de Ferro Paulo Afonso,8071,2707107,1918
3,Estrada de Ferro Paulo Afonso,8071,2707107,1919
3,Estrada de Ferro Paulo Afonso,8071,2707107,1920
3,Estrada de Ferro Paulo Afonso,8071,2707107,1921
3,Estrada de Ferro Paulo Afonso,8071,2707107,1922
3,Estrada de Ferro Paulo Afonso,8071,2707107,1923
3,Estrada de Ferro Paulo Afonso,8071,2707107,1924
3,Estrada de Ferro Paulo Afonso,8071,2707107,1925
3,Estrada de Ferro Paulo Afonso,8071,2707107,1926
3,Estrada de Ferro Paulo Afonso,8071,2707107,1927
3,Estrada de Ferro Paulo Afonso,8071,2707107,1929
3,Estrada de Ferro Paulo Afonso,8071,2707107,1931
3,Estrada de Ferro Paulo Afonso,8071,2707107,1932
3,Estrada de Ferro Paulo Afonso,8071,2707107,1933
3,Estrada de Ferro Paulo Afonso,8071,2707107,1934
3,Estrada de Ferro Paulo Afonso,8071,2707107,1936
3,Estrada de Ferro Paulo Afonso,8071,2707107,1937
3,Estrada de Ferro Paulo Afonso,8071,2707107,1940
3,Estrada de Ferro Paulo Afonso,8071,2707107,1941
3,Estrada de Ferro Paulo Afonso,8071,2707107,1944
3,Estrada de Ferro Paulo Afonso,8071,2707107,1947
3,Estrada de Ferro Paulo Afonso,8071,2707107,1948
3,Estrada de Ferro Paulo Afonso,8071,2707107,1949
3,Estrada de Ferro Paulo Afonso,8071,2707107,1950
3,Estrada de Ferro Paulo Afonso,8071,2707107,1951
3,Estrada de Ferro Paulo Afonso,8071,2707107,1953
3,Estrada de Ferro Paulo Afonso,8071,2707107,1955
3,Estrada de Ferro Paulo Afonso,8071,2707107,1956
3,Estrada de Ferro Paulo Afonso,8071,2707107,1957
3,Estrada de Ferro Paulo Afonso,8071,2707107,1958
3,Estrada de Ferro Paulo Afonso,8071,2707107,1961
3,Estrada de Ferro Paulo Afonso,8071,2707107,1962
3,Estrada de Ferro Paulo Afonso,8071,2707107,1966
3,Estrada de Ferro Paulo Afonso,8071,2707107,1969
3,Estrada de Ferro Paulo Afonso,8071,2707107,1972
3,Estrada de Ferro Paulo Afonso,8071,2707107,1985
3,Estrada de Ferro Paulo Afonso,8071,2707107,1996
3,Estrada de Ferro Paulo Afonso,8071,2707107,2003
12,Ramal de Colégio,8075,2707503,1950
12,Ramal de Colégio,8075,2707503,1951
12,Ramal de Colégio,8075,2707503,1953
12,Ramal de Colégio,8075,2707503,1955
12,Ramal de Colégio,8075,2707503,1956
12,Ramal de Colégio,8075,2707503,1957
12,Ramal de Colégio,8075,2707503,1958
12,Ramal de Colégio,8075,2707503,1961
12,Ramal de Colégio,8075,2707503,1962
12,Ramal de Colégio,8075,2707503,1966
12,Ramal de Colégio,8075,2707503,1969
12,Ramal de Colégio,8075,2707503,1972
12,Ramal de Colégio,8075,2707503,1985
12,Ramal de Colégio,8075,2707503,1996
12,Ramal de Colégio,8075,2707503,2003
12,Ramal de Colégio,8076,2707602,1912
12,Ramal de Colégio,8076,2707602,1913
12,Ramal de Colégio,8076,2707602,1914
12,Ramal de Colégio,8076,2707602,1915
12,Ramal de Colégio,8076,2707602,1916
12,Ramal de Colégio,8076,2707602,1917
12,Ramal de Colégio,8076,2707602,1918
12,Ramal de Colégio,8076,2707602,1919
12,Ramal de Colégio,8076,2707602,1920
12,Ramal de Colégio,8076,2707602,1921
12,Ramal de Colégio,8076,2707602,1922
12,Ramal de Colégio,8076,2707602,1923
12,Ramal de Colégio,8076,2707602,1924
12,Ramal de Colégio,8076,2707602,1925
12,Ramal de Colégio,8076,2707602,1926
12,Ramal de Colégio,8076,2707602,1927
12,Ramal de Colégio,8076,2707602,1929
12,Ramal de Colégio,8076,2707602,1931
12,Ramal de Colégio,8076,2707602,1932
12,Ramal de Colégio,8077,2707701,1911
12,Ramal de Colégio,8077,2707701,1912
12,Ramal de Colégio,8077,2707701,1913
12,Ramal de Colégio,8077,2707701,1914
12,Ramal de Colégio,8077,2707701,1915
12,Ramal de Colégio,8077,2707701,1916
12,Ramal de Colégio,8077,2707701,1917
12,Ramal de Colégio,8077,2707701,1918
12,Ramal de Colégio,8077,2707701,1919
12,Ramal de Colégio,8077,2707701,1920
12,Ramal de Colégio,8077,2707701,1921
12,Ramal de Colégio,8077,2707701,1922
12,Ramal de Colégio,8077,2707701,1923
12,Ramal de Colégio,8077,2707701,1924
12,Ramal de Colégio,8077,2707701,1925
12,Ramal de Colégio,8077,2707701,1926
12,Ramal de Colégio,8077,2707701,1927
12,Ramal de Colégio,8077,2707701,1929
12,Ramal de Colégio,8077,2707701,1931
12,Ramal de Colégio,8077,2707701,1932
12,Ramal de Colégio,8077,2707701,1933
12,Ramal de Colégio,8077,2707701,1934
12,Ramal de Colégio,8077,2707701,1936
12,Ramal de Colégio,8077,2707701,1937
12,Ramal de Colégio,8077,2707701,1940
12,Ramal de Colégio,8077,2707701,1941
12,Ramal de Colégio,8077,2707701,1944
12,Ramal de Colégio,8077,2707701,1947
12,Ramal de Colégio,8077,2707701,1948
12,Ramal de Colégio,8077,2707701,1949
12,Ramal de Colégio,8077,2707701,1950
12,Ramal de Colégio,8077,2707701,1951
12,Ramal de Colégio,8077,2707701,1953
12,Ramal de Colégio,8077,2707701,1955
12,Ramal de Colégio,8077,2707701,1956
12,Ramal de Colégio,8077,2707701,1957
12,Ramal de Colégio,8077,2707701,1958
12,Ramal de Colégio,8077,2707701,1961
12,Ramal de Colégio,8077,2707701,1962
12,Ramal de Colégio,8077,2707701,1966
12,Ramal de Colégio,8077,2707701,1969
12,Ramal de Colégio,8077,2707701,1972
12,Ramal de Colégio,8077,2707701,1985
12,Ramal de Colégio,8077,2707701,1996
12,Ramal de Colégio,8077,2707701,2003
11,E.F. Central de Alagoas,8092,2709301,1884
11,E.F. Central de Alagoas,8092,2709301,1885
11,E.F. Central de Alagoas,8092,2709301,1886
11,E.F. Central de Alagoas,8092,2709301,1887
11,E.F. Central de Alagoas,8092,2709301,1888
11,E.F. Central de Alagoas,8092,2709301,1891
11,E.F. Central de Alagoas,8092,2709301,1892
11,E.F. Central de Alagoas,8092,2709301,1894
44,E.F. Sul de Pernambuco,8092,2709301,1894
11,E.F. Central de Alagoas,8092,2709301,1895
44,E.F. Sul de Pernambuco,8092,2709301,1895
11,E.F. Central de Alagoas,8092,2709301,1896
44,E.F. Sul de Pernambuco,8092,2709301,1896
11,E.F. Central de Alagoas,8092,2709301,1900
44,E.F. Sul de Pernambuco,8092,2709301,1900
11,E.F. Central de Alagoas,8092,2709301,1901
44,E.F. Sul de Pernambuco,8092,2709301,1901
11,E.F. Central de Alagoas,8092,2709301,1902
44,E.F. Sul de Pernambuco,8092,2709301,1902
11,E.F. Central de Alagoas,8092,2709301,1904
44,E.F. Sul de Pernambuco,8092,2709301,1904
11,E.F. Central de Alagoas,8092,2709301,1905
44,E.F. Sul de Pernambuco,8092,2709301,1905
11,E.F. Central de Alagoas,8092,2709301,1906
44,E.F. Sul de Pernambuco,8092,2709301,1906
11,E.F. Central de Alagoas,8092,2709301,1907
44,E.F. Sul de Pernambuco,8092,2709301,1907
11,E.F. Central de Alagoas,8092,2709301,1908
44,E.F. Sul de Pernambuco,8092,2709301,1908
11,E.F. Central de Alagoas,8092,2709301,1910
44,E.F. Sul de Pernambuco,8092,2709301,1910
11,E.F. Central de Alagoas,8092,2709301,1911
44,E.F. Sul de Pernambuco,8092,2709301,1911
11,E.F. Central de Alagoas,8092,2709301,1912
44,E.F. Sul de Pernambuco,8092,2709301,1912
11,E.F. Central de Alagoas,8092,2709301,1913
44,E.F. Sul de Pernambuco,8092,2709301,1913
11,E.F. Central de Alagoas,8092,2709301,1914
44,E.F. Sul de Pernambuco,8092,2709301,1914
11,E.F. Central de Alagoas,8092,2709301,1915
44,E.F. Sul de Pernambuco,8092,2709301,1915
11,E.F. Central de Alagoas,8092,2709301,1916
44,E.F. Sul de Pernambuco,8092,2709301,1916
11,E.F. Central de Alagoas,8092,2709301,1917
44,E.F. Sul de Pernambuco,8092,2709301,1917
11,E.F. Central de Alagoas,8092,2709301,1918
44,E.F. Sul de Pernambuco,8092,2709301,1918
11,E.F. Central de Alagoas,8092,2709301,1919
44,E.F. Sul de Pernambuco,8092,2709301,1919
11,E.F. Central de Alagoas,8092,2709301,1920
44,E.F. Sul de Pernambuco,8092,2709301,1920
11,E.F. Central de Alagoas,8092,2709301,1921
44,E.F. Sul de Pernambuco,8092,2709301,1921
11,E.F. Central de Alagoas,8092,2709301,1922
44,E.F. Sul de Pernambuco,8092,2709301,1922
11,E.F. Central de Alagoas,8092,2709301,1923
44,E.F. Sul de Pernambuco,8092,2709301,1923
11,E.F. Central de Alagoas,8092,2709301,1924
44,E.F. Sul de Pernambuco,8092,2709301,1924
11,E.F. Central de Alagoas,8092,2709301,1925
44,E.F. Sul de Pernambuco,8092,2709301,1925
11,E.F. Central de Alagoas,8092,2709301,1926
44,E.F. Sul de Pernambuco,8092,2709301,1926
11,E.F. Central de Alagoas,8092,2709301,1927
44,E.F. Sul de Pernambuco,8092,2709301,1927
11,E.F. Central de Alagoas,8092,2709301,1929
44,E.F. Sul de Pernambuco,8092,2709301,1929
11,E.F. Central de Alagoas,8092,2709301,1931
44,E.F. Sul de Pernambuco,8092,2709301,1931
11,E.F. Central de Alagoas,8092,2709301,1932
44,E.F. Sul de Pernambuco,8092,2709301,1932
11,E.F. Central de Alagoas,8092,2709301,1933
44,E.F. Sul de Pernambuco,8092,2709301,1933
11,E.F. Central de Alagoas,8092,2709301,1934
44,E.F. Sul de Pernambuco,8092,2709301,1934
11,E.F. Central de Alagoas,8092,2709301,1936
44,E.F. Sul de Pernambuco,8092,2709301,1936
11,E.F. Central de Alagoas,8092,2709301,1937
44,E.F. Sul de Pernambuco,8092,2709301,1937
11,E.F. Central de Alagoas,8092,2709301,1940
44,E.F. Sul de Pernambuco,8092,2709301,1940
11,E.F. Central de Alagoas,8092,2709301,1941
44,E.F. Sul de Pernambuco,8092,2709301,1941
11,E.F. Central de Alagoas,8092,2709301,1944
44,E.F. Sul de Pernambuco,8092,2709301,1944
11,E.F. Central de Alagoas,8092,2709301,1947
44,E.F. Sul de Pernambuco,8092,2709301,1947
11,E.F. Central de Alagoas,8092,2709301,1948
44,E.F. Sul de Pernambuco,8092,2709301,1948
11,E.F. Central de Alagoas,8092,2709301,1949
44,E.F. Sul de Pernambuco,8092,2709301,1949
11,E.F. Central de Alagoas,8092,2709301,1950
44,E.F. Sul de Pernambuco,8092,2709301,1950
11,E.F. Central de Alagoas,8092,2709301,1951
44,E.F. Sul de Pernambuco,8092,2709301,1951
11,E.F. Central de Alagoas,8092,2709301,1953
44,E.F. Sul de Pernambuco,8092,2709301,1953
11,E.F. Central de Alagoas,8092,2709301,1955
44,E.F. Sul de Pernambuco,8092,2709301,1955
11,E.F. Central de Alagoas,8092,2709301,1956
44,E.F. Sul de Pernambuco,8092,2709301,1956
11,E.F. Central de Alagoas,8092,2709301,1957
44,E.F. Sul de Pernambuco,8092,2709301,1957
11,E.F. Central de Alagoas,8092,2709301,1958
44,E.F. Sul de Pernambuco,8092,2709301,1958
11,E.F. Central de Alagoas,8092,2709301,1961
44,E.F. Sul de Pernambuco,8092,2709301,1961
11,E.F. Central de Alagoas,8092,2709301,1962
44,E.F. Sul de Pernambuco,8092,2709301,1962
11,E.F. Central de Alagoas,8092,2709301,1966
44,E.F. Sul de Pernambuco,8092,2709301,1966
11,E.F. Central de Alagoas,8092,2709301,1969
44,E.F. Sul de Pernambuco,8092,2709301,1969
11,E.F. Central de Alagoas,8092,2709301,1972
44,E.F. Sul de Pernambuco,8092,2709301,1972
11,E.F. Central de Alagoas,8092,2709301,1985
44,E.F. Sul de Pernambuco,8092,2709301,1985
11,E.F. Central de Alagoas,8092,2709301,1996
44,E.F. Sul de Pernambuco,8092,2709301,1996
11,E.F. Central de Alagoas,8092,2709301,2003
44,E.F. Sul de Pernambuco,8092,2709301,2003
12,Ramal de Colégio,8093,2709400,1911
28,E.F. Leste Brasileiro (BA),9012,2801306,1916
28,E.F. Leste Brasileiro (BA),9012,2801306,1917
28,E.F. Leste Brasileiro (BA),9012,2801306,1918
28,E.F. Leste Brasileiro (BA),9012,2801306,1919
28,E.F. Leste Brasileiro (BA),9012,2801306,1920
28,E.F. Leste Brasileiro (BA),9012,2801306,1921
28,E.F. Leste Brasileiro (BA),9012,2801306,1922
28,E.F. Leste Brasileiro (BA),9012,2801306,1923
28,E.F. Leste Brasileiro (BA),9012,2801306,1924
28,E.F. Leste Brasileiro (BA),9012,2801306,1925
28,E.F. Leste Brasileiro (BA),9012,2801306,1926
28,E.F. Leste Brasileiro (BA),9012,2801306,1927
28,E.F. Leste Brasileiro (BA),9012,2801306,1929
28,E.F. Leste Brasileiro (BA),9012,2801306,1931
28,E.F. Leste Brasileiro (BA),9012,2801306,1932
28,E.F. Leste Brasileiro (BA),9012,2801306,1933
28,E.F. Leste Brasileiro (BA),9012,2801306,1934
28,E.F. Leste Brasileiro (BA),9012,2801306,1936
28,E.F. Leste Brasileiro (BA),9012,2801306,1937
28,E.F. Leste Brasileiro (BA),9012,2801306,1940
28,E.F. Leste Brasileiro (BA),9012,2801306,1941
28,E.F. Leste Brasileiro (BA),9012,2801306,1944
28,E.F. Leste Brasileiro (BA),9012,2801306,1947
28,E.F. Leste Brasileiro (BA),9012,2801306,1948
28,E.F. Leste Brasileiro (BA),9012,2801306,1949
28,E.F. Leste Brasileiro (BA),9012,2801306,1950
28,E.F. Leste Brasileiro (BA),9012,2801306,1951
28,E.F. Leste Brasileiro (BA),9012,2801306,1953
28,E.F. Leste Brasileiro (BA),9012,2801306,1955
28,E.F. Leste Brasileiro (BA),9012,2801306,1956
28,E.F. Leste Brasileiro (BA),9012,2801306,1957
28,E.F. Leste Brasileiro (BA),9012,2801306,1958
28,E.F. Leste Brasileiro (BA),9012,2801306,1961
28,E.F. Leste Brasileiro (BA),9012,2801306,1962
28,E.F. Leste Brasileiro (BA),9012,2801306,1966
28,E.F. Leste Brasileiro (BA),9012,2801306,1969
28,E.F. Leste Brasileiro (BA),9012,2801306,1972
28,E.F. Leste Brasileiro (BA),9012,2801306,1985
28,E.F. Leste Brasileiro (BA),9012,2801306,1996
28,E.F. Leste Brasileiro (BA),9012,2801306,2003
28,E.F. Leste Brasileiro (BA),9031,2803302,1916
28,E.F. Leste Brasileiro (BA),9031,2803302,1917
28,E.F. Leste Brasileiro (BA),9031,2803302,1918
28,E.F. Leste Brasileiro (BA),9031,2803302,1919
28,E.F. Leste Brasileiro (BA),9031,2803302,1920
28,E.F. Leste Brasileiro (BA),9031,2803302,1921
28,E.F. Leste Brasileiro (BA),9031,2803302,1922
28,E.F. Leste Brasileiro (BA),9031,2803302,1923
28,E.F. Leste Brasileiro (BA),9031,2803302,1924
28,E.F. Leste Brasileiro (BA),9031,2803302,1925
28,E.F. Leste Brasileiro (BA),9031,2803302,1926
28,E.F. Leste Brasileiro (BA),9031,2803302,1927
28,E.F. Leste Brasileiro (BA),9031,2803302,1929
28,E.F. Leste Brasileiro (BA),9031,2803302,1931
28,E.F. Leste Brasileiro (BA),9031,2803302,1932
28,E.F. Leste Brasileiro (BA),9031,2803302,1933
28,E.F. Leste Brasileiro (BA),9031,2803302,1934
28,E.F. Leste Brasileiro (BA),9031,2803302,1936
28,E.F. Leste Brasileiro (BA),9031,2803302,1937
28,E.F. Leste Brasileiro (BA),9031,2803302,1940
28,E.F. Leste Brasileiro (BA),9031,2803302,1941
28,E.F. Leste Brasileiro (BA),9031,2803302,1944
28,E.F. Leste Brasileiro (BA),9031,2803302,1947
28,E.F. Leste Brasileiro (BA),9031,2803302,1948
28,E.F. Leste Brasileiro (BA),9031,2803302,1949
28,E.F. Leste Brasileiro (BA),9031,2803302,1950
28,E.F. Leste Brasileiro (BA),9031,2803302,1951
28,E.F. Leste Brasileiro (BA),9031,2803302,1953
28,E.F. Leste Brasileiro (BA),9031,2803302,1955
28,E.F. Leste Brasileiro (BA),9031,2803302,1956
28,E.F. Leste Brasileiro (BA),9031,2803302,1957
28,E.F. Leste Brasileiro (BA),9031,2803302,1958
28,E.F. Leste Brasileiro (BA),9031,2803302,1961
28,E.F. Leste Brasileiro (BA),9031,2803302,1962
28,E.F. Leste Brasileiro (BA),9031,2803302,1966
28,E.F. Leste Brasileiro (BA),9031,2803302,1969
28,E.F. Leste Brasileiro (BA),9031,2803302,1972
28,E.F. Leste Brasileiro (BA),9031,2803302,1985
28,E.F. Leste Brasileiro (BA),9031,2803302,1996
28,E.F. Leste Brasileiro (BA),9031,2803302,2003
28,E.F. Leste Brasileiro (BA),9058,2805901,1913
28,E.F. Leste Brasileiro (BA),9058,2805901,1914
28,E.F. Leste Brasileiro (BA),9058,2805901,1915
28,E.F. Leste Brasileiro (BA),9058,2805901,1916
28,E.F. Leste Brasileiro (BA),9058,2805901,1917
28,E.F. Leste Brasileiro (BA),9058,2805901,1918
28,E.F. Leste Brasileiro (BA),9058,2805901,1919
28,E.F. Leste Brasileiro (BA),9058,2805901,1920
28,E.F. Leste Brasileiro (BA),9058,2805901,1921
28,E.F. Leste Brasileiro (BA),9058,2805901,1922
28,E.F. Leste Brasileiro (BA),9058,2805901,1923
28,E.F. Leste Brasileiro (BA),9058,2805901,1924
28,E.F. Leste Brasileiro (BA),9058,2805901,1925
28,E.F. Leste Brasileiro (BA),9058,2805901,1926
28,E.F. Leste Brasileiro (BA),9058,2805901,1927
28,E.F. Leste Brasileiro (BA),9058,2805901,1929
28,E.F. Leste Brasileiro (BA),9058,2805901,1931
28,E.F. Leste Brasileiro (BA),9058,2805901,1932
28,E.F. Leste Brasileiro (BA),9058,2805901,1933
28,E.F. Leste Brasileiro (BA),9058,2805901,1934
28,E.F. Leste Brasileiro (BA),9058,2805901,1936
28,E.F. Leste Brasileiro (BA),9058,2805901,1937
28,E.F. Leste Brasileiro (BA),9058,2805901,1940
28,E.F. Leste Brasileiro (BA),9058,2805901,1941
28,E.F. Leste Brasileiro (BA),9058,2805901,1944
28,E.F. Leste Brasileiro (BA),9058,2805901,1947
28,E.F. Leste Brasileiro (BA),9058,2805901,1948
28,E.F. Leste Brasileiro (BA),9058,2805901,1949
28,E.F. Leste Brasileiro (BA),9058,2805901,1950
28,E.F. Leste Brasileiro (BA),9058,2805901,1951
28,E.F. Leste Brasileiro (BA),9058,2805901,1953
28,E.F. Leste Brasileiro (BA),9058,2805901,1955
28,E.F. Leste Brasileiro (BA),9058,2805901,1956
28,E.F. Leste Brasileiro (BA),9058,2805901,1957
28,E.F. Leste Brasileiro (BA),9058,2805901,1958
28,E.F. Leste Brasileiro (BA),9058,2805901,1961
28,E.F. Leste Brasileiro (BA),9058,2805901,1962
28,E.F. Leste Brasileiro (BA),9058,2805901,1966
28,E.F. Leste Brasileiro (BA),9058,2805901,1969
28,E.F. Leste Brasileiro (BA),9058,2805901,1972
28,E.F. Leste Brasileiro (BA),9058,2805901,1985
28,E.F. Leste Brasileiro (BA),9058,2805901,1996
28,E.F. Leste Brasileiro (BA),9058,2805901,2003
26,E.F. Bahia ao São Francisco,10008,"2900702,2902054",1863
26,E.F. Bahia ao São Francisco,10008,"2900702,2902054",1873
26,E.F. Bahia ao São Francisco,10008,"2900702,2902054",1875
26,E.F. Bahia ao São Francisco,10008,"2900702,2902054",1876
69,E.F. de Santo Amaro (Recôncavo),10012,2901106,1905
69,E.F. de Santo Amaro (Recôncavo),10012,2901106,1906
69,E.F. de Santo Amaro (Recôncavo),10012,2901106,1907
69,E.F. de Santo Amaro (Recôncavo),10012,2901106,1908
69,E.F. de Santo Amaro (Recôncavo),10012,2901106,1910
69,E.F. de Santo Amaro (Recôncavo),10012,2901106,1911
69,E.F. de Santo Amaro (Recôncavo),10012,2901106,1912
69,E.F. de Santo Amaro (Recôncavo),10012,2901106,1913
69,E.F. de Santo Amaro (Recôncavo),10012,2901106,1914
69,E.F. de Santo Amaro (Recôncavo),10012,2901106,1915
69,E.F. de Santo Amaro (Recôncavo),10012,2901106,1916
69,E.F. de Santo Amaro (Recôncavo),10012,2901106,1917
69,E.F. de Santo Amaro (Recôncavo),10012,2901106,1918
69,E.F. de Santo Amaro (Recôncavo),10012,2901106,1919
69,E.F. de Santo Amaro (Recôncavo),10012,2901106,1920
69,E.F. de Santo Amaro (Recôncavo),10012,2901106,1921
69,E.F. de Santo Amaro (Recôncavo),10012,2901106,1922
69,E.F. de Santo Amaro (Recôncavo),10012,2901106,1923
69,E.F. de Santo Amaro (Recôncavo),10012,2901106,1924
69,E.F. de Santo Amaro (Recôncavo),10012,2901106,1925
69,E.F. de Santo Amaro (Recôncavo),10012,2901106,1926
69,E.F. de Santo Amaro (Recôncavo),10012,2901106,1927
69,E.F. de Santo Amaro (Recôncavo),10012,2901106,1929
69,E.F. de Santo Amaro (Recôncavo),10012,2901106,1931
69,E.F. de Santo Amaro (Recôncavo),10012,2901106,1932
69,E.F. de Santo Amaro (Recôncavo),10012,2901106,1933
69,E.F. de Santo Amaro (Recôncavo),10012,2901106,1934
69,E.F. de Santo Amaro (Recôncavo),10012,2901106,1936
69,E.F. de Santo Amaro (Recôncavo),10012,2901106,1937
69,E.F. de Santo Amaro (Recôncavo),10012,2901106,1940
69,E.F. de Santo Amaro (Recôncavo),10012,2901106,1941
69,E.F. de Santo Amaro (Recôncavo),10012,2901106,1944
69,E.F. de Santo Amaro (Recôncavo),10012,2901106,1947
69,E.F. de Santo Amaro (Recôncavo),10012,2901106,1948
69,E.F. de Santo Amaro (Recôncavo),10012,2901106,1949
69,E.F. de Santo Amaro (Recôncavo),10012,2901106,1950
69,E.F. de Santo Amaro (Recôncavo),10012,2901106,1951
69,E.F. de Santo Amaro (Recôncavo),10012,2901106,1953
69,E.F. de Santo Amaro (Recôncavo),10012,2901106,1955
69,E.F. de Santo Amaro (Recôncavo),10012,2901106,1956
69,E.F. de Santo Amaro (Recôncavo),10012,2901106,1957
69,E.F. de Santo Amaro (Recôncavo),10012,2901106,1958
69,E.F. de Santo Amaro (Recôncavo),10012,2901106,1961
69,E.F. de Santo Amaro (Recôncavo),10012,2901106,1962
69,E.F. de Santo Amaro (Recôncavo),10012,2901106,1966
69,E.F. de Santo Amaro (Recôncavo),10012,2901106,1969
69,E.F. de Santo Amaro (Recôncavo),10012,2901106,1972
69,E.F. de Santo Amaro (Recôncavo),10012,2901106,1985
69,E.F. de Santo Amaro (Recôncavo),10012,2901106,1996
69,E.F. de Santo Amaro (Recôncavo),10012,2901106,2003
26,E.F. Bahia ao São Francisco,10016,"2901353,2930105",1887
26,E.F. Bahia ao São Francisco,10016,"2901353,2930105",1888
26,E.F. Bahia ao São Francisco,10016,"2901353,2930105",1891
26,E.F. Bahia ao São Francisco,10016,"2901353,2930105",1892
26,E.F. Bahia ao São Francisco,10016,"2901353,2930105",1894
26,E.F. Bahia ao São Francisco,10016,"2901353,2930105",1895
26,E.F. Bahia ao São Francisco,10016,"2901353,2930105",1896
26,E.F. Bahia ao São Francisco,10016,"2901353,2930105",1900
26,E.F. Bahia ao São Francisco,10016,"2901353,2930105",1901
26,E.F. Bahia ao São Francisco,10016,"2901353,2930105",1902
26,E.F. Bahia ao São Francisco,10016,"2901353,2930105",1904
26,E.F. Bahia ao São Francisco,10016,"2901353,2930105",1905
26,E.F. Bahia ao São Francisco,10016,"2901353,2930105",1906
26,E.F. Bahia ao São Francisco,10016,"2901353,2930105",1907
26,E.F. Bahia ao São Francisco,10016,"2901353,2930105",1908
26,E.F. Bahia ao São Francisco,10016,"2901353,2930105",1910
26,E.F. Bahia ao São Francisco,10016,"2901353,2930105",1911
26,E.F. Bahia ao São Francisco,10016,"2901353,2930105",1912
26,E.F. Bahia ao São Francisco,10016,"2901353,2930105",1913
26,E.F. Bahia ao São Francisco,10016,"2901353,2930105",1914
26,E.F. Bahia ao São Francisco,10016,"2901353,2930105",1915
26,E.F. Bahia ao São Francisco,10016,"2901353,2930105",1916
7,E.F. Central da Bahia,10016,"2901353,2930105",1917
26,E.F. Bahia ao São Francisco,10016,"2901353,2930105",1917
7,E.F. Central da Bahia,10016,"2901353,2930105",1918
26,E.F. Bahia ao São Francisco,10016,"2901353,2930105",1918
7,E.F. Central da Bahia,10016,"2901353,2930105",1919
26,E.F. Bahia ao São Francisco,10016,"2901353,2930105",1919
7,E.F. Central da Bahia,10016,"2901353,2930105",1920
26,E.F. Bahia ao São Francisco,10016,"2901353,2930105",1920
7,E.F. Central da Bahia,10016,"2901353,2930105",1921
26,E.F. Bahia ao São Francisco,10016,"2901353,2930105",1921
7,E.F. Central da Bahia,10016,"2901353,2930105",1922
26,E.F. Bahia ao São Francisco,10016,"2901353,2930105",1922
7,E.F. Central da Bahia,10016,"2901353,2930105",1923
26,E.F. Bahia ao São Francisco,10016,"2901353,2930105",1923
7,E.F. Central da Bahia,10016,"2901353,2930105",1924
26,E.F. Bahia ao São Francisco,10016,"2901353,2930105",1924
7,E.F. Central da Bahia,10016,"2901353,2930105",1925
26,E.F. Bahia ao São Francisco,10016,"2901353,2930105",1925
7,E.F. Central da Bahia,10016,"2901353,2930105",1926
26,E.F. Bahia ao São Francisco,10016,"2901353,2930105",1926
7,E.F. Central da Bahia,10016,"2901353,2930105",1927
26,E.F. Bahia ao São Francisco,10016,"2901353,2930105",1927
7,E.F. Central da Bahia,10016,"2901353,2930105",1929
26,E.F. Bahia ao São Francisco,10016,"2901353,2930105",1929
7,E.F. Central da Bahia,10016,"2901353,2930105",1931
26,E.F. Bahia ao São Francisco,10016,"2901353,2930105",1931
7,E.F. Central da Bahia,10016,"2901353,2930105",1932
26,E.F. Bahia ao São Francisco,10016,"2901353,2930105",1932
7,E.F. Central da Bahia,10016,"2901353,2930105",1933
26,E.F. Bahia ao São Francisco,10016,"2901353,2930105",1933
7,E.F. Central da Bahia,10016,"2901353,2930105",1934
26,E.F. Bahia ao São Francisco,10016,"2901353,2930105",1934
7,E.F. Central da Bahia,10016,"2901353,2930105",1936
26,E.F. Bahia ao São Francisco,10016,"2901353,2930105",1936
7,E.F. Central da Bahia,10016,"2901353,2930105",1937
26,E.F. Bahia ao São Francisco,10016,"2901353,2930105",1937
7,E.F. Central da Bahia,10016,"2901353,2930105",1940
26,E.F. Bahia ao São Francisco,10016,"2901353,2930105",1940
7,E.F. Central da Bahia,10016,"2901353,2930105",1941
26,E.F. Bahia ao São Francisco,10016,"2901353,2930105",1941
7,E.F. Central da Bahia,10016,"2901353,2930105",1944
26,E.F. Bahia ao São Francisco,10016,"2901353,2930105",1944
7,E.F. Central da Bahia,10016,"2901353,2930105",1947
26,E.F. Bahia ao São Francisco,10016,"2901353,2930105",1947
7,E.F. Central da Bahia,10016,"2901353,2930105",1948
26,E.F. Bahia ao São Francisco,10016,"2901353,2930105",1948
7,E.F. Central da Bahia,10016,"2901353,2930105",1949
26,E.F. Bahia ao São Francisco,10016,"2901353,2930105",1949
7,E.F. Central da Bahia,10016,"2901353,2930105",1950
26,E.F. Bahia ao São Francisco,10016,"2901353,2930105",1950
7,E.F. Central da Bahia,10016,"2901353,2930105",1951
26,E.F. Bahia ao São Francisco,10016,"2901353,2930105",1951
7,E.F. Central da Bahia,10016,"2901353,2930105",1953
26,E.F. Bahia ao São Francisco,10016,"2901353,2930105",1953
7,E.F. Central da Bahia,10016,"2901353,2930105",1955
26,E.F. Bahia ao São Francisco,10016,"2901353,2930105",1955
7,E.F. Central da Bahia,10016,"2901353,2930105",1956
26,E.F. Bahia ao São Francisco,10016,"2901353,2930105",1956
7,E.F. Central da Bahia,10016,"2901353,2930105",1957
26,E.F. Bahia ao São Francisco,10016,"2901353,2930105",1957
7,E.F. Central da Bahia,10016,"2901353,2930105",1958
26,E.F. Bahia ao São Francisco,10016,"2901353,2930105",1958
7,E.F. Central da Bahia,10016,"2901353,2930105",1961
26,E.F. Bahia ao São Francisco,10016,"2901353,2930105",1961
7,E.F. Central da Bahia,10016,"2901353,2930105",1962
26,E.F. Bahia ao São Francisco,10016,"2901353,2930105",1962
7,E.F. Central da Bahia,10016,"2901353,2930105",1966
26,E.F. Bahia ao São Francisco,10016,"2901353,2930105",1966
7,E.F. Central da Bahia,10016,"2901353,2930105",1969
26,E.F. Bahia ao São Francisco,10016,"2901353,2930105",1969
7,E.F. Central da Bahia,10016,"2901353,2930105",1972
26,E.F. Bahia ao São Francisco,10016,"2901353,2930105",1972
7,E.F. Central da Bahia,10016,"2901353,2930105",1985
26,E.F. Bahia ao São Francisco,10016,"2901353,2930105",1985
7,E.F. Central da Bahia,10016,"2901353,2930105",1996
26,E.F. Bahia ao São Francisco,10016,"2901353,2930105",1996
7,E.F. Central da Bahia,10016,"2901353,2930105",2003
26,E.F. Bahia ao São Francisco,10016,"2901353,2930105",2003
7,E.F. Central da Bahia,10021,2901809,1917
7,E.F. Central da Bahia,10021,2901809,1918
7,E.F. Central da Bahia,10021,2901809,1919
7,E.F. Central da Bahia,10021,2901809,1920
7,E.F. Central da Bahia,10021,2901809,1921
7,E.F. Central da Bahia,10021,2901809,1922
7,E.F. Central da Bahia,10021,2901809,1923
7,E.F. Central da Bahia,10021,2901809,1924
7,E.F. Central da Bahia,10021,2901809,1925
7,E.F. Central da Bahia,10021,2901809,1926
7,E.F. Central da Bahia,10021,2901809,1927
7,E.F. Central da Bahia,10021,2901809,1929
7,E.F. Central da Bahia,10021,2901809,1931
7,E.F. Central da Bahia,10021,2901809,1932
7,E.F. Central da Bahia,10021,2901809,1933
7,E.F. Central da Bahia,10021,2901809,1934
7,E.F. Central da Bahia,10021,2901809,1936
7,E.F. Central da Bahia,10021,2901809,1937
7,E.F. Central da Bahia,10021,2901809,1940
7,E.F. Central da Bahia,10021,2901809,1941
7,E.F. Central da Bahia,10021,2901809,1944
7,E.F. Central da Bahia,10021,2901809,1947
7,E.F. Central da Bahia,10021,2901809,1948
7,E.F. Central da Bahia,10021,2901809,1949
7,E.F. Central da Bahia,10021,2901809,1950
7,E.F. Central da Bahia,10021,2901809,1951
7,E.F. Central da Bahia,10021,2901809,1953
7,E.F. Central da Bahia,10021,2901809,1955
7,E.F. Central da Bahia,10021,2901809,1956
7,E.F. Central da Bahia,10021,2901809,1957
7,E.F. Central da Bahia,10021,2901809,1958
7,E.F. Central da Bahia,10021,2901809,1961
7,E.F. Central da Bahia,10021,2901809,1962
7,E.F. Central da Bahia,10021,2901809,1966
7,E.F. Central da Bahia,10021,2901809,1969
7,E.F. Central da Bahia,10021,2901809,1972
7,E.F. Central da Bahia,10021,2901809,1985
7,E.F. Central da Bahia,10021,2901809,1996
7,E.F. Central da Bahia,10021,2901809,2003
29,Ramal de Jequié,10023,"2901957,2917607",1924
29,Ramal de Jequié,10023,"2901957,2917607",1925
29,Ramal de Jequié,10023,"2901957,2917607",1926
26,E.F. Bahia ao São Francisco,10040,"2903276,2930501",1880
26,E.F. Bahia ao São Francisco,10040,"2903276,2930501",1881
26,E.F. Bahia ao São Francisco,10040,"2903276,2930501",1882
26,E.F. Bahia ao São Francisco,10040,"2903276,2930501",1883
26,E.F. Bahia ao São Francisco,10040,"2903276,2930501",1884
26,E.F. Bahia ao São Francisco,10040,"2903276,2930501",1885
26,E.F. Bahia ao São Francisco,10040,"2903276,2930501",1886
7,E.F. Central da Bahia,10056,2904605,1947
7,E.F. Central da Bahia,10056,2904605,1948
7,E.F. Central da Bahia,10056,2904605,1949
7,E.F. Central da Bahia,10056,2904605,1950
7,E.F. Central da Bahia,10056,2904605,1951
7,E.F. Central da Bahia,10056,2904605,1953
7,E.F. Central da Bahia,10056,2904605,1955
7,E.F. Central da Bahia,10056,2904605,1956
7,E.F. Central da Bahia,10056,2904605,1957
7,E.F. Central da Bahia,10056,2904605,1958
7,E.F. Central da Bahia,10056,2904605,1961
7,E.F. Central da Bahia,10056,2904605,1962
7,E.F. Central da Bahia,10056,2904605,1966
7,E.F. Central da Bahia,10056,2904605,1969
7,E.F. Central da Bahia,10056,2904605,1972
7,E.F. Central da Bahia,10056,2904605,1985
7,E.F. Central da Bahia,10056,2904605,1996
7,E.F. Central da Bahia,10056,2904605,2003
7,E.F. Central da Bahia,10062,2905107,1918
7,E.F. Central da Bahia,10062,2905107,1919
7,E.F. Central da Bahia,10071,"2906006,2932457",1917
7,E.F. Central da Bahia,10071,"2906006,2932457",1918
7,E.F. Central da Bahia,10071,"2906006,2932457",1919
7,E.F. Central da Bahia,10071,"2906006,2932457",1920
7,E.F. Central da Bahia,10071,"2906006,2932457",1921
7,E.F. Central da Bahia,10071,"2906006,2932457",1922
7,E.F. Central da Bahia,10071,"2906006,2932457",1923
7,E.F. Central da Bahia,10071,"2906006,2932457",1924
7,E.F. Central da Bahia,10071,"2906006,2932457",1925
7,E.F. Central da Bahia,10071,"2906006,2932457",1926
7,E.F. Central da Bahia,10071,"2906006,2932457",1927
7,E.F. Central da Bahia,10071,"2906006,2932457",1929
7,E.F. Central da Bahia,10071,"2906006,2932457",1931
7,E.F. Central da Bahia,10071,"2906006,2932457",1932
7,E.F. Central da Bahia,10071,"2906006,2932457",1933
7,E.F. Central da Bahia,10071,"2906006,2932457",1934
7,E.F. Central da Bahia,10071,"2906006,2932457",1936
7,E.F. Central da Bahia,10071,"2906006,2932457",1937
7,E.F. Central da Bahia,10071,"2906006,2932457",1940
7,E.F. Central da Bahia,10071,"2906006,2932457",1941
7,E.F. Central da Bahia,10071,"2906006,2932457",1944
7,E.F. Central da Bahia,10071,"2906006,2932457",1947
7,E.F. Central da Bahia,10071,"2906006,2932457",1948
7,E.F. Central da Bahia,10071,"2906006,2932457",1949
7,E.F. Central da Bahia,10071,"2906006,2932457",1950
7,E.F. Central da Bahia,10071,"2906006,2932457",1951
7,E.F. Central da Bahia,10071,"2906006,2932457",1953
7,E.F. Central da Bahia,10071,"2906006,2932457",1955
7,E.F. Central da Bahia,10071,"2906006,2932457",1956
7,E.F. Central da Bahia,10071,"2906006,2932457",1957
7,E.F. Central da Bahia,10071,"2906006,2932457",1958
7,E.F. Central da Bahia,10071,"2906006,2932457",1961
7,E.F. Central da Bahia,10071,"2906006,2932457",1962
7,E.F. Central da Bahia,10071,"2906006,2932457",1966
7,E.F. Central da Bahia,10071,"2906006,2932457",1969
7,E.F. Central da Bahia,10071,"2906006,2932457",1972
7,E.F. Central da Bahia,10071,"2906006,2932457",1985
7,E.F. Central da Bahia,10071,"2906006,2932457",1996
7,E.F. Central da Bahia,10071,"2906006,2932457",2003
28,E.F. Leste Brasileiro (BA),10075,2906501,1905
28,E.F. Leste Brasileiro (BA),10075,2906501,1906
28,E.F. Leste Brasileiro (BA),10075,2906501,1907
28,E.F. Leste Brasileiro (BA),10075,2906501,1908
28,E.F. Leste Brasileiro (BA),10075,2906501,1910
28,E.F. Leste Brasileiro (BA),10075,2906501,1911
28,E.F. Leste Brasileiro (BA),10075,2906501,1912
28,E.F. Leste Brasileiro (BA),10075,2906501,1913
28,E.F. Leste Brasileiro (BA),10075,2906501,1914
28,E.F. Leste Brasileiro (BA),10075,2906501,1915
28,E.F. Leste Brasileiro (BA),10075,2906501,1916
28,E.F. Leste Brasileiro (BA),10075,2906501,1917
28,E.F. Leste Brasileiro (BA),10075,2906501,1918
28,E.F. Leste Brasileiro (BA),10075,2906501,1919
28,E.F. Leste Brasileiro (BA),10075,2906501,1920
28,E.F. Leste Brasileiro (BA),10075,2906501,1921
28,E.F. Leste Brasileiro (BA),10075,2906501,1922
28,E.F. Leste Brasileiro (BA),10075,2906501,1923
28,E.F. Leste Brasileiro (BA),10075,2906501,1924
28,E.F. Leste Brasileiro (BA),10075,2906501,1925
28,E.F. Leste Brasileiro (BA),10075,2906501,1926
28,E.F. Leste Brasileiro (BA),10075,2906501,1927
28,E.F. Leste Brasileiro (BA),10075,2906501,1929
28,E.F. Leste Brasileiro (BA),10075,2906501,1931
28,E.F. Leste Brasileiro (BA),10075,2906501,1932
28,E.F. Leste Brasileiro (BA),10075,2906501,1933
28,E.F. Leste Brasileiro (BA),10075,2906501,1934
28,E.F. Leste Brasileiro (BA),10075,2906501,1936
28,E.F. Leste Brasileiro (BA),10075,2906501,1937
28,E.F. Leste Brasileiro (BA),10075,2906501,1940
28,E.F. Leste Brasileiro (BA),10075,2906501,1941
28,E.F. Leste Brasileiro (BA),10075,2906501,1944
28,E.F. Leste Brasileiro (BA),10075,2906501,1947
28,E.F. Leste Brasileiro (BA),10075,2906501,1948
28,E.F. Leste Brasileiro (BA),10075,2906501,1949
28,E.F. Leste Brasileiro (BA),10075,2906501,1950
28,E.F. Leste Brasileiro (BA),10075,2906501,1951
28,E.F. Leste Brasileiro (BA),10075,2906501,1953
28,E.F. Leste Brasileiro (BA),10075,2906501,1955
28,E.F. Leste Brasileiro (BA),10075,2906501,1956
28,E.F. Leste Brasileiro (BA),10075,2906501,1957
28,E.F. Leste Brasileiro (BA),10075,2906501,1958
28,E.F. Leste Brasileiro (BA),10075,2906501,1961
28,E.F. Leste Brasileiro (BA),10075,2906501,1962
28,E.F. Leste Brasileiro (BA),10075,2906501,1966
28,E.F. Leste Brasileiro (BA),10075,2906501,1969
28,E.F. Leste Brasileiro (BA),10075,2906501,1972
28,E.F. Leste Brasileiro (BA),10075,2906501,1985
28,E.F. Leste Brasileiro (BA),10075,2906501,1996
28,E.F. Leste Brasileiro (BA),10075,2906501,2003
7,E.F. Central da Bahia,10081,"2906873,2917508,2923357,2925931,2929370,2933158",1920
7,E.F. Central da Bahia,10081,"2906873,2917508,2923357,2925931,2929370,2933158",1921
7,E.F. Central da Bahia,10081,"2906873,2917508,2923357,2925931,2929370,2933158",1922
7,E.F. Central da Bahia,10087,"2907301,2925956,2933174",1881
7,E.F. Central da Bahia,10087,"2907301,2925956,2933174",1882
29,Ramal de Jequié,10087,"2907301,2925956,2933174",1885
29,Ramal de Jequié,10087,"2907301,2925956,2933174",1886
29,Ramal de Jequié,10087,"2907301,2925956,2933174",1887
29,Ramal de Jequié,10087,"2907301,2925956,2933174",1888
29,Ramal de Jequié,10087,"2907301,2925956,2933174",1891
29,Ramal de Jequié,10087,"2907301,2925956,2933174",1892
29,Ramal de Jequié,10087,"2907301,2925956,2933174",1894
29,Ramal de Jequié,10087,"2907301,2925956,2933174",1895
29,Ramal de Jequié,10087,"2907301,2925956,2933174",1896
29,Ramal de Jequié,10087,"2907301,2925956,2933174",1900
29,Ramal de Jequié,10087,"2907301,2925956,2933174",1901
29,Ramal de Jequié,10087,"2907301,2925956,2933174",1902
29,Ramal de Jequié,10087,"2907301,2925956,2933174",1904
29,Ramal de Jequié,10087,"2907301,2925956,2933174",1905
29,Ramal de Jequié,10087,"2907301,2925956,2933174",1906
29,Ramal de Jequié,10087,"2907301,2925956,2933174",1907
7,E.F. Central da Bahia,10096,2908200,1876
7,E.F. Central da Bahia,10096,2908200,1880
7,E.F. Central da Bahia,10096,2908200,1881
7,E.F. Central da Bahia,10096,2908200,1882
7,E.F. Central da Bahia,10096,2908200,1883
7,E.F. Central da Bahia,10096,2908200,1884
7,E.F. Central da Bahia,10096,2908200,1885
7,E.F. Central da Bahia,10096,2908200,1886
7,E.F. Central da Bahia,10096,2908200,1887
7,E.F. Central da Bahia,10096,2908200,1888
7,E.F. Central da Bahia,10096,2908200,1891
7,E.F. Central da Bahia,10096,2908200,1892
7,E.F. Central da Bahia,10096,2908200,1894
7,E.F. Central da Bahia,10096,2908200,1895
7,E.F. Central da Bahia,10096,2908200,1896
7,E.F. Central da Bahia,10096,2908200,1900
7,E.F. Central da Bahia,10096,2908200,1901
7,E.F. Central da Bahia,10096,2908200,1902
7,E.F. Central da Bahia,10096,2908200,1904
7,E.F. Central da Bahia,10096,2908200,1905
7,E.F. Central da Bahia,10096,2908200,1906
7,E.F. Central da Bahia,10096,2908200,1907
7,E.F. Central da Bahia,10096,2908200,1908
7,E.F. Central da Bahia,10096,2908200,1910
7,E.F. Central da Bahia,10096,2908200,1911
7,E.F. Central da Bahia,10096,2908200,1912
7,E.F. Central da Bahia,10096,2908200,1913
7,E.F. Central da Bahia,10096,2908200,1914
7,E.F. Central da Bahia,10096,2908200,1915
7,E.F. Central da Bahia,10096,2908200,1916
7,E.F. Central da Bahia,10096,2908200,1917
7,E.F. Central da Bahia,10096,2908200,1918
7,E.F. Central da Bahia,10096,2908200,1919
7,E.F. Central da Bahia,10096,2908200,1920
7,E.F. Central da Bahia,10096,2908200,1921
7,E.F. Central da Bahia,10096,2908200,1922
7,E.F. Central da Bahia,10096,2908200,1923
7,E.F. Central da Bahia,10096,2908200,1924
7,E.F. Central da Bahia,10096,2908200,1925
7,E.F. Central da Bahia,10096,2908200,1926
7,E.F. Central da Bahia,10096,2908200,1927
7,E.F. Central da Bahia,10096,2908200,1929
7,E.F. Central da Bahia,10096,2908200,1931
7,E.F. Central da Bahia,10096,2908200,1932
7,E.F. Central da Bahia,10096,2908200,1933
7,E.F. Central da Bahia,10096,2908200,1934
7,E.F. Central da Bahia,10096,2908200,1936
7,E.F. Central da Bahia,10096,2908200,1937
7,E.F. Central da Bahia,10096,2908200,1940
7,E.F. Central da Bahia,10096,2908200,1941
7,E.F. Central da Bahia,10096,2908200,1944
7,E.F. Central da Bahia,10096,2908200,1947
7,E.F. Central da Bahia,10096,2908200,1948
7,E.F. Central da Bahia,10096,2908200,1949
7,E.F. Central da Bahia,10096,2908200,1950
7,E.F. Central da Bahia,10096,2908200,1951
7,E.F. Central da Bahia,10096,2908200,1953
7,E.F. Central da Bahia,10096,2908200,1955
7,E.F. Central da Bahia,10096,2908200,1956
7,E.F. Central da Bahia,10096,2908200,1957
7,E.F. Central da Bahia,10096,2908200,1958
7,E.F. Central da Bahia,10096,2908200,1961
7,E.F. Central da Bahia,10096,2908200,1962
7,E.F. Central da Bahia,10096,2908200,1966
7,E.F. Central da Bahia,10096,2908200,1969
7,E.F. Central da Bahia,10096,2908200,1972
7,E.F. Central da Bahia,10096,2908200,1985
7,E.F. Central da Bahia,10096,2908200,1996
7,E.F. Central da Bahia,10096,2908200,2003
7,E.F. Central da Bahia,10102,2908804,1927
7,E.F. Central da Bahia,10102,2908804,1929
7,E.F. Central da Bahia,10102,2908804,1931
7,E.F. Central da Bahia,10102,2908804,1932
7,E.F. Central da Bahia,10102,2908804,1933
7,E.F. Central da Bahia,10102,2908804,1934
7,E.F. Central da Bahia,10102,2908804,1936
7,E.F. Central da Bahia,10102,2908804,1937
7,E.F. Central da Bahia,10102,2908804,1940
7,E.F. Central da Bahia,10102,2908804,1941
7,E.F. Central da Bahia,10102,2908804,1944
7,E.F. Central da Bahia,10102,2908804,1947
7,E.F. Central da Bahia,10102,2908804,1948
7,E.F. Central da Bahia,10102,2908804,1949
7,E.F. Central da Bahia,10102,2908804,1950
7,E.F. Central da Bahia,10102,2908804,1951
7,E.F. Central da Bahia,10102,2908804,1953
7,E.F. Central da Bahia,10102,2908804,1955
7,E.F. Central da Bahia,10102,2908804,1956
7,E.F. Central da Bahia,10102,2908804,1957
7,E.F. Central da Bahia,10102,2908804,1958
7,E.F. Central da Bahia,10102,2908804,1961
7,E.F. Central da Bahia,10102,2908804,1962
7,E.F. Central da Bahia,10102,2908804,1966
7,E.F. Central da Bahia,10102,2908804,1969
7,E.F. Central da Bahia,10102,2908804,1972
7,E.F. Central da Bahia,10102,2908804,1985
7,E.F. Central da Bahia,10102,2908804,1996
7,E.F. Central da Bahia,10102,2908804,2003
29,Ramal de Jequié,10112,2909802,1881
29,Ramal de Jequié,10112,2909802,1882
29,Ramal de Jequié,10112,2909802,1883
29,Ramal de Jequié,10112,2909802,1884
29,Ramal de Jequié,10112,2909802,1885
29,Ramal de Jequié,10112,2909802,1886
29,Ramal de Jequié,10112,2909802,1887
29,Ramal de Jequié,10112,2909802,1888
29,Ramal de Jequié,10112,2909802,1891
29,Ramal de Jequié,10112,2909802,1892
29,Ramal de Jequié,10112,2909802,1894
29,Ramal de Jequié,10112,2909802,1895
29,Ramal de Jequié,10112,2909802,1896
29,Ramal de Jequié,10112,2909802,1900
29,Ramal de Jequié,10112,2909802,1901
29,Ramal de Jequié,10112,2909802,1902
29,Ramal de Jequié,10112,2909802,1904
29,Ramal de Jequié,10112,2909802,1905
29,Ramal de Jequié,10112,2909802,1906
29,Ramal de Jequié,10112,2909802,1907
29,Ramal de Jequié,10112,2909802,1908
29,Ramal de Jequié,10112,2909802,1910
29,Ramal de Jequié,10112,2909802,1911
29,Ramal de Jequié,10112,2909802,1912
29,Ramal de Jequié,10112,2909802,1913
29,Ramal de Jequié,10112,2909802,1914
29,Ramal de Jequié,10112,2909802,1915
29,Ramal de Jequié,10112,2909802,1916
29,Ramal de Jequié,10112,2909802,1917
29,Ramal de Jequié,10112,2909802,1918
29,Ramal de Jequié,10112,2909802,1919
29,Ramal de Jequié,10112,2909802,1920
29,Ramal de Jequié,10112,2909802,1921
29,Ramal de Jequié,10112,2909802,1922
29,Ramal de Jequié,10112,2909802,1923
29,Ramal de Jequié,10112,2909802,1924
29,Ramal de Jequié,10112,2909802,1925
29,Ramal de Jequié,10112,2909802,1926
29,Ramal de Jequié,10112,2909802,1927
29,Ramal de Jequié,10112,2909802,1929
29,Ramal de Jequié,10112,2909802,1931
29,Ramal de Jequié,10112,2909802,1932
29,Ramal de Jequié,10112,2909802,1933
29,Ramal de Jequié,10112,2909802,1934
29,Ramal de Jequié,10112,2909802,1936
29,Ramal de Jequié,10112,2909802,1937
29,Ramal de Jequié,10112,2909802,1940
29,Ramal de Jequié,10112,2909802,1941
29,Ramal de Jequié,10112,2909802,1944
29,Ramal de Jequié,10112,2909802,1947
29,Ramal de Jequié,10112,2909802,1948
29,Ramal de Jequié,10112,2909802,1949
29,Ramal de Jequié,10112,2909802,1950
29,Ramal de Jequié,10112,2909802,1951
29,Ramal de Jequié,10112,2909802,1953
29,Ramal de Jequié,10112,2909802,1955
29,Ramal de Jequié,10112,2909802,1956
29,Ramal de Jequié,10112,2909802,1957
29,Ramal de Jequié,10112,2909802,1958
29,Ramal de Jequié,10112,2909802,1961
29,Ramal de Jequié,10112,2909802,1962
29,Ramal de Jequié,10112,2909802,1966
29,Ramal de Jequié,10112,2909802,1969
29,Ramal de Jequié,10112,2909802,1972
29,Ramal de Jequié,10112,2909802,1985
29,Ramal de Jequié,10112,2909802,1996
29,Ramal de Jequié,10112,2909802,2003
7,E.F. Central da Bahia,10122,2910800,1876
7,E.F. Central da Bahia,10122,2910800,1880
7,E.F. Central da Bahia,10122,2910800,1881
7,E.F. Central da Bahia,10122,2910800,1882
7,E.F. Central da Bahia,10122,2910800,1883
7,E.F. Central da Bahia,10122,2910800,1884
7,E.F. Central da Bahia,10122,2910800,1885
7,E.F. Central da Bahia,10122,2910800,1886
7,E.F. Central da Bahia,10122,2910800,1887
7,E.F. Central da Bahia,10122,2910800,1888
7,E.F. Central da Bahia,10122,2910800,1891
7,E.F. Central da Bahia,10122,2910800,1892
7,E.F. Central da Bahia,10122,2910800,1894
7,E.F. Central da Bahia,10122,2910800,1895
7,E.F. Central da Bahia,10122,2910800,1896
7,E.F. Central da Bahia,10122,2910800,1900
7,E.F. Central da Bahia,10122,2910800,1901
7,E.F. Central da Bahia,10122,2910800,1902
7,E.F. Central da Bahia,10122,2910800,1904
7,E.F. Central da Bahia,10122,2910800,1905
7,E.F. Central da Bahia,10122,2910800,1906
7,E.F. Central da Bahia,10122,2910800,1907
7,E.F. Central da Bahia,10122,2910800,1908
7,E.F. Central da Bahia,10122,2910800,1910
7,E.F. Central da Bahia,10122,2910800,1911
7,E.F. Central da Bahia,10122,2910800,1912
7,E.F. Central da Bahia,10122,2910800,1913
7,E.F. Central da Bahia,10122,2910800,1914
7,E.F. Central da Bahia,10122,2910800,1915
7,E.F. Central da Bahia,10122,2910800,1916
7,E.F. Central da Bahia,10122,2910800,1917
7,E.F. Central da Bahia,10122,2910800,1918
7,E.F. Central da Bahia,10122,2910800,1919
7,E.F. Central da Bahia,10122,2910800,1920
7,E.F. Central da Bahia,10122,2910800,1921
7,E.F. Central da Bahia,10122,2910800,1922
7,E.F. Central da Bahia,10122,2910800,1923
7,E.F. Central da Bahia,10122,2910800,1924
7,E.F. Central da Bahia,10122,2910800,1925
7,E.F. Central da Bahia,10122,2910800,1926
7,E.F. Central da Bahia,10122,2910800,1927
7,E.F. Central da Bahia,10122,2910800,1929
7,E.F. Central da Bahia,10122,2910800,1931
7,E.F. Central da Bahia,10122,2910800,1932
7,E.F. Central da Bahia,10122,2910800,1933
7,E.F. Central da Bahia,10122,2910800,1934
7,E.F. Central da Bahia,10122,2910800,1936
7,E.F. Central da Bahia,10122,2910800,1937
7,E.F. Central da Bahia,10122,2910800,1940
7,E.F. Central da Bahia,10122,2910800,1941
7,E.F. Central da Bahia,10122,2910800,1944
7,E.F. Central da Bahia,10122,2910800,1947
7,E.F. Central da Bahia,10122,2910800,1948
7,E.F. Central da Bahia,10122,2910800,1949
7,E.F. Central da Bahia,10122,2910800,1950
7,E.F. Central da Bahia,10122,2910800,1951
7,E.F. Central da Bahia,10122,2910800,1953
7,E.F. Central da Bahia,10122,2910800,1955
7,E.F. Central da Bahia,10122,2910800,1956
7,E.F. Central da Bahia,10122,2910800,1957
7,E.F. Central da Bahia,10122,2910800,1958
7,E.F. Central da Bahia,10122,2910800,1961
7,E.F. Central da Bahia,10122,2910800,1962
7,E.F. Central da Bahia,10122,2910800,1966
7,E.F. Central da Bahia,10122,2910800,1969
7,E.F. Central da Bahia,10122,2910800,1972
7,E.F. Central da Bahia,10122,2910800,1985
7,E.F. Central da Bahia,10122,2910800,1996
7,E.F. Central da Bahia,10122,2910800,2003
7,E.F. Central da Bahia,10123,"2910859,2924603",1917
7,E.F. Central da Bahia,10135,2911907,1883
7,E.F. Central da Bahia,10135,2911907,1884
7,E.F. Central da Bahia,10135,2911907,1885
7,E.F. Central da Bahia,10135,2911907,1886
7,E.F. Central da Bahia,10135,2911907,1887
7,E.F. Central da Bahia,10135,2911907,1888
7,E.F. Central da Bahia,10135,2911907,1891
7,E.F. Central da Bahia,10135,2911907,1892
7,E.F. Central da Bahia,10135,2911907,1894
7,E.F. Central da Bahia,10135,2911907,1895
7,E.F. Central da Bahia,10135,2911907,1896
7,E.F. Central da Bahia,10135,2911907,1900
7,E.F. Central da Bahia,10135,2911907,1901
7,E.F. Central da Bahia,10135,2911907,1902
7,E.F. Central da Bahia,10135,2911907,1904
7,E.F. Central da Bahia,10135,2911907,1905
7,E.F. Central da Bahia,10135,2911907,1906
7,E.F. Central da Bahia,10135,2911907,1907
7,E.F. Central da Bahia,10135,2911907,1908
7,E.F. Central da Bahia,10135,2911907,1910
7,E.F. Central da Bahia,10135,2911907,1911
7,E.F. Central da Bahia,10135,2911907,1912
7,E.F. Central da Bahia,10135,2911907,1913
7,E.F. Central da Bahia,10135,2911907,1914
7,E.F. Central da Bahia,10135,2911907,1915
7,E.F. Central da Bahia,10135,2911907,1916
7,E.F. Central da Bahia,10135,2911907,1917
7,E.F. Central da Bahia,10135,2911907,1918
7,E.F. Central da Bahia,10135,2911907,1919
7,E.F. Central da Bahia,10135,2911907,1920
7,E.F. Central da Bahia,10135,2911907,1921
7,E.F. Central da Bahia,10135,2911907,1922
7,E.F. Central da Bahia,10135,2911907,1923
7,E.F. Central da Bahia,10135,2911907,1924
7,E.F. Central da Bahia,10135,2911907,1925
7,E.F. Central da Bahia,10135,2911907,1926
7,E.F. Central da Bahia,10135,2911907,1927
7,E.F. Central da Bahia,10135,2911907,1929
7,E.F. Central da Bahia,10135,2911907,1931
7,E.F. Central da Bahia,10135,2911907,1932
7,E.F. Central da Bahia,10135,2911907,1933
7,E.F. Central da Bahia,10135,2911907,1934
7,E.F. Central da Bahia,10135,2911907,1936
7,E.F. Central da Bahia,10135,2911907,1937
7,E.F. Central da Bahia,10135,2911907,1940
7,E.F. Central da Bahia,10135,2911907,1941
7,E.F. Central da Bahia,10135,2911907,1944
7,E.F. Central da Bahia,10135,2911907,1947
7,E.F. Central da Bahia,10135,2911907,1948
7,E.F. Central da Bahia,10135,2911907,1949
7,E.F. Central da Bahia,10135,2911907,1950
7,E.F. Central da Bahia,10135,2911907,1951
7,E.F. Central da Bahia,10135,2911907,1953
7,E.F. Central da Bahia,10135,2911907,1955
7,E.F. Central da Bahia,10135,2911907,1956
7,E.F. Central da Bahia,10135,2911907,1957
7,E.F. Central da Bahia,10135,2911907,1958
7,E.F. Central da Bahia,10135,2911907,1961
7,E.F. Central da Bahia,10135,2911907,1962
7,E.F. Central da Bahia,10135,2911907,1966
7,E.F. Central da Bahia,10135,2911907,1969
7,E.F. Central da Bahia,10135,2911907,1972
7,E.F. Central da Bahia,10135,2911907,1985
7,E.F. Central da Bahia,10135,2911907,1996
7,E.F. Central da Bahia,10135,2911907,2003
27,E.F. Ilhéus-Conquista,10152,2913606,1911
27,E.F. Ilhéus-Conquista,10152,2913606,1912
27,E.F. Ilhéus-Conquista,10152,2913606,1913
27,E.F. Ilhéus-Conquista,10152,2913606,1914
27,E.F. Ilhéus-Conquista,10152,2913606,1915
27,E.F. Ilhéus-Conquista,10152,2913606,1916
27,E.F. Ilhéus-Conquista,10152,2913606,1917
27,E.F. Ilhéus-Conquista,10152,2913606,1918
27,E.F. Ilhéus-Conquista,10152,2913606,1919
27,E.F. Ilhéus-Conquista,10152,2913606,1920
27,E.F. Ilhéus-Conquista,10152,2913606,1921
27,E.F. Ilhéus-Conquista,10152,2913606,1922
27,E.F. Ilhéus-Conquista,10152,2913606,1923
27,E.F. Ilhéus-Conquista,10152,2913606,1924
27,E.F. Ilhéus-Conquista,10152,2913606,1925
27,E.F. Ilhéus-Conquista,10152,2913606,1926
27,E.F. Ilhéus-Conquista,10152,2913606,1927
27,E.F. Ilhéus-Conquista,10152,2913606,1929
27,E.F. Ilhéus-Conquista,10152,2913606,1931
27,E.F. Ilhéus-Conquista,10152,2913606,1932
27,E.F. Ilhéus-Conquista,10152,2913606,1933
27,E.F. Ilhéus-Conquista,10152,2913606,1934
27,E.F. Ilhéus-Conquista,10152,2913606,1936
27,E.F. Ilhéus-Conquista,10152,2913606,1937
27,E.F. Ilhéus-Conquista,10152,2913606,1940
27,E.F. Ilhéus-Conquista,10152,2913606,1941
27,E.F. Ilhéus-Conquista,10152,2913606,1944
27,E.F. Ilhéus-Conquista,10152,2913606,1947
27,E.F. Ilhéus-Conquista,10152,2913606,1948
27,E.F. Ilhéus-Conquista,10152,2913606,1949
27,E.F. Ilhéus-Conquista,10152,2913606,1950
27,E.F. Ilhéus-Conquista,10152,2913606,1951
27,E.F. Ilhéus-Conquista,10152,2913606,1953
27,E.F. Ilhéus-Conquista,10152,2913606,1955
27,E.F. Ilhéus-Conquista,10152,2913606,1956
27,E.F. Ilhéus-Conquista,10152,2913606,1957
27,E.F. Ilhéus-Conquista,10152,2913606,1958
27,E.F. Ilhéus-Conquista,10152,2913606,1961
27,E.F. Ilhéus-Conquista,10152,2913606,1962
27,E.F. Ilhéus-Conquista,10152,2913606,1966
27,E.F. Ilhéus-Conquista,10152,2913606,1969
27,E.F. Ilhéus-Conquista,10152,2913606,1972
27,E.F. Ilhéus-Conquista,10152,2913606,1985
27,E.F. Ilhéus-Conquista,10152,2913606,1996
27,E.F. Ilhéus-Conquista,10152,2913606,2003
7,E.F. Central da Bahia,10159,2914307,1921
7,E.F. Central da Bahia,10159,2914307,1922
7,E.F. Central da Bahia,10159,2914307,1923
7,E.F. Central da Bahia,10159,2914307,1924
7,E.F. Central da Bahia,10159,2914307,1925
7,E.F. Central da Bahia,10159,2914307,1926
7,E.F. Central da Bahia,10159,2914307,1927
7,E.F. Central da Bahia,10159,2914307,1929
7,E.F. Central da Bahia,10159,2914307,1931
7,E.F. Central da Bahia,10159,2914307,1932
7,E.F. Central da Bahia,10159,2914307,1933
7,E.F. Central da Bahia,10159,2914307,1934
7,E.F. Central da Bahia,10159,2914307,1936
7,E.F. Central da Bahia,10159,2914307,1937
7,E.F. Central da Bahia,10159,2914307,1940
7,E.F. Central da Bahia,10159,2914307,1941
7,E.F. Central da Bahia,10159,2914307,1944
7,E.F. Central da Bahia,10159,2914307,1947
7,E.F. Central da Bahia,10159,2914307,1948
7,E.F. Central da Bahia,10159,2914307,1949
7,E.F. Central da Bahia,10159,2914307,1950
7,E.F. Central da Bahia,10159,2914307,1951
7,E.F. Central da Bahia,10159,2914307,1953
7,E.F. Central da Bahia,10159,2914307,1955
7,E.F. Central da Bahia,10159,2914307,1956
7,E.F. Central da Bahia,10159,2914307,1957
7,E.F. Central da Bahia,10159,2914307,1958
7,E.F. Central da Bahia,10159,2914307,1961
7,E.F. Central da Bahia,10159,2914307,1962
7,E.F. Central da Bahia,10159,2914307,1966
7,E.F. Central da Bahia,10159,2914307,1969
7,E.F. Central da Bahia,10159,2914307,1972
7,E.F. Central da Bahia,10159,2914307,1985
7,E.F. Central da Bahia,10159,2914307,1996
7,E.F. Central da Bahia,10159,2914307,2003
7,E.F. Central da Bahia,10163,2914703,1926
7,E.F. Central da Bahia,10163,2914703,1927
7,E.F. Central da Bahia,10163,2914703,1929
7,E.F. Central da Bahia,10163,2914703,1931
7,E.F. Central da Bahia,10163,2914703,1932
7,E.F. Central da Bahia,10163,2914703,1933
7,E.F. Central da Bahia,10163,2914703,1934
7,E.F. Central da Bahia,10163,2914703,1936
7,E.F. Central da Bahia,10163,2914703,1937
7,E.F. Central da Bahia,10163,2914703,1940
7,E.F. Central da Bahia,10163,2914703,1941
7,E.F. Central da Bahia,10163,2914703,1944
7,E.F. Central da Bahia,10163,2914703,1947
7,E.F. Central da Bahia,10163,2914703,1948
7,E.F. Central da Bahia,10163,2914703,1949
7,E.F. Central da Bahia,10163,2914703,1950
27,E.F. Ilhéus-Conquista,10164,"2914802,2918555",1913
27,E.F. Ilhéus-Conquista,10164,"2914802,2918555",1914
27,E.F. Ilhéus-Conquista,10164,"2914802,2918555",1915
27,E.F. Ilhéus-Conquista,10164,"2914802,2918555",1916
27,E.F. Ilhéus-Conquista,10164,"2914802,2918555",1917
27,E.F. Ilhéus-Conquista,10164,"2914802,2918555",1918
27,E.F. Ilhéus-Conquista,10164,"2914802,2918555",1919
27,E.F. Ilhéus-Conquista,10164,"2914802,2918555",1920
27,E.F. Ilhéus-Conquista,10164,"2914802,2918555",1921
27,E.F. Ilhéus-Conquista,10164,"2914802,2918555",1922
27,E.F. Ilhéus-Conquista,10164,"2914802,2918555",1923
27,E.F. Ilhéus-Conquista,10164,"2914802,2918555",1924
27,E.F. Ilhéus-Conquista,10164,"2914802,2918555",1925
27,E.F. Ilhéus-Conquista,10164,"2914802,2918555",1926
27,E.F. Ilhéus-Conquista,10164,"2914802,2918555",1927
27,E.F. Ilhéus-Conquista,10164,"2914802,2918555",1929
27,E.F. Ilhéus-Conquista,10164,"2914802,2918555",1931
27,E.F. Ilhéus-Conquista,10164,"2914802,2918555",1932
27,E.F. Ilhéus-Conquista,10164,"2914802,2918555",1933
27,E.F. Ilhéus-Conquista,10164,"2914802,2918555",1934
27,E.F. Ilhéus-Conquista,10164,"2914802,2918555",1936
27,E.F. Ilhéus-Conquista,10164,"2914802,2918555",1937
27,E.F. Ilhéus-Conquista,10164,"2914802,2918555",1940
27,E.F. Ilhéus-Conquista,10164,"2914802,2918555",1941
27,E.F. Ilhéus-Conquista,10164,"2914802,2918555",1944
27,E.F. Ilhéus-Conquista,10164,"2914802,2918555",1947
27,E.F. Ilhéus-Conquista,10164,"2914802,2918555",1948
27,E.F. Ilhéus-Conquista,10164,"2914802,2918555",1949
27,E.F. Ilhéus-Conquista,10164,"2914802,2918555",1950
27,E.F. Ilhéus-Conquista,10164,"2914802,2918555",1951
27,E.F. Ilhéus-Conquista,10164,"2914802,2918555",1953
27,E.F. Ilhéus-Conquista,10164,"2914802,2918555",1955
27,E.F. Ilhéus-Conquista,10164,"2914802,2918555",1956
27,E.F. Ilhéus-Conquista,10164,"2914802,2918555",1957
27,E.F. Ilhéus-Conquista,10164,"2914802,2918555",1958
27,E.F. Ilhéus-Conquista,10164,"2914802,2918555",1961
27,E.F. Ilhéus-Conquista,10164,"2914802,2918555",1962
27,E.F. Ilhéus-Conquista,10164,"2914802,2918555",1966
27,E.F. Ilhéus-Conquista,10164,"2914802,2918555",1969
27,E.F. Ilhéus-Conquista,10164,"2914802,2918555",1972
27,E.F. Ilhéus-Conquista,10164,"2914802,2918555",1985
27,E.F. Ilhéus-Conquista,10164,"2914802,2918555",1996
27,E.F. Ilhéus-Conquista,10164,"2914802,2918555",2003
7,E.F. Central da Bahia,10166,2915007,1923
7,E.F. Central da Bahia,10166,2915007,1924
7,E.F. Central da Bahia,10166,2915007,1925
7,E.F. Central da Bahia,10166,2915007,1926
7,E.F. Central da Bahia,10166,2915007,1927
7,E.F. Central da Bahia,10166,2915007,1929
7,E.F. Central da Bahia,10166,2915007,1931
7,E.F. Central da Bahia,10166,2915007,1932
7,E.F. Central da Bahia,10166,2915007,1933
7,E.F. Central da Bahia,10166,2915007,1934
7,E.F. Central da Bahia,10166,2915007,1936
7,E.F. Central da Bahia,10166,2915007,1937
7,E.F. Central da Bahia,10166,2915007,1940
7,E.F. Central da Bahia,10166,2915007,1941
7,E.F. Central da Bahia,10166,2915007,1944
7,E.F. Central da Bahia,10166,2915007,1947
7,E.F. Central da Bahia,10166,2915007,1948
7,E.F. Central da Bahia,10166,2915007,1949
7,E.F. Central da Bahia,10166,2915007,1950
7,E.F. Central da Bahia,10166,2915007,1951
7,E.F. Central da Bahia,10166,2915007,1953
7,E.F. Central da Bahia,10166,2915007,1955
7,E.F. Central da Bahia,10166,2915007,1956
7,E.F. Central da Bahia,10166,2915007,1957
7,E.F. Central da Bahia,10166,2915007,1958
7,E.F. Central da Bahia,10166,2915007,1961
7,E.F. Central da Bahia,10166,2915007,1962
7,E.F. Central da Bahia,10166,2915007,1966
7,E.F. Central da Bahia,10166,2915007,1969
7,E.F. Central da Bahia,10166,2915007,1972
7,E.F. Central da Bahia,10166,2915007,1985
7,E.F. Central da Bahia,10166,2915007,1996
7,E.F. Central da Bahia,10166,2915007,2003
27,E.F. Ilhéus-Conquista,10172,2915502,1934
27,E.F. Ilhéus-Conquista,10172,2915502,1936
27,E.F. Ilhéus-Conquista,10172,2915502,1937
27,E.F. Ilhéus-Conquista,10172,2915502,1940
27,E.F. Ilhéus-Conquista,10172,2915502,1941
27,E.F. Ilhéus-Conquista,10172,2915502,1944
27,E.F. Ilhéus-Conquista,10172,2915502,1947
27,E.F. Ilhéus-Conquista,10172,2915502,1948
27,E.F. Ilhéus-Conquista,10172,2915502,1949
27,E.F. Ilhéus-Conquista,10172,2915502,1950
27,E.F. Ilhéus-Conquista,10172,2915502,1951
27,E.F. Ilhéus-Conquista,10172,2915502,1953
27,E.F. Ilhéus-Conquista,10172,2915502,1955
27,E.F. Ilhéus-Conquista,10172,2915502,1956
27,E.F. Ilhéus-Conquista,10172,2915502,1957
27,E.F. Ilhéus-Conquista,10172,2915502,1958
27,E.F. Ilhéus-Conquista,10172,2915502,1961
27,E.F. Ilhéus-Conquista,10172,2915502,1962
27,E.F. Ilhéus-Conquista,10172,2915502,1966
27,E.F. Ilhéus-Conquista,10172,2915502,1969
27,E.F. Ilhéus-Conquista,10172,2915502,1972
27,E.F. Ilhéus-Conquista,10172,2915502,1985
27,E.F. Ilhéus-Conquista,10172,2915502,1996
27,E.F. Ilhéus-Conquista,10172,2915502,2003
29,Ramal de Jequié,10184,2916708,1923
29,Ramal de Jequié,10197,2918001,1927
29,Ramal de Jequié,10197,2918001,1929
29,Ramal de Jequié,10197,2918001,1931
29,Ramal de Jequié,10197,2918001,1932
29,Ramal de Jequié,10197,2918001,1933
29,Ramal de Jequié,10197,2918001,1934
29,Ramal de Jequié,10197,2918001,1936
29,Ramal de Jequié,10197,2918001,1937
29,Ramal de Jequié,10197,2918001,1940
29,Ramal de Jequié,10197,2918001,1941
29,Ramal de Jequié,10197,2918001,1944
29,Ramal de Jequié,10197,2918001,1947
29,Ramal de Jequié,10197,2918001,1948
29,Ramal de Jequié,10197,2918001,1949
29,Ramal de Jequié,10197,2918001,1950
29,Ramal de Jequié,10197,2918001,1951
29,Ramal de Jequié,10197,2918001,1953
29,Ramal de Jequié,10197,2918001,1955
29,Ramal de Jequié,10197,2918001,1956
29,Ramal de Jequié,10197,2918001,1957
29,Ramal de Jequié,10197,2918001,1958
29,Ramal de Jequié,10197,2918001,1961
29,Ramal de Jequié,10197,2918001,1962
29,Ramal de Jequié,10197,2918001,1966
29,Ramal de Jequié,10197,2918001,1969
29,Ramal de Jequié,10197,2918001,1972
29,Ramal de Jequié,10197,2918001,1985
29,Ramal de Jequié,10197,2918001,1996
29,Ramal de Jequié,10197,2918001,2003
29,Ramal de Jequié,10199,2918209,1914
29,Ramal de Jequié,10199,2918209,1915
29,Ramal de Jequié,10205,2918803,1910
29,Ramal de Jequié,10205,2918803,1911
29,Ramal de Jequié,10205,2918803,1912
26,E.F. Bahia ao São Francisco,10218,"2919926,2927408",1860
26,E.F. Bahia ao São Francisco,10218,"2919926,2927408",1862
26,E.F. Bahia ao São Francisco,10218,"2919926,2927408",1863
26,E.F. Bahia ao São Francisco,10218,"2919926,2927408",1873
26,E.F. Bahia ao São Francisco,10218,"2919926,2927408",1875
26,E.F. Bahia ao São Francisco,10218,"2919926,2927408",1876
26,E.F. Bahia ao São Francisco,10218,"2919926,2927408",1880
26,E.F. Bahia ao São Francisco,10218,"2919926,2927408",1881
26,E.F. Bahia ao São Francisco,10218,"2919926,2927408",1882
26,E.F. Bahia ao São Francisco,10218,"2919926,2927408",1883
26,E.F. Bahia ao São Francisco,10218,"2919926,2927408",1884
26,E.F. Bahia ao São Francisco,10218,"2919926,2927408",1885
26,E.F. Bahia ao São Francisco,10218,"2919926,2927408",1886
26,E.F. Bahia ao São Francisco,10218,"2919926,2927408",1887
26,E.F. Bahia ao São Francisco,10218,"2919926,2927408",1888
26,E.F. Bahia ao São Francisco,10218,"2919926,2927408",1891
26,E.F. Bahia ao São Francisco,10218,"2919926,2927408",1892
26,E.F. Bahia ao São Francisco,10218,"2919926,2927408",1894
26,E.F. Bahia ao São Francisco,10218,"2919926,2927408",1895
26,E.F. Bahia ao São Francisco,10218,"2919926,2927408",1896
26,E.F. Bahia ao São Francisco,10218,"2919926,2927408",1900
26,E.F. Bahia ao São Francisco,10218,"2919926,2927408",1901
26,E.F. Bahia ao São Francisco,10218,"2919926,2927408",1902
26,E.F. Bahia ao São Francisco,10218,"2919926,2927408",1904
26,E.F. Bahia ao São Francisco,10218,"2919926,2927408",1905
26,E.F. Bahia ao São Francisco,10218,"2919926,2927408",1906
26,E.F. Bahia ao São Francisco,10218,"2919926,2927408",1907
26,E.F. Bahia ao São Francisco,10218,"2919926,2927408",1908
26,E.F. Bahia ao São Francisco,10218,"2919926,2927408",1910
26,E.F. Bahia ao São Francisco,10218,"2919926,2927408",1911
26,E.F. Bahia ao São Francisco,10218,"2919926,2927408",1912
26,E.F. Bahia ao São Francisco,10218,"2919926,2927408",1913
26,E.F. Bahia ao São Francisco,10218,"2919926,2927408",1914
26,E.F. Bahia ao São Francisco,10218,"2919926,2927408",1915
26,E.F. Bahia ao São Francisco,10218,"2919926,2927408",1916
26,E.F. Bahia ao São Francisco,10218,"2919926,2927408",1917
26,E.F. Bahia ao São Francisco,10218,"2919926,2927408",1918
26,E.F. Bahia ao São Francisco,10218,"2919926,2927408",1919
26,E.F. Bahia ao São Francisco,10218,"2919926,2927408",1920
26,E.F. Bahia ao São Francisco,10218,"2919926,2927408",1921
26,E.F. Bahia ao São Francisco,10218,"2919926,2927408",1922
26,E.F. Bahia ao São Francisco,10218,"2919926,2927408",1923
26,E.F. Bahia ao São Francisco,10218,"2919926,2927408",1924
26,E.F. Bahia ao São Francisco,10218,"2919926,2927408",1925
26,E.F. Bahia ao São Francisco,10218,"2919926,2927408",1926
26,E.F. Bahia ao São Francisco,10218,"2919926,2927408",1927
26,E.F. Bahia ao São Francisco,10218,"2919926,2927408",1929
26,E.F. Bahia ao São Francisco,10218,"2919926,2927408",1931
26,E.F. Bahia ao São Francisco,10218,"2919926,2927408",1932
26,E.F. Bahia ao São Francisco,10218,"2919926,2927408",1933
26,E.F. Bahia ao São Francisco,10218,"2919926,2927408",1934
26,E.F. Bahia ao São Francisco,10218,"2919926,2927408",1936
26,E.F. Bahia ao São Francisco,10218,"2919926,2927408",1937
26,E.F. Bahia ao São Francisco,10218,"2919926,2927408",1940
26,E.F. Bahia ao São Francisco,10218,"2919926,2927408",1941
26,E.F. Bahia ao São Francisco,10218,"2919926,2927408",1944
26,E.F. Bahia ao São Francisco,10218,"2919926,2927408",1947
26,E.F. Bahia ao São Francisco,10218,"2919926,2927408",1948
26,E.F. Bahia ao São Francisco,10218,"2919926,2927408",1949
26,E.F. Bahia ao São Francisco,10218,"2919926,2927408",1950
26,E.F. Bahia ao São Francisco,10218,"2919926,2927408",1951
26,E.F. Bahia ao São Francisco,10218,"2919926,2927408",1953
26,E.F. Bahia ao São Francisco,10218,"2919926,2927408",1955
26,E.F. Bahia ao São Francisco,10218,"2919926,2927408",1956
26,E.F. Bahia ao São Francisco,10218,"2919926,2927408",1957
26,E.F. Bahia ao São Francisco,10218,"2919926,2927408",1958
26,E.F. Bahia ao São Francisco,10218,"2919926,2927408",1961
26,E.F. Bahia ao São Francisco,10218,"2919926,2927408",1962
26,E.F. Bahia ao São Francisco,10218,"2919926,2927408",1966
26,E.F. Bahia ao São Francisco,10218,"2919926,2927408",1969
26,E.F. Bahia ao São Francisco,10218,"2919926,2927408",1972
26,E.F. Bahia ao São Francisco,10218,"2919926,2927408",1985
26,E.F. Bahia ao São Francisco,10218,"2919926,2927408",1996
26,E.F. Bahia ao São Francisco,10218,"2919926,2927408",2003
30,Ramal de Nazaré,10225,2920601,1941
30,Ramal de Nazaré,10225,2920601,1944
30,Ramal de Nazaré,10225,2920601,1947
30,Ramal de Nazaré,10225,2920601,1948
30,Ramal de Nazaré,10225,2920601,1949
30,Ramal de Nazaré,10225,2920601,1950
30,Ramal de Nazaré,10225,2920601,1951
30,Ramal de Nazaré,10225,2920601,1953
30,Ramal de Nazaré,10225,2920601,1955
30,Ramal de Nazaré,10225,2920601,1956
30,Ramal de Nazaré,10225,2920601,1957
30,Ramal de Nazaré,10225,2920601,1958
30,Ramal de Nazaré,10225,2920601,1961
30,Ramal de Nazaré,10225,2920601,1962
30,Ramal de Nazaré,10225,2920601,1966
30,Ramal de Nazaré,10225,2920601,1969
30,Ramal de Nazaré,10225,2920601,1972
30,Ramal de Nazaré,10225,2920601,1985
30,Ramal de Nazaré,10225,2920601,1996
30,Ramal de Nazaré,10225,2920601,2003
7,E.F. Central da Bahia,10227,2920809,1888
7,E.F. Central da Bahia,10227,2920809,1891
7,E.F. Central da Bahia,10227,2920809,1892
7,E.F. Central da Bahia,10227,2920809,1894
7,E.F. Central da Bahia,10227,2920809,1895
7,E.F. Central da Bahia,10227,2920809,1896
7,E.F. Central da Bahia,10227,2920809,1900
7,E.F. Central da Bahia,10227,2920809,1901
7,E.F. Central da Bahia,10227,2920809,1902
7,E.F. Central da Bahia,10227,2920809,1904
7,E.F. Central da Bahia,10227,2920809,1905
7,E.F. Central da Bahia,10227,2920809,1906
7,E.F. Central da Bahia,10227,2920809,1907
7,E.F. Central da Bahia,10227,2920809,1908
7,E.F. Central da Bahia,10227,2920809,1910
7,E.F. Central da Bahia,10227,2920809,1911
7,E.F. Central da Bahia,10227,2920809,1912
7,E.F. Central da Bahia,10227,2920809,1913
7,E.F. Central da Bahia,10227,2920809,1914
7,E.F. Central da Bahia,10227,2920809,1915
7,E.F. Central da Bahia,10227,2920809,1916
7,E.F. Central da Bahia,10227,2920809,1917
7,E.F. Central da Bahia,10227,2920809,1918
7,E.F. Central da Bahia,10227,2920809,1919
7,E.F. Central da Bahia,10227,2920809,1920
7,E.F. Central da Bahia,10227,2920809,1921
7,E.F. Central da Bahia,10227,2920809,1922
7,E.F. Central da Bahia,10227,2920809,1923
7,E.F. Central da Bahia,10227,2920809,1924
7,E.F. Central da Bahia,10227,2920809,1925
7,E.F. Central da Bahia,10227,2920809,1926
7,E.F. Central da Bahia,10227,2920809,1927
7,E.F. Central da Bahia,10227,2920809,1929
7,E.F. Central da Bahia,10227,2920809,1931
7,E.F. Central da Bahia,10227,2920809,1932
7,E.F. Central da Bahia,10227,2920809,1933
7,E.F. Central da Bahia,10227,2920809,1934
7,E.F. Central da Bahia,10227,2920809,1936
7,E.F. Central da Bahia,10227,2920809,1937
7,E.F. Central da Bahia,10227,2920809,1940
7,E.F. Central da Bahia,10227,2920809,1941
7,E.F. Central da Bahia,10227,2920809,1944
7,E.F. Central da Bahia,10227,2920809,1947
7,E.F. Central da Bahia,10227,2920809,1948
7,E.F. Central da Bahia,10227,2920809,1949
7,E.F. Central da Bahia,10227,2920809,1950
7,E.F. Central da Bahia,10227,2920809,1951
7,E.F. Central da Bahia,10227,2920809,1953
7,E.F. Central da Bahia,10227,2920809,1955
7,E.F. Central da Bahia,10227,2920809,1956
7,E.F. Central da Bahia,10227,2920809,1957
7,E.F. Central da Bahia,10227,2920809,1958
7,E.F. Central da Bahia,10227,2920809,1961
7,E.F. Central da Bahia,10227,2920809,1962
7,E.F. Central da Bahia,10227,2920809,1966
7,E.F. Central da Bahia,10227,2920809,1969
7,E.F. Central da Bahia,10227,2920809,1972
7,E.F. Central da Bahia,10227,2920809,1985
7,E.F. Central da Bahia,10227,2920809,1996
7,E.F. Central da Bahia,10227,2920809,2003
28,E.F. Leste Brasileiro (BA),10229,2921005,1915
28,E.F. Leste Brasileiro (BA),10229,2921005,1916
28,E.F. Leste Brasileiro (BA),10229,2921005,1917
28,E.F. Leste Brasileiro (BA),10229,2921005,1918
28,E.F. Leste Brasileiro (BA),10229,2921005,1919
28,E.F. Leste Brasileiro (BA),10229,2921005,1920
28,E.F. Leste Brasileiro (BA),10229,2921005,1921
28,E.F. Leste Brasileiro (BA),10229,2921005,1922
28,E.F. Leste Brasileiro (BA),10229,2921005,1923
28,E.F. Leste Brasileiro (BA),10229,2921005,1924
28,E.F. Leste Brasileiro (BA),10229,2921005,1925
28,E.F. Leste Brasileiro (BA),10229,2921005,1926
28,E.F. Leste Brasileiro (BA),10229,2921005,1927
28,E.F. Leste Brasileiro (BA),10229,2921005,1929
28,E.F. Leste Brasileiro (BA),10229,2921005,1931
28,E.F. Leste Brasileiro (BA),10229,2921005,1932
28,E.F. Leste Brasileiro (BA),10229,2921005,1933
28,E.F. Leste Brasileiro (BA),10229,2921005,1934
28,E.F. Leste Brasileiro (BA),10229,2921005,1936
28,E.F. Leste Brasileiro (BA),10229,2921005,1937
28,E.F. Leste Brasileiro (BA),10229,2921005,1940
28,E.F. Leste Brasileiro (BA),10229,2921005,1941
28,E.F. Leste Brasileiro (BA),10229,2921005,1944
28,E.F. Leste Brasileiro (BA),10229,2921005,1947
28,E.F. Leste Brasileiro (BA),10229,2921005,1948
28,E.F. Leste Brasileiro (BA),10229,2921005,1949
28,E.F. Leste Brasileiro (BA),10229,2921005,1950
28,E.F. Leste Brasileiro (BA),10229,2921005,1951
28,E.F. Leste Brasileiro (BA),10229,2921005,1953
28,E.F. Leste Brasileiro (BA),10229,2921005,1955
28,E.F. Leste Brasileiro (BA),10229,2921005,1956
28,E.F. Leste Brasileiro (BA),10229,2921005,1957
28,E.F. Leste Brasileiro (BA),10229,2921005,1958
28,E.F. Leste Brasileiro (BA),10229,2921005,1961
28,E.F. Leste Brasileiro (BA),10229,2921005,1962
28,E.F. Leste Brasileiro (BA),10229,2921005,1966
28,E.F. Leste Brasileiro (BA),10229,2921005,1969
28,E.F. Leste Brasileiro (BA),10229,2921005,1972
28,E.F. Leste Brasileiro (BA),10229,2921005,1985
28,E.F. Leste Brasileiro (BA),10229,2921005,1996
28,E.F. Leste Brasileiro (BA),10229,2921005,2003
7,E.F. Central da Bahia,10240,2922102,1937
7,E.F. Central da Bahia,10240,2922102,1940
7,E.F. Central da Bahia,10240,2922102,1941
7,E.F. Central da Bahia,10240,2922102,1944
7,E.F. Central da Bahia,10240,2922102,1947
7,E.F. Central da Bahia,10240,2922102,1948
7,E.F. Central da Bahia,10240,2922102,1949
7,E.F. Central da Bahia,10240,2922102,1950
30,Ramal de Nazaré,10241,2922201,1875
30,Ramal de Nazaré,10241,2922201,1876
30,Ramal de Nazaré,10241,2922201,1880
30,Ramal de Nazaré,10241,2922201,1881
30,Ramal de Nazaré,10241,2922201,1882
29,Ramal de Jequié,10242,2922409,1913
30,Ramal de Nazaré,10243,2922508,1875
30,Ramal de Nazaré,10243,2922508,1876
30,Ramal de Nazaré,10243,2922508,1880
30,Ramal de Nazaré,10243,2922508,1881
30,Ramal de Nazaré,10243,2922508,1882
30,Ramal de Nazaré,10243,2922508,1883
30,Ramal de Nazaré,10243,2922508,1884
30,Ramal de Nazaré,10243,2922508,1885
30,Ramal de Nazaré,10243,2922508,1886
30,Ramal de Nazaré,10243,2922508,1887
30,Ramal de Nazaré,10243,2922508,1888
30,Ramal de Nazaré,10243,2922508,1891
30,Ramal de Nazaré,10243,2922508,1892
30,Ramal de Nazaré,10243,2922508,1894
30,Ramal de Nazaré,10243,2922508,1895
30,Ramal de Nazaré,10243,2922508,1896
30,Ramal de Nazaré,10243,2922508,1900
30,Ramal de Nazaré,10243,2922508,1901
30,Ramal de Nazaré,10243,2922508,1902
30,Ramal de Nazaré,10243,2922508,1904
30,Ramal de Nazaré,10243,2922508,1905
30,Ramal de Nazaré,10243,2922508,1906
30,Ramal de Nazaré,10243,2922508,1907
30,Ramal de Nazaré,10243,2922508,1908
30,Ramal de Nazaré,10243,2922508,1910
30,Ramal de Nazaré,10243,2922508,1911
30,Ramal de Nazaré,10243,2922508,1912
30,Ramal de Nazaré,10243,2922508,1913
30,Ramal de Nazaré,10243,2922508,1914
30,Ramal de Nazaré,10243,2922508,1915
30,Ramal de Nazaré,10243,2922508,1916
30,Ramal de Nazaré,10243,2922508,1917
30,Ramal de Nazaré,10243,2922508,1918
30,Ramal de Nazaré,10243,2922508,1919
30,Ramal de Nazaré,10243,2922508,1920
30,Ramal de Nazaré,10243,2922508,1921
30,Ramal de Nazaré,10243,2922508,1922
30,Ramal de Nazaré,10243,2922508,1923
30,Ramal de Nazaré,10243,2922508,1924
30,Ramal de Nazaré,10243,2922508,1925
30,Ramal de Nazaré,10243,2922508,1926
30,Ramal de Nazaré,10243,2922508,1927
30,Ramal de Nazaré,10243,2922508,1929
30,Ramal de Nazaré,10243,2922508,1931
30,Ramal de Nazaré,10243,2922508,1932
30,Ramal de Nazaré,10243,2922508,1933
30,Ramal de Nazaré,10243,2922508,1934
30,Ramal de Nazaré,10243,2922508,1936
30,Ramal de Nazaré,10243,2922508,1937
30,Ramal de Nazaré,10243,2922508,1940
30,Ramal de Nazaré,10243,2922508,1941
30,Ramal de Nazaré,10243,2922508,1944
30,Ramal de Nazaré,10243,2922508,1947
30,Ramal de Nazaré,10243,2922508,1948
30,Ramal de Nazaré,10243,2922508,1949
30,Ramal de Nazaré,10243,2922508,1950
30,Ramal de Nazaré,10243,2922508,1951
30,Ramal de Nazaré,10243,2922508,1953
30,Ramal de Nazaré,10243,2922508,1955
30,Ramal de Nazaré,10243,2922508,1956
30,Ramal de Nazaré,10243,2922508,1957
30,Ramal de Nazaré,10243,2922508,1958
30,Ramal de Nazaré,10243,2922508,1961
30,Ramal de Nazaré,10243,2922508,1962
30,Ramal de Nazaré,10243,2922508,1966
30,Ramal de Nazaré,10243,2922508,1969
30,Ramal de Nazaré,10243,2922508,1972
30,Ramal de Nazaré,10243,2922508,1985
30,Ramal de Nazaré,10243,2922508,1996
30,Ramal de Nazaré,10243,2922508,2003
7,E.F. Central da Bahia,10265,2924801,1923
7,E.F. Central da Bahia,10265,2924801,1924
7,E.F. Central da Bahia,10265,2924801,1925
7,E.F. Central da Bahia,10265,2924801,1926
7,E.F. Central da Bahia,10265,2924801,1927
7,E.F. Central da Bahia,10265,2924801,1929
7,E.F. Central da Bahia,10265,2924801,1931
7,E.F. Central da Bahia,10265,2924801,1932
7,E.F. Central da Bahia,10265,2924801,1933
7,E.F. Central da Bahia,10265,2924801,1934
7,E.F. Central da Bahia,10265,2924801,1936
7,E.F. Central da Bahia,10278,2926806,1949
7,E.F. Central da Bahia,10278,2926806,1950
7,E.F. Central da Bahia,10278,2926806,1951
7,E.F. Central da Bahia,10278,2926806,1953
7,E.F. Central da Bahia,10278,2926806,1955
7,E.F. Central da Bahia,10278,2926806,1956
7,E.F. Central da Bahia,10278,2926806,1957
7,E.F. Central da Bahia,10278,2926806,1958
7,E.F. Central da Bahia,10278,2926806,1961
7,E.F. Central da Bahia,10278,2926806,1962
7,E.F. Central da Bahia,10278,2926806,1966
7,E.F. Central da Bahia,10278,2926806,1969
7,E.F. Central da Bahia,10278,2926806,1972
7,E.F. Central da Bahia,10278,2926806,1985
7,E.F. Central da Bahia,10278,2926806,1996
7,E.F. Central da Bahia,10278,2926806,2003
29,Ramal de Jequié,10287,2927903,1922
69,E.F. de Santo Amaro (Recôncavo),10292,"2928604,2929750",1883
69,E.F. de Santo Amaro (Recôncavo),10292,"2928604,2929750",1884
69,E.F. de Santo Amaro (Recôncavo),10292,"2928604,2929750",1885
69,E.F. de Santo Amaro (Recôncavo),10292,"2928604,2929750",1886
69,E.F. de Santo Amaro (Recôncavo),10292,"2928604,2929750",1887
69,E.F. de Santo Amaro (Recôncavo),10292,"2928604,2929750",1888
69,E.F. de Santo Amaro (Recôncavo),10292,"2928604,2929750",1891
69,E.F. de Santo Amaro (Recôncavo),10292,"2928604,2929750",1892
69,E.F. de Santo Amaro (Recôncavo),10292,"2928604,2929750",1894
69,E.F. de Santo Amaro (Recôncavo),10292,"2928604,2929750",1895
69,E.F. de Santo Amaro (Recôncavo),10292,"2928604,2929750",1896
69,E.F. de Santo Amaro (Recôncavo),10292,"2928604,2929750",1900
69,E.F. de Santo Amaro (Recôncavo),10292,"2928604,2929750",1901
69,E.F. de Santo Amaro (Recôncavo),10292,"2928604,2929750",1902
69,E.F. de Santo Amaro (Recôncavo),10292,"2928604,2929750",1904
69,E.F. de Santo Amaro (Recôncavo),10292,"2928604,2929750",1905
69,E.F. de Santo Amaro (Recôncavo),10292,"2928604,2929750",1906
69,E.F. de Santo Amaro (Recôncavo),10292,"2928604,2929750",1907
69,E.F. de Santo Amaro (Recôncavo),10292,"2928604,2929750",1908
69,E.F. de Santo Amaro (Recôncavo),10292,"2928604,2929750",1910
69,E.F. de Santo Amaro (Recôncavo),10292,"2928604,2929750",1911
28,E.F. Leste Brasileiro (BA),10292,"2928604,2929750",1912
69,E.F. de Santo Amaro (Recôncavo),10292,"2928604,2929750",1912
28,E.F. Leste Brasileiro (BA),10292,"2928604,2929750",1913
69,E.F. de Santo Amaro (Recôncavo),10292,"2928604,2929750",1913
28,E.F. Leste Brasileiro (BA),10292,"2928604,2929750",1914
69,E.F. de Santo Amaro (Recôncavo),10292,"2928604,2929750",1914
28,E.F. Leste Brasileiro (BA),10292,"2928604,2929750",1915
69,E.F. de Santo Amaro (Recôncavo),10292,"2928604,2929750",1915
28,E.F. Leste Brasileiro (BA),10292,"2928604,2929750",1916
69,E.F. de Santo Amaro (Recôncavo),10292,"2928604,2929750",1916
28,E.F. Leste Brasileiro (BA),10292,"2928604,2929750",1917
69,E.F. de Santo Amaro (Recôncavo),10292,"2928604,2929750",1917
28,E.F. Leste Brasileiro (BA),10292,"2928604,2929750",1918
69,E.F. de Santo Amaro (Recôncavo),10292,"2928604,2929750",1918
28,E.F. Leste Brasileiro (BA),10292,"2928604,2929750",1919
69,E.F. de Santo Amaro (Recôncavo),10292,"2928604,2929750",1919
28,E.F. Leste Brasileiro (BA),10292,"2928604,2929750",1920
69,E.F. de Santo Amaro (Recôncavo),10292,"2928604,2929750",1920
28,E.F. Leste Brasileiro (BA),10292,"2928604,2929750",1921
69,E.F. de Santo Amaro (Recôncavo),10292,"2928604,2929750",1921
28,E.F. Leste Brasileiro (BA),10292,"2928604,2929750",1922
69,E.F. de Santo Amaro (Recôncavo),10292,"2928604,2929750",1922
28,E.F. Leste Brasileiro (BA),10292,"2928604,2929750",1923
69,E.F. de Santo Amaro (Recôncavo),10292,"2928604,2929750",1923
28,E.F. Leste Brasileiro (BA),10292,"2928604,2929750",1924
69,E.F. de Santo Amaro (Recôncavo),10292,"2928604,2929750",1924
28,E.F. Leste Brasileiro (BA),10292,"2928604,2929750",1925
69,E.F. de Santo Amaro (Recôncavo),10292,"2928604,2929750",1925
28,E.F. Leste Brasileiro (BA),10292,"2928604,2929750",1926
69,E.F. de Santo Amaro (Recôncavo),10292,"2928604,2929750",1926
28,E.F. Leste Brasileiro (BA),10292,"2928604,2929750",1927
69,E.F. de Santo Amaro (Recôncavo),10292,"2928604,2929750",1927
28,E.F. Leste Brasileiro (BA),10292,"2928604,2929750",1929
69,E.F. de Santo Amaro (Recôncavo),10292,"2928604,2929750",1929
28,E.F. Leste Brasileiro (BA),10292,"2928604,2929750",1931
69,E.F. de Santo Amaro (Recôncavo),10292,"2928604,2929750",1931
28,E.F. Leste Brasileiro (BA),10292,"2928604,2929750",1932
69,E.F. de Santo Amaro (Recôncavo),10292,"2928604,2929750",1932
28,E.F. Leste Brasileiro (BA),10292,"2928604,2929750",1933
69,E.F. de Santo Amaro (Recôncavo),10292,"2928604,2929750",1933
28,E.F. Leste Brasileiro (BA),10292,"2928604,2929750",1934
69,E.F. de Santo Amaro (Recôncavo),10292,"2928604,2929750",1934
28,E.F. Leste Brasileiro (BA),10292,"2928604,2929750",1936
69,E.F. de Santo Amaro (Recôncavo),10292,"2928604,2929750",1936
28,E.F. Leste Brasileiro (BA),10292,"2928604,2929750",1937
69,E.F. de Santo Amaro (Recôncavo),10292,"2928604,2929750",1937
28,E.F. Leste Brasileiro (BA),10292,"2928604,2929750",1940
69,E.F. de Santo Amaro (Recôncavo),10292,"2928604,2929750",1940
28,E.F. Leste Brasileiro (BA),10292,"2928604,2929750",1941
69,E.F. de Santo Amaro (Recôncavo),10292,"2928604,2929750",1941
28,E.F. Leste Brasileiro (BA),10292,"2928604,2929750",1944
69,E.F. de Santo Amaro (Recôncavo),10292,"2928604,2929750",1944
28,E.F. Leste Brasileiro (BA),10292,"2928604,2929750",1947
69,E.F. de Santo Amaro (Recôncavo),10292,"2928604,2929750",1947
28,E.F. Leste Brasileiro (BA),10292,"2928604,2929750",1948
69,E.F. de Santo Amaro (Recôncavo),10292,"2928604,2929750",1948
28,E.F. Leste Brasileiro (BA),10292,"2928604,2929750",1949
69,E.F. de Santo Amaro (Recôncavo),10292,"2928604,2929750",1949
28,E.F. Leste Brasileiro (BA),10292,"2928604,2929750",1950
69,E.F. de Santo Amaro (Recôncavo),10292,"2928604,2929750",1950
28,E.F. Leste Brasileiro (BA),10292,"2928604,2929750",1951
69,E.F. de Santo Amaro (Recôncavo),10292,"2928604,2929750",1951
28,E.F. Leste Brasileiro (BA),10292,"2928604,2929750",1953
69,E.F. de Santo Amaro (Recôncavo),10292,"2928604,2929750",1953
28,E.F. Leste Brasileiro (BA),10292,"2928604,2929750",1955
69,E.F. de Santo Amaro (Recôncavo),10292,"2928604,2929750",1955
28,E.F. Leste Brasileiro (BA),10292,"2928604,2929750",1956
69,E.F. de Santo Amaro (Recôncavo),10292,"2928604,2929750",1956
28,E.F. Leste Brasileiro (BA),10292,"2928604,2929750",1957
69,E.F. de Santo Amaro (Recôncavo),10292,"2928604,2929750",1957
28,E.F. Leste Brasileiro (BA),10292,"2928604,2929750",1958
69,E.F. de Santo Amaro (Recôncavo),10292,"2928604,2929750",1958
28,E.F. Leste Brasileiro (BA),10292,"2928604,2929750",1961
69,E.F. de Santo Amaro (Recôncavo),10292,"2928604,2929750",1961
28,E.F. Leste Brasileiro (BA),10292,"2928604,2929750",1962
69,E.F. de Santo Amaro (Recôncavo),10292,"2928604,2929750",1962
28,E.F. Leste Brasileiro (BA),10292,"2928604,2929750",1966
69,E.F. de Santo Amaro (Recôncavo),10292,"2928604,2929750",1966
28,E.F. Leste Brasileiro (BA),10292,"2928604,2929750",1969
69,E.F. de Santo Amaro (Recôncavo),10292,"2928604,2929750",1969
28,E.F. Leste Brasileiro (BA),10292,"2928604,2929750",1972
69,E.F. de Santo Amaro (Recôncavo),10292,"2928604,2929750",1972
28,E.F. Leste Brasileiro (BA),10292,"2928604,2929750",1985
69,E.F. de Santo Amaro (Recôncavo),10292,"2928604,2929750",1985
28,E.F. Leste Brasileiro (BA),10292,"2928604,2929750",1996
69,E.F. de Santo Amaro (Recôncavo),10292,"2928604,2929750",1996
28,E.F. Leste Brasileiro (BA),10292,"2928604,2929750",2003
69,E.F. de Santo Amaro (Recôncavo),10292,"2928604,2929750",2003
30,Ramal de Nazaré,10293,2928703,1883
30,Ramal de Nazaré,10293,2928703,1884
29,Ramal de Jequié,10293,2928703,1885
30,Ramal de Nazaré,10293,2928703,1885
29,Ramal de Jequié,10293,2928703,1886
30,Ramal de Nazaré,10293,2928703,1886
29,Ramal de Jequié,10293,2928703,1887
30,Ramal de Nazaré,10293,2928703,1887
29,Ramal de Jequié,10293,2928703,1888
30,Ramal de Nazaré,10293,2928703,1888
29,Ramal de Jequié,10293,2928703,1891
30,Ramal de Nazaré,10293,2928703,1891
29,Ramal de Jequié,10293,2928703,1892
30,Ramal de Nazaré,10293,2928703,1892
29,Ramal de Jequié,10293,2928703,1894
30,Ramal de Nazaré,10293,2928703,1894
29,Ramal de Jequié,10293,2928703,1895
30,Ramal de Nazaré,10293,2928703,1895
29,Ramal de Jequié,10293,2928703,1896
30,Ramal de Nazaré,10293,2928703,1896
29,Ramal de Jequié,10293,2928703,1900
30,Ramal de Nazaré,10293,2928703,1900
29,Ramal de Jequié,10293,2928703,1901
30,Ramal de Nazaré,10293,2928703,1901
29,Ramal de Jequié,10293,2928703,1902
30,Ramal de Nazaré,10293,2928703,1902
29,Ramal de Jequié,10293,2928703,1904
30,Ramal de Nazaré,10293,2928703,1904
29,Ramal de Jequié,10293,2928703,1905
30,Ramal de Nazaré,10293,2928703,1905
29,Ramal de Jequié,10293,2928703,1906
30,Ramal de Nazaré,10293,2928703,1906
29,Ramal de Jequié,10293,2928703,1907
30,Ramal de Nazaré,10293,2928703,1907
29,Ramal de Jequié,10293,2928703,1908
30,Ramal de Nazaré,10293,2928703,1908
29,Ramal de Jequié,10293,2928703,1910
30,Ramal de Nazaré,10293,2928703,1910
29,Ramal de Jequié,10293,2928703,1911
30,Ramal de Nazaré,10293,2928703,1911
29,Ramal de Jequié,10293,2928703,1912
30,Ramal de Nazaré,10293,2928703,1912
29,Ramal de Jequié,10293,2928703,1913
30,Ramal de Nazaré,10293,2928703,1913
29,Ramal de Jequié,10293,2928703,1914
30,Ramal de Nazaré,10293,2928703,1914
29,Ramal de Jequié,10293,2928703,1915
30,Ramal de Nazaré,10293,2928703,1915
29,Ramal de Jequié,10293,2928703,1916
30,Ramal de Nazaré,10293,2928703,1916
29,Ramal de Jequié,10293,2928703,1917
30,Ramal de Nazaré,10293,2928703,1917
29,Ramal de Jequié,10293,2928703,1918
30,Ramal de Nazaré,10293,2928703,1918
29,Ramal de Jequié,10293,2928703,1919
30,Ramal de Nazaré,10293,2928703,1919
29,Ramal de Jequié,10293,2928703,1920
30,Ramal de Nazaré,10293,2928703,1920
29,Ramal de Jequié,10293,2928703,1921
30,Ramal de Nazaré,10293,2928703,1921
29,Ramal de Jequié,10293,2928703,1922
30,Ramal de Nazaré,10293,2928703,1922
29,Ramal de Jequié,10293,2928703,1923
30,Ramal de Nazaré,10293,2928703,1923
29,Ramal de Jequié,10293,2928703,1924
30,Ramal de Nazaré,10293,2928703,1924
29,Ramal de Jequié,10293,2928703,1925
30,Ramal de Nazaré,10293,2928703,1925
29,Ramal de Jequié,10293,2928703,1926
30,Ramal de Nazaré,10293,2928703,1926
29,Ramal de Jequié,10293,2928703,1927
30,Ramal de Nazaré,10293,2928703,1927
29,Ramal de Jequié,10293,2928703,1929
30,Ramal de Nazaré,10293,2928703,1929
29,Ramal de Jequié,10293,2928703,1931
30,Ramal de Nazaré,10293,2928703,1931
29,Ramal de Jequié,10293,2928703,1932
30,Ramal de Nazaré,10293,2928703,1932
29,Ramal de Jequié,10293,2928703,1933
30,Ramal de Nazaré,10293,2928703,1933
29,Ramal de Jequié,10293,2928703,1934
30,Ramal de Nazaré,10293,2928703,1934
29,Ramal de Jequié,10293,2928703,1936
30,Ramal de Nazaré,10293,2928703,1936
29,Ramal de Jequié,10293,2928703,1937
30,Ramal de Nazaré,10293,2928703,1937
29,Ramal de Jequié,10293,2928703,1940
30,Ramal de Nazaré,10293,2928703,1940
29,Ramal de Jequié,10293,2928703,1941
30,Ramal de Nazaré,10293,2928703,1941
29,Ramal de Jequié,10293,2928703,1944
30,Ramal de Nazaré,10293,2928703,1944
29,Ramal de Jequié,10293,2928703,1947
30,Ramal de Nazaré,10293,2928703,1947
29,Ramal de Jequié,10293,2928703,1948
30,Ramal de Nazaré,10293,2928703,1948
29,Ramal de Jequié,10293,2928703,1949
30,Ramal de Nazaré,10293,2928703,1949
29,Ramal de Jequié,10293,2928703,1950
30,Ramal de Nazaré,10293,2928703,1950
29,Ramal de Jequié,10293,2928703,1951
30,Ramal de Nazaré,10293,2928703,1951
30,Ramal de Nazaré,10293,2928703,1953
30,Ramal de Nazaré,10293,2928703,1955
30,Ramal de Nazaré,10293,2928703,1956
30,Ramal de Nazaré,10293,2928703,1957
30,Ramal de Nazaré,10293,2928703,1958
30,Ramal de Nazaré,10293,2928703,1961
30,Ramal de Nazaré,10293,2928703,1962
30,Ramal de Nazaré,10293,2928703,1966
30,Ramal de Nazaré,10293,2928703,1969
30,Ramal de Nazaré,10293,2928703,1972
30,Ramal de Nazaré,10293,2928703,1985
30,Ramal de Nazaré,10293,2928703,1996
30,Ramal de Nazaré,10293,2928703,2003
7,E.F. Central da Bahia,10297,2929008,1881
7,E.F. Central da Bahia,10297,2929008,1882
7,E.F. Central da Bahia,10297,2929008,1883
7,E.F. Central da Bahia,10297,2929008,1884
7,E.F. Central da Bahia,10297,2929008,1885
7,E.F. Central da Bahia,10297,2929008,1886
7,E.F. Central da Bahia,10297,2929008,1887
7,E.F. Central da Bahia,10297,2929008,1888
7,E.F. Central da Bahia,10297,2929008,1891
7,E.F. Central da Bahia,10297,2929008,1892
7,E.F. Central da Bahia,10297,2929008,1894
7,E.F. Central da Bahia,10297,2929008,1895
7,E.F. Central da Bahia,10297,2929008,1896
7,E.F. Central da Bahia,10297,2929008,1900
7,E.F. Central da Bahia,10297,2929008,1901
7,E.F. Central da Bahia,10297,2929008,1902
7,E.F. Central da Bahia,10297,2929008,1904
7,E.F. Central da Bahia,10297,2929008,1905
7,E.F. Central da Bahia,10297,2929008,1906
7,E.F. Central da Bahia,10297,2929008,1907
7,E.F. Central da Bahia,10297,2929008,1908
7,E.F. Central da Bahia,10297,2929008,1910
7,E.F. Central da Bahia,10297,2929008,1911
7,E.F. Central da Bahia,10297,2929008,1912
7,E.F. Central da Bahia,10297,2929008,1913
7,E.F. Central da Bahia,10297,2929008,1914
7,E.F. Central da Bahia,10297,2929008,1915
7,E.F. Central da Bahia,10297,2929008,1916
7,E.F. Central da Bahia,10297,2929008,1917
7,E.F. Central da Bahia,10297,2929008,1918
7,E.F. Central da Bahia,10297,2929008,1919
7,E.F. Central da Bahia,10297,2929008,1920
7,E.F. Central da Bahia,10297,2929008,1921
7,E.F. Central da Bahia,10297,2929008,1922
7,E.F. Central da Bahia,10297,2929008,1923
69,E.F. de Santo Amaro (Recôncavo),10297,2929008,1923
7,E.F. Central da Bahia,10297,2929008,1924
69,E.F. de Santo Amaro (Recôncavo),10297,2929008,1924
7,E.F. Central da Bahia,10297,2929008,1925
69,E.F. de Santo Amaro (Recôncavo),10297,2929008,1925
7,E.F. Central da Bahia,10297,2929008,1926
69,E.F. de Santo Amaro (Recôncavo),10297,2929008,1926
7,E.F. Central da Bahia,10297,2929008,1927
69,E.F. de Santo Amaro (Recôncavo),10297,2929008,1927
7,E.F. Central da Bahia,10297,2929008,1929
69,E.F. de Santo Amaro (Recôncavo),10297,2929008,1929
7,E.F. Central da Bahia,10297,2929008,1931
69,E.F. de Santo Amaro (Recôncavo),10297,2929008,1931
7,E.F. Central da Bahia,10297,2929008,1932
69,E.F. de Santo Amaro (Recôncavo),10297,2929008,1932
7,E.F. Central da Bahia,10297,2929008,1933
69,E.F. de Santo Amaro (Recôncavo),10297,2929008,1933
7,E.F. Central da Bahia,10297,2929008,1934
69,E.F. de Santo Amaro (Recôncavo),10297,2929008,1934
7,E.F. Central da Bahia,10297,2929008,1936
69,E.F. de Santo Amaro (Recôncavo),10297,2929008,1936
7,E.F. Central da Bahia,10297,2929008,1937
69,E.F. de Santo Amaro (Recôncavo),10297,2929008,1937
7,E.F. Central da Bahia,10297,2929008,1940
69,E.F. de Santo Amaro (Recôncavo),10297,2929008,1940
7,E.F. Central da Bahia,10297,2929008,1941
69,E.F. de Santo Amaro (Recôncavo),10297,2929008,1941
7,E.F. Central da Bahia,10297,2929008,1944
69,E.F. de Santo Amaro (Recôncavo),10297,2929008,1944
7,E.F. Central da Bahia,10297,2929008,1947
69,E.F. de Santo Amaro (Recôncavo),10297,2929008,1947
7,E.F. Central da Bahia,10297,2929008,1948
69,E.F. de Santo Amaro (Recôncavo),10297,2929008,1948
7,E.F. Central da Bahia,10297,2929008,1949
69,E.F. de Santo Amaro (Recôncavo),10297,2929008,1949
7,E.F. Central da Bahia,10297,2929008,1950
69,E.F. de Santo Amaro (Recôncavo),10297,2929008,1950
7,E.F. Central da Bahia,10297,2929008,1951
69,E.F. de Santo Amaro (Recôncavo),10297,2929008,1951
7,E.F. Central da Bahia,10297,2929008,1953
69,E.F. de Santo Amaro (Recôncavo),10297,2929008,1953
7,E.F. Central da Bahia,10297,2929008,1955
69,E.F. de Santo Amaro (Recôncavo),10297,2929008,1955
7,E.F. Central da Bahia,10297,2929008,1956
69,E.F. de Santo Amaro (Recôncavo),10297,2929008,1956
7,E.F. Central da Bahia,10297,2929008,1957
69,E.F. de Santo Amaro (Recôncavo),10297,2929008,1957
7,E.F. Central da Bahia,10297,2929008,1958
69,E.F. de Santo Amaro (Recôncavo),10297,2929008,1958
7,E.F. Central da Bahia,10297,2929008,1961
69,E.F. de Santo Amaro (Recôncavo),10297,2929008,1961
7,E.F. Central da Bahia,10297,2929008,1962
69,E.F. de Santo Amaro (Recôncavo),10297,2929008,1962
7,E.F. Central da Bahia,10297,2929008,1966
69,E.F. de Santo Amaro (Recôncavo),10297,2929008,1966
7,E.F. Central da Bahia,10297,2929008,1969
69,E.F. de Santo Amaro (Recôncavo),10297,2929008,1969
7,E.F. Central da Bahia,10297,2929008,1972
69,E.F. de Santo Amaro (Recôncavo),10297,2929008,1972
7,E.F. Central da Bahia,10297,2929008,1985
69,E.F. de Santo Amaro (Recôncavo),10297,2929008,1985
7,E.F. Central da Bahia,10297,2929008,1996
69,E.F. de Santo Amaro (Recôncavo),10297,2929008,1996
7,E.F. Central da Bahia,10297,2929008,2003
69,E.F. de Santo Amaro (Recôncavo),10297,2929008,2003
69,E.F. de Santo Amaro (Recôncavo),10299,2929206,1910
69,E.F. de Santo Amaro (Recôncavo),10299,2929206,1911
28,E.F. Leste Brasileiro (BA),10299,2929206,1912
69,E.F. de Santo Amaro (Recôncavo),10299,2929206,1912
28,E.F. Leste Brasileiro (BA),10299,2929206,1913
69,E.F. de Santo Amaro (Recôncavo),10299,2929206,1913
28,E.F. Leste Brasileiro (BA),10299,2929206,1914
69,E.F. de Santo Amaro (Recôncavo),10299,2929206,1914
28,E.F. Leste Brasileiro (BA),10299,2929206,1915
69,E.F. de Santo Amaro (Recôncavo),10299,2929206,1915
28,E.F. Leste Brasileiro (BA),10299,2929206,1916
69,E.F. de Santo Amaro (Recôncavo),10299,2929206,1916
28,E.F. Leste Brasileiro (BA),10299,2929206,1917
69,E.F. de Santo Amaro (Recôncavo),10299,2929206,1917
28,E.F. Leste Brasileiro (BA),10299,2929206,1918
69,E.F. de Santo Amaro (Recôncavo),10299,2929206,1918
28,E.F. Leste Brasileiro (BA),10299,2929206,1919
69,E.F. de Santo Amaro (Recôncavo),10299,2929206,1919
28,E.F. Leste Brasileiro (BA),10299,2929206,1920
69,E.F. de Santo Amaro (Recôncavo),10299,2929206,1920
28,E.F. Leste Brasileiro (BA),10299,2929206,1921
69,E.F. de Santo Amaro (Recôncavo),10299,2929206,1921
28,E.F. Leste Brasileiro (BA),10299,2929206,1922
69,E.F. de Santo Amaro (Recôncavo),10299,2929206,1922
28,E.F. Leste Brasileiro (BA),10299,2929206,1923
69,E.F. de Santo Amaro (Recôncavo),10299,2929206,1923
28,E.F. Leste Brasileiro (BA),10299,2929206,1924
69,E.F. de Santo Amaro (Recôncavo),10299,2929206,1924
28,E.F. Leste Brasileiro (BA),10299,2929206,1925
69,E.F. de Santo Amaro (Recôncavo),10299,2929206,1925
28,E.F. Leste Brasileiro (BA),10299,2929206,1926
69,E.F. de Santo Amaro (Recôncavo),10299,2929206,1926
28,E.F. Leste Brasileiro (BA),10299,2929206,1927
69,E.F. de Santo Amaro (Recôncavo),10299,2929206,1927
28,E.F. Leste Brasileiro (BA),10299,2929206,1929
69,E.F. de Santo Amaro (Recôncavo),10299,2929206,1929
28,E.F. Leste Brasileiro (BA),10299,2929206,1931
69,E.F. de Santo Amaro (Recôncavo),10299,2929206,1931
28,E.F. Leste Brasileiro (BA),10299,2929206,1932
69,E.F. de Santo Amaro (Recôncavo),10299,2929206,1932
28,E.F. Leste Brasileiro (BA),10299,2929206,1933
69,E.F. de Santo Amaro (Recôncavo),10299,2929206,1933
28,E.F. Leste Brasileiro (BA),10299,2929206,1934
69,E.F. de Santo Amaro (Recôncavo),10299,2929206,1934
28,E.F. Leste Brasileiro (BA),10299,2929206,1936
69,E.F. de Santo Amaro (Recôncavo),10299,2929206,1936
28,E.F. Leste Brasileiro (BA),10299,2929206,1937
69,E.F. de Santo Amaro (Recôncavo),10299,2929206,1937
28,E.F. Leste Brasileiro (BA),10299,2929206,1940
69,E.F. de Santo Amaro (Recôncavo),10299,2929206,1940
28,E.F. Leste Brasileiro (BA),10299,2929206,1941
69,E.F. de Santo Amaro (Recôncavo),10299,2929206,1941
28,E.F. Leste Brasileiro (BA),10299,2929206,1944
69,E.F. de Santo Amaro (Recôncavo),10299,2929206,1944
28,E.F. Leste Brasileiro (BA),10299,2929206,1947
69,E.F. de Santo Amaro (Recôncavo),10299,2929206,1947
28,E.F. Leste Brasileiro (BA),10299,2929206,1948
69,E.F. de Santo Amaro (Recôncavo),10299,2929206,1948
28,E.F. Leste Brasileiro (BA),10299,2929206,1949
69,E.F. de Santo Amaro (Recôncavo),10299,2929206,1949
28,E.F. Leste Brasileiro (BA),10299,2929206,1950
69,E.F. de Santo Amaro (Recôncavo),10299,2929206,1950
28,E.F. Leste Brasileiro (BA),10299,2929206,1951
69,E.F. de Santo Amaro (Recôncavo),10299,2929206,1951
28,E.F. Leste Brasileiro (BA),10299,2929206,1953
69,E.F. de Santo Amaro (Recôncavo),10299,2929206,1953
28,E.F. Leste Brasileiro (BA),10299,2929206,1955
69,E.F. de Santo Amaro (Recôncavo),10299,2929206,1955
28,E.F. Leste Brasileiro (BA),10299,2929206,1956
69,E.F. de Santo Amaro (Recôncavo),10299,2929206,1956
28,E.F. Leste Brasileiro (BA),10299,2929206,1957
69,E.F. de Santo Amaro (Recôncavo),10299,2929206,1957
28,E.F. Leste Brasileiro (BA),10299,2929206,1958
69,E.F. de Santo Amaro (Recôncavo),10299,2929206,1958
28,E.F. Leste Brasileiro (BA),10299,2929206,1961
69,E.F. de Santo Amaro (Recôncavo),10299,2929206,1961
28,E.F. Leste Brasileiro (BA),10299,2929206,1962
69,E.F. de Santo Amaro (Recôncavo),10299,2929206,1962
28,E.F. Leste Brasileiro (BA),10299,2929206,1966
69,E.F. de Santo Amaro (Recôncavo),10299,2929206,1966
28,E.F. Leste Brasileiro (BA),10299,2929206,1969
69,E.F. de Santo Amaro (Recôncavo),10299,2929206,1969
28,E.F. Leste Brasileiro (BA),10299,2929206,1972
69,E.F. de Santo Amaro (Recôncavo),10299,2929206,1972
28,E.F. Leste Brasileiro (BA),10299,2929206,1985
69,E.F. de Santo Amaro (Recôncavo),10299,2929206,1985
28,E.F. Leste Brasileiro (BA),10299,2929206,1996
69,E.F. de Santo Amaro (Recôncavo),10299,2929206,1996
28,E.F. Leste Brasileiro (BA),10299,2929206,2003
69,E.F. de Santo Amaro (Recôncavo),10299,2929206,2003
29,Ramal de Jequié,10301,2929404,1908
28,E.F. Leste Brasileiro (BA),10302,2929503,1905
28,E.F. Leste Brasileiro (BA),10302,2929503,1906
69,E.F. de Santo Amaro (Recôncavo),10302,2929503,1906
28,E.F. Leste Brasileiro (BA),10302,2929503,1907
69,E.F. de Santo Amaro (Recôncavo),10302,2929503,1907
28,E.F. Leste Brasileiro (BA),10302,2929503,1908
69,E.F. de Santo Amaro (Recôncavo),10302,2929503,1908
28,E.F. Leste Brasileiro (BA),10302,2929503,1910
69,E.F. de Santo Amaro (Recôncavo),10302,2929503,1910
28,E.F. Leste Brasileiro (BA),10302,2929503,1911
69,E.F. de Santo Amaro (Recôncavo),10302,2929503,1911
28,E.F. Leste Brasileiro (BA),10302,2929503,1912
69,E.F. de Santo Amaro (Recôncavo),10302,2929503,1912
28,E.F. Leste Brasileiro (BA),10302,2929503,1913
69,E.F. de Santo Amaro (Recôncavo),10302,2929503,1913
28,E.F. Leste Brasileiro (BA),10302,2929503,1914
69,E.F. de Santo Amaro (Recôncavo),10302,2929503,1914
28,E.F. Leste Brasileiro (BA),10302,2929503,1915
69,E.F. de Santo Amaro (Recôncavo),10302,2929503,1915
28,E.F. Leste Brasileiro (BA),10302,2929503,1916
69,E.F. de Santo Amaro (Recôncavo),10302,2929503,1916
28,E.F. Leste Brasileiro (BA),10302,2929503,1917
69,E.F. de Santo Amaro (Recôncavo),10302,2929503,1917
28,E.F. Leste Brasileiro (BA),10302,2929503,1918
69,E.F. de Santo Amaro (Recôncavo),10302,2929503,1918
28,E.F. Leste Brasileiro (BA),10302,2929503,1919
69,E.F. de Santo Amaro (Recôncavo),10302,2929503,1919
28,E.F. Leste Brasileiro (BA),10302,2929503,1920
69,E.F. de Santo Amaro (Recôncavo),10302,2929503,1920
28,E.F. Leste Brasileiro (BA),10302,2929503,1921
69,E.F. de Santo Amaro (Recôncavo),10302,2929503,1921
28,E.F. Leste Brasileiro (BA),10302,2929503,1922
69,E.F. de Santo Amaro (Recôncavo),10302,2929503,1922
28,E.F. Leste Brasileiro (BA),10302,2929503,1923
69,E.F. de Santo Amaro (Recôncavo),10302,2929503,1923
28,E.F. Leste Brasileiro (BA),10302,2929503,1924
69,E.F. de Santo Amaro (Recôncavo),10302,2929503,1924
28,E.F. Leste Brasileiro (BA),10302,2929503,1925
69,E.F. de Santo Amaro (Recôncavo),10302,2929503,1925
28,E.F. Leste Brasileiro (BA),10302,2929503,1926
69,E.F. de Santo Amaro (Recôncavo),10302,2929503,1926
28,E.F. Leste Brasileiro (BA),10302,2929503,1927
69,E.F. de Santo Amaro (Recôncavo),10302,2929503,1927
28,E.F. Leste Brasileiro (BA),10302,2929503,1929
69,E.F. de Santo Amaro (Recôncavo),10302,2929503,1929
28,E.F. Leste Brasileiro (BA),10302,2929503,1931
69,E.F. de Santo Amaro (Recôncavo),10302,2929503,1931
28,E.F. Leste Brasileiro (BA),10302,2929503,1932
69,E.F. de Santo Amaro (Recôncavo),10302,2929503,1932
28,E.F. Leste Brasileiro (BA),10302,2929503,1933
69,E.F. de Santo Amaro (Recôncavo),10302,2929503,1933
28,E.F. Leste Brasileiro (BA),10302,2929503,1934
69,E.F. de Santo Amaro (Recôncavo),10302,2929503,1934
28,E.F. Leste Brasileiro (BA),10302,2929503,1936
69,E.F. de Santo Amaro (Recôncavo),10302,2929503,1936
28,E.F. Leste Brasileiro (BA),10302,2929503,1937
69,E.F. de Santo Amaro (Recôncavo),10302,2929503,1937
28,E.F. Leste Brasileiro (BA),10302,2929503,1940
69,E.F. de Santo Amaro (Recôncavo),10302,2929503,1940
28,E.F. Leste Brasileiro (BA),10302,2929503,1941
69,E.F. de Santo Amaro (Recôncavo),10302,2929503,1941
28,E.F. Leste Brasileiro (BA),10302,2929503,1944
69,E.F. de Santo Amaro (Recôncavo),10302,2929503,1944
28,E.F. Leste Brasileiro (BA),10302,2929503,1947
69,E.F. de Santo Amaro (Recôncavo),10302,2929503,1947
28,E.F. Leste Brasileiro (BA),10302,2929503,1948
69,E.F. de Santo Amaro (Recôncavo),10302,2929503,1948
28,E.F. Leste Brasileiro (BA),10302,2929503,1949
69,E.F. de Santo Amaro (Recôncavo),10302,2929503,1949
28,E.F. Leste Brasileiro (BA),10302,2929503,1950
69,E.F. de Santo Amaro (Recôncavo),10302,2929503,1950
28,E.F. Leste Brasileiro (BA),10302,2929503,1951
69,E.F. de Santo Amaro (Recôncavo),10302,2929503,1951
28,E.F. Leste Brasileiro (BA),10302,2929503,1953
69,E.F. de Santo Amaro (Recôncavo),10302,2929503,1953
28,E.F. Leste Brasileiro (BA),10302,2929503,1955
69,E.F. de Santo Amaro (Recôncavo),10302,2929503,1955
28,E.F. Leste Brasileiro (BA),10302,2929503,1956
69,E.F. de Santo Amaro (Recôncavo),10302,2929503,1956
28,E.F. Leste Brasileiro (BA),10302,2929503,1957
69,E.F. de Santo Amaro (Recôncavo),10302,2929503,1957
28,E.F. Leste Brasileiro (BA),10302,2929503,1958
69,E.F. de Santo Amaro (Recôncavo),10302,2929503,1958
28,E.F. Leste Brasileiro (BA),10302,2929503,1961
69,E.F. de Santo Amaro (Recôncavo),10302,2929503,1961
28,E.F. Leste Brasileiro (BA),10302,2929503,1962
69,E.F. de Santo Amaro (Recôncavo),10302,2929503,1962
28,E.F. Leste Brasileiro (BA),10302,2929503,1966
69,E.F. de Santo Amaro (Recôncavo),10302,2929503,1966
28,E.F. Leste Brasileiro (BA),10302,2929503,1969
69,E.F. de Santo Amaro (Recôncavo),10302,2929503,1969
28,E.F. Leste Brasileiro (BA),10302,2929503,1972
69,E.F. de Santo Amaro (Recôncavo),10302,2929503,1972
28,E.F. Leste Brasileiro (BA),10302,2929503,1985
69,E.F. de Santo Amaro (Recôncavo),10302,2929503,1985
28,E.F. Leste Brasileiro (BA),10302,2929503,1996
69,E.F. de Santo Amaro (Recôncavo),10302,2929503,1996
28,E.F. Leste Brasileiro (BA),10302,2929503,2003
69,E.F. de Santo Amaro (Recôncavo),10302,2929503,2003
29,Ramal de Jequié,10303,2929602,1881
29,Ramal de Jequié,10303,2929602,1882
29,Ramal de Jequié,10303,2929602,1883
29,Ramal de Jequié,10303,2929602,1884
29,Ramal de Jequié,10303,2929602,1885
29,Ramal de Jequié,10303,2929602,1886
29,Ramal de Jequié,10303,2929602,1887
29,Ramal de Jequié,10303,2929602,1888
29,Ramal de Jequié,10303,2929602,1891
29,Ramal de Jequié,10303,2929602,1892
29,Ramal de Jequié,10303,2929602,1894
29,Ramal de Jequié,10303,2929602,1895
29,Ramal de Jequié,10303,2929602,1896
29,Ramal de Jequié,10303,2929602,1900
29,Ramal de Jequié,10303,2929602,1901
29,Ramal de Jequié,10303,2929602,1902
29,Ramal de Jequié,10303,2929602,1904
29,Ramal de Jequié,10303,2929602,1905
29,Ramal de Jequié,10303,2929602,1906
29,Ramal de Jequié,10303,2929602,1907
29,Ramal de Jequié,10303,2929602,1908
29,Ramal de Jequié,10303,2929602,1910
29,Ramal de Jequié,10303,2929602,1911
29,Ramal de Jequié,10303,2929602,1912
29,Ramal de Jequié,10303,2929602,1913
29,Ramal de Jequié,10303,2929602,1914
29,Ramal de Jequié,10303,2929602,1915
29,Ramal de Jequié,10303,2929602,1916
29,Ramal de Jequié,10303,2929602,1917
29,Ramal de Jequié,10303,2929602,1918
29,Ramal de Jequié,10303,2929602,1919
29,Ramal de Jequié,10303,2929602,1920
29,Ramal de Jequié,10303,2929602,1921
29,Ramal de Jequié,10303,2929602,1922
29,Ramal de Jequié,10303,2929602,1923
29,Ramal de Jequié,10303,2929602,1924
29,Ramal de Jequié,10303,2929602,1925
29,Ramal de Jequié,10303,2929602,1926
29,Ramal de Jequié,10303,2929602,1927
29,Ramal de Jequié,10303,2929602,1929
29,Ramal de Jequié,10303,2929602,1931
29,Ramal de Jequié,10303,2929602,1932
29,Ramal de Jequié,10303,2929602,1933
29,Ramal de Jequié,10303,2929602,1934
29,Ramal de Jequié,10303,2929602,1936
29,Ramal de Jequié,10303,2929602,1937
29,Ramal de Jequié,10303,2929602,1940
29,Ramal de Jequié,10303,2929602,1941
29,Ramal de Jequié,10303,2929602,1944
29,Ramal de Jequié,10303,2929602,1947
29,Ramal de Jequié,10303,2929602,1948
29,Ramal de Jequié,10303,2929602,1949
29,Ramal de Jequié,10303,2929602,1950
29,Ramal de Jequié,10303,2929602,1951
26,E.F. Bahia ao São Francisco,10312,2930709,1860
26,E.F. Bahia ao São Francisco,10312,2930709,1862
26,E.F. Bahia ao São Francisco,10312,2930709,1863
26,E.F. Bahia ao São Francisco,10312,2930709,1873
26,E.F. Bahia ao São Francisco,10312,2930709,1875
26,E.F. Bahia ao São Francisco,10312,2930709,1876
26,E.F. Bahia ao São Francisco,10312,2930709,1880
26,E.F. Bahia ao São Francisco,10312,2930709,1881
26,E.F. Bahia ao São Francisco,10312,2930709,1882
26,E.F. Bahia ao São Francisco,10312,2930709,1883
26,E.F. Bahia ao São Francisco,10312,2930709,1884
26,E.F. Bahia ao São Francisco,10312,2930709,1885
26,E.F. Bahia ao São Francisco,10312,2930709,1886
26,E.F. Bahia ao São Francisco,10312,2930709,1887
26,E.F. Bahia ao São Francisco,10312,2930709,1888
26,E.F. Bahia ao São Francisco,10312,2930709,1891
26,E.F. Bahia ao São Francisco,10312,2930709,1892
26,E.F. Bahia ao São Francisco,10312,2930709,1894
26,E.F. Bahia ao São Francisco,10312,2930709,1895
26,E.F. Bahia ao São Francisco,10312,2930709,1896
26,E.F. Bahia ao São Francisco,10312,2930709,1900
26,E.F. Bahia ao São Francisco,10312,2930709,1901
26,E.F. Bahia ao São Francisco,10312,2930709,1902
26,E.F. Bahia ao São Francisco,10312,2930709,1904
26,E.F. Bahia ao São Francisco,10312,2930709,1905
28,E.F. Leste Brasileiro (BA),10312,2930709,1905
26,E.F. Bahia ao São Francisco,10312,2930709,1906
28,E.F. Leste Brasileiro (BA),10312,2930709,1906
26,E.F. Bahia ao São Francisco,10312,2930709,1907
28,E.F. Leste Brasileiro (BA),10312,2930709,1907
26,E.F. Bahia ao São Francisco,10312,2930709,1908
28,E.F. Leste Brasileiro (BA),10312,2930709,1908
26,E.F. Bahia ao São Francisco,10312,2930709,1910
28,E.F. Leste Brasileiro (BA),10312,2930709,1910
26,E.F. Bahia ao São Francisco,10312,2930709,1911
28,E.F. Leste Brasileiro (BA),10312,2930709,1911
26,E.F. Bahia ao São Francisco,10312,2930709,1912
28,E.F. Leste Brasileiro (BA),10312,2930709,1912
26,E.F. Bahia ao São Francisco,10312,2930709,1913
28,E.F. Leste Brasileiro (BA),10312,2930709,1913
26,E.F. Bahia ao São Francisco,10312,2930709,1914
28,E.F. Leste Brasileiro (BA),10312,2930709,1914
26,E.F. Bahia ao São Francisco,10312,2930709,1915
28,E.F. Leste Brasileiro (BA),10312,2930709,1915
26,E.F. Bahia ao São Francisco,10312,2930709,1916
28,E.F. Leste Brasileiro (BA),10312,2930709,1916
26,E.F. Bahia ao São Francisco,10312,2930709,1917
28,E.F. Leste Brasileiro (BA),10312,2930709,1917
26,E.F. Bahia ao São Francisco,10312,2930709,1918
28,E.F. Leste Brasileiro (BA),10312,2930709,1918
26,E.F. Bahia ao São Francisco,10312,2930709,1919
28,E.F. Leste Brasileiro (BA),10312,2930709,1919
26,E.F. Bahia ao São Francisco,10312,2930709,1920
28,E.F. Leste Brasileiro (BA),10312,2930709,1920
26,E.F. Bahia ao São Francisco,10312,2930709,1921
28,E.F. Leste Brasileiro (BA),10312,2930709,1921
26,E.F. Bahia ao São Francisco,10312,2930709,1922
28,E.F. Leste Brasileiro (BA),10312,2930709,1922
26,E.F. Bahia ao São Francisco,10312,2930709,1923
28,E.F. Leste Brasileiro (BA),10312,2930709,1923
26,E.F. Bahia ao São Francisco,10312,2930709,1924
28,E.F. Leste Brasileiro (BA),10312,2930709,1924
26,E.F. Bahia ao São Francisco,10312,2930709,1925
28,E.F. Leste Brasileiro (BA),10312,2930709,1925
26,E.F. Bahia ao São Francisco,10312,2930709,1926
28,E.F. Leste Brasileiro (BA),10312,2930709,1926
26,E.F. Bahia ao São Francisco,10312,2930709,1927
28,E.F. Leste Brasileiro (BA),10312,2930709,1927
26,E.F. Bahia ao São Francisco,10312,2930709,1929
28,E.F. Leste Brasileiro (BA),10312,2930709,1929
26,E.F. Bahia ao São Francisco,10312,2930709,1931
28,E.F. Leste Brasileiro (BA),10312,2930709,1931
26,E.F. Bahia ao São Francisco,10312,2930709,1932
28,E.F. Leste Brasileiro (BA),10312,2930709,1932
26,E.F. Bahia ao São Francisco,10312,2930709,1933
28,E.F. Leste Brasileiro (BA),10312,2930709,1933
26,E.F. Bahia ao São Francisco,10312,2930709,1934
28,E.F. Leste Brasileiro (BA),10312,2930709,1934
26,E.F. Bahia ao São Francisco,10312,2930709,1936
28,E.F. Leste Brasileiro (BA),10312,2930709,1936
26,E.F. Bahia ao São Francisco,10312,2930709,1937
28,E.F. Leste Brasileiro (BA),10312,2930709,1937
26,E.F. Bahia ao São Francisco,10312,2930709,1940
28,E.F. Leste Brasileiro (BA),10312,2930709,1940
26,E.F. Bahia ao São Francisco,10312,2930709,1941
28,E.F. Leste Brasileiro (BA),10312,2930709,1941
26,E.F. Bahia ao São Francisco,10312,2930709,1944
28,E.F. Leste Brasileiro (BA),10312,2930709,1944
26,E.F. Bahia ao São Francisco,10312,2930709,1947
28,E.F. Leste Brasileiro (BA),10312,2930709,1947
26,E.F. Bahia ao São Francisco,10312,2930709,1948
28,E.F. Leste Brasileiro (BA),10312,2930709,1948
26,E.F. Bahia ao São Francisco,10312,2930709,1949
28,E.F. Leste Brasileiro (BA),10312,2930709,1949
26,E.F. Bahia ao São Francisco,10312,2930709,1950
28,E.F. Leste Brasileiro (BA),10312,2930709,1950
26,E.F. Bahia ao São Francisco,10312,2930709,1951
28,E.F. Leste Brasileiro (BA),10312,2930709,1951
26,E.F. Bahia ao São Francisco,10312,2930709,1953
28,E.F. Leste Brasileiro (BA),10312,2930709,1953
26,E.F. Bahia ao São Francisco,10312,2930709,1955
28,E.F. Leste Brasileiro (BA),10312,2930709,1955
26,E.F. Bahia ao São Francisco,10312,2930709,1956
28,E.F. Leste Brasileiro (BA),10312,2930709,1956
26,E.F. Bahia ao São Francisco,10312,2930709,1957
28,E.F. Leste Brasileiro (BA),10312,2930709,1957
26,E.F. Bahia ao São Francisco,10312,2930709,1958
28,E.F. Leste Brasileiro (BA),10312,2930709,1958
26,E.F. Bahia ao São Francisco,10312,2930709,1961
28,E.F. Leste Brasileiro (BA),10312,2930709,1961
26,E.F. Bahia ao São Francisco,10312,2930709,1962
28,E.F. Leste Brasileiro (BA),10312,2930709,1962
26,E.F. Bahia ao São Francisco,10312,2930709,1966
28,E.F. Leste Brasileiro (BA),10312,2930709,1966
26,E.F. Bahia ao São Francisco,10312,2930709,1969
28,E.F. Leste Brasileiro (BA),10312,2930709,1969
26,E.F. Bahia ao São Francisco,10312,2930709,1972
28,E.F. Leste Brasileiro (BA),10312,2930709,1972
26,E.F. Bahia ao São Francisco,10312,2930709,1985
28,E.F. Leste Brasileiro (BA),10312,2930709,1985
26,E.F. Bahia ao São Francisco,10312,2930709,1996
28,E.F. Leste Brasileiro (BA),10312,2930709,1996
26,E.F. Bahia ao São Francisco,10312,2930709,2003
28,E.F. Leste Brasileiro (BA),10312,2930709,2003
69,E.F. de Santo Amaro (Recôncavo),10319,2931400,1892
69,E.F. de Santo Amaro (Recôncavo),10319,2931400,1894
69,E.F. de Santo Amaro (Recôncavo),10319,2931400,1895
69,E.F. de Santo Amaro (Recôncavo),10319,2931400,1896
69,E.F. de Santo Amaro (Recôncavo),10319,2931400,1900
69,E.F. de Santo Amaro (Recôncavo),10319,2931400,1901
69,E.F. de Santo Amaro (Recôncavo),10319,2931400,1902
69,E.F. de Santo Amaro (Recôncavo),10319,2931400,1904
69,E.F. de Santo Amaro (Recôncavo),10319,2931400,1905
69,E.F. de Santo Amaro (Recôncavo),10319,2931400,1906
69,E.F. de Santo Amaro (Recôncavo),10319,2931400,1907
69,E.F. de Santo Amaro (Recôncavo),10319,2931400,1908
69,E.F. de Santo Amaro (Recôncavo),10319,2931400,1910
69,E.F. de Santo Amaro (Recôncavo),10319,2931400,1911
69,E.F. de Santo Amaro (Recôncavo),10319,2931400,1912
69,E.F. de Santo Amaro (Recôncavo),10319,2931400,1913
69,E.F. de Santo Amaro (Recôncavo),10319,2931400,1914
69,E.F. de Santo Amaro (Recôncavo),10319,2931400,1915
69,E.F. de Santo Amaro (Recôncavo),10319,2931400,1916
69,E.F. de Santo Amaro (Recôncavo),10319,2931400,1917
69,E.F. de Santo Amaro (Recôncavo),10319,2931400,1918
69,E.F. de Santo Amaro (Recôncavo),10319,2931400,1919
69,E.F. de Santo Amaro (Recôncavo),10319,2931400,1920
69,E.F. de Santo Amaro (Recôncavo),10319,2931400,1921
69,E.F. de Santo Amaro (Recôncavo),10319,2931400,1922
69,E.F. de Santo Amaro (Recôncavo),10319,2931400,1923
69,E.F. de Santo Amaro (Recôncavo),10319,2931400,1924
69,E.F. de Santo Amaro (Recôncavo),10319,2931400,1925
69,E.F. de Santo Amaro (Recôncavo),10319,2931400,1926
69,E.F. de Santo Amaro (Recôncavo),10319,2931400,1927
69,E.F. de Santo Amaro (Recôncavo),10319,2931400,1929
69,E.F. de Santo Amaro (Recôncavo),10319,2931400,1931
69,E.F. de Santo Amaro (Recôncavo),10319,2931400,1932
69,E.F. de Santo Amaro (Recôncavo),10319,2931400,1933
69,E.F. de Santo Amaro (Recôncavo),10319,2931400,1934
69,E.F. de Santo Amaro (Recôncavo),10319,2931400,1936
69,E.F. de Santo Amaro (Recôncavo),10319,2931400,1937
69,E.F. de Santo Amaro (Recôncavo),10319,2931400,1940
69,E.F. de Santo Amaro (Recôncavo),10319,2931400,1941
69,E.F. de Santo Amaro (Recôncavo),10319,2931400,1944
69,E.F. de Santo Amaro (Recôncavo),10319,2931400,1947
69,E.F. de Santo Amaro (Recôncavo),10319,2931400,1948
69,E.F. de Santo Amaro (Recôncavo),10319,2931400,1949
69,E.F. de Santo Amaro (Recôncavo),10319,2931400,1950
69,E.F. de Santo Amaro (Recôncavo),10319,2931400,1951
69,E.F. de Santo Amaro (Recôncavo),10319,2931400,1953
69,E.F. de Santo Amaro (Recôncavo),10319,2931400,1955
69,E.F. de Santo Amaro (Recôncavo),10319,2931400,1956
69,E.F. de Santo Amaro (Recôncavo),10319,2931400,1957
69,E.F. de Santo Amaro (Recôncavo),10319,2931400,1958
69,E.F. de Santo Amaro (Recôncavo),10319,2931400,1961
69,E.F. de Santo Amaro (Recôncavo),10319,2931400,1962
69,E.F. de Santo Amaro (Recôncavo),10319,2931400,1966
69,E.F. de Santo Amaro (Recôncavo),10319,2931400,1969
69,E.F. de Santo Amaro (Recôncavo),10319,2931400,1972
69,E.F. de Santo Amaro (Recôncavo),10319,2931400,1985
69,E.F. de Santo Amaro (Recôncavo),10319,2931400,1996
69,E.F. de Santo Amaro (Recôncavo),10319,2931400,2003
69,E.F. de Santo Amaro (Recôncavo),10322,2931707,1883
69,E.F. de Santo Amaro (Recôncavo),10322,2931707,1884
69,E.F. de Santo Amaro (Recôncavo),10322,2931707,1885
69,E.F. de Santo Amaro (Recôncavo),10322,2931707,1886
69,E.F. de Santo Amaro (Recôncavo),10322,2931707,1887
69,E.F. de Santo Amaro (Recôncavo),10322,2931707,1888
69,E.F. de Santo Amaro (Recôncavo),10322,2931707,1891
69,E.F. de Santo Amaro (Recôncavo),10322,2931707,1902
69,E.F. de Santo Amaro (Recôncavo),10322,2931707,1904
69,E.F. de Santo Amaro (Recôncavo),10322,2931707,1905
69,E.F. de Santo Amaro (Recôncavo),10322,2931707,1906
69,E.F. de Santo Amaro (Recôncavo),10322,2931707,1907
69,E.F. de Santo Amaro (Recôncavo),10322,2931707,1908
69,E.F. de Santo Amaro (Recôncavo),10322,2931707,1910
69,E.F. de Santo Amaro (Recôncavo),10322,2931707,1911
69,E.F. de Santo Amaro (Recôncavo),10322,2931707,1912
69,E.F. de Santo Amaro (Recôncavo),10322,2931707,1913
69,E.F. de Santo Amaro (Recôncavo),10322,2931707,1914
69,E.F. de Santo Amaro (Recôncavo),10322,2931707,1915
69,E.F. de Santo Amaro (Recôncavo),10322,2931707,1916
69,E.F. de Santo Amaro (Recôncavo),10322,2931707,1917
69,E.F. de Santo Amaro (Recôncavo),10322,2931707,1918
69,E.F. de Santo Amaro (Recôncavo),10322,2931707,1919
69,E.F. de Santo Amaro (Recôncavo),10322,2931707,1920
69,E.F. de Santo Amaro (Recôncavo),10322,2931707,1921
69,E.F. de Santo Amaro (Recôncavo),10322,2931707,1922
69,E.F. de Santo Amaro (Recôncavo),10322,2931707,1923
69,E.F. de Santo Amaro (Recôncavo),10322,2931707,1924
69,E.F. de Santo Amaro (Recôncavo),10322,2931707,1925
69,E.F. de Santo Amaro (Recôncavo),10322,2931707,1926
69,E.F. de Santo Amaro (Recôncavo),10322,2931707,1927
69,E.F. de Santo Amaro (Recôncavo),10322,2931707,1929
69,E.F. de Santo Amaro (Recôncavo),10322,2931707,1931
69,E.F. de Santo Amaro (Recôncavo),10322,2931707,1932
69,E.F. de Santo Amaro (Recôncavo),10322,2931707,1933
69,E.F. de Santo Amaro (Recôncavo),10322,2931707,1934
69,E.F. de Santo Amaro (Recôncavo),10322,2931707,1936
69,E.F. de Santo Amaro (Recôncavo),10322,2931707,1937
69,E.F. de Santo Amaro (Recôncavo),10322,2931707,1940
69,E.F. de Santo Amaro (Recôncavo),10322,2931707,1941
69,E.F. de Santo Amaro (Recôncavo),10322,2931707,1944
69,E.F. de Santo Amaro (Recôncavo),10322,2931707,1947
69,E.F. de Santo Amaro (Recôncavo),10322,2931707,1948
69,E.F. de Santo Amaro (Recôncavo),10322,2931707,1949
69,E.F. de Santo Amaro (Recôncavo),10322,2931707,1950
69,E.F. de Santo Amaro (Recôncavo),10322,2931707,1951
69,E.F. de Santo Amaro (Recôncavo),10322,2931707,1953
69,E.F. de Santo Amaro (Recôncavo),10322,2931707,1955
69,E.F. de Santo Amaro (Recôncavo),10322,2931707,1956
69,E.F. de Santo Amaro (Recôncavo),10322,2931707,1957
69,E.F. de Santo Amaro (Recôncavo),10322,2931707,1958
69,E.F. de Santo Amaro (Recôncavo),10322,2931707,1961
69,E.F. de Santo Amaro (Recôncavo),10322,2931707,1962
69,E.F. de Santo Amaro (Recôncavo),10322,2931707,1966
69,E.F. de Santo Amaro (Recôncavo),10322,2931707,1969
69,E.F. de Santo Amaro (Recôncavo),10322,2931707,1972
69,E.F. de Santo Amaro (Recôncavo),10322,2931707,1985
69,E.F. de Santo Amaro (Recôncavo),10322,2931707,1996
69,E.F. de Santo Amaro (Recôncavo),10322,2931707,2003
29,Ramal de Jequié,10325,2932101,1916
29,Ramal de Jequié,10325,2932101,1917
29,Ramal de Jequié,10325,2932101,1918
29,Ramal de Jequié,10325,2932101,1919
29,Ramal de Jequié,10325,2932101,1920
29,Ramal de Jequié,10325,2932101,1921
27,E.F. Ilhéus-Conquista,10326,2932200,1931
27,E.F. Ilhéus-Conquista,10326,2932200,1932
27,E.F. Ilhéus-Conquista,10326,2932200,1933
27,E.F. Ilhéus-Conquista,10326,2932200,1934
27,E.F. Ilhéus-Conquista,10326,2932200,1936
27,E.F. Ilhéus-Conquista,10326,2932200,1937
27,E.F. Ilhéus-Conquista,10326,2932200,1940
27,E.F. Ilhéus-Conquista,10326,2932200,1941
27,E.F. Ilhéus-Conquista,10326,2932200,1944
27,E.F. Ilhéus-Conquista,10326,2932200,1947
27,E.F. Ilhéus-Conquista,10326,2932200,1948
27,E.F. Ilhéus-Conquista,10326,2932200,1949
27,E.F. Ilhéus-Conquista,10326,2932200,1950
27,E.F. Ilhéus-Conquista,10326,2932200,1951
27,E.F. Ilhéus-Conquista,10326,2932200,1953
27,E.F. Ilhéus-Conquista,10326,2932200,1955
27,E.F. Ilhéus-Conquista,10326,2932200,1956
27,E.F. Ilhéus-Conquista,10326,2932200,1957
27,E.F. Ilhéus-Conquista,10326,2932200,1958
27,E.F. Ilhéus-Conquista,10326,2932200,1961
27,E.F. Ilhéus-Conquista,10326,2932200,1962
27,E.F. Ilhéus-Conquista,10326,2932200,1966
27,E.F. Ilhéus-Conquista,10326,2932200,1969
27,E.F. Ilhéus-Conquista,10326,2932200,1972
27,E.F. Ilhéus-Conquista,10326,2932200,1985
27,E.F. Ilhéus-Conquista,10326,2932200,1996
27,E.F. Ilhéus-Conquista,10326,2932200,2003
27,E.F. Ilhéus-Conquista,10330,2932705,1913
27,E.F. Ilhéus-Conquista,10330,2932705,1914
27,E.F. Ilhéus-Conquista,10330,2932705,1915
27,E.F. Ilhéus-Conquista,10330,2932705,1916
27,E.F. Ilhéus-Conquista,10330,2932705,1917
27,E.F. Ilhéus-Conquista,10330,2932705,1918
27,E.F. Ilhéus-Conquista,10330,2932705,1919
27,E.F. Ilhéus-Conquista,10330,2932705,1920
27,E.F. Ilhéus-Conquista,10330,2932705,1921
27,E.F. Ilhéus-Conquista,10330,2932705,1922
27,E.F. Ilhéus-Conquista,10330,2932705,1923
27,E.F. Ilhéus-Conquista,10330,2932705,1924
27,E.F. Ilhéus-Conquista,10330,2932705,1925
27,E.F. Ilhéus-Conquista,10330,2932705,1926
27,E.F. Ilhéus-Conquista,10330,2932705,1927
27,E.F. Ilhéus-Conquista,10330,2932705,1929
