code_amc,ano,pib_total,pop_total,pib_percapita
3001,1970,257344.4625339231,104638,2459.3786438380234
3001,1980,1635332.719838055,255072,6411.259251654651
3001,1996,1571206.1973156303,453219,3466.7703633687693
3001,2000,2974077.077595125,485334,6127.897649031646
3001,2007,5427084.9201405095,513033,10578.432420800436
3001,2010,4596564.976,559010,8222.688281068316
3002,1970,4657.7844719351,3045,1529.6500728850901
3002,1980,8285.6041099139,3422,2421.2753097352133
3002,1996,7094.1453550381,4565,1554.0296506107559
3002,2000,12244.8680848193,4680,2616.4248044485685
3002,2007,19273.1821906267,5651,3410.5790462974164
3002,2010,24508.857,5905,4150.52616426757
3003,1970,38586.2708327422,39561,975.3613617639139
3003,1980,57640.2320039993,44351,1299.637708371836
3003,1996,55514.6676396257,45208,1227.9832693245821
3003,2000,102512.35883469749,44609,2298.019656004338
3003,2007,136372.5378115937,49484,2755.891557101158
3003,2010,209609.604,54086,3875.487261028732
3004,1970,15090.8079569913,16627,907.6085858538102
3004,1980,30055.8844823505,18509,1623.8524221919336
3004,1996,66632.1693027191,18943,3517.5088055070005
3004,2000,68465.7963237247,21291,3215.7153878974545
3004,2007,70158.9744155842,21349,3286.2885575710434
3004,2010,74901.257,21851,3427.8182691867646
3005,1970,33247.6515141503,16845,1973.7400720777855
3005,1980,41093.3348971316,18994,2163.4903073144997
3005,1996,28820.8051646668,19125,1506.9702046884602
3005,2000,48509.3536492803,18827,2576.5843548775856
3005,2007,60700.010552851,21645,2804.3432918850085
3005,2010,133380.563,23952,5568.660779893119
3006,1970,25318.8688417732,21345,1186.1732884410026
3006,1980,67476.8604707369,24722,2729.4256318557113
3006,1996,27331.9101732294,16939,1613.549216201039
3006,2000,19691.6030355788,8865,2221.275018113796
3006,2007,29235.6344736836,7365,3969.5362489726544
3006,2010,35996.674,11063,3253.7895688330473
3007,1970,632969.9594192979,321221,1970.5123868591963
3007,1980,1279033.6666990242,362492,3528.4466048878985
3007,1996,914890.2693500466,394858,2317.0108478238926
3007,2000,1233139.3022017558,426573,2890.8048615401253
3007,2007,1729575.3113382144,443209,3902.392125020508
3007,2010,2063943.328,470292,4388.642222278925
3008,1970,129020.1308231584,92847,1389.5993497168286
3008,1980,451817.2631980998,146958,3074.46524311776
3008,1996,290907.582702037,180618,1610.6234301234483
3008,2000,744353.6481280547,237247,3137.4628472775407
3008,2007,1151431.216616196,251771,4573.327415056524
3008,2010,1202264.221,269251,4465.217291672083
3009,1970,5314.1274906336,7209,737.1518228094882
3009,1980,20664.8141284362,7731,2672.9807435566163
3009,1996,25455.7289429936,10535,2416.3008014232178
3009,2000,37817.6254115213,10174,3717.085257668695
3009,2007,45894.9254782627,10304,4454.088264582949
3009,2010,98666.368,10766,9164.626416496378
3010,1970,18375.7140930878,13831,1328.5889735440533
3010,1980,32657.0929395099,17009,1919.9890022640898
3010,1996,55872.1379647515,29835,1872.7044734289088
3010,2000,91237.2217274595,31292,2915.672431530727
3010,2007,136369.13948878,35727,3816.9770618518205
3010,2010,144057.957,37932,3797.7949224928816
3011,1970,16156.1391868184,16350,988.1430695301774
3011,1980,39868.5846585728,19200,2076.4887843006663
3011,1996,31972.2224833125,20188,1583.7241174614871
3011,2000,52558.3178003012,22978,2287.3321350988426
3011,2007,82503.2966035419,23941,3446.1090432121423
3011,2010,93059.932,25291,3679.567118737891
3012,1970,7733.1112976227,6719,1150.9318793901919
3012,1980,21665.6635056221,8554,2532.810790930804
3012,1996,22488.3168517223,10315,2180.156747622133
3012,2000,38363.9601628846,10280,3731.9027395802136
3012,2007,52051.5827527608,12580,4137.645687818823
3012,2010,71494.742,13939,5129.11557500538
3013,1970,10051.4463165828,17054,589.3893700353465
3013,1980,27629.740146015,18855,1465.3800130477325
3013,1996,21351.8991131713,22570,946.030089196779
3013,2000,54122.464978539196,26630,2032.3869687772885
3013,2007,79962.9534766014,29242,2734.5240912591958
3013,2010,95431.671,31563,3023.5297975477615
3014,1970,62809.1661596806,50090,1253.9262559329327
3014,1980,210205.545919332,66869,3143.54253718961
3014,1996,127954.6326256171,85767,1491.8865370785627
3014,2000,251207.8493099117,93104,2698.1423924848737
3014,2007,354915.8643752043,93830,3782.5414512970724
3014,2010,412064.333,107805,3822.3118872037476
3015,1970,250036.4884702759,134494,1859.0902826168892
3015,1980,568519.97542749,179420,3168.654416606231
3015,1996,379841.0615508817,218143,1741.2479958141298
3015,2000,699058.6338383607,246403,2837.0540693025678
3015,2007,1174913.2652771536,264762,4437.620448845203
3015,2010,1372180.082,289960,4732.308187336184
3016,1970,27533.0604690783,17792,1547.4966540624043
3016,1980,69937.8716192008,22274,3139.888283164263
3016,1996,32574.3657636381,25155,1294.9459655590579
3016,2000,66568.8782905012,26366,2524.800056531184
3016,2007,80517.5698851489,27753,2901.220404466144
3016,2010,108964.77,28488,3824.935762426285
3017,1970,9299.1889980829,7644,1216.5344058193223
3017,1980,13948.4581986893,8906,1566.1866380742536
3017,1996,10992.4771812551,9750,1127.4335570518053
3017,2000,20748.4174437409,10142,2045.7915050030465
3017,2007,30809.3275240324,14249,2162.209805883388
3017,2010,34402.53,11407,3015.9139125098623
3018,1970,40232.7032458414,22041,1825.3574359530605
3018,1980,71074.5823020657,28328,2508.986949381026
3018,1996,88823.1839180955,42120,2108.8125336679846
3018,2000,171975.70470493363,44181,3892.5263055370774
3018,2007,243694.21245401,52531,4639.055271249548
3018,2010,263369.919,54501,4832.38691033192
3019,1970,10006.9054609882,11050,905.6023041618281
3019,1980,32207.4279167272,12287,2621.2605124706765
3019,1996,22696.9439382066,12722,1784.0704243205942
3019,2000,33950.2551355206,14293,2375.3064531953123
3019,2007,45670.5994681428,15407,2964.2759439308625
3019,2010,47589.11,15886,2995.663477275589
3020,1970,28349.1331580514,19385,1462.426265568811
3020,1980,116603.945169659,23703,4919.374980789731
3020,1996,252128.987258914,48344,5215.3108402059
3020,2000,869606.902598882,60163,14454.18118443033
3020,2007,792641.609761205,78845,10053.162657888326
3020,2010,1102443.053,83528,13198.484975098172
3021,1970,40765.8966715209,11452,3559.7185357597714
3021,1980,53280.6267572748,12172,4377.310775326553
3021,1996,25620.4747680639,14320,1789.139299445803
3021,2000,36342.4421205645,15371,2364.3511886386377
3021,2007,53665.4823285553,16565,3239.6910551497313
3021,2010,77841.971,17841,4363.094613530632
3022,1970,71772.0214949771,57801,1241.708992837098
3022,1980,111206.85153940169,66198,1679.9125583764114
3022,1996,109620.40196823,80944,1354.2745845057075
3022,2000,199591.11884531518,88923,2244.5387452663
3022,2007,323142.9496949562,106929,3022.0328413709676
3022,2010,376611.054,122237,3080.9906493124017
3023,1970,19598.5088369829,16383,1196.2710637235487
3023,1980,59931.7407227459,19870,3016.1922859962706
3023,1996,46048.6439749289,27029,1703.6754587638793
3023,2000,62340.9389076442,22856,2727.552454832175
3023,2007,103285.95430153041,27464,3760.7760814713956
3023,2010,115602.467,31097,3717.4797247322895
3024,1970,71070.248426356,44825,1585.5047055517234
3024,1980,122636.5279265811,60881,2014.364546025543
3024,1996,103864.7003296132,67970,1528.0962237695041
3024,2000,172090.9024305284,73507,2341.1498555311523
3024,2007,355305.951332787,79878,4448.1077559877185
3024,2010,337391.646,85664,3938.5464839372435
3025,1970,35519.566333214796,34234,1037.5523261440321
3025,1980,80703.616474788,37929,2127.754923008463
3025,1996,80837.7080491567,41164,1963.7962309094526
3025,2000,150086.15931485238,42559,3526.543370728926
3025,2007,140444.6423558047,44480,3157.4784702294223
3025,2010,199187.153,45665,4361.921668674039
3026,1970,18418.2583039441,18736,983.0411135751549
3026,1980,32276.0236866563,20192,1598.4560066687945
3026,1996,39299.9309218365,21240,1850.2792336081216
3026,2000,48477.5235898861,19700,2460.787999486604
3026,2007,53609.9979056482,20735,2585.483381029573
3026,2010,64657.456,20344,3178.2076287848995
3027,1970,72601.77559399701,46119,1574.2270125977798
3027,1980,145376.3928466878,51805,2806.2231994341823
3027,1996,76434.1621140755,37533,2036.4522450663549
3027,2000,152141.7264909201,45819,3320.4942598249654
3027,2007,250391.21571257839,40281,6216.1122045773045
3027,2010,302805.83900000004,44539,6798.667213004334
3028,1970,39629.0153080428,24991,1585.731475652947
3028,1980,83666.1733412107,31953,2618.413712052411
3028,1996,79233.3010824958,47039,1684.4172087522227
3028,2000,136300.8201981018,48890,2787.9079606893392
3028,2007,359001.920395159,49940,7188.664805669983
3028,2010,250410.031,51358,4875.774582343549
3029,1970,29020.476411753698,36945,785.5048426513384
3029,1980,86685.5437336061,43910,1974.1640567890254
3029,1996,75672.3385723409,51335,1474.0886056752877
3029,2000,137139.4361629404,60812,2255.137738652575
3029,2007,218218.2216134386,67007,3256.648135470005
3029,2010,260693.206,70668,3688.985198392483
3030,1970,15188.8211332539,19231,789.8092212185481
3030,1980,36082.4029597834,22165,1627.8999756274939
3030,1996,39169.4342716358,25091,1561.0949851195967
3030,2000,67890.8709551822,24126,2814.01272300349
3030,2007,100160.303544475,25274,3962.9779039516893
3030,2010,96591.336,27013,3575.735238588827
3031,1970,17337.5989695511,13587,1276.0432008207185
3031,1980,32273.073387769,17692,1824.1619595166742
3031,1996,34722.8842776312,21799,1592.8659240162942
3031,2000,54928.2192288671,21446,2561.233760555213
3031,2007,63425.6477058329,22279,2846.880367423713
3031,2010,79207.648,22899,3459.0003056902046
3032,1970,44865.4507285999,26997,1661.8680123198837
3032,1980,110896.165169525,41965,2642.587040856071
3032,1996,106157.899844255,52190,2034.0659100259627
3032,2000,154807.48267792718,54662,2832.0859587634404
3032,2007,218635.1015302925,53317,4100.663982037483
3032,2010,245607.842,53163,4619.901849030341
3033,1970,29977.3429337948,15729,1905.8645135606077
3033,1980,59376.2891786141,17197,3452.7120531845144
3033,1996,23568.606973688,19422,1213.5005135252807
3033,2000,39122.4433888355,21977,1780.153951350753
3033,2007,59834.234341529096,25908,2309.4887425323877
3033,2010,79935.793,26229,3047.61115559114
3034,1970,12674.975927301,13448,942.5175436719959
3034,1980,46241.6754544088,16508,2801.167643228059
3034,1996,22509.2136760758,15871,1418.2605806865224
3034,2000,37993.6749868343,13405,2834.291308230832
3034,2007,61665.5025417799,12842,4801.861278755638
3034,2010,70696.226,18338,3855.176464172756
3035,1970,18814.120400293,16058,1171.635346885851
3035,1980,62732.138219455,23142,2710.7483458411116
3035,1996,87182.4814839484,33825,2577.4569544404553
3035,2000,201474.15355476033,38726,5202.555222712398
3035,2007,338024.8368651325,42205,8009.118276629131
3035,2010,355962.57300000003,45713,7786.900290945684
3036,1970,67112.90077998729,34032,1972.0527967791281
3036,1980,273865.9545180642,77459,3535.624711370715
3036,1996,236073.2689729891,130662,1806.7477076195767
3036,2000,413251.1578046215,140621,2938.7584912966163
3036,2007,562710.4768699269,150141,3747.880171771381
3036,2010,745868.2289999999,162902,4578.631502375661
3037,1970,56712.6907801367,28815,1968.1655658558632
3037,1980,109705.178910541,34953,3138.6484396343944
3037,1996,206586.9386864944,51517,4010.0731542305334
3037,2000,200174.95663048798,51118,3915.9387423312337
3037,2007,280859.0719131417,54952,5110.989079799492
3037,2010,510273.4,64219,7945.832230336817
3038,1970,176827.243282255,88334,2001.8027405331468
3038,1980,388945.229281948,125509,3098.9429386095658
3038,1996,333281.23015776,146045,2282.0447817984864
3038,2000,542155.7873803205,154590,3507.056002201439
3038,2007,1001381.6230059955,159789,6266.89961765826
3038,2010,840088.446,172367,4873.835745821416
3039,1970,11932.9262172243,11400,1046.7479137916052
3039,1980,17657.0328065928,12809,1378.4864397371223
3039,1996,21734.1446555416,15605,1392.7680009959374
3039,2000,45334.3774631438,16173,2803.090178887269
3039,2007,61602.911384199106,16741,3679.762940338039
3039,2010,74350.657,16327,4553.846818153978
3040,1970,10345.5241857068,12377,835.8668648062372
3040,1980,34048.1891005578,16073,2118.3468612304982
3040,1996,22690.8042475225,17958,1263.5485158437746
3040,2000,40408.7073762093,20191,2001.3227366752164
3040,2007,50970.4541286183,22562,2259.128363115783
3040,2010,63023.265999999996,22105,2851.086451029179
3041,1970,57797.262402678,44997,1284.4692402310823
3041,1980,93288.3113975048,52646,1771.9923906375566
3041,1996,111070.729116821,59521,1866.0763279652729
3041,2000,182268.600041032,61322,2972.3198858653013
3041,2007,282000.003424787,67649,4168.5760827918675
3041,2010,331575.374,73350,4520.454996591684
3042,1970,21800.2085843917,16660,1308.535929435276
3042,1980,384535.312082227,24470,15714.561180311688
3042,1996,94766.2583875208,41504,2283.304220979202
3042,2000,179502.624315954,42214,4252.206005494717
3042,2007,159688.623017955,44031,3626.73168944505
3042,2010,192568.42,46750,4119.110588235294
3043,1970,29242.8806880911,22824,1281.2338191417412
3043,1980,69671.700869911,31365,2221.319970346278
3043,1996,56754.5527324108,37295,1521.7737694707278
3043,2000,103773.1610320069,40858,2539.8492591905356
3043,2007,161541.9290568772,43947,3675.835189134121
3043,2010,197914.34999999998,47658,4152.804356036761
3044,1970,29828.1823683767,33880,880.4067995388635
3044,1980,64171.8878064879,38096,1684.4783653530005
3044,1996,54910.5686348011,40827,1344.9572252382272
3044,2000,111906.5155129192,42867,2610.551601766375
3044,2007,132036.5525516503,44594,2960.8591414013163
3044,2010,149777.448,43592,3435.8930078913563
3045,1970,29296.6860674548,16315,1795.690227855029
3045,1980,49187.3942958002,18501,2658.6343600778446
3045,1996,34082.2408443417,19934,1709.754231179979
3045,2000,60684.58839991,21956,2763.918218250592
3045,2007,89960.8533674954,21479,4188.316651962167
3045,2010,95514.757,22681,4211.223358758432
3046,1970,9049.5949212493,15413,587.1403958508596
3046,1980,22173.149064994,7961,2785.2215883675417
3046,1996,16102.7318644778,8414,1913.8022182645354
3046,2000,20170.4806355366,9413,2142.832320783661
3046,2007,31697.2491559393,10384,3052.508585895541
3046,2010,33705.485,10649,3165.1314677434502
3047,1970,28978.8820253334,23210,1248.5515736895045
3047,1980,108988.187405358,42955,2537.264286005308
3047,1996,42744.1826228196,27699,1543.1669960222248
3047,2000,80711.1791073768,32295,2499.18498552026
3047,2007,112336.9941253353,28060,4003.4566687574948
3047,2010,129834.66200000001,30499,4257.0137381553495
3048,1970,26854.7891766109,17831,1506.0730848864841
3048,1980,41126.5936202517,24223,1697.832375025872
3048,1996,63460.1870129213,27412,2315.051328356971
3048,2000,135701.0041746031,28526,4757.098933415238
3048,2007,133939.6133273046,28664,4672.746766930805
3048,2010,180235.33800000002,28335,6360.873054526204
3049,1970,12581.6116746994,7245,1736.5923636576122
3049,1980,23838.687236721,9796,2433.5123761454674
3049,1996,46408.6326816433,13445,3451.739135860417
3049,2000,63710.7534147511,15205,4190.11860669195
3049,2007,85537.33566529049,16407,5213.465939250959
3049,2010,112872.27399999999,16531,6827.915673582965
3050,1970,8501.4526825372,8432,1008.2367982136146
3050,1980,24211.7551189835,12254,1975.82463840244
3050,1996,27043.5267332218,15863,1704.8179243032087
3050,2000,45414.68402576,14596,3111.4472475856396
3050,2007,52344.9054741896,14486,3613.482360499075
3050,2010,61971.454,15098,4104.613458736257
3051,1970,29612.3447878432,15881,1864.639807810793
3051,1980,43699.8644331868,18613,2347.8141316921938
3051,1996,23676.4048484762,16860,1404.2944749985884
3051,2000,40222.0522960002,16790,2395.5957293627275
3051,2007,49042.5963546151,16444,2982.4006540145406
3051,2010,55325.735,17482,3164.7257178812492
3052,1970,17404.7507562632,10722,1623.2746461726547
3052,1980,36713.6393460756,12051,3046.522226045606
3052,1996,12506.8129850191,9380,1333.348932304808
3052,2000,25395.3532807764,9100,2790.698162722681
3052,2007,34674.9975632603,9920,3495.463464038337
3052,2010,34675.499,10205,3397.8930916217546
3053,1970,30553.6012847184,20290,1505.8453072803547
3053,1980,39055.4973942452,21798,1791.7009539519772
3053,1996,32468.8604128161,21880,1483.9515727978107
3053,2000,54018.9721364878,23200,2328.403971400336
3053,2007,77030.6375444087,24928,3090.1250619547777
3053,2010,84654.969,26247,3225.3198079780545
3054,1970,27551.2159434396,20440,1347.9068465479259
3054,1980,53507.4348066021,28875,1853.071335293579
3054,1996,52414.237488411,38598,1357.9521604334682
3054,2000,104614.2579355174,39562,2644.311661076725
3054,2007,148323.0418480566,39441,3760.630862504921
3054,2010,173490.442,40944,4237.26167448222
3055,1970,8714.1795917133,6012,1449.4643366123255
3055,1980,11910.8176650704,5576,2136.0863818275466
3055,1996,10883.8648595686,6032,1804.3542539072614
3055,2000,17692.9732891592,6080,2910.028501506447
3055,2007,23098.7950534189,6254,3693.443404767973
3055,2010,26702.024,6140,4348.863843648209
3056,1970,6851.8000430913,9670,708.5625690890693
3056,1980,19530.7978325693,12414,1573.2880483783874
3056,1996,15542.3090547612,12757,1218.3357415349376
3056,2000,30425.3582389932,12641,2406.8790632855944
3056,2007,32210.9743118,12387,2600.3854292241867
3056,2010,42131.164,12081,3487.3904478106115
3057,1970,24171.0747099933,16242,1488.1833955173809
3057,1980,49537.1366459752,18325,2703.2543872292063
3057,1996,26721.99452861,18998,1406.5688245399517
3057,2000,49947.4831391806,21266,2348.701360819176
3057,2007,65478.6536219191,24275,2697.3698711398188
3057,2010,86634.754,26189,3308.0588796823095
3058,1970,15513.0279094731,15228,1018.7173568080574
3058,1980,35480.7580367374,19493,1820.179450917632
3058,1996,33446.8321938348,19867,1683.537131616993
3058,2000,40371.8454584896,21489,1878.7214602117176
3058,2007,57335.6380599093,24432,2346.743535523465
3058,2010,78390.651,25145,3117.544283157685
3059,1970,47965.8053555247,31589,1518.4338014981386
3059,1980,132037.770995401,44120,2992.6965320807117
3059,1996,103627.24919527289,62872,1648.2257474753928
3059,2000,161089.831164478,58895,2735.203857109738
3059,2007,259046.4996447663,72315,3582.195943369513
3059,2010,356423.68,86537,4118.7431965517635
3060,1970,29133.3893931729,15541,1874.6148505998906
3060,1980,56245.4662939634,16490,3410.8833410529655
3060,1996,27714.9221408174,14741,1880.1249671540195
3060,2000,38326.682874177,14609,2623.498040535081
3060,2007,64548.9940043785,15583,4142.270038142752
3060,2010,76916.504,15433,4983.8983995334675
3061,1970,23675.1552489625,17766,1332.6103371024708
3061,1980,50927.6070147042,18588,2739.811007892414
3061,1996,33257.2525013511,17524,1897.8117154388895
3061,2000,26534.9100412063,9833,2698.55690442452
3061,2007,42113.7566026593,9616,4379.550395451259
3061,2010,54106.969,10729,5043.057973716096
3062,1970,61706.001292737405,43528,1417.6162767124015
3062,1980,94638.09229729351,56886,1663.6446981206889
3062,1996,92594.16160563589,54534,1697.9161918369437
3062,2000,140337.4112600773,56732,2473.6905319762623
3062,2007,219623.2515359842,62222,3529.672005656909
3062,2010,244209.31100000002,63082,3871.299435655179
3063,1970,14447.4206809923,11824,1221.872520381622
3063,1980,37879.3580523744,15753,2404.580591149267
3063,1996,40366.3611013404,19965,2021.8563035983173
3063,2000,75378.5673547153,22552,3342.4338131746763
3063,2007,98770.7021340697,22618,4366.906982671752
3063,2010,115303.081,23654,4874.570093853048
3064,1970,8531.6092030411,7643,1116.264451529648
3064,1980,9988.5882116094,8068,1238.050100596108
3064,1996,43890.6103475688,9587,4578.138139936246
3064,2000,34142.0391444491,10024,3406.029443779839
3064,2007,54457.9180505808,10340,5266.723215723481
3064,2010,90656.054,11390,7959.267251975417
3065,1970,6599.9919089172,10232,645.0343929747067
3065,1980,19963.0926020427,11240,1776.0758542742617
3065,1996,19666.7465294104,12521,1570.7009447656258
3065,2000,30400.0386683432,13021,2334.6930856572612
3065,2007,44612.2440366955,14217,3137.950625075297
3065,2010,65683.211,17587,3734.7592539944276
3066,1970,9863.2781500603,8068,1222.5183626748017
3066,1980,15400.5969851039,9903,1555.1446011414623
3066,1996,13863.9972433665,10656,1301.0507923579676
3066,2000,31005.7714709674,11799,2627.8304492725993
3066,2007,53792.6517449524,13812,3894.631606208544
3066,2010,61918.162,15150,4087.0073927392737
3067,1970,97214.6575021122,92342,1052.7675110146217
3067,1980,245742.6787982624,100720,2439.8597974410486
3067,1996,180236.79226465052,107827,1671.5367418610415
3067,2000,246165.4690051979,112267,2192.678783660362
3067,2007,370261.2194936872,117756,3144.308735806984
3067,2010,397611.885,125345,3172.1399736726635
3068,1970,20777.3121354701,19200,1082.151673722401
3068,1980,28490.7121272311,23773,1198.4483290805156
3068,1996,43067.8042156055,24858,1732.5530700621732
3068,2000,59284.1380249989,26433,2242.8077791018386
3068,2007,81147.6480452035,28278,2869.638872805838
3068,2010,88794.812,31015,2862.963469289054
3069,1970,24096.0541122013,13378,1801.1701384512855
3069,1980,30156.8693181684,15493,1946.4835292176078
3069,1996,38676.8727899631,18316,2111.644070209822
3069,2000,51567.504487636,19906,2590.550813203858
3069,2007,82438.8271923092,19445,4239.589981604999
3069,2010,120781.085,20452,5905.587962057501
3070,1970,9661.6723538107,6336,1524.885156851436
3070,1980,19321.5322446568,8037,2404.072694370636
3070,1996,12156.3277817378,7595,1600.5698198469781
3070,2000,20188.7388993933,8289,2435.6060923384366
3070,2007,33199.9988951701,10003,3319.004188260532
3070,2010,43087.371,12464,3456.945683568678
3071,1970,4702.8581836558,4638,1013.9840844449761
3071,1980,5850.8376645107,4764,1228.1355299140848
3071,1996,8611.1460372554,4713,1827.105036548992
3071,2000,13943.2658752681,4543,3069.1758475166407
3071,2007,17582.7007457496,4892,3594.1743143396566
3071,2010,17673.678,4590,3850.4745098039216
3072,1970,137426.34294549702,85431,1608.623836142583
3072,1980,149507.1041943932,67666,2209.486362344356
3072,1996,137093.9609141925,77810,1761.9067075464914
3072,2000,211534.167986096,81247,2603.593584822775
3072,2007,286928.1980110478,77816,3687.264804295361
3072,2010,335190.563,84265,3977.8147866848635
3073,1970,20176.6814570572,13487,1496.0095986547935
3073,1980,50136.4165538343,17216,2912.198916928108
3073,1996,221830.507697102,70804,3133.0222543514774
3073,2000,249009.2094030435,93276,2669.5957095398976
3073,2007,333595.6439005458,122376,2725.9891147001517
3073,2010,444822.95800000004,131448,3384.0222597529064
3074,1970,10917.9913176011,10620,1028.0594461017984
3074,1980,24462.6295809914,14138,1730.2751153622437
3074,1996,27599.0107479264,15737,1753.7656953629282
3074,2000,48428.2614937088,17264,2805.1587982917513
3074,2007,56286.2473660743,18105,3108.8786172921455
3074,2010,59742.708,18764,3183.900447665743
3075,1970,17906.8588576573,10079,1776.6503480164001
3075,1980,40981.9057208419,13550,3024.494887147004
3075,1996,31613.7362828189,18521,1706.9130329258085
3075,2000,49427.2625812267,17854,2768.4139454030865
3075,2007,56345.3604636581,19453,2896.4869410197966
3075,2010,64808.124,20103,3223.8036114012834
3076,1970,102130.932892592,33054,3089.8206841106066
3076,1980,208671.819822134,48541,4298.877646157558
3076,1996,127418.012078488,55180,2309.1339630026823
3076,2000,203259.60317147532,56230,3614.789314804825
3076,2007,317289.69240305654,56284,5637.298209136816
3076,2010,364363.93299999996,58401,6239.001609561479
3077,1970,82645.3646927222,53831,1535.2745572759598
3077,1980,174907.630893908,68637,2548.299472498915
3077,1996,162494.840931767,87449,1858.1669422379557
3077,2000,310879.4833175439,99702,3118.0867316357135
3077,2007,424830.50887300743,111443,3812.0878733792833
3077,2010,539862.308,118059,4572.8178961366775
3078,1970,25608.3956164825,22644,1130.9130726233218
3078,1980,82244.2828919695,26094,3151.84651230051
3078,1996,36772.0659449364,31452,1169.1487328289584
3078,2000,75944.09946956,30299,2506.488645485329
3078,2007,113864.483907783,33473,3401.68147186637
3078,2010,111160.418,34267,3243.949514109785
3079,1970,7952.4946475525,10821,734.9130993025137
3079,1980,32091.0367912187,11395,2816.238419589179
3079,1996,23625.5826140481,15995,1477.0604947826257
3079,2000,31913.5850819485,13071,2441.5565053896794
3079,2007,35193.6892065403,12219,2880.242999143981
3079,2010,38906.758,13803,2818.717525175686
3080,1970,15591.3292293111,12359,1261.5364697233676
3080,1980,32616.8646676939,14775,2207.5712127034785
3080,1996,33908.6558480822,23496,1443.1671709262087
3080,2000,39510.8784710935,15124,2612.462210466378
3080,2007,83819.3993159537,15043,5571.9869252113085
3080,2010,80674.734,17381,4641.547321788159
3081,1970,61399.4023750105,30756,1996.3390029591135
3081,1980,132597.684037497,39769,3334.1970891271344
3081,1996,95263.7134914743,44118,2159.2935647915656
3081,2000,164117.8337444501,46973,3493.875923284655
3081,2007,203004.3404535834,47286,4293.117211301091
3081,2010,246470.495,52227,4719.216018534475
3082,1970,9449.3070263616,6094,1550.5918979917294
3082,1980,12104.033245132,5814,2081.8770631461985
3082,1996,11268.4119653728,7321,1539.190269822811
3082,2000,15477.1632098265,10693,1447.410755618302
3082,2007,28520.6830431489,11705,2436.6239250874755
3082,2010,37417.436,11541,3242.1311844727497
3083,1970,10112.7894954844,6264,1614.4299960862706
3083,1980,17547.8485774971,7923,2214.7985078249526
3083,1996,14222.5647132962,9055,1570.6863294639647
3083,2000,21571.2199641784,11724,1839.9198195307401
3083,2007,37011.8108968971,9798,3777.486313216687
3083,2010,41929.589,10717,3912.4371559205
3084,1970,17116.7230522725,15507,1103.8062199182627
3084,1980,36938.4217366561,17568,2102.5968657021913
3084,1996,18353.3140552678,18626,985.3599299510255
3084,2000,42428.7445306597,20631,2056.5529800135573
3084,2007,56708.0912390082,23154,2449.170391250246
3084,2010,78926.238,27774,2841.7310434219053
3085,1970,6694.8243506132,5110,1310.1417515877106
3085,1980,3739.6629521137,5506,679.1977755382674
3085,1996,43767.8276347631,6065,7216.459626506695
3085,2000,64062.6132755691,5261,12176.889046867345
3085,2007,43587.0466168209,5792,7525.387882738415
3085,2010,90293.406,5487,16455.87862219792
3086,1970,50783.1469708508,30269,1677.7279385130266
3086,1980,102362.267536509,34699,2950.00626924433
3086,1996,55367.5430427495,37123,1491.461978901207
3086,2000,102733.5664602319,40078,2563.3406472436723
3086,2007,180467.8191096515,43420,4156.329320811873
3086,2010,185115.123,46244,4003.0084551509385
3087,1970,23112.8067634813,16428,1406.9154348357258
3087,1980,65672.5143195726,33026,1988.5094870578512
3087,1996,31582.2302881204,27111,1164.9231045745419
3087,2000,66397.5084111544,30860,2151.5718862979393
3087,2007,92040.6370548177,34022,2705.3270546945414
3087,2010,112260.371,39110,2870.375121452314
3088,1970,60694.5426229759,27598,2199.2369962669723
3088,1980,249809.085075054,49442,5052.568364448323
3088,1996,174395.63138184,68942,2529.599248380378
3088,2000,282837.824047756,68321,4139.837298162439
3088,2007,391792.167624532,82026,4776.438783124034
3088,2010,448310.256,77282,5800.966020548122
3089,1970,19474.7602579683,12286,1585.1180415080823
3089,1980,40740.6783018518,16933,2405.992931072569
3089,1996,21255.500032917502,21137,1005.6062843789329
3089,2000,47232.6025605084,24922,1895.2171800220046
3089,2007,91943.7297980015,30882,2977.2595621398063
3089,2010,106281.495,32366,3283.738954458382
3090,1970,15208.7479011932,19795,768.3125992014751
3090,1980,45402.6703986704,22574,2011.281580520528
3090,1996,35769.255465101,28488,1255.5902648519027
3090,2000,68875.6455863666,33664,2045.973312332658
3090,2007,103233.1948652221,36017,2866.2352462787603
3090,2010,133752.307,38137,3507.153341898943
3091,1970,14364.1449752891,12211,1176.3283085160183
3091,1980,32539.8636929394,13130,2478.2836018994212
3091,1996,21236.6984914752,14101,1506.0420176920218
3091,2000,35633.5325190317,16442,2167.2261597756783
3091,2007,51629.9211362459,17191,3003.311100939207
3091,2010,62651.2,17799,3519.9280858475195
3092,1970,25106.1586874615,18743,1339.4952082090113
3092,1980,41344.0749825161,23515,1758.200084308573
3092,1996,47372.4931163742,30034,1577.2955023098557
3092,2000,69565.253981671,31819,2186.2803350724726
3092,2007,90892.8911781707,37449,2427.111302789679
3092,2010,110251.759,40736,2706.494476630008
3093,1970,12758.4205377345,12237,1042.610160802035
3093,1980,22442.3528667481,13190,1701.467237812593
3093,1996,24788.4192256321,12578,1970.7758964566783
3093,2000,27078.9534797834,12854,2106.6557865087443
3093,2007,31016.7720333371,14194,2185.203045888199
3093,2010,36106.796,12146,2972.731434217026
3094,1970,27241.3460223299,17457,1560.4826729867618
3094,1980,69559.5686816533,22892,3038.5972689871264
3094,1996,55761.4990735875,26539,2101.115304781171
3094,2000,74836.8355459836,27469,2724.4106281984637
3094,2007,97952.7251999846,28251,3467.2303706058055
3094,2010,119060.32,29541,4030.3415591889243
3095,1970,29850.436449915702,23636,1262.9225101504358
3095,1980,61293.6239873178,32309,1897.1068119507815
3095,1996,208527.701790257,89794,2322.2899279490503
3095,2000,303479.204451343,107384,2826.111938941956
3095,2007,461973.17228477,131379,3516.3395389276066
3095,2010,538180.153,163045,3300.807464197001
3096,1970,1582235.06734104,265486,5959.7683770181475
3096,1980,3989785.07994076,449433,8877.374558478705
3096,1996,9282591.36989995,780833,11888.06232561886
3096,2000,10578340.6853846,870028,12158.620970111995
3096,2007,15532305.1402701,957515,16221.474483710545
3096,2010,17915048.341,1014837,17653.12886798569
3097,1970,11669.6712795224,11336,1029.4346576854623
3097,1980,14221.6054914587,12318,1154.5385201703766
3097,1996,68930.6583926824,15028,4586.8151711926
3097,2000,172593.733843268,14870,11606.841549648152
3097,2007,232135.206596709,15962,14542.990013576557
3097,2010,429625.067,17474,24586.532390980887
3098,1970,10956.8938351578,6500,1685.6759746396615
3098,1980,25707.3761025036,9881,2601.697814239814
3098,1996,32970.7840416805,17208,1916.0148792236457
3098,2000,51391.5113485985,15114,3400.258789770974
3098,2007,61868.9994276747,15549,3978.969671855084
3098,2010,72301.072,17002,4252.503940712858
3099,1970,2995.6816975489,5008,598.1792527054513
3099,1980,979.5177702367,5213,187.89905433276425
3099,1996,23393.7194909914,6275,3728.0827874089878
3099,2000,131602.310635043,6393,20585.37629204489
3099,2007,93712.2372409483,6652,14087.828809523196
3099,2010,231719.93,7796,29722.925859415085
3100,1970,31131.2435780655,18648,1669.4146062883688
3100,1980,56017.1117580992,20240,2767.643861566166
3100,1996,35151.7200908132,25199,1394.964883162554
3100,2000,53104.6164324482,26401,2011.4623094749518
3100,2007,60592.0780483514,26132,2318.692715764251
3100,2010,77988.636,27997,2785.60688645212
3101,1970,51327.8753468626,36893,1391.263257172434
3101,1980,154421.504306221,74399,2075.585751236186
3101,1996,268639.77530587,118428,2268.380579811109
3101,2000,452182.392834539,129692,3486.586627043603
3101,2007,642324.399178678,144333,4450.294798685526
3101,2010,817391.542,155460,5257.889759423646
3102,1970,37457.7793017165,27431,1365.527297645602
3102,1980,66925.0046985712,33373,2005.3637580850148
3102,1996,49355.2546956988,32263,1529.778839404234
3102,2000,81175.0717474581,34707,2338.8674258062665
3102,2007,159931.292377252,43228,3699.7152858622185
3102,2010,192487.63,49412,3895.5644377883914
4001,1970,16672.9054911216,26034,640.4281128955059
4001,1980,88906.0019295529,32874,2704.447342262971
4001,1996,64560.529712793104,39870,1619.2758894605745
4001,2000,119146.7117548778,44338,2687.2369469727505
4001,2007,156371.0866277031,47285,3306.9913635974012
4001,2010,200430.25100000002,46824,4280.502541431745
4002,1970,1935.1651277798,3105,623.2415870466344
4002,1980,3732.6079585577,4477,833.7297204730177
4002,1996,29267.506331062,5753,5087.346833141317
4002,2000,12100.9962163576,5340,2266.1041603665917
4002,2007,15155.7831292719,4980,3043.3299456369277
4002,2010,17179.806,5098,3369.9109454688114
4003,1970,18753.0624037222,16120,1163.341340181278
4003,1980,34902.6451976722,21694,1608.8616759321562
4003,1996,129454.54424595641,23983,5397.762758869049
4003,2000,74566.8489187903,25818,2888.1729382132735
4003,2007,103435.46784863621,27748,3727.672907908181
4003,2010,122271.38399999999,28340,4314.445448129852
4004,1970,65629.2349633522,17765,3694.2997446300137
4004,1980,26100.3398372229,19828,1316.33749431223
4004,1996,54240.6013501707,22777,2381.376008700474
4004,2000,66568.6051389277,23373,2848.0984528698796
4004,2007,90507.6327500233,24570,3683.6643365902846
4004,2010,101874.63,25012,4073.0301455301455
4005,1970,13981.8825536023,6307,2216.8832334869667
4005,1980,14013.2816022053,7993,1753.1942452402475
4005,1996,17163.7484357668,9829,1746.2354701156578
4005,2000,27115.564820439802,10413,2604.010834575992
4005,2007,37806.8045371372,10390,3638.7684828813476
4005,2010,43524.825,10828,4019.6550609530846
4006,1970,13600.4461875569,16176,840.779314265387
4006,1980,20366.9922735401,17755,1147.1130539870514
4006,1996,26059.4334214462,15639,1666.310724563348
4006,2000,41785.9872738423,15155,2757.2409946448233
4006,2007,52137.286302483204,16995,3067.801488819253
4006,2010,61612.473,16906,3644.414586537324
4007,1970,32837.3414618047,30334,1082.5259267424246
4007,1980,48573.5264905487,33228,1461.825162229105
4007,1996,72923.5294047363,41468,1758.5494695846508
4007,2000,147196.6829593245,42629,3452.9705824514886
4007,2007,167555.9162596712,45838,3655.3932601699726
4007,2010,179743.889,46390,3874.625759862039
4008,1970,12057.479696611901,10436,1155.3736773296189
4008,1980,26352.7518684851,14197,1856.2197554754596
4008,1996,36892.7922479241,17173,2148.30211657393
4008,2000,54958.5458258813,18631,2949.844121404181
4008,2007,72722.31349306539,19851,3663.4080647355495
4008,2010,87135.408,20244,4304.258446947244
4009,1970,14722.0746420947,12796,1150.521619419717
4009,1980,24288.6639559837,14517,1673.1186854021973
4009,1996,28841.4496468099,16995,1697.054995399229
4009,2000,45497.1825733175,16884,2694.692168521529
4009,2007,65746.4731013757,17316,3796.862618467065
4009,2010,70416.728,17135,4109.525999416399
4010,1970,4538.2135292186,4498,1008.940313298933
4010,1980,6955.7642604703,5322,1306.983138006445
4010,1996,17254.543216706,6796,2538.9263120520895
4010,2000,22052.6823455551,6788,3248.7746531460075
4010,2007,24665.1408918745,6609,3732.0533956535783
4010,2010,25553.603,6672,3829.97646882494
4011,1970,53872.9043313499,53003,1016.4123602692281
4011,1980,113347.5384060976,66998,1691.804806204627
4011,1996,157633.08075561668,75783,2080.058598308548
4011,2000,224011.37518743318,80728,2774.890684612937
4011,2007,311636.5400025869,89606,3477.8534919825333
4011,2010,363271.327,90523,4013.0279266042885
4012,1970,16313.277163239902,13009,1253.9993207194943
4012,1980,31491.3350226511,11979,2628.878455851999
4012,1996,37476.5706018079,14324,2616.3481291404564
4012,2000,136440.1929666788,15580,8757.393643560898
4012,2007,125339.7277524934,15195,8248.748124547115
4012,2010,195336.922,15866,12311.667843186688
4013,1970,8052.5524763743,9913,812.3224529783415
4013,1980,13928.1122268213,9590,1452.3578964360063
4013,1996,17955.954995944,9465,1897.0898041145272
4013,2000,31454.315701557898,9359,3360.862880816102
4013,2007,36222.2596358371,9209,3933.3542877442833
4013,2010,40422.907999999996,9573,4222.5956335527
4014,1970,158361.05978357288,105850,1496.0893697078213
4014,1980,491703.5486863932,132463,3712.0067391376697
4014,1996,481272.82285435253,147435,3264.3051029562353
4014,2000,670253.6333080259,158199,4236.77541139973
4014,2007,920736.1901175206,166972,5514.314915779416
4014,2010,1125655.4780000001,170453,6603.905346341808
4015,1970,12819.6860442323,20648,620.8681733936604
4015,1980,31119.5531554827,24184,1286.782714004412
4015,1996,39564.7954691943,25246,1567.17085752968
4015,2000,65761.0968491566,25741,2554.7219163651994
4015,2007,75496.6257666314,27212,2774.3872470465753
4015,2010,87380.75,25637,3408.3843663455164
4016,1970,9885.3784577028,15860,623.2899405865573
4016,1980,27637.8200958977,20639,1339.1065505062113
4016,1996,43348.300760169805,25689,1687.4265545630349
4016,2000,69048.6205133893,28435,2428.296835357457
4016,2007,101370.4912296926,31358,3232.683564949697
4016,2010,116675.776,31269,3731.3561674501902
4017,1970,4316.7207952348,8296,520.3376079116201
4017,1980,14244.0410627411,9933,1434.0119865842241
4017,1996,35206.530355901,13334,2640.3577588046346
4017,2000,78931.4747035096,13501,5846.342841530967
4017,2007,124876.51040676399,16809,7429.145719957403
4017,2010,151768.871,17361,8741.942918034676
4018,1970,4251.0583304511,5725,742.5429398167861
4018,1980,10875.5907405426,7152,1520.636289225755
4018,1996,43327.7832855807,7881,5497.751971270232
4018,2000,22332.398586648298,8582,2602.2370760485082
4018,2007,28672.12420502,8203,3495.3217365622336
4018,2010,32240.479,8188,3937.527967757694
4019,1970,38202.6817714339,38175,1000.7251282628396
4019,1980,56352.2863028042,43672,1290.352773007973
4019,1996,103029.0107192074,52447,1964.4404964861176
4019,2000,139766.382251996,54559,2561.747507322275
4019,2007,197496.2578343354,58852,3355.812170093377
4019,2010,229434.8,61074,3756.6689589678094
4020,1970,7593.3784636458995,10344,734.0853116440351
4020,1980,19501.3531691405,11657,1672.9306999348462
4020,1996,30086.7979706344,15512,1939.5821280708099
4020,2000,50908.8592905338,15649,3253.1701252817306
4020,2007,64808.2423694611,16161,4010.16288407036
4020,2010,83355.927,16461,5063.843448150174
4021,1970,109973.5129744057,123968,887.1121013036081
4021,1980,242739.7066320336,145817,1664.6872904533325
4021,1996,365849.3745856806,168468,2171.6253210442374
4021,2000,496069.3017329083,173205,2864.0587842897626
4021,2007,664505.8128751204,180328,3684.9841005008675
4021,2010,811672.396,185802,4368.480403870786
4022,1970,9389.3649217743,9564,981.7403724147115
4022,1980,33933.5153160712,11546,2938.9845241703792
4022,1996,34800.6052723251,13451,2587.213238593792
4022,2000,45498.579935499394,13929,3266.4642067269288
4022,2007,55620.9620754023,14816,3754.1146109207816
4022,2010,69497.04,15855,4383.288552507095
4023,1970,11053.6794522006,11191,987.7293764811545
4023,1980,31986.5041398709,15742,2031.9212387162304
4023,1996,37911.1064922667,19755,1919.0638568598683
4023,2000,55096.1735848194,21133,2607.115581546368
4023,2007,85537.4369188567,22567,3790.376962771157
4023,2010,92664.646,23708,3908.5813227602493
4024,1970,33449.8374650569,34367,973.312697211188
4024,1980,58709.1753455725,40639,1444.6510825948594
4024,1996,236620.50039254862,43490,5440.802492355682
4024,2000,120516.6278472807,44886,2684.9491566920797
4024,2007,158234.3382981592,44351,3567.773856241329
4024,2010,190786.433,46110,4137.636803296465
4025,1970,11657.813344643799,17300,673.8620430429942
4025,1980,36353.6218431401,21988,1653.3391778761188
4025,1996,49709.476062650705,24224,2052.0754649376945
4025,2000,138294.6031971792,25963,5326.60336622036
4025,2007,436128.3362191214,28399,15357.172302514928
4025,2010,544238.615,29584,18396.38368712818
4026,1970,8564.1075760671,3962,2161.561730456108
4026,1980,7461.7553149252,3786,1970.8809600964605
4026,1996,20843.454660985502,10894,1913.2967377442171
4026,2000,30749.9119722627,10989,2798.2447877206937
4026,2007,45700.7464517922,10999,4154.991040257496
4026,2010,43866.835,11375,3856.425054945055
4027,1970,10801.5131270959,9977,1082.6413879017641
4027,1980,37192.8993215838,14370,2588.2323814602505
4027,1996,46227.1819865517,18410,2510.982182865383
4027,2000,103403.7314298936,20156,5130.171235855011
4027,2007,160660.6420648913,24070,6674.725470082729
4027,2010,212162.04,27333,7762.1205136648005
4028,1970,218893.0536563863,99737,2194.7026044134705
4028,1980,492949.0944236829,127800,3857.191662157143
4028,1996,552229.6321998538,165432,3338.1064860477645
4028,2000,930517.0735644046,175172,5312.019464094745
4028,2007,982208.7881620944,187663,5233.896869186224
4028,2010,1164814.612,195492,5958.3748286374885
4029,1970,81124.414122062,61549,1318.0460141035921
4029,1980,158089.044623286,67705,2334.9685344256113
4029,1996,153420.9032251561,67299,2279.690682256142
4029,2000,241796.4253888317,70027,3452.902814469158
4029,2007,329763.3065352926,73472,4488.285422137584
4029,2010,405296.77900000004,74726,5423.771900008031
4030,1970,12329.2909484182,19863,620.7164551386095
4030,1980,43805.6134844252,25526,1716.1174286776306
4030,1996,51825.6707950116,26249,1974.3864831045603
4030,2000,79801.1080453748,27664,2884.6554383088055
4030,2007,113544.6681907735,30367,3739.080850619867
4030,2010,150207.648,29986,5009.259254318682
4031,1970,27986.9535824443,25077,1116.04073782527
4031,1980,45899.573745156,28529,1608.8742593556028
4031,1996,48091.6325592207,28956,1660.8520707010878
4031,2000,85322.9957788806,30146,2830.3256080037354
4031,2007,119058.06155956589,31139,3823.438824611127
4031,2010,129545.024,31067,4169.8594650272
4032,1970,18361.532783691,12612,1455.8779562076593
4032,1980,46847.0536312004,14429,3246.7290616952246
4032,1996,51840.1897197251,15022,3450.951252810884
4032,2000,50374.6222191913,15493,3251.4440211186534
4032,2007,173567.13291176182,16676,10408.1993830512
4032,2010,222804.011,16788,13271.62324279247
4033,1970,2974.8143525285,6416,463.655603573644
4033,1980,11296.2028789418,6825,1655.1213009438534
4033,1996,12238.4468378865,5084,2407.2476077668175
4033,2000,16345.4398236282,5141,3179.42809251667
4033,2007,19839.3807414713,5598,3544.012279648321
4033,2010,22342.958,5408,4131.464127218935
4034,1970,22414.3151003563,27823,805.6038205929016
4034,1980,59923.1309530398,34545,1734.6397728481634
4034,1996,76621.2661139336,38646,1982.644157582508
4034,2000,134046.9991584799,43119,3108.7687367165267
4034,2007,162417.8761889186,45239,3590.2180903406042
4034,2010,190963.703,46459,4110.370498719301
4035,1970,18562.5153762581,20360,911.7149006020677
4035,1980,43393.1341981364,24679,1758.301965158086
4035,1996,48136.7986793186,29915,1609.1191268366572
4035,2000,78435.8919659972,32363,2423.628587151908
4035,2007,116271.7444100642,35070,3315.4190022829825
4035,2010,135820.41,35952,3777.8262683578105
4036,1970,10450.9133936089,10349,1009.8476561608753
4036,1980,14822.0187033044,12403,1195.0349676130293
4036,1996,20603.3073594497,15036,1370.2651875132815
4036,2000,35633.6860257011,16316,2183.9719309696675
4036,2007,49291.5130589424,18218,2705.648976778044
4036,2010,60609.708,18700,3241.1608556149736
4037,1970,5059.0102388775,6987,724.0604320706312
4037,1980,8767.2883311196,7863,1115.005510761745
4037,1996,14186.5054260219,8400,1688.8696935740356
4037,2000,26282.116160987898,8629,3045.789333756855
4037,2007,31721.0690573744,8355,3796.6569787402036
4037,2010,38948.928,8311,4686.430995066778
4038,1970,7628.29284491,7342,1038.9938497561973
4038,1980,11732.4446518779,8862,1323.904835463541
4038,1996,12210.2904489135,10180,1199.439140364784
4038,2000,23438.4231696142,10036,2335.4347518547434
4038,2007,28155.8272085794,10830,2599.799372906685
4038,2010,35420.742,10953,3233.8849630238287
4039,1970,9480.4097463944,7829,1210.9349529179206
4039,1980,12751.5921087078,9391,1357.8524234594613
4039,1996,23105.8697182384,12486,1850.5421847059424
4039,2000,27622.728281689,12854,2148.9597231748094
4039,2007,42689.6577764796,14686,2906.8267585782105
4039,2010,48072.602999999996,14613,3289.71484294806
4040,1970,17464.0762840579,14524,1202.4288270488778
4040,1980,63689.6409687093,18193,3500.7772752547294
4040,1996,38578.4529522126,20179,1911.8119308297044
4040,2000,58166.7720081042,21903,2655.6531985620327
4040,2007,77895.27718445059,23215,3355.385620695696
4040,2010,87120.814,23875,3649.0393298429317
4041,1970,16180.5289744095,18897,856.2485566179553
4041,1980,32983.7968102576,24308,1356.9111736982723
4041,1996,38618.6282495103,28111,1373.7906246490804
4041,2000,75067.8156769872,29305,2561.6043568328682
4041,2007,105771.2521929069,31542,3353.346401398355
4041,2010,113874.93699999999,31608,3602.7251645153124
4042,1970,3444.9189339739,5309,648.882828022961
4042,1980,8815.0549693643,6521,1351.7949653986045
4042,1996,13616.9608073169,8976,1517.041088159191
4042,2000,25549.383678832,9200,2777.106921612174
4042,2007,34824.357964347204,10422,3341.4275536698524
4042,2010,44081.557,10701,4119.386692832446
4043,1970,2723.0678409459,5058,538.3684936626928
4043,1980,12095.0862565949,6874,1759.5412069529968
4043,1996,14151.3114206177,8196,1726.611935165654
4043,2000,26406.2150159579,8732,3024.074097109242
4043,2007,30218.2218615862,9938,3040.67436723548
4043,2010,34588.057,10042,3444.339474208325
4044,1970,21570.2589645879,14397,1498.246785065493
4044,1980,51795.3881633077,21539,2404.7257608666932
4044,1996,54433.1786749364,24599,2212.820792509305
4044,2000,96722.9518679642,27750,3485.5117790257373
4044,2007,125398.4927909436,28696,4369.89450762976
4044,2010,152405.517,28967,5261.3497082887425
4045,1970,2927.1140078646,3300,887.0042448074546
4045,1980,8125.2474741968,4831,1681.8976348989443
4045,1996,17417.2736696402,6124,2844.1008604899084
4045,2000,18479.8507340506,6493,2846.119010326598
4045,2007,24154.9330317677,7800,3096.786286124064
4045,2010,27582.623,7831,3522.2350913037926
4046,1970,7582.3875865587,9090,834.1460491263696
4046,1980,13481.9887815365,9929,1357.8395388796957
4046,1996,61158.5098713571,11571,5285.499081441285
4046,2000,37287.9167869267,13950,2672.968945299405
4046,2007,53540.2316672366,14393,3719.879918518488
4046,2010,69220.001,14516,4768.531344723065
4047,1970,5470.5974987181,3518,1555.0305567703524
4047,1980,10702.4503414085,4258,2513.4923300630576
4047,1996,11255.2672299022,5755,1955.737138123753
4047,2000,21489.2338580026,5954,3609.2095831378233
4047,2007,29635.5379645039,6532,4536.977643065507
4047,2010,33471.519,6569,5095.375095143858
4048,1970,2220.2752942493,3567,622.4489190494253
4048,1980,5345.3875741183,3692,1447.8297871393013
4048,1996,5731.3425482734,4376,1309.7217889107403
4048,2000,10158.6492387903,4284,2371.300009054692
4048,2007,15450.2095145716,4312,3583.072707460946
4048,2010,15819.649,4264,3710.0490150093806
4049,1970,27056.1089451021,24582,1100.6471786307907
4049,1980,62499.6765966746,29110,2147.0174028400756
4049,1996,76995.8060979863,37120,2074.240466001786
4049,2000,114874.54439162,40100,2864.7018551526185
4049,2007,150830.84081316882,42567,3543.3749339434025
4049,2010,180441.91400000002,44266,4076.309447431438
4050,1970,3061.8059557088,3526,868.3510935078843
4050,1980,5815.4168039929,4671,1245.0046679496681
4050,1996,10677.5824297307,4424,2413.558415400249
4050,2000,11272.7916156273,4372,2578.4061334920634
4050,2007,14929.3953434114,4468,3341.404508373187
4050,2010,17619.898,4366,4035.707283554742
4051,1970,3129.0051248668,4562,685.8845078620781
4051,1980,10111.2307921615,5519,1832.0766066608987
4051,1996,10160.1954413098,5567,1825.0755238566192
4051,2000,16309.072287682,5863,2781.694062371141
4051,2007,20537.973392726,6177,3324.9106998099396
4051,2010,23745.101,6130,3873.5890701468184
4052,1970,105973.831365248,35850,2956.034347705662
4052,1980,211038.690698662,43129,4893.196937064667
4052,1996,245985.631104838,52222,4710.383192999847
4052,2000,326108.33594488,54591,5973.66481553516
4052,2007,485608.875763688,56090,8657.672949967695
4052,2010,542895.981,57690,9410.573426937077
4053,1970,2866.9415115263,4023,712.6377110430773
4053,1980,3785.9668407221,5029,752.8269717085107
4053,1996,9292.2356070852,5015,1852.8884560488934
4053,2000,12110.1388929921,5254,2304.936980013723
4053,2007,16096.5110272614,5292,3041.6687504273245
4053,2010,19213.453,5235,3670.191595033429
4054,1970,3159.0689513455,3937,802.4051184519939
4054,1980,5963.8534110682,4498,1325.8900424784795
4054,1996,8639.657252825,5010,1724.4824855938123
4054,2000,11562.9372804368,5236,2208.353185721314
4054,2007,16458.5811230925,5017,3280.562312755132
4054,2010,16854.203,4477,3764.6198347107443
4055,1970,7823.6113061804,3877,2017.9549409802426
4055,1980,7862.7977364168,4917,1599.1046850552777
4055,1996,17038.5692490438,6481,2629.0031243702824
4055,2000,25034.0211554749,7043,3554.4542319288516
4055,2007,33003.8365644728,8293,3979.7222433947663
4055,2010,36940.105,8592,4299.360451582868
4056,1970,822.2158153397,2027,405.6318773259497
4056,1980,2876.1293159396,2881,998.3093772785838
4056,1996,6181.9287217039,3578,1727.7609619071827
4056,2000,8982.4043843693,3703,2425.7100686927624
4056,2007,13171.320814786,3674,3585.0083872580294
4056,2010,15853.782,3771,4204.132060461416
4057,1970,11871.6905026322,9685,1225.7811566992464
4057,1980,27285.9244219143,11166,2443.661510112332
4057,1996,32611.8572582372,13674,2384.9537266518355
4057,2000,41529.6740274824,14426,2878.807294293803
4057,2007,53451.4740568253,14973,3569.8573470129763
4057,2010,56825.429,14845,3827.9170764567193
4058,1970,5670.1509375096,5393,1051.3908654755423
4058,1980,11890.6844958995,6273,1895.5339543917585
4058,1996,17140.1306252893,8110,2113.456303981418
4058,2000,22939.2239955666,8428,2721.7873748892503
4058,2007,30164.6220206789,9354,3224.783196566057
4058,2010,35807.565,9327,3839.129945320039
4059,1970,1997.2332358532,4873,409.85701536080444
4059,1980,12596.4088764156,6936,1816.0912451579586
4059,1996,9878.9903111665,7412,1332.8373328611037
4059,2000,16476.1642973444,7658,2151.497035432802
4059,2007,22438.3471518694,7790,2880.403998956277
4059,2010,25716.851,8221,3128.1901228561
4060,1970,7274.1562433815,10168,715.3969554859854
4060,1980,31135.4440025833,13370,2328.7542260720497
4060,1996,22550.850261025,12966,1739.2295435003084
4060,2000,38142.4364942072,13288,2870.442240683865
4060,2007,44983.647179985805,14181,3172.106845778563
4060,2010,54677.941,14095,3879.243774388081
4061,1970,6892.2576604901,9252,744.9478664602356
4061,1980,20803.6472317849,10225,2034.5865263359317
4061,1996,25265.9172447275,10088,2504.5516697786975
4061,2000,28431.9070852155,10347,2747.840638370107
4061,2007,40158.7476848949,10558,3803.632097451686
4061,2010,53144.64,10678,4977.021914216145
4062,1970,14832.8986783608,13552,1094.5173168802241
4062,1980,20897.7027003862,16950,1232.9028141820766
4062,1996,26794.8978337043,20788,1288.9598727008033
4062,2000,49426.0413002244,21461,2303.063291562574
4062,2007,73634.82581917969,21804,3377.1246477334294
4062,2010,84698.68000000001,21865,3873.7104962268468
4063,1970,30672.6791600051,34786,881.753554878546
4063,1980,64709.66732765,45069,1435.791060987597
4063,1996,71271.44928024011,48553,1467.910309975493
4063,2000,108792.7952602339,50623,2149.0783884841658
4063,2007,168477.074374665,54894,3069.134593483168
4063,2010,198751.10700000002,55446,3584.5887349853915
4064,1970,26057.5428188327,21669,1202.5263195732473
4064,1980,49956.9548380379,25369,1969.2126153194017
4064,1996,48720.3882339861,29440,1654.9044916435496
4064,2000,86297.9888747916,32858,2626.3920163975777
4064,2007,126091.787349349,35164,3585.820365980804
4064,2010,166064.991,37085,4477.9558042335175
4065,1970,60651.8473281874,37463,1618.9799890074848
4065,1980,83504.1454537111,41560,2009.2431533616723
4065,1996,122790.46757905789,43254,2838.8234054436093
4065,2000,157462.1705825782,46650,3375.3948677937447
4065,2007,219336.2558967699,49523,4428.977563894956
4065,2010,255229.674,50662,5037.891792665114
4066,1970,26020.0165395374,31041,838.2467233509681
4066,1980,46298.9766474505,38816,1192.7807256659755
4066,1996,93776.0214101026,44875,2089.7163545426765
4066,2000,107177.8870383407,48896,2191.956132165018
4066,2007,146229.1699926751,50213,2912.177523602954
4066,2010,179366.159,50687,3538.7014224554623
4067,1970,15352.293797397,14702,1044.2316553800165
4067,1980,35352.179265331,18724,1888.0676813357722
4067,1996,48716.5319622699,21270,2290.387022203569
4067,2000,87354.2569798068,24025,3635.973235371771
4067,2007,104998.21538848491,24758,4240.981314665358
4067,2010,121502.658,25176,4826.130362249762
4068,1970,2919.3609986093,4047,721.3642200665431
4068,1980,7332.4149309635,5928,1236.912100364963
4068,1996,12247.6919169045,5511,2222.4082592822538
4068,2000,15545.6745908587,5628,2762.2023082549217
4068,2007,19304.5366230524,5586,3455.8783786345152
4068,2010,28673.102,5281,5429.48343116834
4069,1970,2776.9163933362,2428,1143.7052690841024
4069,1980,4779.19483354,3187,1499.5904717728272
4069,1996,10664.6234630031,4750,2245.1838869480207
4069,2000,11123.5470137359,4279,2599.5669581060765
4069,2007,13493.1755254843,4198,3214.1914067375656
4069,2010,17999.394,4456,4039.3613105924596
4070,1970,24617.0527076982,24597,1000.8152501401879
4070,1980,59878.8130971629,26636,2248.0407379923
4070,1996,36745.2256901749,27987,1312.9390677877193
4070,2000,68912.6136042843,29849,2308.7076151390097
4070,2007,103493.05328304,32178,3216.267427529368
4070,2010,115728.358,32289,3584.14190591223
4071,1970,1729.8789274668,1418,1219.9428261401974
4071,1980,-203.8379841436,1481,-137.63537079243753
4071,1996,6057.7721573143,1550,3908.240101493097
4071,2000,8465.0056401914,1370,6178.836233716351
4071,2007,8358.2907689862,1194,7000.2435251140705
4071,2010,8792.169,1253,7016.894652833201
4072,1970,5637.868292468,4243,1328.745767727551
4072,1980,12629.7839823272,4640,2721.936203087759
4072,1996,20425.0661502476,6567,3110.2582838811636
4072,2000,19968.942180747,6764,2952.23864292534
4072,2007,24109.815708364,7163,3365.8824107725814
4072,2010,28074.003,7391,3798.4038695711
4073,1970,3766.0350332184,7751,485.8773104397368
4073,1980,9312.3764417802,7960,1169.8965379120855
4073,1996,12783.0496523282,9414,1357.876529884024
4073,2000,23551.1941353615,10230,2302.169514698094
4073,2007,41273.8253640954,10335,3993.5970357131496
4073,2010,47684.847,10345,4609.458385693572
4074,1970,5355.7986781148,6268,854.4669237579452
4074,1980,9415.5530348304,7500,1255.4070713107199
4074,1996,12137.6155900251,8111,1496.4388595765133
4074,2000,21141.7805415774,7805,2708.7483076972962
4074,2007,22618.9214960589,6947,3255.926514475155
4074,2010,26112.217,7321,3566.755497882803
4075,1970,845211.937199122,220487,3833.3867175802748
4075,1980,2798473.78713027,377771,7407.857636320073
4075,1996,6719122.83196192,655473,10250.800310557292
4075,2000,6634021.23402625,715360,9273.682109743695
4075,2007,8272889.04728469,779939,10607.09753876225
4075,2010,10539377.697,822298,12816.980823253856
4076,1970,4358.5292752347,5171,842.8793802426418
4076,1980,7920.9595213206,5528,1432.8797976339727
4076,1996,11441.6456741604,7329,1561.1469060117888
4076,2000,16326.1679642631,7214,2263.122811791392
4076,2007,22581.6589180488,8044,2807.267394088613
4076,2010,26626.942,8206,3244.813794784304
4077,1970,5974.3516389861,6364,938.7730419525612
4077,1980,9932.5031288306,7287,1363.044205960011
4077,1996,41772.1565796558,6873,6077.718111400523
4077,2000,15608.145032959,6760,2308.8971942247044
4077,2007,19475.0134553584,6191,3145.697537612405
4077,2010,23524.763,6498,3620.3082486919047
4078,1970,4951.3597357459,8302,596.4056535468442
4078,1980,18628.688735398,10336,1802.311216660023
4078,1996,26773.5964252493,10574,2532.021602539181
4078,2000,34163.5797420902,11000,3105.7799765536547
4078,2007,38792.1409593606,11270,3442.0710700408695
4078,2010,45522.619999999995,10735,4240.579413134606
4079,1970,3433.8352978872,3682,932.6005697683867
4079,1980,8359.6032331056,4314,1937.7847086475658
4079,1996,12759.051366717,4962,2571.352552744256
4079,2000,18547.2085576112,5199,3567.456925872514
4079,2007,21122.1166068303,4985,4237.134725542688
4079,2010,25399.605,4993,5087.042860004005
4080,1970,12802.3228540039,10477,1221.9454857310204
4080,1980,22230.1190384346,12578,1767.3810652277468
4080,1996,67743.7345062618,12107,5595.418725221921
4080,2000,36600.6516257819,12154,3011.4079007554633
4080,2007,44774.2763215852,13721,3263.1933766915827
4080,2010,46895.224,13745,3411.802400873045
4081,1970,7630.3884380447,7966,957.8695001311448
4081,1980,31592.7479205171,10663,2962.83859331493
4081,1996,24752.8503888525,13517,1831.2384692500186
4081,2000,41230.564024669,13666,3017.017709986024
4081,2007,51721.7555893983,15197,3403.418805645739
4081,2010,63374.355,14517,4365.526968381897
4082,1970,7249.699216062,7673,944.8324274810375
4082,1980,9260.5424633327,9310,994.6876974578626
4082,1996,17107.5915547767,9781,1749.0636493995196
4082,2000,24792.4400344772,10104,2453.725260736065
4082,2007,35693.1198902007,10721,3329.271512937292
4082,2010,39144.418999999994,9936,3939.655696457326
4083,1970,6397.7327885553,9082,704.4409588807862
4083,1980,10454.1859761923,9463,1104.7433135572546
4083,1996,29871.2815665244,10079,2963.7148096561564
4083,2000,30575.8624985542,11306,2704.392579033628
4083,2007,38411.8692693458,11722,3276.9040495944205
4083,2010,45231.521,11733,3855.068695133384
4084,1970,1782.2755339264,1528,1166.4106897424083
4084,1980,4103.6449643277,2130,1926.5938799660564
4084,1996,5202.5597674854,2967,1753.4748120948432
4084,2000,7169.1700604892,3117,2300.0224768974012
4084,2007,10253.2436653322,3159,3245.724490450206
4084,2010,12338.764,3085,3999.599351701783
4085,1970,2463.1708310225,3738,658.9542084062332
4085,1980,8187.5938883298,5331,1535.8457865934722
4085,1996,10227.294242302,7263,1408.136340672174
4085,2000,19513.1447600264,7781,2507.7939545079553
4085,2007,27274.1997514778,8263,3300.762404874477
4085,2010,31853.366,8400,3792.067380952381
4086,1970,4177.415365041,4614,905.3782759083224
4086,1980,-3103.3623330481,4657,-666.3865864393601
4086,1996,11023.0409532632,5708,1931.1564389038542
4086,2000,22005.6348088293,6031,3648.753906289057
4086,2007,44767.0949124065,5999,7462.426223104934
4086,2010,43926.004,6096,7205.7093175853015
4087,1970,7493.6358218392,3909,1917.021187474853
4087,1980,7414.1130252772,4269,1736.732964459405
4087,1996,6468.9847063114,4409,1467.2226596306193
4087,2000,11392.6916116984,4780,2383.4082869661925
4087,2007,15127.9675089828,5280,2865.145361549773
4087,2010,20019.073,5513,3631.248503537094
4088,1970,4456.5971922665,3022,1474.7178002205494
4088,1980,14966.2814145317,5607,2669.2137354256643
4088,1996,16130.5115013496,5054,3191.6326674613374
4088,2000,19958.0838413366,5154,3872.3484364254173
4088,2007,25676.2754570814,5729,4481.807550546588
4088,2010,31561.529,6007,5254.125020809056
4089,1970,2250.4702630151,3204,702.3939647362984
4089,1980,4707.069186608,4227,1113.5720810522828
4089,1996,10126.6653442731,5281,1917.5658671223443
4089,2000,14363.6664639814,6125,2345.0884022826776
4089,2007,19494.5477996064,6305,3091.918762824171
4089,2010,24654.706000000002,6813,3618.773814765889
4090,1970,5336.4133464178,5970,893.8715823145394
4090,1980,5691.689424065,5705,997.66685785539
4090,1996,12627.7025342601,5003,2524.0260911973014
4090,2000,16529.7900463449,5427,3045.8430157259813
4090,2007,19215.2904641844,5215,3684.6194562194437
4090,2010,21745.472999999998,5179,4198.77833558602
4091,1970,4910.5316552723,6116,802.8992242106442
4091,1980,8127.8304596717,6844,1187.5848129268995
4091,1996,8575.7300102183,6318,1357.3488461883983
4091,2000,15896.3763793029,6442,2467.6150852690002
4091,2007,16180.9413133896,6276,2578.22519333805
4091,2010,24738.524,6298,3927.996824388695
4092,1970,5318.1561526739,6689,795.0599719949021
4092,1980,12990.3654485139,7784,1668.8547595727005
4092,1996,9554.2543097388,7074,1350.615537141476
4092,2000,17894.3898415937,6675,2680.8074669054236
4092,2007,23394.8579494814,6672,3506.423553579347
4092,2010,25734.487,6157,4179.7120350820205
4093,1970,7205.1821894423,5011,1437.8731170309918
4093,1980,14082.7769446047,5612,2509.404302317302
4093,1996,12411.1274209968,6118,2028.6249462237333
4093,2000,17092.109808387,6706,2548.778677063376
4093,2007,23704.8773839672,6808,3481.915009395887
4093,2010,27221.968,6591,4130.172659687453
4094,1970,11106.6487966798,10088,1100.97628833067
4094,1980,14870.3406973037,10699,1389.8813624921675
4094,1996,25528.935357502,11988,2129.5408206124457
4094,2000,34281.8498585243,12510,2740.355704118649
4094,2007,49357.8063000353,13083,3772.667301080433
4094,2010,54372.895,13639,3986.5748955201993
4095,1970,2311.7019302758,3433,673.3766181986017
4095,1980,7234.4747508186,4795,1508.7538583563296
4095,1996,8182.4503255094,4787,1709.3065229808649
4095,2000,10876.5502677392,4675,2326.534816628706
4095,2007,13614.2596025562,4599,2960.2651886401827
4095,2010,15331.88,4522,3390.5086245024327
4096,1970,6447.6970316364,6838,942.9214728921322
4096,1980,12985.5216982814,6542,1984.9467591380924
4096,1996,12845.2807284219,7489,1715.2197527603016
4096,2000,25569.0731666359,8385,3049.3826078277757
4096,2007,29080.5405894139,10227,2843.5064622483524
4096,2010,35974.331,10496,3427.432450457317
4097,1970,46340.0394243819,37669,1230.190326910242
4097,1980,195081.595689668,42642,4574.869745548239
4097,1996,153736.2886980568,49888,3081.6286220745833
4097,2000,254855.20840941928,54944,4638.453851365378
4097,2007,226339.60181970298,58813,3848.462105651862
4097,2010,276801.251,61326,4513.603544989075
4098,1970,123677.498842384,62857,1967.6010443130278
4098,1980,120233.966287832,71897,1672.3085286984435
4098,1996,159139.6901539819,98601,1613.9764318209948
4098,2000,382991.0449803547,111183,3444.690689946797
4098,2007,549665.9090662474,124005,4432.610854935264
4098,2010,689173.605,134503,5123.8530367352405
4099,1970,75627.7304580751,48292,1566.050908185105
4099,1980,212021.670819752,52047,4073.657863464792
4099,1996,83299.1598688365,47433,1756.1436103311303
4099,2000,161224.485860421,47137,3420.3382875537477
4099,2007,160127.48002134,48703,3287.8360680315377
4099,2010,206011.543,51160,4026.808893666927
4100,1970,8941.0883871649,14462,618.2470188884595
4100,1980,39399.1292560945,15548,2534.0319819973306
4100,1996,57081.9669596577,13763,4147.494511346196
4100,2000,36666.2170332318,14452,2537.103309800152
4100,2007,49092.5839745502,15585,3149.989347099788
4100,2010,54257.467,16203,3348.6062457569587
4101,1970,16419.9845544405,9554,1718.6502569018735
4101,1980,11094.269199091,9336,1188.3321764236289
4101,1996,11743.0743006437,9166,1281.1558259484727
4101,2000,21786.9081219668,9548,2281.8295058616254
4101,2007,31846.9373654466,10270,3100.967611046407
4101,2010,37776.512,10771,3507.2427815430324
4102,1970,2301.8127296991,3405,676.0096122464317
4102,1980,6499.2311336156,4422,1469.7492387190412
4102,1996,6920.6182844552,5435,1273.3428306265318
4102,2000,14646.7666241549,5687,2575.4820861886583
4102,2007,19554.843032575,6417,3047.349701196042
4102,2010,24597.846,6856,3587.7838389731623
4103,1970,7450.0327674143,11904,625.8428064024109
4103,1980,37667.920883143,12950,2908.7197593160618
4103,1996,42875.7678117604,13432,3192.0613320250445
4103,2000,72742.3273398059,15394,4725.3688021180915
4103,2007,65890.3316368123,19154,3440.029844252496
4103,2010,77095.713,16359,4712.739959655236
4104,1970,64961.0280040792,94846,684.9105708630748
4104,1980,161531.879287336,103815,1555.9589586026682
4104,1996,295815.2394546698,118947,2486.9499815436275
4104,2000,601295.7645831275,138119,4353.461613413994
4104,2007,714345.8810510067,156925,4552.148357820657
4104,2010,855099.28,168097,5086.939564656121
4105,1970,3740.9766885042,5289,707.3126656275666
4105,1980,12060.0372404464,5463,2207.585070555812
4105,1996,6939.6102734837,5781,1200.4169301995676
4105,2000,18201.2587035659,6509,2796.3218164949917
4105,2007,23474.3862973388,6761,3472.0287379587044
4105,2010,28343.039,6984,4058.2816437571596
4106,1970,3694.611375679,9749,378.9733691331419
4106,1980,16415.2505242092,9234,1777.6966129747889
4106,1996,12921.4365591121,11229,1150.7201495335382
4106,2000,33274.8822263538,12540,2653.49938009201
4106,2007,42580.3836622287,13649,3119.6705738316873
4106,2010,52312.552,13925,3756.7362298025137
4107,1970,67211.2441051615,32507,2067.592952445981
4107,1980,177647.484654412,45112,3937.920833800585
4107,1996,508671.264310242,79488,6399.346622260492
4107,2000,1130759.586674143,91969,12295.007955660529
4107,2007,1475910.248883505,105454,13995.773027893725
4107,2010,1954219.997,118661,16468.932479921794
4108,1970,82854.5737886926,50120,1653.1239782261096
4108,1980,188598.219593866,61145,3084.442220849882
4108,1996,290950.8050884179,83630,3479.024334430442
4108,2000,558256.9755183938,89305,6251.127882183459
4108,2007,701736.164406501,98307,7138.211565875278
4108,2010,830563.7710000001,102368,8113.509797983746
4109,1970,28173.4467613121,33902,831.0260976140671
4109,1980,72310.6785615853,35257,2050.9594849699433
4109,1996,73477.243771139,44148,1664.3391268265607
4109,2000,140807.2297090885,45648,3084.6308646400394
4109,2007,158188.47549537488,47782,3310.6290129206577
4109,2010,192185.787,49398,3890.55805903073
4110,1970,31740.0591678887,41052,773.1671823026576
4110,1980,85933.6834906899,46602,1843.9913199152377
4110,1996,83831.1451371137,50646,1655.2372376320677
4110,2000,169610.7877282217,50602,3351.8593677764065
4110,2007,189077.7528352334,52617,3593.472695806173
4110,2010,225541.549,52799,4271.701149642985
4111,1970,17061.4158895327,13814,1235.081503513298
4111,1980,34846.3860748226,14858,2345.294526505761
4111,1996,24330.8558040723,17589,1383.2995510871738
4111,2000,53999.9327945778,19606,2754.2554725378864
4111,2007,85708.4757084547,21214,4040.1845813356604
4111,2010,89223.044,20685,4313.417645636934
4112,1970,11036.3293383371,10558,1045.3049193348268
4112,1980,27786.1153018506,12433,2234.8681172565434
4112,1996,22791.3267246035,11524,1977.727067390099
4112,2000,47368.5914100053,12359,3832.720398900016
4112,2007,61155.1465983326,12129,5042.060070766971
4112,2010,60487.521,11529,5246.553994275306
4113,1970,4511.6897766551,6768,666.6208298840278
4113,1980,13417.3374535653,7023,1910.4851849017941
4113,1996,23030.7817924094,7128,3231.0299933234287
4113,2000,25171.9310957905,7538,3339.338166064009
4113,2007,28970.5298554692,7302,3967.4787531456045
4113,2010,33968.346,7650,4440.306666666666
4114,1970,21161.4468651851,29117,726.7729115357042
4114,1980,66945.2572285884,29569,2264.0352135205244
4114,1996,45977.6643884313,26936,1706.9224973430096
4114,2000,78025.0020184349,30095,2592.623426430799
4114,2007,90832.7857956387,30350,2992.8430245679965
4114,2010,117527.485,31355,3748.285281454314
4115,1970,28900.8684472682,24599,1174.8798100438312
4115,1980,73620.1367207223,25060,2937.7548571716798
4115,1996,38013.6706288417,24522,1550.1863889096198
4115,2000,74366.8545604989,25207,2950.2461443447814
4115,2007,83013.2158909852,24480,3391.06274064482
4115,2010,98162.875,24566,3995.883538223561
4116,1970,6033.1528875798,4997,1207.3549905102664
4116,1980,9126.9795392671,5299,1722.3965916714662
4116,1996,13265.059925059,6019,2203.8644168564547
4116,2000,18931.6705260724,5830,3247.2848243691938
4116,2007,20775.5686826889,5780,3594.3890454479065
4116,2010,25021.377,6026,4152.236475273813
4117,1970,126398.364614526,98509,1283.1148891423727
4117,1980,254802.61515764,99290,2566.246501738745
4117,1996,291235.63985421817,101856,2859.288013020521
4117,2000,451066.00655138696,110389,4086.1499474710968
4117,2007,518522.0144462878,119071,4354.729652445078
4117,2010,715278.823,123694,5782.647687034133
4118,1970,53504.8051644372,25370,2108.9793127488056
4118,1980,178758.237762112,30955,5774.777508063705
4118,1996,164105.794226291,43296,3790.322298279079
4118,2000,251943.092077603,47031,5356.958008071336
4118,2007,300987.701185674,50386,5973.637541890089
4118,2010,454409.779,55323,8213.758816405474
4119,1970,21432.386367922,17497,1224.9177783575471
4119,1980,52954.9908210908,19023,2783.7349955890663
4119,1996,35138.5508616841,19514,1800.6841683757355
4119,2000,62297.8735145192,20007,3113.8038443804267
4119,2007,69098.7900915985,20673,3342.4655391863057
4119,2010,88487.614,21514,4113.0247280840385
4120,1970,45762.7574089992,35736,1280.57861565366
4120,1980,115810.151885394,46004,2517.3930937612818
4120,1996,121593.8713658644,64540,1884.0079232392998
4120,2000,233145.4712506,69369,3360.9461178710953
4120,2007,324839.11779324117,73282,4432.727242614027
4120,2010,381890.212,74634,5116.839670927459
4121,1970,27584.9961451112,22220,1241.4489714271467
4121,1980,73176.6895546424,24450,2992.9116382266834
4121,1996,82047.7495114405,29467,2784.3943907231987
4121,2000,103088.519028948,29861,3452.2795294513912
4121,2007,126863.431917237,31669,4005.9184665520543
4121,2010,166097.174,33321,4984.759581044987
4122,1970,21944.6014347604,29373,747.101128068648
4122,1980,51894.2505758868,35466,1463.2112608099815
4122,1996,48262.8111060182,38139,1265.4451114611866
4122,2000,154813.708727842,42343,3656.181865428571
4122,2007,201054.753664286,46155,4356.077427457176
4122,2010,252153.024,49311,5113.524852466996
4123,1970,32823.6962932294,18319,1791.7842837070473
4123,1980,62475.3807316648,21871,2856.5397435720724
4123,1996,46755.808728555,27817,1680.8357741149298
4123,2000,83735.5201017931,28358,2952.8006242257243
4123,2007,97713.7579242005,29566,3304.936681465213
4123,2010,120464.973,30878,3901.3204546926613
4124,1970,28960.5637604293,41825,692.4223254137311
4124,1980,137882.760114251,46562,2961.2722845722046
4124,1996,101525.052045906,47751,2126.1345740593074
4124,2000,152785.583126384,50306,3037.124460827416
4124,2007,193909.495805726,53538,3621.9039897965185
4124,2010,230650.725,52498,4393.51451483866
4125,1970,36161.4452443542,21752,1662.4423153895827
4125,1980,92528.6511715689,26501,3491.5154587211387
4125,1996,94349.1932837071,34838,2708.2264562749615
4125,2000,149815.511254509,38484,3892.929821601419
4125,2007,175174.342158173,39613,4422.1427854031
4125,2010,239566.31,45193,5300.960546987366
4126,1970,30738.7368971109,31694,969.8598124916672
4126,1980,81831.7133345427,32121,2547.6078993350984
4126,1996,60973.0055211945,36406,1674.8065022577186
4126,2000,111704.55491478869,39491,2828.607908505449
4126,2007,154947.8487826251,41351,3747.136678257481
4126,2010,179773.766,41959,4284.51026001573
4127,1970,54197.2157014516,50652,1069.9916232616995
4127,1980,164278.42413938,58178,2823.7207215679464
4127,1996,154137.7431853,65576,2350.5206658731854
4127,2000,346470.740551308,69601,4977.956359122828
4127,2007,300025.063281641,73878,4061.088054382103
4127,2010,362049.678,74473,4861.489103433459
4128,1970,14120.0937045874,12568,1123.4956798685073
4128,1980,20765.7552738469,15149,1370.767395461542
4128,1996,20987.9244152206,15504,1353.710295099368
4128,2000,46856.1929198386,15830,2959.9616500213897
4128,2007,52520.4120773937,16403,3201.8784415895693
4128,2010,63480.614,17062,3720.5845739069277
4129,1970,6473.9248925072,10301,628.4753803035821
4129,1980,20970.3913810653,11903,1761.773618505024
4129,1996,19522.4772854075,13799,1414.774786970614
4129,2000,86198.6745745798,15604,5524.139616417572
4129,2007,57000.0419746158,17977,3170.72047475195
4129,2010,73902.575,20020,3691.4373126873124
4130,1970,20584.3898260431,18410,1118.1091703445466
4130,1980,23302.2462012576,18319,1272.0261041136307
4130,1996,33958.1655053379,18223,1863.4783243888437
4130,2000,50440.8174554761,18617,2709.3955769176614
4130,2007,62861.5362441204,18527,3392.9689773908563
4130,2010,73906.042,18347,4028.235787867226
4131,1970,16041.0051766364,23766,674.9560370544643
4131,1980,28101.4437527563,23530,1194.2815024545814
4131,1996,35932.6662022197,23403,1535.3871812254708
4131,2000,64667.9758562259,25733,2513.036795407683
4131,2007,77335.7259302233,26325,2937.7293800654625
4131,2010,95077.242,26393,3602.3658545826543
4132,1970,21147.6852403928,18576,1138.441281244229
4132,1980,38117.7454096269,18152,2099.9198661099
4132,1996,29452.3111986655,17479,1685.0112248221008
4132,2000,47851.3134490516,18444,2594.41083545064
4132,2007,55748.0049248417,18649,2989.3294506322964
4132,2010,67288.472,18567,3624.08962137125
4133,1970,5636.4761961616,9655,583.7883165366753
4133,1980,26401.8042135637,11219,2353.3117223962654
4133,1996,16452.632520978,14793,1112.1903955234234
4133,2000,43435.2719598811,15230,2851.954823367111
4133,2007,53651.9244760488,16001,3353.0357150208615
4133,2010,72328.152,16746,4319.130060910068
4134,1970,52025.8266637154,39028,1333.038502196254
4134,1980,121087.105303495,47677,2539.7383498016866
4134,1996,162766.20240783688,63599,2559.2572588851535
4134,2000,421147.5115326573,72080,5842.779016823769
4134,2007,440601.8402755924,81075,5434.496950670274
4134,2010,537373.659,84825,6335.085870910699
4135,1970,17726.453937662,9122,1943.2639703641748
4135,1980,27600.5358838989,8924,3092.843554896784
4135,1996,22702.0181457647,12508,1814.999851756052
4135,2000,34471.2861183911,15547,2217.2307273680517
4135,2007,45079.798832064604,17028,2647.3924613615577
4135,2010,59393.947,18745,3168.52211256335
4136,1970,32466.7474278564,42778,758.9589842408808
4136,1980,51422.8445171296,52263,983.9244688810362
4136,1996,106682.3359818527,48464,2201.269725607723
4136,2000,210691.9604166824,51661,4078.356214875485
4136,2007,213263.69097462352,53852,3960.1814412579574
4136,2010,266678.472,52715,5058.8726548420755
4137,1970,132236.947301265,54754,2415.1102622870476
4137,1980,376412.897668636,94106,3999.88202312962
4137,1996,626660.777783408,209150,2996.226525380865
4137,2000,1382067.24918094,250479,5517.697089101042
4137,2010,2597520.258,325441,7981.539689221701
4138,1970,42704.4188020156,22758,1876.4574568070834
4138,1980,99436.4110393392,21753,4571.158508681065
4138,1996,55546.2623299705,23302,2383.7551424757744
4138,2000,77272.7154955362,24062,3211.400361380442
4138,2007,86740.6583587236,24607,3525.039962560393
4138,2010,106407.969,24527,4338.401312838912
4139,1970,6114.1898863088,6876,889.2073714817917
4139,1980,21112.1596553508,8563,2465.50971100675
4139,1996,10632.5624681133,11275,943.0210614734633
4139,2000,31171.3171266804,12163,2562.7984154139936
4139,2007,40880.6172653363,12215,3346.755404448326
4139,2010,52225.85,12615,4139.980182322632
4140,1970,62101.2405942053,33335,1862.9440706226278
4140,1980,278150.938133347,46981,5920.4984596612885
4140,1996,596406.6796269856,78489,7598.602092356707
4140,2000,1152622.4918847266,96567,11935.987365090834
4140,2007,1318819.6544147907,121802,10827.569780584809
4140,2010,1600525.964,135940,11773.767573929676
4141,1970,9269.634410556,14760,628.0240115552846
4141,1980,24628.3234197706,17325,1421.5482493374084
4141,1996,20724.1999922854,19013,1090.0015774620208
4141,2000,48860.2044294919,19981,2445.3332880982884
4141,2007,63320.3186836528,21171,2990.898808920353
4141,2010,83172.754,21954,3788.501138744648
4142,1970,114520.05560895,62011,1846.7700183669026
4142,1980,165291.038328237,65869,2509.390431435683
4142,1996,197005.919146012,65229,3020.219827776173
4142,2000,270288.834418857,70898,3812.361906102528
4142,2007,376313.107171958,72386,5198.70012394604
4142,2010,384605.921,72812,5282.177676756578
4143,1970,167652.956534946,70996,2361.442285973097
4143,1980,470972.456597323,80675,5837.898439384233
4143,1996,418270.629523822,95521,4378.834282763183
4143,2000,626779.846976279,104646,5989.525132124296
4143,2007,681711.193472308,111198,6130.606606884188
4143,2010,846429.046,121428,6970.624946470336
4144,1970,31834.3342273425,32140,990.4895528109055
4144,1980,52144.7511951277,36972,1410.3849181847802
4144,1996,87882.2190489873,47799,1838.578611456041
4144,2000,179819.4823986934,51101,3518.9033952113145
4144,2007,241243.71794465662,54022,4465.656916527649
4144,2010,286740.703,54844,5228.296677849901
4145,1970,35745.4081368552,34085,1048.7137490642572
4145,1980,74494.4455986745,37255,1999.5824882210306
4145,1996,92475.4943334064,36237,2551.9633063831557
4145,2000,141137.2871079469,38315,3683.6039960314997
4145,2007,166705.9014315894,40559,4110.20738754874
4145,2010,186761.734,39846,4687.088641268885
4146,1970,5952.2041113279,20609,288.8157655067155
4146,1980,36487.3870404922,21568,1691.73715877653
4146,1996,41648.6262252452,20000,2082.43131126226
4146,2000,69731.9486799537,21527,3239.278519066925
4146,2007,73442.5820014921,22218,3305.544243473405
4146,2010,91104.033,22597,4031.687082356065
4147,1970,19366.2553889544,17277,1120.9269774239972
4147,1980,35687.7028345749,17362,2055.5064413417176
4147,1996,37688.6608076148,19450,1937.7203500059022
4147,2000,49449.1756582862,20315,2434.1213713160814
4147,2007,60817.0913170515,19244,3160.314452143603
4147,2010,74022.38,19007,3894.4799284474147
4148,1970,303819.784223996,102197,2972.8835897726544
4148,1980,661579.702929717,118024,5605.467556850445
4148,1996,1135753.4843657885,155159,7319.933000121092
4148,2000,1779733.3150424268,172764,10301.52876202465
4148,2007,2302705.2560559944,20181,114102.63396541274
4148,2010,2445973.109,210019,11646.437269961289
4149,1970,5402164.19625183,857980,6296.375435618348
4149,1980,15286980.2715182,NA,NA
4149,1996,25523448.8570103,NA,NA
4149,2000,25162610.2024277,NA,NA
4149,2010,37106309.475,2452185,15131.937221294478
4150,1970,9437.6531314316,8200,1150.9333087111706
4150,1980,17612.3691379999,9176,1919.3950673495967
4150,1996,12944.5600866706,10880,1189.7573609072242
4150,2000,39275.9590880583,11832,3319.46915889607
4150,2007,45438.5718586482,12830,3541.5878299803744
4150,2010,63193.413,12991,4864.399430374875
4151,1970,4481.435255009,4163,1076.4917739632476
4151,1980,7591.1023505319,4753,1597.1181044670525
4151,1996,10891.7235183329,4840,2250.3560988291115
4151,2000,17967.3213117248,4866,3692.421149141965
4151,2007,24541.5950874757,6540,3752.5374751491895
4151,2010,28842.403,6218,4638.533772917336
4152,1970,36207.6311175647,41076,881.4789930266993
4152,1980,98435.4993595579,43759,2249.4915185346536
4152,1996,93344.53408948799,52185,1788.7234663119284
4152,2000,173195.5115917041,54707,3165.87478004102
4152,2007,240063.4405628776,58374,4112.506262426382
4152,2010,293047.833,59227,4947.8756816992245
4153,1970,18522.7764223042,36053,513.7651907553934
4153,1980,60885.5508539938,39653,1535.4588771087635
4153,1996,42156.4210273441,44084,956.2748622480741
4153,2000,110598.638689471,48484,2281.1368428650894
4153,2007,150716.86600211,51410,2931.664384402062
4153,2010,191680.654,52645,3641.0039699876534
4154,1970,4282.513146654,5771,742.0747091758793
4154,1980,6680.882010801,4406,1516.3145734909215
4154,1996,7358.8231165131,4878,1508.5738246234316
4154,2000,14564.5389707199,5295,2750.6211465004535
4154,2007,17573.3056804811,4931,3563.8421578748935
4154,2010,19559.575,4629,4225.442860228991
4155,1970,6719.2097450421,6290,1068.236843408919
4155,1980,10953.0960404429,7237,1513.4857040822028
4155,1996,12155.9870176025,8353,1455.2839719385252
4155,2000,24267.3456397692,8741,2776.2665186785493
4155,2007,31797.79141578,9456,3362.7105981154823
4155,2010,40462.158,10228,3956.0185764567855
4156,1970,47572.0687963148,31916,1490.539816904211
4156,1980,96397.5170853555,42106,2289.4009662602834
4156,1996,192728.42381051392,86540,2227.0444165763106
4156,2000,446856.314145131,100797,4433.230295992251
4156,2007,666407.1460118025,119284,5586.727021325597
4156,2010,838535.187,132207,6342.592956500034
4157,1970,4949.0530055294,6412,771.8423277494386
4157,1980,12630.8148794584,5423,2329.1194688287665
4157,1996,8167.6702438144,5495,1486.382209975323
4157,2000,28141.7997970733,5714,4925.061217548705
4157,2007,27618.1353336127,4307,6412.383406921917
4157,2010,30162.263,4164,7243.579010566762
4158,1970,16684.0775829255,17458,955.6694686061118
4158,1980,19620.8131396225,17679,1109.8372724488092
4158,1996,30352.7728422583,16907,1795.2784552113503
4158,2000,60936.3573973649,17687,3445.2624751153335
4158,2007,76689.6484410486,18534,4137.781830206572
4158,2010,89899.88,19325,4651.998965071151
4159,1970,27057.2750476668,14863,1820.4450681334051
4159,1980,-121149.049513762,16903,-7167.310507824765
4159,1996,75349.7767083017,20905,3604.390179780038
4159,2000,119001.571198942,22157,5370.834102041883
4159,2007,140591.176516726,23088,6089.361422242117
4159,2010,144316.034,23808,6061.661374327958
4160,1970,38968.537733774,53552,727.6766084137661
4160,1980,172790.53942469,64533,2677.553180925883
4160,1996,240931.59181843651,69302,3476.5460133681067
4160,2000,314516.06308842654,73835,4259.715082121305
4160,2007,373310.8009778388,72751,5131.349410700043
4160,2010,428367.64800000004,73400,5836.071498637602
4161,1970,54481.249782311,41569,1310.6220929613655
4161,1980,122236.707314458,53342,2291.565882690151
4161,1996,113585.981077113,58316,1947.7670120912442
4161,2000,192784.536052895,62521,3083.5165152971804
4161,2007,233865.998351937,63262,3696.7847736704025
4161,2010,287336.293,65456,4389.762481667074
4162,1970,160178.53011029,75682,2116.467985918581
4162,1980,439742.928868343,82946,5301.556782344453
4162,1996,298444.06293952174,93287,3199.203135908773
4162,2000,563723.3141546285,101211,5569.7830685857125
4162,2007,650084.5585533974,107968,6021.085493418396
4162,2010,829897.363,111495,7443.359460065474
4163,1970,49782.2067550029,39075,1274.0168075496586
4163,1980,123154.461352893,43842,2809.052081403517
4163,1996,117488.4913748144,41156,2854.7111326371464
4163,2000,130964.37755105781,43617,3002.5993890239542
4163,2007,157001.6875092929,45492,3451.193341890726
4163,2010,192988.806,45494,4242.071613839187
4164,1970,27707.2238275887,10627,2607.2479371025406
4164,1980,29550.9041336616,11112,2659.368622539741
4164,1996,26380.823928996,10931,2413.39529128131
4164,2000,37907.3658619537,11539,3285.151734288387
4164,2007,41769.9893545782,11591,3603.6570921040634
4164,2010,50179.518,12009,4178.492630527105
4165,1970,31990.2830017088,42412,754.2743327763086
4165,1980,105817.839153887,44191,2394.556338482655
4165,1996,71804.9594877472,45748,1569.5759265486404
4165,2000,150005.7918010581,47721,3143.391626350204
4165,2007,190322.78440389998,48921,3890.410752108501
4165,2010,224911.02800000002,50512,4452.625673107381
4166,1970,22357.3421936,30332,737.0876366082026
4166,1980,58374.5885835941,33322,1751.833280823303
4166,1996,66482.5638218436,35705,1861.9959059471673
4166,2000,105450.079175992,38219,2759.1009491612026
4166,2007,130471.706531643,38044,3429.4949671864947
4166,2010,155112.804,37862,4096.793724578733
4167,1970,22160.5091961191,20310,1091.1132051264942
4167,1980,65677.4991926102,21119,3109.8773233870065
4167,1996,45592.8752428953,19303,2361.9579983886083
4167,2000,73947.9664639695,18923,3907.8352514912804
4167,2007,81733.3277821739,20791,3931.1879073721275
4167,2010,100860.342,19848,5081.637545344619
4168,1970,12936.9018252959,15557,831.5807562702255
4168,1980,44543.2007950114,16396,2716.7114415108194
4168,1996,41253.0039054472,16986,2428.6473510801366
4168,2000,58411.2494387616,19560,2986.2601962557055
4168,2007,70977.813270651,21921,3237.891212565622
4168,2010,88469.11,22324,3962.9595950546495
4169,1970,3847.0962417671,4822,797.8217009056615
4169,1980,7293.3827076731,5311,1373.259783030145
4169,1996,11101.2221483777,6279,1767.9920605793438
4169,2000,28196.4572011905,6579,4285.8272079632925
4169,2007,39888.7575821141,7462,5345.5853098517955
4169,2010,35175.33,7316,4808.000273373428
4170,1970,59326.2685391472,33778,1756.358237288981
4170,1980,144795.268940688,40664,3560.772893485343
4170,1996,94950.9040043687,48914,1941.1805210035716
4170,2000,216386.8682262312,54612,3962.2586286206547
4170,2007,271039.2833734405,60488,4480.876923909544
4170,2010,476650.06,65177,7313.16353928533
4171,1970,16013.3300408853,13824,1158.371675411263
4171,1980,26152.934753208,13222,1977.9862920290425
4171,1996,18956.3997344086,14140,1340.622329166096
4171,2000,45512.8718579125,16276,2796.318005524238
4171,2007,59958.2130049231,17602,3406.329565101869
4171,2010,68108.681,18626,3656.6456029206483
4172,1970,12824.59062227,15990,802.0381877592246
4172,1980,32430.5826103456,15844,2046.8683798501388
4172,1996,27750.2442315235,14430,1923.0938483384268
4172,2000,55447.7806111229,15541,3567.838659746664
4172,2007,66030.8538672445,17689,3732.8765824661937
4172,2010,74316.893,18894,3933.3594262728907
4173,1970,25517.8295895157,16838,1515.490532694839
4173,1980,40621.9580098333,17194,2362.565895651582
4173,1996,57866.1523616087,17310,3342.9319677416925
4173,2000,79204.5833854647,18024,4394.395438607673
4173,2007,85340.3240703072,17851,4780.702709669329
4173,2010,90615.31,17863,5072.793483737333
4174,1970,9090.4654984516,8714,1043.20237531003
4174,1980,11696.439438458,8131,1438.499500486779
4174,1996,24386.9973620207,7924,3077.611984101552
4174,2000,45094.2501406036,8730,5165.435296747262
4174,2007,44147.211720793,9780,4514.029828301943
4174,2010,58002.421,10399,5577.692181940572
4175,1970,38713.5083565835,26161,1479.8176047010245
4175,1980,93021.7450195387,28541,3259.2321579320524
4175,1996,85798.2466292827,32781,2617.3163304744426
4175,2000,162946.41080541,35062,4647.3792369348585
4175,2007,189926.956369117,35237,5389.98655870582
4175,2010,223808.916,34409,6504.371414455521
4176,1970,32519.5709575016,22437,1449.372507799688
4176,1980,67698.6982840676,24900,2718.8232242597433
4176,1996,92114.0854078997,28366,3247.3413737537794
4176,2000,142198.480971089,29735,4782.192062252867
4176,2007,185072.862939568,30965,5976.840398500501
4176,2010,238067.935,32236,7385.157432683955
4177,1970,19093.4939553768,19472,980.5615219482745
4177,1980,33668.0044142446,22514,1495.4252649127031
4177,1996,55590.5581815103,25006,2223.0887859517834
4177,2000,62562.0494627847,26900,2325.7267458284273
4177,2007,83534.2224439211,25853,3231.1229816238388
4177,2010,102759.089,26688,3850.385529076739
4178,1970,5982.8498582516,5633,1062.1072001156756
4178,1980,16256.6653298642,7708,2109.0640023176184
4178,1996,13702.3592390171,6755,2028.4765712830645
4178,2000,22232.0007099464,7265,3060.1515085955125
4178,2007,25157.9432639613,7270,3460.5148918791333
4178,2010,30035.491,7660,3921.0823759791124
4179,1970,219328.344928625,96047,2283.552270540725
4179,1980,566646.238347759,135620,4178.190815128735
4179,1996,590155.221876172,189161,3119.856745714878
4179,2000,1071450.9169289,212133,5050.845068560289
4179,2010,1959968.9,249939,7841.78899651515
4180,1970,25813.3358932872,21012,1228.504468555454
4180,1980,78146.4295986791,20507,3810.7197346603157
4180,1996,40451.2519844652,20724,1951.9036857973942
4180,2000,65132.0964988603,22632,2877.8763034137637
4180,2007,77149.5003713734,22890,3370.4456256606995
4180,2010,100984.541,23807,4241.800352837401
4181,1970,42419.9014919937,30838,1375.5723941887834
4181,1980,74822.7640177343,30525,2451.196200417176
4181,1996,57993.3921712988,30938,1874.5035933576444
4181,2000,94555.7085898943,31360,3015.1692790144866
4181,2007,102672.004568892,29872,3437.0649628043657
4181,2010,120970.199,31090,3890.9681247989706
4182,1970,24918.3953886383,25623,972.5010884220544
4182,1980,99062.247142199,32754,3024.4320431763754
4182,1996,166399.713391586,45088,3690.5543246891857
4182,2000,254756.458471962,49620,5134.148699555864
4182,2007,508964.142303138,53289,9551.016951024376
4182,2010,402179.559,56264,7148.079749040239
4183,1970,71589.8204494594,66740,1072.6673726319957
4183,1980,235805.368674029,66163,3564.006599973233
4183,1996,93345.56484738621,70645,1321.3329301066772
4183,2000,307290.9737086999,74099,4147.032668574473
4183,2007,414468.8909844934,86017,4818.453224182353
4183,2010,482311.74799999996,89975,5360.5084523478745
4184,1970,203825.540672339,59622,3418.6297117228373
4184,1980,587491.470139919,91137,6446.24543423548
4184,1996,2081311.076923937,242129,8595.876895885818
4184,2000,3495683.4689286132,267867,13050.0713747069
4184,2007,4032255.2527370066,102982,39154.95186282075
4184,2010,4853608.9860000005,322618,15044.445709786809
4185,1970,18150.5461022805,12631,1436.984094868221
4185,1980,30253.9633903617,13928,2172.16853750443
4185,1996,30931.1036904585,18466,1675.0299843202913
4185,2000,71425.1453032503,20427,3496.604753671626
4185,2007,103974.09378775,23107,4499.679481877786
4185,2010,136566.438,24703,5528.33412945796
4186,1970,4098.5545382976,5596,732.4078874727662
4186,1980,6706.779712375,6981,960.7190534844577
4186,1996,5756.7212581735,7313,787.1901077770409
4186,2000,20732.7033271847,8602,2410.218940616682
4186,2007,25784.1446781022,10304,2502.343233511471
4186,2010,35681.832,10214,3493.4239279420403
4187,1970,15679.2734598643,21715,722.048052492024
4187,1980,32356.9559473779,23224,1393.2550786848908
4187,1996,36111.8187189851,25555,1413.1018868708707
4187,2000,80682.8029480445,29574,2728.1667325368394
4187,2007,120733.667589907,33256,3630.4326314020627
4187,2010,134579.783,35191,3824.267085334318
4188,1970,21486.3570383946,31508,681.9333832167894
4188,1980,101978.54644068,35747,2852.7861482272638
4188,1996,72143.8004157933,38377,1879.8707667559556
4188,2000,140344.012046862,42399,3310.078352009764
4188,2007,162388.974624132,41679,3896.182121071331
4188,2010,176511.546,44240,3989.863155515371
4189,1970,14258.4182513621,10864,1312.446451708588
4189,1980,19653.7790050753,10489,1873.7514543879588
4189,1996,14682.3666472612,10769,1363.3918327849567
4189,2000,31633.1554863328,11339,2789.765895258206
4189,2007,38144.9142422102,12148,3140.0159896452255
4189,2010,49499.537,13693,3614.951946249909
4190,1970,24798.3052724915,18910,1311.3857891322843
4190,1980,49618.7454922652,20792,2386.434469616449
4190,1996,48300.1413072126,24138,2001.000137012702
4190,2000,92819.3562754318,26959,3442.9821683086093
4190,2007,87747.3428296986,27355,3207.725930531844
4190,2010,116868.545,28316,4127.297111173894
4191,1970,56483.0484987069,30087,1877.3240435638947
4191,1980,79007.6984652843,28754,2747.7115693567607
4191,1996,64899.2632989698,29539,2197.070425504242
4191,2000,91638.151801118,32586,2812.193942218069
4191,2007,121697.209182018,33690,3612.265039537489
4191,2010,151709.659,34274,4426.377399778258
4192,1970,45138.7457963863,40789,1106.640167603675
4192,1980,173490.99465621,46457,3734.4424878104487
4192,1996,78240.7464368083,39403,1985.6545551559095
4192,2000,117801.045201341,41215,2858.208060204804
4192,2007,134845.588470055,44364,3039.5272849620187
4192,2010,159523.085,42690,3736.778753806512
4193,1970,12842.320681488,13931,921.8520337009547
4193,1980,22027.7065049586,15852,1389.5853207771008
4193,1996,28012.5947402788,15451,1812.9955821810108
4193,2000,46888.6008866941,16344,2868.857127183927
4193,2007,54122.185272973,16557,3268.8400841319685
4193,2010,64855.458,16705,3882.397964681233
4194,1970,4227.9367713788,6184,683.689646083247
4194,1980,11811.7745410326,7936,1488.3788484164063
4194,1996,6325.5160351798,6689,945.6594461324265
4194,2000,17717.0828660621,7046,2514.488059333253
4194,2007,26363.1239603332,8005,3293.3321624401246
4194,2010,32736.329,8070,4056.54634448575
4195,1970,10311.4062620039,12008,858.7113809130497
4195,1980,40367.7679731878,13581,2972.370810189809
4195,1996,19576.6354326931,15741,1243.6716493674544
4195,2000,50006.1113996435,17928,2789.274397570476
4195,2007,61054.4372701078,21111,2892.0675131499124
4195,2010,80390.894,20700,3883.6180676328504
4196,1970,10937.0231325677,10887,1004.5947582040691
4196,1980,12875.2700839811,12137,1060.828053388902
4196,1996,12519.4247440225,12495,1001.9547614263706
4196,2000,34693.5750629645,13811,2512.0248398352396
4196,2007,45116.2855546242,14007,3220.9813346629685
4196,2010,53597.349,14102,3800.691320380088
4197,1970,14240.6860609944,8382,1698.9603985915533
4197,1980,30387.3656227259,7429,4090.3709278134206
4197,1996,20711.9122470836,8197,2526.7673840531415
4197,2000,33330.7135050018,8964,3718.285754685609
4197,2007,51559.5043436718,10975,4697.904723796974
4197,2010,52810.995,11485,4598.258162821071
4198,1970,7799.9270311445,9862,790.9072227889374
4198,1980,18260.1236611656,9769,1869.1906706075954
4198,1996,20389.2677262363,11303,1803.8810692945501
4198,2000,44315.0615738892,12077,3669.376631107825
4198,2007,47709.2273778368,12974,3677.2951578415914
4198,2010,65167.993,14256,4571.267746913581
4199,1970,10264.1262334039,17361,591.2174548357756
4199,1980,54790.9008508107,24694,2218.79407349197
4199,1996,47023.8117070004,25455,1847.3310432920998
4199,2000,81720.5170631192,26119,3128.7766401132967
4199,2007,89071.7002390902,27418,3248.657824753454
4199,2010,103713.225,27453,3777.846683422577
4200,1970,47928.4279527414,17515,2736.421807179069
4200,1980,84405.3994605866,19104,4418.2055831546595
4200,1996,37969.0140578563,21336,1779.5750870761296
4200,2000,86008.4640090128,22023,3905.392726195922
4200,2007,92414.1968990668,21268,4345.222724236731
4200,2010,106293.574,21389,4969.543877694141
4201,1970,24503.4105905708,11273,2173.637061170123
4201,1980,20052.8677139766,10186,1968.6695183562342
4201,1996,27678.7843682226,10972,2522.674477599581
4201,2000,41866.4992645014,10929,3830.771275002415
4201,2007,47318.7493283548,11097,4264.102850171651
4201,2010,55036.115,11607,4741.6313431549925
4202,1970,4766.2096338787,3772,1263.5762550049574
4202,1980,5159.1296102416,4301,1199.5186259571262
4202,1996,6639.7238836878,5353,1240.3743477840087
4202,2000,15047.2768119234,5653,2661.8214774320536
4202,2007,20499.3223751901,5950,3445.2642647378316
4202,2010,26150.951,5986,4368.685432676244
4203,1970,3739.4136986656,5106,732.3567760802193
4203,1980,13353.0755271641,7105,1879.3913479470934
4203,1996,14477.2473548268,7728,1873.3498129951865
4203,2000,24018.8476888436,8166,2941.32349851134
4203,2007,42244.3496552617,8797,4802.131369246526
4203,2010,46890.365,8866,5288.784683058877
4204,1970,11223.6286138206,11295,993.6811521753519
4204,1980,21013.3145677643,10391,2022.2610497319122
4204,1996,15786.0749542789,9873,1598.9136994104022
4204,2000,30636.2809176766,9859,3107.4430386120903
4204,2007,30458.1434522313,10352,2942.2472422943683
4204,2010,43612.277,12005,3632.842732194919
4205,1970,33516.6754648924,24522,1366.8002391685998
4205,1980,134158.614815794,28610,4689.221070108144
4205,1996,106941.38719394649,43821,2440.414120945357
4205,2000,263932.299319407,53003,4979.572841526083
4205,2007,335375.675264989,58857,5698.144235434851
4205,2010,371456.449,61677,6022.608897968449
4206,1970,6402.1972072378,21925,292.0044336254413
4206,1980,82183.8528385497,29547,2781.4618349933903
4206,1996,67691.8964445312,30948,2187.278546094455
4206,2000,88383.0586782511,32302,2736.148185197545
4206,2007,98204.5137085816,30596,3209.7174045163288
4206,2010,121650.193,31309,3885.4704078699415
4207,1970,14302.6089160717,10628,1345.747922099332
4207,1980,13408.3856922139,9802,1367.923453602724
4207,1996,14791.8369213852,11267,1312.846092250395
4207,2000,28788.8123490651,10970,2624.322000826354
4207,2007,41303.9470343533,11573,3568.992226246721
4207,2010,49672.279,11308,4392.667049876194
4208,1970,20268.0536206773,31558,642.2477223105805
4208,1980,60978.6241874324,35770,1704.742079603925
4208,1996,70260.9720626884,37823,1857.6255733994765
4208,2000,105899.004915805,40742,2599.258870841024
4208,2007,125674.968184635,40762,3083.1403803698295
4208,2010,156465.253,41890,3735.145691095727
4209,1970,3730.2839621047,4798,777.4664364536682
4209,1980,10110.1639709797,5536,1826.2579427347725
4209,1996,9335.7130289608,6238,1496.5875326965051
4209,2000,20043.2981024722,7017,2856.3913499319083
4209,2007,33344.3712924549,7715,4322.018313992859
4209,2010,44003.805,8226,5349.356309263311
4210,1970,25454.3087366027,34620,735.2486636800318
4210,1980,81873.2187624602,32127,2548.424028463915
4210,1996,43857.814680763,28675,1529.4791519010635
4210,2000,96257.016234709,32600,2952.6692096536503
4210,2007,129266.785297534,33717,3833.8756501923067
4210,2010,183021.77,35400,5170.10649717514
4211,1970,11536.8233925082,15305,753.7944065670174
4211,1980,57419.5767175307,15402,3728.0597790891247
4211,1996,24381.0176239473,12765,1909.9896297647708
4211,2000,39809.568588017,13131,3031.724056661107
4211,2007,47911.8117159667,14736,3251.344443265927
4211,2010,61280.61,15467,3962.023016745329
4212,1970,2978.9614475656,7369,404.2558620661691
4212,1980,13210.9082411358,9808,1346.9523084355424
4212,1996,13904.9049923711,11381,1221.7647827406292
4212,2000,28799.9754443633,11737,2453.776556561583
4212,2007,33634.5070578893,11905,2825.2420880209406
4212,2010,42277.575,12001,3522.837680193317
4213,1970,11435.9744269482,12576,909.349111557586
4213,1980,17707.391281523,13768,1286.126618355825
4213,1996,29804.2942413684,15154,1966.7608711474463
4213,2000,40205.685776099,15658,2567.7408210562653
4213,2007,49640.3050152434,14792,3355.8886570608033
4213,2010,59398.732,15061,3943.8770333975167
4214,1970,6952.830944745,7001,993.1196892936723
4214,1980,15893.3785540495,7217,2202.214016080019
4214,1996,14540.4366574773,8314,1748.9098697952008
4214,2000,23300.0594816435,9258,2516.7487018409483
4214,2007,31357.286510606,9670,3242.739039359463
4214,2010,40315.82,10276,3923.2989490073955
4215,1970,13116.537640972,11221,1168.9276928056322
4215,1980,22940.7840284795,12485,1837.4676834985582
4215,1996,25347.0361992125,15274,1659.4890794299135
4215,2000,83444.34955422,16862,4948.662647030008
4215,2007,225779.501264879,18652,12104.841371696279
4215,2010,776829.33,19412,40017.99556975067
4216,1970,24557.5544109899,27997,877.1494949812444
4216,1980,35660.3601685945,29244,1219.4077475240906
4216,1996,45848.453461576704,34375,1333.7731916095042
4216,2000,112026.3929344801,37817,2962.328924411775
4216,2007,143546.034024082,36397,3943.8974097887744
4216,2010,183779.63199999998,37048,4960.581731807385
4217,1970,45313.5263523644,34239,1323.4477161238472
4217,1980,134143.80650187,38513,3483.078609868616
4217,1996,153581.673254085,51910,2958.6143951856097
4217,2000,298802.62151005,57320,5212.885930042743
4217,2007,477282.983604528,63975,7460.4608613447135
4217,2010,555646.168,69833,7956.785015680265
4218,1970,25899.633055387,16183,1600.4222366302292
4218,1980,53329.4099405687,16894,3156.70711143416
4218,1996,21384.9563258133,16344,1308.428556400716
4218,2000,42129.1604631319,16226,2596.398401524214
4218,2007,45334.2186677118,16282,2784.3151128676946
4218,2010,55998.604,15752,3555.0154900964953
4219,1970,19953.8759463205,22537,885.3829678448994
4219,1980,35251.9223286963,23730,1485.5424495868647
4219,1996,47020.6240456822,25513,1843.0064690817308
4219,2000,86869.2932918967,26198,3315.8750015992327
4219,2007,111558.814905422,28741,3881.5216904569083
4219,2010,122747.492,29946,4098.961196820945
4220,1970,17617.0050395616,15975,1102.7859179694274
4220,1980,33944.2897509724,16608,2043.8517431943883
4220,1996,31285.11160684,16300,1919.3320004196319
4220,2000,57195.1041375469,16847,3394.9726442421143
4220,2007,59319.5839812078,17574,3375.417319973131
4220,2010,73574.813,17170,4285.079382644146
4221,1970,21881.7758903307,21003,1041.840493754735
4221,1980,63406.6897806678,24694,2567.6961926244353
4221,1996,50005.0952984403,32687,1529.8159910190686
4221,2000,143075.656456815,35608,4018.0761754890755
4221,2007,699770.931409896,40312,17358.874067520737
4221,2010,1117610.959,43890,25463.908840282525
4222,1970,9934.6335925057,7723,1286.3697517163926
4222,1980,30515.7454086588,8335,3661.157217595537
4222,1996,23042.7966166903,8363,2755.326631195779
4222,2000,34934.7408129744,8650,4038.698359881433
4222,2007,37792.1480834381,8310,4547.791586454645
4222,2010,41945.548,7900,5309.5630379746835
4223,1970,14998.5187054082,7888,1901.4349271562119
4223,1980,14386.8050525679,8149,1765.4687756249723
4223,1996,15061.1575144812,11000,1369.196137680109
4223,2000,31991.3113780479,11497,2782.5790534963817
4223,2007,47039.5464167246,12052,3903.048989107584
4223,2010,57956.544,12332,4699.687317547843
4224,1970,37621.7824012171,24693,1523.5808691214959
4224,1980,88733.0456093852,26900,3298.626230832164
4224,1996,65346.0780131096,25164,2596.80805965306
4224,2000,82052.7416149576,27225,3013.8748067936676
4224,2007,108698.864896952,25290,4298.0966744544085
4224,2010,133701.047,26469,5051.231516113189
4225,1970,2661.9596899279,4582,580.960211682213
4225,1980,4343.5196034794,4602,943.8330298738374
4225,1996,7595.2901054576,5512,1377.9553892339623
4225,2000,15425.0928445793,5605,2752.023701084621
4225,2007,25641.753053705,6274,4086.986460584157
4225,2010,27752.595,6852,4050.2911558669
4226,1970,44784.6457620943,19421,2305.9907194322795
4226,1980,70144.0056279342,23243,3017.8550801503334
4226,1996,59439.5853823308,26692,2226.8689263573656
4226,2000,106595.688162609,27098,3933.7105381433685
4226,2007,126831.107981916,28291,4483.09031076724
4226,2010,170464.214,29204,5837.015956718258
4227,1970,12912.3564053318,21065,612.9768053800997
4227,1980,55403.4619830146,25923,2137.231878371122
4227,1996,45517.9053079284,27265,1669.4628757721769
4227,2000,73085.4102310547,25973,2813.8994429236013
4227,2007,86971.2215885179,25459,3416.128739876582
4227,2010,103200.946,25451,4054.8876664964046
4228,1970,26260.2484275439,44855,585.4475181706365
4228,1980,142401.300312751,46670,3051.2384896668314
4228,1996,151972.231293541,50258,3023.8416031983165
4228,2000,175888.48586567,51948,3385.8567387708863
4228,2007,244661.840893185,54273,4507.984465446631
4228,2010,276781.051,55716,4967.712165266709
4229,1970,33930.6183249942,26200,1295.0617681295496
4229,1980,98161.4967477059,34287,2862.9362950303585
4229,1996,149417.320160795,49243,3034.285485465853
4229,2000,276759.099900738,58069,4766.03867641492
4229,2007,382218.597381621,64612,5915.597681260772
4229,2010,451210.768,68892,6549.5379434477145
4230,1970,33558.150570554,26423,1270.0355966602579
4230,1980,60884.4364492854,29919,2034.9756492290987
4230,1996,47847.6205669111,39398,1214.46826150848
4230,2000,165678.517992822,44527,3720.855166366968
4230,2007,226117.140140869,48620,4650.702183070115
4230,2010,238189.797,51422,4632.060149352416
4231,1970,39907.2259785694,30033,1328.7792088226083
4231,1980,101990.299250859,35164,2900.4180198742747
4231,1996,82290.1175119792,41254,1994.7185124346536
4231,2000,150032.7999450721,45285,3313.079384897253
4231,2007,197709.4370924926,50763,3894.7547838483265
4231,2010,264275.5,52975,4988.683341198678
4232,1970,40228.2963188226,17700,2272.785102758339
4232,1980,63091.9239118975,20346,3100.9497646661507
4232,1996,90777.1919412082,26164,3469.5456329769227
4232,2000,124105.277418088,27095,4580.375619785495
4232,2007,161239.911185456,29569,5453.005214429166
4232,2010,195428.993,31787,6148.079183313933
4233,1970,9693.1515547545,7471,1297.4369635596977
4233,1980,10297.6668846689,8189,1257.499924858823
4233,1996,12144.4811314729,7590,1600.0633901808828
4233,2000,21032.7862913881,7435,2828.888539527653
4233,2007,24971.4519145002,7591,3289.612951455698
4233,2010,29244.232,7545,3875.9750828363153
4234,1970,3758.8846806119,10874,345.676354663592
4234,1980,13521.6223865057,10600,1275.624753443934
4234,1996,14845.4682553009,10115,1467.6686362136334
4234,2000,28237.4028478069,11479,2459.9183594221536
4234,2007,38672.1605461596,12973,2980.972831739736
4234,2010,48846.655,12883,3791.559031281534
4235,1970,36644.4544431362,27423,1336.26716417373
4235,1980,87867.6763357878,29785,2950.0646746949064
4235,1996,68291.3063207889,32898,2075.8497878530275
4235,2000,107696.800532153,34844,3090.8277044011306
4235,2007,124214.488012261,37740,3291.3218869173556
4235,2010,161977.35,38434,4214.428630899724
4236,1970,38145.853387029,33859,1126.6089780273783
4236,1980,47922.4813254938,37200,1288.238745308973
4236,1996,62860.3148800087,43138,1457.1912207336618
4236,2000,118797.335090182,45427,2615.1261384238887
4236,2007,184655.057818253,52855,3493.6156999007285
4236,2010,214732.345,54955,3907.421435720135
5001,1970,20921.3144299984,10898,1919.7388906219858
5001,1980,32300.540251968,11018,2931.615561078962
5001,1996,31344.5614916493,10948,2863.0399608740686
5001,2000,48119.7627520997,11189,4300.631222817025
5001,2007,59889.369439633,10911,5488.898308095775
5001,2010,69463.73,11035,6294.855459900317
5002,1970,450911.382533975,149904,3008.001004202523
5002,1980,1427228.8230069478,209740,6804.752660469857
5002,1996,1900515.6179665937,307182,6186.936793062724
5002,2000,2924258.178866098,323724,9033.183140162912
5002,2007,4753679.992089243,356440,13336.550308857712
5002,2010,4846194.542,387805,12496.472562241333
5003,1970,9011.8395542187,8977,1003.880979638933
5003,1980,16707.4519608809,8601,1942.501099974526
5003,1996,14105.8695778911,9883,1427.2862064040373
5003,2000,34023.1911205537,10867,3130.872468993623
5003,2007,43885.9952395185,10339,4244.7040564385825
5003,2010,46855.922,10844,4320.907598672076
5004,1970,632.7846666147,1574,402.0232951808767
5004,1980,1650.3545723242,2040,808.9973393746078
5004,1996,3195.2810441577,2509,1273.5277178787167
5004,2000,10350.3294049718,2678,3864.94749998947
5004,2007,13464.0803132532,2843,4735.870669452409
5004,2010,15224.233,2980,5108.803020134228
5005,1970,35418.0398358651,13252,2672.6561904516375
5005,1980,28013.7060275522,14337,1953.9447602393948
5005,1996,26559.6531296423,13585,1955.0720007097757
5005,2000,49744.2673982825,13772,3611.985724534018
5005,2007,63853.4579451518,13729,4650.9911825443805
5005,2010,66758.778,13507,4942.531872362479
5006,1970,7092.1148316547,6021,1177.8965008561202
5006,1980,13858.8485702527,5721,2422.45211855492
5006,1996,10851.6131453983,5347,2029.4769301287263
5006,2000,16732.7619825329,5195,3220.9358965414626
5006,2007,23389.386459901,4948,4727.038492300122
5006,2010,21464.269,4871,4406.542599055635
5007,1970,3222.5694257664,4804,670.8096223493754
5007,1980,10034.8510243531,5446,1842.6094425914616
5007,1996,26037.5530811898,9010,2889.8505084561375
5007,2000,178378.700403843,9499,18778.682009037057
5007,2007,236739.068291241,11443,20688.549182141134
5007,2010,187828.064,12305,15264.36928078017
5008,1970,28073.0474022135,13987,2007.0813900202688
5008,1980,44392.3330786594,12757,3479.8411130092813
5008,1996,30591.1310802638,13905,2200.0094268438547
5008,2000,56992.9403688245,14276,3992.2205357820467
5008,2007,70681.2643574711,14103,5011.789290042622
5008,2010,84111.87700000001,14403,5839.885926543082
5009,1970,3805.1349297486,8038,473.39324828920127
5009,1980,15645.2225502843,8751,1787.8211119054163
5009,1996,11425.056846734,7090,1611.4325594829338
5009,2000,21618.6648122839,6757,3199.447212118381
5009,2007,30087.2921408765,6997,4300.027460465413
5009,2010,31808.667,6907,4605.279716229912
5010,1970,16337.8902682368,21056,775.9256396389059
5010,1980,75287.7223605172,27540,2733.7589818633696
5010,1996,53517.5618169287,30414,1759.6357538281284
5010,2000,279475.429762965,34174,8178.013395065401
5010,2007,266181.60556765,34632,7686.00154676744
5010,2010,292844.936,34763,8424.040963092944
5011,1970,19094.6609956963,7962,2398.2241893615046
5011,1980,148606.559589315,9958,14923.333961570093
5011,1996,148186.786687722,11375,13027.409818700833
5011,2000,167026.302035416,11323,14751.064385358652
5011,2007,131802.528981233,12236,10771.70063592947
5011,2010,188590.254,12924,14592.251160631384
5012,1970,7594.7650253154,11189,678.7706698825095
5012,1980,20849.9915439127,12143,1717.0379266995553
5012,1996,42595.6864982943,13080,3256.550955527087
5012,2000,46443.2509492982,12687,3660.696062843714
5012,2007,59551.2761882645,12208,4878.053423022977
5012,2010,62994.768,12657,4977.06944773643
5013,1970,9152.2494584711,3814,2399.6458989174357
5013,1980,106587.494565293,5155,20676.526588805624
5013,1996,90813.8949925579,7336,12379.211422104405
5013,2000,40413.2200208,7821,5167.270172714487
5013,2007,111881.482175989,8466,13215.38887030345
5013,2010,190236.031,8573,22190.13542517205
5014,1970,4299.9665329623,4664,921.9482274790523
5014,1980,16472.0908952695,4428,3719.984393692299
5014,1996,6936.1252593757,3884,1785.8200976765447
5014,2000,14441.5485242012,3990,3619.435720351178
5014,2007,18681.1639804156,3928,4755.897143690327
5014,2010,18927.421,3950,4791.752151898733
5015,1970,3512.5481644905,4353,806.9258360878704
5015,1980,5571.5021641259,4641,1200.496049154471
5015,1996,6620.0735091027,4614,1434.779694213849
5015,2000,16874.1190505573,4709,3583.376311437099
5015,2007,29909.5402398431,5006,5974.738361934299
5015,2010,28256.653,5113,5526.433209466067
5016,1970,20548.3992861085,18808,1092.5350534936463
5016,1980,35180.7097452669,17260,2038.2798230166222
5016,1996,32557.3920340172,15616,2084.873977588192
5016,2000,62120.871294875295,18762,3310.9940995030006
5016,2007,83693.0968832167,16854,4965.7705519886495
5016,2010,85094.34700000001,16234,5241.736294197363
5017,1970,3653.6551946696,3270,1117.3257476053823
5017,1980,10312.5659371137,4594,2244.7901473908796
5017,1996,14355.9885664081,8395,1710.0641532350328
5017,2000,33576.0465095962,8608,3900.563023884317
5017,2007,43016.3207659001,8478,5073.876004470406
5017,2010,46809.056,9440,4958.586440677966
5018,1970,6882.9582039791,5389,1277.2236414880497
5018,1980,14433.0661167042,6081,2373.4691854471635
5018,1996,22618.1880004679,9541,2370.630751542595
5018,2000,37473.842710456,10317,3632.2421935112925
5018,2007,57290.3055726775,11135,5145.065610478447
5018,2010,60566.923,11577,5231.659583657252
5019,1970,4615.9364520708,6093,757.5802481652388
5019,1980,17177.8500140884,7966,2156.3959344826008
5019,1996,11271.8129454795,9798,1150.4197739823942
5019,2000,36084.115227894,9285,3886.280584587399
5019,2007,65770.1018867047,9913,6634.732360204246
5019,2010,59297.046,8991,6595.155822489156
5020,1970,1591.1828705216,2393,664.9322484419557
5020,1980,2158.3682203164,2599,830.461031287572
5020,1996,4139.402030126,2617,1581.7355865976308
5020,2000,11462.0608241185,2867,3997.9284353395537
5020,2007,15764.0841785883,3064,5144.936089617591
5020,2010,19720.65,3308,5961.502418379686
5021,1970,86185.4625516665,36521,2359.887805691698
5021,1980,186013.928977819,40030,4646.863077137622
5021,1996,302757.224119926,52019,5820.127724868336
5021,2000,345508.037018754,57002,6061.331830791095
5021,2007,476888.393394591,60656,7862.180054645723
5021,2010,548174.052,62709,8741.553078505478
5022,1970,4471.8347514165,9243,483.8077195084388
5022,1980,17714.0461459118,9180,1929.6346564174075
5022,1996,21405.3643089919,9248,2314.5938915432416
5022,2000,32188.5245566816,9201,3498.372411333725
5022,2007,43958.2485186485,10462,4201.706033134056
5022,2010,45819.195,10266,4463.198421975453
5023,1970,18358.7806990705,15579,1178.4312663887604
5023,1980,71239.7875575162,17980,3962.1683847339377
5023,1996,53903.0963484336,24128,2234.047428234151
5023,2000,105380.193007288,27011,3901.380660001037
5023,2007,141640.238136471,29334,4828.534742499181
5023,2010,167532.457,30916,5418.956430327339
5024,1970,13268.4508477972,15545,853.5510355610936
5024,1980,41686.0703808237,18786,2218.9966134793835
5024,1996,41050.0711657581,20367,2015.5187885185887
5024,2000,99444.8892385276,18810,5286.809635222095
5024,2007,159555.261945989,19739,8083.2495033177465
5024,2010,169581.797,19576,8662.73993665713
5025,1970,4092.4433135317,4515,906.4104791875304
5025,1980,13318.9601705093,5384,2473.8038949682946
5025,1996,16507.5809870803,6156,2681.543370220971
5025,2000,30003.248759857,6572,4565.314783910073
5025,2007,34859.5144681816,6836,5099.402350523932
5025,2010,40942.951,7429,5511.233140395746
5026,1970,90015.6544994675,37930,2373.2047060233986
5026,1980,162135.870559156,40106,4042.683652300304
5026,1996,151705.722069578,57983,2616.3827685628203
5026,2000,230197.161206567,62424,3687.6387480226676
5026,2007,350735.459016647,65450,5358.830542653124
5026,2010,384173.057,68141,5637.913400155559
5027,1970,8422.5982885269,8459,995.696688559747
5027,1980,12817.9855037683,8816,1453.945724111649
5027,1996,82497.920864964,10312,8000.186274724982
5027,2000,39407.8077723829,10839,3635.7420216240334
5027,2007,49862.2983963333,10890,4578.723452372204
5027,2010,54956.733,10916,5034.51200073287
5028,1970,6002.1450696932,6453,930.1325073133736
5028,1980,11712.5823297581,6634,1765.538488055185
5028,1996,12491.8561226684,5370,2326.230190441043
5028,2000,18576.3048438191,5409,3434.332564950841
5028,2007,24705.3132442416,5255,4701.296526021237
5028,2010,26101.812,5405,4829.197409805735
5029,1970,2448.8342992427,3766,650.2480879561074
5029,1980,7546.419222332,4094,1843.287548200293
5029,1996,7289.871905067,4484,1625.7519859649865
5029,2000,15961.2961557609,4703,3393.854168777568
5029,2007,20880.7648095635,4827,4325.826560920551
5029,2010,23010.004,4772,4821.87845766974
5030,1970,10316.8686939457,6483,1591.37261976642
5030,1980,20797.9808940028,6819,3050.0045305767417
5030,1996,34181.1565444492,7954,4297.354355600854
5030,2000,36024.1957054472,8138,4426.664500546473
5030,2007,49330.6640159611,7825,6304.238212902376
5030,2010,54074.35,7967,6787.291326722731
5031,1970,87222.1858912154,26179,3331.761560457443
5031,1980,316208.728066963,34979,9039.959063065353
5031,1996,151991.118709631,40586,3744.914963525132
5031,2000,234505.00984066,40791,5748.93995834032
5031,2007,291701.102534255,42066,6934.367482866329
5031,2010,338679.56,42652,7940.531745287442
5032,1970,2348.220750033,4878,481.3900676574416
5032,1980,15254.6378051962,5339,2857.2088041199104
5032,1996,9383.4211531257,6317,1485.4236430466522
5032,2000,19471.3074202568,6552,2971.811266827961
5032,2007,27552.8115954156,6431,4284.37437341247
5032,2010,29407.353,6492,4529.783271719039
5033,1970,87505.7684677231,14502,6034.048301456565
5033,1980,502998.96446079,26362,19080.45536988051
5033,1996,692906.078696025,86177,8040.498957912494
5033,2000,1165690.16474743,124690,9348.706109130082
5033,2007,1774279.5379114,NA,NA
5033,2010,2350562.015,202456,11610.236372347572
5034,1970,1967.7023248172,3433,573.1728298331489
5034,1980,7805.5249528841,4178,1868.2443640220438
5034,1996,11723.8654265171,4659,2516.3909479538743
5034,2000,16263.9864758934,4798,3389.7429086897455
5034,2007,24642.8676386622,5158,4777.601325836022
5034,2010,24973.174,5231,4774.072643853948
5035,1970,5357.1643740566,4611,1161.8226792575579
5035,1980,8633.1077729198,5025,1718.0313975959803
5035,1996,9215.2501828373,5618,1640.3079713131542
5035,2000,20552.6332316035,5664,3628.642872811353
5035,2007,27918.1724321463,5875,4752.029350152561
5035,2010,37053.683,5822,6364.425111645482
5036,1970,4574.2552553491,6143,744.6288874082858
5036,1980,19416.4872645083,7433,2612.2006275404688
5036,1996,11705.3146404152,9186,1274.25589379656
5036,2000,29960.28946693,10715,2796.1072764283713
5036,2007,39433.3494176734,10132,3891.9610558303793
5036,2010,38825.481,10475,3706.489832935561
5037,1970,6239.2433054964,8991,693.9431993656323
5037,1980,21129.8488451219,8796,2402.2111010825256
5037,1996,54816.5119397549,17814,3077.1590849755753
5037,2000,104088.987459629,19572,5318.260139976956
5037,2007,419439.570301439,21792,19247.410531453697
5037,2010,149619.212,24569,6089.75587121983
5038,1970,2342.8061081692,3762,622.7554779822435
5038,1980,9275.4261003543,4751,1952.3102715963585
5038,1996,10016.1510321213,5734,1746.799970722236
5038,2000,68281.7824612101,5534,12338.594590027124
5038,2007,93282.4702764637,5680,16422.970119095724
5038,2010,59098.255,5734,10306.636728287409
5039,1970,14630.2554664586,10229,1430.27231073014
5039,1980,18479.3551893267,11486,1608.8590622781385
5039,1996,32643.5208249162,12253,2664.124771477695
5039,2000,49350.7462788745,13390,3685.641992447685
5039,2007,64398.2641488096,13433,4794.034403990888
5039,2010,73199.792,14365,5095.704281239123
5040,1970,4155.4296866225,3158,1315.842206023591
5040,1980,6225.3458372014,3531,1763.0546126313793
5040,1996,6768.4965422308,3001,2255.4137095070973
5040,2000,11096.611108155,3021,3673.1582615541215
5040,2007,15653.0001568425,2928,5345.969998921619
5040,2010,15820.778,2874,5504.794015309673
5041,1970,4276.8305002597,4052,1055.486303124309
5041,1980,9805.4147645526,4256,2303.9038450546527
5041,1996,6721.4452649828,4539,1480.820723723904
5041,2000,16753.555363886,4580,3657.981520499127
5041,2007,20925.1847490303,4360,4799.354300236308
5041,2010,21605.793,4233,5104.132530120482
5042,1970,1877.3262584193,1838,1021.3962232966811
5042,1980,2513.8522676959,1272,1976.2989525911164
5042,1996,14807.0710484194,1435,10318.516410048362
5042,2000,26941.7749535986,1767,15247.184467231806
5042,2007,31388.9231873473,2149,14606.292781455235
5042,2010,47063.309,2159,21798.660954145438
5043,1970,14633.4855312362,9835,1487.898884721525
5043,1980,58897.512090918,11903,4948.123337891119
5043,1996,83316.1468265554,16739,4977.367036654244
5043,2000,72812.9787844058,17661,4122.811776479576
5043,2007,125268.168060291,20347,6156.5915397990375
5043,2010,158025.589,22481,7029.2953605266675
5044,1970,9841.117656165,8768,1122.3902436319572
5044,1980,24190.4488392029,9052,2672.387189483308
5044,1996,23243.2575699928,11218,2071.960917275165
5044,2000,102387.208007551,11772,8697.520218106609
5044,2007,146741.77629663,12374,11858.879610201227
5044,2010,142762.585,12374,11537.302812348471
5045,1970,8986.4613119647,7856,1143.8978248427572
5045,1980,25876.9897559516,7894,3278.057987832734
5045,1996,43798.0787480919,9486,4617.128267772708
5045,2000,128811.4803742255,11446,11253.842423049582
5045,2007,163798.2888381961,13191,12417.427703600644
5045,2010,151926.889,13080,11615.205581039754
5046,1970,3892.3361640122,2822,1379.2828362906448
5046,1980,5503.4197283118,3262,1687.1305114383201
5046,1996,43209.758907126,8546,5056.138416466884
5046,2000,224689.980766462,8149,27572.70594753491
5046,2007,1122447.64023873,11737,95633.26576115958
5046,2010,1197834.6,12404,96568.41341502742
5047,1970,16292.1070436211,9582,1700.2825134231996
5047,1980,26175.1881801657,9225,2837.418772917691
5047,1996,16229.9921424618,9275,1749.8643819365823
5047,2000,43014.8262221473,10249,4196.977873172729
5047,2007,73830.2059660785,11649,6337.9007611021125
5047,2010,71590.455,12171,5882.052008873552
5048,1970,9407.2505522626,12210,770.4545906848977
5048,1980,42188.3312453436,12229,3449.8594525589665
5048,1996,26984.3486091933,16456,1639.7878347832584
5048,2000,69139.0314267748,18173,3804.491907047532
5048,2007,106330.9515304747,19854,5355.643776089187
5048,2010,140473.643,20788,6757.439051375794
5049,1970,2331.459745401,1481,1574.2469584071573
5049,1980,4752.9968647418,1510,3147.6800428753645
5049,1996,9315.5784571106,1787,5212.970597151986
5049,2000,9151.5326148524,1902,4811.531343245216
5049,2007,12868.6789682633,2035,6323.675168679754
5049,2010,14429.034,2077,6947.055368319692
5050,1970,4194.1657442524,3608,1162.4627894269402
5050,1980,9944.164176216,3347,2971.0678745790256
5050,1996,12459.2934482096,5424,2297.067376144838
5050,2000,22805.3594074804,5271,4326.571695594839
5050,2007,26800.98867877,5758,4654.565592005905
5050,2010,31158.055,5564,5599.937994248742
5051,1970,4396.9581694011,3622,1213.9586331863889
5051,1980,9702.0273215699,4689,2069.1037154126466
5051,1996,13247.7480329647,7002,1891.994863319723
5051,2000,27012.2435446659,7677,3518.593662194334
5051,2007,31531.4869428068,7788,4048.7271369808423
5051,2010,35604.923,7925,4492.734763406941
5052,1970,3239.3050666149,3144,1030.3133163533398
5052,1980,8687.2409226149,4172,2082.2725126114333
5052,1996,7774.0977672391,5877,1322.8003687662242
5052,2000,25021.9302478072,6124,4085.880184161855
5052,2007,28168.3484777025,6447,4369.218004917403
5052,2010,29570.883,6801,4348.019850022056
5053,1970,5869.2119773342,6680,878.6245475051197
5053,1980,8016.3289545106,5433,1475.4884878539665
5053,1996,11036.2555236425,6005,1837.8443836207327
5053,2000,20615.9502178367,5597,3683.392927967965
5053,2007,22023.460664599,5416,4066.370137481352
5053,2010,28893.264,5345,5405.662114125351
5054,1970,4615.0333469551,5243,880.2276076588022
5054,1980,11908.537206687,6710,1774.7447401918032
5054,1996,10307.8145223385,7087,1454.4679726736981
5054,2000,25762.001703232,7687,3351.3726685614674
5054,2007,46751.0712097749,8294,5636.733929319375
5054,2010,46772.339,9011,5190.582510265231
5055,1970,3837.2839393947,4034,951.2354832411255
5055,1980,8067.6566051506,5741,1405.2702674012542
5055,1996,6474.3997981002,6302,1027.3563627578862
5055,2000,19262.4457943554,6328,3044.002179891814
5055,2007,22082.4142878161,5610,3936.2592313397686
5055,2010,24090.935,5522,4362.719123505976
5056,1970,2423.920800591,2829,856.8118771972428
5056,1980,5056.931790919,2921,1731.2330677572752
5056,1996,6533.9649394596,2516,2596.9653972414944
5056,2000,10010.4272622114,2670,3749.223693712135
5056,2007,12671.1990755366,2536,4996.529603918218
5056,2010,14135.845,2607,5422.265055619486
5057,1970,8361.7938135428,7910,1057.1167905869531
5057,1980,23678.5339230271,8487,2789.9768967865084
5057,1996,16743.7594807398,10510,1593.1264967402285
5057,2000,48904.7484530356,11994,4077.434421630449
5057,2007,69822.0962070095,13704,5095.015776927138
5057,2010,76713.958,13506,5679.99096697764
5058,1970,17790.1650560307,8906,1997.548288348383
5058,1980,57952.1762909386,10354,5597.080963003535
5058,1996,44467.4139150467,11886,3741.1588351881796
5058,2000,63721.5237135717,12041,5292.0458195807405
5058,2007,70298.6511787392,12013,5851.881393385433
5058,2010,70799.413,12113,5844.9115000412785
5059,1970,25186.0302592523,18310,1375.534148511868
5059,1980,66065.541569899,22831,2893.677086851167
5059,1996,76015.1505766225,34115,2228.2031533525574
5059,2000,106945.16867005,29248,3656.495099495692
5059,2007,146316.136680635,30423,4809.392127030043
5059,2010,167062.92,32227,5183.942656778478
5060,1970,2469.3829186261,2785,886.6725021996768
5060,1980,4665.7545587564,3250,1435.6167873096615
5060,1996,4498.3945499647,2375,1894.0608631430316
5060,2000,8769.6689725162,2596,3378.146753665716
5060,2007,13054.965279253,2723,4794.331722090708
5060,2010,12597.126,2601,4843.185697808535
5061,1970,3769.1513828466,5148,732.1583882763402
5061,1980,10335.8259661483,5577,1853.2949553789315
5061,1996,14906.6406458277,5445,2737.6750497387875
5061,2000,21035.154357509,5908,3560.4526671477656
5061,2007,29306.4537491831,5982,4899.106277028269
5061,2010,30726.939,5868,5236.356339468302
5062,1970,10469.262011897301,12235,855.681406775423
5062,1980,43097.1789108301,13277,3246.002780058003
5062,1996,43225.0134145086,17044,2536.0838661410817
5062,2000,64092.68929552,17319,3700.715358595762
5062,2007,105951.732877547,17501,6054.038790786069
5062,2010,104194.215,17692,5889.340662446303
5063,1970,7596.6809823146,7120,1066.949576167781
5063,1980,14459.7109705944,6871,2104.455096870092
5063,1996,11002.9182049841,8369,1314.7231694329191
5063,2000,25827.9102432371,8238,3135.216101388334
5063,2007,38752.3154004574,8793,4407.17791430199
5063,2010,44030.740999999995,8818,4993.279768655024
5064,1970,5743.1922401035,4132,1389.9303582051064
5064,1980,12115.6036924575,4347,2787.1184017615597
5064,1996,9656.3919401134,5091,1896.757403282931
5064,2000,20946.8338437687,5629,3721.235360413697
5064,2007,29802.4810473515,5940,5017.252701574326
5064,2010,30946.495,6227,4969.727798297735
5065,1970,6443.3416066428,4590,1403.7781278088887
5065,1980,12098.8069637319,4616,2621.058700981781
5065,1996,7519.5551189251,6218,1209.3205401938083
5065,2000,20391.8349953874,6395,3188.715401937044
5065,2007,30579.9869310493,6989,4375.445261274761
5065,2010,29887.201,6989,4276.320074402633
5066,1970,1206.5179171929,1629,740.6494273744015
5066,1980,5475.1981029407,2249,2434.5033805872386
5066,1996,5083.4967949449,2165,2348.0354711061896
5066,2000,11346.6463832258,2651,4280.138205667974
5066,2007,16696.9256894449,2699,6186.337787863987
5066,2010,16672.161,2668,6248.935907046476
5067,1970,30519.8260632943,6014,5074.796485416411
5067,1980,16498.7745232736,8148,2024.8864167002457
5067,1996,22482.9007147087,10891,2064.355955808346
5067,2000,44416.5339972771,12058,3683.5738926254026
5067,2007,54316.6997018813,13167,4125.214528888988
5067,2010,64892.536,13983,4640.816419938496
5068,1970,4263.7585594206,5314,802.3632968424163
5068,1980,8835.2749660108,5031,1756.1667592945341
5068,1996,8142.1016830614,6508,1251.0912235804242
5068,2000,22119.0988120399,6808,3248.98631199176
5068,2007,38750.45360051,7179,5397.750884595347
5068,2010,37415.627,7564,4946.5397937599155
5069,1970,28065.3225044929,9323,3010.3317070141475
5069,1980,15040.8646596583,8271,1818.5061854259823
5069,1996,14474.9921144478,8857,1634.299662916089
5069,2000,38873.6948608466,9399,4135.939446839728
5069,2007,48337.5804302582,10412,4642.487555729754
5069,2010,52055.998,10381,5014.545612176091
5070,1970,2596.6546516306,4088,635.1894940387964
5070,1980,6750.1617391534,3918,1722.859045215263
5070,1996,8325.3380116575,4315,1929.3946724582854
5070,2000,16233.0661692606,4530,3583.4583155100663
5070,2007,20384.5109565407,4217,4833.889247460446
5070,2010,22196.393,4612,4812.747831743279
5071,1970,2080.9491147487,1990,1045.7030727380404
5071,1980,5307.1619209314,2589,2049.8887295988416
5071,1996,7571.9070800336,3065,2470.4427667320065
5071,2000,10784.6246047186,3218,3351.343879651523
5071,2007,17213.601121089,3418,5036.16182594763
5071,2010,18137.366,3633,4992.393614093036
5072,1970,9592.8206166965,8920,1075.428320257455
5072,1980,15485.9657552857,10001,1548.4417313554345
5072,1996,19919.3047512341,11711,1700.9055376341987
5072,2000,41068.1336513648,12102,3393.499723299025
5072,2007,56774.2515847956,13222,4293.9231269698685
5072,2010,62236.534,13146,4734.256351741975
5073,1970,43846.7011886659,29126,1505.4144471834754
5073,1980,131647.561273627,31270,4210.027543128463
5073,1996,136817.853977644,46655,2932.5442927369845
5073,2000,407503.737169425,54883,7424.953759259242
5073,2007,729322.312472901,63337,11514.94880516761
5073,2010,730711.005,69467,10518.821958627837
5074,1970,113450.899051169,25800,4397.321668649962
5074,1980,245347.187587341,24078,10189.683013013582
5074,1996,136802.341281127,24378,5611.7130724885965
5074,2000,369193.903909668,25700,14365.52155290537
5074,2007,476005.700243706,27132,17544.069742138658
5074,2010,454247.825,28954,15688.603474476757
5075,1970,5653.0345107743,7267,777.9048452971376
5075,1980,12657.8654607364,8043,1573.7741465543206
5075,1996,11936.7625404063,8067,1479.702806545965
5075,2000,27423.7294592978,8373,3275.257310318619
5075,2007,38103.9710970707,8112,4697.235095792739
5075,2010,42045.798,8265,5087.210889292196
5076,1970,12762.0242864179,11907,1071.8085400535736
5076,1980,33746.2423459288,13075,2580.9745580060267
5076,1996,21604.9465525658,11673,1850.8478156914077
5076,2000,43453.3473702052,12020,3615.0871356243924
5076,2007,55841.760664411704,12449,4485.642273629344
5076,2010,58024.734,12758,4548.105815958614
5077,1970,7496.5478702919,9223,812.8101344781415
5077,1980,18452.6053817857,11139,1656.5764774024328
5077,1996,18025.8982204334,14942,1206.3912609043903
5077,2000,62259.3659150053,17218,3615.946446451696
5077,2007,95245.380769396,18722,5087.350751490011
5077,2010,108531.459,20500,5294.217512195122
5078,1970,2831.206540865,2618,1081.4387092685256
5078,1980,8286.3812978804,3404,2434.3070792833137
5078,1996,7681.2775552341,3532,2174.7671447435164
5078,2000,13996.0134758216,3718,3764.393081178483
5078,2007,20782.1564928361,3795,5476.194069258525
5078,2010,26614.273,4188,6354.888490926457
5079,1970,3522.5409603642,6527,539.6875992591083
5079,1980,11954.23964581,7798,1532.987900206463
5079,1996,11158.7405048114,10134,1101.1190551422342
5079,2000,36689.6200279651,11948,3070.7750274493724
5079,2007,49491.5040401094,12393,3993.504723643137
5079,2010,51345.383,11413,4498.850696574082
5080,1970,21198.2536835113,10929,1939.6334233243022
5080,1980,35858.5934397113,13819,2594.876144417925
5080,1996,51108.6786287357,16303,3134.9247763439676
5080,2000,59378.300821981204,19270,3081.3856160862065
5080,2007,92553.6825461156,20590,4495.079288300903
5080,2010,106480.786,20685,5147.729562484892
5081,1970,1287.8167604181,1831,703.3406665309121
5081,1980,10848.5211476862,2652,4090.694248750452
5081,1996,6556.3761925123,2749,2385.0040714850124
5081,2000,11290.7044894778,2541,4443.409873859819
5081,2007,12547.6494741291,2394,5241.290507155012
5081,2010,12216.965,2261,5403.345864661655
5082,1970,1580368.38390765,264379,5977.662310197293
5082,1980,4793391.9018901,NA,NA
5082,1996,9245787.60444305,NA,NA
5082,2000,8538699.04970593,NA,NA
5082,2007,10151927.3827304,NA,NA
5082,2010,11997401.163,803739,14926.986450825454
5083,1970,13909.0890737497,9412,1477.8037689916807
5083,1980,31142.3937735006,9982,3119.855116559868
5083,1996,51356.8301449745,15817,3246.938745967914
5083,2000,83290.2220857706,19040,4374.48645408459
5083,2007,128785.184101202,22906,5622.334065362875
5083,2010,134949.06,23784,5673.942986881937
5084,1970,34720.6907072496,22285,1558.0296480704333
5084,1980,70440.0451018564,26044,2704.655394787913
5084,1996,51110.335024523,31992,1597.5973688585584
5084,2000,122460.268344283,33834,3619.4440014270554
5084,2007,176376.18781521,35280,4999.325051451531
5084,2010,209729.735,35490,5909.544519582981
5085,1970,4123.0162207156,3377,1220.9109329924786
5085,1980,12082.4788758089,4849,2491.7465200678284
5085,1996,8063.7247251743,4789,1683.8013625337858
5085,2000,15264.1930230672,4461,3421.697606605515
5085,2007,19951.8190296642,4442,4491.629677997344
5085,2010,21281.611,4295,4954.973457508731
5086,1970,4609.774395358,4993,923.2474254672543
5086,1980,10003.1872888271,4543,2201.890224263064
5086,1996,14680.960156941,4580,3205.4498159259824
5086,2000,20899.8133964552,4667,4478.211569842554
5086,2007,32427.3797617084,4973,6520.687665736657
5086,2010,29054.621,4699,6183.149819110449
5087,1970,1769.0205886173,1932,915.6421266135093
5087,1980,2595.9594653306,2539,1022.4338185626625
5087,1996,7330.0996425219,3352,2186.783902900328
5087,2000,12913.2203213113,3633,3554.4234300333887
5087,2007,18160.1574274797,3886,4673.2263066082605
5087,2010,18859.117,3952,4772.043775303644
5088,1970,1711.174801337,3426,499.46725082807933
5088,1980,10110.6099686427,3784,2671.9370953072676
5088,1996,799.9007021165,4093,195.43139558184708
5088,2000,14034.6249180824,4092,3429.7714853573802
5088,2007,17184.4843924751,3880,4428.990822802861
5088,2010,16929.45,3859,4387.004405286344
5089,1970,3713.563819424,2527,1469.5543408880094
5089,1980,4977.4127621068,3747,1328.3727681096345
5089,1996,4916.9547194507,4087,1203.0718667606313
5089,2000,13290.7609449425,4325,3073.008310969364
5089,2007,24501.8391403993,4772,5134.501077200189
5089,2010,20823.003,4845,4297.833436532508
5090,1970,13363.8680180155,12469,1071.767424654383
5090,1980,59872.2146387526,14482,4134.250423888455
5090,1996,44547.0325885072,18187,2449.3887165836695
5090,2000,79718.8487876256,19319,4126.4479935620675
5090,2007,109337.502780354,19972,5474.5394943097335
5090,2010,128053.046,20354,6291.296354524909
5091,1970,9286.5340256402,4428,2097.229906422809
5091,1980,20025.6257497055,5702,3512.0353822703437
5091,1996,8642.447789883,7032,1229.0170349662967
5091,2000,33589.7447223908,8329,4032.8664572446637
5091,2007,47177.5309796553,10372,4548.547144201243
5091,2010,49460.504,11100,4455.901261261261
5092,1970,4716.6743540042,3017,1563.3657122983757
5092,1980,4795.7930263911,2343,2046.8600197998721
5092,1996,5437.5242555999,2401,2264.691485047855
5092,2000,10172.0268935399,2691,3780.0174260646227
5092,2007,14671.1139498855,2629,5580.49218329612
5092,2010,16133.179,2895,5572.773402417962
5093,1970,11497.2708744785,9016,1275.2075060424247
5093,1980,28367.9212519358,11744,2415.524629762926
5093,1996,23818.3418455176,11057,2154.141434884471
5093,2000,46062.8456203214,11171,4123.430813742852
5093,2007,53881.0714215866,11303,4766.9708415099185
5093,2010,59389.856,11964,4964.046807087931
5094,1970,16000.0528159855,12823,1247.7620538084302
5094,1980,48284.9173458249,13553,3562.6737508909396
5094,1996,29648.6737730203,15760,1881.2610262068715
5094,2000,68730.19801709239,17600,3905.1248873347954
5094,2007,98850.8974897939,19142,5164.084081589902
5094,2010,122976.391,20605,5968.279107012861
5095,1970,23203.9381348013,12138,1911.6772231670209
5095,1980,71535.7453294807,16216,4411.42978104839
5095,1996,79074.0419665829,22072,3582.5499259959633
5095,2000,129895.528671503,24758,5246.608315352734
5095,2007,188221.864034645,26728,7042.123018356967
5095,2010,225508.255,27745,8127.888087943774
5096,1970,4069.1441387807,3352,1213.9451488009247
5096,1980,6035.7161091432,3240,1862.875342328148
5096,1996,7743.8176386609,3538,2188.7556921031373
5096,2000,14071.6629169817,4017,3503.0278608368685
5096,2007,22506.4338467525,3918,5744.368005807172
5096,2010,23275.798,3521,6610.564612326043
5097,1970,2570.3452341161,2629,977.68932450213
5097,1980,3292.991273827,2872,1146.584705371518
5097,1996,4487.7385666907,2680,1674.5293159293658
5097,2000,10515.0240016499,2847,3693.3698635932205
5097,2007,13553.6770625938,2659,5097.2835887904475
5097,2010,14420.909,2590,5567.918532818533
5098,1970,13908.4107798585,10334,1345.8884052504839
5098,1980,19577.6877325442,9333,2097.684317212493
5098,1996,19437.537910266,7131,2725.7801024072364
5098,2000,32930.7338182231,8006,4113.256784689371
5098,2007,31314.7346994344,7405,4228.863565082296
5098,2010,37689.829,7171,5255.867940315157
5099,1970,10803.3684932477,10054,1074.5343637604635
5099,1980,14185.6733884137,10738,1321.0722097610076
5099,1996,30352.3031404795,13425,2260.8791910971695
5099,2000,45882.75295023,13518,3394.1968449644924
5099,2007,60153.4450684814,13673,4399.432828821868
5099,2010,70663.959,14114,5006.6571489301405
5100,1970,10480.7250450556,8659,1210.3851536038342
5100,1980,19004.0606804307,9383,2025.3714889087391
5100,1996,22609.5816872373,10897,2074.8446074366616
5100,2000,118563.745345799,11401,10399.416309604334
5100,2007,145240.116298905,12505,11614.56347852099
5100,2010,142976.614,13432,10644.476920786183
5101,1970,968.7599052968,1868,518.6080863473234
5101,1980,2595.3522364605,1917,1353.861364872457
5101,1996,9314.2622361089,2553,3648.359669451195
5101,2000,9997.9932219885,3002,3330.44411125533
5101,2007,16706.9206820928,3381,4941.413984647383
5101,2010,19291.578,3453,5586.9035621198955
5102,1970,6343.8857388389,7084,895.5231138959485
5102,1980,13164.0980298309,8715,1510.5103878176594
5102,1996,17085.0647767213,11303,1511.5513382926038
5102,2000,36395.9098479936,12505,2910.5085844057257
5102,2007,52516.0404546755,12288,4273.766313043254
5102,2010,59029.888,13949,4231.836547422755
5103,1970,5301.2820729495,6136,863.963831966998
5103,1980,11173.0848973325,5866,1904.7195529035969
5103,1996,10940.0772908954,6412,1706.1879742506862
5103,2000,24363.8765028724,6746,3611.603395030003
5103,2007,28623.8224569612,6855,4175.612320490328
5103,2010,33892.793,7320,4630.162978142076
5104,1970,2420.5543056224,4485,539.6999566605128
5104,1980,16673.8417171784,5020,3321.4824137805576
5104,1996,9182.1160401434,6433,1427.3458790833827
5104,2000,23609.7230679794,7005,3370.4101453218277
5104,2007,37415.9505837909,8283,4517.197945646614
5104,2010,41429.142,8768,4725.039005474453
5105,1970,7061.1446050986,5379,1312.7244106894589
5105,1980,9128.8745841893,5659,1613.160378898975
5105,1996,10584.7328579828,6190,1709.9729980586108
5105,2000,28577.1153646816,6963,4104.138354830045
5105,2007,44723.3293241109,8030,5569.530426414807
5105,2010,43962.376,8424,5218.705603038936
5106,1970,1411.4375591325,2650,532.6179468424527
5106,1980,3430.0375719492,2688,1276.0556443263392
5106,1996,7961.6120199968,3816,2086.3763155127886
5106,2000,15928.6963055686,4247,3750.576007904073
5106,2007,23745.059861691,4608,5153.007782485026
5106,2010,25835.983,4692,5506.390238704177
5107,1970,2791.0893050165,3247,859.590177091623
5107,1980,6058.7304492389,3549,1707.165525285686
5107,1996,7136.5948811712,2941,2426.5878548695
5107,2000,10978.4809536842,2953,3717.738216621808
5107,2007,16355.9049443453,3131,5223.859771429352
5107,2010,15905.452,3063,5192.769180541953
5108,1970,1502.1555067731,2014,745.8567560938927
5108,1980,3648.3415983063,2336,1561.7900677681077
5108,1996,4334.9815295693,2662,1628.4678924001876
5108,2000,9270.5950965948,2667,3476.038656391001
5108,2007,14396.7800691172,3025,4759.26613855114
5108,2010,15013.606,3165,4743.635387045813
5109,1970,2934.7537711063,3408,861.1366699255575
5109,1980,4451.4639002314,3873,1149.3580945601343
5109,1996,7237.3762110947,4023,1798.999803901243
5109,2000,14877.4939206443,4200,3542.260457296262
5109,2007,21064.3679010503,4292,4907.821039387301
5109,2010,22591.907,4156,5435.973772858517
5110,1970,4581.6079219394,6795,674.2616514995437
5110,1980,15408.2259463622,6032,2554.414115776227
5110,1996,9569.9261198157,5332,1794.8098499279256
5110,2000,22180.3005666666,5760,3850.746626157396
5110,2007,31316.3420997969,6824,4589.1474354919255
5110,2010,33404.585,7067,4726.840950898542
5111,1970,2507.8926957562,3028,828.2340474756274
5111,1980,9472.5265003668,4924,1923.7462429664497
5111,1996,7146.7256872112,5998,1191.5181205753918
5111,2000,16215.3158318836,4467,3630.0236919372283
5111,2007,21682.8968262167,4569,4745.654809852637
5111,2010,20752.44,4418,4697.247623358986
5112,1970,2771.7765638728,4100,676.0430643592196
5112,1980,7140.2624874786,3944,1810.4113812065414
5112,1996,5107.3696535647,3625,1408.929559604055
5112,2000,11879.4635178762,3686,3222.860422646826
5112,2007,17096.0824352149,3625,4716.16067178342
5112,2010,17791.746,3595,4949.025312934631
5113,1970,28199.798120946,20323,1387.5804812747135
5113,1980,61682.5439227712,22332,2762.0698514584988
5113,1996,87799.3048367846,29283,2998.302934698788
5113,2000,124180.078057664,31294,3968.175307012974
5113,2007,168907.861468828,33736,5006.754252692317
5113,2010,191332.265,35797,5344.92457468503
5114,1970,4898.3261033005,2439,2008.3337856910618
5114,1980,7653.6075047682,2488,3076.208804167283
5114,1996,7615.4134611348,2322,3279.6784931674415
5114,2000,10089.372581862,2377,4244.5824913176275
5114,2007,14394.5410996358,2729,5274.657786601612
5114,2010,17293.25,2526,6846.100554235946
5115,1970,16368.7700119384,15689,1043.327810054076
5115,1980,48009.1103326829,17231,2786.2056951240734
5115,1996,39613.8749966896,20235,1957.690881971317
5115,2000,72878.2326636149,20107,3624.520448779773
5115,2007,93587.4586743817,21263,4401.4230670357765
5115,2010,117539.81,22216,5290.772866402593
5116,1970,3068.5749743636,3615,848.8450828115076
5116,1980,4089.3244394397,3258,1255.16403911593
5116,1996,9471.7995473278,3220,2941.5526544496274
5116,2000,11320.0761847103,3244,3489.5425970130395
5116,2007,17532.4486008729,3702,4735.939654476742
5116,2010,18405.319,3905,4713.2699103713185
5117,1970,2836.6451853567,3830,740.6384295970496
5117,1980,14125.4491903493,3186,4433.599871421626
5117,1996,24140.6078195278,3502,6893.377447038207
5117,2000,18673.246563008,3234,5774.040371987631
5117,2007,33824.1005634831,3381,10004.170530459362
5117,2010,34092.103,3401,10024.140840929138
5118,1970,1465.1277619551,1651,887.4183900394306
5118,1980,1875.8330671585,2332,804.3881077009005
5118,1996,6639.6341102875,3233,2053.7068080072686
5118,2000,11866.6389386267,3480,3409.9537179961785
5118,2007,19199.5543943363,3669,5232.912072590978
5118,2010,19838.605,3874,5120.961538461539
5119,1970,23414.8474230142,18826,1243.7505270909485
5119,1980,381862.160843698,30797,12399.329832246583
5119,1996,496658.639982061,56825,8740.143246494694
5119,2000,437627.888233606,69435,6302.69875759496
5119,2007,775466.701424748,77363,10023.74134178804
5119,2010,953855.132,87668,10880.311310854588
5120,1970,9126.1326852311,4236,2154.422258080996
5120,1980,18458.7138765025,4540,4065.7960080401986
5120,1996,21837.6079789356,5449,4007.6358926290336
5120,2000,24099.1203896945,5698,4229.3998577912425
5120,2007,30849.1543486051,5765,5351.110901752836
5120,2010,35384.052,5922,5975.0172239108415
5121,1970,31466.7627482816,17312,1817.6272382325324
5121,1980,79842.0360529016,20441,3905.975052732332
5121,1996,75208.8996380389,31917,2356.390000251869
5121,2000,142289.201155265,34912,4075.653103668223
5121,2007,220407.679366598,36990,5958.574732808813
5121,2010,260349.638,39776,6545.395162912309
5122,1970,10099.06285918,11738,860.3733906270234
5122,1980,32977.0295743582,12241,2693.9816660696183
5122,1996,19907.637959705,11277,1765.3310241824067
5122,2000,40721.7684263317,11982,3398.5785700493825
5122,2007,53712.3450103054,11744,4573.598859869329
5122,2010,55736.69,12356,4510.90077695047
5123,1970,3813.1492643196,2887,1320.799883726914
5123,1980,4927.8382955635,3021,1631.194404357332
5123,1996,14101.1832988502,3462,4073.1320909445976
5123,2000,17592.4715697104,3777,4657.789666325231
5123,2007,30499.6903217588,3925,7770.62173802772
5123,2010,32131.446,4231,7594.29118411723
5124,1970,10800.7495158584,15600,692.3557381960513
5124,1980,63329.8183757906,17800,3557.854964932056
5124,1996,36224.2709488948,21518,1683.4404195973048
5124,2000,85769.00037707259,23546,3642.6144728222453
5124,2007,115135.7021799938,26073,4415.897755532305
5124,2010,129119.803,25978,4970.351951651398
5125,1970,51835.7378298833,19442,2666.1731215864265
5125,1980,42102.4602300008,19817,2124.562760761003
5125,1996,40571.4752251178,27133,1495.281584237563
5125,2000,148053.8303395926,35459,4175.352670396587
5125,2007,256177.7000746143,38246,6698.156671929464
5125,2010,259090.45299999998,39759,6516.523378354586
5126,1970,6184.1139860896,7817,791.1109103351158
5126,1980,18428.8492797473,7074,2605.1525699388326
5126,1996,11803.6899173682,6489,1819.0306545489595
5126,2000,23277.2547114307,6776,3435.2501049927246
5126,2007,30175.7991487115,6433,4690.781773466733
5126,2010,31028.568,6235,4976.514514835605
5127,1970,8738.460854622,8686,1006.0397023511398
5127,1980,11575.5920059031,7188,1610.4051204650943
5127,1996,16399.6688244414,8220,1995.0935309539416
5127,2000,31134.7667372016,8201,3796.4597899282526
5127,2007,40679.9453539369,8116,5012.314607434314
5127,2010,43984.155,8111,5422.778325730489
5128,1970,14052.8779511896,13111,1071.8387576225764
5128,1980,32441.0752638715,11352,2857.740949953444
5128,1996,15631.4474478471,11052,1414.3546369749458
5128,2000,36396.7473623224,10798,3370.693402697018
5128,2007,45166.0592764009,11115,4063.5231017904543
5128,2010,46826.132,10827,4324.9406114343765
5129,1970,3780.0177993034,4189,902.3675815954642
5129,1980,6573.7796753983,4929,1333.694395495699
5129,1996,13791.0951916644,4969,2775.426683772268
5129,2000,21571.8678526214,5633,3829.5522550366413
5129,2007,25905.3072266878,5819,4451.848638372194
5129,2010,27951.436,6028,4636.933642999336
5130,1970,3492.0051074435,3687,947.1128579993219
5130,1980,8894.6586351568,4082,2178.9952560403726
5130,1996,7843.092597735,4678,1676.590978566695
5130,2000,18998.0869925572,5028,3778.4580335237074
5130,2007,26410.8295780214,5906,4471.864134443176
5130,2010,26872.448,5637,4767.154160014192
5131,1970,1740.1689390994,1725,1008.7935878837102
5131,1980,3606.3567525059,1981,1820.4728685037358
5131,1996,8008.0975379231,2966,2699.9654544582268
5131,2000,12827.823206643,3302,3884.8646900796484
5131,2007,23326.2751121242,3690,6321.483770223361
5131,2010,21601.723,3924,5505.0262487257905
5132,1970,4565.0273314559,5402,845.0624456601073
5132,1980,7968.8735475706,6462,1233.1899640313525
5132,1996,6519.0063637649,5322,1224.9166410681887
5132,2000,17176.935787947,5870,2926.2241546758096
5132,2007,21012.2311741738,5801,3622.1739655531464
5132,2010,22166.647,5743,3859.7678913459863
5133,1970,23149.5066604843,7631,3033.6137675906566
5133,1980,20097.062883565,7811,2572.9180493617973
5133,1996,20127.8726826144,7423,2711.5549889013073
5133,2000,29907.6208771622,7543,3964.950401320721
5133,2007,39973.568834785,7241,5520.448672115039
5133,2010,40278.575,7770,5183.857786357786
5134,1970,8689.8558742548,7761,1119.6824989376112
5134,1980,24649.5230852253,6321,3899.623965389226
5134,1996,9508.8776492042,6323,1503.8553928837891
5134,2000,22484.9435819321,7253,3100.0887332044813
5134,2007,45568.3915871391,6740,6760.888959516187
5134,2010,37137.181,6581,5643.090867649293
5135,1970,5999.0150079862,4961,1209.2350348692198
5135,1980,17126.7835040123,6993,2449.132490206249
5135,1996,15426.0429131598,10347,1490.8710653483909
5135,2000,35400.2023815152,10579,3346.2711391922862
5135,2007,32661.6146989449,5671,5759.4101038520375
5135,2010,29640.848,5752,5153.137691237831
5136,1970,4897.730099076,4796,1021.2114468465389
5136,1980,9050.6200049084,4894,1849.3297925844706
5136,1996,8165.3295294821,4518,1807.2885191416776
5136,2000,15322.5074978381,4448,3444.8083403412993
5136,2007,22904.6919671231,5212,4394.607054321394
5136,2010,23667.07,5020,4714.55577689243
5137,1970,491.2179972571,1719,285.7579972408959
5137,1980,1840.3721590272,1743,1055.864692499828
5137,1996,5422.1211834149,2140,2533.701487577056
5137,2000,9062.1465842303,2029,4466.311771429424
5137,2007,12523.7802115805,2278,5497.708609122257
5137,2010,13032.637,2317,5624.789382822616
5138,1970,11906.1315842753,9758,1220.1405599790223
5138,1980,31914.0505772716,9355,3411.44314027489
5138,1996,26510.2290482537,10302,2573.308973816123
5138,2000,45208.9241375614,11531,3920.6421071512796
5138,2007,68238.6018114581,11768,5798.657529865576
5138,2010,75918.175,11836,6414.1749746536
5139,1970,37603.3137078193,7427,5063.05556857672
5139,1980,41022.8157265066,8661,4736.498756091282
5139,1996,17374.0832369932,10805,1607.966981674521
5139,2000,45717.4533566783,12118,3772.689664687102
5139,2007,63852.5871644829,13081,4881.323076560118
5139,2010,76364.391,14175,5387.258624338624
5140,1970,9288.1012187928,7414,1252.7786915015918
5140,1980,38945.5965376419,9778,3982.9818508531293
5140,1996,14242.415668122,8727,1631.9944617992437
5140,2000,27659.294473325,8875,3116.540222346479
5140,2007,40175.8000511029,9311,4314.874884663614
5140,2010,46354.783,9883,4690.355458868765
5141,1970,3460.1507906213,3897,887.901152327765
5141,1980,509.3458653288,4873,104.5240848201929
5141,1996,16692.4861012732,5946,2807.3471411492096
5141,2000,31495.9543856378,7749,4064.5185682846563
5141,2007,73405.8484733651,10959,6698.225063725258
5141,2010,80788.839,11385,7096.0772068511205
5142,1970,2113.8581905125,1584,1334.5064334043561
5142,1980,4358.720152463,1501,2903.877516630913
5142,1996,5923.3142001333,2161,2741.0061083448863
5142,2000,9292.4585097318,2189,4245.070127789766
5142,2007,12256.6024265994,2295,5340.5675061435295
5142,2010,13533.602,2295,5896.994335511983
5143,1970,7532.1486135536,8102,929.665343563762
5143,1980,39291.8114552803,12358,3179.463623181769
5143,1996,24692.3265479254,10819,2282.3113548318147
5143,2000,46897.5110458735,11092,4228.048237096421
5143,2007,55449.7017936283,10640,5211.438138498901
5143,2010,62298.197,10659,5844.6568158363825
5144,1970,5155.3679349828,6530,789.4897297064011
5144,1980,15747.5531427013,7460,2110.932056662373
5144,1996,17490.9660280843,10230,1709.77185025262
5144,2000,78446.9060695282,10991,7137.376587164788
5144,2007,90081.998196707,12719,7082.47489556624
5144,2010,89780.898,12992,6910.4755233990145
5145,1970,5438.6063640029,4857,1119.74600864791
5145,1980,19794.239510887,6178,3203.988266572839
5145,1996,14984.4328064677,9334,1605.360274959042
5145,2000,34108.0983683505,8522,4002.3584098040947
5145,2007,50685.3531967604,10313,4914.705051562144
5145,2010,50508.442,10719,4712.04795223435
5146,1970,633.3135867543,874,724.6150878195651
5146,1980,1187.3510081742,1128,1052.6161419984041
5146,1996,3813.6044948523,1594,2392.474588991405
5146,2000,6632.6123294973,1521,4360.691866862131
5146,2007,10622.3205079403,1769,6004.703509293556
5146,2010,9000.201,1618,5562.546971569839
5147,1970,1002.6456966946,1152,870.352167269618
5147,1980,2876.031038199,1524,1887.1594738838583
5147,1996,9394.8556695304,2517,3732.560854004926
5147,2000,9658.1700900138,2528,3820.478674847231
5147,2007,15738.6619394689,2647,5945.848862662977
5147,2010,16137.735,2872,5618.988509749304
6001,1970,4944.0351568065,6457,765.6861014103299
6001,1980,10575.4685586105,7769,1361.2393562376753
6001,1996,10601.2474593738,8510,1245.7400069769449
6001,2000,25361.1732148695,8377,3027.476807314015
6001,2007,33359.5150289411,9224,3616.5996345339445
6001,2010,38284.35,9449,4051.6827177479095
6002,1970,10190.8022391863,12444,818.9329989702909
6002,1980,13361.352953551,7782,1716.956174961578
6002,1996,10352.6427711709,6207,1667.8979815000646
6002,2000,18255.1101976686,5638,3237.869847050124
6002,2007,21612.6964631403,5629,3839.5268188204477
6002,2010,24494.529,5530,4429.390415913201
6003,1970,53073.0676401166,31635,1677.6692789668596
6003,1980,66701.7706367677,30451,2190.4624030990017
6003,1996,92168.5706763385,30004,3071.876105730519
6003,2000,112106.284126108,29169,3843.336560256025
6003,2007,114143.498234646,27448,4158.536076750437
6003,2010,123347.74,28479,4331.182274658521
6004,1970,32350.5085254719,21942,1474.3646215236488
6004,1980,44724.3629266921,21192,2110.4361516936624
6004,1996,48371.7694501903,22501,2149.7608750806767
6004,2000,83633.7542097725,22661,3690.647112209192
6004,2007,140450.9669066796,23341,6017.35002384986
6004,2010,137092.35499999998,24002,5711.705482876426
6005,1970,15735.0613012017,9779,1609.066499764976
6005,1980,16804.195830786,12180,1379.6548301137932
6005,1996,28347.0259642198,11790,2404.3279019694487
6005,2000,37691.8515278939,11833,3185.31661690982
6005,2007,47886.9159953913,13025,3676.538656076107
6005,2010,55240.445,13576,4068.9779758397167
6006,1970,26684.0234232392,26383,1011.4097495826555
6006,1980,68574.0068421375,30253,2266.6845219362544
6006,1996,67686.7551266198,33685,2009.4034474282264
6006,2000,131892.86941339,34653,3806.1024850197678
6006,2007,193267.2203879602,35555,5435.725506622422
6006,2010,212602.95500000002,36598,5809.141346521668
6007,1970,18319.985672583,14168,1293.0537600637351
6007,1980,37820.4496094216,15812,2391.882722579155
6007,1996,33691.546913328,16601,2029.4890014654538
6007,2000,70894.70977942701,17123,4140.3206085047605
6007,2007,78868.151824021,19090,4131.385637717182
6007,2010,91359.917,19947,4580.133202987918
6008,1970,16015.0057347377,11534,1388.5040519106728
6008,1980,22447.5969848424,9179,2445.5384012247955
6008,1996,58017.7489434748,14613,3970.2832370816946
6008,2000,121395.604778921,15914,7628.2270189092
6008,2007,242616.873244581,18183,13343.060729504536
6008,2010,239011.26,18007,13273.241517187762
6009,1970,18108.931601686,18694,968.7028780189365
6009,1980,39147.5602576772,21115,1854.0165880974284
6009,1996,36272.3470554219,20867,1738.2636246428285
6009,2000,71846.7920049272,21190,3390.598962006947
6009,2007,81529.8650693578,21732,3751.604319407224
6009,2010,101644.035,22179,4582.895306370892
6010,1970,17753.3137946603,15532,1143.0153099832796
6010,1980,32179.9006960131,16801,1915.3562702227905
6010,1996,43255.5319380223,16929,2555.1144153832065
6010,2000,74403.9083615554,16921,4397.134233293268
6010,2007,84850.31376530671,18463,4595.694836446228
6010,2010,89180.744,18148,4914.081110866212
6011,1970,124288.078935916,62049,2003.063368239875
6011,1980,281106.721174815,72887,3856.7470354770394
6011,1996,214108.330990538,77911,2748.114271290806
6011,2000,385372.8860673703,82283,4683.505536591645
6011,2007,501875.2662272144,85518,5868.650649304409
6011,2010,683476.664,88061,7761.400211217224
6012,1970,26373.1520768229,18474,1427.582119563868
6012,1980,36794.0090632428,18816,1955.463917051594
6012,1996,50349.1310591524,19476,2585.1884914331695
6012,2000,74179.788624204,18095,4099.463311644321
6012,2007,103748.040138658,17376,5970.766582565493
6012,2010,106495.014,17224,6182.943218764515
6013,1970,6357.4456204674,7704,825.2136059796728
6013,1980,23514.1977614081,8493,2768.656277099741
6013,1996,19561.0612835904,10220,1913.998168648767
6013,2000,36753.6255367597,11530,3187.6518245238244
6013,2007,45881.0246293009,12356,3713.258710691235
6013,2010,49591.165,12653,3919.32071445507
6014,1970,15551.8932009049,18885,823.5050675618163
6014,1980,37493.0485712207,19023,1970.932480219771
6014,1996,34546.4265964546,17945,1925.1282583702757
6014,2000,79054.438060616,19398,4075.391177472729
6014,2007,100801.3841701606,22596,4461.027800060214
6014,2010,99415.38,22145,4489.29239105893
6015,1970,46149.2225092925,29975,1539.5904089839032
6015,1980,95488.9921236239,27880,3424.999717490097
6015,1996,59909.3921285239,25849,2317.667690375794
6015,2000,107802.774312877,26131,4125.474505869542
6015,2007,107647.751626823,24992,4307.288397360076
6015,2010,117123.024,23829,4915.146418229888
6016,1970,2196.9967751437,3613,608.0810338067256
6016,1980,5245.3282104449,4234,1238.8588121031885
6016,1996,6891.6948399746,3707,1859.1030051185865
6016,2000,15649.9417386103,4083,3832.9516871443298
6016,2007,18316.6030468574,4220,4340.427262288484
6016,2010,22988.154000000002,4160,5525.998557692308
6017,1970,9223.4372663766,4936,1868.6056050195707
6017,1980,10320.5968192212,5255,1963.9575298232542
6017,1996,12097.1487779167,6127,1974.3999963957401
6017,2000,21067.614245738,6039,3488.5931852521944
6017,2007,25345.2066718642,6234,4065.6411087366378
6017,2010,27094.574,6470,4187.723956723339
6018,1970,33903.2725831764,25106,1350.405185341209
6018,1980,47024.6127662946,27068,1737.2769604808113
6018,1996,44828.4145719028,28278,1585.2752872163096
6018,2000,76362.3419350974,28041,2723.2388978673157
6018,2007,100473.9453252895,27410,3665.594502929205
6018,2010,113839.645,27458,4145.95545924685
6019,1970,28685.5246627273,24977,1148.4775858881092
6019,1980,50182.932818753994,30170,1663.3388405288033
6019,1996,54930.1722189075,31630,1736.6478728709296
6019,2000,102941.0239515982,33605,3063.265107918411
6019,2007,145876.2595475716,36756,3968.7740653926326
6019,2010,172021.92200000002,38047,4521.300549320577
6020,1970,2540.3914795622,3346,759.2323608972505
6020,1980,8802.3914846502,4316,2039.4790279541705
6020,1996,8988.2760157476,6019,1493.3171649356373
6020,2000,24356.8874345118,6483,3757.0395549146688
6020,2007,36499.1881392378,7630,4783.6419579603935
6020,2010,41463.544,8012,5175.180229655517
6021,1970,38213.8876209951,27469,1391.1641348791402
6021,1980,49451.3907584508,25009,1977.343786574865
6021,1996,54633.5513358656,21817,2504.1734122870057
6021,2000,79287.930734606,21810,3635.3934312061438
6021,2007,89826.2645960392,21670,4145.189875221006
6021,2010,108213.363,21851,4952.330007779964
6022,1970,19927.0104761847,17386,1146.1526789476993
6022,1980,35054.1309314322,18864,1858.2554565008586
6022,1996,45408.1461814214,18746,2422.284550379889
6022,2000,81012.6752359192,21065,3845.8426411544838
6022,2007,96613.66450711951,22580,4278.727391812201
6022,2010,103581.457,22442,4615.518091079227
6023,1970,13353.5227355684,14409,926.7487497791935
6023,1980,18786.6836490766,15890,1182.296013157747
6023,1996,27252.0308300558,16486,1653.0408122076792
6023,2000,54210.6906793366,16772,3232.213849233043
6023,2007,72415.3417909205,17655,4101.69027419544
6023,2010,82799.356,19057,4344.826363016215
6024,1970,6343.8639266831,4616,1374.3206080336004
6024,1980,11383.7717236233,4744,2399.6146129054173
6024,1996,12424.4205270668,5341,2326.234886176147
6024,2000,18502.2965695511,5162,3584.327115372162
6024,2007,22048.0538901455,5435,4056.679648600828
6024,2010,26723.669,5611,4762.728390661201
6025,1970,90246.2065265682,35464,2544.727231180019
6025,1980,408192.87631749,58921,6927.799533570204
6025,1996,316421.614215266,84169,3759.36050345455
6025,2000,535771.530782335,87561,6118.837505080287
6025,2007,630456.356046482,92891,6787.055323405733
6025,2010,698617.324,99716,7006.070480163665
6026,1970,14363.729149514,12021,1194.8863779647284
6026,1980,30363.2191778107,13766,2205.667527081992
6026,1996,50626.1747938442,16254,3114.690217413818
6026,2000,62297.4468562762,16605,3751.728205737802
6026,2007,80509.470865527,17173,4688.142483289292
6026,2010,83515.95,17093,4885.973790440531
6027,1970,7935.6902507773,8609,921.7900163523406
6027,1980,8393.605242413,8711,963.5639125718058
6027,1996,25751.9140576076,7679,3353.550469801745
6027,2000,18501.0707736467,7011,2638.863325295493
6027,2007,25434.9034091014,7040,3612.91241606554
6027,2010,30876.864,7143,4322.674506509869
6028,1970,15589.3276083898,8100,1924.60834671479
6028,1980,12586.1982802993,9521,1321.9407919650564
6028,1996,19028.0796568406,11324,1680.3320078453373
6028,2000,32523.3045430756,11612,2800.835733988598
6028,2007,44024.8771621792,12788,3442.671032388114
6028,2010,51702.018,12295,4205.125498169988
6029,1970,4330.1081894716,6686,647.6380779945557
6029,1980,6869.7088076494,5506,1247.6768629948056
6029,1996,11557.7183358184,5834,1981.0967322280424
6029,2000,19502.3405994406,6588,2960.282422501609
6029,2007,21595.8200250034,5800,3723.417245690241
6029,2010,24186.143,5751,4205.554338375935
6030,1970,833279.69771086,195303,4266.599579683159
6030,1980,1847915.35154008,247827,7456.473070085503
6030,1996,2701737.90935591,344730,7837.257881112494
6030,2000,3197952.558746011,360314,8875.46017847214
6030,2007,4000332.2562240157,376733,10618.481142411245
6030,2010,4426711.249,391440,11308.786146024933
6031,1970,1522.9406992112,1244,1224.2288578868165
6031,1980,3305.9296898296,1302,2539.1165052454685
6031,1996,3278.1327396239,1777,1844.7567471153066
6031,2000,7633.8482935258,2193,3481.0069737919744
6031,2007,10300.7644952621,2233,4612.97111297004
6031,2010,11185.326,2400,4660.5525
6032,1970,4618.6339595015,6596,700.2173983477107
6032,1980,11770.1162232147,7348,1601.8122241718427
6032,1996,10866.8155962471,5800,1873.5888959046722
6032,2000,16183.7611815139,5285,3062.2064676469063
6032,2007,21211.8032187109,5152,4117.19782971873
6032,2010,23150.648,5035,4597.943992055611
6033,1970,5455.3053437767,7066,772.0500061954006
6033,1980,13926.2096152584,7742,1798.7870854118314
6033,1996,21506.4755160125,8188,2626.584699073339
6033,2000,29279.4490113906,9230,3172.2046599556447
6033,2007,40606.12770721,10253,3960.4142892041355
6033,2010,47126.501,10804,4361.949370603479
6034,1970,4602.7319905218,5450,844.5379799122569
6034,1980,8852.7414454956,5966,1483.8654786281595
6034,1996,10192.0645855299,5913,1723.6706554253171
6034,2000,19799.3760047658,6307,3139.270018196575
6034,2007,24410.6856174792,6334,3853.913106643385
6034,2010,26864.307,6156,4363.922514619883
6035,1970,5255.711618567,5111,1028.3137582795932
6035,1980,12601.745307815,4376,2879.7407010546162
6035,1996,14000.3856977755,4152,3371.961873259995
6035,2000,18048.8107786759,4730,3815.8162322782027
6035,2007,27673.7602458428,5009,5524.807395856019
6035,2010,30826.752,5111,6031.452162003521
6036,1970,11558.7821728721,11979,964.9204585417898
6036,1980,23563.3706539615,14012,1681.656484010955
6036,1996,27385.0571139505,13522,2025.2223867734433
6036,2000,41585.1260543589,13400,3103.367615996933
6036,2007,57418.4596800053,14071,4080.6239556538476
6036,2010,67747.995,14807,4575.4031876815025
6037,1970,6548.9683352033,5875,1114.7180145026894
6037,1980,10374.4512773877,6579,1576.903978931099
6037,1996,11999.3858329353,5621,2134.7421869658956
6037,2000,16689.0509584159,5948,2805.8256486913083
6037,2007,23843.1365971961,5743,4151.686678947605
6037,2010,27649.651,6198,4461.060180703453
6038,1970,6953.4553541164,8303,837.4630078425147
6038,1980,35988.1937012219,9997,3599.899339924167
6038,1996,367522.007829344,16500,22274.061080566305
6038,2000,210796.229821885,18441,11430.845931450844
6038,2007,314842.194999261,19388,16239.023880712864
6038,2010,333746.165,20362,16390.637707494352
6039,1970,12621.4499575348,6254,2018.1403833602176
6039,1980,8545.11929083,6133,1393.301694249144
6039,1996,17214.5358457234,6096,2823.9067988391403
6039,2000,25206.4949283709,6479,3890.4915771524775
6039,2007,32649.7022168882,7172,4552.384581272755
6039,2010,37414.054000000004,7455,5018.652448021463
6040,1970,103004.89867603,15830,6506.942430576753
6040,1980,317368.399767037,18973,16727.370461552575
6040,1996,456859.226837371,NA,NA
6040,2000,1020056.57247927,NA,NA
6040,2007,2113561.13910218,49728,42502.43603406894
6040,2010,2460909.57,57952,42464.61847736057
6041,1970,6863.8651533497,6835,1004.2231387490417
6041,1980,11748.3160614798,8521,1378.7485109118413
6041,1996,14229.6532690936,8172,1741.2693672410182
6041,2000,29986.7693674047,7834,3827.7724492474727
6041,2007,40771.6658968274,8388,4860.7136262312115
6041,2010,47125.875,9546,4936.71433060968
6042,1970,2414.1268900119,3155,765.1749255188272
6042,1980,4536.1138978109,2841,1596.6609988774726
6042,1996,7505.6662604334,2956,2539.1293167907306
6042,2000,11268.5160033937,3577,3150.2700596571713
6042,2007,14550.5032332352,3485,4175.180267786284
6042,2010,16502.657,3557,4639.487489457408
6043,1970,12934.3071109778,14135,915.0553315159391
6043,1980,21702.6005730321,16769,1294.2095875145865
6043,1996,29185.0445756864,17249,1691.9847281399734
6043,2000,53693.5718590854,16817,3192.8151191702086
6043,2007,64265.796639564,17108,3756.476305796353
6043,2010,68774.641,16748,4106.439037497014
6044,1970,3997.0409684157,10085,396.33524724002973
6044,1980,16914.9937469529,12110,1396.7790047029644
6044,1996,22222.5542945135,13577,1636.779428041062
6044,2000,43189.8080231275,14680,2942.085015199421
6044,2007,55412.8796686309,14716,3765.4851636742933
6044,2010,61426.61,14805,4149.044917257683
6045,1970,6799.6127646576,10541,645.06334927024
6045,1980,20727.3124781139,11021,1880.710686699383
6045,1996,23228.8259395891,10255,2265.121983382652
6045,2000,37846.9135810659,10714,3532.472800174155
6045,2007,48285.8626400116,11130,4338.3524384556695
6045,2010,50564.299,11162,4530.039329869199
6046,1970,69226.8215968208,41693,1660.394349095071
6046,1980,147865.45592975,46448,3183.4622788871425
6046,1996,170294.616858581,51396,3313.3826923998167
6046,2000,332984.777816591,54715,6085.8042185249205
6046,2007,467655.826177405,56051,8343.39844387085
6046,2010,461767.248,58446,7900.750230982446
6047,1970,61104.0526924681,36191,1688.3770189402917
6047,1980,84193.0197937815,39948,2107.5653297732424
6047,1996,113327.674092888,39322,2882.0424722264383
6047,2000,155972.1061744922,40929,3810.7968964424294
6047,2007,203129.7480579291,41349,4912.567366996278
6047,2010,235337.573,42136,5585.190169925954
6048,1970,2926.0269344194,3462,845.183978746216
6048,1980,6393.6192386104,4470,1430.3398744094854
6048,1996,7554.2462582551,4556,1658.0874140156056
6048,2000,18737.8322367149,5155,3634.885011971853
6048,2007,28407.2853774168,5363,5296.901990941041
6048,2010,27843.268,5637,4939.3769735675005
6049,1970,3136.9594586764,4843,647.7306336313029
6049,1980,20870.044842458,5071,4115.567904251233
6049,1996,12056.5740507952,5703,2114.0757585122215
6049,2000,17364.7918320991,5516,3148.0768368562544
6049,2007,24372.5801035309,5761,4230.616230434109
6049,2010,26378.698,5749,4588.397634371196
6050,1970,78808.0064362437,37058,2126.612511097299
6050,1980,141293.203862725,41087,3438.878571390586
6050,1996,160790.704607409,51312,3133.588724029642
6050,2000,242367.9374914298,54399,4455.374868865784
6050,2007,331766.0679005188,57464,5773.459346730454
6050,2010,395013.16,59315,6659.582904830144
6051,1970,28749.4839774899,8055,3569.1476073854624
6051,1980,11451.6689271124,7777,1472.5046839542754
6051,1996,25437.0715390632,7822,3251.9907362647914
6051,2000,31153.973130487102,8104,3844.271116792584
6051,2007,39067.921500455195,8262,4728.62763258959
6051,2010,42934.715,8243,5208.627320150431
6052,1970,848.0610505949,1455,582.8598285875602
6052,1980,1274.0391191495,1451,878.0421220878704
6052,1996,3895.1326571738,2015,1933.0683162152852
6052,2000,6696.0737925958,2160,3100.0341632387963
6052,2007,10644.0318038605,2389,4455.433990732733
6052,2010,12171.366,2378,5118.320437342304
6053,1970,35409.1862316945,25699,1377.8429601032917
6053,1980,51209.8666876836,30365,1686.4767557280948
6053,1996,82710.8164898209,35570,2325.2970618448385
6053,2000,116062.9298176312,37226,3117.7921296306668
6053,2007,143292.521673521,34108,4201.141130336607
6053,2010,150692.233,33751,4464.822760807087
6054,1970,4318.8583989824,5209,829.1146859248224
6054,1980,8990.8897968937,5848,1537.4298558299758
6054,1996,8096.1841371607,4659,1737.7514782487015
6054,2000,14619.4176050371,4748,3079.0685773035175
6054,2007,21318.7029368358,4849,4396.515350966344
6054,2010,21586.718,4812,4486.0178719867
6055,1970,35963.4991887732,23500,1530.3616676073705
6055,1980,62353.2260110633,25855,2411.650590255784
6055,1996,59909.9581021823,26021,2302.3695515999502
6055,2000,111991.594326993,26641,4203.730878232536
6055,2007,144257.784576256,27548,5236.597378258168
6055,2010,162775.932,28759,5659.9997218262115
6056,1970,19631.2297608934,18789,1044.8256831600086
6056,1980,50067.0487158511,22718,2203.8493140175674
6056,1996,40197.1309636429,21723,1850.4410515878515
6056,2000,65393.053321970205,21479,3044.5110723017924
6056,2007,85734.1105800629,21203,4043.4896278858137
6056,2010,98531.57800000001,21902,4498.747968222081
6057,1970,11134.9445726454,7157,1555.8117329391366
6057,1980,19381.9976351953,8590,2256.3443114313504
6057,1996,17431.2103220325,7255,2402.6478734710545
6057,2000,24479.9975259346,6495,3769.0527368644493
6057,2007,31492.3587678405,6702,4698.949383443823
6057,2010,34732.344,6584,5275.264884568651
6058,1970,2029.4245185585,4911,413.2405861450825
6058,1980,62383.582164489,6379,9779.523775590062
6058,1996,32448.6362582858,12239,2651.248979351728
6058,2000,121316.147017888,16413,7391.466948022177
6058,2007,276352.182024575,19925,13869.620176892096
6058,2010,318795.734,21400,14896.99691588785
6059,1970,2944.4484818594,3879,759.0741123638567
6059,1980,3342.052154486,6043,553.0452018014231
6059,1996,14114.597576575,4664,3026.2859297973846
6059,2000,25444.5228214618,4602,5529.014085498001
6059,2007,29674.7572676798,4770,6221.123116914005
6059,2010,29041.21,4687,6196.119052698954
6060,1970,14823.7457907881,12696,1167.5918234710223
6060,1980,33392.7665364876,13578,2459.328806634821
6060,1996,30426.7180668741,14286,2129.8276681278244
6060,2000,51888.5614292743,15130,3429.514965583232
6060,2007,53583.6200859984,15236,3516.908643082069
6060,2010,66180.592,15149,4368.644266948314
6061,1970,9958.0149778543,10531,945.5906350635553
6061,1980,26792.4283466317,15306,1750.4526556011826
6061,1996,35608.7228702972,13769,2586.151708206638
6061,2000,55845.8459794359,13697,4077.2319471005253
6061,2007,66905.647974301,14118,4739.031589056594
6061,2010,77437.794,14744,5252.156402604449
6062,1970,30484.5465613741,13620,2238.2192776339284
6062,1980,36260.900136414,13192,2748.703770195118
6062,1996,56827.7443105611,12966,4382.827727175775
6062,2000,58244.7895153852,14081,4136.410021687749
6062,2007,66540.0226126287,15281,4354.428546078705
6062,2010,84952.083,16257,5225.569477763424
6063,1970,3333.1414390645,5506,605.3653176651834
6063,1980,8400.7559617962,6534,1285.6988003973368
6063,1996,9754.2217149471,6494,1502.0359893666614
6063,2000,18654.1462699205,6388,2920.1857028679556
6063,2007,25851.6149919014,6356,4067.277374433826
6063,2010,29355.725,6866,4275.520681619574
6064,1970,22820.2948685872,18249,1250.4956363958136
6064,1980,36092.8696647314,22312,1617.643853743788
6064,1996,49885.7057830817,22590,2208.30924227896
6064,2000,87260.0783806673,22544,3870.656422137478
6064,2007,99043.486835276,23162,4276.119801194888
6064,2010,108299.466,23147,4678.768998142308
6065,1970,3603.3542851417,3963,909.2491256981327
6065,1980,9390.1090407424,5119,1834.3639462282476
6065,1996,8230.9583837402,7106,1158.311058786969
6065,2000,20506.7234501922,7254,2826.953880644086
6065,2007,26014.1130431954,7047,3691.5159703697177
6065,2010,29196.262,6889,4238.098708085353
6066,1970,4186.370904822,2247,1863.0934155861148
6066,1980,5754.0630741312,2518,2285.171991315012
6066,1996,8242.2886771878,2504,3291.6488327427314
6066,2000,8700.6677246124,2558,3401.355639019703
6066,2007,9872.1708064752,2781,3549.8636484988137
6066,2010,11263.869,2505,4496.554491017965
6067,1970,1399.7349619047,2124,659.0089274504237
6067,1980,2129.1995585065,2301,925.3366182122991
6067,1996,7126.9993444117,3183,2239.082420487496
6067,2000,8004.3930764434,3121,2564.688585851778
6067,2007,12080.3288276317,3253,3713.596319591669
6067,2010,15084.809,3512,4295.218963553531
6068,1970,6427.0952405054,5283,1216.5616582444445
6068,1980,9152.1230036393,6513,1405.2085066235684
6068,1996,13428.0665018782,7128,1883.8477135070425
6068,2000,19908.3860571123,6920,2876.9344013168065
6068,2007,25954.4721613981,6582,3943.2501004858855
6068,2010,28313.132,6616,4279.493954050787
6069,1970,8482.5615572271,9035,938.8557340594466
6069,1980,9223.5881768487,10044,918.318217527748
6069,1996,11645.5681268561,9833,1184.335210704373
6069,2000,29708.2270008424,10227,2904.8818813769826
6069,2007,38597.6771572354,10832,3563.3010669530463
6069,2010,44031.814,10517,4186.727583911762
6070,1970,6498.0078475187,7239,897.6388793367455
6070,1980,16621.1820435225,7656,2171.000789383817
6070,1996,21592.4661933082,7043,3065.80522409601
6070,2000,28687.981041767198,7262,3950.4242690398232
6070,2007,39210.7637032216,7961,4925.356576211732
6070,2010,46859.048,8033,5833.318560936139
6071,1970,2737.2157996044,2644,1035.2555974298034
6071,1980,5776.1674802586,2894,1995.9113615268143
6071,1996,6120.2728044807,2830,2162.6405669543105
6071,2000,10114.2700091711,3061,3304.237180389121
6071,2007,15414.6479964727,3257,4732.774945186583
6071,2010,17318.237,3317,5221.054265902924
6072,1970,23986.4894601147,20971,1143.7933079068569
6072,1980,59219.295754475,23802,2487.996628622595
6072,1996,73309.4152928803,27604,2655.753343460379
6072,2000,139632.885628427,28166,4957.497892083611
6072,2007,215685.759810952,29801,7237.534304585484
6072,2010,227145.9,31095,7304.901109503136
6073,1970,17301.270147585,12782,1353.5651813163042
6073,1980,25085.3878995803,12526,2002.6654877519002
6073,1996,22076.2460321082,12623,1748.89059907377
6073,2000,37723.6070914043,11892,3172.183576471939
6073,2007,46578.461724232,11830,3937.317136452409
6073,2010,48738.354,11405,4273.419903551074
6074,1970,1831.0159370673,2710,675.6516372942066
6074,1980,6783.1507680703,2735,2480.1282515796343
6074,1996,7731.5182236625,2812,2749.4730525115574
6074,2000,11863.8758185771,2923,4058.8011695439955
6074,2007,13021.455411538,2935,4436.611724544464
6074,2010,14291.041,2933,4872.499488578247
6075,1970,66921.8103893743,34732,1926.8055507708825
6075,1980,153359.496590967,41808,3668.1854331938143
6075,1996,201856.967214022,51713,3903.408566782473
6075,2000,266586.395771892,51482,5178.244741305543
6075,2007,380083.314083357,54200,7012.607270910646
6075,2010,430655.894,55326,7783.969453783031
6076,1970,16737.2524102397,12424,1347.170992453292
6076,1980,27890.2243829887,13185,2115.2995360628515
6076,1996,28727.4142078516,13985,2054.1590423919633
6076,2000,39069.6596690657,13182,2963.864335386565
6076,2007,52776.4798148298,13209,3995.493967357847
6076,2010,62246.485,13872,4487.203359284891
6077,1970,2703.6789175468,5260,514.007398773156
6077,1980,13421.4470434333,5693,2357.5350506645527
6077,1996,15431.5791120319,5676,2718.741915439024
6077,2000,22379.6018874945,5589,4004.2229177839504
6077,2007,26461.276636012903,5626,4703.390799149112
6077,2010,30601.931,5797,5278.925478695877
6078,1970,3741.0510144828,6227,600.7790291444998
6078,1980,18699.9223445524,6597,2834.6100264593606
6078,1996,11903.9391569367,6545,1818.7836756205807
6078,2000,19820.5418655374,6383,3105.207874907943
6078,2007,22971.8990216504,6139,3741.961072104642
6078,2010,25456.455,6031,4220.934339247223
6079,1970,4648.279064255,8425,551.7245180124629
6079,1980,11390.1647353538,10123,1125.1767989088016
6079,1996,16177.0226726212,10121,1598.362086021263
6079,2000,35259.4299933052,11577,3045.6448124129915
6079,2007,37667.4226749937,11451,3289.4439503094663
6079,2010,43123.934,11352,3798.7961592670895
6080,1970,21263.9139465276,17272,1231.1205388216536
6080,1980,45509.7014093512,19498,2334.0702333239924
6080,1996,34049.8616050745,21235,1603.478295506216
6080,2000,72961.6454788358,21421,3406.0802707079874
6080,2007,92809.770534265,22340,4154.421241462176
6080,2010,106614.767,22444,4750.256950632685
6081,1970,40840.8533530707,24681,1654.7487278907133
6081,1980,76207.4555579358,26510,2874.6682594468425
6081,1996,73907.678241375,26248,2815.745132633915
6081,2000,106772.46463715,25207,4235.825946647757
6081,2007,115081.244215113,24752,4649.371534224022
6081,2010,132604.519,24481,5416.629998774561
6082,1970,26538.0233498281,17426,1522.898160784351
6082,1980,47525.4011155006,18353,2589.516761047273
6082,1996,57339.9718502432,21000,2730.474850011581
6082,2000,83466.0346287264,21123,3951.4289934538842
6082,2007,103654.375527297,22425,4622.268696869432
6082,2010,127838.254,23192,5512.17031735081
6083,1970,9175.3456680605,11751,780.8140301302442
6083,1980,29536.2332850051,12498,2363.2767870863418
6083,1996,23465.18593987,14119,1661.9580664260925
6083,2000,61120.1635743857,14633,4176.871699199461
6083,2007,97137.2998557664,15966,6084.009761729074
6083,2010,118848.731,16997,6992.335765135023
6084,1970,13333.1448701946,8156,1634.7651876158166
6084,1980,18198.3970430039,9098,2000.263469224434
6084,1996,14944.7807895008,9417,1587.0001900287566
6084,2000,30327.1726642918,9374,3235.243510165543
6084,2007,49497.8070746018,9841,5029.753792765146
6084,2010,58421.725,10201,5727.058621703754
6085,1970,19866.9449870843,17350,1145.0688753362708
6085,1980,36126.4923146086,17861,2022.6466779356476
6085,1996,39065.2616560389,17862,2187.059772480064
6085,2000,59567.707734984695,19000,3135.1425123676154
6085,2007,81495.8046353769,19296,4223.455878699052
6085,2010,91779.206,19707,4657.188105749226
6086,1970,5083.6413686226,6467,786.0895884680068
6086,1980,15390.4500994076,8177,1882.1633972615386
6086,1996,18064.2690468084,9433,1915.007849762366
6086,2000,30918.0514391987,9843,3141.120739530499
6086,2007,42302.2426473734,10426,4057.3798817737775
6086,2010,48083.744,10240,4695.6781249999995
6087,1970,1254279.08812484,221546,5661.4837917400455
6087,1980,3598351.6009457,329945,10905.91341267696
6087,1996,8735543.04034734,NA,NA
6087,2000,6405860.23946167,NA,NA
6087,2007,8554954.10992274,NA,NA
6087,2010,9805587.175,723515,13552.707511247176
6088,1970,5354.0954013321,4581,1168.7612751216109
6088,1980,11319.5828075841,5778,1959.0832134967288
6088,1996,17293.1330630561,7279,2375.7567060112788
6088,2000,24733.8591804858,7081,3492.989574987403
6088,2007,29793.1277491791,7618,3910.8857638722893
6088,2010,30582.008,7459,4100.014479152701
6089,1970,3981.2259318171,4644,857.283792380943
6089,1980,11245.1731844578,4619,2434.547128048885
6089,1996,15284.8808773163,5749,2658.7025356264216
6089,2000,17991.7424168685,5968,3014.702147598609
6089,2007,26518.319098169,6486,4088.547502030373
6089,2010,28342.863,6643,4266.5757940689455
6090,1970,10139.2273955222,7163,1415.50012502055
6090,1980,19841.5356989227,8040,2467.8526988709827
6090,1996,17739.9259950147,9949,1783.0863398346264
6090,2000,30944.9354234062,9647,3207.726280025521
6090,2007,46385.8470653585,10240,4529.867877476417
6090,2010,54178.099,10237,5292.3804825632515
6091,1970,6817.2041771727,8170,834.419115933011
6091,1980,11278.7729522417,9439,1194.911850009715
6091,1996,16621.53836108,10469,1587.691122464419
6091,2000,26806.0615131263,10045,2668.5974627303435
6091,2007,38253.0302687983,10222,3742.22561815675
6091,2010,39117.516,9826,3981.0213718705477
6092,1970,11597.2968094421,4923,2355.737722819845
6092,1980,8740.559797216,6005,1455.5470103606992
6092,1996,9517.7290176756,5568,1709.3622517377155
6092,2000,14476.2026548225,4844,2988.4811426140586
6092,2007,18619.4562601994,4807,3873.4046723943
6092,2010,22663.749,4681,4841.646870326853
6093,1970,4594.7570505473,6839,671.8463299528148
6093,1980,15347.9238695244,8595,1785.680496745131
6093,1996,18473.7604139456,7339,2517.204035147241
6093,2000,24723.280765002,7086,3489.0320018348857
6093,2007,36096.6128199408,7258,4973.355307239019
6093,2010,41381.32,7370,5614.833107191316
6094,1970,44183.904053861,18332,2410.206417950087
6094,1980,84132.5070982315,18915,4447.925302576342
6094,1996,60352.5660071128,22982,2626.079801893343
6094,2000,81059.501542445,24154,3355.9452489212968
6094,2007,108790.814526036,24937,4362.626399568352
6094,2010,122230.033,25900,4719.306293436293
6095,1970,2733.3483519478,3243,842.8456219388838
6095,1980,5693.2333082799,3038,1874.0070139170177
6095,1996,3975.0164624456,3248,1223.8351177480295
6095,2000,9647.9957582627,3118,3094.289851912348
6095,2007,11952.8898236148,2834,4217.674602545801
6095,2010,14275.897,2841,5024.9549454417465
6096,1970,4278.2346743147,5627,760.3047226434512
6096,1980,11713.7168372084,5903,1984.3667350852788
6096,1996,15620.667387537,7113,2196.073019476592
6096,2000,22320.6711285949,7605,2934.9994909395
6096,2007,27967.6955513468,7105,3936.339979077663
6096,2010,30906.933,7164,4314.2005862646565
6097,1970,18817.1821527878,4747,3964.015620979102
6097,1980,29862.3335431044,6353,4700.5089789240365
6097,1996,22090.5708347598,8362,2641.780774307558
6097,2000,50057.2246056579,9755,5131.442809395992
6097,2007,72811.5799026465,10943,6653.712866914603
6097,2010,78847.527,11730,6721.869309462915
6098,1970,2935.6375594781,4727,621.0360819712503
6098,1980,7126.4250452775,5526,1289.6172720371878
6098,1996,5924.6057952047,3997,1482.2631461607957
6098,2000,10899.4972573662,3459,3151.054425373287
6098,2007,15824.7629094385,4017,3939.448073049166
6098,2010,17937.35,4019,4463.137596417018
6099,1970,4371.8592168258,5262,830.8360351246295
6099,1980,7505.2083774988,6080,1234.409272614934
6099,1996,12611.6598540462,5728,2201.75625943544
6099,2000,17228.9587467228,5692,3026.8725837531274
6099,2007,23137.4688530072,5634,4106.7569849143065
6099,2010,25454.998,5613,4535.007660787458
6100,1970,4475.7603472456,7696,581.5696916899169
6100,1980,16711.0321994063,10606,1575.6206109189422
6100,1996,19748.788426718,10965,1801.0750959159145
6100,2000,29163.7817359836,10473,2784.6635859814382
6100,2007,37232.2386447205,10986,3389.0623197451755
6100,2010,41093.145,10759,3819.420485175202
6101,1970,69377.4409183476,26190,2649.0049987914313
6101,1980,178983.034368435,24548,7291.1452814255745
6101,1996,86662.3656437469,27670,3131.997312748352
6101,2000,128318.47113087619,28514,4500.191875249919
6101,2007,169036.6167692049,30310,5576.925660481851
6101,2010,184003.98500000002,30585,6016.1512179172805
6102,1970,31129.55055987,15504,2007.8399483920277
6102,1980,38009.9515666997,17836,2131.080487031829
6102,1996,43087.867934417,20389,2113.2899080100547
6102,2000,63574.1505385767,20663,3076.714443138784
6102,2007,87903.7112432322,20526,4282.554381917188
6102,2010,98328.546,21176,4643.395636569702
6103,1970,21335.1513192992,14672,1454.1406297232277
6103,1980,32280.0594755151,12802,2521.4856643895564
6103,1996,25313.3034951248,11828,2140.1169677988505
6103,2000,50648.4803748853,11697,4330.04021329275
6103,2007,51227.2154529826,12494,4100.145305985481
6103,2010,55359.278,12902,4290.751666408309
6104,1970,3267.8054508949,2297,1422.6405968197214
6104,1980,10722.9638854606,2482,4320.291654093714
6104,1996,32974.9842029623,5402,6104.2177347209
6104,2000,28740.5570760431,5500,5225.555832007837
6104,2007,57402.5274313728,6984,8219.147684904467
6104,2010,64288.129,7407,8679.374780612934
6105,1970,13773.6118200288,14182,971.203766748611
6105,1980,35015.0339594249,16133,2170.3981875302115
6105,1996,31987.3644462678,17732,1803.9343811339836
6105,2000,50547.5474822915,16985,2976.0110381095965
6105,2007,81146.8038435957,19470,4167.78653536701
6105,2010,91407.074,20092,4549.426338841329
6106,1970,10616.911706269,11002,964.9983372358663
6106,1980,24161.3905832314,12812,1885.8406636927411
6106,1996,18458.0670845102,13332,1384.4934806863337
6106,2000,39588.3722497377,13231,2992.0922265692466
6106,2007,53670.7778900646,12305,4361.704826498546
6106,2010,62261.915,12491,4984.542070290609
6107,1970,4670.8957615084,3096,1508.6872614691213
6107,1980,5150.3028656819,3361,1532.3721706878605
6107,1996,7665.5896842519,3884,1973.6327714345775
6107,2000,19529.7167079706,3969,4920.563544462233
6107,2007,19631.3325077784,4558,4307.005815660026
6107,2010,21939.028,4990,4396.59879759519
6108,1970,3617.1225113563,4003,903.6029256448413
6108,1980,4939.6621931962,3789,1303.6849282650303
6108,1996,5735.6353025336,4041,1419.3603817207622
6108,2000,13098.1936005098,4112,3185.3583658827333
6108,2007,17285.3380070317,4345,3978.2135804445797
6108,2010,19755.941,4508,4382.418145519077
6109,1970,44474.2484419562,25396,1751.2304473915656
6109,1980,64880.794958334,26852,2416.2369640374645
6109,1996,78293.776018494,26471,2957.7188628496842
6109,2000,90529.4092471229,27687,3269.7442571287206
6109,2007,171499.114888825,29980,5720.450796825383
6109,2010,189702.144,30852,6148.779463243874
6110,1970,11480.6077089368,11672,983.6024425065798
6110,1980,16701.8180738457,11751,1421.3103628496044
6110,1996,21483.6318170394,10569,2032.7024143286403
6110,2000,30673.7230003086,9314,3293.29214089635
6110,2007,37787.2334884714,9317,4055.7296864303316
6110,2010,41944.114,9469,4429.624458760164
6111,1970,10536.7461218459,10760,979.2514983128159
6111,1980,14376.143223578,11457,1254.7912388564196
6111,1996,26055.7047554079,10834,2404.9939777928653
6111,2000,46462.1999931673,10562,4398.99640154964
6111,2007,44820.6352668437,10216,4387.2978922125785
6111,2010,47864.351,10566,4530.035112625402
6112,1970,6122.3697629429,7344,833.6560134726171
6112,1980,13582.809008035,8342,1628.243707508391
6112,1996,10907.6360660709,7329,1488.2843588580843
6112,2000,21467.4923472207,7272,2952.0754052833745
6112,2007,26626.5768797498,6933,3840.5563074786955
6112,2010,32072.885,7280,4405.616071428571
6113,1970,14654.4657757339,5501,2663.9639657760226
6113,1980,15391.2585486278,6472,2378.1301836569532
6113,1996,13181.4265955893,9032,1459.4139277667516
6113,2000,33162.596612576,9421,3520.0718196132048
6113,2007,38701.745572517,10032,3857.8295028426037
6113,2010,44653.458,10533,4239.386499572771
6114,1970,3770.2991059041,4793,786.626143522658
6114,1980,8982.2828993531,5368,1673.3015833370157
6114,1996,12244.8508695574,7241,1691.0441747766054
6114,2000,19200.0814524531,6457,2973.529727807512
6114,2007,23116.9105820714,6280,3681.0367168903504
6114,2010,26175.301,6070,4312.240691927513
6115,1970,2558.9702525614,2725,939.07165231611
6115,1980,3259.1779554116,3041,1071.745463798619
6115,1996,9945.1045055875,3474,2862.724382725245
6115,2000,11807.8571714944,3573,3304.7459198137135
6115,2007,16642.5816348264,3934,4230.447797363092
6115,2010,21062.44,4361,4829.727126805778
6116,1970,9851.0554667382,7868,1252.04060329667
6116,1980,12530.7059808811,9266,1352.331748422307
6116,1996,15730.767716068,8058,1952.1925683876893
6116,2000,22077.1824614845,7831,2819.2034812264715
6116,2007,27583.6483689844,7450,3702.5031367764295
6116,2010,29875.646,6931,4310.438032030011
6117,1970,-1578.9344861463,3296,-479.0456572045813
6117,1980,5581.0855142468,3607,1547.2929066389797
6117,1996,10759.4499368002,3378,3185.1539185317347
6117,2000,11505.4716072497,3194,3602.2140285690984
6117,2007,15859.2992351803,3489,4545.514254852479
6117,2010,17279.374,3627,4764.0953956437825
6118,1970,3736.8191132434,2767,1350.4948005939284
6118,1980,3892.4536963607,2997,1298.7833488023691
6118,1996,5447.2997402366,2916,1868.0726132498628
6118,2000,10381.2316519964,2823,3677.375718029189
6118,2007,13388.8805553484,2974,4501.977321905985
6118,2010,14955.268,2928,5107.67349726776
6119,1970,1605.2066213645,6239,257.2858825716461
6119,1980,4837.730770631,6685,723.6695244025431
6119,1996,12957.9398850294,5497,2357.274856290595
6119,2000,22868.834415285,5573,4103.505188459537
6119,2007,24506.6980459045,5218,4696.569192392584
6119,2010,26541.028,5241,5064.115245182217
6120,1970,120003.509178134,46414,2585.5024169029607
6120,1980,276505.245944817,65162,4243.35112404188
6120,1996,373336.233359695,86036,4339.302540328409
6120,2000,573065.251475836,91761,6245.194052765728
6120,2007,583207.531165236,97276,5995.389727838686
6120,2010,692747.196,100674,6881.093390547709
6121,1970,11123.9250993955,9920,1121.363417277772
6121,1980,21903.3375368221,10464,2093.2088624638855
6121,1996,31759.8892175714,11380,2790.8514250941475
6121,2000,42064.3196974596,11266,3733.74043116098
6121,2007,51382.8168707526,11619,4422.309740145674
6121,2010,59255.616,11788,5026.77434679335
6122,1970,6691.7771401667,3516,1903.23581916004
6122,1980,3703.2013868488,3165,1170.0478315478042
6122,1996,9565.2591535447,3631,2634.331906787304
6122,2000,12738.7825660271,3692,3450.3744761720204
6122,2007,15052.3171727088,3743,4021.4579675951904
6122,2010,17175.417,3721,4615.806772373018
6123,1970,3543.235334943,5701,621.511197148395
6123,1980,9353.0222007214,6155,1519.5811861448253
6123,1996,13040.5521105176,6305,2068.2874084881205
6123,2000,18918.6856678004,6617,2859.103168777452
6123,2007,29363.1279014924,6810,4311.766211672893
6123,2010,34255.955,7475,4582.736454849498
6124,1970,26921.3460098342,15642,1721.0935947982484
6124,1980,84708.5125457825,19875,4262.063524316101
6124,1996,211587.278235302,26032,8127.968586174784
6124,2000,250681.92868813,25861,9693.435237930862
6124,2007,245781.755961508,26279,9352.78191565539
6124,2010,273333.808,27032,10111.490381769756
6125,1970,16152.0919973977,13380,1207.1817636321152
6125,1980,45914.1652786607,14899,3081.6944277240555
6125,1996,39837.1805024262,15643,2546.645816175043
6125,2000,56525.5486796608,14872,3800.803434619473
6125,2007,71855.9803871297,15881,4524.650865004074
6125,2010,83287.549,15465,5385.551180084061
6126,1970,21955.780002012,12008,1828.429380580613
6126,1980,24331.5733501268,12721,1912.70916988655
6126,1996,25245.3442668787,13835,1824.744797027734
6126,2000,52760.4860839257,15174,3477.0321658050416
6126,2007,70618.898489075,16783,4207.763718588751
6126,2010,73002.301,16699,4371.657045332056
6127,1970,10890.0952703127,8206,1327.0893578250916
6127,1980,24031.7610617953,7743,3103.675715071071
6127,1996,15016.7049673813,7227,2077.8614871151653
6127,2000,43584.0289523519,7800,5587.696019532295
6127,2007,32326.1046791827,6936,4660.6263954992355
6127,2010,34065.718,6978,4881.874175981657
6128,1970,4407.8460603707,5465,806.5592059232754
6128,1980,11505.1154602729,5124,2245.33869248105
6128,1996,9704.620313952,5395,1798.817481733457
6128,2000,18398.0068472892,5430,3388.214889003536
6128,2007,21660.7096385357,5319,4072.3274372129536
6128,2010,24205.722,5155,4695.581377303589
6129,1970,12804.5879834623,9632,1329.3799816717503
6129,1980,21848.0681247891,9957,2194.2420533081354
6129,1996,26117.2356635359,10823,2413.1235021284206
6129,2000,31567.4094828012,10198,3095.451018121318
6129,2007,40838.1768330875,10232,3991.221348034353
6129,2010,45191.642,10326,4376.4906062366845
6130,1970,10253.7590312894,6773,1513.916880450229
6130,1980,16458.1884491794,7873,2090.459602334485
6130,1996,25011.1760037085,12182,2053.1255954447956
6130,2000,76740.9706501207,13927,5510.229816193056
6130,2007,89114.7886941623,16140,5521.362372624678
6130,2010,94411.449,17024,5545.785303101504
6131,1970,17559.5891605414,14332,1225.2015880924782
6131,1980,33613.657488563,15039,2235.099241210387
6131,1996,35972.0480966945,14237,2526.6592748960106
6131,2000,53533.2725195449,14880,3597.6661639479103
6131,2007,63367.8192628695,15956,3971.410081653892
6131,2010,76515.958,17032,4492.482268670737
6132,1970,23725.3799073038,19577,1211.9006950658322
6132,1980,43437.5395113655,20607,2107.9021454537537
6132,1996,34090.3580408425,19848,1717.5714450243097
6132,2000,65805.5144554432,20077,3277.6567443065796
6132,2007,85188.99302168921,21033,4050.2540304135987
6132,2010,102587.038,20950,4896.75599045346
6133,1970,5238.9158568872,4026,1301.2707046416294
6133,1980,5259.5304386179,4374,1202.4532324229308
6133,1996,6610.4382962266,3454,1913.8501147152867
6133,2000,12744.6316216222,3425,3721.0603274809346
6133,2007,18767.9889133831,3896,4817.245614318043
6133,2010,19344.245,3854,5019.264400622729
6134,1970,12060.7478853271,16085,749.8133593613367
6134,1980,25680.3465120571,19006,1351.1704994242398
6134,1996,57319.944318489,22242,2577.1038718860264
6134,2000,81314.07203661671,23201,3504.765830637331
6134,2007,98550.25033852429,23974,4110.713703951125
6134,2010,111569.86499999999,25502,4374.945690534076
6135,1970,20273.4233782655,10653,1903.0717523951469
6135,1980,35425.1254936431,10394,3408.228352284308
6135,1996,14915.3233371875,11343,1314.9363781351935
6135,2000,42777.3401173015,11981,3570.4315263585263
6135,2007,52127.5178646896,12881,4046.8533393905445
6135,2010,61013.834,12923,4721.336686527896
6136,1970,21191.511210844,21258,996.8722932940069
6136,1980,77103.5116381333,25481,3025.921731412947
6136,1996,70593.2658691412,33461,2109.717757064678
6136,2000,120518.761138495,36032,3344.7702358596525
6136,2007,191681.649028633,38883,4929.703187218914
6136,2010,223018.037,41049,5432.971253867329
6137,1970,1872.5286567866,1644,1139.007698775304
6137,1980,3610.5469832071,1896,1904.2969320712552
6137,1996,2742.3904522261,1518,1806.5813255771411
6137,2000,5564.4722895634,1308,4254.183707617279
6137,2007,8354.0874803217,1433,5829.788890664131
6137,2010,9167.641,1699,5395.904061212477
6138,1970,119489.638602775,45345,2635.1226949558936
6138,1980,193497.276684497,50906,3801.070142704141
6138,1996,120127.222479347,57061,2105.2421527724186
6138,2000,252140.8967084043,57932,4352.359606234971
6138,2007,282576.3463172898,57942,4876.882853841596
6138,2010,317321.89499999996,61680,5144.6481031128405
6139,1970,7452.6705809755,8987,829.2723468315901
6139,1980,10716.9175446231,10073,1063.9251012233792
6139,1996,14581.2588426202,8669,1682.0000971992386
6139,2000,22170.074313542,8064,2749.2651678499506
6139,2007,28262.0358711153,8057,3507.761681905833
6139,2010,34143.668,8314,4106.767861438537
6140,1970,511.0625346374,3012,169.67547630723772
6140,1980,2482.6607643282,2893,858.1613426644313
6140,1996,4201.1280818266,2858,1469.9538424865639
6140,2000,10083.1600766526,2823,3571.7889042340066
6140,2007,11930.6937762467,3367,3543.419594964865
6140,2010,14477.916,3508,4127.114025085519
6141,1970,10603.9613116909,11198,946.9513584292641
6141,1980,21829.1606411261,12689,1720.3215888664274
6141,1996,21865.1181843647,12675,1725.058633874927
6141,2000,37610.5403995734,12046,3122.243101409049
6141,2007,46272.1532329454,12526,3694.088554442392
6141,2010,46912.512,11976,3917.2104208416836
6142,1970,33463.6584436684,16272,2056.5178492913224
6142,1980,40247.5821489731,17119,2351.0474997939777
6142,1996,28200.9982181913,16593,1699.572001337389
6142,2000,56303.0633368486,16054,3507.1049792480753
6142,2007,65173.691803062204,16189,4025.800963806424
6142,2010,72189.97200000001,15956,4524.315116570569
6143,1970,4821.47310849,7615,633.1547089284308
6143,1980,18471.9650886292,7995,2310.4396608666916
6143,1996,11128.1669668366,7005,1588.60342138995
6143,2000,18924.0967778974,6471,2924.447037227229
6143,2007,23276.6077065919,6480,3592.0690905234414
6143,2010,29599.664,6471,4574.202441662804
6144,1970,6404.9944530733,5579,1148.0542127752824
6144,1980,10957.6152694123,5912,1853.4531917138531
6144,1996,11281.6765572395,6054,1863.5078555070202
6144,2000,19704.5878938508,6170,3193.612300462042
6144,2007,23566.5865289989,6028,3909.5199948571503
6144,2010,24825.698,5369,4623.896070031663
6145,1970,12207.0254745739,8587,1421.5704523784675
6145,1980,35425.0368460385,11670,3035.5644255388606
6145,1996,42040.6261276907,13273,3167.3793511407143
6145,2000,44754.7588539289,14012,3194.0307489244146
6145,2007,68025.8364272526,14292,4759.714275626406
6145,2010,77079.195,14719,5236.714111012977
6146,1970,4403.0297953869,5092,864.695560759407
6146,1980,17161.0112965117,6214,2761.6690210028482
6146,1996,9626.1527281859,5904,1630.4459227957148
6146,2000,17052.8121010158,5930,2875.6850086030017
6146,2007,20318.2265751349,5609,3622.432978273293
6146,2010,23204.216,5331,4352.69480397674
6147,1970,6432.8272669998,9181,700.6673855788912
6147,1980,8826.7925516903,9164,963.2030283380947
6147,1996,13577.5848535318,7514,1806.9716334218526
6147,2000,23119.8065325296,7975,2899.0353018845894
6147,2007,26906.0088775734,7610,3535.61220467456
6147,2010,31400.856,7266,4321.6151940545
6148,1970,148612.975162804,53357,2785.257326364001
6148,1980,264336.412756435,68227,3874.3666401341843
6148,1996,466926.066022586,105625,4420.601808497856
6148,2000,886648.671249503,115844,7653.816091031931
6148,2007,1053944.63625567,122454,8606.861648093734
6148,2010,1246777.191,120310,10363.038741584243
6149,1970,2798.6296622505,5262,531.8566442893386
6149,1980,7930.1866857501,5398,1469.0972000278066
6149,1996,9739.5127556675,4888,1992.5353428125
6149,2000,17372.7177426334,4728,3674.432686682191
6149,2007,21554.3579553375,4644,4641.3346157057495
6149,2010,23823.635,4581,5200.53154333115
6150,1970,9133.1485793049,10975,832.1775470892848
6150,1980,31047.7818096442,14608,2125.395797483858
6150,1996,42128.0374620635,24594,1712.939638207022
6150,2000,110391.653005368,26225,4209.405262359123
6150,2007,145219.25679861,29196,4973.9435812649
6150,2010,192795.7,30879,6243.586256031608
6151,1970,3113.6161546814,4083,762.5804934316435
6151,1980,5661.2253526556,4877,1160.8007694598316
6151,1996,9613.4986200365,4168,2306.501588300504
6151,2000,12349.5912376772,4481,2755.9900106398572
6151,2007,16335.856738249,4578,3568.3391739294448
6151,2010,18885.413,4396,4296.044813466789
6152,1970,10762.4361928582,9104,1182.1656626601714
6152,1980,13049.9432027478,8498,1535.6487647385031
6152,1996,9549.4607761572,7873,1212.9379875723614
6152,2000,19323.5595083923,7184,2689.8050540635163
6152,2007,27285.9008667152,7810,3493.713299195288
6152,2010,33039.34,7564,4367.971972501322
6153,1970,6956.897367082,6007,1158.1317408160478
6153,1980,8441.0502188204,6712,1257.6058132926698
6153,1996,10209.2972644605,5478,1863.690628780668
6153,2000,15426.3525022489,5737,2688.923218101603
6153,2007,21707.2356521783,5942,3653.186747253164
6153,2010,23947.229,6010,3984.563893510815
6154,1970,10331.683067756,8852,1167.1580510343424
6154,1980,15873.823290874,8440,1880.7847501035544
6154,1996,14083.930511062,5198,2709.4902868530207
6154,2000,17799.1299234153,5109,3483.877456139225
6154,2007,24089.0131631999,4913,4903.116866110299
6154,2010,26110.355,4760,5485.368697478992
6155,1970,15290.2683806101,16729,913.9977512469424
6155,1980,34532.5457695772,18030,1915.2826272644036
6155,1996,32269.840983743,16911,1908.2160122844894
6155,2000,55035.4662119663,18401,2990.895397639601
6155,2007,74828.4079195499,18898,3959.5940268573345
6155,2010,94357.223,19096,4941.203550481777
6156,1970,2250.6142781605,3014,746.7200657466822
6156,1980,2655.2239151283,2956,898.2489564033492
6156,1996,5763.8684281776,2798,2059.99586425218
6156,2000,9377.1716167408,2838,3304.147856497815
6156,2007,12344.2778895225,3180,3881.848392931604
6156,2010,14161.303,3233,4380.236003711722
6157,1970,4607.9861642114,3959,1163.9267906570851
6157,1980,9739.976309616,4337,2245.786559745446
6157,1996,10080.0245597732,3906,2580.651448994675
6157,2000,12037.4715446305,3903,3084.1587354933386
6157,2007,16634.1801201757,3986,4173.151058749549
6157,2010,20529.847,4010,5119.662593516209
6158,1970,17761.5093647522,8241,2155.2614203072685
6158,1980,46166.9417141634,9224,5005.0890843629
6158,1996,23626.6066414005,8350,2829.5337295090417
6158,2000,25926.7121020673,8018,3233.563494894899
6158,2007,33411.2543355706,7782,4293.4019963467745
6158,2010,38551.776,7748,4975.706763035622
6159,1970,13901.616635768,7971,1744.0241670766527
6159,1980,8685.5640761059,4237,2049.9325173721736
6159,1996,6522.759709043,4172,1563.461099962368
6159,2000,24370.4772896574,6086,4004.350524097503
6159,2007,24280.931703806302,6568,3696.8531826745284
6159,2010,27746.045,6696,4143.674581839904
6160,1970,6625.3648047461,6652,995.995911717694
6160,1980,11746.1859716397,7267,1616.3734652043072
6160,1996,20935.2342154126,9605,2179.6183462168246
6160,2000,33910.3795206881,10055,3372.4892611325804
6160,2007,40235.2725988465,10908,3688.6021817791075
6160,2010,46854.039,11041,4243.6408839779
6161,1970,6698.1863343942,5662,1183.0071237008476
6161,1980,7837.5165433306,4589,1707.8920338484638
6161,1996,12220.4281174167,4462,2738.778152715531
6161,2000,19590.7626984767,4747,4126.97760658873
6161,2007,22971.1535422696,5085,4517.434324930108
6161,2010,26150.768,5310,4924.815065913372
6162,1970,3914.6270279294,5355,731.0227876618861
6162,1980,9788.0000639913,6530,1498.9280343018836
6162,1996,11181.5259684094,8345,1339.9072460646375
6162,2000,27560.077243507,9106,3026.584366736987
6162,2007,30067.8223457768,9737,3087.996543676368
6162,2010,38300.795,10230,3743.9682306940367
6163,1970,2273.9851495633,3021,752.7259680778882
6163,1980,4444.8307431031,3532,1258.4458502556909
6163,1996,7815.0972154377,3624,2156.483779094288
6163,2000,12671.3344444257,3436,3687.815612463824
6163,2007,13880.9171973413,3130,4434.797826626613
6163,2010,15416.623,3204,4811.680087390761
6164,1970,2124.3459307075,2540,836.3566656328741
6164,1980,3030.3774563261,2591,1169.5783312721344
6164,1996,6525.5561161187,2807,2324.743896016637
6164,2000,8738.809617061,2855,3060.8790252402805
6164,2007,11668.6672664431,3038,3840.904301001679
6164,2010,13322.992,2975,4478.316638655462
6165,1970,6918.792081441,7379,937.632752600759
6165,1980,11920.1037358715,7316,1629.3198108080235
6165,1996,16532.1779805908,7721,2141.1964746264475
6165,2000,29073.2173159286,7307,3978.817204862269
6165,2007,34321.4188446199,7651,4485.873590984172
6165,2010,36474.462,7050,5173.682553191489
6166,1970,12923.5046001024,11997,1077.2280236811202
6166,1980,25060.1083193307,11036,2270.760086927392
6166,1996,24055.0592240906,8718,2759.2405625247306
6166,2000,25797.9019468168,6678,3863.1179914370773
6166,2007,32982.6631781228,6602,4995.85931204526
6166,2010,34480.691,6238,5527.523404937479
6167,1970,9364.9843328416,7612,1230.2922139833945
6167,1980,23217.8216675339,9128,2543.5825665571756
6167,1996,28467.6156223673,11107,2563.033728492599
6167,2000,48897.7977613423,12061,4054.2075915216237
6167,2007,59356.6921475295,13128,4521.381181256056
6167,2010,75342.787,13739,5483.862508188369
6168,1970,8578.0935237317,11199,765.9695976186892
6168,1980,25152.7875126197,12328,2040.2974945343688
6168,1996,16633.2948122832,9848,1689.0023164381803
6168,2000,24133.8264416892,9388,2570.710102438134
6168,2007,36052.3599488581,9549,3775.511566536611
6168,2010,41182.989,10262,4013.1542584291565
6169,1970,8673.9128188256,10834,800.6196066850287
6169,1980,14835.3981790731,13210,1123.0430112848676
6169,1996,21286.3974794291,13798,1542.716153024286
6169,2000,40777.2452851694,13584,3001.858457388796
6169,2007,51487.1105752189,14021,3672.142541560438
6169,2010,60438.421,14103,4285.501028150039
6170,1970,2412.9802090085,2924,825.23262961987
6170,1980,6324.4841094445,2656,2381.2063665077185
6170,1996,8645.0744184513,2135,4049.215184286323
6170,2000,9170.2988051888,2051,4471.13544865373
6170,2007,12124.7550954465,2457,4934.7802586269845
6170,2010,14940.385,2504,5966.607428115016
7001,1970,281234.076781937,70059,4014.2462322033853
7001,1980,1930863.51700028,165743,11649.743983156332
7001,1996,2263209.163556294,314462,7197.083156490431
7001,2000,2170763.809056129,351276,6179.6530621395395
7001,2007,2441434.778177277,92217,26474.88834138258
7001,2010,2977432.3850000002,394895,7539.807759024551
7002,1970,19250.8554769843,19623,981.0352890477653
7002,1980,64864.2506062816,24489,2648.7096494867737
7002,1996,89011.0912778286,31806,2798.5628899524804
7002,2000,136971.57436248,32922,4160.487648456352
7002,2007,177117.884109572,34047,5202.158313788939
7002,2010,197718.437,35088,5634.930375057
7003,1970,13031.8627710638,9337,1395.7226915565811
7003,1980,25806.1318677339,11491,2245.76902512696
7003,1996,24925.3966504056,13886,1795.0019192284028
7003,2000,46574.2485745879,15269,3050.2487769066674
7003,2007,64028.6810383707,16471,3887.3584505112435
7003,2010,80530.294,17586,4579.227453656317
7004,1970,16432.5372549945,17068,962.7687634751874
7004,1980,54617.2078243521,15573,3507.17317307854
7004,1996,65314.3089104214,18264,3576.122914499639
7004,2000,77434.3557609831,20036,3864.7612178570125
7004,2007,104407.7020594,21456,4866.130782037659
7004,2010,125572.207,22679,5536.937563384628
7005,1970,85216.0000129627,34826,2446.9074832872766
7005,1980,132820.01239873,37009,3588.8570995900996
7005,1996,123532.1940426455,38756,3187.434050021816
7005,2000,152337.3120473671,42411,3591.9292647512934
7005,2007,172068.13461715612,43732,3934.604742914939
7005,2010,207704.752,47188,4401.643468678477
7006,1970,11127.1511681001,25581,434.9771771275595
7006,1980,89700.4012729983,36647,2447.6874307036946
7006,1996,55575.9269776198,35965,1545.278103089665
7006,2000,115260.746854818,36641,3145.67688804394
7006,2007,147228.984409187,37992,3875.262802937118
7006,2010,178223.842,40235,4429.572312663105
7007,1970,8429.7876742164,9383,898.4107081121604
7007,1980,14935.2701272001,10257,1456.1051113581068
7007,1996,30297.6319458086,11462,2643.31111026074
7007,2000,36038.5959855093,12535,2875.0375736345673
7007,2007,54769.8144730489,14016,3907.6637038419594
7007,2010,63412.715,13759,4608.817137873392
7008,1970,86368.6809180873,35057,2463.6643442989216
7008,1980,149777.472844636,37654,3977.7307283326077
7008,1996,100071.929825496,36972,2706.6950618169426
7008,2000,126424.824144182,37189,3399.522013073274
7008,2007,157838.725427204,34740,4543.429056626482
7008,2010,187555.292,37415,5012.836883602833
7009,1970,33980.4853598142,28754,1181.7655060100924
7009,1980,55655.1777501595,24765,2247.332031098708
7009,1996,57558.2307301218,21648,2658.824405493431
7009,2000,68038.4676178283,22131,3074.3512547028286
7009,2007,79500.9992691096,21782,3649.848465205656
7009,2010,93535.103,22353,4184.454122489152
7010,1970,37186.7057150009,16001,2324.0238556965755
7010,1980,62277.202629833,19397,3210.661578070475
7010,1996,60564.5762411694,20342,2977.316696547508
7010,2000,90254.1740463061,21309,4235.495520498667
7010,2007,90270.1652926877,20149,4480.13128654959
7010,2010,112976.09,21939,5149.555130133553
7011,1970,10424.9523130507,9761,1068.020931569583
7011,1980,20210.5313848683,9284,2176.9206575687526
7011,1996,20366.9030230522,8433,2415.1432495022177
7011,2000,28826.2115401277,9082,3173.9937833217023
7011,2007,39842.2011924016,9836,4050.6507922327773
7011,2010,42085.047,10202,4125.176141932954
7012,1970,162751.43586071,55079,2954.872743889867
7012,1980,643976.309213913,73254,8791.005395117169
7012,1996,972924.705412447,104177,9339.150728207253
7012,2000,1268612.5128067369,117501,10796.610350607541
7012,2007,1515896.354175448,133120,11387.442564418929
7012,2010,1690576.403,143946,11744.518104011226
7013,1970,71469.4741051127,38919,1836.364606107883
7013,1980,162614.023105705,47920,3393.4478945263986
7013,1996,186366.469080646,63841,2919.22853778365
7013,2000,299222.563836206,70898,4220.465511526503
7013,2007,321984.549411811,75878,4243.450663061902
7013,2010,413682.269,77302,5351.507968745957
7014,1970,171562.824629964,40162,4271.7699474618785
7014,1980,206778.408908926,47205,4380.434464758521
7014,1996,277001.240817644,58722,4717.162917094854
7014,2000,292308.968835593,61600,4745.275468110276
7014,2007,368057.015424288,64863,5674.375459418898
7014,2010,415858.39,68793,6045.068393586556
7015,1970,10331.0477244898,7792,1325.8531473934547
7015,1980,12611.7974024318,10016,1259.1650761213857
7015,1996,19954.0881132751,10915,1828.134504193779
7015,2000,35692.323315968,10939,3262.850655084377
7015,2007,47967.2100733426,12694,3778.730902264266
7015,2010,51450.754,12776,4027.1410457107077
7016,1970,82055.5458513006,28892,2840.0784248684963
7016,1980,141936.229205212,32446,4374.537052493743
7016,1996,164523.039613329,38518,4271.3287193864935
7016,2000,143762.352740303,39139,3673.1227864867014
7016,2007,171887.717215994,41748,4117.268305451615
7016,2010,201230.67,40732,4940.358195030934
7017,1970,14622.1772709062,12638,1157.000891826729
7017,1980,42479.3278012255,10979,3869.143619749112
7017,1996,21718.0010879023,14184,1531.1619492316906
7017,2000,35336.7680078289,10626,3325.500471280717
7017,2007,38313.3153764102,9649,3970.7032206871386
7017,2010,46140.909,11353,4064.2040870254555
7018,1970,28791.0554803311,17785,1618.8392173365812
7018,1980,65409.9306185719,24155,2707.9250928822976
7018,1996,65457.2342634866,21546,3038.0225686200038
7018,2000,80298.4493372323,20208,3973.59705746399
7018,2007,99040.4391029351,20545,4820.658997465811
7018,2010,104620.593,20253,5165.683750555473
7019,1970,77441.2222327506,45361,1707.2203485979278
7019,1980,240166.145091849,51702,4645.200284164036
7019,1996,247576.142839305,67485,3668.609955387197
7019,2000,429416.403372862,68698,6250.784642534893
7019,2007,634117.382503179,70963,8935.887469571171
7019,2010,784639.472,72432,10832.773801634636
7020,1970,6246.21852357,10329,604.726355268661
7020,1980,25067.8292522746,11858,2114.001454905937
7020,1996,20666.739443212,10780,1917.137239630056
7020,2000,33729.9888670619,11305,2983.634574706935
7020,2007,41812.6626700291,11548,3620.7709274358417
7020,2010,48656.103,12003,4053.661834541365
7021,1970,79849.9779437695,44289,1802.9302522922058
7021,1980,120769.525422584,48824,2473.5688477507783
7021,1996,134106.811964756,52432,2557.7283331697436
7021,2000,244158.326410979,57371,4255.779512488522
7021,2007,293841.123233746,56629,5188.880665979374
7021,2010,337154.124,58668,5746.814686029863
7022,1970,31987.8640322972,22121,1446.0405963698386
7022,1980,65836.3483938845,25806,2551.2031463180847
7022,1996,46816.30228251,25790,1815.288960159364
7022,2000,90601.3971027272,31731,2855.295991387829
7022,2007,120248.449109924,33381,3602.302181178635
7022,2010,167560.671,35158,4765.932959781558
7023,1970,53400.8714065735,43933,1215.5070540726447
7023,1980,94846.7520728995,43644,2173.1910932292985
7023,1996,101826.748115026,41101,2477.476171261673
7023,2000,142928.723484769,42657,3350.6510885615257
7023,2007,192974.879826123,43397,4446.733180314838
7023,2010,310635.842,45503,6826.711249807705
7024,1970,52831.6876563232,35249,1498.813800570887
7024,1980,97816.8350937039,34922,2801.008965514687
7024,1996,74556.496302333,37369,1995.1429340451446
7024,2000,117086.406189117,37544,3118.6449549626304
7024,2007,149001.326830952,39023,3818.2950268034747
7024,2010,187373.427,37826,4953.561756463808
7025,1970,78092.0323890836,33438,2335.427728604689
7025,1980,192228.875959017,33079,5811.205778863236
7025,1996,99325.3191848275,34314,2894.600430868669
7025,2000,150397.595000239,38908,3865.467127589159
7025,2007,177363.267064441,39111,4534.869143321342
7025,2010,203313.91,37566,5412.1788319224825
7026,1970,10196.3885584108,9929,1026.9300592618388
7026,1980,22331.8788715758,8733,2557.1829693777395
7026,1996,16082.4352655548,8170,1968.4743287092776
7026,2000,31155.7452295385,8916,3494.3635295579297
7026,2007,55157.5561449059,9341,5904.887714902677
7026,2010,55379.978,8844,6261.869968340118
7027,1970,11484.2625644717,7394,1553.1867141563025
7027,1980,8687.4322365653,7053,1231.7357488395435
7027,1996,8906.732309219,7142,1247.0921743515821
7027,2000,20208.9250264219,7278,2776.714073429775
7027,2007,27638.3139036754,7158,3861.178248627466
7027,2010,30282.904,7307,4144.368961270015
7028,1970,30860.8111633939,25682,1201.6513964408498
7028,1980,58309.2085814781,24768,2354.2154627534765
7028,1996,66493.5526553722,34858,1907.5550133505135
7028,2000,119132.331791874,38109,3126.094407931827
7028,2007,158555.627254556,40265,3937.802738223171
7028,2010,193453.509,45180,4281.839508632138
7029,1970,18362.7849475945,12028,1526.6698493178
7029,1980,64638.907289813,12265,5270.192196478843
7029,1996,26288.3497081249,12685,2072.3965083267562
7029,2000,44722.8813880633,12007,3724.73402082646
7029,2007,50793.8020944472,12962,3918.6701199234067
7029,2010,60191.166,12537,4801.082077051926
7030,1970,81674.9394049405,33405,2444.991450529576
7030,1980,74379.6211098411,36365,2045.3628794126523
7030,1996,91878.3191042173,38480,2387.6902054110524
7030,2000,124575.423197497,45047,2765.4543742645906
7030,2007,223836.060567046,49937,4482.368996276228
7030,2010,272623.655,52105,5232.197581805969
7031,1970,335583.665000954,75829,4425.531986455762
7031,1980,1190179.37564448,104155,11427.001830392013
7031,1996,1158762.2904408,140764,8231.950572879428
7031,2000,2794000.23675025,152977,18264.185052329765
7031,2007,3684373.95202485,163139,22584.262206001324
7031,2010,4476232.564,185025,24192.582429401435
7032,1970,37281.7164152647,19522,1909.7283277975976
7032,1980,60738.0235494034,20863,2911.2794684083497
7032,1996,56769.3715210465,25425,2232.8169723125466
7032,2000,114327.600128481,26741,4275.367418139973
7032,2007,154015.631246869,28851,5338.311713523586
7032,2010,186883.807,30873,6053.308943089431
7033,1970,22589.4846935264,13512,1671.809109941267
7033,1980,50044.086296555,13443,3722.6873686346053
7033,1996,43225.7589302249,15554,2779.076696041205
7033,2000,56747.2687465769,17042,3329.847948983505
7033,2007,84778.780652166,17421,4866.4703893097985
7033,2010,103416.734,18819,5495.336309049365
7034,1970,21670.5175589357,16891,1282.9623799026522
7034,1980,45747.6631012887,17563,2604.7749872623526
7034,1996,33391.3926588893,20022,1667.7351243077264
7034,2000,58849.9895595685,24137,2438.165039547935
7034,2007,88445.1621568419,25219,3507.0844266958206
7034,2010,105518,26577,3970.2750498551377
7035,1970,10955.7790539589,8467,1293.938709573509
7035,1980,25486.7241073667,8498,2999.1438111751822
7035,1996,35096.613629021,10547,3327.6394831725606
7035,2000,39673.3111018487,11709,3388.274925429046
7035,2007,50968.9669668656,11337,4495.807265314069
7035,2010,55975.606,11125,5031.515146067416
7036,1970,3202.8907624813,4993,641.4762192031444
7036,1980,5425.5477706921,5710,950.1834974942383
7036,1996,12286.4164437802,6988,1758.2164344276189
7036,2000,23764.0424197657,7192,3304.232816986332
7036,2007,24323.9227023209,7577,3210.23131877008
7036,2010,24666.505,5648,4367.299043909348
7037,1970,239051.493845657,94016,2542.6682037701776
7037,1980,725478.335039702,144142,5033.080816415077
7037,1996,887243.436863163,200873,4416.937253205573
7037,2000,893395.1606957479,219104,4077.4936135157186
7037,2007,1015069.858463975,231685,4381.24979374571
7037,2010,1278862.345,247361,5170.024154979968
7038,1970,17423.7898313314,9927,1755.191883885504
7038,1980,19387.4188155784,10860,1785.213518929871
7038,1996,30205.6544177925,14380,2100.5322960912727
7038,2000,60992.4324807232,15115,4035.2254370309756
7038,2007,71081.2159437353,15831,4490.001638793209
7038,2010,91816.857,17104,5368.151134237605
7039,1970,20967.4843185276,6437,3257.337939805437
7039,1980,96164.6189320728,7256,13253.117272887652
7039,1996,87869.6606864695,7720,11382.080399801749
7039,2000,84929.0073671114,7844,10827.257440988195
7039,2007,97113.3470590258,7921,12260.23823494834
7039,2010,148957.27,8156,18263.520107896027
7040,1970,41944.342313488,27117,1546.7913970383154
7040,1980,85829.5544797997,26379,3253.7076644224458
7040,1996,59612.5911841071,23446,2542.548459613883
7040,2000,80821.1169720928,24920,3243.2229924595827
7040,2007,96819.1674792935,24218,3997.818460619931
7040,2010,106260.419,24521,4333.445577260307
7041,1970,26538.9649632888,18035,1471.5256425444304
7041,1980,48582.2259014316,18739,2592.5730242505792
7041,1996,51032.4804771394,19341,2638.5647317687503
7041,2000,56988.0936214827,19556,2914.097648879255
7041,2007,82223.5646420287,19337,4252.136559033392
7041,2010,92597.187,19593,4726.03414484765
7042,1970,12168.2457818776,21951,554.3367400973806
7042,1980,29189.7377218391,25468,1146.133882591452
7042,1996,47445.1470824919,25254,1878.718107329211
7042,2000,73910.5424409456,24551,3010.490099830785
7042,2007,91792.0165171713,25220,3639.651725502431
7042,2010,101739.515,25313,4019.2594714178485
7043,1970,34350.1620582859,28163,1219.691157131197
7043,1980,86528.294900901,32235,2684.296413863844
7043,1996,86735.5778776652,33624,2579.57345579542
7043,2000,170248.4544329863,35133,4845.827411066129
7043,2007,230384.3008205666,38337,6009.450421800522
7043,2010,334429.39599999995,41067,8143.5068546521525
7044,1970,87334.7442801349,45790,1907.2885844100217
7044,1980,292284.950302961,57343,5097.133918751391
7044,1996,307171.1439397097,66644,4609.1342647456595
7044,2000,484238.9964684632,76921,6295.2769265670395
7044,2007,505026.59109163575,79770,6331.034111716633
7044,2010,649317.875,90865,7145.962416772134
7045,1970,418195.832157575,142653,2931.560024377861
7045,1980,922098.305897132,172532,5344.505980902858
7045,1996,1179824.68361156,231989,5085.692354428701
7045,2000,1768729.9840679,253634,6973.552378892026
7045,2010,3003634.436,314912,9538.012003353319
7046,1970,89894.0377919363,52275,1719.6372604865862
7046,1980,164490.442321081,61030,2695.2391007878255
7046,1996,142553.6062222237,67717,2105.1376496629164
7046,2000,275348.6354730984,72212,3813.059262630842
7046,2007,345094.8430733356,75537,4568.553729607154
7046,2010,488402.00800000003,80154,6093.29550615066
7047,1970,74868.5210511645,28198,2655.1003990057625
7047,1980,107095.662389198,28158,3803.3831376233397
7047,1996,82859.8742044115,31264,2650.3286273161307
7047,2000,158789.653368142,31257,5080.130958445852
7047,2007,147447.121295077,33479,4404.167427195466
7047,2010,193162.639,37820,5107.420386039133
7048,1970,3553.7986830334,4667,761.4738982287122
7048,1980,11010.6351569973,6507,1692.1215855228675
7048,1996,24480.4502248343,8396,2915.7277542680204
7048,2000,28154.5160186739,9551,2947.80818957951
7048,2007,39261.4740204851,10240,3834.1283223129976
7048,2010,46144.053,10778,4281.3187047689735
7049,1970,30503.0381809985,8098,3766.737241417449
7049,1980,66761.6572670071,9305,7174.81539677669
7049,1996,32632.7809930168,10845,3009.0162280329
7049,2000,61067.1902287301,11102,5500.5575777995045
7049,2007,43651.6008279153,11636,3751.426678232666
7049,2010,57068.107,12404,4600.782570138665
7050,1970,12525.7854080726,13949,897.9701346385117
7050,1980,44791.0220596396,14414,3107.46649504923
7050,1996,40481.4756778895,15793,2563.254332798677
7050,2000,66274.6940458153,18729,3538.6135963380475
7050,2007,91696.35088221,17563,5220.995893765871
7050,2010,109471.942,20137,5436.358047375478
7051,1970,28187.4191896554,12256,2299.8873359705776
7051,1980,75142.9088544133,16216,4633.874497682123
7051,1996,34120.6582570905,20043,1702.3728113102081
7051,2000,71342.2336421561,21797,3273.0299418340187
7051,2007,90576.6775567762,23211,3902.316899606919
7051,2010,118233.048,24282,4869.164319248826
7052,1970,37055.5900675203,20670,1792.7232737068362
7052,1980,88001.8395982911,18006,4887.361968137904
7052,1996,52466.7034290906,17505,2997.2409842382517
7052,2000,56515.6926485037,17044,3315.8702563074216
7052,2007,74343.1312187666,16330,4552.549370408243
7052,2010,80334.383,17419,4611.882599460359
7053,1970,18021.7773337308,10168,1772.4013900207317
7053,1980,52423.08126156,11176,4690.683720612026
7053,1996,79287.3082609102,13130,6038.637338987829
7053,2000,66894.4614214363,12681,5275.172417115077
7053,2007,80342.7163674464,11616,6916.556161109365
7053,2010,110740.168,12452,8893.363957597174
7054,1970,25466.3743425764,17449,1459.4747173234225
7054,1980,41741.1151668867,22402,1863.276277425529
7054,1996,45372.3577959511,21959,2066.230602302068
7054,2000,69326.4879020963,28607,2423.409931209015
7054,2007,66731.8804010954,16388,4071.9966073404566
7054,2010,94205.244,17183,5482.467787929931
7055,1970,22710.5110911555,14539,1562.040793118887
7055,1980,53169.9751739053,18531,2869.2447884035023
7055,1996,40697.5482880643,22807,1784.432336040001
7055,2000,77755.6723094887,22383,3473.8717915153775
7055,2007,91314.7894748965,22106,4130.769450596965
7055,2010,114991.923,23390,4916.28572039333
7056,1970,22654.1474158609,20711,1093.8219987379123
7056,1980,71032.4735919783,26823,2648.192729820613
7056,1996,68034.7794585931,27911,2437.561515481104
7056,2000,105155.657898949,30199,3482.090728135004
7056,2007,146228.801682828,32157,4547.339667345462
7056,2010,207615.677,33855,6132.496736080342
7057,1970,188396.736955118,61252,3075.764660013028
7057,1980,771481.03233683,104297,7396.962830539997
7057,1996,1337030.9175913574,204490,6538.368221386657
7057,2000,1681125.8882112622,232949,7216.712191128798
7057,2007,2501954.394111014,15595,160433.1127996803
7057,2010,3244357.924,310879,10436.079387800399
7058,1970,151194.480835187,43372,3485.992825675251
7058,1980,308629.678426146,53167,5804.91053522196
7058,1996,175243.339003645,57374,3054.403370928382
7058,2000,318732.949991085,57341,5558.552344589124
7058,2007,294845.563672561,59850,4926.408749750392
7058,2010,473509.514,63517,7454.846954358676
7059,1970,33970.2923540923,30551,1111.9207997804426
7059,1980,80254.1352920626,33316,2408.876674632687
7059,1996,61435.102109298,31091,1975.9770386702903
7059,2000,98700.0477890957,32423,3044.1368099526785
7059,2007,124200.966864172,30567,4063.2370485874308
7059,2010,155144.23,31636,4904.040649892528
7060,1970,26097.1739726199,15207,1716.1290177299861
7060,1980,52073.1218848663,17071,3050.3849736316733
7060,1996,31310.7768390039,18239,1716.6937243820328
7060,2000,53593.3658657202,18857,2842.0939632879144
7060,2007,67350.602973707,19276,3494.0134350335657
7060,2010,86262.505,20571,4193.403577852317
7061,1970,1661278.00184544,NA,NA
7061,1980,57048.9873677301,NA,NA
7061,1996,34294.2968676807,NA,NA
7061,2000,24888.9799273844,NA,NA
7061,2007,27247.3726191283,NA,NA
7061,2010,33631.843,2630,12787.77300380228
7062,1970,16268.9178107346,9572,1699.6362108999792
7062,1980,35960.106987258,10481,3430.9805349926532
7062,1996,23124.0463940349,10133,2282.053330112987
7062,2000,45985.2344542241,10727,4286.868132210692
7062,2007,54739.7295072087,11002,4975.434421669578
7062,2010,66689.23,11430,5834.578302712161
7063,1970,12093.4975600954,20946,577.3654903129667
7063,1980,39984.8734769437,22408,1784.4017081820643
7063,1996,35018.095720068,21150,1655.7019252987234
7063,2000,55324.5305577368,20823,2656.895286833636
7063,2007,74770.7629986752,21962,3404.5516345813317
7063,2010,89067.743,22169,4017.670756461726
7064,1970,11728.0931728782,13952,840.6030083771645
7064,1980,24595.654188327,13749,1788.90495223849
7064,1996,19463.9080475842,12867,1512.6997783153959
7064,2000,37421.0477034311,12978,2883.421767871097
7064,2007,49149.5441681839,14067,3493.9606290029074
7064,2010,60199.864,14293,4211.842440355419
7065,1970,30024.5935628406,14890,2016.426699989295
7065,1980,58002.9397769915,16951,3421.800470591204
7065,1996,69450.3839138528,21326,3256.606204344593
7065,2000,76347.1966961984,24003,3180.7356037244676
7065,2007,97748.7486253203,26281,3719.369454180598
7065,2010,115796.8,27912,4148.638578389224
7066,1970,225693.978507831,71623,3151.1383006552505
7066,1980,400965.659616883,87038,4606.7885247464665
7066,1996,765117.645130319,110084,6950.307448224256
7066,2000,742829.803222893,117749,6308.586936813842
7066,2007,935050.387778092,124996,7480.642482784185
7066,2010,1140082.291,129408,8809.983084507912
7067,1970,45035.1167385174,28697,1569.3318722694844
7067,1980,71058.8998868514,27223,2610.252355980289
7067,1996,63489.8789669702,27231,2331.5294688762883
7067,2000,83663.1597667703,27554,3036.3344620298435
7067,2007,99241.2907394143,27397,3622.341524233102
7067,2010,119026.403,29019,4101.671422171681
7068,1970,294826.371224637,51588,5715.018438874099
7068,1980,733798.441311349,57799,12695.694411864375
7068,1996,528788.567011974,67242,7863.962508729277
7068,2000,568163.072424225,71177,7982.397016230314
7068,2007,577617.547067674,71796,8045.260837200874
7068,2010,734262.089,75644,9706.812027391466
7069,1970,3434.5291570802,3785,907.4053255165654
7069,1980,12263.6113410819,5203,2357.0269731081876
7069,1996,14602.8904343512,5919,2467.121208709444
7069,2000,20461.691817228,6110,3348.8857311338784
7069,2007,24873.1992509239,6593,3772.667867575292
7069,2010,39731.433,6855,5795.978555798687
7070,1970,103737.805135562,49366,2101.401878531013
7070,1980,176820.762390425,52499,3368.078675601916
7070,1996,193456.593109177,61631,3138.9494427995164
7070,2000,279778.576088204,67273,4158.853865417092
7070,2007,386896.321021315,71570,5405.844921354129
7070,2010,473160.775,76458,6188.505780951634
7071,1970,12771.2034025709,13140,971.9332878668873
7071,1980,22102.5284164572,18567,1190.4200148897075
7071,1996,30614.4725260224,16330,1874.7380603810411
7071,2000,49193.9933948878,17691,2780.735594081047
7071,2007,64345.1022295758,17733,3628.5514142883776
7071,2010,76645.65,18360,4174.599673202614
7072,1970,17409.2185032391,12736,1366.929844789502
7072,1980,52432.0010933046,17322,3026.9022684046067
7072,1996,44088.1509362865,25745,1712.4937244624782
7072,2000,65462.9846396944,24340,2689.5227871690386
7072,2007,122767.540379001,27261,4503.4129481310665
7072,2010,138622.089,26954,5142.913445128738
7073,1970,9259.0048726478,10950,845.5712212463744
7073,1980,11817.7946152555,8530,1385.4389935821218
7073,1996,25394.4449008135,7432,3416.905933909244
7073,2000,24842.9076094996,7438,3339.9983341623556
7073,2007,36347.6659745137,7545,4817.450758716196
7073,2010,40656.293,7534,5396.375497743562
7074,1970,5697.2209292733,10934,521.0555084391165
7074,1980,20697.1913522488,11723,1765.5200334597628
7074,1996,25811.4735648501,11375,2269.140533173635
7074,2000,36449.0570173778,11570,3150.3074345183927
7074,2007,44409.1838068048,11880,3738.1467850845793
7074,2010,48643.673,11779,4129.694626029374
7075,1970,-4013.9431445182,13575,-295.68641948568694
7075,1980,18279.8885242317,19179,953.1200023062569
7075,1996,34732.4319696026,22686,1531.0073159482765
7075,2000,65741.8453068507,26308,2498.9298048825717
7075,2007,119503.61268934258,30576,3908.412241278865
7075,2010,159646.286,37164,4295.7239801958885
7076,1970,4016.686769703,3940,1019.4636471327411
7076,1980,3861.5395918874,4547,849.2499652270509
7076,1996,12181.6253911954,4651,2619.1411290465276
7076,2000,19774.2121982362,4567,4329.80341542286
7076,2007,22044.3416812768,4444,4960.4729255798375
7076,2010,21807.934,4496,4850.519128113879
7077,1970,115562.732735291,35851,3223.4172752584586
7077,1980,206510.755090965,39452,5234.481270682474
7077,1996,719077.408695324,48479,14832.760756107262
7077,2000,3115657.77323259,59281,52557.44291143182
7077,2007,6766252.75320098,70070,96564.18942772913
7077,2010,9095144.696,80637,112791.20870072051
7078,1970,23477.0255504109,15040,1560.972443511363
7078,1980,313866.775435312,18229,17217.991959806463
7078,1996,40361.2224112562,21510,1876.3934175386428
7078,2000,97841.7129895899,23042,4246.233529623726
7078,2007,101379.597722297,25718,3941.9705156815066
7078,2010,139206.172,28120,4950.4328591749645
7079,1970,4007.4460445758,3662,1094.3326173063354
7079,1980,18316.3115121816,4410,4153.358619542313
7079,1996,9026.5244032248,3720,2426.4850546303223
7079,2000,20293.1279495001,3669,5530.969732760997
7079,2007,24376.8454100046,4097,5949.925655358702
7079,2010,27616.743,4369,6321.067292286564
7080,1970,17531.9500444091,22701,772.2985791114531
7080,1980,45241.9632827562,28348,1595.9490363608086
7080,1996,64751.1630602103,24808,2610.0920291926113
7080,2000,91981.7719657097,26799,3432.283740651133
7080,2007,141158.262301944,26735,5279.905079556536
7080,2010,171266.532,26256,6522.948354661792
7081,1970,11893.0136062549,7117,1671.0711825565406
7081,1980,31314.4446936791,8254,3793.8508230771868
7081,1996,48054.144743356,13799,3482.436752181752
7081,2000,90009.0780740689,15858,5675.941359192137
7081,2007,96494.7852264504,17573,5491.082070588425
7081,2010,121621.199,21884,5557.539709376713
7082,1970,55010.7613920761,25083,2193.149200337922
7082,1980,180633.212956495,28157,6415.215149216713
7082,1996,75983.9812643483,33619,2260.1499528346562
7082,2000,133543.406984745,34982,3817.4891940067746
7082,2007,169794.235186842,34944,4859.038323799279
7082,2010,201576.498,35398,5694.573083225041
7083,1970,20738.7760368333,15148,1369.0768442588658
7083,1980,24624.7569394386,15910,1547.7534217120428
7083,1996,34819.7527929021,15273,2279.824055058083
7083,2000,44324.0665460114,14766,3001.7653085474335
7083,2007,51774.0239459108,13849,3738.4666001812984
7083,2010,59350.225,13881,4275.644766227217
7084,1970,27093.518347449,9294,2915.162292602647
7084,1980,60996.2688321075,10985,5552.6871945477915
7084,1996,44148.8669600969,14168,3116.097329199386
7084,2000,57703.983261572,14950,3859.798211476388
7084,2007,65769.4627235684,14985,4389.019868106
7084,2010,94530.874,15692,6024.144404792251
7085,1970,733760.416818179,200975,3651.0034423096354
7085,1980,2928849.45994032,330416,8864.127221261439
7085,1996,4172757.51607233,529966,7873.632489767891
7085,2000,4892670.03808271,581556,8413.067766616989
7085,2010,8359552.124,644620,12968.186100338184
7086,1970,41355.4036984087,20606,2006.9593175972384
7086,1980,74974.0935856839,19571,3830.876990735471
7086,1996,103665.516523494,22105,4689.686338995431
7086,2000,129287.1885129501,26359,4904.859384382947
7086,2007,119272.92036125148,24454,4877.440106373251
7086,2010,144991.488,23731,6109.792591968312
7087,1970,18462.2056166365,14606,1264.0151729862043
7087,1980,24913.6894776533,13547,1839.0558409724147
7087,1996,49951.4890212822,16697,2991.6445481992096
7087,2000,45144.7041709199,14653,3080.9188678714186
7087,2007,58176.257822723,14813,3927.3785069008977
7087,2010,72428.212,15819,4578.558189518933
7088,1970,28563.2183463419,14499,1970.0129902987721
7088,1980,85449.4385234087,23703,3605.005211298515
7088,1996,88456.4516378545,33757,2620.388412413855
7088,2000,684553.1565587017,40468,16915.912734968413
7088,2007,693021.1408702905,44394,15610.69380705254
7088,2010,769121.684,46455,16556.273468948442
7089,1970,37077.764151504,24025,1543.2992362748803
7089,1980,68498.548460552,25264,2711.3104995468652
7089,1996,61750.624776578,25977,2377.126872871309
7089,2000,84577.312300218,27316,3096.2553924519693
7089,2007,113254.047673891,28488,3975.5001289627558
7089,2010,138728.445,30743,4512.521386982403
7090,1970,33016.2401077815,12391,2664.533944619603
7090,1980,112088.308369248,14335,7819.205327467596
7090,1996,112059.152517133,14414,7774.3272177836125
7090,2000,112274.355869513,15925,7050.195031052623
7090,2007,81912.5453285772,15947,5136.548901271537
7090,2010,106010.417,15773,6721.00532555633
7091,1970,20202.7235270853,17216,1173.485334984044
7091,1980,47005.1799704915,17828,2636.5929981204567
7091,1996,38239.7932437068,20392,1875.2350551052766
7091,2000,69126.8682806744,22024,3138.7063331217946
7091,2007,109945.2228873354,24128,4556.748296059989
7091,2010,124043.80799999999,24309,5102.793533259287
7092,1970,17170.8970713648,11952,1436.6547081128515
7092,1980,28615.872291097,12283,2329.7136115848734
7092,1996,26607.4783685522,12577,2115.5663805798044
7092,2000,42517.4555834266,13741,3094.2038849739174
7092,2007,60584.2131776013,14760,4104.621488997377
7092,2010,64303.974,14541,4422.252527336496
7093,1970,27081.1965145798,11110,2437.5514414563277
7093,1980,96981.4080063751,12720,7624.324528803074
7093,1996,82921.6062133568,17604,4710.384356586957
7093,2000,112825.729251555,20172,5593.18507096743
7093,2007,148673.02226809,19987,7438.486129388602
7093,2010,222658.625,20659,10777.80265259693
7094,1970,15498.7178480846,13994,1107.5259288326854
7094,1980,34019.904119055704,12812,2655.3156508785282
7094,1996,25132.441499771,11034,2277.727161480062
7094,2000,32595.6400461372,11324,2878.456379913211
7094,2007,49859.6708662919,11655,4277.964038291883
7094,2010,54491.292,12132,4491.53412462908
7095,1970,19873.6518534293,19141,1038.2765714136826
7095,1980,41860.6914092191,18409,2273.9253305024226
7095,1996,29130.3351961961,15444,1886.1910901447877
7095,2000,47814.5598889809,16100,2969.8484403093726
7095,2007,57854.1841511879,15967,3623.359688807409
7095,2010,65618.444,15615,4202.269868715978
7096,1970,43803.2078968391,18837,2325.3813185135164
7096,1980,72053.1866529119,23876,3017.808119153623
7096,1996,168075.20145021,49118,3421.865740669612
7096,2000,272632.996390883,56051,4864.016634687749
7096,2007,471446.658440227,60751,7760.311080315171
7096,2010,526297.297,62195,8462.051563630517
7097,1970,23872.1760343503,21478,1111.4710882926854
7097,1980,73548.9723080553,25687,2863.2760660277686
7097,1996,72661.977495597,30876,2353.3481505245827
7097,2000,121891.891841152,32209,3784.4047266649695
7097,2007,176653.375780874,33348,5297.270474417476
7097,2010,194519.268,36628,5310.671289723709
7098,1970,174194.343253303,57278,3041.208548715091
7098,1980,222981.367031991,57154,3901.4131474960805
7098,1996,163650.194303005,55916,2926.7149707240324
7098,2000,252904.951323474,56322,4490.340387832001
7098,2007,278267.179330008,55560,5008.4085552557235
7098,2010,324665.809,55439,5856.271018597017
7099,1970,37463.1735061001,16668,2247.610601517885
7099,1980,68920.9659859554,18681,3689.3617036537335
7099,1996,55035.7481858851,22494,2446.685702226598
7099,2000,85405.4424050646,22494,3796.8099228711926
7099,2007,94258.649579299,23078,4084.350878728616
7099,2010,118798.925,23925,4965.472309299896
7100,1970,9728.2928380277,8018,1213.3066647577577
7100,1980,32290.2698246299,8864,3642.8553502515683
7100,1996,15472.3882370451,9698,1595.4205235146524
7100,2000,37552.1943204881,9826,3821.7173133002343
7100,2007,50271.8235072763,11152,4507.875135157487
7100,2010,67865.073,13596,4991.546999117388
7101,1970,5565.607222557,9693,574.1883031627979
7101,1980,34225.7605911235,11911,2873.458197558853
7101,1996,19962.6414824249,12639,1579.4478584084898
7101,2000,37781.4023524405,13122,2879.241148638965
7101,2007,54726.193171085,13304,4113.514219113425
7101,2010,63996.88,14308,4472.804025719877
7102,1970,74148.3923144336,31204,2376.2463887461095
7102,1980,208749.502612692,34943,5974.000589894743
7102,1996,155805.476171321,39962,3898.8408030459186
7102,2000,201100.762126105,49205,4086.9985189737836
7102,2007,261055.643781669,52830,4941.428048110335
7102,2010,303743.324,56696,5357.403061944406
7103,1970,67471.7817016056,23742,2841.8743872296186
7103,1980,161228.864056961,25448,6335.620247444239
7103,1996,182937.319661578,27949,6545.397676538623
7103,2000,175462.802841567,29254,5997.908075530423
7103,2007,187342.970423829,29202,6415.415739464044
7103,2010,232383.03,30796,7545.883556306014
7104,1970,661753.669752265,196342,3370.413206304637
7104,1980,1870434.96957173,282207,6627.882970910467
7104,1996,3633124.17714636,NA,NA
7104,2000,2312093.02464987,367902,6284.535079042435
7104,2010,3108009.75,377779,8227.058015400538
7105,1970,27359.8216467018,19601,1395.8380514617518
7105,1980,58396.938077447,20603,2834.390044044411
7105,1996,61896.7372217407,21997,2813.8717653198482
7105,2000,73202.6080582538,22475,3257.0682117131832
7105,2007,91018.6379819635,21632,4207.592362331892
7105,2010,102259.063,22878,4469.755354489029
7106,1970,9460.5068704685,5285,1790.0675251596026
7106,1980,24400.0089229743,7087,3442.924922107281
7106,1996,25727.7977656006,10716,2400.876984471874
7106,2000,53871.4702867845,10825,4976.5792412733945
7106,2007,76252.6722226546,13167,5791.195581579297
7106,2010,117507.767,13180,8915.61206373293
7107,1970,63946.2873152426,50167,1274.6683540024837
7107,1980,171304.102924929,63949,2678.7612460699775
7107,1996,133159.8080603701,69192,1924.4971681750794
7107,2000,280602.8798135706,80112,3502.6323124322275
7107,2007,339524.6692359892,90445,3753.9352007959446
7107,2010,420496.57,91323,4604.497990648577
7108,1970,121102.331937584,50995,2374.7883505752325
7108,1980,239942.784021577,58430,4106.499812109824
7108,1996,169023.074544816,56439,2994.792156927231
7108,2000,264404.768015917,55790,4739.286037209482
7108,2007,385692.166782969,56643,6809.17618740125
7108,2010,467167.848,59526,7848.131035177906
7109,1970,9293.6906661636,10165,914.2833906703
7109,1980,21248.5461215376,9497,2237.3956114075604
7109,1996,21849.255993361,9049,2414.54923122566
7109,2000,30951.8093617647,9536,3245.785377701835
7109,2007,38246.5589002522,8487,4506.487439643242
7109,2010,41443.825,8189,5060.914031017218
7110,1970,26091.1649855409,30610,852.3738969467789
7110,1980,83104.3976039089,28737,2891.8953823958277
7110,1996,41965.1122303248,25772,1628.3219086731647
7110,2000,71542.6636884944,25874,2765.040723834521
7110,2007,86447.553332462,24918,3469.2813762124574
7110,2010,105294.771,25645,4105.859660752583
7111,1970,13473.2632049188,13554,994.043323367183
7111,1980,24323.4558574597,11671,2084.0935530339902
7111,1996,25473.6567813657,12195,2088.860744679434
7111,2000,34437.1873207209,10763,3199.5900140036138
7111,2007,47111.8806987075,11669,4037.353731999957
7111,2010,51518.234,11001,4683.050086355785
7112,1970,16393.4687120859,13066,1254.6662109357035
7112,1980,48339.6825424706,15244,3171.0628799836395
7112,1996,46461.6123816445,18699,2484.7110744769507
7112,2000,68440.3751677788,19289,3548.1556932852295
7112,2007,85160.2737133224,19214,4432.199110717311
7112,2010,103500.522,20224,5117.7077729430375
7113,1970,26369.5885425705,21929,1202.4984514829905
7113,1980,67183.6226659122,25661,2618.121767113994
7113,1996,54962.3637467986,28082,1957.2097338793033
7113,2000,81660.5095000826,29132,2803.120606209069
7113,2007,101926.160675328,27910,3651.958462032533
7113,2010,128226.442,28628,4479.056937264217
7114,1970,74179.784013094,32741,2265.654195445894
7114,1980,264514.440207792,36770,7193.7568726622785
7114,1996,150369.607151543,40770,3688.2415293486138
7114,2000,178541.338462641,45138,3955.4552364447027
7114,2007,223292.471937521,45777,4877.831049162702
7114,2010,264666.209,51357,5153.4592947407355
7115,1970,17112.2824414033,17680,967.8892783599151
7115,1980,34887.1116987689,19730,1768.2266446411
7115,1996,64223.5971591261,19312,3325.5798031859
7115,2000,67236.6774514931,20244,3321.3138436817376
7115,2007,120186.499646819,20132,5969.923487324607
7115,2010,136272.912,20944,6506.537051184111
7116,1970,93439.9718482473,49687,1880.5718165364642
7116,1980,234546.101849216,52281,4486.258905706012
7116,1996,198361.624266002,55954,3545.083895092433
7116,2000,247227.929298364,57721,4283.15395260588
7116,2007,300593.343858939,61337,4900.6854567217015
7116,2010,345821.625,62931,5495.250750822329
7117,1970,8543.82717395,8081,1057.2735025306274
7117,1980,11838.6054656346,9065,1305.9686117633316
7117,1996,27438.1533518177,10421,2632.9674073330484
7117,2000,36132.1763601282,11178,3232.4366040551263
7117,2007,46891.411183788,11135,4211.172984623979
7117,2010,49338.239,11242,4388.742127735279
7118,1970,48148.3803054668,22899,2102.6411767093236
7118,1980,109677.976291117,20915,5243.986435147836
7118,1996,64808.776064135,21673,2990.3001921346836
7118,2000,89949.5174863344,23730,3790.5401384885968
7118,2007,104485.75716787,21810,4790.727059508024
7118,2010,143298.175,24046,5959.335232471097
7119,1970,17305.9338574456,8627,2006.0199208816045
7119,1980,23634.30042941,8437,2801.268274198175
7119,1996,54478.170376479,10803,5042.874236460149
7119,2000,58098.7775833557,11477,5062.191999943862
7119,2007,77333.190794061,11853,6524.355926268539
7119,2010,69749.647,13439,5190.092045539102
7120,1970,40604.5810896596,19568,2075.0501374519417
7120,1980,65939.9396850069,19964,3302.9422803549837
7120,1996,36248.0537638672,19512,1857.7313327115212
7120,2000,69827.9174377526,23519,2969.0002737256095
7120,2007,78639.0618336141,24197,3249.950896128202
7120,2010,130619.133,24186,5400.609154056066
7121,1970,9735573.11053966,1060701,9178.433046202144
7121,1980,19886035.5295788,1203887,16518.19110064217
7121,1996,26503629.4905298,NA,NA
7121,2000,22149359.6878826,NA,NA
7121,2010,30032003.262,1537704,19530.418898565655
7122,1970,24385.5673000223,16222,1503.2404943917088
7122,1980,37639.0255815759,17119,2198.6696408420994
7122,1996,54214.2742456838,17217,3148.88042316802
7122,2000,57407.3925740979,18142,3164.336488485167
7122,2007,78352.6863724923,18269,4288.832797224385
7122,2010,101072.856,19162,5274.6506627700655
7123,1970,160624.718596741,31009,5179.938682212938
7123,1980,181343.641523203,36346,4989.369986331453
7123,1996,263280.464690434,39924,6594.541245627542
7123,2000,167548.820678509,41853,4003.269076971997
7123,2007,183088.820827381,38755,4724.263213195227
7123,2010,255923.686,44439,5758.988411080357
7124,1970,90639.0904062912,28655,3163.1160497746014
7124,1980,211303.055555664,31358,6738.409833397028
7124,1996,192396.162261544,35342,5443.839122334446
7124,2000,238657.1620778447,38045,6273.023053695484
7124,2007,261661.25022045602,39161,6681.679482660198
7124,2010,321807.95,42866,7507.300657864042
7125,1970,23780.5249155849,17235,1379.7809640606267
7125,1980,25873.8628509182,14093,1835.9371922882426
7125,1996,35840.9653569747,13369,2680.900991620518
7125,2000,41374.3997739143,13649,3031.3136327873326
7125,2007,61109.9520690848,13709,4457.652058434955
7125,2010,85263.135,11240,7585.688167259786
7126,1970,12538.5814890279,5460,2296.4434961589563
7126,1980,12095.4484809598,5559,2175.8317109119985
7126,1996,12958.728120178,5914,2191.19515052046
7126,2000,21375.6682694961,7139,2994.2104313623895
7126,2007,25423.9148658357,7770,3272.06111529417
7126,2010,53828.569,9312,5780.559385738832
7127,1970,68081.8803829789,31314,2174.1674772618926
7127,1980,169545.210931106,40439,4192.616309283267
7127,1996,185540.047262784,49278,3765.170000056496
7127,2000,244550.567555658,51571,4742.0171715820525
7127,2007,298218.033919455,53167,5609.081458789381
7127,2010,445485.342,56629,7866.7351003902595
7128,1970,10771.4611196724,15829,680.4890466657654
7128,1980,35833.5075857023,15681,2285.1544917863844
7128,1996,29447.8634875959,15222,1934.559419760603
7128,2000,44353.5443414419,15006,2955.720667828995
7128,2007,59793.0469221613,15027,3979.040854605796
7128,2010,70466.444,15309,4602.942321510222
7129,1970,23078.2308502969,13570,1700.6802395207737
7129,1980,26490.9018594384,14263,1857.3162630188879
7129,1996,54820.292768801,15851,3458.475349744559
7129,2000,67748.676372829,15879,4266.558119077335
7129,2007,82095.0915859675,17627,4657.349043284024
7129,2010,104564.222,21955,4762.660988385333
7130,1970,11830.5428176376,24849,476.0973406429877
7130,1980,39004.0007319391,26793,1455.7533957354196
7130,1996,75921.2853983573,26139,2904.521420037389
7130,2000,75430.3216768195,26221,2876.714148080527
7130,2007,94147.99841654851,26835,3508.4031457629403
7130,2010,111316.78199999999,26774,4157.644804661239
7131,1970,28634.7095064212,11685,2450.552803288079
7131,1980,117702.554030844,21104,5577.262795244693
7131,1996,125197.839932739,47248,2649.801894952993
7131,2000,271905.072279401,59048,4604.814257543033
7131,2007,418294.451954833,73680,5677.177686683402
7131,2010,579346.866,87582,6614.907926286223
7132,1970,27993.1823752135,9724,2878.7723545057074
7132,1980,25532.5980226718,10453,2442.6095879337795
7132,1996,16968.7303844619,11516,1473.4916971571638
7132,2000,34081.7065084655,11739,2903.2887391145327
7132,2007,47087.6874247472,12348,3813.3857648807257
7132,2010,72692.067,13021,5582.679287305123
7133,1970,6383.6390466134,7848,813.4096644512488
7133,1980,11133.1975976701,9508,1170.929490709939
7133,1996,18857.3263029865,9513,1982.2691372844004
7133,2000,34865.3535409461,10251,3401.166085352268
7133,2007,36920.1612315029,9934,3716.54532227732
7133,2010,42541.938,10991,3870.6157765444455
7134,1970,19516.3016957013,11048,1766.5008775978729
7134,1980,26659.9135706543,10543,2528.6838253489805
7134,1996,40424.5605804067,11117,3636.283222128875
7134,2000,34301.3610076976,10477,3273.9678350384265
7134,2007,39580.6417146719,9790,4042.9664672800723
7134,2010,52051.314,13941,3733.685818807833
7135,1970,65666.8751087001,33514,1959.386379086355
7135,1980,112818.019367526,37587,3001.5169970342404
7135,1996,224609.944149538,44992,4992.2195979182525
7135,2000,174406.031324975,45585,3825.9522063173195
7135,2007,266801.38117735,47230,5648.981180972899
7135,2010,285254.331,53242,5357.693756808534
7136,1970,38764.9154991785,23933,1619.7265490819582
7136,1980,67014.5662372702,24601,2724.058625148173
7136,1996,53231.5809380817,30629,1737.9470742786805
7136,2000,105468.4503124,33426,3155.281825896009
7136,2007,128981.604628493,34769,3709.672542451408
7136,2010,158227.868,35274,4485.679764132222
7137,1970,18995.3863830205,16323,1163.7190702089383
7137,1980,39773.575967247,17668,2251.1645894977923
7137,1996,45122.8049919954,18492,2440.125729612557
7137,2000,54841.4202371149,19967,2746.602906651721
7137,2007,93699.9336669924,21011,4459.565640235704
7137,2010,103705.945,21312,4866.08225412913
7138,1970,22310.3740888474,20064,1111.9604310629684
7138,1980,29882.8493904723,18214,1640.6527610888493
7138,1996,40758.6709900184,18662,2184.046243168921
7138,2000,78558.9365913405,20124,3903.743619128429
7138,2007,82261.3537385827,20869,3941.796623632311
7138,2010,113548.575,20488,5542.1990921515035
7139,1970,17019.0211000485,8292,2052.4627472320913
7139,1980,42054.6148597915,9639,4362.96450459503
7139,1996,30858.7480445835,13116,2352.756026576967
7139,2000,54744.0360575259,13971,3918.404985865428
7139,2007,68801.6032809518,17090,4025.8398643037917
7139,2010,87344.96,18180,4804.453245324533
7140,1970,15638.2439474481,23101,676.9509522292585
7140,1980,60288.6179264934,29258,2060.585751811245
7140,1996,57539.5665007215,31177,1845.5773968220644
7140,2000,110193.735502016,31652,3481.414618413244
7140,2007,122867.044789788,32704,3756.9424165174896
7140,2010,141867.484,32617,4349.495171229726
7141,1970,29009.5428048183,23607,1228.8534250357225
7141,1980,60017.5126033425,26155,2294.6860104508696
7141,1996,115824.537732291,28793,4022.6630685337063
7141,2000,118069.801517727,29468,4006.7124174605333
7141,2007,150741.461758996,30469,4947.371484426663
7141,2010,161819.808,31829,5084.036821766313
7142,1970,13763.8268432631,12248,1123.761172702735
7142,1980,48664.3732255835,12908,3770.0939902063446
7142,1996,43774.3580767231,15265,2867.629091170855
7142,2000,65453.1827873619,16004,4089.8014738416578
7142,2007,79925.4795317719,16598,4815.368088430648
7142,2010,94851.72,17000,5579.51294117647
7143,1970,88815.2350679538,55774,1592.4128638425398
7143,1980,191823.897839137,67156,2856.3925462972334
7143,1996,264408.334405962,70305,3760.8752493558354
7143,2000,353174.476132668,70912,4980.461362430448
7143,2007,548201.336984131,76198,7194.432097747067
7143,2010,708567.169,79232,8942.941854301293
7144,1970,25092.6313721724,16383,1531.62615956616
7144,1980,26463.4007749515,18289,1446.957229752939
7144,1996,34623.3630680133,16830,2057.2408240055433
7144,2000,47691.1540714744,17848,2672.072729239937
7144,2007,64496.8142447364,18228,3538.337406448124
7144,2010,78261.165,18331,4269.3341879875625
7145,1970,38720.1725184935,31373,1234.1877575779652
7145,1980,88077.0313177807,32480,2711.7312597838886
7145,1996,82904.8406250622,29734,2788.2168771461024
7145,2000,118303.289676815,31657,3737.0341370570486
7145,2007,142823.025341021,34069,4192.1695776518545
7145,2010,198390.603,33787,5871.8028531683785
7146,1970,73722.5106220818,24806,2971.9628566508827
7146,1980,182196.801897645,29061,6269.460854672757
7146,1996,173289.783912637,32101,5398.2674655816645
7146,2000,172727.28013076,33046,5226.874058305392
7146,2007,209449.742522651,36414,5751.901535745895
7146,2010,319013.814,40296,7916.761316259679
7147,1970,10142.1019345233,10329,981.9055024226257
7147,1980,21540.6675904172,12248,1758.708980275735
7147,1996,22070.653472771,12643,1745.6816794092383
7147,2000,37843.4845129653,11116,3404.4156632750355
7147,2007,41097.0872643931,10424,3942.5448258243573
7147,2010,50679.786,11132,4552.621810995329
7148,1970,5918.0727620794,5516,1072.8920888468817
7148,1980,6620.7279114848,6178,1071.662012218323
7148,1996,9546.9148615845,5435,1756.562072048666
7148,2000,16312.5600495093,5532,2948.7635664333516
7148,2007,21644.2280893068,5837,3708.1082900988176
7148,2010,25224.63,5744,4391.474582172702
7149,1970,22457.9192585558,16245,1382.451170117316
7149,1980,33455.3283756414,19405,1724.0571180438753
7149,1996,46992.8577752248,23133,2031.4208176727964
7149,2000,75671.4242182009,24065,3144.4597638978144
7149,2007,100578.842754143,25836,3892.972702978131
7149,2010,113182.941,26427,4282.852423657623
7150,1970,11931.3789538925,9626,1239.4950087151983
7150,1980,30911.5120400329,9896,3123.6370291059925
7150,1996,36645.3059587656,11243,3259.3885936819
7150,2000,42659.3679844021,13207,3230.0573926252823
7150,2007,49073.896363249,12095,4057.370513703927
7150,2010,55787.9,12725,4384.117878192535
7151,1970,8836.7428784432,12948,682.4793696666048
7151,1980,12501.2507703905,14540,859.7834092428129
7151,1996,24510.6448057796,16612,1475.478257029834
7151,2000,51441.010477133,17096,3008.950074703615
7151,2007,66376.6588433443,20552,3229.6934042109915
7151,2010,87198.037,22068,3951.3339224216056
7152,1970,22317.6240821116,14492,1539.9961414650568
7152,1980,45793.2890929231,14899,3073.5813875376266
7152,1996,62524.0275455893,18668,3349.262242639238
7152,2000,74245.7987495051,19757,3757.949018044496
7152,2007,90071.4349184191,21447,4199.721868719126
7152,2010,116455.893,24903,4676.380074689797
7153,1970,9289.2345019181,8053,1153.5122937933813
7153,1980,14006.9878634815,7016,1996.4349862430872
7153,1996,12266.3846137977,6349,1932.018367270074
7153,2000,19038.849785641,6464,2945.36661287763
7153,2007,25802.5816868272,6496,3972.0723040066505
7153,2010,32115.134,6737,4766.978477066943
7154,1970,4236.3376961936,4071,1040.613533823041
7154,1980,10751.5417199631,5216,2061.261832815011
7154,1996,14474.1635289006,7043,2055.1133790857025
7154,2000,27147.728982585,7518,3611.0307239405424
7154,2007,41063.3698268675,9057,4533.882061043116
7154,2010,44351.616,9278,4780.299202414314
7155,1970,109365.619980291,52077,2100.0752727747563
7155,1980,298510.664998813,54513,5475.953717440115
7155,1996,214033.600460741,56554,3784.5881893542632
7155,2000,323222.841732952,56906,5679.943094453169
7155,2007,383627.89640765,51529,7444.893097239419
7155,2010,445699.449,53825,8280.528546214586
7156,1970,10569.2264027641,6382,1656.0994050084769
7156,1980,42890.1071134074,8616,4977.9604356322425
7156,1996,33703.7757228451,18455,1826.2679882332754
7156,2000,82177.4454668012,21800,3769.6075902202388
7156,2007,155271.50707247,29897,5193.5480841713215
7156,2010,222208.623,35554,6249.890954604264
7157,1970,25458.1382234205,11249,2263.146788463019
7157,1980,56107.0544565205,11197,5010.900639146244
7157,1996,35959.3333887072,12579,2858.679814667875
7157,2000,55160.8901906855,12394,4450.61240847874
7157,2007,58961.4817594999,12734,4630.240439728278
7157,2010,71566.357,13055,5481.911681348142
7158,1970,15151.2349861631,9112,1662.778203046872
7158,1980,41045.7322622928,13082,3137.5731740018955
7158,1996,31252.1183884826,19521,1600.9486393362326
7158,2000,85828.9876230501,21930,3913.7705254468806
7158,2007,101717.40999502,24642,4127.806590172064
7158,2010,141058.104,26116,5401.21396844846
7159,1970,13168.2567532331,16456,800.2100603568971
7159,1980,28599.6346964401,18649,1533.574706227685
7159,1996,33373.5956717237,19197,1738.479745362489
7159,2000,55581.7671015642,20801,2672.071876427297
7159,2007,82108.146967652,18913,4341.360279577645
7159,2010,110142.437,24425,4509.414002047083
7160,1970,6517.4750150711,5747,1134.0656020656168
7160,1980,9051.1620447411,5473,1653.7844043013156
7160,1996,15915.0402680291,7868,2022.755499241116
7160,2000,31214.7820886361,7766,4019.415669409748
7160,2007,37712.1742198897,8257,4567.297350113807
7160,2010,39624.704,7925,4999.96264984227
7161,1970,4849.4115712801,8708,556.8915447037323
7161,1980,27831.8724208066,10070,2763.840359563714
7161,1996,47859.3276682466,13013,3677.8089347765003
7161,2000,48637.5226884408,13462,3612.9492414530378
7161,2007,76121.7830033713,15576,4887.120120914952
7161,2010,90987.969,16052,5668.326002990281
7162,1970,9301.9230293029,7395,1257.866535402691
7162,1980,12205.3290365248,7713,1582.436021849449
7162,1996,17501.5560821548,8383,2087.743776947966
7162,2000,26612.893686722,8846,3008.4663900884016
7162,2007,31708.5338658859,9567,3314.365408789161
7162,2010,40863.865,9142,4469.904287901991
7163,1970,25285.7658320403,13285,1903.3320159608807
7163,1980,37782.9082474973,16565,2280.887911107594
7163,1996,27997.0554953497,13335,2099.5167225609075
7163,2000,45223.2228323275,14957,3023.5490293727016
7163,2007,62221.0277010835,17021,3655.544780041331
7163,2010,94956.453,18222,5211.088409614751
7164,1970,56591.6810292533,25270,2239.4808480116067
7164,1980,157682.587649964,26021,6059.820439259214
7164,1996,103256.486260158,27077,3813.438943020202
7164,2000,126224.784636871,28820,4379.763519669362
7164,2007,158525.916926911,27360,5794.07591107131
7164,2010,183903.443,30732,5984.102661720682
7165,1970,196922.485101554,80537,2445.1182077995704
7165,1980,509253.64851554,93198,5464.212198926372
7165,1996,581346.633023454,110888,5242.646932251046
7165,2000,691348.777168964,117609,5878.36625742047
7165,2007,939538.052145788,121233,7749.854017848176
7165,2010,1252573.893,129974,9637.111214550601
8001,1970,73383.499027812,22620,3244.186517586737
8001,1980,38008.2251523481,25159,1510.720821668115
8001,1996,50649.8197571458,25943,1952.3501428958023
8001,2000,93688.8948043541,29380,3188.866399059023
8001,2007,94546.6083930614,29525,3202.2559997649923
8001,2010,102931.26,29641,3472.597415741709
8002,1970,11053.136287153,12586,878.2088262476561
8002,1980,57714.160186305,14833,3890.9296963732895
8002,1996,53683.6956220793,16513,3250.9959197044327
8002,2000,80208.9662362163,17849,4493.751259802583
8002,2007,72195.1405979513,17274,4179.410709618577
8002,2010,73663.882,17424,4227.725091827365
8003,1970,227786.322813986,94287,2415.8826011431693
8003,1980,660247.823284187,136178,4848.417683356981
8003,1996,627639.1446877733,191938,3270.009819252953
8003,2000,1142580.437733704,207255,5512.920980114854
8003,2007,1726905.332004871,224809,7681.655681066465
8003,2010,1964139.852,236647,8299.87218092771
8004,1970,149522.921821878,40075,3731.0772756550964
8004,1980,261652.455644965,41766,6264.72383385924
8004,1996,140413.17768842,36642,3832.028210480323
8004,2000,181165.855534399,40552,4467.494957940397
8004,2007,213285.703499903,50323,4238.334429582954
8004,2010,228408.577,44322,5153.390573530075
8005,1970,19526.3886470353,6028,3239.2814610211176
8005,1980,46523.558478774,9696,4798.221790302599
8005,1996,48241.4241960542,16285,2962.3226402243904
8005,2000,85370.3322693371,19400,4400.532591202944
8005,2007,98027.1073353428,23456,4179.1911381029495
8005,2010,117444.106,25577,4591.785823200532
8006,1970,2942.6962095976,1418,2075.2441534538784
8006,1980,12158.6854109407,2328,5222.803011572466
8006,1996,16312.8128550992,6076,2684.7947424455565
8006,2000,41773.8715342133,6379,6548.655202102727
8006,2007,49043.4544785882,7247,6767.414720379219
8006,2010,51898.592,7574,6852.203855294428
8007,1970,80312.4315809548,9015,8908.755583023272
8007,1980,47459.5130600039,10384,4570.446172958773
8007,1996,56033.7915676013,13446,4167.320509266793
8007,2000,97463.7547375198,14799,6585.833822387986
8007,2007,77195.383424871,16247,4751.362308418232
8007,2010,73614.271,17076,4310.9786249707195
8008,1970,5754.2723839288,5761,998.8322138394029
8008,1980,11280.3998463862,6234,1809.4962859137313
8008,1996,47076.427289809,5278,8919.368565708412
8008,2000,19673.3628313302,6024,3265.830483288546
8008,2007,19634.4422579286,5031,3902.6917626572454
8008,2010,21021.611,4551,4619.119094704461
8009,1970,56135.9353400608,4698,11948.900668382461
8009,1980,9783.0438849317,5712,1712.7177669698356
8009,1996,17765.1068788739,6411,2771.035233017298
8009,2000,31686.5938668987,6822,4644.766031500835
8009,2007,45257.7228641604,7238,6252.793985100912
8009,2010,34572.433,7030,4917.8425320056895
8010,1970,59708.1624930439,15362,3886.7440758393373
8010,1980,142771.126483077,18164,7860.1148691409935
8010,1996,129631.920868981,22162,5849.288009610189
8010,2000,160253.702910664,24227,6614.673831290048
8010,2007,115451.922129736,25145,4591.446495515451
8010,2010,164059.473,25776,6364.815060521416
8011,1970,23736.7337960752,9983,2377.7154959506365
8011,1980,26595.4877529837,9543,2786.910589225998
8011,1996,27612.8079179279,9714,2842.5785379789895
8011,2000,42989.0235569788,11325,3795.940269931903
8011,2007,42486.1862039764,11796,3601.745185145507
8011,2010,43876.509,10583,4145.942454880468
8012,1970,13115.8369871755,9305,1409.5472312923698
8012,1980,29233.6304672564,10588,2761.0153444707594
8012,1996,34248.4067945749,8663,3953.411842846
8012,2000,42696.1824956504,9552,4469.868351722194
8012,2007,38634.4840941979,9843,3925.0720404549324
8012,2010,43012.26,10195,4218.956351152526
8013,1970,44916.0202135584,11910,3771.286331952846
8013,1980,58661.8658427251,13445,4363.09898421161
8013,1996,52168.5155189244,17964,2904.0589801227125
8013,2000,70616.959778173,18975,3721.578907940606
8013,2007,67065.7640354514,20076,3340.593944782397
8013,2010,85730.399,20409,4200.617325689647
8014,1970,16310.2252818468,9957,1638.0662129001507
8014,1980,44929.1493600824,10566,4252.238251001552
8014,1996,28066.7139974024,11530,2434.2336511190288
8014,2000,56844.7590263639,10903,5213.680549056581
8014,2007,46076.813587473,10585,4353.029153280397
8014,2010,53714.227,10800,4973.539537037037
8015,1970,19830.9840226773,6950,2853.3789960686768
8015,1980,115153.173183316,17581,6549.8648076512145
8015,1996,178533.824941741,38246,4668.039139824845
8015,2000,165388.494230368,41028,4031.112757881642
8015,2007,145700.722568297,45307,3215.8545604056108
8015,2010,209998.977,50816,4132.536543608313
8016,1970,5921.121558224,7420,797.994819167655
8016,1980,15398.1010548449,9293,1656.9569627509845
8016,1996,16250.8433841863,10289,1579.4385639213044
8016,2000,29837.8182341461,9134,3266.6759616976246
8016,2007,32465.1764522799,9563,3394.873622532667
8016,2010,33803.764,9032,3742.6665190434014
8017,1970,6769.4372581415,13824,489.6873016595414
8017,1980,24300.0170037009,18356,1323.8187515635707
8017,1996,26292.7340768445,17151,1533.0146391956446
8017,2000,45409.7808421427,17334,2619.6942911124206
8017,2007,52004.3024000504,17793,2922.7394143792726
8017,2010,59515.308,17250,3450.1627826086956
8018,1970,44035.2954341088,19601,2246.584124999173
8018,1980,107761.684126305,18615,5788.970407
8018,1996,52137.1151821816,20127,2590.4066767119593
8018,2000,87093.3994845419,19302,4512.14379258843
8018,2007,77603.3264488431,17034,4555.7899758625745
8018,2010,83535.873,17077,4891.718276043802
8019,1970,2711.9020846094,5012,541.0818205525538
8019,1980,8647.0195733367,5447,1587.482939845181
8019,1996,9772.0009035593,5938,1645.6720955808858
8019,2000,15134.4166787798,6585,2298.3168836415794
8019,2007,25136.3484096422,8044,3124.8568385930134
8019,2010,27485.367,8290,3315.4845597104945
8020,1970,11190.8402791217,10587,1057.0360138964486
8020,1980,14471.2220727102,9866,1466.7770193300425
8020,1996,18394.4727328844,7593,2422.5566617785325
8020,2000,26839.5440266678,8203,3271.9180820026577
8020,2007,29503.7121497338,6953,4243.306795589501
8020,2010,32073.234,7146,4488.277917716206
8021,1970,16192.1458974731,7047,2297.7360433479635
8021,1980,19085.2215490054,8963,2129.334101194399
8021,1996,19408.1966742187,10188,1905.005562840469
8021,2000,41020.8919738512,11993,3420.4028995123153
8021,2007,33726.7667760195,10916,3089.663500917873
8021,2010,35896.283,10926,3285.4002379644885
8022,1970,31441.676562911,12701,2475.527640572475
8022,1980,58686.8254275372,14913,3935.2796504752364
8022,1996,66753.3824765654,17924,3724.2458422542627
8022,2000,94892.0845941601,17493,5424.574663817533
8022,2007,90418.9067813516,19363,4669.674470967908
8022,2010,111934.989,20019,5591.43758429492
8023,1970,3189.7842973249,2857,1116.480328080119
8023,1980,9557.239952116,3799,2515.7251782353255
8023,1996,22459.5080596472,5084,4417.684512125728
8023,2000,17255.0684252301,5134,3360.9404801772694
8023,2007,20177.7916759035,5336,3781.445216623594
8023,2010,22519.153,5526,4075.12721679334
8024,1970,204742.6015926206,56946,3595.381617543297
8024,1980,754367.674376967,82358,9159.616241008367
8024,1996,1161850.732580601,130313,8915.846711998043
8024,2000,1252975.553668948,137183,9133.60659607202
8024,2007,1458377.4319727847,154221,9456.412758137898
8024,2010,1479780.258,159888,9255.10518613029
8025,1970,93628.9238358866,14680,6377.992086913256
8025,1980,156516.468439203,26768,5847.148402540459
8025,1996,97782.8674479172,40537,2412.1880614726597
8025,2000,236327.878965498,42995,5496.636329003327
8025,2007,332430.687448994,46599,7133.858826348076
8025,2010,313208.399,48096,6512.150677811044
8026,1970,9543.1471492022,6222,1533.7748552237542
8026,1980,17460.6617052131,7952,2195.7572566917884
8026,1996,32608.5272252349,11374,2866.9357504162917
8026,2000,30616.6207767359,11066,2766.7287887887132
8026,2007,36348.3747494767,10885,3339.308658656564
8026,2010,37747.61,10880,3469.4494485294117
8027,1970,112179.055083539,61860,1813.4344501057064
8027,1980,214232.961810351,66930,3200.8510654467505
8027,1996,246549.4062163604,82949,2972.3011273958746
8027,2000,385443.61426530516,84401,4566.813358435388
8027,2007,437528.6692418688,86845,5038.04098384327
8027,2010,473031.58999999997,87619,5398.733037354911
8028,1970,23483.8260905899,13310,1764.3746123658827
8028,1980,62130.3021567496,17542,3541.802654016053
8028,1996,40743.4965201998,18959,2149.0319384039135
8028,2000,74642.8414925056,21270,3509.3014335921766
8028,2007,66942.0828044079,21180,3160.627139018314
8028,2010,77000.723,21321,3611.496787205103
8029,1970,1976.7629535895,1723,1147.2797176955892
8029,1980,7593.945506553,2690,2823.0280693505574
8029,1996,14135.5511223621,3693,3827.6607425838342
8029,2000,17268.8682233206,3836,4501.790464890667
8029,2007,46543.4077396334,4370,10650.6653866438
8029,2010,36972.778,4345,8509.26996547756
8030,1970,41855.2052897337,12042,3475.7685841001244
8030,1980,46108.6071467275,14008,3291.591029892026
8030,1996,42944.2786250209,12619,3403.1443557350744
8030,2000,50284.5002595364,11979,4197.721033436547
8030,2007,42760.4770519791,11928,3584.882381956665
8030,2010,51401.776,12325,4170.529492900609
8031,1970,66627.1581550457,18347,3631.5015073333902
8031,1980,79462.8982286135,22459,3538.1316277934684
8031,1996,56528.13117564,27495,2055.942214062193
8031,2000,137482.947969883,29804,4612.902562403805
8031,2007,111398.769721768,35162,3168.15794669723
8031,2010,128897.602,36600,3521.792404371585
8032,1970,20779.3393950039,11567,1796.4329035189676
8032,1980,29805.80295867,12086,2466.142889183353
8032,1996,30588.0006963274,14976,2042.4679952141692
8032,2000,47184.4127535661,15105,3123.7611885843166
8032,2007,55980.9855835277,15359,3644.8327093904354
8032,2010,60387.392,15149,3986.2295861112943
8033,1970,11286.3847609193,23331,483.7505790973083
8033,1980,46521.1520056522,24579,1892.7194762053866
8033,1996,48014.764632256,24250,1979.9902941136495
8033,2000,73229.7493918777,25584,2862.3260393948444
8033,2007,84754.7101481546,25140,3371.3090751055925
8033,2010,93340.671,25188,3705.759528346832
8034,1970,10647.0350457041,19343,550.4334925142997
8034,1980,44412.3041142435,19142,2320.149624607852
8034,1996,74994.3804862275,19354,3874.8775698164463
8034,2000,129441.634281993,21451,6034.293705747657
8034,2007,172128.998135765,22925,7508.353244744383
8034,2010,143400.651,23292,6156.648248325606
8035,1970,4850.6133841632,9453,513.1295233431927
8035,1980,21430.264387487,12861,1666.2984517134748
8035,1996,21276.6284401328,15193,1400.4231185501746
8035,2000,48759.6327290614,18553,2628.126595648219
8035,2007,45657.4365045443,17637,2588.730311535085
8035,2010,58569.458,17898,3272.40239132864
8036,1970,8639.5736890037,3708,2329.98211677554
8036,1980,10457.558178913,3873,2700.11830077795
8036,1996,20479.2431757113,5273,3883.7935095223406
8036,2000,38150.7710033762,5720,6669.715210380455
8036,2007,33942.4318092255,5724,5929.844830402778
8036,2010,31849.827,5413,5883.951043783484
8037,1970,15338.7549320329,7694,1993.599549263439
8037,1980,21151.5705612035,7532,2808.227636909652
8037,1996,33630.4749272251,7550,4454.367540029814
8037,2000,39646.293928031,7313,5421.344718724326
8037,2007,26664.969700692,6883,3874.033081605695
8037,2010,32849.332,6997,4694.773760182936
8038,1970,5131.7776036902,2802,1831.4695230871519
8038,1980,10493.4685600174,4227,2482.486056308824
8038,1996,35175.7407761087,6548,5371.982403193143
8038,2000,37036.172621433,6868,5392.570271029848
8038,2007,31189.085352199,7463,4179.161912394346
8038,2010,34003.468,7754,4385.280887283982
8039,1970,27582.11381741,2320,11888.842162676723
8039,1980,12018.6644256678,3161,3802.1715993887374
8039,1996,14031.9693764997,5069,2768.1928144603867
8039,2000,28671.4655300986,5788,4953.6049637350725
8039,2007,25387.4445969807,5939,4274.700218383684
8039,2010,25058.525,5558,4508.550737675423
8040,1970,33677.3729519103,15430,2182.5905996053334
8040,1980,112982.523209044,17969,6287.635550617397
8040,1996,31542.8983638064,19381,1627.5165555856972
8040,2000,70979.865346836,21488,3303.232750690432
8040,2007,65516.6844613624,21735,3014.340209862544
8040,2010,78388.27,22575,3472.34861572536
8041,1970,25879.744499147,14998,1725.546372792839
8041,1980,196419.699950589,31200,6295.50320354452
8041,1996,64791.7668825129,22696,2854.7659007099446
8041,2000,104743.068090767,23832,4395.059923244671
8041,2007,97221.8212701042,24460,3974.726952988725
8041,2010,111019.82,23836,4657.6531297197525
8042,1970,31978.1915499388,11562,2765.8010335529148
8042,1980,49607.8061261729,12594,3939.0031861341035
8042,1996,43849.1841784398,17735,2472.4659813047533
8042,2000,66463.2363550779,19988,3325.1569119010355
8042,2007,59272.3529896109,17889,3313.3407674890104
8042,2010,68876.041,18250,3774.0296438356163
8043,1970,11810.2522266894,16725,706.1436308932376
8043,1980,81726.6092054239,18173,4497.144621439713
8043,1996,50963.6916019861,19138,2662.958073047659
8043,2000,62470.7152519316,24263,2574.731700611285
8043,2007,71183.1036103361,25484,2793.2468847251644
8043,2010,90007.52,26992,3334.5998814463546
8044,1970,1845674.96546107,263670,6999.942979713543
8044,1980,5292065.75238381,399300,13253.357757034333
8044,1996,8953554.41083193,723142,12381.460917540304
8044,2000,7399897.67979408,797759,9275.85609161925
8044,2007,10771398.6571175,896965,12008.71679175609
8044,2010,12114090.367,932748,12987.527571219665
8045,1970,13808.5155094899,14230,970.3805698868517
8045,1980,43527.0259621504,16020,2717.042819110512
8045,1996,50828.7125171847,17282,2941.1360095581936
8045,2000,65183.999812732,17639,3695.447577115029
8045,2007,71018.3020404124,18811,3775.3602700766783
8045,2010,82237.226,18897,4351.866751336191
8046,1970,30309.1376051882,12764,2374.5798813215447
8046,1980,40623.7110560848,14953,2716.7599181491873
8046,1996,62947.8843305856,16912,3722.083983596594
8046,2000,93309.7084989287,21832,4273.98811372887
8046,2007,107569.413008368,25726,4181.350113051699
8046,2010,129996.863,28749,4521.787296949459
8047,1970,15563.5027284186,8222,1892.9095996617125
8047,1980,15138.8725241217,11832,1279.4855074477434
8047,1996,28904.7488032447,13747,2102.6223032839675
8047,2000,34586.5944590858,13687,2526.9667903182435
8047,2007,35489.6470520279,10203,3478.354116635098
8047,2010,38372.859,10284,3731.3165110851805
8048,1970,24999.521645037,14724,1697.875689013651
8048,1980,65049.9937978229,22695,2866.269830263181
8048,1996,448786.507040146,28215,15905.954529156334
8048,2000,624341.639594723,35866,17407.61834591878
8048,2007,939967.067302544,45141,20822.91192712931
8048,2010,759252.707,45977,16513.75050568763
8049,1970,12949.0781849051,13961,927.517956085173
8049,1980,29120.3960171863,15041,1936.0678157826142
8049,1996,33091.5933714561,14201,2330.229798708267
8049,2000,47600.1336463132,15145,3142.960293582912
8049,2007,54409.8175439846,13865,3924.256584492218
8049,2010,61216.292,13619,4494.918275938028
8050,1970,3524.644480535,4857,725.6834425643401
8050,1980,7724.0023702815,4163,1855.3933149847467
8050,1996,10956.6145134835,4393,2494.1075605471206
8050,2000,13083.1454320047,4078,3208.2259519383765
8050,2007,14620.1770777677,4014,3642.296232627728
8050,2010,16103.986,3652,4409.634720700986
8051,1970,15166.4643478096,20858,727.1293675237127
8051,1980,32350.9882873302,23478,1377.9277743985945
8051,1996,62162.4758433866,24387,2549.000526648895
8051,2000,71634.0836824864,25032,2861.7003708248003
8051,2007,72716.2635924883,24599,2956.065839769434
8051,2010,78294.245,24698,3170.064175236861
8052,1970,40713.6972925058,12720,3200.7623657630347
8052,1980,44062.8521613059,17131,2572.1120869363085
8052,1996,74553.1341309433,23007,3240.4543891399708
8052,2000,118041.953601934,24017,4914.933322310613
8052,2007,108842.088066261,24656,4414.426024751015
8052,2010,113387.238,23785,4767.174185410973
8053,1970,21738.8777044437,6216,3497.2454479478283
8053,1980,48614.9643607782,7467,6510.642073225954
8053,1996,25163.7728160221,10648,2363.2393704002725
8053,2000,45858.9842484313,11990,3824.7693284763386
8053,2007,56522.9807350555,15072,3750.1977663916864
8053,2010,68570.038,15682,4372.531437316668
8054,1970,4105.8326126763,7365,557.4789698134828
8054,1980,17438.7359146619,8246,2114.811534642481
8054,1996,21733.5210526411,5344,4066.901394581044
8054,2000,22651.6292504106,5399,4195.523106206815
8054,2007,23279.385851313,5160,4511.508885913372
8054,2010,24407.702,5275,4627.052511848341
8055,1970,17466.029418592,4721,3699.6461382317307
8055,1980,10722.6776318954,5420,1978.3538066227675
8055,1996,6799.1814554773,6453,1053.6465915817914
8055,2000,19044.5069578992,7240,2630.4567621407737
8055,2007,24419.5554298733,7090,3444.2250253700004
8055,2010,25720.63,6935,3708.8147080028843
8056,1970,68033.939752949,26599,2557.763064511786
8056,1980,106659.519372838,25855,4125.295663231019
8056,1996,56516.1994707144,23038,2453.172995516729
8056,2000,92255.3547123792,24671,3739.4250217818167
8056,2007,107899.054118302,25964,4155.717690583192
8056,2010,123120.501,26710,4609.52830400599
8057,1970,19493.8783740375,13269,1469.1294275406963
8057,1980,55618.1449788889,14660,3793.8707352584515
8057,1996,45184.0936071668,11247,4017.4351922438696
8057,2000,35910.7226724325,10375,3461.274474451325
8057,2007,44071.9309600353,11903,3702.590183990196
8057,2010,56250.663,12060,4664.234079601991
8058,1970,15153.6814734634,10707,1415.3060122782665
8058,1980,33316.4993087441,13922,2393.082840737258
8058,1996,38066.854482597,17060,2231.351376471102
8058,2000,114294.460747494,19417,5886.308943065046
8058,2007,158822.691129276,19885,7987.060152339754
8058,2010,87459.849,20364,4294.826605774897
8059,1970,1135.9372381927,2614,434.55900466438413
8059,1980,4631.9317893329,4079,1135.555721827139
8059,1996,13155.1585725154,5966,2205.021550874187
8059,2000,25820.9234323276,7059,3657.8727060954243
8059,2007,28121.445294526002,8139,3455.14747444723
8059,2010,33756.377,8491,3975.547874219762
8060,1970,4287.7355698857,4333,989.5535587089083
8060,1980,10771.8249081328,4620,2331.5638329291774
8060,1996,10934.5291020318,4503,2428.2765050037306
8060,2000,14864.2946045253,4847,3066.699939039674
8060,2007,17276.6428570391,4817,3586.5980604191614
8060,2010,19538.007,4957,3941.4982852531775
8061,1970,3662.2875081661,8657,423.0434917599746
8061,1980,15631.3328592821,9523,1641.4294717297175
8061,1996,12648.6792450122,10209,1238.97338084163
8061,2000,23687.151380544,10369,2284.42003862899
8061,2007,33301.3524492095,10522,3164.926102376877
8061,2010,40134.644,11047,3633.080836426179
8062,1970,9032.7907455824,6171,1463.7482977770865
8062,1980,10773.5875529807,8768,1228.7394563162295
8062,1996,17407.7609950245,9076,1917.9992281869213
8062,2000,23946.4038281331,10516,2277.139960834262
8062,2007,35993.1190186471,11049,3257.5906433747036
8062,2010,36107.248,10912,3308.9486803519058
8063,1970,2191.3028911136,2274,963.6336372531222
8063,1980,3865.5178432814,2490,1552.4168045306828
8063,1996,6015.3397587414,4104,1465.7260620714915
8063,2000,12676.8742292309,4523,2802.75795472715
8063,2007,15742.0817786654,4878,3227.1590362167694
8063,2010,17230.679,5112,3370.633607198748
8064,1970,14271.2845223198,16721,853.4946786866695
8064,1980,37040.9738402234,18936,1956.1139543844213
8064,1996,54151.4385212527,23386,2315.5494108121397
8064,2000,79869.7052095458,24351,3279.9353295366027
8064,2007,86956.2942815293,23855,3645.2020239584704
8064,2010,93549.34,23811,3928.828692621057
8065,1970,10658.0772615826,7598,1402.7477311901291
8065,1980,34887.8597531993,11326,3080.3337235740155
8065,1996,31689.3728508256,13841,2289.529141740163
8065,2000,68384.893794039,13755,4971.638952674592
8065,2007,59482.0579847797,13826,4302.188484361326
8065,2010,69038.85,14763,4676.478358057306
8066,1970,14787.6466498776,9311,1588.1910267294168
8066,1980,19861.3668422878,8173,2430.119520651878
8066,1996,17185.9287821569,8979,1914.0136743687383
8066,2000,26792.3362109194,7651,3501.808418627552
8066,2007,25480.6966000591,7534,3382.0940536314174
8066,2010,27235.324,7426,3667.563156477242
8067,1970,56387.957298902,33142,1701.4047824181403
8067,1980,166411.193829212,36658,4539.56009136374
8067,1996,195465.412897694,54390,3593.7748280510023
8067,2000,263180.757755346,56993,4617.773371385012
8067,2007,316591.579440572,59020,5364.140620816198
8067,2010,355388.529,60378,5886.059972175295
8068,1970,10330.3362968875,10752,960.7827657075428
8068,1980,24351.2819983892,11543,2109.61465809488
8068,1996,26173.9483491864,15953,1640.6913025253182
8068,2000,57980.3675049583,16775,3456.355738000495
8068,2007,69588.7004087024,17466,3984.2379714131685
8068,2010,78180.769,17203,4544.60088356682
8069,1970,47662.4509621699,17801,2677.515362180209
8069,1980,130419.292984044,23896,5457.787620691497
8069,1996,121079.168877304,30178,4012.1667730566637
8069,2000,134860.995362484,31201,4322.32926388526
8069,2007,255620.129593275,31627,8082.338811562114
8069,2010,204900.043,33305,6152.230686083171
8070,1970,12202.0374059702,7772,1569.9996662339424
8070,1980,10865.926673436,5215,2083.59092491582
8070,1996,6896.2370603146,3223,2139.6950233678563
8070,2000,13110.6118385756,2926,4480.728584612303
8070,2007,14042.4925755138,3126,4492.160132921881
8070,2010,15653.512,2866,5461.7976273551985
8071,1970,2130.9726713062,4567,466.6022928194001
8071,1980,6508.3555847858,5949,1094.0251445261051
8071,1996,35278.1374607992,19652,1795.1423499287196
8071,2000,56886.8808049622,20007,2843.34886814426
8071,2007,73168.6695886929,23910,3060.170204462271
8071,2010,80302.197,23045,3484.5822087220654
8072,1970,13714.5052159681,10172,1348.2604419945046
8072,1980,17246.6327552278,10671,1616.2152333640522
8072,1996,15677.9868889955,10969,1429.2995613998999
8072,2000,30154.3873631549,13222,2280.62224800748
8072,2007,36783.3588039568,12205,3013.794248583105
8072,2010,43381.98,13872,3127.3053633217996
8073,1970,60018.6338608421,17654,3399.718696093922
8073,1980,108667.920459724,20496,5301.908687535324
8073,1996,81265.143798143,24150,3365.0163063413256
8073,2000,142134.152646799,23951,5934.37237053981
8073,2007,106367.544569278,25129,4232.860224015201
8073,2010,148539.513,25708,5777.9490042010275
8074,1970,15972.8269466518,8565,1864.8951484707297
8074,1980,26361.2940769949,9841,2678.721072756315
8074,1996,19821.3168798547,10330,1918.8109273818686
8074,2000,45953.9055489566,10568,4348.4013577740925
8074,2007,35872.8753461741,10321,3475.7170183290477
8074,2010,37393.378,8429,4436.276901174516
8075,1970,12628.3116623507,12737,991.4667239028578
8075,1980,31981.5589135571,14389,2222.63944079207
8075,1996,25807.5207068134,17318,1490.213691350814
8075,2000,62819.7871607387,18355,3422.489085303116
8075,2007,57167.7571159053,17947,3185.365638597275
8075,2010,94542.897,19334,4889.9812247853515
8076,1970,23641.0289850553,15168,1558.6121430020637
8076,1980,28198.448938152,12645,2230.0078242903915
8076,1996,21621.2129538706,12133,1782.0170571062886
8076,2000,36423.1234200501,11902,3060.2523458284404
8076,2007,43431.4021662852,11289,3847.232010477917
8076,2010,48376.434,11480,4213.975087108014
8077,1970,171207.513946082,37415,4575.905758280956
8077,1980,251739.471107558,43445,5794.440582519461
8077,1996,284666.438044891,58244,4887.480908675417
8077,2000,427703.185416461,62510,6842.15622166791
8077,2007,363622.183901736,65432,5557.253085672699
8077,2010,438659.355,68481,6405.562929863758
8078,1970,875.3250950409,1635,535.3670306060551
8078,1980,44498.2848584697,5171,8605.353869361768
8078,1996,18535.0095529219,7317,2533.1433036656963
8078,2000,33113.3141993396,6985,4740.631954092999
8078,2007,47063.6093267184,6692,7032.816695564615
8078,2010,41704.99,6656,6265.7737379807695
8079,1970,2440.5554249279,2377,1026.7376629902817
8079,1980,17693.2332671752,3319,5330.892819275445
8079,1996,19916.3988887587,6357,3132.9870833347018
8079,2000,80239.5411528429,6388,12560.98014289964
8079,2007,88152.5178343063,7248,12162.3231007597
8079,2010,62232.278,6891,9030.95022493107
8080,1970,46520.5691097217,34225,1359.2569498822995
8080,1980,98722.2285267014,40372,2445.3142902680424
8080,1996,109098.8735248609,46548,2343.7929347095665
8080,2000,164020.3682966241,53464,3067.8656347565484
8080,2007,237877.307723696,54937,4330.001778832044
8080,2010,260215.501,57979,4488.099156591179
8081,1970,26275.3361915518,15096,1740.5495622384606
8081,1980,31292.4958632598,13580,2304.307500976421
8081,1996,38625.6603438486,12076,3198.5475607691783
8081,2000,139747.338395184,11534,12116.12089432842
8081,2007,49613.0829939859,11663,4253.886906798071
8081,2010,54454.31,10961,4968.0056564182105
8082,1970,4938.7812263151,6231,792.6145444254694
8082,1980,22008.9628623353,7380,2982.244290289336
8082,1996,10962.6026689983,6258,1751.7741561198943
8082,2000,22578.8603167531,6551,3446.6280440777136
8082,2007,27824.9925722338,6820,4079.910934345132
8082,2010,27995.693,6718,4167.266001786245
8083,1970,56301.5620528204,26946,2089.4218827588656
8083,1980,132607.980632453,21959,6038.889777879365
8083,1996,141630.894874122,22118,6403.422320016366
8083,2000,124880.267125903,21071,5926.641693602724
8083,2007,151306.264276297,22282,6790.515405991248
8083,2010,159223.454,22686,7018.577713127039
8084,1970,8088.4916594285,19757,409.3987781256517
8084,1980,36831.607510599,24790,1485.7445546832998
8084,1996,37505.4439954883,27814,1348.4376211795607
8084,2000,63430.9378458131,28240,2246.138025701597
8084,2007,85011.5803201024,30129,2821.5865219589896
8084,2010,97959.695,30088,3255.772899494815
8085,1970,49411.844375061,16121,3065.060751508033
8085,1980,200079.501071536,25860,7737.026336873008
8085,1996,156614.234410291,31234,5014.222783194308
8085,2000,271310.789268355,29543,9183.589658069763
8085,2007,237771.187658031,31647,7513.229932000853
8085,2010,218662.46,32412,6746.342712575589
8086,1970,6154.2966044654,3995,1540.499775836145
8086,1980,5872.9564456009,4809,1221.2427626535457
8086,1996,12387.2787223469,5560,2227.927827760234
8086,2000,23125.5156261613,5860,3946.3337246009046
8086,2007,29160.9523746358,7219,4039.472555012578
8086,2010,33041.027,7163,4612.735864861092
8087,1970,15826.483009121,11723,1350.036936715943
8087,1980,55532.6482706073,19764,2809.7879108787342
8087,1996,48303.4394325052,27151,1779.066680140886
8087,2000,105004.812764284,29124,3605.4392516235407
8087,2007,123001.301955815,31002,3967.527964512451
8087,2010,137522.172,32010,4296.225304592314
8088,1970,12124.9012130481,5008,2421.1064722540136
8088,1980,49246.542585479,6228,7907.280440828356
8088,1996,28880.192784227,10954,2636.4974241580244
8088,2000,34315.9509136454,12555,2733.2497740856547
8088,2007,65615.668681954,14154,4635.839245581037
8088,2010,62640.72,14603,4289.578853660207
8089,1970,6457.3747735873,6056,1066.2772083202278
8089,1980,8495.6212371837,7483,1135.3228968573699
8089,1996,15314.3693838719,7036,2176.573249555415
8089,2000,18705.9908900656,6594,2836.819971195875
8089,2007,19023.1289150194,5695,3340.321143989359
8089,2010,22884.588,6122,3738.0901666122186
8090,1970,14864.1041714495,11761,1263.8469663676133
8090,1980,25264.2083892808,13189,1915.551473901039
8090,1996,52745.8580294419,17047,3094.1431354163137
8090,2000,50998.1143889967,17046,2991.7936400913236
8090,2007,63465.2454442122,18157,3495.3596653749078
8090,2010,74077.279,19020,3894.704468980021
8091,1970,14725.8228618716,15497,950.2370047023037
8091,1980,23648.102969363,19272,1227.0705152222397
8091,1996,31213.2599806132,24071,1296.7163799016741
8091,2000,70624.0910659479,24255,2911.733294823661
8091,2007,67230.0466808486,24911,2698.809629515017
8091,2010,77845.369,25702,3028.7669831141548
8092,1970,125947.376452726,51532,2444.0614851495384
8092,1980,144971.605723278,52702,2750.7799651489127
8092,1996,157495.580644463,54799,2874.059392406121
8092,2000,301222.746708928,58620,5138.566132871512
8092,2007,352597.313387891,60619,5816.61382384881
8092,2010,379843.611,62358,6091.337294332724
8093,1970,64218.4015659378,28734,2234.9273183663186
8093,1980,68922.7382602674,24658,2795.147143331471
8093,1996,68932.3131637992,25024,2754.6480644101343
8093,2000,87612.9653816998,26263,3335.984669752115
8093,2007,96201.0359743742,26050,3692.9380412427718
8093,2010,103472.512,25407,4072.598575195812
9001,1970,1587.9538563047,1886,841.9691708932662
9001,1980,3537.30077326,1704,2075.8807354812207
9001,1996,3846.3425103072,1994,1928.9581295422267
9001,2000,9161.1380689462,2182,4198.505072844272
9001,2007,13805.4035533815,2197,6283.7521863365955
9001,2010,14868.519,2275,6535.612747252747
9002,1970,21118.2059863463,15910,1327.3542417565243
9002,1980,40669.1674119844,16125,2522.1189092703503
9002,1996,43655.3853465423,17269,2527.962554087805
9002,2000,76249.9750530829,18344,4156.67112151564
9002,2007,109389.721775753,19185,5701.835901785405
9002,2010,115100.335,20056,5738.947696449941
9003,1970,1427437.3746341,183670,7771.750283846572
9003,1980,3442475.76468783,293119,11744.29417638512
9003,1996,7249479.87403378,NA,NA
9003,2000,6398498.53140362,NA,NA
9003,2007,7934446.54958458,NA,NA
9003,2010,8751493.737,571149,15322.61062699926
9004,1970,10297.4985069763,6533,1576.2281504632329
9004,1980,34957.8482519137,8924,3917.284653957161
9004,1996,32027.5133788167,10608,3019.1848961931278
9004,2000,44867.6833263456,9762,4596.156866046466
9004,2007,62786.9667896649,11633,5397.31511988867
9004,2010,59380.287,10878,5458.750413678985
9005,1970,9062.7583524658,3772,2402.6400722337753
9005,1980,15470.1288450394,6332,2443.1662736954204
9005,1996,25797.9674117,14040,1837.462066360399
9005,2000,66470.932005608,14824,4484.0078255267135
9005,2007,89840.9704108518,16072,5589.906073348171
9005,2010,93302,16857,5534.911312807735
9006,1970,13478.0461395549,5568,2420.626102649946
9006,1980,21112.6543478082,7952,2655.011864664009
9006,1996,54079.5017938097,16155,3347.5395725044696
9006,2000,161215.485403201,17807,9053.48938076043
9006,2007,247605.177010383,19218,12884.024196606462
9006,2010,246250.545,24976,9859.486907431135
9007,1970,27436.5684149738,14127,1942.136930344291
9007,1980,42603.1226967906,18320,2325.4979637986135
9007,1996,53293.9839983492,23789,2240.2784479528013
9007,2000,126994.198440665,24188,5250.297603797958
9007,2007,154246.719729538,24472,6302.9878934920725
9007,2010,167834.428,25533,6573.235734147966
9008,1970,20204.2311305569,7981,2531.5413019116522
9008,1980,17977.8388395352,7247,2480.7284172119776
9008,1996,11180.8074921109,6813,1641.099000750169
9008,2000,30214.4084708976,7102,4254.352079822247
9008,2007,45884.660897995,7760,5912.9717652055415
9008,2010,45115.02,7742,5827.308189098423
9009,1970,23390.1843016041,11233,2082.274040915526
9009,1980,34054.6317894954,11903,2861.012500167638
9009,1996,70507.8881082116,14913,4727.947972119064
9009,2000,75858.0905856651,15175,4998.885705809891
9009,2007,83359.3777859057,16122,5170.535776324631
9009,2010,100636.698,16749,6008.5197922264015
9010,1970,7272.201408558,4734,1536.1642181153359
9010,1980,10086.3751773231,4087,2467.9166081045023
9010,1996,11249.4240227781,3890,2891.8827822051667
9010,2000,15622.3263402721,3965,3940.057084557907
9010,2007,21320.6128322272,3910,5452.842156579847
9010,2010,24055.471,3956,6080.756066734075
9011,1970,16392.2875791138,2837,5778.035805115896
9011,1980,7774.7933315,6157,1262.7567535325645
9011,1996,239057.923528659,14513,16471.98535992965
9011,2000,175601.76701151,17754,9890.828377352147
9011,2007,1129002.61512007,21806,51774.86082362974
9011,2010,1326772.957,24686,53745.96763347646
9012,1970,78401.5863321069,20114,3897.8615060210254
9012,1980,138063.825667528,23008,6000.687833254868
9012,1996,54664.9569171639,25744,2123.4057223882805
9012,2000,114931.084509888,26518,4334.078154834
9012,2007,166987.726810582,27913,5982.435668347437
9012,2010,384133.632,30761,12487.683495335003
9013,1970,18561.7300635911,12384,1498.8477118532867
9013,1980,44144.6014867829,15577,2833.960421569166
9013,1996,49457.3050267213,16636,2972.908453157087
9013,2000,71139.9366838234,17738,4010.595145102233
9013,2007,102204.167529208,18965,5389.093990467071
9013,2010,196382.021,20007,9815.665567051532
9014,1970,7897.2056617331,4037,1956.2065052596236
9014,1980,15901.2046470215,4463,3562.8959549678466
9014,1996,75312.9583956499,7795,9661.700884624746
9014,2000,84981.3982904036,9352,9086.975865098759
9014,2007,423285.212385283,11911,35537.33627615507
9014,2010,400399.398,13503,29652.625194401244
9015,1970,8456.2192407066,5454,1550.4619069869086
9015,1980,16062.8228481204,4921,3264.1379492217843
9015,1996,15362.8077911155,5164,2974.982143903079
9015,2000,20835.1916035319,5378,3874.1523993179435
9015,2007,28834.7070561756,5358,5381.617591671445
9015,2010,34293.196,5633,6087.909817148945
9016,1970,8397.2384027224,5778,1453.31228846009
9016,1980,16128.2698894747,7242,2227.0463807614888
9016,1996,36441.0903165734,12774,2852.7548392495223
9016,2000,56004.474805221,14268,3925.1804601360386
9016,2007,76370.1985025462,15867,4813.1466882552595
9016,2010,96974.855,16519,5870.503965131061
9017,1970,5474.1757281104,3615,1514.294807222794
9017,1980,7262.7142683078,3401,2135.464354104028
9017,1996,7412.5564360975,3500,2117.873267456429
9017,2000,13924.3078015948,3646,3819.064125505979
9017,2007,21057.3358408817,3741,5628.798674386982
9017,2010,23996.71,3813,6293.393653291371
9018,1970,8108.7957645659,2391,3391.3825866022166
9018,1980,10652.5007842939,2188,4868.601820975275
9018,1996,11854.0880893832,2833,4184.288065437064
9018,2000,32473.8392763065,3266,9943.000390785823
9018,2007,140479.125523424,4198,33463.34576546546
9018,2010,116836.15,4326,27007.894128525193
9019,1970,126778.772499243,28045,4520.54813689581
9019,1980,303659.237533609,36825,8246.007808108865
9019,1996,237889.160660322,56749,4191.953350020653
9019,2000,1109679.21105778,59002,18807.484679464764
9019,2007,1071849.00186168,61368,17465.926897759095
9019,2010,1029448.958,64409,15982.998618205529
9020,1970,2946.0698523164,4383,672.1583053425509
9020,1980,13917.8261599861,4294,3241.22639962415
9020,1996,8932.9385617264,4686,1906.3035769795988
9020,2000,20555.6695032266,5068,4055.972672302013
9020,2007,33881.5328518689,5628,6020.172859251759
9020,2010,35091.831,5324,6591.253005259203
9021,1970,20380.5930045958,8736,2332.943338438164
9021,1980,39906.163748654,8830,4519.384342995922
9021,1996,32289.3437119392,11331,2849.6464312010594
9021,2000,118651.806252671,11973,9909.947903839555
9021,2007,196731.894663523,12589,15627.285301733498
9021,2010,219464.322,13874,15818.388496468213
9022,1970,34279.2401108816,10689,3206.964179145065
9022,1980,30482.6246748983,11284,2701.402399406088
9022,1996,34556.1392909275,10211,3384.207158057732
9022,2000,42962.9206508246,11363,3780.948750402587
9022,2007,59657.0051620309,11606,5140.186555405041
9022,2010,70893.544,11405,6216.005611573871
9023,1970,2668.9896488091,1870,1427.267191876524
9023,1980,4845.0555304407,1863,2600.673929383092
9023,1996,4446.2662775885,2352,1890.4193357093964
9023,2000,10817.9874733559,2400,4507.494780564959
9023,2007,16411.588077376,2773,5918.351272043275
9023,2010,16577.907,2929,5659.920450665756
9024,1970,5900.6818632847,5763,1023.8906582135519
9024,1980,21708.1704952934,6032,3598.834631182593
9024,1996,12077.6061691675,5223,2312.3886979068543
9024,2000,21862.8442594066,5519,3961.3778328332305
9024,2007,30766.3162748045,5554,5539.4879861009185
9024,2010,35169.384,5645,6230.183170947741
9025,1970,6685.2205402713,6632,1008.0248100529706
9025,1980,10217.930479423,7743,1319.6345705053595
9025,1996,8678.3512808873,7585,1144.1465103345154
9025,2000,29409.5233392128,8281,3551.4458808371937
9025,2007,41680.5128438473,8598,4847.698632687519
9025,2010,41620.45,8348,4985.679204599904
9026,1970,14132.8909052543,6709,2106.5569988454763
9026,1980,12306.2155520462,7749,1588.1036975153181
9026,1996,24446.229911248,11904,2053.614743888441
9026,2000,49361.3382390644,13152,3753.1431142840934
9026,2007,80092.7909244664,17089,4686.803846010089
9026,2010,90719.774,15831,5730.51443370602
9027,1970,103232.004946916,41640,2479.154777783766
9027,1980,234621.250693647,52601,4460.395252821182
9027,1996,250217.325172051,72052,3472.732542775371
9027,2000,497982.588543484,76813,6483.050896898754
9027,2007,708246.471277137,83161,8516.569921924183
9027,2010,824457.07,86967,9480.113951268871
9028,1970,27479.145136289,21686,1267.1375604670757
9028,1980,117754.657316539,26475,4447.767981738961
9028,1996,76840.2571072373,32537,2361.6269818126225
9028,2000,136878.515459046,35454,3860.735472980369
9028,2007,184768.614958352,37431,4936.245757750314
9028,2010,209041.967,38910,5372.448393729119
9029,1970,4972.628606939,5025,989.5778322266666
9029,1980,18481.8231475183,4732,3905.71072432762
9029,1996,15981.150663473,4839,3302.572982738789
9029,2000,19006.3199164303,5174,3673.428665719038
9029,2007,30108.8363684125,4736,6357.4401115735855
9029,2010,31363.454,4972,6308.015687851971
9030,1970,26009.6133515763,13872,1874.9721274204367
9030,1980,42415.8406364994,16603,2554.70942820571
9030,1996,238898.670432531,20174,11841.908914074105
9030,2000,164973.707922343,25482,6474.127145527941
9030,2007,429760.667778452,28131,15277.12017981771
9030,2010,447992.816,30419,14727.401163746343
9031,1970,27906.7714575024,9243,3019.233090717559
9031,1980,46956.3105867579,10471,4484.415107129968
9031,1996,33982.6921733871,13663,2487.2057508151283
9031,2000,139092.901086785,14556,9555.709060647498
9031,2007,396616.648182993,15450,25670.98046491864
9031,2010,344196.258,16864,20410.119663187852
9032,1970,10709.3473406527,6978,1534.7302007240899
9032,1980,15681.4134928183,7797,2011.211170042106
9032,1996,30682.120152683,10465,2931.8796132520783
9032,2000,105337.016999063,13020,8090.400691172274
9032,2007,102301.540552428,13539,7556.063265560825
9032,2010,93904.058,12938,7258.0041737517395
9033,1970,154349.109467458,51131,3018.6992131477577
9033,1980,302547.673623014,58328,5187.005788352318
9033,1996,360795.058001001,75316,4790.41714909184
9033,2000,562581.540577296,83334,6750.924479531716
9033,2007,667120.800131022,88980,7497.424141728725
9033,2010,699879.782,94861,7377.950706823668
9034,1970,50157.3439574745,10627,4719.802762536417
9034,1980,173621.084093797,13275,13078.801061679624
9034,1996,130740.675527793,21310,6135.17951796307
9034,2000,498695.620250581,23560,21167.046699939772
9034,2007,1083836.72164638,23923,45305.21764186682
9034,2010,960708.563,26902,35711.41784997398
9035,1970,5304.7601328358,4674,1134.9508200333332
9035,1980,13960.8124396736,4420,3158.554850604887
9035,1996,11776.6062494862,5361,2196.718196136206
9035,2000,24677.7434630092,5802,4253.316694762013
9035,2007,29809.073920177,6295,4735.357254992376
9035,2010,34701.845,6401,5421.316200593657
9036,1970,3399.5578918206,2632,1291.625338837614
9036,1980,11436.783720248,2439,4689.128216583847
9036,1996,7603.3180112984,2860,2658.502801153287
9036,2000,20827.3605059405,3208,6492.319359707139
9036,2007,28039.4830640725,3658,7665.2496074555775
9036,2010,21749.125,3456,6293.149594907408
9037,1970,13855.816364377,6259,2213.742828627097
9037,1980,22249.6468955107,8307,2678.4214392091853
9037,1996,33504.6831755977,10756,3114.9761226847986
9037,2000,44881.0880705075,11481,3909.16192583464
9037,2007,54503.1606752726,11728,4647.268133976177
9037,2010,60953.603,12042,5061.750788905498
9038,1970,42133.657542232,9233,4563.376751026968
9038,1980,65733.4146763709,11366,5783.337557308719
9038,1996,95410.5922425535,14499,6580.494671532761
9038,2000,92409.8546602471,15454,5979.67223115356
9038,2007,152401.363361228,15150,10059.49593143419
9038,2010,168850.279,16343,10331.657529217402
9039,1970,16729.69348019,8136,2056.2553441728123
9039,1980,40927.4951245558,8622,4746.867910526073
9039,1996,22781.5289134516,10032,2270.886055966069
9039,2000,40632.5833088504,11000,3693.871209895491
9039,2007,50395.812296027,10910,4619.231191203208
9039,2010,56897.036,11001,5171.987637487501
9040,1970,14788.7644392023,6730,2197.4389954238186
9040,1980,16959.3266847009,8599,1972.2440614839982
9040,1996,31018.3357255834,10088,3074.7755477382434
9040,2000,46187.0505754893,11587,3986.10948265205
9040,2007,66406.5704124525,13199,5031.18193896905
9040,2010,80188.3,13627,5884.516034343583
9041,1970,8534.0660716919,5459,1563.302083108976
9041,1980,11802.5629279095,6071,1944.0887708630373
9041,1996,12070.8080065326,6828,1767.8394854324254
9041,2000,26716.007277002,7101,3762.2880266162515
9041,2007,37522.5073054605,7225,5193.426616672734
9041,2010,50314.311,7344,6851.077205882353
9042,1970,52295.9640182772,16311,3206.1776726305684
9042,1980,76123.2056485052,17580,4330.10271038141
9042,1996,90005.66306917429,22462,4007.0191020022394
9042,2000,125288.6355006755,24728,5066.670798312662
9042,2007,166353.56560047268,25505,6522.3903391677195
9042,2010,179601.53399999999,25544,7031.065377388036
9043,1970,10135.377468054,8074,1255.3105608191727
9043,1980,26269.7533644023,8753,3001.228534719787
9043,1996,18378.6982144163,7945,2313.2408073525867
9043,2000,30950.2472056583,8279,3738.404059144619
9043,2007,47921.706720718,8517,5626.594660175883
9043,2010,60457.936,8508,7106.010343206394
9044,1970,16255.0243200657,13716,1185.114050748447
9044,1980,87272.9795443785,20432,4271.387017637945
9044,1996,82314.8434706878,24412,3371.9008467429053
9044,2000,132023.907672798,26910,4906.128118647269
9044,2007,241845.785571308,29546,8185.398550440262
9044,2010,307782.023,32497,9471.090346801242
9045,1970,35854.8012423855,16177,2216.4060853301294
9045,1980,73636.318561954,17493,4209.473421480249
9045,1996,62362.332442556,20359,3063.1333779928286
9045,2000,91176.9071510841,22195,4107.993113362654
9045,2007,135470.468525158,23800,5692.036492653699
9045,2010,155310.822,24580,6318.585109845401
9046,1970,3484.5231649898,3971,877.4926126894486
9046,1980,10220.2837920726,4183,2443.2904116836244
9046,1996,15239.7694713699,5317,2866.23461940378
9046,2000,21457.2773813513,6023,3562.5564305746807
9046,2007,32775.5173668382,6280,5219.031427840477
9046,2010,36304.789,6238,5819.940525809554
9047,1970,19036.3306987304,9346,2036.84257422752
9047,1980,87714.2729606201,13710,6397.831725792859
9047,1996,792675.33971155,105724,7497.591272667985
9047,2000,845240.468404003,131679,6418.946592881196
9047,2007,1201472.06301972,148546,8088.215522597175
9047,2010,1804869.393,160827,11222.427782648434
9048,1970,15273.9548783946,9469,1613.0483555174358
9048,1980,16038.6193590216,9823,1632.7618201182531
9048,1996,69460.8917181879,11154,6227.4423272537115
9048,2000,58368.9493215327,11536,5059.721681824957
9048,2007,119469.058644226,12377,9652.505344124264
9048,2010,146196.387,13137,11128.597625028544
9049,1970,2186.1529611849,1311,1667.546118371396
9049,1980,6404.5516311974,1718,3727.9113103593713
9049,1996,7287.4991314231,2322,3138.457851603402
9049,2000,11111.1310331212,2630,4224.764651376882
9049,2007,15366.1007085159,2774,5539.329743516907
9049,2010,20083.334,2974,6752.970410221923
9050,1970,10005.9808370582,3955,2529.957228080455
9050,1980,11011.1334567899,5404,2037.5894627664507
9050,1996,12113.3436105311,7924,1528.6905111725264
9050,2000,30282.9175944787,7929,3819.26063746736
9050,2007,40382.0864727449,8389,4813.6948948319105
9050,2010,42918.46,8833,4858.876938752406
9051,1970,5996.3921935161,3368,1780.4014826354214
9051,1980,15272.8742740127,3989,3828.7476244704685
9051,1996,14257.0700078964,4728,3015.454739402792
9051,2000,21355.6108171757,5244,4072.3895532371666
9051,2007,28627.9257577291,5590,5121.274733046351
9051,2010,39713.018,5973,6648.755734136949
9052,1970,5430.9269536721,2897,1874.6727489375562
9052,1980,8860.9923571131,3311,2676.228437666294
9052,1996,13371.9427229723,5946,2248.8971952526576
9052,2000,31985.4216883345,7255,4408.741790259752
9052,2007,55646.4754427312,8227,6763.884215720336
9052,2010,51722.525,8369,6180.251523479508
9053,1970,11610.7929571845,9298,1248.7409074192838
9053,1980,16374.0441449994,16741,978.080410071047
9053,1996,44684.2376172879,18749,2383.2864481992588
9053,2000,79177.7490651797,26022,3042.7234288363575
9053,2007,139491.124866741,28969,4815.186056361663
9053,2010,158640.635,30880,5137.326262953368
9054,1970,7204.2100123108,11012,654.2144943980022
9054,1980,35594.6161318178,14356,2479.424361369309
9054,1996,33945.841886912,17612,1927.4268616234385
9054,2000,76222.0819882691,19973,3816.2560450743053
9054,2007,107134.070769397,21083,5081.538242631363
9054,2010,117419.94,21983,5341.3974434790525
9055,1970,30320.0329086088,15924,1904.046276601909
9055,1980,51683.4656491481,22863,2260.5723504854172
9055,1996,62670.9025067494,23206,2700.6335648862105
9055,2000,90065.8055607722,25664,3509.4219747807124
9055,2007,147358.082706019,26520,5556.48878981972
9055,2010,164328.79,27146,6053.517645325279
9056,1970,72397.2510189747,21309,3397.496410858074
9056,1980,97767.6680677919,21309,4588.0927339524105
9056,1996,108560.52132766,25986,4177.654172541368
9056,2000,204463.088687365,27385,7466.2438812256705
9056,2007,277983.892102654,27629,10061.308483935501
9056,2010,286606.913,28451,10073.702611507504
9057,1970,32129.7321846719,16640,1930.873328405763
9057,1980,55031.3932028764,17474,3149.330044802358
9057,1996,38657.0722701492,17820,2169.308208201414
9057,2000,73334.1835910049,19202,3819.0909067287207
9057,2007,91164.2013743201,19019,4793.322539267054
9057,2010,97974.922,19386,5053.9008562880435
9058,1970,26480.8741901495,5939,4458.810269430796
9058,1980,105679.389049101,5898,17917.834698050356
9058,1996,77750.8760295732,7771,10005.260073294712
9058,2000,106488.344109115,8337,12772.981181373996
9058,2007,130882.341634805,9087,14403.250977748981
9058,2010,113415.779,9355,12123.546659540352
9059,1970,17288.2418952604,10088,1713.7432489354082
9059,1980,39589.949662806,12205,3243.748436116837
9059,1996,43851.3309250176,14455,3033.6444776905983
9059,2000,71167.8342635392,15439,4609.614240788859
9059,2007,100588.96178241,15676,6416.749284409926
9059,2010,130171.386,17173,7580.00267862342
9060,1970,10346.4199955051,3914,2643.4389360002815
9060,1980,18747.369722159,3915,4788.600184459515
9060,1996,372308.582032203,6570,56667.97291205525
9060,2000,136674.480263428,7102,19244.505810113773
9060,2007,322664.035515135,8518,37880.25775007455
9060,2010,408004.227,9221,44247.28630300402
9061,1970,14781.4956317378,8463,1746.6023433460712
9061,1980,52582.779817716,12270,4285.475127768215
9061,1996,51191.1672918615,17608,2907.267565416941
9061,2000,77238.5941233558,18876,4091.8941578383024
9061,2007,91254.7701578957,18563,4915.949477880499
9061,2010,102243.583,19365,5279.81321972631
9062,1970,42689.418189681,6938,6152.986190498847
9062,1980,13482.4443103354,8026,1679.84603916464
9062,1996,21681.2462992323,10912,1986.9177327009074
9062,2000,54268.4723956666,13948,3890.7708915734584
9062,2007,70948.4484708,13041,5440.414728226362
9062,2010,88824.986,12969,6849.023517618938
9063,1970,4172.5697774335,3122,1336.5053739377004
9063,1980,11252.7180787965,2975,3782.426244973614
9063,1996,7984.0436830971,3341,2389.7167563894345
9063,2000,15700.6847226573,3595,4367.367099487427
9063,2007,22648.5634775473,3844,5891.925982712618
9063,2010,23610.883,3749,6297.914910642839
9064,1970,9904.0419087209,5415,1829.0012758487348
9064,1980,30424.5386994914,7947,3828.4306907627283
9064,1996,19550.8702794024,10157,1924.8666219752288
9064,2000,45903.8691470792,10670,4302.143312753439
9064,2007,68458.2258591003,11652,5875.233939160685
9064,2010,70694.687,11410,6195.853374233129
9065,1970,44732.2793668367,20409,2191.7918255101526
9065,1980,96785.2108440966,24129,4011.157148829069
9065,1996,166318.110142458,57553,2889.825207069275
9065,2000,314089.504173328,64647,4858.53178296484
9065,2007,438150.185147236,71931,6091.256692486355
9065,2010,501647.586,78864,6360.919887401095
9066,1970,9574.1918573849,4930,1942.0267459198578
9066,1980,14909.6285132397,6316,2360.6124941798134
9066,1996,19709.9879356742,8335,2364.725607159472
9066,2000,35935.1573222823,9260,3880.6865358836176
9066,2007,59226.7977445336,10128,5847.827581411296
9066,2010,57376.431,10271,5586.255573946062
9067,1970,2960.8318809899,1983,1493.107352995411
9067,1980,5385.7852250644,2046,2632.3485948506354
9067,1996,6897.8840294441,2482,2779.163589622925
9067,2000,10958.8795064701,2532,4328.151463850751
9067,2007,15629.1182375981,2874,5438.106554487857
9067,2010,17877.57,3393,5268.9566755084
9068,1970,4332.786369065,3245,1335.2192200508475
9068,1980,7444.372505814,3095,2405.2899857234247
9068,1996,10711.9521880769,3078,3480.166402883983
9068,2000,14101.1994061387,3447,4090.8614465154337
9068,2007,20160.962067541,3670,5493.450154643324
9068,2010,26556.485,3698,7181.310167658194
9069,1970,28912.0210266312,27904,1036.124606745671
9069,1980,80031.1718247979,27031,2960.718131952125
9069,1996,99705.0095639458,33707,2957.991205504667
9069,2000,183276.310374589,36957,4959.1771619609
9069,2007,232248.387832944,37145,6252.480490858635
9069,2010,277629.939,38702,7173.5295075189915
9070,1970,5243.4740329957,5155,1017.1627610078953
9070,1980,13266.0987294191,5406,2453.9583295262855
9070,1996,22667.1253761338,6803,3331.930821128002
9070,2000,39194.9572305277,6914,5668.926414597586
9070,2007,114761.104486691,7618,15064.466327998292
9070,2010,100747.115,8004,12587.095827086458
9071,1970,965.75200976,1945,496.53059627763497
9071,1980,4136.2199643454,1763,2346.1259015005103
9071,1996,5182.034858891,2444,2120.308862066694
9071,2000,12516.6584153782,2638,4744.753000522442
9071,2007,16353.979860919,2852,5734.214537489131
9071,2010,17545.342,2957,5933.494081839703
9072,1970,22483.9836689414,24832,905.4439299670345
9072,1980,70707.3578839086,30781,2297.110486465956
9072,1996,103528.360277528,40740,2541.196864936868
9072,2000,192175.841474531,43172,4451.40001562427
9072,2007,249573.03753703,47265,5280.292764985295
9072,2010,288975.625,48040,6015.312760199833
9073,1970,7459.648958313,9701,768.956701197093
9073,1980,24966.5802917325,10537,2369.420166245848
9073,1996,26071.5510120651,12464,2091.748316115621
9073,2000,42493.9758353586,12840,3309.4996756509813
9073,2007,57181.6174634406,12877,4440.600874694463
9073,2010,67990.139,12855,5289.003422792687
9074,1970,14852.6154664777,5742,2586.6623940225877
9074,1980,26396.1673146979,9504,2777.3745070178766
9074,1996,44043.7962631605,16489,2671.1017201261748
9074,2000,89370.3277928135,19214,4651.312990153716
9074,2007,121352.874913966,20562,5901.803079173524
9074,2010,146901.548,22434,6548.1656414371055
10001,1970,13044.5847009142,8475,1539.1840355061001
10001,1980,22235.1737023166,8977,2476.904723439523
10001,1996,23678.8894226911,12729,1860.2317089080918
10001,2000,29280.7583329827,9067,3229.3766772893678
10001,2007,30585.5849875874,8638,3540.8178962245197
10001,2010,35328.285,8316,4248.23051948052
10002,1970,5699.3360649457,6873,829.2355688848683
10002,1980,50475.7324952183,8963,5631.566718199074
10002,1996,25926.8174792999,12477,2077.968861048321
10002,2000,29857.3361556725,13648,2187.6711720158632
10002,2007,52781.4032694835,17342,3043.5591782656843
10002,2010,64162.531,17064,3760.1108180965775
10003,1970,17934.8899918284,9870,1817.1114480069302
10003,1980,29061.6997918482,11535,2519.436479570715
10003,1996,23861.8016297488,13202,1807.4383903763671
10003,2000,55071.7411924205,14322,3845.2549359321674
10003,2007,55728.9768484244,14628,3809.7468449838934
10003,2010,72116.066,14653,4921.590527537024
10004,1970,25365.4048002081,32208,787.5498261366151
10004,1980,94232.0304599919,35442,2658.767294734832
10004,1996,87997.5857504076,38389,2292.2604326866444
10004,2000,162127.653637202,40893,3964.6798629888244
10004,2007,323413.234698747,43171,7491.44645013428
10004,2010,261826.947,43480,6021.778909843606
10005,1970,12017.0974838186,11529,1042.3364978591899
10005,1980,29066.9877899111,13126,2214.4589204564304
10005,1996,20841.4728413565,14148,1473.103819717027
10005,2000,37549.7856202489,14966,2509.0061218928836
10005,2007,68282.5585158599,14810,4610.571135439561
10005,2010,75960.906,15731,4828.739813107877
10006,1970,11781.2764645558,5504,2140.4935437056324
10006,1980,10438.387281836,5737,1819.4853201736098
10006,1996,14730.5905465417,10100,1458.474311538782
10006,2000,24259.9141110086,12304,1971.7095343797625
10006,2007,32551.5204308082,10609,3068.2929994163633
10006,2010,38948.037,10859,3586.7056819228287
10007,1970,17118.7680096813,6978,2453.248496658254
10007,1980,45709.8693034964,7290,6270.215267969328
10007,1996,14773.6379514187,6716,2199.7674138503126
10007,2000,19782.7476205461,5315,3722.059759274901
10007,2007,23788.9153125266,5212,4564.258502019685
10007,2010,25483.923,4602,5537.575619295958
10008,1970,226642.624586104,77963,2907.0536611739417
10008,1980,546082.477086216,102166,5345.0509669187
10008,1996,581672.2106890358,134324,4330.366953701764
10008,2000,937664.3440925404,141098,6645.482884892347
10008,2007,1515302.141294189,144387,10494.726958065401
10008,2010,1742388.312,153510,11350.324487004104
10009,1970,43587.3353824749,32323,1348.492880687897
10009,1980,208928.526604471,40212,5195.676081877822
10009,1996,539663.9764683555,112281,4806.369523502244
10009,2000,785283.113335561,128386,6116.579014343939
10009,2007,1160602.439360336,138542,8377.260609492687
10009,2010,1496628.136,159612,9376.664260832518
10010,1970,25146.1387140352,7720,3257.2718541496374
10010,1980,65304.9539129938,9146,7140.274864748939
10010,1996,21157.9457724042,8256,2562.7356797970206
10010,2000,23436.0415587872,7862,2980.926171303384
10010,2007,26850.3611832909,6687,4015.307489650202
10010,2010,29921.403,6357,4706.843322321849
10011,1970,38225.4745544806,24443,1563.861823609238
10011,1980,71245.1765036082,25218,2825.1715641053297
10011,1996,88116.6810234085,30536,2885.665477580839
10011,2000,114100.746617943,31108,3667.890787512634
10011,2007,168434.009967314,33554,5019.789293893843
10011,2010,186869.451,34351,5440.000320223574
10012,1970,60330.6868357051,14981,4027.1468417131764
10012,1980,109042.479827029,18191,5994.30926430812
10012,1996,201927.809463566,23425,8620.183968562049
10012,2000,95690.9265294621,24134,3964.9841107757566
10012,2007,122924.645412228,22096,5563.208065361513
10012,2010,129275.025,25190,5131.9978165938855
10013,1970,235790.323327575,62313,3783.966801912522
10013,1980,459350.593198361,87922,5224.5239325579605
10013,1996,282111.6175655665,124679,2262.703563275022
10013,2000,535826.5900127334,135776,3946.4013523209796
10013,2007,724363.6519542562,143724,5039.963067784478
10013,2010,881373.796,148764,5924.644376327607
10014,1970,31570.200079418,21528,1466.4715755954105
10014,1980,61619.3767868096,31291,1969.2364189961843
10014,1996,42794.3639951772,43514,983.4619661528978
10014,2000,70258.1605129169,31060,2262.0141826438153
10014,2007,79578.8619958039,25716,3094.5272202443575
10014,2010,88166.024,25516,3455.323091393636
10015,1970,45499.4081949188,20047,2269.6367633520626
10015,1980,65536.5649146168,22010,2977.5813227904046
10015,1996,35926.268135066595,28665,1253.3147788266733
10015,2000,54598.7329651169,22520,2424.4552826428467
10015,2007,91033.7943751455,23031,3952.663556734206
10015,2010,86293.70300000001,21994,3923.5110939347096
10016,1970,97666.1948165542,46665,2092.9217789896966
10016,1980,373147.921232044,63834,5845.598289814895
10016,1996,239338.07821476413,102261,2340.4629156253523
10016,2000,346001.4638905415,83497,4143.878988353373
10016,2007,510694.2252834023,86643,5894.235255974543
10016,2010,613920.089,88833,6910.946258710164
10017,1970,7125.6701370279,11310,630.0327265276658
10017,1980,31806.5244202701,11865,2680.7015946287484
10017,1996,27939.491628827,14391,1941.455884151692
10017,2000,88918.9752931531,14701,6048.498421410319
10017,2007,61876.7212777626,14700,4209.300767194734
10017,2010,67941.708,14073,4827.805585163079
10018,1970,13086.8348971937,7299,1792.9627205361967
10018,1980,20213.226833826,7748,2608.831547989933
10018,1996,11807.4188818466,8418,1402.6394490195532
10018,2000,20749.7538547453,8834,2348.851466464263
10018,2007,26149.203019804,9523,2745.899718555497
10018,2010,29895.82,10242,2918.943565709822
10019,1970,26010.6676104337,15978,1627.9050951579484
10019,1980,53053.3957003831,21468,2471.2779811991386
10019,1996,48603.148963729196,24740,1964.5573550416004
10019,2000,64793.327596512405,27964,2317.026448165942
10019,2007,105249.7925302625,30599,3439.6481104043432
10019,2010,107836.196,32123,3356.977741804937
10020,1970,19394.4521096733,12289,1578.1961192670926
10020,1980,23816.908576253,11505,2070.1354694700567
10020,1996,18163.9278454391,11098,1636.684794146612
10020,2000,32585.2693161473,11837,2752.83174082515
10020,2007,41305.4709005238,12074,3421.026246523422
10020,2010,57584.009,11554,4983.902458023195
10021,1970,8023.0128763751,6838,1173.2981685251682
10021,1980,32550.5549744767,8169,3984.6437721234793
10021,1996,14851.3990313887,13946,1064.9217719337946
10021,2000,32694.2883982979,9716,3364.9946889973135
10021,2007,34573.3351858442,10653,3245.408353125335
10021,2010,39637.131,11015,3598.4685428960506
10022,1970,12199.7063181378,12163,1003.017867149371
10022,1980,36444.2782088417,13156,2770.1640474948085
10022,1996,29292.8321520162,14906,1965.1705455532133
10022,2000,42804.5920660253,16769,2552.602544339275
10022,2007,53725.1826968227,17870,3006.4455901971296
10022,2010,63788.895,17731,3597.591506401218
10023,1970,45314.9514613771,25973,1744.6945466976129
10023,1980,131708.184428368,32775,4018.5563517427304
10023,1996,144158.4710387234,51839,2780.888347358618
10023,2000,234394.2028573012,54064,4335.495021776065
10023,2007,295378.5042239367,54020,5467.947134837777
10023,2010,305441.462,58470,5223.900495980845
10024,1970,11030.6269210753,13637,808.8748933838308
10024,1980,22280.7993630591,13475,1653.4916039375955
10024,1996,24993.2313819411,17123,1459.6292344764995
10024,2000,35426.1314639408,15913,2226.2383877295797
10024,2007,40924.9220288716,14168,2888.5461623991814
10024,2010,51586.437,13743,3753.651822746125
10025,1970,20362.7636866234,23661,860.6045258705634
10025,1980,72503.89180873,32225,2249.9268210622186
10025,1996,64556.4628946938,51307,1258.2388932249753
10025,2000,116269.091532111,47584,2443.4493008597638
10025,2007,160942.133307117,51912,3100.2876658020687
10025,2010,197733.322,51651,3828.2573812704495
10026,1970,16648.003464775,7543,2207.0798707112554
10026,1980,19623.769809582,7774,2524.282198299717
10026,1996,21745.1643625897,8922,2437.2522262485654
10026,2000,40534.2329402244,9258,4378.292605338562
10026,2007,35338.6754535698,9527,3709.3183009939958
10026,2010,52659.75,10036,5247.08549222798
10027,1970,142895.651355774,22344,6395.258295550215
10027,1980,269429.673284917,37601,7165.4922285289495
10027,1996,169053.982220561,43144,3918.3659887947574
10027,2000,168217.321906769,42479,3960.0113445883617
10027,2007,164906.8457877373,35994,4581.50930120957
10027,2010,196688.58000000002,34502,5700.787780418527
10028,1970,32008.5423901389,8167,3919.2533843686665
10028,1980,20653.134008422,7471,2764.440370555749
10028,1996,24649.2184459812,8275,2978.757516130659
10028,2000,23233.0244735789,8381,2772.1064877197114
10028,2007,32511.5594452604,8507,3821.7420295357233
10028,2010,37256.042,8599,4332.601697871846
10029,1970,41517.0958483577,12300,3375.373646207943
10029,1980,117390.503266219,16378,7167.572552583893
10029,1996,32024.5707859293,16347,1959.0488032011563
10029,2000,48567.2301785532,17149,2832.073600708683
10029,2007,56057.0080266573,14458,3877.231154146998
10029,2010,48412.149,13595,3561.0260389849204
10030,1970,8241.8923397509,8698,947.5617773914579
10030,1980,10054.2462341672,9606,1046.66315158934
10030,1996,20524.7622398376,12535,1637.3962696320384
10030,2000,57150.216981448,12179,4692.521305644798
10030,2007,62195.9902255155,13437,4628.711038588636
10030,2010,72743.704,13850,5252.252996389891
10031,1970,12534.3579596043,16918,740.8888733659003
10031,1980,62692.2671613321,19579,3202.0157904556977
10031,1996,34960.5181352559,21157,1652.4326764312473
10031,2000,51451.1328875105,20441,2517.0555690773695
10031,2007,67146.6504467646,20980,3200.5076476055574
10031,2010,76374.378,20060,3807.2970089730807
10032,1970,50226.6567598157,38968,1288.9205696934844
10032,1980,119068.541382435,45679,2606.636340165831
10032,1996,120416.7689595335,53298,2259.311211668984
10032,2000,181758.5470424765,57426,3165.0915446396493
10032,2007,295939.0540914603,58265,5079.190836547847
10032,2010,313107.619,59332,5277.213291309918
10033,1970,58977.9115315625,46330,1272.996147886089
10033,1980,113217.709795386,51563,2195.7161102997497
10033,1996,107575.1868280035,65104,1652.359099717429
10033,2000,167390.35438919842,71052,2355.8851881607616
10033,2007,237636.5280090786,76507,3106.075627185468
10033,2010,285396.6,79197,3603.628925338081
10034,1970,9059.7406994039,10153,892.3215502219934
10034,1980,28829.3399459892,12106,2381.4092141078145
10034,1996,91346.3301483326,20609,4432.351407071309
10034,2000,101074.330930093,24785,4078.0444192089167
10034,2007,122203.823806196,20750,5889.340906322698
10034,2010,125920.503,21187,5943.290838721858
10035,1970,8746.9342436861,8904,982.3600902612422
10035,1980,91094.6469376514,20524,4438.445085638833
10035,1996,242257.619518309,39248,6172.483171583494
10035,2000,144382.632557305,40818,3537.229471245652
10035,2007,333621.474950938,32489,10268.751729845118
10035,2010,244891.358,34788,7039.535414510751
10036,1970,29149.3217071503,9531,3058.3697101196412
10036,1980,29017.9213882824,11055,2624.8685109255903
10036,1996,20078.1560748644,12827,1565.3041299496685
10036,2000,37963.4838368813,13610,2789.381619168354
10036,2007,50661.7370681271,14054,3604.791309814081
10036,2010,60071.177,13987,4294.7863730607
10037,1970,27597.4872609887,8132,3393.6900222563577
10037,1980,76207.6396780633,9593,7944.088364230512
10037,1996,28474.5930153416,9018,3157.528611148991
10037,2000,23706.7009063847,8074,2936.1779671023905
10037,2007,29580.6572659849,6133,4823.195380072542
10037,2010,32179.579,6313,5097.351338507841
10038,1970,42507.662457857,20864,2037.368791116612
10038,1980,243901.932638764,41454,5883.676669049163
10038,1996,1171695.77794628,113695,10305.605153667973
10038,2000,2170613.87367422,131849,16462.877031105432
10038,2007,3247902.45861037,173766,18691.242582613224
10038,2010,3975682.537,197532,20126.77711459409
10039,1970,60033.5111782252,21278,2821.3888137148792
10039,1980,65596.3783992653,25739,2548.5208593677025
10039,1996,38650.2931505092,33080,1168.3885474760941
10039,2000,97109.5087509727,33763,2876.2109039769184
10039,2007,124136.4594828522,37839,3280.6485235564414
10039,2010,154468.83,37679,4099.6000424639715
10040,1970,68356.334101958,47172,1449.0870453226066
10040,1980,163684.936594625,57467,2848.329242776289
10040,1996,179148.665874192,78810,2273.171753257099
10040,2000,246213.019953502,83206,2959.077710183184
10040,2007,476942.93236232403,84565,5639.956629365862
10040,2010,622419.981,90953,6843.314470110936
10041,1970,27513.7578226105,5978,4602.502144966627
10041,1980,101127.339120192,8200,12332.602331730732
10041,1996,18403.6095206756,7098,2592.7880417970696
10041,2000,19618.3239179905,8602,2280.6700671925714
10041,2007,27672.955279992,6669,4149.490970159244
10041,2010,32140.639,6453,4980.728188439485
10042,1970,69558.4369749865,21070,3301.302182011699
10042,1980,127260.874426899,22556,5641.996560866244
10042,1996,59915.7945120483,19968,3000.590670675496
10042,2000,77086.5773716109,20032,3848.1717937106077
10042,2007,114554.287749497,21479,5333.315692047908
10042,2010,159861.186,21798,7333.754748142031
10043,1970,10820.3647070315,9969,1085.4012144680007
10043,1980,29663.8399087636,12692,2337.207682694894
10043,1996,22738.8131144453,15094,1506.4802646379555
10043,2000,43400.884208480296,17655,2458.2772137343695
10043,2007,62529.2663384747,15262,4097.0558471022605
10043,2010,63824.267,16021,3983.7879657948943
10044,1970,9505.0615186987,10047,946.0596714142231
10044,1980,20048.5833630484,10478,1913.3979159236878
10044,1996,17963.3115010474,13845,1297.4583966086964
10044,2000,33294.4069202332,14641,2274.0527914919203
10044,2007,49385.5636995237,13961,3537.3944344619795
10044,2010,65114.306,14836,4388.9394715556755
10045,1970,80390.3089896821,22837,3520.1781753155888
10045,1980,51260.9320407228,24890,2059.4990775702213
10045,1996,32442.1676199793,28021,1157.7805081895472
10045,2000,69835.7869120113,33418,2089.765602729406
10045,2007,79344.959929666,25181,3150.9852638761763
10045,2010,96948.973,25918,3740.6039432054945
10046,1970,22447.7896203673,17881,1255.399005668995
10046,1980,35685.0274480821,16812,2122.5926390722166
10046,1996,20050.0065274286,18028,1112.1592260610494
10046,2000,48862.9652920904,18408,2654.4418346420252
10046,2007,74636.2501673936,17841,4183.411813653585
10046,2010,80512.663,17991,4475.163303874159
10047,1970,80120.5485447049,40776,1964.8947553635692
10047,1980,170276.820147151,69192,2460.93219081904
10047,1996,228102.6627722056,91733,2486.59329545753
10047,2000,435013.48905732407,98773,4404.174106864468
10047,2007,553667.5487224397,105896,5228.408520835911
10047,2010,662971.325,107168,6186.280652806808
10048,1970,59142.1449846292,39448,1499.2431805067229
10048,1980,110442.922868392,45521,2426.197202794139
10048,1996,110462.2928630421,62953,1754.6787740543277
10048,2000,191979.3800270872,67791,2831.9301976233896
10048,2007,272445.5966849384,67187,4055.0344067295523
10048,2010,305114.872,68453,4457.289994594831
10049,1970,9533.139063204,9125,1044.7275685703014
10049,1980,15305.6007303382,9946,1538.8699708765535
10049,1996,21651.7415420154,13719,1578.2303041049202
10049,2000,33784.0435317565,12461,2711.182371539724
10049,2007,43828.188312938,13227,3313.5396017946628
10049,2010,48567.894,13695,3546.396056955093
10050,1970,57140.2080409182,23433,2438.4503922211497
10050,1980,142276.99466272,31824,4470.7451817094025
10050,1996,146488.7617408264,46448,3153.8228070277814
10050,2000,243862.613871951,47396,5145.215078739789
10050,2007,308055.588663004,47690,6459.5426433844405
10050,2010,286551.909,49998,5731.267430697228
10051,1970,104335.529768722,16130,6468.414740776318
10051,1980,117968.989218551,19070,6186.103262640325
10051,1996,35498.5587838327,20828,1704.3671396117102
10051,2000,53357.5999385523,22121,2412.0790171580084
10051,2007,75197.1582194072,21856,3440.5727589406656
10051,2010,76188.883,22037,3457.3164677587697
10052,1970,21536.2406315327,17274,1246.7431186484137
10052,1980,42163.2321129285,21032,2004.7181491502708
10052,1996,53917.6325766558,37144,1451.5839052513409
10052,2000,117265.3791635024,36492,3213.454432848361
10052,2007,137509.8039441455,35316,3893.6970195986382
10052,2010,158255.613,36125,4380.778214532873
10053,1970,22901.4500483791,9920,2308.613916167248
10053,1980,54134.2751452161,10634,5090.678497763411
10053,1996,87418.4335213017,15384,5682.425475903647
10053,2000,86138.2268085941,15344,5613.805188255611
10053,2007,96152.9139513952,12677,7584.831896457773
10053,2010,91951.644,14282,6438.289035149139
10054,1970,4332.3189417086,8127,533.077266114015
10054,1980,20282.2151827223,9073,2235.4475016777583
10054,1996,18392.2152100793,9635,1908.8962335318422
10054,2000,47072.2783890067,8762,5372.321203949635
10054,2007,39372.1530279663,9337,4216.788371850305
10054,2010,46824.385,11077,4227.172068249526
10055,1970,10748.0407475864,12484,860.9452697521948
10055,1980,34598.6602506205,12512,2765.23819138591
10055,1996,23914.74256043,14016,1706.2459018571633
10055,2000,33341.3957632325,13003,2564.1310284728524
10055,2007,37779.7002231504,10922,3459.0459827092473
10055,2010,48733.524,10717,4547.3102547354665
10056,1970,146012.816520416,38304,3811.946964296575
10056,1980,439632.954259985,46747,9404.516958521082
10056,1996,299697.009410318,62271,4812.786199198952
10056,2000,383820.001312275,62148,6175.902705031135
10056,2007,483831.296001214,62381,7756.068290043667
10056,2010,628443.551,64602,9727.927169437478
10057,1970,48169.9050358972,18889,2550.1564421566627
10057,1980,149416.905362184,24875,6006.70976330388
10057,1996,52980.2886512426,25798,2053.6587584790523
10057,2000,105378.54506804311,25328,4160.555316963168
10057,2007,105912.78316199189,26051,4065.59376461525
10057,2010,132273.86,24320,5438.892269736842
10058,1970,29695.6213488937,13292,2234.097302805725
10058,1980,49006.4106771256,10663,4595.930852210972
10058,1996,18813.7215039586,14527,1295.0864943869071
10058,2000,39195.0339838624,15508,2527.4074015903016
10058,2007,38578.1263592828,10367,3721.2430171971455
10058,2010,42475.993,11420,3719.438966725044
10059,1970,64594.4768634338,28133,2296.039415044034
10059,1980,109187.92523267,31118,3508.834926173597
10059,1996,107730.4559651189,41878,2572.4833078255624
10059,2000,123421.9695685831,46191,2671.991720650843
10059,2007,191676.07501981652,44714,4286.712774965705
10059,2010,211979.99099999998,46226,4585.73077921516
10060,1970,62437.6836972773,27382,2280.2455517229314
10060,1980,139691.792387132,27946,4998.632805665641
10060,1996,108612.851624498,30258,3589.5581870744263
10060,2000,138814.539316304,30416,4563.865706085744
10060,2007,204653.023160687,32252,6345.436660073391
10060,2010,219153.858,32026,6842.998126522201
10061,1970,13973.5340685759,12608,1108.3069534086217
10061,1980,33956.4414242552,15481,2193.4268732158903
10061,1996,43830.385184427,20518,2136.1918892887707
10061,2000,68635.0622587201,20339,3374.554415591726
10061,2007,111211.022828087,21847,5090.448245895866
10061,2010,135143.073,22236,6077.670129519697
10062,1970,11500.1681019269,8900,1292.153719317629
10062,1980,27290.680304089,9683,2818.4116806866673
10062,1996,23802.9585067847,17120,1390.3597258635923
10062,2000,37533.033076223,12563,2987.585216606145
10062,2007,36080.9830663371,10377,3477.0148469053775
10062,2010,40323.058,10368,3889.183834876543
10063,1970,46192.8230699172,40200,1149.0752007442088
10063,1980,123646.814969315,45318,2728.426121393596
10063,1996,126561.7157372357,55421,2283.6418638645223
10063,2000,182618.15504435802,58492,3122.1048185112154
10063,2007,317219.09841674246,59987,5288.130735271683
10063,2010,325644.698,61449,5299.430389428631
10064,1970,35535.7025857205,16270,2184.1243138119544
10064,1980,53278.2722537815,20025,2660.5878778417728
10064,1996,25759.6887337697,29162,883.3306609207084
10064,2000,83019.05481169341,31178,2662.7447178040097
10064,2007,101181.2394548847,31157,3247.4641157648266
10064,2010,112992.59999999999,29458,3835.7186502817567
10065,1970,21077.798480127,9144,2305.0960717549215
10065,1980,38994.2719032406,11048,3529.5322142687
10065,1996,24403.1217008475,8546,2855.502188257372
10065,2000,99258.7104804839,11410,8699.273486457836
10065,2007,484881.659994954,13712,35361.848015968055
10065,2010,690201.408,15374,44894.068427214785
10066,1970,16883.8033502956,11234,1502.920006257397
10066,1980,45506.6438359291,17077,2664.7914643045674
10066,1996,31645.3803641301,34231,924.4655535663609
10066,2000,68177.7252564033,28582,2385.337808984791
10066,2007,95192.246694893,27892,3412.887089304926
10066,2010,118103.356,28233,4183.167073991428
10067,1970,84451.8288415908,22644,3729.545523829306
10067,1980,317561.999889851,40500,7841.037034317309
10067,1996,66733.5090980357,32796,2034.8063513244208
10067,2000,107599.730138256,31055,3464.811789993753
10067,2007,139413.693733373,30289,4602.782981721845
10067,2010,167351.594,31472,5317.475660904932
10068,1970,396936.914025654,33273,11929.700178091967
10068,1980,10188051.3998032,89164,114261.93755106546
10068,1996,8979701.604577664,172817,51960.75388750912
10068,2000,12631344.254924059,207060,61003.30462148198
10068,2007,14691577.238647781,53821,272971.0937858416
10068,2010,15552136.519,309410,50263.845767751525
10069,1970,123956.368801383,25502,4860.652842968512
10069,1980,254831.549013748,36160,7047.332660778429
10069,1996,180662.1183140385,43716,4132.631492223408
10069,2000,226231.587296256,48621,4652.960393580059
10069,2007,255295.346123175,45418,5621.016912307346
10069,2010,356042.29099999997,48523,7337.598479071779
10070,1970,19839.0523755169,16767,1183.2201571847618
10070,1980,39445.3019710376,21574,1828.372205944081
10070,1996,33398.4603083797,25380,1315.9361823632662
10070,2000,88055.8321229728,27607,3189.6197385798096
10070,2007,90005.0366267514,26935,3341.564381910206
10070,2010,108292.9,28090,3855.2118191527234
10071,1970,64555.2252574337,37263,1732.4215779039182
10071,1980,253185.728931406,56692,4465.9868928844635
10071,1996,191429.56362845353,74969,2553.4496075505012
10071,2000,292433.9503539128,76082,3843.668020739633
10071,2007,395953.4120113661,81218,4875.192839165777
10071,2010,467282.798,83616,5588.437595675468
10072,1970,6874.6268522546,8198,838.5736584843377
10072,1980,14975.3097076703,9439,1586.5356189925096
10072,1996,14408.4676421029,9898,1455.6948516976056
10072,2000,24921.613639342,9743,2557.8993779474495
10072,2007,32048.1851565034,10577,3029.9881967007095
10072,2010,37769.418,9410,4013.753241232731
10073,1970,116690.87950882,33460,3487.473984124925
10073,1980,207725.661985905,42122,4931.524191299201
10073,1996,98820.72470437031,50326,1963.6117455067026
10073,2000,143496.10896690242,51383,2792.676740690548
10073,2007,189538.1667228504,50927,3721.7618693983627
10073,2010,220638,45680,4830.07880910683
10074,1970,12614.5586034983,9718,1298.0611857890822
10074,1980,33731.3365967856,10772,3131.3903264747123
10074,1996,18091.8642793159,10204,1773.0168835080265
10074,2000,21583.5275871441,10121,2132.5489168208774
10074,2007,27425.7548236108,9019,3040.886442356226
10074,2010,30471.786,8895,3425.7207419898823
10075,1970,297038.252313236,34195,8686.598985618833
10075,1980,1899043.0810498,54081,35114.79227547198
10075,1996,1242775.65693437,69503,17880.89229147476
10075,2000,1934577.92150239,76783,25195.393791625618
10075,2007,3137987.16880854,78618,39914.36018225521
10075,2010,4204817.321,83158,50564.1949181077
10076,1970,16836.1116769675,11436,1472.2028398887285
10076,1980,24945.5760151598,11491,2170.879472209538
10076,1996,19423.6617895853,12574,1544.7480348008035
10076,2000,32177.6571874671,12280,2620.3303898588842
10076,2007,45612.2115992266,12352,3692.698477916661
10076,2010,53147.512,13210,4023.2787282361846
10077,1970,17282.3247230731,15110,1143.767354273534
10077,1980,61329.8213417845,18289,3353.372045589398
10077,1996,47012.5161774336,25482,1844.9303891936897
10077,2000,77285.0028014427,28516,2710.2329499734424
10077,2007,117836.943551883,26727,4408.910223814232
10077,2010,107383.259,27918,3846.380793753134
10078,1970,16236.6798853001,18790,864.1128198669559
10078,1980,52709.0341590226,24421,2158.3487227805003
10078,1996,43282.6381715647,30982,1397.0253105533761
10078,2000,73424.7434961578,31947,2298.329843057495
10078,2007,120280.979349386,32789,3668.333262660831
10078,2010,125677.849,32908,3819.066761881609
10079,1970,34684.704289148,41588,834.0075091167645
10079,1980,117836.363452785,50400,2338.023084380655
10079,1996,127969.6510803944,67469,1896.7177678696053
10079,2000,202228.4898431857,67646,2989.5114248172204
10079,2007,312514.641304248,71281,4384.262865339263
10079,2010,396973.399,72021,5511.911789616917
10080,1970,51961.9750718706,49864,1042.0739425611785
10080,1980,320812.198272708,62887,5101.4072586179655
10080,1996,145674.7598177449,67326,2163.7221848579284
10080,2000,188715.01329542702,69390,2719.628380104151
10080,2007,237981.0673156014,71111,3346.613988210001
10080,2010,312038.061,70614,4418.926289404367
10081,1970,168893.937164879,76519,2207.2156871480156
10081,1980,396524.569213702,103967,3813.946436981946
10081,1996,393118.83015540894,169383,2320.8871619667198
10081,2000,570900.2588764341,148609,3841.6264080670353
10081,2007,841863.99827621,152362,5525.419712764404
10081,2010,976598.576,155056,6298.360437519347
10082,1970,37234.257956092,30369,1226.0613769334518
10082,1980,73130.0590693746,34140,2142.0638274567837
10082,1996,57010.0415331838,38396,1484.7911640062455
10082,2000,87539.95490078299,38364,2281.8255369821445
10082,2007,95091.14247776021,29024,3276.293497717758
10082,2010,98620.432,27251,3618.9656159406995
10083,1970,47394.9276499606,26027,1820.9908037791754
10083,1980,187733.582016163,41170,4559.960699931091
10083,1996,82497.1890709628,18669,4418.9399041707
10083,2000,193832.787949335,20103,9641.983184068795
10083,2007,159296.828672114,21150,7531.764949036124
10083,2010,292450.276,21414,13656.96628373961
10084,1970,3865.3672827885,2961,1305.4263028667679
10084,1980,8675.6348527601,4094,2119.109636726942
10084,1996,7729.1753908323,7286,1060.8256095020997
10084,2000,40984.2603161356,8034,5101.35179439079
10084,2007,58193.2291860781,8280,7028.1677760963885
10084,2010,52121.159,8899,5856.968086301832
10085,1970,23544.4521872334,19390,1214.257461951181
10085,1980,70218.9840645849,22275,3152.367410306842
10085,1996,58849.368153227195,32611,1804.586432591064
10085,2000,89170.3830984446,33507,2661.246399213436
10085,2007,130018.97146134879,35207,3692.986379451495
10085,2010,143730.809,34564,4158.396279365815
10086,1970,30992.0562259052,37036,836.8089487500054
10086,1980,114375.969383238,39321,2908.7757021245134
10086,1996,97462.5018377047,48883,1993.7913351820612
10086,2000,175241.850307998,55730,3144.479639476009
10086,2007,340560.089469036,62862,5417.582791973465
10086,2010,338074.794,64940,5205.956174930705
10087,1970,65832.8074501774,46716,1409.2132770395026
10087,1980,121274.725719614,50547,2399.2467548937425
10087,1996,168037.34231985032,57249,2935.201354082173
10087,2000,152269.06704555592,56834,2679.189693591088
10087,2007,238761.68294944923,56598,4218.553357882774
10087,2010,284383.613,57391,4955.19529194473
10088,1970,1269.5902893793,1940,654.4279842161341
10088,1980,6286.7278403282,3170,1983.194902311735
10088,1996,9728.5763580039,3132,3106.1865766295978
10088,2000,14252.1280664916,3092,4609.355778296119
10088,2007,24271.425259615,3767,6443.17102724051
10088,2010,21697.987,2612,8307.03943338438
10089,1970,125341.201659588,27893,4493.643625984584
10089,1980,212728.284754076,37429,5683.5150486007105
10089,1996,296887.607677604,47250,6283.335612224423
10089,2000,326281.737530145,46731,6982.126158869808
10089,2007,357764.289196508,48697,7346.74187725133
10089,2010,345533.619,51077,6764.955244043307
10090,1970,40280.7063240877,13864,2905.417363249257
10090,1980,41724.1671709195,13858,3010.836135872384
10090,1996,20222.2486102157,14200,1424.1020148039227
10090,2000,43245.2442478469,16792,2575.3480376278526
10090,2007,53611.9533651443,17320,3095.3783698120264
10090,2010,64947.704,17013,3817.5338858519954
10091,1970,6784.9524140814,10242,662.4636217615114
10091,1980,24131.4332419844,10263,2351.304028255325
10091,1996,11729.2266730013,9369,1251.9187397802648
10091,2000,19878.4816034389,10171,1954.4274509329368
10091,2007,35149.4274757705,10571,3325.0806428692176
10091,2010,48062.431,10734,4477.588131171976
10092,1970,35484.1899581292,34529,1027.6634121500535
10092,1980,99383.1800863161,37593,2643.661854236589
10092,1996,95690.76349170759,46156,2073.203126174443
10092,2000,132775.46955391922,49232,2696.9343019564353
10092,2007,229559.587992994,49745,4614.726866880973
10092,2010,205025.558,49952,4104.451433376041
10093,1970,10349.2436959289,6402,1616.5641511916433
10093,1980,34306.4588396696,9032,3798.3236093522582
10093,1996,27636.0738457416,12913,2140.1745408302954
10093,2000,33551.5328489606,14285,2348.7247356640255
10093,2007,57866.2725613158,15063,3841.6167138893848
10093,2010,68911.933,15755,4373.972262773723
10094,1970,57017.4104710679,21759,2620.4058307398273
10094,1980,202130.646212873,27412,7373.801481572778
10094,1996,56528.1413368175,25963,2177.2576873557564
10094,2000,77613.1571690906,27852,2786.627788636026
10094,2007,90137.0067278532,22764,3959.6295346974694
10094,2010,98719.123,20964,4708.98316161038
10095,1970,9811.5760790025,13239,741.1115702849536
10095,1980,29546.6814492593,15730,1878.3649999529118
10095,1996,32400.2384530159,17125,1891.9847271834103
10095,2000,68457.4392400455,17611,3887.1977309661856
10095,2007,158562.502371697,17394,9115.93091708043
10095,2010,143400.102,18153,7899.526359279458
10096,1970,26656.3509084558,12417,2146.7625761823147
10096,1980,77566.1624378002,14422,5378.322177076702
10096,1996,58250.822079712,17211,3384.511189338911
10096,2000,91649.2516877875,17514,5232.913765432654
10096,2007,83837.6629279467,19091,4391.475717769981
10096,2010,104357.773,20391,5117.834976214997
10097,1970,37734.969660957,21854,1726.6848019107258
10097,1980,46341.3048761009,18407,2517.591398712495
10097,1996,48202.1462534269,19700,2446.8094544886753
10097,2000,57852.7131646306,18912,3059.0478619199766
10097,2007,75929.2392219941,17684,4293.668809205728
10097,2010,73719.589,17889,4120.945217731567
10098,1970,56185.3912729206,35111,1600.2219040449033
10098,1980,169690.786419798,41436,4095.2501790664637
10098,1996,107459.76881109,51960,2068.1248808908776
10098,2000,217839.224172466,56317,3868.089993651402
10098,2007,313885.060226547,60835,5159.613055421172
10098,2010,320456.142,62040,5165.31499032882
10099,1970,41727.9814402734,15163,2751.9607887801485
10099,1980,105039.907082817,18739,5605.416888991782
10099,1996,55269.3791789409,24265,2277.740745062473
10099,2000,178567.719035271,26194,6817.122968438231
10099,2007,304431.379268628,27522,11061.382867110966
10099,2010,533024.409,30123,17694.931082561496
10100,1970,22519.72173908,17216,1308.0693389335502
10100,1980,24774.0648851514,15228,1626.8758133143815
10100,1996,29028.0553324267,18695,1552.7175893247766
10100,2000,116802.520435988,20426,5718.325684714971
10100,2007,87544.6762230463,22034,3973.1631216776937
10100,2010,103330.187,23620,4374.690389500423
10101,1970,14921.3092208431,22458,664.4095298264806
10101,1980,54516.1555391292,25329,2152.3216684089066
10101,1996,36132.2312198628,30259,1194.098655602062
10101,2000,72722.1344404242,30883,2354.7626344728233
10101,2007,95071.8220316705,24066,3950.462147081796
10101,2010,107987.00700000001,27310,3954.1196265104363
10102,1970,26898.7284850942,6535,4116.102293051905
10102,1980,16552.3532783319,5919,2796.4779993802836
10102,1996,9427.5170521499,5030,1874.2578632504772
10102,2000,13306.4457146355,4264,3120.648619755042
10102,2007,18449.5527762117,3857,4783.394549186337
10102,2010,22351.111,4663,4793.289942097363
10103,1970,58366.3043084779,18933,3082.781614560709
10103,1980,55236.5017313042,20943,2637.4684491860858
10103,1996,53175.9203548317,22522,2361.0656404773868
10103,2000,60493.610300996,23818,2539.8274540681837
10103,2007,106542.703113349,23161,4600.0908040822505
10103,2010,115074.261,22401,5137.0144636400155
10104,1970,11789.4122071245,8207,1436.506909604545
10104,1980,16652.6383140249,7744,2150.392344269744
10104,1996,12454.2840765374,10679,1166.2406664048506
10104,2000,20408.136049209,8193,2490.9234772621753
10104,2007,27422.1869010739,8518,3219.322247132414
10104,2010,31358.786,8168,3839.2245347698336
10105,1970,20440.8432288221,18575,1100.4491644049583
10105,1980,42963.1126380895,18849,2279.3311389511114
10105,1996,52784.0872972412,27933,1889.6676797064836
10105,2000,97366.49923263889,26906,3618.765302632829
10105,2007,130600.6453541088,27370,4771.671368436565
10105,2010,161947.89299999998,27355,5920.230049351123
10106,1970,6554.3455555728,12742,514.389072011678
10106,1980,25191.0493425305,12773,1972.2108621725906
10106,1996,29289.2887440945,19036,1538.626221059808
10106,2000,46563.1035388979,19665,2367.8160965623138
10106,2007,64142.4634676541,18168,3530.518684921516
10106,2010,104720.361,17066,6136.198347591703
10107,1970,22755.3159336633,30365,749.3929172950205
10107,1980,48895.089803386,34783,1405.7180175196504
10107,1996,131095.048272668,39946,3281.8066457885147
10107,2000,355425.240583608,40871,8696.269740980351
10107,2007,613240.78807487,40589,15108.546356768336
10107,2010,752127.699,40222,18699.410745363235
10108,1970,19576.2532821467,20085,974.6703152674482
10108,1980,50928.0982481264,22556,2257.8514917594607
10108,1996,46727.6407716351,25665,1820.6756583532087
10108,2000,95691.1635618193,27023,3541.1006757880064
10108,2007,103659.3369520388,26645,3890.386074386894
10108,2010,127315.25399999999,26121,4874.057425060296
10109,1970,10075.3309970429,4714,2137.320958218689
10109,1980,16542.2323837106,4805,3442.7122546744226
10109,1996,11262.1899068395,4842,2325.937609838806
10109,2000,16818.8498772135,5001,3363.0973559715053
10109,2007,23500.5932515957,5427,4330.3101624462315
10109,2010,23149.47,5041,4592.237651259671
10110,1970,40747.9542320344,11638,3501.2849486195564
10110,1980,62231.6460169012,14116,4408.589261611022
10110,1996,37309.1195904602,16794,2221.5743474133737
10110,2000,52682.8026793957,19037,2767.3899605712927
10110,2007,87558.9656325682,19510,4487.901877630354
10110,2010,103702.769,20046,5173.23999800459
10111,1970,6151.853710636,7606,808.8158967441493
10111,1980,20987.2413553998,9972,2104.6170633172683
10111,1996,22086.4666093072,12882,1714.52155017134
10111,2000,40861.7236172721,12662,3227.114485647773
10111,2007,44099.5073687743,13595,3243.8034107226404
10111,2010,54184.755,13280,4080.177334337349
10112,1970,70908.1309775363,28814,2460.8916144074515
10112,1980,183198.577817108,37352,4904.65243673988
10112,1996,164862.725012801,49629,3321.903020669387
10112,2000,283504.988865011,53049,5344.20986003527
10112,2007,392299.647966701,54827,7155.227314401682
10112,2010,447591.819,58606,7637.303671978979
10113,1970,34368.2022303721,17791,1931.774618086229
10113,1980,39418.1438701815,20638,1909.9788676316261
10113,1996,49199.9876374402,25219,1950.9095379452078
10113,2000,110359.610745578,28841,3826.4835042327936
10113,2007,175404.764898645,32449,5405.552248101481
10113,2010,151342.075,32168,4704.7399589654315
10114,1970,19455.1835689793,11137,1746.8962529387898
10114,1980,45018.8798611518,12935,3480.3927221609433
10114,1996,29035.5931308038,15165,1914.6451124829412
10114,2000,35262.9899935651,15983,2206.2810482115433
10114,2007,48637.0707595347,12565,3870.8373067675843
10114,2010,53882.324,12836,4197.7503895294485
10115,1970,7256.1264344233,7744,936.9997978335873
10115,1980,12905.0251833885,8696,1484.0185353482636
10115,1996,15699.7263348575,9932,1580.721539957461
10115,2000,42497.6419358165,10427,4075.7305011812123
10115,2007,57006.7158502942,11087,5141.762050175358
10115,2010,122497.571,11355,10787.985116688682
10116,1970,11192.2386951052,5140,2177.478345351206
10116,1980,12816.8375070413,5473,2341.8303502724834
10116,1996,8062.5516558397,3757,2146.0078934894063
10116,2000,11146.1079792384,3748,2973.8815312802562
10116,2007,21097.8056255994,3809,5538.935580362143
10116,2010,19335.158,3874,4991.006195147134
10117,1970,17626.8208246231,8628,2042.9787696596081
10117,1980,21492.3977377144,7722,2783.268290302305
10117,1996,16521.7584777016,7905,2090.039023112157
10117,2000,20964.7670346785,7860,2667.2731596283083
10117,2007,38034.1061364322,7907,4810.181628485166
10117,2010,32044.763,7947,4032.3094249402284
10118,1970,20328.6459883707,24512,829.3344479589873
10118,1980,81758.7646593747,24748,3303.6513924104856
10118,1996,127086.8606444936,44753,2839.739473208357
10118,2000,150089.9653772735,48227,3112.1563725148467
10118,2007,195648.1397750083,36822,5313.349078676018
10118,2010,177439.853,32368,5481.952947355412
10119,1970,38593.6402958497,19188,2011.342521151225
10119,1980,65976.4474554054,22545,2926.4336862011714
10119,1996,94245.1444220824,32380,2910.5974188413343
10119,2000,284190.238122394,37513,7575.780079502946
10119,2007,281991.165254132,38886,7251.740092941727
10119,2010,300459.257,39872,7535.59533005618
10120,1970,43749.5134557793,16671,2624.2884923387496
10120,1980,65339.5643231176,19016,3436.0309383212875
10120,1996,49275.0000826654,25417,1938.663102752701
10120,2000,218288.741364446,27230,8016.479668176496
10120,2007,433655.698820522,31118,13935.847381596568
10120,2010,372117.511,32802,11344.354338150113
10121,1970,70955.6135806491,27171,2611.4465268355634
10121,1980,258251.109309389,49375,5230.4022138610435
10121,1996,357556.9035737151,103316,3460.8086218370354
10121,2000,638628.4759706601,108008,5912.7886450138885
10121,2007,1442386.6613103119,119094,12111.329381079751
10121,2010,1512841.3960000002,126460,11963.003289577733
10122,1970,1058540.90442018,187290,5651.881597630306
10122,1980,2399576.77228668,291506,8231.65482798529
10122,1996,2655164.88294557,450487,5893.987801968914
10122,2000,3843306.58178979,480949,7991.089661876395
10122,2010,7433138.826,556642,13353.535712360906
10123,1970,19439.8892677671,26100,744.8233435926091
10123,1980,53226.9035315577,28332,1878.6850039375158
10123,1996,55257.251205698194,42668,1295.0513547787145
10123,2000,94114.86452473601,38280,2458.591027291954
10123,2007,127731.4749427715,36291,3519.6460539189193
10123,2010,139539.77599999998,36861,3785.5667507663925
10124,1970,9972.974473582,5961,1673.037153763127
10124,1980,25217.3600763759,6034,4179.2111495485415
10124,1996,12735.0007385307,5835,2182.5194067747557
10124,2000,21568.2920502043,5170,4171.816644140097
10124,2007,20001.2510206551,5577,3586.3817501622916
10124,2010,23666.837,5384,4395.7721025260025
10125,1970,32961.1086352136,15428,2136.447279959398
10125,1980,89423.2477798485,18436,4850.4690702890275
10125,1996,30109.2735324491,13109,2296.839845331383
10125,2000,36440.7721721313,11614,3137.659047023532
10125,2007,42827.5841186098,10333,4144.738615949849
10125,2010,45109.871,10660,4231.69521575985
10126,1970,12651.658310247,8979,1409.027543183762
10126,1980,35521.1511396832,11883,2989.241028333182
10126,1996,86663.9612909696,16065,5394.582090941151
10126,2000,196027.206422794,18288,10718.897988997922
10126,2007,379595.974341163,20845,18210.408939369776
10126,2010,510669.082,22528,22668.1943359375
10127,1970,59525.9665357606,18038,3300.0314079033487
10127,1980,195680.062653716,29270,6685.345495514725
10127,1996,124379.7160824766,41826,2973.7415981082727
10127,2000,147515.54791602129,34326,4297.48726667894
10127,2007,184233.13673947542,36962,4984.393072330378
10127,2010,227673.728,36984,6156.006056673155
10128,1970,21959.5711013892,9328,2354.1564216755146
10128,1980,24444.3697839413,9192,2659.3091583922214
10128,1996,11509.5505539224,9594,1199.6613043488014
10128,2000,27276.5549399926,10173,2681.269531111039
10128,2007,34016.4620884413,11326,3003.3959110401997
10128,2010,37553.003,10622,3535.398512521182
10129,1970,5774.0713815507,8396,687.7169344391019
10129,1980,13321.3175461503,9877,1348.7210232003947
10129,1996,20377.4372307769,13191,1544.7985164716017
10129,2000,34988.8293394343,14559,2403.243996114726
10129,2007,46084.1899097665,13879,3320.4258166846676
10129,2010,59412.472,15076,3940.8644202706287
10130,1970,24632.0316671438,9643,2554.3950707397903
10130,1980,56088.2178968769,8343,6722.78771387713
10130,1996,15764.3670162612,11118,1417.9139248301133
10130,2000,23586.410371287,10522,2241.6280527739023
10130,2007,29569.2232070283,6845,4319.828079916479
10130,2010,34247.984,8357,4098.1194208448005
10131,1970,32947.4356334689,12941,2545.972925853404
10131,1980,88984.6484828525,17002,5233.77534895027
10131,1996,28469.8650025112,16348,1741.4891731411303
10131,2000,46236.353305785,17165,2693.6413227955145
10131,2007,99310.3962983068,19828,5008.593720915212
10131,2010,100415.677,19818,5066.892572408921
10132,1970,65608.781321542,31174,2104.5993880009623
10132,1980,210616.230495797,45526,4626.28455159243
10132,1996,228069.939615076,68603,3324.4893024368616
10132,2000,403731.960914354,71728,5628.652143017427
10132,2007,502405.167905936,76230,6590.648929633163
10132,2010,582087.048,78833,7383.799271878527
10133,1970,37242.3951190577,33118,1124.5363584473005
10133,1980,96542.4641092502,30443,3171.253296628131
10133,1996,47033.4216433294,23618,1991.4227133258278
10133,2000,95274.7135123924,24319,3917.706875792277
10133,2007,102800.871248192,22621,4544.488362503514
10133,2010,115693.312,22165,5219.639612000902
10134,1970,36889.7591479505,19276,1913.7662973620304
10134,1980,70183.2019193998,24100,2912.1660547468796
10134,1996,43394.452963903605,25323,1713.6379166727324
10134,2000,64287.168700967406,27011,2380.0366036417536
10134,2007,96401.8395154096,28121,3428.108513758743
10134,2010,108008.407,27468,3932.154033784768
10135,1970,25564.850764352,19261,1327.285746552723
10135,1980,66722.729736916,25179,2649.935650221057
10135,1996,44017.1193780095,27757,1585.8024778617826
10135,2000,81553.5943622835,28501,2861.429225721326
10135,2007,102384.934255173,27835,3678.280375612466
10135,2010,124722.06,25736,4846.209978240597
10136,1970,9579.6517540968,9857,971.8628136448007
10136,1980,22460.3862720588,10754,2088.5611188449693
10136,1996,15074.5169698694,11269,1337.6978409680896
10136,2000,37634.950217462,12828,2933.8127703041782
10136,2007,43736.8373455639,9507,4600.487782219828
10136,2010,50355.569,10062,5004.528821307891
10137,1970,79596.4129001068,26152,3043.607100799434
10137,1980,150096.873085798,30978,4845.27319664917
10137,1996,119008.950199599,30205,3940.041390484986
10137,2000,77215.0647113653,28861,2675.4119646361974
10137,2007,99870.8233958813,24752,4034.858734481307
10137,2010,111799.882,24272,4606.125659195781
10138,1970,4308.1692609145,5401,797.6614073161452
10138,1980,8345.9109483591,6025,1385.2134354122986
10138,1996,56695.9093901098,9147,6198.30648191864
10138,2000,81703.509427128,15168,5386.571032906645
10138,2007,295274.606674048,15856,18622.263286708374
10138,2010,219116.542,17282,12678.887975928712
10139,1970,34479.4227205113,16297,2115.6913984482603
10139,1980,103755.419075462,15615,6644.599364422799
10139,1996,50244.5475167615,15449,3252.2847767985954
10139,2000,49446.4193105898,15129,3268.320398611263
10139,2007,68532.6231824933,15777,4343.83109478946
10139,2010,76891.567,15785,4871.17941083307
10140,1970,24254.6127762674,9036,2684.2200947617753
10140,1980,30261.8980683191,11476,2636.9726445032325
10140,1996,17944.1799290289,14413,1244.999648166856
10140,2000,44588.9693935057,15362,2902.5497587231935
10140,2007,58955.458437984,16762,3517.209070396373
10140,2010,69064.482,17008,4060.7056679209786
10141,1970,7589.6914405562,10635,713.6522276028397
10141,1980,19702.9451711541,12085,1630.363688138527
10141,1996,21847.7281287056,13485,1620.1503988658212
10141,2000,40508.6650499621,13477,3005.762784741567
10141,2007,47939.0856296768,13841,3463.5565081769237
10141,2010,52235.032,14171,3686.051231388046
10142,1970,7930.1664679125,6499,1220.213335576627
10142,1980,15636.7023863318,6708,2331.052830401282
10142,1996,11601.7942864221,4679,2479.5456906223767
10142,2000,15203.5307992346,4495,3382.320533756307
10142,2007,17518.4857341018,5007,3498.7988284605153
10142,2010,19831.769,4866,4075.57932593506
10143,1970,33112.0574821498,13323,2485.3304422539823
10143,1980,125647.011476726,20310,6186.460437061841
10143,1996,64108.8009273746,24556,2610.718395804471
10143,2000,62007.556283432,22177,2796.0299537102405
10143,2007,95669.1687107999,23197,4124.204367409575
10143,2010,115012.155,22598,5089.483803876449
10144,1970,11379.7482930199,18458,616.5211991017391
10144,1980,33430.0970353739,9801,3410.886341737976
10144,1996,33264.3907845262,7551,4405.296091183445
10144,2000,44634.3870505945,7096,6290.077092812077
10144,2007,68917.1146148771,7534,9147.480039139513
10144,2010,113914.413,7956,14318.050904977375
10145,1970,44409.5550759145,14428,3078.0118572161423
10145,1980,151534.582858605,19977,7585.452413205436
10145,1996,60095.8415024758,25535,2353.469414626035
10145,2000,79117.4525484124,24741,3197.8275958292875
10145,2007,108777.52499548,23940,4543.756265475355
10145,2010,118277.667,18943,6243.871984374176
10146,1970,18739.2338069058,19179,977.0704315608634
10146,1980,57936.4167308741,21171,2736.5932988934915
10146,1996,40222.728713973906,26905,1494.9908460871177
10146,2000,70124.3997675777,22945,3056.195239380157
10146,2007,87850.50882257201,26106,3365.1462814131623
10146,2010,101927.702,26181,3893.193613689317
10147,1970,33786.7924162392,11737,2878.6565916536765
10147,1980,44403.4187339729,15602,2846.0081229312204
10147,1996,27694.9081794837,17020,1627.1978953868213
10147,2000,69374.0411078508,17905,3874.5624746076965
10147,2007,66296.6571350652,18614,3561.6555890762434
10147,2010,84667.695,17840,4745.947029147983
10148,1970,16505.0001048107,10630,1552.6811011110724
10148,1980,52882.413913193,17166,3080.648602656006
10148,1996,53808.9439244432,23932,2248.4098246884173
10148,2000,77641.662003131,24149,3215.108783102033
10148,2007,126995.162806789,25292,5021.159370820378
10148,2010,143595.268,25424,5648.020295783512
10149,1970,4929.293789794,4771,1033.178325255502
10149,1980,22040.1744045584,5283,4171.905054809465
10149,1996,17564.5499453435,9917,1771.1555858972977
10149,2000,16858.1204951724,5593,3014.14634278069
10149,2007,19552.4129469875,5881,3324.674876209403
10149,2010,22703.655,5255,4320.391056137012
10150,1970,13349.4309903085,10310,1294.8041697680408
10150,1980,20212.9852702865,11688,1729.3793010169832
10150,1996,22940.029813227,14778,1552.30950150406
10150,2000,40499.7864950971,14557,2782.151988397135
10150,2007,48247.5698069659,14499,3327.6481003493964
10150,2010,59936.815,15205,3941.9148306478132
10151,1970,40805.7413045962,23696,1722.0518781480505
10151,1980,70042.2657383312,23555,2973.562544611811
10151,1996,57476.62495432,22211,2587.75493918869
10151,2000,61691.386723254,25134,2454.4993524012893
10151,2007,90336.2395729438,27849,3243.7875533392153
10151,2010,99587.125,25705,3874.231666990858
10152,1970,918819.977370358,107971,8509.877442742569
10152,1980,2005254.97041298,131456,15254.19129148141
10152,1996,1327256.30040755,242445,5474.463488244963
10152,2000,1833245.63615905,222127,8253.141833991589
10152,2010,2241975.44,184236,12169.041012614254
10153,1970,27237.0784282102,19417,1402.7439062785293
10153,1980,81662.32174666,22848,3574.15623891194
10153,1996,69050.8394368024,25948,2661.12376432875
10153,2000,153999.182022847,29589,5204.609213655311
10153,2007,143837.907553845,34388,4182.793635973158
10153,2010,204093.928,36306,5621.49308654217
10154,1970,16774.617167045,17333,967.7849862715628
10154,1980,38397.0482229909,17058,2250.9701150774363
10154,1996,24654.7661386307,17368,1419.5512516484744
10154,2000,37075.0075513449,18696,1983.0449053992777
10154,2007,47196.9729300243,16055,2939.705570228857
10154,2010,55102.282,15331,3594.1740264822906
10155,1970,78473.5240401793,27622,2840.979076105253
10155,1980,296366.729907252,39075,7584.561226033321
10155,1996,142595.621100907,42407,3362.549133419176
10155,2000,181600.098812773,43621,4163.134701468856
10155,2007,221302.626730325,42561,5199.65759099469
10155,2010,295363.366,44390,6653.826672674026
10156,1970,57178.1674386027,56860,1005.5956285368044
10156,1980,149321.975324319,69756,2140.632710079692
10156,1996,141878.819085785,73096,1940.9929282831483
10156,2000,186490.1350353428,72673,2566.1543494192174
10156,2007,277489.0013757652,70594,3930.773173014211
10156,2010,325223.88399999996,69685,4667.057243309177
10157,1970,8143.9015094913,6621,1230.0108004064793
10157,1980,18865.3284939578,6853,2752.856923093215
10157,1996,15765.7858161782,8386,1880.0126181943954
10157,2000,17691.539807761,8541,2071.366328036647
10157,2007,33774.6888232054,8931,3781.736515866689
10157,2010,36966.929,9285,3981.360150780829
10158,1970,12086.5536529844,8323,1452.1871504246544
10158,1980,39881.6087783911,7865,5070.770346902873
10158,1996,12669.1657571953,6644,1906.8581813960416
10158,2000,21467.420108788,6362,3374.319413515875
10158,2007,29456.3280121181,7215,4082.6511451307138
10158,2010,30412.396,7002,4343.387032276492
10159,1970,14889.228818817,9419,1580.7653486375414
10159,1980,26641.8027412762,12777,2085.137570734617
10159,1996,12832.4468767819,17842,719.2269295360329
10159,2000,38320.4658540656,17553,2183.129143398029
10159,2007,49314.4495230129,15134,3258.5205182379345
10159,2010,47540.222,11990,3964.989324437031
10160,1970,12486.6368709484,11972,1042.9867082315736
10160,1980,38024.5729461091,14359,2648.1351727912183
10160,1996,29114.930364599,18144,1604.658860482749
10160,2000,46851.8992479969,18334,2555.4652147920206
10160,2007,121376.206266945,22607,5368.965641922634
10160,2010,100748.421,22601,4457.697491261449
10161,1970,38432.3041178395,16575,2318.691047833454
10161,1980,69731.0524638433,20454,3409.164587065772
10161,1996,55792.2703275935,24565,2271.2098647503967
10161,2000,66839.1470990721,25163,2656.2471525283986
10161,2007,137026.462452145,25012,5478.428852236727
10161,2010,136467.997,27466,4968.615633874609
10162,1970,36569.7323261412,33108,1104.5587871856108
10162,1980,319285.844943059,46300,6896.022568964558
10162,1996,293683.31955149886,91861,3197.0403060221297
10162,2000,636331.485695166,121467,5238.71904052266
10162,2007,962275.8655792109,140280,6859.679680490525
10162,2010,1213365.939,155319,7812.089564058487
10163,1970,61530.2721824048,33629,1829.6789135093163
10163,1980,130943.048654253,45237,2894.600629003979
10163,1996,177651.562009454,56381,3150.9118676407656
10163,2000,225654.090691001,58943,3828.3441747281445
10163,2007,322907.709816075,59393,5436.7974309443025
10163,2010,380501.511,61631,6173.865603348964
10164,1970,557970.724511083,112721,4950.015742506569
10164,1980,1224759.38307839,153339,7987.266012419476
10164,1996,1353112.7477617285,191953,7049.187810358413
10164,2000,1832026.1678899268,204231,8970.362814116988
10164,2007,2294116.167908349,6857,334565.5779361746
10164,2010,2617412.376,211141,12396.514064061459
10165,1970,33123.8166803429,14104,2348.5406041082597
10165,1980,111838.324454401,13207,8468.109673233967
10165,1996,45037.8143137072,16449,2738.027497945601
10165,2000,51165.3508755243,18120,2823.694860680149
10165,2007,94127.1730893321,24720,3807.7335392124633
10165,2010,112045.51,24318,4607.513364585903
10166,1970,33599.0732702033,16924,1985.2914955213482
10166,1980,17807.0922739709,15440,1153.3090851017423
10166,1996,11374.4440111893,14425,788.5229817115633
10166,2000,45025.5062421162,14006,3214.7298473594315
10166,2007,59066.8816591763,14154,4173.1582350696835
10166,2010,65754.708,14924,4405.970785312249
10167,1970,23296.7958831575,11468,2031.4610989847836
10167,1980,71440.6193210896,13428,5320.272514230682
10167,1996,27378.6261113904,15169,1804.9064612954314
10167,2000,44948.5452219129,15542,2892.0695677462936
10167,2007,51510.9519930368,13882,3710.6290154903327
10167,2010,61854.675,13051,4739.458662171482
10168,1970,46647.4766821798,15970,2920.9440627539007
10168,1980,121818.525277941,19006,6409.477284959538
10168,1996,52442.2070787574,15805,3318.0770059321353
10168,2000,59599.447496338,17191,3466.898231419813
10168,2007,81672.5541261055,16272,5019.208095262137
10168,2010,271511.951,15193,17870.85835582176
10169,1970,11932.0387327284,10811,1103.6942681276848
10169,1980,30210.5824809075,7870,3838.7017129488563
10169,1996,23148.8288846124,7021,3297.084302038513
10169,2000,35943.6069614534,7728,4651.0878573309265
10169,2007,43997.3564429016,7049,6241.645118868151
10169,2010,60332.66,7110,8485.606188466947
10170,1970,27699.324069612,30879,897.0278852816477
10170,1980,82406.5398937761,42321,1947.1784668078758
10170,1996,83404.0295562782,53986,1544.9196005682622
10170,2000,158634.2165781012,56027,2831.3887336123867
10170,2007,196946.8711724784,58245,3381.352410893268
10170,2010,267214.319,58745,4548.715958805004
10171,1970,33661.0099044773,9915,3394.9581345917604
10171,1980,66607.502801349,10834,6148.006535106977
10171,1996,31554.2972088445,9059,3483.198720481786
10171,2000,34659.5688207862,8580,4039.576785639417
10171,2007,35362.2650031419,7673,4608.6621925116515
10171,2010,41166.452,7309,5632.296073334245
10172,1970,118521.647637737,19828,5977.488785441647
10172,1980,201724.845199926,24986,8073.514976383814
10172,1996,70240.4474591706,26142,2686.881166673192
10172,2000,107474.20231679,22511,4774.297113268624
10172,2007,109367.349800314,20343,5376.166239016566
10172,2010,150253.056,21081,7127.415966984489
10173,1970,71677.5799776824,63938,1121.0482025975539
10173,1980,276225.101602207,77678,3556.027467264953
10173,1996,208595.2680620556,74455,2801.6287430267357
10173,2000,399666.1426340114,76521,5222.9602675606875
10173,2007,528766.7300300115,75926,6964.237942602159
10173,2010,569504.613,73359,7763.254856254856
10174,1970,17089.35152663,5325,3209.2678923248827
10174,1980,61185.6120844674,8097,7556.578002280771
10174,1996,24340.8500226524,8075,3014.346752031257
10174,2000,25936.2814369447,8470,3062.1347623311335
10174,2007,38033.3745794168,8468,4491.423545042135
10174,2010,44131.443,7903,5584.138048842211
10175,1970,52403.9956823048,27814,1884.0869951213347
10175,1980,104712.269351924,25535,4100.735044132523
10175,1996,74898.7566616976,29468,2541.6979999218674
10175,2000,93288.7164618856,30850,3023.945428262094
10175,2007,122459.553609855,33687,3635.216956388369
10175,2010,117175.512,23089,5074.949629693793
10176,1970,5058.5887984113,3608,1402.0478931295177
10176,1980,28411.948058649,4524,6280.271454166445
10176,1996,5991.6462260901,4630,1294.092057470864
10176,2000,19317.9226531932,6370,3032.6409188686343
10176,2007,38235.4513840464,6605,5788.864706138744
10176,2010,44920.369,7598,5912.130692287444
10177,1970,24351.3714649434,34745,700.8597342047316
10177,1980,83745.0612221796,27675,3026.018472346146
10177,1996,68935.2152562959,23023,2994.189082929935
10177,2000,92094.3081565508,21334,4316.785795282216
10177,2007,122481.171246227,20636,5935.315528504894
10177,2010,128648.661,20216,6363.705035615354
10178,1970,55791.8272128913,8391,6649.008129292253
10178,1980,53534.6342839382,10877,4921.819829359032
10178,1996,45831.418849707,NA,NA
10178,2000,77526.5929522445,NA,NA
10178,2007,102146.62259623,NA,NA
10178,2010,115036.885,20725,5550.633775633293
10179,1970,23508.2219731108,12690,1852.4997614744525
10179,1980,66776.8740058864,11403,5856.079453291801
10179,1996,32561.5731585019,14387,2263.26358229665
10179,2000,35725.7290761748,14639,2440.4487380404944
10179,2007,42004.5078017999,11123,3776.364991620956
10179,2010,48071.181,10995,4372.094679399727
10180,1970,34518.8407479393,13786,2503.9054655403525
10180,1980,88810.8283324779,11063,8027.734640918186
10180,1996,27383.782809436,11251,2433.897681044885
10180,2000,113673.088324198,11126,10216.887320168795
10180,2007,213969.713106294,11520,18573.759818254686
10180,2010,162601.714,10495,15493.255264411624
10181,1970,253032.391140475,46112,5487.343666301072
10181,1980,288777.402537694,47418,6090.03759200502
10181,1996,271521.535330869,54279,5002.331202322611
10181,2000,377076.855150993,57931,6509.068635980615
10181,2007,607367.368666614,63243,9603.709006002468
10181,2010,826661.836,68273,12108.180920715364
10182,1970,13003.0573083271,16942,767.5042679923916
10182,1980,50932.7169635741,19689,2586.861545206669
10182,1996,43826.5660743139,24391,1796.8335072081466
10182,2000,70014.3693473698,27315,2563.220550883024
10182,2007,108632.900729949,30703,3538.185217403804
10182,2010,132001.626,32261,4091.678063296239
10183,1970,15688.95576856,9550,1642.8225935664923
10183,1980,54510.1856059617,10387,5247.92390545506
10183,1996,21505.6692309589,10322,2083.478902437406
10183,2000,33027.0479660283,10382,3181.183583705288
10183,2007,36143.6324447184,10106,3576.4528443220265
10183,2010,43451.846,10207,4257.063387871069
10184,1970,20652.7473057195,6882,3000.980428032476
10184,1980,30308.8158378047,7755,3908.293467157279
10184,1996,14975.1898081604,7362,2034.1197783428959
10184,2000,29925.9446070986,7861,3806.887750553187
10184,2007,32580.691583214,7564,4307.336274882866
10184,2010,35557.344,7678,4631.068507423808
10185,1970,47068.2156140779,20841,2258.44324236255
10185,1980,99075.1275258141,17126,5785.071092246531
10185,1996,51226.4266461276,15953,3211.0842252947787
10185,2000,65600.025461367,16923,3876.382760820599
10185,2007,77908.4464763971,17615,4422.846805358905
10185,2010,102367.119,18539,5521.717406548358
10186,1970,13410.2110146092,16879,794.4908474796612
10186,1980,30178.4301048247,17289,1745.5277983009255
10186,1996,35991.736659087095,20578,1749.0395888369665
10186,2000,64528.5308492162,21396,3015.915631389802
10186,2007,114013.22792778659,24483,4656.832411378777
10186,2010,140819.85,24170,5826.22465866777
10187,1970,40497.765856532,8698,4655.985957292711
10187,1980,45342.4499465104,9614,4716.293940764552
10187,1996,27657.0369711235,13778,2007.3332102717013
10187,2000,53888.6810933676,13585,3966.778144524667
10187,2007,66187.237468813,15764,4198.6321662530445
10187,2010,67003.61,12693,5278.78436933743
10188,1970,22722.6311483534,26033,872.8395170880575
10188,1980,54982.5248759327,30549,1799.8142288105241
10188,1996,60084.3486064474,34804,1726.3633090003275
10188,2000,98754.8677296864,35543,2778.4617992202798
10188,2007,123680.839951592,35749,3459.7006895743098
10188,2010,131206.196,36113,3633.2123058178495
10189,1970,37878.6218657913,19347,1957.8550610322684
10189,1980,105983.988071885,21860,4848.306865136551
10189,1996,48847.8605144011,18727,2608.418887937262
10189,2000,72851.0574682258,19799,3679.5321717372494
10189,2007,79573.7170489742,20165,3946.1302776580314
10189,2010,91888.799,19914,4614.281359847343
10190,1970,25386.6384046366,13310,1907.3357178539895
10190,1980,33284.7383115253,13697,2430.0750756753528
10190,1996,52079.2544317546,18580,2802.973866079365
10190,2000,55667.7511534979,17268,3223.7520936702513
10190,2007,74057.9834571343,17939,4128.322841693199
10190,2010,90313.268,18127,4982.2512274507635
10191,1970,54109.8829595011,15933,3396.0888068474924
10191,1980,141190.943985858,27594,5116.726244323331
10191,1996,82990.69148477609,38560,2152.248223152907
10191,2000,132209.2714910229,35372,3737.681541643755
10191,2007,170026.7209687241,32427,5243.36882748093
10191,2010,214383.737,36390,5891.281588348447
10192,1970,23722.5248193048,16522,1435.8143577838518
10192,1980,51869.6195315729,19676,2636.187209370446
10192,1996,57742.9855135345,26193,2204.519738614687
10192,2000,89674.6028435627,26103,3435.4136629338655
10192,2007,121179.69208010551,27554,4397.898384267457
10192,2010,129325.781,26914,4805.149030244483
10193,1970,9813.2731172831,13809,710.6432846175031
10193,1980,46281.2794887625,14278,3241.4399417819373
10193,1996,23012.2843534593,13589,1693.4494336197881
10193,2000,39124.4638074992,13520,2893.821287536923
10193,2007,49892.8529255865,14346,3477.8232905051236
10193,2010,52617.672,13651,3854.4921251190385
10194,1970,22816.1186807769,17538,1300.9532832008724
10194,1980,89323.4563995796,23004,3882.9532428960006
10194,1996,330529.664606944,37365,8845.969881090432
10194,2000,161630.145293969,27412,5896.328078723515
10194,2007,300413.580808948,29097,10324.555136575867
10194,2010,388382.211,30343,12799.730118973075
10195,1970,17706.4174087715,10147,1744.990382257958
10195,1980,26862.3977651543,10874,2470.332698653145
10195,1996,18534.2667564124,13539,1368.953892932447
10195,2000,43001.3311799446,13422,3203.79460437674
10195,2007,66852.6341384077,16207,4124.923436688326
10195,2010,72804.917,16467,4421.261735592397
10196,1970,9746.6553364258,6714,1451.6912922886206
10196,1980,12092.7812549228,6603,1831.4071262945329
10196,1996,14371.3903726106,8840,1625.7228928292534
10196,2000,61317.2774251744,10027,6115.216657542076
10196,2007,39242.9167731503,9758,4021.6147543708025
10196,2010,61026.519,10331,5907.126028458039
10197,1970,324445.410205934,100174,3238.8185577688223
10197,1980,637374.604482592,116867,5453.845863097299
10197,1996,584719.321461441,165345,3536.3592576820647
10197,2000,1054448.36471741,147202,7163.27471581507
10197,2007,1629529.52810838,145964,11163.91389731975
10197,2010,1675163.9,151895,11028.433457322493
10198,1970,27641.5868738538,28625,965.6449562918359
10198,1980,58264.4967962217,33436,1742.5677950778113
10198,1996,98335.4446598213,47142,2085.941297777381
10198,2000,141318.3527394283,51947,2720.4333790099195
10198,2007,226546.7134579083,51500,4398.9653098622975
10198,2010,230210.782,50272,4579.304225015914
10199,1970,18670.4960454177,8604,2169.9786198765346
10199,1980,27763.6798920775,9356,2967.4732676440253
10199,1996,26511.9641052334,13619,1946.6894856621925
10199,2000,38502.0326396736,13638,2823.1436163421026
10199,2007,47845.1324456529,13386,3574.2665804312637
10199,2010,56943.819,14118,4033.419677008075
10200,1970,41836.0065380091,13167,3177.3377791455227
10200,1980,54865.5655075873,16765,3272.625440357131
10200,1996,45366.3143342269,17141,2646.655057127758
10200,2000,52064.7351643935,21056,2472.6792916220315
10200,2007,57801.3867447923,16839,3432.5902217941857
10200,2010,62590.353,14115,4434.31477151966
10201,1970,197977.50407953,61648,3211.418117044024
10201,1980,765178.498744935,118175,6474.960852506325
10201,1996,1044964.9781763988,192969,5415.196110133746
10201,2000,1892602.1051722053,195892,9661.4568495508
10201,2007,2479705.172166996,21315,116336.15632967376
10201,2010,2387368.131,219965,10853.400000000001
10202,1970,33494.9531246571,8468,3955.4739164687176
10202,1980,12536.6135518411,12810,978.6583568962607
10202,1996,9478.0551376553,13111,722.908636843513
10202,2000,34092.9937635699,15339,2222.6347065369255
10202,2007,44124.144892756,14833,2974.728301271219
10202,2010,53405.446,15052,3548.0631145362745
10203,1970,11095.591073717,8159,1359.920464973281
10203,1980,15331.4129450335,8771,1747.966360167997
10203,1996,21858.9968101681,11253,1942.5039376315738
10203,2000,30587.2603687585,10486,2916.961698336687
10203,2007,30722.1836423315,8465,3629.318800039161
10203,2010,31022.782,8031,3862.8790935126385
10204,1970,6445.0553739385,4950,1302.0313886744445
10204,1980,13348.4145056669,4590,2908.1513084241615
10204,1996,10063.6128073121,4929,2041.7149132302902
10204,2000,23389.4838889329,4102,5701.970718901243
10204,2007,18746.0738446611,3526,5316.526898656012
10204,2010,20793.941,3901,5330.412971033068
10205,1970,63334.7426451747,14635,4327.621636158162
10205,1980,41830.6185619883,15743,2657.093219970038
10205,1996,40037.0187824973,19626,2039.998918908453
10205,2000,81813.8084840074,19601,4173.960945054201
10205,2007,114798.239232074,21104,5439.643633058852
10205,2010,126232.505,22201,5685.892752578713
10206,1970,-738.240843918,7092,-104.09487364890018
10206,1980,36030.892137179,4685,7690.692025011525
10206,1996,31034.6081427903,3758,8258.277845340686
10206,2000,36436.3498255814,3409,10688.280969663067
10206,2007,32220.6528870537,3469,9288.167450865869
10206,2010,34109.984,3733,9137.418698098043
10207,1970,11043.7016277848,6628,1666.21931620169
10207,1980,30159.4158550879,6897,4372.831064968523
10207,1996,28249.9656056675,4471,6318.489287780699
10207,2000,18942.7049466624,4352,4352.643599876471
10207,2007,28491.6802247969,4329,6581.584713512798
10207,2010,21921.261,3936,5569.42606707317
10208,1970,47402.819111716,21831,2171.3535390827724
10208,1980,62202.6737386206,25712,2419.2079083159847
10208,1996,81954.215855633,39185,2091.4690788728594
10208,2000,122883.34401245619,39783,3088.8405603513106
10208,2007,171040.8627648453,42812,3995.1617015053093
10208,2010,167257.99800000002,32918,5081.049820766754
10209,1970,6085.6518989892,6251,973.5485360725005
10209,1980,25631.0236452267,9358,2738.9424711719066
10209,1996,16970.4355226069,10218,1660.8372991394497
10209,2000,19560.3322587155,9523,2054.009477970755
10209,2007,27838.7149617853,11988,2322.2151286107187
10209,2010,29590.179,9560,3095.207008368201
10210,1970,38104.4498114965,10007,3807.7795354748177
10210,1980,232895.898602955,35431,6573.223973440066
10210,1996,666665.865963922,97219,6857.361893908825
10210,2000,1451989.48292234,113543,12788.014082086434
10210,2007,2662335.97122226,NA,NA
10210,2010,3156015.071,163449,19308.8674204186
10211,1970,7952.0062288181,5131,1549.7965754858897
10211,1980,11494.461998511,5639,2038.3865931035646
10211,1996,27527.5305376514,9689,2841.1116253123546
10211,2000,33978.3829752406,8910,3813.510996098833
10211,2007,57030.8850765325,9617,5930.2157717097325
10211,2010,52698.811,10368,5082.832851080247
10212,1970,9820.3324599414,11876,826.9057308808859
10212,1980,45127.5422152218,12162,3710.536278179724
10212,1996,27605.6970213918,13205,2090.5488088899506
10212,2000,40316.1202800396,12349,3264.7275309773745
10212,2007,52208.2485986449,12695,4112.50481281173
10212,2010,57332.287,12311,4656.9967508732025
10213,1970,31777.0010450816,25263,1257.8474862479359
10213,1980,68945.7316379802,29283,2354.4627134508146
10213,1996,93537.8685151182,35009,2671.8234886777173
10213,2000,171684.172965197,38025,4515.034134521947
10213,2007,214308.420207407,42146,5084.905334015256
10213,2010,294271.527,42693,6892.73480430047
10214,1970,12717.6483811759,8727,1457.2760835540164
10214,1980,18486.8462668836,9428,1960.8449583033093
10214,1996,15562.7164895234,10713,1452.6945290323345
10214,2000,32331.2631847308,11474,2817.784833948998
10214,2007,37695.1281820296,11207,3363.5342359266174
10214,2010,43733.119,11229,3894.65838454003
10215,1970,63959.2836248266,14381,4447.4851279345385
10215,1980,38402.9554983653,14099,2723.8070429367544
10215,1996,38179.3754738134,17136,2228.021444550269
10215,2000,41085.7033926602,14594,2815.2462239728793
10215,2007,65439.5343066398,16046,4078.2459370958372
10215,2010,78092.454,17093,4568.68039548353
10216,1970,27030.4886254256,26639,1014.6960706267354
10216,1980,68609.0278944483,31098,2206.2199464418386
10216,1996,77909.5304532061,38437,2026.9409801286806
10216,2000,106038.276099086,41806,2536.436781779792
10216,2007,140810.312015912,45958,3063.8912053595022
10216,2010,170675.433,47051,3627.4560158126287
10217,1970,4544.5200662334,7192,631.885437462931
10217,1980,10301.2920556028,8296,1241.7179430572326
10217,1996,12146.5719302115,7024,1729.2955481508397
10217,2000,16440.6478204331,8612,1909.039458944856
10217,2007,21657.8846640403,7779,2784.147662172554
10217,2010,28472.026,8073,3526.821008299269
10218,1970,9369946.93623319,1007195,9303.0117665727
10218,1980,23768344.7555769,1502013,15824.32692365306
10218,1996,35579724.83077309,2221500,16016.08140030299
10218,2000,27835778.513146542,2455143,11337.742246845313
10218,2007,34079964.9875553,15432,2208395.864927119
10218,2010,37027414.68,2693032,13749.34077277953
10219,1970,9742.0373119728,15311,636.2770107747892
10219,1980,31851.0115187335,19621,1623.3123448719994
10219,1996,30467.2730842471,28672,1062.614156119109
10219,2000,60944.1049692685,30731,1983.1474722354787
10219,2007,71056.9834340181,23596,3011.3995352609804
10219,2010,74139.28600000001,20690,3583.3391010149835
10220,1970,8806.4591704762,7944,1108.5673678847181
10220,1980,26087.5448490202,7345,3551.7419808060176
10220,1996,17739.9073963765,7402,2396.6370435526205
10220,2000,26808.1361106145,7326,3659.314238413118
10220,2007,38758.2488594334,8324,4656.204812522033
10220,2010,57172.686,8782,6510.212480072877
10221,1970,43823.2759141031,30301,1446.265004920732
10221,1980,85683.5574516174,34481,2484.9498985417304
10221,1996,50579.6187953675,32771,1543.4261632347961
10221,2000,93153.2739155358,33718,2762.716469409093
10221,2007,111058.777966035,33738,3291.800876342255
10221,2010,122913.06400000001,33112,3712.039864701619
10222,1970,10524.6085304227,6809,1545.690781380922
10222,1980,12684.0227035055,6233,2034.9787748284132
10222,1996,11518.014872581,7550,1525.5648837855629
10222,2000,20526.5280679982,8426,2436.094002848113
10222,2007,26141.8659332674,7620,3430.6910673579264
10222,2010,32046.447,8468,3784.4174539442606
10223,1970,13410.6897717194,14566,920.6844550130029
10223,1980,23342.1037511948,16633,1403.3610143206156
10223,1996,18934.3667230372,15510,1220.7844437806061
10223,2000,38362.4544430536,16807,2282.528377643458
10223,2007,50650.2523823874,14262,3551.413012367648
10223,2010,59438.727,14387,4131.419128379787
10224,1970,34596.4681880853,20627,1677.2418765736802
10224,1980,58787.7715963601,26362,2230.0194065837227
10224,1996,46066.2615090593,33686,1367.5194890773407
10224,2000,89618.6812668738,35072,2555.27718028267
10224,2007,123482.1412190629,37829,3264.219017660073
10224,2010,149534.452,38842,3849.8133978682863
10225,1970,85243.8164799618,41038,2077.19227252697
10225,1980,160136.846119834,41248,3882.29359289745
10225,1996,63502.8338078351,35936,1767.109133120968
10225,2000,110306.172365012,41418,2663.242367207784
10225,2007,472731.757310686,42079,11234.38668482345
10225,2010,197166.068,42815,4605.069905406984
10226,1970,24512.1400157488,11875,2064.1802118525306
10226,1980,105778.771999536,14298,7398.151629566093
10226,1996,47030.742084103,17880,2630.3547026903248
10226,2000,56599.6517668716,19621,2884.646642213526
10226,2007,66448.6602542285,17029,3902.088217407276
10226,2010,92970.326,19101,4867.301502539134
10227,1970,29809.8502449012,7502,3973.587076099867
10227,1980,18802.965864991,10142,1853.9702095238613
10227,1996,18279.3780720931,13421,1361.998217129357
10227,2000,30324.2424928667,10775,2814.3148485259117
10227,2007,39698.9084112659,10716,3704.6387095246264
10227,2010,46865.713,10500,4463.401238095239
10228,1970,18190.9747181089,10567,1721.4890430688843
10228,1980,89690.4870522612,19227,4664.819631365331
10228,1996,36367.7877967783,16508,2203.0402106117217
10228,2000,39934.2543802524,16093,2481.467369679513
10228,2007,52752.1182068158,16061,3284.4852877663784
10228,2010,63170.279,14640,4314.909767759563
10229,1970,57140.6930407611,27188,2101.6879888465905
10229,1980,175831.265365563,32661,5383.523632637182
10229,1996,92072.3811250915,32452,2837.186648745578
10229,2000,287639.846769925,32568,8831.977609000398
10229,2007,373657.524830051,37201,10044.287111369345
10229,2010,351972.382,40183,8759.236045093696
10230,1970,41274.2509492349,29387,1404.5071272751522
10230,1980,64846.7882641529,33116,1958.1709223382322
10230,1996,59813.3773118993,38448,1555.6954148954248
10230,2000,157120.1735252712,38885,4040.6370972166956
10230,2007,158588.9536001828,41747,3798.810779222047
10230,2010,224477.704,41791,5371.436529396282
10231,1970,14444.1975608906,29336,492.37106493354923
10231,1980,168713.734684062,27460,6143.981598108594
10231,1996,122573.17291846,24043,5098.081475625338
10231,2000,132193.539314858,21235,6225.266744283401
10231,2007,163239.056532702,21866,7465.428360591877
10231,2010,162854.096,21560,7553.529499072356
10232,1970,20077.2674843649,23009,872.5832276224478
10232,1980,65329.5345401957,23395,2792.4571293094978
10232,1996,60787.2999385208,32148,1890.8579052669156
10232,2000,83683.792869101,28267,2960.476628899459
10232,2007,104444.296363874,27213,3838.0294845799435
10232,2010,119080.047,26475,4497.829915014165
10233,1970,16431.5515691362,8864,1853.7400235938856
10233,1980,28062.2253851221,9020,3111.1114617651997
10233,1996,16801.6213030236,12072,1391.7844021722663
10233,2000,32848.6145224372,12067,2722.185673525914
10233,2007,46960.3446116181,11771,3989.4949122095063
10233,2010,51744.311,10306,5020.794779739957
10234,1970,10287.7748291981,10678,963.4552190670632
10234,1980,33050.2042165577,13416,2463.4916679008425
10234,1996,34684.1367957653,17031,2036.5296691776934
10234,2000,56503.5701365216,14261,3962.104350082154
10234,2007,62239.5039455654,17474,3561.8349516747967
10234,2010,68599.689,16279,4213.99895570981
10235,1970,34499.0885424748,36130,954.859909838771
10235,1980,73990.8604183701,42178,1754.2524638050666
10235,1996,81891.1860569719,52551,1558.318320431046
10235,2000,131058.813499613,56139,2334.5412903616557
10235,2007,163173.040473246,52249,3122.9887743927347
10235,2010,187622.942,52338,3584.8320914058622
10236,1970,6588.9812733597,6468,1018.70458771795
10236,1980,13184.0989790809,7194,1832.652068262566
10236,1996,10691.2701824403,8496,1258.3886749576623
10236,2000,17501.8033069084,8597,2035.8035718167268
10236,2007,29005.7977382264,8586,3378.2666827657117
10236,2010,35560.383,8280,4294.732246376812
10237,1970,9817.417612865,8595,1142.224271421175
10237,1980,20041.2940820186,10714,1870.5706628727462
10237,1996,19406.9600368153,12546,1546.8643421660531
10237,2000,41027.5469394607,12598,3256.6714509811636
10237,2007,48291.8960868841,13905,3472.987852346933
10237,2010,50466.837,12477,4044.7893724452993
10238,1970,7914.8994795601,6759,1171.0163455481727
10238,1980,14021.4242130992,6545,2142.3108041404435
10238,1996,39510.5165060983,13037,3030.644819061003
10238,2000,94378.1848990646,12959,7282.829300028135
10238,2007,219756.291127879,14131,15551.361625354115
10238,2010,222006.393,10545,21053.237837837838
10239,1970,23027.8421128783,16766,1373.4845588022367
10239,1980,127193.255645745,15144,8398.920737304874
10239,1996,849254.36627316,23202,36602.636250028445
10239,2000,923229.493425518,28062,32899.63272131416
10239,2007,1277577.7251897,33143,38547.43762452705
10239,2010,994884.235,36026,27615.728501637706
10240,1970,17894.9313070097,20708,864.1554619958326
10240,1980,73676.4013945049,19594,3760.1511378230525
10240,1996,38798.9041142244,21556,1799.9120483496197
10240,2000,64402.9262744153,21273,3027.4491738078927
10240,2007,83653.0156590591,23822,3511.5865863092567
10240,2010,112303.471,24395,4603.54461979914
10241,1970,10152.7147208487,6007,1690.1472816461962
10241,1980,19223.0137852516,6049,3177.8829203590017
10241,1996,15900.6276389423,6757,2353.2081750691577
10241,2000,25709.5182244479,6941,3704.0078121953466
10241,2007,26570.0609361376,6990,3801.1532097478685
10241,2010,30963.657,7317,4231.742107421074
10242,1970,44274.3286587632,15009,2949.851999384583
10242,1980,60385.5640824241,17324,3485.6594367596454
10242,1996,49243.8050668008,19765,2491.4649666987507
10242,2000,71727.0410006235,20462,3505.377822335231
10242,2007,92611.2679805202,21181,4372.374674496965
10242,2010,112509.993,21449,5245.4656627348595
10243,1970,72883.9555526469,21780,3346.3707783584437
10243,1980,116633.912589994,23596,4942.952728852093
10243,1996,102991.395444832,25106,4102.26222595523
10243,2000,99308.6904460858,26365,3766.686533134299
10243,2007,135369.932593665,26506,5107.143008891006
10243,2010,156743.763,27274,5747.0031165212295
10244,1970,34218.1860286865,6878,4975.019777360642
10244,1980,83392.4240617458,7627,10933.843458993812
10244,1996,59649.9378027791,16721,3567.366652878363
10244,2000,66993.861504787,11213,5974.65990411014
10244,2007,56325.3616186753,12531,4494.881623068813
10244,2010,83243.89,12530,6643.566640063847
10245,1970,19830.7473807485,22830,868.6266921046212
10245,1980,57185.6719777282,27259,2097.863897345031
10245,1996,63659.515533516795,34194,1861.71595992036
10245,2000,88646.8689194512,36413,2434.4840831420424
10245,2007,130035.67197141441,39358,3303.9197106411507
10245,2010,147808.74599999998,36973,3997.74824872204
10246,1970,19735.7907384899,15925,1239.2961217262105
10246,1980,32047.1634010258,13670,2344.342604317908
10246,1996,39172.3732554422,13826,2833.239784134399
10246,2000,49639.2101426735,15431,3216.8498569550584
10246,2007,66144.5995921102,18829,3512.9109135965905
10246,2010,69694.123,16713,4170.054628133789
10247,1970,4937.8470640287,5841,845.3770012033384
10247,1980,20147.3989476658,7018,2870.817746888829
10247,1996,5422.1936418271,6476,837.2751145502008
10247,2000,15930.2087977526,6592,2416.5972083969355
10247,2007,24781.1673533175,7423,3338.430197132898
10247,2010,26865.354,7435,3613.363012777404
10248,1970,31755.1207629137,18234,1741.5334409846275
10248,1980,43075.3280663561,22839,1886.0426492559263
10248,1996,60692.5526727787,23445,2588.7205234710473
10248,2000,63479.6265494311,24405,2601.0910284544602
10248,2007,87701.5230596799,25697,3412.9090189391713
10248,2010,95703.799,24136,3965.18888796818
10249,1970,34834.7976356058,17073,2040.3442649567035
10249,1980,58141.069948595,18591,3127.377222774192
10249,1996,95925.7965796883,27323,3510.807619210493
10249,2000,182245.438593558,32076,5681.675975606622
10249,2007,243028.922100661,34623,7019.2912832701095
10249,2010,348765.543,38556,9045.687908496733
10250,1970,10842.8294715394,12813,846.2365934238196
10250,1980,39620.4444889597,16572,2390.806449973431
10250,1996,58260.0233966502,22637,2573.663621356637
10250,2000,61305.7260483006,23909,2564.127569045155
10250,2007,89546.5933866656,23791,3763.8852249449624
10250,2010,104098.393,24943,4173.451188710259
10251,1970,17160.0377226136,16331,1050.7646636833997
10251,1980,38025.0171467099,18343,2072.9988086305348
10251,1996,38763.0567092605,21287,1820.9732094358294
10251,2000,62051.5269144164,21670,2863.476092035828
10251,2007,78222.8704410101,22609,3459.8111566637226
10251,2010,84320.423,21831,3862.4168842471713
10252,1970,8456.4905561682,6885,1228.248446792767
10252,1980,14529.7429063972,6343,2290.6736412418727
10252,1996,12524.5664767969,7440,1683.4094726877554
10252,2000,25165.3393388096,7525,3344.2311413700463
10252,2007,27484.9906911436,7802,3522.8134697697515
10252,2010,31889.064,8298,3842.981923355025
10253,1970,10474.241855161,13574,771.6400364786357
10253,1980,52514.1300165336,15724,3339.7437049436276
10253,1996,33538.1631357464,20652,1623.9668378726708
10253,2000,53002.0581751193,20099,2637.0495136633317
10253,2007,69997.7344398496,21107,3316.327968913138
10253,2010,87316.238,20775,4202.947677496992
10254,1970,11683.2053325694,6387,1829.2164290855485
10254,1980,23449.3468727186,6621,3541.662418474339
10254,1996,21469.1101258603,10087,2128.39398491725
10254,2000,19329.7404092874,7518,2571.1280140047083
10254,2007,33280.1512181288,8040,4139.32229081204
10254,2010,37976.568,8410,4515.644233055886
10255,1970,21647.3523698927,20599,1050.8933622939317
10255,1980,49218.5202357208,21997,2237.5105803391734
10255,1996,37035.7282096022,24310,1523.477096240321
10255,2000,70712.197121841207,18921,3737.2336093145823
10255,2007,83504.8918171487,20055,4163.794156925888
10255,2010,95967.542,21001,4569.665349269083
10256,1970,21027.9408415598,18409,1142.2641556608073
10256,1980,32124.1049754251,20635,1556.777561203058
10256,1996,26281.405446398,24111,1090.0172305751732
10256,2000,85265.36756922,27679,3080.507517223166
10256,2007,93411.604012044,28671,3258.0518297947056
10256,2010,121752.724,29504,4126.6514370932755
10257,1970,30331.0822796028,15135,2004.0358295079486
10257,1980,100141.396426279,18776,5333.478718911323
10257,1996,36998.9635926671,13868,2667.937957359901
10257,2000,36368.247043184,13048,2787.2660210901286
10257,2007,41685.2337913687,12155,3429.472134213797
10257,2010,44676.353,10852,4116.8773497972725
10258,1970,77426.2152685596,46126,1678.5807411993148
10258,1980,258889.208897023,71137,3639.304565795901
10258,1996,406695.440925708,93609,4344.619010198891
10258,2000,1944290.44198318,96499,20148.29627232593
10258,2007,2578914.55284504,101952,25295.379716386535
10258,2010,2111521.107,108396,19479.69580980848
10259,1970,12540.453258962,7589,1652.4513452315193
10259,1980,17367.1511442311,7617,2280.0513514810423
10259,1996,10410.4978824706,7055,1475.619827423189
10259,2000,17156.0498511019,6978,2458.591265563471
10259,2007,25632.2883766098,7238,3541.34959610525
10259,2010,26588.164,6876,3866.806864456079
10260,1970,9414.8811835579,9073,1037.681162080668
10260,1980,10885.9122373996,10097,1078.133330434743
10260,1996,19685.7934900906,15167,1297.9358798767455
10260,2000,37513.4113119497,17610,2130.2334646195172
10260,2007,48338.4170378485,17092,2828.131116185847
10260,2010,67257.69,16995,3957.4986760812008
10261,1970,10971.5030779938,15169,723.2845327967434
10261,1980,31467.0889632009,16764,1877.06328818903
10261,1996,39626.9934631901,17911,2212.4389181614706
10261,2000,50158.5593245334,18977,2643.123745825652
10261,2007,62549.3107475623,18085,3458.629292096339
10261,2010,65997.461,17982,3670.195806918029
10262,1970,14082.4447727048,24803,567.7718329518525
10262,1980,43970.7098930537,27912,1575.3335444630875
10262,1996,45217.5664156213,31433,1438.53804649958
10262,2000,107624.194134969,30713,3504.190217008075
10262,2007,106951.853586097,32844,3256.3589570727377
10262,2010,111569.025,32860,3395.283779671333
10263,1970,14001.301462499,12839,1090.5289712983097
10263,1980,25916.4005708926,13126,1974.4324676895171
10263,1996,24795.8921893197,14876,1666.8386790346665
10263,2000,36575.1875782665,15494,2360.6033031022653
10263,2007,46434.3804309499,15306,3033.737124719058
10263,2010,58926.868,15628,3770.595597645252
10264,1970,8940.0017270657,8011,1115.9657629591438
10264,1980,18961.8450522093,10031,1890.3244992731832
10264,1996,17014.4044189676,14645,1161.7893082258518
10264,2000,38432.388018229,16128,2382.9605666064613
10264,2007,39932.4788719746,13515,2954.6784218997113
10264,2010,42906.448,12783,3356.524133614957
10265,1970,22590.6743209129,15144,1491.724400482891
10265,1980,71230.8071803625,16301,4369.720089587296
10265,1996,39125.8892501254,19482,2008.3096833038394
10265,2000,54532.623511971,19037,2864.55972642596
10265,2007,78550.0029938436,24189,3247.343957742925
10265,2010,92662.139,22399,4136.887316398053
10266,1970,20892.4452868373,8791,2376.5720949649985
10266,1980,24252.5150331471,9124,2658.1011654041104
10266,1996,13948.5207874234,7809,1786.2108832658982
10266,2000,19697.3324462697,7963,2473.606988103692
10266,2007,31464.2950763145,8472,3713.9158494233357
10266,2010,35230.821,8822,3993.5185898889144
10267,1970,52193.7544405646,19719,2646.8763345283533
10267,1980,55569.8339338416,22359,2485.345227149765
10267,1996,53904.3604695725,23677,2276.655001460172
10267,2000,73210.4459281983,21707,3372.6653120282995
10267,2007,108916.037342624,21486,5069.163052342176
10267,2010,116029.923,24481,4739.590825538173
10268,1970,81331.2258120869,12070,6738.295427679113
10268,1980,278075.840087508,16112,17258.927512879098
10268,1996,193360.26775388,23544,8212.719493453958
10268,2000,665855.107381327,26203,25411.407372488913
10268,2007,1035136.01681753,30221,34252.20928551438
10268,2010,1009945.24,33066,30543.3145829553
10269,1970,36402.7224340182,13622,2672.347851564983
10269,1980,61913.1590013635,11023,5616.724938888097
10269,1996,26048.4821189663,14660,1776.8405265324898
10269,2000,30715.639350864,14579,2106.8413026177377
10269,2007,41071.5574433597,10350,3968.26641964828
10269,2010,48706.89,9810,4965.024464831804
10270,1970,39996.2124498736,31210,1281.5191428988658
10270,1980,123071.596200553,26433,4655.982907749896
10270,1996,86535.028143028,31563,2741.660429712892
10270,2000,255239.7697057253,33948,7518.551010537449
10270,2007,321850.7352301363,32603,9871.813490480517
10270,2010,387090.33499999996,34427,11243.800941121792
10271,1970,35889.2277005103,11286,3179.9776449149654
10271,1980,27291.2795801176,13144,2076.329852413086
10271,1996,43717.1170149638,12858,3399.9935460385595
10271,2000,42286.6583059555,13730,3079.8731468285137
10271,2007,50060.1693809592,13822,3621.7746622022282
10271,2010,56331.628,13750,4096.845672727272
10272,1970,181233.170149081,48038,3772.704320518777
10272,1980,435098.637086501,66277,6564.851111041553
10272,1996,273818.4325679445,92589,2957.353817061903
10272,2000,456869.26072268223,97151,4702.671724662456
10272,2007,609115.5735038796,107615,5660.136351845742
10272,2010,747749.97,112519,6645.5440414507775
10273,1970,5887.0944130131,16001,367.92040578795707
10273,1980,36261.8280826868,19621,1848.1131482945211
10273,1996,46857.6170521989,23944,1956.96696676407
10273,2000,58511.2612913389,26376,2218.3523389194306
10273,2007,122995.250789569,27068,4543.935672734188
10273,2010,110001.916,27228,4040.0292346114293
10274,1970,24219.8116677902,23588,1026.785300482881
10274,1980,69714.8737243233,28934,2409.444726768622
10274,1996,67540.036752922,34078,1981.924900314631
10274,2000,172027.109122129,36257,4744.659214003614
10274,2007,165152.181912831,38004,4345.652613220476
10274,2010,171670.313,38957,4406.661524244681
10275,1970,7984.7253971361,9019,885.3226962120079
10275,1980,28012.0625780029,10402,2692.9496806386173
10275,1996,20058.6261621282,11588,1730.9825821650156
10275,2000,43360.4374585395,10891,3981.309104631301
10275,2007,54862.3336534424,11938,4595.605097457062
10275,2010,62598.97,12055,5192.780588967234
10276,1970,16190.9131645835,14693,1101.9474011150548
10276,1980,45295.3063693412,18292,2476.2358609961293
10276,1996,44045.0908888046,21252,2072.515099228525
10276,2000,210990.37060968,21917,9626.790646971756
10276,2007,275251.807628848,22528,12218.20879034304
10276,2010,270154.077,21937,12314.996444363403
10277,1970,12269.3300324771,12749,962.3758751648835
10277,1980,26345.6524178041,13628,1933.2002067657836
10277,1996,39438.9802365969,13271,2971.816761102924
10277,2000,45601.6303171508,13935,3272.4528394080226
10277,2007,62217.2749907883,13447,4626.851713451945
10277,2010,61732.208,13007,4746.0758053355885
10278,1970,8650.6104053964,8838,978.7972850640871
10278,1980,22793.4277207931,11821,1928.2148482186872
10278,1996,21401.2173062987,13821,1548.4565014325085
10278,2000,36835.1150037108,14637,2516.575459705595
10278,2007,54676.8649649993,15096,3621.9438901032922
10278,2010,58699.938,14815,3962.196287546406
10279,1970,7575.8370562492,10801,701.401449518489
10279,1980,20280.5840791791,10637,1906.6075095590018
10279,1996,18135.4717122384,10934,1658.6310327637095
10279,2000,31525.5518259723,12010,2624.9418672749625
10279,2007,41493.7354530619,11385,3644.5968777392973
10279,2010,45164.427,11918,3789.5978352072498
10280,1970,21652.7690005494,15873,1364.1258111604234
10280,1980,14921.1086502057,19061,782.8082813181733
10280,1996,66014.9107629479,30274,2180.581051824929
10280,2000,128432.11798762,33260,3861.4587488761276
10280,2007,176592.041433183,36169,4882.414261748541
10280,2010,229852.705,37164,6184.821467011086
10281,1970,2117.9758301823,4002,529.229342874138
10281,1980,10491.7385331763,4486,2338.7736364637317
10281,1996,13085.0017557842,5395,2425.3942086717702
10281,2000,16349.9208639046,6260,2611.8084447131946
10281,2007,28991.1969739886,7023,4128.036020787214
10281,2010,36464.125,7775,4689.91961414791
10282,1970,50296.562182771,30948,1625.1958828606373
10282,1980,88565.4152976414,31458,2815.3542913612246
10282,1996,69605.4806483357,28804,2416.5213389923515
10282,2000,100399.612681722,29026,3458.9544781134846
10282,2007,124135.939292656,29358,4228.351362240479
10282,2010,143275.376,29887,4793.902900926824
10283,1970,10730.4489789002,6366,1685.587335673924
10283,1980,17349.373671201,7765,2234.3044006698
10283,1996,10725.7413039102,9817,1092.5681271172657
10283,2000,40234.0980546476,10377,3877.2379353038064
10283,2007,63027.3187079661,13090,4814.921215276249
10283,2010,72158.119,13456,5362.5237068965525
10284,1970,22853.3468041086,14789,1545.2935833463116
10284,1980,83937.561244039,15181,5529.119375801264
10284,1996,41834.7539598369,17289,2419.732428702464
10284,2000,61928.8051045692,17933,3453.3432835871968
10284,2007,71429.2535609685,19440,3674.3443189798613
10284,2010,87057.539,19064,4566.593527066723
10285,1970,3825.2260436905,6599,579.6675320034096
10285,1980,12860.6077305501,9271,1387.1866821863985
10285,1996,26830.2984900282,17089,1570.0332664303469
10285,2000,35499.6905054557,17354,2045.6200590904516
10285,2007,68784.9761797215,15483,4442.61294191833
10285,2010,59599.433,15060,3957.46567065073
10286,1970,15717.701867003,8238,1907.9511856036659
10286,1980,31700.5177413535,6975,4544.877095534552
10286,1996,17929.0176018872,7071,2535.5703014972705
10286,2000,21004.0128206762,7025,2989.895063441452
10286,2007,25039.8284477165,6386,3921.0504929089416
10286,2010,29124.989,6673,4364.601978120786
10287,1970,18654.0230774491,5836,3196.371329240764
10287,1980,20602.406466194,8451,2437.866106519228
10287,1996,19693.2639852834,10812,1821.4265617169256
10287,2000,28033.3134733637,11027,2542.242992052571
10287,2007,36853.5553700245,10564,3488.5985772457875
10287,2010,41647.952,10363,4018.908810190099
10288,1970,31802.3580461716,16312,1949.6296006726093
10288,1980,74157.7790993156,23119,3207.6551364382367
10288,1996,494056.74086873,30895,15991.478908196472
10288,2000,104606.471986946,30955,3379.307768920885
10288,2007,124480.196354863,33633,3701.1327076045254
10288,2010,147193.263,33838,4349.939801406703
10289,1970,46531.755528806,31216,1490.637991056061
10289,1980,73685.1352119534,38759,1901.1103282322401
10289,1996,85192.0186666385,42095,2023.8037454956288
10289,2000,129245.177349451,41261,3132.3811189610287
10289,2007,185247.202595422,40571,4566.000409046412
10289,2010,224800.358,40309,5576.927187476742
10290,1970,24638.2744603313,19118,1288.7474872021812
10290,1980,48009.1587870942,21898,2192.399250483798
10290,1996,79918.9066559026,23859,3349.633541049608
10290,2000,130123.86306991,24139,5390.607028870707
10290,2007,123301.744068614,25947,4752.06166680595
10290,2010,132712.233,24750,5362.110424242424
10291,1970,9101.5071760754,10598,858.794789212625
10291,1980,17594.0457063646,9851,1786.0162121982132
10291,1996,12413.3261901119,8721,1423.3833493993693
10291,2000,19150.6771368615,8644,2215.487868679026
10291,2007,27588.0718841553,9199,2999.029447130699
10291,2010,33183.527,8776,3781.1676162260715
10292,1970,187896.865786724,46411,4048.5416342402445
10292,1980,423993.405816318,57937,7318.18019255947
10292,1996,-86574.6833367286,65610,-1319.5348778650905
10292,2000,312801.9286069117,68607,4559.329639933413
10292,2007,353253.7098811255,69079,5113.7640944588875
10292,2010,449140.216,69001,6509.184156751352
10293,1970,155794.530552192,39726,3921.72709440145
10293,1980,257887.082190121,51582,4999.555701409814
10293,1996,332201.304588213,71932,4618.268706392329
10293,2000,556390.501469637,77368,7191.4809930415295
10293,2007,817965.659500424,84256,9708.099832657901
10293,2010,988319.064,90985,10862.439566961588
10294,1970,45221.2961323994,25410,1779.6653338213066
10294,1980,101365.942160354,30863,3284.383960093121
10294,1996,77322.1459190714,39311,1966.9340876363203
10294,2000,121686.138725306,41145,2957.4951689222507
10294,2007,227725.447988474,44532,5113.748495205111
10294,2010,306816.132,47880,6408.0228070175435
10295,1970,12008.4433292886,12790,938.8931453704927
10295,1980,-47150.6145004581,14926,-3158.958495273891
10295,1996,265069.276682081,18693,14180.135702245814
10295,2000,532153.493714137,19006,27999.23675229596
10295,2007,1088469.51781311,25158,43265.34374008705
10295,2010,854055.454,27659,30878.030803716694
10296,1970,31560.2625148455,16993,1857.2507806064555
10296,1980,96360.9043976622,21791,4422.0505895857095
10296,1996,70766.1882803182,26137,2707.509977438811
10296,2000,122619.65567361111,27763,4416.657265915467
10296,2007,150519.0507069457,30330,4962.71185977401
10296,2010,170339.59,33786,5041.7211270940625
10297,1970,24713.1140681318,13253,1864.7184839758393
10297,1980,59766.6980069248,15241,3921.4420318171246
10297,1996,37080.733557636,13185,2812.3423251904437
10297,2000,45595.5961505721,13699,3328.388652498146
10297,2007,86292.3050365039,15302,5639.282775879225
10297,2010,72963.117,14098,5175.423251525039
10298,1970,36622.46918859,19205,1906.9236755318927
10298,1980,58538.8459910966,18680,3133.7711986668414
10298,1996,53440.2307951922,20149,2652.252260419485
10298,2000,54865.9451850055,20228,2712.376170901992
10298,2007,86001.8933551017,20265,4243.863476688956
10298,2010,91891.473,20305,4525.558877123861
10299,1970,1542180.17087643,20738,74364.94217747275
10299,1980,2791593.26581405,17838,156496.9876563544
10299,1996,1897768.52161378,24213,78378.08291470614
10299,2000,7339222.38983493,26282,279249.00653812225
10299,2007,9041829.33619344,29829,303122.1072175883
10299,2010,9848258.995,33183,296786.275954555
10300,1970,41946.0781271503,21858,1919.0263577248743
10300,1980,68409.4463500667,21715,3150.331399957021
10300,1996,80249.9022312366,26152,3068.5952214452664
10300,2000,89640.6146609925,27000,3320.0227652219446
10300,2007,209536.342166434,29205,7174.673588989352
10300,2010,260636.062,33283,7830.906528858576
10301,1970,33689.3922305616,10441,3226.6442132517573
10301,1980,59218.0822230388,9772,6059.975667523414
10301,1996,29744.3003873879,10055,2958.1601578705017
10301,2000,39495.6609937618,10020,3941.682733908363
10301,2007,126300.729145764,10270,12298.02620698773
10301,2010,76088.122,10414,7306.330132513925
10302,1970,94931.8906097368,24871,3816.971195759592
10302,1980,257814.392336068,32312,7978.90543253491
10302,1996,103334.709091078,38422,2689.4672086585288
10302,2000,164008.360914644,39960,4104.313336202302
10302,2007,369050.606543491,40321,9152.813832580816
10302,2010,402517.112,42153,9548.955281949091
10303,1970,33695.2971799097,12629,2668.089094933067
10303,1980,31103.4454879923,12937,2404.2239690803353
10303,1996,26316.9945772571,15291,1721.0774035221439
10303,2000,47342.1544010999,16450,2877.9425167841882
10303,2007,81401.0717988937,16518,4928.022266551258
10303,2010,84154.913,16585,5074.1581549593
10304,1970,15980.507691142,10649,1500.6580609580242
10304,1980,37790.7173066133,12592,3001.168782291399
10304,1996,23024.8741486375,15380,1497.0659394432705
10304,2000,38168.8509286023,17251,2212.5587460786214
10304,2007,89075.2327228791,18104,4920.196239664112
10304,2010,83077.994,18964,4380.826513393799
10305,1970,12538.681340789,7873,1592.617977999365
10305,1980,17323.6429256518,8476,2043.8464990150776
10305,1996,23606.9262358808,17380,1358.2811413049942
10305,2000,37038.0891973497,11488,3224.0676529726406
10305,2007,42738.5265445089,11866,3601.7635719289487
10305,2010,49232.492,11845,4156.394428028704
10306,1970,24140.6750530857,21881,1103.271105209346
10306,1980,77186.5127996653,23238,3321.564368692026
10306,1996,86293.0854189501,40794,2115.337682476592
10306,2000,147108.949382849,39422,3731.6460195537775
10306,2007,223416.567042516,40543,5510.607676849665
10306,2010,241733.179,41798,5783.367122828843
10307,1970,5590.5163687529,5859,954.1758608555897
10307,1980,32873.5547096064,6404,5133.2846204881935
10307,1996,19413.6724593287,8286,2342.948643414036
10307,2000,33955.2215277666,9283,3657.785363327221
10307,2007,47590.4468193946,10712,4442.72281734453
10307,2010,47915.532,10371,4620.145791148395
10308,1970,38763.1756513384,22419,1729.0323230892725
10308,1980,70840.9829214874,31674,2236.565729667469
10308,1996,51567.2699484323,30486,1691.5065914987963
10308,2000,114155.875829324,32461,3516.708537300884
10308,2007,173903.831395256,36517,4762.270487588137
10308,2010,164151.083,37425,4386.13448229793
10309,1970,14071.6156928391,14885,945.3554378796842
10309,1980,49840.040702847,16641,2995.01476490878
10309,1996,22606.5253414902,18828,1200.6864957239325
10309,2000,57711.8572507328,18347,3145.574603517349
10309,2007,70806.9795195244,17422,4064.227960023212
10309,2010,85252.915,18112,4706.985147968197
10310,1970,27765.1584684329,19233,1443.6207803479904
10310,1980,38801.0436695645,19568,1982.8824442745552
10310,1996,25228.9458653379,16751,1506.1158059422064
10310,2000,43683.686385119,17726,2464.3848801263116
10310,2007,50495.2407666401,15149,3333.2392083068253
10310,2010,58964.352,15401,3828.605415232777
10311,1970,17552.8118015397,19812,885.9686958176711
10311,1980,45641.6137990749,22361,2041.1257903973392
10311,1996,16362.6687366754,12536,1305.2543663589183
10311,2000,31640.8217899996,12616,2507.9915813252696
10311,2007,44547.6113540874,12120,3675.5454912613363
10311,2010,52900.271,12344,4285.504779650032
10312,1970,502668.302649628,22019,22828.843392053594
10312,1980,3248633.22762833,43571,74559.52876060522
10312,1996,1706764.03671413,78229,21817.536165796955
10312,2000,3844384.5078799,94066,40869.01226670529
10312,2007,3040067.40291,109269,27821.865331521294
10312,2010,3690063.261,118047,31259.271823934534
10313,1970,6350.1791832031,9150,694.0086539019782
10313,1980,27397.5422121111,12279,2231.251910750965
10313,1996,16168.5884541821,18686,865.278200480686
10313,2000,35336.020791541,14795,2388.3758561366003
10313,2007,61810.5406812621,18013,3431.4406640349803
10313,2010,59601.571,15899,3748.762249198063
10314,1970,6282.3541292679,8017,783.6290544178496
10314,1980,15257.808146133,10669,1430.106677864186
10314,1996,17311.1550147685,11742,1474.2935628315877
10314,2000,38298.2593083733,12619,3034.967850730906
10314,2007,40750.5697163215,12281,3318.1800925267894
10314,2010,51393.363,11431,4495.9638701775875
10315,1970,20392.4754543857,14132,1442.9999613915725
10315,1980,35721.6379597868,13987,2553.917062971817
10315,1996,37351.66458126,20270,1842.706688764677
10315,2000,63237.0972990046,20559,3075.883909674819
10315,2007,74048.6352216401,19591,3779.727181952943
10315,2010,92824.751,20013,4638.222705241593
10316,1970,15364.5515527058,7355,2088.9940928219985
10316,1980,35713.2460992784,9827,3634.1962042615655
10316,1996,14792.5190230303,7788,1899.3989500552518
10316,2000,18446.9077513032,7460,2472.7758379763004
10316,2007,26542.2896142838,7589,3497.468653878482
10316,2010,31258.856,8008,3903.453546453546
10317,1970,44380.4690645373,8758,5067.420537170278
10317,1980,63166.6435437535,12132,5206.614205716575
10317,1996,54211.0944498185,18631,2909.725428040282
10317,2000,55190.4944033731,15933,3463.911027639057
10317,2007,70999.0929732455,18217,3897.408627833644
10317,2010,93134.4,18748,4967.697887774696
10318,1970,9280.1125583404,6039,1536.6968965624108
10318,1980,32233.2694605557,7953,4052.969880618094
10318,1996,58371.8004495116,13779,4236.287136186341
10318,2000,67222.6090167311,17061,3940.132994357371
10318,2007,85474.5875646822,17254,4953.89982408034
10318,2010,80875.997,16516,4896.827137321386
10319,1970,23701.7570095843,10272,2307.4140390950447
10319,1980,35662.8127589665,9750,3657.7243855350257
10319,1996,69152.2660524629,9207,7510.835891437266
10319,2000,26433.7265715491,8884,2975.4307261986833
10319,2007,42538.5785961074,8306,5121.427714436239
10319,2010,40867.657,7895,5176.397340088663
10320,1970,5906.8279463489,12382,477.0495837787837
10320,1980,25676.042444683,15095,1700.9633948117257
10320,1996,61006.370959811,20424,2986.9942694776246
10320,2000,97272.5170317383,20432,4760.792728648115
10320,2007,66024.5963968568,20702,3189.285885269868
10320,2010,79696.375,21482,3709.914114142073
10321,1970,15390.6825192834,7997,1924.557023794348
10321,1980,36090.0409741114,9253,3900.3610692868688
10321,1996,54024.3289973763,11819,4570.97292472936
10321,2000,44334.407929138,13141,3373.7468936259033
10321,2007,57854.8081262893,12429,4654.824050711183
10321,2010,61243.437,14836,4128.028916149906
10322,1970,69288.0440684895,11192,6190.854545075903
10322,1980,40120.6057384024,12337,3252.0552596581347
10322,1996,21732.3404236685,13013,1670.0484456826634
10322,2000,35744.6171688663,12875,2776.280945154664
10322,2007,49642.6756143607,12310,4032.7112603054998
10322,2010,56447.777,12803,4408.9492306490665
10323,1970,28446.0698192084,31753,895.8545592293136
10323,1980,81171.5607251917,36493,2224.3049550651276
10323,1996,68101.747975199,44333,1536.1412035097783
10323,2000,127303.049344633,50948,2498.6859021871905
10323,2007,189669.805218523,48740,3891.460919542942
10323,2010,207606.6,52418,3960.597504673967
10324,1970,8954.4509025989,17297,517.6880905705556
10324,1980,41736.6091347351,20298,2056.1931783789096
10324,1996,46602.8078658585,24035,1938.9560168861453
10324,2000,70407.1048738225,26517,2655.1685663469666
10324,2007,101449.903135948,24662,4113.612161866353
10324,2010,109079.243,24294,4489.966370297193
10325,1970,52343.2113116003,16883,3100.350133957253
10325,1980,62622.1290071898,18206,3439.6423710419526
10325,1996,61224.9013250828,26568,2304.460302811006
10325,2000,66543.0259614103,21227,3134.8295077688936
10325,2007,83498.3103353494,20708,4032.176469738719
10325,2010,93911.888,19750,4755.032303797469
10326,1970,64852.1035437214,11260,5759.511860010782
10326,1980,91028.0919108963,16030,5678.608353767705
10326,1996,61866.6483900896,23007,2689.035875606972
10326,2000,95625.2753388734,23854,4008.7731759400267
10326,2007,115950.292182291,20478,5662.188308540433
10326,2010,143206.188,20691,6921.182543134696
10327,1970,43281.0273282945,17374,2491.137753441608
10327,1980,88823.7285101405,23248,3820.7040825077643
10327,1996,69121.9479795293,24999,2764.9885187219206
10327,2000,47929.9404681083,21803,2198.3186014818284
10327,2007,100249.238348627,24791,4043.7754971008435
10327,2010,112940.144,25004,4516.883058710606
10328,1970,18904.0581015065,11547,1637.1402183689702
10328,1980,33292.6603052571,11606,2868.5731781196882
10328,1996,26897.8103418288,13341,2016.1764741645154
10328,2000,37247.4519773777,13614,2735.9667972218085
10328,2007,45879.328632068,13719,3344.2181377701
10328,2010,51453.315,13625,3776.3900917431197
10329,1970,17986.3681787187,12371,1453.913845179751
10329,1980,32534.6219097018,13295,2447.1321481535765
10329,1996,24210.8884785853,17450,1387.443465821507
10329,2000,55982.9612969921,16076,3482.3937109350645
10329,2007,71724.0381307585,15822,4533.184055793105
10329,2010,96624.892,16466,5868.145997813677
10330,1970,54332.9022207712,15123,3592.733070209032
10330,1980,184908.988202988,21936,8429.476121580416
10330,1996,49384.6179047822,23859,2069.8527978868437
10330,2000,53148.5080526468,20323,2615.1900827951977
10330,2007,77007.8909307747,22070,3489.256498902342
10330,2010,97992.123,19837,4939.866058375763
10331,1970,13312.0707773677,9290,1432.946262364661
10331,1980,78452.1716808358,16154,4856.516756273109
10331,1996,35718.1369516661,17975,1987.1008039869876
10331,2000,60705.3998408714,16889,3594.3750275843095
10331,2007,92840.693373365,19229,4828.160246157627
10331,2010,84441.546,18173,4646.538601221593
10332,1970,11523.0822442753,8504,1355.0190785836428
10332,1980,18692.3224733319,9999,1869.4191892521153
10332,1996,19520.2882949652,10784,1810.1157543550817
10332,2000,23485.9131667402,7515,3125.204679539614
10332,2007,32863.2497848922,8569,3835.1324290923326
10332,2010,39821.859,8661,4597.836162105992
10333,1970,23044.8981693784,12003,1919.9281987318504
10333,1980,84435.3214516417,13749,6141.197283558201
10333,1996,100896.026616216,27628,3651.9482632190534
10333,2000,133503.888047174,29750,4487.525648644504
10333,2007,215721.330188738,35060,6152.918716164803
10333,2010,247514.564,37567,6588.616711475497
10334,1970,600987.66929148,125573,4785.962502221656
10334,1980,1064734.0194174,170619,6240.418824500202
10334,1996,1274342.97478785,242155,5262.509445552849
10334,2000,1748025.68850437,262494,6659.297692535333
10334,2010,3469178.85,306866,11305.191353880848
10335,1970,8506.1737198945,4920,1728.8970975395323
10335,1980,7431.8295499104,5351,1388.867417288432
10335,1996,21431.648685395,8776,2442.0748274151097
10335,2000,29554.7158165216,8976,3292.637680093761
10335,2007,41556.0013335614,8610,4826.480991122114
10335,2010,45124.105,8983,5023.277858176556
10336,1970,56794.0009210564,15235,3727.863532724411
10336,1980,88393.007801179,16302,5422.218611285671
10336,1996,76290.1136059029,22161,3442.5393080593335
10336,2000,116523.248912746,23926,4870.151672354175
10336,2007,170903.481926303,23985,7125.431808476256
10336,2010,152135.259,22189,6856.336878633557
