serie,code_amc,ano,value
ADH_GINI,3001,1991,0.5981254551249688
ADH_GINI,3001,2000,0.5941695615802726
ADH_GINI,3001,2010,0.5416327257115258
ADH_GINI,3002,1991,0.39
ADH_GINI,3002,2000,0.52
ADH_GINI,3002,2010,0.59
ADH_GINI,3003,1991,0.4300004542357484
ADH_GINI,3003,2000,0.5991243919388465
ADH_GINI,3003,2010,0.59
ADH_GINI,3004,1991,0.48000000000000004
ADH_GINI,3004,2000,0.62
ADH_GINI,3004,2010,0.59
ADH_GINI,3005,1991,0.46
ADH_GINI,3005,2000,0.54
ADH_GINI,3005,2010,0.59
ADH_GINI,3006,1991,0.55
ADH_GINI,3006,2000,0.5
ADH_GINI,3006,2010,0.52
ADH_GINI,3007,1991,0.49895520482499933
ADH_GINI,3007,2000,0.5879258884176917
ADH_GINI,3007,2010,0.5721008224677434
ADH_GINI,3008,1991,0.5084921296719365
ADH_GINI,3008,2000,0.5752323949301783
ADH_GINI,3008,2010,0.5768677182257447
ADH_GINI,3009,1991,0.6
ADH_GINI,3009,2000,0.65
ADH_GINI,3009,2010,0.7799999999999999
ADH_GINI,3010,1991,0.68
ADH_GINI,3010,2000,0.6
ADH_GINI,3010,2010,0.59
ADH_GINI,3011,1991,0.59
ADH_GINI,3011,2000,0.51
ADH_GINI,3011,2010,0.6
ADH_GINI,3012,1991,0.45
ADH_GINI,3012,2000,0.74
ADH_GINI,3012,2010,0.54
ADH_GINI,3013,1991,0.4999977483563001
ADH_GINI,3013,2000,0.6374821629740894
ADH_GINI,3013,2010,0.5515635395874917
ADH_GINI,3014,1991,0.47174690558434085
ADH_GINI,3014,2000,0.5772738013404365
ADH_GINI,3014,2010,0.52
ADH_GINI,3015,1991,0.6017513759357248
ADH_GINI,3015,2000,0.6108067271908215
ADH_GINI,3015,2010,0.6123576010484204
ADH_GINI,3016,1991,0.59
ADH_GINI,3016,2000,0.6
ADH_GINI,3016,2010,0.57
ADH_GINI,3017,1991,0.43
ADH_GINI,3017,2000,0.56
ADH_GINI,3017,2010,0.54
ADH_GINI,3018,1991,0.47999853361683403
ADH_GINI,3018,2000,0.5785781218170707
ADH_GINI,3018,2010,0.5182154455881544
ADH_GINI,3019,1991,0.4199950161973586
ADH_GINI,3019,2000,0.5161442664241237
ADH_GINI,3019,2010,0.563336270930379
ADH_GINI,3020,1991,0.57
ADH_GINI,3020,2000,0.71
ADH_GINI,3020,2010,0.58
ADH_GINI,3021,1991,0.53
ADH_GINI,3021,2000,0.63
ADH_GINI,3021,2010,0.52
ADH_GINI,3022,1991,0.5018743317707048
ADH_GINI,3022,2000,0.6107907965318309
ADH_GINI,3022,2010,0.5895952943871332
ADH_GINI,3023,1991,0.4999970071401086
ADH_GINI,3023,2000,0.6822983024151208
ADH_GINI,3023,2010,0.6062938547126732
ADH_GINI,3024,1991,0.4712665900467592
ADH_GINI,3024,2000,0.552127144353599
ADH_GINI,3024,2010,0.5253490381023533
ADH_GINI,3025,1991,0.5170117492814281
ADH_GINI,3025,2000,0.5886496393242322
ADH_GINI,3025,2010,0.5862091317201358
ADH_GINI,3026,1991,0.5
ADH_GINI,3026,2000,0.62
ADH_GINI,3026,2010,0.55
ADH_GINI,3027,1991,0.49637925330211485
ADH_GINI,3027,2000,0.5061057639843732
ADH_GINI,3027,2010,0.5133689575428277
ADH_GINI,3028,1991,0.609997535306731
ADH_GINI,3028,2000,0.5934383309470239
ADH_GINI,3028,2010,0.5680164726040734
ADH_GINI,3029,1991,0.5182289825539083
ADH_GINI,3029,2000,0.6383643030980727
ADH_GINI,3029,2010,0.5748130695647252
ADH_GINI,3030,1991,0.39999999999999997
ADH_GINI,3030,2000,0.54
ADH_GINI,3030,2010,0.63
ADH_GINI,3031,1991,0.56
ADH_GINI,3031,2000,0.56
ADH_GINI,3031,2010,0.55
ADH_GINI,3032,1991,0.49999830989089405
ADH_GINI,3032,2000,0.5190000365884893
ADH_GINI,3032,2010,0.4871542238022685
ADH_GINI,3033,1991,0.5599898563878064
ADH_GINI,3033,2000,0.5796086818037038
ADH_GINI,3033,2010,0.5767799001105646
ADH_GINI,3034,1991,0.39
ADH_GINI,3034,2000,0.45
ADH_GINI,3034,2010,0.63
ADH_GINI,3035,1991,0.5699956796790618
ADH_GINI,3035,2000,0.6010044931054073
ADH_GINI,3035,2010,0.5342165248397611
ADH_GINI,3036,1991,0.5060279950945151
ADH_GINI,3036,2000,0.5727394201435063
ADH_GINI,3036,2010,0.5408978404193933
ADH_GINI,3037,1991,0.5648269283183428
ADH_GINI,3037,2000,0.6252813099104034
ADH_GINI,3037,2010,0.5528239306124356
ADH_GINI,3038,1991,0.5299992451587225
ADH_GINI,3038,2000,0.6013638657092956
ADH_GINI,3038,2010,0.5469997737385927
ADH_GINI,3039,1991,0.4299980139026812
ADH_GINI,3039,2000,0.4739448463488531
ADH_GINI,3039,2010,0.5452269247259142
ADH_GINI,3040,1991,0.5199916948448716
ADH_GINI,3040,2000,0.5979688970333317
ADH_GINI,3040,2010,0.5207039131418231
ADH_GINI,3041,1991,0.55
ADH_GINI,3041,2000,0.6
ADH_GINI,3041,2010,0.59
ADH_GINI,3042,1991,0.5
ADH_GINI,3042,2000,0.57
ADH_GINI,3042,2010,0.54
ADH_GINI,3043,1991,0.6899937437793261
ADH_GINI,3043,2000,0.6063906701258015
ADH_GINI,3043,2010,0.6192660203953166
ADH_GINI,3044,1991,0.45000120968717494
ADH_GINI,3044,2000,0.5587248932745468
ADH_GINI,3044,2010,0.5825096347953752
ADH_GINI,3045,1991,0.61
ADH_GINI,3045,2000,0.58
ADH_GINI,3045,2010,0.48
ADH_GINI,3046,1991,0.49
ADH_GINI,3046,2000,0.57
ADH_GINI,3046,2010,0.6
ADH_GINI,3047,1991,0.5099964015833034
ADH_GINI,3047,2000,0.5700907261185942
ADH_GINI,3047,2010,0.5702501721367914
ADH_GINI,3048,1991,0.5199989308243345
ADH_GINI,3048,2000,0.6067787281778027
ADH_GINI,3048,2010,0.6057356626080819
ADH_GINI,3049,1991,0.6499959771502133
ADH_GINI,3049,2000,0.6556757645511344
ADH_GINI,3049,2010,0.5329550541407054
ADH_GINI,3050,1991,0.51
ADH_GINI,3050,2000,0.63
ADH_GINI,3050,2010,0.56
ADH_GINI,3051,1991,0.67
ADH_GINI,3051,2000,0.46
ADH_GINI,3051,2010,0.59
ADH_GINI,3052,1991,0.6
ADH_GINI,3052,2000,0.5
ADH_GINI,3052,2010,0.55
ADH_GINI,3053,1991,0.5499978016180093
ADH_GINI,3053,2000,0.5263056034482759
ADH_GINI,3053,2010,0.5526475406713148
ADH_GINI,3054,1991,0.5199962214794361
ADH_GINI,3054,2000,0.5384760628886306
ADH_GINI,3054,2010,0.5910402012504885
ADH_GINI,3055,1991,0.38
ADH_GINI,3055,2000,0.46
ADH_GINI,3055,2010,0.53
ADH_GINI,3056,1991,0.55
ADH_GINI,3056,2000,0.57
ADH_GINI,3056,2010,0.56
ADH_GINI,3057,1991,0.47
ADH_GINI,3057,2000,0.54
ADH_GINI,3057,2010,0.64
ADH_GINI,3058,1991,0.41
ADH_GINI,3058,2000,0.6
ADH_GINI,3058,2010,0.59
ADH_GINI,3059,1991,0.5099961491335551
ADH_GINI,3059,2000,0.5617872484930809
ADH_GINI,3059,2010,0.5345954909460694
ADH_GINI,3060,1991,0.48
ADH_GINI,3060,2000,0.58
ADH_GINI,3060,2010,0.57
ADH_GINI,3061,1991,0.47
ADH_GINI,3061,2000,0.55
ADH_GINI,3061,2010,0.6
ADH_GINI,3062,1991,0.4867813345189137
ADH_GINI,3062,2000,0.5935387435662413
ADH_GINI,3062,2010,0.5448001014552487
ADH_GINI,3063,1991,0.4700046099472417
ADH_GINI,3063,2000,0.615333451578574
ADH_GINI,3063,2010,0.5748008793438741
ADH_GINI,3064,1991,0.6
ADH_GINI,3064,2000,0.65
ADH_GINI,3064,2010,0.54
ADH_GINI,3065,1991,0.49
ADH_GINI,3065,2000,0.64
ADH_GINI,3065,2010,0.59
ADH_GINI,3066,1991,0.49000000000000005
ADH_GINI,3066,2000,0.64
ADH_GINI,3066,2010,0.57
ADH_GINI,3067,1991,0.491202591497153
ADH_GINI,3067,2000,0.6074745027479135
ADH_GINI,3067,2010,0.6032341138457855
ADH_GINI,3068,1991,0.52
ADH_GINI,3068,2000,0.5
ADH_GINI,3068,2010,0.56
ADH_GINI,3069,1991,0.4799999999999999
ADH_GINI,3069,2000,0.58
ADH_GINI,3069,2010,0.64
ADH_GINI,3070,1991,0.59
ADH_GINI,3070,2000,0.56
ADH_GINI,3070,2010,0.62
ADH_GINI,3071,1991,0.52
ADH_GINI,3071,2000,0.67
ADH_GINI,3071,2010,0.53
ADH_GINI,3072,1991,0.5200546785786256
ADH_GINI,3072,2000,0.5626734525582483
ADH_GINI,3072,2010,0.5521422892066694
ADH_GINI,3073,1991,0.47999924806376415
ADH_GINI,3073,2000,0.5208400874823106
ADH_GINI,3073,2010,0.48799715476842553
ADH_GINI,3074,1991,0.47
ADH_GINI,3074,2000,0.57
ADH_GINI,3074,2010,0.57
ADH_GINI,3075,1991,0.56
ADH_GINI,3075,2000,0.61
ADH_GINI,3075,2010,0.54
ADH_GINI,3076,1991,0.5199994071614893
ADH_GINI,3076,2000,0.5179135692690735
ADH_GINI,3076,2010,0.5478108251571034
ADH_GINI,3077,1991,0.5699974525074605
ADH_GINI,3077,2000,0.5558161320735793
ADH_GINI,3077,2010,0.5234783455729762
ADH_GINI,3078,1991,0.43
ADH_GINI,3078,2000,0.52
ADH_GINI,3078,2010,0.51
ADH_GINI,3079,1991,0.47
ADH_GINI,3079,2000,0.55
ADH_GINI,3079,2010,0.53
ADH_GINI,3080,1991,0.41
ADH_GINI,3080,2000,0.53
ADH_GINI,3080,2010,0.6
ADH_GINI,3081,1991,0.549996488928421
ADH_GINI,3081,2000,0.5657603304025717
ADH_GINI,3081,2010,0.5585647270568863
ADH_GINI,3082,1991,0.45
ADH_GINI,3082,2000,0.6
ADH_GINI,3082,2010,0.61
ADH_GINI,3083,1991,0.45
ADH_GINI,3083,2000,0.57
ADH_GINI,3083,2010,0.61
ADH_GINI,3084,1991,0.550000542888165
ADH_GINI,3084,2000,0.5486360331539916
ADH_GINI,3084,2010,0.6099517534384676
ADH_GINI,3085,1991,0.56
ADH_GINI,3085,2000,0.7
ADH_GINI,3085,2010,0.55
ADH_GINI,3086,1991,0.5199975004860166
ADH_GINI,3086,2000,0.5653420829382704
ADH_GINI,3086,2010,0.5715269007871291
ADH_GINI,3087,1991,0.42999999999999994
ADH_GINI,3087,2000,0.63
ADH_GINI,3087,2010,0.5
ADH_GINI,3088,1991,0.55
ADH_GINI,3088,2000,0.58
ADH_GINI,3088,2010,0.53
ADH_GINI,3089,1991,0.52
ADH_GINI,3089,2000,0.64
ADH_GINI,3089,2010,0.53
ADH_GINI,3090,1991,0.5099959461650722
ADH_GINI,3090,2000,0.5939923954372623
ADH_GINI,3090,2010,0.583884678920733
ADH_GINI,3091,1991,0.42
ADH_GINI,3091,2000,0.66
ADH_GINI,3091,2010,0.62
ADH_GINI,3092,1991,0.48
ADH_GINI,3092,2000,0.54
ADH_GINI,3092,2010,0.55
ADH_GINI,3093,1991,0.41
ADH_GINI,3093,2000,0.59
ADH_GINI,3093,2010,0.57
ADH_GINI,3094,1991,0.5099949125347317
ADH_GINI,3094,2000,0.5906359896610724
ADH_GINI,3094,2010,0.5521922074405065
ADH_GINI,3095,1991,0.53
ADH_GINI,3095,2000,0.59
ADH_GINI,3095,2010,0.51
ADH_GINI,3096,1991,0.61
ADH_GINI,3096,2000,0.6500000000000001
ADH_GINI,3096,2010,0.61
ADH_GINI,3097,1991,0.62
ADH_GINI,3097,2000,0.73
ADH_GINI,3097,2010,0.55
ADH_GINI,3098,1991,0.6
ADH_GINI,3098,2000,0.58
ADH_GINI,3098,2010,0.59
ADH_GINI,3099,1991,0.55
ADH_GINI,3099,2000,0.54
ADH_GINI,3099,2010,0.58
ADH_GINI,3100,1991,0.46
ADH_GINI,3100,2000,0.61
ADH_GINI,3100,2010,0.62
ADH_GINI,3101,1991,0.49
ADH_GINI,3101,2000,0.52
ADH_GINI,3101,2010,0.5
ADH_GINI,3102,1991,0.5
ADH_GINI,3102,2000,0.51
ADH_GINI,3102,2010,0.59
ADH_GINI,4001,1991,0.5199848508190829
ADH_GINI,4001,2000,0.6205092697009337
ADH_GINI,4001,2010,0.5553162907910474
ADH_GINI,4002,1991,0.51
ADH_GINI,4002,2000,0.45
ADH_GINI,4002,2010,0.49
ADH_GINI,4003,1991,0.5342798587719655
ADH_GINI,4003,2000,0.5395135177008289
ADH_GINI,4003,2010,0.5048976711362032
ADH_GINI,4004,1991,0.5400272727272727
ADH_GINI,4004,2000,0.5794309673554957
ADH_GINI,4004,2010,0.5453250439788901
ADH_GINI,4005,1991,0.53
ADH_GINI,4005,2000,0.6102131950446557
ADH_GINI,4005,2010,0.5052410417436276
ADH_GINI,4006,1991,0.54
ADH_GINI,4006,2000,0.5679181788188716
ADH_GINI,4006,2010,0.5761433810481486
ADH_GINI,4007,1991,0.5399958821258526
ADH_GINI,4007,2000,0.5491780436312457
ADH_GINI,4007,2010,0.5482987712869153
ADH_GINI,4008,1991,0.5709455747996188
ADH_GINI,4008,2000,0.621698244860716
ADH_GINI,4008,2010,0.5821942303892511
ADH_GINI,4009,1991,0.51
ADH_GINI,4009,2000,0.57
ADH_GINI,4009,2010,0.53
ADH_GINI,4010,1991,0.67
ADH_GINI,4010,2000,0.51
ADH_GINI,4010,2010,0.6
ADH_GINI,4011,1991,0.5394911047307269
ADH_GINI,4011,2000,0.5406175056981469
ADH_GINI,4011,2010,0.5328367376246921
ADH_GINI,4012,1991,0.5427823330806862
ADH_GINI,4012,2000,0.5589935815147624
ADH_GINI,4012,2010,0.5003025337199042
ADH_GINI,4013,1991,0.5199943946188341
ADH_GINI,4013,2000,0.5364376535954697
ADH_GINI,4013,2010,0.4882941606601901
ADH_GINI,4014,1991,0.5596070184119915
ADH_GINI,4014,2000,0.5896329962073326
ADH_GINI,4014,2010,0.542633570544373
ADH_GINI,4015,1991,0.5499983890455095
ADH_GINI,4015,2000,0.5292265257759995
ADH_GINI,4015,2010,0.57
ADH_GINI,4016,1991,0.5964568896051572
ADH_GINI,4016,2000,0.6110666432213822
ADH_GINI,4016,2010,0.554005564616713
ADH_GINI,4017,1991,0.4999958032566728
ADH_GINI,4017,2000,0.6491415450707355
ADH_GINI,4017,2010,0.5639427452335696
ADH_GINI,4018,1991,0.4699975247524752
ADH_GINI,4018,2000,0.5556432067117223
ADH_GINI,4018,2010,0.51
ADH_GINI,4019,1991,0.53999800610133
ADH_GINI,4019,2000,0.57517604794809285
ADH_GINI,4019,2010,0.5132511379637816
ADH_GINI,4020,1991,0.5313247771836007
ADH_GINI,4020,2000,0.6051856348648477
ADH_GINI,4020,2010,0.6488141668185409
ADH_GINI,4021,1991,0.5459556848150248
ADH_GINI,4021,2000,0.5820806558702116
ADH_GINI,4021,2010,0.5472123012669401
ADH_GINI,4022,1991,0.699981415402914
ADH_GINI,4022,2000,0.5993639170076819
ADH_GINI,4022,2010,0.5747656890570798
ADH_GINI,4023,1991,0.5799658338671791
ADH_GINI,4023,2000,0.5526735437467468
ADH_GINI,4023,2010,0.519450818289185
ADH_GINI,4024,1991,0.5410680856209942
ADH_GINI,4024,2000,0.5294334536381055
ADH_GINI,4024,2010,0.5001236174365647
ADH_GINI,4025,1991,0.5841978111066072
ADH_GINI,4025,2000,0.542473134845742
ADH_GINI,4025,2010,0.5369564629529476
ADH_GINI,4026,1991,0.4789925442684064
ADH_GINI,4026,2000,0.5801592501592502
ADH_GINI,4026,2010,0.5385424175824176
ADH_GINI,4027,1991,0.7699884150714403
ADH_GINI,4027,2000,0.6127049017662235
ADH_GINI,4027,2010,0.6010690374272857
ADH_GINI,4028,1991,0.5516039727748825
ADH_GINI,4028,2000,0.6274504487018473
ADH_GINI,4028,2010,0.572368690278886
ADH_GINI,4029,1991,0.5999901747782406
ADH_GINI,4029,2000,0.5254608936553045
ADH_GINI,4029,2010,0.517537537135669
ADH_GINI,4030,1991,0.6399871290405619
ADH_GINI,4030,2000,0.5292473973395025
ADH_GINI,4030,2010,0.5308083772427132
ADH_GINI,4031,1991,0.5699923467612884
ADH_GINI,4031,2000,0.5493335765939097
ADH_GINI,4031,2010,0.5076940161586249
ADH_GINI,4032,1991,0.619995264831225
ADH_GINI,4032,2000,0.6147640870070354
ADH_GINI,4032,2010,0.5498659756969264
ADH_GINI,4033,1991,0.5
ADH_GINI,4033,2000,0.62
ADH_GINI,4033,2010,0.55
ADH_GINI,4034,1991,0.5799717121978051
ADH_GINI,4034,2000,0.5811435793965537
ADH_GINI,4034,2010,0.5784840396909103
ADH_GINI,4035,1991,0.5999850351499965
ADH_GINI,4035,2000,0.5885143528103081
ADH_GINI,4035,2010,0.5086520916777927
ADH_GINI,4036,1991,0.5499916230366493
ADH_GINI,4036,2000,0.5618411375337092
ADH_GINI,4036,2010,0.5590860962566845
ADH_GINI,4037,1991,0.5899803560466544
ADH_GINI,4037,2000,0.5347676439911925
ADH_GINI,4037,2010,0.4994356876428829
ADH_GINI,4038,1991,0.62
ADH_GINI,4038,2000,0.67
ADH_GINI,4038,2010,0.51
ADH_GINI,4039,1991,0.569999152901313
ADH_GINI,4039,2000,0.650038898397386
ADH_GINI,4039,2010,0.6049414904537055
ADH_GINI,4040,1991,0.6399873583457493
ADH_GINI,4040,2000,0.5913377162945715
ADH_GINI,4040,2010,0.5283183246073299
ADH_GINI,4041,1991,0.5499959244164506
ADH_GINI,4041,2000,0.5564818290394131
ADH_GINI,4041,2010,0.5652885345482157
ADH_GINI,4042,1991,0.53
ADH_GINI,4042,2000,0.5009695652173913
ADH_GINI,4042,2010,0.5248752453041772
ADH_GINI,4043,1991,0.5899855832241152
ADH_GINI,4043,2000,0.5907718735684838
ADH_GINI,4043,2010,0.5688060147381
ADH_GINI,4044,1991,0.6499935910274384
ADH_GINI,4044,2000,0.594134054054054
ADH_GINI,4044,2010,0.5987710152932647
ADH_GINI,4045,1991,0.57
ADH_GINI,4045,2000,0.6
ADH_GINI,4045,2010,0.61
ADH_GINI,4046,1991,0.5700027304996814
ADH_GINI,4046,2000,0.552610035842294
ADH_GINI,4046,2010,0.508644943510609
ADH_GINI,4047,1991,0.53
ADH_GINI,4047,2000,0.67
ADH_GINI,4047,2010,0.52
ADH_GINI,4048,1991,0.52
ADH_GINI,4048,2000,0.58
ADH_GINI,4048,2010,0.56
ADH_GINI,4049,1991,0.5899991621749937
ADH_GINI,4049,2000,0.5590314214463841
ADH_GINI,4049,2010,0.5129363394027019
ADH_GINI,4050,1991,0.64
ADH_GINI,4050,2000,0.51
ADH_GINI,4050,2010,0.57
ADH_GINI,4051,1991,0.509985770188545
ADH_GINI,4051,2000,0.5370339416680879
ADH_GINI,4051,2010,0.5159510603588907
ADH_GINI,4052,1991,0.61
ADH_GINI,4052,2000,0.6
ADH_GINI,4052,2010,0.55
ADH_GINI,4053,1991,0.45999999999999996
ADH_GINI,4053,2000,0.62
ADH_GINI,4053,2010,0.56
ADH_GINI,4054,1991,0.76
ADH_GINI,4054,2000,0.53
ADH_GINI,4054,2010,0.52
ADH_GINI,4055,1991,0.5
ADH_GINI,4055,2000,0.48
ADH_GINI,4055,2010,0.51
ADH_GINI,4056,1991,0.55
ADH_GINI,4056,2000,0.66
ADH_GINI,4056,2010,0.52
ADH_GINI,4057,1991,0.71
ADH_GINI,4057,2000,0.54
ADH_GINI,4057,2010,0.52
ADH_GINI,4058,1991,0.54
ADH_GINI,4058,2000,0.52
ADH_GINI,4058,2010,0.47
ADH_GINI,4059,1991,0.46
ADH_GINI,4059,2000,0.6
ADH_GINI,4059,2010,0.79
ADH_GINI,4060,1991,0.45999259643147994
ADH_GINI,4060,2000,0.630621613485852
ADH_GINI,4060,2010,0.5169478538488826
ADH_GINI,4061,1991,0.53
ADH_GINI,4061,2000,0.63
ADH_GINI,4061,2010,0.55
ADH_GINI,4062,1991,0.5399941571720713
ADH_GINI,4062,2000,0.5530143050184054
ADH_GINI,4062,2010,0.5581756231420077
ADH_GINI,4063,1991,0.5800302373107562
ADH_GINI,4063,2000,0.5475799537759516
ADH_GINI,4063,2010,0.525519424304729
ADH_GINI,4064,1991,0.54
ADH_GINI,4064,2000,0.52
ADH_GINI,4064,2010,0.57
ADH_GINI,4065,1991,0.5899956447046868
ADH_GINI,4065,2000,0.535595498392283
ADH_GINI,4065,2010,0.5215806719039912
ADH_GINI,4066,1991,0.5699972614619229
ADH_GINI,4066,2000,0.5572817817408378
ADH_GINI,4066,2010,0.5696586896048297
ADH_GINI,4067,1991,0.5599975729333528
ADH_GINI,4067,2000,0.636555254942768
ADH_GINI,4067,2010,0.533852875754687
ADH_GINI,4068,1991,0.52
ADH_GINI,4068,2000,0.58
ADH_GINI,4068,2010,0.54
ADH_GINI,4069,1991,0.43
ADH_GINI,4069,2000,0.54
ADH_GINI,4069,2010,0.48000000000000004
ADH_GINI,4070,1991,0.48
ADH_GINI,4070,2000,0.4799999999999999
ADH_GINI,4070,2010,0.6
ADH_GINI,4071,1991,0.68
ADH_GINI,4071,2000,0.43
ADH_GINI,4071,2010,0.52
ADH_GINI,4072,1991,0.48
ADH_GINI,4072,2000,0.58
ADH_GINI,4072,2010,0.53
ADH_GINI,4073,1991,0.59
ADH_GINI,4073,2000,0.62
ADH_GINI,4073,2010,0.57
ADH_GINI,4074,1991,0.56
ADH_GINI,4074,2000,0.57
ADH_GINI,4074,2010,0.56
ADH_GINI,4075,1991,0.63
ADH_GINI,4075,2000,0.64
ADH_GINI,4075,2010,0.61
ADH_GINI,4076,1991,0.45
ADH_GINI,4076,2000,0.54
ADH_GINI,4076,2010,0.48
ADH_GINI,4077,1991,0.44
ADH_GINI,4077,2000,0.51
ADH_GINI,4077,2010,0.51
ADH_GINI,4078,1991,0.5108608397148139
ADH_GINI,4078,2000,0.6006554545454547
ADH_GINI,4078,2010,0.5342068001863065
ADH_GINI,4079,1991,0.49000000000000005
ADH_GINI,4079,2000,0.4099999999999999
ADH_GINI,4079,2010,0.6
ADH_GINI,4080,1991,0.59
ADH_GINI,4080,2000,0.6
ADH_GINI,4080,2010,0.59
ADH_GINI,4081,1991,0.5000007894529092
ADH_GINI,4081,2000,0.56
ADH_GINI,4081,2010,0.5716856099745127
ADH_GINI,4082,1991,0.5099979570990807
ADH_GINI,4082,2000,0.5096605304829771
ADH_GINI,4082,2010,0.5363134057971015
ADH_GINI,4083,1991,0.43
ADH_GINI,4083,2000,0.61
ADH_GINI,4083,2010,0.57
ADH_GINI,4084,1991,0.51
ADH_GINI,4084,2000,0.58
ADH_GINI,4084,2010,0.54
ADH_GINI,4085,1991,0.4799999999999999
ADH_GINI,4085,2000,0.5
ADH_GINI,4085,2010,0.57
ADH_GINI,4086,1991,0.57
ADH_GINI,4086,2000,0.57
ADH_GINI,4086,2010,0.59
ADH_GINI,4087,1991,0.49
ADH_GINI,4087,2000,0.47
ADH_GINI,4087,2010,0.51
ADH_GINI,4088,1991,0.53
ADH_GINI,4088,2000,0.54
ADH_GINI,4088,2010,0.47
ADH_GINI,4089,1991,0.38998461834262643
ADH_GINI,4089,2000,0.5091885714285714
ADH_GINI,4089,2010,0.5318670189343901
ADH_GINI,4090,1991,0.5099945828819068
ADH_GINI,4090,2000,0.5138161046618758
ADH_GINI,4090,2010,0.5281482911759027
ADH_GINI,4091,1991,0.51
ADH_GINI,4091,2000,0.57
ADH_GINI,4091,2010,0.54
ADH_GINI,4092,1991,0.49
ADH_GINI,4092,2000,0.54
ADH_GINI,4092,2010,0.57
ADH_GINI,4093,1991,0.54
ADH_GINI,4093,2000,0.56
ADH_GINI,4093,2010,0.43
ADH_GINI,4094,1991,0.54
ADH_GINI,4094,2000,0.57
ADH_GINI,4094,2010,0.56
ADH_GINI,4095,1991,0.54
ADH_GINI,4095,2000,0.56
ADH_GINI,4095,2010,0.57
ADH_GINI,4096,1991,0.44
ADH_GINI,4096,2000,0.6
ADH_GINI,4096,2010,0.48
ADH_GINI,4097,1991,0.47642589137862373
ADH_GINI,4097,2000,0.5269425232964473
ADH_GINI,4097,2010,0.4824925806346411
ADH_GINI,4098,1991,0.5097749912234509
ADH_GINI,4098,2000,0.6167662322477357
ADH_GINI,4098,2010,0.5758922105826636
ADH_GINI,4099,1991,0.58
ADH_GINI,4099,2000,0.71
ADH_GINI,4099,2010,0.57
ADH_GINI,4100,1991,0.62
ADH_GINI,4100,2000,0.65
ADH_GINI,4100,2010,0.53
ADH_GINI,4101,1991,0.47
ADH_GINI,4101,2000,0.54
ADH_GINI,4101,2010,0.45999999999999996
ADH_GINI,4102,1991,0.62
ADH_GINI,4102,2000,0.71
ADH_GINI,4102,2010,0.55
ADH_GINI,4103,1991,0.48000000000000004
ADH_GINI,4103,2000,0.55
ADH_GINI,4103,2010,0.48
ADH_GINI,4104,1991,0.5349598136491341
ADH_GINI,4104,2000,0.6520340431077549
ADH_GINI,4104,2010,0.5660917208516512
ADH_GINI,4105,1991,0.55
ADH_GINI,4105,2000,0.59
ADH_GINI,4105,2010,0.51
ADH_GINI,4106,1991,0.53
ADH_GINI,4106,2000,0.57
ADH_GINI,4106,2010,0.54
ADH_GINI,4107,1991,0.5205928202053511
ADH_GINI,4107,2000,0.5768501342843784
ADH_GINI,4107,2010,0.5459493009497645
ADH_GINI,4108,1991,0.5571364779620438
ADH_GINI,4108,2000,0.5527263871003864
ADH_GINI,4108,2010,0.5163252188183808
ADH_GINI,4109,1991,0.5084816704459562
ADH_GINI,4109,2000,0.5694567122327375
ADH_GINI,4109,2010,0.5197198267136321
ADH_GINI,4110,1991,0.5765681360667188
ADH_GINI,4110,2000,0.6128423777716295
ADH_GINI,4110,2010,0.5167025890641869
ADH_GINI,4111,1991,0.49
ADH_GINI,4111,2000,0.68
ADH_GINI,4111,2010,0.56
ADH_GINI,4112,1991,0.49000000000000005
ADH_GINI,4112,2000,0.6
ADH_GINI,4112,2010,0.49
ADH_GINI,4113,1991,0.52
ADH_GINI,4113,2000,0.58
ADH_GINI,4113,2010,0.53
ADH_GINI,4114,1991,0.5265975843622784
ADH_GINI,4114,2000,0.6191839175942848
ADH_GINI,4114,2010,0.5757917397544251
ADH_GINI,4115,1991,0.65
ADH_GINI,4115,2000,0.52
ADH_GINI,4115,2010,0.53
ADH_GINI,4116,1991,0.57
ADH_GINI,4116,2000,0.53
ADH_GINI,4116,2010,0.46
ADH_GINI,4117,1991,0.5713211095439586
ADH_GINI,4117,2000,0.5870885686073793
ADH_GINI,4117,2010,0.5400844826749883
ADH_GINI,4118,1991,0.6
ADH_GINI,4118,2000,0.62
ADH_GINI,4118,2010,0.51
ADH_GINI,4119,1991,0.5
ADH_GINI,4119,2000,0.53
ADH_GINI,4119,2010,0.5
ADH_GINI,4120,1991,0.5137231880432743
ADH_GINI,4120,2000,0.6239115455030345
ADH_GINI,4120,2010,0.5580604014256237
ADH_GINI,4121,1991,0.52
ADH_GINI,4121,2000,0.6
ADH_GINI,4121,2010,0.48
ADH_GINI,4122,1991,0.4699999999999999
ADH_GINI,4122,2000,0.6
ADH_GINI,4122,2010,0.55
ADH_GINI,4123,1991,0.49
ADH_GINI,4123,2000,0.54
ADH_GINI,4123,2010,0.55
ADH_GINI,4124,1991,0.54
ADH_GINI,4124,2000,0.65
ADH_GINI,4124,2010,0.59
ADH_GINI,4125,1991,0.66
ADH_GINI,4125,2000,0.61
ADH_GINI,4125,2010,0.52
ADH_GINI,4126,1991,0.5342447184568708
ADH_GINI,4126,2000,0.6206343217441949
ADH_GINI,4126,2010,0.5468540718320265
ADH_GINI,4127,1991,0.51
ADH_GINI,4127,2000,0.62
ADH_GINI,4127,2010,0.58
ADH_GINI,4128,1991,0.5
ADH_GINI,4128,2000,0.6
ADH_GINI,4128,2010,0.57
ADH_GINI,4129,1991,0.51
ADH_GINI,4129,2000,0.54
ADH_GINI,4129,2010,0.5
ADH_GINI,4130,1991,0.54
ADH_GINI,4130,2000,0.6
ADH_GINI,4130,2010,0.54
ADH_GINI,4131,1991,0.53
ADH_GINI,4131,2000,0.59
ADH_GINI,4131,2010,0.51
ADH_GINI,4132,1991,0.65
ADH_GINI,4132,2000,0.62
ADH_GINI,4132,2010,0.52
ADH_GINI,4133,1991,0.54
ADH_GINI,4133,2000,0.65
ADH_GINI,4133,2010,0.53
ADH_GINI,4134,1991,0.47944680995436734
ADH_GINI,4134,2000,0.6237773307436182
ADH_GINI,4134,2010,0.4733923961096375
ADH_GINI,4135,1991,0.46
ADH_GINI,4135,2000,0.59
ADH_GINI,4135,2010,0.51
ADH_GINI,4136,1991,0.589998581387808
ADH_GINI,4136,2000,0.6220251253363273
ADH_GINI,4136,2010,0.554336336906004
ADH_GINI,4137,1991,0.51
ADH_GINI,4137,2000,0.56
ADH_GINI,4137,2010,0.48
ADH_GINI,4138,1991,0.71
ADH_GINI,4138,2000,0.58
ADH_GINI,4138,2010,0.56
ADH_GINI,4139,1991,0.52
ADH_GINI,4139,2000,0.64
ADH_GINI,4139,2010,0.5
ADH_GINI,4140,1991,0.4872840259245139
ADH_GINI,4140,2000,0.5579929996789793
ADH_GINI,4140,2010,0.45387597469471824
ADH_GINI,4141,1991,0.53
ADH_GINI,4141,2000,0.52
ADH_GINI,4141,2010,0.51
ADH_GINI,4142,1991,0.57
ADH_GINI,4142,2000,0.62
ADH_GINI,4142,2010,0.6
ADH_GINI,4143,1991,0.64
ADH_GINI,4143,2000,0.64
ADH_GINI,4143,2010,0.57
ADH_GINI,4144,1991,0.5270678821134613
ADH_GINI,4144,2000,0.5857178920177687
ADH_GINI,4144,2010,0.5286736926555321
ADH_GINI,4145,1991,0.5438593590697417
ADH_GINI,4145,2000,0.533296881117056
ADH_GINI,4145,2010,0.5175698940922552
ADH_GINI,4146,1991,0.6312252107965518
ADH_GINI,4146,2000,0.6419426766386399
ADH_GINI,4146,2010,0.5088113466389343
ADH_GINI,4147,1991,0.61
ADH_GINI,4147,2000,0.57
ADH_GINI,4147,2010,0.54
ADH_GINI,4148,1991,0.5782512225538414
ADH_GINI,4148,2000,0.6159510083119167
ADH_GINI,4148,2010,0.548589318109314
ADH_GINI,4149,1991,0.64
ADH_GINI,4149,2000,0.64
ADH_GINI,4149,2010,0.61
ADH_GINI,4150,1991,0.55
ADH_GINI,4150,2000,0.62
ADH_GINI,4150,2010,0.53
ADH_GINI,4151,1991,0.56
ADH_GINI,4151,2000,0.62
ADH_GINI,4151,2010,0.51
ADH_GINI,4152,1991,0.5106168608636052
ADH_GINI,4152,2000,0.608338421043011
ADH_GINI,4152,2010,0.5201636078140037
ADH_GINI,4153,1991,0.52
ADH_GINI,4153,2000,0.58
ADH_GINI,4153,2010,0.62
ADH_GINI,4154,1991,0.61
ADH_GINI,4154,2000,0.68
ADH_GINI,4154,2010,0.51
ADH_GINI,4155,1991,0.45
ADH_GINI,4155,2000,0.56
ADH_GINI,4155,2010,0.47
ADH_GINI,4156,1991,0.4122601690880313
ADH_GINI,4156,2000,0.4748712759308313
ADH_GINI,4156,2010,0.4481758151988926
ADH_GINI,4157,1991,0.44
ADH_GINI,4157,2000,0.48
ADH_GINI,4157,2010,0.47
ADH_GINI,4158,1991,0.49
ADH_GINI,4158,2000,0.61
ADH_GINI,4158,2010,0.51
ADH_GINI,4159,1991,0.49000000000000005
ADH_GINI,4159,2000,0.58
ADH_GINI,4159,2010,0.47000000000000003
ADH_GINI,4160,1991,0.5212735890979114
ADH_GINI,4160,2000,0.5936107537075912
ADH_GINI,4160,2010,0.52
ADH_GINI,4161,1991,0.55
ADH_GINI,4161,2000,0.62
ADH_GINI,4161,2010,0.55
ADH_GINI,4162,1991,0.60283220918009806
ADH_GINI,4162,2000,0.5846228176779203
ADH_GINI,4162,2010,0.5359639445715054
ADH_GINI,4163,1991,0.48
ADH_GINI,4163,2000,0.5547506706100832
ADH_GINI,4163,2010,0.55
ADH_GINI,4164,1991,0.59
ADH_GINI,4164,2000,0.61
ADH_GINI,4164,2010,0.63
ADH_GINI,4165,1991,0.5469287659706383
ADH_GINI,4165,2000,0.5863776953542466
ADH_GINI,4165,2010,0.5498875514729173
ADH_GINI,4166,1991,0.51
ADH_GINI,4166,2000,0.58
ADH_GINI,4166,2010,0.56
ADH_GINI,4167,1991,0.4946067983231476
ADH_GINI,4167,2000,0.61
ADH_GINI,4167,2010,0.5345677146311971
ADH_GINI,4168,1991,0.5
ADH_GINI,4168,2000,0.57
ADH_GINI,4168,2010,0.61
ADH_GINI,4169,1991,0.48
ADH_GINI,4169,2000,0.52
ADH_GINI,4169,2010,0.44
ADH_GINI,4170,1991,0.5196105610561057
ADH_GINI,4170,2000,0.6172300959496081
ADH_GINI,4170,2010,0.534836522086012
ADH_GINI,4171,1991,0.53
ADH_GINI,4171,2000,0.66
ADH_GINI,4171,2010,0.5
ADH_GINI,4172,1991,0.43
ADH_GINI,4172,2000,0.65
ADH_GINI,4172,2010,0.54
ADH_GINI,4173,1991,0.52
ADH_GINI,4173,2000,0.56
ADH_GINI,4173,2010,0.56
ADH_GINI,4174,1991,0.55
ADH_GINI,4174,2000,0.52
ADH_GINI,4174,2010,0.45
ADH_GINI,4175,1991,0.59
ADH_GINI,4175,2000,0.62
ADH_GINI,4175,2010,0.52
ADH_GINI,4176,1991,0.47
ADH_GINI,4176,2000,0.56
ADH_GINI,4176,2010,0.47
ADH_GINI,4177,1991,0.53
ADH_GINI,4177,2000,0.62
ADH_GINI,4177,2010,0.53
ADH_GINI,4178,1991,0.55
ADH_GINI,4178,2000,0.58
ADH_GINI,4178,2010,0.5
ADH_GINI,4179,1991,0.59
ADH_GINI,4179,2000,0.6
ADH_GINI,4179,2010,0.54
ADH_GINI,4180,1991,0.63
ADH_GINI,4180,2000,0.59
ADH_GINI,4180,2010,0.49
ADH_GINI,4181,1991,0.59
ADH_GINI,4181,2000,0.59
ADH_GINI,4181,2010,0.6
ADH_GINI,4182,1991,0.53
ADH_GINI,4182,2000,0.56
ADH_GINI,4182,2010,0.49
ADH_GINI,4183,1991,0.6305936454849499
ADH_GINI,4183,2000,0.5879940350072201
ADH_GINI,4183,2010,0.5640206724090026
ADH_GINI,4184,1991,0.4825327716992345
ADH_GINI,4184,2000,0.5064512612602522
ADH_GINI,4184,2010,0.4335199833859239
ADH_GINI,4185,1991,0.5
ADH_GINI,4185,2000,0.6
ADH_GINI,4185,2010,0.54
ADH_GINI,4186,1991,0.4600000000000001
ADH_GINI,4186,2000,0.61
ADH_GINI,4186,2010,0.59
ADH_GINI,4187,1991,0.61
ADH_GINI,4187,2000,0.56
ADH_GINI,4187,2010,0.47000000000000003
ADH_GINI,4188,1991,0.56
ADH_GINI,4188,2000,0.62
ADH_GINI,4188,2010,0.56
ADH_GINI,4189,1991,0.44999999999999996
ADH_GINI,4189,2000,0.57
ADH_GINI,4189,2010,0.47000000000000003
ADH_GINI,4190,1991,0.56
ADH_GINI,4190,2000,0.6099999999999999
ADH_GINI,4190,2010,0.47
ADH_GINI,4191,1991,0.53
ADH_GINI,4191,2000,0.63
ADH_GINI,4191,2010,0.57
ADH_GINI,4192,1991,0.67
ADH_GINI,4192,2000,0.69
ADH_GINI,4192,2010,0.54
ADH_GINI,4193,1991,0.6
ADH_GINI,4193,2000,0.58
ADH_GINI,4193,2010,0.55
ADH_GINI,4194,1991,0.42
ADH_GINI,4194,2000,0.55
ADH_GINI,4194,2010,0.51
ADH_GINI,4195,1991,0.47
ADH_GINI,4195,2000,0.64
ADH_GINI,4195,2010,0.54
ADH_GINI,4196,1991,0.44
ADH_GINI,4196,2000,0.6
ADH_GINI,4196,2010,0.57
ADH_GINI,4197,1991,0.48
ADH_GINI,4197,2000,0.61
ADH_GINI,4197,2010,0.55
ADH_GINI,4198,1991,0.52
ADH_GINI,4198,2000,0.65
ADH_GINI,4198,2010,0.57
ADH_GINI,4199,1991,0.55
ADH_GINI,4199,2000,0.58
ADH_GINI,4199,2010,0.6
ADH_GINI,4200,1991,0.51
ADH_GINI,4200,2000,0.55
ADH_GINI,4200,2010,0.49000000000000005
ADH_GINI,4201,1991,0.52
ADH_GINI,4201,2000,0.54
ADH_GINI,4201,2010,0.5
ADH_GINI,4202,1991,0.7
ADH_GINI,4202,2000,0.53
ADH_GINI,4202,2010,0.5
ADH_GINI,4203,1991,0.5
ADH_GINI,4203,2000,0.59
ADH_GINI,4203,2010,0.47
ADH_GINI,4204,1991,0.51
ADH_GINI,4204,2000,0.6
ADH_GINI,4204,2010,0.63
ADH_GINI,4205,1991,0.5397174281295265
ADH_GINI,4205,2000,0.5807844838971379
ADH_GINI,4205,2010,0.5256465132869628
ADH_GINI,4206,1991,0.52
ADH_GINI,4206,2000,0.57
ADH_GINI,4206,2010,0.53
ADH_GINI,4207,1991,0.45000000000000007
ADH_GINI,4207,2000,0.65
ADH_GINI,4207,2010,0.52
ADH_GINI,4208,1991,0.51
ADH_GINI,4208,2000,0.61
ADH_GINI,4208,2010,0.5
ADH_GINI,4209,1991,0.55
ADH_GINI,4209,2000,0.54
ADH_GINI,4209,2010,0.45
ADH_GINI,4210,1991,0.47
ADH_GINI,4210,2000,0.57
ADH_GINI,4210,2010,0.56
ADH_GINI,4211,1991,0.53
ADH_GINI,4211,2000,0.64
ADH_GINI,4211,2010,0.52
ADH_GINI,4212,1991,0.56
ADH_GINI,4212,2000,0.68
ADH_GINI,4212,2010,0.54
ADH_GINI,4213,1991,0.56
ADH_GINI,4213,2000,0.55
ADH_GINI,4213,2010,0.48999999999999994
ADH_GINI,4214,1991,0.6
ADH_GINI,4214,2000,0.55
ADH_GINI,4214,2010,0.58
ADH_GINI,4215,1991,0.48
ADH_GINI,4215,2000,0.51
ADH_GINI,4215,2010,0.44000000000000006
ADH_GINI,4216,1991,0.54312804679883
ADH_GINI,4216,2000,0.5487754184625963
ADH_GINI,4216,2010,0.5620103649319802
ADH_GINI,4217,1991,0.57
ADH_GINI,4217,2000,0.52
ADH_GINI,4217,2010,0.46
ADH_GINI,4218,1991,0.59
ADH_GINI,4218,2000,0.69
ADH_GINI,4218,2010,0.54
ADH_GINI,4219,1991,0.42999999999999994
ADH_GINI,4219,2000,0.67
ADH_GINI,4219,2010,0.66
ADH_GINI,4220,1991,0.54
ADH_GINI,4220,2000,0.64
ADH_GINI,4220,2010,0.56
ADH_GINI,4221,1991,0.49
ADH_GINI,4221,2000,0.54
ADH_GINI,4221,2010,0.51
ADH_GINI,4222,1991,0.48
ADH_GINI,4222,2000,0.56
ADH_GINI,4222,2010,0.5
ADH_GINI,4223,1991,0.52
ADH_GINI,4223,2000,0.62
ADH_GINI,4223,2010,0.51
ADH_GINI,4224,1991,0.65
ADH_GINI,4224,2000,0.6
ADH_GINI,4224,2010,0.51
ADH_GINI,4225,1991,0.38
ADH_GINI,4225,2000,0.59
ADH_GINI,4225,2010,0.52
ADH_GINI,4226,1991,0.54
ADH_GINI,4226,2000,0.56
ADH_GINI,4226,2010,0.53
ADH_GINI,4227,1991,0.48
ADH_GINI,4227,2000,0.58
ADH_GINI,4227,2010,0.52
ADH_GINI,4228,1991,0.61
ADH_GINI,4228,2000,0.61
ADH_GINI,4228,2010,0.57
ADH_GINI,4229,1991,0.58
ADH_GINI,4229,2000,0.58
ADH_GINI,4229,2010,0.61
ADH_GINI,4230,1991,0.51
ADH_GINI,4230,2000,0.57
ADH_GINI,4230,2010,0.55
ADH_GINI,4231,1991,0.47767780214110667
ADH_GINI,4231,2000,0.5551345920282653
ADH_GINI,4231,2010,0.5364507786691837
ADH_GINI,4232,1991,0.51
ADH_GINI,4232,2000,0.56
ADH_GINI,4232,2010,0.54
ADH_GINI,4233,1991,0.57
ADH_GINI,4233,2000,0.69
ADH_GINI,4233,2010,0.55
ADH_GINI,4234,1991,0.44
ADH_GINI,4234,2000,0.6
ADH_GINI,4234,2010,0.53
ADH_GINI,4235,1991,0.5899999999999999
ADH_GINI,4235,2000,0.6
ADH_GINI,4235,2010,0.54
ADH_GINI,4236,1991,0.53
ADH_GINI,4236,2000,0.62
ADH_GINI,4236,2010,0.6
ADH_GINI,5001,1991,0.53
ADH_GINI,5001,2000,0.47
ADH_GINI,5001,2010,0.49
ADH_GINI,5002,1991,0.555514340790934
ADH_GINI,5002,2000,0.5696290667358614
ADH_GINI,5002,2010,0.5123988602519308
ADH_GINI,5003,1991,0.49
ADH_GINI,5003,2000,0.57
ADH_GINI,5003,2010,0.53
ADH_GINI,5004,1991,0.53
ADH_GINI,5004,2000,0.55
ADH_GINI,5004,2010,0.44
ADH_GINI,5005,1991,0.6
ADH_GINI,5005,2000,0.56
ADH_GINI,5005,2010,0.53
ADH_GINI,5006,1991,0.56
ADH_GINI,5006,2000,0.57
ADH_GINI,5006,2010,0.49
ADH_GINI,5007,1991,0.48
ADH_GINI,5007,2000,0.53
ADH_GINI,5007,2010,0.47
ADH_GINI,5008,1991,0.539995855494923
ADH_GINI,5008,2000,0.58
ADH_GINI,5008,2010,0.5179261265014233
ADH_GINI,5009,1991,0.71
ADH_GINI,5009,2000,0.57
ADH_GINI,5009,2010,0.51
ADH_GINI,5010,1991,0.53
ADH_GINI,5010,2000,0.53
ADH_GINI,5010,2010,0.55
ADH_GINI,5011,1991,0.4600000000000001
ADH_GINI,5011,2000,0.54
ADH_GINI,5011,2010,0.53
ADH_GINI,5012,1991,0.5199911561344267
ADH_GINI,5012,2000,0.6315488295105226
ADH_GINI,5012,2010,0.6267804377024572
ADH_GINI,5013,1991,0.53
ADH_GINI,5013,2000,0.5
ADH_GINI,5013,2010,0.47
ADH_GINI,5014,1991,0.5
ADH_GINI,5014,2000,0.55
ADH_GINI,5014,2010,0.5
ADH_GINI,5015,1991,0.51
ADH_GINI,5015,2000,0.61
ADH_GINI,5015,2010,0.4699999999999999
ADH_GINI,5016,1991,0.47999534586072484
ADH_GINI,5016,2000,0.5644371602174609
ADH_GINI,5016,2010,0.5455186645312308
ADH_GINI,5017,1991,0.47
ADH_GINI,5017,2000,0.55
ADH_GINI,5017,2010,0.54
ADH_GINI,5018,1991,0.47
ADH_GINI,5018,2000,0.56
ADH_GINI,5018,2010,0.48999999999999994
ADH_GINI,5019,1991,0.47999888193202145
ADH_GINI,5019,2000,0.5130382337102853
ADH_GINI,5019,2010,0.5333088644199755
ADH_GINI,5020,1991,0.42999999999999994
ADH_GINI,5020,2000,0.55
ADH_GINI,5020,2010,0.49000000000000005
ADH_GINI,5021,1991,0.54
ADH_GINI,5021,2000,0.56
ADH_GINI,5021,2010,0.56
ADH_GINI,5022,1991,0.47
ADH_GINI,5022,2000,0.56
ADH_GINI,5022,2010,0.56
ADH_GINI,5023,1991,0.45000000000000007
ADH_GINI,5023,2000,0.55
ADH_GINI,5023,2010,0.49
ADH_GINI,5024,1991,0.56
ADH_GINI,5024,2000,0.53
ADH_GINI,5024,2010,0.54
ADH_GINI,5025,1991,0.42000000000000004
ADH_GINI,5025,2000,0.5
ADH_GINI,5025,2010,0.41
ADH_GINI,5026,1991,0.49
ADH_GINI,5026,2000,0.55
ADH_GINI,5026,2010,0.51
ADH_GINI,5027,1991,0.49
ADH_GINI,5027,2000,0.57
ADH_GINI,5027,2010,0.54
ADH_GINI,5028,1991,0.55
ADH_GINI,5028,2000,0.65
ADH_GINI,5028,2010,0.55
ADH_GINI,5029,1991,0.64
ADH_GINI,5029,2000,0.61
ADH_GINI,5029,2010,0.5
ADH_GINI,5030,1991,0.51
ADH_GINI,5030,2000,0.62
ADH_GINI,5030,2010,0.42
ADH_GINI,5031,1991,0.61
ADH_GINI,5031,2000,0.58
ADH_GINI,5031,2010,0.58
ADH_GINI,5032,1991,0.55
ADH_GINI,5032,2000,0.64
ADH_GINI,5032,2010,0.49
ADH_GINI,5033,1991,0.52
ADH_GINI,5033,2000,0.58
ADH_GINI,5033,2010,0.55
ADH_GINI,5034,1991,0.59
ADH_GINI,5034,2000,0.5
ADH_GINI,5034,2010,0.4699999999999999
ADH_GINI,5035,1991,0.47
ADH_GINI,5035,2000,0.47
ADH_GINI,5035,2010,0.5
ADH_GINI,5036,1991,0.45999999999999996
ADH_GINI,5036,2000,0.57
ADH_GINI,5036,2010,0.54
ADH_GINI,5037,1991,0.47
ADH_GINI,5037,2000,0.55
ADH_GINI,5037,2010,0.54
ADH_GINI,5038,1991,0.57
ADH_GINI,5038,2000,0.5
ADH_GINI,5038,2010,0.4799999999999999
ADH_GINI,5039,1991,0.5399991951710261
ADH_GINI,5039,2000,0.51670500373413
ADH_GINI,5039,2010,0.48247337278106506
ADH_GINI,5040,1991,0.44
ADH_GINI,5040,2000,0.52
ADH_GINI,5040,2010,0.5
ADH_GINI,5041,1991,0.63
ADH_GINI,5041,2000,0.5
ADH_GINI,5041,2010,0.47
ADH_GINI,5042,1991,0.44
ADH_GINI,5042,2000,0.61
ADH_GINI,5042,2010,0.57
ADH_GINI,5043,1991,0.52
ADH_GINI,5043,2000,0.61
ADH_GINI,5043,2010,0.55
ADH_GINI,5044,1991,0.4799999999999999
ADH_GINI,5044,2000,0.54
ADH_GINI,5044,2010,0.49
ADH_GINI,5045,1991,0.43999570215966477
ADH_GINI,5045,2000,0.5
ADH_GINI,5045,2010,0.5069128440366972
ADH_GINI,5046,1991,0.54
ADH_GINI,5046,2000,0.49
ADH_GINI,5046,2010,0.51
ADH_GINI,5047,1991,0.46
ADH_GINI,5047,2000,0.61
ADH_GINI,5047,2010,0.51
ADH_GINI,5048,1991,0.40999937585819496
ADH_GINI,5048,2000,0.5393682936224069
ADH_GINI,5048,2010,0.45999230325187607
ADH_GINI,5049,1991,0.41
ADH_GINI,5049,2000,0.5
ADH_GINI,5049,2010,0.4
ADH_GINI,5050,1991,0.63
ADH_GINI,5050,2000,0.53
ADH_GINI,5050,2010,0.48
ADH_GINI,5051,1991,0.51
ADH_GINI,5051,2000,0.56
ADH_GINI,5051,2010,0.48
ADH_GINI,5052,1991,0.41
ADH_GINI,5052,2000,0.52
ADH_GINI,5052,2010,0.53
ADH_GINI,5053,1991,0.62
ADH_GINI,5053,2000,0.52
ADH_GINI,5053,2010,0.4699999999999999
ADH_GINI,5054,1991,0.52
ADH_GINI,5054,2000,0.59
ADH_GINI,5054,2010,0.53
ADH_GINI,5055,1991,0.56
ADH_GINI,5055,2000,0.65
ADH_GINI,5055,2010,0.51
ADH_GINI,5056,1991,0.52
ADH_GINI,5056,2000,0.47
ADH_GINI,5056,2010,0.53
ADH_GINI,5057,1991,0.48
ADH_GINI,5057,2000,0.48999999999999994
ADH_GINI,5057,2010,0.42
ADH_GINI,5058,1991,0.48
ADH_GINI,5058,2000,0.54
ADH_GINI,5058,2010,0.5
ADH_GINI,5059,1991,0.5
ADH_GINI,5059,2000,0.59
ADH_GINI,5059,2010,0.56
ADH_GINI,5060,1991,0.62
ADH_GINI,5060,2000,0.59
ADH_GINI,5060,2010,0.55
ADH_GINI,5061,1991,0.63
ADH_GINI,5061,2000,0.62
ADH_GINI,5061,2010,0.47000000000000003
ADH_GINI,5062,1991,0.53
ADH_GINI,5062,2000,0.56
ADH_GINI,5062,2010,0.46
ADH_GINI,5063,1991,0.4899929676511955
ADH_GINI,5063,2000,0.5000024274790631
ADH_GINI,5063,2010,0.4637514175550011
ADH_GINI,5064,1991,0.5
ADH_GINI,5064,2000,0.59
ADH_GINI,5064,2010,0.54
ADH_GINI,5065,1991,0.52
ADH_GINI,5065,2000,0.57
ADH_GINI,5065,2010,0.52
ADH_GINI,5066,1991,0.45
ADH_GINI,5066,2000,0.53
ADH_GINI,5066,2010,0.42
ADH_GINI,5067,1991,0.5
ADH_GINI,5067,2000,0.62
ADH_GINI,5067,2010,0.5
ADH_GINI,5068,1991,0.46
ADH_GINI,5068,2000,0.56
ADH_GINI,5068,2010,0.54
ADH_GINI,5069,1991,0.56
ADH_GINI,5069,2000,0.51
ADH_GINI,5069,2010,0.48999999999999994
ADH_GINI,5070,1991,0.47000000000000003
ADH_GINI,5070,2000,0.57
ADH_GINI,5070,2010,0.45
ADH_GINI,5071,1991,0.66
ADH_GINI,5071,2000,0.56
ADH_GINI,5071,2010,0.62
ADH_GINI,5072,1991,0.6099947075946017
ADH_GINI,5072,2000,0.5632044290199967
ADH_GINI,5072,2010,0.5392408337136773
ADH_GINI,5073,1991,0.5
ADH_GINI,5073,2000,0.55
ADH_GINI,5073,2010,0.5
ADH_GINI,5074,1991,0.57
ADH_GINI,5074,2000,0.48
ADH_GINI,5074,2010,0.5
ADH_GINI,5075,1991,0.53
ADH_GINI,5075,2000,0.63
ADH_GINI,5075,2010,0.52
ADH_GINI,5076,1991,0.6299918699186992
ADH_GINI,5076,2000,0.6078660565723794
ADH_GINI,5076,2010,0.4935585514970998
ADH_GINI,5077,1991,0.4799985206006361
ADH_GINI,5077,2000,0.5228249506330584
ADH_GINI,5077,2010,0.52
ADH_GINI,5078,1991,0.54
ADH_GINI,5078,2000,0.45
ADH_GINI,5078,2010,0.44
ADH_GINI,5079,1991,0.6
ADH_GINI,5079,2000,0.5
ADH_GINI,5079,2010,0.53
ADH_GINI,5080,1991,0.56
ADH_GINI,5080,2000,0.56
ADH_GINI,5080,2010,0.52
ADH_GINI,5081,1991,0.55
ADH_GINI,5081,2000,0.54
ADH_GINI,5081,2010,0.48
ADH_GINI,5082,1991,0.6
ADH_GINI,5082,2000,0.63
ADH_GINI,5082,2010,0.61
ADH_GINI,5083,1991,0.64
ADH_GINI,5083,2000,0.58
ADH_GINI,5083,2010,0.53
ADH_GINI,5084,1991,0.58
ADH_GINI,5084,2000,0.59
ADH_GINI,5084,2010,0.52
ADH_GINI,5085,1991,0.53
ADH_GINI,5085,2000,0.45
ADH_GINI,5085,2010,0.48
ADH_GINI,5086,1991,0.48
ADH_GINI,5086,2000,0.49
ADH_GINI,5086,2010,0.43
ADH_GINI,5087,1991,0.69
ADH_GINI,5087,2000,0.63
ADH_GINI,5087,2010,0.49
ADH_GINI,5088,1991,0.55
ADH_GINI,5088,2000,0.57
ADH_GINI,5088,2010,0.46
ADH_GINI,5089,1991,0.43
ADH_GINI,5089,2000,0.51
ADH_GINI,5089,2010,0.52
ADH_GINI,5090,1991,0.52
ADH_GINI,5090,2000,0.52
ADH_GINI,5090,2010,0.45000000000000007
ADH_GINI,5091,1991,0.55
ADH_GINI,5091,2000,0.57
ADH_GINI,5091,2010,0.51
ADH_GINI,5092,1991,0.44
ADH_GINI,5092,2000,0.58
ADH_GINI,5092,2010,0.4099999999999999
ADH_GINI,5093,1991,0.56
ADH_GINI,5093,2000,0.67
ADH_GINI,5093,2010,0.52
ADH_GINI,5094,1991,0.5099979395604396
ADH_GINI,5094,2000,0.5471204545454545
ADH_GINI,5094,2010,0.47306673137587957
ADH_GINI,5095,1991,0.59
ADH_GINI,5095,2000,0.57
ADH_GINI,5095,2010,0.54
ADH_GINI,5096,1991,0.6
ADH_GINI,5096,2000,0.51
ADH_GINI,5096,2010,0.48
ADH_GINI,5097,1991,0.58
ADH_GINI,5097,2000,0.64
ADH_GINI,5097,2010,0.56
ADH_GINI,5098,1991,0.45000000000000007
ADH_GINI,5098,2000,0.64
ADH_GINI,5098,2010,0.52
ADH_GINI,5099,1991,0.54
ADH_GINI,5099,2000,0.63
ADH_GINI,5099,2010,0.51
ADH_GINI,5100,1991,0.5
ADH_GINI,5100,2000,0.48
ADH_GINI,5100,2010,0.55
ADH_GINI,5101,1991,0.57
ADH_GINI,5101,2000,0.45
ADH_GINI,5101,2010,0.47
ADH_GINI,5102,1991,0.52
ADH_GINI,5102,2000,0.49
ADH_GINI,5102,2010,0.56
ADH_GINI,5103,1991,0.55
ADH_GINI,5103,2000,0.6099999999999999
ADH_GINI,5103,2010,0.52
ADH_GINI,5104,1991,0.61
ADH_GINI,5104,2000,0.77
ADH_GINI,5104,2010,0.56
ADH_GINI,5105,1991,0.46
ADH_GINI,5105,2000,0.51
ADH_GINI,5105,2010,0.53
ADH_GINI,5106,1991,0.6
ADH_GINI,5106,2000,0.54
ADH_GINI,5106,2010,0.45
ADH_GINI,5107,1991,0.56
ADH_GINI,5107,2000,0.51
ADH_GINI,5107,2010,0.49
ADH_GINI,5108,1991,0.49000000000000005
ADH_GINI,5108,2000,0.54
ADH_GINI,5108,2010,0.47
ADH_GINI,5109,1991,0.72
ADH_GINI,5109,2000,0.54
ADH_GINI,5109,2010,0.5
ADH_GINI,5110,1991,0.41
ADH_GINI,5110,2000,0.64
ADH_GINI,5110,2010,0.54
ADH_GINI,5111,1991,0.47
ADH_GINI,5111,2000,0.56
ADH_GINI,5111,2010,0.46
ADH_GINI,5112,1991,0.51
ADH_GINI,5112,2000,0.56
ADH_GINI,5112,2010,0.51
ADH_GINI,5113,1991,0.52
ADH_GINI,5113,2000,0.6
ADH_GINI,5113,2010,0.52
ADH_GINI,5114,1991,0.44000000000000006
ADH_GINI,5114,2000,0.41
ADH_GINI,5114,2010,0.4099999999999999
ADH_GINI,5115,1991,0.59
ADH_GINI,5115,2000,0.63
ADH_GINI,5115,2010,0.57
ADH_GINI,5116,1991,0.62
ADH_GINI,5116,2000,0.57
ADH_GINI,5116,2010,0.49
ADH_GINI,5117,1991,0.48
ADH_GINI,5117,2000,0.4
ADH_GINI,5117,2010,0.44
ADH_GINI,5118,1991,0.47
ADH_GINI,5118,2000,0.53
ADH_GINI,5118,2010,0.41
ADH_GINI,5119,1991,0.44
ADH_GINI,5119,2000,0.49000000000000005
ADH_GINI,5119,2010,0.44
ADH_GINI,5120,1991,0.49
ADH_GINI,5120,2000,0.5
ADH_GINI,5120,2010,0.47
ADH_GINI,5121,1991,0.51
ADH_GINI,5121,2000,0.54
ADH_GINI,5121,2010,0.55
ADH_GINI,5122,1991,0.56
ADH_GINI,5122,2000,0.55
ADH_GINI,5122,2010,0.5
ADH_GINI,5123,1991,0.55
ADH_GINI,5123,2000,0.57
ADH_GINI,5123,2010,0.43
ADH_GINI,5124,1991,0.5599938929863297
ADH_GINI,5124,2000,0.6058133016223562
ADH_GINI,5124,2010,0.5255874201247209
ADH_GINI,5125,1991,0.5699977813932849
ADH_GINI,5125,2000,0.5793115993118814
ADH_GINI,5125,2010,0.5178193616539651
ADH_GINI,5126,1991,0.55
ADH_GINI,5126,2000,0.54
ADH_GINI,5126,2010,0.52
ADH_GINI,5127,1991,0.55
ADH_GINI,5127,2000,0.54
ADH_GINI,5127,2010,0.52
ADH_GINI,5128,1991,0.5
ADH_GINI,5128,2000,0.59
ADH_GINI,5128,2010,0.48999999999999994
ADH_GINI,5129,1991,0.5
ADH_GINI,5129,2000,0.55
ADH_GINI,5129,2010,0.52
ADH_GINI,5130,1991,0.44
ADH_GINI,5130,2000,0.55
ADH_GINI,5130,2010,0.5
ADH_GINI,5131,1991,0.53
ADH_GINI,5131,2000,0.48000000000000004
ADH_GINI,5131,2010,0.43
ADH_GINI,5132,1991,0.55
ADH_GINI,5132,2000,0.59
ADH_GINI,5132,2010,0.53
ADH_GINI,5133,1991,0.55
ADH_GINI,5133,2000,0.5
ADH_GINI,5133,2010,0.42
ADH_GINI,5134,1991,0.47
ADH_GINI,5134,2000,0.67
ADH_GINI,5134,2010,0.52
ADH_GINI,5135,1991,0.39
ADH_GINI,5135,2000,0.53
ADH_GINI,5135,2010,0.52
ADH_GINI,5136,1991,0.52
ADH_GINI,5136,2000,0.59
ADH_GINI,5136,2010,0.4600000000000001
ADH_GINI,5137,1991,0.56
ADH_GINI,5137,2000,0.38
ADH_GINI,5137,2010,0.4799999999999999
ADH_GINI,5138,1991,0.48
ADH_GINI,5138,2000,0.61
ADH_GINI,5138,2010,0.45
ADH_GINI,5139,1991,0.58
ADH_GINI,5139,2000,0.52
ADH_GINI,5139,2010,0.52
ADH_GINI,5140,1991,0.56
ADH_GINI,5140,2000,0.57
ADH_GINI,5140,2010,0.46
ADH_GINI,5141,1991,0.5
ADH_GINI,5141,2000,0.56
ADH_GINI,5141,2010,0.6
ADH_GINI,5142,1991,0.42
ADH_GINI,5142,2000,0.61
ADH_GINI,5142,2010,0.36
ADH_GINI,5143,1991,0.61
ADH_GINI,5143,2000,0.56
ADH_GINI,5143,2010,0.51
ADH_GINI,5144,1991,0.56
ADH_GINI,5144,2000,0.58
ADH_GINI,5144,2010,0.54
ADH_GINI,5145,1991,0.49
ADH_GINI,5145,2000,0.57
ADH_GINI,5145,2010,0.42
ADH_GINI,5146,1991,0.69
ADH_GINI,5146,2000,0.43
ADH_GINI,5146,2010,0.47
ADH_GINI,5147,1991,0.39
ADH_GINI,5147,2000,0.72
ADH_GINI,5147,2010,0.46
ADH_GINI,6001,1991,0.53
ADH_GINI,6001,2000,0.71
ADH_GINI,6001,2010,0.54
ADH_GINI,6002,1991,0.49
ADH_GINI,6002,2000,0.5
ADH_GINI,6002,2010,0.65
ADH_GINI,6003,1991,0.6
ADH_GINI,6003,2000,0.55
ADH_GINI,6003,2010,0.53
ADH_GINI,6004,1991,0.5199986569970454
ADH_GINI,6004,2000,0.5783628260006178
ADH_GINI,6004,2010,0.5219973335555371
ADH_GINI,6005,1991,0.47
ADH_GINI,6005,2000,0.53
ADH_GINI,6005,2010,0.52
ADH_GINI,6006,1991,0.519993986590096
ADH_GINI,6006,2000,0.485295356823363
ADH_GINI,6006,2010,0.48283348816875243
ADH_GINI,6007,1991,0.5699883504193849
ADH_GINI,6007,2000,0.5458091455936459
ADH_GINI,6007,2010,0.5405108537624707
ADH_GINI,6008,1991,0.48
ADH_GINI,6008,2000,0.52
ADH_GINI,6008,2010,0.45
ADH_GINI,6009,1991,0.5600051039346697
ADH_GINI,6009,2000,0.6016654082114206
ADH_GINI,6009,2010,0.515651291762478
ADH_GINI,6010,1991,0.4900005803493704
ADH_GINI,6010,2000,0.5233124519827433
ADH_GINI,6010,2010,0.5
ADH_GINI,6011,1991,0.5599945665221951
ADH_GINI,6011,2000,0.5619426856094211
ADH_GINI,6011,2010,0.5266878640942074
ADH_GINI,6012,1991,0.45999999999999996
ADH_GINI,6012,2000,0.51
ADH_GINI,6012,2010,0.53
ADH_GINI,6013,1991,0.56
ADH_GINI,6013,2000,0.51
ADH_GINI,6013,2010,0.54
ADH_GINI,6014,1991,0.6199893836955915
ADH_GINI,6014,2000,0.5313609650479431
ADH_GINI,6014,2010,0.5155755249491984
ADH_GINI,6015,1991,0.57
ADH_GINI,6015,2000,0.6
ADH_GINI,6015,2010,0.55
ADH_GINI,6016,1991,0.5000029027576197
ADH_GINI,6016,2000,0.473010041636052
ADH_GINI,6016,2010,0.4868389423076923
ADH_GINI,6017,1991,0.6
ADH_GINI,6017,2000,0.53
ADH_GINI,6017,2010,0.48999999999999994
ADH_GINI,6018,1991,0.5499968749999999
ADH_GINI,6018,2000,0.5330387646660247
ADH_GINI,6018,2010,0.5738990458154272
ADH_GINI,6019,1991,0.5093389674247081
ADH_GINI,6019,2000,0.5128867728016665
ADH_GINI,6019,2010,0.4950852892475096
ADH_GINI,6020,1991,0.5
ADH_GINI,6020,2000,0.57
ADH_GINI,6020,2010,0.58
ADH_GINI,6021,1991,0.59
ADH_GINI,6021,2000,0.59
ADH_GINI,6021,2010,0.59
ADH_GINI,6022,1991,0.5299925910245554
ADH_GINI,6022,2000,0.5515043911701876
ADH_GINI,6022,2010,0.5262391943677034
ADH_GINI,6023,1991,0.4600029375477352
ADH_GINI,6023,2000,0.5039059146196041
ADH_GINI,6023,2010,0.5122862989977436
ADH_GINI,6024,1991,0.44000000000000006
ADH_GINI,6024,2000,0.55
ADH_GINI,6024,2010,0.45000000000000007
ADH_GINI,6025,1991,0.45000000000000007
ADH_GINI,6025,2000,0.45000000000000007
ADH_GINI,6025,2010,0.46
ADH_GINI,6026,1991,0.49
ADH_GINI,6026,2000,0.54
ADH_GINI,6026,2010,0.49
ADH_GINI,6027,1991,0.47
ADH_GINI,6027,2000,0.48
ADH_GINI,6027,2010,0.46
ADH_GINI,6028,1991,0.6299868011690393
ADH_GINI,6028,2000,0.5542413021012745
ADH_GINI,6028,2010,0.5050061000406669
ADH_GINI,6029,1991,0.51
ADH_GINI,6029,2000,0.5
ADH_GINI,6029,2010,0.46
ADH_GINI,6030,1991,0.6099997548328573
ADH_GINI,6030,2000,0.6186170395821422
ADH_GINI,6030,2010,0.5774547312487226
ADH_GINI,6031,1991,0.69
ADH_GINI,6031,2000,0.51
ADH_GINI,6031,2010,0.5
ADH_GINI,6032,1991,0.52
ADH_GINI,6032,2000,0.54
ADH_GINI,6032,2010,0.45
ADH_GINI,6033,1991,0.62
ADH_GINI,6033,2000,0.55
ADH_GINI,6033,2010,0.52
ADH_GINI,6034,1991,0.4699999999999999
ADH_GINI,6034,2000,0.52
ADH_GINI,6034,2010,0.52
ADH_GINI,6035,1991,0.54
ADH_GINI,6035,2000,0.6
ADH_GINI,6035,2010,0.5
ADH_GINI,6036,1991,0.44000504141159524
ADH_GINI,6036,2000,0.5151373134328359
ADH_GINI,6036,2010,0.46886270007428915
ADH_GINI,6037,1991,0.52
ADH_GINI,6037,2000,0.54
ADH_GINI,6037,2010,0.45999999999999996
ADH_GINI,6038,1991,0.44
ADH_GINI,6038,2000,0.51
ADH_GINI,6038,2010,0.47
ADH_GINI,6039,1991,0.5499757320821874
ADH_GINI,6039,2000,0.4864855687606112
ADH_GINI,6039,2010,0.46324614352783366
ADH_GINI,6040,1991,0.61
ADH_GINI,6040,2000,0.66
ADH_GINI,6040,2010,0.6999999999999998
ADH_GINI,6041,1991,0.58
ADH_GINI,6041,2000,0.51
ADH_GINI,6041,2010,0.5
ADH_GINI,6042,1991,0.45
ADH_GINI,6042,2000,0.51
ADH_GINI,6042,2010,0.49
ADH_GINI,6043,1991,0.6
ADH_GINI,6043,2000,0.58
ADH_GINI,6043,2010,0.53
ADH_GINI,6044,1991,0.5999913874099593
ADH_GINI,6044,2000,0.5832786103542233
ADH_GINI,6044,2010,0.5353975008443094
ADH_GINI,6045,1991,0.45999715099715105
ADH_GINI,6045,2000,0.5294894530520814
ADH_GINI,6045,2010,0.47821537358896254
ADH_GINI,6046,1991,0.62
ADH_GINI,6046,2000,0.61
ADH_GINI,6046,2010,0.56
ADH_GINI,6047,1991,0.579991648529635
ADH_GINI,6047,2000,0.5258845806152118
ADH_GINI,6047,2010,0.5238437440668312
ADH_GINI,6048,1991,0.45
ADH_GINI,6048,2000,0.47
ADH_GINI,6048,2010,0.47
ADH_GINI,6049,1991,0.42
ADH_GINI,6049,2000,0.49000000000000005
ADH_GINI,6049,2010,0.46
ADH_GINI,6050,1991,0.500004409701343
ADH_GINI,6050,2000,0.528401992683689
ADH_GINI,6050,2010,0.5120404619404872
ADH_GINI,6051,1991,0.5899854072698327
ADH_GINI,6051,2000,0.4725900789733465
ADH_GINI,6051,2010,0.4921594079825306
ADH_GINI,6052,1991,0.72
ADH_GINI,6052,2000,0.5
ADH_GINI,6052,2010,0.4699999999999999
ADH_GINI,6053,1991,0.6299954174686097
ADH_GINI,6053,2000,0.5888277010691453
ADH_GINI,6053,2010,0.5620911972978578
ADH_GINI,6054,1991,0.54
ADH_GINI,6054,2000,0.55
ADH_GINI,6054,2010,0.52
ADH_GINI,6055,1991,0.53
ADH_GINI,6055,2000,0.55
ADH_GINI,6055,2010,0.5
ADH_GINI,6056,1991,0.5300025843132188
ADH_GINI,6056,2000,0.5783481540108943
ADH_GINI,6056,2010,0.5583841658296047
ADH_GINI,6057,1991,0.48
ADH_GINI,6057,2000,0.5
ADH_GINI,6057,2010,0.48
ADH_GINI,6058,1991,0.43
ADH_GINI,6058,2000,0.56
ADH_GINI,6058,2010,0.52
ADH_GINI,6059,1991,0.52
ADH_GINI,6059,2000,0.42
ADH_GINI,6059,2010,0.49000000000000005
ADH_GINI,6060,1991,0.51
ADH_GINI,6060,2000,0.55
ADH_GINI,6060,2010,0.51
ADH_GINI,6061,1991,0.6099904383642248
ADH_GINI,6061,2000,0.5216945316492663
ADH_GINI,6061,2010,0.48
ADH_GINI,6062,1991,0.46
ADH_GINI,6062,2000,0.51
ADH_GINI,6062,2010,0.43
ADH_GINI,6063,1991,0.49
ADH_GINI,6063,2000,0.51
ADH_GINI,6063,2010,0.48
ADH_GINI,6064,1991,0.49999568109181997
ADH_GINI,6064,2000,0.5573234563520226
ADH_GINI,6064,2010,0.508630924093835
ADH_GINI,6065,1991,0.41
ADH_GINI,6065,2000,0.53
ADH_GINI,6065,2010,0.49
ADH_GINI,6066,1991,0.55
ADH_GINI,6066,2000,0.53
ADH_GINI,6066,2010,0.59
ADH_GINI,6067,1991,0.52
ADH_GINI,6067,2000,0.42
ADH_GINI,6067,2010,0.47
ADH_GINI,6068,1991,0.45
ADH_GINI,6068,2000,0.58
ADH_GINI,6068,2010,0.55
ADH_GINI,6069,1991,0.58
ADH_GINI,6069,2000,0.61
ADH_GINI,6069,2010,0.54
ADH_GINI,6070,1991,0.459986409350367
ADH_GINI,6070,2000,0.5120600385568713
ADH_GINI,6070,2010,0.4826440931158969
ADH_GINI,6071,1991,0.53
ADH_GINI,6071,2000,0.62
ADH_GINI,6071,2010,0.4600000000000001
ADH_GINI,6072,1991,0.57
ADH_GINI,6072,2000,0.57
ADH_GINI,6072,2010,0.5400000000000001
ADH_GINI,6073,1991,0.55
ADH_GINI,6073,2000,0.58
ADH_GINI,6073,2010,0.52
ADH_GINI,6074,1991,0.51
ADH_GINI,6074,2000,0.51
ADH_GINI,6074,2010,0.57
ADH_GINI,6075,1991,0.57
ADH_GINI,6075,2000,0.52
ADH_GINI,6075,2010,0.53
ADH_GINI,6076,1991,0.43
ADH_GINI,6076,2000,0.49000000000000005
ADH_GINI,6076,2010,0.45000000000000007
ADH_GINI,6077,1991,0.5300115264284538
ADH_GINI,6077,2000,0.5301574521381285
ADH_GINI,6077,2010,0.4591012592720372
ADH_GINI,6078,1991,0.51
ADH_GINI,6078,2000,0.49
ADH_GINI,6078,2010,0.53
ADH_GINI,6079,1991,0.55
ADH_GINI,6079,2000,0.58
ADH_GINI,6079,2010,0.52
ADH_GINI,6080,1991,0.45999539637234144
ADH_GINI,6080,2000,0.5044708463657159
ADH_GINI,6080,2010,0.49000000000000005
ADH_GINI,6081,1991,0.5
ADH_GINI,6081,2000,0.52
ADH_GINI,6081,2010,0.5
ADH_GINI,6082,1991,0.55
ADH_GINI,6082,2000,0.56
ADH_GINI,6082,2010,0.5
ADH_GINI,6083,1991,0.47
ADH_GINI,6083,2000,0.5
ADH_GINI,6083,2010,0.48
ADH_GINI,6084,1991,0.4600000000000001
ADH_GINI,6084,2000,0.49000000000000005
ADH_GINI,6084,2010,0.49
ADH_GINI,6085,1991,0.5400005451076587
ADH_GINI,6085,2000,0.54972
ADH_GINI,6085,2010,0.5312239305830415
ADH_GINI,6086,1991,0.5199904852521409
ADH_GINI,6086,2000,0.5002743066138373
ADH_GINI,6086,2010,0.4941679687500001
ADH_GINI,6087,1991,0.62
ADH_GINI,6087,2000,0.62
ADH_GINI,6087,2010,0.62
ADH_GINI,6088,1991,0.49
ADH_GINI,6088,2000,0.46
ADH_GINI,6088,2010,0.48
ADH_GINI,6089,1991,0.48
ADH_GINI,6089,2000,0.49000000000000005
ADH_GINI,6089,2010,0.47000000000000003
ADH_GINI,6090,1991,0.44
ADH_GINI,6090,2000,0.53
ADH_GINI,6090,2010,0.53
ADH_GINI,6091,1991,0.53
ADH_GINI,6091,2000,0.58
ADH_GINI,6091,2010,0.51
ADH_GINI,6092,1991,0.45000000000000007
ADH_GINI,6092,2000,0.53
ADH_GINI,6092,2010,0.45000000000000007
ADH_GINI,6093,1991,0.64
ADH_GINI,6093,2000,0.49
ADH_GINI,6093,2010,0.52
ADH_GINI,6094,1991,0.62
ADH_GINI,6094,2000,0.53
ADH_GINI,6094,2010,0.54
ADH_GINI,6095,1991,0.42
ADH_GINI,6095,2000,0.45000000000000007
ADH_GINI,6095,2010,0.44
ADH_GINI,6096,1991,0.61
ADH_GINI,6096,2000,0.58
ADH_GINI,6096,2010,0.5
ADH_GINI,6097,1991,0.39
ADH_GINI,6097,2000,0.55
ADH_GINI,6097,2010,0.55
ADH_GINI,6098,1991,0.6
ADH_GINI,6098,2000,0.51
ADH_GINI,6098,2010,0.5
ADH_GINI,6099,1991,0.47
ADH_GINI,6099,2000,0.56
ADH_GINI,6099,2010,0.58
ADH_GINI,6100,1991,0.48
ADH_GINI,6100,2000,0.54
ADH_GINI,6100,2010,0.53
ADH_GINI,6101,1991,0.4699999999999999
ADH_GINI,6101,2000,0.5465262677982745
ADH_GINI,6101,2010,0.5024878208272029
ADH_GINI,6102,1991,0.42
ADH_GINI,6102,2000,0.52
ADH_GINI,6102,2010,0.46
ADH_GINI,6103,1991,0.5
ADH_GINI,6103,2000,0.6
ADH_GINI,6103,2010,0.46
ADH_GINI,6104,1991,0.44
ADH_GINI,6104,2000,0.5
ADH_GINI,6104,2010,0.48
ADH_GINI,6105,1991,0.5000045576254771
ADH_GINI,6105,2000,0.627775684427436
ADH_GINI,6105,2010,0.538176388612383
ADH_GINI,6106,1991,0.55
ADH_GINI,6106,2000,0.48
ADH_GINI,6106,2010,0.5
ADH_GINI,6107,1991,0.52
ADH_GINI,6107,2000,0.54
ADH_GINI,6107,2010,0.4699999999999999
ADH_GINI,6108,1991,0.57
ADH_GINI,6108,2000,0.59
ADH_GINI,6108,2010,0.54
ADH_GINI,6109,1991,0.54
ADH_GINI,6109,2000,0.57
ADH_GINI,6109,2010,0.57
ADH_GINI,6110,1991,0.47000000000000003
ADH_GINI,6110,2000,0.51
ADH_GINI,6110,2010,0.48999999999999994
ADH_GINI,6111,1991,0.56
ADH_GINI,6111,2000,0.52
ADH_GINI,6111,2010,0.54
ADH_GINI,6112,1991,0.52
ADH_GINI,6112,2000,0.56
ADH_GINI,6112,2010,0.52
ADH_GINI,6113,1991,0.52
ADH_GINI,6113,2000,0.49
ADH_GINI,6113,2010,0.51
ADH_GINI,6114,1991,0.59
ADH_GINI,6114,2000,0.59
ADH_GINI,6114,2010,0.52
ADH_GINI,6115,1991,0.48
ADH_GINI,6115,2000,0.48
ADH_GINI,6115,2010,0.45
ADH_GINI,6116,1991,0.51
ADH_GINI,6116,2000,0.63
ADH_GINI,6116,2010,0.55
ADH_GINI,6117,1991,0.4600000000000001
ADH_GINI,6117,2000,0.51
ADH_GINI,6117,2010,0.49
ADH_GINI,6118,1991,0.46
ADH_GINI,6118,2000,0.48
ADH_GINI,6118,2010,0.47
ADH_GINI,6119,1991,0.48000647144475006
ADH_GINI,6119,2000,0.4822644895029607
ADH_GINI,6119,2010,0.48999999999999994
ADH_GINI,6120,1991,0.57
ADH_GINI,6120,2000,0.57
ADH_GINI,6120,2010,0.56
ADH_GINI,6121,1991,0.55
ADH_GINI,6121,2000,0.56
ADH_GINI,6121,2010,0.49
ADH_GINI,6122,1991,0.52
ADH_GINI,6122,2000,0.58
ADH_GINI,6122,2010,0.5
ADH_GINI,6123,1991,0.43
ADH_GINI,6123,2000,0.49
ADH_GINI,6123,2010,0.49
ADH_GINI,6124,1991,0.54
ADH_GINI,6124,2000,0.49
ADH_GINI,6124,2010,0.53
ADH_GINI,6125,1991,0.5
ADH_GINI,6125,2000,0.57
ADH_GINI,6125,2010,0.53
ADH_GINI,6126,1991,0.4599992739944823
ADH_GINI,6126,2000,0.5429168314221695
ADH_GINI,6126,2010,0.49659680220372476
ADH_GINI,6127,1991,0.53
ADH_GINI,6127,2000,0.47
ADH_GINI,6127,2010,0.59
ADH_GINI,6128,1991,0.41
ADH_GINI,6128,2000,0.59
ADH_GINI,6128,2010,0.43
ADH_GINI,6129,1991,0.44
ADH_GINI,6129,2000,0.55
ADH_GINI,6129,2010,0.52
ADH_GINI,6130,1991,0.48
ADH_GINI,6130,2000,0.69
ADH_GINI,6130,2010,0.51
ADH_GINI,6131,1991,0.52
ADH_GINI,6131,2000,0.51
ADH_GINI,6131,2010,0.46
ADH_GINI,6132,1991,0.5999851005711447
ADH_GINI,6132,2000,0.6228814065846491
ADH_GINI,6132,2010,0.518565632458234
ADH_GINI,6133,1991,0.6
ADH_GINI,6133,2000,0.54
ADH_GINI,6133,2010,0.44
ADH_GINI,6134,1991,0.5499959523274117
ADH_GINI,6134,2000,0.55
ADH_GINI,6134,2010,0.4666912399027527
ADH_GINI,6135,1991,0.53
ADH_GINI,6135,2000,0.55
ADH_GINI,6135,2010,0.45
ADH_GINI,6136,1991,0.49
ADH_GINI,6136,2000,0.51
ADH_GINI,6136,2010,0.46
ADH_GINI,6137,1991,0.32
ADH_GINI,6137,2000,0.42
ADH_GINI,6137,2010,0.46
ADH_GINI,6138,1991,0.48999675308030144
ADH_GINI,6138,2000,0.5118261064696541
ADH_GINI,6138,2010,0.4981295395590143
ADH_GINI,6139,1991,0.4699999999999999
ADH_GINI,6139,2000,0.51
ADH_GINI,6139,2010,0.44
ADH_GINI,6140,1991,0.48
ADH_GINI,6140,2000,0.56
ADH_GINI,6140,2010,0.46
ADH_GINI,6141,1991,0.52
ADH_GINI,6141,2000,0.51
ADH_GINI,6141,2010,0.5
ADH_GINI,6142,1991,0.5099919368772678
ADH_GINI,6142,2000,0.5729824342842905
ADH_GINI,6142,2010,0.5149636500376035
ADH_GINI,6143,1991,0.54
ADH_GINI,6143,2000,0.51
ADH_GINI,6143,2010,0.4600000000000001
ADH_GINI,6144,1991,0.92
ADH_GINI,6144,2000,0.52
ADH_GINI,6144,2010,0.5
ADH_GINI,6145,1991,0.52
ADH_GINI,6145,2000,0.52
ADH_GINI,6145,2010,0.51
ADH_GINI,6146,1991,0.58
ADH_GINI,6146,2000,0.52
ADH_GINI,6146,2010,0.54
ADH_GINI,6147,1991,0.5
ADH_GINI,6147,2000,0.53
ADH_GINI,6147,2010,0.48
ADH_GINI,6148,1991,0.47000000000000003
ADH_GINI,6148,2000,0.48
ADH_GINI,6148,2010,0.4600000000000001
ADH_GINI,6149,1991,0.47000000000000003
ADH_GINI,6149,2000,0.48000000000000004
ADH_GINI,6149,2010,0.59
ADH_GINI,6150,1991,0.38999999999999996
ADH_GINI,6150,2000,0.48
ADH_GINI,6150,2010,0.47
ADH_GINI,6151,1991,0.4
ADH_GINI,6151,2000,0.63
ADH_GINI,6151,2010,0.51
ADH_GINI,6152,1991,0.66
ADH_GINI,6152,2000,0.52
ADH_GINI,6152,2010,0.49
ADH_GINI,6153,1991,0.51
ADH_GINI,6153,2000,0.56
ADH_GINI,6153,2010,0.44
ADH_GINI,6154,1991,0.44
ADH_GINI,6154,2000,0.4799999999999999
ADH_GINI,6154,2010,0.45
ADH_GINI,6155,1991,0.55
ADH_GINI,6155,2000,0.56
ADH_GINI,6155,2010,0.5
ADH_GINI,6156,1991,0.45000000000000007
ADH_GINI,6156,2000,0.44
ADH_GINI,6156,2010,0.48
ADH_GINI,6157,1991,0.41
ADH_GINI,6157,2000,0.45
ADH_GINI,6157,2010,0.43
ADH_GINI,6158,1991,0.47
ADH_GINI,6158,2000,0.55
ADH_GINI,6158,2010,0.52
ADH_GINI,6159,1991,0.43
ADH_GINI,6159,2000,0.45999999999999996
ADH_GINI,6159,2010,0.49
ADH_GINI,6160,1991,0.59
ADH_GINI,6160,2000,0.64
ADH_GINI,6160,2010,0.4799999999999999
ADH_GINI,6161,1991,0.4100224769611148
ADH_GINI,6161,2000,0.4282894459658731
ADH_GINI,6161,2010,0.44827683615819214
ADH_GINI,6162,1991,0.46
ADH_GINI,6162,2000,0.54
ADH_GINI,6162,2010,0.47
ADH_GINI,6163,1991,0.49
ADH_GINI,6163,2000,0.44
ADH_GINI,6163,2010,0.5
ADH_GINI,6164,1991,0.52
ADH_GINI,6164,2000,0.57
ADH_GINI,6164,2010,0.47
ADH_GINI,6165,1991,0.49
ADH_GINI,6165,2000,0.48
ADH_GINI,6165,2010,0.48
ADH_GINI,6166,1991,0.57
ADH_GINI,6166,2000,0.57
ADH_GINI,6166,2010,0.5
ADH_GINI,6167,1991,0.53
ADH_GINI,6167,2000,0.58
ADH_GINI,6167,2010,0.51
ADH_GINI,6168,1991,0.62
ADH_GINI,6168,2000,0.58
ADH_GINI,6168,2010,0.49
ADH_GINI,6169,1991,0.59
ADH_GINI,6169,2000,0.49
ADH_GINI,6169,2010,0.52
ADH_GINI,6170,1991,0.48
ADH_GINI,6170,2000,0.41
ADH_GINI,6170,2010,0.4
ADH_GINI,7001,1991,0.5213103498471543
ADH_GINI,7001,2000,0.5047916168482902
ADH_GINI,7001,2010,0.48043502703250235
ADH_GINI,7002,1991,0.59
ADH_GINI,7002,2000,0.65
ADH_GINI,7002,2010,0.56
ADH_GINI,7003,1991,0.48
ADH_GINI,7003,2000,0.57
ADH_GINI,7003,2010,0.53
ADH_GINI,7004,1991,0.51
ADH_GINI,7004,2000,0.59
ADH_GINI,7004,2010,0.48
ADH_GINI,7005,1991,0.5199986342529364
ADH_GINI,7005,2000,0.5203819763740538
ADH_GINI,7005,2010,0.49
ADH_GINI,7006,1991,0.53
ADH_GINI,7006,2000,0.62
ADH_GINI,7006,2010,0.58
ADH_GINI,7007,1991,0.54
ADH_GINI,7007,2000,0.56
ADH_GINI,7007,2010,0.49
ADH_GINI,7008,1991,0.5
ADH_GINI,7008,2000,0.51
ADH_GINI,7008,2010,0.48999999999999994
ADH_GINI,7009,1991,0.52
ADH_GINI,7009,2000,0.56
ADH_GINI,7009,2010,0.51
ADH_GINI,7010,1991,0.53
ADH_GINI,7010,2000,0.49
ADH_GINI,7010,2010,0.5
ADH_GINI,7011,1991,0.56
ADH_GINI,7011,2000,0.6
ADH_GINI,7011,2010,0.58
ADH_GINI,7012,1991,0.5131797685098601
ADH_GINI,7012,2000,0.5334239708598225
ADH_GINI,7012,2010,0.48612354632987376
ADH_GINI,7013,1991,0.6
ADH_GINI,7013,2000,0.67
ADH_GINI,7013,2010,0.56
ADH_GINI,7014,1991,0.57
ADH_GINI,7014,2000,0.6
ADH_GINI,7014,2010,0.58
ADH_GINI,7015,1991,0.43000000000000005
ADH_GINI,7015,2000,0.5
ADH_GINI,7015,2010,0.51
ADH_GINI,7016,1991,0.73
ADH_GINI,7016,2000,0.56
ADH_GINI,7016,2010,0.54
ADH_GINI,7017,1991,0.54
ADH_GINI,7017,2000,0.56
ADH_GINI,7017,2010,0.47
ADH_GINI,7018,1991,0.56
ADH_GINI,7018,2000,0.6
ADH_GINI,7018,2010,0.63
ADH_GINI,7019,1991,0.52
ADH_GINI,7019,2000,0.55
ADH_GINI,7019,2010,0.51
ADH_GINI,7020,1991,0.52
ADH_GINI,7020,2000,0.51
ADH_GINI,7020,2010,0.55
ADH_GINI,7021,1991,0.51
ADH_GINI,7021,2000,0.53
ADH_GINI,7021,2010,0.52
ADH_GINI,7022,1991,0.63
ADH_GINI,7022,2000,0.64
ADH_GINI,7022,2010,0.55
ADH_GINI,7023,1991,0.62
ADH_GINI,7023,2000,0.58
ADH_GINI,7023,2010,0.62
ADH_GINI,7024,1991,0.4699999999999999
ADH_GINI,7024,2000,0.57
ADH_GINI,7024,2010,0.48
ADH_GINI,7025,1991,0.52
ADH_GINI,7025,2000,0.63
ADH_GINI,7025,2010,0.55
ADH_GINI,7026,1991,0.49000000000000005
ADH_GINI,7026,2000,0.47
ADH_GINI,7026,2010,0.48999999999999994
ADH_GINI,7027,1991,0.68
ADH_GINI,7027,2000,0.6
ADH_GINI,7027,2010,0.49
ADH_GINI,7028,1991,0.49
ADH_GINI,7028,2000,0.51
ADH_GINI,7028,2010,0.47
ADH_GINI,7029,1991,0.44
ADH_GINI,7029,2000,0.46
ADH_GINI,7029,2010,0.45000000000000007
ADH_GINI,7030,1991,0.55
ADH_GINI,7030,2000,0.61
ADH_GINI,7030,2010,0.57
ADH_GINI,7031,1991,0.5
ADH_GINI,7031,2000,0.54
ADH_GINI,7031,2010,0.53
ADH_GINI,7032,1991,0.58
ADH_GINI,7032,2000,0.58
ADH_GINI,7032,2010,0.58
ADH_GINI,7033,1991,0.59
ADH_GINI,7033,2000,0.53
ADH_GINI,7033,2010,0.4799999999999999
ADH_GINI,7034,1991,0.45
ADH_GINI,7034,2000,0.56
ADH_GINI,7034,2010,0.6
ADH_GINI,7035,1991,0.54
ADH_GINI,7035,2000,0.52
ADH_GINI,7035,2010,0.53
ADH_GINI,7036,1991,0.52
ADH_GINI,7036,2000,0.58
ADH_GINI,7036,2010,0.54
ADH_GINI,7037,1991,0.5207311570265778
ADH_GINI,7037,2000,0.5634960566671534
ADH_GINI,7037,2010,0.5058402901023201
ADH_GINI,7038,1991,0.58
ADH_GINI,7038,2000,0.56
ADH_GINI,7038,2010,0.53
ADH_GINI,7039,1991,0.59
ADH_GINI,7039,2000,0.53
ADH_GINI,7039,2010,0.48
ADH_GINI,7040,1991,0.52
ADH_GINI,7040,2000,0.57
ADH_GINI,7040,2010,0.52
ADH_GINI,7041,1991,0.51
ADH_GINI,7041,2000,0.51
ADH_GINI,7041,2010,0.5
ADH_GINI,7042,1991,0.5799992287521208
ADH_GINI,7042,2000,0.6190900574314692
ADH_GINI,7042,2010,0.5193509264014539
ADH_GINI,7043,1991,0.5599975260537465
ADH_GINI,7043,2000,0.6170386815814192
ADH_GINI,7043,2010,0.5314758808775903
ADH_GINI,7044,1991,0.569998486659907
ADH_GINI,7044,2000,0.6246608858439178
ADH_GINI,7044,2010,0.4911918780608595
ADH_GINI,7045,1991,0.55
ADH_GINI,7045,2000,0.57
ADH_GINI,7045,2010,0.53
ADH_GINI,7046,1991,0.5199995560422649
ADH_GINI,7046,2000,0.5836960615964106
ADH_GINI,7046,2010,0.5011022531626619
ADH_GINI,7047,1991,0.57
ADH_GINI,7047,2000,0.55
ADH_GINI,7047,2010,0.54
ADH_GINI,7048,1991,0.51
ADH_GINI,7048,2000,0.62
ADH_GINI,7048,2010,0.56
ADH_GINI,7049,1991,0.45
ADH_GINI,7049,2000,0.55
ADH_GINI,7049,2010,0.44
ADH_GINI,7050,1991,0.57
ADH_GINI,7050,2000,0.46
ADH_GINI,7050,2010,0.55
ADH_GINI,7051,1991,0.58
ADH_GINI,7051,2000,0.53
ADH_GINI,7051,2010,0.53
ADH_GINI,7052,1991,0.6
ADH_GINI,7052,2000,0.62
ADH_GINI,7052,2010,0.52
ADH_GINI,7053,1991,0.48
ADH_GINI,7053,2000,0.5
ADH_GINI,7053,2010,0.47
ADH_GINI,7054,1991,0.57
ADH_GINI,7054,2000,0.64
ADH_GINI,7054,2010,0.5
ADH_GINI,7055,1991,0.53
ADH_GINI,7055,2000,0.56
ADH_GINI,7055,2010,0.49
ADH_GINI,7056,1991,0.55
ADH_GINI,7056,2000,0.6
ADH_GINI,7056,2010,0.53
ADH_GINI,7057,1991,0.6299989168049166
ADH_GINI,7057,2000,0.6262882004215514
ADH_GINI,7057,2010,0.6118374994772886
ADH_GINI,7058,1991,0.51
ADH_GINI,7058,2000,0.51
ADH_GINI,7058,2010,0.46
ADH_GINI,7059,1991,0.56
ADH_GINI,7059,2000,0.63
ADH_GINI,7059,2010,0.57
ADH_GINI,7060,1991,0.47
ADH_GINI,7060,2000,0.54
ADH_GINI,7060,2010,0.48
ADH_GINI,7061,1991,0.35999999999999993
ADH_GINI,7061,2000,0.5
ADH_GINI,7061,2010,0.45999999999999996
ADH_GINI,7062,1991,0.54
ADH_GINI,7062,2000,0.53
ADH_GINI,7062,2010,0.5
ADH_GINI,7063,1991,0.57
ADH_GINI,7063,2000,0.55
ADH_GINI,7063,2010,0.5
ADH_GINI,7064,1991,0.49
ADH_GINI,7064,2000,0.55
ADH_GINI,7064,2010,0.46
ADH_GINI,7065,1991,0.56
ADH_GINI,7065,2000,0.52
ADH_GINI,7065,2010,0.46
ADH_GINI,7066,1991,0.6
ADH_GINI,7066,2000,0.6
ADH_GINI,7066,2010,0.59
ADH_GINI,7067,1991,0.51
ADH_GINI,7067,2000,0.52
ADH_GINI,7067,2010,0.52
ADH_GINI,7068,1991,0.55
ADH_GINI,7068,2000,0.56
ADH_GINI,7068,2010,0.54
ADH_GINI,7069,1991,0.48999999999999994
ADH_GINI,7069,2000,0.61
ADH_GINI,7069,2010,0.54
ADH_GINI,7070,1991,0.51
ADH_GINI,7070,2000,0.55
ADH_GINI,7070,2010,0.53
ADH_GINI,7071,1991,0.47000000000000003
ADH_GINI,7071,2000,0.59
ADH_GINI,7071,2010,0.55
ADH_GINI,7072,1991,0.49
ADH_GINI,7072,2000,0.63
ADH_GINI,7072,2010,0.51
ADH_GINI,7073,1991,0.55
ADH_GINI,7073,2000,0.6200000000000001
ADH_GINI,7073,2010,0.47000000000000003
ADH_GINI,7074,1991,0.58
ADH_GINI,7074,2000,0.59
ADH_GINI,7074,2010,0.54
ADH_GINI,7075,1991,0.4899978447346869
ADH_GINI,7075,2000,0.6948563174699711
ADH_GINI,7075,2010,0.5708056183403294
ADH_GINI,7076,1991,0.57
ADH_GINI,7076,2000,0.58
ADH_GINI,7076,2010,0.53
ADH_GINI,7077,1991,0.46
ADH_GINI,7077,2000,0.53
ADH_GINI,7077,2010,0.5
ADH_GINI,7078,1991,0.57
ADH_GINI,7078,2000,0.66
ADH_GINI,7078,2010,0.53
ADH_GINI,7079,1991,0.61
ADH_GINI,7079,2000,0.56
ADH_GINI,7079,2010,0.46
ADH_GINI,7080,1991,0.58
ADH_GINI,7080,2000,0.61
ADH_GINI,7080,2010,0.51
ADH_GINI,7081,1991,0.54
ADH_GINI,7081,2000,0.59
ADH_GINI,7081,2010,0.6
ADH_GINI,7082,1991,0.57
ADH_GINI,7082,2000,0.54
ADH_GINI,7082,2010,0.5
ADH_GINI,7083,1991,0.61
ADH_GINI,7083,2000,0.58
ADH_GINI,7083,2010,0.55
ADH_GINI,7084,1991,0.48
ADH_GINI,7084,2000,0.56
ADH_GINI,7084,2010,0.45
ADH_GINI,7085,1991,0.61
ADH_GINI,7085,2000,0.63
ADH_GINI,7085,2010,0.58
ADH_GINI,7086,1991,0.5899939512376697
ADH_GINI,7086,2000,0.52884176182708
ADH_GINI,7086,2010,0.5642320171927016
ADH_GINI,7087,1991,0.47
ADH_GINI,7087,2000,0.57
ADH_GINI,7087,2010,0.49
ADH_GINI,7088,1991,0.5200012134449704
ADH_GINI,7088,2000,0.5697469605614313
ADH_GINI,7088,2010,0.556011408890324
ADH_GINI,7089,1991,0.49
ADH_GINI,7089,2000,0.55
ADH_GINI,7089,2010,0.49
ADH_GINI,7090,1991,0.47
ADH_GINI,7090,2000,0.55
ADH_GINI,7090,2010,0.48
ADH_GINI,7091,1991,0.42000302023557834
ADH_GINI,7091,2000,0.5747838721394842
ADH_GINI,7091,2010,0.5
ADH_GINI,7092,1991,0.49
ADH_GINI,7092,2000,0.6
ADH_GINI,7092,2010,0.51
ADH_GINI,7093,1991,0.42
ADH_GINI,7093,2000,0.5
ADH_GINI,7093,2010,0.45000000000000007
ADH_GINI,7094,1991,0.58
ADH_GINI,7094,2000,0.61
ADH_GINI,7094,2010,0.51
ADH_GINI,7095,1991,0.48999999999999994
ADH_GINI,7095,2000,0.6
ADH_GINI,7095,2010,0.5
ADH_GINI,7096,1991,0.5099995238888757
ADH_GINI,7096,2000,0.5834142120568767
ADH_GINI,7096,2010,0.539021625532599
ADH_GINI,7097,1991,0.58
ADH_GINI,7097,2000,0.58
ADH_GINI,7097,2010,0.5
ADH_GINI,7098,1991,0.54
ADH_GINI,7098,2000,0.54
ADH_GINI,7098,2010,0.51
ADH_GINI,7099,1991,0.56
ADH_GINI,7099,2000,0.54
ADH_GINI,7099,2010,0.51
ADH_GINI,7100,1991,0.45999999999999996
ADH_GINI,7100,2000,0.57
ADH_GINI,7100,2010,0.48
ADH_GINI,7101,1991,0.53
ADH_GINI,7101,2000,0.54
ADH_GINI,7101,2010,0.58
ADH_GINI,7102,1991,0.49
ADH_GINI,7102,2000,0.5
ADH_GINI,7102,2010,0.53
ADH_GINI,7103,1991,0.6
ADH_GINI,7103,2000,0.55
ADH_GINI,7103,2010,0.49
ADH_GINI,7104,1991,0.6
ADH_GINI,7104,2000,0.59
ADH_GINI,7104,2010,0.55
ADH_GINI,7105,1991,0.49
ADH_GINI,7105,2000,0.61
ADH_GINI,7105,2010,0.52
ADH_GINI,7106,1991,0.46
ADH_GINI,7106,2000,0.55
ADH_GINI,7106,2010,0.51
ADH_GINI,7107,1991,0.639996191926885
ADH_GINI,7107,2000,0.7048774216097463
ADH_GINI,7107,2010,0.5882135935087546
ADH_GINI,7108,1991,0.54
ADH_GINI,7108,2000,0.59
ADH_GINI,7108,2010,0.49
ADH_GINI,7109,1991,0.58
ADH_GINI,7109,2000,0.67
ADH_GINI,7109,2010,0.51
ADH_GINI,7110,1991,0.54
ADH_GINI,7110,2000,0.58
ADH_GINI,7110,2010,0.56
ADH_GINI,7111,1991,0.48999999999999994
ADH_GINI,7111,2000,0.49
ADH_GINI,7111,2010,0.55
ADH_GINI,7112,1991,0.56
ADH_GINI,7112,2000,0.56
ADH_GINI,7112,2010,0.59
ADH_GINI,7113,1991,0.4
ADH_GINI,7113,2000,0.54
ADH_GINI,7113,2010,0.5
ADH_GINI,7114,1991,0.48999999999999994
ADH_GINI,7114,2000,0.57
ADH_GINI,7114,2010,0.56
ADH_GINI,7115,1991,0.56
ADH_GINI,7115,2000,0.61
ADH_GINI,7115,2010,0.53
ADH_GINI,7116,1991,0.56
ADH_GINI,7116,2000,0.58
ADH_GINI,7116,2010,0.56
ADH_GINI,7117,1991,0.43
ADH_GINI,7117,2000,0.57
ADH_GINI,7117,2010,0.54
ADH_GINI,7118,1991,0.62
ADH_GINI,7118,2000,0.56
ADH_GINI,7118,2010,0.48
ADH_GINI,7119,1991,0.45
ADH_GINI,7119,2000,0.52
ADH_GINI,7119,2010,0.44
ADH_GINI,7120,1991,0.44999999999999996
ADH_GINI,7120,2000,0.61
ADH_GINI,7120,2010,0.4799999999999999
ADH_GINI,7121,1991,0.67
ADH_GINI,7121,2000,0.67
ADH_GINI,7121,2010,0.68
ADH_GINI,7122,1991,0.52
ADH_GINI,7122,2000,0.72
ADH_GINI,7122,2010,0.51
ADH_GINI,7123,1991,0.55
ADH_GINI,7123,2000,0.58
ADH_GINI,7123,2010,0.5
ADH_GINI,7124,1991,0.48000118224271443
ADH_GINI,7124,2000,0.5672535155736629
ADH_GINI,7124,2010,0.49315751411374986
ADH_GINI,7125,1991,0.41
ADH_GINI,7125,2000,0.46
ADH_GINI,7125,2010,0.45
ADH_GINI,7126,1991,0.47
ADH_GINI,7126,2000,0.51
ADH_GINI,7126,2010,0.52
ADH_GINI,7127,1991,0.61
ADH_GINI,7127,2000,0.63
ADH_GINI,7127,2010,0.59
ADH_GINI,7128,1991,0.67
ADH_GINI,7128,2000,0.6
ADH_GINI,7128,2010,0.55
ADH_GINI,7129,1991,0.55
ADH_GINI,7129,2000,0.64
ADH_GINI,7129,2010,0.51
ADH_GINI,7130,1991,0.5999953026196928
ADH_GINI,7130,2000,0.5651519774226765
ADH_GINI,7130,2010,0.5380234555912453
ADH_GINI,7131,1991,0.54
ADH_GINI,7131,2000,0.52
ADH_GINI,7131,2010,0.45
ADH_GINI,7132,1991,0.4600000000000001
ADH_GINI,7132,2000,0.64
ADH_GINI,7132,2010,0.45999999999999996
ADH_GINI,7133,1991,0.5
ADH_GINI,7133,2000,0.55
ADH_GINI,7133,2010,0.51
ADH_GINI,7134,1991,0.46
ADH_GINI,7134,2000,0.55
ADH_GINI,7134,2010,0.52
ADH_GINI,7135,1991,0.58
ADH_GINI,7135,2000,0.75
ADH_GINI,7135,2010,0.6
ADH_GINI,7136,1991,0.48
ADH_GINI,7136,2000,0.56
ADH_GINI,7136,2010,0.5
ADH_GINI,7137,1991,0.48999999999999994
ADH_GINI,7137,2000,0.57
ADH_GINI,7137,2010,0.56
ADH_GINI,7138,1991,0.55
ADH_GINI,7138,2000,0.53
ADH_GINI,7138,2010,0.53
ADH_GINI,7139,1991,0.56
ADH_GINI,7139,2000,0.62
ADH_GINI,7139,2010,0.58
ADH_GINI,7140,1991,0.56
ADH_GINI,7140,2000,0.58
ADH_GINI,7140,2010,0.54
ADH_GINI,7141,1991,0.67
ADH_GINI,7141,2000,0.58
ADH_GINI,7141,2010,0.5300000000000001
ADH_GINI,7142,1991,0.58
ADH_GINI,7142,2000,0.56
ADH_GINI,7142,2010,0.56
ADH_GINI,7143,1991,0.62
ADH_GINI,7143,2000,0.58
ADH_GINI,7143,2010,0.56
ADH_GINI,7144,1991,0.59
ADH_GINI,7144,2000,0.53
ADH_GINI,7144,2010,0.56
ADH_GINI,7145,1991,0.51
ADH_GINI,7145,2000,0.61
ADH_GINI,7145,2010,0.6
ADH_GINI,7146,1991,0.55
ADH_GINI,7146,2000,0.54
ADH_GINI,7146,2010,0.44000000000000006
ADH_GINI,7147,1991,0.54
ADH_GINI,7147,2000,0.56
ADH_GINI,7147,2010,0.54
ADH_GINI,7148,1991,0.53
ADH_GINI,7148,2000,0.64
ADH_GINI,7148,2010,0.56
ADH_GINI,7149,1991,0.63
ADH_GINI,7149,2000,0.58
ADH_GINI,7149,2010,0.51
ADH_GINI,7150,1991,0.49
ADH_GINI,7150,2000,0.51
ADH_GINI,7150,2010,0.5
ADH_GINI,7151,1991,0.58
ADH_GINI,7151,2000,0.59
ADH_GINI,7151,2010,0.49
ADH_GINI,7152,1991,0.53
ADH_GINI,7152,2000,0.52
ADH_GINI,7152,2010,0.42
ADH_GINI,7153,1991,0.46
ADH_GINI,7153,2000,0.63
ADH_GINI,7153,2010,0.53
ADH_GINI,7154,1991,0.53
ADH_GINI,7154,2000,0.51
ADH_GINI,7154,2010,0.49000000000000005
ADH_GINI,7155,1991,0.57
ADH_GINI,7155,2000,0.6
ADH_GINI,7155,2010,0.5
ADH_GINI,7156,1991,0.41
ADH_GINI,7156,2000,0.45
ADH_GINI,7156,2010,0.43
ADH_GINI,7157,1991,0.48
ADH_GINI,7157,2000,0.45
ADH_GINI,7157,2010,0.46
ADH_GINI,7158,1991,0.51
ADH_GINI,7158,2000,0.7700000000000001
ADH_GINI,7158,2010,0.57
ADH_GINI,7159,1991,0.53
ADH_GINI,7159,2000,0.59
ADH_GINI,7159,2010,0.61
ADH_GINI,7160,1991,0.62
ADH_GINI,7160,2000,0.58
ADH_GINI,7160,2010,0.47
ADH_GINI,7161,1991,0.53
ADH_GINI,7161,2000,0.56
ADH_GINI,7161,2010,0.52
ADH_GINI,7162,1991,0.52
ADH_GINI,7162,2000,0.56
ADH_GINI,7162,2010,0.54
ADH_GINI,7163,1991,0.51
ADH_GINI,7163,2000,0.52
ADH_GINI,7163,2010,0.46
ADH_GINI,7164,1991,0.57
ADH_GINI,7164,2000,0.54
ADH_GINI,7164,2010,0.48
ADH_GINI,7165,1991,0.56
ADH_GINI,7165,2000,0.54
ADH_GINI,7165,2010,0.54
ADH_GINI,8001,1991,0.52
ADH_GINI,8001,2000,0.65313410483322
ADH_GINI,8001,2010,0.5392233730305995
ADH_GINI,8002,1991,0.51
ADH_GINI,8002,2000,0.58
ADH_GINI,8002,2010,0.53
ADH_GINI,8003,1991,0.5353757038804402
ADH_GINI,8003,2000,0.5619754891317459
ADH_GINI,8003,2010,0.5480865170485998
ADH_GINI,8004,1991,0.4799999999999999
ADH_GINI,8004,2000,0.54
ADH_GINI,8004,2010,0.5
ADH_GINI,8005,1991,0.4100055807464248
ADH_GINI,8005,2000,0.5090427835051546
ADH_GINI,8005,2010,0.524436407710052
ADH_GINI,8006,1991,0.54
ADH_GINI,8006,2000,0.51
ADH_GINI,8006,2010,0.55
ADH_GINI,8007,1991,0.55
ADH_GINI,8007,2000,0.67
ADH_GINI,8007,2010,0.49
ADH_GINI,8008,1991,0.54
ADH_GINI,8008,2000,0.58
ADH_GINI,8008,2010,0.56
ADH_GINI,8009,1991,0.42
ADH_GINI,8009,2000,0.56
ADH_GINI,8009,2010,0.65
ADH_GINI,8010,1991,0.4
ADH_GINI,8010,2000,0.56
ADH_GINI,8010,2010,0.51
ADH_GINI,8011,1991,0.39
ADH_GINI,8011,2000,0.54
ADH_GINI,8011,2010,0.42
ADH_GINI,8012,1991,0.55
ADH_GINI,8012,2000,0.69
ADH_GINI,8012,2010,0.6
ADH_GINI,8013,1991,0.44
ADH_GINI,8013,2000,0.46
ADH_GINI,8013,2010,0.49
ADH_GINI,8014,1991,0.46000331674958544
ADH_GINI,8014,2000,0.48999999999999994
ADH_GINI,8014,2010,0.4972351851851851
ADH_GINI,8015,1991,0.45
ADH_GINI,8015,2000,0.53
ADH_GINI,8015,2010,0.47000000000000003
ADH_GINI,8016,1991,0.54
ADH_GINI,8016,2000,0.68
ADH_GINI,8016,2010,0.58
ADH_GINI,8017,1991,0.57
ADH_GINI,8017,2000,0.67
ADH_GINI,8017,2010,0.6
ADH_GINI,8018,1991,0.4799999999999999
ADH_GINI,8018,2000,0.57
ADH_GINI,8018,2010,0.49
ADH_GINI,8019,1991,0.53
ADH_GINI,8019,2000,0.52
ADH_GINI,8019,2010,0.54
ADH_GINI,8020,1991,0.55
ADH_GINI,8020,2000,0.57
ADH_GINI,8020,2010,0.5
ADH_GINI,8021,1991,0.51
ADH_GINI,8021,2000,0.57
ADH_GINI,8021,2010,0.52
ADH_GINI,8022,1991,0.44
ADH_GINI,8022,2000,0.53
ADH_GINI,8022,2010,0.53
ADH_GINI,8023,1991,0.53
ADH_GINI,8023,2000,0.58
ADH_GINI,8023,2010,0.48999999999999994
ADH_GINI,8024,1991,0.5052673734895133
ADH_GINI,8024,2000,0.583631254373688
ADH_GINI,8024,2010,0.5102510507355149
ADH_GINI,8025,1991,0.52
ADH_GINI,8025,2000,0.58
ADH_GINI,8025,2010,0.52
ADH_GINI,8026,1991,0.4099999999999999
ADH_GINI,8026,2000,0.54
ADH_GINI,8026,2010,0.55
ADH_GINI,8027,1991,0.5399988342723917
ADH_GINI,8027,2000,0.585808343503039
ADH_GINI,8027,2010,0.550155673997649
ADH_GINI,8028,1991,0.4
ADH_GINI,8028,2000,0.59
ADH_GINI,8028,2010,0.53
ADH_GINI,8029,1991,0.43
ADH_GINI,8029,2000,0.43
ADH_GINI,8029,2010,0.49000000000000005
ADH_GINI,8030,1991,0.37000000000000005
ADH_GINI,8030,2000,0.5
ADH_GINI,8030,2010,0.47
ADH_GINI,8031,1991,0.54
ADH_GINI,8031,2000,0.6
ADH_GINI,8031,2010,0.58
ADH_GINI,8032,1991,0.38
ADH_GINI,8032,2000,0.55
ADH_GINI,8032,2010,0.53
ADH_GINI,8033,1991,0.47
ADH_GINI,8033,2000,0.62
ADH_GINI,8033,2010,0.57
ADH_GINI,8034,1991,0.5
ADH_GINI,8034,2000,0.59
ADH_GINI,8034,2010,0.65
ADH_GINI,8035,1991,0.47
ADH_GINI,8035,2000,0.67
ADH_GINI,8035,2010,0.67
ADH_GINI,8036,1991,0.55
ADH_GINI,8036,2000,0.67
ADH_GINI,8036,2010,0.49
ADH_GINI,8037,1991,0.4
ADH_GINI,8037,2000,0.56
ADH_GINI,8037,2010,0.4600000000000001
ADH_GINI,8038,1991,0.5
ADH_GINI,8038,2000,0.59
ADH_GINI,8038,2010,0.52
ADH_GINI,8039,1991,0.44
ADH_GINI,8039,2000,0.43000000000000005
ADH_GINI,8039,2010,0.4799999999999999
ADH_GINI,8040,1991,0.39999999999999997
ADH_GINI,8040,2000,0.55
ADH_GINI,8040,2010,0.5
ADH_GINI,8041,1991,0.43000000000000005
ADH_GINI,8041,2000,0.63
ADH_GINI,8041,2010,0.57
ADH_GINI,8042,1991,0.44
ADH_GINI,8042,2000,0.5
ADH_GINI,8042,2010,0.51
ADH_GINI,8043,1991,0.42999999999999994
ADH_GINI,8043,2000,0.57
ADH_GINI,8043,2010,0.64
ADH_GINI,8044,1991,0.62
ADH_GINI,8044,2000,0.66
ADH_GINI,8044,2010,0.63
ADH_GINI,8045,1991,0.51
ADH_GINI,8045,2000,0.55
ADH_GINI,8045,2010,0.54
ADH_GINI,8046,1991,0.45
ADH_GINI,8046,2000,0.56
ADH_GINI,8046,2010,0.54
ADH_GINI,8047,1991,0.63
ADH_GINI,8047,2000,0.59
ADH_GINI,8047,2010,0.58
ADH_GINI,8048,1991,0.54
ADH_GINI,8048,2000,0.59
ADH_GINI,8048,2010,0.6
ADH_GINI,8049,1991,0.5899999999999999
ADH_GINI,8049,2000,0.63
ADH_GINI,8049,2010,0.48999999999999994
ADH_GINI,8050,1991,0.45
ADH_GINI,8050,2000,0.57
ADH_GINI,8050,2010,0.47
ADH_GINI,8051,1991,0.52
ADH_GINI,8051,2000,0.6599999999999999
ADH_GINI,8051,2010,0.57
ADH_GINI,8052,1991,0.45
ADH_GINI,8052,2000,0.48
ADH_GINI,8052,2010,0.46
ADH_GINI,8053,1991,0.57
ADH_GINI,8053,2000,0.52
ADH_GINI,8053,2010,0.49
ADH_GINI,8054,1991,0.57
ADH_GINI,8054,2000,0.48
ADH_GINI,8054,2010,0.54
ADH_GINI,8055,1991,0.45
ADH_GINI,8055,2000,0.82
ADH_GINI,8055,2010,0.49
ADH_GINI,8056,1991,0.47
ADH_GINI,8056,2000,0.53
ADH_GINI,8056,2010,0.48
ADH_GINI,8057,1991,0.6599999999999999
ADH_GINI,8057,2000,0.54
ADH_GINI,8057,2010,0.55
ADH_GINI,8058,1991,0.56
ADH_GINI,8058,2000,0.64
ADH_GINI,8058,2010,0.55
ADH_GINI,8059,1991,0.63
ADH_GINI,8059,2000,0.6
ADH_GINI,8059,2010,0.54
ADH_GINI,8060,1991,0.52
ADH_GINI,8060,2000,0.66
ADH_GINI,8060,2010,0.59
ADH_GINI,8061,1991,0.41999999999999993
ADH_GINI,8061,2000,0.67
ADH_GINI,8061,2010,0.56
ADH_GINI,8062,1991,0.53
ADH_GINI,8062,2000,0.57
ADH_GINI,8062,2010,0.55
ADH_GINI,8063,1991,0.52
ADH_GINI,8063,2000,0.54
ADH_GINI,8063,2010,0.59
ADH_GINI,8064,1991,0.53
ADH_GINI,8064,2000,0.71
ADH_GINI,8064,2010,0.57
ADH_GINI,8065,1991,0.41
ADH_GINI,8065,2000,0.6
ADH_GINI,8065,2010,0.48
ADH_GINI,8066,1991,0.48
ADH_GINI,8066,2000,0.56
ADH_GINI,8066,2010,0.52
ADH_GINI,8067,1991,0.59
ADH_GINI,8067,2000,0.6400000000000001
ADH_GINI,8067,2010,0.55
ADH_GINI,8068,1991,0.52
ADH_GINI,8068,2000,0.55
ADH_GINI,8068,2010,0.52
ADH_GINI,8069,1991,0.5
ADH_GINI,8069,2000,0.53
ADH_GINI,8069,2010,0.51
ADH_GINI,8070,1991,0.6300000000000001
ADH_GINI,8070,2000,0.51
ADH_GINI,8070,2010,0.58
ADH_GINI,8071,1991,0.65
ADH_GINI,8071,2000,0.71
ADH_GINI,8071,2010,0.6
ADH_GINI,8072,1991,0.47
ADH_GINI,8072,2000,0.6699999999999999
ADH_GINI,8072,2010,0.64
ADH_GINI,8073,1991,0.52
ADH_GINI,8073,2000,0.54
ADH_GINI,8073,2010,0.47000000000000003
ADH_GINI,8074,1991,0.47000000000000003
ADH_GINI,8074,2000,0.61
ADH_GINI,8074,2010,0.53
ADH_GINI,8075,1991,0.46
ADH_GINI,8075,2000,0.65
ADH_GINI,8075,2010,0.61
ADH_GINI,8076,1991,0.56
ADH_GINI,8076,2000,0.63
ADH_GINI,8076,2010,0.53
ADH_GINI,8077,1991,0.48
ADH_GINI,8077,2000,0.51
ADH_GINI,8077,2010,0.48
ADH_GINI,8078,1991,0.36
ADH_GINI,8078,2000,0.53
ADH_GINI,8078,2010,0.47
ADH_GINI,8079,1991,0.44000000000000006
ADH_GINI,8079,2000,0.53
ADH_GINI,8079,2010,0.48
ADH_GINI,8080,1991,0.5493125425814818
ADH_GINI,8080,2000,0.68
ADH_GINI,8080,2010,0.5964982148709016
ADH_GINI,8081,1991,0.46
ADH_GINI,8081,2000,0.57
ADH_GINI,8081,2010,0.49000000000000005
ADH_GINI,8082,1991,0.53
ADH_GINI,8082,2000,0.6
ADH_GINI,8082,2010,0.61
ADH_GINI,8083,1991,0.47
ADH_GINI,8083,2000,0.6
ADH_GINI,8083,2010,0.4799999999999999
ADH_GINI,8084,1991,0.53
ADH_GINI,8084,2000,0.72
ADH_GINI,8084,2010,0.58
ADH_GINI,8085,1991,0.47
ADH_GINI,8085,2000,0.5
ADH_GINI,8085,2010,0.5
ADH_GINI,8086,1991,0.43999999999999995
ADH_GINI,8086,2000,0.58
ADH_GINI,8086,2010,0.48
ADH_GINI,8087,1991,0.44
ADH_GINI,8087,2000,0.63
ADH_GINI,8087,2010,0.54
ADH_GINI,8088,1991,0.49000000000000005
ADH_GINI,8088,2000,0.54
ADH_GINI,8088,2010,0.52
ADH_GINI,8089,1991,0.45
ADH_GINI,8089,2000,0.63
ADH_GINI,8089,2010,0.5
ADH_GINI,8090,1991,0.47
ADH_GINI,8090,2000,0.6
ADH_GINI,8090,2010,0.51
ADH_GINI,8091,1991,0.54
ADH_GINI,8091,2000,0.75
ADH_GINI,8091,2010,0.6399999999999999
ADH_GINI,8092,1991,0.54
ADH_GINI,8092,2000,0.56
ADH_GINI,8092,2010,0.5300000000000001
ADH_GINI,8093,1991,0.56
ADH_GINI,8093,2000,0.63
ADH_GINI,8093,2010,0.59
ADH_GINI,9001,1991,0.45
ADH_GINI,9001,2000,0.61
ADH_GINI,9001,2010,0.51
ADH_GINI,9002,1991,0.54
ADH_GINI,9002,2000,0.54
ADH_GINI,9002,2010,0.54
ADH_GINI,9003,1991,0.62
ADH_GINI,9003,2000,0.63
ADH_GINI,9003,2010,0.62
ADH_GINI,9004,1991,0.54
ADH_GINI,9004,2000,0.58
ADH_GINI,9004,2010,0.5
ADH_GINI,9005,1991,0.44000000000000006
ADH_GINI,9005,2000,0.51
ADH_GINI,9005,2010,0.48
ADH_GINI,9006,1991,0.55
ADH_GINI,9006,2000,0.52
ADH_GINI,9006,2010,0.54
ADH_GINI,9007,1991,0.54
ADH_GINI,9007,2000,0.56
ADH_GINI,9007,2010,0.5
ADH_GINI,9008,1991,0.42
ADH_GINI,9008,2000,0.52
ADH_GINI,9008,2010,0.51
ADH_GINI,9009,1991,0.58
ADH_GINI,9009,2000,0.55
ADH_GINI,9009,2010,0.54
ADH_GINI,9010,1991,0.52
ADH_GINI,9010,2000,0.52
ADH_GINI,9010,2010,0.52
ADH_GINI,9011,1991,0.47
ADH_GINI,9011,2000,0.64
ADH_GINI,9011,2010,0.55
ADH_GINI,9012,1991,0.58
ADH_GINI,9012,2000,0.55
ADH_GINI,9012,2010,0.53
ADH_GINI,9013,1991,0.53
ADH_GINI,9013,2000,0.51
ADH_GINI,9013,2010,0.49
ADH_GINI,9014,1991,0.56
ADH_GINI,9014,2000,0.56
ADH_GINI,9014,2010,0.55
ADH_GINI,9015,1991,0.51
ADH_GINI,9015,2000,0.47
ADH_GINI,9015,2010,0.53
ADH_GINI,9016,1991,0.52
ADH_GINI,9016,2000,0.6
ADH_GINI,9016,2010,0.5
ADH_GINI,9017,1991,0.48
ADH_GINI,9017,2000,0.44
ADH_GINI,9017,2010,0.49
ADH_GINI,9018,1991,0.47
ADH_GINI,9018,2000,0.42
ADH_GINI,9018,2010,0.4
ADH_GINI,9019,1991,0.55
ADH_GINI,9019,2000,0.59
ADH_GINI,9019,2010,0.52
ADH_GINI,9020,1991,0.41
ADH_GINI,9020,2000,0.48
ADH_GINI,9020,2010,0.47
ADH_GINI,9021,1991,0.59
ADH_GINI,9021,2000,0.62
ADH_GINI,9021,2010,0.48
ADH_GINI,9022,1991,0.52
ADH_GINI,9022,2000,0.61
ADH_GINI,9022,2010,0.61
ADH_GINI,9023,1991,0.44
ADH_GINI,9023,2000,0.51
ADH_GINI,9023,2010,0.54
ADH_GINI,9024,1991,0.47
ADH_GINI,9024,2000,0.5
ADH_GINI,9024,2010,0.56
ADH_GINI,9025,1991,0.46
ADH_GINI,9025,2000,0.6
ADH_GINI,9025,2010,0.56
ADH_GINI,9026,1991,0.44
ADH_GINI,9026,2000,0.56
ADH_GINI,9026,2010,0.53
ADH_GINI,9027,1991,0.51
ADH_GINI,9027,2000,0.51
ADH_GINI,9027,2010,0.52
ADH_GINI,9028,1991,0.51
ADH_GINI,9028,2000,0.53
ADH_GINI,9028,2010,0.51
ADH_GINI,9029,1991,0.5
ADH_GINI,9029,2000,0.58
ADH_GINI,9029,2010,0.4699999999999999
ADH_GINI,9030,1991,0.4699999999999999
ADH_GINI,9030,2000,0.51
ADH_GINI,9030,2010,0.49
ADH_GINI,9031,1991,0.56
ADH_GINI,9031,2000,0.55
ADH_GINI,9031,2010,0.5
ADH_GINI,9032,1991,0.46
ADH_GINI,9032,2000,0.48
ADH_GINI,9032,2010,0.49
ADH_GINI,9033,1991,0.52
ADH_GINI,9033,2000,0.55
ADH_GINI,9033,2010,0.5
ADH_GINI,9034,1991,0.53
ADH_GINI,9034,2000,0.51
ADH_GINI,9034,2010,0.49
ADH_GINI,9035,1991,0.44999999999999996
ADH_GINI,9035,2000,0.5
ADH_GINI,9035,2010,0.43
ADH_GINI,9036,1991,0.52
ADH_GINI,9036,2000,0.48
ADH_GINI,9036,2010,0.46
ADH_GINI,9037,1991,0.41
ADH_GINI,9037,2000,0.53
ADH_GINI,9037,2010,0.45000000000000007
ADH_GINI,9038,1991,0.53
ADH_GINI,9038,2000,0.5
ADH_GINI,9038,2010,0.48
ADH_GINI,9039,1991,0.45000000000000007
ADH_GINI,9039,2000,0.53
ADH_GINI,9039,2010,0.43999999999999995
ADH_GINI,9040,1991,0.44
ADH_GINI,9040,2000,0.56
ADH_GINI,9040,2010,0.56
ADH_GINI,9041,1991,0.42999999999999994
ADH_GINI,9041,2000,0.56
ADH_GINI,9041,2010,0.49
ADH_GINI,9042,1991,0.4799999999999999
ADH_GINI,9042,2000,0.6002280815270139
ADH_GINI,9042,2010,0.5307132790479173
ADH_GINI,9043,1991,0.42
ADH_GINI,9043,2000,0.54
ADH_GINI,9043,2010,0.56
ADH_GINI,9044,1991,0.53
ADH_GINI,9044,2000,0.64
ADH_GINI,9044,2010,0.52
ADH_GINI,9045,1991,0.53
ADH_GINI,9045,2000,0.58
ADH_GINI,9045,2010,0.51
ADH_GINI,9046,1991,0.57
ADH_GINI,9046,2000,0.49
ADH_GINI,9046,2010,0.49
ADH_GINI,9047,1991,0.52
ADH_GINI,9047,2000,0.47
ADH_GINI,9047,2010,0.47000000000000003
ADH_GINI,9048,1991,0.42
ADH_GINI,9048,2000,0.64
ADH_GINI,9048,2010,0.58
ADH_GINI,9049,1991,0.39
ADH_GINI,9049,2000,0.45999999999999996
ADH_GINI,9049,2010,0.54
ADH_GINI,9050,1991,0.39
ADH_GINI,9050,2000,0.61
ADH_GINI,9050,2010,0.52
ADH_GINI,9051,1991,0.48999999999999994
ADH_GINI,9051,2000,0.53
ADH_GINI,9051,2010,0.42
ADH_GINI,9052,1991,0.53
ADH_GINI,9052,2000,0.62
ADH_GINI,9052,2010,0.53
ADH_GINI,9053,1991,0.51
ADH_GINI,9053,2000,0.64
ADH_GINI,9053,2010,0.59
ADH_GINI,9054,1991,0.5
ADH_GINI,9054,2000,0.56
ADH_GINI,9054,2010,0.51
ADH_GINI,9055,1991,0.49
ADH_GINI,9055,2000,0.58
ADH_GINI,9055,2010,0.56
ADH_GINI,9056,1991,0.58
ADH_GINI,9056,2000,0.57
ADH_GINI,9056,2010,0.54
ADH_GINI,9057,1991,0.45
ADH_GINI,9057,2000,0.48
ADH_GINI,9057,2010,0.4799999999999999
ADH_GINI,9058,1991,0.5
ADH_GINI,9058,2000,0.49
ADH_GINI,9058,2010,0.5
ADH_GINI,9059,1991,0.5
ADH_GINI,9059,2000,0.56
ADH_GINI,9059,2010,0.45
ADH_GINI,9060,1991,0.49000000000000005
ADH_GINI,9060,2000,0.55
ADH_GINI,9060,2010,0.5
ADH_GINI,9061,1991,0.49
ADH_GINI,9061,2000,0.56
ADH_GINI,9061,2010,0.51
ADH_GINI,9062,1991,0.49000000000000005
ADH_GINI,9062,2000,0.48
ADH_GINI,9062,2010,0.53
ADH_GINI,9063,1991,0.48
ADH_GINI,9063,2000,0.49
ADH_GINI,9063,2010,0.45
ADH_GINI,9064,1991,0.5
ADH_GINI,9064,2000,0.55
ADH_GINI,9064,2010,0.57
ADH_GINI,9065,1991,0.53
ADH_GINI,9065,2000,0.52
ADH_GINI,9065,2010,0.4699999999999999
ADH_GINI,9066,1991,0.42
ADH_GINI,9066,2000,0.42
ADH_GINI,9066,2010,0.41
ADH_GINI,9067,1991,0.49
ADH_GINI,9067,2000,0.47
ADH_GINI,9067,2010,0.48
ADH_GINI,9068,1991,0.49000000000000005
ADH_GINI,9068,2000,0.56
ADH_GINI,9068,2010,0.49
ADH_GINI,9069,1991,0.48
ADH_GINI,9069,2000,0.52
ADH_GINI,9069,2010,0.49
ADH_GINI,9070,1991,0.48999999999999994
ADH_GINI,9070,2000,0.55
ADH_GINI,9070,2010,0.47
ADH_GINI,9071,1991,0.42
ADH_GINI,9071,2000,0.56
ADH_GINI,9071,2010,0.48
ADH_GINI,9072,1991,0.51
ADH_GINI,9072,2000,0.56
ADH_GINI,9072,2010,0.55
ADH_GINI,9073,1991,0.42000000000000004
ADH_GINI,9073,2000,0.53
ADH_GINI,9073,2010,0.47
ADH_GINI,9074,1991,0.5699999999999998
ADH_GINI,9074,2000,0.5
ADH_GINI,9074,2010,0.4600000000000001
ADH_GINI,10001,1991,0.52
ADH_GINI,10001,2000,0.53
ADH_GINI,10001,2010,0.46
ADH_GINI,10002,1991,0.47
ADH_GINI,10002,2000,0.55
ADH_GINI,10002,2010,0.55
ADH_GINI,10003,1991,0.55
ADH_GINI,10003,2000,0.56
ADH_GINI,10003,2010,0.57
ADH_GINI,10004,1991,0.5251390251880929
ADH_GINI,10004,2000,0.493497420096349
ADH_GINI,10004,2010,0.5719434222631095
ADH_GINI,10005,1991,0.48
ADH_GINI,10005,2000,0.54
ADH_GINI,10005,2010,0.53
ADH_GINI,10006,1991,0.54
ADH_GINI,10006,2000,0.6
ADH_GINI,10006,2010,0.49
ADH_GINI,10007,1991,0.64
ADH_GINI,10007,2000,0.55
ADH_GINI,10007,2010,0.44
ADH_GINI,10008,1991,0.6000535626301318
ADH_GINI,10008,2000,0.5845413117124268
ADH_GINI,10008,2010,0.5484937789069116
ADH_GINI,10009,1991,0.6115263924244975
ADH_GINI,10009,2000,0.6069767731684139
ADH_GINI,10009,2010,0.5300000000000001
ADH_GINI,10010,1991,0.5
ADH_GINI,10010,2000,0.52
ADH_GINI,10010,2010,0.46
ADH_GINI,10011,1991,0.6
ADH_GINI,10011,2000,0.55
ADH_GINI,10011,2010,0.56
ADH_GINI,10012,1991,0.53
ADH_GINI,10012,2000,0.56
ADH_GINI,10012,2010,0.49
ADH_GINI,10013,1991,0.549292126104051
ADH_GINI,10013,2000,0.601002901838322
ADH_GINI,10013,2010,0.5477565808932269
ADH_GINI,10014,1991,0.44
ADH_GINI,10014,2000,0.54
ADH_GINI,10014,2010,0.48000000000000004
ADH_GINI,10015,1991,0.6028992399300899
ADH_GINI,10015,2000,0.601651865008881
ADH_GINI,10015,2010,0.5571246703646449
ADH_GINI,10016,1991,0.6112239663588194
ADH_GINI,10016,2000,0.6367758123046338
ADH_GINI,10016,2010,0.5667548095865275
ADH_GINI,10017,1991,0.51
ADH_GINI,10017,2000,0.51
ADH_GINI,10017,2010,0.54
ADH_GINI,10018,1991,0.4699999999999999
ADH_GINI,10018,2000,0.52
ADH_GINI,10018,2010,0.48
ADH_GINI,10019,1991,0.4806869145614533
ADH_GINI,10019,2000,0.5
ADH_GINI,10019,2010,0.515314572113439
ADH_GINI,10020,1991,0.42000000000000004
ADH_GINI,10020,2000,0.54
ADH_GINI,10020,2010,0.46
ADH_GINI,10021,1991,0.51
ADH_GINI,10021,2000,0.51
ADH_GINI,10021,2010,0.51
ADH_GINI,10022,1991,0.48
ADH_GINI,10022,2000,0.57
ADH_GINI,10022,2010,0.56
ADH_GINI,10023,1991,0.53
ADH_GINI,10023,2000,0.5889863865048831
ADH_GINI,10023,2010,0.494897212245596
ADH_GINI,10024,1991,0.44
ADH_GINI,10024,2000,0.55
ADH_GINI,10024,2010,0.45
ADH_GINI,10025,1991,0.5
ADH_GINI,10025,2000,0.58
ADH_GINI,10025,2010,0.57
ADH_GINI,10026,1991,0.53
ADH_GINI,10026,2000,0.6
ADH_GINI,10026,2010,0.51
ADH_GINI,10027,1991,0.549116221787904
ADH_GINI,10027,2000,0.5215141599378517
ADH_GINI,10027,2010,0.5049400034780593
ADH_GINI,10028,1991,0.49
ADH_GINI,10028,2000,0.55
ADH_GINI,10028,2010,0.52
ADH_GINI,10029,1991,0.54
ADH_GINI,10029,2000,0.48000000000000004
ADH_GINI,10029,2010,0.45
ADH_GINI,10030,1991,0.54
ADH_GINI,10030,2000,0.7
ADH_GINI,10030,2010,0.57
ADH_GINI,10031,1991,0.42999999999999994
ADH_GINI,10031,2000,0.54
ADH_GINI,10031,2010,0.53
ADH_GINI,10032,1991,0.5474465720952627
ADH_GINI,10032,2000,0.574745237348936
ADH_GINI,10032,2010,0.5240706532731073
ADH_GINI,10033,1991,0.5529593082736542
ADH_GINI,10033,2000,0.6523943027641727
ADH_GINI,10033,2010,0.5798622422566512
ADH_GINI,10034,1991,0.53
ADH_GINI,10034,2000,0.48
ADH_GINI,10034,2010,0.53
ADH_GINI,10035,1991,0.51
ADH_GINI,10035,2000,0.35
ADH_GINI,10035,2010,0.44
ADH_GINI,10036,1991,0.53
ADH_GINI,10036,2000,0.54
ADH_GINI,10036,2010,0.57
ADH_GINI,10037,1991,0.51
ADH_GINI,10037,2000,0.56
ADH_GINI,10037,2010,0.52
ADH_GINI,10038,1991,0.6000011873792381
ADH_GINI,10038,2000,0.6200000758437619
ADH_GINI,10038,2010,0.5782567887734645
ADH_GINI,10039,1991,0.5408326598937889
ADH_GINI,10039,2000,0.540584663685099
ADH_GINI,10039,2010,0.49083786724700756
ADH_GINI,10040,1991,0.5899990791170047
ADH_GINI,10040,2000,0.5899996394534114
ADH_GINI,10040,2010,0.5359576924345542
ADH_GINI,10041,1991,0.42
ADH_GINI,10041,2000,0.5
ADH_GINI,10041,2010,0.49
ADH_GINI,10042,1991,0.56
ADH_GINI,10042,2000,0.59
ADH_GINI,10042,2010,0.5
ADH_GINI,10043,1991,0.51
ADH_GINI,10043,2000,0.52
ADH_GINI,10043,2010,0.49
ADH_GINI,10044,1991,0.53
ADH_GINI,10044,2000,0.5899999999999999
ADH_GINI,10044,2010,0.55
ADH_GINI,10045,1991,0.5320540241541439
ADH_GINI,10045,2000,0.5630330959363217
ADH_GINI,10045,2010,0.5140539393471718
ADH_GINI,10046,1991,0.81
ADH_GINI,10046,2000,0.56
ADH_GINI,10046,2010,0.56
ADH_GINI,10047,1991,0.5446668062088947
ADH_GINI,10047,2000,0.6228612070100129
ADH_GINI,10047,2010,0.5782102866527321
ADH_GINI,10048,1991,0.4822183428425445
ADH_GINI,10048,2000,0.5726338304494697
ADH_GINI,10048,2010,0.5290754240135568
ADH_GINI,10049,1991,0.47000000000000003
ADH_GINI,10049,2000,0.58
ADH_GINI,10049,2010,0.53
ADH_GINI,10050,1991,0.5141312921518751
ADH_GINI,10050,2000,0.5555565870537598
ADH_GINI,10050,2010,0.5070330813232529
ADH_GINI,10051,1991,0.61
ADH_GINI,10051,2000,0.62
ADH_GINI,10051,2010,0.53
ADH_GINI,10052,1991,0.6696426491771124
ADH_GINI,10052,2000,0.586724487558917
ADH_GINI,10052,2010,0.5483723183391003
ADH_GINI,10053,1991,0.4799999999999999
ADH_GINI,10053,2000,0.46
ADH_GINI,10053,2010,0.5
ADH_GINI,10054,1991,0.44
ADH_GINI,10054,2000,0.57
ADH_GINI,10054,2010,0.56
ADH_GINI,10055,1991,0.59
ADH_GINI,10055,2000,0.69
ADH_GINI,10055,2010,0.56
ADH_GINI,10056,1991,0.71
ADH_GINI,10056,2000,0.5700000000000001
ADH_GINI,10056,2010,0.52
ADH_GINI,10057,1991,0.5585395345695275
ADH_GINI,10057,2000,0.5052890082122552
ADH_GINI,10057,2010,0.5112006578947368
ADH_GINI,10058,1991,0.65
ADH_GINI,10058,2000,0.39
ADH_GINI,10058,2010,0.39
ADH_GINI,10059,1991,0.5025631768953068
ADH_GINI,10059,2000,0.536829035959386
ADH_GINI,10059,2010,0.5462516765456669
ADH_GINI,10060,1991,0.6400000000000001
ADH_GINI,10060,2000,0.59
ADH_GINI,10060,2010,0.56
ADH_GINI,10061,1991,0.62
ADH_GINI,10061,2000,0.68
ADH_GINI,10061,2010,0.4799999999999999
ADH_GINI,10062,1991,0.45
ADH_GINI,10062,2000,0.57
ADH_GINI,10062,2010,0.54
ADH_GINI,10063,1991,0.6599256201565481
ADH_GINI,10063,2000,0.618535355262258
ADH_GINI,10063,2010,0.5650567136975377
ADH_GINI,10064,1991,0.5449528147203497
ADH_GINI,10064,2000,0.5851507473218295
ADH_GINI,10064,2010,0.5250512594201915
ADH_GINI,10065,1991,0.4
ADH_GINI,10065,2000,0.49
ADH_GINI,10065,2010,0.53
ADH_GINI,10066,1991,0.4608221669799309
ADH_GINI,10066,2000,0.5739206493597369
ADH_GINI,10066,2010,0.5165455318244607
ADH_GINI,10067,1991,0.69
ADH_GINI,10067,2000,0.64
ADH_GINI,10067,2010,0.6
ADH_GINI,10068,1991,0.5107868239256309
ADH_GINI,10068,2000,0.5612425383946682
ADH_GINI,10068,2010,0.523558062118225
ADH_GINI,10069,1991,0.5232758809968163
ADH_GINI,10069,2000,0.5776925608276259
ADH_GINI,10069,2010,0.54
ADH_GINI,10070,1991,0.84
ADH_GINI,10070,2000,0.61
ADH_GINI,10070,2010,0.6099999999999999
ADH_GINI,10071,1991,0.5496290261256856
ADH_GINI,10071,2000,0.6151318314450198
ADH_GINI,10071,2010,0.5557682740145427
ADH_GINI,10072,1991,0.45
ADH_GINI,10072,2000,0.6
ADH_GINI,10072,2010,0.48999999999999994
ADH_GINI,10073,1991,0.5401544448498116
ADH_GINI,10073,2000,0.539988128369305
ADH_GINI,10073,2010,0.4953940455341507
ADH_GINI,10074,1991,0.43999999999999995
ADH_GINI,10074,2000,0.52
ADH_GINI,10074,2010,0.44
ADH_GINI,10075,1991,0.55
ADH_GINI,10075,2000,0.54
ADH_GINI,10075,2010,0.48
ADH_GINI,10076,1991,0.5
ADH_GINI,10076,2000,0.55
ADH_GINI,10076,2010,0.43999999999999995
ADH_GINI,10077,1991,0.48
ADH_GINI,10077,2000,0.54
ADH_GINI,10077,2010,0.5
ADH_GINI,10078,1991,0.7
ADH_GINI,10078,2000,0.65
ADH_GINI,10078,2010,0.57
ADH_GINI,10079,1991,0.4837039070363254
ADH_GINI,10079,2000,0.5698286668834817
ADH_GINI,10079,2010,0.5456312742116883
ADH_GINI,10080,1991,0.5084809149200452
ADH_GINI,10080,2000,0.5402117019743479
ADH_GINI,10080,2010,0.462489732914153
ADH_GINI,10081,1991,0.5611033122155448
ADH_GINI,10081,2000,0.5987716087181799
ADH_GINI,10081,2010,0.5312866964193582
ADH_GINI,10082,1991,0.5705195626399684
ADH_GINI,10082,2000,0.6121040558857263
ADH_GINI,10082,2010,0.4837510550071557
ADH_GINI,10083,1991,0.53
ADH_GINI,10083,2000,0.72
ADH_GINI,10083,2010,0.56
ADH_GINI,10084,1991,0.65
ADH_GINI,10084,2000,0.59
ADH_GINI,10084,2010,0.52
ADH_GINI,10085,1991,0.5277701516860975
ADH_GINI,10085,2000,0.5737216104097651
ADH_GINI,10085,2010,0.515367434324731
ADH_GINI,10086,1991,0.63
ADH_GINI,10086,2000,0.55
ADH_GINI,10086,2010,0.54
ADH_GINI,10087,1991,0.5414036237005878
ADH_GINI,10087,2000,0.5458623359256782
ADH_GINI,10087,2010,0.5208830652889825
ADH_GINI,10088,1991,0.53
ADH_GINI,10088,2000,0.53
ADH_GINI,10088,2010,0.51
ADH_GINI,10089,1991,0.53
ADH_GINI,10089,2000,0.57
ADH_GINI,10089,2010,0.55
ADH_GINI,10090,1991,0.56
ADH_GINI,10090,2000,0.59
ADH_GINI,10090,2010,0.54
ADH_GINI,10091,1991,0.7
ADH_GINI,10091,2000,0.64
ADH_GINI,10091,2010,0.58
ADH_GINI,10092,1991,0.53
ADH_GINI,10092,2000,0.5625666233344166
ADH_GINI,10092,2010,0.53
ADH_GINI,10093,1991,0.56
ADH_GINI,10093,2000,0.57
ADH_GINI,10093,2010,0.55
ADH_GINI,10094,1991,0.59
ADH_GINI,10094,2000,0.57
ADH_GINI,10094,2010,0.54
ADH_GINI,10095,1991,0.54
ADH_GINI,10095,2000,0.61
ADH_GINI,10095,2010,0.56
ADH_GINI,10096,1991,0.57
ADH_GINI,10096,2000,0.5
ADH_GINI,10096,2010,0.56
ADH_GINI,10097,1991,0.54
ADH_GINI,10097,2000,0.5
ADH_GINI,10097,2010,0.56
ADH_GINI,10098,1991,0.54
ADH_GINI,10098,2000,0.55
ADH_GINI,10098,2010,0.4799999999999999
ADH_GINI,10099,1991,0.6
ADH_GINI,10099,2000,0.55
ADH_GINI,10099,2010,0.48
ADH_GINI,10100,1991,0.49
ADH_GINI,10100,2000,0.61
ADH_GINI,10100,2010,0.63
ADH_GINI,10101,1991,0.6715700665859564
ADH_GINI,10101,2000,0.577655020561474
ADH_GINI,10101,2010,0.47856243134383014
ADH_GINI,10102,1991,0.53
ADH_GINI,10102,2000,0.52
ADH_GINI,10102,2010,0.51
ADH_GINI,10103,1991,0.66
ADH_GINI,10103,2000,0.58
ADH_GINI,10103,2010,0.52
ADH_GINI,10104,1991,0.42
ADH_GINI,10104,2000,0.49
ADH_GINI,10104,2010,0.45
ADH_GINI,10105,1991,0.484568492888088
ADH_GINI,10105,2000,0.5881498550509181
ADH_GINI,10105,2010,0.5418409797112045
ADH_GINI,10106,1991,0.44
ADH_GINI,10106,2000,0.55
ADH_GINI,10106,2010,0.48
ADH_GINI,10107,1991,0.5517109605259843
ADH_GINI,10107,2000,0.6050343764527416
ADH_GINI,10107,2010,0.5889234747153299
ADH_GINI,10108,1991,0.5708860129417621
ADH_GINI,10108,2000,0.5855597083965511
ADH_GINI,10108,2010,0.5743390375559895
ADH_GINI,10109,1991,0.51
ADH_GINI,10109,2000,0.55
ADH_GINI,10109,2010,0.53
ADH_GINI,10110,1991,0.47
ADH_GINI,10110,2000,0.53
ADH_GINI,10110,2010,0.57
ADH_GINI,10111,1991,0.53
ADH_GINI,10111,2000,0.53
ADH_GINI,10111,2010,0.54
ADH_GINI,10112,1991,0.6
ADH_GINI,10112,2000,0.58
ADH_GINI,10112,2010,0.55
ADH_GINI,10113,1991,0.54
ADH_GINI,10113,2000,0.55
ADH_GINI,10113,2010,0.51
ADH_GINI,10114,1991,0.45000000000000007
ADH_GINI,10114,2000,0.49
ADH_GINI,10114,2010,0.54
ADH_GINI,10115,1991,0.53
ADH_GINI,10115,2000,0.47
ADH_GINI,10115,2010,0.46
ADH_GINI,10116,1991,0.55
ADH_GINI,10116,2000,0.48
ADH_GINI,10116,2010,0.55
ADH_GINI,10117,1991,0.5
ADH_GINI,10117,2000,0.52
ADH_GINI,10117,2010,0.5
ADH_GINI,10118,1991,0.48292208596556424
ADH_GINI,10118,2000,0.4468268812076223
ADH_GINI,10118,2010,0.48202731092436973
ADH_GINI,10119,1991,0.53
ADH_GINI,10119,2000,0.59
ADH_GINI,10119,2010,0.6
ADH_GINI,10120,1991,0.59
ADH_GINI,10120,2000,0.61
ADH_GINI,10120,2010,0.57
ADH_GINI,10121,1991,0.6483043591074209
ADH_GINI,10121,2000,0.6299999999999999
ADH_GINI,10121,2010,0.5720768622489324
ADH_GINI,10122,1991,0.61
ADH_GINI,10122,2000,0.61
ADH_GINI,10122,2010,0.6
ADH_GINI,10123,1991,0.5110148388197169
ADH_GINI,10123,2000,0.5781617032392894
ADH_GINI,10123,2010,0.531789696427118
ADH_GINI,10124,1991,0.59
ADH_GINI,10124,2000,0.56
ADH_GINI,10124,2010,0.43
ADH_GINI,10125,1991,0.54
ADH_GINI,10125,2000,0.53
ADH_GINI,10125,2010,0.45
ADH_GINI,10126,1991,0.74
ADH_GINI,10126,2000,0.8
ADH_GINI,10126,2010,0.6
ADH_GINI,10127,1991,0.6045404864323783
ADH_GINI,10127,2000,0.6303350230146245
ADH_GINI,10127,2010,0.5846073977936405
ADH_GINI,10128,1991,0.7
ADH_GINI,10128,2000,0.59
ADH_GINI,10128,2010,0.52
ADH_GINI,10129,1991,0.5
ADH_GINI,10129,2000,0.61
ADH_GINI,10129,2010,0.51
ADH_GINI,10130,1991,0.5
ADH_GINI,10130,2000,0.5
ADH_GINI,10130,2010,0.47
ADH_GINI,10131,1991,0.54
ADH_GINI,10131,2000,0.54
ADH_GINI,10131,2010,0.54
ADH_GINI,10132,1991,0.62
ADH_GINI,10132,2000,0.64
ADH_GINI,10132,2010,0.55
ADH_GINI,10133,1991,0.69
ADH_GINI,10133,2000,0.53
ADH_GINI,10133,2010,0.53
ADH_GINI,10134,1991,0.45347973773599815
ADH_GINI,10134,2000,0.48941135093110216
ADH_GINI,10134,2010,0.5155919615552643
ADH_GINI,10135,1991,0.53
ADH_GINI,10135,2000,0.55
ADH_GINI,10135,2010,0.61
ADH_GINI,10136,1991,0.61
ADH_GINI,10136,2000,0.55
ADH_GINI,10136,2010,0.46
ADH_GINI,10137,1991,0.62
ADH_GINI,10137,2000,0.6
ADH_GINI,10137,2010,0.53
ADH_GINI,10138,1991,0.4699999999999999
ADH_GINI,10138,2000,0.5599999999999999
ADH_GINI,10138,2010,0.48000000000000004
ADH_GINI,10139,1991,0.79
ADH_GINI,10139,2000,0.56
ADH_GINI,10139,2010,0.5
ADH_GINI,10140,1991,0.57
ADH_GINI,10140,2000,0.55
ADH_GINI,10140,2010,0.56
ADH_GINI,10141,1991,0.52
ADH_GINI,10141,2000,0.55
ADH_GINI,10141,2010,0.57
ADH_GINI,10142,1991,0.52
ADH_GINI,10142,2000,0.58
ADH_GINI,10142,2010,0.58
ADH_GINI,10143,1991,0.55
ADH_GINI,10143,2000,0.57
ADH_GINI,10143,2010,0.52
ADH_GINI,10144,1991,0.48
ADH_GINI,10144,2000,0.53
ADH_GINI,10144,2010,0.51
ADH_GINI,10145,1991,0.6
ADH_GINI,10145,2000,0.6
ADH_GINI,10145,2010,0.49
ADH_GINI,10146,1991,0.5137834657252133
ADH_GINI,10146,2000,0.5270538243626063
ADH_GINI,10146,2010,0.5540766204499447
ADH_GINI,10147,1991,0.49
ADH_GINI,10147,2000,0.53
ADH_GINI,10147,2010,0.5
ADH_GINI,10148,1991,0.61
ADH_GINI,10148,2000,0.67
ADH_GINI,10148,2010,0.55
ADH_GINI,10149,1991,0.54
ADH_GINI,10149,2000,0.49000000000000005
ADH_GINI,10149,2010,0.47
ADH_GINI,10150,1991,0.56
ADH_GINI,10150,2000,0.63
ADH_GINI,10150,2010,0.5
ADH_GINI,10151,1991,0.54
ADH_GINI,10151,2000,0.57
ADH_GINI,10151,2010,0.55
ADH_GINI,10152,1991,0.64
ADH_GINI,10152,2000,0.64
ADH_GINI,10152,2010,0.58
ADH_GINI,10153,1991,0.53
ADH_GINI,10153,2000,0.55
ADH_GINI,10153,2010,0.53
ADH_GINI,10154,1991,0.5
ADH_GINI,10154,2000,0.48
ADH_GINI,10154,2010,0.53
ADH_GINI,10155,1991,0.66
ADH_GINI,10155,2000,0.63
ADH_GINI,10155,2010,0.69
ADH_GINI,10156,1991,0.5043046375740657
ADH_GINI,10156,2000,0.566992830900059
ADH_GINI,10156,2010,0.511095357680993
ADH_GINI,10157,1991,0.54
ADH_GINI,10157,2000,0.6
ADH_GINI,10157,2010,0.5
ADH_GINI,10158,1991,0.52
ADH_GINI,10158,2000,0.52
ADH_GINI,10158,2010,0.52
ADH_GINI,10159,1991,0.52
ADH_GINI,10159,2000,0.48000000000000004
ADH_GINI,10159,2010,0.5
ADH_GINI,10160,1991,0.54
ADH_GINI,10160,2000,0.55
ADH_GINI,10160,2010,0.61
ADH_GINI,10161,1991,0.54
ADH_GINI,10161,2000,0.58
ADH_GINI,10161,2010,0.5
ADH_GINI,10162,1991,0.6624884253004019
ADH_GINI,10162,2000,0.603043295709946
ADH_GINI,10162,2010,0.5581721489321977
ADH_GINI,10163,1991,0.6100000000000001
ADH_GINI,10163,2000,0.58
ADH_GINI,10163,2010,0.58
ADH_GINI,10164,1991,0.6716938068718484
ADH_GINI,10164,2000,0.6048203749675612
ADH_GINI,10164,2010,0.5584669012650315
ADH_GINI,10165,1991,0.63
ADH_GINI,10165,2000,0.58
ADH_GINI,10165,2010,0.55
ADH_GINI,10166,1991,0.51
ADH_GINI,10166,2000,0.6
ADH_GINI,10166,2010,0.54
ADH_GINI,10167,1991,0.48
ADH_GINI,10167,2000,0.6
ADH_GINI,10167,2010,0.46
ADH_GINI,10168,1991,0.56
ADH_GINI,10168,2000,0.53
ADH_GINI,10168,2010,0.47000000000000003
ADH_GINI,10169,1991,0.62
ADH_GINI,10169,2000,0.57
ADH_GINI,10169,2010,0.52
ADH_GINI,10170,1991,0.49192570260248814
ADH_GINI,10170,2000,0.5839445267460331
ADH_GINI,10170,2010,0.5555029364201209
ADH_GINI,10171,1991,0.48999999999999994
ADH_GINI,10171,2000,0.54
ADH_GINI,10171,2010,0.48
ADH_GINI,10172,1991,0.6
ADH_GINI,10172,2000,0.55
ADH_GINI,10172,2010,0.49000000000000005
ADH_GINI,10173,1991,0.6081035856573705
ADH_GINI,10173,2000,0.5832349289737457
ADH_GINI,10173,2010,0.5485973091236249
ADH_GINI,10174,1991,0.66
ADH_GINI,10174,2000,0.58
ADH_GINI,10174,2010,0.51
ADH_GINI,10175,1991,0.64
ADH_GINI,10175,2000,0.45
ADH_GINI,10175,2010,0.4
ADH_GINI,10176,1991,0.47
ADH_GINI,10176,2000,0.55
ADH_GINI,10176,2010,0.63
ADH_GINI,10177,1991,0.56
ADH_GINI,10177,2000,0.58
ADH_GINI,10177,2010,0.54
ADH_GINI,10178,1991,0.52
ADH_GINI,10178,2000,0.56
ADH_GINI,10178,2010,0.63
ADH_GINI,10179,1991,0.53
ADH_GINI,10179,2000,0.47
ADH_GINI,10179,2010,0.47
ADH_GINI,10180,1991,0.52
ADH_GINI,10180,2000,0.52
ADH_GINI,10180,2010,0.4799999999999999
ADH_GINI,10181,1991,0.62
ADH_GINI,10181,2000,0.57
ADH_GINI,10181,2010,0.48000000000000004
ADH_GINI,10182,1991,0.48
ADH_GINI,10182,2000,0.57
ADH_GINI,10182,2010,0.54
ADH_GINI,10183,1991,0.62
ADH_GINI,10183,2000,0.53
ADH_GINI,10183,2010,0.43000000000000005
ADH_GINI,10184,1991,0.5
ADH_GINI,10184,2000,0.47
ADH_GINI,10184,2010,0.55
ADH_GINI,10185,1991,0.47
ADH_GINI,10185,2000,0.54
ADH_GINI,10185,2010,0.5
ADH_GINI,10186,1991,0.5046880787343246
ADH_GINI,10186,2000,0.5074855113105253
ADH_GINI,10186,2010,0.4879420769549028
ADH_GINI,10187,1991,0.5
ADH_GINI,10187,2000,0.61
ADH_GINI,10187,2010,0.5
ADH_GINI,10188,1991,0.51
ADH_GINI,10188,2000,0.63
ADH_GINI,10188,2010,0.56
ADH_GINI,10189,1991,0.55
ADH_GINI,10189,2000,0.55
ADH_GINI,10189,2010,0.44
ADH_GINI,10190,1991,0.59
ADH_GINI,10190,2000,0.61
ADH_GINI,10190,2010,0.52
ADH_GINI,10191,1991,0.57
ADH_GINI,10191,2000,0.5514036526065815
ADH_GINI,10191,2010,0.5046144545204726
ADH_GINI,10192,1991,0.48080726267705653
ADH_GINI,10192,2000,0.5400915603570471
ADH_GINI,10192,2010,0.481900126328305
ADH_GINI,10193,1991,0.45
ADH_GINI,10193,2000,0.57
ADH_GINI,10193,2010,0.47
ADH_GINI,10194,1991,0.59
ADH_GINI,10194,2000,0.59
ADH_GINI,10194,2010,0.66
ADH_GINI,10195,1991,0.58
ADH_GINI,10195,2000,0.54
ADH_GINI,10195,2010,0.55
ADH_GINI,10196,1991,0.47
ADH_GINI,10196,2000,0.53
ADH_GINI,10196,2010,0.54
ADH_GINI,10197,1991,0.62
ADH_GINI,10197,2000,0.58
ADH_GINI,10197,2010,0.55
ADH_GINI,10198,1991,0.4947723717301332
ADH_GINI,10198,2000,0.6201643983290662
ADH_GINI,10198,2010,0.5350095480585614
ADH_GINI,10199,1991,0.5
ADH_GINI,10199,2000,0.49
ADH_GINI,10199,2010,0.5
ADH_GINI,10200,1991,0.48
ADH_GINI,10200,2000,0.6
ADH_GINI,10200,2010,0.51
ADH_GINI,10201,1991,0.585555125854309
ADH_GINI,10201,2000,0.6145569497478202
ADH_GINI,10201,2010,0.5529988861864388
ADH_GINI,10202,1991,0.5999999999999999
ADH_GINI,10202,2000,0.57
ADH_GINI,10202,2010,0.52
ADH_GINI,10203,1991,0.47000000000000003
ADH_GINI,10203,2000,0.48
ADH_GINI,10203,2010,0.46
ADH_GINI,10204,1991,0.46
ADH_GINI,10204,2000,0.51
ADH_GINI,10204,2010,0.51
ADH_GINI,10205,1991,0.58
ADH_GINI,10205,2000,0.54
ADH_GINI,10205,2010,0.51
ADH_GINI,10206,1991,0.72
ADH_GINI,10206,2000,0.61
ADH_GINI,10206,2010,0.58
ADH_GINI,10207,1991,0.43
ADH_GINI,10207,2000,0.51
ADH_GINI,10207,2010,0.56
ADH_GINI,10208,1991,0.4519256616116563
ADH_GINI,10208,2000,0.5001802277354649
ADH_GINI,10208,2010,0.49738532110091743
ADH_GINI,10209,1991,0.51
ADH_GINI,10209,2000,0.51
ADH_GINI,10209,2010,0.5
ADH_GINI,10210,1991,0.68
ADH_GINI,10210,2000,0.6699999999999999
ADH_GINI,10210,2010,0.63
ADH_GINI,10211,1991,0.5699999999999998
ADH_GINI,10211,2000,0.6
ADH_GINI,10211,2010,0.61
ADH_GINI,10212,1991,0.56
ADH_GINI,10212,2000,0.66
ADH_GINI,10212,2010,0.45
ADH_GINI,10213,1991,0.62
ADH_GINI,10213,2000,0.57
ADH_GINI,10213,2010,0.52
ADH_GINI,10214,1991,0.45
ADH_GINI,10214,2000,0.59
ADH_GINI,10214,2010,0.55
ADH_GINI,10215,1991,0.6
ADH_GINI,10215,2000,0.52
ADH_GINI,10215,2010,0.46
ADH_GINI,10216,1991,0.59
ADH_GINI,10216,2000,0.64
ADH_GINI,10216,2010,0.55
ADH_GINI,10217,1991,0.48999999999999994
ADH_GINI,10217,2000,0.53
ADH_GINI,10217,2010,0.55
ADH_GINI,10218,1991,0.6492510707829765
ADH_GINI,10218,2000,0.6393626929266443
ADH_GINI,10218,2010,0.6294193013673808
ADH_GINI,10219,1991,0.44424033599739027
ADH_GINI,10219,2000,0.5155465165468094
ADH_GINI,10219,2010,0.5061884968583857
ADH_GINI,10220,1991,0.49
ADH_GINI,10220,2000,0.49
ADH_GINI,10220,2010,0.46
ADH_GINI,10221,1991,0.530348949352661
ADH_GINI,10221,2000,0.5402162049943651
ADH_GINI,10221,2010,0.49583655472336313
ADH_GINI,10222,1991,0.49
ADH_GINI,10222,2000,0.6
ADH_GINI,10222,2010,0.48
ADH_GINI,10223,1991,0.49
ADH_GINI,10223,2000,0.49
ADH_GINI,10223,2010,0.51
ADH_GINI,10224,1991,0.48851774530271397
ADH_GINI,10224,2000,0.6762990419708029
ADH_GINI,10224,2010,0.5837907419803305
ADH_GINI,10225,1991,0.56
ADH_GINI,10225,2000,0.53
ADH_GINI,10225,2010,0.57
ADH_GINI,10226,1991,0.76
ADH_GINI,10226,2000,0.71
ADH_GINI,10226,2010,0.71
ADH_GINI,10227,1991,0.52
ADH_GINI,10227,2000,0.63
ADH_GINI,10227,2010,0.49
ADH_GINI,10228,1991,0.56
ADH_GINI,10228,2000,0.53
ADH_GINI,10228,2010,0.58
ADH_GINI,10229,1991,0.53
ADH_GINI,10229,2000,0.54
ADH_GINI,10229,2010,0.56
ADH_GINI,10230,1991,0.517734844723923
ADH_GINI,10230,2000,0.6220982383952681
ADH_GINI,10230,2010,0.5333315785695485
ADH_GINI,10231,1991,0.56
ADH_GINI,10231,2000,0.64
ADH_GINI,10231,2010,0.53
ADH_GINI,10232,1991,0.59
ADH_GINI,10232,2000,0.55
ADH_GINI,10232,2010,0.54
ADH_GINI,10233,1991,0.54
ADH_GINI,10233,2000,0.53
ADH_GINI,10233,2010,0.51
ADH_GINI,10234,1991,0.48
ADH_GINI,10234,2000,0.51
ADH_GINI,10234,2010,0.51
ADH_GINI,10235,1991,0.53
ADH_GINI,10235,2000,0.6
ADH_GINI,10235,2010,0.55
ADH_GINI,10236,1991,0.49
ADH_GINI,10236,2000,0.63
ADH_GINI,10236,2010,0.55
ADH_GINI,10237,1991,0.52
ADH_GINI,10237,2000,0.58
ADH_GINI,10237,2010,0.48
ADH_GINI,10238,1991,0.61
ADH_GINI,10238,2000,0.48
ADH_GINI,10238,2010,0.53
ADH_GINI,10239,1991,0.51
ADH_GINI,10239,2000,0.61
ADH_GINI,10239,2010,0.57
ADH_GINI,10240,1991,0.54
ADH_GINI,10240,2000,0.56
ADH_GINI,10240,2010,0.65
ADH_GINI,10241,1991,0.45
ADH_GINI,10241,2000,0.52
ADH_GINI,10241,2010,0.51
ADH_GINI,10242,1991,0.52
ADH_GINI,10242,2000,0.7
ADH_GINI,10242,2010,0.63
ADH_GINI,10243,1991,0.54
ADH_GINI,10243,2000,0.55
ADH_GINI,10243,2010,0.61
ADH_GINI,10244,1991,0.46
ADH_GINI,10244,2000,0.5
ADH_GINI,10244,2010,0.52
ADH_GINI,10245,1991,0.5085272654493949
ADH_GINI,10245,2000,0.5473157938099029
ADH_GINI,10245,2010,0.5200378654693966
ADH_GINI,10246,1991,0.55
ADH_GINI,10246,2000,0.48
ADH_GINI,10246,2010,0.46
ADH_GINI,10247,1991,0.45000000000000007
ADH_GINI,10247,2000,0.56
ADH_GINI,10247,2010,0.55
ADH_GINI,10248,1991,0.56
ADH_GINI,10248,2000,0.6
ADH_GINI,10248,2010,0.57
ADH_GINI,10249,1991,0.53
ADH_GINI,10249,2000,0.6
ADH_GINI,10249,2010,0.61
ADH_GINI,10250,1991,0.52
ADH_GINI,10250,2000,0.56
ADH_GINI,10250,2010,0.58
ADH_GINI,10251,1991,0.53
ADH_GINI,10251,2000,0.64
ADH_GINI,10251,2010,0.56
ADH_GINI,10252,1991,0.47000000000000003
ADH_GINI,10252,2000,0.47
ADH_GINI,10252,2010,0.45
ADH_GINI,10253,1991,0.48
ADH_GINI,10253,2000,0.76
ADH_GINI,10253,2010,0.48
ADH_GINI,10254,1991,0.65
ADH_GINI,10254,2000,0.58
ADH_GINI,10254,2010,0.58
ADH_GINI,10255,1991,0.49
ADH_GINI,10255,2000,0.73
ADH_GINI,10255,2010,0.51
ADH_GINI,10256,1991,0.47
ADH_GINI,10256,2000,0.66
ADH_GINI,10256,2010,0.55
ADH_GINI,10257,1991,0.53
ADH_GINI,10257,2000,0.55
ADH_GINI,10257,2010,0.56
ADH_GINI,10258,1991,0.59
ADH_GINI,10258,2000,0.59
ADH_GINI,10258,2010,0.58
ADH_GINI,10259,1991,0.5
ADH_GINI,10259,2000,0.51
ADH_GINI,10259,2010,0.47
ADH_GINI,10260,1991,0.5
ADH_GINI,10260,2000,0.52
ADH_GINI,10260,2010,0.51
ADH_GINI,10261,1991,0.45
ADH_GINI,10261,2000,0.57
ADH_GINI,10261,2010,0.54
ADH_GINI,10262,1991,0.45
ADH_GINI,10262,2000,0.64
ADH_GINI,10262,2010,0.6
ADH_GINI,10263,1991,0.58
ADH_GINI,10263,2000,0.54
ADH_GINI,10263,2010,0.45
ADH_GINI,10264,1991,0.4600000000000001
ADH_GINI,10264,2000,0.48
ADH_GINI,10264,2010,0.49
ADH_GINI,10265,1991,0.56
ADH_GINI,10265,2000,0.56
ADH_GINI,10265,2010,0.52
ADH_GINI,10266,1991,0.47
ADH_GINI,10266,2000,0.49
ADH_GINI,10266,2010,0.56
ADH_GINI,10267,1991,0.47
ADH_GINI,10267,2000,0.53
ADH_GINI,10267,2010,0.45
ADH_GINI,10268,1991,0.55
ADH_GINI,10268,2000,0.53
ADH_GINI,10268,2010,0.5
ADH_GINI,10269,1991,0.51
ADH_GINI,10269,2000,0.45
ADH_GINI,10269,2010,0.48999999999999994
ADH_GINI,10270,1991,0.5439085779496607
ADH_GINI,10270,2000,0.6202492046659598
ADH_GINI,10270,2010,0.5341984488918581
ADH_GINI,10271,1991,0.53
ADH_GINI,10271,2000,0.59
ADH_GINI,10271,2010,0.53
ADH_GINI,10272,1991,0.5366260267240774
ADH_GINI,10272,2000,0.5838255910901586
ADH_GINI,10272,2010,0.5421192865204988
ADH_GINI,10273,1991,0.48
ADH_GINI,10273,2000,0.65
ADH_GINI,10273,2010,0.58
ADH_GINI,10274,1991,0.58
ADH_GINI,10274,2000,0.6
ADH_GINI,10274,2010,0.54
ADH_GINI,10275,1991,0.46
ADH_GINI,10275,2000,0.61
ADH_GINI,10275,2010,0.46
ADH_GINI,10276,1991,0.51
ADH_GINI,10276,2000,0.57
ADH_GINI,10276,2010,0.53
ADH_GINI,10277,1991,0.53
ADH_GINI,10277,2000,0.54
ADH_GINI,10277,2010,0.48
ADH_GINI,10278,1991,0.58
ADH_GINI,10278,2000,0.64
ADH_GINI,10278,2010,0.48999999999999994
ADH_GINI,10279,1991,0.49
ADH_GINI,10279,2000,0.57
ADH_GINI,10279,2010,0.4799999999999999
ADH_GINI,10280,1991,0.6
ADH_GINI,10280,2000,0.58
ADH_GINI,10280,2010,0.53
ADH_GINI,10281,1991,0.49
ADH_GINI,10281,2000,0.54
ADH_GINI,10281,2010,0.53
ADH_GINI,10282,1991,0.72
ADH_GINI,10282,2000,0.59
ADH_GINI,10282,2010,0.55
ADH_GINI,10283,1991,0.43
ADH_GINI,10283,2000,0.5
ADH_GINI,10283,2010,0.54
ADH_GINI,10284,1991,0.51
ADH_GINI,10284,2000,0.52
ADH_GINI,10284,2010,0.52
ADH_GINI,10285,1991,0.4699999999999999
ADH_GINI,10285,2000,0.61
ADH_GINI,10285,2010,0.55
ADH_GINI,10286,1991,0.49
ADH_GINI,10286,2000,0.44
ADH_GINI,10286,2010,0.54
ADH_GINI,10287,1991,0.5
ADH_GINI,10287,2000,0.51
ADH_GINI,10287,2010,0.48
ADH_GINI,10288,1991,0.56
ADH_GINI,10288,2000,0.62
ADH_GINI,10288,2010,0.49
ADH_GINI,10289,1991,0.6
ADH_GINI,10289,2000,0.64
ADH_GINI,10289,2010,0.54
ADH_GINI,10290,1991,0.58
ADH_GINI,10290,2000,0.62
ADH_GINI,10290,2010,0.54
ADH_GINI,10291,1991,0.43
ADH_GINI,10291,2000,0.54
ADH_GINI,10291,2010,0.52
ADH_GINI,10292,1991,0.5574215131240351
ADH_GINI,10292,2000,0.5181143323567566
ADH_GINI,10292,2010,0.5486368313502704
ADH_GINI,10293,1991,0.6
ADH_GINI,10293,2000,0.56
ADH_GINI,10293,2010,0.54
ADH_GINI,10294,1991,0.51
ADH_GINI,10294,2000,0.54
ADH_GINI,10294,2010,0.56
ADH_GINI,10295,1991,0.59
ADH_GINI,10295,2000,0.55
ADH_GINI,10295,2010,0.57
ADH_GINI,10296,1991,0.5007507293816267
ADH_GINI,10296,2000,0.5065421604293484
ADH_GINI,10296,2010,0.48453856627005265
ADH_GINI,10297,1991,0.57
ADH_GINI,10297,2000,0.58
ADH_GINI,10297,2010,0.48
ADH_GINI,10298,1991,0.4799999999999999
ADH_GINI,10298,2000,0.54
ADH_GINI,10298,2010,0.5
ADH_GINI,10299,1991,0.64
ADH_GINI,10299,2000,0.57
ADH_GINI,10299,2010,0.5
ADH_GINI,10300,1991,0.62
ADH_GINI,10300,2000,0.57
ADH_GINI,10300,2010,0.55
ADH_GINI,10301,1991,0.5
ADH_GINI,10301,2000,0.49
ADH_GINI,10301,2010,0.51
ADH_GINI,10302,1991,0.56
ADH_GINI,10302,2000,0.54
ADH_GINI,10302,2010,0.53
ADH_GINI,10303,1991,0.52
ADH_GINI,10303,2000,0.55
ADH_GINI,10303,2010,0.58
ADH_GINI,10304,1991,0.43
ADH_GINI,10304,2000,0.59
ADH_GINI,10304,2010,0.54
ADH_GINI,10305,1991,0.47
ADH_GINI,10305,2000,0.57
ADH_GINI,10305,2010,0.55
ADH_GINI,10306,1991,0.54
ADH_GINI,10306,2000,0.62
ADH_GINI,10306,2010,0.57
ADH_GINI,10307,1991,0.69
ADH_GINI,10307,2000,0.53
ADH_GINI,10307,2010,0.45999999999999996
ADH_GINI,10308,1991,0.63
ADH_GINI,10308,2000,0.57
ADH_GINI,10308,2010,0.53
ADH_GINI,10309,1991,0.46
ADH_GINI,10309,2000,0.6
ADH_GINI,10309,2010,0.51
ADH_GINI,10310,1991,0.46
ADH_GINI,10310,2000,0.53
ADH_GINI,10310,2010,0.48
ADH_GINI,10311,1991,0.52
ADH_GINI,10311,2000,0.6
ADH_GINI,10311,2010,0.5
ADH_GINI,10312,1991,0.52
ADH_GINI,10312,2000,0.57
ADH_GINI,10312,2010,0.5
ADH_GINI,10313,1991,0.53
ADH_GINI,10313,2000,0.5799999999999998
ADH_GINI,10313,2010,0.54
ADH_GINI,10314,1991,0.47
ADH_GINI,10314,2000,0.59
ADH_GINI,10314,2010,0.54
ADH_GINI,10315,1991,0.6
ADH_GINI,10315,2000,0.57
ADH_GINI,10315,2010,0.5
ADH_GINI,10316,1991,0.52
ADH_GINI,10316,2000,0.59
ADH_GINI,10316,2010,0.48
ADH_GINI,10317,1991,0.57
ADH_GINI,10317,2000,0.59
ADH_GINI,10317,2010,0.53
ADH_GINI,10318,1991,0.46
ADH_GINI,10318,2000,0.51
ADH_GINI,10318,2010,0.61
ADH_GINI,10319,1991,0.58
ADH_GINI,10319,2000,0.48
ADH_GINI,10319,2010,0.54
ADH_GINI,10320,1991,0.72
ADH_GINI,10320,2000,0.66
ADH_GINI,10320,2010,0.55
ADH_GINI,10321,1991,0.51
ADH_GINI,10321,2000,0.56
ADH_GINI,10321,2010,0.48
ADH_GINI,10322,1991,0.5
ADH_GINI,10322,2000,0.5
ADH_GINI,10322,2010,0.45
ADH_GINI,10323,1991,0.51
ADH_GINI,10323,2000,0.55
ADH_GINI,10323,2010,0.6500000000000001
ADH_GINI,10324,1991,0.54
ADH_GINI,10324,2000,0.56
ADH_GINI,10324,2010,0.56
ADH_GINI,10325,1991,0.51
ADH_GINI,10325,2000,0.51
ADH_GINI,10325,2010,0.59
ADH_GINI,10326,1991,0.65
ADH_GINI,10326,2000,0.57
ADH_GINI,10326,2010,0.56
ADH_GINI,10327,1991,0.68
ADH_GINI,10327,2000,0.61
ADH_GINI,10327,2010,0.53
ADH_GINI,10328,1991,0.46
ADH_GINI,10328,2000,0.53
ADH_GINI,10328,2010,0.53
ADH_GINI,10329,1991,0.86
ADH_GINI,10329,2000,0.56
ADH_GINI,10329,2010,0.51
ADH_GINI,10330,1991,0.52
ADH_GINI,10330,2000,0.5
ADH_GINI,10330,2010,0.48000000000000004
ADH_GINI,10331,1991,0.5
ADH_GINI,10331,2000,0.54
ADH_GINI,10331,2010,0.62
ADH_GINI,10332,1991,0.49
ADH_GINI,10332,2000,0.52
ADH_GINI,10332,2010,0.5
ADH_GINI,10333,1991,0.58
ADH_GINI,10333,2000,0.61
ADH_GINI,10333,2010,0.57
ADH_GINI,10334,1991,0.6
ADH_GINI,10334,2000,0.62
ADH_GINI,10334,2010,0.55
ADH_GINI,10335,1991,0.52
ADH_GINI,10335,2000,0.61
ADH_GINI,10335,2010,0.52
ADH_GINI,10336,1991,0.48
ADH_GINI,10336,2000,0.51
ADH_GINI,10336,2010,0.45000000000000007
ADH_IDHM,3001,1991,0.4001020084824825
ADH_IDHM,3001,2000,0.5084695508660015
ADH_IDHM,3001,2010,0.665509676034418
ADH_IDHM,3002,1991,0.278
ADH_IDHM,3002,2000,0.337
ADH_IDHM,3002,2010,0.529
ADH_IDHM,3003,1991,0.19900024982966158
ADH_IDHM,3003,2000,0.2969124391938846
ADH_IDHM,3003,2010,0.5165034389675701
ADH_IDHM,3004,1991,0.271
ADH_IDHM,3004,2000,0.4050000000000001
ADH_IDHM,3004,2010,0.573
ADH_IDHM,3005,1991,0.257
ADH_IDHM,3005,2000,0.349
ADH_IDHM,3005,2010,0.513
ADH_IDHM,3006,1991,0.27
ADH_IDHM,3006,2000,0.384
ADH_IDHM,3006,2010,0.549
ADH_IDHM,3007,1991,0.3103914719873757
ADH_IDHM,3007,2000,0.40089543642002656
ADH_IDHM,3007,2010,0.5935590590526736
ADH_IDHM,3008,1991,0.27198439070638764
ADH_IDHM,3008,2000,0.3526968602342706
ADH_IDHM,3008,2010,0.5592819785256137
ADH_IDHM,3009,1991,0.308
ADH_IDHM,3009,2000,0.43499999999999994
ADH_IDHM,3009,2010,0.633
ADH_IDHM,3010,1991,0.284
ADH_IDHM,3010,2000,0.374
ADH_IDHM,3010,2010,0.555
ADH_IDHM,3011,1991,0.26
ADH_IDHM,3011,2000,0.39699999999999996
ADH_IDHM,3011,2010,0.581
ADH_IDHM,3012,1991,0.292
ADH_IDHM,3012,2000,0.421
ADH_IDHM,3012,2010,0.581
ADH_IDHM,3013,1991,0.2719984688822841
ADH_IDHM,3013,2000,0.37132429590687194
ADH_IDHM,3013,2010,0.5732605899312486
ADH_IDHM,3014,1991,0.2994866508347726
ADH_IDHM,3014,2000,0.3864815797387867
ADH_IDHM,3014,2010,0.5643553916794212
ADH_IDHM,3015,1991,0.2821363415152105
ADH_IDHM,3015,2000,0.39161467595767907
ADH_IDHM,3015,2010,0.5711186473996414
ADH_IDHM,3016,1991,0.331
ADH_IDHM,3016,2000,0.47
ADH_IDHM,3016,2010,0.626
ADH_IDHM,3017,1991,0.31
ADH_IDHM,3017,2000,0.46399999999999997
ADH_IDHM,3017,2010,0.641
ADH_IDHM,3018,1991,0.37699912017010045
ADH_IDHM,3018,2000,0.4718609356963401
ADH_IDHM,3018,2010,0.6311784554411847
ADH_IDHM,3019,1991,0.2459975080986793
ADH_IDHM,3019,2000,0.38179073672427066
ADH_IDHM,3019,2010,0.5476690167443032
ADH_IDHM,3020,1991,0.347
ADH_IDHM,3020,2000,0.521
ADH_IDHM,3020,2010,0.687
ADH_IDHM,3021,1991,0.31
ADH_IDHM,3021,2000,0.424
ADH_IDHM,3021,2010,0.592
ADH_IDHM,3022,1991,0.2420937714176056
ADH_IDHM,3022,2000,0.3476598292905098
ADH_IDHM,3022,2010,0.5650443564550832
ADH_IDHM,3023,1991,0.2989957244858694
ADH_IDHM,3023,2000,0.3654400157507875
ADH_IDHM,3023,2010,0.5720555680612277
ADH_IDHM,3024,1991,0.3084653557315364
ADH_IDHM,3024,2000,0.3789629014923749
ADH_IDHM,3024,2010,0.5649647926783713
ADH_IDHM,3025,1991,0.27704422369018206
ADH_IDHM,3025,2000,0.4067807514274302
ADH_IDHM,3025,2010,0.5867295302748274
ADH_IDHM,3026,1991,0.299
ADH_IDHM,3026,2000,0.422
ADH_IDHM,3026,2010,0.601
ADH_IDHM,3027,1991,0.2906302903825109
ADH_IDHM,3027,2000,0.40740153648049937
ADH_IDHM,3027,2010,0.5937392846718607
ADH_IDHM,3028,1991,0.2369980035984522
ADH_IDHM,3028,2000,0.31792258130497036
ADH_IDHM,3028,2010,0.5310495541103626
ADH_IDHM,3029,1991,0.2954196835166663
ADH_IDHM,3029,2000,0.37783508189173187
ADH_IDHM,3029,2010,0.5550878615497821
ADH_IDHM,3030,1991,0.24
ADH_IDHM,3030,2000,0.37900000000000006
ADH_IDHM,3030,2010,0.548
ADH_IDHM,3031,1991,0.308
ADH_IDHM,3031,2000,0.395
ADH_IDHM,3031,2010,0.59
ADH_IDHM,3032,1991,0.2989964507708775
ADH_IDHM,3032,2000,0.41585430463576156
ADH_IDHM,3032,2010,0.6116676824106991
ADH_IDHM,3033,1991,0.2799987187016177
ADH_IDHM,3033,2000,0.38118724120671615
ADH_IDHM,3033,2010,0.5444578901216212
ADH_IDHM,3034,1991,0.257
ADH_IDHM,3034,2000,0.331
ADH_IDHM,3034,2010,0.523
ADH_IDHM,3035,1991,0.33999379725351025
ADH_IDHM,3035,2000,0.46304255538914424
ADH_IDHM,3035,2010,0.6568992190405355
ADH_IDHM,3036,1991,0.2683769442212543
ADH_IDHM,3036,2000,0.3580933004316567
ADH_IDHM,3036,2010,0.5665967084504794
ADH_IDHM,3037,1991,0.34334012621338866
ADH_IDHM,3037,2000,0.4632978794162526
ADH_IDHM,3037,2010,0.6456075460533487
ADH_IDHM,3038,1991,0.3569989569465984
ADH_IDHM,3038,2000,0.4560457985639433
ADH_IDHM,3038,2010,0.6132991930009805
ADH_IDHM,3039,1991,0.3419977490897054
ADH_IDHM,3039,2000,0.4512110307302294
ADH_IDHM,3039,2010,0.6086932688185214
ADH_IDHM,3040,1991,0.3799928812956042
ADH_IDHM,3040,2000,0.45576578673666485
ADH_IDHM,3040,2010,0.6087985071250848
ADH_IDHM,3041,1991,0.328
ADH_IDHM,3041,2000,0.42
ADH_IDHM,3041,2010,0.604
ADH_IDHM,3042,1991,0.274
ADH_IDHM,3042,2000,0.387
ADH_IDHM,3042,2010,0.564
ADH_IDHM,3043,1991,0.323996303142329
ADH_IDHM,3043,2000,0.4051544128444858
ADH_IDHM,3043,2010,0.589738511897268
ADH_IDHM,3044,1991,0.32299724191324125
ADH_IDHM,3044,2000,0.4351081251312199
ADH_IDHM,3044,2010,0.5886603964030098
ADH_IDHM,3045,1991,0.382
ADH_IDHM,3045,2000,0.48
ADH_IDHM,3045,2010,0.622
ADH_IDHM,3046,1991,0.286
ADH_IDHM,3046,2000,0.383
ADH_IDHM,3046,2010,0.533
ADH_IDHM,3047,1991,0.27099568189996404
ADH_IDHM,3047,2000,0.3555082830159467
ADH_IDHM,3047,2010,0.5583502409915079
ADH_IDHM,3048,1991,0.23099615096760398
ADH_IDHM,3048,2000,0.3593748159573722
ADH_IDHM,3048,2010,0.5633815422622199
ADH_IDHM,3049,1991,0.2999935634403411
ADH_IDHM,3049,2000,0.4074188753699441
ADH_IDHM,3049,2010,0.6012247292964733
ADH_IDHM,3050,1991,0.30199999999999994
ADH_IDHM,3050,2000,0.43
ADH_IDHM,3050,2010,0.58
ADH_IDHM,3051,1991,0.288
ADH_IDHM,3051,2000,0.395
ADH_IDHM,3051,2010,0.568
ADH_IDHM,3052,1991,0.321
ADH_IDHM,3052,2000,0.377
ADH_IDHM,3052,2010,0.565
ADH_IDHM,3053,1991,0.24099986809708057
ADH_IDHM,3053,2000,0.38154737068965516
ADH_IDHM,3053,2010,0.5587145197546386
ADH_IDHM,3054,1991,0.282997965412004
ADH_IDHM,3054,2000,0.3898843081745109
ADH_IDHM,3054,2010,0.5751905529503712
ADH_IDHM,3055,1991,0.316
ADH_IDHM,3055,2000,0.406
ADH_IDHM,3055,2010,0.57
ADH_IDHM,3056,1991,0.374
ADH_IDHM,3056,2000,0.479
ADH_IDHM,3056,2010,0.625
ADH_IDHM,3057,1991,0.212
ADH_IDHM,3057,2000,0.365
ADH_IDHM,3057,2010,0.535
ADH_IDHM,3058,1991,0.21000000000000002
ADH_IDHM,3058,2000,0.348
ADH_IDHM,3058,2010,0.546
ADH_IDHM,3059,1991,0.33849980745667774
ADH_IDHM,3059,2000,0.4419503353425588
ADH_IDHM,3059,2010,0.602104995551036
ADH_IDHM,3060,1991,0.251
ADH_IDHM,3060,2000,0.367
ADH_IDHM,3060,2010,0.561
ADH_IDHM,3061,1991,0.32
ADH_IDHM,3061,2000,0.388
ADH_IDHM,3061,2010,0.581
ADH_IDHM,3062,1991,0.24062165166166502
ADH_IDHM,3062,2000,0.3536028520059226
ADH_IDHM,3062,2010,0.5433759234012872
ADH_IDHM,3063,1991,0.23399037033242845
ADH_IDHM,3063,2000,0.3994899787158566
ADH_IDHM,3063,2010,0.5914725627800794
ADH_IDHM,3064,1991,0.293
ADH_IDHM,3064,2000,0.398
ADH_IDHM,3064,2010,0.582
ADH_IDHM,3065,1991,0.277
ADH_IDHM,3065,2000,0.386
ADH_IDHM,3065,2010,0.567
ADH_IDHM,3066,1991,0.267
ADH_IDHM,3066,2000,0.39000000000000007
ADH_IDHM,3066,2010,0.57
ADH_IDHM,3067,1991,0.3119768616325628
ADH_IDHM,3067,2000,0.4406983619407306
ADH_IDHM,3067,2010,0.6061468267581476
ADH_IDHM,3068,1991,0.22200000000000003
ADH_IDHM,3068,2000,0.33000000000000007
ADH_IDHM,3068,2010,0.55
ADH_IDHM,3069,1991,0.26
ADH_IDHM,3069,2000,0.368
ADH_IDHM,3069,2010,0.545
ADH_IDHM,3070,1991,0.27799999999999997
ADH_IDHM,3070,2000,0.415
ADH_IDHM,3070,2010,0.585
ADH_IDHM,3071,1991,0.32
ADH_IDHM,3071,2000,0.416
ADH_IDHM,3071,2010,0.584
ADH_IDHM,3072,1991,0.27200154497212337
ADH_IDHM,3072,2000,0.3794599554445087
ADH_IDHM,3072,2010,0.5556610099092149
ADH_IDHM,3073,1991,0.5259969170614333
ADH_IDHM,3073,2000,0.5845739096873794
ADH_IDHM,3073,2010,0.7043721167305702
ADH_IDHM,3074,1991,0.253
ADH_IDHM,3074,2000,0.383
ADH_IDHM,3074,2010,0.556
ADH_IDHM,3075,1991,0.297
ADH_IDHM,3075,2000,0.409
ADH_IDHM,3075,2010,0.58
ADH_IDHM,3076,1991,0.3899987748004111
ADH_IDHM,3076,2000,0.48216475191179087
ADH_IDHM,3076,2010,0.6573355593226144
ADH_IDHM,3077,1991,0.3459968095688672
ADH_IDHM,3077,2000,0.4206834165814126
ADH_IDHM,3077,2010,0.6020702445387476
ADH_IDHM,3078,1991,0.277
ADH_IDHM,3078,2000,0.381
ADH_IDHM,3078,2010,0.554
ADH_IDHM,3079,1991,0.312
ADH_IDHM,3079,2000,0.403
ADH_IDHM,3079,2010,0.599
ADH_IDHM,3080,1991,0.286
ADH_IDHM,3080,2000,0.384
ADH_IDHM,3080,2010,0.576
ADH_IDHM,3081,1991,0.37299613782126306
ADH_IDHM,3081,2000,0.47669733676793047
ADH_IDHM,3081,2010,0.6392213797461083
ADH_IDHM,3082,1991,0.307
ADH_IDHM,3082,2000,0.371
ADH_IDHM,3082,2010,0.563
ADH_IDHM,3083,1991,0.254
ADH_IDHM,3083,2000,0.389
ADH_IDHM,3083,2010,0.587
ADH_IDHM,3084,1991,0.26799717698154185
ADH_IDHM,3084,2000,0.3584321651883089
ADH_IDHM,3084,2010,0.5149855260315404
ADH_IDHM,3085,1991,0.292
ADH_IDHM,3085,2000,0.403
ADH_IDHM,3085,2010,0.565
ADH_IDHM,3086,1991,0.25399738939650623
ADH_IDHM,3086,2000,0.381177603672838
ADH_IDHM,3086,2010,0.564823566300493
ADH_IDHM,3087,1991,0.291
ADH_IDHM,3087,2000,0.398
ADH_IDHM,3087,2010,0.571
ADH_IDHM,3088,1991,0.408
ADH_IDHM,3088,2000,0.512
ADH_IDHM,3088,2010,0.674
ADH_IDHM,3089,1991,0.312
ADH_IDHM,3089,2000,0.446
ADH_IDHM,3089,2010,0.609
ADH_IDHM,3090,1991,0.22199878384952168
ADH_IDHM,3090,2000,0.33921482889733845
ADH_IDHM,3090,2010,0.5530425046542727
ADH_IDHM,3091,1991,0.272
ADH_IDHM,3091,2000,0.368
ADH_IDHM,3091,2010,0.541
ADH_IDHM,3092,1991,0.33999999999999997
ADH_IDHM,3092,2000,0.449
ADH_IDHM,3092,2010,0.602
ADH_IDHM,3093,1991,0.27
ADH_IDHM,3093,2000,0.349
ADH_IDHM,3093,2010,0.528
ADH_IDHM,3094,1991,0.3469961648338747
ADH_IDHM,3094,2000,0.46239331610178747
ADH_IDHM,3094,2010,0.60766067499407594
ADH_IDHM,3095,1991,0.431
ADH_IDHM,3095,2000,0.572
ADH_IDHM,3095,2010,0.708
ADH_IDHM,3096,1991,0.562
ADH_IDHM,3096,2000,0.658
ADH_IDHM,3096,2010,0.768
ADH_IDHM,3097,1991,0.31
ADH_IDHM,3097,2000,0.451
ADH_IDHM,3097,2010,0.61
ADH_IDHM,3098,1991,0.286
ADH_IDHM,3098,2000,0.37599999999999995
ADH_IDHM,3098,2010,0.564
ADH_IDHM,3099,1991,0.261
ADH_IDHM,3099,2000,0.445
ADH_IDHM,3099,2010,0.599
ADH_IDHM,3100,1991,0.241
ADH_IDHM,3100,2000,0.344
ADH_IDHM,3100,2010,0.537
ADH_IDHM,3101,1991,0.362
ADH_IDHM,3101,2000,0.479
ADH_IDHM,3101,2010,0.649
ADH_IDHM,3102,1991,0.276
ADH_IDHM,3102,2000,0.363
ADH_IDHM,3102,2010,0.542
ADH_IDHM,4001,1991,0.28298790633184406
ADH_IDHM,4001,2000,0.3248674274888358
ADH_IDHM,4001,2010,0.5518937297112592
ADH_IDHM,4002,1991,0.379
ADH_IDHM,4002,2000,0.447
ADH_IDHM,4002,2010,0.599
ADH_IDHM,4003,1991,0.40421975569173324
ADH_IDHM,4003,2000,0.48564373692772483
ADH_IDHM,4003,2010,0.6229315808045166
ADH_IDHM,4004,1991,0.2559863636363637
ADH_IDHM,4004,2000,0.3672938433234929
ADH_IDHM,4004,2010,0.5543145290260675
ADH_IDHM,4005,1991,0.2999964025079659
ADH_IDHM,4005,2000,0.43373696341112067
ADH_IDHM,4005,2010,0.5897169375692649
ADH_IDHM,4006,1991,0.2579949300474907
ADH_IDHM,4006,2000,0.3418099637083471
ADH_IDHM,4006,2010,0.5740086359872235
ADH_IDHM,4007,1991,0.31599415776605333
ADH_IDHM,4007,2000,0.4195543044804128
ADH_IDHM,4007,2010,0.6018758568657038
ADH_IDHM,4008,1991,0.3352309848102685
ADH_IDHM,4008,2000,0.4421402501207664
ADH_IDHM,4008,2010,0.5707960383323454
ADH_IDHM,4009,1991,0.364
ADH_IDHM,4009,2000,0.46
ADH_IDHM,4009,2010,0.598
ADH_IDHM,4010,1991,0.41
ADH_IDHM,4010,2000,0.476
ADH_IDHM,4010,2010,0.63
ADH_IDHM,4011,1991,0.33938040357420773
ADH_IDHM,4011,2000,0.4087750346843722
ADH_IDHM,4011,2010,0.5987861648420844
ADH_IDHM,4012,1991,0.37359243436918627
ADH_IDHM,4012,2000,0.47308677792041076
ADH_IDHM,4012,2010,0.6302216689776882
ADH_IDHM,4013,1991,0.2809889013452915
ADH_IDHM,4013,2000,0.4074503686291271
ADH_IDHM,4013,2010,0.5806220620495143
ADH_IDHM,4014,1991,0.3740401160113537
ADH_IDHM,4014,2000,0.45765809734513274
ADH_IDHM,4014,2010,0.6372519756179122
ADH_IDHM,4015,1991,0.22799766411598876
ADH_IDHM,4015,2000,0.34173066314440004
ADH_IDHM,4015,2010,0.5393182119592776
ADH_IDHM,4016,1991,0.2936823932312651
ADH_IDHM,4016,2000,0.4026211007561104
ADH_IDHM,4016,2010,0.5754896862707474
ADH_IDHM,4017,1991,0.3329890045324828
ADH_IDHM,4017,2000,0.38714384119694834
ADH_IDHM,4017,2010,0.5785881573642071
ADH_IDHM,4018,1991,0.31798353960396036
ADH_IDHM,4018,2000,0.3994648100675833
ADH_IDHM,4018,2010,0.5738226673180262
ADH_IDHM,4019,1991,0.2699973481147688
ADH_IDHM,4019,2000,0.40217916384097946
ADH_IDHM,4019,2010,0.5909875560795101
ADH_IDHM,4020,1991,0.3259950802139038
ADH_IDHM,4020,2000,0.407389673461563
ADH_IDHM,4020,2010,0.5518275924913432
ADH_IDHM,4021,1991,0.30579131442092033
ADH_IDHM,4021,2000,0.403336653098929
ADH_IDHM,4021,2010,0.5804592577044381
ADH_IDHM,4022,1991,0.34098550401427297
ADH_IDHM,4022,2000,0.43641187450642543
ADH_IDHM,4022,2010,0.6148474929044465
ADH_IDHM,4023,1991,0.2509906576980568
ADH_IDHM,4023,2000,0.3627745232574646
ADH_IDHM,4023,2010,0.5538759912265903
ADH_IDHM,4024,1991,0.3173570443826339
ADH_IDHM,4024,2000,0.4113449850732968
ADH_IDHM,4024,2010,0.584377054868792
ADH_IDHM,4025,1991,0.3113882853668423
ADH_IDHM,4025,2000,0.42446805068751686
ADH_IDHM,4025,2010,0.617984011627907
ADH_IDHM,4026,1991,0.28261901211556384
ADH_IDHM,4026,2000,0.4168007098007098
ADH_IDHM,4026,2010,0.5859127032967033
ADH_IDHM,4027,1991,0.37599172505102885
ADH_IDHM,4027,2000,0.4551355427664219
ADH_IDHM,4027,2010,0.6463154428712545
ADH_IDHM,4028,1991,0.38143939094324697
ADH_IDHM,4028,2000,0.5006029559518645
ADH_IDHM,4028,2010,0.6507595656088229
ADH_IDHM,4029,1991,0.39698863872244444
ADH_IDHM,4029,2000,0.4444133262884316
ADH_IDHM,4029,2010,0.6223980676069909
ADH_IDHM,4030,1991,0.3139836354944287
ADH_IDHM,4030,2000,0.3905821283979179
ADH_IDHM,4030,2010,0.5593757086640432
ADH_IDHM,4031,1991,0.2879911292005844
ADH_IDHM,4031,2000,0.3810070987859086
ADH_IDHM,4031,2010,0.5810602246757008
ADH_IDHM,4032,1991,0.31599059730771833
ADH_IDHM,4032,2000,0.38986800490544116
ADH_IDHM,4032,2010,0.6085281748868239
ADH_IDHM,4033,1991,0.274
ADH_IDHM,4033,2000,0.371
ADH_IDHM,4033,2010,0.544
ADH_IDHM,4034,1991,0.3449651117106262
ADH_IDHM,4034,2000,0.36144699552401494
ADH_IDHM,4034,2010,0.5831665124087906
ADH_IDHM,4035,1991,0.27798851534767177
ADH_IDHM,4035,2000,0.3621874053703303
ADH_IDHM,4035,2010,0.5363950545171339
ADH_IDHM,4036,1991,0.2819914834205933
ADH_IDHM,4036,2000,0.36062454032851193
ADH_IDHM,4036,2010,0.5413602673796792
ADH_IDHM,4037,1991,0.36798759975445056
ADH_IDHM,4037,2000,0.4193941360528451
ADH_IDHM,4037,2010,0.5872257249428467
ADH_IDHM,4038,1991,0.294
ADH_IDHM,4038,2000,0.396
ADH_IDHM,4038,2010,0.583
ADH_IDHM,4039,1991,0.25699017365523086
ADH_IDHM,4039,2000,0.3209581453244126
ADH_IDHM,4039,2010,0.538748511599261
ADH_IDHM,4040,1991,0.27299246015621476
ADH_IDHM,4040,2000,0.3628739898644021
ADH_IDHM,4040,2010,0.558338387434555
ADH_IDHM,4041,1991,0.21899759170062988
ADH_IDHM,4041,2000,0.30932502985838595
ADH_IDHM,4041,2010,0.4971762844849405
ADH_IDHM,4042,1991,0.34299931405053163
ADH_IDHM,4042,2000,0.44682086956521744
ADH_IDHM,4042,2010,0.6136139613120268
ADH_IDHM,4043,1991,0.2819817824377457
ADH_IDHM,4043,2000,0.3250556573522675
ADH_IDHM,4043,2010,0.5313453495319657
ADH_IDHM,4044,1991,0.38599250951331865
ADH_IDHM,4044,2000,0.45182832432432435
ADH_IDHM,4044,2010,0.6289727621086064
ADH_IDHM,4045,1991,0.288
ADH_IDHM,4045,2000,0.416
ADH_IDHM,4045,2010,0.573
ADH_IDHM,4046,1991,0.3229918085009557
ADH_IDHM,4046,2000,0.4141606451612903
ADH_IDHM,4046,2010,0.5977101129787821
ADH_IDHM,4047,1991,0.377
ADH_IDHM,4047,2000,0.466
ADH_IDHM,4047,2010,0.601
ADH_IDHM,4048,1991,0.206
ADH_IDHM,4048,2000,0.338
ADH_IDHM,4048,2010,0.55
ADH_IDHM,4049,1991,0.3109961460049711
ADH_IDHM,4049,2000,0.4015776059850374
ADH_IDHM,4049,2010,0.59692506664257
ADH_IDHM,4050,1991,0.296
ADH_IDHM,4050,2000,0.353
ADH_IDHM,4050,2010,0.547
ADH_IDHM,4051,1991,0.2699815012451085
ADH_IDHM,4051,2000,0.3726060037523452
ADH_IDHM,4051,2010,0.5826329526916803
ADH_IDHM,4052,1991,0.43599999999999994
ADH_IDHM,4052,2000,0.558
ADH_IDHM,4052,2010,0.7
ADH_IDHM,4053,1991,0.292
ADH_IDHM,4053,2000,0.393
ADH_IDHM,4053,2010,0.564
ADH_IDHM,4054,1991,0.292
ADH_IDHM,4054,2000,0.391
ADH_IDHM,4054,2010,0.577
ADH_IDHM,4055,1991,0.349
ADH_IDHM,4055,2000,0.438
ADH_IDHM,4055,2010,0.608
ADH_IDHM,4056,1991,0.347
ADH_IDHM,4056,2000,0.405
ADH_IDHM,4056,2010,0.599
ADH_IDHM,4057,1991,0.336
ADH_IDHM,4057,2000,0.449
ADH_IDHM,4057,2010,0.624
ADH_IDHM,4058,1991,0.341
ADH_IDHM,4058,2000,0.47
ADH_IDHM,4058,2010,0.63
ADH_IDHM,4059,1991,0.221
ADH_IDHM,4059,2000,0.36
ADH_IDHM,4059,2010,0.582
ADH_IDHM,4060,1991,0.19599948175020357
ADH_IDHM,4060,2000,0.38846801625526794
ADH_IDHM,4060,2010,0.5329497694217807
ADH_IDHM,4061,1991,0.307
ADH_IDHM,4061,2000,0.444
ADH_IDHM,4061,2010,0.583
ADH_IDHM,4062,1991,0.3219963482325445
ADH_IDHM,4062,2000,0.4294422440706398
ADH_IDHM,4062,2010,0.5913941458952664
ADH_IDHM,4063,1991,0.2769920757392501
ADH_IDHM,4063,2000,0.36794727692945894
ADH_IDHM,4063,2010,0.5440664249900804
ADH_IDHM,4064,1991,0.273
ADH_IDHM,4064,2000,0.402
ADH_IDHM,4064,2010,0.618
ADH_IDHM,4065,1991,0.29899823368578965
ADH_IDHM,4065,2000,0.39347639871382645
ADH_IDHM,4065,2010,0.5727321858592238
ADH_IDHM,4066,1991,0.29099379264702524
ADH_IDHM,4066,2000,0.3639300760798429
ADH_IDHM,4066,2010,0.5572652948487777
ADH_IDHM,4067,1991,0.3939933983787195
ADH_IDHM,4067,2000,0.4763649531737773
ADH_IDHM,4067,2010,0.6265797585001589
ADH_IDHM,4068,1991,0.36700000000000005
ADH_IDHM,4068,2000,0.451
ADH_IDHM,4068,2010,0.584
ADH_IDHM,4069,1991,0.334
ADH_IDHM,4069,2000,0.466
ADH_IDHM,4069,2010,0.59
ADH_IDHM,4070,1991,0.247
ADH_IDHM,4070,2000,0.338
ADH_IDHM,4070,2010,0.539
ADH_IDHM,4071,1991,0.324
ADH_IDHM,4071,2000,0.412
ADH_IDHM,4071,2010,0.623
ADH_IDHM,4072,1991,0.312
ADH_IDHM,4072,2000,0.409
ADH_IDHM,4072,2010,0.561
ADH_IDHM,4073,1991,0.3
ADH_IDHM,4073,2000,0.387
ADH_IDHM,4073,2010,0.578
ADH_IDHM,4074,1991,0.268
ADH_IDHM,4074,2000,0.38
ADH_IDHM,4074,2010,0.576
ADH_IDHM,4075,1991,0.509
ADH_IDHM,4075,2000,0.62
ADH_IDHM,4075,2010,0.751
ADH_IDHM,4076,1991,0.249
ADH_IDHM,4076,2000,0.37
ADH_IDHM,4076,2010,0.533
ADH_IDHM,4077,1991,0.277
ADH_IDHM,4077,2000,0.39
ADH_IDHM,4077,2010,0.562
ADH_IDHM,4078,1991,0.3021197957926239
ADH_IDHM,4078,2000,0.4076607272727273
ADH_IDHM,4078,2010,0.5632217047042384
ADH_IDHM,4079,1991,0.279
ADH_IDHM,4079,2000,0.428
ADH_IDHM,4079,2010,0.557
ADH_IDHM,4080,1991,0.234
ADH_IDHM,4080,2000,0.36999999999999994
ADH_IDHM,4080,2010,0.562
ADH_IDHM,4081,1991,0.2949930528143996
ADH_IDHM,4081,2000,0.3724341431289331
ADH_IDHM,4081,2010,0.5650672315216643
ADH_IDHM,4082,1991,0.31399458631256383
ADH_IDHM,4082,2000,0.3821499406175772
ADH_IDHM,4082,2010,0.5550416666666665
ADH_IDHM,4083,1991,0.289
ADH_IDHM,4083,2000,0.37599999999999995
ADH_IDHM,4083,2010,0.566
ADH_IDHM,4084,1991,0.321
ADH_IDHM,4084,2000,0.418
ADH_IDHM,4084,2010,0.565
ADH_IDHM,4085,1991,0.282
ADH_IDHM,4085,2000,0.402
ADH_IDHM,4085,2010,0.589
ADH_IDHM,4086,1991,0.281
ADH_IDHM,4086,2000,0.393
ADH_IDHM,4086,2010,0.544
ADH_IDHM,4087,1991,0.328
ADH_IDHM,4087,2000,0.414
ADH_IDHM,4087,2010,0.588
ADH_IDHM,4088,1991,0.356
ADH_IDHM,4088,2000,0.44300000000000006
ADH_IDHM,4088,2010,0.584
ADH_IDHM,4089,1991,0.38798769467410116
ADH_IDHM,4089,2000,0.4842354285714286
ADH_IDHM,4089,2010,0.6169066490532804
ADH_IDHM,4090,1991,0.3539875406283857
ADH_IDHM,4090,2000,0.4290062649714391
ADH_IDHM,4090,2010,0.5908515157366286
ADH_IDHM,4091,1991,0.233
ADH_IDHM,4091,2000,0.348
ADH_IDHM,4091,2010,0.57
ADH_IDHM,4092,1991,0.226
ADH_IDHM,4092,2000,0.364
ADH_IDHM,4092,2010,0.582
ADH_IDHM,4093,1991,0.286
ADH_IDHM,4093,2000,0.357
ADH_IDHM,4093,2010,0.552
ADH_IDHM,4094,1991,0.339
ADH_IDHM,4094,2000,0.437
ADH_IDHM,4094,2010,0.595
ADH_IDHM,4095,1991,0.27
ADH_IDHM,4095,2000,0.344
ADH_IDHM,4095,2010,0.561
ADH_IDHM,4096,1991,0.286
ADH_IDHM,4096,2000,0.452
ADH_IDHM,4096,2010,0.628
ADH_IDHM,4097,1991,0.33693466367619007
ADH_IDHM,4097,2000,0.47617566977285963
ADH_IDHM,4097,2010,0.6178062485731989
ADH_IDHM,4098,1991,0.26716682025627525
ADH_IDHM,4098,2000,0.4122224260903195
ADH_IDHM,4098,2010,0.6140205720318506
ADH_IDHM,4099,1991,0.254
ADH_IDHM,4099,2000,0.412
ADH_IDHM,4099,2010,0.595
ADH_IDHM,4100,1991,0.256
ADH_IDHM,4100,2000,0.365
ADH_IDHM,4100,2010,0.569
ADH_IDHM,4101,1991,0.285
ADH_IDHM,4101,2000,0.422
ADH_IDHM,4101,2010,0.6
ADH_IDHM,4102,1991,0.288
ADH_IDHM,4102,2000,0.417
ADH_IDHM,4102,2010,0.602
ADH_IDHM,4103,1991,0.304
ADH_IDHM,4103,2000,0.438
ADH_IDHM,4103,2010,0.601
ADH_IDHM,4104,1991,0.30601288274831967
ADH_IDHM,4104,2000,0.45749802706361903
ADH_IDHM,4104,2010,0.6284097396146273
ADH_IDHM,4105,1991,0.309
ADH_IDHM,4105,2000,0.431
ADH_IDHM,4105,2010,0.599
ADH_IDHM,4106,1991,0.274
ADH_IDHM,4106,2000,0.431
ADH_IDHM,4106,2010,0.618
ADH_IDHM,4107,1991,0.3422964101026756
ADH_IDHM,4107,2000,0.5017400537137514
ADH_IDHM,4107,2010,0.6642762238646227
ADH_IDHM,4108,1991,0.3581368142140446
ADH_IDHM,4108,2000,0.5091018084093836
ADH_IDHM,4108,2010,0.6435060272741482
ADH_IDHM,4109,1991,0.2997977135298564
ADH_IDHM,4109,2000,0.44296179460217316
ADH_IDHM,4109,2010,0.6047941819506862
ADH_IDHM,4110,1991,0.28678078139764185
ADH_IDHM,4110,2000,0.44353567052685666
ADH_IDHM,4110,2010,0.6017120968200155
ADH_IDHM,4111,1991,0.25
ADH_IDHM,4111,2000,0.371
ADH_IDHM,4111,2010,0.564
ADH_IDHM,4112,1991,0.288
ADH_IDHM,4112,2000,0.453
ADH_IDHM,4112,2010,0.622
ADH_IDHM,4113,1991,0.275
ADH_IDHM,4113,2000,0.419
ADH_IDHM,4113,2010,0.618
ADH_IDHM,4114,1991,0.2502452646098981
ADH_IDHM,4114,2000,0.3721429141053331
ADH_IDHM,4114,2010,0.593180035082124
ADH_IDHM,4115,1991,0.294
ADH_IDHM,4115,2000,0.435
ADH_IDHM,4115,2010,0.605
ADH_IDHM,4116,1991,0.323
ADH_IDHM,4116,2000,0.45199999999999996
ADH_IDHM,4116,2010,0.627
ADH_IDHM,4117,1991,0.3559918848756158
ADH_IDHM,4117,2000,0.484955294458687
ADH_IDHM,4117,2010,0.6353252785098712
ADH_IDHM,4118,1991,0.381
ADH_IDHM,4118,2000,0.517
ADH_IDHM,4118,2010,0.683
ADH_IDHM,4119,1991,0.286
ADH_IDHM,4119,2000,0.44200000000000006
ADH_IDHM,4119,2010,0.599
ADH_IDHM,4120,1991,0.28215938652992306
ADH_IDHM,4120,2000,0.44072787556401277
ADH_IDHM,4120,2010,0.6104959669855561
ADH_IDHM,4121,1991,0.368
ADH_IDHM,4121,2000,0.488
ADH_IDHM,4121,2010,0.619
ADH_IDHM,4122,1991,0.283
ADH_IDHM,4122,2000,0.45500000000000007
ADH_IDHM,4122,2010,0.638
ADH_IDHM,4123,1991,0.26
ADH_IDHM,4123,2000,0.40599999999999997
ADH_IDHM,4123,2010,0.623
ADH_IDHM,4124,1991,0.296
ADH_IDHM,4124,2000,0.419
ADH_IDHM,4124,2010,0.598
ADH_IDHM,4125,1991,0.363
ADH_IDHM,4125,2000,0.503
ADH_IDHM,4125,2010,0.647
ADH_IDHM,4126,1991,0.27000453697776045
ADH_IDHM,4126,2000,0.41987126180648754
ADH_IDHM,4126,2010,0.5968540718320265
ADH_IDHM,4127,1991,0.302
ADH_IDHM,4127,2000,0.448
ADH_IDHM,4127,2010,0.612
ADH_IDHM,4128,1991,0.277
ADH_IDHM,4128,2000,0.457
ADH_IDHM,4128,2010,0.611
ADH_IDHM,4129,1991,0.287
ADH_IDHM,4129,2000,0.421
ADH_IDHM,4129,2010,0.592
ADH_IDHM,4130,1991,0.269
ADH_IDHM,4130,2000,0.416
ADH_IDHM,4130,2010,0.596
ADH_IDHM,4131,1991,0.245
ADH_IDHM,4131,2000,0.39200000000000007
ADH_IDHM,4131,2010,0.578
ADH_IDHM,4132,1991,0.26
ADH_IDHM,4132,2000,0.438
ADH_IDHM,4132,2010,0.597
ADH_IDHM,4133,1991,0.25
ADH_IDHM,4133,2000,0.419
ADH_IDHM,4133,2010,0.593
ADH_IDHM,4134,1991,0.318
ADH_IDHM,4134,2000,0.49299999999999994
ADH_IDHM,4134,2010,0.6437974653698791
ADH_IDHM,4135,1991,0.266
ADH_IDHM,4135,2000,0.412
ADH_IDHM,4135,2010,0.618
ADH_IDHM,4136,1991,0.2809993514915694
ADH_IDHM,4136,2000,0.43028100501345307
ADH_IDHM,4136,2010,0.6146784786114009
ADH_IDHM,4137,1991,0.411
ADH_IDHM,4137,2000,0.555
ADH_IDHM,4137,2010,0.682
ADH_IDHM,4138,1991,0.373
ADH_IDHM,4138,2000,0.473
ADH_IDHM,4138,2010,0.627
ADH_IDHM,4139,1991,0.274
ADH_IDHM,4139,2000,0.39799999999999996
ADH_IDHM,4139,2010,0.586
ADH_IDHM,4140,1991,0.3186349828440717
ADH_IDHM,4140,2000,0.48899716259177567
ADH_IDHM,4140,2010,0.6509412093570693
ADH_IDHM,4141,1991,0.302
ADH_IDHM,4141,2000,0.406
ADH_IDHM,4141,2010,0.61
ADH_IDHM,4142,1991,0.36
ADH_IDHM,4142,2000,0.503
ADH_IDHM,4142,2010,0.644
ADH_IDHM,4143,1991,0.444
ADH_IDHM,4143,2000,0.577
ADH_IDHM,4143,2010,0.713
ADH_IDHM,4144,1991,0.2723490574387114
ADH_IDHM,4144,2000,0.4117672452593883
ADH_IDHM,4144,2010,0.6030866639924148
ADH_IDHM,4145,1991,0.2895913862941225
ADH_IDHM,4145,2000,0.4569860628996477
ADH_IDHM,4145,2010,0.6216763539627566
ADH_IDHM,4146,1991,0.294483913514532
ADH_IDHM,4146,2000,0.4414870163051052
ADH_IDHM,4146,2010,0.603724255432137
ADH_IDHM,4147,1991,0.308
ADH_IDHM,4147,2000,0.447
ADH_IDHM,4147,2010,0.633
ADH_IDHM,4148,1991,0.3961737497723038
ADH_IDHM,4148,2000,0.5296105901692483
ADH_IDHM,4148,2010,0.7067386569786543
ADH_IDHM,4149,1991,0.546
ADH_IDHM,4149,2000,0.652
ADH_IDHM,4149,2010,0.754
ADH_IDHM,4150,1991,0.326
ADH_IDHM,4150,2000,0.45000000000000007
ADH_IDHM,4150,2010,0.604
ADH_IDHM,4151,1991,0.261
ADH_IDHM,4151,2000,0.392
ADH_IDHM,4151,2010,0.568
ADH_IDHM,4152,1991,0.2496168608636052
ADH_IDHM,4152,2000,0.41891997367795714
ADH_IDHM,4152,2010,0.6005823019906461
ADH_IDHM,4153,1991,0.25
ADH_IDHM,4153,2000,0.371
ADH_IDHM,4153,2010,0.559
ADH_IDHM,4154,1991,0.266
ADH_IDHM,4154,2000,0.372
ADH_IDHM,4154,2010,0.585
ADH_IDHM,4155,1991,0.355
ADH_IDHM,4155,2000,0.451
ADH_IDHM,4155,2010,0.633
ADH_IDHM,4156,1991,0.37324762260169086
ADH_IDHM,4156,2000,0.5006039763088187
ADH_IDHM,4156,2010,0.6511562473999107
ADH_IDHM,4157,1991,0.326
ADH_IDHM,4157,2000,0.5
ADH_IDHM,4157,2010,0.637
ADH_IDHM,4158,1991,0.25
ADH_IDHM,4158,2000,0.424
ADH_IDHM,4158,2010,0.597
ADH_IDHM,4159,1991,0.284
ADH_IDHM,4159,2000,0.451
ADH_IDHM,4159,2010,0.608
ADH_IDHM,4160,1991,0.3313065916160569
ADH_IDHM,4160,2000,0.480655312521162
ADH_IDHM,4160,2010,0.6093822888283379
ADH_IDHM,4161,1991,0.299
ADH_IDHM,4161,2000,0.445
ADH_IDHM,4161,2010,0.606
ADH_IDHM,4162,1991,0.3706518044849334
ADH_IDHM,4162,2000,0.5184171878550751
ADH_IDHM,4162,2010,0.6654299744383156
ADH_IDHM,4163,1991,0.28994842420726996
ADH_IDHM,4163,2000,0.45712600591512487
ADH_IDHM,4163,2010,0.6153604870971996
ADH_IDHM,4164,1991,0.329
ADH_IDHM,4164,2000,0.444
ADH_IDHM,4164,2010,0.606
ADH_IDHM,4165,1991,0.3018501361794469
ADH_IDHM,4165,2000,0.45851078141698626
ADH_IDHM,4165,2010,0.6125392777953753
ADH_IDHM,4166,1991,0.24100000000000002
ADH_IDHM,4166,2000,0.401
ADH_IDHM,4166,2010,0.573
ADH_IDHM,4167,1991,0.3019662104146674
ADH_IDHM,4167,2000,0.4764437457062834
ADH_IDHM,4167,2010,0.6371850060459492
ADH_IDHM,4168,1991,0.314
ADH_IDHM,4168,2000,0.428
ADH_IDHM,4168,2010,0.605
ADH_IDHM,4169,1991,0.346
ADH_IDHM,4169,2000,0.49600000000000005
ADH_IDHM,4169,2010,0.656
ADH_IDHM,4170,1991,0.32776666666666665
ADH_IDHM,4170,2000,0.44959323958104447
ADH_IDHM,4170,2010,0.6129312180677232
ADH_IDHM,4171,1991,0.318
ADH_IDHM,4171,2000,0.479
ADH_IDHM,4171,2010,0.604
ADH_IDHM,4172,1991,0.208
ADH_IDHM,4172,2000,0.362
ADH_IDHM,4172,2010,0.562
ADH_IDHM,4173,1991,0.305
ADH_IDHM,4173,2000,0.445
ADH_IDHM,4173,2010,0.612
ADH_IDHM,4174,1991,0.361
ADH_IDHM,4174,2000,0.468
ADH_IDHM,4174,2010,0.618
ADH_IDHM,4175,1991,0.37
ADH_IDHM,4175,2000,0.518
ADH_IDHM,4175,2010,0.621
ADH_IDHM,4176,1991,0.355
ADH_IDHM,4176,2000,0.498
ADH_IDHM,4176,2010,0.624
ADH_IDHM,4177,1991,0.304
ADH_IDHM,4177,2000,0.439
ADH_IDHM,4177,2010,0.614
ADH_IDHM,4178,1991,0.327
ADH_IDHM,4178,2000,0.474
ADH_IDHM,4178,2010,0.651
ADH_IDHM,4179,1991,0.419
ADH_IDHM,4179,2000,0.544
ADH_IDHM,4179,2010,0.694
ADH_IDHM,4180,1991,0.24600000000000002
ADH_IDHM,4180,2000,0.441
ADH_IDHM,4180,2010,0.598
ADH_IDHM,4181,1991,0.336
ADH_IDHM,4181,2000,0.46
ADH_IDHM,4181,2010,0.613
ADH_IDHM,4182,1991,0.43299999999999994
ADH_IDHM,4182,2000,0.561
ADH_IDHM,4182,2010,0.682
ADH_IDHM,4183,1991,0.34382692307692303
ADH_IDHM,4183,2000,0.4741767365281582
ADH_IDHM,4183,2010,0.635566924145596
ADH_IDHM,4184,1991,0.40402071608347606
ADH_IDHM,4184,2000,0.5582197135145427
ADH_IDHM,4184,2010,0.6764960448580055
ADH_IDHM,4185,1991,0.306
ADH_IDHM,4185,2000,0.44600000000000006
ADH_IDHM,4185,2010,0.612
ADH_IDHM,4186,1991,0.275
ADH_IDHM,4186,2000,0.407
ADH_IDHM,4186,2010,0.599
ADH_IDHM,4187,1991,0.298
ADH_IDHM,4187,2000,0.423
ADH_IDHM,4187,2010,0.616
ADH_IDHM,4188,1991,0.278
ADH_IDHM,4188,2000,0.445
ADH_IDHM,4188,2010,0.605
ADH_IDHM,4189,1991,0.306
ADH_IDHM,4189,2000,0.44
ADH_IDHM,4189,2010,0.618
ADH_IDHM,4190,1991,0.327
ADH_IDHM,4190,2000,0.45000000000000007
ADH_IDHM,4190,2010,0.628
ADH_IDHM,4191,1991,0.302
ADH_IDHM,4191,2000,0.444
ADH_IDHM,4191,2010,0.622
ADH_IDHM,4192,1991,0.269
ADH_IDHM,4192,2000,0.399
ADH_IDHM,4192,2010,0.582
ADH_IDHM,4193,1991,0.306
ADH_IDHM,4193,2000,0.437
ADH_IDHM,4193,2010,0.61
ADH_IDHM,4194,1991,0.323
ADH_IDHM,4194,2000,0.38599999999999995
ADH_IDHM,4194,2010,0.581
ADH_IDHM,4195,1991,0.296
ADH_IDHM,4195,2000,0.415
ADH_IDHM,4195,2010,0.588
ADH_IDHM,4196,1991,0.291
ADH_IDHM,4196,2000,0.458
ADH_IDHM,4196,2010,0.6070000000000001
ADH_IDHM,4197,1991,0.342
ADH_IDHM,4197,2000,0.48000000000000004
ADH_IDHM,4197,2010,0.607
ADH_IDHM,4198,1991,0.313
ADH_IDHM,4198,2000,0.451
ADH_IDHM,4198,2010,0.625
ADH_IDHM,4199,1991,0.284
ADH_IDHM,4199,2000,0.422
ADH_IDHM,4199,2010,0.605
ADH_IDHM,4200,1991,0.366
ADH_IDHM,4200,2000,0.46499999999999997
ADH_IDHM,4200,2010,0.636
ADH_IDHM,4201,1991,0.345
ADH_IDHM,4201,2000,0.48399999999999993
ADH_IDHM,4201,2010,0.635
ADH_IDHM,4202,1991,0.384
ADH_IDHM,4202,2000,0.48599999999999993
ADH_IDHM,4202,2010,0.621
ADH_IDHM,4203,1991,0.31
ADH_IDHM,4203,2000,0.492
ADH_IDHM,4203,2010,0.638
ADH_IDHM,4204,1991,0.352
ADH_IDHM,4204,2000,0.497
ADH_IDHM,4204,2010,0.622
ADH_IDHM,4205,1991,0.34825981391009747
ADH_IDHM,4205,2000,0.4752547402977191
ADH_IDHM,4205,2010,0.6355387907972179
ADH_IDHM,4206,1991,0.304
ADH_IDHM,4206,2000,0.387
ADH_IDHM,4206,2010,0.57
ADH_IDHM,4207,1991,0.231
ADH_IDHM,4207,2000,0.405
ADH_IDHM,4207,2010,0.583
ADH_IDHM,4208,1991,0.247
ADH_IDHM,4208,2000,0.42
ADH_IDHM,4208,2010,0.603
ADH_IDHM,4209,1991,0.40099999999999997
ADH_IDHM,4209,2000,0.53
ADH_IDHM,4209,2010,0.646
ADH_IDHM,4210,1991,0.307
ADH_IDHM,4210,2000,0.467
ADH_IDHM,4210,2010,0.629
ADH_IDHM,4211,1991,0.292
ADH_IDHM,4211,2000,0.427
ADH_IDHM,4211,2010,0.6
ADH_IDHM,4212,1991,0.19900000000000004
ADH_IDHM,4212,2000,0.401
ADH_IDHM,4212,2010,0.581
ADH_IDHM,4213,1991,0.296
ADH_IDHM,4213,2000,0.477
ADH_IDHM,4213,2010,0.6219999999999999
ADH_IDHM,4214,1991,0.304
ADH_IDHM,4214,2000,0.396
ADH_IDHM,4214,2010,0.562
ADH_IDHM,4215,1991,0.33
ADH_IDHM,4215,2000,0.475
ADH_IDHM,4215,2010,0.622
ADH_IDHM,4216,1991,0.32119288267793306
ADH_IDHM,4216,2000,0.4561938546156491
ADH_IDHM,4216,2010,0.6057487043835025
ADH_IDHM,4217,1991,0.398
ADH_IDHM,4217,2000,0.527
ADH_IDHM,4217,2010,0.674
ADH_IDHM,4218,1991,0.223
ADH_IDHM,4218,2000,0.374
ADH_IDHM,4218,2010,0.575
ADH_IDHM,4219,1991,0.314
ADH_IDHM,4219,2000,0.431
ADH_IDHM,4219,2010,0.587
ADH_IDHM,4220,1991,0.302
ADH_IDHM,4220,2000,0.424
ADH_IDHM,4220,2010,0.612
ADH_IDHM,4221,1991,0.325
ADH_IDHM,4221,2000,0.459
ADH_IDHM,4221,2010,0.665
ADH_IDHM,4222,1991,0.399
ADH_IDHM,4222,2000,0.523
ADH_IDHM,4222,2010,0.654
ADH_IDHM,4223,1991,0.365
ADH_IDHM,4223,2000,0.506
ADH_IDHM,4223,2010,0.62
ADH_IDHM,4224,1991,0.371
ADH_IDHM,4224,2000,0.48699999999999993
ADH_IDHM,4224,2010,0.6190000000000001
ADH_IDHM,4225,1991,0.249
ADH_IDHM,4225,2000,0.377
ADH_IDHM,4225,2010,0.6030000000000001
ADH_IDHM,4226,1991,0.362
ADH_IDHM,4226,2000,0.522
ADH_IDHM,4226,2010,0.645
ADH_IDHM,4227,1991,0.241
ADH_IDHM,4227,2000,0.385
ADH_IDHM,4227,2010,0.58
ADH_IDHM,4228,1991,0.338
ADH_IDHM,4228,2000,0.477
ADH_IDHM,4228,2010,0.633
ADH_IDHM,4229,1991,0.341
ADH_IDHM,4229,2000,0.46
ADH_IDHM,4229,2010,0.657
ADH_IDHM,4230,1991,0.291
ADH_IDHM,4230,2000,0.42
ADH_IDHM,4230,2010,0.606
ADH_IDHM,4231,1991,0.3049447955630079
ADH_IDHM,4231,2000,0.4229902395936845
ADH_IDHM,4231,2010,0.6115687966021708
ADH_IDHM,4232,1991,0.331
ADH_IDHM,4232,2000,0.464
ADH_IDHM,4232,2010,0.648
ADH_IDHM,4233,1991,0.265
ADH_IDHM,4233,2000,0.419
ADH_IDHM,4233,2010,0.5909999999999999
ADH_IDHM,4234,1991,0.235
ADH_IDHM,4234,2000,0.3940000000000001
ADH_IDHM,4234,2010,0.566
ADH_IDHM,4235,1991,0.307
ADH_IDHM,4235,2000,0.462
ADH_IDHM,4235,2010,0.629
ADH_IDHM,4236,1991,0.235
ADH_IDHM,4236,2000,0.36899999999999994
ADH_IDHM,4236,2010,0.571
ADH_IDHM,5001,1991,0.42999999999999994
ADH_IDHM,5001,2000,0.557
ADH_IDHM,5001,2010,0.679
ADH_IDHM,5002,1991,0.43610021888304357
ADH_IDHM,5002,2000,0.5644502508309548
ADH_IDHM,5002,2010,0.692459382937301
ADH_IDHM,5003,1991,0.343
ADH_IDHM,5003,2000,0.45599999999999996
ADH_IDHM,5003,2010,0.585
ADH_IDHM,5004,1991,0.309
ADH_IDHM,5004,2000,0.411
ADH_IDHM,5004,2010,0.616
ADH_IDHM,5005,1991,0.33
ADH_IDHM,5005,2000,0.467
ADH_IDHM,5005,2010,0.606
ADH_IDHM,5006,1991,0.387
ADH_IDHM,5006,2000,0.49299999999999994
ADH_IDHM,5006,2010,0.624
ADH_IDHM,5007,1991,0.373
ADH_IDHM,5007,2000,0.513
ADH_IDHM,5007,2010,0.672
ADH_IDHM,5008,1991,0.4009937141672999
ADH_IDHM,5008,2000,0.5183474362566545
ADH_IDHM,5008,2010,0.6186498646115393
ADH_IDHM,5009,1991,0.294
ADH_IDHM,5009,2000,0.435
ADH_IDHM,5009,2010,0.578
ADH_IDHM,5010,1991,0.357
ADH_IDHM,5010,2000,0.502
ADH_IDHM,5010,2010,0.639
ADH_IDHM,5011,1991,0.329
ADH_IDHM,5011,2000,0.463
ADH_IDHM,5011,2010,0.606
ADH_IDHM,5012,1991,0.26299823122688537
ADH_IDHM,5012,2000,0.4349654764719792
ADH_IDHM,5012,2010,0.6159441415817334
ADH_IDHM,5013,1991,0.36999999999999994
ADH_IDHM,5013,2000,0.46
ADH_IDHM,5013,2010,0.609
ADH_IDHM,5014,1991,0.25
ADH_IDHM,5014,2000,0.413
ADH_IDHM,5014,2010,0.566
ADH_IDHM,5015,1991,0.255
ADH_IDHM,5015,2000,0.371
ADH_IDHM,5015,2010,0.582
ADH_IDHM,5016,1991,0.27499191343300955
ADH_IDHM,5016,2000,0.4289293252318516
ADH_IDHM,5016,2010,0.596676358260441
ADH_IDHM,5017,1991,0.356
ADH_IDHM,5017,2000,0.425
ADH_IDHM,5017,2010,0.584
ADH_IDHM,5018,1991,0.337
ADH_IDHM,5018,2000,0.43399999999999994
ADH_IDHM,5018,2010,0.592
ADH_IDHM,5019,1991,0.3269998881932022
ADH_IDHM,5019,2000,0.4366076467420571
ADH_IDHM,5019,2010,0.5677131576020465
ADH_IDHM,5020,1991,0.274
ADH_IDHM,5020,2000,0.428
ADH_IDHM,5020,2010,0.587
ADH_IDHM,5021,1991,0.499
ADH_IDHM,5021,2000,0.613
ADH_IDHM,5021,2010,0.71
ADH_IDHM,5022,1991,0.345
ADH_IDHM,5022,2000,0.4789999999999999
ADH_IDHM,5022,2010,0.626
ADH_IDHM,5023,1991,0.306
ADH_IDHM,5023,2000,0.418
ADH_IDHM,5023,2010,0.579
ADH_IDHM,5024,1991,0.328
ADH_IDHM,5024,2000,0.46
ADH_IDHM,5024,2010,0.638
ADH_IDHM,5025,1991,0.43899999999999995
ADH_IDHM,5025,2000,0.59
ADH_IDHM,5025,2010,0.659
ADH_IDHM,5026,1991,0.35500000000000004
ADH_IDHM,5026,2000,0.477
ADH_IDHM,5026,2010,0.616
ADH_IDHM,5027,1991,0.308
ADH_IDHM,5027,2000,0.43300000000000005
ADH_IDHM,5027,2010,0.607
ADH_IDHM,5028,1991,0.329
ADH_IDHM,5028,2000,0.416
ADH_IDHM,5028,2010,0.587
ADH_IDHM,5029,1991,0.263
ADH_IDHM,5029,2000,0.408
ADH_IDHM,5029,2010,0.578
ADH_IDHM,5030,1991,0.412
ADH_IDHM,5030,2000,0.56
ADH_IDHM,5030,2010,0.654
ADH_IDHM,5031,1991,0.47
ADH_IDHM,5031,2000,0.572
ADH_IDHM,5031,2010,0.691
ADH_IDHM,5032,1991,0.33
ADH_IDHM,5032,2000,0.433
ADH_IDHM,5032,2010,0.621
ADH_IDHM,5033,1991,0.472
ADH_IDHM,5033,2000,0.629
ADH_IDHM,5033,2010,0.766
ADH_IDHM,5034,1991,0.333
ADH_IDHM,5034,2000,0.453
ADH_IDHM,5034,2010,0.629
ADH_IDHM,5035,1991,0.35
ADH_IDHM,5035,2000,0.494
ADH_IDHM,5035,2010,0.623
ADH_IDHM,5036,1991,0.273
ADH_IDHM,5036,2000,0.402
ADH_IDHM,5036,2010,0.558
ADH_IDHM,5037,1991,0.379
ADH_IDHM,5037,2000,0.528
ADH_IDHM,5037,2010,0.66
ADH_IDHM,5038,1991,0.336
ADH_IDHM,5038,2000,0.478
ADH_IDHM,5038,2010,0.636
ADH_IDHM,5039,1991,0.3509948490945674
ADH_IDHM,5039,2000,0.48211501120238986
ADH_IDHM,5039,2010,0.6348497041420118
ADH_IDHM,5040,1991,0.341
ADH_IDHM,5040,2000,0.47
ADH_IDHM,5040,2010,0.606
ADH_IDHM,5041,1991,0.358
ADH_IDHM,5041,2000,0.461
ADH_IDHM,5041,2010,0.597
ADH_IDHM,5042,1991,0.303
ADH_IDHM,5042,2000,0.417
ADH_IDHM,5042,2010,0.564
ADH_IDHM,5043,1991,0.32
ADH_IDHM,5043,2000,0.47600000000000003
ADH_IDHM,5043,2010,0.638
ADH_IDHM,5044,1991,0.337
ADH_IDHM,5044,2000,0.45000000000000007
ADH_IDHM,5044,2010,0.592
ADH_IDHM,5045,1991,0.32999849575588264
ADH_IDHM,5045,2000,0.4972344923990914
ADH_IDHM,5045,2010,0.6558254587155964
ADH_IDHM,5046,1991,0.3439999999999999
ADH_IDHM,5046,2000,0.444
ADH_IDHM,5046,2010,0.626
ADH_IDHM,5047,1991,0.246
ADH_IDHM,5047,2000,0.381
ADH_IDHM,5047,2010,0.55
ADH_IDHM,5048,1991,0.3069995631007365
ADH_IDHM,5048,2000,0.45268772354591974
ADH_IDHM,5048,2010,0.6100026938618434
ADH_IDHM,5049,1991,0.42900000000000005
ADH_IDHM,5049,2000,0.51
ADH_IDHM,5049,2010,0.679
ADH_IDHM,5050,1991,0.408
ADH_IDHM,5050,2000,0.517
ADH_IDHM,5050,2010,0.614
ADH_IDHM,5051,1991,0.341
ADH_IDHM,5051,2000,0.458
ADH_IDHM,5051,2010,0.604
ADH_IDHM,5052,1991,0.272
ADH_IDHM,5052,2000,0.413
ADH_IDHM,5052,2010,0.569
ADH_IDHM,5053,1991,0.339
ADH_IDHM,5053,2000,0.471
ADH_IDHM,5053,2010,0.615
ADH_IDHM,5054,1991,0.31
ADH_IDHM,5054,2000,0.424
ADH_IDHM,5054,2010,0.574
ADH_IDHM,5055,1991,0.301
ADH_IDHM,5055,2000,0.395
ADH_IDHM,5055,2010,0.569
ADH_IDHM,5056,1991,0.303
ADH_IDHM,5056,2000,0.422
ADH_IDHM,5056,2010,0.565
ADH_IDHM,5057,1991,0.387
ADH_IDHM,5057,2000,0.4600000000000001
ADH_IDHM,5057,2010,0.603
ADH_IDHM,5058,1991,0.416
ADH_IDHM,5058,2000,0.571
ADH_IDHM,5058,2010,0.663
ADH_IDHM,5059,1991,0.34
ADH_IDHM,5059,2000,0.457
ADH_IDHM,5059,2010,0.595
ADH_IDHM,5060,1991,0.234
ADH_IDHM,5060,2000,0.358
ADH_IDHM,5060,2010,0.53
ADH_IDHM,5061,1991,0.309
ADH_IDHM,5061,2000,0.445
ADH_IDHM,5061,2010,0.608
ADH_IDHM,5062,1991,0.303
ADH_IDHM,5062,2000,0.449
ADH_IDHM,5062,2010,0.601
ADH_IDHM,5063,1991,0.34198722456633857
ADH_IDHM,5063,2000,0.436995994659546
ADH_IDHM,5063,2010,0.6134073486051259
ADH_IDHM,5064,1991,0.3
ADH_IDHM,5064,2000,0.416
ADH_IDHM,5064,2010,0.601
ADH_IDHM,5065,1991,0.23599999999999996
ADH_IDHM,5065,2000,0.36600000000000005
ADH_IDHM,5065,2010,0.553
ADH_IDHM,5066,1991,0.321
ADH_IDHM,5066,2000,0.472
ADH_IDHM,5066,2010,0.589
ADH_IDHM,5067,1991,0.302
ADH_IDHM,5067,2000,0.44400000000000006
ADH_IDHM,5067,2010,0.585
ADH_IDHM,5068,1991,0.29
ADH_IDHM,5068,2000,0.35699999999999993
ADH_IDHM,5068,2010,0.582
ADH_IDHM,5069,1991,0.351
ADH_IDHM,5069,2000,0.486
ADH_IDHM,5069,2010,0.624
ADH_IDHM,5070,1991,0.34
ADH_IDHM,5070,2000,0.49899999999999994
ADH_IDHM,5070,2010,0.625
ADH_IDHM,5071,1991,0.39999999999999997
ADH_IDHM,5071,2000,0.507
ADH_IDHM,5071,2010,0.646
ADH_IDHM,5072,1991,0.31899823586486725
ADH_IDHM,5072,2000,0.4340130556932738
ADH_IDHM,5072,2010,0.6104208124144227
ADH_IDHM,5073,1991,0.368
ADH_IDHM,5073,2000,0.508
ADH_IDHM,5073,2010,0.64
ADH_IDHM,5074,1991,0.405
ADH_IDHM,5074,2000,0.556
ADH_IDHM,5074,2010,0.665
ADH_IDHM,5075,1991,0.261
ADH_IDHM,5075,2000,0.425
ADH_IDHM,5075,2010,0.609
ADH_IDHM,5076,1991,0.37099495934959353
ADH_IDHM,5076,2000,0.4959900166389351
ADH_IDHM,5076,2010,0.6134594764069603
ADH_IDHM,5077,1991,0.3229964494415267
ADH_IDHM,5077,2000,0.41054657916134274
ADH_IDHM,5077,2010,0.5888633658536586
ADH_IDHM,5078,1991,0.377
ADH_IDHM,5078,2000,0.472
ADH_IDHM,5078,2010,0.644
ADH_IDHM,5079,1991,0.294
ADH_IDHM,5079,2000,0.408
ADH_IDHM,5079,2010,0.557
ADH_IDHM,5080,1991,0.327
ADH_IDHM,5080,2000,0.4650000000000001
ADH_IDHM,5080,2010,0.609
ADH_IDHM,5081,1991,0.322
ADH_IDHM,5081,2000,0.433
ADH_IDHM,5081,2010,0.598
ADH_IDHM,5082,1991,0.572
ADH_IDHM,5082,2000,0.664
ADH_IDHM,5082,2010,0.7629999999999999
ADH_IDHM,5083,1991,0.362
ADH_IDHM,5083,2000,0.48400000000000004
ADH_IDHM,5083,2010,0.622
ADH_IDHM,5084,1991,0.327
ADH_IDHM,5084,2000,0.465
ADH_IDHM,5084,2010,0.629
ADH_IDHM,5085,1991,0.347
ADH_IDHM,5085,2000,0.477
ADH_IDHM,5085,2010,0.585
ADH_IDHM,5086,1991,0.394
ADH_IDHM,5086,2000,0.542
ADH_IDHM,5086,2010,0.645
ADH_IDHM,5087,1991,0.317
ADH_IDHM,5087,2000,0.427
ADH_IDHM,5087,2010,0.589
ADH_IDHM,5088,1991,0.332
ADH_IDHM,5088,2000,0.486
ADH_IDHM,5088,2010,0.603
ADH_IDHM,5089,1991,0.238
ADH_IDHM,5089,2000,0.385
ADH_IDHM,5089,2010,0.549
ADH_IDHM,5090,1991,0.431
ADH_IDHM,5090,2000,0.54
ADH_IDHM,5090,2010,0.676
ADH_IDHM,5091,1991,0.336
ADH_IDHM,5091,2000,0.445
ADH_IDHM,5091,2010,0.606
ADH_IDHM,5092,1991,0.368
ADH_IDHM,5092,2000,0.464
ADH_IDHM,5092,2010,0.589
ADH_IDHM,5093,1991,0.388
ADH_IDHM,5093,2000,0.515
ADH_IDHM,5093,2010,0.618
ADH_IDHM,5094,1991,0.3409928571428572
ADH_IDHM,5094,2000,0.4606178409090909
ADH_IDHM,5094,2010,0.6146045134676049
ADH_IDHM,5095,1991,0.447
ADH_IDHM,5095,2000,0.584
ADH_IDHM,5095,2010,0.678
ADH_IDHM,5096,1991,0.268
ADH_IDHM,5096,2000,0.41900000000000004
ADH_IDHM,5096,2010,0.559
ADH_IDHM,5097,1991,0.279
ADH_IDHM,5097,2000,0.388
ADH_IDHM,5097,2010,0.558
ADH_IDHM,5098,1991,0.289
ADH_IDHM,5098,2000,0.469
ADH_IDHM,5098,2010,0.5829999999999999
ADH_IDHM,5099,1991,0.299
ADH_IDHM,5099,2000,0.427
ADH_IDHM,5099,2010,0.568
ADH_IDHM,5100,1991,0.37699999999999995
ADH_IDHM,5100,2000,0.493
ADH_IDHM,5100,2010,0.631
ADH_IDHM,5101,1991,0.332
ADH_IDHM,5101,2000,0.443
ADH_IDHM,5101,2010,0.614
ADH_IDHM,5102,1991,0.295
ADH_IDHM,5102,2000,0.426
ADH_IDHM,5102,2010,0.587
ADH_IDHM,5103,1991,0.326
ADH_IDHM,5103,2000,0.452
ADH_IDHM,5103,2010,0.621
ADH_IDHM,5104,1991,0.305
ADH_IDHM,5104,2000,0.44400000000000006
ADH_IDHM,5104,2010,0.563
ADH_IDHM,5105,1991,0.286
ADH_IDHM,5105,2000,0.431
ADH_IDHM,5105,2010,0.567
ADH_IDHM,5106,1991,0.405
ADH_IDHM,5106,2000,0.489
ADH_IDHM,5106,2010,0.608
ADH_IDHM,5107,1991,0.375
ADH_IDHM,5107,2000,0.501
ADH_IDHM,5107,2010,0.654
ADH_IDHM,5108,1991,0.321
ADH_IDHM,5108,2000,0.443
ADH_IDHM,5108,2010,0.584
ADH_IDHM,5109,1991,0.303
ADH_IDHM,5109,2000,0.441
ADH_IDHM,5109,2010,0.591
ADH_IDHM,5110,1991,0.309
ADH_IDHM,5110,2000,0.459
ADH_IDHM,5110,2010,0.592
ADH_IDHM,5111,1991,0.33
ADH_IDHM,5111,2000,0.496
ADH_IDHM,5111,2010,0.604
ADH_IDHM,5112,1991,0.208
ADH_IDHM,5112,2000,0.41
ADH_IDHM,5112,2010,0.605
ADH_IDHM,5113,1991,0.3940000000000001
ADH_IDHM,5113,2000,0.513
ADH_IDHM,5113,2010,0.635
ADH_IDHM,5114,1991,0.366
ADH_IDHM,5114,2000,0.526
ADH_IDHM,5114,2010,0.642
ADH_IDHM,5115,1991,0.356
ADH_IDHM,5115,2000,0.48300000000000004
ADH_IDHM,5115,2010,0.62
ADH_IDHM,5116,1991,0.34
ADH_IDHM,5116,2000,0.44499999999999995
ADH_IDHM,5116,2010,0.595
ADH_IDHM,5117,1991,0.35
ADH_IDHM,5117,2000,0.498
ADH_IDHM,5117,2010,0.608
ADH_IDHM,5118,1991,0.333
ADH_IDHM,5118,2000,0.484
ADH_IDHM,5118,2010,0.628
ADH_IDHM,5119,1991,0.395
ADH_IDHM,5119,2000,0.524
ADH_IDHM,5119,2010,0.661
ADH_IDHM,5120,1991,0.41700000000000004
ADH_IDHM,5120,2000,0.533
ADH_IDHM,5120,2010,0.655
ADH_IDHM,5121,1991,0.363
ADH_IDHM,5121,2000,0.49399999999999994
ADH_IDHM,5121,2010,0.611
ADH_IDHM,5122,1991,0.321
ADH_IDHM,5122,2000,0.44799999999999995
ADH_IDHM,5122,2010,0.615
ADH_IDHM,5123,1991,0.43499999999999994
ADH_IDHM,5123,2000,0.588
ADH_IDHM,5123,2010,0.694
ADH_IDHM,5124,1991,0.30999492648095084
ADH_IDHM,5124,2000,0.43399609275460804
ADH_IDHM,5124,2010,0.5984986142120255
ADH_IDHM,5125,1991,0.2849975225558349
ADH_IDHM,5125,2000,0.40378623198623764
ADH_IDHM,5125,2010,0.5761432128574662
ADH_IDHM,5126,1991,0.323
ADH_IDHM,5126,2000,0.392
ADH_IDHM,5126,2010,0.589
ADH_IDHM,5127,1991,0.311
ADH_IDHM,5127,2000,0.469
ADH_IDHM,5127,2010,0.611
ADH_IDHM,5128,1991,0.315
ADH_IDHM,5128,2000,0.432
ADH_IDHM,5128,2010,0.585
ADH_IDHM,5129,1991,0.377
ADH_IDHM,5129,2000,0.49200000000000005
ADH_IDHM,5129,2010,0.642
ADH_IDHM,5130,1991,0.309
ADH_IDHM,5130,2000,0.434
ADH_IDHM,5130,2010,0.583
ADH_IDHM,5131,1991,0.31
ADH_IDHM,5131,2000,0.486
ADH_IDHM,5131,2010,0.57
ADH_IDHM,5132,1991,0.291
ADH_IDHM,5132,2000,0.417
ADH_IDHM,5132,2010,0.582
ADH_IDHM,5133,1991,0.332
ADH_IDHM,5133,2000,0.454
ADH_IDHM,5133,2010,0.597
ADH_IDHM,5134,1991,0.257
ADH_IDHM,5134,2000,0.402
ADH_IDHM,5134,2010,0.592
ADH_IDHM,5135,1991,0.322
ADH_IDHM,5135,2000,0.469
ADH_IDHM,5135,2010,0.604
ADH_IDHM,5136,1991,0.261
ADH_IDHM,5136,2000,0.41
ADH_IDHM,5136,2010,0.572
ADH_IDHM,5137,1991,0.373
ADH_IDHM,5137,2000,0.491
ADH_IDHM,5137,2010,0.612
ADH_IDHM,5138,1991,0.257
ADH_IDHM,5138,2000,0.39599999999999996
ADH_IDHM,5138,2010,0.569
ADH_IDHM,5139,1991,0.322
ADH_IDHM,5139,2000,0.454
ADH_IDHM,5139,2010,0.608
ADH_IDHM,5140,1991,0.299
ADH_IDHM,5140,2000,0.405
ADH_IDHM,5140,2010,0.592
ADH_IDHM,5141,1991,0.342
ADH_IDHM,5141,2000,0.511
ADH_IDHM,5141,2010,0.645
ADH_IDHM,5142,1991,0.431
ADH_IDHM,5142,2000,0.546
ADH_IDHM,5142,2010,0.64
ADH_IDHM,5143,1991,0.396
ADH_IDHM,5143,2000,0.482
ADH_IDHM,5143,2010,0.618
ADH_IDHM,5144,1991,0.327
ADH_IDHM,5144,2000,0.4159999999999999
ADH_IDHM,5144,2010,0.596
ADH_IDHM,5145,1991,0.28
ADH_IDHM,5145,2000,0.466
ADH_IDHM,5145,2010,0.587
ADH_IDHM,5146,1991,0.323
ADH_IDHM,5146,2000,0.4680000000000001
ADH_IDHM,5146,2010,0.592
ADH_IDHM,5147,1991,0.32
ADH_IDHM,5147,2000,0.418
ADH_IDHM,5147,2010,0.576
ADH_IDHM,6001,1991,0.267
ADH_IDHM,6001,2000,0.415
ADH_IDHM,6001,2010,0.572
ADH_IDHM,6002,1991,0.273
ADH_IDHM,6002,2000,0.392
ADH_IDHM,6002,2010,0.597
ADH_IDHM,6003,1991,0.322
ADH_IDHM,6003,2000,0.42600000000000005
ADH_IDHM,6003,2010,0.582
ADH_IDHM,6004,1991,0.3059978511952726
ADH_IDHM,6004,2000,0.39044247826662554
ADH_IDHM,6004,2010,0.5696990667444379
ADH_IDHM,6005,1991,0.257
ADH_IDHM,6005,2000,0.4109999999999999
ADH_IDHM,6005,2010,0.595
ADH_IDHM,6006,1991,0.3119964520881566
ADH_IDHM,6006,2000,0.424572504545061
ADH_IDHM,6006,2010,0.5952543035138532
ADH_IDHM,6007,1991,0.31899202003727867
ADH_IDHM,6007,2000,0.42013204461834963
ADH_IDHM,6007,2010,0.6000017546498221
ADH_IDHM,6008,1991,0.276
ADH_IDHM,6008,2000,0.415
ADH_IDHM,6008,2010,0.582
ADH_IDHM,6009,1991,0.2999988864142539
ADH_IDHM,6009,2000,0.44366993865030674
ADH_IDHM,6009,2010,0.6087174354118762
ADH_IDHM,6010,1991,0.3489948348906041
ADH_IDHM,6010,2000,0.4604176467111873
ADH_IDHM,6010,2010,0.6245838659907428
ADH_IDHM,6011,1991,0.37799346719063925
ADH_IDHM,6011,2000,0.48369838241191987
ADH_IDHM,6011,2010,0.6470302517573047
ADH_IDHM,6012,1991,0.26
ADH_IDHM,6012,2000,0.389
ADH_IDHM,6012,2010,0.549
ADH_IDHM,6013,1991,0.282
ADH_IDHM,6013,2000,0.38699999999999996
ADH_IDHM,6013,2010,0.548
ADH_IDHM,6014,1991,0.2669983237414092
ADH_IDHM,6014,2000,0.3782643055985153
ADH_IDHM,6014,2010,0.5680323775118535
ADH_IDHM,6015,1991,0.332
ADH_IDHM,6015,2000,0.425
ADH_IDHM,6015,2010,0.594
ADH_IDHM,6016,1991,0.2869712626995645
ADH_IDHM,6016,2000,0.4145662503061474
ADH_IDHM,6016,2010,0.5931331730769231
ADH_IDHM,6017,1991,0.3380000000000001
ADH_IDHM,6017,2000,0.448
ADH_IDHM,6017,2010,0.608
ADH_IDHM,6018,1991,0.24699739583333333
ADH_IDHM,6018,2000,0.3722759530687208
ADH_IDHM,6018,2010,0.5373233301769976
ADH_IDHM,6019,1991,0.2833984326982175
ADH_IDHM,6019,2000,0.40981339086445473
ADH_IDHM,6019,2010,0.576241254238179
ADH_IDHM,6020,1991,0.329
ADH_IDHM,6020,2000,0.413
ADH_IDHM,6020,2010,0.581
ADH_IDHM,6021,1991,0.281
ADH_IDHM,6021,2000,0.4010000000000001
ADH_IDHM,6021,2010,0.568
ADH_IDHM,6022,1991,0.3049954487722269
ADH_IDHM,6022,2000,0.42773463090434366
ADH_IDHM,6022,2010,0.5985979859192586
ADH_IDHM,6023,1991,0.27699253862875267
ADH_IDHM,6023,2000,0.36309259480085854
ADH_IDHM,6023,2010,0.5514579419635829
ADH_IDHM,6024,1991,0.247
ADH_IDHM,6024,2000,0.429
ADH_IDHM,6024,2010,0.572
ADH_IDHM,6025,1991,0.407
ADH_IDHM,6025,2000,0.505
ADH_IDHM,6025,2010,0.649
ADH_IDHM,6026,1991,0.293
ADH_IDHM,6026,2000,0.424
ADH_IDHM,6026,2010,0.592
ADH_IDHM,6027,1991,0.283
ADH_IDHM,6027,2000,0.423
ADH_IDHM,6027,2010,0.578
ADH_IDHM,6028,1991,0.30099415480343167
ADH_IDHM,6028,2000,0.42062573200137793
ADH_IDHM,6028,2010,0.5962448149654331
ADH_IDHM,6029,1991,0.323
ADH_IDHM,6029,2000,0.38599999999999995
ADH_IDHM,6029,2010,0.599
ADH_IDHM,6030,1991,0.4759996353138751
ADH_IDHM,6030,2000,0.5995755507696064
ADH_IDHM,6030,2010,0.7188705369916206
ADH_IDHM,6031,1991,0.298
ADH_IDHM,6031,2000,0.415
ADH_IDHM,6031,2010,0.597
ADH_IDHM,6032,1991,0.34299999999999997
ADH_IDHM,6032,2000,0.45999999999999996
ADH_IDHM,6032,2010,0.592
ADH_IDHM,6033,1991,0.293
ADH_IDHM,6033,2000,0.413
ADH_IDHM,6033,2010,0.574
ADH_IDHM,6034,1991,0.268
ADH_IDHM,6034,2000,0.408
ADH_IDHM,6034,2010,0.61
ADH_IDHM,6035,1991,0.285
ADH_IDHM,6035,2000,0.428
ADH_IDHM,6035,2010,0.558
ADH_IDHM,6036,1991,0.34199301404393234
ADH_IDHM,6036,2000,0.46042537313432835
ADH_IDHM,6036,2010,0.5951803201188627
ADH_IDHM,6037,1991,0.299
ADH_IDHM,6037,2000,0.451
ADH_IDHM,6037,2010,0.619
ADH_IDHM,6038,1991,0.2780000000000001
ADH_IDHM,6038,2000,0.407
ADH_IDHM,6038,2010,0.602
ADH_IDHM,6039,1991,0.35199013104675614
ADH_IDHM,6039,2000,0.47777079796264854
ADH_IDHM,6039,2010,0.6038584842387659
ADH_IDHM,6040,1991,0.444
ADH_IDHM,6040,2000,0.599
ADH_IDHM,6040,2010,0.748
ADH_IDHM,6041,1991,0.256
ADH_IDHM,6041,2000,0.394
ADH_IDHM,6041,2010,0.587
ADH_IDHM,6042,1991,0.276
ADH_IDHM,6042,2000,0.413
ADH_IDHM,6042,2010,0.596
ADH_IDHM,6043,1991,0.236
ADH_IDHM,6043,2000,0.372
ADH_IDHM,6043,2010,0.564
ADH_IDHM,6044,1991,0.2559931099279675
ADH_IDHM,6044,2000,0.3502951634877385
ADH_IDHM,6044,2010,0.5537657548125634
ADH_IDHM,6045,1991,0.26599753086419753
ADH_IDHM,6045,2000,0.42626526040694424
ADH_IDHM,6045,2010,0.5888215373588962
ADH_IDHM,6046,1991,0.428
ADH_IDHM,6046,2000,0.528
ADH_IDHM,6046,2010,0.679
ADH_IDHM,6047,1991,0.36398770056182617
ADH_IDHM,6047,2000,0.4472855188252827
ADH_IDHM,6047,2010,0.6193767324852858
ADH_IDHM,6048,1991,0.24900000000000003
ADH_IDHM,6048,2000,0.38
ADH_IDHM,6048,2010,0.568
ADH_IDHM,6049,1991,0.328
ADH_IDHM,6049,2000,0.405
ADH_IDHM,6049,2010,0.567
ADH_IDHM,6050,1991,0.30899190218480654
ADH_IDHM,6050,2000,0.39461909226272546
ADH_IDHM,6050,2010,0.5687936778217988
ADH_IDHM,6051,1991,0.3489934996020165
ADH_IDHM,6051,2000,0.45334760612043434
ADH_IDHM,6051,2010,0.6044987261919204
ADH_IDHM,6052,1991,0.352
ADH_IDHM,6052,2000,0.433
ADH_IDHM,6052,2010,0.603
ADH_IDHM,6053,1991,0.32199465371337793
ADH_IDHM,6053,2000,0.40629839359587383
ADH_IDHM,6053,2010,0.5780613018873514
ADH_IDHM,6054,1991,0.252
ADH_IDHM,6054,2000,0.398
ADH_IDHM,6054,2010,0.574
ADH_IDHM,6055,1991,0.37100000000000005
ADH_IDHM,6055,2000,0.495
ADH_IDHM,6055,2010,0.6400000000000001
ADH_IDHM,6056,1991,0.3139970711116854
ADH_IDHM,6056,2000,0.4219859863122119
ADH_IDHM,6056,2010,0.588768331659209
ADH_IDHM,6057,1991,0.338
ADH_IDHM,6057,2000,0.42800000000000005
ADH_IDHM,6057,2010,0.594
ADH_IDHM,6058,1991,0.303
ADH_IDHM,6058,2000,0.422
ADH_IDHM,6058,2010,0.618
ADH_IDHM,6059,1991,0.271
ADH_IDHM,6059,2000,0.441
ADH_IDHM,6059,2010,0.581
ADH_IDHM,6060,1991,0.304
ADH_IDHM,6060,2000,0.424
ADH_IDHM,6060,2010,0.592
ADH_IDHM,6061,1991,0.3459951456310679
ADH_IDHM,6061,2000,0.47143199240709643
ADH_IDHM,6061,2010,0.6295615165491046
ADH_IDHM,6062,1991,0.289
ADH_IDHM,6062,2000,0.406
ADH_IDHM,6062,2010,0.552
ADH_IDHM,6063,1991,0.27
ADH_IDHM,6063,2000,0.41
ADH_IDHM,6063,2010,0.566
ADH_IDHM,6064,1991,0.2769984020039734
ADH_IDHM,6064,2000,0.4275055890702626
ADH_IDHM,6064,2010,0.5885356633689031
ADH_IDHM,6065,1991,0.293
ADH_IDHM,6065,2000,0.4079999999999999
ADH_IDHM,6065,2010,0.57
ADH_IDHM,6066,1991,0.328
ADH_IDHM,6066,2000,0.41
ADH_IDHM,6066,2010,0.606
ADH_IDHM,6067,1991,0.313
ADH_IDHM,6067,2000,0.44
ADH_IDHM,6067,2010,0.566
ADH_IDHM,6068,1991,0.286
ADH_IDHM,6068,2000,0.423
ADH_IDHM,6068,2010,0.593
ADH_IDHM,6069,1991,0.252
ADH_IDHM,6069,2000,0.31
ADH_IDHM,6069,2010,0.545
ADH_IDHM,6070,1991,0.26600584397934224
ADH_IDHM,6070,2000,0.42085623795097765
ADH_IDHM,6070,2010,0.6128481264782771
ADH_IDHM,6071,1991,0.263
ADH_IDHM,6071,2000,0.405
ADH_IDHM,6071,2010,0.595
ADH_IDHM,6072,1991,0.35
ADH_IDHM,6072,2000,0.474
ADH_IDHM,6072,2010,0.623
ADH_IDHM,6073,1991,0.262
ADH_IDHM,6073,2000,0.403
ADH_IDHM,6073,2010,0.56
ADH_IDHM,6074,1991,0.388
ADH_IDHM,6074,2000,0.45400000000000007
ADH_IDHM,6074,2010,0.641
ADH_IDHM,6075,1991,0.396
ADH_IDHM,6075,2000,0.516
ADH_IDHM,6075,2010,0.673
ADH_IDHM,6076,1991,0.225
ADH_IDHM,6076,2000,0.371
ADH_IDHM,6076,2010,0.556
ADH_IDHM,6077,1991,0.35699374279598217
ADH_IDHM,6077,2000,0.4664655573447844
ADH_IDHM,6077,2010,0.6136234259099534
ADH_IDHM,6078,1991,0.277
ADH_IDHM,6078,2000,0.425
ADH_IDHM,6078,2010,0.586
ADH_IDHM,6079,1991,0.24600000000000002
ADH_IDHM,6079,2000,0.338
ADH_IDHM,6079,2010,0.557
ADH_IDHM,6080,1991,0.25600018414510634
ADH_IDHM,6080,2000,0.4176551514868587
ADH_IDHM,6080,2010,0.5845906255569417
ADH_IDHM,6081,1991,0.36199999999999993
ADH_IDHM,6081,2000,0.4660000000000001
ADH_IDHM,6081,2010,0.613
ADH_IDHM,6082,1991,0.358
ADH_IDHM,6082,2000,0.48899999999999993
ADH_IDHM,6082,2010,0.615
ADH_IDHM,6083,1991,0.281
ADH_IDHM,6083,2000,0.394
ADH_IDHM,6083,2010,0.564
ADH_IDHM,6084,1991,0.272
ADH_IDHM,6084,2000,0.387
ADH_IDHM,6084,2010,0.562
ADH_IDHM,6085,1991,0.24199852820932133
ADH_IDHM,6085,2000,0.354664
ADH_IDHM,6085,2010,0.5533194296442888
ADH_IDHM,6086,1991,0.3309863621947352
ADH_IDHM,6086,2000,0.430301737275221
ADH_IDHM,6086,2010,0.592973046875
ADH_IDHM,6087,1991,0.551
ADH_IDHM,6087,2000,0.644
ADH_IDHM,6087,2010,0.7630000000000001
ADH_IDHM,6088,1991,0.304
ADH_IDHM,6088,2000,0.412
ADH_IDHM,6088,2010,0.579
ADH_IDHM,6089,1991,0.306
ADH_IDHM,6089,2000,0.432
ADH_IDHM,6089,2010,0.617
ADH_IDHM,6090,1991,0.256
ADH_IDHM,6090,2000,0.387
ADH_IDHM,6090,2010,0.548
ADH_IDHM,6091,1991,0.221
ADH_IDHM,6091,2000,0.381
ADH_IDHM,6091,2010,0.57
ADH_IDHM,6092,1991,0.276
ADH_IDHM,6092,2000,0.398
ADH_IDHM,6092,2010,0.563
ADH_IDHM,6093,1991,0.291
ADH_IDHM,6093,2000,0.418
ADH_IDHM,6093,2010,0.57
ADH_IDHM,6094,1991,0.339
ADH_IDHM,6094,2000,0.461
ADH_IDHM,6094,2010,0.627
ADH_IDHM,6095,1991,0.233
ADH_IDHM,6095,2000,0.403
ADH_IDHM,6095,2010,0.533
ADH_IDHM,6096,1991,0.261
ADH_IDHM,6096,2000,0.392
ADH_IDHM,6096,2010,0.566
ADH_IDHM,6097,1991,0.267
ADH_IDHM,6097,2000,0.391
ADH_IDHM,6097,2010,0.583
ADH_IDHM,6098,1991,0.235
ADH_IDHM,6098,2000,0.35700000000000004
ADH_IDHM,6098,2010,0.542
ADH_IDHM,6099,1991,0.331
ADH_IDHM,6099,2000,0.477
ADH_IDHM,6099,2010,0.642
ADH_IDHM,6100,1991,0.254
ADH_IDHM,6100,2000,0.375
ADH_IDHM,6100,2010,0.543
ADH_IDHM,6101,1991,0.3449952816278384
ADH_IDHM,6101,2000,0.42394052044609665
ADH_IDHM,6101,2010,0.5710682033676638
ADH_IDHM,6102,1991,0.268
ADH_IDHM,6102,2000,0.394
ADH_IDHM,6102,2010,0.548
ADH_IDHM,6103,1991,0.288
ADH_IDHM,6103,2000,0.4079999999999999
ADH_IDHM,6103,2010,0.567
ADH_IDHM,6104,1991,0.277
ADH_IDHM,6104,2000,0.385
ADH_IDHM,6104,2010,0.536
ADH_IDHM,6105,1991,0.3049939611462428
ADH_IDHM,6105,2000,0.4015215189873418
ADH_IDHM,6105,2010,0.5952455206052161
ADH_IDHM,6106,1991,0.245
ADH_IDHM,6106,2000,0.391
ADH_IDHM,6106,2010,0.574
ADH_IDHM,6107,1991,0.266
ADH_IDHM,6107,2000,0.449
ADH_IDHM,6107,2010,0.59
ADH_IDHM,6108,1991,0.287
ADH_IDHM,6108,2000,0.426
ADH_IDHM,6108,2010,0.587
ADH_IDHM,6109,1991,0.341
ADH_IDHM,6109,2000,0.45200000000000007
ADH_IDHM,6109,2010,0.628
ADH_IDHM,6110,1991,0.276
ADH_IDHM,6110,2000,0.402
ADH_IDHM,6110,2010,0.565
ADH_IDHM,6111,1991,0.267
ADH_IDHM,6111,2000,0.378
ADH_IDHM,6111,2010,0.541
ADH_IDHM,6112,1991,0.265
ADH_IDHM,6112,2000,0.394
ADH_IDHM,6112,2010,0.562
ADH_IDHM,6113,1991,0.314
ADH_IDHM,6113,2000,0.423
ADH_IDHM,6113,2010,0.601
ADH_IDHM,6114,1991,0.24
ADH_IDHM,6114,2000,0.382
ADH_IDHM,6114,2010,0.573
ADH_IDHM,6115,1991,0.291
ADH_IDHM,6115,2000,0.425
ADH_IDHM,6115,2010,0.595
ADH_IDHM,6116,1991,0.255
ADH_IDHM,6116,2000,0.39
ADH_IDHM,6116,2010,0.572
ADH_IDHM,6117,1991,0.306
ADH_IDHM,6117,2000,0.441
ADH_IDHM,6117,2010,0.6030000000000001
ADH_IDHM,6118,1991,0.32
ADH_IDHM,6118,2000,0.461
ADH_IDHM,6118,2010,0.614
ADH_IDHM,6119,1991,0.28799336676913123
ADH_IDHM,6119,2000,0.4053768167952629
ADH_IDHM,6119,2010,0.5627101698149208
ADH_IDHM,6120,1991,0.436
ADH_IDHM,6120,2000,0.557
ADH_IDHM,6120,2010,0.7010000000000001
ADH_IDHM,6121,1991,0.294
ADH_IDHM,6121,2000,0.4149999999999999
ADH_IDHM,6121,2010,0.587
ADH_IDHM,6122,1991,0.31299999999999994
ADH_IDHM,6122,2000,0.426
ADH_IDHM,6122,2010,0.599
ADH_IDHM,6123,1991,0.266
ADH_IDHM,6123,2000,0.402
ADH_IDHM,6123,2010,0.574
ADH_IDHM,6124,1991,0.303
ADH_IDHM,6124,2000,0.401
ADH_IDHM,6124,2010,0.59
ADH_IDHM,6125,1991,0.36
ADH_IDHM,6125,2000,0.475
ADH_IDHM,6125,2010,0.621
ADH_IDHM,6126,1991,0.28399419195585884
ADH_IDHM,6126,2000,0.3861144062211678
ADH_IDHM,6126,2010,0.5664660758129229
ADH_IDHM,6127,1991,0.234
ADH_IDHM,6127,2000,0.354
ADH_IDHM,6127,2010,0.56
ADH_IDHM,6128,1991,0.27
ADH_IDHM,6128,2000,0.405
ADH_IDHM,6128,2010,0.564
ADH_IDHM,6129,1991,0.315
ADH_IDHM,6129,2000,0.46
ADH_IDHM,6129,2010,0.595
ADH_IDHM,6130,1991,0.276
ADH_IDHM,6130,2000,0.429
ADH_IDHM,6130,2010,0.57
ADH_IDHM,6131,1991,0.318
ADH_IDHM,6131,2000,0.426
ADH_IDHM,6131,2010,0.591
ADH_IDHM,6132,1991,0.3369885274397815
ADH_IDHM,6132,2000,0.4472003287343726
ADH_IDHM,6132,2010,0.6143784725536994
ADH_IDHM,6133,1991,0.308
ADH_IDHM,6133,2000,0.434
ADH_IDHM,6133,2010,0.608
ADH_IDHM,6134,1991,0.35199676186192935
ADH_IDHM,6134,2000,0.45464661005991125
ADH_IDHM,6134,2010,0.5992170418006431
ADH_IDHM,6135,1991,0.317
ADH_IDHM,6135,2000,0.43600000000000005
ADH_IDHM,6135,2010,0.617
ADH_IDHM,6136,1991,0.297
ADH_IDHM,6136,2000,0.431
ADH_IDHM,6136,2010,0.608
ADH_IDHM,6137,1991,0.255
ADH_IDHM,6137,2000,0.4159999999999999
ADH_IDHM,6137,2010,0.622
ADH_IDHM,6138,1991,0.29599776133431305
ADH_IDHM,6138,2000,0.4047624283642892
ADH_IDHM,6138,2010,0.568533009079118
ADH_IDHM,6139,1991,0.268
ADH_IDHM,6139,2000,0.366
ADH_IDHM,6139,2010,0.568
ADH_IDHM,6140,1991,0.24499999999999997
ADH_IDHM,6140,2000,0.395
ADH_IDHM,6140,2010,0.563
ADH_IDHM,6141,1991,0.274
ADH_IDHM,6141,2000,0.42
ADH_IDHM,6141,2010,0.568
ADH_IDHM,6142,1991,0.28299470137649024
ADH_IDHM,6142,2000,0.36924081225862715
ADH_IDHM,6142,2010,0.5593809225369767
ADH_IDHM,6143,1991,0.309
ADH_IDHM,6143,2000,0.476
ADH_IDHM,6143,2010,0.618
ADH_IDHM,6144,1991,0.321
ADH_IDHM,6144,2000,0.44
ADH_IDHM,6144,2010,0.609
ADH_IDHM,6145,1991,0.4169999999999999
ADH_IDHM,6145,2000,0.524
ADH_IDHM,6145,2010,0.682
ADH_IDHM,6146,1991,0.20300000000000004
ADH_IDHM,6146,2000,0.36300000000000004
ADH_IDHM,6146,2010,0.535
ADH_IDHM,6147,1991,0.297
ADH_IDHM,6147,2000,0.448
ADH_IDHM,6147,2010,0.594
ADH_IDHM,6148,1991,0.36699999999999994
ADH_IDHM,6148,2000,0.472
ADH_IDHM,6148,2010,0.627
ADH_IDHM,6149,1991,0.251
ADH_IDHM,6149,2000,0.42
ADH_IDHM,6149,2010,0.627
ADH_IDHM,6150,1991,0.292
ADH_IDHM,6150,2000,0.424
ADH_IDHM,6150,2010,0.58
ADH_IDHM,6151,1991,0.264
ADH_IDHM,6151,2000,0.369
ADH_IDHM,6151,2010,0.552
ADH_IDHM,6152,1991,0.247
ADH_IDHM,6152,2000,0.341
ADH_IDHM,6152,2010,0.53
ADH_IDHM,6153,1991,0.23899999999999996
ADH_IDHM,6153,2000,0.349
ADH_IDHM,6153,2010,0.565
ADH_IDHM,6154,1991,0.241
ADH_IDHM,6154,2000,0.4060000000000001
ADH_IDHM,6154,2010,0.577
ADH_IDHM,6155,1991,0.284
ADH_IDHM,6155,2000,0.416
ADH_IDHM,6155,2010,0.591
ADH_IDHM,6156,1991,0.262
ADH_IDHM,6156,2000,0.401
ADH_IDHM,6156,2010,0.578
ADH_IDHM,6157,1991,0.304
ADH_IDHM,6157,2000,0.482
ADH_IDHM,6157,2010,0.617
ADH_IDHM,6158,1991,0.348
ADH_IDHM,6158,2000,0.489
ADH_IDHM,6158,2010,0.641
ADH_IDHM,6159,1991,0.235
ADH_IDHM,6159,2000,0.37400000000000005
ADH_IDHM,6159,2010,0.548
ADH_IDHM,6160,1991,0.277
ADH_IDHM,6160,2000,0.443
ADH_IDHM,6160,2010,0.594
ADH_IDHM,6161,1991,0.32200044953922236
ADH_IDHM,6161,2000,0.46510090583526437
ADH_IDHM,6161,2010,0.597412429378531
ADH_IDHM,6162,1991,0.21
ADH_IDHM,6162,2000,0.361
ADH_IDHM,6162,2010,0.555
ADH_IDHM,6163,1991,0.274
ADH_IDHM,6163,2000,0.455
ADH_IDHM,6163,2010,0.626
ADH_IDHM,6164,1991,0.262
ADH_IDHM,6164,2000,0.391
ADH_IDHM,6164,2010,0.586
ADH_IDHM,6165,1991,0.279
ADH_IDHM,6165,2000,0.407
ADH_IDHM,6165,2010,0.57
ADH_IDHM,6166,1991,0.262
ADH_IDHM,6166,2000,0.383
ADH_IDHM,6166,2010,0.547
ADH_IDHM,6167,1991,0.342
ADH_IDHM,6167,2000,0.44200000000000006
ADH_IDHM,6167,2010,0.616
ADH_IDHM,6168,1991,0.261
ADH_IDHM,6168,2000,0.379
ADH_IDHM,6168,2010,0.551
ADH_IDHM,6169,1991,0.306
ADH_IDHM,6169,2000,0.379
ADH_IDHM,6169,2010,0.586
ADH_IDHM,6170,1991,0.37
ADH_IDHM,6170,2000,0.555
ADH_IDHM,6170,2010,0.707
ADH_IDHM,7001,1991,0.5275674947838324
ADH_IDHM,7001,2000,0.6259478444300209
ADH_IDHM,7001,2010,0.7193264108180656
ADH_IDHM,7002,1991,0.383
ADH_IDHM,7002,2000,0.518
ADH_IDHM,7002,2010,0.657
ADH_IDHM,7003,1991,0.263
ADH_IDHM,7003,2000,0.386
ADH_IDHM,7003,2010,0.588
ADH_IDHM,7004,1991,0.305
ADH_IDHM,7004,2000,0.436
ADH_IDHM,7004,2010,0.592
ADH_IDHM,7005,1991,0.2869995083310571
ADH_IDHM,7005,2000,0.38062618188677466
ADH_IDHM,7005,2010,0.5527013435619225
ADH_IDHM,7006,1991,0.26
ADH_IDHM,7006,2000,0.358
ADH_IDHM,7006,2010,0.526
ADH_IDHM,7007,1991,0.354
ADH_IDHM,7007,2000,0.457
ADH_IDHM,7007,2010,0.599
ADH_IDHM,7008,1991,0.287
ADH_IDHM,7008,2000,0.431
ADH_IDHM,7008,2010,0.604
ADH_IDHM,7009,1991,0.31
ADH_IDHM,7009,2000,0.444
ADH_IDHM,7009,2010,0.598
ADH_IDHM,7010,1991,0.309
ADH_IDHM,7010,2000,0.42300000000000004
ADH_IDHM,7010,2010,0.58
ADH_IDHM,7011,1991,0.326
ADH_IDHM,7011,2000,0.434
ADH_IDHM,7011,2010,0.572
ADH_IDHM,7012,1991,0.3987366332107309
ADH_IDHM,7012,2000,0.5172774359367155
ADH_IDHM,7012,2010,0.650508482347547
ADH_IDHM,7013,1991,0.307
ADH_IDHM,7013,2000,0.441
ADH_IDHM,7013,2010,0.602
ADH_IDHM,7014,1991,0.476
ADH_IDHM,7014,2000,0.556
ADH_IDHM,7014,2010,0.667
ADH_IDHM,7015,1991,0.306
ADH_IDHM,7015,2000,0.371
ADH_IDHM,7015,2010,0.577
ADH_IDHM,7016,1991,0.404
ADH_IDHM,7016,2000,0.4709999999999999
ADH_IDHM,7016,2010,0.586
ADH_IDHM,7017,1991,0.288
ADH_IDHM,7017,2000,0.404
ADH_IDHM,7017,2010,0.578
ADH_IDHM,7018,1991,0.38699999999999996
ADH_IDHM,7018,2000,0.482
ADH_IDHM,7018,2010,0.642
ADH_IDHM,7019,1991,0.377
ADH_IDHM,7019,2000,0.4769999999999999
ADH_IDHM,7019,2010,0.629
ADH_IDHM,7020,1991,0.276
ADH_IDHM,7020,2000,0.409
ADH_IDHM,7020,2010,0.559
ADH_IDHM,7021,1991,0.338
ADH_IDHM,7021,2000,0.458
ADH_IDHM,7021,2010,0.606
ADH_IDHM,7022,1991,0.281
ADH_IDHM,7022,2000,0.391
ADH_IDHM,7022,2010,0.565
ADH_IDHM,7023,1991,0.296
ADH_IDHM,7023,2000,0.39999999999999997
ADH_IDHM,7023,2010,0.563
ADH_IDHM,7024,1991,0.333
ADH_IDHM,7024,2000,0.442
ADH_IDHM,7024,2010,0.602
ADH_IDHM,7025,1991,0.309
ADH_IDHM,7025,2000,0.414
ADH_IDHM,7025,2010,0.561
ADH_IDHM,7026,1991,0.287
ADH_IDHM,7026,2000,0.364
ADH_IDHM,7026,2010,0.547
ADH_IDHM,7027,1991,0.271
ADH_IDHM,7027,2000,0.401
ADH_IDHM,7027,2010,0.574
ADH_IDHM,7028,1991,0.298
ADH_IDHM,7028,2000,0.404
ADH_IDHM,7028,2010,0.562
ADH_IDHM,7029,1991,0.311
ADH_IDHM,7029,2000,0.447
ADH_IDHM,7029,2010,0.593
ADH_IDHM,7030,1991,0.275
ADH_IDHM,7030,2000,0.377
ADH_IDHM,7030,2010,0.527
ADH_IDHM,7031,1991,0.427
ADH_IDHM,7031,2000,0.547
ADH_IDHM,7031,2010,0.686
ADH_IDHM,7032,1991,0.38100000000000006
ADH_IDHM,7032,2000,0.466
ADH_IDHM,7032,2010,0.623
ADH_IDHM,7033,1991,0.363
ADH_IDHM,7033,2000,0.481
ADH_IDHM,7033,2010,0.579
ADH_IDHM,7034,1991,0.241
ADH_IDHM,7034,2000,0.336
ADH_IDHM,7034,2010,0.522
ADH_IDHM,7035,1991,0.313
ADH_IDHM,7035,2000,0.41
ADH_IDHM,7035,2010,0.566
ADH_IDHM,7036,1991,0.321
ADH_IDHM,7036,2000,0.41
ADH_IDHM,7036,2010,0.571
ADH_IDHM,7037,1991,0.44390100826910206
ADH_IDHM,7037,2000,0.5605448736672995
ADH_IDHM,7037,2010,0.6757771313990484
ADH_IDHM,7038,1991,0.32100000000000006
ADH_IDHM,7038,2000,0.445
ADH_IDHM,7038,2010,0.588
ADH_IDHM,7039,1991,0.373
ADH_IDHM,7039,2000,0.466
ADH_IDHM,7039,2010,0.606
ADH_IDHM,7040,1991,0.264
ADH_IDHM,7040,2000,0.39499999999999996
ADH_IDHM,7040,2010,0.541
ADH_IDHM,7041,1991,0.27
ADH_IDHM,7041,2000,0.406
ADH_IDHM,7041,2010,0.549
ADH_IDHM,7042,1991,0.29099865031621164
ADH_IDHM,7042,2000,0.42138984155431547
ADH_IDHM,7042,2010,0.581402638960218
ADH_IDHM,7043,1991,0.4169941243776479
ADH_IDHM,7043,2000,0.4619194774143967
ADH_IDHM,7043,2010,0.6107944578371929
ADH_IDHM,7044,1991,0.4479978813238699
ADH_IDHM,7044,2000,0.550240012480337
ADH_IDHM,7044,2010,0.6674924668464205
ADH_IDHM,7045,1991,0.481
ADH_IDHM,7045,2000,0.558
ADH_IDHM,7045,2010,0.677
ADH_IDHM,7046,1991,0.38899684790007993
ADH_IDHM,7046,2000,0.46653092283830944
ADH_IDHM,7046,2010,0.6162492951069192
ADH_IDHM,7047,1991,0.369
ADH_IDHM,7047,2000,0.467
ADH_IDHM,7047,2010,0.609
ADH_IDHM,7048,1991,0.311
ADH_IDHM,7048,2000,0.4590000000000001
ADH_IDHM,7048,2010,0.615
ADH_IDHM,7049,1991,0.312
ADH_IDHM,7049,2000,0.447
ADH_IDHM,7049,2010,0.604
ADH_IDHM,7050,1991,0.282
ADH_IDHM,7050,2000,0.427
ADH_IDHM,7050,2010,0.599
ADH_IDHM,7051,1991,0.374
ADH_IDHM,7051,2000,0.476
ADH_IDHM,7051,2010,0.602
ADH_IDHM,7052,1991,0.303
ADH_IDHM,7052,2000,0.398
ADH_IDHM,7052,2010,0.536
ADH_IDHM,7053,1991,0.281
ADH_IDHM,7053,2000,0.402
ADH_IDHM,7053,2010,0.568
ADH_IDHM,7054,1991,0.294
ADH_IDHM,7054,2000,0.379
ADH_IDHM,7054,2010,0.572
ADH_IDHM,7055,1991,0.344
ADH_IDHM,7055,2000,0.442
ADH_IDHM,7055,2010,0.592
ADH_IDHM,7056,1991,0.329
ADH_IDHM,7056,2000,0.459
ADH_IDHM,7056,2010,0.594
ADH_IDHM,7057,1991,0.47099870016589984
ADH_IDHM,7057,2000,0.5690501912435768
ADH_IDHM,7057,2010,0.6911229996236478
ADH_IDHM,7058,1991,0.346
ADH_IDHM,7058,2000,0.479
ADH_IDHM,7058,2010,0.632
ADH_IDHM,7059,1991,0.291
ADH_IDHM,7059,2000,0.412
ADH_IDHM,7059,2010,0.576
ADH_IDHM,7060,1991,0.305
ADH_IDHM,7060,2000,0.437
ADH_IDHM,7060,2010,0.6
ADH_IDHM,7061,1991,0.548
ADH_IDHM,7061,2000,0.694
ADH_IDHM,7061,2010,0.788
ADH_IDHM,7062,1991,0.355
ADH_IDHM,7062,2000,0.45000000000000007
ADH_IDHM,7062,2010,0.622
ADH_IDHM,7063,1991,0.286
ADH_IDHM,7063,2000,0.42
ADH_IDHM,7063,2010,0.556
ADH_IDHM,7064,1991,0.314
ADH_IDHM,7064,2000,0.414
ADH_IDHM,7064,2010,0.576
ADH_IDHM,7065,1991,0.326
ADH_IDHM,7065,2000,0.42399999999999993
ADH_IDHM,7065,2010,0.6019999999999999
ADH_IDHM,7066,1991,0.466
ADH_IDHM,7066,2000,0.533
ADH_IDHM,7066,2010,0.664
ADH_IDHM,7067,1991,0.334
ADH_IDHM,7067,2000,0.437
ADH_IDHM,7067,2010,0.604
ADH_IDHM,7068,1991,0.405
ADH_IDHM,7068,2000,0.511
ADH_IDHM,7068,2010,0.651
ADH_IDHM,7069,1991,0.259
ADH_IDHM,7069,2000,0.4079999999999999
ADH_IDHM,7069,2010,0.595
ADH_IDHM,7070,1991,0.372
ADH_IDHM,7070,2000,0.49600000000000005
ADH_IDHM,7070,2010,0.634
ADH_IDHM,7071,1991,0.22
ADH_IDHM,7071,2000,0.334
ADH_IDHM,7071,2010,0.528
ADH_IDHM,7072,1991,0.284
ADH_IDHM,7072,2000,0.394
ADH_IDHM,7072,2010,0.552
ADH_IDHM,7073,1991,0.3
ADH_IDHM,7073,2000,0.428
ADH_IDHM,7073,2010,0.58
ADH_IDHM,7074,1991,0.324
ADH_IDHM,7074,2000,0.443
ADH_IDHM,7074,2010,0.598
ADH_IDHM,7075,1991,0.2979928876244666
ADH_IDHM,7075,2000,0.3500220465257716
ADH_IDHM,7075,2010,0.5054833710041976
ADH_IDHM,7076,1991,0.349
ADH_IDHM,7076,2000,0.488
ADH_IDHM,7076,2010,0.608
ADH_IDHM,7077,1991,0.332
ADH_IDHM,7077,2000,0.457
ADH_IDHM,7077,2010,0.619
ADH_IDHM,7078,1991,0.285
ADH_IDHM,7078,2000,0.417
ADH_IDHM,7078,2010,0.55
ADH_IDHM,7079,1991,0.392
ADH_IDHM,7079,2000,0.51
ADH_IDHM,7079,2010,0.595
ADH_IDHM,7080,1991,0.236
ADH_IDHM,7080,2000,0.347
ADH_IDHM,7080,2010,0.51
ADH_IDHM,7081,1991,0.45100000000000007
ADH_IDHM,7081,2000,0.569
ADH_IDHM,7081,2010,0.653
ADH_IDHM,7082,1991,0.298
ADH_IDHM,7082,2000,0.408
ADH_IDHM,7082,2010,0.575
ADH_IDHM,7083,1991,0.322
ADH_IDHM,7083,2000,0.449
ADH_IDHM,7083,2010,0.592
ADH_IDHM,7084,1991,0.338
ADH_IDHM,7084,2000,0.429
ADH_IDHM,7084,2010,0.586
ADH_IDHM,7085,1991,0.52
ADH_IDHM,7085,2000,0.625
ADH_IDHM,7085,2010,0.717
ADH_IDHM,7086,1991,0.24700037223152801
ADH_IDHM,7086,2000,0.3677781402936378
ADH_IDHM,7086,2010,0.5538702540980153
ADH_IDHM,7087,1991,0.285
ADH_IDHM,7087,2000,0.389
ADH_IDHM,7087,2010,0.53
ADH_IDHM,7088,1991,0.4010002123528698
ADH_IDHM,7088,2000,0.5276497973707621
ADH_IDHM,7088,2010,0.6296125497793563
ADH_IDHM,7089,1991,0.321
ADH_IDHM,7089,2000,0.42699999999999994
ADH_IDHM,7089,2010,0.576
ADH_IDHM,7090,1991,0.306
ADH_IDHM,7090,2000,0.408
ADH_IDHM,7090,2010,0.554
ADH_IDHM,7091,1991,0.28099823819591263
ADH_IDHM,7091,2000,0.41050649291681807
ADH_IDHM,7091,2010,0.5640945740260809
ADH_IDHM,7092,1991,0.227
ADH_IDHM,7092,2000,0.353
ADH_IDHM,7092,2010,0.509
ADH_IDHM,7093,1991,0.317
ADH_IDHM,7093,2000,0.413
ADH_IDHM,7093,2010,0.602
ADH_IDHM,7094,1991,0.294
ADH_IDHM,7094,2000,0.377
ADH_IDHM,7094,2010,0.525
ADH_IDHM,7095,1991,0.263
ADH_IDHM,7095,2000,0.391
ADH_IDHM,7095,2010,0.5510000000000002
ADH_IDHM,7096,1991,0.3129994286666508
ADH_IDHM,7096,2000,0.45878162744643275
ADH_IDHM,7096,2010,0.5925616207090602
ADH_IDHM,7097,1991,0.355
ADH_IDHM,7097,2000,0.474
ADH_IDHM,7097,2010,0.611
ADH_IDHM,7098,1991,0.416
ADH_IDHM,7098,2000,0.539
ADH_IDHM,7098,2010,0.663
ADH_IDHM,7099,1991,0.345
ADH_IDHM,7099,2000,0.454
ADH_IDHM,7099,2010,0.609
ADH_IDHM,7100,1991,0.302
ADH_IDHM,7100,2000,0.418
ADH_IDHM,7100,2010,0.578
ADH_IDHM,7101,1991,0.36200000000000004
ADH_IDHM,7101,2000,0.445
ADH_IDHM,7101,2010,0.591
ADH_IDHM,7102,1991,0.41900000000000004
ADH_IDHM,7102,2000,0.511
ADH_IDHM,7102,2010,0.652
ADH_IDHM,7103,1991,0.445
ADH_IDHM,7103,2000,0.522
ADH_IDHM,7103,2010,0.662
ADH_IDHM,7104,1991,0.561
ADH_IDHM,7104,2000,0.648
ADH_IDHM,7104,2010,0.735
ADH_IDHM,7105,1991,0.351
ADH_IDHM,7105,2000,0.441
ADH_IDHM,7105,2010,0.61
ADH_IDHM,7106,1991,0.327
ADH_IDHM,7106,2000,0.47400000000000003
ADH_IDHM,7106,2010,0.61
ADH_IDHM,7107,1991,0.30299636873027963
ADH_IDHM,7107,2000,0.39372181445975635
ADH_IDHM,7107,2010,0.5628661454398125
ADH_IDHM,7108,1991,0.38200000000000006
ADH_IDHM,7108,2000,0.473
ADH_IDHM,7108,2010,0.622
ADH_IDHM,7109,1991,0.298
ADH_IDHM,7109,2000,0.425
ADH_IDHM,7109,2010,0.549
ADH_IDHM,7110,1991,0.257
ADH_IDHM,7110,2000,0.402
ADH_IDHM,7110,2010,0.569
ADH_IDHM,7111,1991,0.251
ADH_IDHM,7111,2000,0.36
ADH_IDHM,7111,2010,0.537
ADH_IDHM,7112,1991,0.331
ADH_IDHM,7112,2000,0.429
ADH_IDHM,7112,2010,0.599
ADH_IDHM,7113,1991,0.306
ADH_IDHM,7113,2000,0.439
ADH_IDHM,7113,2010,0.592
ADH_IDHM,7114,1991,0.357
ADH_IDHM,7114,2000,0.471
ADH_IDHM,7114,2010,0.639
ADH_IDHM,7115,1991,0.301
ADH_IDHM,7115,2000,0.418
ADH_IDHM,7115,2010,0.567
ADH_IDHM,7116,1991,0.37
ADH_IDHM,7116,2000,0.48200000000000004
ADH_IDHM,7116,2010,0.61
ADH_IDHM,7117,1991,0.31
ADH_IDHM,7117,2000,0.411
ADH_IDHM,7117,2010,0.528
ADH_IDHM,7118,1991,0.316
ADH_IDHM,7118,2000,0.446
ADH_IDHM,7118,2010,0.598
ADH_IDHM,7119,1991,0.304
ADH_IDHM,7119,2000,0.43200000000000005
ADH_IDHM,7119,2010,0.58
ADH_IDHM,7120,1991,0.288
ADH_IDHM,7120,2000,0.36100000000000004
ADH_IDHM,7120,2010,0.552
ADH_IDHM,7121,1991,0.576
ADH_IDHM,7121,2000,0.66
ADH_IDHM,7121,2010,0.7720000000000001
ADH_IDHM,7122,1991,0.285
ADH_IDHM,7122,2000,0.426
ADH_IDHM,7122,2010,0.57
ADH_IDHM,7123,1991,0.357
ADH_IDHM,7123,2000,0.456
ADH_IDHM,7123,2010,0.602
ADH_IDHM,7124,1991,0.3089992906543713
ADH_IDHM,7124,2000,0.4118239453279012
ADH_IDHM,7124,2010,0.6033349974338637
ADH_IDHM,7125,1991,0.298
ADH_IDHM,7125,2000,0.389
ADH_IDHM,7125,2010,0.585
ADH_IDHM,7126,1991,0.272
ADH_IDHM,7126,2000,0.402
ADH_IDHM,7126,2010,0.534
ADH_IDHM,7127,1991,0.404
ADH_IDHM,7127,2000,0.531
ADH_IDHM,7127,2010,0.669
ADH_IDHM,7128,1991,0.314
ADH_IDHM,7128,2000,0.417
ADH_IDHM,7128,2010,0.559
ADH_IDHM,7129,1991,0.349
ADH_IDHM,7129,2000,0.46
ADH_IDHM,7129,2010,0.603
ADH_IDHM,7130,1991,0.4039969647696477
ADH_IDHM,7130,2000,0.5196975706494795
ADH_IDHM,7130,2010,0.6445072084858445
ADH_IDHM,7131,1991,0.436
ADH_IDHM,7131,2000,0.52
ADH_IDHM,7131,2010,0.648
ADH_IDHM,7132,1991,0.277
ADH_IDHM,7132,2000,0.379
ADH_IDHM,7132,2010,0.548
ADH_IDHM,7133,1991,0.303
ADH_IDHM,7133,2000,0.432
ADH_IDHM,7133,2010,0.593
ADH_IDHM,7134,1991,0.228
ADH_IDHM,7134,2000,0.356
ADH_IDHM,7134,2010,0.53
ADH_IDHM,7135,1991,0.318
ADH_IDHM,7135,2000,0.437
ADH_IDHM,7135,2010,0.593
ADH_IDHM,7136,1991,0.285
ADH_IDHM,7136,2000,0.418
ADH_IDHM,7136,2010,0.591
ADH_IDHM,7137,1991,0.278
ADH_IDHM,7137,2000,0.398
ADH_IDHM,7137,2010,0.57
ADH_IDHM,7138,1991,0.293
ADH_IDHM,7138,2000,0.365
ADH_IDHM,7138,2010,0.537
ADH_IDHM,7139,1991,0.306
ADH_IDHM,7139,2000,0.474
ADH_IDHM,7139,2010,0.608
ADH_IDHM,7140,1991,0.309
ADH_IDHM,7140,2000,0.43899999999999995
ADH_IDHM,7140,2010,0.61
ADH_IDHM,7141,1991,0.397
ADH_IDHM,7141,2000,0.508
ADH_IDHM,7141,2010,0.635
ADH_IDHM,7142,1991,0.319
ADH_IDHM,7142,2000,0.416
ADH_IDHM,7142,2010,0.549
ADH_IDHM,7143,1991,0.401
ADH_IDHM,7143,2000,0.49900000000000005
ADH_IDHM,7143,2010,0.661
ADH_IDHM,7144,1991,0.259
ADH_IDHM,7144,2000,0.41
ADH_IDHM,7144,2010,0.595
ADH_IDHM,7145,1991,0.386
ADH_IDHM,7145,2000,0.485
ADH_IDHM,7145,2010,0.613
ADH_IDHM,7146,1991,0.293
ADH_IDHM,7146,2000,0.436
ADH_IDHM,7146,2010,0.597
ADH_IDHM,7147,1991,0.296
ADH_IDHM,7147,2000,0.44
ADH_IDHM,7147,2010,0.6
ADH_IDHM,7148,1991,0.28
ADH_IDHM,7148,2000,0.403
ADH_IDHM,7148,2010,0.585
ADH_IDHM,7149,1991,0.361
ADH_IDHM,7149,2000,0.475
ADH_IDHM,7149,2010,0.605
ADH_IDHM,7150,1991,0.259
ADH_IDHM,7150,2000,0.397
ADH_IDHM,7150,2010,0.554
ADH_IDHM,7151,1991,0.344
ADH_IDHM,7151,2000,0.411
ADH_IDHM,7151,2010,0.573
ADH_IDHM,7152,1991,0.358
ADH_IDHM,7152,2000,0.4799999999999999
ADH_IDHM,7152,2010,0.641
ADH_IDHM,7153,1991,0.285
ADH_IDHM,7153,2000,0.352
ADH_IDHM,7153,2010,0.545
ADH_IDHM,7154,1991,0.399
ADH_IDHM,7154,2000,0.494
ADH_IDHM,7154,2010,0.599
ADH_IDHM,7155,1991,0.367
ADH_IDHM,7155,2000,0.489
ADH_IDHM,7155,2010,0.618
ADH_IDHM,7156,1991,0.448
ADH_IDHM,7156,2000,0.481
ADH_IDHM,7156,2010,0.618
ADH_IDHM,7157,1991,0.336
ADH_IDHM,7157,2000,0.44399999999999995
ADH_IDHM,7157,2010,0.605
ADH_IDHM,7158,1991,0.313
ADH_IDHM,7158,2000,0.46199999999999997
ADH_IDHM,7158,2010,0.595
ADH_IDHM,7159,1991,0.225
ADH_IDHM,7159,2000,0.343
ADH_IDHM,7159,2010,0.519
ADH_IDHM,7160,1991,0.39199999999999996
ADH_IDHM,7160,2000,0.528
ADH_IDHM,7160,2010,0.634
ADH_IDHM,7161,1991,0.361
ADH_IDHM,7161,2000,0.472
ADH_IDHM,7161,2010,0.592
ADH_IDHM,7162,1991,0.356
ADH_IDHM,7162,2000,0.46
ADH_IDHM,7162,2010,0.605
ADH_IDHM,7163,1991,0.34
ADH_IDHM,7163,2000,0.452
ADH_IDHM,7163,2010,0.582
ADH_IDHM,7164,1991,0.306
ADH_IDHM,7164,2000,0.455
ADH_IDHM,7164,2010,0.605
ADH_IDHM,7165,1991,0.418
ADH_IDHM,7165,2000,0.519
ADH_IDHM,7165,2010,0.64
ADH_IDHM,8001,1991,0.28199792929483075
ADH_IDHM,8001,2000,0.37758162014976177
ADH_IDHM,8001,2010,0.5486537228838433
ADH_IDHM,8002,1991,0.302
ADH_IDHM,8002,2000,0.428
ADH_IDHM,8002,2010,0.568
ADH_IDHM,8003,1991,0.3438882273431215
ADH_IDHM,8003,2000,0.4627595570673807
ADH_IDHM,8003,2010,0.6371364057013188
ADH_IDHM,8004,1991,0.285
ADH_IDHM,8004,2000,0.40700000000000003
ADH_IDHM,8004,2010,0.561
ADH_IDHM,8005,1991,0.2650032786885246
ADH_IDHM,8005,2000,0.3966703608247423
ADH_IDHM,8005,2010,0.5782947570082496
ADH_IDHM,8006,1991,0.275
ADH_IDHM,8006,2000,0.44000000000000006
ADH_IDHM,8006,2010,0.615
ADH_IDHM,8007,1991,0.291
ADH_IDHM,8007,2000,0.401
ADH_IDHM,8007,2010,0.594
ADH_IDHM,8008,1991,0.298
ADH_IDHM,8008,2000,0.416
ADH_IDHM,8008,2010,0.593
ADH_IDHM,8009,1991,0.227
ADH_IDHM,8009,2000,0.33100000000000007
ADH_IDHM,8009,2010,0.517
ADH_IDHM,8010,1991,0.333
ADH_IDHM,8010,2000,0.42
ADH_IDHM,8010,2010,0.604
ADH_IDHM,8011,1991,0.197
ADH_IDHM,8011,2000,0.311
ADH_IDHM,8011,2010,0.513
ADH_IDHM,8012,1991,0.282
ADH_IDHM,8012,2000,0.359
ADH_IDHM,8012,2010,0.531
ADH_IDHM,8013,1991,0.288
ADH_IDHM,8013,2000,0.385
ADH_IDHM,8013,2010,0.562
ADH_IDHM,8014,1991,0.27800225538971807
ADH_IDHM,8014,2000,0.39826433091809593
ADH_IDHM,8014,2010,0.5601672222222223
ADH_IDHM,8015,1991,0.292
ADH_IDHM,8015,2000,0.393
ADH_IDHM,8015,2010,0.57
ADH_IDHM,8016,1991,0.214
ADH_IDHM,8016,2000,0.337
ADH_IDHM,8016,2010,0.524
ADH_IDHM,8017,1991,0.205
ADH_IDHM,8017,2000,0.306
ADH_IDHM,8017,2010,0.506
ADH_IDHM,8018,1991,0.288
ADH_IDHM,8018,2000,0.379
ADH_IDHM,8018,2010,0.573
ADH_IDHM,8019,1991,0.271
ADH_IDHM,8019,2000,0.356
ADH_IDHM,8019,2010,0.526
ADH_IDHM,8020,1991,0.287
ADH_IDHM,8020,2000,0.383
ADH_IDHM,8020,2010,0.575
ADH_IDHM,8021,1991,0.235
ADH_IDHM,8021,2000,0.354
ADH_IDHM,8021,2010,0.533
ADH_IDHM,8022,1991,0.255
ADH_IDHM,8022,2000,0.377
ADH_IDHM,8022,2010,0.517
ADH_IDHM,8023,1991,0.344
ADH_IDHM,8023,2000,0.46599999999999997
ADH_IDHM,8023,2010,0.586
ADH_IDHM,8024,1991,0.32112456595212746
ADH_IDHM,8024,2000,0.44598663109400516
ADH_IDHM,8024,2010,0.6037520201641149
ADH_IDHM,8025,1991,0.334
ADH_IDHM,8025,2000,0.436
ADH_IDHM,8025,2010,0.612
ADH_IDHM,8026,1991,0.261
ADH_IDHM,8026,2000,0.37
ADH_IDHM,8026,2010,0.532
ADH_IDHM,8027,1991,0.3849978757852471
ADH_IDHM,8027,2000,0.4510221679837917
ADH_IDHM,8027,2010,0.6175238019151097
ADH_IDHM,8028,1991,0.25
ADH_IDHM,8028,2000,0.371
ADH_IDHM,8028,2010,0.533
ADH_IDHM,8029,1991,0.329
ADH_IDHM,8029,2000,0.411
ADH_IDHM,8029,2010,0.565
ADH_IDHM,8030,1991,0.23200000000000004
ADH_IDHM,8030,2000,0.37300000000000005
ADH_IDHM,8030,2010,0.527
ADH_IDHM,8031,1991,0.24100000000000002
ADH_IDHM,8031,2000,0.335
ADH_IDHM,8031,2010,0.536
ADH_IDHM,8032,1991,0.266
ADH_IDHM,8032,2000,0.337
ADH_IDHM,8032,2010,0.518
ADH_IDHM,8033,1991,0.241
ADH_IDHM,8033,2000,0.36600000000000005
ADH_IDHM,8033,2010,0.564
ADH_IDHM,8034,1991,0.21999999999999997
ADH_IDHM,8034,2000,0.374
ADH_IDHM,8034,2010,0.568
ADH_IDHM,8035,1991,0.18899999999999997
ADH_IDHM,8035,2000,0.281
ADH_IDHM,8035,2010,0.484
ADH_IDHM,8036,1991,0.296
ADH_IDHM,8036,2000,0.4
ADH_IDHM,8036,2010,0.583
ADH_IDHM,8037,1991,0.229
ADH_IDHM,8037,2000,0.358
ADH_IDHM,8037,2010,0.548
ADH_IDHM,8038,1991,0.33099999999999996
ADH_IDHM,8038,2000,0.414
ADH_IDHM,8038,2010,0.57
ADH_IDHM,8039,1991,0.221
ADH_IDHM,8039,2000,0.386
ADH_IDHM,8039,2010,0.552
ADH_IDHM,8040,1991,0.223
ADH_IDHM,8040,2000,0.349
ADH_IDHM,8040,2010,0.531
ADH_IDHM,8041,1991,0.281
ADH_IDHM,8041,2000,0.42599999999999993
ADH_IDHM,8041,2010,0.575
ADH_IDHM,8042,1991,0.248
ADH_IDHM,8042,2000,0.383
ADH_IDHM,8042,2010,0.552
ADH_IDHM,8043,1991,0.21400000000000002
ADH_IDHM,8043,2000,0.369
ADH_IDHM,8043,2010,0.58
ADH_IDHM,8044,1991,0.507
ADH_IDHM,8044,2000,0.584
ADH_IDHM,8044,2010,0.721
ADH_IDHM,8045,1991,0.281
ADH_IDHM,8045,2000,0.365
ADH_IDHM,8045,2010,0.566
ADH_IDHM,8046,1991,0.278
ADH_IDHM,8046,2000,0.419
ADH_IDHM,8046,2010,0.574
ADH_IDHM,8047,1991,0.3
ADH_IDHM,8047,2000,0.343
ADH_IDHM,8047,2010,0.569
ADH_IDHM,8048,1991,0.3489999999999999
ADH_IDHM,8048,2000,0.4630000000000001
ADH_IDHM,8048,2010,0.642
ADH_IDHM,8049,1991,0.327
ADH_IDHM,8049,2000,0.452
ADH_IDHM,8049,2010,0.597
ADH_IDHM,8050,1991,0.274
ADH_IDHM,8050,2000,0.412
ADH_IDHM,8050,2010,0.577
ADH_IDHM,8051,1991,0.253
ADH_IDHM,8051,2000,0.356
ADH_IDHM,8051,2010,0.504
ADH_IDHM,8052,1991,0.332
ADH_IDHM,8052,2000,0.394
ADH_IDHM,8052,2010,0.584
ADH_IDHM,8053,1991,0.306
ADH_IDHM,8053,2000,0.379
ADH_IDHM,8053,2010,0.568
ADH_IDHM,8054,1991,0.263
ADH_IDHM,8054,2000,0.384
ADH_IDHM,8054,2010,0.563
ADH_IDHM,8055,1991,0.251
ADH_IDHM,8055,2000,0.37999999999999995
ADH_IDHM,8055,2010,0.539
ADH_IDHM,8056,1991,0.273
ADH_IDHM,8056,2000,0.391
ADH_IDHM,8056,2010,0.527
ADH_IDHM,8057,1991,0.281
ADH_IDHM,8057,2000,0.355
ADH_IDHM,8057,2010,0.521
ADH_IDHM,8058,1991,0.322
ADH_IDHM,8058,2000,0.405
ADH_IDHM,8058,2010,0.565
ADH_IDHM,8059,1991,0.259
ADH_IDHM,8059,2000,0.36199999999999993
ADH_IDHM,8059,2010,0.525
ADH_IDHM,8060,1991,0.23799999999999996
ADH_IDHM,8060,2000,0.368
ADH_IDHM,8060,2010,0.503
ADH_IDHM,8061,1991,0.217
ADH_IDHM,8061,2000,0.301
ADH_IDHM,8061,2010,0.49300000000000005
ADH_IDHM,8062,1991,0.291
ADH_IDHM,8062,2000,0.396
ADH_IDHM,8062,2010,0.547
ADH_IDHM,8063,1991,0.317
ADH_IDHM,8063,2000,0.402
ADH_IDHM,8063,2010,0.558
ADH_IDHM,8064,1991,0.345
ADH_IDHM,8064,2000,0.43400000000000005
ADH_IDHM,8064,2010,0.593
ADH_IDHM,8065,1991,0.249
ADH_IDHM,8065,2000,0.382
ADH_IDHM,8065,2010,0.533
ADH_IDHM,8066,1991,0.282
ADH_IDHM,8066,2000,0.42
ADH_IDHM,8066,2010,0.589
ADH_IDHM,8067,1991,0.411
ADH_IDHM,8067,2000,0.495
ADH_IDHM,8067,2010,0.63
ADH_IDHM,8068,1991,0.316
ADH_IDHM,8068,2000,0.417
ADH_IDHM,8068,2010,0.572
ADH_IDHM,8069,1991,0.325
ADH_IDHM,8069,2000,0.418
ADH_IDHM,8069,2010,0.61
ADH_IDHM,8070,1991,0.252
ADH_IDHM,8070,2000,0.355
ADH_IDHM,8070,2010,0.574
ADH_IDHM,8071,1991,0.398
ADH_IDHM,8071,2000,0.432
ADH_IDHM,8071,2010,0.589
ADH_IDHM,8072,1991,0.23999999999999996
ADH_IDHM,8072,2000,0.313
ADH_IDHM,8072,2010,0.526
ADH_IDHM,8073,1991,0.322
ADH_IDHM,8073,2000,0.423
ADH_IDHM,8073,2010,0.586
ADH_IDHM,8074,1991,0.255
ADH_IDHM,8074,2000,0.344
ADH_IDHM,8074,2010,0.541
ADH_IDHM,8075,1991,0.274
ADH_IDHM,8075,2000,0.378
ADH_IDHM,8075,2010,0.551
ADH_IDHM,8076,1991,0.3
ADH_IDHM,8076,2000,0.384
ADH_IDHM,8076,2010,0.559
ADH_IDHM,8077,1991,0.389
ADH_IDHM,8077,2000,0.505
ADH_IDHM,8077,2010,0.643
ADH_IDHM,8078,1991,0.219
ADH_IDHM,8078,2000,0.33899999999999997
ADH_IDHM,8078,2010,0.505
ADH_IDHM,8079,1991,0.375
ADH_IDHM,8079,2000,0.434
ADH_IDHM,8079,2010,0.597
ADH_IDHM,8080,1991,0.32045130876244476
ADH_IDHM,8080,2000,0.39676877899147095
ADH_IDHM,8080,2010,0.5745728280929301
ADH_IDHM,8081,1991,0.266
ADH_IDHM,8081,2000,0.3559999999999999
ADH_IDHM,8081,2010,0.519
ADH_IDHM,8082,1991,0.304
ADH_IDHM,8082,2000,0.436
ADH_IDHM,8082,2010,0.572
ADH_IDHM,8083,1991,0.304
ADH_IDHM,8083,2000,0.4020000000000001
ADH_IDHM,8083,2010,0.573
ADH_IDHM,8084,1991,0.204
ADH_IDHM,8084,2000,0.319
ADH_IDHM,8084,2010,0.527
ADH_IDHM,8085,1991,0.267
ADH_IDHM,8085,2000,0.396
ADH_IDHM,8085,2010,0.536
ADH_IDHM,8086,1991,0.337
ADH_IDHM,8086,2000,0.444
ADH_IDHM,8086,2010,0.591
ADH_IDHM,8087,1991,0.24600000000000002
ADH_IDHM,8087,2000,0.351
ADH_IDHM,8087,2010,0.549
ADH_IDHM,8088,1991,0.416
ADH_IDHM,8088,2000,0.543
ADH_IDHM,8088,2010,0.6599999999999999
ADH_IDHM,8089,1991,0.26
ADH_IDHM,8089,2000,0.395
ADH_IDHM,8089,2010,0.555
ADH_IDHM,8090,1991,0.279
ADH_IDHM,8090,2000,0.375
ADH_IDHM,8090,2010,0.541
ADH_IDHM,8091,1991,0.24800000000000003
ADH_IDHM,8091,2000,0.32
ADH_IDHM,8091,2010,0.532
ADH_IDHM,8092,1991,0.312
ADH_IDHM,8092,2000,0.406
ADH_IDHM,8092,2010,0.593
ADH_IDHM,8093,1991,0.306
ADH_IDHM,8093,2000,0.4149999999999999
ADH_IDHM,8093,2010,0.586
ADH_IDHM,9001,1991,0.314
ADH_IDHM,9001,2000,0.42
ADH_IDHM,9001,2010,0.611
ADH_IDHM,9002,1991,0.325
ADH_IDHM,9002,2000,0.428
ADH_IDHM,9002,2010,0.578
ADH_IDHM,9003,1991,0.545
ADH_IDHM,9003,2000,0.648
ADH_IDHM,9003,2010,0.77
ADH_IDHM,9004,1991,0.308
ADH_IDHM,9004,2000,0.448
ADH_IDHM,9004,2010,0.595
ADH_IDHM,9005,1991,0.293
ADH_IDHM,9005,2000,0.44
ADH_IDHM,9005,2010,0.579
ADH_IDHM,9006,1991,0.4030000000000001
ADH_IDHM,9006,2000,0.527
ADH_IDHM,9006,2010,0.649
ADH_IDHM,9007,1991,0.376
ADH_IDHM,9007,2000,0.43500000000000005
ADH_IDHM,9007,2010,0.604
ADH_IDHM,9008,1991,0.284
ADH_IDHM,9008,2000,0.377
ADH_IDHM,9008,2010,0.54
ADH_IDHM,9009,1991,0.343
ADH_IDHM,9009,2000,0.468
ADH_IDHM,9009,2010,0.621
ADH_IDHM,9010,1991,0.318
ADH_IDHM,9010,2000,0.411
ADH_IDHM,9010,2010,0.569
ADH_IDHM,9011,1991,0.233
ADH_IDHM,9011,2000,0.381
ADH_IDHM,9011,2010,0.567
ADH_IDHM,9012,1991,0.35
ADH_IDHM,9012,2000,0.444
ADH_IDHM,9012,2010,0.615
ADH_IDHM,9013,1991,0.268
ADH_IDHM,9013,2000,0.397
ADH_IDHM,9013,2010,0.588
ADH_IDHM,9014,1991,0.404
ADH_IDHM,9014,2000,0.507
ADH_IDHM,9014,2010,0.643
ADH_IDHM,9015,1991,0.445
ADH_IDHM,9015,2000,0.524
ADH_IDHM,9015,2010,0.623
ADH_IDHM,9016,1991,0.279
ADH_IDHM,9016,2000,0.398
ADH_IDHM,9016,2010,0.553
ADH_IDHM,9017,1991,0.316
ADH_IDHM,9017,2000,0.448
ADH_IDHM,9017,2010,0.604
ADH_IDHM,9018,1991,0.399
ADH_IDHM,9018,2000,0.43599999999999994
ADH_IDHM,9018,2010,0.61
ADH_IDHM,9019,1991,0.374
ADH_IDHM,9019,2000,0.479
ADH_IDHM,9019,2010,0.647
ADH_IDHM,9020,1991,0.287
ADH_IDHM,9020,2000,0.43199999999999994
ADH_IDHM,9020,2010,0.584
ADH_IDHM,9021,1991,0.367
ADH_IDHM,9021,2000,0.457
ADH_IDHM,9021,2010,0.589
ADH_IDHM,9022,1991,0.249
ADH_IDHM,9022,2000,0.391
ADH_IDHM,9022,2010,0.564
ADH_IDHM,9023,1991,0.41
ADH_IDHM,9023,2000,0.493
ADH_IDHM,9023,2010,0.645
ADH_IDHM,9024,1991,0.3
ADH_IDHM,9024,2000,0.458
ADH_IDHM,9024,2010,0.577
ADH_IDHM,9025,1991,0.318
ADH_IDHM,9025,2000,0.421
ADH_IDHM,9025,2010,0.562
ADH_IDHM,9026,1991,0.235
ADH_IDHM,9026,2000,0.38
ADH_IDHM,9026,2010,0.58
ADH_IDHM,9027,1991,0.399
ADH_IDHM,9027,2000,0.481
ADH_IDHM,9027,2010,0.642
ADH_IDHM,9028,1991,0.267
ADH_IDHM,9028,2000,0.38
ADH_IDHM,9028,2010,0.556
ADH_IDHM,9029,1991,0.341
ADH_IDHM,9029,2000,0.454
ADH_IDHM,9029,2010,0.602
ADH_IDHM,9030,1991,0.26
ADH_IDHM,9030,2000,0.42000000000000004
ADH_IDHM,9030,2010,0.561
ADH_IDHM,9031,1991,0.37100000000000005
ADH_IDHM,9031,2000,0.48
ADH_IDHM,9031,2010,0.621
ADH_IDHM,9032,1991,0.284
ADH_IDHM,9032,2000,0.4060000000000001
ADH_IDHM,9032,2010,0.56
ADH_IDHM,9033,1991,0.341
ADH_IDHM,9033,2000,0.447
ADH_IDHM,9033,2010,0.625
ADH_IDHM,9034,1991,0.354
ADH_IDHM,9034,2000,0.47
ADH_IDHM,9034,2010,0.642
ADH_IDHM,9035,1991,0.311
ADH_IDHM,9035,2000,0.446
ADH_IDHM,9035,2010,0.583
ADH_IDHM,9036,1991,0.36
ADH_IDHM,9036,2000,0.458
ADH_IDHM,9036,2010,0.599
ADH_IDHM,9037,1991,0.366
ADH_IDHM,9037,2000,0.453
ADH_IDHM,9037,2010,0.587
ADH_IDHM,9038,1991,0.361
ADH_IDHM,9038,2000,0.469
ADH_IDHM,9038,2010,0.618
ADH_IDHM,9039,1991,0.337
ADH_IDHM,9039,2000,0.459
ADH_IDHM,9039,2010,0.587
ADH_IDHM,9040,1991,0.251
ADH_IDHM,9040,2000,0.39
ADH_IDHM,9040,2010,0.553
ADH_IDHM,9041,1991,0.312
ADH_IDHM,9041,2000,0.44
ADH_IDHM,9041,2010,0.626
ADH_IDHM,9042,1991,0.39199518961330104
ADH_IDHM,9042,2000,0.45358743125202206
ADH_IDHM,9042,2010,0.5892755245850297
ADH_IDHM,9043,1991,0.266
ADH_IDHM,9043,2000,0.378
ADH_IDHM,9043,2010,0.577
ADH_IDHM,9044,1991,0.319
ADH_IDHM,9044,2000,0.43199999999999994
ADH_IDHM,9044,2010,0.587
ADH_IDHM,9045,1991,0.342
ADH_IDHM,9045,2000,0.44100000000000006
ADH_IDHM,9045,2010,0.6
ADH_IDHM,9046,1991,0.34
ADH_IDHM,9046,2000,0.459
ADH_IDHM,9046,2010,0.598
ADH_IDHM,9047,1991,0.396
ADH_IDHM,9047,2000,0.51
ADH_IDHM,9047,2010,0.664
ADH_IDHM,9048,1991,0.281
ADH_IDHM,9048,2000,0.36799999999999994
ADH_IDHM,9048,2010,0.555
ADH_IDHM,9049,1991,0.292
ADH_IDHM,9049,2000,0.45
ADH_IDHM,9049,2010,0.593
ADH_IDHM,9050,1991,0.36800000000000005
ADH_IDHM,9050,2000,0.425
ADH_IDHM,9050,2010,0.592
ADH_IDHM,9051,1991,0.313
ADH_IDHM,9051,2000,0.432
ADH_IDHM,9051,2010,0.583
ADH_IDHM,9052,1991,0.379
ADH_IDHM,9052,2000,0.46
ADH_IDHM,9052,2010,0.603
ADH_IDHM,9053,1991,0.228
ADH_IDHM,9053,2000,0.36299999999999993
ADH_IDHM,9053,2010,0.529
ADH_IDHM,9054,1991,0.287
ADH_IDHM,9054,2000,0.421
ADH_IDHM,9054,2010,0.561
ADH_IDHM,9055,1991,0.256
ADH_IDHM,9055,2000,0.387
ADH_IDHM,9055,2010,0.568
ADH_IDHM,9056,1991,0.42300000000000004
ADH_IDHM,9056,2000,0.551
ADH_IDHM,9056,2010,0.661
ADH_IDHM,9057,1991,0.253
ADH_IDHM,9057,2000,0.385
ADH_IDHM,9057,2010,0.539
ADH_IDHM,9058,1991,0.38400000000000006
ADH_IDHM,9058,2000,0.48
ADH_IDHM,9058,2010,0.617
ADH_IDHM,9059,1991,0.364
ADH_IDHM,9059,2000,0.466
ADH_IDHM,9059,2010,0.613
ADH_IDHM,9060,1991,0.38800000000000007
ADH_IDHM,9060,2000,0.49199999999999994
ADH_IDHM,9060,2010,0.631
ADH_IDHM,9061,1991,0.297
ADH_IDHM,9061,2000,0.428
ADH_IDHM,9061,2010,0.609
ADH_IDHM,9062,1991,0.241
ADH_IDHM,9062,2000,0.349
ADH_IDHM,9062,2010,0.545
ADH_IDHM,9063,1991,0.258
ADH_IDHM,9063,2000,0.448
ADH_IDHM,9063,2010,0.592
ADH_IDHM,9064,1991,0.329
ADH_IDHM,9064,2000,0.496
ADH_IDHM,9064,2010,0.637
ADH_IDHM,9065,1991,0.40299999999999997
ADH_IDHM,9065,2000,0.529
ADH_IDHM,9065,2010,0.662
ADH_IDHM,9066,1991,0.272
ADH_IDHM,9066,2000,0.402
ADH_IDHM,9066,2010,0.588
ADH_IDHM,9067,1991,0.367
ADH_IDHM,9067,2000,0.444
ADH_IDHM,9067,2010,0.587
ADH_IDHM,9068,1991,0.273
ADH_IDHM,9068,2000,0.383
ADH_IDHM,9068,2010,0.567
ADH_IDHM,9069,1991,0.315
ADH_IDHM,9069,2000,0.423
ADH_IDHM,9069,2010,0.604
ADH_IDHM,9070,1991,0.322
ADH_IDHM,9070,2000,0.472
ADH_IDHM,9070,2010,0.609
ADH_IDHM,9071,1991,0.335
ADH_IDHM,9071,2000,0.45300000000000007
ADH_IDHM,9071,2010,0.604
ADH_IDHM,9072,1991,0.29
ADH_IDHM,9072,2000,0.4069999999999999
ADH_IDHM,9072,2010,0.557
ADH_IDHM,9073,1991,0.244
ADH_IDHM,9073,2000,0.35
ADH_IDHM,9073,2010,0.551
ADH_IDHM,9074,1991,0.292
ADH_IDHM,9074,2000,0.408
ADH_IDHM,9074,2010,0.579
ADH_IDHM,10001,1991,0.352
ADH_IDHM,10001,2000,0.495
ADH_IDHM,10001,2010,0.603
ADH_IDHM,10002,1991,0.332
ADH_IDHM,10002,2000,0.422
ADH_IDHM,10002,2010,0.575
ADH_IDHM,10003,1991,0.285
ADH_IDHM,10003,2000,0.422
ADH_IDHM,10003,2010,0.5820000000000001
ADH_IDHM,10004,1991,0.2669071487884049
ADH_IDHM,10004,2000,0.3847149634411758
ADH_IDHM,10004,2010,0.5658049218031279
ADH_IDHM,10005,1991,0.23000000000000004
ADH_IDHM,10005,2000,0.382
ADH_IDHM,10005,2010,0.55
ADH_IDHM,10006,1991,0.285
ADH_IDHM,10006,2000,0.379
ADH_IDHM,10006,2010,0.584
ADH_IDHM,10007,1991,0.293
ADH_IDHM,10007,2000,0.43600000000000005
ADH_IDHM,10007,2010,0.583
ADH_IDHM,10008,1991,0.4380039417009711
ADH_IDHM,10008,2000,0.5354175041460546
ADH_IDHM,10008,2010,0.6744898508240506
ADH_IDHM,10009,1991,0.3618202403003259
ADH_IDHM,10009,2000,0.5250000311560451
ADH_IDHM,10009,2010,0.674738446983936
ADH_IDHM,10010,1991,0.261
ADH_IDHM,10010,2000,0.405
ADH_IDHM,10010,2010,0.563
ADH_IDHM,10011,1991,0.375
ADH_IDHM,10011,2000,0.487
ADH_IDHM,10011,2010,0.625
ADH_IDHM,10012,1991,0.379
ADH_IDHM,10012,2000,0.513
ADH_IDHM,10012,2010,0.666
ADH_IDHM,10013,1991,0.34473107998814867
ADH_IDHM,10013,2000,0.4767180650483149
ADH_IDHM,10013,2010,0.6335575071926004
ADH_IDHM,10014,1991,0.191
ADH_IDHM,10014,2000,0.308
ADH_IDHM,10014,2010,0.54
ADH_IDHM,10015,1991,0.27606434174694144
ADH_IDHM,10015,2000,0.3761504440497335
ADH_IDHM,10015,2010,0.5593833772847141
ADH_IDHM,10016,1991,0.33039631776202644
ADH_IDHM,10016,2000,0.49736270764219076
ADH_IDHM,10016,2010,0.6533437573874574
ADH_IDHM,10017,1991,0.312
ADH_IDHM,10017,2000,0.426
ADH_IDHM,10017,2010,0.625
ADH_IDHM,10018,1991,0.285
ADH_IDHM,10018,2000,0.427
ADH_IDHM,10018,2010,0.589
ADH_IDHM,10019,1991,0.2822671019017882
ADH_IDHM,10019,2000,0.4330605778858532
ADH_IDHM,10019,2010,0.5741953740310681
ADH_IDHM,10020,1991,0.249
ADH_IDHM,10020,2000,0.39499999999999996
ADH_IDHM,10020,2010,0.561
ADH_IDHM,10021,1991,0.284
ADH_IDHM,10021,2000,0.422
ADH_IDHM,10021,2010,0.598
ADH_IDHM,10022,1991,0.2839999999999999
ADH_IDHM,10022,2000,0.398
ADH_IDHM,10022,2010,0.548
ADH_IDHM,10023,1991,0.2994044535187903
ADH_IDHM,10023,2000,0.43170348105948503
ADH_IDHM,10023,2010,0.5764280485719172
ADH_IDHM,10024,1991,0.237
ADH_IDHM,10024,2000,0.342
ADH_IDHM,10024,2010,0.581
ADH_IDHM,10025,1991,0.244
ADH_IDHM,10025,2000,0.362
ADH_IDHM,10025,2010,0.534
ADH_IDHM,10026,1991,0.33
ADH_IDHM,10026,2000,0.45400000000000007
ADH_IDHM,10026,2010,0.588
ADH_IDHM,10027,1991,0.2546325667318144
ADH_IDHM,10027,2000,0.36758450057675557
ADH_IDHM,10027,2010,0.5596988000695613
ADH_IDHM,10028,1991,0.293
ADH_IDHM,10028,2000,0.435
ADH_IDHM,10028,2010,0.575
ADH_IDHM,10029,1991,0.263
ADH_IDHM,10029,2000,0.365
ADH_IDHM,10029,2010,0.568
ADH_IDHM,10030,1991,0.259
ADH_IDHM,10030,2000,0.383
ADH_IDHM,10030,2010,0.589
ADH_IDHM,10031,1991,0.269
ADH_IDHM,10031,2000,0.42199999999999993
ADH_IDHM,10031,2010,0.585
ADH_IDHM,10032,1991,0.30248925886143935
ADH_IDHM,10032,2000,0.4389267579145335
ADH_IDHM,10032,2010,0.5966194296501044
ADH_IDHM,10033,1991,0.27015771756707696
ADH_IDHM,10033,2000,0.3664650256150425
ADH_IDHM,10033,2010,0.5579422579138099
ADH_IDHM,10034,1991,0.293
ADH_IDHM,10034,2000,0.412
ADH_IDHM,10034,2010,0.575
ADH_IDHM,10035,1991,0.219
ADH_IDHM,10035,2000,0.316
ADH_IDHM,10035,2010,0.551
ADH_IDHM,10036,1991,0.317
ADH_IDHM,10036,2000,0.468
ADH_IDHM,10036,2010,0.63
ADH_IDHM,10037,1991,0.22299999999999998
ADH_IDHM,10037,2000,0.38600000000000007
ADH_IDHM,10037,2010,0.577
ADH_IDHM,10038,1991,0.4079998164959359
ADH_IDHM,10038,2000,0.5719998103905954
ADH_IDHM,10038,2010,0.7194786009355446
ADH_IDHM,10039,1991,0.2900832659893789
ADH_IDHM,10039,2000,0.42601649734916924
ADH_IDHM,10039,2010,0.5942252448313384
ADH_IDHM,10040,1991,0.38799863183097855
ADH_IDHM,10040,2000,0.4879991947792854
ADH_IDHM,10040,2010,0.6302553846492145
ADH_IDHM,10041,1991,0.226
ADH_IDHM,10041,2000,0.421
ADH_IDHM,10041,2010,0.602
ADH_IDHM,10042,1991,0.31
ADH_IDHM,10042,2000,0.44099999999999995
ADH_IDHM,10042,2010,0.598
ADH_IDHM,10043,1991,0.252
ADH_IDHM,10043,2000,0.378
ADH_IDHM,10043,2010,0.575
ADH_IDHM,10044,1991,0.277
ADH_IDHM,10044,2000,0.396
ADH_IDHM,10044,2010,0.538
ADH_IDHM,10045,1991,0.20972881902830276
ADH_IDHM,10045,2000,0.3062870309414088
ADH_IDHM,10045,2010,0.5507842426113125
ADH_IDHM,10046,1991,0.23
ADH_IDHM,10046,2000,0.365
ADH_IDHM,10046,2010,0.551
ADH_IDHM,10047,1991,0.3103871525673934
ADH_IDHM,10047,2000,0.4503653225071629
ADH_IDHM,10047,2010,0.6140233091967753
ADH_IDHM,10048,1991,0.24630019586136423
ADH_IDHM,10048,2000,0.3879475741617619
ADH_IDHM,10048,2010,0.5830780243378669
ADH_IDHM,10049,1991,0.299
ADH_IDHM,10049,2000,0.436
ADH_IDHM,10049,2010,0.612
ADH_IDHM,10050,1991,0.2818764556253063
ADH_IDHM,10050,2000,0.40387277407376154
ADH_IDHM,10050,2010,0.5799893195727829
ADH_IDHM,10051,1991,0.304
ADH_IDHM,10051,2000,0.414
ADH_IDHM,10051,2010,0.603
ADH_IDHM,10052,1991,0.2739026939225842
ADH_IDHM,10052,2000,0.40275997478899483
ADH_IDHM,10052,2010,0.5847356401384082
ADH_IDHM,10053,1991,0.299
ADH_IDHM,10053,2000,0.43700000000000006
ADH_IDHM,10053,2010,0.597
ADH_IDHM,10054,1991,0.271
ADH_IDHM,10054,2000,0.414
ADH_IDHM,10054,2010,0.592
ADH_IDHM,10055,1991,0.274
ADH_IDHM,10055,2000,0.404
ADH_IDHM,10055,2010,0.57
ADH_IDHM,10056,1991,0.387
ADH_IDHM,10056,2000,0.519
ADH_IDHM,10056,2010,0.656
ADH_IDHM,10057,1991,0.29034279055628737
ADH_IDHM,10057,2000,0.4055341914087176
ADH_IDHM,10057,2010,0.5972555509868421
ADH_IDHM,10058,1991,0.262
ADH_IDHM,10058,2000,0.348
ADH_IDHM,10058,2010,0.561
ADH_IDHM,10059,1991,0.34741516245487364
ADH_IDHM,10059,2000,0.4818786993137192
ADH_IDHM,10059,2010,0.6303882447107688
ADH_IDHM,10060,1991,0.399
ADH_IDHM,10060,2000,0.516
ADH_IDHM,10060,2010,0.647
ADH_IDHM,10061,1991,0.356
ADH_IDHM,10061,2000,0.501
ADH_IDHM,10061,2010,0.637
ADH_IDHM,10062,1991,0.272
ADH_IDHM,10062,2000,0.387
ADH_IDHM,10062,2010,0.546
ADH_IDHM,10063,1991,0.3051357140075548
ADH_IDHM,10063,2000,0.43348591260343294
ADH_IDHM,10063,2010,0.6068594281436638
ADH_IDHM,10064,1991,0.23647236290763346
ADH_IDHM,10064,2000,0.39032911027006223
ADH_IDHM,10064,2010,0.5765153778260573
ADH_IDHM,10065,1991,0.259
ADH_IDHM,10065,2000,0.437
ADH_IDHM,10065,2010,0.627
ADH_IDHM,10066,1991,0.24020508700660886
ADH_IDHM,10066,2000,0.3807642922118816
ADH_IDHM,10066,2010,0.5769030212871462
ADH_IDHM,10067,1991,0.316
ADH_IDHM,10067,2000,0.44099999999999995
ADH_IDHM,10067,2010,0.581
ADH_IDHM,10068,1991,0.42070558112892426
ADH_IDHM,10068,2000,0.5485916980585338
ADH_IDHM,10068,2010,0.6901348372709349
ADH_IDHM,10069,1991,0.2557844988472939
ADH_IDHM,10069,2000,0.3662309907241727
ADH_IDHM,10069,2010,0.5674748469797827
ADH_IDHM,10070,1991,0.273
ADH_IDHM,10070,2000,0.365
ADH_IDHM,10070,2010,0.557
ADH_IDHM,10071,1991,0.24752381728314596
ADH_IDHM,10071,2000,0.40371575405483556
ADH_IDHM,10071,2010,0.5715649636433218
ADH_IDHM,10072,1991,0.285
ADH_IDHM,10072,2000,0.435
ADH_IDHM,10072,2010,0.565
ADH_IDHM,10073,1991,0.29517761157728323
ADH_IDHM,10073,2000,0.41993297394079754
ADH_IDHM,10073,2010,0.5800679509632224
ADH_IDHM,10074,1991,0.315
ADH_IDHM,10074,2000,0.453
ADH_IDHM,10074,2010,0.587
ADH_IDHM,10075,1991,0.408
ADH_IDHM,10075,2000,0.548
ADH_IDHM,10075,2010,0.691
ADH_IDHM,10076,1991,0.333
ADH_IDHM,10076,2000,0.463
ADH_IDHM,10076,2010,0.591
ADH_IDHM,10077,1991,0.236
ADH_IDHM,10077,2000,0.423
ADH_IDHM,10077,2010,0.601
ADH_IDHM,10078,1991,0.251
ADH_IDHM,10078,2000,0.349
ADH_IDHM,10078,2010,0.557
ADH_IDHM,10079,1991,0.25637039070363254
ADH_IDHM,10079,2000,0.4021006267924193
ADH_IDHM,10079,2010,0.565907818552922
ADH_IDHM,10080,1991,0.30123054284211587
ADH_IDHM,10080,2000,0.45627459288081856
ADH_IDHM,10080,2010,0.6100708924575864
ADH_IDHM,10081,1991,0.30746275303907333
ADH_IDHM,10081,2000,0.45029577616429695
ADH_IDHM,10081,2010,0.6161045493241152
ADH_IDHM,10082,1991,0.19723804505335266
ADH_IDHM,10082,2000,0.33857804191429464
ADH_IDHM,10082,2010,0.5381278485193204
ADH_IDHM,10083,1991,0.271
ADH_IDHM,10083,2000,0.473
ADH_IDHM,10083,2010,0.616
ADH_IDHM,10084,1991,0.27
ADH_IDHM,10084,2000,0.382
ADH_IDHM,10084,2010,0.552
ADH_IDHM,10085,1991,0.25834919142534785
ADH_IDHM,10085,2000,0.3931648312292954
ADH_IDHM,10085,2010,0.5781469737298923
ADH_IDHM,10086,1991,0.28
ADH_IDHM,10086,2000,0.373
ADH_IDHM,10086,2010,0.57
ADH_IDHM,10087,1991,0.30180676470081197
ADH_IDHM,10087,2000,0.4069944927332231
ADH_IDHM,10087,2010,0.5891849593141781
ADH_IDHM,10088,1991,0.294
ADH_IDHM,10088,2000,0.426
ADH_IDHM,10088,2010,0.582
ADH_IDHM,10089,1991,0.404
ADH_IDHM,10089,2000,0.536
ADH_IDHM,10089,2010,0.677
ADH_IDHM,10090,1991,0.323
ADH_IDHM,10090,2000,0.453
ADH_IDHM,10090,2010,0.596
ADH_IDHM,10091,1991,0.305
ADH_IDHM,10091,2000,0.42599999999999993
ADH_IDHM,10091,2010,0.6
ADH_IDHM,10092,1991,0.2663617324659121
ADH_IDHM,10092,2000,0.39655821416964576
ADH_IDHM,10092,2010,0.575812139654068
ADH_IDHM,10093,1991,0.348
ADH_IDHM,10093,2000,0.444
ADH_IDHM,10093,2010,0.601
ADH_IDHM,10094,1991,0.354
ADH_IDHM,10094,2000,0.433
ADH_IDHM,10094,2010,0.613
ADH_IDHM,10095,1991,0.26
ADH_IDHM,10095,2000,0.413
ADH_IDHM,10095,2010,0.596
ADH_IDHM,10096,1991,0.365
ADH_IDHM,10096,2000,0.496
ADH_IDHM,10096,2010,0.634
ADH_IDHM,10097,1991,0.356
ADH_IDHM,10097,2000,0.48199999999999993
ADH_IDHM,10097,2010,0.606
ADH_IDHM,10098,1991,0.313
ADH_IDHM,10098,2000,0.446
ADH_IDHM,10098,2010,0.611
ADH_IDHM,10099,1991,0.397
ADH_IDHM,10099,2000,0.531
ADH_IDHM,10099,2010,0.6630000000000001
ADH_IDHM,10100,1991,0.258
ADH_IDHM,10100,2000,0.398
ADH_IDHM,10100,2010,0.56
ADH_IDHM,10101,1991,0.27313930084745763
ADH_IDHM,10101,2000,0.3832555451219117
ADH_IDHM,10101,2010,0.577043720248993
ADH_IDHM,10102,1991,0.299
ADH_IDHM,10102,2000,0.417
ADH_IDHM,10102,2010,0.577
ADH_IDHM,10103,1991,0.309
ADH_IDHM,10103,2000,0.43400000000000005
ADH_IDHM,10103,2010,0.592
ADH_IDHM,10104,1991,0.265
ADH_IDHM,10104,2000,0.386
ADH_IDHM,10104,2010,0.579
ADH_IDHM,10105,1991,0.3112589042671472
ADH_IDHM,10105,2000,0.42540518843380665
ADH_IDHM,10105,2010,0.6186025223907877
ADH_IDHM,10106,1991,0.176
ADH_IDHM,10106,2000,0.328
ADH_IDHM,10106,2010,0.535
ADH_IDHM,10107,1991,0.26604063279341006
ADH_IDHM,10107,2000,0.42488312006067874
ADH_IDHM,10107,2010,0.6052308686788325
ADH_IDHM,10108,1991,0.27614235938277754
ADH_IDHM,10108,2000,0.4009592939347963
ADH_IDHM,10108,2010,0.5947796791853298
ADH_IDHM,10109,1991,0.287
ADH_IDHM,10109,2000,0.442
ADH_IDHM,10109,2010,0.599
ADH_IDHM,10110,1991,0.251
ADH_IDHM,10110,2000,0.366
ADH_IDHM,10110,2010,0.543
ADH_IDHM,10111,1991,0.282
ADH_IDHM,10111,2000,0.427
ADH_IDHM,10111,2010,0.614
ADH_IDHM,10112,1991,0.45100000000000007
ADH_IDHM,10112,2000,0.574
ADH_IDHM,10112,2010,0.699
ADH_IDHM,10113,1991,0.291
ADH_IDHM,10113,2000,0.424
ADH_IDHM,10113,2010,0.581
ADH_IDHM,10114,1991,0.203
ADH_IDHM,10114,2000,0.348
ADH_IDHM,10114,2010,0.54
ADH_IDHM,10115,1991,0.31
ADH_IDHM,10115,2000,0.434
ADH_IDHM,10115,2010,0.591
ADH_IDHM,10116,1991,0.326
ADH_IDHM,10116,2000,0.469
ADH_IDHM,10116,2010,0.632
ADH_IDHM,10117,1991,0.341
ADH_IDHM,10117,2000,0.472
ADH_IDHM,10117,2010,0.623
ADH_IDHM,10118,1991,0.22350730831165616
ADH_IDHM,10118,2000,0.3605865593961889
ADH_IDHM,10118,2010,0.542936974789916
ADH_IDHM,10119,1991,0.298
ADH_IDHM,10119,2000,0.451
ADH_IDHM,10119,2010,0.615
ADH_IDHM,10120,1991,0.336
ADH_IDHM,10120,2000,0.435
ADH_IDHM,10120,2010,0.589
ADH_IDHM,10121,1991,0.3870826414115205
ADH_IDHM,10121,2000,0.5280568846752093
ADH_IDHM,10121,2010,0.6722232168274554
ADH_IDHM,10122,1991,0.45999999999999996
ADH_IDHM,10122,2000,0.585
ADH_IDHM,10122,2010,0.712
ADH_IDHM,10123,1991,0.23721110596720354
ADH_IDHM,10123,2000,0.3891711859979101
ADH_IDHM,10123,2010,0.5715503377553511
ADH_IDHM,10124,1991,0.341
ADH_IDHM,10124,2000,0.472
ADH_IDHM,10124,2010,0.578
ADH_IDHM,10125,1991,0.347
ADH_IDHM,10125,2000,0.454
ADH_IDHM,10125,2010,0.557
ADH_IDHM,10126,1991,0.376
ADH_IDHM,10126,2000,0.449
ADH_IDHM,10126,2010,0.618
ADH_IDHM,10127,1991,0.34278002326650975
ADH_IDHM,10127,2000,0.46542008972790305
ADH_IDHM,10127,2010,0.6208552887735237
ADH_IDHM,10128,1991,0.293
ADH_IDHM,10128,2000,0.4139999999999999
ADH_IDHM,10128,2010,0.559
ADH_IDHM,10129,1991,0.308
ADH_IDHM,10129,2000,0.421
ADH_IDHM,10129,2010,0.593
ADH_IDHM,10130,1991,0.277
ADH_IDHM,10130,2000,0.389
ADH_IDHM,10130,2010,0.576
ADH_IDHM,10131,1991,0.359
ADH_IDHM,10131,2000,0.514
ADH_IDHM,10131,2010,0.643
ADH_IDHM,10132,1991,0.413
ADH_IDHM,10132,2000,0.548
ADH_IDHM,10132,2010,0.673
ADH_IDHM,10133,1991,0.253
ADH_IDHM,10133,2000,0.35600000000000004
ADH_IDHM,10133,2010,0.558
ADH_IDHM,10134,1991,0.2077263606919978
ADH_IDHM,10134,2000,0.34941135093110215
ADH_IDHM,10134,2010,0.5364936653560507
ADH_IDHM,10135,1991,0.281
ADH_IDHM,10135,2000,0.396
ADH_IDHM,10135,2010,0.574
ADH_IDHM,10136,1991,0.301
ADH_IDHM,10136,2000,0.437
ADH_IDHM,10136,2010,0.611
ADH_IDHM,10137,1991,0.334
ADH_IDHM,10137,2000,0.449
ADH_IDHM,10137,2010,0.625
ADH_IDHM,10138,1991,0.27
ADH_IDHM,10138,2000,0.393
ADH_IDHM,10138,2010,0.591
ADH_IDHM,10139,1991,0.305
ADH_IDHM,10139,2000,0.424
ADH_IDHM,10139,2010,0.584
ADH_IDHM,10140,1991,0.318
ADH_IDHM,10140,2000,0.455
ADH_IDHM,10140,2010,0.616
ADH_IDHM,10141,1991,0.231
ADH_IDHM,10141,2000,0.389
ADH_IDHM,10141,2010,0.584
ADH_IDHM,10142,1991,0.19900000000000004
ADH_IDHM,10142,2000,0.368
ADH_IDHM,10142,2010,0.511
ADH_IDHM,10143,1991,0.229
ADH_IDHM,10143,2000,0.391
ADH_IDHM,10143,2010,0.558
ADH_IDHM,10144,1991,0.358
ADH_IDHM,10144,2000,0.488
ADH_IDHM,10144,2010,0.6139999999999999
ADH_IDHM,10145,1991,0.297
ADH_IDHM,10145,2000,0.422
ADH_IDHM,10145,2010,0.576
ADH_IDHM,10146,1991,0.2962394822006472
ADH_IDHM,10146,2000,0.42585269121813024
ADH_IDHM,10146,2010,0.5898919445399335
ADH_IDHM,10147,1991,0.285
ADH_IDHM,10147,2000,0.435
ADH_IDHM,10147,2010,0.602
ADH_IDHM,10148,1991,0.331
ADH_IDHM,10148,2000,0.5
ADH_IDHM,10148,2010,0.636
ADH_IDHM,10149,1991,0.427
ADH_IDHM,10149,2000,0.516
ADH_IDHM,10149,2010,0.631
ADH_IDHM,10150,1991,0.345
ADH_IDHM,10150,2000,0.468
ADH_IDHM,10150,2010,0.6139999999999999
ADH_IDHM,10151,1991,0.267
ADH_IDHM,10151,2000,0.4109999999999999
ADH_IDHM,10151,2010,0.552
ADH_IDHM,10152,1991,0.389
ADH_IDHM,10152,2000,0.521
ADH_IDHM,10152,2010,0.69
ADH_IDHM,10153,1991,0.263
ADH_IDHM,10153,2000,0.381
ADH_IDHM,10153,2010,0.565
ADH_IDHM,10154,1991,0.223
ADH_IDHM,10154,2000,0.363
ADH_IDHM,10154,2010,0.55
ADH_IDHM,10155,1991,0.362
ADH_IDHM,10155,2000,0.49800000000000005
ADH_IDHM,10155,2010,0.67
ADH_IDHM,10156,1991,0.2625761593935164
ADH_IDHM,10156,2000,0.3904200734798343
ADH_IDHM,10156,2010,0.5583498744349573
ADH_IDHM,10157,1991,0.323
ADH_IDHM,10157,2000,0.464
ADH_IDHM,10157,2010,0.59
ADH_IDHM,10158,1991,0.244
ADH_IDHM,10158,2000,0.37800000000000006
ADH_IDHM,10158,2010,0.576
ADH_IDHM,10159,1991,0.276
ADH_IDHM,10159,2000,0.393
ADH_IDHM,10159,2010,0.571
ADH_IDHM,10160,1991,0.277
ADH_IDHM,10160,2000,0.422
ADH_IDHM,10160,2010,0.599
ADH_IDHM,10161,1991,0.317
ADH_IDHM,10161,2000,0.461
ADH_IDHM,10161,2010,0.6199999999999999
ADH_IDHM,10162,1991,0.3384560161415266
ADH_IDHM,10162,2000,0.4844020598187162
ADH_IDHM,10162,2010,0.6619255467779216
ADH_IDHM,10163,1991,0.344
ADH_IDHM,10163,2000,0.472
ADH_IDHM,10163,2010,0.62
ADH_IDHM,10164,1991,0.4462676118856034
ADH_IDHM,10164,2000,0.575265415142657
ADH_IDHM,10164,2010,0.707554013668591
ADH_IDHM,10165,1991,0.241
ADH_IDHM,10165,2000,0.384
ADH_IDHM,10165,2010,0.583
ADH_IDHM,10166,1991,0.22
ADH_IDHM,10166,2000,0.373
ADH_IDHM,10166,2010,0.5719999999999998
ADH_IDHM,10167,1991,0.265
ADH_IDHM,10167,2000,0.397
ADH_IDHM,10167,2010,0.543
ADH_IDHM,10168,1991,0.296
ADH_IDHM,10168,2000,0.421
ADH_IDHM,10168,2010,0.589
ADH_IDHM,10169,1991,0.309
ADH_IDHM,10169,2000,0.493
ADH_IDHM,10169,2010,0.634
ADH_IDHM,10170,1991,0.2694558859202273
ADH_IDHM,10170,2000,0.4083297338783086
ADH_IDHM,10170,2010,0.5798283768831389
ADH_IDHM,10171,1991,0.27
ADH_IDHM,10171,2000,0.431
ADH_IDHM,10171,2010,0.592
ADH_IDHM,10172,1991,0.338
ADH_IDHM,10172,2000,0.45100000000000007
ADH_IDHM,10172,2010,0.599
ADH_IDHM,10173,1991,0.3076854581673307
ADH_IDHM,10173,2000,0.4445313835417729
ADH_IDHM,10173,2010,0.6149368584631743
ADH_IDHM,10174,1991,0.328
ADH_IDHM,10174,2000,0.428
ADH_IDHM,10174,2010,0.578
ADH_IDHM,10175,1991,0.332
ADH_IDHM,10175,2000,0.39
ADH_IDHM,10175,2010,0.578
ADH_IDHM,10176,1991,0.3
ADH_IDHM,10176,2000,0.399
ADH_IDHM,10176,2010,0.584
ADH_IDHM,10177,1991,0.346
ADH_IDHM,10177,2000,0.49600000000000005
ADH_IDHM,10177,2010,0.637
ADH_IDHM,10178,1991,0.407
ADH_IDHM,10178,2000,0.522
ADH_IDHM,10178,2010,0.67
ADH_IDHM,10179,1991,0.263
ADH_IDHM,10179,2000,0.448
ADH_IDHM,10179,2010,0.599
ADH_IDHM,10180,1991,0.218
ADH_IDHM,10180,2000,0.394
ADH_IDHM,10180,2010,0.572
ADH_IDHM,10181,1991,0.398
ADH_IDHM,10181,2000,0.529
ADH_IDHM,10181,2010,0.667
ADH_IDHM,10182,1991,0.198
ADH_IDHM,10182,2000,0.311
ADH_IDHM,10182,2010,0.486
ADH_IDHM,10183,1991,0.325
ADH_IDHM,10183,2000,0.4089999999999999
ADH_IDHM,10183,2010,0.571
ADH_IDHM,10184,1991,0.264
ADH_IDHM,10184,2000,0.393
ADH_IDHM,10184,2010,0.553
ADH_IDHM,10185,1991,0.298
ADH_IDHM,10185,2000,0.443
ADH_IDHM,10185,2010,0.61
ADH_IDHM,10186,1991,0.2849054976453781
ADH_IDHM,10186,2000,0.4335877734155917
ADH_IDHM,10186,2010,0.5839958626396359
ADH_IDHM,10187,1991,0.318
ADH_IDHM,10187,2000,0.464
ADH_IDHM,10187,2010,0.6
ADH_IDHM,10188,1991,0.241
ADH_IDHM,10188,2000,0.385
ADH_IDHM,10188,2010,0.544
ADH_IDHM,10189,1991,0.322
ADH_IDHM,10189,2000,0.44399999999999995
ADH_IDHM,10189,2010,0.594
ADH_IDHM,10190,1991,0.308
ADH_IDHM,10190,2000,0.42
ADH_IDHM,10190,2010,0.57
ADH_IDHM,10191,1991,0.28856910118908835
ADH_IDHM,10191,2000,0.3913100757661427
ADH_IDHM,10191,2010,0.5863427589997252
ADH_IDHM,10192,1991,0.24496871521246785
ADH_IDHM,10192,2000,0.4002421177642417
ADH_IDHM,10192,2010,0.5737448168239578
ADH_IDHM,10193,1991,0.299
ADH_IDHM,10193,2000,0.44499999999999995
ADH_IDHM,10193,2010,0.593
ADH_IDHM,10194,1991,0.318
ADH_IDHM,10194,2000,0.465
ADH_IDHM,10194,2010,0.659
ADH_IDHM,10195,1991,0.271
ADH_IDHM,10195,2000,0.407
ADH_IDHM,10195,2010,0.556
ADH_IDHM,10196,1991,0.265
ADH_IDHM,10196,2000,0.375
ADH_IDHM,10196,2010,0.55
ADH_IDHM,10197,1991,0.382
ADH_IDHM,10197,2000,0.504
ADH_IDHM,10197,2010,0.665
ADH_IDHM,10198,1991,0.23373940078021346
ADH_IDHM,10198,2000,0.3751315186632529
ADH_IDHM,10198,2010,0.5434933163590071
ADH_IDHM,10199,1991,0.283
ADH_IDHM,10199,2000,0.426
ADH_IDHM,10199,2010,0.553
ADH_IDHM,10200,1991,0.248
ADH_IDHM,10200,2000,0.401
ADH_IDHM,10200,2010,0.575
ADH_IDHM,10201,1991,0.3969898716452742
ADH_IDHM,10201,2000,0.5302379729646949
ADH_IDHM,10201,2010,0.6723992680653741
ADH_IDHM,10202,1991,0.256
ADH_IDHM,10202,2000,0.3940000000000001
ADH_IDHM,10202,2010,0.571
ADH_IDHM,10203,1991,0.369
ADH_IDHM,10203,2000,0.449
ADH_IDHM,10203,2010,0.602
ADH_IDHM,10204,1991,0.255
ADH_IDHM,10204,2000,0.395
ADH_IDHM,10204,2010,0.599
ADH_IDHM,10205,1991,0.289
ADH_IDHM,10205,2000,0.43099999999999994
ADH_IDHM,10205,2010,0.586
ADH_IDHM,10206,1991,0.382
ADH_IDHM,10206,2000,0.496
ADH_IDHM,10206,2010,0.632
ADH_IDHM,10207,1991,0.234
ADH_IDHM,10207,2000,0.341
ADH_IDHM,10207,2010,0.546
ADH_IDHM,10208,1991,0.26685489146595304
ADH_IDHM,10208,2000,0.4095567453434884
ADH_IDHM,10208,2010,0.601197247706422
ADH_IDHM,10209,1991,0.24799999999999997
ADH_IDHM,10209,2000,0.39
ADH_IDHM,10209,2010,0.518
ADH_IDHM,10210,1991,0.4739999999999999
ADH_IDHM,10210,2000,0.616
ADH_IDHM,10210,2010,0.754
ADH_IDHM,10211,1991,0.3400000000000001
ADH_IDHM,10211,2000,0.4779999999999999
ADH_IDHM,10211,2010,0.623
ADH_IDHM,10212,1991,0.328
ADH_IDHM,10212,2000,0.488
ADH_IDHM,10212,2010,0.621
ADH_IDHM,10213,1991,0.367
ADH_IDHM,10213,2000,0.48599999999999993
ADH_IDHM,10213,2010,0.611
ADH_IDHM,10214,1991,0.247
ADH_IDHM,10214,2000,0.374
ADH_IDHM,10214,2010,0.524
ADH_IDHM,10215,1991,0.309
ADH_IDHM,10215,2000,0.449
ADH_IDHM,10215,2010,0.605
ADH_IDHM,10216,1991,0.271
ADH_IDHM,10216,2000,0.432
ADH_IDHM,10216,2010,0.609
ADH_IDHM,10217,1991,0.282
ADH_IDHM,10217,2000,0.392
ADH_IDHM,10217,2010,0.604
ADH_IDHM,10218,1991,0.5625770752656807
ADH_IDHM,10218,2000,0.6535636897728565
ADH_IDHM,10218,2010,0.7586709374415158
ADH_IDHM,10219,1991,0.21108840319686836
ADH_IDHM,10219,2000,0.3171011682014903
ADH_IDHM,10219,2010,0.5406393426776221
ADH_IDHM,10220,1991,0.299
ADH_IDHM,10220,2000,0.42
ADH_IDHM,10220,2010,0.576
ADH_IDHM,10221,1991,0.2594582225209691
ADH_IDHM,10221,2000,0.3783394626015778
ADH_IDHM,10221,2010,0.5582606305870983
ADH_IDHM,10222,1991,0.244
ADH_IDHM,10222,2000,0.379
ADH_IDHM,10222,2010,0.578
ADH_IDHM,10223,1991,0.221
ADH_IDHM,10223,2000,0.357
ADH_IDHM,10223,2010,0.566
ADH_IDHM,10224,1991,0.30536951983298544
ADH_IDHM,10224,2000,0.4328430656934307
ADH_IDHM,10224,2010,0.6030548890376397
ADH_IDHM,10225,1991,0.341
ADH_IDHM,10225,2000,0.456
ADH_IDHM,10225,2010,0.621
ADH_IDHM,10226,1991,0.24400000000000002
ADH_IDHM,10226,2000,0.354
ADH_IDHM,10226,2010,0.593
ADH_IDHM,10227,1991,0.19299999999999998
ADH_IDHM,10227,2000,0.408
ADH_IDHM,10227,2010,0.561
ADH_IDHM,10228,1991,0.20799999999999996
ADH_IDHM,10228,2000,0.356
ADH_IDHM,10228,2010,0.581
ADH_IDHM,10229,1991,0.378
ADH_IDHM,10229,2000,0.506
ADH_IDHM,10229,2010,0.668
ADH_IDHM,10230,1991,0.3101228418555905
ADH_IDHM,10230,2000,0.4330893403626077
ADH_IDHM,10230,2010,0.6035325787849058
ADH_IDHM,10231,1991,0.37400000000000005
ADH_IDHM,10231,2000,0.516
ADH_IDHM,10231,2010,0.625
ADH_IDHM,10232,1991,0.307
ADH_IDHM,10232,2000,0.425
ADH_IDHM,10232,2010,0.586
ADH_IDHM,10233,1991,0.332
ADH_IDHM,10233,2000,0.476
ADH_IDHM,10233,2010,0.622
ADH_IDHM,10234,1991,0.241
ADH_IDHM,10234,2000,0.361
ADH_IDHM,10234,2010,0.542
ADH_IDHM,10235,1991,0.195
ADH_IDHM,10235,2000,0.283
ADH_IDHM,10235,2010,0.506
ADH_IDHM,10236,1991,0.277
ADH_IDHM,10236,2000,0.439
ADH_IDHM,10236,2010,0.558
ADH_IDHM,10237,1991,0.342
ADH_IDHM,10237,2000,0.472
ADH_IDHM,10237,2010,0.618
ADH_IDHM,10238,1991,0.327
ADH_IDHM,10238,2000,0.401
ADH_IDHM,10238,2010,0.606
ADH_IDHM,10239,1991,0.275
ADH_IDHM,10239,2000,0.525
ADH_IDHM,10239,2010,0.665
ADH_IDHM,10240,1991,0.289
ADH_IDHM,10240,2000,0.416
ADH_IDHM,10240,2010,0.59
ADH_IDHM,10241,1991,0.363
ADH_IDHM,10241,2000,0.48299999999999993
ADH_IDHM,10241,2010,0.617
ADH_IDHM,10242,1991,0.287
ADH_IDHM,10242,2000,0.45799999999999996
ADH_IDHM,10242,2010,0.601
ADH_IDHM,10243,1991,0.4069999999999999
ADH_IDHM,10243,2000,0.513
ADH_IDHM,10243,2010,0.641
ADH_IDHM,10244,1991,0.23600000000000002
ADH_IDHM,10244,2000,0.384
ADH_IDHM,10244,2010,0.547
ADH_IDHM,10245,1991,0.24778316962773655
ADH_IDHM,10245,2000,0.4054827122181638
ADH_IDHM,10245,2010,0.5812929434993103
ADH_IDHM,10246,1991,0.258
ADH_IDHM,10246,2000,0.392
ADH_IDHM,10246,2010,0.545
ADH_IDHM,10247,1991,0.181
ADH_IDHM,10247,2000,0.351
ADH_IDHM,10247,2010,0.524
ADH_IDHM,10248,1991,0.295
ADH_IDHM,10248,2000,0.4050000000000001
ADH_IDHM,10248,2010,0.555
ADH_IDHM,10249,1991,0.318
ADH_IDHM,10249,2000,0.455
ADH_IDHM,10249,2010,0.654
ADH_IDHM,10250,1991,0.273
ADH_IDHM,10250,2000,0.423
ADH_IDHM,10250,2010,0.559
ADH_IDHM,10251,1991,0.23899999999999996
ADH_IDHM,10251,2000,0.39299999999999996
ADH_IDHM,10251,2010,0.554
ADH_IDHM,10252,1991,0.279
ADH_IDHM,10252,2000,0.391
ADH_IDHM,10252,2010,0.607
ADH_IDHM,10253,1991,0.272
ADH_IDHM,10253,2000,0.415
ADH_IDHM,10253,2010,0.586
ADH_IDHM,10254,1991,0.3509999999999999
ADH_IDHM,10254,2000,0.511
ADH_IDHM,10254,2010,0.643
ADH_IDHM,10255,1991,0.321
ADH_IDHM,10255,2000,0.499
ADH_IDHM,10255,2010,0.615
ADH_IDHM,10256,1991,0.251
ADH_IDHM,10256,2000,0.371
ADH_IDHM,10256,2010,0.59
ADH_IDHM,10257,1991,0.259
ADH_IDHM,10257,2000,0.401
ADH_IDHM,10257,2010,0.583
ADH_IDHM,10258,1991,0.429
ADH_IDHM,10258,2000,0.551
ADH_IDHM,10258,2010,0.674
ADH_IDHM,10259,1991,0.32400000000000007
ADH_IDHM,10259,2000,0.419
ADH_IDHM,10259,2010,0.588
ADH_IDHM,10260,1991,0.16600000000000004
ADH_IDHM,10260,2000,0.319
ADH_IDHM,10260,2010,0.513
ADH_IDHM,10261,1991,0.25
ADH_IDHM,10261,2000,0.419
ADH_IDHM,10261,2010,0.571
ADH_IDHM,10262,1991,0.172
ADH_IDHM,10262,2000,0.304
ADH_IDHM,10262,2010,0.506
ADH_IDHM,10263,1991,0.321
ADH_IDHM,10263,2000,0.447
ADH_IDHM,10263,2010,0.603
ADH_IDHM,10264,1991,0.256
ADH_IDHM,10264,2000,0.406
ADH_IDHM,10264,2010,0.575
ADH_IDHM,10265,1991,0.303
ADH_IDHM,10265,2000,0.428
ADH_IDHM,10265,2010,0.578
ADH_IDHM,10266,1991,0.24099999999999996
ADH_IDHM,10266,2000,0.363
ADH_IDHM,10266,2010,0.572
ADH_IDHM,10267,1991,0.207
ADH_IDHM,10267,2000,0.392
ADH_IDHM,10267,2010,0.56
ADH_IDHM,10268,1991,0.445
ADH_IDHM,10268,2000,0.524
ADH_IDHM,10268,2010,0.666
ADH_IDHM,10269,1991,0.311
ADH_IDHM,10269,2000,0.416
ADH_IDHM,10269,2010,0.625
ADH_IDHM,10270,1991,0.29573942813668924
ADH_IDHM,10270,2000,0.45651608342170374
ADH_IDHM,10270,2010,0.6123091468905218
ADH_IDHM,10271,1991,0.3340000000000001
ADH_IDHM,10271,2000,0.468
ADH_IDHM,10271,2010,0.614
ADH_IDHM,10272,1991,0.3360959445861512
ADH_IDHM,10272,2000,0.4683776286399522
ADH_IDHM,10272,2010,0.6094365662688079
ADH_IDHM,10273,1991,0.191
ADH_IDHM,10273,2000,0.343
ADH_IDHM,10273,2010,0.544
ADH_IDHM,10274,1991,0.294
ADH_IDHM,10274,2000,0.432
ADH_IDHM,10274,2010,0.579
ADH_IDHM,10275,1991,0.321
ADH_IDHM,10275,2000,0.47800000000000004
ADH_IDHM,10275,2010,0.636
ADH_IDHM,10276,1991,0.267
ADH_IDHM,10276,2000,0.389
ADH_IDHM,10276,2010,0.578
ADH_IDHM,10277,1991,0.389
ADH_IDHM,10277,2000,0.49400000000000005
ADH_IDHM,10277,2010,0.605
ADH_IDHM,10278,1991,0.269
ADH_IDHM,10278,2000,0.385
ADH_IDHM,10278,2010,0.576
ADH_IDHM,10279,1991,0.299
ADH_IDHM,10279,2000,0.434
ADH_IDHM,10279,2010,0.594
ADH_IDHM,10280,1991,0.306
ADH_IDHM,10280,2000,0.412
ADH_IDHM,10280,2010,0.572
ADH_IDHM,10281,1991,0.435
ADH_IDHM,10281,2000,0.5
ADH_IDHM,10281,2010,0.632
ADH_IDHM,10282,1991,0.318
ADH_IDHM,10282,2000,0.44699999999999995
ADH_IDHM,10282,2010,0.61
ADH_IDHM,10283,1991,0.373
ADH_IDHM,10283,2000,0.4660000000000001
ADH_IDHM,10283,2010,0.6170000000000001
ADH_IDHM,10284,1991,0.279
ADH_IDHM,10284,2000,0.417
ADH_IDHM,10284,2010,0.583
ADH_IDHM,10285,1991,0.197
ADH_IDHM,10285,2000,0.316
ADH_IDHM,10285,2010,0.546
ADH_IDHM,10286,1991,0.308
ADH_IDHM,10286,2000,0.43
ADH_IDHM,10286,2010,0.61
ADH_IDHM,10287,1991,0.296
ADH_IDHM,10287,2000,0.464
ADH_IDHM,10287,2010,0.574
ADH_IDHM,10288,1991,0.30899999999999994
ADH_IDHM,10288,2000,0.458
ADH_IDHM,10288,2010,0.598
ADH_IDHM,10289,1991,0.322
ADH_IDHM,10289,2000,0.44900000000000007
ADH_IDHM,10289,2010,0.614
ADH_IDHM,10290,1991,0.348
ADH_IDHM,10290,2000,0.471
ADH_IDHM,10290,2010,0.608
ADH_IDHM,10291,1991,0.297
ADH_IDHM,10291,2000,0.427
ADH_IDHM,10291,2010,0.592
ADH_IDHM,10292,1991,0.3955537828100875
ADH_IDHM,10292,2000,0.5139200081624324
ADH_IDHM,10292,2010,0.6412924015593977
ADH_IDHM,10293,1991,0.45
ADH_IDHM,10293,2000,0.56
ADH_IDHM,10293,2010,0.7
ADH_IDHM,10294,1991,0.323
ADH_IDHM,10294,2000,0.42999999999999994
ADH_IDHM,10294,2010,0.626
ADH_IDHM,10295,1991,0.272
ADH_IDHM,10295,2000,0.398
ADH_IDHM,10295,2010,0.579
ADH_IDHM,10296,1991,0.31626876823454064
ADH_IDHM,10296,2000,0.48348132406440225
ADH_IDHM,10296,2010,0.6378192150594921
ADH_IDHM,10297,1991,0.388
ADH_IDHM,10297,2000,0.489
ADH_IDHM,10297,2010,0.6389999999999999
ADH_IDHM,10298,1991,0.293
ADH_IDHM,10298,2000,0.4640000000000001
ADH_IDHM,10298,2010,0.616
ADH_IDHM,10299,1991,0.355
ADH_IDHM,10299,2000,0.518
ADH_IDHM,10299,2010,0.674
ADH_IDHM,10300,1991,0.3390000000000001
ADH_IDHM,10300,2000,0.473
ADH_IDHM,10300,2010,0.627
ADH_IDHM,10301,1991,0.279
ADH_IDHM,10301,2000,0.435
ADH_IDHM,10301,2010,0.593
ADH_IDHM,10302,1991,0.401
ADH_IDHM,10302,2000,0.508
ADH_IDHM,10302,2010,0.657
ADH_IDHM,10303,1991,0.374
ADH_IDHM,10303,2000,0.49
ADH_IDHM,10303,2010,0.614
ADH_IDHM,10304,1991,0.229
ADH_IDHM,10304,2000,0.33
ADH_IDHM,10304,2010,0.527
ADH_IDHM,10305,1991,0.306
ADH_IDHM,10305,2000,0.42400000000000004
ADH_IDHM,10305,2010,0.549
ADH_IDHM,10306,1991,0.327
ADH_IDHM,10306,2000,0.458
ADH_IDHM,10306,2010,0.635
ADH_IDHM,10307,1991,0.34
ADH_IDHM,10307,2000,0.46
ADH_IDHM,10307,2010,0.615
ADH_IDHM,10308,1991,0.269
ADH_IDHM,10308,2000,0.387
ADH_IDHM,10308,2010,0.585
ADH_IDHM,10309,1991,0.271
ADH_IDHM,10309,2000,0.436
ADH_IDHM,10309,2010,0.608
ADH_IDHM,10310,1991,0.23
ADH_IDHM,10310,2000,0.383
ADH_IDHM,10310,2010,0.566
ADH_IDHM,10311,1991,0.294
ADH_IDHM,10311,2000,0.447
ADH_IDHM,10311,2010,0.59
ADH_IDHM,10312,1991,0.43
ADH_IDHM,10312,2000,0.545
ADH_IDHM,10312,2010,0.675
ADH_IDHM,10313,1991,0.24399999999999997
ADH_IDHM,10313,2000,0.397
ADH_IDHM,10313,2010,0.592
ADH_IDHM,10314,1991,0.307
ADH_IDHM,10314,2000,0.44600000000000006
ADH_IDHM,10314,2010,0.584
ADH_IDHM,10315,1991,0.269
ADH_IDHM,10315,2000,0.439
ADH_IDHM,10315,2010,0.577
ADH_IDHM,10316,1991,0.351
ADH_IDHM,10316,2000,0.49200000000000005
ADH_IDHM,10316,2010,0.597
ADH_IDHM,10317,1991,0.265
ADH_IDHM,10317,2000,0.381
ADH_IDHM,10317,2010,0.566
ADH_IDHM,10318,1991,0.268
ADH_IDHM,10318,2000,0.395
ADH_IDHM,10318,2010,0.594
ADH_IDHM,10319,1991,0.399
ADH_IDHM,10319,2000,0.474
ADH_IDHM,10319,2010,0.594
ADH_IDHM,10320,1991,0.253
ADH_IDHM,10320,2000,0.377
ADH_IDHM,10320,2010,0.566
ADH_IDHM,10321,1991,0.268
ADH_IDHM,10321,2000,0.342
ADH_IDHM,10321,2010,0.555
ADH_IDHM,10322,1991,0.371
ADH_IDHM,10322,2000,0.463
ADH_IDHM,10322,2010,0.578
ADH_IDHM,10323,1991,0.278
ADH_IDHM,10323,2000,0.398
ADH_IDHM,10323,2010,0.579
ADH_IDHM,10324,1991,0.277
ADH_IDHM,10324,2000,0.421
ADH_IDHM,10324,2010,0.605
ADH_IDHM,10325,1991,0.281
ADH_IDHM,10325,2000,0.42099999999999993
ADH_IDHM,10325,2010,0.582
ADH_IDHM,10326,1991,0.316
ADH_IDHM,10326,2000,0.434
ADH_IDHM,10326,2010,0.611
ADH_IDHM,10327,1991,0.353
ADH_IDHM,10327,2000,0.44299999999999995
ADH_IDHM,10327,2010,0.593
ADH_IDHM,10328,1991,0.324
ADH_IDHM,10328,2000,0.466
ADH_IDHM,10328,2010,0.617
ADH_IDHM,10329,1991,0.329
ADH_IDHM,10329,2000,0.468
ADH_IDHM,10329,2010,0.598
ADH_IDHM,10330,1991,0.269
ADH_IDHM,10330,2000,0.438
ADH_IDHM,10330,2010,0.616
ADH_IDHM,10331,1991,0.26
ADH_IDHM,10331,2000,0.38
ADH_IDHM,10331,2010,0.59
ADH_IDHM,10332,1991,0.344
ADH_IDHM,10332,2000,0.461
ADH_IDHM,10332,2010,0.575
ADH_IDHM,10333,1991,0.412
ADH_IDHM,10333,2000,0.521
ADH_IDHM,10333,2010,0.645
ADH_IDHM,10334,1991,0.409
ADH_IDHM,10334,2000,0.538
ADH_IDHM,10334,2010,0.678
ADH_IDHM,10335,1991,0.323
ADH_IDHM,10335,2000,0.456
ADH_IDHM,10335,2010,0.587
ADH_IDHM,10336,1991,0.23
ADH_IDHM,10336,2000,0.372
ADH_IDHM,10336,2010,0.544
ADH_IDHM_E,3001,1991,0.20999843192726375
ADH_IDHM_E,3001,2000,0.3528456938932776
ADH_IDHM_E,3001,2010,0.6045911951485662
ADH_IDHM_E,3002,1991,0.122
ADH_IDHM_E,3002,2000,0.168
ADH_IDHM_E,3002,2010,0.434
ADH_IDHM_E,3003,1991,0.04200006813536226
ADH_IDHM_E,3003,2000,0.1144774148714385
ADH_IDHM_E,3003,2010,0.393649243796916
ADH_IDHM_E,3004,1991,0.078
ADH_IDHM_E,3004,2000,0.244
ADH_IDHM_E,3004,2010,0.47500000000000003
ADH_IDHM_E,3005,1991,0.078
ADH_IDHM_E,3005,2000,0.172
ADH_IDHM_E,3005,2010,0.37400000000000005
ADH_IDHM_E,3006,1991,0.083
ADH_IDHM_E,3006,2000,0.211
ADH_IDHM_E,3006,2010,0.473
ADH_IDHM_E,3007,1991,0.13819018351645826
ADH_IDHM_E,3007,2000,0.22971713165155788
ADH_IDHM_E,3007,2010,0.5014950690209486
ADH_IDHM_E,3008,1991,0.09246770195558804
ADH_IDHM_E,3008,2000,0.16313864875003686
ADH_IDHM_E,3008,2010,0.4650243415994741
ADH_IDHM_E,3009,1991,0.108
ADH_IDHM_E,3009,2000,0.23400000000000004
ADH_IDHM_E,3009,2010,0.474
ADH_IDHM_E,3010,1991,0.105
ADH_IDHM_E,3010,2000,0.2
ADH_IDHM_E,3010,2010,0.44099999999999995
ADH_IDHM_E,3011,1991,0.085
ADH_IDHM_E,3011,2000,0.23999999999999996
ADH_IDHM_E,3011,2010,0.492
ADH_IDHM_E,3012,1991,0.115
ADH_IDHM_E,3012,2000,0.22400000000000003
ADH_IDHM_E,3012,2010,0.502
ADH_IDHM_E,3013,1991,0.10399833378366206
ADH_IDHM_E,3013,2000,0.19632429590687195
ADH_IDHM_E,3013,2010,0.48352605899312484
ADH_IDHM_E,3014,1991,0.11705038620226445
ADH_IDHM_E,3014,2000,0.21534443203299536
ADH_IDHM_E,3014,2010,0.4719747321552804
ADH_IDHM_E,3015,1991,0.10026567504910895
ADH_IDHM_E,3015,2000,0.20098612029885998
ADH_IDHM_E,3015,2010,0.45774123672230654
ADH_IDHM_E,3016,1991,0.163
ADH_IDHM_E,3016,2000,0.32
ADH_IDHM_E,3016,2010,0.546
ADH_IDHM_E,3017,1991,0.14
ADH_IDHM_E,3017,2000,0.362
ADH_IDHM_E,3017,2010,0.634
ADH_IDHM_E,3018,1991,0.22699887577290614
ADH_IDHM_E,3018,2000,0.3582442678979652
ADH_IDHM_E,3018,2010,0.5887138217647382
ADH_IDHM_E,3019,1991,0.08299808954232078
ADH_IDHM_E,3019,2000,0.24731344014552578
ADH_IDHM_E,3019,2010,0.49633715220949265
ADH_IDHM_E,3020,1991,0.145
ADH_IDHM_E,3020,2000,0.32599999999999996
ADH_IDHM_E,3020,2010,0.597
ADH_IDHM_E,3021,1991,0.121
ADH_IDHM_E,3021,2000,0.246
ADH_IDHM_E,3021,2010,0.484
ADH_IDHM_E,3022,1991,0.07706245031115498
ADH_IDHM_E,3022,2000,0.16265463378428527
ADH_IDHM_E,3022,2010,0.4707090897191521
ADH_IDHM_E,3023,1991,0.128996365812989
ADH_IDHM_E,3023,2000,0.19876273188659435
ADH_IDHM_E,3023,2010,0.5079437244750298
ADH_IDHM_E,3024,1991,0.1320048176078845
ADH_IDHM_E,3024,2000,0.20773172623015496
ADH_IDHM_E,3024,2010,0.47821185095255886
ADH_IDHM_E,3025,1991,0.10484917553325603
ADH_IDHM_E,3025,2000,0.24316055358443572
ADH_IDHM_E,3025,2010,0.5062753750136867
ADH_IDHM_E,3026,1991,0.154
ADH_IDHM_E,3026,2000,0.3
ADH_IDHM_E,3026,2010,0.561
ADH_IDHM_E,3027,1991,0.11966118647087266
ADH_IDHM_E,3027,2000,0.2518325585455815
ADH_IDHM_E,3027,2010,0.5127940007633759
ADH_IDHM_E,3028,1991,0.07099871835950014
ADH_IDHM_E,3028,2000,0.12775066475761915
ADH_IDHM_E,3028,2010,0.3992809883562444
ADH_IDHM_E,3029,1991,0.11772618577280573
ADH_IDHM_E,3029,2000,0.20523533184239953
ADH_IDHM_E,3029,2010,0.4509424067470425
ADH_IDHM_E,3030,1991,0.065
ADH_IDHM_E,3030,2000,0.22100000000000003
ADH_IDHM_E,3030,2010,0.48
ADH_IDHM_E,3031,1991,0.118
ADH_IDHM_E,3031,2000,0.22199999999999998
ADH_IDHM_E,3031,2010,0.506
ADH_IDHM_E,3032,1991,0.1099975211733113
ADH_IDHM_E,3032,2000,0.24669152244703815
ADH_IDHM_E,3032,2010,0.5344544702142467
ADH_IDHM_E,3033,1991,0.10599930596337621
ADH_IDHM_E,3033,2000,0.2387573827182964
ADH_IDHM_E,3033,2010,0.4787119600442259
ADH_IDHM_E,3034,1991,0.093
ADH_IDHM_E,3034,2000,0.156
ADH_IDHM_E,3034,2010,0.421
ADH_IDHM_E,3035,1991,0.12599561796019135
ADH_IDHM_E,3035,2000,0.2808416567680628
ADH_IDHM_E,3035,2010,0.5850108721807801
ADH_IDHM_E,3036,1991,0.08936282826574196
ADH_IDHM_E,3036,2000,0.16985586078892911
ADH_IDHM_E,3036,2010,0.46611770266786173
ADH_IDHM_E,3037,1991,0.1366147556450091
ADH_IDHM_E,3037,2000,0.27340766461911653
ADH_IDHM_E,3037,2010,0.5325615627773712
ADH_IDHM_E,3038,1991,0.17599912850143418
ADH_IDHM_E,3038,2000,0.2945104858011514
ADH_IDHM_E,3038,2010,0.5287989290293386
ADH_IDHM_E,3039,1991,0.18399662363455807
ADH_IDHM_E,3039,2000,0.3368992765720646
ADH_IDHM_E,3039,2010,0.5666760580633307
ADH_IDHM_E,3040,1991,0.21899187281248145
ADH_IDHM_E,3040,2000,0.3291235203803675
ADH_IDHM_E,3040,2010,0.5730800723818141
ADH_IDHM_E,3041,1991,0.144
ADH_IDHM_E,3041,2000,0.249
ADH_IDHM_E,3041,2010,0.517
ADH_IDHM_E,3042,1991,0.095
ADH_IDHM_E,3042,2000,0.20000000000000004
ADH_IDHM_E,3042,2010,0.454
ADH_IDHM_E,3043,1991,0.15099684345229633
ADH_IDHM_E,3043,2000,0.23832928679817908
ADH_IDHM_E,3043,2010,0.5163073146166436
ADH_IDHM_E,3044,1991,0.15999721771949774
ADH_IDHM_E,3044,2000,0.2824276016516201
ADH_IDHM_E,3044,2010,0.5019113598825472
ADH_IDHM_E,3045,1991,0.202
ADH_IDHM_E,3045,2000,0.313
ADH_IDHM_E,3045,2010,0.545
ADH_IDHM_E,3046,1991,0.121
ADH_IDHM_E,3046,2000,0.236
ADH_IDHM_E,3046,2010,0.45100000000000007
ADH_IDHM_E,3047,1991,0.09299669599921488
ADH_IDHM_E,3047,2000,0.1717251277287506
ADH_IDHM_E,3047,2010,0.46255428046821206
ADH_IDHM_E,3048,1991,0.06599807548380199
ADH_IDHM_E,3048,2000,0.16316809226670406
ADH_IDHM_E,3048,2010,0.4313890241750486
ADH_IDHM_E,3049,1991,0.12899629897819617
ADH_IDHM_E,3049,2000,0.2392702400526143
ADH_IDHM_E,3049,2010,0.5183382130542616
ADH_IDHM_E,3050,1991,0.153
ADH_IDHM_E,3050,2000,0.282
ADH_IDHM_E,3050,2010,0.494
ADH_IDHM_E,3051,1991,0.085
ADH_IDHM_E,3051,2000,0.189
ADH_IDHM_E,3051,2010,0.445
ADH_IDHM_E,3052,1991,0.139
ADH_IDHM_E,3052,2000,0.212
ADH_IDHM_E,3052,2010,0.481
ADH_IDHM_E,3053,1991,0.0799997361941611
ADH_IDHM_E,3053,2000,0.21039456896551725
ADH_IDHM_E,3053,2010,0.45144976568750717
ADH_IDHM_E,3054,1991,0.11199843046068886
ADH_IDHM_E,3054,2000,0.2134816490571761
ADH_IDHM_E,3054,2010,0.49593618112543963
ADH_IDHM_E,3055,1991,0.168
ADH_IDHM_E,3055,2000,0.248
ADH_IDHM_E,3055,2010,0.459
ADH_IDHM_E,3056,1991,0.23
ADH_IDHM_E,3056,2000,0.386
ADH_IDHM_E,3056,2010,0.592
ADH_IDHM_E,3057,1991,0.051
ADH_IDHM_E,3057,2000,0.205
ADH_IDHM_E,3057,2010,0.455
ADH_IDHM_E,3058,1991,0.054
ADH_IDHM_E,3058,2000,0.173
ADH_IDHM_E,3058,2010,0.472
ADH_IDHM_E,3059,1991,0.16500115525993347
ADH_IDHM_E,3059,2000,0.29804536887681465
ADH_IDHM_E,3059,2010,0.542104995551036
ADH_IDHM_E,3060,1991,0.08
ADH_IDHM_E,3060,2000,0.196
ADH_IDHM_E,3060,2010,0.445
ADH_IDHM_E,3061,1991,0.127
ADH_IDHM_E,3061,2000,0.187
ADH_IDHM_E,3061,2010,0.492
ADH_IDHM_E,3062,1991,0.06974769367566967
ADH_IDHM_E,3062,2000,0.17830927871395333
ADH_IDHM_E,3062,2010,0.4220504739862401
ADH_IDHM_E,3063,1991,0.058995133944578185
ADH_IDHM_E,3063,2000,0.2156315626108549
ADH_IDHM_E,3063,2010,0.501025873002452
ADH_IDHM_E,3064,1991,0.132
ADH_IDHM_E,3064,2000,0.23999999999999996
ADH_IDHM_E,3064,2010,0.495
ADH_IDHM_E,3065,1991,0.123
ADH_IDHM_E,3065,2000,0.243
ADH_IDHM_E,3065,2010,0.499
ADH_IDHM_E,3066,1991,0.10700000000000001
ADH_IDHM_E,3066,2000,0.224
ADH_IDHM_E,3066,2010,0.49400000000000005
ADH_IDHM_E,3067,1991,0.14656376129252932
ADH_IDHM_E,3067,2000,0.3075412276091817
ADH_IDHM_E,3067,2010,0.5517511029558418
ADH_IDHM_E,3068,1991,0.05
ADH_IDHM_E,3068,2000,0.132
ADH_IDHM_E,3068,2010,0.434
ADH_IDHM_E,3069,1991,0.09
ADH_IDHM_E,3069,2000,0.18
ADH_IDHM_E,3069,2010,0.451
ADH_IDHM_E,3070,1991,0.125
ADH_IDHM_E,3070,2000,0.28
ADH_IDHM_E,3070,2010,0.547
ADH_IDHM_E,3071,1991,0.185
ADH_IDHM_E,3071,2000,0.246
ADH_IDHM_E,3071,2010,0.48899999999999993
ADH_IDHM_E,3072,1991,0.09393116141600054
ADH_IDHM_E,3072,2000,0.20362394919197016
ADH_IDHM_E,3072,2010,0.44669548448347474
ADH_IDHM_E,3073,1991,0.42099565756823815
ADH_IDHM_E,3073,2000,0.5176893091470475
ADH_IDHM_E,3073,2010,0.7085567524800681
ADH_IDHM_E,3074,1991,0.092
ADH_IDHM_E,3074,2000,0.223
ADH_IDHM_E,3074,2010,0.49199999999999994
ADH_IDHM_E,3075,1991,0.108
ADH_IDHM_E,3075,2000,0.23299999999999998
ADH_IDHM_E,3075,2010,0.473
ADH_IDHM_E,3076,1991,0.21099869575527627
ADH_IDHM_E,3076,2000,0.3191647519117909
ADH_IDHM_E,3076,2010,0.592765706066677
ADH_IDHM_E,3077,1991,0.17999685809253466
ADH_IDHM_E,3077,2000,0.26977079697498546
ADH_IDHM_E,3077,2010,0.5318650674662668
ADH_IDHM_E,3078,1991,0.109
ADH_IDHM_E,3078,2000,0.212
ADH_IDHM_E,3078,2010,0.472
ADH_IDHM_E,3079,1991,0.139
ADH_IDHM_E,3079,2000,0.26
ADH_IDHM_E,3079,2010,0.572
ADH_IDHM_E,3080,1991,0.117
ADH_IDHM_E,3080,2000,0.227
ADH_IDHM_E,3080,2010,0.514
ADH_IDHM_E,3081,1991,0.19299691025701043
ADH_IDHM_E,3081,2000,0.31258980691035276
ADH_IDHM_E,3081,2010,0.551087234572156
ADH_IDHM_E,3082,1991,0.155
ADH_IDHM_E,3082,2000,0.23000000000000004
ADH_IDHM_E,3082,2010,0.532
ADH_IDHM_E,3083,1991,0.094
ADH_IDHM_E,3083,2000,0.22900000000000004
ADH_IDHM_E,3083,2010,0.56
ADH_IDHM_E,3084,1991,0.09799771986970685
ADH_IDHM_E,3084,2000,0.20081838010760505
ADH_IDHM_E,3084,2010,0.4149951753438468
ADH_IDHM_E,3085,1991,0.101
ADH_IDHM_E,3085,2000,0.242
ADH_IDHM_E,3085,2010,0.456
ADH_IDHM_E,3086,1991,0.08399833365734441
ADH_IDHM_E,3086,2000,0.20889667648086233
ADH_IDHM_E,3086,2010,0.4756708762217801
ADH_IDHM_E,3087,1991,0.11000000000000001
ADH_IDHM_E,3087,2000,0.208
ADH_IDHM_E,3087,2010,0.4709999999999999
ADH_IDHM_E,3088,1991,0.224
ADH_IDHM_E,3088,2000,0.358
ADH_IDHM_E,3088,2010,0.615
ADH_IDHM_E,3089,1991,0.158
ADH_IDHM_E,3089,2000,0.316
ADH_IDHM_E,3089,2010,0.551
ADH_IDHM_E,3090,1991,0.056999310848062264
ADH_IDHM_E,3090,2000,0.16938783269961977
ADH_IDHM_E,3090,2010,0.4530098854131158
ADH_IDHM_E,3091,1991,0.114
ADH_IDHM_E,3091,2000,0.222
ADH_IDHM_E,3091,2010,0.452
ADH_IDHM_E,3092,1991,0.165
ADH_IDHM_E,3092,2000,0.319
ADH_IDHM_E,3092,2010,0.545
ADH_IDHM_E,3093,1991,0.088
ADH_IDHM_E,3093,2000,0.168
ADH_IDHM_E,3093,2010,0.4
ADH_IDHM_E,3094,1991,0.17599608656517826
ADH_IDHM_E,3094,2000,0.3092142415086097
ADH_IDHM_E,3094,2010,0.5102883111607597
ADH_IDHM_E,3095,1991,0.295
ADH_IDHM_E,3095,2000,0.486
ADH_IDHM_E,3095,2010,0.7
ADH_IDHM_E,3096,1991,0.42999999999999994
ADH_IDHM_E,3096,2000,0.582
ADH_IDHM_E,3096,2010,0.752
ADH_IDHM_E,3097,1991,0.123
ADH_IDHM_E,3097,2000,0.28300000000000003
ADH_IDHM_E,3097,2010,0.521
ADH_IDHM_E,3098,1991,0.103
ADH_IDHM_E,3098,2000,0.177
ADH_IDHM_E,3098,2010,0.456
ADH_IDHM_E,3099,1991,0.11099999999999999
ADH_IDHM_E,3099,2000,0.309
ADH_IDHM_E,3099,2010,0.491
ADH_IDHM_E,3100,1991,0.07
ADH_IDHM_E,3100,2000,0.16599999999999998
ADH_IDHM_E,3100,2010,0.427
ADH_IDHM_E,3101,1991,0.17
ADH_IDHM_E,3101,2000,0.322
ADH_IDHM_E,3101,2010,0.579
ADH_IDHM_E,3102,1991,0.108
ADH_IDHM_E,3102,2000,0.185
ADH_IDHM_E,3102,2010,0.425
ADH_IDHM_E,4001,1991,0.09799257946900838
ADH_IDHM_E,4001,2000,0.13925871712752041
ADH_IDHM_E,4001,2010,0.4206677131385614
ADH_IDHM_E,4002,1991,0.248
ADH_IDHM_E,4002,2000,0.31
ADH_IDHM_E,4002,2010,0.526
ADH_IDHM_E,4003,1991,0.2467604399172112
ADH_IDHM_E,4003,2000,0.33965942365791313
ADH_IDHM_E,4003,2010,0.5400616443189837
ADH_IDHM_E,4004,1991,0.07498818181818181
ADH_IDHM_E,4004,2000,0.16447388011808498
ADH_IDHM_E,4004,2010,0.42561854309931235
ADH_IDHM_E,4005,1991,0.11299712200637271
ADH_IDHM_E,4005,2000,0.2423056755978104
ADH_IDHM_E,4005,2010,0.46451791651274466
ADH_IDHM_E,4006,1991,0.07499743293543834
ADH_IDHM_E,4006,2000,0.1523899703068294
ADH_IDHM_E,4006,2010,0.45495918608777947
ADH_IDHM_E,4007,1991,0.11899598507270621
ADH_IDHM_E,4007,2000,0.22855453905700213
ADH_IDHM_E,4007,2010,0.49613880146583317
ADH_IDHM_E,4008,1991,0.16547609438932795
ADH_IDHM_E,4008,2000,0.25885051795394776
ADH_IDHM_E,4008,2010,0.4577065797273266
ADH_IDHM_E,4009,1991,0.177
ADH_IDHM_E,4009,2000,0.293
ADH_IDHM_E,4009,2010,0.49699999999999994
ADH_IDHM_E,4010,1991,0.258
ADH_IDHM_E,4010,2000,0.331
ADH_IDHM_E,4010,2010,0.555
ADH_IDHM_E,4011,1991,0.1424707381865994
ADH_IDHM_E,4011,2000,0.2224916881379447
ADH_IDHM_E,4011,2010,0.5037121173624383
ADH_IDHM_E,4012,1991,0.19219809825673534
ADH_IDHM_E,4012,2000,0.3015417201540437
ADH_IDHM_E,4012,2010,0.5246109290306316
ADH_IDHM_E,4013,1991,0.09799293721973094
ADH_IDHM_E,4013,2000,0.2379440111122983
ADH_IDHM_E,4013,2010,0.48424924266165253
ADH_IDHM_E,4014,1991,0.17570608853425704
ADH_IDHM_E,4014,2000,0.27710214285714285
ADH_IDHM_E,4014,2010,0.5471427196939919
ADH_IDHM_E,4015,1991,0.06299855014095852
ADH_IDHM_E,4015,2000,0.14157596829959984
ADH_IDHM_E,4015,2010,0.4187815266996918
ADH_IDHM_E,4016,1991,0.10387618855761482
ADH_IDHM_E,4016,2000,0.22580425531914897
ADH_IDHM_E,4016,2010,0.4816823371390195
ADH_IDHM_E,4017,1991,0.14199152257847908
ADH_IDHM_E,4017,2000,0.18732945707725354
ADH_IDHM_E,4017,2010,0.46137670641092104
ADH_IDHM_E,4018,1991,0.14098700495049504
ADH_IDHM_E,4018,2000,0.20959345140992777
ADH_IDHM_E,4018,2010,0.47258866634098684
ADH_IDHM_E,4019,1991,0.08699838494207723
ADH_IDHM_E,4019,2000,0.22693423633131102
ADH_IDHM_E,4019,2010,0.4809597864885221
ADH_IDHM_E,4020,1991,0.13686352941176472
ADH_IDHM_E,4020,2000,0.20297967921272925
ADH_IDHM_E,4020,2010,0.39840179818966043
ADH_IDHM_E,4021,1991,0.1224639107288098
ADH_IDHM_E,4021,2000,0.21611412488092144
ADH_IDHM_E,4021,2010,0.4573894683587905
ADH_IDHM_E,4022,1991,0.12999197145405889
ADH_IDHM_E,4022,2000,0.2411136477851964
ADH_IDHM_E,4022,2010,0.5235702932828761
ADH_IDHM_E,4023,1991,0.08999156523595986
ADH_IDHM_E,4023,2000,0.17442582690578715
ADH_IDHM_E,4023,2010,0.4389994094820313
ADH_IDHM_E,4024,1991,0.1310191800701415
ADH_IDHM_E,4024,2000,0.22993717417457557
ADH_IDHM_E,4024,2010,0.45223409238776835
ADH_IDHM_E,4025,1991,0.12290835022294286
ADH_IDHM_E,4025,2000,0.23191730539614067
ADH_IDHM_E,4025,2010,0.5075645281233099
ADH_IDHM_E,4026,1991,0.10526067101584344
ADH_IDHM_E,4026,2000,0.24099017199017198
ADH_IDHM_E,4026,2010,0.4761047032967033
ADH_IDHM_E,4027,1991,0.1629953108622497
ADH_IDHM_E,4027,2000,0.2608650525897996
ADH_IDHM_E,4027,2010,0.5406596421907585
ADH_IDHM_E,4028,1991,0.20011872396614086
ADH_IDHM_E,4028,2000,0.33089745507272855
ADH_IDHM_E,4028,2010,0.5542789679373069
ADH_IDHM_E,4029,1991,0.1999901609399001
ADH_IDHM_E,4029,2000,0.2630639896040099
ADH_IDHM_E,4029,2010,0.5218701255252522
ADH_IDHM_E,4030,1991,0.12298974000661936
ADH_IDHM_E,4030,2000,0.19025806101792947
ADH_IDHM_E,4030,2010,0.4348436270259454
ADH_IDHM_E,4031,1991,0.08999561678146525
ADH_IDHM_E,4031,2000,0.18828222649771115
ADH_IDHM_E,4031,2010,0.46920391412109314
ADH_IDHM_E,4032,1991,0.12499343840898329
ADH_IDHM_E,4032,2000,0.18786800490544117
ADH_IDHM_E,4032,2010,0.5025549797474387
ADH_IDHM_E,4033,1991,0.09899999999999999
ADH_IDHM_E,4033,2000,0.191
ADH_IDHM_E,4033,2010,0.397
ADH_IDHM_E,4034,1991,0.14997666256318917
ADH_IDHM_E,4034,2000,0.1739145852176535
ADH_IDHM_E,4034,2010,0.47811786736692563
ADH_IDHM_E,4035,1991,0.08999300480267279
ADH_IDHM_E,4035,2000,0.16307174860179835
ADH_IDHM_E,4035,2010,0.39582782599020916
ADH_IDHM_E,4036,1991,0.12099357766143107
ADH_IDHM_E,4036,2000,0.18797652610934057
ADH_IDHM_E,4036,2010,0.40418101604278084
ADH_IDHM_E,4037,1991,0.16998919582565994
ADH_IDHM_E,4037,2000,0.2538709004519643
ADH_IDHM_E,4037,2010,0.47232282517145957
ADH_IDHM_E,4038,1991,0.1
ADH_IDHM_E,4038,2000,0.21300000000000002
ADH_IDHM_E,4038,2010,0.465
ADH_IDHM_E,4039,1991,0.07099542566709022
ADH_IDHM_E,4039,2000,0.13669939318500077
ADH_IDHM_E,4039,2010,0.4005672346540751
ADH_IDHM_E,4040,1991,0.08199692988396767
ADH_IDHM_E,4040,2000,0.17223709080947816
ADH_IDHM_E,4040,2010,0.43349922513089006
ADH_IDHM_E,4041,1991,0.049998925527973324
ADH_IDHM_E,4041,2000,0.11662139566626856
ADH_IDHM_E,4041,2010,0.3306505947861301
ADH_IDHM_E,4042,1991,0.16499851377615185
ADH_IDHM_E,4042,2000,0.27426869565217393
ADH_IDHM_E,4042,2010,0.5116372301654052
ADH_IDHM_E,4043,1991,0.11798715596330275
ADH_IDHM_E,4043,2000,0.14010673385249656
ADH_IDHM_E,4043,2010,0.4010617406891058
ADH_IDHM_E,4044,1991,0.18699455237332266
ADH_IDHM_E,4044,2000,0.2562955675675676
ADH_IDHM_E,4044,2010,0.5220568232816654
ADH_IDHM_E,4045,1991,0.117
ADH_IDHM_E,4045,2000,0.24799999999999997
ADH_IDHM_E,4045,2010,0.469
ADH_IDHM_E,4046,1991,0.15299262765086008
ADH_IDHM_E,4046,2000,0.24502860215053765
ADH_IDHM_E,4046,2010,0.49921782860292097
ADH_IDHM_E,4047,1991,0.188
ADH_IDHM_E,4047,2000,0.3
ADH_IDHM_E,4047,2010,0.488
ADH_IDHM_E,4048,1991,0.057
ADH_IDHM_E,4048,2000,0.168
ADH_IDHM_E,4048,2010,0.403
ADH_IDHM_E,4049,1991,0.13099717932247884
ADH_IDHM_E,4049,2000,0.21332648379052369
ADH_IDHM_E,4049,2010,0.48540145935932766
ADH_IDHM_E,4050,1991,0.104
ADH_IDHM_E,4050,2000,0.148
ADH_IDHM_E,4050,2010,0.443
ADH_IDHM_E,4051,1991,0.0859898612593383
ADH_IDHM_E,4051,2000,0.17349053385638752
ADH_IDHM_E,4051,2010,0.48324143556280597
ADH_IDHM_E,4052,1991,0.251
ADH_IDHM_E,4052,2000,0.4079999999999999
ADH_IDHM_E,4052,2010,0.6329999999999999
ADH_IDHM_E,4053,1991,0.125
ADH_IDHM_E,4053,2000,0.262
ADH_IDHM_E,4053,2010,0.475
ADH_IDHM_E,4054,1991,0.131
ADH_IDHM_E,4054,2000,0.20899999999999996
ADH_IDHM_E,4054,2010,0.45
ADH_IDHM_E,4055,1991,0.15
ADH_IDHM_E,4055,2000,0.26
ADH_IDHM_E,4055,2010,0.498
ADH_IDHM_E,4056,1991,0.20200000000000004
ADH_IDHM_E,4056,2000,0.245
ADH_IDHM_E,4056,2010,0.524
ADH_IDHM_E,4057,1991,0.129
ADH_IDHM_E,4057,2000,0.265
ADH_IDHM_E,4057,2010,0.56
ADH_IDHM_E,4058,1991,0.173
ADH_IDHM_E,4058,2000,0.332
ADH_IDHM_E,4058,2010,0.583
ADH_IDHM_E,4059,1991,0.063
ADH_IDHM_E,4059,2000,0.175
ADH_IDHM_E,4059,2010,0.41
ADH_IDHM_E,4060,1991,0.0430002961427408
ADH_IDHM_E,4060,2000,0.2014686183022276
ADH_IDHM_E,4060,2010,0.39549194749911315
ADH_IDHM_E,4061,1991,0.126
ADH_IDHM_E,4061,2000,0.24199999999999997
ADH_IDHM_E,4061,2010,0.46
ADH_IDHM_E,4062,1991,0.13799707858603566
ADH_IDHM_E,4062,2000,0.24943674572480315
ADH_IDHM_E,4062,2010,0.5082477932769267
ADH_IDHM_E,4063,1991,0.11551288735037743
ADH_IDHM_E,4063,2000,0.19044086679967603
ADH_IDHM_E,4063,2010,0.4244499873751037
ADH_IDHM_E,4064,1991,0.09099999999999998
ADH_IDHM_E,4064,2000,0.208
ADH_IDHM_E,4064,2010,0.512
ADH_IDHM_E,4065,1991,0.10999883858791647
ADH_IDHM_E,4065,2000,0.20703594855305468
ADH_IDHM_E,4065,2010,0.44857411866882474
ADH_IDHM_E,4066,1991,0.10099666811200622
ADH_IDHM_E,4066,2000,0.171834976276178
ADH_IDHM_E,4066,2010,0.41497072227592874
ADH_IDHM_E,4067,1991,0.21099339837871944
ADH_IDHM_E,4067,2000,0.29863746097814775
ADH_IDHM_E,4067,2010,0.5380666507785192
ADH_IDHM_E,4068,1991,0.175
ADH_IDHM_E,4068,2000,0.275
ADH_IDHM_E,4068,2010,0.48000000000000004
ADH_IDHM_E,4069,1991,0.161
ADH_IDHM_E,4069,2000,0.307
ADH_IDHM_E,4069,2010,0.49400000000000005
ADH_IDHM_E,4070,1991,0.067
ADH_IDHM_E,4070,2000,0.148
ADH_IDHM_E,4070,2010,0.396
ADH_IDHM_E,4071,1991,0.123
ADH_IDHM_E,4071,2000,0.206
ADH_IDHM_E,4071,2010,0.533
ADH_IDHM_E,4072,1991,0.123
ADH_IDHM_E,4072,2000,0.201
ADH_IDHM_E,4072,2010,0.4040000000000001
ADH_IDHM_E,4073,1991,0.108
ADH_IDHM_E,4073,2000,0.20600000000000002
ADH_IDHM_E,4073,2010,0.474
ADH_IDHM_E,4074,1991,0.092
ADH_IDHM_E,4074,2000,0.21
ADH_IDHM_E,4074,2010,0.51
ADH_IDHM_E,4075,1991,0.308
ADH_IDHM_E,4075,2000,0.488
ADH_IDHM_E,4075,2010,0.707
ADH_IDHM_E,4076,1991,0.09199999999999998
ADH_IDHM_E,4076,2000,0.192
ADH_IDHM_E,4076,2010,0.411
ADH_IDHM_E,4077,1991,0.09700000000000002
ADH_IDHM_E,4077,2000,0.19
ADH_IDHM_E,4077,2010,0.418
ADH_IDHM_E,4078,1991,0.1195150955021565
ADH_IDHM_E,4078,2000,0.2551808181818182
ADH_IDHM_E,4078,2010,0.45361527713088023
ADH_IDHM_E,4079,1991,0.102
ADH_IDHM_E,4079,2000,0.25
ADH_IDHM_E,4079,2010,0.43100000000000005
ADH_IDHM_E,4080,1991,0.067
ADH_IDHM_E,4080,2000,0.176
ADH_IDHM_E,4080,2010,0.443
ADH_IDHM_E,4081,1991,0.11899455277492696
ADH_IDHM_E,4081,2000,0.17717693546026636
ADH_IDHM_E,4081,2010,0.4543593717710271
ADH_IDHM_E,4082,1991,0.11699550561797754
ADH_IDHM_E,4082,2000,0.18472278305621534
ADH_IDHM_E,4082,2010,0.41877445652173917
ADH_IDHM_E,4083,1991,0.10100000000000002
ADH_IDHM_E,4083,2000,0.18700000000000003
ADH_IDHM_E,4083,2010,0.42300000000000004
ADH_IDHM_E,4084,1991,0.144
ADH_IDHM_E,4084,2000,0.237
ADH_IDHM_E,4084,2010,0.44799999999999995
ADH_IDHM_E,4085,1991,0.121
ADH_IDHM_E,4085,2000,0.231
ADH_IDHM_E,4085,2010,0.478
ADH_IDHM_E,4086,1991,0.087
ADH_IDHM_E,4086,2000,0.18499999999999997
ADH_IDHM_E,4086,2010,0.385
ADH_IDHM_E,4087,1991,0.165
ADH_IDHM_E,4087,2000,0.242
ADH_IDHM_E,4087,2010,0.49
ADH_IDHM_E,4088,1991,0.163
ADH_IDHM_E,4088,2000,0.266
ADH_IDHM_E,4088,2010,0.473
ADH_IDHM_E,4089,1991,0.2009950009613536
ADH_IDHM_E,4089,2000,0.38394742857142855
ADH_IDHM_E,4089,2010,0.5861867018934389
ADH_IDHM_E,4090,1991,0.18198573492235462
ADH_IDHM_E,4090,2000,0.26842564953012715
ADH_IDHM_E,4090,2010,0.47640664220892065
ADH_IDHM_E,4091,1991,0.092
ADH_IDHM_E,4091,2000,0.166
ADH_IDHM_E,4091,2010,0.448
ADH_IDHM_E,4092,1991,0.067
ADH_IDHM_E,4092,2000,0.186
ADH_IDHM_E,4092,2010,0.478
ADH_IDHM_E,4093,1991,0.1
ADH_IDHM_E,4093,2000,0.169
ADH_IDHM_E,4093,2010,0.423
ADH_IDHM_E,4094,1991,0.154
ADH_IDHM_E,4094,2000,0.258
ADH_IDHM_E,4094,2010,0.492
ADH_IDHM_E,4095,1991,0.091
ADH_IDHM_E,4095,2000,0.164
ADH_IDHM_E,4095,2010,0.465
ADH_IDHM_E,4096,1991,0.103
ADH_IDHM_E,4096,2000,0.283
ADH_IDHM_E,4096,2010,0.612
ADH_IDHM_E,4097,1991,0.1558095038463957
ADH_IDHM_E,4097,2000,0.3441638759464182
ADH_IDHM_E,4097,2010,0.5649501679548642
ADH_IDHM_E,4098,1991,0.07912602027382833
ADH_IDHM_E,4098,2000,0.2210899058309274
ADH_IDHM_E,4098,2010,0.5536057113967718
ADH_IDHM_E,4099,1991,0.077
ADH_IDHM_E,4099,2000,0.22
ADH_IDHM_E,4099,2010,0.517
ADH_IDHM_E,4100,1991,0.081
ADH_IDHM_E,4100,2000,0.196
ADH_IDHM_E,4100,2010,0.474
ADH_IDHM_E,4101,1991,0.122
ADH_IDHM_E,4101,2000,0.262
ADH_IDHM_E,4101,2010,0.524
ADH_IDHM_E,4102,1991,0.122
ADH_IDHM_E,4102,2000,0.22799999999999998
ADH_IDHM_E,4102,2010,0.515
ADH_IDHM_E,4103,1991,0.097
ADH_IDHM_E,4103,2000,0.229
ADH_IDHM_E,4103,2010,0.499
ADH_IDHM_E,4104,1991,0.11605005512287066
ADH_IDHM_E,4104,2000,0.2910349915652445
ADH_IDHM_E,4104,2010,0.598911753332897
ADH_IDHM_E,4105,1991,0.129
ADH_IDHM_E,4105,2000,0.241
ADH_IDHM_E,4105,2010,0.506
ADH_IDHM_E,4106,1991,0.104
ADH_IDHM_E,4106,2000,0.276
ADH_IDHM_E,4106,2010,0.593
ADH_IDHM_E,4107,1991,0.14252012291088959
ADH_IDHM_E,4107,2000,0.3288776544270352
ADH_IDHM_E,4107,2010,0.5775435315731369
ADH_IDHM_E,4108,1991,0.16801326177890757
ADH_IDHM_E,4108,2000,0.37063600022395166
ADH_IDHM_E,4108,2010,0.6038770318849641
ADH_IDHM_E,4109,1991,0.125734410430839
ADH_IDHM_E,4109,2000,0.30696179460217315
ADH_IDHM_E,4109,2010,0.5380183205797806
ADH_IDHM_E,4110,1991,0.10503853580378784
ADH_IDHM_E,4110,2000,0.26262250503932655
ADH_IDHM_E,4110,2010,0.5185434193829429
ADH_IDHM_E,4111,1991,0.079
ADH_IDHM_E,4111,2000,0.176
ADH_IDHM_E,4111,2010,0.459
ADH_IDHM_E,4112,1991,0.088
ADH_IDHM_E,4112,2000,0.289
ADH_IDHM_E,4112,2010,0.587
ADH_IDHM_E,4113,1991,0.103
ADH_IDHM_E,4113,2000,0.277
ADH_IDHM_E,4113,2010,0.564
ADH_IDHM_E,4114,1991,0.08177202839551863
ADH_IDHM_E,4114,2000,0.1906942681508556
ADH_IDHM_E,4114,2010,0.48200000000000004
ADH_IDHM_E,4115,1991,0.106
ADH_IDHM_E,4115,2000,0.27
ADH_IDHM_E,4115,2010,0.521
ADH_IDHM_E,4116,1991,0.193
ADH_IDHM_E,4116,2000,0.323
ADH_IDHM_E,4116,2010,0.575
ADH_IDHM_E,4117,1991,0.16710548639643508
ADH_IDHM_E,4117,2000,0.3256165831740481
ADH_IDHM_E,4117,2010,0.586243657736026
ADH_IDHM_E,4118,1991,0.175
ADH_IDHM_E,4118,2000,0.357
ADH_IDHM_E,4118,2010,0.6370000000000001
ADH_IDHM_E,4119,1991,0.095
ADH_IDHM_E,4119,2000,0.243
ADH_IDHM_E,4119,2010,0.51
ADH_IDHM_E,4120,1991,0.1094147489212682
ADH_IDHM_E,4120,2000,0.2711190301143162
ADH_IDHM_E,4120,2010,0.5638409304070531
ADH_IDHM_E,4121,1991,0.2
ADH_IDHM_E,4121,2000,0.341
ADH_IDHM_E,4121,2010,0.548
ADH_IDHM_E,4122,1991,0.087
ADH_IDHM_E,4122,2000,0.267
ADH_IDHM_E,4122,2010,0.571
ADH_IDHM_E,4123,1991,0.085
ADH_IDHM_E,4123,2000,0.244
ADH_IDHM_E,4123,2010,0.598
ADH_IDHM_E,4124,1991,0.11500000000000002
ADH_IDHM_E,4124,2000,0.23099999999999998
ADH_IDHM_E,4124,2010,0.504
ADH_IDHM_E,4125,1991,0.155
ADH_IDHM_E,4125,2000,0.321
ADH_IDHM_E,4125,2010,0.592
ADH_IDHM_E,4126,1991,0.08625075848247835
ADH_IDHM_E,4126,2000,0.2215186498189461
ADH_IDHM_E,4126,2010,0.5110688529278582
ADH_IDHM_E,4127,1991,0.107
ADH_IDHM_E,4127,2000,0.269
ADH_IDHM_E,4127,2010,0.526
ADH_IDHM_E,4128,1991,0.086
ADH_IDHM_E,4128,2000,0.313
ADH_IDHM_E,4128,2010,0.593
ADH_IDHM_E,4129,1991,0.101
ADH_IDHM_E,4129,2000,0.236
ADH_IDHM_E,4129,2010,0.505
ADH_IDHM_E,4130,1991,0.083
ADH_IDHM_E,4130,2000,0.228
ADH_IDHM_E,4130,2010,0.526
ADH_IDHM_E,4131,1991,0.08
ADH_IDHM_E,4131,2000,0.22199999999999998
ADH_IDHM_E,4131,2010,0.483
ADH_IDHM_E,4132,1991,0.069
ADH_IDHM_E,4132,2000,0.259
ADH_IDHM_E,4132,2010,0.519
ADH_IDHM_E,4133,1991,0.075
ADH_IDHM_E,4133,2000,0.247
ADH_IDHM_E,4133,2010,0.513
ADH_IDHM_E,4134,1991,0.11963319140273795
ADH_IDHM_E,4134,2000,0.3086375138734739
ADH_IDHM_E,4134,2010,0.5802025346301207
ADH_IDHM_E,4135,1991,0.075
ADH_IDHM_E,4135,2000,0.267
ADH_IDHM_E,4135,2010,0.56
ADH_IDHM_E,4136,1991,0.09999949335278858
ADH_IDHM_E,4136,2000,0.2402912061322855
ADH_IDHM_E,4136,2010,0.5594188181731955
ADH_IDHM_E,4137,1991,0.217
ADH_IDHM_E,4137,2000,0.4
ADH_IDHM_E,4137,2010,0.632
ADH_IDHM_E,4138,1991,0.183
ADH_IDHM_E,4138,2000,0.314
ADH_IDHM_E,4138,2010,0.553
ADH_IDHM_E,4139,1991,0.108
ADH_IDHM_E,4139,2000,0.232
ADH_IDHM_E,4139,2010,0.536
ADH_IDHM_E,4140,1991,0.1179300190621426
ADH_IDHM_E,4140,2000,0.3193443930121056
ADH_IDHM_E,4140,2010,0.5913869942621744
ADH_IDHM_E,4141,1991,0.104
ADH_IDHM_E,4141,2000,0.22100000000000003
ADH_IDHM_E,4141,2010,0.568
ADH_IDHM_E,4142,1991,0.158
ADH_IDHM_E,4142,2000,0.319
ADH_IDHM_E,4142,2010,0.55
ADH_IDHM_E,4143,1991,0.267
ADH_IDHM_E,4143,2000,0.449
ADH_IDHM_E,4143,2010,0.673
ADH_IDHM_E,4144,1991,0.0928993716258076
ADH_IDHM_E,4144,2000,0.22811132854542965
ADH_IDHM_E,4144,2010,0.5329796513748085
ADH_IDHM_E,4145,1991,0.11005973932931029
ADH_IDHM_E,4145,2000,0.29660109617643216
ADH_IDHM_E,4145,2010,0.5660063243487427
ADH_IDHM_E,4146,1991,0.11084530594940883
ADH_IDHM_E,4146,2000,0.2697537975565569
ADH_IDHM_E,4146,2010,0.537935035624198
ADH_IDHM_E,4147,1991,0.142
ADH_IDHM_E,4147,2000,0.302
ADH_IDHM_E,4147,2010,0.605
ADH_IDHM_E,4148,1991,0.20742610029845726
ADH_IDHM_E,4148,2000,0.3601934430784191
ADH_IDHM_E,4148,2010,0.6674274565634538
ADH_IDHM_E,4149,1991,0.367
ADH_IDHM_E,4149,2000,0.534
ADH_IDHM_E,4149,2010,0.695
ADH_IDHM_E,4150,1991,0.139
ADH_IDHM_E,4150,2000,0.292
ADH_IDHM_E,4150,2010,0.536
ADH_IDHM_E,4151,1991,0.078
ADH_IDHM_E,4151,2000,0.216
ADH_IDHM_E,4151,2010,0.449
ADH_IDHM_E,4152,1991,0.08196357583472046
ADH_IDHM_E,4152,2000,0.23502458551922056
ADH_IDHM_E,4152,2010,0.5172791294510949
ADH_IDHM_E,4153,1991,0.073
ADH_IDHM_E,4153,2000,0.18499999999999997
ADH_IDHM_E,4153,2010,0.453
ADH_IDHM_E,4154,1991,0.109
ADH_IDHM_E,4154,2000,0.209
ADH_IDHM_E,4154,2010,0.526
ADH_IDHM_E,4155,1991,0.177
ADH_IDHM_E,4155,2000,0.275
ADH_IDHM_E,4155,2010,0.598
ADH_IDHM_E,4156,1991,0.1735696490844282
ADH_IDHM_E,4156,2000,0.34259233905771
ADH_IDHM_E,4156,2010,0.6070603220706923
ADH_IDHM_E,4157,1991,0.131
ADH_IDHM_E,4157,2000,0.36500000000000005
ADH_IDHM_E,4157,2010,0.61
ADH_IDHM_E,4158,1991,0.072
ADH_IDHM_E,4158,2000,0.231
ADH_IDHM_E,4158,2010,0.49899999999999994
ADH_IDHM_E,4159,1991,0.102
ADH_IDHM_E,4159,2000,0.277
ADH_IDHM_E,4159,2010,0.525
ADH_IDHM_E,4160,1991,0.12836320545104427
ADH_IDHM_E,4160,2000,0.29408322611227733
ADH_IDHM_E,4160,2010,0.5321036784741144
ADH_IDHM_E,4161,1991,0.107
ADH_IDHM_E,4161,2000,0.282
ADH_IDHM_E,4161,2010,0.536
ADH_IDHM_E,4162,1991,0.16225704055711282
ADH_IDHM_E,4162,2000,0.35071249172520774
ADH_IDHM_E,4162,2010,0.5883717207049644
ADH_IDHM_E,4163,1991,0.11126694218870845
ADH_IDHM_E,4163,2000,0.26997640828117475
ADH_IDHM_E,4163,2010,0.5595967380313888
ADH_IDHM_E,4164,1991,0.155
ADH_IDHM_E,4164,2000,0.273
ADH_IDHM_E,4164,2010,0.491
ADH_IDHM_E,4165,1991,0.10851307544119927
ADH_IDHM_E,4165,2000,0.2697863204878355
ADH_IDHM_E,4165,2010,0.5307865061767502
ADH_IDHM_E,4166,1991,0.065
ADH_IDHM_E,4166,2000,0.212
ADH_IDHM_E,4166,2010,0.47900000000000004
ADH_IDHM_E,4167,1991,0.11825834638113038
ADH_IDHM_E,4167,2000,0.3089570892564604
ADH_IDHM_E,4167,2010,0.6029873035066505
ADH_IDHM_E,4168,1991,0.138
ADH_IDHM_E,4168,2000,0.256
ADH_IDHM_E,4168,2010,0.557
ADH_IDHM_E,4169,1991,0.188
ADH_IDHM_E,4169,2000,0.401
ADH_IDHM_E,4169,2010,0.642
ADH_IDHM_E,4170,1991,0.14662376237623762
ADH_IDHM_E,4170,2000,0.2762868050977807
ADH_IDHM_E,4170,2010,0.5556076530064286
ADH_IDHM_E,4171,1991,0.141
ADH_IDHM_E,4171,2000,0.332
ADH_IDHM_E,4171,2010,0.542
ADH_IDHM_E,4172,1991,0.049
ADH_IDHM_E,4172,2000,0.176
ADH_IDHM_E,4172,2010,0.463
ADH_IDHM_E,4173,1991,0.105
ADH_IDHM_E,4173,2000,0.24800000000000003
ADH_IDHM_E,4173,2010,0.535
ADH_IDHM_E,4174,1991,0.15700000000000003
ADH_IDHM_E,4174,2000,0.29
ADH_IDHM_E,4174,2010,0.559
ADH_IDHM_E,4175,1991,0.168
ADH_IDHM_E,4175,2000,0.354
ADH_IDHM_E,4175,2010,0.543
ADH_IDHM_E,4176,1991,0.157
ADH_IDHM_E,4176,2000,0.34
ADH_IDHM_E,4176,2010,0.548
ADH_IDHM_E,4177,1991,0.111
ADH_IDHM_E,4177,2000,0.265
ADH_IDHM_E,4177,2010,0.542
ADH_IDHM_E,4178,1991,0.146
ADH_IDHM_E,4178,2000,0.305
ADH_IDHM_E,4178,2010,0.6340000000000001
ADH_IDHM_E,4179,1991,0.22499999999999998
ADH_IDHM_E,4179,2000,0.39000000000000007
ADH_IDHM_E,4179,2010,0.6420000000000001
ADH_IDHM_E,4180,1991,0.07
ADH_IDHM_E,4180,2000,0.301
ADH_IDHM_E,4180,2010,0.511
ADH_IDHM_E,4181,1991,0.149
ADH_IDHM_E,4181,2000,0.295
ADH_IDHM_E,4181,2010,0.515
ADH_IDHM_E,4182,1991,0.247
ADH_IDHM_E,4182,2000,0.403
ADH_IDHM_E,4182,2010,0.623
ADH_IDHM_E,4183,1991,0.1468846153846154
ADH_IDHM_E,4183,2000,0.3129642100433204
ADH_IDHM_E,4183,2010,0.5625772603500973
ADH_IDHM_E,4184,1991,0.2140207160834761
ADH_IDHM_E,4184,2000,0.42232310810962154
ADH_IDHM_E,4184,2010,0.6484560780861577
ADH_IDHM_E,4185,1991,0.13
ADH_IDHM_E,4185,2000,0.283
ADH_IDHM_E,4185,2010,0.553
ADH_IDHM_E,4186,1991,0.109
ADH_IDHM_E,4186,2000,0.256
ADH_IDHM_E,4186,2010,0.522
ADH_IDHM_E,4187,1991,0.099
ADH_IDHM_E,4187,2000,0.243
ADH_IDHM_E,4187,2010,0.554
ADH_IDHM_E,4188,1991,0.089
ADH_IDHM_E,4188,2000,0.24499999999999997
ADH_IDHM_E,4188,2010,0.526
ADH_IDHM_E,4189,1991,0.131
ADH_IDHM_E,4189,2000,0.268
ADH_IDHM_E,4189,2010,0.554
ADH_IDHM_E,4190,1991,0.134
ADH_IDHM_E,4190,2000,0.275
ADH_IDHM_E,4190,2010,0.569
ADH_IDHM_E,4191,1991,0.112
ADH_IDHM_E,4191,2000,0.259
ADH_IDHM_E,4191,2010,0.552
ADH_IDHM_E,4192,1991,0.086
ADH_IDHM_E,4192,2000,0.2
ADH_IDHM_E,4192,2010,0.489
ADH_IDHM_E,4193,1991,0.138
ADH_IDHM_E,4193,2000,0.27
ADH_IDHM_E,4193,2010,0.538
ADH_IDHM_E,4194,1991,0.14
ADH_IDHM_E,4194,2000,0.209
ADH_IDHM_E,4194,2010,0.516
ADH_IDHM_E,4195,1991,0.13
ADH_IDHM_E,4195,2000,0.24100000000000002
ADH_IDHM_E,4195,2010,0.511
ADH_IDHM_E,4196,1991,0.111
ADH_IDHM_E,4196,2000,0.289
ADH_IDHM_E,4196,2010,0.541
ADH_IDHM_E,4197,1991,0.137
ADH_IDHM_E,4197,2000,0.306
ADH_IDHM_E,4197,2010,0.534
ADH_IDHM_E,4198,1991,0.132
ADH_IDHM_E,4198,2000,0.269
ADH_IDHM_E,4198,2010,0.554
ADH_IDHM_E,4199,1991,0.094
ADH_IDHM_E,4199,2000,0.23499999999999996
ADH_IDHM_E,4199,2010,0.526
ADH_IDHM_E,4200,1991,0.19600000000000004
ADH_IDHM_E,4200,2000,0.318
ADH_IDHM_E,4200,2010,0.557
ADH_IDHM_E,4201,1991,0.143
ADH_IDHM_E,4201,2000,0.322
ADH_IDHM_E,4201,2010,0.58
ADH_IDHM_E,4202,1991,0.177
ADH_IDHM_E,4202,2000,0.299
ADH_IDHM_E,4202,2010,0.571
ADH_IDHM_E,4203,1991,0.133
ADH_IDHM_E,4203,2000,0.392
ADH_IDHM_E,4203,2010,0.628
ADH_IDHM_E,4204,1991,0.145
ADH_IDHM_E,4204,2000,0.37
ADH_IDHM_E,4204,2010,0.551
ADH_IDHM_E,4205,1991,0.1593728426582869
ADH_IDHM_E,4205,2000,0.32013706771314826
ADH_IDHM_E,4205,2010,0.5912284644194757
ADH_IDHM_E,4206,1991,0.105
ADH_IDHM_E,4206,2000,0.175
ADH_IDHM_E,4206,2010,0.46
ADH_IDHM_E,4207,1991,0.059
ADH_IDHM_E,4207,2000,0.235
ADH_IDHM_E,4207,2010,0.518
ADH_IDHM_E,4208,1991,0.073
ADH_IDHM_E,4208,2000,0.22600000000000003
ADH_IDHM_E,4208,2010,0.521
ADH_IDHM_E,4209,1991,0.255
ADH_IDHM_E,4209,2000,0.403
ADH_IDHM_E,4209,2010,0.626
ADH_IDHM_E,4210,1991,0.132
ADH_IDHM_E,4210,2000,0.315
ADH_IDHM_E,4210,2010,0.604
ADH_IDHM_E,4211,1991,0.105
ADH_IDHM_E,4211,2000,0.247
ADH_IDHM_E,4211,2010,0.523
ADH_IDHM_E,4212,1991,0.039
ADH_IDHM_E,4212,2000,0.217
ADH_IDHM_E,4212,2010,0.5
ADH_IDHM_E,4213,1991,0.107
ADH_IDHM_E,4213,2000,0.312
ADH_IDHM_E,4213,2010,0.592
ADH_IDHM_E,4214,1991,0.117
ADH_IDHM_E,4214,2000,0.189
ADH_IDHM_E,4214,2010,0.44100000000000006
ADH_IDHM_E,4215,1991,0.127
ADH_IDHM_E,4215,2000,0.305
ADH_IDHM_E,4215,2010,0.556
ADH_IDHM_E,4216,1991,0.12263048423789406
ADH_IDHM_E,4216,2000,0.27619385461564905
ADH_IDHM_E,4216,2010,0.526095335780609
ADH_IDHM_E,4217,1991,0.195
ADH_IDHM_E,4217,2000,0.361
ADH_IDHM_E,4217,2010,0.626
ADH_IDHM_E,4218,1991,0.064
ADH_IDHM_E,4218,2000,0.203
ADH_IDHM_E,4218,2010,0.499
ADH_IDHM_E,4219,1991,0.137
ADH_IDHM_E,4219,2000,0.246
ADH_IDHM_E,4219,2010,0.5
ADH_IDHM_E,4220,1991,0.116
ADH_IDHM_E,4220,2000,0.256
ADH_IDHM_E,4220,2010,0.557
ADH_IDHM_E,4221,1991,0.14200000000000002
ADH_IDHM_E,4221,2000,0.297
ADH_IDHM_E,4221,2010,0.646
ADH_IDHM_E,4222,1991,0.215
ADH_IDHM_E,4222,2000,0.351
ADH_IDHM_E,4222,2010,0.576
ADH_IDHM_E,4223,1991,0.186
ADH_IDHM_E,4223,2000,0.385
ADH_IDHM_E,4223,2010,0.593
ADH_IDHM_E,4224,1991,0.198
ADH_IDHM_E,4224,2000,0.342
ADH_IDHM_E,4224,2010,0.537
ADH_IDHM_E,4225,1991,0.066
ADH_IDHM_E,4225,2000,0.2
ADH_IDHM_E,4225,2010,0.565
ADH_IDHM_E,4226,1991,0.148
ADH_IDHM_E,4226,2000,0.3410000000000001
ADH_IDHM_E,4226,2010,0.547
ADH_IDHM_E,4227,1991,0.063
ADH_IDHM_E,4227,2000,0.188
ADH_IDHM_E,4227,2010,0.476
ADH_IDHM_E,4228,1991,0.137
ADH_IDHM_E,4228,2000,0.283
ADH_IDHM_E,4228,2010,0.56
ADH_IDHM_E,4229,1991,0.141
ADH_IDHM_E,4229,2000,0.278
ADH_IDHM_E,4229,2010,0.587
ADH_IDHM_E,4230,1991,0.102
ADH_IDHM_E,4230,2000,0.235
ADH_IDHM_E,4230,2010,0.577
ADH_IDHM_E,4231,1991,0.12736633561202115
ADH_IDHM_E,4231,2000,0.26073209672076847
ADH_IDHM_E,4231,2010,0.5694832656913638
ADH_IDHM_E,4232,1991,0.143
ADH_IDHM_E,4232,2000,0.271
ADH_IDHM_E,4232,2010,0.594
ADH_IDHM_E,4233,1991,0.112
ADH_IDHM_E,4233,2000,0.26
ADH_IDHM_E,4233,2010,0.497
ADH_IDHM_E,4234,1991,0.059000000000000004
ADH_IDHM_E,4234,2000,0.212
ADH_IDHM_E,4234,2010,0.485
ADH_IDHM_E,4235,1991,0.131
ADH_IDHM_E,4235,2000,0.296
ADH_IDHM_E,4235,2010,0.576
ADH_IDHM_E,4236,1991,0.058
ADH_IDHM_E,4236,2000,0.171
ADH_IDHM_E,4236,2010,0.475
ADH_IDHM_E,5001,1991,0.247
ADH_IDHM_E,5001,2000,0.425
ADH_IDHM_E,5001,2010,0.634
ADH_IDHM_E,5002,1991,0.25147976964020025
ADH_IDHM_E,5002,2000,0.42484079339190173
ADH_IDHM_E,5002,2010,0.6230751924291847
ADH_IDHM_E,5003,1991,0.173
ADH_IDHM_E,5003,2000,0.277
ADH_IDHM_E,5003,2010,0.502
ADH_IDHM_E,5004,1991,0.127
ADH_IDHM_E,5004,2000,0.26
ADH_IDHM_E,5004,2010,0.572
ADH_IDHM_E,5005,1991,0.128
ADH_IDHM_E,5005,2000,0.30100000000000005
ADH_IDHM_E,5005,2010,0.491
ADH_IDHM_E,5006,1991,0.229
ADH_IDHM_E,5006,2000,0.355
ADH_IDHM_E,5006,2010,0.568
ADH_IDHM_E,5007,1991,0.191
ADH_IDHM_E,5007,2000,0.329
ADH_IDHM_E,5007,2010,0.585
ADH_IDHM_E,5008,1991,0.22199654624576914
ADH_IDHM_E,5008,2000,0.3600180722891566
ADH_IDHM_E,5008,2010,0.5278203152121086
ADH_IDHM_E,5009,1991,0.109
ADH_IDHM_E,5009,2000,0.26
ADH_IDHM_E,5009,2010,0.458
ADH_IDHM_E,5010,1991,0.173
ADH_IDHM_E,5010,2000,0.355
ADH_IDHM_E,5010,2010,0.571
ADH_IDHM_E,5011,1991,0.153
ADH_IDHM_E,5011,2000,0.303
ADH_IDHM_E,5011,2010,0.523
ADH_IDHM_E,5012,1991,0.09199879401833091
ADH_IDHM_E,5012,2000,0.2602121068810594
ADH_IDHM_E,5012,2010,0.5005880540412421
ADH_IDHM_E,5013,1991,0.19000000000000003
ADH_IDHM_E,5013,2000,0.284
ADH_IDHM_E,5013,2010,0.534
ADH_IDHM_E,5014,1991,0.073
ADH_IDHM_E,5014,2000,0.221
ADH_IDHM_E,5014,2010,0.442
ADH_IDHM_E,5015,1991,0.083
ADH_IDHM_E,5015,2000,0.203
ADH_IDHM_E,5015,2010,0.49400000000000005
ADH_IDHM_E,5016,1991,0.11399424050264705
ADH_IDHM_E,5016,2000,0.27082331307962904
ADH_IDHM_E,5016,2010,0.49439836146359495
ADH_IDHM_E,5017,1991,0.164
ADH_IDHM_E,5017,2000,0.225
ADH_IDHM_E,5017,2010,0.4600000000000001
ADH_IDHM_E,5018,1991,0.154
ADH_IDHM_E,5018,2000,0.237
ADH_IDHM_E,5018,2010,0.492
ADH_IDHM_E,5019,1991,0.15300067084078714
ADH_IDHM_E,5019,2000,0.26075358104469576
ADH_IDHM_E,5019,2010,0.44109542876209545
ADH_IDHM_E,5020,1991,0.117
ADH_IDHM_E,5020,2000,0.262
ADH_IDHM_E,5020,2010,0.499
ADH_IDHM_E,5021,1991,0.316
ADH_IDHM_E,5021,2000,0.45299999999999996
ADH_IDHM_E,5021,2010,0.619
ADH_IDHM_E,5022,1991,0.178
ADH_IDHM_E,5022,2000,0.328
ADH_IDHM_E,5022,2010,0.584
ADH_IDHM_E,5023,1991,0.133
ADH_IDHM_E,5023,2000,0.245
ADH_IDHM_E,5023,2010,0.486
ADH_IDHM_E,5024,1991,0.164
ADH_IDHM_E,5024,2000,0.303
ADH_IDHM_E,5024,2010,0.556
ADH_IDHM_E,5025,1991,0.261
ADH_IDHM_E,5025,2000,0.455
ADH_IDHM_E,5025,2010,0.577
ADH_IDHM_E,5026,1991,0.168
ADH_IDHM_E,5026,2000,0.308
ADH_IDHM_E,5026,2010,0.505
ADH_IDHM_E,5027,1991,0.15
ADH_IDHM_E,5027,2000,0.276
ADH_IDHM_E,5027,2010,0.518
ADH_IDHM_E,5028,1991,0.158
ADH_IDHM_E,5028,2000,0.231
ADH_IDHM_E,5028,2010,0.476
ADH_IDHM_E,5029,1991,0.101
ADH_IDHM_E,5029,2000,0.23799999999999996
ADH_IDHM_E,5029,2010,0.47100000000000003
ADH_IDHM_E,5030,1991,0.223
ADH_IDHM_E,5030,2000,0.397
ADH_IDHM_E,5030,2010,0.621
ADH_IDHM_E,5031,1991,0.29
ADH_IDHM_E,5031,2000,0.412
ADH_IDHM_E,5031,2010,0.617
ADH_IDHM_E,5032,1991,0.184
ADH_IDHM_E,5032,2000,0.287
ADH_IDHM_E,5032,2010,0.566
ADH_IDHM_E,5033,1991,0.272
ADH_IDHM_E,5033,2000,0.505
ADH_IDHM_E,5033,2010,0.7259999999999999
ADH_IDHM_E,5034,1991,0.172
ADH_IDHM_E,5034,2000,0.3
ADH_IDHM_E,5034,2010,0.536
ADH_IDHM_E,5035,1991,0.161
ADH_IDHM_E,5035,2000,0.319
ADH_IDHM_E,5035,2010,0.546
ADH_IDHM_E,5036,1991,0.10400000000000001
ADH_IDHM_E,5036,2000,0.228
ADH_IDHM_E,5036,2010,0.42300000000000004
ADH_IDHM_E,5037,1991,0.192
ADH_IDHM_E,5037,2000,0.366
ADH_IDHM_E,5037,2010,0.555
ADH_IDHM_E,5038,1991,0.155
ADH_IDHM_E,5038,2000,0.348
ADH_IDHM_E,5038,2010,0.575
ADH_IDHM_E,5039,1991,0.17299774647887323
ADH_IDHM_E,5039,2000,0.338364002987304
ADH_IDHM_E,5039,2010,0.5697846153846154
ADH_IDHM_E,5040,1991,0.188
ADH_IDHM_E,5040,2000,0.321
ADH_IDHM_E,5040,2010,0.523
ADH_IDHM_E,5041,1991,0.201
ADH_IDHM_E,5041,2000,0.305
ADH_IDHM_E,5041,2010,0.512
ADH_IDHM_E,5042,1991,0.119
ADH_IDHM_E,5042,2000,0.227
ADH_IDHM_E,5042,2010,0.429
ADH_IDHM_E,5043,1991,0.129
ADH_IDHM_E,5043,2000,0.3
ADH_IDHM_E,5043,2010,0.537
ADH_IDHM_E,5044,1991,0.164
ADH_IDHM_E,5044,2000,0.288
ADH_IDHM_E,5044,2010,0.48499999999999993
ADH_IDHM_E,5045,1991,0.1310005372300419
ADH_IDHM_E,5045,2000,0.31730691944784206
ADH_IDHM_E,5045,2010,0.5694965596330275
ADH_IDHM_E,5046,1991,0.142
ADH_IDHM_E,5046,2000,0.245
ADH_IDHM_E,5046,2010,0.505
ADH_IDHM_E,5047,1991,0.067
ADH_IDHM_E,5047,2000,0.182
ADH_IDHM_E,5047,2010,0.418
ADH_IDHM_E,5048,1991,0.14099881413057044
ADH_IDHM_E,5048,2000,0.2933122764540802
ADH_IDHM_E,5048,2010,0.5250026938618434
ADH_IDHM_E,5049,1991,0.258
ADH_IDHM_E,5049,2000,0.337
ADH_IDHM_E,5049,2010,0.633
ADH_IDHM_E,5050,1991,0.23200000000000004
ADH_IDHM_E,5050,2000,0.382
ADH_IDHM_E,5050,2010,0.542
ADH_IDHM_E,5051,1991,0.183
ADH_IDHM_E,5051,2000,0.277
ADH_IDHM_E,5051,2010,0.509
ADH_IDHM_E,5052,1991,0.105
ADH_IDHM_E,5052,2000,0.24499999999999997
ADH_IDHM_E,5052,2010,0.4620000000000001
ADH_IDHM_E,5053,1991,0.177
ADH_IDHM_E,5053,2000,0.332
ADH_IDHM_E,5053,2010,0.529
ADH_IDHM_E,5054,1991,0.132
ADH_IDHM_E,5054,2000,0.256
ADH_IDHM_E,5054,2010,0.48100000000000004
ADH_IDHM_E,5055,1991,0.128
ADH_IDHM_E,5055,2000,0.236
ADH_IDHM_E,5055,2010,0.48
ADH_IDHM_E,5056,1991,0.11699999999999999
ADH_IDHM_E,5056,2000,0.262
ADH_IDHM_E,5056,2010,0.437
ADH_IDHM_E,5057,1991,0.17
ADH_IDHM_E,5057,2000,0.24100000000000002
ADH_IDHM_E,5057,2010,0.469
ADH_IDHM_E,5058,1991,0.23099999999999998
ADH_IDHM_E,5058,2000,0.424
ADH_IDHM_E,5058,2010,0.584
ADH_IDHM_E,5059,1991,0.146
ADH_IDHM_E,5059,2000,0.266
ADH_IDHM_E,5059,2010,0.484
ADH_IDHM_E,5060,1991,0.059
ADH_IDHM_E,5060,2000,0.167
ADH_IDHM_E,5060,2010,0.39
ADH_IDHM_E,5061,1991,0.137
ADH_IDHM_E,5061,2000,0.254
ADH_IDHM_E,5061,2010,0.48899999999999993
ADH_IDHM_E,5062,1991,0.113
ADH_IDHM_E,5062,2000,0.255
ADH_IDHM_E,5062,2010,0.492
ADH_IDHM_E,5063,1991,0.15698874824191278
ADH_IDHM_E,5063,2000,0.24599842213860904
ADH_IDHM_E,5063,2010,0.5276271263325018
ADH_IDHM_E,5064,1991,0.134
ADH_IDHM_E,5064,2000,0.234
ADH_IDHM_E,5064,2010,0.507
ADH_IDHM_E,5065,1991,0.062
ADH_IDHM_E,5065,2000,0.169
ADH_IDHM_E,5065,2010,0.436
ADH_IDHM_E,5066,1991,0.149
ADH_IDHM_E,5066,2000,0.337
ADH_IDHM_E,5066,2010,0.45799999999999996
ADH_IDHM_E,5067,1991,0.141
ADH_IDHM_E,5067,2000,0.289
ADH_IDHM_E,5067,2010,0.483
ADH_IDHM_E,5068,1991,0.107
ADH_IDHM_E,5068,2000,0.148
ADH_IDHM_E,5068,2010,0.464
ADH_IDHM_E,5069,1991,0.189
ADH_IDHM_E,5069,2000,0.351
ADH_IDHM_E,5069,2010,0.557
ADH_IDHM_E,5070,1991,0.166
ADH_IDHM_E,5070,2000,0.348
ADH_IDHM_E,5070,2010,0.568
ADH_IDHM_E,5071,1991,0.256
ADH_IDHM_E,5071,2000,0.38299999999999995
ADH_IDHM_E,5071,2010,0.551
ADH_IDHM_E,5072,1991,0.13299938255270355
ADH_IDHM_E,5072,2000,0.2507825152867295
ADH_IDHM_E,5072,2010,0.5304620416856838
ADH_IDHM_E,5073,1991,0.183
ADH_IDHM_E,5073,2000,0.35
ADH_IDHM_E,5073,2010,0.545
ADH_IDHM_E,5074,1991,0.21300000000000002
ADH_IDHM_E,5074,2000,0.42599999999999993
ADH_IDHM_E,5074,2010,0.572
ADH_IDHM_E,5075,1991,0.093
ADH_IDHM_E,5075,2000,0.251
ADH_IDHM_E,5075,2010,0.51
ADH_IDHM_E,5076,1991,0.1989957723577236
ADH_IDHM_E,5076,2000,0.3535557404326123
ADH_IDHM_E,5076,2010,0.5216306631133406
ADH_IDHM_E,5077,1991,0.14099630150159034
ADH_IDHM_E,5077,2000,0.23876971773725175
ADH_IDHM_E,5077,2010,0.48195653658536586
ADH_IDHM_E,5078,1991,0.255
ADH_IDHM_E,5078,2000,0.331
ADH_IDHM_E,5078,2010,0.565
ADH_IDHM_E,5079,1991,0.117
ADH_IDHM_E,5079,2000,0.23400000000000004
ADH_IDHM_E,5079,2010,0.447
ADH_IDHM_E,5080,1991,0.134
ADH_IDHM_E,5080,2000,0.283
ADH_IDHM_E,5080,2010,0.507
ADH_IDHM_E,5081,1991,0.135
ADH_IDHM_E,5081,2000,0.27
ADH_IDHM_E,5081,2010,0.509
ADH_IDHM_E,5082,1991,0.407
ADH_IDHM_E,5082,2000,0.547
ADH_IDHM_E,5082,2010,0.694
ADH_IDHM_E,5083,1991,0.162
ADH_IDHM_E,5083,2000,0.304
ADH_IDHM_E,5083,2010,0.518
ADH_IDHM_E,5084,1991,0.141
ADH_IDHM_E,5084,2000,0.305
ADH_IDHM_E,5084,2010,0.537
ADH_IDHM_E,5085,1991,0.169
ADH_IDHM_E,5085,2000,0.314
ADH_IDHM_E,5085,2010,0.48200000000000004
ADH_IDHM_E,5086,1991,0.213
ADH_IDHM_E,5086,2000,0.386
ADH_IDHM_E,5086,2010,0.558
ADH_IDHM_E,5087,1991,0.153
ADH_IDHM_E,5087,2000,0.278
ADH_IDHM_E,5087,2010,0.496
ADH_IDHM_E,5088,1991,0.169
ADH_IDHM_E,5088,2000,0.357
ADH_IDHM_E,5088,2010,0.522
ADH_IDHM_E,5089,1991,0.073
ADH_IDHM_E,5089,2000,0.205
ADH_IDHM_E,5089,2010,0.42399999999999993
ADH_IDHM_E,5090,1991,0.253
ADH_IDHM_E,5090,2000,0.382
ADH_IDHM_E,5090,2010,0.617
ADH_IDHM_E,5091,1991,0.17299999999999996
ADH_IDHM_E,5091,2000,0.27
ADH_IDHM_E,5091,2010,0.516
ADH_IDHM_E,5092,1991,0.199
ADH_IDHM_E,5092,2000,0.301
ADH_IDHM_E,5092,2010,0.501
ADH_IDHM_E,5093,1991,0.218
ADH_IDHM_E,5093,2000,0.335
ADH_IDHM_E,5093,2010,0.513
ADH_IDHM_E,5094,1991,0.16799299450549451
ADH_IDHM_E,5094,2000,0.28303670454545454
ADH_IDHM_E,5094,2010,0.5369735015772872
ADH_IDHM_E,5095,1991,0.24
ADH_IDHM_E,5095,2000,0.441
ADH_IDHM_E,5095,2010,0.584
ADH_IDHM_E,5096,1991,0.093
ADH_IDHM_E,5096,2000,0.247
ADH_IDHM_E,5096,2010,0.43
ADH_IDHM_E,5097,1991,0.10199999999999998
ADH_IDHM_E,5097,2000,0.232
ADH_IDHM_E,5097,2010,0.43500000000000005
ADH_IDHM_E,5098,1991,0.111
ADH_IDHM_E,5098,2000,0.29
ADH_IDHM_E,5098,2010,0.43499999999999994
ADH_IDHM_E,5099,1991,0.097
ADH_IDHM_E,5099,2000,0.23399999999999999
ADH_IDHM_E,5099,2010,0.442
ADH_IDHM_E,5100,1991,0.23099999999999998
ADH_IDHM_E,5100,2000,0.365
ADH_IDHM_E,5100,2010,0.526
ADH_IDHM_E,5101,1991,0.14
ADH_IDHM_E,5101,2000,0.261
ADH_IDHM_E,5101,2010,0.527
ADH_IDHM_E,5102,1991,0.10499999999999998
ADH_IDHM_E,5102,2000,0.258
ADH_IDHM_E,5102,2010,0.471
ADH_IDHM_E,5103,1991,0.168
ADH_IDHM_E,5103,2000,0.292
ADH_IDHM_E,5103,2010,0.547
ADH_IDHM_E,5104,1991,0.121
ADH_IDHM_E,5104,2000,0.247
ADH_IDHM_E,5104,2010,0.453
ADH_IDHM_E,5105,1991,0.122
ADH_IDHM_E,5105,2000,0.278
ADH_IDHM_E,5105,2010,0.456
ADH_IDHM_E,5106,1991,0.26
ADH_IDHM_E,5106,2000,0.35
ADH_IDHM_E,5106,2010,0.518
ADH_IDHM_E,5107,1991,0.252
ADH_IDHM_E,5107,2000,0.39
ADH_IDHM_E,5107,2010,0.607
ADH_IDHM_E,5108,1991,0.146
ADH_IDHM_E,5108,2000,0.277
ADH_IDHM_E,5108,2010,0.487
ADH_IDHM_E,5109,1991,0.164
ADH_IDHM_E,5109,2000,0.307
ADH_IDHM_E,5109,2010,0.489
ADH_IDHM_E,5110,1991,0.129
ADH_IDHM_E,5110,2000,0.265
ADH_IDHM_E,5110,2010,0.481
ADH_IDHM_E,5111,1991,0.158
ADH_IDHM_E,5111,2000,0.323
ADH_IDHM_E,5111,2010,0.519
ADH_IDHM_E,5112,1991,0.054
ADH_IDHM_E,5112,2000,0.239
ADH_IDHM_E,5112,2010,0.517
ADH_IDHM_E,5113,1991,0.22
ADH_IDHM_E,5113,2000,0.362
ADH_IDHM_E,5113,2010,0.564
ADH_IDHM_E,5114,1991,0.187
ADH_IDHM_E,5114,2000,0.394
ADH_IDHM_E,5114,2010,0.58
ADH_IDHM_E,5115,1991,0.158
ADH_IDHM_E,5115,2000,0.289
ADH_IDHM_E,5115,2010,0.512
ADH_IDHM_E,5116,1991,0.167
ADH_IDHM_E,5116,2000,0.284
ADH_IDHM_E,5116,2010,0.525
ADH_IDHM_E,5117,1991,0.153
ADH_IDHM_E,5117,2000,0.32799999999999996
ADH_IDHM_E,5117,2010,0.508
ADH_IDHM_E,5118,1991,0.143
ADH_IDHM_E,5118,2000,0.322
ADH_IDHM_E,5118,2010,0.547
ADH_IDHM_E,5119,1991,0.21099999999999997
ADH_IDHM_E,5119,2000,0.361
ADH_IDHM_E,5119,2010,0.564
ADH_IDHM_E,5120,1991,0.21800000000000003
ADH_IDHM_E,5120,2000,0.36999999999999994
ADH_IDHM_E,5120,2010,0.581
ADH_IDHM_E,5121,1991,0.17
ADH_IDHM_E,5121,2000,0.317
ADH_IDHM_E,5121,2010,0.508
ADH_IDHM_E,5122,1991,0.138
ADH_IDHM_E,5122,2000,0.267
ADH_IDHM_E,5122,2010,0.522
ADH_IDHM_E,5123,1991,0.246
ADH_IDHM_E,5123,2000,0.447
ADH_IDHM_E,5123,2010,0.647
ADH_IDHM_E,5124,1991,0.12999591299854374
ADH_IDHM_E,5124,2000,0.2719614371867833
ADH_IDHM_E,5124,2010,0.5113811301870814
ADH_IDHM_E,5125,1991,0.11299792930039934
ADH_IDHM_E,5125,2000,0.22628260808257428
ADH_IDHM_E,5125,2010,0.46643612766920695
ADH_IDHM_E,5126,1991,0.124
ADH_IDHM_E,5126,2000,0.179
ADH_IDHM_E,5126,2010,0.44899999999999995
ADH_IDHM_E,5127,1991,0.122
ADH_IDHM_E,5127,2000,0.287
ADH_IDHM_E,5127,2010,0.493
ADH_IDHM_E,5128,1991,0.149
ADH_IDHM_E,5128,2000,0.265
ADH_IDHM_E,5128,2010,0.461
ADH_IDHM_E,5129,1991,0.24000000000000002
ADH_IDHM_E,5129,2000,0.365
ADH_IDHM_E,5129,2010,0.556
ADH_IDHM_E,5130,1991,0.161
ADH_IDHM_E,5130,2000,0.292
ADH_IDHM_E,5130,2010,0.504
ADH_IDHM_E,5131,1991,0.127
ADH_IDHM_E,5131,2000,0.32899999999999996
ADH_IDHM_E,5131,2010,0.455
ADH_IDHM_E,5132,1991,0.134
ADH_IDHM_E,5132,2000,0.25
ADH_IDHM_E,5132,2010,0.482
ADH_IDHM_E,5133,1991,0.123
ADH_IDHM_E,5133,2000,0.23699999999999996
ADH_IDHM_E,5133,2010,0.468
ADH_IDHM_E,5134,1991,0.09200000000000001
ADH_IDHM_E,5134,2000,0.209
ADH_IDHM_E,5134,2010,0.502
ADH_IDHM_E,5135,1991,0.136
ADH_IDHM_E,5135,2000,0.316
ADH_IDHM_E,5135,2010,0.522
ADH_IDHM_E,5136,1991,0.084
ADH_IDHM_E,5136,2000,0.23800000000000002
ADH_IDHM_E,5136,2010,0.49100000000000005
ADH_IDHM_E,5137,1991,0.209
ADH_IDHM_E,5137,2000,0.341
ADH_IDHM_E,5137,2010,0.507
ADH_IDHM_E,5138,1991,0.085
ADH_IDHM_E,5138,2000,0.208
ADH_IDHM_E,5138,2010,0.435
ADH_IDHM_E,5139,1991,0.137
ADH_IDHM_E,5139,2000,0.302
ADH_IDHM_E,5139,2010,0.516
ADH_IDHM_E,5140,1991,0.129
ADH_IDHM_E,5140,2000,0.234
ADH_IDHM_E,5140,2010,0.4680000000000001
ADH_IDHM_E,5141,1991,0.141
ADH_IDHM_E,5141,2000,0.323
ADH_IDHM_E,5141,2010,0.504
ADH_IDHM_E,5142,1991,0.234
ADH_IDHM_E,5142,2000,0.383
ADH_IDHM_E,5142,2010,0.591
ADH_IDHM_E,5143,1991,0.225
ADH_IDHM_E,5143,2000,0.332
ADH_IDHM_E,5143,2010,0.506
ADH_IDHM_E,5144,1991,0.165
ADH_IDHM_E,5144,2000,0.257
ADH_IDHM_E,5144,2010,0.516
ADH_IDHM_E,5145,1991,0.097
ADH_IDHM_E,5145,2000,0.299
ADH_IDHM_E,5145,2010,0.494
ADH_IDHM_E,5146,1991,0.164
ADH_IDHM_E,5146,2000,0.35800000000000004
ADH_IDHM_E,5146,2010,0.502
ADH_IDHM_E,5147,1991,0.143
ADH_IDHM_E,5147,2000,0.19
ADH_IDHM_E,5147,2010,0.471
ADH_IDHM_E,6001,1991,0.121
ADH_IDHM_E,6001,2000,0.253
ADH_IDHM_E,6001,2010,0.484
ADH_IDHM_E,6002,1991,0.104
ADH_IDHM_E,6002,2000,0.226
ADH_IDHM_E,6002,2010,0.44699999999999995
ADH_IDHM_E,6003,1991,0.114
ADH_IDHM_E,6003,2000,0.224
ADH_IDHM_E,6003,2010,0.43
ADH_IDHM_E,6004,1991,0.1359981645626287
ADH_IDHM_E,6004,2000,0.19649115219981464
ADH_IDHM_E,6004,2010,0.44181864011332384
ADH_IDHM_E,6005,1991,0.083
ADH_IDHM_E,6005,2000,0.216
ADH_IDHM_E,6005,2010,0.462
ADH_IDHM_E,6006,1991,0.1199975044348898
ADH_IDHM_E,6006,2000,0.25471289643032347
ADH_IDHM_E,6006,2010,0.4846365921635062
ADH_IDHM_E,6007,1991,0.12399469944082013
ADH_IDHM_E,6007,2000,0.22997097471237515
ADH_IDHM_E,6007,2010,0.4667645259938838
ADH_IDHM_E,6008,1991,0.093
ADH_IDHM_E,6008,2000,0.229
ADH_IDHM_E,6008,2010,0.4650000000000001
ADH_IDHM_E,6009,1991,0.1450002783964365
ADH_IDHM_E,6009,2000,0.2676722038697499
ADH_IDHM_E,6009,2010,0.4912555119707832
ADH_IDHM_E,6010,1991,0.1469969821832743
ADH_IDHM_E,6010,2000,0.2799718101767035
ADH_IDHM_E,6010,2010,0.535955918007494
ADH_IDHM_E,6011,1991,0.18899447807023084
ADH_IDHM_E,6011,2000,0.3003439106498305
ADH_IDHM_E,6011,2010,0.5437672976686615
ADH_IDHM_E,6012,1991,0.093
ADH_IDHM_E,6012,2000,0.21
ADH_IDHM_E,6012,2010,0.412
ADH_IDHM_E,6013,1991,0.109
ADH_IDHM_E,6013,2000,0.204
ADH_IDHM_E,6013,2010,0.407
ADH_IDHM_E,6014,1991,0.087
ADH_IDHM_E,6014,2000,0.19353649860810393
ADH_IDHM_E,6014,2010,0.44519426507112214
ADH_IDHM_E,6015,1991,0.133
ADH_IDHM_E,6015,2000,0.23900000000000002
ADH_IDHM_E,6015,2010,0.467
ADH_IDHM_E,6016,1991,0.10198461538461537
ADH_IDHM_E,6016,2000,0.24029586088660299
ADH_IDHM_E,6016,2010,0.5006480769230769
ADH_IDHM_E,6017,1991,0.155
ADH_IDHM_E,6017,2000,0.279
ADH_IDHM_E,6017,2010,0.503
ADH_IDHM_E,6018,1991,0.07399847222222222
ADH_IDHM_E,6018,2000,0.18131471773474556
ADH_IDHM_E,6018,2010,0.39940818704931164
ADH_IDHM_E,6019,1991,0.11766745543945914
ADH_IDHM_E,6019,2000,0.23345752120220206
ADH_IDHM_E,6019,2010,0.45425305543144007
ADH_IDHM_E,6020,1991,0.171
ADH_IDHM_E,6020,2000,0.259
ADH_IDHM_E,6020,2010,0.495
ADH_IDHM_E,6021,1991,0.081
ADH_IDHM_E,6021,2000,0.204
ADH_IDHM_E,6021,2010,0.43
ADH_IDHM_E,6022,1991,0.11599671888230315
ADH_IDHM_E,6022,2000,0.2510355091383812
ADH_IDHM_E,6022,2010,0.497162106764103
ADH_IDHM_E,6023,1991,0.10999477116503144
ADH_IDHM_E,6023,2000,0.17361388027665156
ADH_IDHM_E,6023,2010,0.4229436952300992
ADH_IDHM_E,6024,1991,0.068
ADH_IDHM_E,6024,2000,0.266
ADH_IDHM_E,6024,2010,0.44
ADH_IDHM_E,6025,1991,0.216
ADH_IDHM_E,6025,2000,0.34
ADH_IDHM_E,6025,2010,0.566
ADH_IDHM_E,6026,1991,0.099
ADH_IDHM_E,6026,2000,0.246
ADH_IDHM_E,6026,2010,0.49199999999999994
ADH_IDHM_E,6027,1991,0.103
ADH_IDHM_E,6027,2000,0.25
ADH_IDHM_E,6027,2010,0.451
ADH_IDHM_E,6028,1991,0.13999528613179976
ADH_IDHM_E,6028,2000,0.24471098863244917
ADH_IDHM_E,6028,2010,0.49124603497356656
ADH_IDHM_E,6029,1991,0.158
ADH_IDHM_E,6029,2000,0.192
ADH_IDHM_E,6029,2010,0.48
ADH_IDHM_E,6030,1991,0.31599947289064323
ADH_IDHM_E,6030,2000,0.4648702409564991
ADH_IDHM_E,6030,2010,0.6528546290619252
ADH_IDHM_E,6031,1991,0.12
ADH_IDHM_E,6031,2000,0.23
ADH_IDHM_E,6031,2010,0.477
ADH_IDHM_E,6032,1991,0.164
ADH_IDHM_E,6032,2000,0.294
ADH_IDHM_E,6032,2010,0.494
ADH_IDHM_E,6033,1991,0.12199999999999998
ADH_IDHM_E,6033,2000,0.219
ADH_IDHM_E,6033,2010,0.427
ADH_IDHM_E,6034,1991,0.10299999999999998
ADH_IDHM_E,6034,2000,0.222
ADH_IDHM_E,6034,2010,0.49600000000000005
ADH_IDHM_E,6035,1991,0.104
ADH_IDHM_E,6035,2000,0.25
ADH_IDHM_E,6035,2010,0.426
ADH_IDHM_E,6036,1991,0.15099337414476055
ADH_IDHM_E,6036,2000,0.2714253731343284
ADH_IDHM_E,6036,2010,0.46413729992571084
ADH_IDHM_E,6037,1991,0.14
ADH_IDHM_E,6037,2000,0.286
ADH_IDHM_E,6037,2010,0.541
ADH_IDHM_E,6038,1991,0.102
ADH_IDHM_E,6038,2000,0.219
ADH_IDHM_E,6038,2010,0.509
ADH_IDHM_E,6039,1991,0.1679889985439249
ADH_IDHM_E,6039,2000,0.2989864176570458
ADH_IDHM_E,6039,2010,0.49540778001341385
ADH_IDHM_E,6040,1991,0.24
ADH_IDHM_E,6040,2000,0.437
ADH_IDHM_E,6040,2010,0.651
ADH_IDHM_E,6041,1991,0.089
ADH_IDHM_E,6041,2000,0.198
ADH_IDHM_E,6041,2010,0.45299999999999996
ADH_IDHM_E,6042,1991,0.109
ADH_IDHM_E,6042,2000,0.244
ADH_IDHM_E,6042,2010,0.497
ADH_IDHM_E,6043,1991,0.061
ADH_IDHM_E,6043,2000,0.179
ADH_IDHM_E,6043,2010,0.419
ADH_IDHM_E,6044,1991,0.09099553711243347
ADH_IDHM_E,6044,2000,0.17947547683923704
ADH_IDHM_E,6044,2010,0.4600837554880108
ADH_IDHM_E,6045,1991,0.10099743589743591
ADH_IDHM_E,6045,2000,0.26741842449131975
ADH_IDHM_E,6045,2010,0.48164307471779255
ADH_IDHM_E,6046,1991,0.229
ADH_IDHM_E,6046,2000,0.353
ADH_IDHM_E,6046,2010,0.5740000000000001
ADH_IDHM_E,6047,1991,0.1669908639975705
ADH_IDHM_E,6047,2000,0.2553652178162183
ADH_IDHM_E,6047,2010,0.49710240649326
ADH_IDHM_E,6048,1991,0.08
ADH_IDHM_E,6048,2000,0.204
ADH_IDHM_E,6048,2010,0.45100000000000007
ADH_IDHM_E,6049,1991,0.152
ADH_IDHM_E,6049,2000,0.223
ADH_IDHM_E,6049,2010,0.431
ADH_IDHM_E,6050,1991,0.12999422730006013
ADH_IDHM_E,6050,2000,0.2051827607125131
ADH_IDHM_E,6050,2010,0.43688751580544555
ADH_IDHM_E,6051,1991,0.1639940302467498
ADH_IDHM_E,6051,2000,0.27841966929911155
ADH_IDHM_E,6051,2010,0.48658097779934484
ADH_IDHM_E,6052,1991,0.167
ADH_IDHM_E,6052,2000,0.264
ADH_IDHM_E,6052,2010,0.543
ADH_IDHM_E,6053,1991,0.12699667002718967
ADH_IDHM_E,6053,2000,0.2071213667866545
ADH_IDHM_E,6053,2010,0.44938834404906525
ADH_IDHM_E,6054,1991,0.087
ADH_IDHM_E,6054,2000,0.216
ADH_IDHM_E,6054,2010,0.455
ADH_IDHM_E,6055,1991,0.188
ADH_IDHM_E,6055,2000,0.325
ADH_IDHM_E,6055,2010,0.539
ADH_IDHM_E,6056,1991,0.1439968988241375
ADH_IDHM_E,6056,2000,0.25047264770240707
ADH_IDHM_E,6056,2010,0.47858533467263265
ADH_IDHM_E,6057,1991,0.156
ADH_IDHM_E,6057,2000,0.24899999999999997
ADH_IDHM_E,6057,2010,0.476
ADH_IDHM_E,6058,1991,0.11
ADH_IDHM_E,6058,2000,0.216
ADH_IDHM_E,6058,2010,0.5
ADH_IDHM_E,6059,1991,0.08
ADH_IDHM_E,6059,2000,0.258
ADH_IDHM_E,6059,2010,0.47700000000000004
ADH_IDHM_E,6060,1991,0.123
ADH_IDHM_E,6060,2000,0.237
ADH_IDHM_E,6060,2010,0.452
ADH_IDHM_E,6061,1991,0.16099543983524567
ADH_IDHM_E,6061,2000,0.29925180696502884
ADH_IDHM_E,6061,2010,0.5406034997287033
ADH_IDHM_E,6062,1991,0.109
ADH_IDHM_E,6062,2000,0.214
ADH_IDHM_E,6062,2010,0.408
ADH_IDHM_E,6063,1991,0.10100000000000002
ADH_IDHM_E,6063,2000,0.21999999999999997
ADH_IDHM_E,6063,2010,0.44799999999999995
ADH_IDHM_E,6064,1991,0.1069986179493824
ADH_IDHM_E,6064,2000,0.2535055890702626
ADH_IDHM_E,6064,2010,0.46863092409383506
ADH_IDHM_E,6065,1991,0.132
ADH_IDHM_E,6065,2000,0.232
ADH_IDHM_E,6065,2010,0.45
ADH_IDHM_E,6066,1991,0.152
ADH_IDHM_E,6066,2000,0.24399999999999997
ADH_IDHM_E,6066,2010,0.491
ADH_IDHM_E,6067,1991,0.103
ADH_IDHM_E,6067,2000,0.238
ADH_IDHM_E,6067,2010,0.424
ADH_IDHM_E,6068,1991,0.13
ADH_IDHM_E,6068,2000,0.271
ADH_IDHM_E,6068,2010,0.496
ADH_IDHM_E,6069,1991,0.071
ADH_IDHM_E,6069,2000,0.11699999999999999
ADH_IDHM_E,6069,2010,0.447
ADH_IDHM_E,6070,1991,0.09100516444686056
ADH_IDHM_E,6070,2000,0.24013522445607272
ADH_IDHM_E,6070,2010,0.5279396240507905
ADH_IDHM_E,6071,1991,0.09700000000000002
ADH_IDHM_E,6071,2000,0.232
ADH_IDHM_E,6071,2010,0.492
ADH_IDHM_E,6072,1991,0.148
ADH_IDHM_E,6072,2000,0.309
ADH_IDHM_E,6072,2010,0.526
ADH_IDHM_E,6073,1991,0.096
ADH_IDHM_E,6073,2000,0.235
ADH_IDHM_E,6073,2010,0.432
ADH_IDHM_E,6074,1991,0.243
ADH_IDHM_E,6074,2000,0.295
ADH_IDHM_E,6074,2010,0.542
ADH_IDHM_E,6075,1991,0.193
ADH_IDHM_E,6075,2000,0.3499999999999999
ADH_IDHM_E,6075,2010,0.586
ADH_IDHM_E,6076,1991,0.06
ADH_IDHM_E,6076,2000,0.183
ADH_IDHM_E,6076,2010,0.435
ADH_IDHM_E,6077,1991,0.17699654207146384
ADH_IDHM_E,6077,2000,0.30489765611021646
ADH_IDHM_E,6077,2010,0.5332183888218044
ADH_IDHM_E,6078,1991,0.124
ADH_IDHM_E,6078,2000,0.265
ADH_IDHM_E,6078,2010,0.4789999999999999
ADH_IDHM_E,6079,1991,0.091
ADH_IDHM_E,6079,2000,0.163
ADH_IDHM_E,6079,2010,0.461
ADH_IDHM_E,6080,1991,0.08000009207255318
ADH_IDHM_E,6080,2000,0.23428654124457304
ADH_IDHM_E,6080,2010,0.46074086615576537
ADH_IDHM_E,6081,1991,0.2
ADH_IDHM_E,6081,2000,0.324
ADH_IDHM_E,6081,2010,0.536
ADH_IDHM_E,6082,1991,0.188
ADH_IDHM_E,6082,2000,0.352
ADH_IDHM_E,6082,2010,0.517
ADH_IDHM_E,6083,1991,0.1
ADH_IDHM_E,6083,2000,0.197
ADH_IDHM_E,6083,2010,0.437
ADH_IDHM_E,6084,1991,0.099
ADH_IDHM_E,6084,2000,0.207
ADH_IDHM_E,6084,2010,0.43600000000000005
ADH_IDHM_E,6085,1991,0.07599880076315073
ADH_IDHM_E,6085,2000,0.161809
ADH_IDHM_E,6085,2010,0.4244687166996498
ADH_IDHM_E,6086,1991,0.13699048525214083
ADH_IDHM_E,6086,2000,0.24689088692471806
ADH_IDHM_E,6086,2010,0.46095957031249996
ADH_IDHM_E,6087,1991,0.384
ADH_IDHM_E,6087,2000,0.523
ADH_IDHM_E,6087,2010,0.693
ADH_IDHM_E,6088,1991,0.124
ADH_IDHM_E,6088,2000,0.222
ADH_IDHM_E,6088,2010,0.4650000000000001
ADH_IDHM_E,6089,1991,0.153
ADH_IDHM_E,6089,2000,0.292
ADH_IDHM_E,6089,2010,0.576
ADH_IDHM_E,6090,1991,0.093
ADH_IDHM_E,6090,2000,0.216
ADH_IDHM_E,6090,2010,0.44800000000000006
ADH_IDHM_E,6091,1991,0.071
ADH_IDHM_E,6091,2000,0.202
ADH_IDHM_E,6091,2010,0.44299999999999995
ADH_IDHM_E,6092,1991,0.128
ADH_IDHM_E,6092,2000,0.22199999999999998
ADH_IDHM_E,6092,2010,0.44800000000000006
ADH_IDHM_E,6093,1991,0.108
ADH_IDHM_E,6093,2000,0.241
ADH_IDHM_E,6093,2010,0.444
ADH_IDHM_E,6094,1991,0.144
ADH_IDHM_E,6094,2000,0.29
ADH_IDHM_E,6094,2010,0.516
ADH_IDHM_E,6095,1991,0.084
ADH_IDHM_E,6095,2000,0.247
ADH_IDHM_E,6095,2010,0.37999999999999995
ADH_IDHM_E,6096,1991,0.10000000000000002
ADH_IDHM_E,6096,2000,0.225
ADH_IDHM_E,6096,2010,0.473
ADH_IDHM_E,6097,1991,0.079
ADH_IDHM_E,6097,2000,0.195
ADH_IDHM_E,6097,2010,0.469
ADH_IDHM_E,6098,1991,0.083
ADH_IDHM_E,6098,2000,0.183
ADH_IDHM_E,6098,2010,0.429
ADH_IDHM_E,6099,1991,0.15
ADH_IDHM_E,6099,2000,0.3
ADH_IDHM_E,6099,2010,0.533
ADH_IDHM_E,6100,1991,0.085
ADH_IDHM_E,6100,2000,0.21600000000000003
ADH_IDHM_E,6100,2010,0.426
ADH_IDHM_E,6101,1991,0.16999594514892363
ADH_IDHM_E,6101,2000,0.25011594304552154
ADH_IDHM_E,6101,2010,0.46208769004413924
ADH_IDHM_E,6102,1991,0.10300000000000001
ADH_IDHM_E,6102,2000,0.22199999999999998
ADH_IDHM_E,6102,2010,0.42899999999999994
ADH_IDHM_E,6103,1991,0.10099999999999999
ADH_IDHM_E,6103,2000,0.226
ADH_IDHM_E,6103,2010,0.441
ADH_IDHM_E,6104,1991,0.101
ADH_IDHM_E,6104,2000,0.218
ADH_IDHM_E,6104,2010,0.427
ADH_IDHM_E,6105,1991,0.13499464479006437
ADH_IDHM_E,6105,2000,0.22507759788048276
ADH_IDHM_E,6105,2010,0.5113337149114076
ADH_IDHM_E,6106,1991,0.082
ADH_IDHM_E,6106,2000,0.221
ADH_IDHM_E,6106,2010,0.4809999999999999
ADH_IDHM_E,6107,1991,0.112
ADH_IDHM_E,6107,2000,0.308
ADH_IDHM_E,6107,2010,0.505
ADH_IDHM_E,6108,1991,0.089
ADH_IDHM_E,6108,2000,0.251
ADH_IDHM_E,6108,2010,0.463
ADH_IDHM_E,6109,1991,0.164
ADH_IDHM_E,6109,2000,0.291
ADH_IDHM_E,6109,2010,0.558
ADH_IDHM_E,6110,1991,0.098
ADH_IDHM_E,6110,2000,0.208
ADH_IDHM_E,6110,2010,0.423
ADH_IDHM_E,6111,1991,0.103
ADH_IDHM_E,6111,2000,0.20500000000000002
ADH_IDHM_E,6111,2010,0.432
ADH_IDHM_E,6112,1991,0.101
ADH_IDHM_E,6112,2000,0.228
ADH_IDHM_E,6112,2010,0.449
ADH_IDHM_E,6113,1991,0.143
ADH_IDHM_E,6113,2000,0.247
ADH_IDHM_E,6113,2010,0.498
ADH_IDHM_E,6114,1991,0.076
ADH_IDHM_E,6114,2000,0.202
ADH_IDHM_E,6114,2010,0.453
ADH_IDHM_E,6115,1991,0.11200000000000002
ADH_IDHM_E,6115,2000,0.251
ADH_IDHM_E,6115,2010,0.48800000000000004
ADH_IDHM_E,6116,1991,0.078
ADH_IDHM_E,6116,2000,0.229
ADH_IDHM_E,6116,2010,0.452
ADH_IDHM_E,6117,1991,0.146
ADH_IDHM_E,6117,2000,0.264
ADH_IDHM_E,6117,2010,0.54
ADH_IDHM_E,6118,1991,0.165
ADH_IDHM_E,6118,2000,0.309
ADH_IDHM_E,6118,2010,0.518
ADH_IDHM_E,6119,1991,0.11399482284419997
ADH_IDHM_E,6119,2000,0.2191437286919074
ADH_IDHM_E,6119,2010,0.4213789353176875
ADH_IDHM_E,6120,1991,0.265
ADH_IDHM_E,6120,2000,0.403
ADH_IDHM_E,6120,2010,0.628
ADH_IDHM_E,6121,1991,0.098
ADH_IDHM_E,6121,2000,0.219
ADH_IDHM_E,6121,2010,0.461
ADH_IDHM_E,6122,1991,0.157
ADH_IDHM_E,6122,2000,0.27999999999999997
ADH_IDHM_E,6122,2010,0.532
ADH_IDHM_E,6123,1991,0.10499999999999998
ADH_IDHM_E,6123,2000,0.234
ADH_IDHM_E,6123,2010,0.458
ADH_IDHM_E,6124,1991,0.106
ADH_IDHM_E,6124,2000,0.21
ADH_IDHM_E,6124,2010,0.468
ADH_IDHM_E,6125,1991,0.208
ADH_IDHM_E,6125,2000,0.30600000000000005
ADH_IDHM_E,6125,2010,0.55
ADH_IDHM_E,6126,1991,0.11599470015972121
ADH_IDHM_E,6126,2000,0.18579148543561358
ADH_IDHM_E,6126,2010,0.4428587939397569
ADH_IDHM_E,6127,1991,0.053
ADH_IDHM_E,6127,2000,0.156
ADH_IDHM_E,6127,2010,0.409
ADH_IDHM_E,6128,1991,0.097
ADH_IDHM_E,6128,2000,0.206
ADH_IDHM_E,6128,2010,0.42100000000000004
ADH_IDHM_E,6129,1991,0.141
ADH_IDHM_E,6129,2000,0.301
ADH_IDHM_E,6129,2010,0.499
ADH_IDHM_E,6130,1991,0.093
ADH_IDHM_E,6130,2000,0.221
ADH_IDHM_E,6130,2010,0.456
ADH_IDHM_E,6131,1991,0.138
ADH_IDHM_E,6131,2000,0.25
ADH_IDHM_E,6131,2010,0.477
ADH_IDHM_E,6132,1991,0.13699299726843803
ADH_IDHM_E,6132,2000,0.2721727847786024
ADH_IDHM_E,6132,2010,0.5115073985680191
ADH_IDHM_E,6133,1991,0.142
ADH_IDHM_E,6133,2000,0.248
ADH_IDHM_E,6133,2010,0.514
ADH_IDHM_E,6134,1991,0.1769971666291882
ADH_IDHM_E,6134,2000,0.2980049566829016
ADH_IDHM_E,6134,2010,0.5022539016547721
ADH_IDHM_E,6135,1991,0.128
ADH_IDHM_E,6135,2000,0.275
ADH_IDHM_E,6135,2010,0.542
ADH_IDHM_E,6136,1991,0.116
ADH_IDHM_E,6136,2000,0.243
ADH_IDHM_E,6136,2010,0.489
ADH_IDHM_E,6137,1991,0.099
ADH_IDHM_E,6137,2000,0.262
ADH_IDHM_E,6137,2010,0.579
ADH_IDHM_E,6138,1991,0.12499793222482355
ADH_IDHM_E,6138,2000,0.22655090450873439
ADH_IDHM_E,6138,2010,0.4605497405966278
ADH_IDHM_E,6139,1991,0.106
ADH_IDHM_E,6139,2000,0.165
ADH_IDHM_E,6139,2010,0.447
ADH_IDHM_E,6140,1991,0.09600000000000002
ADH_IDHM_E,6140,2000,0.221
ADH_IDHM_E,6140,2010,0.454
ADH_IDHM_E,6141,1991,0.10099999999999999
ADH_IDHM_E,6141,2000,0.253
ADH_IDHM_E,6141,2010,0.44800000000000006
ADH_IDHM_E,6142,1991,0.10799579565743248
ADH_IDHM_E,6142,2000,0.19767621776504296
ADH_IDHM_E,6142,2010,0.46726548007019303
ADH_IDHM_E,6143,1991,0.125
ADH_IDHM_E,6143,2000,0.33000000000000007
ADH_IDHM_E,6143,2010,0.523
ADH_IDHM_E,6144,1991,0.125
ADH_IDHM_E,6144,2000,0.26
ADH_IDHM_E,6144,2010,0.504
ADH_IDHM_E,6145,1991,0.256
ADH_IDHM_E,6145,2000,0.376
ADH_IDHM_E,6145,2010,0.635
ADH_IDHM_E,6146,1991,0.041
ADH_IDHM_E,6146,2000,0.185
ADH_IDHM_E,6146,2010,0.41400000000000003
ADH_IDHM_E,6147,1991,0.136
ADH_IDHM_E,6147,2000,0.289
ADH_IDHM_E,6147,2010,0.479
ADH_IDHM_E,6148,1991,0.17399999999999996
ADH_IDHM_E,6148,2000,0.283
ADH_IDHM_E,6148,2010,0.534
ADH_IDHM_E,6149,1991,0.081
ADH_IDHM_E,6149,2000,0.22499999999999998
ADH_IDHM_E,6149,2010,0.513
ADH_IDHM_E,6150,1991,0.081
ADH_IDHM_E,6150,2000,0.201
ADH_IDHM_E,6150,2010,0.424
ADH_IDHM_E,6151,1991,0.108
ADH_IDHM_E,6151,2000,0.175
ADH_IDHM_E,6151,2010,0.424
ADH_IDHM_E,6152,1991,0.078
ADH_IDHM_E,6152,2000,0.151
ADH_IDHM_E,6152,2010,0.389
ADH_IDHM_E,6153,1991,0.082
ADH_IDHM_E,6153,2000,0.159
ADH_IDHM_E,6153,2010,0.434
ADH_IDHM_E,6154,1991,0.072
ADH_IDHM_E,6154,2000,0.21600000000000003
ADH_IDHM_E,6154,2010,0.448
ADH_IDHM_E,6155,1991,0.097
ADH_IDHM_E,6155,2000,0.233
ADH_IDHM_E,6155,2010,0.4610000000000001
ADH_IDHM_E,6156,1991,0.11300000000000002
ADH_IDHM_E,6156,2000,0.247
ADH_IDHM_E,6156,2010,0.493
ADH_IDHM_E,6157,1991,0.118
ADH_IDHM_E,6157,2000,0.322
ADH_IDHM_E,6157,2010,0.514
ADH_IDHM_E,6158,1991,0.172
ADH_IDHM_E,6158,2000,0.333
ADH_IDHM_E,6158,2010,0.558
ADH_IDHM_E,6159,1991,0.069
ADH_IDHM_E,6159,2000,0.19099999999999998
ADH_IDHM_E,6159,2010,0.443
ADH_IDHM_E,6160,1991,0.094
ADH_IDHM_E,6160,2000,0.247
ADH_IDHM_E,6160,2010,0.471
ADH_IDHM_E,6161,1991,0.1500024724657226
ADH_IDHM_E,6161,2000,0.33125447651148093
ADH_IDHM_E,6161,2010,0.5090188323917137
ADH_IDHM_E,6162,1991,0.056
ADH_IDHM_E,6162,2000,0.187
ADH_IDHM_E,6162,2010,0.45300000000000007
ADH_IDHM_E,6163,1991,0.099
ADH_IDHM_E,6163,2000,0.309
ADH_IDHM_E,6163,2010,0.544
ADH_IDHM_E,6164,1991,0.091
ADH_IDHM_E,6164,2000,0.181
ADH_IDHM_E,6164,2010,0.491
ADH_IDHM_E,6165,1991,0.098
ADH_IDHM_E,6165,2000,0.21200000000000002
ADH_IDHM_E,6165,2010,0.424
ADH_IDHM_E,6166,1991,0.09
ADH_IDHM_E,6166,2000,0.189
ADH_IDHM_E,6166,2010,0.39200000000000007
ADH_IDHM_E,6167,1991,0.152
ADH_IDHM_E,6167,2000,0.261
ADH_IDHM_E,6167,2010,0.506
ADH_IDHM_E,6168,1991,0.087
ADH_IDHM_E,6168,2000,0.202
ADH_IDHM_E,6168,2010,0.45000000000000007
ADH_IDHM_E,6169,1991,0.13
ADH_IDHM_E,6169,2000,0.19
ADH_IDHM_E,6169,2010,0.462
ADH_IDHM_E,6170,1991,0.217
ADH_IDHM_E,6170,2000,0.491
ADH_IDHM_E,6170,2010,0.714
ADH_IDHM_E,7001,1991,0.3518975447619972
ADH_IDHM_E,7001,2000,0.5099339522199069
ADH_IDHM_E,7001,2010,0.6860221729826916
ADH_IDHM_E,7002,1991,0.181
ADH_IDHM_E,7002,2000,0.335
ADH_IDHM_E,7002,2010,0.565
ADH_IDHM_E,7003,1991,0.071
ADH_IDHM_E,7003,2000,0.182
ADH_IDHM_E,7003,2010,0.49299999999999994
ADH_IDHM_E,7004,1991,0.109
ADH_IDHM_E,7004,2000,0.23700000000000002
ADH_IDHM_E,7004,2010,0.47
ADH_IDHM_E,7005,1991,0.09800008194482383
ADH_IDHM_E,7005,2000,0.188
ADH_IDHM_E,7005,2010,0.4331946257523099
ADH_IDHM_E,7006,1991,0.084
ADH_IDHM_E,7006,2000,0.176
ADH_IDHM_E,7006,2010,0.385
ADH_IDHM_E,7007,1991,0.179
ADH_IDHM_E,7007,2000,0.281
ADH_IDHM_E,7007,2010,0.472
ADH_IDHM_E,7008,1991,0.1
ADH_IDHM_E,7008,2000,0.25
ADH_IDHM_E,7008,2010,0.488
ADH_IDHM_E,7009,1991,0.12399999999999999
ADH_IDHM_E,7009,2000,0.264
ADH_IDHM_E,7009,2010,0.48199999999999993
ADH_IDHM_E,7010,1991,0.116
ADH_IDHM_E,7010,2000,0.23000000000000004
ADH_IDHM_E,7010,2010,0.454
ADH_IDHM_E,7011,1991,0.144
ADH_IDHM_E,7011,2000,0.269
ADH_IDHM_E,7011,2010,0.448
ADH_IDHM_E,7012,1991,0.1994186251896183
ADH_IDHM_E,7012,2000,0.3604965404549749
ADH_IDHM_E,7012,2010,0.5854426659997498
ADH_IDHM_E,7013,1991,0.11
ADH_IDHM_E,7013,2000,0.224
ADH_IDHM_E,7013,2010,0.46699999999999997
ADH_IDHM_E,7014,1991,0.301
ADH_IDHM_E,7014,2000,0.395
ADH_IDHM_E,7014,2010,0.567
ADH_IDHM_E,7015,1991,0.127
ADH_IDHM_E,7015,2000,0.182
ADH_IDHM_E,7015,2010,0.474
ADH_IDHM_E,7016,1991,0.20799999999999996
ADH_IDHM_E,7016,2000,0.317
ADH_IDHM_E,7016,2010,0.491
ADH_IDHM_E,7017,1991,0.107
ADH_IDHM_E,7017,2000,0.22900000000000004
ADH_IDHM_E,7017,2010,0.479
ADH_IDHM_E,7018,1991,0.187
ADH_IDHM_E,7018,2000,0.295
ADH_IDHM_E,7018,2010,0.553
ADH_IDHM_E,7019,1991,0.18599999999999997
ADH_IDHM_E,7019,2000,0.307
ADH_IDHM_E,7019,2010,0.514
ADH_IDHM_E,7020,1991,0.105
ADH_IDHM_E,7020,2000,0.24100000000000002
ADH_IDHM_E,7020,2010,0.441
ADH_IDHM_E,7021,1991,0.154
ADH_IDHM_E,7021,2000,0.278
ADH_IDHM_E,7021,2010,0.487
ADH_IDHM_E,7022,1991,0.097
ADH_IDHM_E,7022,2000,0.185
ADH_IDHM_E,7022,2010,0.445
ADH_IDHM_E,7023,1991,0.116
ADH_IDHM_E,7023,2000,0.22700000000000004
ADH_IDHM_E,7023,2010,0.433
ADH_IDHM_E,7024,1991,0.138
ADH_IDHM_E,7024,2000,0.276
ADH_IDHM_E,7024,2010,0.515
ADH_IDHM_E,7025,1991,0.122
ADH_IDHM_E,7025,2000,0.215
ADH_IDHM_E,7025,2010,0.42
ADH_IDHM_E,7026,1991,0.12399999999999999
ADH_IDHM_E,7026,2000,0.18
ADH_IDHM_E,7026,2010,0.417
ADH_IDHM_E,7027,1991,0.109
ADH_IDHM_E,7027,2000,0.245
ADH_IDHM_E,7027,2010,0.493
ADH_IDHM_E,7028,1991,0.1
ADH_IDHM_E,7028,2000,0.203
ADH_IDHM_E,7028,2010,0.4169999999999999
ADH_IDHM_E,7029,1991,0.134
ADH_IDHM_E,7029,2000,0.278
ADH_IDHM_E,7029,2010,0.481
ADH_IDHM_E,7030,1991,0.084
ADH_IDHM_E,7030,2000,0.179
ADH_IDHM_E,7030,2010,0.395
ADH_IDHM_E,7031,1991,0.236
ADH_IDHM_E,7031,2000,0.394
ADH_IDHM_E,7031,2010,0.609
ADH_IDHM_E,7032,1991,0.172
ADH_IDHM_E,7032,2000,0.269
ADH_IDHM_E,7032,2010,0.539
ADH_IDHM_E,7033,1991,0.156
ADH_IDHM_E,7033,2000,0.285
ADH_IDHM_E,7033,2010,0.43899999999999995
ADH_IDHM_E,7034,1991,0.07
ADH_IDHM_E,7034,2000,0.148
ADH_IDHM_E,7034,2010,0.392
ADH_IDHM_E,7035,1991,0.143
ADH_IDHM_E,7035,2000,0.245
ADH_IDHM_E,7035,2010,0.468
ADH_IDHM_E,7036,1991,0.153
ADH_IDHM_E,7036,2000,0.247
ADH_IDHM_E,7036,2010,0.45999999999999996
ADH_IDHM_E,7037,1991,0.2505106818230887
ADH_IDHM_E,7037,2000,0.40719526800058414
ADH_IDHM_E,7037,2010,0.6042896535832245
ADH_IDHM_E,7038,1991,0.113
ADH_IDHM_E,7038,2000,0.246
ADH_IDHM_E,7038,2010,0.472
ADH_IDHM_E,7039,1991,0.181
ADH_IDHM_E,7039,2000,0.3
ADH_IDHM_E,7039,2010,0.514
ADH_IDHM_E,7040,1991,0.085
ADH_IDHM_E,7040,2000,0.201
ADH_IDHM_E,7040,2010,0.40299999999999997
ADH_IDHM_E,7041,1991,0.087
ADH_IDHM_E,7041,2000,0.225
ADH_IDHM_E,7041,2010,0.41900000000000004
ADH_IDHM_E,7042,1991,0.11199868887860558
ADH_IDHM_E,7042,2000,0.27748083581116856
ADH_IDHM_E,7042,2010,0.49887678268083596
ADH_IDHM_E,7043,1991,0.22499489748585214
ADH_IDHM_E,7043,2000,0.30018136794466743
ADH_IDHM_E,7043,2010,0.5293930893418074
ADH_IDHM_E,7044,1991,0.265997866190469
ADH_IDHM_E,7044,2000,0.37611479309941376
ADH_IDHM_E,7044,2010,0.5989174819787597
ADH_IDHM_E,7045,1991,0.281
ADH_IDHM_E,7045,2000,0.387
ADH_IDHM_E,7045,2010,0.569
ADH_IDHM_E,7046,1991,0.210996773907124
ADH_IDHM_E,7046,2000,0.3035102060599347
ADH_IDHM_E,7046,2010,0.5293216433365772
ADH_IDHM_E,7047,1991,0.189
ADH_IDHM_E,7047,2000,0.282
ADH_IDHM_E,7047,2010,0.515
ADH_IDHM_E,7048,1991,0.12399999999999999
ADH_IDHM_E,7048,2000,0.284
ADH_IDHM_E,7048,2010,0.573
ADH_IDHM_E,7049,1991,0.127
ADH_IDHM_E,7049,2000,0.288
ADH_IDHM_E,7049,2010,0.529
ADH_IDHM_E,7050,1991,0.076
ADH_IDHM_E,7050,2000,0.224
ADH_IDHM_E,7050,2010,0.44300000000000006
ADH_IDHM_E,7051,1991,0.195
ADH_IDHM_E,7051,2000,0.326
ADH_IDHM_E,7051,2010,0.527
ADH_IDHM_E,7052,1991,0.129
ADH_IDHM_E,7052,2000,0.217
ADH_IDHM_E,7052,2010,0.385
ADH_IDHM_E,7053,1991,0.10899999999999999
ADH_IDHM_E,7053,2000,0.24200000000000002
ADH_IDHM_E,7053,2010,0.478
ADH_IDHM_E,7054,1991,0.101
ADH_IDHM_E,7054,2000,0.19499999999999998
ADH_IDHM_E,7054,2010,0.47
ADH_IDHM_E,7055,1991,0.157
ADH_IDHM_E,7055,2000,0.253
ADH_IDHM_E,7055,2010,0.453
ADH_IDHM_E,7056,1991,0.133
ADH_IDHM_E,7056,2000,0.282
ADH_IDHM_E,7056,2010,0.48900000000000005
ADH_IDHM_E,7057,1991,0.2679988882997828
ADH_IDHM_E,7057,2000,0.39874087461203955
ADH_IDHM_E,7057,2010,0.6046876662624365
ADH_IDHM_E,7058,1991,0.161
ADH_IDHM_E,7058,2000,0.312
ADH_IDHM_E,7058,2010,0.543
ADH_IDHM_E,7059,1991,0.107
ADH_IDHM_E,7059,2000,0.235
ADH_IDHM_E,7059,2010,0.454
ADH_IDHM_E,7060,1991,0.11900000000000001
ADH_IDHM_E,7060,2000,0.24100000000000002
ADH_IDHM_E,7060,2010,0.46
ADH_IDHM_E,7061,1991,0.332
ADH_IDHM_E,7061,2000,0.509
ADH_IDHM_E,7061,2010,0.748
ADH_IDHM_E,7062,1991,0.178
ADH_IDHM_E,7062,2000,0.268
ADH_IDHM_E,7062,2010,0.519
ADH_IDHM_E,7063,1991,0.104
ADH_IDHM_E,7063,2000,0.24
ADH_IDHM_E,7063,2010,0.423
ADH_IDHM_E,7064,1991,0.129
ADH_IDHM_E,7064,2000,0.212
ADH_IDHM_E,7064,2010,0.438
ADH_IDHM_E,7065,1991,0.144
ADH_IDHM_E,7065,2000,0.256
ADH_IDHM_E,7065,2010,0.532
ADH_IDHM_E,7066,1991,0.271
ADH_IDHM_E,7066,2000,0.358
ADH_IDHM_E,7066,2010,0.556
ADH_IDHM_E,7067,1991,0.14
ADH_IDHM_E,7067,2000,0.247
ADH_IDHM_E,7067,2010,0.506
ADH_IDHM_E,7068,1991,0.214
ADH_IDHM_E,7068,2000,0.34
ADH_IDHM_E,7068,2010,0.576
ADH_IDHM_E,7069,1991,0.076
ADH_IDHM_E,7069,2000,0.23600000000000002
ADH_IDHM_E,7069,2010,0.502
ADH_IDHM_E,7070,1991,0.168
ADH_IDHM_E,7070,2000,0.318
ADH_IDHM_E,7070,2010,0.51
ADH_IDHM_E,7071,1991,0.053
ADH_IDHM_E,7071,2000,0.14
ADH_IDHM_E,7071,2010,0.369
ADH_IDHM_E,7072,1991,0.097
ADH_IDHM_E,7072,2000,0.219
ADH_IDHM_E,7072,2010,0.446
ADH_IDHM_E,7073,1991,0.126
ADH_IDHM_E,7073,2000,0.269
ADH_IDHM_E,7073,2010,0.476
ADH_IDHM_E,7074,1991,0.151
ADH_IDHM_E,7074,2000,0.279
ADH_IDHM_E,7074,2010,0.48
ADH_IDHM_E,7075,1991,0.11599560325876117
ADH_IDHM_E,7075,2000,0.17364178196746236
ADH_IDHM_E,7075,2010,0.3776176407275858
ADH_IDHM_E,7076,1991,0.201
ADH_IDHM_E,7076,2000,0.331
ADH_IDHM_E,7076,2010,0.51
ADH_IDHM_E,7077,1991,0.139
ADH_IDHM_E,7077,2000,0.256
ADH_IDHM_E,7077,2010,0.49899999999999994
ADH_IDHM_E,7078,1991,0.093
ADH_IDHM_E,7078,2000,0.225
ADH_IDHM_E,7078,2010,0.433
ADH_IDHM_E,7079,1991,0.16799999999999998
ADH_IDHM_E,7079,2000,0.357
ADH_IDHM_E,7079,2010,0.523
ADH_IDHM_E,7080,1991,0.065
ADH_IDHM_E,7080,2000,0.14
ADH_IDHM_E,7080,2010,0.364
ADH_IDHM_E,7081,1991,0.251
ADH_IDHM_E,7081,2000,0.41
ADH_IDHM_E,7081,2010,0.548
ADH_IDHM_E,7082,1991,0.121
ADH_IDHM_E,7082,2000,0.23600000000000002
ADH_IDHM_E,7082,2010,0.463
ADH_IDHM_E,7083,1991,0.161
ADH_IDHM_E,7083,2000,0.294
ADH_IDHM_E,7083,2010,0.494
ADH_IDHM_E,7084,1991,0.175
ADH_IDHM_E,7084,2000,0.282
ADH_IDHM_E,7084,2010,0.509
ADH_IDHM_E,7085,1991,0.327
ADH_IDHM_E,7085,2000,0.467
ADH_IDHM_E,7085,2010,0.642
ADH_IDHM_E,7086,1991,0.059000558347292
ADH_IDHM_E,7086,2000,0.1827569331158238
ADH_IDHM_E,7086,2010,0.4277166575365556
ADH_IDHM_E,7087,1991,0.095
ADH_IDHM_E,7087,2000,0.2
ADH_IDHM_E,7087,2010,0.381
ADH_IDHM_E,7088,1991,0.20200018201674555
ADH_IDHM_E,7088,2000,0.3836497973707621
ADH_IDHM_E,7088,2010,0.5436239586696803
ADH_IDHM_E,7089,1991,0.11
ADH_IDHM_E,7089,2000,0.233
ADH_IDHM_E,7089,2010,0.466
ADH_IDHM_E,7090,1991,0.125
ADH_IDHM_E,7090,2000,0.222
ADH_IDHM_E,7090,2010,0.449
ADH_IDHM_E,7091,1991,0.10199879190576863
ADH_IDHM_E,7091,2000,0.24187032328369054
ADH_IDHM_E,7091,2010,0.4712961865975565
ADH_IDHM_E,7092,1991,0.069
ADH_IDHM_E,7092,2000,0.163
ADH_IDHM_E,7092,2010,0.37200000000000005
ADH_IDHM_E,7093,1991,0.128
ADH_IDHM_E,7093,2000,0.212
ADH_IDHM_E,7093,2010,0.509
ADH_IDHM_E,7094,1991,0.126
ADH_IDHM_E,7094,2000,0.197
ADH_IDHM_E,7094,2010,0.369
ADH_IDHM_E,7095,1991,0.087
ADH_IDHM_E,7095,2000,0.20899999999999996
ADH_IDHM_E,7095,2010,0.41600000000000004
ADH_IDHM_E,7096,1991,0.09800002380555621
ADH_IDHM_E,7096,2000,0.27475736382936966
ADH_IDHM_E,7096,2010,0.4895653991478415
ADH_IDHM_E,7097,1991,0.157
ADH_IDHM_E,7097,2000,0.304
ADH_IDHM_E,7097,2010,0.503
ADH_IDHM_E,7098,1991,0.23800000000000002
ADH_IDHM_E,7098,2000,0.382
ADH_IDHM_E,7098,2010,0.583
ADH_IDHM_E,7099,1991,0.181
ADH_IDHM_E,7099,2000,0.306
ADH_IDHM_E,7099,2010,0.508
ADH_IDHM_E,7100,1991,0.128
ADH_IDHM_E,7100,2000,0.231
ADH_IDHM_E,7100,2010,0.4660000000000001
ADH_IDHM_E,7101,1991,0.185
ADH_IDHM_E,7101,2000,0.287
ADH_IDHM_E,7101,2010,0.525
ADH_IDHM_E,7102,1991,0.22900000000000004
ADH_IDHM_E,7102,2000,0.36
ADH_IDHM_E,7102,2010,0.564
ADH_IDHM_E,7103,1991,0.268
ADH_IDHM_E,7103,2000,0.363
ADH_IDHM_E,7103,2010,0.604
ADH_IDHM_E,7104,1991,0.395
ADH_IDHM_E,7104,2000,0.516
ADH_IDHM_E,7104,2010,0.675
ADH_IDHM_E,7105,1991,0.165
ADH_IDHM_E,7105,2000,0.273
ADH_IDHM_E,7105,2010,0.528
ADH_IDHM_E,7106,1991,0.117
ADH_IDHM_E,7106,2000,0.297
ADH_IDHM_E,7106,2010,0.553
ADH_IDHM_E,7107,1991,0.115997606354042
ADH_IDHM_E,7107,2000,0.19176977231875375
ADH_IDHM_E,7107,2010,0.4199248820121985
ADH_IDHM_E,7108,1991,0.192
ADH_IDHM_E,7108,2000,0.296
ADH_IDHM_E,7108,2010,0.55
ADH_IDHM_E,7109,1991,0.119
ADH_IDHM_E,7109,2000,0.23799999999999996
ADH_IDHM_E,7109,2010,0.438
ADH_IDHM_E,7110,1991,0.073
ADH_IDHM_E,7110,2000,0.214
ADH_IDHM_E,7110,2010,0.433
ADH_IDHM_E,7111,1991,0.076
ADH_IDHM_E,7111,2000,0.177
ADH_IDHM_E,7111,2010,0.418
ADH_IDHM_E,7112,1991,0.135
ADH_IDHM_E,7112,2000,0.233
ADH_IDHM_E,7112,2010,0.499
ADH_IDHM_E,7113,1991,0.116
ADH_IDHM_E,7113,2000,0.263
ADH_IDHM_E,7113,2010,0.487
ADH_IDHM_E,7114,1991,0.154
ADH_IDHM_E,7114,2000,0.279
ADH_IDHM_E,7114,2010,0.545
ADH_IDHM_E,7115,1991,0.111
ADH_IDHM_E,7115,2000,0.226
ADH_IDHM_E,7115,2010,0.445
ADH_IDHM_E,7116,1991,0.193
ADH_IDHM_E,7116,2000,0.333
ADH_IDHM_E,7116,2010,0.506
ADH_IDHM_E,7117,1991,0.132
ADH_IDHM_E,7117,2000,0.25
ADH_IDHM_E,7117,2010,0.402
ADH_IDHM_E,7118,1991,0.113
ADH_IDHM_E,7118,2000,0.238
ADH_IDHM_E,7118,2010,0.463
ADH_IDHM_E,7119,1991,0.125
ADH_IDHM_E,7119,2000,0.243
ADH_IDHM_E,7119,2010,0.444
ADH_IDHM_E,7120,1991,0.10400000000000001
ADH_IDHM_E,7120,2000,0.152
ADH_IDHM_E,7120,2010,0.42700000000000005
ADH_IDHM_E,7121,1991,0.409
ADH_IDHM_E,7121,2000,0.538
ADH_IDHM_E,7121,2010,0.698
ADH_IDHM_E,7122,1991,0.094
ADH_IDHM_E,7122,2000,0.216
ADH_IDHM_E,7122,2010,0.418
ADH_IDHM_E,7123,1991,0.148
ADH_IDHM_E,7123,2000,0.261
ADH_IDHM_E,7123,2010,0.516
ADH_IDHM_E,7124,1991,0.12099937932257492
ADH_IDHM_E,7124,2000,0.2181866211065843
ADH_IDHM_E,7124,2010,0.49295224653571595
ADH_IDHM_E,7125,1991,0.113
ADH_IDHM_E,7125,2000,0.183
ADH_IDHM_E,7125,2010,0.44000000000000006
ADH_IDHM_E,7126,1991,0.09500000000000001
ADH_IDHM_E,7126,2000,0.204
ADH_IDHM_E,7126,2010,0.405
ADH_IDHM_E,7127,1991,0.198
ADH_IDHM_E,7127,2000,0.351
ADH_IDHM_E,7127,2010,0.58
ADH_IDHM_E,7128,1991,0.118
ADH_IDHM_E,7128,2000,0.239
ADH_IDHM_E,7128,2010,0.421
ADH_IDHM_E,7129,1991,0.162
ADH_IDHM_E,7129,2000,0.269
ADH_IDHM_E,7129,2010,0.514
ADH_IDHM_E,7130,1991,0.2099975429087624
ADH_IDHM_E,7130,2000,0.37224316387628237
ADH_IDHM_E,7130,2010,0.5611118996040936
ADH_IDHM_E,7131,1991,0.207
ADH_IDHM_E,7131,2000,0.302
ADH_IDHM_E,7131,2010,0.506
ADH_IDHM_E,7132,1991,0.107
ADH_IDHM_E,7132,2000,0.193
ADH_IDHM_E,7132,2010,0.39300000000000007
ADH_IDHM_E,7133,1991,0.135
ADH_IDHM_E,7133,2000,0.281
ADH_IDHM_E,7133,2010,0.524
ADH_IDHM_E,7134,1991,0.064
ADH_IDHM_E,7134,2000,0.176
ADH_IDHM_E,7134,2010,0.406
ADH_IDHM_E,7135,1991,0.116
ADH_IDHM_E,7135,2000,0.21000000000000002
ADH_IDHM_E,7135,2010,0.446
ADH_IDHM_E,7136,1991,0.1
ADH_IDHM_E,7136,2000,0.224
ADH_IDHM_E,7136,2010,0.4689999999999999
ADH_IDHM_E,7137,1991,0.101
ADH_IDHM_E,7137,2000,0.209
ADH_IDHM_E,7137,2010,0.426
ADH_IDHM_E,7138,1991,0.108
ADH_IDHM_E,7138,2000,0.162
ADH_IDHM_E,7138,2010,0.381
ADH_IDHM_E,7139,1991,0.12400000000000001
ADH_IDHM_E,7139,2000,0.318
ADH_IDHM_E,7139,2010,0.522
ADH_IDHM_E,7140,1991,0.117
ADH_IDHM_E,7140,2000,0.245
ADH_IDHM_E,7140,2010,0.52
ADH_IDHM_E,7141,1991,0.194
ADH_IDHM_E,7141,2000,0.356
ADH_IDHM_E,7141,2010,0.554
ADH_IDHM_E,7142,1991,0.134
ADH_IDHM_E,7142,2000,0.23
ADH_IDHM_E,7142,2010,0.414
ADH_IDHM_E,7143,1991,0.196
ADH_IDHM_E,7143,2000,0.305
ADH_IDHM_E,7143,2010,0.571
ADH_IDHM_E,7144,1991,0.072
ADH_IDHM_E,7144,2000,0.214
ADH_IDHM_E,7144,2010,0.512
ADH_IDHM_E,7145,1991,0.195
ADH_IDHM_E,7145,2000,0.31
ADH_IDHM_E,7145,2010,0.51
ADH_IDHM_E,7146,1991,0.107
ADH_IDHM_E,7146,2000,0.238
ADH_IDHM_E,7146,2010,0.49200000000000005
ADH_IDHM_E,7147,1991,0.125
ADH_IDHM_E,7147,2000,0.303
ADH_IDHM_E,7147,2010,0.54
ADH_IDHM_E,7148,1991,0.133
ADH_IDHM_E,7148,2000,0.266
ADH_IDHM_E,7148,2010,0.48500000000000004
ADH_IDHM_E,7149,1991,0.184
ADH_IDHM_E,7149,2000,0.328
ADH_IDHM_E,7149,2010,0.504
ADH_IDHM_E,7150,1991,0.076
ADH_IDHM_E,7150,2000,0.197
ADH_IDHM_E,7150,2010,0.423
ADH_IDHM_E,7151,1991,0.167
ADH_IDHM_E,7151,2000,0.253
ADH_IDHM_E,7151,2010,0.507
ADH_IDHM_E,7152,1991,0.137
ADH_IDHM_E,7152,2000,0.258
ADH_IDHM_E,7152,2010,0.52
ADH_IDHM_E,7153,1991,0.106
ADH_IDHM_E,7153,2000,0.17499999999999996
ADH_IDHM_E,7153,2010,0.425
ADH_IDHM_E,7154,1991,0.20999999999999996
ADH_IDHM_E,7154,2000,0.336
ADH_IDHM_E,7154,2010,0.533
ADH_IDHM_E,7155,1991,0.184
ADH_IDHM_E,7155,2000,0.319
ADH_IDHM_E,7155,2010,0.519
ADH_IDHM_E,7156,1991,0.22200000000000003
ADH_IDHM_E,7156,2000,0.245
ADH_IDHM_E,7156,2010,0.452
ADH_IDHM_E,7157,1991,0.139
ADH_IDHM_E,7157,2000,0.265
ADH_IDHM_E,7157,2010,0.504
ADH_IDHM_E,7158,1991,0.115
ADH_IDHM_E,7158,2000,0.252
ADH_IDHM_E,7158,2010,0.455
ADH_IDHM_E,7159,1991,0.058
ADH_IDHM_E,7159,2000,0.161
ADH_IDHM_E,7159,2010,0.379
ADH_IDHM_E,7160,1991,0.223
ADH_IDHM_E,7160,2000,0.395
ADH_IDHM_E,7160,2010,0.557
ADH_IDHM_E,7161,1991,0.17299999999999996
ADH_IDHM_E,7161,2000,0.30600000000000005
ADH_IDHM_E,7161,2010,0.484
ADH_IDHM_E,7162,1991,0.171
ADH_IDHM_E,7162,2000,0.298
ADH_IDHM_E,7162,2010,0.52
ADH_IDHM_E,7163,1991,0.152
ADH_IDHM_E,7163,2000,0.26
ADH_IDHM_E,7163,2010,0.44999999999999996
ADH_IDHM_E,7164,1991,0.109
ADH_IDHM_E,7164,2000,0.285
ADH_IDHM_E,7164,2010,0.5340000000000001
ADH_IDHM_E,7165,1991,0.242
ADH_IDHM_E,7165,2000,0.36
ADH_IDHM_E,7165,2010,0.543
ADH_IDHM_E,8001,1991,0.1059984187342344
ADH_IDHM_E,8001,2000,0.18641763104152484
ADH_IDHM_E,8001,2010,0.42645956614149316
ADH_IDHM_E,8002,1991,0.118
ADH_IDHM_E,8002,2000,0.242
ADH_IDHM_E,8002,2010,0.444
ADH_IDHM_E,8003,1991,0.15291058187449721
ADH_IDHM_E,8003,2000,0.28205434850787675
ADH_IDHM_E,8003,2010,0.5355099451926287
ADH_IDHM_E,8004,1991,0.084
ADH_IDHM_E,8004,2000,0.203
ADH_IDHM_E,8004,2010,0.431
ADH_IDHM_E,8005,1991,0.08500348796651552
ADH_IDHM_E,8005,2000,0.20255340206185568
ADH_IDHM_E,8005,2010,0.45373116471830155
ADH_IDHM_E,8006,1991,0.079
ADH_IDHM_E,8006,2000,0.235
ADH_IDHM_E,8006,2010,0.475
ADH_IDHM_E,8007,1991,0.11000000000000001
ADH_IDHM_E,8007,2000,0.188
ADH_IDHM_E,8007,2010,0.496
ADH_IDHM_E,8008,1991,0.105
ADH_IDHM_E,8008,2000,0.236
ADH_IDHM_E,8008,2010,0.464
ADH_IDHM_E,8009,1991,0.063
ADH_IDHM_E,8009,2000,0.137
ADH_IDHM_E,8009,2010,0.376
ADH_IDHM_E,8010,1991,0.143
ADH_IDHM_E,8010,2000,0.227
ADH_IDHM_E,8010,2010,0.518
ADH_IDHM_E,8011,1991,0.042
ADH_IDHM_E,8011,2000,0.12
ADH_IDHM_E,8011,2010,0.362
ADH_IDHM_E,8012,1991,0.09500000000000001
ADH_IDHM_E,8012,2000,0.161
ADH_IDHM_E,8012,2010,0.384
ADH_IDHM_E,8013,1991,0.114
ADH_IDHM_E,8013,2000,0.217
ADH_IDHM_E,8013,2010,0.47300000000000003
ADH_IDHM_E,8014,1991,0.09500271973466003
ADH_IDHM_E,8014,2000,0.2228257360359534
ADH_IDHM_E,8014,2010,0.43461092592592593
ADH_IDHM_E,8015,1991,0.094
ADH_IDHM_E,8015,2000,0.195
ADH_IDHM_E,8015,2010,0.47000000000000003
ADH_IDHM_E,8016,1991,0.053
ADH_IDHM_E,8016,2000,0.141
ADH_IDHM_E,8016,2010,0.387
ADH_IDHM_E,8017,1991,0.047
ADH_IDHM_E,8017,2000,0.125
ADH_IDHM_E,8017,2010,0.357
ADH_IDHM_E,8018,1991,0.103
ADH_IDHM_E,8018,2000,0.188
ADH_IDHM_E,8018,2010,0.456
ADH_IDHM_E,8019,1991,0.106
ADH_IDHM_E,8019,2000,0.182
ADH_IDHM_E,8019,2010,0.398
ADH_IDHM_E,8020,1991,0.109
ADH_IDHM_E,8020,2000,0.211
ADH_IDHM_E,8020,2010,0.4809999999999999
ADH_IDHM_E,8021,1991,0.05999999999999999
ADH_IDHM_E,8021,2000,0.158
ADH_IDHM_E,8021,2010,0.39799999999999996
ADH_IDHM_E,8022,1991,0.08
ADH_IDHM_E,8022,2000,0.187
ADH_IDHM_E,8022,2010,0.363
ADH_IDHM_E,8023,1991,0.146
ADH_IDHM_E,8023,2000,0.284
ADH_IDHM_E,8023,2010,0.457
ADH_IDHM_E,8024,1991,0.12711617050172078
ADH_IDHM_E,8024,2000,0.26081469413342667
ADH_IDHM_E,8024,2010,0.5041292029420594
ADH_IDHM_E,8025,1991,0.149
ADH_IDHM_E,8025,2000,0.235
ADH_IDHM_E,8025,2010,0.494
ADH_IDHM_E,8026,1991,0.087
ADH_IDHM_E,8026,2000,0.17
ADH_IDHM_E,8026,2010,0.385
ADH_IDHM_E,8027,1991,0.1949981218832977
ADH_IDHM_E,8027,2000,0.257571059584602
ADH_IDHM_E,8027,2010,0.5007518232346865
ADH_IDHM_E,8028,1991,0.079
ADH_IDHM_E,8028,2000,0.18
ADH_IDHM_E,8028,2010,0.4020000000000001
ADH_IDHM_E,8029,1991,0.149
ADH_IDHM_E,8029,2000,0.23099999999999998
ADH_IDHM_E,8029,2010,0.462
ADH_IDHM_E,8030,1991,0.063
ADH_IDHM_E,8030,2000,0.19000000000000003
ADH_IDHM_E,8030,2010,0.4
ADH_IDHM_E,8031,1991,0.067
ADH_IDHM_E,8031,2000,0.141
ADH_IDHM_E,8031,2010,0.405
ADH_IDHM_E,8032,1991,0.09
ADH_IDHM_E,8032,2000,0.126
ADH_IDHM_E,8032,2010,0.39299999999999996
ADH_IDHM_E,8033,1991,0.07
ADH_IDHM_E,8033,2000,0.191
ADH_IDHM_E,8033,2010,0.424
ADH_IDHM_E,8034,1991,0.049
ADH_IDHM_E,8034,2000,0.175
ADH_IDHM_E,8034,2010,0.42800000000000005
ADH_IDHM_E,8035,1991,0.04
ADH_IDHM_E,8035,2000,0.09
ADH_IDHM_E,8035,2010,0.316
ADH_IDHM_E,8036,1991,0.11399999999999999
ADH_IDHM_E,8036,2000,0.18799999999999997
ADH_IDHM_E,8036,2010,0.481
ADH_IDHM_E,8037,1991,0.05
ADH_IDHM_E,8037,2000,0.16699999999999998
ADH_IDHM_E,8037,2010,0.41
ADH_IDHM_E,8038,1991,0.132
ADH_IDHM_E,8038,2000,0.207
ADH_IDHM_E,8038,2010,0.451
ADH_IDHM_E,8039,1991,0.058
ADH_IDHM_E,8039,2000,0.207
ADH_IDHM_E,8039,2010,0.45099999999999996
ADH_IDHM_E,8040,1991,0.051
ADH_IDHM_E,8040,2000,0.152
ADH_IDHM_E,8040,2010,0.386
ADH_IDHM_E,8041,1991,0.094
ADH_IDHM_E,8041,2000,0.238
ADH_IDHM_E,8041,2010,0.454
ADH_IDHM_E,8042,1991,0.073
ADH_IDHM_E,8042,2000,0.204
ADH_IDHM_E,8042,2010,0.443
ADH_IDHM_E,8043,1991,0.048
ADH_IDHM_E,8043,2000,0.17799999999999996
ADH_IDHM_E,8043,2010,0.457
ADH_IDHM_E,8044,1991,0.339
ADH_IDHM_E,8044,2000,0.433
ADH_IDHM_E,8044,2010,0.635
ADH_IDHM_E,8045,1991,0.098
ADH_IDHM_E,8045,2000,0.174
ADH_IDHM_E,8045,2010,0.424
ADH_IDHM_E,8046,1991,0.088
ADH_IDHM_E,8046,2000,0.22199999999999998
ADH_IDHM_E,8046,2010,0.443
ADH_IDHM_E,8047,1991,0.132
ADH_IDHM_E,8047,2000,0.16
ADH_IDHM_E,8047,2010,0.46
ADH_IDHM_E,8048,1991,0.149
ADH_IDHM_E,8048,2000,0.265
ADH_IDHM_E,8048,2010,0.52
ADH_IDHM_E,8049,1991,0.131
ADH_IDHM_E,8049,2000,0.261
ADH_IDHM_E,8049,2010,0.487
ADH_IDHM_E,8050,1991,0.087
ADH_IDHM_E,8050,2000,0.23
ADH_IDHM_E,8050,2010,0.465
ADH_IDHM_E,8051,1991,0.07800000000000001
ADH_IDHM_E,8051,2000,0.157
ADH_IDHM_E,8051,2010,0.369
ADH_IDHM_E,8052,1991,0.157
ADH_IDHM_E,8052,2000,0.215
ADH_IDHM_E,8052,2010,0.47300000000000003
ADH_IDHM_E,8053,1991,0.11599999999999999
ADH_IDHM_E,8053,2000,0.178
ADH_IDHM_E,8053,2010,0.46
ADH_IDHM_E,8054,1991,0.079
ADH_IDHM_E,8054,2000,0.189
ADH_IDHM_E,8054,2010,0.43
ADH_IDHM_E,8055,1991,0.088
ADH_IDHM_E,8055,2000,0.172
ADH_IDHM_E,8055,2010,0.443
ADH_IDHM_E,8056,1991,0.09
ADH_IDHM_E,8056,2000,0.204
ADH_IDHM_E,8056,2010,0.395
ADH_IDHM_E,8057,1991,0.094
ADH_IDHM_E,8057,2000,0.156
ADH_IDHM_E,8057,2010,0.375
ADH_IDHM_E,8058,1991,0.14
ADH_IDHM_E,8058,2000,0.206
ADH_IDHM_E,8058,2010,0.422
ADH_IDHM_E,8059,1991,0.073
ADH_IDHM_E,8059,2000,0.148
ADH_IDHM_E,8059,2010,0.35
ADH_IDHM_E,8060,1991,0.074
ADH_IDHM_E,8060,2000,0.188
ADH_IDHM_E,8060,2010,0.399
ADH_IDHM_E,8061,1991,0.06199999999999999
ADH_IDHM_E,8061,2000,0.128
ADH_IDHM_E,8061,2010,0.345
ADH_IDHM_E,8062,1991,0.131
ADH_IDHM_E,8062,2000,0.22300000000000003
ADH_IDHM_E,8062,2010,0.434
ADH_IDHM_E,8063,1991,0.17300000000000001
ADH_IDHM_E,8063,2000,0.253
ADH_IDHM_E,8063,2010,0.467
ADH_IDHM_E,8064,1991,0.159
ADH_IDHM_E,8064,2000,0.24900000000000003
ADH_IDHM_E,8064,2010,0.49099999999999994
ADH_IDHM_E,8065,1991,0.073
ADH_IDHM_E,8065,2000,0.2
ADH_IDHM_E,8065,2010,0.421
ADH_IDHM_E,8066,1991,0.11400000000000002
ADH_IDHM_E,8066,2000,0.249
ADH_IDHM_E,8066,2010,0.507
ADH_IDHM_E,8067,1991,0.24
ADH_IDHM_E,8067,2000,0.323
ADH_IDHM_E,8067,2010,0.536
ADH_IDHM_E,8068,1991,0.119
ADH_IDHM_E,8068,2000,0.226
ADH_IDHM_E,8068,2010,0.4789999999999999
ADH_IDHM_E,8069,1991,0.145
ADH_IDHM_E,8069,2000,0.228
ADH_IDHM_E,8069,2010,0.509
ADH_IDHM_E,8070,1991,0.07
ADH_IDHM_E,8070,2000,0.156
ADH_IDHM_E,8070,2010,0.465
ADH_IDHM_E,8071,1991,0.213
ADH_IDHM_E,8071,2000,0.217
ADH_IDHM_E,8071,2010,0.462
ADH_IDHM_E,8072,1991,0.088
ADH_IDHM_E,8072,2000,0.154
ADH_IDHM_E,8072,2010,0.419
ADH_IDHM_E,8073,1991,0.11899999999999998
ADH_IDHM_E,8073,2000,0.244
ADH_IDHM_E,8073,2010,0.49800000000000005
ADH_IDHM_E,8074,1991,0.084
ADH_IDHM_E,8074,2000,0.159
ADH_IDHM_E,8074,2010,0.379
ADH_IDHM_E,8075,1991,0.106
ADH_IDHM_E,8075,2000,0.201
ADH_IDHM_E,8075,2010,0.431
ADH_IDHM_E,8076,1991,0.11299999999999999
ADH_IDHM_E,8076,2000,0.187
ADH_IDHM_E,8076,2010,0.421
ADH_IDHM_E,8077,1991,0.2
ADH_IDHM_E,8077,2000,0.333
ADH_IDHM_E,8077,2010,0.547
ADH_IDHM_E,8078,1991,0.053
ADH_IDHM_E,8078,2000,0.161
ADH_IDHM_E,8078,2010,0.365
ADH_IDHM_E,8079,1991,0.212
ADH_IDHM_E,8079,2000,0.253
ADH_IDHM_E,8079,2010,0.47700000000000004
ADH_IDHM_E,8080,1991,0.1490025493945188
ADH_IDHM_E,8080,2000,0.2114574667065689
ADH_IDHM_E,8080,2010,0.4483730661101434
ADH_IDHM_E,8081,1991,0.085
ADH_IDHM_E,8081,2000,0.151
ADH_IDHM_E,8081,2010,0.362
ADH_IDHM_E,8082,1991,0.128
ADH_IDHM_E,8082,2000,0.261
ADH_IDHM_E,8082,2010,0.48
ADH_IDHM_E,8083,1991,0.12
ADH_IDHM_E,8083,2000,0.20600000000000002
ADH_IDHM_E,8083,2010,0.434
ADH_IDHM_E,8084,1991,0.059
ADH_IDHM_E,8084,2000,0.148
ADH_IDHM_E,8084,2010,0.4089999999999999
ADH_IDHM_E,8085,1991,0.07
ADH_IDHM_E,8085,2000,0.196
ADH_IDHM_E,8085,2010,0.4
ADH_IDHM_E,8086,1991,0.146
ADH_IDHM_E,8086,2000,0.255
ADH_IDHM_E,8086,2010,0.504
ADH_IDHM_E,8087,1991,0.076
ADH_IDHM_E,8087,2000,0.149
ADH_IDHM_E,8087,2010,0.432
ADH_IDHM_E,8088,1991,0.22499999999999998
ADH_IDHM_E,8088,2000,0.394
ADH_IDHM_E,8088,2010,0.585
ADH_IDHM_E,8089,1991,0.082
ADH_IDHM_E,8089,2000,0.20600000000000002
ADH_IDHM_E,8089,2010,0.43
ADH_IDHM_E,8090,1991,0.097
ADH_IDHM_E,8090,2000,0.178
ADH_IDHM_E,8090,2010,0.421
ADH_IDHM_E,8091,1991,0.095
ADH_IDHM_E,8091,2000,0.138
ADH_IDHM_E,8091,2010,0.395
ADH_IDHM_E,8092,1991,0.118
ADH_IDHM_E,8092,2000,0.203
ADH_IDHM_E,8092,2010,0.462
ADH_IDHM_E,8093,1991,0.125
ADH_IDHM_E,8093,2000,0.22100000000000003
ADH_IDHM_E,8093,2010,0.47800000000000004
ADH_IDHM_E,9001,1991,0.155
ADH_IDHM_E,9001,2000,0.25
ADH_IDHM_E,9001,2010,0.55
ADH_IDHM_E,9002,1991,0.135
ADH_IDHM_E,9002,2000,0.257
ADH_IDHM_E,9002,2010,0.452
ADH_IDHM_E,9003,1991,0.379
ADH_IDHM_E,9003,2000,0.519
ADH_IDHM_E,9003,2010,0.708
ADH_IDHM_E,9004,1991,0.11699999999999999
ADH_IDHM_E,9004,2000,0.263
ADH_IDHM_E,9004,2010,0.49000000000000005
ADH_IDHM_E,9005,1991,0.088
ADH_IDHM_E,9005,2000,0.241
ADH_IDHM_E,9005,2010,0.434
ADH_IDHM_E,9006,1991,0.22500000000000003
ADH_IDHM_E,9006,2000,0.385
ADH_IDHM_E,9006,2010,0.545
ADH_IDHM_E,9007,1991,0.18199999999999997
ADH_IDHM_E,9007,2000,0.252
ADH_IDHM_E,9007,2010,0.49199999999999994
ADH_IDHM_E,9008,1991,0.109
ADH_IDHM_E,9008,2000,0.209
ADH_IDHM_E,9008,2010,0.435
ADH_IDHM_E,9009,1991,0.13
ADH_IDHM_E,9009,2000,0.259
ADH_IDHM_E,9009,2010,0.484
ADH_IDHM_E,9010,1991,0.134
ADH_IDHM_E,9010,2000,0.252
ADH_IDHM_E,9010,2010,0.462
ADH_IDHM_E,9011,1991,0.057
ADH_IDHM_E,9011,2000,0.176
ADH_IDHM_E,9011,2010,0.435
ADH_IDHM_E,9012,1991,0.162
ADH_IDHM_E,9012,2000,0.291
ADH_IDHM_E,9012,2010,0.51
ADH_IDHM_E,9013,1991,0.075
ADH_IDHM_E,9013,2000,0.188
ADH_IDHM_E,9013,2010,0.44200000000000006
ADH_IDHM_E,9014,1991,0.219
ADH_IDHM_E,9014,2000,0.353
ADH_IDHM_E,9014,2010,0.546
ADH_IDHM_E,9015,1991,0.278
ADH_IDHM_E,9015,2000,0.4060000000000001
ADH_IDHM_E,9015,2010,0.543
ADH_IDHM_E,9016,1991,0.087
ADH_IDHM_E,9016,2000,0.20599999999999996
ADH_IDHM_E,9016,2010,0.414
ADH_IDHM_E,9017,1991,0.12
ADH_IDHM_E,9017,2000,0.311
ADH_IDHM_E,9017,2010,0.512
ADH_IDHM_E,9018,1991,0.23700000000000002
ADH_IDHM_E,9018,2000,0.266
ADH_IDHM_E,9018,2010,0.527
ADH_IDHM_E,9019,1991,0.186
ADH_IDHM_E,9019,2000,0.292
ADH_IDHM_E,9019,2010,0.552
ADH_IDHM_E,9020,1991,0.101
ADH_IDHM_E,9020,2000,0.281
ADH_IDHM_E,9020,2010,0.473
ADH_IDHM_E,9021,1991,0.158
ADH_IDHM_E,9021,2000,0.255
ADH_IDHM_E,9021,2010,0.428
ADH_IDHM_E,9022,1991,0.072
ADH_IDHM_E,9022,2000,0.199
ADH_IDHM_E,9022,2010,0.422
ADH_IDHM_E,9023,1991,0.246
ADH_IDHM_E,9023,2000,0.353
ADH_IDHM_E,9023,2010,0.567
ADH_IDHM_E,9024,1991,0.128
ADH_IDHM_E,9024,2000,0.318
ADH_IDHM_E,9024,2010,0.468
ADH_IDHM_E,9025,1991,0.171
ADH_IDHM_E,9025,2000,0.273
ADH_IDHM_E,9025,2010,0.469
ADH_IDHM_E,9026,1991,0.06
ADH_IDHM_E,9026,2000,0.193
ADH_IDHM_E,9026,2010,0.475
ADH_IDHM_E,9027,1991,0.178
ADH_IDHM_E,9027,2000,0.276
ADH_IDHM_E,9027,2010,0.513
ADH_IDHM_E,9028,1991,0.084
ADH_IDHM_E,9028,2000,0.178
ADH_IDHM_E,9028,2010,0.407
ADH_IDHM_E,9029,1991,0.149
ADH_IDHM_E,9029,2000,0.291
ADH_IDHM_E,9029,2010,0.512
ADH_IDHM_E,9030,1991,0.079
ADH_IDHM_E,9030,2000,0.22599999999999998
ADH_IDHM_E,9030,2010,0.414
ADH_IDHM_E,9031,1991,0.203
ADH_IDHM_E,9031,2000,0.335
ADH_IDHM_E,9031,2010,0.544
ADH_IDHM_E,9032,1991,0.101
ADH_IDHM_E,9032,2000,0.222
ADH_IDHM_E,9032,2010,0.455
ADH_IDHM_E,9033,1991,0.143
ADH_IDHM_E,9033,2000,0.262
ADH_IDHM_E,9033,2010,0.515
ADH_IDHM_E,9034,1991,0.183
ADH_IDHM_E,9034,2000,0.323
ADH_IDHM_E,9034,2010,0.582
ADH_IDHM_E,9035,1991,0.108
ADH_IDHM_E,9035,2000,0.26
ADH_IDHM_E,9035,2010,0.47400000000000003
ADH_IDHM_E,9036,1991,0.195
ADH_IDHM_E,9036,2000,0.332
ADH_IDHM_E,9036,2010,0.531
ADH_IDHM_E,9037,1991,0.187
ADH_IDHM_E,9037,2000,0.282
ADH_IDHM_E,9037,2010,0.442
ADH_IDHM_E,9038,1991,0.182
ADH_IDHM_E,9038,2000,0.309
ADH_IDHM_E,9038,2010,0.511
ADH_IDHM_E,9039,1991,0.135
ADH_IDHM_E,9039,2000,0.256
ADH_IDHM_E,9039,2010,0.429
ADH_IDHM_E,9040,1991,0.076
ADH_IDHM_E,9040,2000,0.208
ADH_IDHM_E,9040,2010,0.431
ADH_IDHM_E,9041,1991,0.142
ADH_IDHM_E,9041,2000,0.272
ADH_IDHM_E,9041,2010,0.554
ADH_IDHM_E,9042,1991,0.24699378852979634
ADH_IDHM_E,9042,2000,0.31083553057263025
ADH_IDHM_E,9042,2010,0.5107860162856248
ADH_IDHM_E,9043,1991,0.079
ADH_IDHM_E,9043,2000,0.184
ADH_IDHM_E,9043,2010,0.43
ADH_IDHM_E,9044,1991,0.124
ADH_IDHM_E,9044,2000,0.24200000000000002
ADH_IDHM_E,9044,2010,0.456
ADH_IDHM_E,9045,1991,0.137
ADH_IDHM_E,9045,2000,0.256
ADH_IDHM_E,9045,2010,0.497
ADH_IDHM_E,9046,1991,0.156
ADH_IDHM_E,9046,2000,0.302
ADH_IDHM_E,9046,2010,0.532
ADH_IDHM_E,9047,1991,0.195
ADH_IDHM_E,9047,2000,0.351
ADH_IDHM_E,9047,2010,0.581
ADH_IDHM_E,9048,1991,0.1
ADH_IDHM_E,9048,2000,0.187
ADH_IDHM_E,9048,2010,0.454
ADH_IDHM_E,9049,1991,0.118
ADH_IDHM_E,9049,2000,0.294
ADH_IDHM_E,9049,2010,0.499
ADH_IDHM_E,9050,1991,0.188
ADH_IDHM_E,9050,2000,0.255
ADH_IDHM_E,9050,2010,0.486
ADH_IDHM_E,9051,1991,0.126
ADH_IDHM_E,9051,2000,0.263
ADH_IDHM_E,9051,2010,0.48
ADH_IDHM_E,9052,1991,0.204
ADH_IDHM_E,9052,2000,0.282
ADH_IDHM_E,9052,2010,0.515
ADH_IDHM_E,9053,1991,0.06
ADH_IDHM_E,9053,2000,0.185
ADH_IDHM_E,9053,2010,0.376
ADH_IDHM_E,9054,1991,0.106
ADH_IDHM_E,9054,2000,0.237
ADH_IDHM_E,9054,2010,0.417
ADH_IDHM_E,9055,1991,0.087
ADH_IDHM_E,9055,2000,0.219
ADH_IDHM_E,9055,2010,0.462
ADH_IDHM_E,9056,1991,0.266
ADH_IDHM_E,9056,2000,0.421
ADH_IDHM_E,9056,2010,0.593
ADH_IDHM_E,9057,1991,0.073
ADH_IDHM_E,9057,2000,0.199
ADH_IDHM_E,9057,2010,0.381
ADH_IDHM_E,9058,1991,0.194
ADH_IDHM_E,9058,2000,0.331
ADH_IDHM_E,9058,2010,0.52
ADH_IDHM_E,9059,1991,0.161
ADH_IDHM_E,9059,2000,0.281
ADH_IDHM_E,9059,2010,0.49000000000000005
ADH_IDHM_E,9060,1991,0.227
ADH_IDHM_E,9060,2000,0.352
ADH_IDHM_E,9060,2010,0.571
ADH_IDHM_E,9061,1991,0.113
ADH_IDHM_E,9061,2000,0.241
ADH_IDHM_E,9061,2010,0.486
ADH_IDHM_E,9062,1991,0.072
ADH_IDHM_E,9062,2000,0.162
ADH_IDHM_E,9062,2010,0.41400000000000003
ADH_IDHM_E,9063,1991,0.066
ADH_IDHM_E,9063,2000,0.286
ADH_IDHM_E,9063,2010,0.514
ADH_IDHM_E,9064,1991,0.136
ADH_IDHM_E,9064,2000,0.348
ADH_IDHM_E,9064,2010,0.543
ADH_IDHM_E,9065,1991,0.203
ADH_IDHM_E,9065,2000,0.368
ADH_IDHM_E,9065,2010,0.581
ADH_IDHM_E,9066,1991,0.086
ADH_IDHM_E,9066,2000,0.216
ADH_IDHM_E,9066,2010,0.471
ADH_IDHM_E,9067,1991,0.186
ADH_IDHM_E,9067,2000,0.279
ADH_IDHM_E,9067,2010,0.49
ADH_IDHM_E,9068,1991,0.076
ADH_IDHM_E,9068,2000,0.18699999999999997
ADH_IDHM_E,9068,2010,0.424
ADH_IDHM_E,9069,1991,0.133
ADH_IDHM_E,9069,2000,0.239
ADH_IDHM_E,9069,2010,0.49199999999999994
ADH_IDHM_E,9070,1991,0.142
ADH_IDHM_E,9070,2000,0.316
ADH_IDHM_E,9070,2010,0.541
ADH_IDHM_E,9071,1991,0.179
ADH_IDHM_E,9071,2000,0.332
ADH_IDHM_E,9071,2010,0.542
ADH_IDHM_E,9072,1991,0.103
ADH_IDHM_E,9072,2000,0.227
ADH_IDHM_E,9072,2010,0.40399999999999997
ADH_IDHM_E,9073,1991,0.065
ADH_IDHM_E,9073,2000,0.16100000000000003
ADH_IDHM_E,9073,2010,0.432
ADH_IDHM_E,9074,1991,0.094
ADH_IDHM_E,9074,2000,0.232
ADH_IDHM_E,9074,2010,0.476
ADH_IDHM_E,10001,1991,0.15
ADH_IDHM_E,10001,2000,0.326
ADH_IDHM_E,10001,2010,0.51
ADH_IDHM_E,10002,1991,0.147
ADH_IDHM_E,10002,2000,0.24
ADH_IDHM_E,10002,2010,0.46
ADH_IDHM_E,10003,1991,0.108
ADH_IDHM_E,10003,2000,0.264
ADH_IDHM_E,10003,2010,0.487
ADH_IDHM_E,10004,1991,0.08198510354545684
ADH_IDHM_E,10004,2000,0.19606986525811262
ADH_IDHM_E,10004,2010,0.45755473781048756
ADH_IDHM_E,10005,1991,0.065
ADH_IDHM_E,10005,2000,0.208
ADH_IDHM_E,10005,2010,0.422
ADH_IDHM_E,10006,1991,0.09
ADH_IDHM_E,10006,2000,0.174
ADH_IDHM_E,10006,2010,0.471
ADH_IDHM_E,10007,1991,0.09900000000000002
ADH_IDHM_E,10007,2000,0.261
ADH_IDHM_E,10007,2010,0.471
ADH_IDHM_E,10008,1991,0.25299858543795795
ADH_IDHM_E,10008,2000,0.38629825369601273
ADH_IDHM_E,10008,2010,0.5822095628949253
ADH_IDHM_E,10009,1991,0.15510982893707223
ADH_IDHM_E,10009,2000,0.3505349181374916
ADH_IDHM_E,10009,2010,0.573074104703907
ADH_IDHM_E,10010,1991,0.077
ADH_IDHM_E,10010,2000,0.207
ADH_IDHM_E,10010,2010,0.421
ADH_IDHM_E,10011,1991,0.186
ADH_IDHM_E,10011,2000,0.314
ADH_IDHM_E,10011,2010,0.492
ADH_IDHM_E,10012,1991,0.20100000000000004
ADH_IDHM_E,10012,2000,0.363
ADH_IDHM_E,10012,2010,0.6
ADH_IDHM_E,10013,1991,0.17374045691498308
ADH_IDHM_E,10013,2000,0.3255870846099458
ADH_IDHM_E,10013,2010,0.5680318020488828
ADH_IDHM_E,10014,1991,0.031
ADH_IDHM_E,10014,2000,0.104
ADH_IDHM_E,10014,2010,0.371
ADH_IDHM_E,10015,1991,0.092
ADH_IDHM_E,10015,2000,0.17758703374777976
ADH_IDHM_E,10015,2010,0.43545576066199865
ADH_IDHM_E,10016,1991,0.1418584366394608
ADH_IDHM_E,10016,2000,0.33531736469573753
ADH_IDHM_E,10016,2010,0.578717559915797
ADH_IDHM_E,10017,1991,0.11
ADH_IDHM_E,10017,2000,0.244
ADH_IDHM_E,10017,2010,0.556
ADH_IDHM_E,10018,1991,0.104
ADH_IDHM_E,10018,2000,0.27
ADH_IDHM_E,10018,2010,0.471
ADH_IDHM_E,10019,1991,0.0990266818052796
ADH_IDHM_E,10019,2000,0.2695247818623945
ADH_IDHM_E,10019,2010,0.46241888989197777
ADH_IDHM_E,10020,1991,0.072
ADH_IDHM_E,10020,2000,0.18800000000000003
ADH_IDHM_E,10020,2010,0.422
ADH_IDHM_E,10021,1991,0.112
ADH_IDHM_E,10021,2000,0.256
ADH_IDHM_E,10021,2010,0.498
ADH_IDHM_E,10022,1991,0.091
ADH_IDHM_E,10022,2000,0.208
ADH_IDHM_E,10022,2010,0.425
ADH_IDHM_E,10023,1991,0.09498245390161425
ADH_IDHM_E,10023,2000,0.22590620375850842
ADH_IDHM_E,10023,2010,0.4417902001026167
ADH_IDHM_E,10024,1991,0.06
ADH_IDHM_E,10024,2000,0.133
ADH_IDHM_E,10024,2010,0.439
ADH_IDHM_E,10025,1991,0.075
ADH_IDHM_E,10025,2000,0.18200000000000002
ADH_IDHM_E,10025,2010,0.381
ADH_IDHM_E,10026,1991,0.167
ADH_IDHM_E,10026,2000,0.285
ADH_IDHM_E,10026,2010,0.47000000000000003
ADH_IDHM_E,10027,1991,0.073
ADH_IDHM_E,10027,2000,0.16469716801242965
ADH_IDHM_E,10027,2010,0.420686800765173
ADH_IDHM_E,10028,1991,0.11
ADH_IDHM_E,10028,2000,0.268
ADH_IDHM_E,10028,2010,0.443
ADH_IDHM_E,10029,1991,0.09
ADH_IDHM_E,10029,2000,0.177
ADH_IDHM_E,10029,2010,0.43399999999999994
ADH_IDHM_E,10030,1991,0.079
ADH_IDHM_E,10030,2000,0.193
ADH_IDHM_E,10030,2010,0.492
ADH_IDHM_E,10031,1991,0.084
ADH_IDHM_E,10031,2000,0.22900000000000004
ADH_IDHM_E,10031,2010,0.47100000000000003
ADH_IDHM_E,10032,1991,0.12276586169858143
ADH_IDHM_E,10032,2000,0.27526434019433704
ADH_IDHM_E,10032,2010,0.5056415087979506
ADH_IDHM_E,10033,1991,0.09421349130391736
ADH_IDHM_E,10033,2000,0.18168766537184033
ADH_IDHM_E,10033,2010,0.45890835511446143
ADH_IDHM_E,10034,1991,0.097
ADH_IDHM_E,10034,2000,0.2
ADH_IDHM_E,10034,2010,0.469
ADH_IDHM_E,10035,1991,0.039
ADH_IDHM_E,10035,2000,0.107
ADH_IDHM_E,10035,2010,0.386
ADH_IDHM_E,10036,1991,0.135
ADH_IDHM_E,10036,2000,0.311
ADH_IDHM_E,10036,2010,0.553
ADH_IDHM_E,10037,1991,0.057
ADH_IDHM_E,10037,2000,0.208
ADH_IDHM_E,10037,2010,0.465
ADH_IDHM_E,10038,1991,0.19599947107652124
ADH_IDHM_E,10038,2000,0.4139993249905195
ADH_IDHM_E,10038,2010,0.6442661745944961
ADH_IDHM_E,10039,1991,0.10643130916647424
ADH_IDHM_E,10039,2000,0.25518292213369664
ADH_IDHM_E,10039,2010,0.5155081610446137
ADH_IDHM_E,10040,1991,0.2029986976083353
ADH_IDHM_E,10040,2000,0.3279988462509164
ADH_IDHM_E,10040,2010,0.5274752564511342
ADH_IDHM_E,10041,1991,0.067
ADH_IDHM_E,10041,2000,0.24799999999999997
ADH_IDHM_E,10041,2010,0.508
ADH_IDHM_E,10042,1991,0.12300000000000001
ADH_IDHM_E,10042,2000,0.249
ADH_IDHM_E,10042,2010,0.48
ADH_IDHM_E,10043,1991,0.057
ADH_IDHM_E,10043,2000,0.158
ADH_IDHM_E,10043,2010,0.444
ADH_IDHM_E,10044,1991,0.095
ADH_IDHM_E,10044,2000,0.213
ADH_IDHM_E,10044,2010,0.402
ADH_IDHM_E,10045,1991,0.04154323776159307
ADH_IDHM_E,10045,2000,0.10713130648153692
ADH_IDHM_E,10045,2010,0.4258386063739486
ADH_IDHM_E,10046,1991,0.058
ADH_IDHM_E,10046,2000,0.174
ADH_IDHM_E,10046,2010,0.447
ADH_IDHM_E,10047,1991,0.1331320987518315
ADH_IDHM_E,10047,2000,0.28543052251121254
ADH_IDHM_E,10047,2010,0.5241018401015228
ADH_IDHM_E,10048,1991,0.06776196883249595
ADH_IDHM_E,10048,2000,0.18656483899042645
ADH_IDHM_E,10048,2010,0.4511506581157875
ADH_IDHM_E,10049,1991,0.099
ADH_IDHM_E,10049,2000,0.244
ADH_IDHM_E,10049,2010,0.514
ADH_IDHM_E,10050,1991,0.09716989101771255
ADH_IDHM_E,10050,2000,0.21478390581483672
ADH_IDHM_E,10050,2010,0.4747363894555782
ADH_IDHM_E,10051,1991,0.111
ADH_IDHM_E,10051,2000,0.212
ADH_IDHM_E,10051,2010,0.49699999999999994
ADH_IDHM_E,10052,1991,0.08974124245303258
ADH_IDHM_E,10052,2000,0.2183601885344733
ADH_IDHM_E,10052,2010,0.46405829757785466
ADH_IDHM_E,10053,1991,0.097
ADH_IDHM_E,10053,2000,0.236
ADH_IDHM_E,10053,2010,0.49000000000000005
ADH_IDHM_E,10054,1991,0.078
ADH_IDHM_E,10054,2000,0.229
ADH_IDHM_E,10054,2010,0.523
ADH_IDHM_E,10055,1991,0.089
ADH_IDHM_E,10055,2000,0.231
ADH_IDHM_E,10055,2010,0.44500000000000006
ADH_IDHM_E,10056,1991,0.172
ADH_IDHM_E,10056,2000,0.352
ADH_IDHM_E,10056,2010,0.554
ADH_IDHM_E,10057,1991,0.10300810619110345
ADH_IDHM_E,10057,2000,0.21638534428300696
ADH_IDHM_E,10057,2010,0.47949054276315795
ADH_IDHM_E,10058,1991,0.065
ADH_IDHM_E,10058,2000,0.144
ADH_IDHM_E,10058,2010,0.406
ADH_IDHM_E,10059,1991,0.19135018050541516
ADH_IDHM_E,10059,2000,0.33669359832001905
ADH_IDHM_E,10059,2010,0.5418889153290356
ADH_IDHM_E,10060,1991,0.226
ADH_IDHM_E,10060,2000,0.372
ADH_IDHM_E,10060,2010,0.577
ADH_IDHM_E,10061,1991,0.159
ADH_IDHM_E,10061,2000,0.297
ADH_IDHM_E,10061,2010,0.541
ADH_IDHM_E,10062,1991,0.1
ADH_IDHM_E,10062,2000,0.233
ADH_IDHM_E,10062,2010,0.43399999999999994
ADH_IDHM_E,10063,1991,0.11139592663265704
ADH_IDHM_E,10063,2000,0.22648591260343295
ADH_IDHM_E,10063,2010,0.46381861380982603
ADH_IDHM_E,10064,1991,0.06747505920932775
ADH_IDHM_E,10064,2000,0.2142085124125986
ADH_IDHM_E,10064,2010,0.4800205037680766
ADH_IDHM_E,10065,1991,0.061
ADH_IDHM_E,10065,2000,0.247
ADH_IDHM_E,10065,2010,0.51
ADH_IDHM_E,10066,1991,0.07305450797307948
ADH_IDHM_E,10066,2000,0.19994709957315793
ADH_IDHM_E,10066,2010,0.4741151489391846
ADH_IDHM_E,10067,1991,0.11699999999999999
ADH_IDHM_E,10067,2000,0.241
ADH_IDHM_E,10067,2010,0.419
ADH_IDHM_E,10068,1991,0.2265482163437981
ADH_IDHM_E,10068,2000,0.38905914227760074
ADH_IDHM_E,10068,2010,0.6091285995927733
ADH_IDHM_E,10069,1991,0.06480173454824899
ADH_IDHM_E,10069,2000,0.15292330474486335
ADH_IDHM_E,10069,2010,0.444300476062898
ADH_IDHM_E,10070,1991,0.076
ADH_IDHM_E,10070,2000,0.148
ADH_IDHM_E,10070,2010,0.42999999999999994
ADH_IDHM_E,10071,1991,0.07616501004834066
ADH_IDHM_E,10071,2000,0.21922893719933756
ADH_IDHM_E,10071,2010,0.4623947569843092
ADH_IDHM_E,10072,1991,0.102
ADH_IDHM_E,10072,2000,0.252
ADH_IDHM_E,10072,2010,0.46299999999999997
ADH_IDHM_E,10073,1991,0.11049292634480525
ADH_IDHM_E,10073,2000,0.2156215869061752
ADH_IDHM_E,10073,2010,0.4228994746059545
ADH_IDHM_E,10074,1991,0.137
ADH_IDHM_E,10074,2000,0.302
ADH_IDHM_E,10074,2010,0.465
ADH_IDHM_E,10075,1991,0.22
ADH_IDHM_E,10075,2000,0.414
ADH_IDHM_E,10075,2010,0.616
ADH_IDHM_E,10076,1991,0.15
ADH_IDHM_E,10076,2000,0.302
ADH_IDHM_E,10076,2010,0.48100000000000004
ADH_IDHM_E,10077,1991,0.051
ADH_IDHM_E,10077,2000,0.212
ADH_IDHM_E,10077,2010,0.48199999999999993
ADH_IDHM_E,10078,1991,0.071
ADH_IDHM_E,10078,2000,0.163
ADH_IDHM_E,10078,2010,0.438
ADH_IDHM_E,10079,1991,0.08220986976545581
ADH_IDHM_E,10079,2000,0.21793146675339264
ADH_IDHM_E,10079,2010,0.43502403465655853
ADH_IDHM_E,10080,1991,0.1081053232322102
ADH_IDHM_E,10080,2000,0.29469976941922466
ADH_IDHM_E,10080,2010,0.5182595236072167
ADH_IDHM_E,10081,1991,0.1280404406737725
ADH_IDHM_E,10081,2000,0.28027035374708126
ADH_IDHM_E,10081,2010,0.5169677084408214
ADH_IDHM_E,10082,1991,0.03609521802134106
ADH_IDHM_E,10082,2000,0.12481503492857889
ADH_IDHM_E,10082,2010,0.3768797475322006
ADH_IDHM_E,10083,1991,0.077
ADH_IDHM_E,10083,2000,0.258
ADH_IDHM_E,10083,2010,0.47300000000000003
ADH_IDHM_E,10084,1991,0.085
ADH_IDHM_E,10084,2000,0.202
ADH_IDHM_E,10084,2010,0.437
ADH_IDHM_E,10085,1991,0.07418064435251347
ADH_IDHM_E,10085,2000,0.20183955591368968
ADH_IDHM_E,10085,2010,0.4820096053697489
ADH_IDHM_E,10086,1991,0.086
ADH_IDHM_E,10086,2000,0.17099999999999999
ADH_IDHM_E,10086,2010,0.435
ADH_IDHM_E,10087,1991,0.11002368679642112
ADH_IDHM_E,10087,2000,0.22005028680015484
ADH_IDHM_E,10087,2010,0.4696741823630883
ADH_IDHM_E,10088,1991,0.108
ADH_IDHM_E,10088,2000,0.256
ADH_IDHM_E,10088,2010,0.452
ADH_IDHM_E,10089,1991,0.213
ADH_IDHM_E,10089,2000,0.39
ADH_IDHM_E,10089,2010,0.578
ADH_IDHM_E,10090,1991,0.149
ADH_IDHM_E,10090,2000,0.322
ADH_IDHM_E,10090,2010,0.538
ADH_IDHM_E,10091,1991,0.131
ADH_IDHM_E,10091,2000,0.259
ADH_IDHM_E,10091,2010,0.503
ADH_IDHM_E,10092,1991,0.09884718385170663
ADH_IDHM_E,10092,2000,0.21461151283717908
ADH_IDHM_E,10092,2010,0.47063917360666235
ADH_IDHM_E,10093,1991,0.18200000000000002
ADH_IDHM_E,10093,2000,0.277
ADH_IDHM_E,10093,2010,0.496
ADH_IDHM_E,10094,1991,0.15299999999999997
ADH_IDHM_E,10094,2000,0.227
ADH_IDHM_E,10094,2010,0.49100000000000005
ADH_IDHM_E,10095,1991,0.066
ADH_IDHM_E,10095,2000,0.217
ADH_IDHM_E,10095,2010,0.47100000000000003
ADH_IDHM_E,10096,1991,0.179
ADH_IDHM_E,10096,2000,0.369
ADH_IDHM_E,10096,2010,0.548
ADH_IDHM_E,10097,1991,0.173
ADH_IDHM_E,10097,2000,0.331
ADH_IDHM_E,10097,2010,0.479
ADH_IDHM_E,10098,1991,0.13
ADH_IDHM_E,10098,2000,0.282
ADH_IDHM_E,10098,2010,0.517
ADH_IDHM_E,10099,1991,0.189
ADH_IDHM_E,10099,2000,0.392
ADH_IDHM_E,10099,2010,0.5790000000000001
ADH_IDHM_E,10100,1991,0.08
ADH_IDHM_E,10100,2000,0.209
ADH_IDHM_E,10100,2010,0.451
ADH_IDHM_E,10101,1991,0.07679388619854721
ADH_IDHM_E,10101,2000,0.1678523135705728
ADH_IDHM_E,10101,2010,0.44318747711461004
ADH_IDHM_E,10102,1991,0.11700000000000002
ADH_IDHM_E,10102,2000,0.24
ADH_IDHM_E,10102,2010,0.4769999999999999
ADH_IDHM_E,10103,1991,0.108
ADH_IDHM_E,10103,2000,0.254
ADH_IDHM_E,10103,2010,0.489
ADH_IDHM_E,10104,1991,0.076
ADH_IDHM_E,10104,2000,0.179
ADH_IDHM_E,10104,2010,0.454
ADH_IDHM_E,10105,1991,0.10571575355595599
ADH_IDHM_E,10105,2000,0.24409417973686168
ADH_IDHM_E,10105,2010,0.5215272162310364
ADH_IDHM_E,10106,1991,0.024
ADH_IDHM_E,10106,2000,0.137
ADH_IDHM_E,10106,2010,0.392
ADH_IDHM_E,10107,1991,0.07204766103231983
ADH_IDHM_E,10107,2000,0.23612108830221915
ADH_IDHM_E,10107,2010,0.4870233454328477
ADH_IDHM_E,10108,1991,0.08339870582379293
ADH_IDHM_E,10108,2000,0.19981682270658327
ADH_IDHM_E,10108,2010,0.5011321924888021
ADH_IDHM_E,10109,1991,0.104
ADH_IDHM_E,10109,2000,0.268
ADH_IDHM_E,10109,2010,0.503
ADH_IDHM_E,10110,1991,0.069
ADH_IDHM_E,10110,2000,0.159
ADH_IDHM_E,10110,2010,0.387
ADH_IDHM_E,10111,1991,0.087
ADH_IDHM_E,10111,2000,0.252
ADH_IDHM_E,10111,2010,0.553
ADH_IDHM_E,10112,1991,0.275
ADH_IDHM_E,10112,2000,0.452
ADH_IDHM_E,10112,2010,0.65
ADH_IDHM_E,10113,1991,0.097
ADH_IDHM_E,10113,2000,0.234
ADH_IDHM_E,10113,2010,0.463
ADH_IDHM_E,10114,1991,0.045
ADH_IDHM_E,10114,2000,0.159
ADH_IDHM_E,10114,2010,0.392
ADH_IDHM_E,10115,1991,0.109
ADH_IDHM_E,10115,2000,0.249
ADH_IDHM_E,10115,2010,0.482
ADH_IDHM_E,10116,1991,0.128
ADH_IDHM_E,10116,2000,0.304
ADH_IDHM_E,10116,2010,0.531
ADH_IDHM_E,10117,1991,0.145
ADH_IDHM_E,10117,2000,0.293
ADH_IDHM_E,10117,2010,0.527
ADH_IDHM_E,10118,1991,0.04527678682026508
ADH_IDHM_E,10118,2000,0.1473462375847554
ADH_IDHM_E,10118,2010,0.3909642857142857
ADH_IDHM_E,10119,1991,0.111
ADH_IDHM_E,10119,2000,0.262
ADH_IDHM_E,10119,2010,0.49200000000000005
ADH_IDHM_E,10120,1991,0.149
ADH_IDHM_E,10120,2000,0.273
ADH_IDHM_E,10120,2010,0.469
ADH_IDHM_E,10121,1991,0.17208264141152052
ADH_IDHM_E,10121,2000,0.350883119768906
ADH_IDHM_E,10121,2010,0.5717923137751068
ADH_IDHM_E,10122,1991,0.273
ADH_IDHM_E,10122,2000,0.44
ADH_IDHM_E,10122,2010,0.619
ADH_IDHM_E,10123,1991,0.06862517969835043
ADH_IDHM_E,10123,2000,0.20890334378265413
ADH_IDHM_E,10123,2010,0.46746756734760314
ADH_IDHM_E,10124,1991,0.136
ADH_IDHM_E,10124,2000,0.297
ADH_IDHM_E,10124,2010,0.46399999999999997
ADH_IDHM_E,10125,1991,0.15300000000000002
ADH_IDHM_E,10125,2000,0.271
ADH_IDHM_E,10125,2010,0.431
ADH_IDHM_E,10126,1991,0.175
ADH_IDHM_E,10126,2000,0.24099999999999996
ADH_IDHM_E,10126,2010,0.536
ADH_IDHM_E,10127,1991,0.1448942185428672
ADH_IDHM_E,10127,2000,0.26946390491172867
ADH_IDHM_E,10127,2010,0.4920019467878001
ADH_IDHM_E,10128,1991,0.09299999999999999
ADH_IDHM_E,10128,2000,0.227
ADH_IDHM_E,10128,2010,0.45000000000000007
ADH_IDHM_E,10129,1991,0.113
ADH_IDHM_E,10129,2000,0.211
ADH_IDHM_E,10129,2010,0.479
ADH_IDHM_E,10130,1991,0.095
ADH_IDHM_E,10130,2000,0.209
ADH_IDHM_E,10130,2010,0.456
ADH_IDHM_E,10131,1991,0.19
ADH_IDHM_E,10131,2000,0.373
ADH_IDHM_E,10131,2010,0.594
ADH_IDHM_E,10132,1991,0.202
ADH_IDHM_E,10132,2000,0.403
ADH_IDHM_E,10132,2010,0.584
ADH_IDHM_E,10133,1991,0.061000000000000006
ADH_IDHM_E,10133,2000,0.149
ADH_IDHM_E,10133,2010,0.40599999999999997
ADH_IDHM_E,10134,1991,0.04598649182399874
ADH_IDHM_E,10134,2000,0.1585290807448817
ADH_IDHM_E,10134,2010,0.40945420125236637
ADH_IDHM_E,10135,1991,0.107
ADH_IDHM_E,10135,2000,0.22
ADH_IDHM_E,10135,2010,0.461
ADH_IDHM_E,10136,1991,0.107
ADH_IDHM_E,10136,2000,0.23299999999999998
ADH_IDHM_E,10136,2010,0.476
ADH_IDHM_E,10137,1991,0.14
ADH_IDHM_E,10137,2000,0.274
ADH_IDHM_E,10137,2010,0.524
ADH_IDHM_E,10138,1991,0.088
ADH_IDHM_E,10138,2000,0.176
ADH_IDHM_E,10138,2010,0.484
ADH_IDHM_E,10139,1991,0.089
ADH_IDHM_E,10139,2000,0.225
ADH_IDHM_E,10139,2010,0.435
ADH_IDHM_E,10140,1991,0.139
ADH_IDHM_E,10140,2000,0.318
ADH_IDHM_E,10140,2010,0.545
ADH_IDHM_E,10141,1991,0.044
ADH_IDHM_E,10141,2000,0.167
ADH_IDHM_E,10141,2010,0.475
ADH_IDHM_E,10142,1991,0.041
ADH_IDHM_E,10142,2000,0.171
ADH_IDHM_E,10142,2010,0.335
ADH_IDHM_E,10143,1991,0.054
ADH_IDHM_E,10143,2000,0.2
ADH_IDHM_E,10143,2010,0.415
ADH_IDHM_E,10144,1991,0.149
ADH_IDHM_E,10144,2000,0.296
ADH_IDHM_E,10144,2010,0.467
ADH_IDHM_E,10145,1991,0.091
ADH_IDHM_E,10145,2000,0.225
ADH_IDHM_E,10145,2010,0.424
ADH_IDHM_E,10146,1991,0.099
ADH_IDHM_E,10146,2000,0.21907138810198298
ADH_IDHM_E,10146,2010,0.495299606584928
ADH_IDHM_E,10147,1991,0.115
ADH_IDHM_E,10147,2000,0.277
ADH_IDHM_E,10147,2010,0.527
ADH_IDHM_E,10148,1991,0.123
ADH_IDHM_E,10148,2000,0.31
ADH_IDHM_E,10148,2010,0.548
ADH_IDHM_E,10149,1991,0.295
ADH_IDHM_E,10149,2000,0.408
ADH_IDHM_E,10149,2010,0.562
ADH_IDHM_E,10150,1991,0.158
ADH_IDHM_E,10150,2000,0.2839999999999999
ADH_IDHM_E,10150,2010,0.516
ADH_IDHM_E,10151,1991,0.068
ADH_IDHM_E,10151,2000,0.198
ADH_IDHM_E,10151,2010,0.382
ADH_IDHM_E,10152,1991,0.17
ADH_IDHM_E,10152,2000,0.32900000000000007
ADH_IDHM_E,10152,2010,0.59
ADH_IDHM_E,10153,1991,0.089
ADH_IDHM_E,10153,2000,0.184
ADH_IDHM_E,10153,2010,0.429
ADH_IDHM_E,10154,1991,0.051
ADH_IDHM_E,10154,2000,0.163
ADH_IDHM_E,10154,2010,0.424
ADH_IDHM_E,10155,1991,0.159
ADH_IDHM_E,10155,2000,0.315
ADH_IDHM_E,10155,2010,0.551
ADH_IDHM_E,10156,1991,0.07085761593935164
ADH_IDHM_E,10156,2000,0.1946301102197515
ADH_IDHM_E,10156,2010,0.41003544521776564
ADH_IDHM_E,10157,1991,0.128
ADH_IDHM_E,10157,2000,0.298
ADH_IDHM_E,10157,2010,0.499
ADH_IDHM_E,10158,1991,0.067
ADH_IDHM_E,10158,2000,0.184
ADH_IDHM_E,10158,2010,0.453
ADH_IDHM_E,10159,1991,0.09
ADH_IDHM_E,10159,2000,0.198
ADH_IDHM_E,10159,2010,0.46299999999999997
ADH_IDHM_E,10160,1991,0.098
ADH_IDHM_E,10160,2000,0.26
ADH_IDHM_E,10160,2010,0.523
ADH_IDHM_E,10161,1991,0.138
ADH_IDHM_E,10161,2000,0.287
ADH_IDHM_E,10161,2010,0.501
ADH_IDHM_E,10162,1991,0.12622106325100432
ADH_IDHM_E,10162,2000,0.2742445355528662
ADH_IDHM_E,10162,2010,0.5524419935745144
ADH_IDHM_E,10163,1991,0.165
ADH_IDHM_E,10163,2000,0.299
ADH_IDHM_E,10163,2010,0.485
ADH_IDHM_E,10164,1991,0.2497047799449798
ADH_IDHM_E,10164,2000,0.4143034847794899
ADH_IDHM_E,10164,2010,0.6371129008577207
ADH_IDHM_E,10165,1991,0.056
ADH_IDHM_E,10165,2000,0.175
ADH_IDHM_E,10165,2010,0.413
ADH_IDHM_E,10166,1991,0.052
ADH_IDHM_E,10166,2000,0.192
ADH_IDHM_E,10166,2010,0.485
ADH_IDHM_E,10167,1991,0.099
ADH_IDHM_E,10167,2000,0.213
ADH_IDHM_E,10167,2010,0.426
ADH_IDHM_E,10168,1991,0.10400000000000001
ADH_IDHM_E,10168,2000,0.24000000000000002
ADH_IDHM_E,10168,2010,0.469
ADH_IDHM_E,10169,1991,0.113
ADH_IDHM_E,10169,2000,0.304
ADH_IDHM_E,10169,2010,0.516
ADH_IDHM_E,10170,1991,0.1026623869425096
ADH_IDHM_E,10170,2000,0.23869644992592856
ADH_IDHM_E,10170,2010,0.4691064601242659
ADH_IDHM_E,10171,1991,0.095
ADH_IDHM_E,10171,2000,0.25
ADH_IDHM_E,10171,2010,0.502
ADH_IDHM_E,10172,1991,0.141
ADH_IDHM_E,10172,2000,0.27
ADH_IDHM_E,10172,2010,0.466
ADH_IDHM_E,10173,1991,0.10925761952191235
ADH_IDHM_E,10173,2000,0.2433991584009618
ADH_IDHM_E,10173,2010,0.4897965893755367
ADH_IDHM_E,10174,1991,0.131
ADH_IDHM_E,10174,2000,0.223
ADH_IDHM_E,10174,2010,0.454
ADH_IDHM_E,10175,1991,0.143
ADH_IDHM_E,10175,2000,0.19699999999999998
ADH_IDHM_E,10175,2010,0.436
ADH_IDHM_E,10176,1991,0.124
ADH_IDHM_E,10176,2000,0.197
ADH_IDHM_E,10176,2010,0.43300000000000005
ADH_IDHM_E,10177,1991,0.14
ADH_IDHM_E,10177,2000,0.311
ADH_IDHM_E,10177,2010,0.525
ADH_IDHM_E,10178,1991,0.245
ADH_IDHM_E,10178,2000,0.371
ADH_IDHM_E,10178,2010,0.553
ADH_IDHM_E,10179,1991,0.079
ADH_IDHM_E,10179,2000,0.266
ADH_IDHM_E,10179,2010,0.491
ADH_IDHM_E,10180,1991,0.04
ADH_IDHM_E,10180,2000,0.18
ADH_IDHM_E,10180,2010,0.458
ADH_IDHM_E,10181,1991,0.188
ADH_IDHM_E,10181,2000,0.368
ADH_IDHM_E,10181,2010,0.562
ADH_IDHM_E,10182,1991,0.04
ADH_IDHM_E,10182,2000,0.119
ADH_IDHM_E,10182,2010,0.319
ADH_IDHM_E,10183,1991,0.13
ADH_IDHM_E,10183,2000,0.21600000000000003
ADH_IDHM_E,10183,2010,0.454
ADH_IDHM_E,10184,1991,0.087
ADH_IDHM_E,10184,2000,0.2
ADH_IDHM_E,10184,2010,0.411
ADH_IDHM_E,10185,1991,0.105
ADH_IDHM_E,10185,2000,0.247
ADH_IDHM_E,10185,2010,0.48700000000000004
ADH_IDHM_E,10186,1991,0.08703026615164824
ADH_IDHM_E,10186,2000,0.24367844456907836
ADH_IDHM_E,10186,2010,0.45899999999999996
ADH_IDHM_E,10187,1991,0.11900000000000001
ADH_IDHM_E,10187,2000,0.278
ADH_IDHM_E,10187,2010,0.482
ADH_IDHM_E,10188,1991,0.065
ADH_IDHM_E,10188,2000,0.196
ADH_IDHM_E,10188,2010,0.398
ADH_IDHM_E,10189,1991,0.129
ADH_IDHM_E,10189,2000,0.274
ADH_IDHM_E,10189,2010,0.4739999999999999
ADH_IDHM_E,10190,1991,0.109
ADH_IDHM_E,10190,2000,0.207
ADH_IDHM_E,10190,2010,0.425
ADH_IDHM_E,10191,1991,0.09955415015155047
ADH_IDHM_E,10191,2000,0.19536664593463757
ADH_IDHM_E,10191,2010,0.44995600439681227
ADH_IDHM_E,10192,1991,0.0700682123526928
ADH_IDHM_E,10192,2000,0.2258219744856913
ADH_IDHM_E,10192,2010,0.47424968417923763
ADH_IDHM_E,10193,1991,0.101
ADH_IDHM_E,10193,2000,0.247
ADH_IDHM_E,10193,2010,0.49
ADH_IDHM_E,10194,1991,0.112
ADH_IDHM_E,10194,2000,0.287
ADH_IDHM_E,10194,2010,0.551
ADH_IDHM_E,10195,1991,0.07
ADH_IDHM_E,10195,2000,0.216
ADH_IDHM_E,10195,2010,0.407
ADH_IDHM_E,10196,1991,0.087
ADH_IDHM_E,10196,2000,0.198
ADH_IDHM_E,10196,2010,0.43499999999999994
ADH_IDHM_E,10197,1991,0.173
ADH_IDHM_E,10197,2000,0.33
ADH_IDHM_E,10197,2010,0.568
ADH_IDHM_E,10198,1991,0.05755729816432008
ADH_IDHM_E,10198,2000,0.18693518393747474
ADH_IDHM_E,10198,2010,0.41673615531508595
ADH_IDHM_E,10199,1991,0.091
ADH_IDHM_E,10199,2000,0.225
ADH_IDHM_E,10199,2010,0.397
ADH_IDHM_E,10200,1991,0.061
ADH_IDHM_E,10200,2000,0.207
ADH_IDHM_E,10200,2010,0.479
ADH_IDHM_E,10201,1991,0.21129294882480412
ADH_IDHM_E,10201,2000,0.3721569691462643
ADH_IDHM_E,10201,2010,0.5900993794467301
ADH_IDHM_E,10202,1991,0.091
ADH_IDHM_E,10202,2000,0.226
ADH_IDHM_E,10202,2010,0.476
ADH_IDHM_E,10203,1991,0.169
ADH_IDHM_E,10203,2000,0.272
ADH_IDHM_E,10203,2010,0.493
ADH_IDHM_E,10204,1991,0.072
ADH_IDHM_E,10204,2000,0.201
ADH_IDHM_E,10204,2010,0.483
ADH_IDHM_E,10205,1991,0.081
ADH_IDHM_E,10205,2000,0.221
ADH_IDHM_E,10205,2010,0.48
ADH_IDHM_E,10206,1991,0.169
ADH_IDHM_E,10206,2000,0.31599999999999995
ADH_IDHM_E,10206,2010,0.497
ADH_IDHM_E,10207,1991,0.07
ADH_IDHM_E,10207,2000,0.144
ADH_IDHM_E,10207,2010,0.413
ADH_IDHM_E,10208,1991,0.0874021409455843
ADH_IDHM_E,10208,2000,0.23128104969459318
ADH_IDHM_E,10208,2010,0.508908256880734
ADH_IDHM_E,10209,1991,0.072
ADH_IDHM_E,10209,2000,0.194
ADH_IDHM_E,10209,2010,0.372
ADH_IDHM_E,10210,1991,0.272
ADH_IDHM_E,10210,2000,0.455
ADH_IDHM_E,10210,2010,0.663
ADH_IDHM_E,10211,1991,0.15300000000000002
ADH_IDHM_E,10211,2000,0.314
ADH_IDHM_E,10211,2010,0.51
ADH_IDHM_E,10212,1991,0.131
ADH_IDHM_E,10212,2000,0.308
ADH_IDHM_E,10212,2010,0.531
ADH_IDHM_E,10213,1991,0.159
ADH_IDHM_E,10213,2000,0.318
ADH_IDHM_E,10213,2010,0.491
ADH_IDHM_E,10214,1991,0.068
ADH_IDHM_E,10214,2000,0.17999999999999997
ADH_IDHM_E,10214,2010,0.358
ADH_IDHM_E,10215,1991,0.105
ADH_IDHM_E,10215,2000,0.258
ADH_IDHM_E,10215,2010,0.466
ADH_IDHM_E,10216,1991,0.081
ADH_IDHM_E,10216,2000,0.24400000000000002
ADH_IDHM_E,10216,2010,0.513
ADH_IDHM_E,10217,1991,0.129
ADH_IDHM_E,10217,2000,0.213
ADH_IDHM_E,10217,2010,0.539
ADH_IDHM_E,10218,1991,0.38266518458533066
ADH_IDHM_E,10218,2000,0.5245146661518291
ADH_IDHM_E,10218,2010,0.6789225735156508
ADH_IDHM_E,10219,1991,0.040272100799217093
ADH_IDHM_E,10219,2000,0.10621860661872376
ADH_IDHM_E,10219,2010,0.37987704204929923
ADH_IDHM_E,10220,1991,0.116
ADH_IDHM_E,10220,2000,0.231
ADH_IDHM_E,10220,2010,0.4719999999999999
ADH_IDHM_E,10221,1991,0.08053260075401115
ADH_IDHM_E,10221,2000,0.18989189750281749
ADH_IDHM_E,10221,2010,0.41135395022952403
ADH_IDHM_E,10222,1991,0.060000000000000005
ADH_IDHM_E,10222,2000,0.181
ADH_IDHM_E,10222,2010,0.471
ADH_IDHM_E,10223,1991,0.05
ADH_IDHM_E,10223,2000,0.154
ADH_IDHM_E,10223,2010,0.45600000000000007
ADH_IDHM_E,10224,1991,0.12529018789144047
ADH_IDHM_E,10224,2000,0.26115801779197084
ADH_IDHM_E,10224,2010,0.5308301838216364
ADH_IDHM_E,10225,1991,0.144
ADH_IDHM_E,10225,2000,0.277
ADH_IDHM_E,10225,2010,0.518
ADH_IDHM_E,10226,1991,0.047
ADH_IDHM_E,10226,2000,0.127
ADH_IDHM_E,10226,2010,0.404
ADH_IDHM_E,10227,1991,0.039
ADH_IDHM_E,10227,2000,0.22800000000000004
ADH_IDHM_E,10227,2010,0.463
ADH_IDHM_E,10228,1991,0.039
ADH_IDHM_E,10228,2000,0.159
ADH_IDHM_E,10228,2010,0.464
ADH_IDHM_E,10229,1991,0.191
ADH_IDHM_E,10229,2000,0.338
ADH_IDHM_E,10229,2010,0.562
ADH_IDHM_E,10230,1991,0.12261200286833251
ADH_IDHM_E,10230,2000,0.26503577214864343
ADH_IDHM_E,10230,2010,0.5151988944988155
ADH_IDHM_E,10231,1991,0.156
ADH_IDHM_E,10231,2000,0.325
ADH_IDHM_E,10231,2010,0.501
ADH_IDHM_E,10232,1991,0.131
ADH_IDHM_E,10232,2000,0.251
ADH_IDHM_E,10232,2010,0.472
ADH_IDHM_E,10233,1991,0.145
ADH_IDHM_E,10233,2000,0.311
ADH_IDHM_E,10233,2010,0.518
ADH_IDHM_E,10234,1991,0.071
ADH_IDHM_E,10234,2000,0.18800000000000003
ADH_IDHM_E,10234,2010,0.454
ADH_IDHM_E,10235,1991,0.038
ADH_IDHM_E,10235,2000,0.097
ADH_IDHM_E,10235,2010,0.359
ADH_IDHM_E,10236,1991,0.085
ADH_IDHM_E,10236,2000,0.254
ADH_IDHM_E,10236,2010,0.444
ADH_IDHM_E,10237,1991,0.146
ADH_IDHM_E,10237,2000,0.289
ADH_IDHM_E,10237,2010,0.513
ADH_IDHM_E,10238,1991,0.125
ADH_IDHM_E,10238,2000,0.198
ADH_IDHM_E,10238,2010,0.4799999999999999
ADH_IDHM_E,10239,1991,0.072
ADH_IDHM_E,10239,2000,0.351
ADH_IDHM_E,10239,2010,0.541
ADH_IDHM_E,10240,1991,0.092
ADH_IDHM_E,10240,2000,0.215
ADH_IDHM_E,10240,2010,0.429
ADH_IDHM_E,10241,1991,0.192
ADH_IDHM_E,10241,2000,0.328
ADH_IDHM_E,10241,2010,0.531
ADH_IDHM_E,10242,1991,0.105
ADH_IDHM_E,10242,2000,0.255
ADH_IDHM_E,10242,2010,0.467
ADH_IDHM_E,10243,1991,0.243
ADH_IDHM_E,10243,2000,0.37
ADH_IDHM_E,10243,2010,0.532
ADH_IDHM_E,10244,1991,0.059000000000000004
ADH_IDHM_E,10244,2000,0.193
ADH_IDHM_E,10244,2010,0.40399999999999997
ADH_IDHM_E,10245,1991,0.08165908181174371
ADH_IDHM_E,10245,2000,0.23305714991898496
ADH_IDHM_E,10245,2010,0.4843005165931897
ADH_IDHM_E,10246,1991,0.069
ADH_IDHM_E,10246,2000,0.189
ADH_IDHM_E,10246,2010,0.37
ADH_IDHM_E,10247,1991,0.032
ADH_IDHM_E,10247,2000,0.153
ADH_IDHM_E,10247,2010,0.389
ADH_IDHM_E,10248,1991,0.101
ADH_IDHM_E,10248,2000,0.227
ADH_IDHM_E,10248,2010,0.439
ADH_IDHM_E,10249,1991,0.112
ADH_IDHM_E,10249,2000,0.263
ADH_IDHM_E,10249,2010,0.546
ADH_IDHM_E,10250,1991,0.09
ADH_IDHM_E,10250,2000,0.227
ADH_IDHM_E,10250,2010,0.403
ADH_IDHM_E,10251,1991,0.059
ADH_IDHM_E,10251,2000,0.19500000000000003
ADH_IDHM_E,10251,2010,0.427
ADH_IDHM_E,10252,1991,0.094
ADH_IDHM_E,10252,2000,0.205
ADH_IDHM_E,10252,2010,0.503
ADH_IDHM_E,10253,1991,0.074
ADH_IDHM_E,10253,2000,0.194
ADH_IDHM_E,10253,2010,0.4620000000000001
ADH_IDHM_E,10254,1991,0.151
ADH_IDHM_E,10254,2000,0.356
ADH_IDHM_E,10254,2010,0.56
ADH_IDHM_E,10255,1991,0.128
ADH_IDHM_E,10255,2000,0.308
ADH_IDHM_E,10255,2010,0.49599999999999994
ADH_IDHM_E,10256,1991,0.079
ADH_IDHM_E,10256,2000,0.19400000000000003
ADH_IDHM_E,10256,2010,0.51
ADH_IDHM_E,10257,1991,0.076
ADH_IDHM_E,10257,2000,0.21700000000000003
ADH_IDHM_E,10257,2010,0.47
ADH_IDHM_E,10258,1991,0.23300000000000004
ADH_IDHM_E,10258,2000,0.37800000000000006
ADH_IDHM_E,10258,2010,0.572
ADH_IDHM_E,10259,1991,0.126
ADH_IDHM_E,10259,2000,0.256
ADH_IDHM_E,10259,2010,0.49
ADH_IDHM_E,10260,1991,0.022
ADH_IDHM_E,10260,2000,0.12299999999999998
ADH_IDHM_E,10260,2010,0.354
ADH_IDHM_E,10261,1991,0.069
ADH_IDHM_E,10261,2000,0.228
ADH_IDHM_E,10261,2010,0.447
ADH_IDHM_E,10262,1991,0.031
ADH_IDHM_E,10262,2000,0.119
ADH_IDHM_E,10262,2010,0.343
ADH_IDHM_E,10263,1991,0.119
ADH_IDHM_E,10263,2000,0.267
ADH_IDHM_E,10263,2010,0.498
ADH_IDHM_E,10264,1991,0.062
ADH_IDHM_E,10264,2000,0.204
ADH_IDHM_E,10264,2010,0.453
ADH_IDHM_E,10265,1991,0.11
ADH_IDHM_E,10265,2000,0.238
ADH_IDHM_E,10265,2010,0.449
ADH_IDHM_E,10266,1991,0.056999999999999995
ADH_IDHM_E,10266,2000,0.163
ADH_IDHM_E,10266,2010,0.462
ADH_IDHM_E,10267,1991,0.042
ADH_IDHM_E,10267,2000,0.19499999999999998
ADH_IDHM_E,10267,2010,0.428
ADH_IDHM_E,10268,1991,0.253
ADH_IDHM_E,10268,2000,0.369
ADH_IDHM_E,10268,2010,0.559
ADH_IDHM_E,10269,1991,0.123
ADH_IDHM_E,10269,2000,0.241
ADH_IDHM_E,10269,2010,0.545
ADH_IDHM_E,10270,1991,0.10147885627337855
ADH_IDHM_E,10270,2000,0.26719936373276776
ADH_IDHM_E,10270,2010,0.48495131728004187
ADH_IDHM_E,10271,1991,0.183
ADH_IDHM_E,10271,2000,0.334
ADH_IDHM_E,10271,2010,0.553
ADH_IDHM_E,10272,1991,0.15046952004305805
ADH_IDHM_E,10272,2000,0.2873340264124919
ADH_IDHM_E,10272,2010,0.48546956514010964
ADH_IDHM_E,10273,1991,0.045
ADH_IDHM_E,10273,2000,0.16899999999999998
ADH_IDHM_E,10273,2010,0.434
ADH_IDHM_E,10274,1991,0.101
ADH_IDHM_E,10274,2000,0.253
ADH_IDHM_E,10274,2010,0.451
ADH_IDHM_E,10275,1991,0.151
ADH_IDHM_E,10275,2000,0.322
ADH_IDHM_E,10275,2010,0.574
ADH_IDHM_E,10276,1991,0.082
ADH_IDHM_E,10276,2000,0.20900000000000002
ADH_IDHM_E,10276,2010,0.471
ADH_IDHM_E,10277,1991,0.22
ADH_IDHM_E,10277,2000,0.338
ADH_IDHM_E,10277,2010,0.498
ADH_IDHM_E,10278,1991,0.092
ADH_IDHM_E,10278,2000,0.19600000000000004
ADH_IDHM_E,10278,2010,0.465
ADH_IDHM_E,10279,1991,0.101
ADH_IDHM_E,10279,2000,0.23599999999999996
ADH_IDHM_E,10279,2010,0.481
ADH_IDHM_E,10280,1991,0.113
ADH_IDHM_E,10280,2000,0.224
ADH_IDHM_E,10280,2010,0.452
ADH_IDHM_E,10281,1991,0.267
ADH_IDHM_E,10281,2000,0.352
ADH_IDHM_E,10281,2010,0.564
ADH_IDHM_E,10282,1991,0.103
ADH_IDHM_E,10282,2000,0.267
ADH_IDHM_E,10282,2010,0.505
ADH_IDHM_E,10283,1991,0.214
ADH_IDHM_E,10283,2000,0.356
ADH_IDHM_E,10283,2010,0.561
ADH_IDHM_E,10284,1991,0.097
ADH_IDHM_E,10284,2000,0.23900000000000002
ADH_IDHM_E,10284,2010,0.4620000000000001
ADH_IDHM_E,10285,1991,0.03899999999999999
ADH_IDHM_E,10285,2000,0.134
ADH_IDHM_E,10285,2010,0.431
ADH_IDHM_E,10286,1991,0.123
ADH_IDHM_E,10286,2000,0.26
ADH_IDHM_E,10286,2010,0.504
ADH_IDHM_E,10287,1991,0.102
ADH_IDHM_E,10287,2000,0.283
ADH_IDHM_E,10287,2010,0.47
ADH_IDHM_E,10288,1991,0.118
ADH_IDHM_E,10288,2000,0.27699999999999997
ADH_IDHM_E,10288,2010,0.5
ADH_IDHM_E,10289,1991,0.116
ADH_IDHM_E,10289,2000,0.251
ADH_IDHM_E,10289,2010,0.516
ADH_IDHM_E,10290,1991,0.143
ADH_IDHM_E,10290,2000,0.297
ADH_IDHM_E,10290,2010,0.496
ADH_IDHM_E,10291,1991,0.108
ADH_IDHM_E,10291,2000,0.26
ADH_IDHM_E,10291,2010,0.496
ADH_IDHM_E,10292,1991,0.22390916109109626
ADH_IDHM_E,10292,2000,0.38451429154459454
ADH_IDHM_E,10292,2010,0.5599739858842626
ADH_IDHM_E,10293,1991,0.259
ADH_IDHM_E,10293,2000,0.401
ADH_IDHM_E,10293,2010,0.622
ADH_IDHM_E,10294,1991,0.12400000000000001
ADH_IDHM_E,10294,2000,0.231
ADH_IDHM_E,10294,2010,0.49800000000000005
ADH_IDHM_E,10295,1991,0.077
ADH_IDHM_E,10295,2000,0.199
ADH_IDHM_E,10295,2010,0.449
ADH_IDHM_E,10296,1991,0.13526876823454068
ADH_IDHM_E,10296,2000,0.33982710802146743
ADH_IDHM_E,10296,2010,0.5699115018054816
ADH_IDHM_E,10297,1991,0.22
ADH_IDHM_E,10297,2000,0.343
ADH_IDHM_E,10297,2010,0.583
ADH_IDHM_E,10298,1991,0.091
ADH_IDHM_E,10298,2000,0.271
ADH_IDHM_E,10298,2010,0.525
ADH_IDHM_E,10299,1991,0.145
ADH_IDHM_E,10299,2000,0.365
ADH_IDHM_E,10299,2010,0.587
ADH_IDHM_E,10300,1991,0.149
ADH_IDHM_E,10300,2000,0.31
ADH_IDHM_E,10300,2010,0.516
ADH_IDHM_E,10301,1991,0.076
ADH_IDHM_E,10301,2000,0.224
ADH_IDHM_E,10301,2010,0.468
ADH_IDHM_E,10302,1991,0.193
ADH_IDHM_E,10302,2000,0.354
ADH_IDHM_E,10302,2010,0.551
ADH_IDHM_E,10303,1991,0.177
ADH_IDHM_E,10303,2000,0.319
ADH_IDHM_E,10303,2010,0.522
ADH_IDHM_E,10304,1991,0.063
ADH_IDHM_E,10304,2000,0.145
ADH_IDHM_E,10304,2010,0.379
ADH_IDHM_E,10305,1991,0.11999999999999998
ADH_IDHM_E,10305,2000,0.257
ADH_IDHM_E,10305,2010,0.442
ADH_IDHM_E,10306,1991,0.13
ADH_IDHM_E,10306,2000,0.281
ADH_IDHM_E,10306,2010,0.572
ADH_IDHM_E,10307,1991,0.12099999999999998
ADH_IDHM_E,10307,2000,0.279
ADH_IDHM_E,10307,2010,0.527
ADH_IDHM_E,10308,1991,0.082
ADH_IDHM_E,10308,2000,0.193
ADH_IDHM_E,10308,2010,0.48
ADH_IDHM_E,10309,1991,0.089
ADH_IDHM_E,10309,2000,0.271
ADH_IDHM_E,10309,2010,0.537
ADH_IDHM_E,10310,1991,0.059
ADH_IDHM_E,10310,2000,0.196
ADH_IDHM_E,10310,2010,0.459
ADH_IDHM_E,10311,1991,0.103
ADH_IDHM_E,10311,2000,0.275
ADH_IDHM_E,10311,2010,0.508
ADH_IDHM_E,10312,1991,0.22999999999999998
ADH_IDHM_E,10312,2000,0.398
ADH_IDHM_E,10312,2010,0.591
ADH_IDHM_E,10313,1991,0.073
ADH_IDHM_E,10313,2000,0.217
ADH_IDHM_E,10313,2010,0.53
ADH_IDHM_E,10314,1991,0.125
ADH_IDHM_E,10314,2000,0.282
ADH_IDHM_E,10314,2010,0.492
ADH_IDHM_E,10315,1991,0.08
ADH_IDHM_E,10315,2000,0.233
ADH_IDHM_E,10315,2010,0.43999999999999995
ADH_IDHM_E,10316,1991,0.168
ADH_IDHM_E,10316,2000,0.35
ADH_IDHM_E,10316,2010,0.488
ADH_IDHM_E,10317,1991,0.083
ADH_IDHM_E,10317,2000,0.188
ADH_IDHM_E,10317,2010,0.426
ADH_IDHM_E,10318,1991,0.085
ADH_IDHM_E,10318,2000,0.199
ADH_IDHM_E,10318,2010,0.473
ADH_IDHM_E,10319,1991,0.205
ADH_IDHM_E,10319,2000,0.312
ADH_IDHM_E,10319,2010,0.477
ADH_IDHM_E,10320,1991,0.061
ADH_IDHM_E,10320,2000,0.174
ADH_IDHM_E,10320,2010,0.431
ADH_IDHM_E,10321,1991,0.07
ADH_IDHM_E,10321,2000,0.137
ADH_IDHM_E,10321,2010,0.418
ADH_IDHM_E,10322,1991,0.193
ADH_IDHM_E,10322,2000,0.307
ADH_IDHM_E,10322,2010,0.474
ADH_IDHM_E,10323,1991,0.09100000000000001
ADH_IDHM_E,10323,2000,0.22599999999999998
ADH_IDHM_E,10323,2010,0.458
ADH_IDHM_E,10324,1991,0.09900000000000002
ADH_IDHM_E,10324,2000,0.249
ADH_IDHM_E,10324,2010,0.535
ADH_IDHM_E,10325,1991,0.095
ADH_IDHM_E,10325,2000,0.22700000000000004
ADH_IDHM_E,10325,2010,0.447
ADH_IDHM_E,10326,1991,0.124
ADH_IDHM_E,10326,2000,0.245
ADH_IDHM_E,10326,2010,0.49
ADH_IDHM_E,10327,1991,0.157
ADH_IDHM_E,10327,2000,0.243
ADH_IDHM_E,10327,2010,0.452
ADH_IDHM_E,10328,1991,0.161
ADH_IDHM_E,10328,2000,0.316
ADH_IDHM_E,10328,2010,0.54
ADH_IDHM_E,10329,1991,0.101
ADH_IDHM_E,10329,2000,0.252
ADH_IDHM_E,10329,2010,0.469
ADH_IDHM_E,10330,1991,0.07699999999999999
ADH_IDHM_E,10330,2000,0.23900000000000002
ADH_IDHM_E,10330,2010,0.507
ADH_IDHM_E,10331,1991,0.082
ADH_IDHM_E,10331,2000,0.196
ADH_IDHM_E,10331,2010,0.487
ADH_IDHM_E,10332,1991,0.155
ADH_IDHM_E,10332,2000,0.285
ADH_IDHM_E,10332,2010,0.462
ADH_IDHM_E,10333,1991,0.224
ADH_IDHM_E,10333,2000,0.355
ADH_IDHM_E,10333,2010,0.52
ADH_IDHM_E,10334,1991,0.214
ADH_IDHM_E,10334,2000,0.362
ADH_IDHM_E,10334,2010,0.581
ADH_IDHM_E,10335,1991,0.156
ADH_IDHM_E,10335,2000,0.294
ADH_IDHM_E,10335,2010,0.479
ADH_IDHM_E,10336,1991,0.048
ADH_IDHM_E,10336,2000,0.169
ADH_IDHM_E,10336,2010,0.383
ADH_IDHM_L,3001,1991,0.5729019489236367
ADH_IDHM_L,3001,2000,0.6730572986850293
ADH_IDHM_L,3001,2010,0.7738920555982899
ADH_IDHM_L,3002,1991,0.506
ADH_IDHM_L,3002,2000,0.595
ADH_IDHM_L,3002,2010,0.725
ADH_IDHM_L,3003,1991,0.4830011355893708
ADH_IDHM_L,3003,2000,0.5846073662265462
ADH_IDHM_L,3003,2010,0.7064305365528972
ADH_IDHM_L,3004,1991,0.591
ADH_IDHM_L,3004,2000,0.627
ADH_IDHM_L,3004,2010,0.753
ADH_IDHM_L,3005,1991,0.549
ADH_IDHM_L,3005,2000,0.584
ADH_IDHM_L,3005,2010,0.72
ADH_IDHM_L,3006,1991,0.549
ADH_IDHM_L,3006,2000,0.587
ADH_IDHM_L,3006,2010,0.719
ADH_IDHM_L,3007,1991,0.5128239115280612
ADH_IDHM_L,3007,2000,0.6161931955374579
ADH_IDHM_L,3007,2010,0.7449207492366444
ADH_IDHM_L,3008,1991,0.5427160399342046
ADH_IDHM_L,3008,2000,0.6035175323607885
ADH_IDHM_L,3008,2010,0.7224360652328126
ADH_IDHM_L,3009,1991,0.574
ADH_IDHM_L,3009,2000,0.699
ADH_IDHM_L,3009,2010,0.7849999999999999
ADH_IDHM_L,3010,1991,0.521
ADH_IDHM_L,3010,2000,0.6090000000000001
ADH_IDHM_L,3010,2010,0.716
ADH_IDHM_L,3011,1991,0.536
ADH_IDHM_L,3011,2000,0.631
ADH_IDHM_L,3011,2010,0.7620000000000001
ADH_IDHM_L,3012,1991,0.552
ADH_IDHM_L,3012,2000,0.631
ADH_IDHM_L,3012,2010,0.764
ADH_IDHM_L,3013,1991,0.5040013059533459
ADH_IDHM_L,3013,2000,0.6114978595568907
ADH_IDHM_L,3013,2010,0.7279951208693723
ADH_IDHM_L,3014,1991,0.5462258683554019
ADH_IDHM_L,3014,2000,0.6013639371025948
ADH_IDHM_L,3014,2010,0.7248889476369371
ADH_IDHM_L,3015,1991,0.5499755251561753
ADH_IDHM_L,3015,2000,0.628054435213857
ADH_IDHM_L,3015,2010,0.7448288074217133
ADH_IDHM_L,3016,1991,0.518
ADH_IDHM_L,3016,2000,0.639
ADH_IDHM_L,3016,2010,0.7640000000000001
ADH_IDHM_L,3017,1991,0.509
ADH_IDHM_L,3017,2000,0.637
ADH_IDHM_L,3017,2010,0.776
ADH_IDHM_L,3018,1991,0.552
ADH_IDHM_L,3018,2000,0.6489536452321134
ADH_IDHM_L,3018,2010,0.7563815709803491
ADH_IDHM_L,3019,1991,0.504
ADH_IDHM_L,3019,2000,0.5879278667879382
ADH_IDHM_L,3019,2010,0.707005728314239
ADH_IDHM_L,3020,1991,0.616
ADH_IDHM_L,3020,2000,0.712
ADH_IDHM_L,3020,2010,0.807
ADH_IDHM_L,3021,1991,0.61
ADH_IDHM_L,3021,2000,0.656
ADH_IDHM_L,3021,2010,0.743
ADH_IDHM_L,3022,1991,0.49240873701236393
ADH_IDHM_L,3022,2000,0.6134472858540535
ADH_IDHM_L,3022,2010,0.7352436332697955
ADH_IDHM_L,3023,1991,0.5279998717345761
ADH_IDHM_L,3023,2000,0.6324033951697585
ADH_IDHM_L,3023,2010,0.7567829051033862
ADH_IDHM_L,3024,1991,0.5661819040571815
ADH_IDHM_L,3024,2000,0.6127698586529173
ADH_IDHM_L,3024,2010,0.7270249579753455
ADH_IDHM_L,3025,1991,0.5652161262669557
ADH_IDHM_L,3025,2000,0.6259171738057755
ADH_IDHM_L,3025,2010,0.7432593452315779
ADH_IDHM_L,3026,1991,0.504
ADH_IDHM_L,3026,2000,0.618
ADH_IDHM_L,3026,2010,0.757
ADH_IDHM_L,3027,1991,0.5333143816964854
ADH_IDHM_L,3027,2000,0.620140618520701
ADH_IDHM_L,3027,2010,0.7379396259458003
ADH_IDHM_L,3028,1991,0.48000179922608627
ADH_IDHM_L,3028,2000,0.6101671098384127
ADH_IDHM_L,3028,2010,0.7341817438373769
ADH_IDHM_L,3029,1991,0.5437286810421909
ADH_IDHM_L,3029,2000,0.6273515095704795
ADH_IDHM_L,3029,2010,0.7595153959359258
ADH_IDHM_L,3030,1991,0.525
ADH_IDHM_L,3030,2000,0.588
ADH_IDHM_L,3030,2010,0.714
ADH_IDHM_L,3031,1991,0.577
ADH_IDHM_L,3031,2000,0.631
ADH_IDHM_L,3031,2010,0.752
ADH_IDHM_L,3032,1991,0.5529982347749338
ADH_IDHM_L,3032,2000,0.6263828985401193
ADH_IDHM_L,3032,2010,0.7540958749506235
ADH_IDHM_L,3033,1991,0.49100096097378676
ADH_IDHM_L,3033,2000,0.6197344951540246
ADH_IDHM_L,3033,2010,0.7275746692592168
ADH_IDHM_L,3034,1991,0.501
ADH_IDHM_L,3034,2000,0.611
ADH_IDHM_L,3034,2010,0.747
ADH_IDHM_L,3035,1991,0.6359991359358124
ADH_IDHM_L,3035,2000,0.6717349067809741
ADH_IDHM_L,3035,2010,0.7793937829501455
ADH_IDHM_L,3036,1991,0.5516548061064829
ADH_IDHM_L,3036,2000,0.6326483313303134
ADH_IDHM_L,3036,2010,0.7484749358510024
ADH_IDHM_L,3037,1991,0.6261743296224082
ADH_IDHM_L,3037,2000,0.6822084588598929
ADH_IDHM_L,3037,2010,0.796474065307775
ADH_IDHM_L,3038,1991,0.5609994716111057
ADH_IDHM_L,3038,2000,0.6337223623779028
ADH_IDHM_L,3038,2010,0.7487996832340297
ADH_IDHM_L,3039,1991,0.504
ADH_IDHM_L,3039,2000,0.6297338156186236
ADH_IDHM_L,3039,2010,0.7568638451644515
ADH_IDHM_L,3040,1991,0.5720001186450733
ADH_IDHM_L,3040,2000,0.625967064533703
ADH_IDHM_L,3040,2010,0.7406577244967203
ADH_IDHM_L,3041,1991,0.552
ADH_IDHM_L,3041,2000,0.64
ADH_IDHM_L,3041,2010,0.77
ADH_IDHM_L,3042,1991,0.4650000000000001
ADH_IDHM_L,3042,2000,0.593
ADH_IDHM_L,3042,2010,0.728
ADH_IDHM_L,3043,1991,0.46500193374093557
ADH_IDHM_L,3043,2000,0.5915879142395614
ADH_IDHM_L,3043,2010,0.7077477023794535
ADH_IDHM_L,3044,1991,0.5010011854934313
ADH_IDHM_L,3044,2000,0.6329577297221639
ADH_IDHM_L,3044,2010,0.7597182051752615
ADH_IDHM_L,3045,1991,0.557
ADH_IDHM_L,3045,2000,0.639
ADH_IDHM_L,3045,2010,0.759
ADH_IDHM_L,3046,1991,0.528
ADH_IDHM_L,3046,2000,0.558
ADH_IDHM_L,3046,2010,0.693
ADH_IDHM_L,3047,1991,0.5279989859007491
ADH_IDHM_L,3047,2000,0.6087749187180678
ADH_IDHM_L,3047,2010,0.7152871241680056
ADH_IDHM_L,3048,1991,0.509
ADH_IDHM_L,3048,2000,0.6268364299235785
ADH_IDHM_L,3048,2010,0.7489700723486853
ADH_IDHM_L,3049,1991,0.557
ADH_IDHM_L,3049,2000,0.634094574153239
ADH_IDHM_L,3049,2010,0.7659078700623072
ADH_IDHM_L,3050,1991,0.472
ADH_IDHM_L,3050,2000,0.588
ADH_IDHM_L,3050,2010,0.706
ADH_IDHM_L,3051,1991,0.557
ADH_IDHM_L,3051,2000,0.627
ADH_IDHM_L,3051,2010,0.758
ADH_IDHM_L,3052,1991,0.533
ADH_IDHM_L,3052,2000,0.563
ADH_IDHM_L,3052,2010,0.687
ADH_IDHM_L,3053,1991,0.508999032711924
ADH_IDHM_L,3053,2000,0.6042281896551724
ADH_IDHM_L,3053,2010,0.7176347773078827
ADH_IDHM_L,3054,1991,0.48699895364045925
ADH_IDHM_L,3054,2000,0.5738720742126282
ADH_IDHM_L,3054,2010,0.7092368845252051
ADH_IDHM_L,3055,1991,0.487
ADH_IDHM_L,3055,2000,0.618
ADH_IDHM_L,3055,2010,0.748
ADH_IDHM_L,3056,1991,0.572
ADH_IDHM_L,3056,2000,0.637
ADH_IDHM_L,3056,2010,0.7720000000000001
ADH_IDHM_L,3057,1991,0.48899999999999993
ADH_IDHM_L,3057,2000,0.625
ADH_IDHM_L,3057,2010,0.759
ADH_IDHM_L,3058,1991,0.513
ADH_IDHM_L,3058,2000,0.607
ADH_IDHM_L,3058,2010,0.727
ADH_IDHM_L,3059,1991,0.563
ADH_IDHM_L,3059,2000,0.619
ADH_IDHM_L,3059,2010,0.7481290892912857
ADH_IDHM_L,3060,1991,0.505
ADH_IDHM_L,3060,2000,0.618
ADH_IDHM_L,3060,2010,0.743
ADH_IDHM_L,3061,1991,0.557
ADH_IDHM_L,3061,2000,0.625
ADH_IDHM_L,3061,2010,0.741
ADH_IDHM_L,3062,1991,0.5295806750398281
ADH_IDHM_L,3062,2000,0.6153808785165339
ADH_IDHM_L,3062,2010,0.7410390602707587
ADH_IDHM_L,3063,1991,0.5400031245197972
ADH_IDHM_L,3063,2000,0.6153515874423554
ADH_IDHM_L,3063,2010,0.7374685888221865
ADH_IDHM_L,3064,1991,0.557
ADH_IDHM_L,3064,2000,0.636
ADH_IDHM_L,3064,2010,0.771
ADH_IDHM_L,3065,1991,0.499
ADH_IDHM_L,3065,2000,0.601
ADH_IDHM_L,3065,2010,0.729
ADH_IDHM_L,3066,1991,0.552
ADH_IDHM_L,3066,2000,0.639
ADH_IDHM_L,3066,2010,0.776
ADH_IDHM_L,3067,1991,0.5581353695096678
ADH_IDHM_L,3067,2000,0.622229568795817
ADH_IDHM_L,3067,2010,0.7494227372452033
ADH_IDHM_L,3068,1991,0.582
ADH_IDHM_L,3068,2000,0.636
ADH_IDHM_L,3068,2010,0.739
ADH_IDHM_L,3069,1991,0.529
ADH_IDHM_L,3069,2000,0.619
ADH_IDHM_L,3069,2010,0.74
ADH_IDHM_L,3070,1991,0.511
ADH_IDHM_L,3070,2000,0.648
ADH_IDHM_L,3070,2010,0.774
ADH_IDHM_L,3071,1991,0.522
ADH_IDHM_L,3071,2000,0.617
ADH_IDHM_L,3071,2010,0.729
ADH_IDHM_L,3072,1991,0.5065989521058641
ADH_IDHM_L,3072,2000,0.60124527674868
ADH_IDHM_L,3072,2010,0.7173119325936035
ADH_IDHM_L,3073,1991,0.6499981765546282
ADH_IDHM_L,3073,2000,0.6997257172262962
ADH_IDHM_L,3073,2010,0.7837826440873958
ADH_IDHM_L,3074,1991,0.536
ADH_IDHM_L,3074,2000,0.608
ADH_IDHM_L,3074,2010,0.715
ADH_IDHM_L,3075,1991,0.533
ADH_IDHM_L,3075,2000,0.584
ADH_IDHM_L,3075,2010,0.723
ADH_IDHM_L,3076,1991,0.5679993478776381
ADH_IDHM_L,3076,2000,0.6765394984883514
ADH_IDHM_L,3076,2010,0.7744752658344892
ADH_IDHM_L,3077,1991,0.5369999878690832
ADH_IDHM_L,3077,2000,0.6268003450281839
ADH_IDHM_L,3077,2010,0.7537964407626695
ADH_IDHM_L,3078,1991,0.501
ADH_IDHM_L,3078,2000,0.601
ADH_IDHM_L,3078,2010,0.693
ADH_IDHM_L,3079,1991,0.536
ADH_IDHM_L,3079,2000,0.603
ADH_IDHM_L,3079,2010,0.7440000000000001
ADH_IDHM_L,3080,1991,0.559
ADH_IDHM_L,3080,2000,0.618
ADH_IDHM_L,3080,2010,0.741
ADH_IDHM_L,3081,1991,0.5699972145498806
ADH_IDHM_L,3081,2000,0.6636021118514892
ADH_IDHM_L,3081,2010,0.7780966166925154
ADH_IDHM_L,3082,1991,0.48
ADH_IDHM_L,3082,2000,0.603
ADH_IDHM_L,3082,2010,0.743
ADH_IDHM_L,3083,1991,0.524
ADH_IDHM_L,3083,2000,0.64
ADH_IDHM_L,3083,2010,0.7680000000000001
ADH_IDHM_L,3084,1991,0.5179984256243213
ADH_IDHM_L,3084,2000,0.5949885124327468
ADH_IDHM_L,3084,2010,0.7299614027507741
ADH_IDHM_L,3085,1991,0.587
ADH_IDHM_L,3085,2000,0.606
ADH_IDHM_L,3085,2010,0.728
ADH_IDHM_L,3086,1991,0.48799961118671364
ADH_IDHM_L,3086,2000,0.603
ADH_IDHM_L,3086,2010,0.7253892396851483
ADH_IDHM_L,3087,1991,0.536
ADH_IDHM_L,3087,2000,0.618
ADH_IDHM_L,3087,2010,0.746
ADH_IDHM_L,3088,1991,0.61
ADH_IDHM_L,3088,2000,0.678
ADH_IDHM_L,3088,2010,0.788
ADH_IDHM_L,3089,1991,0.513
ADH_IDHM_L,3089,2000,0.625
ADH_IDHM_L,3089,2010,0.743
ADH_IDHM_L,3090,1991,0.49900040538349283
ADH_IDHM_L,3090,2000,0.6285760456273763
ADH_IDHM_L,3090,2010,0.7607769357841466
ADH_IDHM_L,3091,1991,0.571
ADH_IDHM_L,3091,2000,0.619
ADH_IDHM_L,3091,2010,0.749
ADH_IDHM_L,3092,1991,0.554
ADH_IDHM_L,3092,2000,0.631
ADH_IDHM_L,3092,2010,0.762
ADH_IDHM_L,3093,1991,0.555
ADH_IDHM_L,3093,2000,0.622
ADH_IDHM_L,3093,2010,0.733
ADH_IDHM_L,3094,1991,0.5280015262395804
ADH_IDHM_L,3094,2000,0.6373121336779642
ADH_IDHM_L,3094,2010,0.7314654547916455
ADH_IDHM_L,3095,1991,0.553
ADH_IDHM_L,3095,2000,0.6779999999999999
ADH_IDHM_L,3095,2010,0.79
ADH_IDHM_L,3096,1991,0.67
ADH_IDHM_L,3096,2000,0.7369999999999999
ADH_IDHM_L,3096,2010,0.813
ADH_IDHM_L,3097,1991,0.557
ADH_IDHM_L,3097,2000,0.6169999999999999
ADH_IDHM_L,3097,2010,0.749
ADH_IDHM_L,3098,1991,0.607
ADH_IDHM_L,3098,2000,0.64
ADH_IDHM_L,3098,2010,0.774
ADH_IDHM_L,3099,1991,0.509
ADH_IDHM_L,3099,2000,0.64
ADH_IDHM_L,3099,2010,0.777
ADH_IDHM_L,3100,1991,0.542
ADH_IDHM_L,3100,2000,0.606
ADH_IDHM_L,3100,2010,0.7300000000000001
ADH_IDHM_L,3101,1991,0.593
ADH_IDHM_L,3101,2000,0.656
ADH_IDHM_L,3101,2010,0.768
ADH_IDHM_L,3102,1991,0.541
ADH_IDHM_L,3102,2000,0.637
ADH_IDHM_L,3102,2010,0.7679999999999999
ADH_IDHM_L,4001,1991,0.5529946849483902
ADH_IDHM_L,4001,2000,0.6102397491993324
ADH_IDHM_L,4001,2010,0.7409412907910473
ADH_IDHM_L,4002,1991,0.604
ADH_IDHM_L,4002,2000,0.672
ADH_IDHM_L,4002,2010,0.742
ADH_IDHM_L,4003,1991,0.5792303883770951
ADH_IDHM_L,4003,2000,0.6761461770857542
ADH_IDHM_L,4003,2010,0.7547165843330981
ADH_IDHM_L,4004,1991,0.5753263636363636
ADH_IDHM_L,4004,2000,0.6185876866469858
ADH_IDHM_L,4004,2010,0.7456730369422677
ADH_IDHM_L,4005,1991,0.5399977387192929
ADH_IDHM_L,4005,2000,0.654
ADH_IDHM_L,4005,2010,0.7626267085334318
ADH_IDHM_L,4006,1991,0.6079926196893852
ADH_IDHM_L,4006,2000,0.6368472451336192
ADH_IDHM_L,4006,2010,0.7415512835679641
ADH_IDHM_L,4007,1991,0.6109972976450907
ADH_IDHM_L,4007,2000,0.670847337555712
ADH_IDHM_L,4007,2010,0.7621000215563699
ADH_IDHM_L,4008,1991,0.6015093884871924
ADH_IDHM_L,4008,2000,0.6673021308571735
ADH_IDHM_L,4008,2010,0.7335683165382335
ADH_IDHM_L,4009,1991,0.629
ADH_IDHM_L,4009,2000,0.7
ADH_IDHM_L,4009,2010,0.75
ADH_IDHM_L,4010,1991,0.594
ADH_IDHM_L,4010,2000,0.708
ADH_IDHM_L,4010,2010,0.737
ADH_IDHM_L,4011,1991,0.6459306625164355
ADH_IDHM_L,4011,2000,0.6608310003963929
ADH_IDHM_L,4011,2010,0.7575456734752494
ADH_IDHM_L,4012,1991,0.6053626403913732
ADH_IDHM_L,4012,2000,0.6885074454428755
ADH_IDHM_L,4012,2010,0.7815100844573302
ADH_IDHM_L,4013,1991,0.5640006726457398
ADH_IDHM_L,4013,2000,0.6260814189550166
ADH_IDHM_L,4013,2010,0.7389213412723283
ADH_IDHM_L,4014,1991,0.60898459825570606
ADH_IDHM_L,4014,2000,0.6637690328697851
ADH_IDHM_L,4014,2010,0.7670404979671817
ADH_IDHM_L,4015,1991,0.5400003221908982
ADH_IDHM_L,4015,2000,0.6380718309311992
ADH_IDHM_L,4015,2010,0.7583429418418691
ADH_IDHM_L,4016,1991,0.5872327961321515
ADH_IDHM_L,4016,2000,0.6524339722173378
ADH_IDHM_L,4016,2010,0.7447544852729541
ADH_IDHM_L,4017,1991,0.6179926976666107
ADH_IDHM_L,4017,2000,0.6390719205984743
ADH_IDHM_L,4017,2010,0.7651938828408501
ADH_IDHM_L,4018,1991,0.5640007425742574
ADH_IDHM_L,4018,2000,0.6494356793288278
ADH_IDHM_L,4018,2010,0.7404606741573033
ADH_IDHM_L,4019,1991,0.5909964907383407
ADH_IDHM_L,4019,2000,0.6393855642515442
ADH_IDHM_L,4019,2010,0.7766528146183319
ADH_IDHM_L,4020,1991,0.5901745454545455
ADH_IDHM_L,4020,2000,0.6867633714614352
ADH_IDHM_L,4020,2010,0.7395571957961242
ADH_IDHM_L,4021,1991,0.5690638355556651
ADH_IDHM_L,4021,2000,0.6513794520943391
ADH_IDHM_L,4021,2010,0.7632581780605161
ADH_IDHM_L,4022,1991,0.6259921944692239
ADH_IDHM_L,4022,2000,0.6722387823964391
ADH_IDHM_L,4022,2010,0.7531795017344686
ADH_IDHM_L,4023,1991,0.440018043988896
ADH_IDHM_L,4023,2000,0.6010952538683575
ADH_IDHM_L,4023,2010,0.6973403914290535
ADH_IDHM_L,4024,1991,0.5927036884750272
ADH_IDHM_L,4024,2000,0.6560985385198057
ADH_IDHM_L,4024,2010,0.7710274560832792
ADH_IDHM_L,4025,1991,0.5980326307255776
ADH_IDHM_L,4025,2000,0.6880343951007202
ADH_IDHM_L,4025,2010,0.7794579502433748
ADH_IDHM_L,4026,1991,0.5656741845293569
ADH_IDHM_L,4026,2000,0.63503549003549
ADH_IDHM_L,4026,2010,0.7510315604395604
ADH_IDHM_L,4027,1991,0.6299933800408231
ADH_IDHM_L,4027,2000,0.6905233181186744
ADH_IDHM_L,4027,2010,0.7893624190538909
ADH_IDHM_L,4028,1991,0.577293454617362
ADH_IDHM_L,4028,2000,0.6809617347521293
ADH_IDHM_L,4028,2010,0.7945097957972705
ADH_IDHM_L,4029,1991,0.6149972600085798
ADH_IDHM_L,4029,2000,0.687572450626187
ADH_IDHM_L,4029,2010,0.7815731338489951
ADH_IDHM_L,4030,1991,0.5579959180671498
ADH_IDHM_L,4030,2000,0.6459661292654714
ADH_IDHM_L,4030,2010,0.7214450410191423
ADH_IDHM_L,4031,1991,0.5899969039170667
ADH_IDHM_L,4031,2000,0.6525994161746168
ADH_IDHM_L,4031,2010,0.7605203270351177
ADH_IDHM_L,4032,1991,0.5609956030575661
ADH_IDHM_L,4032,2000,0.6263396372555347
ADH_IDHM_L,4032,2010,0.7466487967595902
ADH_IDHM_L,4033,1991,0.519
ADH_IDHM_L,4033,2000,0.637
ADH_IDHM_L,4033,2010,0.776
ADH_IDHM_L,4034,1991,0.5869891563424919
ADH_IDHM_L,4034,2000,0.6319157679909089
ADH_IDHM_L,4034,2010,0.7589923588540433
ADH_IDHM_L,4035,1991,0.5709978422774413
ADH_IDHM_L,4035,2000,0.6276263325402466
ADH_IDHM_L,4035,2010,0.7223109145527369
ADH_IDHM_L,4036,1991,0.49599937172774866
ADH_IDHM_L,4036,2000,0.6235758151507722
ADH_IDHM_L,4036,2010,0.7609103743315507
ADH_IDHM_L,4037,1991,0.6259992633517496
ADH_IDHM_L,4037,2000,0.681208251245799
ADH_IDHM_L,4037,2010,0.7827539405607028
ADH_IDHM_L,4038,1991,0.62
ADH_IDHM_L,4038,2000,0.658
ADH_IDHM_L,4038,2010,0.773
ADH_IDHM_L,4039,1991,0.602990681914443
ADH_IDHM_L,4039,2000,0.6289036875680721
ADH_IDHM_L,4039,2010,0.7529297885444467
ADH_IDHM_L,4040,1991,0.5629952142308907
ADH_IDHM_L,4040,2000,0.6201862301967768
ADH_IDHM_L,4040,2010,0.7421417801047121
ADH_IDHM_L,4041,1991,0.5599994442386069
ADH_IDHM_L,4041,2000,0.5982581470738781
ADH_IDHM_L,4041,2010,0.7238110604910148
ADH_IDHM_L,4042,1991,0.6259997713501771
ADH_IDHM_L,4042,2000,0.6945521739130434
ADH_IDHM_L,4042,2010,0.7623061396131203
ADH_IDHM_L,4043,1991,0.4959971166448231
ADH_IDHM_L,4043,2000,0.6171282638570774
ADH_IDHM_L,4043,2010,0.745140709022107
ADH_IDHM_L,4044,1991,0.6429961946725417
ADH_IDHM_L,4044,2000,0.6947511351351352
ADH_IDHM_L,4044,2010,0.7866649290572031
ADH_IDHM_L,4045,1991,0.548
ADH_IDHM_L,4045,2000,0.632
ADH_IDHM_L,4045,2010,0.77
ADH_IDHM_L,4046,1991,0.6079987257668154
ADH_IDHM_L,4046,2000,0.6547359139784946
ADH_IDHM_L,4046,2010,0.7755248691099477
ADH_IDHM_L,4047,1991,0.606
ADH_IDHM_L,4047,2000,0.63
ADH_IDHM_L,4047,2010,0.762
ADH_IDHM_L,4048,1991,0.49499999999999994
ADH_IDHM_L,4048,2000,0.63
ADH_IDHM_L,4048,2010,0.755
ADH_IDHM_L,4049,1991,0.5359988828999915
ADH_IDHM_L,4049,2000,0.6477094264339153
ADH_IDHM_L,4049,2010,0.7650359418063525
ADH_IDHM_L,4050,1991,0.63
ADH_IDHM_L,4050,2000,0.673
ADH_IDHM_L,4050,2010,0.704
ADH_IDHM_L,4051,1991,0.5749820348630381
ADH_IDHM_L,4051,2000,0.6595063960429813
ADH_IDHM_L,4051,2010,0.7666874388254485
ADH_IDHM_L,4052,1991,0.599
ADH_IDHM_L,4052,2000,0.709
ADH_IDHM_L,4052,2010,0.802
ADH_IDHM_L,4053,1991,0.548
ADH_IDHM_L,4053,2000,0.587
ADH_IDHM_L,4053,2010,0.722
ADH_IDHM_L,4054,1991,0.6
ADH_IDHM_L,4054,2000,0.642
ADH_IDHM_L,4054,2010,0.756
ADH_IDHM_L,4055,1991,0.606
ADH_IDHM_L,4055,2000,0.6369999999999999
ADH_IDHM_L,4055,2010,0.754
ADH_IDHM_L,4056,1991,0.57
ADH_IDHM_L,4056,2000,0.6479999999999999
ADH_IDHM_L,4056,2010,0.776
ADH_IDHM_L,4057,1991,0.591
ADH_IDHM_L,4057,2000,0.6540000000000001
ADH_IDHM_L,4057,2010,0.772
ADH_IDHM_L,4058,1991,0.547
ADH_IDHM_L,4058,2000,0.654
ADH_IDHM_L,4058,2010,0.765
ADH_IDHM_L,4059,1991,0.519
ADH_IDHM_L,4059,2000,0.637
ADH_IDHM_L,4059,2010,0.767
ADH_IDHM_L,4060,1991,0.48199962982157396
ADH_IDHM_L,4060,2000,0.5852181667670078
ADH_IDHM_L,4060,2010,0.7165260730755587
ADH_IDHM_L,4061,1991,0.62
ADH_IDHM_L,4061,2000,0.673
ADH_IDHM_L,4061,2010,0.727
ADH_IDHM_L,4062,1991,0.5810006329730255
ADH_IDHM_L,4062,2000,0.6838899864871161
ADH_IDHM_L,4062,2010,0.7134087811571004
ADH_IDHM_L,4063,1991,0.4748773199316011
ADH_IDHM_L,4063,2000,0.5963018390850009
ADH_IDHM_L,4063,2010,0.7301092774952205
ADH_IDHM_L,4064,1991,0.564
ADH_IDHM_L,4064,2000,0.654
ADH_IDHM_L,4064,2010,0.781
ADH_IDHM_L,4065,1991,0.594000338745191
ADH_IDHM_L,4065,2000,0.666
ADH_IDHM_L,4065,2010,0.7726224389088469
ADH_IDHM_L,4066,1991,0.6249951162737625
ADH_IDHM_L,4066,2000,0.6676039757853404
ADH_IDHM_L,4066,2010,0.7646269457651863
ADH_IDHM_L,4067,1991,0.5909996116693363
ADH_IDHM_L,4067,2000,0.6728045785639959
ADH_IDHM_L,4067,2010,0.7676059739434382
ADH_IDHM_L,4068,1991,0.624
ADH_IDHM_L,4068,2000,0.672
ADH_IDHM_L,4068,2010,0.738
ADH_IDHM_L,4069,1991,0.609
ADH_IDHM_L,4069,2000,0.643
ADH_IDHM_L,4069,2010,0.717
ADH_IDHM_L,4070,1991,0.564
ADH_IDHM_L,4070,2000,0.612
ADH_IDHM_L,4070,2010,0.742
ADH_IDHM_L,4071,1991,0.608
ADH_IDHM_L,4071,2000,0.708
ADH_IDHM_L,4071,2010,0.782
ADH_IDHM_L,4072,1991,0.592
ADH_IDHM_L,4072,2000,0.62
ADH_IDHM_L,4072,2010,0.739
ADH_IDHM_L,4073,1991,0.574
ADH_IDHM_L,4073,2000,0.635
ADH_IDHM_L,4073,2010,0.768
ADH_IDHM_L,4074,1991,0.587
ADH_IDHM_L,4074,2000,0.618
ADH_IDHM_L,4074,2010,0.707
ADH_IDHM_L,4075,1991,0.708
ADH_IDHM_L,4075,2000,0.734
ADH_IDHM_L,4075,2010,0.82
ADH_IDHM_L,4076,1991,0.496
ADH_IDHM_L,4076,2000,0.621
ADH_IDHM_L,4076,2010,0.732
ADH_IDHM_L,4077,1991,0.57
ADH_IDHM_L,4077,2000,0.647
ADH_IDHM_L,4077,2010,0.775
ADH_IDHM_L,4078,1991,0.6017719390898688
ADH_IDHM_L,4078,2000,0.6351105454545455
ADH_IDHM_L,4078,2010,0.7437178388448998
ADH_IDHM_L,4079,1991,0.605
ADH_IDHM_L,4079,2000,0.648
ADH_IDHM_L,4079,2010,0.704
ADH_IDHM_L,4080,1991,0.594
ADH_IDHM_L,4080,2000,0.658
ADH_IDHM_L,4080,2010,0.776
ADH_IDHM_L,4081,1991,0.548
ADH_IDHM_L,4081,2000,0.6410439045807114
ADH_IDHM_L,4081,2010,0.7723257560101949
ADH_IDHM_L,4082,1991,0.6169965270684371
ADH_IDHM_L,4082,2000,0.6598684679334916
ADH_IDHM_L,4082,2010,0.7599954710144928
ADH_IDHM_L,4083,1991,0.6
ADH_IDHM_L,4083,2000,0.665
ADH_IDHM_L,4083,2010,0.774
ADH_IDHM_L,4084,1991,0.6
ADH_IDHM_L,4084,2000,0.673
ADH_IDHM_L,4084,2010,0.764
ADH_IDHM_L,4085,1991,0.51
ADH_IDHM_L,4085,2000,0.637
ADH_IDHM_L,4085,2010,0.766
ADH_IDHM_L,4086,1991,0.618
ADH_IDHM_L,4086,2000,0.69
ADH_IDHM_L,4086,2010,0.7890000000000001
ADH_IDHM_L,4087,1991,0.574
ADH_IDHM_L,4087,2000,0.673
ADH_IDHM_L,4087,2010,0.768
ADH_IDHM_L,4088,1991,0.535
ADH_IDHM_L,4088,2000,0.606
ADH_IDHM_L,4088,2010,0.704
ADH_IDHM_L,4089,1991,0.6269809651990002
ADH_IDHM_L,4089,2000,0.6806045714285713
ADH_IDHM_L,4089,2010,0.7501820049904594
ADH_IDHM_L,4090,1991,0.6239940411700975
ADH_IDHM_L,4090,2000,0.6632896627971255
ADH_IDHM_L,4090,2010,0.7550372658814443
ADH_IDHM_L,4091,1991,0.468
ADH_IDHM_L,4091,2000,0.612
ADH_IDHM_L,4091,2010,0.7439999999999999
ADH_IDHM_L,4092,1991,0.54
ADH_IDHM_L,4092,2000,0.63
ADH_IDHM_L,4092,2010,0.757
ADH_IDHM_L,4093,1991,0.582
ADH_IDHM_L,4093,2000,0.632
ADH_IDHM_L,4093,2010,0.7
ADH_IDHM_L,4094,1991,0.627
ADH_IDHM_L,4094,2000,0.689
ADH_IDHM_L,4094,2010,0.776
ADH_IDHM_L,4095,1991,0.539
ADH_IDHM_L,4095,2000,0.604
ADH_IDHM_L,4095,2010,0.739
ADH_IDHM_L,4096,1991,0.6
ADH_IDHM_L,4096,2000,0.703
ADH_IDHM_L,4096,2010,0.748
ADH_IDHM_L,4097,1991,0.5745926174355964
ADH_IDHM_L,4097,2000,0.6653909071054164
ADH_IDHM_L,4097,2010,0.7464480807487852
ADH_IDHM_L,4098,1991,0.5560338006845709
ADH_IDHM_L,4098,2000,0.6744381605101499
ADH_IDHM_L,4098,2010,0.7511800852025606
ADH_IDHM_L,4099,1991,0.514
ADH_IDHM_L,4099,2000,0.637
ADH_IDHM_L,4099,2010,0.724
ADH_IDHM_L,4100,1991,0.574
ADH_IDHM_L,4100,2000,0.6160000000000001
ADH_IDHM_L,4100,2010,0.749
ADH_IDHM_L,4101,1991,0.48999999999999994
ADH_IDHM_L,4101,2000,0.63
ADH_IDHM_L,4101,2010,0.751
ADH_IDHM_L,4102,1991,0.512
ADH_IDHM_L,4102,2000,0.647
ADH_IDHM_L,4102,2010,0.774
ADH_IDHM_L,4103,1991,0.661
ADH_IDHM_L,4103,2000,0.727
ADH_IDHM_L,4103,2010,0.774
ADH_IDHM_L,4104,1991,0.6443375386749174
ADH_IDHM_L,4104,2000,0.7053501473367167
ADH_IDHM_L,4104,2010,0.7622944906809759
ADH_IDHM_L,4105,1991,0.561
ADH_IDHM_L,4105,2000,0.6900000000000001
ADH_IDHM_L,4105,2010,0.772
ADH_IDHM_L,4106,1991,0.522
ADH_IDHM_L,4106,2000,0.6619999999999999
ADH_IDHM_L,4106,2010,0.741
ADH_IDHM_L,4107,1991,0.5860229333733044
ADH_IDHM_L,4107,2000,0.708
ADH_IDHM_L,4107,2010,0.7903276223864624
ADH_IDHM_L,4108,1991,0.5779995964975991
ADH_IDHM_L,4108,2000,0.6822018811936622
ADH_IDHM_L,4108,2010,0.7435370428258832
ADH_IDHM_L,4109,1991,0.5505821050642479
ADH_IDHM_L,4109,2000,0.63956536978619
ADH_IDHM_L,4109,2010,0.7648318960281792
ADH_IDHM_L,4110,1991,0.5883255001848733
ADH_IDHM_L,4110,2000,0.6912217501284534
ADH_IDHM_L,4110,2010,0.758366275876437
ADH_IDHM_L,4111,1991,0.537
ADH_IDHM_L,4111,2000,0.647
ADH_IDHM_L,4111,2010,0.759
ADH_IDHM_L,4112,1991,0.643
ADH_IDHM_L,4112,2000,0.725
ADH_IDHM_L,4112,2010,0.775
ADH_IDHM_L,4113,1991,0.574
ADH_IDHM_L,4113,2000,0.633
ADH_IDHM_L,4113,2010,0.74
ADH_IDHM_L,4114,1991,0.5471450728392154
ADH_IDHM_L,4114,2000,0.6375099518192391
ADH_IDHM_L,4114,2010,0.7739067134428321
ADH_IDHM_L,4115,1991,0.556
ADH_IDHM_L,4115,2000,0.67
ADH_IDHM_L,4115,2010,0.764
ADH_IDHM_L,4116,1991,0.503
ADH_IDHM_L,4116,2000,0.637
ADH_IDHM_L,4116,2010,0.763
ADH_IDHM_L,4117,1991,0.5982747388647003
ADH_IDHM_L,4117,2000,0.716851688121099
ADH_IDHM_L,4117,2010,0.7742001794751564
ADH_IDHM_L,4118,1991,0.663
ADH_IDHM_L,4118,2000,0.714
ADH_IDHM_L,4118,2010,0.817
ADH_IDHM_L,4119,1991,0.63
ADH_IDHM_L,4119,2000,0.727
ADH_IDHM_L,4119,2010,0.758
ADH_IDHM_L,4120,1991,0.5081595428678632
ADH_IDHM_L,4120,2000,0.6385646182012138
ADH_IDHM_L,4120,2010,0.7272543612830613
ADH_IDHM_L,4121,1991,0.537
ADH_IDHM_L,4121,2000,0.647
ADH_IDHM_L,4121,2010,0.753
ADH_IDHM_L,4122,1991,0.611
ADH_IDHM_L,4122,2000,0.735
ADH_IDHM_L,4122,2010,0.778
ADH_IDHM_L,4123,1991,0.493
ADH_IDHM_L,4123,2000,0.621
ADH_IDHM_L,4123,2010,0.76
ADH_IDHM_L,4124,1991,0.573
ADH_IDHM_L,4124,2000,0.659
ADH_IDHM_L,4124,2010,0.768
ADH_IDHM_L,4125,1991,0.618
ADH_IDHM_L,4125,2000,0.735
ADH_IDHM_L,4125,2010,0.768
ADH_IDHM_L,4126,1991,0.5965861051576808
ADH_IDHM_L,4126,2000,0.6790746245980096
ADH_IDHM_L,4126,2010,0.7553733406420553
ADH_IDHM_L,4127,1991,0.587
ADH_IDHM_L,4127,2000,0.705
ADH_IDHM_L,4127,2010,0.765
ADH_IDHM_L,4128,1991,0.609
ADH_IDHM_L,4128,2000,0.704
ADH_IDHM_L,4128,2010,0.73
ADH_IDHM_L,4129,1991,0.572
ADH_IDHM_L,4129,2000,0.703
ADH_IDHM_L,4129,2010,0.779
ADH_IDHM_L,4130,1991,0.572
ADH_IDHM_L,4130,2000,0.7
ADH_IDHM_L,4130,2010,0.749
ADH_IDHM_L,4131,1991,0.503
ADH_IDHM_L,4131,2000,0.619
ADH_IDHM_L,4131,2010,0.73
ADH_IDHM_L,4132,1991,0.623
ADH_IDHM_L,4132,2000,0.725
ADH_IDHM_L,4132,2010,0.751
ADH_IDHM_L,4133,1991,0.545
ADH_IDHM_L,4133,2000,0.629
ADH_IDHM_L,4133,2010,0.76
ADH_IDHM_L,4134,1991,0.6045676601808343
ADH_IDHM_L,4134,2000,0.7250437291897891
ADH_IDHM_L,4134,2010,0.7844101149425288
ADH_IDHM_L,4135,1991,0.574
ADH_IDHM_L,4135,2000,0.629
ADH_IDHM_L,4135,2010,0.764
ADH_IDHM_L,4136,1991,0.579
ADH_IDHM_L,4136,2000,0.7084050250672653
ADH_IDHM_L,4136,2010,0.7640502513516079
ADH_IDHM_L,4137,1991,0.632
ADH_IDHM_L,4137,2000,0.764
ADH_IDHM_L,4137,2010,0.8080000000000002
ADH_IDHM_L,4138,1991,0.579
ADH_IDHM_L,4138,2000,0.663
ADH_IDHM_L,4138,2010,0.7529999999999999
ADH_IDHM_L,4139,1991,0.493
ADH_IDHM_L,4139,2000,0.597
ADH_IDHM_L,4139,2010,0.716
ADH_IDHM_L,4140,1991,0.5896762943194815
ADH_IDHM_L,4140,2000,0.6988637422722048
ADH_IDHM_L,4140,2010,0.7815994556421951
ADH_IDHM_L,4141,1991,0.62
ADH_IDHM_L,4141,2000,0.68
ADH_IDHM_L,4141,2010,0.7580000000000001
ADH_IDHM_L,4142,1991,0.617
ADH_IDHM_L,4142,2000,0.732
ADH_IDHM_L,4142,2010,0.787
ADH_IDHM_L,4143,1991,0.613
ADH_IDHM_L,4143,2000,0.714
ADH_IDHM_L,4143,2010,0.822
ADH_IDHM_L,4144,1991,0.5585219045933268
ADH_IDHM_L,4144,2000,0.6694231619733468
ADH_IDHM_L,4144,2010,0.7710203486251915
ADH_IDHM_L,4145,1991,0.5734400264528395
ADH_IDHM_L,4145,2000,0.6661560746443953
ADH_IDHM_L,4145,2010,0.761113386538172
ADH_IDHM_L,4146,1991,0.606967827029064
ADH_IDHM_L,4146,2000,0.689
ADH_IDHM_L,4146,2010,0.7693407089436651
ADH_IDHM_L,4147,1991,0.503
ADH_IDHM_L,4147,2000,0.637
ADH_IDHM_L,4147,2010,0.774
ADH_IDHM_L,4148,1991,0.594
ADH_IDHM_L,4148,2000,0.7198742793637564
ADH_IDHM_L,4148,2010,0.8245311900351874
ADH_IDHM_L,4149,1991,0.683
ADH_IDHM_L,4149,2000,0.744
ADH_IDHM_L,4149,2010,0.824
ADH_IDHM_L,4150,1991,0.58
ADH_IDHM_L,4150,2000,0.675
ADH_IDHM_L,4150,2010,0.746
ADH_IDHM_L,4151,1991,0.573
ADH_IDHM_L,4151,2000,0.664
ADH_IDHM_L,4151,2010,0.744
ADH_IDHM_L,4152,1991,0.5540327034172133
ADH_IDHM_L,4152,2000,0.6628092565850805
ADH_IDHM_L,4152,2010,0.7617131882418492
ADH_IDHM_L,4153,1991,0.531
ADH_IDHM_L,4153,2000,0.66
ADH_IDHM_L,4153,2010,0.7779999999999999
ADH_IDHM_L,4154,1991,0.503
ADH_IDHM_L,4154,2000,0.619
ADH_IDHM_L,4154,2010,0.715
ADH_IDHM_L,4155,1991,0.594
ADH_IDHM_L,4155,2000,0.69
ADH_IDHM_L,4155,2010,0.724
ADH_IDHM_L,4156,1991,0.6465813076655815
ADH_IDHM_L,4156,2000,0.7293040864311436
ADH_IDHM_L,4156,2010,0.7740154832951357
ADH_IDHM_L,4157,1991,0.643
ADH_IDHM_L,4157,2000,0.704
ADH_IDHM_L,4157,2010,0.736
ADH_IDHM_L,4158,1991,0.579
ADH_IDHM_L,4158,2000,0.712
ADH_IDHM_L,4158,2010,0.775
ADH_IDHM_L,4159,1991,0.59
ADH_IDHM_L,4159,2000,0.695
ADH_IDHM_L,4159,2010,0.767
ADH_IDHM_L,4160,1991,0.6555943119537846
ADH_IDHM_L,4160,2000,0.7318722150741518
ADH_IDHM_L,4160,2010,0.758
ADH_IDHM_L,4161,1991,0.579
ADH_IDHM_L,4161,2000,0.633
ADH_IDHM_L,4161,2010,0.731
ADH_IDHM_L,4162,1991,0.62124442668185
ADH_IDHM_L,4162,2000,0.7236853701672743
ADH_IDHM_L,4162,2010,0.7968335799811651
ADH_IDHM_L,4163,1991,0.6073582994972931
ADH_IDHM_L,4163,2000,0.732
ADH_IDHM_L,4163,2010,0.7655682287774211
ADH_IDHM_L,4164,1991,0.578
ADH_IDHM_L,4164,2000,0.662
ADH_IDHM_L,4164,2010,0.729
ADH_IDHM_L,4165,1991,0.6128014437235668
ADH_IDHM_L,4165,2000,0.7208575469918903
ADH_IDHM_L,4165,2010,0.7634157427937917
ADH_IDHM_L,4166,1991,0.546
ADH_IDHM_L,4166,2000,0.675
ADH_IDHM_L,4166,2010,0.735
ADH_IDHM_L,4167,1991,0.595134855295722
ADH_IDHM_L,4167,2000,0.6890000000000001
ADH_IDHM_L,4167,2010,0.7394815598548972
ADH_IDHM_L,4168,1991,0.572
ADH_IDHM_L,4168,2000,0.7
ADH_IDHM_L,4168,2010,0.755
ADH_IDHM_L,4169,1991,0.548
ADH_IDHM_L,4169,2000,0.65
ADH_IDHM_L,4169,2010,0.758
ADH_IDHM_L,4170,1991,0.5672597359735972
ADH_IDHM_L,4170,2000,0.6808015271368931
ADH_IDHM_L,4170,2010,0.7553528698774107
ADH_IDHM_L,4171,1991,0.597
ADH_IDHM_L,4171,2000,0.722
ADH_IDHM_L,4171,2010,0.775
ADH_IDHM_L,4172,1991,0.512
ADH_IDHM_L,4172,2000,0.647
ADH_IDHM_L,4172,2010,0.747
ADH_IDHM_L,4173,1991,0.648
ADH_IDHM_L,4173,2000,0.723
ADH_IDHM_L,4173,2010,0.776
ADH_IDHM_L,4174,1991,0.648
ADH_IDHM_L,4174,2000,0.723
ADH_IDHM_L,4174,2010,0.735
ADH_IDHM_L,4175,1991,0.648
ADH_IDHM_L,4175,2000,0.723
ADH_IDHM_L,4175,2010,0.76
ADH_IDHM_L,4176,1991,0.6380000000000001
ADH_IDHM_L,4176,2000,0.743
ADH_IDHM_L,4176,2010,0.779
ADH_IDHM_L,4177,1991,0.635
ADH_IDHM_L,4177,2000,0.704
ADH_IDHM_L,4177,2010,0.779
ADH_IDHM_L,4178,1991,0.609
ADH_IDHM_L,4178,2000,0.707
ADH_IDHM_L,4178,2010,0.776
ADH_IDHM_L,4179,1991,0.613
ADH_IDHM_L,4179,2000,0.713
ADH_IDHM_L,4179,2010,0.81
ADH_IDHM_L,4180,1991,0.561
ADH_IDHM_L,4180,2000,0.637
ADH_IDHM_L,4180,2010,0.772
ADH_IDHM_L,4181,1991,0.605
ADH_IDHM_L,4181,2000,0.715
ADH_IDHM_L,4181,2010,0.778
ADH_IDHM_L,4182,1991,0.666
ADH_IDHM_L,4182,2000,0.783
ADH_IDHM_L,4182,2010,0.804
ADH_IDHM_L,4183,1991,0.619943143812709
ADH_IDHM_L,4183,2000,0.701
ADH_IDHM_L,4183,2010,0.7867886301750486
ADH_IDHM_L,4184,1991,0.6349006318383612
ADH_IDHM_L,4184,2000,0.7521033945950789
ADH_IDHM_L,4184,2010,0.788
ADH_IDHM_L,4185,1991,0.531
ADH_IDHM_L,4185,2000,0.654
ADH_IDHM_L,4185,2010,0.734
ADH_IDHM_L,4186,1991,0.493
ADH_IDHM_L,4186,2000,0.621
ADH_IDHM_L,4186,2010,0.76
ADH_IDHM_L,4187,1991,0.572
ADH_IDHM_L,4187,2000,0.682
ADH_IDHM_L,4187,2010,0.778
ADH_IDHM_L,4188,1991,0.629
ADH_IDHM_L,4188,2000,0.727
ADH_IDHM_L,4188,2010,0.772
ADH_IDHM_L,4189,1991,0.569
ADH_IDHM_L,4189,2000,0.668
ADH_IDHM_L,4189,2010,0.761
ADH_IDHM_L,4190,1991,0.615
ADH_IDHM_L,4190,2000,0.703
ADH_IDHM_L,4190,2010,0.777
ADH_IDHM_L,4191,1991,0.587
ADH_IDHM_L,4191,2000,0.662
ADH_IDHM_L,4191,2010,0.754
ADH_IDHM_L,4192,1991,0.555
ADH_IDHM_L,4192,2000,0.677
ADH_IDHM_L,4192,2010,0.735
ADH_IDHM_L,4193,1991,0.579
ADH_IDHM_L,4193,2000,0.715
ADH_IDHM_L,4193,2010,0.773
ADH_IDHM_L,4194,1991,0.58
ADH_IDHM_L,4194,2000,0.664
ADH_IDHM_L,4194,2010,0.768
ADH_IDHM_L,4195,1991,0.512
ADH_IDHM_L,4195,2000,0.654
ADH_IDHM_L,4195,2010,0.76
ADH_IDHM_L,4196,1991,0.572
ADH_IDHM_L,4196,2000,0.7
ADH_IDHM_L,4196,2010,0.7320000000000001
ADH_IDHM_L,4197,1991,0.653
ADH_IDHM_L,4197,2000,0.725
ADH_IDHM_L,4197,2010,0.759
ADH_IDHM_L,4198,1991,0.583
ADH_IDHM_L,4198,2000,0.66
ADH_IDHM_L,4198,2010,0.779
ADH_IDHM_L,4199,1991,0.597
ADH_IDHM_L,4199,2000,0.674
ADH_IDHM_L,4199,2010,0.763
ADH_IDHM_L,4200,1991,0.579
ADH_IDHM_L,4200,2000,0.663
ADH_IDHM_L,4200,2010,0.7930000000000001
ADH_IDHM_L,4201,1991,0.643
ADH_IDHM_L,4201,2000,0.732
ADH_IDHM_L,4201,2010,0.7729999999999999
ADH_IDHM_L,4202,1991,0.594
ADH_IDHM_L,4202,2000,0.701
ADH_IDHM_L,4202,2010,0.745
ADH_IDHM_L,4203,1991,0.638
ADH_IDHM_L,4203,2000,0.69
ADH_IDHM_L,4203,2010,0.723
ADH_IDHM_L,4204,1991,0.653
ADH_IDHM_L,4204,2000,0.723
ADH_IDHM_L,4204,2010,0.7419999999999999
ADH_IDHM_L,4205,1991,0.5754348562590529
ADH_IDHM_L,4205,2000,0.6922644378620079
ADH_IDHM_L,4205,2010,0.742103442125914
ADH_IDHM_L,4206,1991,0.625
ADH_IDHM_L,4206,2000,0.731
ADH_IDHM_L,4206,2010,0.764
ADH_IDHM_L,4207,1991,0.556
ADH_IDHM_L,4207,2000,0.666
ADH_IDHM_L,4207,2010,0.7409999999999999
ADH_IDHM_L,4208,1991,0.532
ADH_IDHM_L,4208,2000,0.674
ADH_IDHM_L,4208,2010,0.779
ADH_IDHM_L,4209,1991,0.618
ADH_IDHM_L,4209,2000,0.727
ADH_IDHM_L,4209,2010,0.761
ADH_IDHM_L,4210,1991,0.522
ADH_IDHM_L,4210,2000,0.659
ADH_IDHM_L,4210,2010,0.734
ADH_IDHM_L,4211,1991,0.593
ADH_IDHM_L,4211,2000,0.684
ADH_IDHM_L,4211,2010,0.779
ADH_IDHM_L,4212,1991,0.548
ADH_IDHM_L,4212,2000,0.675
ADH_IDHM_L,4212,2010,0.7459999999999999
ADH_IDHM_L,4213,1991,0.583
ADH_IDHM_L,4213,2000,0.712
ADH_IDHM_L,4213,2010,0.765
ADH_IDHM_L,4214,1991,0.605
ADH_IDHM_L,4214,2000,0.692
ADH_IDHM_L,4214,2010,0.759
ADH_IDHM_L,4215,1991,0.638
ADH_IDHM_L,4215,2000,0.727
ADH_IDHM_L,4215,2010,0.774
ADH_IDHM_L,4216,1991,0.63
ADH_IDHM_L,4216,2000,0.7118368723061056
ADH_IDHM_L,4216,2010,0.7453292755344418
ADH_IDHM_L,4217,1991,0.641
ADH_IDHM_L,4217,2000,0.7599999999999999
ADH_IDHM_L,4217,2010,0.791
ADH_IDHM_L,4218,1991,0.493
ADH_IDHM_L,4218,2000,0.616
ADH_IDHM_L,4218,2010,0.715
ADH_IDHM_L,4219,1991,0.54
ADH_IDHM_L,4219,2000,0.682
ADH_IDHM_L,4219,2010,0.755
ADH_IDHM_L,4220,1991,0.583
ADH_IDHM_L,4220,2000,0.693
ADH_IDHM_L,4220,2010,0.779
ADH_IDHM_L,4221,1991,0.556
ADH_IDHM_L,4221,2000,0.673
ADH_IDHM_L,4221,2010,0.775
ADH_IDHM_L,4222,1991,0.638
ADH_IDHM_L,4222,2000,0.765
ADH_IDHM_L,4222,2010,0.784
ADH_IDHM_L,4223,1991,0.548
ADH_IDHM_L,4223,2000,0.649
ADH_IDHM_L,4223,2010,0.7190000000000001
ADH_IDHM_L,4224,1991,0.532
ADH_IDHM_L,4224,2000,0.647
ADH_IDHM_L,4224,2010,0.77
ADH_IDHM_L,4225,1991,0.598
ADH_IDHM_L,4225,2000,0.697
ADH_IDHM_L,4225,2010,0.735
ADH_IDHM_L,4226,1991,0.638
ADH_IDHM_L,4226,2000,0.76
ADH_IDHM_L,4226,2010,0.791
ADH_IDHM_L,4227,1991,0.579
ADH_IDHM_L,4227,2000,0.715
ADH_IDHM_L,4227,2010,0.779
ADH_IDHM_L,4228,1991,0.637
ADH_IDHM_L,4228,2000,0.735
ADH_IDHM_L,4228,2010,0.773
ADH_IDHM_L,4229,1991,0.588
ADH_IDHM_L,4229,2000,0.695
ADH_IDHM_L,4229,2010,0.768
ADH_IDHM_L,4230,1991,0.619
ADH_IDHM_L,4230,2000,0.722
ADH_IDHM_L,4230,2010,0.739
ADH_IDHM_L,4231,1991,0.5558694956790919
ADH_IDHM_L,4231,2000,0.6588286629126643
ADH_IDHM_L,4231,2010,0.7568057008022652
ADH_IDHM_L,4232,1991,0.574
ADH_IDHM_L,4232,2000,0.701
ADH_IDHM_L,4232,2010,0.769
ADH_IDHM_L,4233,1991,0.503
ADH_IDHM_L,4233,2000,0.637
ADH_IDHM_L,4233,2010,0.778
ADH_IDHM_L,4234,1991,0.58
ADH_IDHM_L,4234,2000,0.682
ADH_IDHM_L,4234,2010,0.7449999999999999
ADH_IDHM_L,4235,1991,0.579
ADH_IDHM_L,4235,2000,0.69
ADH_IDHM_L,4235,2010,0.759
ADH_IDHM_L,4236,1991,0.578
ADH_IDHM_L,4236,2000,0.693
ADH_IDHM_L,4236,2010,0.753
ADH_IDHM_L,5001,1991,0.643
ADH_IDHM_L,5001,2000,0.728
ADH_IDHM_L,5001,2010,0.7789999999999999
ADH_IDHM_L,5002,1991,0.6230419554468203
ADH_IDHM_L,5002,2000,0.7219873194449593
ADH_IDHM_L,5002,2010,0.800095210221632
ADH_IDHM_L,5003,1991,0.562
ADH_IDHM_L,5003,2000,0.675
ADH_IDHM_L,5003,2010,0.713
ADH_IDHM_L,5004,1991,0.526
ADH_IDHM_L,5004,2000,0.652
ADH_IDHM_L,5004,2010,0.776
ADH_IDHM_L,5005,1991,0.605
ADH_IDHM_L,5005,2000,0.706
ADH_IDHM_L,5005,2010,0.7789999999999999
ADH_IDHM_L,5006,1991,0.575
ADH_IDHM_L,5006,2000,0.687
ADH_IDHM_L,5006,2010,0.739
ADH_IDHM_L,5007,1991,0.601
ADH_IDHM_L,5007,2000,0.711
ADH_IDHM_L,5007,2010,0.8
ADH_IDHM_L,5008,1991,0.6479891552117152
ADH_IDHM_L,5008,2000,0.7161379938358083
ADH_IDHM_L,5008,2010,0.7502535582864681
ADH_IDHM_L,5009,1991,0.585
ADH_IDHM_L,5009,2000,0.714
ADH_IDHM_L,5009,2010,0.76
ADH_IDHM_L,5010,1991,0.579
ADH_IDHM_L,5010,2000,0.718
ADH_IDHM_L,5010,2010,0.747
ADH_IDHM_L,5011,1991,0.528
ADH_IDHM_L,5011,2000,0.642
ADH_IDHM_L,5011,2010,0.725
ADH_IDHM_L,5012,1991,0.49700000000000005
ADH_IDHM_L,5012,2000,0.6331834949160557
ADH_IDHM_L,5012,2010,0.7622916962945406
ADH_IDHM_L,5013,1991,0.596
ADH_IDHM_L,5013,2000,0.696
ADH_IDHM_L,5013,2010,0.718
ADH_IDHM_L,5014,1991,0.543
ADH_IDHM_L,5014,2000,0.679
ADH_IDHM_L,5014,2010,0.726
ADH_IDHM_L,5015,1991,0.548
ADH_IDHM_L,5015,2000,0.609
ADH_IDHM_L,5015,2010,0.737
ADH_IDHM_L,5016,1991,0.5020004072371865
ADH_IDHM_L,5016,2000,0.6327748640869844
ADH_IDHM_L,5016,2010,0.767746889244795
ADH_IDHM_L,5017,1991,0.638
ADH_IDHM_L,5017,2000,0.702
ADH_IDHM_L,5017,2010,0.743
ADH_IDHM_L,5018,1991,0.58
ADH_IDHM_L,5018,2000,0.68
ADH_IDHM_L,5018,2010,0.722
ADH_IDHM_L,5019,1991,0.5420000000000001
ADH_IDHM_L,5019,2000,0.6753708131394723
ADH_IDHM_L,5019,2010,0.7379192525859192
ADH_IDHM_L,5020,1991,0.485
ADH_IDHM_L,5020,2000,0.629
ADH_IDHM_L,5020,2010,0.734
ADH_IDHM_L,5021,1991,0.693
ADH_IDHM_L,5021,2000,0.805
ADH_IDHM_L,5021,2010,0.824
ADH_IDHM_L,5022,1991,0.543
ADH_IDHM_L,5022,2000,0.679
ADH_IDHM_L,5022,2010,0.758
ADH_IDHM_L,5023,1991,0.506
ADH_IDHM_L,5023,2000,0.633
ADH_IDHM_L,5023,2010,0.718
ADH_IDHM_L,5024,1991,0.515
ADH_IDHM_L,5024,2000,0.648
ADH_IDHM_L,5024,2010,0.786
ADH_IDHM_L,5025,1991,0.668
ADH_IDHM_L,5025,2000,0.76
ADH_IDHM_L,5025,2010,0.796
ADH_IDHM_L,5026,1991,0.568
ADH_IDHM_L,5026,2000,0.672
ADH_IDHM_L,5026,2010,0.774
ADH_IDHM_L,5027,1991,0.499
ADH_IDHM_L,5027,2000,0.64
ADH_IDHM_L,5027,2010,0.7540000000000001
ADH_IDHM_L,5028,1991,0.609
ADH_IDHM_L,5028,2000,0.704
ADH_IDHM_L,5028,2010,0.778
ADH_IDHM_L,5029,1991,0.526
ADH_IDHM_L,5029,2000,0.652
ADH_IDHM_L,5029,2010,0.748
ADH_IDHM_L,5030,1991,0.616
ADH_IDHM_L,5030,2000,0.736
ADH_IDHM_L,5030,2010,0.748
ADH_IDHM_L,5031,1991,0.659
ADH_IDHM_L,5031,2000,0.752
ADH_IDHM_L,5031,2010,0.794
ADH_IDHM_L,5032,1991,0.526
ADH_IDHM_L,5032,2000,0.652
ADH_IDHM_L,5032,2010,0.747
ADH_IDHM_L,5033,1991,0.668
ADH_IDHM_L,5033,2000,0.735
ADH_IDHM_L,5033,2010,0.825
ADH_IDHM_L,5034,1991,0.555
ADH_IDHM_L,5034,2000,0.665
ADH_IDHM_L,5034,2010,0.7870000000000001
ADH_IDHM_L,5035,1991,0.616
ADH_IDHM_L,5035,2000,0.736
ADH_IDHM_L,5035,2010,0.765
ADH_IDHM_L,5036,1991,0.497
ADH_IDHM_L,5036,2000,0.615
ADH_IDHM_L,5036,2010,0.748
ADH_IDHM_L,5037,1991,0.591
ADH_IDHM_L,5037,2000,0.711
ADH_IDHM_L,5037,2010,0.808
ADH_IDHM_L,5038,1991,0.513
ADH_IDHM_L,5038,2000,0.64
ADH_IDHM_L,5038,2010,0.7680000000000001
ADH_IDHM_L,5039,1991,0.5919910663983903
ADH_IDHM_L,5039,2000,0.6462875280059747
ADH_IDHM_L,5039,2010,0.7606994082840237
ADH_IDHM_L,5040,1991,0.525
ADH_IDHM_L,5040,2000,0.649
ADH_IDHM_L,5040,2010,0.732
ADH_IDHM_L,5041,1991,0.581
ADH_IDHM_L,5041,2000,0.683
ADH_IDHM_L,5041,2010,0.737
ADH_IDHM_L,5042,1991,0.554
ADH_IDHM_L,5042,2000,0.689
ADH_IDHM_L,5042,2010,0.723
ADH_IDHM_L,5043,1991,0.545
ADH_IDHM_L,5043,2000,0.678
ADH_IDHM_L,5043,2010,0.783
ADH_IDHM_L,5044,1991,0.515
ADH_IDHM_L,5044,2000,0.66
ADH_IDHM_L,5044,2010,0.759
ADH_IDHM_L,5045,1991,0.6029963468357151
ADH_IDHM_L,5045,2000,0.7322965228027258
ADH_IDHM_L,5045,2010,0.7840805045871561
ADH_IDHM_L,5046,1991,0.596
ADH_IDHM_L,5046,2000,0.711
ADH_IDHM_L,5046,2010,0.7689999999999999
ADH_IDHM_L,5047,1991,0.535
ADH_IDHM_L,5047,2000,0.673
ADH_IDHM_L,5047,2010,0.766
ADH_IDHM_L,5048,1991,0.5120014979403321
ADH_IDHM_L,5048,2000,0.6443754470918396
ADH_IDHM_L,5048,2010,0.7523365403117183
ADH_IDHM_L,5049,1991,0.616
ADH_IDHM_L,5049,2000,0.752
ADH_IDHM_L,5049,2010,0.788
ADH_IDHM_L,5050,1991,0.605
ADH_IDHM_L,5050,2000,0.706
ADH_IDHM_L,5050,2010,0.727
ADH_IDHM_L,5051,1991,0.553
ADH_IDHM_L,5051,2000,0.67
ADH_IDHM_L,5051,2010,0.773
ADH_IDHM_L,5052,1991,0.481
ADH_IDHM_L,5052,2000,0.601
ADH_IDHM_L,5052,2010,0.709
ADH_IDHM_L,5053,1991,0.528
ADH_IDHM_L,5053,2000,0.645
ADH_IDHM_L,5053,2010,0.776
ADH_IDHM_L,5054,1991,0.535
ADH_IDHM_L,5054,2000,0.673
ADH_IDHM_L,5054,2010,0.771
ADH_IDHM_L,5055,1991,0.547
ADH_IDHM_L,5055,2000,0.6889999999999998
ADH_IDHM_L,5055,2010,0.726
ADH_IDHM_L,5056,1991,0.562
ADH_IDHM_L,5056,2000,0.655
ADH_IDHM_L,5056,2010,0.74
ADH_IDHM_L,5057,1991,0.661
ADH_IDHM_L,5057,2000,0.752
ADH_IDHM_L,5057,2010,0.792
ADH_IDHM_L,5058,1991,0.617
ADH_IDHM_L,5058,2000,0.752
ADH_IDHM_L,5058,2010,0.772
ADH_IDHM_L,5059,1991,0.592
ADH_IDHM_L,5059,2000,0.688
ADH_IDHM_L,5059,2010,0.724
ADH_IDHM_L,5060,1991,0.573
ADH_IDHM_L,5060,2000,0.683
ADH_IDHM_L,5060,2010,0.771
ADH_IDHM_L,5061,1991,0.569
ADH_IDHM_L,5061,2000,0.711
ADH_IDHM_L,5061,2010,0.788
ADH_IDHM_L,5062,1991,0.545
ADH_IDHM_L,5062,2000,0.675
ADH_IDHM_L,5062,2010,0.755
ADH_IDHM_L,5063,1991,0.5749973042662916
ADH_IDHM_L,5063,2000,0.6949956305376865
ADH_IDHM_L,5063,2010,0.7726248582444999
ADH_IDHM_L,5064,1991,0.512
ADH_IDHM_L,5064,2000,0.646
ADH_IDHM_L,5064,2010,0.739
ADH_IDHM_L,5065,1991,0.576
ADH_IDHM_L,5065,2000,0.695
ADH_IDHM_L,5065,2010,0.7339999999999999
ADH_IDHM_L,5066,1991,0.52
ADH_IDHM_L,5066,2000,0.648
ADH_IDHM_L,5066,2010,0.789
ADH_IDHM_L,5067,1991,0.511
ADH_IDHM_L,5067,2000,0.655
ADH_IDHM_L,5067,2010,0.764
ADH_IDHM_L,5068,1991,0.562
ADH_IDHM_L,5068,2000,0.689
ADH_IDHM_L,5068,2010,0.771
ADH_IDHM_L,5069,1991,0.502
ADH_IDHM_L,5069,2000,0.63
ADH_IDHM_L,5069,2010,0.756
ADH_IDHM_L,5070,1991,0.614
ADH_IDHM_L,5070,2000,0.703
ADH_IDHM_L,5070,2010,0.769
ADH_IDHM_L,5071,1991,0.573
ADH_IDHM_L,5071,2000,0.687
ADH_IDHM_L,5071,2010,0.785
ADH_IDHM_L,5072,1991,0.6039985004851371
ADH_IDHM_L,5072,2000,0.7115640390018179
ADH_IDHM_L,5072,2010,0.7754620416856839
ADH_IDHM_L,5073,1991,0.568
ADH_IDHM_L,5073,2000,0.694
ADH_IDHM_L,5073,2010,0.784
ADH_IDHM_L,5074,1991,0.596
ADH_IDHM_L,5074,2000,0.7110000000000001
ADH_IDHM_L,5074,2010,0.7919999999999999
ADH_IDHM_L,5075,1991,0.525
ADH_IDHM_L,5075,2000,0.649
ADH_IDHM_L,5075,2010,0.776
ADH_IDHM_L,5076,1991,0.5849990243902439
ADH_IDHM_L,5076,2000,0.6790619800332778
ADH_IDHM_L,5076,2010,0.7755585514971
ADH_IDHM_L,5077,1991,0.5099999260300319
ADH_IDHM_L,5077,2000,0.64
ADH_IDHM_L,5077,2010,0.751242243902439
ADH_IDHM_L,5078,1991,0.506
ADH_IDHM_L,5078,2000,0.648
ADH_IDHM_L,5078,2010,0.779
ADH_IDHM_L,5079,1991,0.491
ADH_IDHM_L,5079,2000,0.615
ADH_IDHM_L,5079,2010,0.7
ADH_IDHM_L,5080,1991,0.61
ADH_IDHM_L,5080,2000,0.735
ADH_IDHM_L,5080,2010,0.77
ADH_IDHM_L,5081,1991,0.614
ADH_IDHM_L,5081,2000,0.704
ADH_IDHM_L,5081,2010,0.752
ADH_IDHM_L,5082,1991,0.693
ADH_IDHM_L,5082,2000,0.752
ADH_IDHM_L,5082,2010,0.835
ADH_IDHM_L,5083,1991,0.562
ADH_IDHM_L,5083,2000,0.674
ADH_IDHM_L,5083,2010,0.773
ADH_IDHM_L,5084,1991,0.545
ADH_IDHM_L,5084,2000,0.671
ADH_IDHM_L,5084,2010,0.788
ADH_IDHM_L,5085,1991,0.584
ADH_IDHM_L,5085,2000,0.696
ADH_IDHM_L,5085,2010,0.719
ADH_IDHM_L,5086,1991,0.617
ADH_IDHM_L,5086,2000,0.763
ADH_IDHM_L,5086,2010,0.789
ADH_IDHM_L,5087,1991,0.543
ADH_IDHM_L,5087,2000,0.649
ADH_IDHM_L,5087,2010,0.776
ADH_IDHM_L,5088,1991,0.497
ADH_IDHM_L,5088,2000,0.609
ADH_IDHM_L,5088,2010,0.721
ADH_IDHM_L,5089,1991,0.491
ADH_IDHM_L,5089,2000,0.594
ADH_IDHM_L,5089,2010,0.719
ADH_IDHM_L,5090,1991,0.659
ADH_IDHM_L,5090,2000,0.754
ADH_IDHM_L,5090,2010,0.802
ADH_IDHM_L,5091,1991,0.536
ADH_IDHM_L,5091,2000,0.668
ADH_IDHM_L,5091,2010,0.7629999999999999
ADH_IDHM_L,5092,1991,0.638
ADH_IDHM_L,5092,2000,0.729
ADH_IDHM_L,5092,2010,0.747
ADH_IDHM_L,5093,1991,0.575
ADH_IDHM_L,5093,2000,0.698
ADH_IDHM_L,5093,2010,0.768
ADH_IDHM_L,5094,1991,0.5359999313186814
ADH_IDHM_L,5094,2000,0.668
ADH_IDHM_L,5094,2010,0.752088813394807
ADH_IDHM_L,5095,1991,0.659
ADH_IDHM_L,5095,2000,0.752
ADH_IDHM_L,5095,2010,0.803
ADH_IDHM_L,5096,1991,0.509
ADH_IDHM_L,5096,2000,0.642
ADH_IDHM_L,5096,2010,0.773
ADH_IDHM_L,5097,1991,0.499
ADH_IDHM_L,5097,2000,0.623
ADH_IDHM_L,5097,2010,0.752
ADH_IDHM_L,5098,1991,0.522
ADH_IDHM_L,5098,2000,0.655
ADH_IDHM_L,5098,2010,0.788
ADH_IDHM_L,5099,1991,0.617
ADH_IDHM_L,5099,2000,0.66
ADH_IDHM_L,5099,2010,0.738
ADH_IDHM_L,5100,1991,0.497
ADH_IDHM_L,5100,2000,0.63
ADH_IDHM_L,5100,2010,0.753
ADH_IDHM_L,5101,1991,0.567
ADH_IDHM_L,5101,2000,0.706
ADH_IDHM_L,5101,2010,0.777
ADH_IDHM_L,5102,1991,0.592
ADH_IDHM_L,5102,2000,0.663
ADH_IDHM_L,5102,2010,0.7660000000000001
ADH_IDHM_L,5103,1991,0.532
ADH_IDHM_L,5103,2000,0.649
ADH_IDHM_L,5103,2010,0.754
ADH_IDHM_L,5104,1991,0.555
ADH_IDHM_L,5104,2000,0.646
ADH_IDHM_L,5104,2010,0.713
ADH_IDHM_L,5105,1991,0.499
ADH_IDHM_L,5105,2000,0.642
ADH_IDHM_L,5105,2010,0.774
ADH_IDHM_L,5106,1991,0.592
ADH_IDHM_L,5106,2000,0.695
ADH_IDHM_L,5106,2010,0.737
ADH_IDHM_L,5107,1991,0.525
ADH_IDHM_L,5107,2000,0.655
ADH_IDHM_L,5107,2010,0.7889999999999999
ADH_IDHM_L,5108,1991,0.55
ADH_IDHM_L,5108,2000,0.649
ADH_IDHM_L,5108,2010,0.751
ADH_IDHM_L,5109,1991,0.535
ADH_IDHM_L,5109,2000,0.665
ADH_IDHM_L,5109,2010,0.776
ADH_IDHM_L,5110,1991,0.61
ADH_IDHM_L,5110,2000,0.732
ADH_IDHM_L,5110,2010,0.767
ADH_IDHM_L,5111,1991,0.592
ADH_IDHM_L,5111,2000,0.729
ADH_IDHM_L,5111,2010,0.758
ADH_IDHM_L,5112,1991,0.527
ADH_IDHM_L,5112,2000,0.645
ADH_IDHM_L,5112,2010,0.78
ADH_IDHM_L,5113,1991,0.597
ADH_IDHM_L,5113,2000,0.702
ADH_IDHM_L,5113,2010,0.761
ADH_IDHM_L,5114,1991,0.616
ADH_IDHM_L,5114,2000,0.736
ADH_IDHM_L,5114,2010,0.767
ADH_IDHM_L,5115,1991,0.61
ADH_IDHM_L,5115,2000,0.739
ADH_IDHM_L,5115,2010,0.782
ADH_IDHM_L,5116,1991,0.603
ADH_IDHM_L,5116,2000,0.6960000000000001
ADH_IDHM_L,5116,2010,0.763
ADH_IDHM_L,5117,1991,0.6039999999999999
ADH_IDHM_L,5117,2000,0.7360000000000001
ADH_IDHM_L,5117,2010,0.75
ADH_IDHM_L,5118,1991,0.567
ADH_IDHM_L,5118,2000,0.711
ADH_IDHM_L,5118,2010,0.779
ADH_IDHM_L,5119,1991,0.599
ADH_IDHM_L,5119,2000,0.735
ADH_IDHM_L,5119,2010,0.829
ADH_IDHM_L,5120,1991,0.661
ADH_IDHM_L,5120,2000,0.7600000000000001
ADH_IDHM_L,5120,2010,0.779
ADH_IDHM_L,5121,1991,0.592
ADH_IDHM_L,5121,2000,0.727
ADH_IDHM_L,5121,2010,0.748
ADH_IDHM_L,5122,1991,0.543
ADH_IDHM_L,5122,2000,0.68
ADH_IDHM_L,5122,2010,0.789
ADH_IDHM_L,5123,1991,0.6680000000000001
ADH_IDHM_L,5123,2000,0.76
ADH_IDHM_L,5123,2010,0.815
ADH_IDHM_L,5124,1991,0.5319990134824071
ADH_IDHM_L,5124,2000,0.6568613777287012
ADH_IDHM_L,5124,2010,0.743322850103934
ADH_IDHM_L,5125,1991,0.48400099837302174
ADH_IDHM_L,5125,2000,0.6117572407569305
ADH_IDHM_L,5125,2010,0.7321367237606579
ADH_IDHM_L,5126,1991,0.648
ADH_IDHM_L,5126,2000,0.739
ADH_IDHM_L,5126,2010,0.794
ADH_IDHM_L,5127,1991,0.584
ADH_IDHM_L,5127,2000,0.682
ADH_IDHM_L,5127,2010,0.787
ADH_IDHM_L,5128,1991,0.51
ADH_IDHM_L,5128,2000,0.637
ADH_IDHM_L,5128,2010,0.7700000000000001
ADH_IDHM_L,5129,1991,0.509
ADH_IDHM_L,5129,2000,0.648
ADH_IDHM_L,5129,2010,0.787
ADH_IDHM_L,5130,1991,0.49699999999999994
ADH_IDHM_L,5130,2000,0.615
ADH_IDHM_L,5130,2010,0.7520000000000001
ADH_IDHM_L,5131,1991,0.531
ADH_IDHM_L,5131,2000,0.678
ADH_IDHM_L,5131,2010,0.748
ADH_IDHM_L,5132,1991,0.576
ADH_IDHM_L,5132,2000,0.703
ADH_IDHM_L,5132,2010,0.741
ADH_IDHM_L,5133,1991,0.616
ADH_IDHM_L,5133,2000,0.752
ADH_IDHM_L,5133,2010,0.7870000000000001
ADH_IDHM_L,5134,1991,0.535
ADH_IDHM_L,5134,2000,0.678
ADH_IDHM_L,5134,2010,0.757
ADH_IDHM_L,5135,1991,0.599
ADH_IDHM_L,5135,2000,0.695
ADH_IDHM_L,5135,2010,0.728
ADH_IDHM_L,5136,1991,0.587
ADH_IDHM_L,5136,2000,0.678
ADH_IDHM_L,5136,2010,0.722
ADH_IDHM_L,5137,1991,0.562
ADH_IDHM_L,5137,2000,0.696
ADH_IDHM_L,5137,2010,0.792
ADH_IDHM_L,5138,1991,0.509
ADH_IDHM_L,5138,2000,0.64
ADH_IDHM_L,5138,2010,0.7779999999999999
ADH_IDHM_L,5139,1991,0.548
ADH_IDHM_L,5139,2000,0.659
ADH_IDHM_L,5139,2010,0.77
ADH_IDHM_L,5140,1991,0.545
ADH_IDHM_L,5140,2000,0.655
ADH_IDHM_L,5140,2010,0.779
ADH_IDHM_L,5141,1991,0.643
ADH_IDHM_L,5141,2000,0.739
ADH_IDHM_L,5141,2010,0.794
ADH_IDHM_L,5142,1991,0.661
ADH_IDHM_L,5142,2000,0.703
ADH_IDHM_L,5142,2010,0.723
ADH_IDHM_L,5143,1991,0.584
ADH_IDHM_L,5143,2000,0.652
ADH_IDHM_L,5143,2010,0.792
ADH_IDHM_L,5144,1991,0.49699999999999994
ADH_IDHM_L,5144,2000,0.623
ADH_IDHM_L,5144,2010,0.758
ADH_IDHM_L,5145,1991,0.502
ADH_IDHM_L,5145,2000,0.625
ADH_IDHM_L,5145,2010,0.735
ADH_IDHM_L,5146,1991,0.555
ADH_IDHM_L,5146,2000,0.649
ADH_IDHM_L,5146,2010,0.747
ADH_IDHM_L,5147,1991,0.527
ADH_IDHM_L,5147,2000,0.66
ADH_IDHM_L,5147,2010,0.722
ADH_IDHM_L,6001,1991,0.474
ADH_IDHM_L,6001,2000,0.606
ADH_IDHM_L,6001,2010,0.712
ADH_IDHM_L,6002,1991,0.508
ADH_IDHM_L,6002,2000,0.619
ADH_IDHM_L,6002,2010,0.753
ADH_IDHM_L,6003,1991,0.625
ADH_IDHM_L,6003,2000,0.684
ADH_IDHM_L,6003,2010,0.797
ADH_IDHM_L,6004,1991,0.5169990598979318
ADH_IDHM_L,6004,2000,0.6314103967168262
ADH_IDHM_L,6004,2010,0.7486399466711108
ADH_IDHM_L,6005,1991,0.536
ADH_IDHM_L,6005,2000,0.662
ADH_IDHM_L,6005,2010,0.795
ADH_IDHM_L,6006,1991,0.5359997293965543
ADH_IDHM_L,6006,2000,0.6349767696880501
ADH_IDHM_L,6006,2010,0.7607398491720859
ADH_IDHM_L,6007,1991,0.54899848555452
ADH_IDHM_L,6007,2000,0.659904572796823
ADH_IDHM_L,6007,2010,0.7913065122574824
ADH_IDHM_L,6008,1991,0.504
ADH_IDHM_L,6008,2000,0.64
ADH_IDHM_L,6008,2010,0.778
ADH_IDHM_L,6009,1991,0.527
ADH_IDHM_L,6009,2000,0.6569992449268524
ADH_IDHM_L,6009,2010,0.7846903827945354
ADH_IDHM_L,6010,1991,0.6469954152399744
ADH_IDHM_L,6010,2000,0.683863483245671
ADH_IDHM_L,6010,2010,0.7635042979942693
ADH_IDHM_L,6011,1991,0.5809986353125514
ADH_IDHM_L,6011,2000,0.6852190488922377
ADH_IDHM_L,6011,2010,0.7975430326705353
ADH_IDHM_L,6012,1991,0.49800000000000005
ADH_IDHM_L,6012,2000,0.631
ADH_IDHM_L,6012,2010,0.745
ADH_IDHM_L,6013,1991,0.47400000000000003
ADH_IDHM_L,6013,2000,0.6
ADH_IDHM_L,6013,2010,0.712
ADH_IDHM_L,6014,1991,0.49700217913616807
ADH_IDHM_L,6014,2000,0.62504732446644
ADH_IDHM_L,6014,2010,0.7587374125084668
ADH_IDHM_L,6015,1991,0.6159999999999999
ADH_IDHM_L,6015,2000,0.643
ADH_IDHM_L,6015,2010,0.7559999999999999
ADH_IDHM_L,6016,1991,0.5959596516690855
ADH_IDHM_L,6016,2000,0.6346223365172667
ADH_IDHM_L,6016,2010,0.7390456730769231
ADH_IDHM_L,6017,1991,0.514
ADH_IDHM_L,6017,2000,0.649
ADH_IDHM_L,6017,2010,0.779
ADH_IDHM_L,6018,1991,0.5
ADH_IDHM_L,6018,2000,0.6316961235333975
ADH_IDHM_L,6018,2010,0.7425596183261709
ADH_IDHM_L,6019,1991,0.4990679471419791
ADH_IDHM_L,6019,2000,0.6297193869959826
ADH_IDHM_L,6019,2010,0.7466401818803059
ADH_IDHM_L,6020,1991,0.542
ADH_IDHM_L,6020,2000,0.607
ADH_IDHM_L,6020,2010,0.731
ADH_IDHM_L,6021,1991,0.638
ADH_IDHM_L,6021,2000,0.675
ADH_IDHM_L,6021,2010,0.7660000000000001
ADH_IDHM_L,6022,1991,0.5370011113463167
ADH_IDHM_L,6022,2000,0.6254337526703062
ADH_IDHM_L,6022,2010,0.7399229123963995
ADH_IDHM_L,6023,1991,0.4999991187356795
ADH_IDHM_L,6023,2000,0.6300029811590746
ADH_IDHM_L,6023,2010,0.7445149288975179
ADH_IDHM_L,6024,1991,0.481
ADH_IDHM_L,6024,2000,0.591
ADH_IDHM_L,6024,2010,0.728
ADH_IDHM_L,6025,1991,0.647
ADH_IDHM_L,6025,2000,0.699
ADH_IDHM_L,6025,2010,0.7789999999999999
ADH_IDHM_L,6026,1991,0.611
ADH_IDHM_L,6026,2000,0.636
ADH_IDHM_L,6026,2010,0.759
ADH_IDHM_L,6027,1991,0.536
ADH_IDHM_L,6027,2000,0.6610000000000001
ADH_IDHM_L,6027,2010,0.779
ADH_IDHM_L,6028,1991,0.5370014141604601
ADH_IDHM_L,6028,2000,0.6407940923182914
ADH_IDHM_L,6028,2010,0.76399349328995525
ADH_IDHM_L,6029,1991,0.57
ADH_IDHM_L,6029,2000,0.667
ADH_IDHM_L,6029,2010,0.79
ADH_IDHM_L,6030,1991,0.5860001869399463
ADH_IDHM_L,6030,2000,0.7170276592083571
ADH_IDHM_L,6030,2010,0.8117454731248722
ADH_IDHM_L,6031,1991,0.52
ADH_IDHM_L,6031,2000,0.661
ADH_IDHM_L,6031,2010,0.762
ADH_IDHM_L,6032,1991,0.616
ADH_IDHM_L,6032,2000,0.692
ADH_IDHM_L,6032,2010,0.752
ADH_IDHM_L,6033,1991,0.527
ADH_IDHM_L,6033,2000,0.657
ADH_IDHM_L,6033,2010,0.7859999999999999
ADH_IDHM_L,6034,1991,0.566
ADH_IDHM_L,6034,2000,0.657
ADH_IDHM_L,6034,2010,0.794
ADH_IDHM_L,6035,1991,0.512
ADH_IDHM_L,6035,2000,0.643
ADH_IDHM_L,6035,2010,0.75
ADH_IDHM_L,6036,1991,0.6149989196975153
ADH_IDHM_L,6036,2000,0.6957973134328358
ADH_IDHM_L,6036,2010,0.7954979401634362
ADH_IDHM_L,6037,1991,0.5
ADH_IDHM_L,6037,2000,0.639
ADH_IDHM_L,6037,2010,0.776
ADH_IDHM_L,6038,1991,0.504
ADH_IDHM_L,6038,2000,0.625
ADH_IDHM_L,6038,2010,0.757
ADH_IDHM_L,6039,1991,0.5720095453810062
ADH_IDHM_L,6039,2000,0.7093395585738539
ADH_IDHM_L,6039,2010,0.7635446009389671
ADH_IDHM_L,6040,1991,0.654
ADH_IDHM_L,6040,2000,0.706
ADH_IDHM_L,6040,2010,0.822
ADH_IDHM_L,6041,1991,0.527
ADH_IDHM_L,6041,2000,0.66
ADH_IDHM_L,6041,2010,0.766
ADH_IDHM_L,6042,1991,0.508
ADH_IDHM_L,6042,2000,0.639
ADH_IDHM_L,6042,2010,0.771
ADH_IDHM_L,6043,1991,0.54
ADH_IDHM_L,6043,2000,0.656
ADH_IDHM_L,6043,2010,0.777
ADH_IDHM_L,6044,1991,0.47699772940808016
ADH_IDHM_L,6044,2000,0.5796557901907357
ADH_IDHM_L,6044,2010,0.7000670043904087
ADH_IDHM_L,6045,1991,0.4920023741690408
ADH_IDHM_L,6045,2000,0.6187547134590256
ADH_IDHM_L,6045,2010,0.7481859881741624
ADH_IDHM_L,6046,1991,0.6720000000000002
ADH_IDHM_L,6046,2000,0.717
ADH_IDHM_L,6046,2010,0.815
ADH_IDHM_L,6047,1991,0.5809961026471631
ADH_IDHM_L,6047,2000,0.6801362603532948
ADH_IDHM_L,6047,2010,0.783756289158914
ADH_IDHM_L,6048,1991,0.474
ADH_IDHM_L,6048,2000,0.593
ADH_IDHM_L,6048,2010,0.723
ADH_IDHM_L,6049,1991,0.568
ADH_IDHM_L,6049,2000,0.637
ADH_IDHM_L,6049,2010,0.7700000000000001
ADH_IDHM_L,6050,1991,0.48599899779514927
ADH_IDHM_L,6050,2000,0.6121653339215795
ADH_IDHM_L,6050,2010,0.742122515383967
ADH_IDHM_L,6051,1991,0.5719952241973998
ADH_IDHM_L,6051,2000,0.6600788499506417
ADH_IDHM_L,6051,2010,0.7558483561810021
ADH_IDHM_L,6052,1991,0.613
ADH_IDHM_L,6052,2000,0.637
ADH_IDHM_L,6052,2010,0.765
ADH_IDHM_L,6053,1991,0.5679978003849325
ADH_IDHM_L,6053,2000,0.6521195938322678
ADH_IDHM_L,6053,2010,0.7553081686468549
ADH_IDHM_L,6054,1991,0.53
ADH_IDHM_L,6054,2000,0.619
ADH_IDHM_L,6054,2010,0.753
ADH_IDHM_L,6055,1991,0.616
ADH_IDHM_L,6055,2000,0.699
ADH_IDHM_L,6055,2010,0.787
ADH_IDHM_L,6056,1991,0.57
ADH_IDHM_L,6056,2000,0.65527189347735
ADH_IDHM_L,6056,2010,0.746243995982102
ADH_IDHM_L,6057,1991,0.592
ADH_IDHM_L,6057,2000,0.6610000000000001
ADH_IDHM_L,6057,2010,0.769
ADH_IDHM_L,6058,1991,0.599
ADH_IDHM_L,6058,2000,0.675
ADH_IDHM_L,6058,2010,0.7969999999999999
ADH_IDHM_L,6059,1991,0.645
ADH_IDHM_L,6059,2000,0.692
ADH_IDHM_L,6059,2010,0.731
ADH_IDHM_L,6060,1991,0.531
ADH_IDHM_L,6060,2000,0.658
ADH_IDHM_L,6060,2010,0.794
ADH_IDHM_L,6061,1991,0.568
ADH_IDHM_L,6061,2000,0.660387822150836
ADH_IDHM_L,6061,2010,0.7728827997829627
ADH_IDHM_L,6062,1991,0.52
ADH_IDHM_L,6062,2000,0.662
ADH_IDHM_L,6062,2010,0.778
ADH_IDHM_L,6063,1991,0.508
ADH_IDHM_L,6063,2000,0.631
ADH_IDHM_L,6063,2010,0.742
ADH_IDHM_L,6064,1991,0.49800008637816356
ADH_IDHM_L,6064,2000,0.632
ADH_IDHM_L,6064,2010,0.7664107227718495
ADH_IDHM_L,6065,1991,0.507
ADH_IDHM_L,6065,2000,0.631
ADH_IDHM_L,6065,2010,0.732
ADH_IDHM_L,6066,1991,0.57
ADH_IDHM_L,6066,2000,0.636
ADH_IDHM_L,6066,2010,0.739
ADH_IDHM_L,6067,1991,0.603
ADH_IDHM_L,6067,2000,0.643
ADH_IDHM_L,6067,2010,0.7730000000000001
ADH_IDHM_L,6068,1991,0.5700000000000001
ADH_IDHM_L,6068,2000,0.636
ADH_IDHM_L,6068,2010,0.748
ADH_IDHM_L,6069,1991,0.558
ADH_IDHM_L,6069,2000,0.586
ADH_IDHM_L,6069,2010,0.69
ADH_IDHM_L,6070,1991,0.5360088339222615
ADH_IDHM_L,6070,2000,0.6496695125309832
ADH_IDHM_L,6070,2010,0.7807749284202664
ADH_IDHM_L,6071,1991,0.517
ADH_IDHM_L,6071,2000,0.656
ADH_IDHM_L,6071,2010,0.773
ADH_IDHM_L,6072,1991,0.6349999999999999
ADH_IDHM_L,6072,2000,0.66
ADH_IDHM_L,6072,2010,0.767
ADH_IDHM_L,6073,1991,0.522
ADH_IDHM_L,6073,2000,0.619
ADH_IDHM_L,6073,2010,0.7489999999999999
ADH_IDHM_L,6074,1991,0.537
ADH_IDHM_L,6074,2000,0.631
ADH_IDHM_L,6074,2010,0.7699999999999999
ADH_IDHM_L,6075,1991,0.652
ADH_IDHM_L,6075,2000,0.699
ADH_IDHM_L,6075,2010,0.8119999999999999
ADH_IDHM_L,6076,1991,0.507
ADH_IDHM_L,6076,2000,0.606
ADH_IDHM_L,6076,2010,0.7279999999999999
ADH_IDHM_L,6077,1991,0.6009892968878643
ADH_IDHM_L,6077,2000,0.641532474503489
ADH_IDHM_L,6077,2010,0.7599442815249269
ADH_IDHM_L,6078,1991,0.57
ADH_IDHM_L,6078,2000,0.649
ADH_IDHM_L,6078,2010,0.768
ADH_IDHM_L,6079,1991,0.44800000000000006
ADH_IDHM_L,6079,2000,0.58
ADH_IDHM_L,6079,2010,0.715
ADH_IDHM_L,6080,1991,0.5000013810882976
ADH_IDHM_L,6080,2000,0.6342591849120023
ADH_IDHM_L,6080,2010,0.7590707538763143
ADH_IDHM_L,6081,1991,0.52
ADH_IDHM_L,6081,2000,0.6
ADH_IDHM_L,6081,2010,0.7269999999999999
ADH_IDHM_L,6082,1991,0.57
ADH_IDHM_L,6082,2000,0.631
ADH_IDHM_L,6082,2010,0.742
ADH_IDHM_L,6083,1991,0.529
ADH_IDHM_L,6083,2000,0.631
ADH_IDHM_L,6083,2010,0.757
ADH_IDHM_L,6084,1991,0.5
ADH_IDHM_L,6084,2000,0.64
ADH_IDHM_L,6084,2010,0.742
ADH_IDHM_L,6085,1991,0.47000207140910333
ADH_IDHM_L,6085,2000,0.613252
ADH_IDHM_L,6085,2010,0.7299462120058862
ADH_IDHM_L,6086,1991,0.6159877365472037
ADH_IDHM_L,6086,2000,0.6656302956415727
ADH_IDHM_L,6086,2010,0.7879730468750001
ADH_IDHM_L,6087,1991,0.66
ADH_IDHM_L,6087,2000,0.72
ADH_IDHM_L,6087,2010,0.832
ADH_IDHM_L,6088,1991,0.524
ADH_IDHM_L,6088,2000,0.642
ADH_IDHM_L,6088,2010,0.768
ADH_IDHM_L,6089,1991,0.482
ADH_IDHM_L,6089,2000,0.587
ADH_IDHM_L,6089,2010,0.715
ADH_IDHM_L,6090,1991,0.44800000000000006
ADH_IDHM_L,6090,2000,0.562
ADH_IDHM_L,6090,2010,0.677
ADH_IDHM_L,6091,1991,0.511
ADH_IDHM_L,6091,2000,0.619
ADH_IDHM_L,6091,2010,0.758
ADH_IDHM_L,6092,1991,0.5
ADH_IDHM_L,6092,2000,0.618
ADH_IDHM_L,6092,2010,0.747
ADH_IDHM_L,6093,1991,0.536
ADH_IDHM_L,6093,2000,0.66
ADH_IDHM_L,6093,2010,0.772
ADH_IDHM_L,6094,1991,0.522
ADH_IDHM_L,6094,2000,0.632
ADH_IDHM_L,6094,2010,0.7690000000000001
ADH_IDHM_L,6095,1991,0.552
ADH_IDHM_L,6095,2000,0.632
ADH_IDHM_L,6095,2010,0.747
ADH_IDHM_L,6096,1991,0.507
ADH_IDHM_L,6096,2000,0.625
ADH_IDHM_L,6096,2010,0.732
ADH_IDHM_L,6097,1991,0.599
ADH_IDHM_L,6097,2000,0.642
ADH_IDHM_L,6097,2010,0.734
ADH_IDHM_L,6098,1991,0.457
ADH_IDHM_L,6098,2000,0.599
ADH_IDHM_L,6098,2010,0.712
ADH_IDHM_L,6099,1991,0.581
ADH_IDHM_L,6099,2000,0.686
ADH_IDHM_L,6099,2010,0.8
ADH_IDHM_L,6100,1991,0.526
ADH_IDHM_L,6100,2000,0.562
ADH_IDHM_L,6100,2010,0.698
ADH_IDHM_L,6101,1991,0.5289966455322914
ADH_IDHM_L,6101,2000,0.6157720418040261
ADH_IDHM_L,6101,2010,0.7293121137812653
ADH_IDHM_L,6102,1991,0.44800000000000006
ADH_IDHM_L,6102,2000,0.555
ADH_IDHM_L,6102,2010,0.692
ADH_IDHM_L,6103,1991,0.562
ADH_IDHM_L,6103,2000,0.632
ADH_IDHM_L,6103,2010,0.747
ADH_IDHM_L,6104,1991,0.486
ADH_IDHM_L,6104,2000,0.555
ADH_IDHM_L,6104,2010,0.675
ADH_IDHM_L,6105,1991,0.5109978920982169
ADH_IDHM_L,6105,2000,0.6207785104503973
ADH_IDHM_L,6105,2010,0.7377485068684053
ADH_IDHM_L,6106,1991,0.491
ADH_IDHM_L,6106,2000,0.602
ADH_IDHM_L,6106,2010,0.732
ADH_IDHM_L,6107,1991,0.504
ADH_IDHM_L,6107,2000,0.632
ADH_IDHM_L,6107,2010,0.748
ADH_IDHM_L,6108,1991,0.613
ADH_IDHM_L,6108,2000,0.661
ADH_IDHM_L,6108,2010,0.755
ADH_IDHM_L,6109,1991,0.538
ADH_IDHM_L,6109,2000,0.591
ADH_IDHM_L,6109,2010,0.709
ADH_IDHM_L,6110,1991,0.55
ADH_IDHM_L,6110,2000,0.656
ADH_IDHM_L,6110,2010,0.778
ADH_IDHM_L,6111,1991,0.45199999999999996
ADH_IDHM_L,6111,2000,0.586
ADH_IDHM_L,6111,2010,0.71
ADH_IDHM_L,6112,1991,0.53
ADH_IDHM_L,6112,2000,0.623
ADH_IDHM_L,6112,2010,0.747
ADH_IDHM_L,6113,1991,0.503
ADH_IDHM_L,6113,2000,0.631
ADH_IDHM_L,6113,2010,0.758
ADH_IDHM_L,6114,1991,0.523
ADH_IDHM_L,6114,2000,0.637
ADH_IDHM_L,6114,2010,0.744
ADH_IDHM_L,6115,1991,0.537
ADH_IDHM_L,6115,2000,0.639
ADH_IDHM_L,6115,2010,0.762
ADH_IDHM_L,6116,1991,0.551
ADH_IDHM_L,6116,2000,0.642
ADH_IDHM_L,6116,2010,0.776
ADH_IDHM_L,6117,1991,0.492
ADH_IDHM_L,6117,2000,0.636
ADH_IDHM_L,6117,2010,0.766
ADH_IDHM_L,6118,1991,0.519
ADH_IDHM_L,6118,2000,0.642
ADH_IDHM_L,6118,2010,0.764
ADH_IDHM_L,6119,1991,0.6009867335382624
ADH_IDHM_L,6119,2000,0.6412644895029608
ADH_IDHM_L,6119,2010,0.7672157985117344
ADH_IDHM_L,6120,1991,0.586
ADH_IDHM_L,6120,2000,0.719
ADH_IDHM_L,6120,2010,0.821
ADH_IDHM_L,6121,1991,0.613
ADH_IDHM_L,6121,2000,0.643
ADH_IDHM_L,6121,2010,0.747
ADH_IDHM_L,6122,1991,0.57
ADH_IDHM_L,6122,2000,0.636
ADH_IDHM_L,6122,2010,0.761
ADH_IDHM_L,6123,1991,0.4620000000000001
ADH_IDHM_L,6123,2000,0.604
ADH_IDHM_L,6123,2010,0.733
ADH_IDHM_L,6124,1991,0.558
ADH_IDHM_L,6124,2000,0.6419999999999999
ADH_IDHM_L,6124,2010,0.7710000000000001
ADH_IDHM_L,6125,1991,0.556
ADH_IDHM_L,6125,2000,0.6729999999999999
ADH_IDHM_L,6125,2010,0.736
ADH_IDHM_L,6126,1991,0.5
ADH_IDHM_L,6126,2000,0.6358645050744695
ADH_IDHM_L,6126,2010,0.7627959159231091
ADH_IDHM_L,6127,1991,0.582
ADH_IDHM_L,6127,2000,0.642
ADH_IDHM_L,6127,2010,0.767
ADH_IDHM_L,6128,1991,0.586
ADH_IDHM_L,6128,2000,0.705
ADH_IDHM_L,6128,2010,0.802
ADH_IDHM_L,6129,1991,0.537
ADH_IDHM_L,6129,2000,0.631
ADH_IDHM_L,6129,2010,0.745
ADH_IDHM_L,6130,1991,0.531
ADH_IDHM_L,6130,2000,0.642
ADH_IDHM_L,6130,2010,0.753
ADH_IDHM_L,6131,1991,0.556
ADH_IDHM_L,6131,2000,0.656
ADH_IDHM_L,6131,2010,0.779
ADH_IDHM_L,6132,1991,0.6349892724112243
ADH_IDHM_L,6132,2000,0.6490431339343529
ADH_IDHM_L,6132,2010,0.7759964200477327
ADH_IDHM_L,6133,1991,0.517
ADH_IDHM_L,6133,2000,0.642
ADH_IDHM_L,6133,2010,0.772
ADH_IDHM_L,6134,1991,0.573997571396447
ADH_IDHM_L,6134,2000,0.6344975216585491
ADH_IDHM_L,6134,2010,0.7274447102188063
ADH_IDHM_L,6135,1991,0.578
ADH_IDHM_L,6135,2000,0.655
ADH_IDHM_L,6135,2010,0.7540000000000001
ADH_IDHM_L,6136,1991,0.559
ADH_IDHM_L,6136,2000,0.658
ADH_IDHM_L,6136,2010,0.796
ADH_IDHM_L,6137,1991,0.491
ADH_IDHM_L,6137,2000,0.604
ADH_IDHM_L,6137,2010,0.737
ADH_IDHM_L,6138,1991,0.47400088863065426
ADH_IDHM_L,6138,2000,0.611278343575226
ADH_IDHM_L,6138,2010,0.7185183852140077
ADH_IDHM_L,6139,1991,0.5
ADH_IDHM_L,6139,2000,0.637
ADH_IDHM_L,6139,2010,0.752
ADH_IDHM_L,6140,1991,0.507
ADH_IDHM_L,6140,2000,0.631
ADH_IDHM_L,6140,2010,0.739
ADH_IDHM_L,6141,1991,0.53
ADH_IDHM_L,6141,2000,0.637
ADH_IDHM_L,6141,2010,0.77
ADH_IDHM_L,6142,1991,0.5120000000000001
ADH_IDHM_L,6142,2000,0.5948867571944687
ADH_IDHM_L,6142,2010,0.7065754575081473
ADH_IDHM_L,6143,1991,0.631
ADH_IDHM_L,6143,2000,0.681
ADH_IDHM_L,6143,2010,0.7790000000000001
ADH_IDHM_L,6144,1991,0.613
ADH_IDHM_L,6144,2000,0.656
ADH_IDHM_L,6144,2010,0.7860000000000001
ADH_IDHM_L,6145,1991,0.586
ADH_IDHM_L,6145,2000,0.705
ADH_IDHM_L,6145,2010,0.804
ADH_IDHM_L,6146,1991,0.57
ADH_IDHM_L,6146,2000,0.636
ADH_IDHM_L,6146,2010,0.756
ADH_IDHM_L,6147,1991,0.58
ADH_IDHM_L,6147,2000,0.686
ADH_IDHM_L,6147,2010,0.772
ADH_IDHM_L,6148,1991,0.599
ADH_IDHM_L,6148,2000,0.703
ADH_IDHM_L,6148,2010,0.774
ADH_IDHM_L,6149,1991,0.586
ADH_IDHM_L,6149,2000,0.719
ADH_IDHM_L,6149,2010,0.82
ADH_IDHM_L,6150,1991,0.631
ADH_IDHM_L,6150,2000,0.709
ADH_IDHM_L,6150,2010,0.769
ADH_IDHM_L,6151,1991,0.508
ADH_IDHM_L,6151,2000,0.636
ADH_IDHM_L,6151,2010,0.758
ADH_IDHM_L,6152,1991,0.551
ADH_IDHM_L,6152,2000,0.623
ADH_IDHM_L,6152,2010,0.722
ADH_IDHM_L,6153,1991,0.57
ADH_IDHM_L,6153,2000,0.636
ADH_IDHM_L,6153,2010,0.762
ADH_IDHM_L,6154,1991,0.56
ADH_IDHM_L,6154,2000,0.667
ADH_IDHM_L,6154,2010,0.79
ADH_IDHM_L,6155,1991,0.598
ADH_IDHM_L,6155,2000,0.642
ADH_IDHM_L,6155,2010,0.755
ADH_IDHM_L,6156,1991,0.457
ADH_IDHM_L,6156,2000,0.586
ADH_IDHM_L,6156,2010,0.713
ADH_IDHM_L,6157,1991,0.586
ADH_IDHM_L,6157,2000,0.703
ADH_IDHM_L,6157,2010,0.781
ADH_IDHM_L,6158,1991,0.586
ADH_IDHM_L,6158,2000,0.657
ADH_IDHM_L,6158,2010,0.765
ADH_IDHM_L,6159,1991,0.477
ADH_IDHM_L,6159,2000,0.599
ADH_IDHM_L,6159,2010,0.721
ADH_IDHM_L,6160,1991,0.542
ADH_IDHM_L,6160,2000,0.662
ADH_IDHM_L,6160,2010,0.7950000000000002
ADH_IDHM_L,6161,1991,0.5169912339851652
ADH_IDHM_L,6161,2000,0.6240438171476723
ADH_IDHM_L,6161,2010,0.7481506591337099
ADH_IDHM_L,6162,1991,0.474
ADH_IDHM_L,6162,2000,0.594
ADH_IDHM_L,6162,2010,0.714
ADH_IDHM_L,6163,1991,0.536
ADH_IDHM_L,6163,2000,0.6670000000000001
ADH_IDHM_L,6163,2010,0.792
ADH_IDHM_L,6164,1991,0.57
ADH_IDHM_L,6164,2000,0.637
ADH_IDHM_L,6164,2010,0.745
ADH_IDHM_L,6165,1991,0.561
ADH_IDHM_L,6165,2000,0.632
ADH_IDHM_L,6165,2010,0.772
ADH_IDHM_L,6166,1991,0.517
ADH_IDHM_L,6166,2000,0.661
ADH_IDHM_L,6166,2010,0.779
ADH_IDHM_L,6167,1991,0.586
ADH_IDHM_L,6167,2000,0.637
ADH_IDHM_L,6167,2010,0.772
ADH_IDHM_L,6168,1991,0.518
ADH_IDHM_L,6168,2000,0.619
ADH_IDHM_L,6168,2010,0.726
ADH_IDHM_L,6169,1991,0.569
ADH_IDHM_L,6169,2000,0.6560000000000001
ADH_IDHM_L,6169,2010,0.777
ADH_IDHM_L,6170,1991,0.586
ADH_IDHM_L,6170,2000,0.705
ADH_IDHM_L,6170,2010,0.8
ADH_IDHM_L,7001,1991,0.7085093648406037
ADH_IDHM_L,7001,2000,0.7759617366401349
ADH_IDHM_L,7001,2010,0.8206741513566898
ADH_IDHM_L,7002,1991,0.655
ADH_IDHM_L,7002,2000,0.728
ADH_IDHM_L,7002,2010,0.807
ADH_IDHM_L,7003,1991,0.64
ADH_IDHM_L,7003,2000,0.6870000000000002
ADH_IDHM_L,7003,2010,0.761
ADH_IDHM_L,7004,1991,0.547
ADH_IDHM_L,7004,2000,0.657
ADH_IDHM_L,7004,2010,0.76
ADH_IDHM_L,7005,1991,0.556998087954111
ADH_IDHM_L,7005,2000,0.6471841267595672
ADH_IDHM_L,7005,2010,0.7436779265915063
ADH_IDHM_L,7006,1991,0.503
ADH_IDHM_L,7006,2000,0.578
ADH_IDHM_L,7006,2010,0.691
ADH_IDHM_L,7007,1991,0.54
ADH_IDHM_L,7007,2000,0.68
ADH_IDHM_L,7007,2010,0.801
ADH_IDHM_L,7008,1991,0.555
ADH_IDHM_L,7008,2000,0.676
ADH_IDHM_L,7008,2010,0.799
ADH_IDHM_L,7009,1991,0.537
ADH_IDHM_L,7009,2000,0.676
ADH_IDHM_L,7009,2010,0.792
ADH_IDHM_L,7010,1991,0.587
ADH_IDHM_L,7010,2000,0.688
ADH_IDHM_L,7010,2010,0.748
ADH_IDHM_L,7011,1991,0.568
ADH_IDHM_L,7011,2000,0.627
ADH_IDHM_L,7011,2010,0.751
ADH_IDHM_L,7012,1991,0.6544884047129231
ADH_IDHM_L,7012,2000,0.7111712921592156
ADH_IDHM_L,7012,2010,0.7761747947146846
ADH_IDHM_L,7013,1991,0.581
ADH_IDHM_L,7013,2000,0.712
ADH_IDHM_L,7013,2010,0.785
ADH_IDHM_L,7014,1991,0.649
ADH_IDHM_L,7014,2000,0.721
ADH_IDHM_L,7014,2010,0.799
ADH_IDHM_L,7015,1991,0.508
ADH_IDHM_L,7015,2000,0.598
ADH_IDHM_L,7015,2010,0.726
ADH_IDHM_L,7016,1991,0.609
ADH_IDHM_L,7016,2000,0.65
ADH_IDHM_L,7016,2010,0.73
ADH_IDHM_L,7017,1991,0.542
ADH_IDHM_L,7017,2000,0.627
ADH_IDHM_L,7017,2010,0.7490000000000001
ADH_IDHM_L,7018,1991,0.649
ADH_IDHM_L,7018,2000,0.706
ADH_IDHM_L,7018,2010,0.784
ADH_IDHM_L,7019,1991,0.587
ADH_IDHM_L,7019,2000,0.652
ADH_IDHM_L,7019,2010,0.783
ADH_IDHM_L,7020,1991,0.544
ADH_IDHM_L,7020,2000,0.663
ADH_IDHM_L,7020,2010,0.742
ADH_IDHM_L,7021,1991,0.52
ADH_IDHM_L,7021,2000,0.631
ADH_IDHM_L,7021,2010,0.752
ADH_IDHM_L,7022,1991,0.546
ADH_IDHM_L,7022,2000,0.686
ADH_IDHM_L,7022,2010,0.745
ADH_IDHM_L,7023,1991,0.48500000000000004
ADH_IDHM_L,7023,2000,0.588
ADH_IDHM_L,7023,2010,0.704
ADH_IDHM_L,7024,1991,0.614
ADH_IDHM_L,7024,2000,0.668
ADH_IDHM_L,7024,2010,0.767
ADH_IDHM_L,7025,1991,0.528
ADH_IDHM_L,7025,2000,0.624
ADH_IDHM_L,7025,2010,0.754
ADH_IDHM_L,7026,1991,0.483
ADH_IDHM_L,7026,2000,0.601
ADH_IDHM_L,7026,2010,0.725
ADH_IDHM_L,7027,1991,0.52
ADH_IDHM_L,7027,2000,0.613
ADH_IDHM_L,7027,2010,0.681
ADH_IDHM_L,7028,1991,0.547
ADH_IDHM_L,7028,2000,0.624
ADH_IDHM_L,7028,2010,0.7340000000000001
ADH_IDHM_L,7029,1991,0.554
ADH_IDHM_L,7029,2000,0.687
ADH_IDHM_L,7029,2010,0.778
ADH_IDHM_L,7030,1991,0.6
ADH_IDHM_L,7030,2000,0.692
ADH_IDHM_L,7030,2010,0.746
ADH_IDHM_L,7031,1991,0.642
ADH_IDHM_L,7031,2000,0.734
ADH_IDHM_L,7031,2010,0.812
ADH_IDHM_L,7032,1991,0.652
ADH_IDHM_L,7032,2000,0.7080000000000001
ADH_IDHM_L,7032,2010,0.773
ADH_IDHM_L,7033,1991,0.581
ADH_IDHM_L,7033,2000,0.706
ADH_IDHM_L,7033,2010,0.753
ADH_IDHM_L,7034,1991,0.479
ADH_IDHM_L,7034,2000,0.609
ADH_IDHM_L,7034,2010,0.7319999999999999
ADH_IDHM_L,7035,1991,0.53
ADH_IDHM_L,7035,2000,0.606
ADH_IDHM_L,7035,2010,0.731
ADH_IDHM_L,7036,1991,0.557
ADH_IDHM_L,7036,2000,0.613
ADH_IDHM_L,7036,2010,0.715
ADH_IDHM_L,7037,1991,0.6737547768637865
ADH_IDHM_L,7037,2000,0.740782669417263
ADH_IDHM_L,7037,2010,0.8000083481227841
ADH_IDHM_L,7038,1991,0.547
ADH_IDHM_L,7038,2000,0.661
ADH_IDHM_L,7038,2010,0.738
ADH_IDHM_L,7039,1991,0.629
ADH_IDHM_L,7039,2000,0.706
ADH_IDHM_L,7039,2010,0.76
ADH_IDHM_L,7040,1991,0.492
ADH_IDHM_L,7040,2000,0.626
ADH_IDHM_L,7040,2010,0.725
ADH_IDHM_L,7041,1991,0.523
ADH_IDHM_L,7041,2000,0.639
ADH_IDHM_L,7041,2010,0.746
ADH_IDHM_L,7042,1991,0.5310010026222428
ADH_IDHM_L,7042,2000,0.613
ADH_IDHM_L,7042,2010,0.7336556709990913
ADH_IDHM_L,7043,1991,0.6519969384915113
ADH_IDHM_L,7043,2000,0.6882365297583468
ADH_IDHM_L,7043,2010,0.7692620595612049
ADH_IDHM_L,7044,1991,0.6349985774603126
ADH_IDHM_L,7044,2000,0.7456834934543233
ADH_IDHM_L,7044,2010,0.8030052385406922
ADH_IDHM_L,7045,1991,0.672
ADH_IDHM_L,7045,2000,0.706
ADH_IDHM_L,7045,2010,0.799
ADH_IDHM_L,7046,1991,0.5519994968479002
ADH_IDHM_L,7046,2000,0.6356761341605274
ADH_IDHM_L,7046,2010,0.7470422436809143
ADH_IDHM_L,7047,1991,0.573
ADH_IDHM_L,7047,2000,0.687
ADH_IDHM_L,7047,2010,0.76
ADH_IDHM_L,7048,1991,0.629
ADH_IDHM_L,7048,2000,0.676
ADH_IDHM_L,7048,2010,0.717
ADH_IDHM_L,7049,1991,0.58
ADH_IDHM_L,7049,2000,0.687
ADH_IDHM_L,7049,2010,0.762
ADH_IDHM_L,7050,1991,0.608
ADH_IDHM_L,7050,2000,0.681
ADH_IDHM_L,7050,2010,0.803
ADH_IDHM_L,7051,1991,0.554
ADH_IDHM_L,7051,2000,0.679
ADH_IDHM_L,7051,2010,0.713
ADH_IDHM_L,7052,1991,0.492
ADH_IDHM_L,7052,2000,0.592
ADH_IDHM_L,7052,2010,0.726
ADH_IDHM_L,7053,1991,0.479
ADH_IDHM_L,7053,2000,0.572
ADH_IDHM_L,7053,2010,0.7070000000000001
ADH_IDHM_L,7054,1991,0.562
ADH_IDHM_L,7054,2000,0.6569999999999999
ADH_IDHM_L,7054,2010,0.72
ADH_IDHM_L,7055,1991,0.547
ADH_IDHM_L,7055,2000,0.653
ADH_IDHM_L,7055,2010,0.763
ADH_IDHM_L,7056,1991,0.609
ADH_IDHM_L,7056,2000,0.657
ADH_IDHM_L,7056,2010,0.706
ADH_IDHM_L,7057,1991,0.6759991106398263
ADH_IDHM_L,7057,2000,0.7491331707798703
ADH_IDHM_L,7057,2010,0.7958438331312183
ADH_IDHM_L,7058,1991,0.573
ADH_IDHM_L,7058,2000,0.6869999999999999
ADH_IDHM_L,7058,2010,0.781
ADH_IDHM_L,7059,1991,0.563
ADH_IDHM_L,7059,2000,0.652
ADH_IDHM_L,7059,2010,0.775
ADH_IDHM_L,7060,1991,0.551
ADH_IDHM_L,7060,2000,0.676
ADH_IDHM_L,7060,2010,0.8070000000000002
ADH_IDHM_L,7061,1991,0.761
ADH_IDHM_L,7061,2000,0.829
ADH_IDHM_L,7061,2010,0.8389999999999999
ADH_IDHM_L,7062,1991,0.554
ADH_IDHM_L,7062,2000,0.687
ADH_IDHM_L,7062,2010,0.787
ADH_IDHM_L,7063,1991,0.586
ADH_IDHM_L,7063,2000,0.686
ADH_IDHM_L,7063,2010,0.745
ADH_IDHM_L,7064,1991,0.555
ADH_IDHM_L,7064,2000,0.697
ADH_IDHM_L,7064,2010,0.7580000000000001
ADH_IDHM_L,7065,1991,0.531
ADH_IDHM_L,7065,2000,0.627
ADH_IDHM_L,7065,2010,0.759
ADH_IDHM_L,7066,1991,0.6549999999999999
ADH_IDHM_L,7066,2000,0.706
ADH_IDHM_L,7066,2010,0.795
ADH_IDHM_L,7067,1991,0.608
ADH_IDHM_L,7067,2000,0.688
ADH_IDHM_L,7067,2010,0.765
ADH_IDHM_L,7068,1991,0.632
ADH_IDHM_L,7068,2000,0.714
ADH_IDHM_L,7068,2010,0.779
ADH_IDHM_L,7069,1991,0.608
ADH_IDHM_L,7069,2000,0.657
ADH_IDHM_L,7069,2010,0.773
ADH_IDHM_L,7070,1991,0.587
ADH_IDHM_L,7070,2000,0.674
ADH_IDHM_L,7070,2010,0.794
ADH_IDHM_L,7071,1991,0.517
ADH_IDHM_L,7071,2000,0.639
ADH_IDHM_L,7071,2010,0.768
ADH_IDHM_L,7072,1991,0.544
ADH_IDHM_L,7072,2000,0.609
ADH_IDHM_L,7072,2010,0.706
ADH_IDHM_L,7073,1991,0.522
ADH_IDHM_L,7073,2000,0.6390000000000001
ADH_IDHM_L,7073,2010,0.753
ADH_IDHM_L,7074,1991,0.526
ADH_IDHM_L,7074,2000,0.639
ADH_IDHM_L,7074,2010,0.77
ADH_IDHM_L,7075,1991,0.543995560153455
ADH_IDHM_L,7075,2000,0.5846197354416908
ADH_IDHM_L,7075,2010,0.6968893821978258
ADH_IDHM_L,7076,1991,0.561
ADH_IDHM_L,7076,2000,0.659
ADH_IDHM_L,7076,2010,0.766
ADH_IDHM_L,7077,1991,0.597
ADH_IDHM_L,7077,2000,0.712
ADH_IDHM_L,7077,2010,0.774
ADH_IDHM_L,7078,1991,0.581
ADH_IDHM_L,7078,2000,0.657
ADH_IDHM_L,7078,2010,0.712
ADH_IDHM_L,7079,1991,0.6409999999999999
ADH_IDHM_L,7079,2000,0.676
ADH_IDHM_L,7079,2010,0.712
ADH_IDHM_L,7080,1991,0.503
ADH_IDHM_L,7080,2000,0.633
ADH_IDHM_L,7080,2010,0.6879999999999998
ADH_IDHM_L,7081,1991,0.672
ADH_IDHM_L,7081,2000,0.761
ADH_IDHM_L,7081,2010,0.8090000000000002
ADH_IDHM_L,7082,1991,0.501
ADH_IDHM_L,7082,2000,0.598
ADH_IDHM_L,7082,2010,0.727
ADH_IDHM_L,7083,1991,0.545
ADH_IDHM_L,7083,2000,0.62
ADH_IDHM_L,7083,2010,0.704
ADH_IDHM_L,7084,1991,0.514
ADH_IDHM_L,7084,2000,0.5779999999999998
ADH_IDHM_L,7084,2010,0.715
ADH_IDHM_L,7085,1991,0.703
ADH_IDHM_L,7085,2000,0.797
ADH_IDHM_L,7085,2010,0.83
ADH_IDHM_L,7086,1991,0.58099767355295
ADH_IDHM_L,7086,2000,0.6123050570962479
ADH_IDHM_L,7086,2010,0.7236859382242635
ADH_IDHM_L,7087,1991,0.523
ADH_IDHM_L,7087,2000,0.639
ADH_IDHM_L,7087,2010,0.712
ADH_IDHM_L,7088,1991,0.63
ADH_IDHM_L,7088,2000,0.7131730750222397
ADH_IDHM_L,7088,2010,0.761011408890324
ADH_IDHM_L,7089,1991,0.641
ADH_IDHM_L,7089,2000,0.679
ADH_IDHM_L,7089,2010,0.72
ADH_IDHM_L,7090,1991,0.542
ADH_IDHM_L,7090,2000,0.633
ADH_IDHM_L,7090,2010,0.676
ADH_IDHM_L,7091,1991,0.5299974327997584
ADH_IDHM_L,7091,2000,0.6013004449691246
ADH_IDHM_L,7091,2010,0.690584310337735
ADH_IDHM_L,7092,1991,0.444
ADH_IDHM_L,7092,2000,0.553
ADH_IDHM_L,7092,2010,0.681
ADH_IDHM_L,7093,1991,0.577
ADH_IDHM_L,7093,2000,0.686
ADH_IDHM_L,7093,2010,0.774
ADH_IDHM_L,7094,1991,0.496
ADH_IDHM_L,7094,2000,0.627
ADH_IDHM_L,7094,2010,0.733
ADH_IDHM_L,7095,1991,0.508
ADH_IDHM_L,7095,2000,0.609
ADH_IDHM_L,7095,2010,0.725
ADH_IDHM_L,7096,1991,0.6139977622777156
ADH_IDHM_L,7096,2000,0.6660745214179944
ADH_IDHM_L,7096,2010,0.7481156845405579
ADH_IDHM_L,7097,1991,0.566
ADH_IDHM_L,7097,2000,0.639
ADH_IDHM_L,7097,2010,0.758
ADH_IDHM_L,7098,1991,0.608
ADH_IDHM_L,7098,2000,0.749
ADH_IDHM_L,7098,2010,0.797
ADH_IDHM_L,7099,1991,0.514
ADH_IDHM_L,7099,2000,0.639
ADH_IDHM_L,7099,2010,0.778
ADH_IDHM_L,7100,1991,0.524
ADH_IDHM_L,7100,2000,0.639
ADH_IDHM_L,7100,2010,0.767
ADH_IDHM_L,7101,1991,0.629
ADH_IDHM_L,7101,2000,0.686
ADH_IDHM_L,7101,2010,0.769
ADH_IDHM_L,7102,1991,0.655
ADH_IDHM_L,7102,2000,0.7139999999999999
ADH_IDHM_L,7102,2010,0.8050000000000002
ADH_IDHM_L,7103,1991,0.635
ADH_IDHM_L,7103,2000,0.712
ADH_IDHM_L,7103,2010,0.789
ADH_IDHM_L,7104,1991,0.696
ADH_IDHM_L,7104,2000,0.789
ADH_IDHM_L,7104,2010,0.836
ADH_IDHM_L,7105,1991,0.605
ADH_IDHM_L,7105,2000,0.657
ADH_IDHM_L,7105,2010,0.787
ADH_IDHM_L,7106,1991,0.64
ADH_IDHM_L,7106,2000,0.691
ADH_IDHM_L,7106,2010,0.7660000000000001
ADH_IDHM_L,7107,1991,0.5460015912305517
ADH_IDHM_L,7107,2000,0.6580302950868785
ADH_IDHM_L,7107,2010,0.7623336289872213
ADH_IDHM_L,7108,1991,0.573
ADH_IDHM_L,7108,2000,0.631
ADH_IDHM_L,7108,2010,0.744
ADH_IDHM_L,7109,1991,0.53
ADH_IDHM_L,7109,2000,0.627
ADH_IDHM_L,7109,2010,0.681
ADH_IDHM_L,7110,1991,0.547
ADH_IDHM_L,7110,2000,0.652
ADH_IDHM_L,7110,2010,0.778
ADH_IDHM_L,7111,1991,0.479
ADH_IDHM_L,7111,2000,0.581
ADH_IDHM_L,7111,2010,0.703
ADH_IDHM_L,7112,1991,0.64
ADH_IDHM_L,7112,2000,0.692
ADH_IDHM_L,7112,2010,0.776
ADH_IDHM_L,7113,1991,0.583
ADH_IDHM_L,7113,2000,0.667
ADH_IDHM_L,7113,2010,0.763
ADH_IDHM_L,7114,1991,0.631
ADH_IDHM_L,7114,2000,0.714
ADH_IDHM_L,7114,2010,0.782
ADH_IDHM_L,7115,1991,0.536
ADH_IDHM_L,7115,2000,0.651
ADH_IDHM_L,7115,2010,0.743
ADH_IDHM_L,7116,1991,0.52
ADH_IDHM_L,7116,2000,0.628
ADH_IDHM_L,7116,2010,0.751
ADH_IDHM_L,7117,1991,0.496
ADH_IDHM_L,7117,2000,0.58
ADH_IDHM_L,7117,2010,0.677
ADH_IDHM_L,7118,1991,0.592
ADH_IDHM_L,7118,2000,0.705
ADH_IDHM_L,7118,2010,0.79
ADH_IDHM_L,7119,1991,0.537
ADH_IDHM_L,7119,2000,0.679
ADH_IDHM_L,7119,2010,0.767
ADH_IDHM_L,7120,1991,0.531
ADH_IDHM_L,7120,2000,0.664
ADH_IDHM_L,7120,2010,0.743
ADH_IDHM_L,7121,1991,0.676
ADH_IDHM_L,7121,2000,0.727
ADH_IDHM_L,7121,2010,0.8250000000000001
ADH_IDHM_L,7122,1991,0.531
ADH_IDHM_L,7122,2000,0.615
ADH_IDHM_L,7122,2010,0.757
ADH_IDHM_L,7123,1991,0.641
ADH_IDHM_L,7123,2000,0.676
ADH_IDHM_L,7123,2010,0.711
ADH_IDHM_L,7124,1991,0.5789994088786428
ADH_IDHM_L,7124,2000,0.6564718359837035
ADH_IDHM_L,7124,2010,0.7780719917883638
ADH_IDHM_L,7125,1991,0.547
ADH_IDHM_L,7125,2000,0.6609999999999999
ADH_IDHM_L,7125,2010,0.784
ADH_IDHM_L,7126,1991,0.539
ADH_IDHM_L,7126,2000,0.665
ADH_IDHM_L,7126,2010,0.73
ADH_IDHM_L,7127,1991,0.63
ADH_IDHM_L,7127,2000,0.7449999999999999
ADH_IDHM_L,7127,2010,0.799
ADH_IDHM_L,7128,1991,0.531
ADH_IDHM_L,7128,2000,0.639
ADH_IDHM_L,7128,2010,0.744
ADH_IDHM_L,7129,1991,0.53
ADH_IDHM_L,7129,2000,0.639
ADH_IDHM_L,7129,2010,0.758
ADH_IDHM_L,7130,1991,0.6749967841011744
ADH_IDHM_L,7130,2000,0.738465047099653
ADH_IDHM_L,7130,2010,0.8033745424665721
ADH_IDHM_L,7131,1991,0.672
ADH_IDHM_L,7131,2000,0.734
ADH_IDHM_L,7131,2010,0.806
ADH_IDHM_L,7132,1991,0.49300000000000005
ADH_IDHM_L,7132,2000,0.617
ADH_IDHM_L,7132,2010,0.735
ADH_IDHM_L,7133,1991,0.508
ADH_IDHM_L,7133,2000,0.614
ADH_IDHM_L,7133,2010,0.737
ADH_IDHM_L,7134,1991,0.4610000000000001
ADH_IDHM_L,7134,2000,0.598
ADH_IDHM_L,7134,2010,0.736
ADH_IDHM_L,7135,1991,0.555
ADH_IDHM_L,7135,2000,0.676
ADH_IDHM_L,7135,2010,0.789
ADH_IDHM_L,7136,1991,0.507
ADH_IDHM_L,7136,2000,0.639
ADH_IDHM_L,7136,2010,0.756
ADH_IDHM_L,7137,1991,0.49600000000000005
ADH_IDHM_L,7137,2000,0.639
ADH_IDHM_L,7137,2010,0.768
ADH_IDHM_L,7138,1991,0.528
ADH_IDHM_L,7138,2000,0.628
ADH_IDHM_L,7138,2010,0.741
ADH_IDHM_L,7139,1991,0.527
ADH_IDHM_L,7139,2000,0.652
ADH_IDHM_L,7139,2010,0.736
ADH_IDHM_L,7140,1991,0.6280000000000001
ADH_IDHM_L,7140,2000,0.714
ADH_IDHM_L,7140,2010,0.769
ADH_IDHM_L,7141,1991,0.6550000000000001
ADH_IDHM_L,7141,2000,0.708
ADH_IDHM_L,7141,2010,0.769
ADH_IDHM_L,7142,1991,0.532
ADH_IDHM_L,7142,2000,0.657
ADH_IDHM_L,7142,2010,0.715
ADH_IDHM_L,7143,1991,0.655
ADH_IDHM_L,7143,2000,0.735
ADH_IDHM_L,7143,2010,0.8
ADH_IDHM_L,7144,1991,0.614
ADH_IDHM_L,7144,2000,0.691
ADH_IDHM_L,7144,2010,0.76
ADH_IDHM_L,7145,1991,0.649
ADH_IDHM_L,7145,2000,0.707
ADH_IDHM_L,7145,2010,0.752
ADH_IDHM_L,7146,1991,0.579
ADH_IDHM_L,7146,2000,0.707
ADH_IDHM_L,7146,2010,0.763
ADH_IDHM_L,7147,1991,0.61
ADH_IDHM_L,7147,2000,0.657
ADH_IDHM_L,7147,2010,0.768
ADH_IDHM_L,7148,1991,0.557
ADH_IDHM_L,7148,2000,0.613
ADH_IDHM_L,7148,2010,0.755
ADH_IDHM_L,7149,1991,0.545
ADH_IDHM_L,7149,2000,0.665
ADH_IDHM_L,7149,2010,0.77
ADH_IDHM_L,7150,1991,0.54
ADH_IDHM_L,7150,2000,0.6670000000000001
ADH_IDHM_L,7150,2010,0.748
ADH_IDHM_L,7151,1991,0.553
ADH_IDHM_L,7151,2000,0.598
ADH_IDHM_L,7151,2010,0.711
ADH_IDHM_L,7152,1991,0.635
ADH_IDHM_L,7152,2000,0.754
ADH_IDHM_L,7152,2010,0.796
ADH_IDHM_L,7153,1991,0.567
ADH_IDHM_L,7153,2000,0.635
ADH_IDHM_L,7153,2010,0.711
ADH_IDHM_L,7154,1991,0.6289999999999999
ADH_IDHM_L,7154,2000,0.6880000000000001
ADH_IDHM_L,7154,2010,0.741
ADH_IDHM_L,7155,1991,0.543
ADH_IDHM_L,7155,2000,0.676
ADH_IDHM_L,7155,2010,0.769
ADH_IDHM_L,7156,1991,0.675
ADH_IDHM_L,7156,2000,0.728
ADH_IDHM_L,7156,2010,0.797
ADH_IDHM_L,7157,1991,0.64
ADH_IDHM_L,7157,2000,0.677
ADH_IDHM_L,7157,2010,0.776
ADH_IDHM_L,7158,1991,0.581
ADH_IDHM_L,7158,2000,0.639
ADH_IDHM_L,7158,2010,0.768
ADH_IDHM_L,7159,1991,0.528
ADH_IDHM_L,7159,2000,0.609
ADH_IDHM_L,7159,2010,0.7469999999999999
ADH_IDHM_L,7160,1991,0.5799999999999998
ADH_IDHM_L,7160,2000,0.714
ADH_IDHM_L,7160,2010,0.749
ADH_IDHM_L,7161,1991,0.6
ADH_IDHM_L,7161,2000,0.658
ADH_IDHM_L,7161,2010,0.751
ADH_IDHM_L,7162,1991,0.649
ADH_IDHM_L,7162,2000,0.707
ADH_IDHM_L,7162,2010,0.76
ADH_IDHM_L,7163,1991,0.573
ADH_IDHM_L,7163,2000,0.692
ADH_IDHM_L,7163,2010,0.728
ADH_IDHM_L,7164,1991,0.601
ADH_IDHM_L,7164,2000,0.691
ADH_IDHM_L,7164,2010,0.754
ADH_IDHM_L,7165,1991,0.585
ADH_IDHM_L,7165,2000,0.692
ADH_IDHM_L,7165,2010,0.768
ADH_IDHM_L,8001,1991,0.575997853996461
ADH_IDHM_L,8001,2000,0.6554321987746767
ADH_IDHM_L,8001,2010,0.7370032050200735
ADH_IDHM_L,8002,1991,0.537
ADH_IDHM_L,8002,2000,0.661
ADH_IDHM_L,8002,2010,0.756
ADH_IDHM_L,8003,1991,0.5241225422328264
ADH_IDHM_L,8003,2000,0.6486960169839088
ADH_IDHM_L,8003,2010,0.7711023042759891
ADH_IDHM_L,8004,1991,0.632
ADH_IDHM_L,8004,2000,0.701
ADH_IDHM_L,8004,2010,0.752
ADH_IDHM_L,8005,1991,0.5520017439832579
ADH_IDHM_L,8005,2000,0.6566275773195877
ADH_IDHM_L,8005,2010,0.7475274269851819
ADH_IDHM_L,8006,1991,0.552
ADH_IDHM_L,8006,2000,0.6829999999999999
ADH_IDHM_L,8006,2010,0.767
ADH_IDHM_L,8007,1991,0.481
ADH_IDHM_L,8007,2000,0.622
ADH_IDHM_L,8007,2010,0.752
ADH_IDHM_L,8008,1991,0.567
ADH_IDHM_L,8008,2000,0.655
ADH_IDHM_L,8008,2010,0.764
ADH_IDHM_L,8009,1991,0.495
ADH_IDHM_L,8009,2000,0.6290000000000001
ADH_IDHM_L,8009,2010,0.725
ADH_IDHM_L,8010,1991,0.576
ADH_IDHM_L,8010,2000,0.664
ADH_IDHM_L,8010,2010,0.7579999999999999
ADH_IDHM_L,8011,1991,0.496
ADH_IDHM_L,8011,2000,0.574
ADH_IDHM_L,8011,2010,0.699
ADH_IDHM_L,8012,1991,0.527
ADH_IDHM_L,8012,2000,0.621
ADH_IDHM_L,8012,2010,0.697
ADH_IDHM_L,8013,1991,0.49000000000000005
ADH_IDHM_L,8013,2000,0.592
ADH_IDHM_L,8013,2010,0.691
ADH_IDHM_L,8014,1991,0.500001127694859
ADH_IDHM_L,8014,2000,0.613877189764285
ADH_IDHM_L,8014,2010,0.7235529629629629
ADH_IDHM_L,8015,1991,0.576
ADH_IDHM_L,8015,2000,0.664
ADH_IDHM_L,8015,2010,0.742
ADH_IDHM_L,8016,1991,0.516
ADH_IDHM_L,8016,2000,0.637
ADH_IDHM_L,8016,2010,0.739
ADH_IDHM_L,8017,1991,0.467
ADH_IDHM_L,8017,2000,0.608
ADH_IDHM_L,8017,2010,0.719
ADH_IDHM_L,8018,1991,0.552
ADH_IDHM_L,8018,2000,0.625
ADH_IDHM_L,8018,2010,0.743
ADH_IDHM_L,8019,1991,0.4570000000000001
ADH_IDHM_L,8019,2000,0.575
ADH_IDHM_L,8019,2010,0.709
ADH_IDHM_L,8020,1991,0.537
ADH_IDHM_L,8020,2000,0.608
ADH_IDHM_L,8020,2010,0.737
ADH_IDHM_L,8021,1991,0.516
ADH_IDHM_L,8021,2000,0.637
ADH_IDHM_L,8021,2010,0.73
ADH_IDHM_L,8022,1991,0.517
ADH_IDHM_L,8022,2000,0.598
ADH_IDHM_L,8022,2010,0.693
ADH_IDHM_L,8023,1991,0.576
ADH_IDHM_L,8023,2000,0.698
ADH_IDHM_L,8023,2010,0.757
ADH_IDHM_L,8024,1991,0.5576877401731561
ADH_IDHM_L,8024,2000,0.6494568973058081
ADH_IDHM_L,8024,2010,0.7518078154708295
ADH_IDHM_L,8025,1991,0.537
ADH_IDHM_L,8025,2000,0.657
ADH_IDHM_L,8025,2010,0.7740000000000001
ADH_IDHM_L,8026,1991,0.509
ADH_IDHM_L,8026,2000,0.634
ADH_IDHM_L,8026,2010,0.7619999999999999
ADH_IDHM_L,8027,1991,0.5839995466614857
ADH_IDHM_L,8027,2000,0.6962835748391607
ADH_IDHM_L,8027,2010,0.7794303975165203
ADH_IDHM_L,8028,1991,0.488
ADH_IDHM_L,8028,2000,0.626
ADH_IDHM_L,8028,2010,0.736
ADH_IDHM_L,8029,1991,0.559
ADH_IDHM_L,8029,2000,0.687
ADH_IDHM_L,8029,2010,0.708
ADH_IDHM_L,8030,1991,0.49
ADH_IDHM_L,8030,2000,0.608
ADH_IDHM_L,8030,2010,0.6929999999999998
ADH_IDHM_L,8031,1991,0.516
ADH_IDHM_L,8031,2000,0.634
ADH_IDHM_L,8031,2010,0.762
ADH_IDHM_L,8032,1991,0.527
ADH_IDHM_L,8032,2000,0.657
ADH_IDHM_L,8032,2010,0.684
ADH_IDHM_L,8033,1991,0.512
ADH_IDHM_L,8033,2000,0.6500000000000001
ADH_IDHM_L,8033,2010,0.7739999999999999
ADH_IDHM_L,8034,1991,0.559
ADH_IDHM_L,8034,2000,0.698
ADH_IDHM_L,8034,2010,0.771
ADH_IDHM_L,8035,1991,0.46699999999999997
ADH_IDHM_L,8035,2000,0.603
ADH_IDHM_L,8035,2010,0.718
ADH_IDHM_L,8036,1991,0.516
ADH_IDHM_L,8036,2000,0.634
ADH_IDHM_L,8036,2010,0.7589999999999999
ADH_IDHM_L,8037,1991,0.552
ADH_IDHM_L,8037,2000,0.634
ADH_IDHM_L,8037,2010,0.755
ADH_IDHM_L,8038,1991,0.627
ADH_IDHM_L,8038,2000,0.7
ADH_IDHM_L,8038,2010,0.735
ADH_IDHM_L,8039,1991,0.488
ADH_IDHM_L,8039,2000,0.629
ADH_IDHM_L,8039,2010,0.701
ADH_IDHM_L,8040,1991,0.548
ADH_IDHM_L,8040,2000,0.634
ADH_IDHM_L,8040,2010,0.764
ADH_IDHM_L,8041,1991,0.552
ADH_IDHM_L,8041,2000,0.674
ADH_IDHM_L,8041,2010,0.714
ADH_IDHM_L,8042,1991,0.516
ADH_IDHM_L,8042,2000,0.634
ADH_IDHM_L,8042,2010,0.703
ADH_IDHM_L,8043,1991,0.516
ADH_IDHM_L,8043,2000,0.637
ADH_IDHM_L,8043,2010,0.742
ADH_IDHM_L,8044,1991,0.594
ADH_IDHM_L,8044,2000,0.667
ADH_IDHM_L,8044,2010,0.799
ADH_IDHM_L,8045,1991,0.516
ADH_IDHM_L,8045,2000,0.634
ADH_IDHM_L,8045,2010,0.755
ADH_IDHM_L,8046,1991,0.578
ADH_IDHM_L,8046,2000,0.714
ADH_IDHM_L,8046,2010,0.766
ADH_IDHM_L,8047,1991,0.555
ADH_IDHM_L,8047,2000,0.6639999999999999
ADH_IDHM_L,8047,2010,0.742
ADH_IDHM_L,8048,1991,0.62
ADH_IDHM_L,8048,2000,0.7
ADH_IDHM_L,8048,2010,0.7929999999999999
ADH_IDHM_L,8049,1991,0.575
ADH_IDHM_L,8049,2000,0.677
ADH_IDHM_L,8049,2010,0.751
ADH_IDHM_L,8050,1991,0.584
ADH_IDHM_L,8050,2000,0.677
ADH_IDHM_L,8050,2010,0.766
ADH_IDHM_L,8051,1991,0.547
ADH_IDHM_L,8051,2000,0.654
ADH_IDHM_L,8051,2010,0.685
ADH_IDHM_L,8052,1991,0.567
ADH_IDHM_L,8052,2000,0.634
ADH_IDHM_L,8052,2010,0.777
ADH_IDHM_L,8053,1991,0.516
ADH_IDHM_L,8053,2000,0.646
ADH_IDHM_L,8053,2010,0.714
ADH_IDHM_L,8054,1991,0.552
ADH_IDHM_L,8054,2000,0.672
ADH_IDHM_L,8054,2010,0.767
ADH_IDHM_L,8055,1991,0.48799999999999993
ADH_IDHM_L,8055,2000,0.618
ADH_IDHM_L,8055,2010,0.71
ADH_IDHM_L,8056,1991,0.529
ADH_IDHM_L,8056,2000,0.615
ADH_IDHM_L,8056,2010,0.685
ADH_IDHM_L,8057,1991,0.479
ADH_IDHM_L,8057,2000,0.556
ADH_IDHM_L,8057,2010,0.69
ADH_IDHM_L,8058,1991,0.509
ADH_IDHM_L,8058,2000,0.633
ADH_IDHM_L,8058,2010,0.752
ADH_IDHM_L,8059,1991,0.516
ADH_IDHM_L,8059,2000,0.65
ADH_IDHM_L,8059,2010,0.785
ADH_IDHM_L,8060,1991,0.512
ADH_IDHM_L,8060,2000,0.654
ADH_IDHM_L,8060,2010,0.673
ADH_IDHM_L,8061,1991,0.467
ADH_IDHM_L,8061,2000,0.569
ADH_IDHM_L,8061,2010,0.677
ADH_IDHM_L,8062,1991,0.509
ADH_IDHM_L,8062,2000,0.626
ADH_IDHM_L,8062,2010,0.7
ADH_IDHM_L,8063,1991,0.488
ADH_IDHM_L,8063,2000,0.61
ADH_IDHM_L,8063,2010,0.735
ADH_IDHM_L,8064,1991,0.555
ADH_IDHM_L,8064,2000,0.664
ADH_IDHM_L,8064,2010,0.793
ADH_IDHM_L,8065,1991,0.518
ADH_IDHM_L,8065,2000,0.618
ADH_IDHM_L,8065,2010,0.703
ADH_IDHM_L,8066,1991,0.537
ADH_IDHM_L,8066,2000,0.672
ADH_IDHM_L,8066,2010,0.7320000000000001
ADH_IDHM_L,8067,1991,0.559
ADH_IDHM_L,8067,2000,0.673
ADH_IDHM_L,8067,2010,0.774
ADH_IDHM_L,8068,1991,0.559
ADH_IDHM_L,8068,2000,0.658
ADH_IDHM_L,8068,2010,0.727
ADH_IDHM_L,8069,1991,0.499
ADH_IDHM_L,8069,2000,0.634
ADH_IDHM_L,8069,2010,0.771
ADH_IDHM_L,8070,1991,0.506
ADH_IDHM_L,8070,2000,0.648
ADH_IDHM_L,8070,2010,0.703
ADH_IDHM_L,8071,1991,0.537
ADH_IDHM_L,8071,2000,0.667
ADH_IDHM_L,8071,2010,0.7859999999999999
ADH_IDHM_L,8072,1991,0.456
ADH_IDHM_L,8072,2000,0.575
ADH_IDHM_L,8072,2010,0.719
ADH_IDHM_L,8073,1991,0.594
ADH_IDHM_L,8073,2000,0.677
ADH_IDHM_L,8073,2010,0.723
ADH_IDHM_L,8074,1991,0.509
ADH_IDHM_L,8074,2000,0.634
ADH_IDHM_L,8074,2010,0.769
ADH_IDHM_L,8075,1991,0.479
ADH_IDHM_L,8075,2000,0.618
ADH_IDHM_L,8075,2010,0.758
ADH_IDHM_L,8076,1991,0.553
ADH_IDHM_L,8076,2000,0.643
ADH_IDHM_L,8076,2010,0.775
ADH_IDHM_L,8077,1991,0.594
ADH_IDHM_L,8077,2000,0.713
ADH_IDHM_L,8077,2010,0.788
ADH_IDHM_L,8078,1991,0.467
ADH_IDHM_L,8078,2000,0.541
ADH_IDHM_L,8078,2010,0.672
ADH_IDHM_L,8079,1991,0.516
ADH_IDHM_L,8079,2000,0.653
ADH_IDHM_L,8079,2010,0.7699999999999999
ADH_IDHM_L,8080,1991,0.5367950374717039
ADH_IDHM_L,8080,2000,0.6276933637587909
ADH_IDHM_L,8080,2010,0.7605487504096311
ADH_IDHM_L,8081,1991,0.531
ADH_IDHM_L,8081,2000,0.647
ADH_IDHM_L,8081,2010,0.752
ADH_IDHM_L,8082,1991,0.572
ADH_IDHM_L,8082,2000,0.7009999999999998
ADH_IDHM_L,8082,2010,0.732
ADH_IDHM_L,8083,1991,0.527
ADH_IDHM_L,8083,2000,0.641
ADH_IDHM_L,8083,2010,0.755
ADH_IDHM_L,8084,1991,0.433
ADH_IDHM_L,8084,2000,0.573
ADH_IDHM_L,8084,2010,0.703
ADH_IDHM_L,8085,1991,0.622
ADH_IDHM_L,8085,2000,0.684
ADH_IDHM_L,8085,2010,0.701
ADH_IDHM_L,8086,1991,0.638
ADH_IDHM_L,8086,2000,0.714
ADH_IDHM_L,8086,2010,0.752
ADH_IDHM_L,8087,1991,0.488
ADH_IDHM_L,8087,2000,0.63
ADH_IDHM_L,8087,2010,0.714
ADH_IDHM_L,8088,1991,0.62
ADH_IDHM_L,8088,2000,0.732
ADH_IDHM_L,8088,2010,0.794
ADH_IDHM_L,8089,1991,0.537
ADH_IDHM_L,8089,2000,0.668
ADH_IDHM_L,8089,2010,0.748
ADH_IDHM_L,8090,1991,0.552
ADH_IDHM_L,8090,2000,0.669
ADH_IDHM_L,8090,2010,0.71
ADH_IDHM_L,8091,1991,0.509
ADH_IDHM_L,8091,2000,0.634
ADH_IDHM_L,8091,2010,0.7649999999999999
ADH_IDHM_L,8092,1991,0.558
ADH_IDHM_L,8092,2000,0.655
ADH_IDHM_L,8092,2010,0.764
ADH_IDHM_L,8093,1991,0.506
ADH_IDHM_L,8093,2000,0.6409999999999999
ADH_IDHM_L,8093,2010,0.758
ADH_IDHM_L,9001,1991,0.504
ADH_IDHM_L,9001,2000,0.621
ADH_IDHM_L,9001,2010,0.728
ADH_IDHM_L,9002,1991,0.544
ADH_IDHM_L,9002,2000,0.613
ADH_IDHM_L,9002,2010,0.747
ADH_IDHM_L,9003,1991,0.639
ADH_IDHM_L,9003,2000,0.7289999999999999
ADH_IDHM_L,9003,2010,0.823
ADH_IDHM_L,9004,1991,0.534
ADH_IDHM_L,9004,2000,0.659
ADH_IDHM_L,9004,2010,0.783
ADH_IDHM_L,9005,1991,0.62
ADH_IDHM_L,9005,2000,0.719
ADH_IDHM_L,9005,2010,0.773
ADH_IDHM_L,9006,1991,0.551
ADH_IDHM_L,9006,2000,0.681
ADH_IDHM_L,9006,2010,0.776
ADH_IDHM_L,9007,1991,0.551
ADH_IDHM_L,9007,2000,0.644
ADH_IDHM_L,9007,2010,0.771
ADH_IDHM_L,9008,1991,0.504
ADH_IDHM_L,9008,2000,0.591
ADH_IDHM_L,9008,2010,0.701
ADH_IDHM_L,9009,1991,0.6390000000000001
ADH_IDHM_L,9009,2000,0.746
ADH_IDHM_L,9009,2010,0.793
ADH_IDHM_L,9010,1991,0.559
ADH_IDHM_L,9010,2000,0.613
ADH_IDHM_L,9010,2010,0.722
ADH_IDHM_L,9011,1991,0.504
ADH_IDHM_L,9011,2000,0.621
ADH_IDHM_L,9011,2010,0.741
ADH_IDHM_L,9012,1991,0.564
ADH_IDHM_L,9012,2000,0.629
ADH_IDHM_L,9012,2010,0.766
ADH_IDHM_L,9013,1991,0.5340000000000001
ADH_IDHM_L,9013,2000,0.662
ADH_IDHM_L,9013,2010,0.791
ADH_IDHM_L,9014,1991,0.593
ADH_IDHM_L,9014,2000,0.684
ADH_IDHM_L,9014,2010,0.783
ADH_IDHM_L,9015,1991,0.639
ADH_IDHM_L,9015,2000,0.684
ADH_IDHM_L,9015,2010,0.731
ADH_IDHM_L,9016,1991,0.562
ADH_IDHM_L,9016,2000,0.62
ADH_IDHM_L,9016,2010,0.755
ADH_IDHM_L,9017,1991,0.603
ADH_IDHM_L,9017,2000,0.662
ADH_IDHM_L,9017,2010,0.748
ADH_IDHM_L,9018,1991,0.61
ADH_IDHM_L,9018,2000,0.662
ADH_IDHM_L,9018,2010,0.753
ADH_IDHM_L,9019,1991,0.554
ADH_IDHM_L,9019,2000,0.681
ADH_IDHM_L,9019,2010,0.782
ADH_IDHM_L,9020,1991,0.556
ADH_IDHM_L,9020,2000,0.647
ADH_IDHM_L,9020,2010,0.773
ADH_IDHM_L,9021,1991,0.627
ADH_IDHM_L,9021,2000,0.681
ADH_IDHM_L,9021,2010,0.768
ADH_IDHM_L,9022,1991,0.52
ADH_IDHM_L,9022,2000,0.659
ADH_IDHM_L,9022,2010,0.783
ADH_IDHM_L,9023,1991,0.627
ADH_IDHM_L,9023,2000,0.669
ADH_IDHM_L,9023,2010,0.776
ADH_IDHM_L,9024,1991,0.504
ADH_IDHM_L,9024,2000,0.621
ADH_IDHM_L,9024,2010,0.729
ADH_IDHM_L,9025,1991,0.504
ADH_IDHM_L,9025,2000,0.606
ADH_IDHM_L,9025,2010,0.735
ADH_IDHM_L,9026,1991,0.53
ADH_IDHM_L,9026,2000,0.629
ADH_IDHM_L,9026,2010,0.772
ADH_IDHM_L,9027,1991,0.655
ADH_IDHM_L,9027,2000,0.715
ADH_IDHM_L,9027,2010,0.8010000000000002
ADH_IDHM_L,9028,1991,0.537
ADH_IDHM_L,9028,2000,0.629
ADH_IDHM_L,9028,2010,0.761
ADH_IDHM_L,9029,1991,0.568
ADH_IDHM_L,9029,2000,0.662
ADH_IDHM_L,9029,2010,0.748
ADH_IDHM_L,9030,1991,0.551
ADH_IDHM_L,9030,2000,0.669
ADH_IDHM_L,9030,2010,0.779
ADH_IDHM_L,9031,1991,0.545
ADH_IDHM_L,9031,2000,0.647
ADH_IDHM_L,9031,2010,0.757
ADH_IDHM_L,9032,1991,0.55
ADH_IDHM_L,9032,2000,0.647
ADH_IDHM_L,9032,2010,0.6999999999999998
ADH_IDHM_L,9033,1991,0.55
ADH_IDHM_L,9033,2000,0.644
ADH_IDHM_L,9033,2010,0.7750000000000001
ADH_IDHM_L,9034,1991,0.527
ADH_IDHM_L,9034,2000,0.644
ADH_IDHM_L,9034,2010,0.772
ADH_IDHM_L,9035,1991,0.639
ADH_IDHM_L,9035,2000,0.684
ADH_IDHM_L,9035,2010,0.728
ADH_IDHM_L,9036,1991,0.564
ADH_IDHM_L,9036,2000,0.629
ADH_IDHM_L,9036,2010,0.722
ADH_IDHM_L,9037,1991,0.554
ADH_IDHM_L,9037,2000,0.659
ADH_IDHM_L,9037,2010,0.781
ADH_IDHM_L,9038,1991,0.561
ADH_IDHM_L,9038,2000,0.659
ADH_IDHM_L,9038,2010,0.781
ADH_IDHM_L,9039,1991,0.629
ADH_IDHM_L,9039,2000,0.756
ADH_IDHM_L,9039,2010,0.7920000000000001
ADH_IDHM_L,9040,1991,0.508
ADH_IDHM_L,9040,2000,0.613
ADH_IDHM_L,9040,2010,0.726
ADH_IDHM_L,9041,1991,0.511
ADH_IDHM_L,9041,2000,0.644
ADH_IDHM_L,9041,2010,0.771
ADH_IDHM_L,9042,1991,0.5229991126471139
ADH_IDHM_L,9042,2000,0.6057747088320933
ADH_IDHM_L,9042,2010,0.7058573441904165
ADH_IDHM_L,9043,1991,0.56
ADH_IDHM_L,9043,2000,0.644
ADH_IDHM_L,9043,2010,0.774
ADH_IDHM_L,9044,1991,0.568
ADH_IDHM_L,9044,2000,0.62
ADH_IDHM_L,9044,2010,0.75
ADH_IDHM_L,9045,1991,0.6
ADH_IDHM_L,9045,2000,0.659
ADH_IDHM_L,9045,2010,0.7489999999999999
ADH_IDHM_L,9046,1991,0.504
ADH_IDHM_L,9046,2000,0.606
ADH_IDHM_L,9046,2010,0.7189999999999999
ADH_IDHM_L,9047,1991,0.655
ADH_IDHM_L,9047,2000,0.695
ADH_IDHM_L,9047,2010,0.811
ADH_IDHM_L,9048,1991,0.55
ADH_IDHM_L,9048,2000,0.647
ADH_IDHM_L,9048,2010,0.7309999999999999
ADH_IDHM_L,9049,1991,0.508
ADH_IDHM_L,9049,2000,0.629
ADH_IDHM_L,9049,2010,0.698
ADH_IDHM_L,9050,1991,0.562
ADH_IDHM_L,9050,2000,0.62
ADH_IDHM_L,9050,2010,0.75
ADH_IDHM_L,9051,1991,0.56
ADH_IDHM_L,9051,2000,0.622
ADH_IDHM_L,9051,2010,0.711
ADH_IDHM_L,9052,1991,0.585
ADH_IDHM_L,9052,2000,0.6470000000000001
ADH_IDHM_L,9052,2010,0.764
ADH_IDHM_L,9053,1991,0.504
ADH_IDHM_L,9053,2000,0.627
ADH_IDHM_L,9053,2010,0.76
ADH_IDHM_L,9054,1991,0.53
ADH_IDHM_L,9054,2000,0.647
ADH_IDHM_L,9054,2010,0.751
ADH_IDHM_L,9055,1991,0.481
ADH_IDHM_L,9055,2000,0.609
ADH_IDHM_L,9055,2010,0.739
ADH_IDHM_L,9056,1991,0.554
ADH_IDHM_L,9056,2000,0.6949999999999998
ADH_IDHM_L,9056,2010,0.7760000000000001
ADH_IDHM_L,9057,1991,0.517
ADH_IDHM_L,9057,2000,0.644
ADH_IDHM_L,9057,2010,0.781
ADH_IDHM_L,9058,1991,0.628
ADH_IDHM_L,9058,2000,0.669
ADH_IDHM_L,9058,2010,0.766
ADH_IDHM_L,9059,1991,0.628
ADH_IDHM_L,9059,2000,0.669
ADH_IDHM_L,9059,2010,0.769
ADH_IDHM_L,9060,1991,0.527
ADH_IDHM_L,9060,2000,0.627
ADH_IDHM_L,9060,2010,0.731
ADH_IDHM_L,9061,1991,0.52
ADH_IDHM_L,9061,2000,0.659
ADH_IDHM_L,9061,2010,0.789
ADH_IDHM_L,9062,1991,0.508
ADH_IDHM_L,9062,2000,0.629
ADH_IDHM_L,9062,2010,0.764
ADH_IDHM_L,9063,1991,0.61
ADH_IDHM_L,9063,2000,0.6620000000000001
ADH_IDHM_L,9063,2010,0.766
ADH_IDHM_L,9064,1991,0.628
ADH_IDHM_L,9064,2000,0.695
ADH_IDHM_L,9064,2010,0.7779999999999999
ADH_IDHM_L,9065,1991,0.654
ADH_IDHM_L,9065,2000,0.719
ADH_IDHM_L,9065,2010,0.8
ADH_IDHM_L,9066,1991,0.518
ADH_IDHM_L,9066,2000,0.627
ADH_IDHM_L,9066,2010,0.756
ADH_IDHM_L,9067,1991,0.545
ADH_IDHM_L,9067,2000,0.647
ADH_IDHM_L,9067,2010,0.732
ADH_IDHM_L,9068,1991,0.61
ADH_IDHM_L,9068,2000,0.6590000000000001
ADH_IDHM_L,9068,2010,0.753
ADH_IDHM_L,9069,1991,0.504
ADH_IDHM_L,9069,2000,0.644
ADH_IDHM_L,9069,2010,0.775
ADH_IDHM_L,9070,1991,0.53
ADH_IDHM_L,9070,2000,0.662
ADH_IDHM_L,9070,2010,0.74
ADH_IDHM_L,9071,1991,0.504
ADH_IDHM_L,9071,2000,0.582
ADH_IDHM_L,9071,2010,0.7219999999999999
ADH_IDHM_L,9072,1991,0.504
ADH_IDHM_L,9072,2000,0.573
ADH_IDHM_L,9072,2010,0.7019999999999998
ADH_IDHM_L,9073,1991,0.537
ADH_IDHM_L,9073,2000,0.62
ADH_IDHM_L,9073,2010,0.746
ADH_IDHM_L,9074,1991,0.533
ADH_IDHM_L,9074,2000,0.591
ADH_IDHM_L,9074,2010,0.719
ADH_IDHM_L,10001,1991,0.636
ADH_IDHM_L,10001,2000,0.715
ADH_IDHM_L,10001,2010,0.746
ADH_IDHM_L,10002,1991,0.536
ADH_IDHM_L,10002,2000,0.642
ADH_IDHM_L,10002,2010,0.776
ADH_IDHM_L,10003,1991,0.487
ADH_IDHM_L,10003,2000,0.597
ADH_IDHM_L,10003,2010,0.7229999999999999
ADH_IDHM_L,10004,1991,0.504675272388717
ADH_IDHM_L,10004,2000,0.5892020639229207
ADH_IDHM_L,10004,2010,0.7173611315547378
ADH_IDHM_L,10005,1991,0.522
ADH_IDHM_L,10005,2000,0.627
ADH_IDHM_L,10005,2010,0.747
ADH_IDHM_L,10006,1991,0.638
ADH_IDHM_L,10006,2000,0.67
ADH_IDHM_L,10006,2010,0.7579999999999999
ADH_IDHM_L,10007,1991,0.561
ADH_IDHM_L,10007,2000,0.628
ADH_IDHM_L,10007,2010,0.733
ADH_IDHM_L,10008,1991,0.6014034362731853
ADH_IDHM_L,10008,2000,0.6677110306311925
ADH_IDHM_L,10008,2010,0.7865356914858967
ADH_IDHM_L,10009,1991,0.5587631962122488
ADH_IDHM_L,10009,2000,0.6711860639010484
ADH_IDHM_L,10009,2010,0.7961352592536902
ADH_IDHM_L,10010,1991,0.621
ADH_IDHM_L,10010,2000,0.657
ADH_IDHM_L,10010,2010,0.751
ADH_IDHM_L,10011,1991,0.598
ADH_IDHM_L,10011,2000,0.666
ADH_IDHM_L,10011,2010,0.807
ADH_IDHM_L,10012,1991,0.561
ADH_IDHM_L,10012,2000,0.673
ADH_IDHM_L,10012,2010,0.81
ADH_IDHM_L,10013,1991,0.5032489970451871
ADH_IDHM_L,10013,2000,0.6185390054206928
ADH_IDHM_L,10013,2010,0.7506234438439408
ADH_IDHM_L,10014,1991,0.586
ADH_IDHM_L,10014,2000,0.649
ADH_IDHM_L,10014,2010,0.771
ADH_IDHM_L,10015,1991,0.5262589115148559
ADH_IDHM_L,10015,2000,0.6264277087033748
ADH_IDHM_L,10015,2010,0.7490234609438938
ADH_IDHM_L,10016,1991,0.5357343798152916
ADH_IDHM_L,10016,2000,0.6413879061523169
ADH_IDHM_L,10016,2010,0.7661851001317079
ADH_IDHM_L,10017,1991,0.642
ADH_IDHM_L,10017,2000,0.687
ADH_IDHM_L,10017,2010,0.778
ADH_IDHM_L,10018,1991,0.579
ADH_IDHM_L,10018,2000,0.629
ADH_IDHM_L,10018,2010,0.766
ADH_IDHM_L,10019,1991,0.5493701390860063
ADH_IDHM_L,10019,2000,0.6289339150336147
ADH_IDHM_L,10019,2010,0.7530562836596832
ADH_IDHM_L,10020,1991,0.618
ADH_IDHM_L,10020,2000,0.694
ADH_IDHM_L,10020,2010,0.768
ADH_IDHM_L,10021,1991,0.513
ADH_IDHM_L,10021,2000,0.627
ADH_IDHM_L,10021,2010,0.741
ADH_IDHM_L,10022,1991,0.61
ADH_IDHM_L,10022,2000,0.657
ADH_IDHM_L,10022,2010,0.751
ADH_IDHM_L,10023,1991,0.6234219996171759
ADH_IDHM_L,10023,2000,0.6750075651080202
ADH_IDHM_L,10023,2010,0.7454691636736788
ADH_IDHM_L,10024,1991,0.623
ADH_IDHM_L,10024,2000,0.661
ADH_IDHM_L,10024,2010,0.754
ADH_IDHM_L,10025,1991,0.525
ADH_IDHM_L,10025,2000,0.604
ADH_IDHM_L,10025,2010,0.747
ADH_IDHM_L,10026,1991,0.509
ADH_IDHM_L,10026,2000,0.638
ADH_IDHM_L,10026,2010,0.761
ADH_IDHM_L,10027,1991,0.5338942196996065
ADH_IDHM_L,10027,2000,0.6325845005767556
ADH_IDHM_L,10027,2010,0.724457596661063
ADH_IDHM_L,10028,1991,0.524
ADH_IDHM_L,10028,2000,0.631
ADH_IDHM_L,10028,2010,0.753
ADH_IDHM_L,10029,1991,0.497
ADH_IDHM_L,10029,2000,0.626
ADH_IDHM_L,10029,2010,0.759
ADH_IDHM_L,10030,1991,0.566
ADH_IDHM_L,10030,2000,0.622
ADH_IDHM_L,10030,2010,0.7629999999999999
ADH_IDHM_L,10031,1991,0.62
ADH_IDHM_L,10031,2000,0.699
ADH_IDHM_L,10031,2010,0.775
ADH_IDHM_L,10032,1991,0.48806389125523164
ADH_IDHM_L,10032,2000,0.5966847072754502
ADH_IDHM_L,10032,2010,0.7169425942156004
ADH_IDHM_L,10033,1991,0.5919964687634072
ADH_IDHM_L,10033,2000,0.6473054101221641
ADH_IDHM_L,10033,2010,0.7541490460497241
ADH_IDHM_L,10034,1991,0.602
ADH_IDHM_L,10034,2000,0.693
ADH_IDHM_L,10034,2010,0.717
ADH_IDHM_L,10035,1991,0.6
ADH_IDHM_L,10035,2000,0.642
ADH_IDHM_L,10035,2010,0.77
ADH_IDHM_L,10036,1991,0.532
ADH_IDHM_L,10036,2000,0.664
ADH_IDHM_L,10036,2010,0.784
ADH_IDHM_L,10037,1991,0.49700000000000005
ADH_IDHM_L,10037,2000,0.57
ADH_IDHM_L,10037,2010,0.705
ADH_IDHM_L,10038,1991,0.5930001727097073
ADH_IDHM_L,10038,2000,0.705000121350019
ADH_IDHM_L,10038,2010,0.8127813164449306
ADH_IDHM_L,10039,1991,0.5016228065111983
ADH_IDHM_L,10039,2000,0.6167331398276219
ADH_IDHM_L,10039,2010,0.7358063112078346
ADH_IDHM_L,10040,1991,0.5889994606256742
ADH_IDHM_L,10040,2000,0.6630000120182196
ADH_IDHM_L,10040,2010,0.7792482051169285
ADH_IDHM_L,10041,1991,0.49900000000000005
ADH_IDHM_L,10041,2000,0.615
ADH_IDHM_L,10041,2010,0.744
ADH_IDHM_L,10042,1991,0.524
ADH_IDHM_L,10042,2000,0.638
ADH_IDHM_L,10042,2010,0.7710000000000001
ADH_IDHM_L,10043,1991,0.634
ADH_IDHM_L,10043,2000,0.665
ADH_IDHM_L,10043,2010,0.76
ADH_IDHM_L,10044,1991,0.538
ADH_IDHM_L,10044,2000,0.6039999999999999
ADH_IDHM_L,10044,2010,0.7379999999999999
ADH_IDHM_L,10045,1991,0.5944702682769428
ADH_IDHM_L,10045,2000,0.648
ADH_IDHM_L,10045,2010,0.7404327880237673
ADH_IDHM_L,10046,1991,0.577
ADH_IDHM_L,10046,2000,0.643
ADH_IDHM_L,10046,2010,0.729
ADH_IDHM_L,10047,1991,0.5441982527844182
ADH_IDHM_L,10047,2000,0.6439659218612375
ADH_IDHM_L,10047,2010,0.7748875597193191
ADH_IDHM_L,10048,1991,0.5615448352209828
ADH_IDHM_L,10048,2000,0.6590873272263279
ADH_IDHM_L,10048,2010,0.7762159437862475
ADH_IDHM_L,10049,1991,0.645
ADH_IDHM_L,10049,2000,0.709
ADH_IDHM_L,10049,2010,0.7890000000000001
ADH_IDHM_L,10050,1991,0.5109652516860751
ADH_IDHM_L,10050,2000,0.6087670689509664
ADH_IDHM_L,10050,2010,0.7419679587183489
ADH_IDHM_L,10051,1991,0.625
ADH_IDHM_L,10051,2000,0.692
ADH_IDHM_L,10051,2010,0.782
ADH_IDHM_L,10052,1991,0.6248813632045114
ADH_IDHM_L,10052,2000,0.6802960922942014
ADH_IDHM_L,10052,2010,0.7686314186851212
ADH_IDHM_L,10053,1991,0.632
ADH_IDHM_L,10053,2000,0.679
ADH_IDHM_L,10053,2010,0.775
ADH_IDHM_L,10054,1991,0.632
ADH_IDHM_L,10054,2000,0.697
ADH_IDHM_L,10054,2010,0.7459999999999999
ADH_IDHM_L,10055,1991,0.576
ADH_IDHM_L,10055,2000,0.649
ADH_IDHM_L,10055,2010,0.754
ADH_IDHM_L,10056,1991,0.591
ADH_IDHM_L,10056,2000,0.702
ADH_IDHM_L,10056,2010,0.807
ADH_IDHM_L,10057,1991,0.5750649170804202
ADH_IDHM_L,10057,2000,0.6354132975363235
ADH_IDHM_L,10057,2010,0.751790707236842
ADH_IDHM_L,10058,1991,0.599
ADH_IDHM_L,10058,2000,0.648
ADH_IDHM_L,10058,2010,0.752
ADH_IDHM_L,10059,1991,0.5483971119133574
ADH_IDHM_L,10059,2000,0.6601904483557403
ADH_IDHM_L,10059,2010,0.7836305326007009
ADH_IDHM_L,10060,1991,0.585
ADH_IDHM_L,10060,2000,0.675
ADH_IDHM_L,10060,2010,0.762
ADH_IDHM_L,10061,1991,0.642
ADH_IDHM_L,10061,2000,0.726
ADH_IDHM_L,10061,2010,0.769
ADH_IDHM_L,10062,1991,0.534
ADH_IDHM_L,10062,2000,0.568
ADH_IDHM_L,10062,2010,0.701
ADH_IDHM_L,10063,1991,0.632
ADH_IDHM_L,10063,2000,0.7181435409970593
ADH_IDHM_L,10063,2010,0.7926099855164446
ADH_IDHM_L,10064,1991,0.4950364000728731
ADH_IDHM_L,10064,2000,0.612939701071268
ADH_IDHM_L,10064,2010,0.7419004345169393
ADH_IDHM_L,10065,1991,0.634
ADH_IDHM_L,10065,2000,0.694
ADH_IDHM_L,10065,2010,0.807
ADH_IDHM_L,10066,1991,0.5107672042684775
ADH_IDHM_L,10066,2000,0.6317841298719473
ADH_IDHM_L,10066,2010,0.7602302978783694
ADH_IDHM_L,10067,1991,0.546
ADH_IDHM_L,10067,2000,0.635
ADH_IDHM_L,10067,2010,0.768
ADH_IDHM_L,10068,1991,0.5870786823925631
ADH_IDHM_L,10068,2000,0.7097514923210664
ADH_IDHM_L,10068,2010,0.8007915064154358
ADH_IDHM_L,10069,1991,0.6264741464485674
ADH_IDHM_L,10069,2000,0.6939999999999998
ADH_IDHM_L,10069,2010,0.7317236568225377
ADH_IDHM_L,10070,1991,0.54
ADH_IDHM_L,10070,2000,0.648
ADH_IDHM_L,10070,2010,0.778
ADH_IDHM_L,10071,1991,0.5060454076367389
ADH_IDHM_L,10071,2000,0.6156630214768276
ADH_IDHM_L,10071,2010,0.740054343666284
ADH_IDHM_L,10072,1991,0.599
ADH_IDHM_L,10072,2000,0.67
ADH_IDHM_L,10072,2010,0.732
ADH_IDHM_L,10073,1991,0.5360926669098869
ADH_IDHM_L,10073,2000,0.6586227740692447
ADH_IDHM_L,10073,2010,0.7878206654991243
ADH_IDHM_L,10074,1991,0.565
ADH_IDHM_L,10074,2000,0.664
ADH_IDHM_L,10074,2010,0.787
ADH_IDHM_L,10075,1991,0.558
ADH_IDHM_L,10075,2000,0.684
ADH_IDHM_L,10075,2010,0.823
ADH_IDHM_L,10076,1991,0.632
ADH_IDHM_L,10076,2000,0.7149999999999999
ADH_IDHM_L,10076,2010,0.7430000000000001
ADH_IDHM_L,10077,1991,0.567
ADH_IDHM_L,10077,2000,0.6649999999999999
ADH_IDHM_L,10077,2010,0.798
ADH_IDHM_L,10078,1991,0.484
ADH_IDHM_L,10078,2000,0.612
ADH_IDHM_L,10078,2010,0.745
ADH_IDHM_L,10079,1991,0.5024815628145302
ADH_IDHM_L,10079,2000,0.621659506844455
ADH_IDHM_L,10079,2010,0.7398256758445454
ADH_IDHM_L,10080,1991,0.567949598827255
ADH_IDHM_L,10080,2000,0.6387295431618388
ADH_IDHM_L,10080,2010,0.759775696037613
ADH_IDHM_L,10081,1991,0.5131334652923827
ADH_IDHM_L,10081,2000,0.6191586243094294
ADH_IDHM_L,10081,2010,0.749525074811681
ADH_IDHM_L,10082,1991,0.5674371756026875
ADH_IDHM_L,10082,2000,0.6588936502971536
ADH_IDHM_L,10082,2010,0.7452489449928442
ADH_IDHM_L,10083,1991,0.555
ADH_IDHM_L,10083,2000,0.663
ADH_IDHM_L,10083,2010,0.7910000000000001
ADH_IDHM_L,10084,1991,0.535
ADH_IDHM_L,10084,2000,0.597
ADH_IDHM_L,10084,2010,0.735
ADH_IDHM_L,10085,1991,0.5583854832643851
ADH_IDHM_L,10085,2000,0.651
ADH_IDHM_L,10085,2010,0.763
ADH_IDHM_L,10086,1991,0.553
ADH_IDHM_L,10086,2000,0.611
ADH_IDHM_L,10086,2010,0.736
ADH_IDHM_L,10087,1991,0.5972454358956677
ADH_IDHM_L,10087,2000,0.6718241369602703
ADH_IDHM_L,10087,2010,0.7682755310066038
ADH_IDHM_L,10088,1991,0.593
ADH_IDHM_L,10088,2000,0.6799999999999999
ADH_IDHM_L,10088,2010,0.786
ADH_IDHM_L,10089,1991,0.603
ADH_IDHM_L,10089,2000,0.679
ADH_IDHM_L,10089,2010,0.814
ADH_IDHM_L,10090,1991,0.52
ADH_IDHM_L,10090,2000,0.59
ADH_IDHM_L,10090,2010,0.728
ADH_IDHM_L,10091,1991,0.505
ADH_IDHM_L,10091,2000,0.649
ADH_IDHM_L,10091,2010,0.779
ADH_IDHM_L,10092,1991,0.4644532127261385
ADH_IDHM_L,10092,2000,0.5810532986675333
ADH_IDHM_L,10092,2010,0.702812139654068
ADH_IDHM_L,10093,1991,0.504
ADH_IDHM_L,10093,2000,0.626
ADH_IDHM_L,10093,2010,0.744
ADH_IDHM_L,10094,1991,0.634
ADH_IDHM_L,10094,2000,0.689
ADH_IDHM_L,10094,2010,0.762
ADH_IDHM_L,10095,1991,0.616
ADH_IDHM_L,10095,2000,0.672
ADH_IDHM_L,10095,2010,0.805
ADH_IDHM_L,10096,1991,0.569
ADH_IDHM_L,10096,2000,0.649
ADH_IDHM_L,10096,2010,0.766
ADH_IDHM_L,10097,1991,0.585
ADH_IDHM_L,10097,2000,0.672
ADH_IDHM_L,10097,2010,0.805
ADH_IDHM_L,10098,1991,0.528
ADH_IDHM_L,10098,2000,0.619
ADH_IDHM_L,10098,2010,0.752
ADH_IDHM_L,10099,1991,0.638
ADH_IDHM_L,10099,2000,0.6699999999999999
ADH_IDHM_L,10099,2010,0.799
ADH_IDHM_L,10100,1991,0.535
ADH_IDHM_L,10100,2000,0.629
ADH_IDHM_L,10100,2010,0.705
ADH_IDHM_L,10101,1991,0.6236457324455205
ADH_IDHM_L,10101,2000,0.6870657643363663
ADH_IDHM_L,10101,2010,0.7817562065177591
ADH_IDHM_L,10102,1991,0.508
ADH_IDHM_L,10102,2000,0.603
ADH_IDHM_L,10102,2010,0.695
ADH_IDHM_L,10103,1991,0.556
ADH_IDHM_L,10103,2000,0.641
ADH_IDHM_L,10103,2010,0.7620000000000001
ADH_IDHM_L,10104,1991,0.618
ADH_IDHM_L,10104,2000,0.671
ADH_IDHM_L,10104,2010,0.763
ADH_IDHM_L,10105,1991,0.6164568492888087
ADH_IDHM_L,10105,2000,0.6813030550806511
ADH_IDHM_L,10105,2010,0.7960292816669714
ADH_IDHM_L,10106,1991,0.542
ADH_IDHM_L,10106,2000,0.611
ADH_IDHM_L,10106,2010,0.716
ADH_IDHM_L,10107,1991,0.6040070282389097
ADH_IDHM_L,10107,2000,0.67
ADH_IDHM_L,10107,2010,0.7917769131321168
ADH_IDHM_L,10108,1991,0.590443006470881
ADH_IDHM_L,10108,2000,0.6540814121304074
ADH_IDHM_L,10108,2010,0.7546034225335936
ADH_IDHM_L,10109,1991,0.605
ADH_IDHM_L,10109,2000,0.68
ADH_IDHM_L,10109,2010,0.765
ADH_IDHM_L,10110,1991,0.512
ADH_IDHM_L,10110,2000,0.641
ADH_IDHM_L,10110,2010,0.765
ADH_IDHM_L,10111,1991,0.577
ADH_IDHM_L,10111,2000,0.6570000000000001
ADH_IDHM_L,10111,2010,0.766
ADH_IDHM_L,10112,1991,0.633
ADH_IDHM_L,10112,2000,0.705
ADH_IDHM_L,10112,2010,0.796
ADH_IDHM_L,10113,1991,0.553
ADH_IDHM_L,10113,2000,0.648
ADH_IDHM_L,10113,2010,0.778
ADH_IDHM_L,10114,1991,0.49900000000000005
ADH_IDHM_L,10114,2000,0.641
ADH_IDHM_L,10114,2010,0.771
ADH_IDHM_L,10115,1991,0.62
ADH_IDHM_L,10115,2000,0.67
ADH_IDHM_L,10115,2010,0.783
ADH_IDHM_L,10116,1991,0.631
ADH_IDHM_L,10116,2000,0.668
ADH_IDHM_L,10116,2010,0.7950000000000002
ADH_IDHM_L,10117,1991,0.645
ADH_IDHM_L,10117,2000,0.686
ADH_IDHM_L,10117,2010,0.777
ADH_IDHM_L,10118,1991,0.5815219249349685
ADH_IDHM_L,10118,2000,0.6675478466419226
ADH_IDHM_L,10118,2010,0.755328781512605
ADH_IDHM_L,10119,1991,0.532
ADH_IDHM_L,10119,2000,0.664
ADH_IDHM_L,10119,2010,0.785
ADH_IDHM_L,10120,1991,0.538
ADH_IDHM_L,10120,2000,0.611
ADH_IDHM_L,10120,2010,0.74
ADH_IDHM_L,10121,1991,0.6268304359107421
ADH_IDHM_L,10121,2000,0.6764233760462188
ADH_IDHM_L,10121,2010,0.7895461964257474
ADH_IDHM_L,10122,1991,0.603
ADH_IDHM_L,10122,2000,0.716
ADH_IDHM_L,10122,2010,0.82
ADH_IDHM_L,10123,1991,0.5046792719475647
ADH_IDHM_L,10123,2000,0.624719514106583
ADH_IDHM_L,10123,2010,0.7429217058679906
ADH_IDHM_L,10124,1991,0.618
ADH_IDHM_L,10124,2000,0.68
ADH_IDHM_L,10124,2010,0.699
ADH_IDHM_L,10125,1991,0.629
ADH_IDHM_L,10125,2000,0.686
ADH_IDHM_L,10125,2010,0.731
ADH_IDHM_L,10126,1991,0.593
ADH_IDHM_L,10126,2000,0.655
ADH_IDHM_L,10126,2010,0.763
ADH_IDHM_L,10127,1991,0.5518523658793929
ADH_IDHM_L,10127,2000,0.6650231894190992
ADH_IDHM_L,10127,2010,0.7607540558079169
ADH_IDHM_L,10128,1991,0.544
ADH_IDHM_L,10128,2000,0.612
ADH_IDHM_L,10128,2010,0.743
ADH_IDHM_L,10129,1991,0.591
ADH_IDHM_L,10129,2000,0.714
ADH_IDHM_L,10129,2010,0.775
ADH_IDHM_L,10130,1991,0.6
ADH_IDHM_L,10130,2000,0.651
ADH_IDHM_L,10130,2010,0.773
ADH_IDHM_L,10131,1991,0.585
ADH_IDHM_L,10131,2000,0.715
ADH_IDHM_L,10131,2010,0.754
ADH_IDHM_L,10132,1991,0.666
ADH_IDHM_L,10132,2000,0.698
ADH_IDHM_L,10132,2010,0.789
ADH_IDHM_L,10133,1991,0.542
ADH_IDHM_L,10133,2000,0.626
ADH_IDHM_L,10133,2010,0.766
ADH_IDHM_L,10134,1991,0.5118851410063986
ADH_IDHM_L,10134,2000,0.5892641886638776
ADH_IDHM_L,10134,2010,0.7199344692005243
ADH_IDHM_L,10135,1991,0.477
ADH_IDHM_L,10135,2000,0.57
ADH_IDHM_L,10135,2010,0.697
ADH_IDHM_L,10136,1991,0.642
ADH_IDHM_L,10136,2000,0.7040000000000001
ADH_IDHM_L,10136,2010,0.789
ADH_IDHM_L,10137,1991,0.571
ADH_IDHM_L,10137,2000,0.627
ADH_IDHM_L,10137,2010,0.764
ADH_IDHM_L,10138,1991,0.567
ADH_IDHM_L,10138,2000,0.619
ADH_IDHM_L,10138,2010,0.731
ADH_IDHM_L,10139,1991,0.577
ADH_IDHM_L,10139,2000,0.639
ADH_IDHM_L,10139,2010,0.78
ADH_IDHM_L,10140,1991,0.525
ADH_IDHM_L,10140,2000,0.612
ADH_IDHM_L,10140,2010,0.744
ADH_IDHM_L,10141,1991,0.6260000000000001
ADH_IDHM_L,10141,2000,0.694
ADH_IDHM_L,10141,2010,0.757
ADH_IDHM_L,10142,1991,0.497
ADH_IDHM_L,10142,2000,0.641
ADH_IDHM_L,10142,2010,0.771
ADH_IDHM_L,10143,1991,0.569
ADH_IDHM_L,10143,2000,0.651
ADH_IDHM_L,10143,2010,0.748
ADH_IDHM_L,10144,1991,0.665
ADH_IDHM_L,10144,2000,0.721
ADH_IDHM_L,10144,2010,0.774
ADH_IDHM_L,10145,1991,0.634
ADH_IDHM_L,10145,2000,0.664
ADH_IDHM_L,10145,2010,0.789
ADH_IDHM_L,10146,1991,0.6324904383642248
ADH_IDHM_L,10146,2000,0.7001518413597733
ADH_IDHM_L,10146,2010,0.749299606584928
ADH_IDHM_L,10147,1991,0.468
ADH_IDHM_L,10147,2000,0.613
ADH_IDHM_L,10147,2010,0.747
ADH_IDHM_L,10148,1991,0.626
ADH_IDHM_L,10148,2000,0.7040000000000001
ADH_IDHM_L,10148,2010,0.78
ADH_IDHM_L,10149,1991,0.589
ADH_IDHM_L,10149,2000,0.657
ADH_IDHM_L,10149,2010,0.771
ADH_IDHM_L,10150,1991,0.632
ADH_IDHM_L,10150,2000,0.704
ADH_IDHM_L,10150,2010,0.766
ADH_IDHM_L,10151,1991,0.62
ADH_IDHM_L,10151,2000,0.696
ADH_IDHM_L,10151,2010,0.786
ADH_IDHM_L,10152,1991,0.66
ADH_IDHM_L,10152,2000,0.708
ADH_IDHM_L,10152,2010,0.8080000000000002
ADH_IDHM_L,10153,1991,0.489
ADH_IDHM_L,10153,2000,0.63
ADH_IDHM_L,10153,2010,0.757
ADH_IDHM_L,10154,1991,0.533
ADH_IDHM_L,10154,2000,0.642
ADH_IDHM_L,10154,2010,0.776
ADH_IDHM_L,10155,1991,0.556
ADH_IDHM_L,10155,2000,0.679
ADH_IDHM_L,10155,2010,0.796
ADH_IDHM_L,10156,1991,0.5768708622411977
ADH_IDHM_L,10156,2000,0.6189093198299231
ADH_IDHM_L,10156,2010,0.7505229819903853
ADH_IDHM_L,10157,1991,0.614
ADH_IDHM_L,10157,2000,0.686
ADH_IDHM_L,10157,2010,0.736
ADH_IDHM_L,10158,1991,0.571
ADH_IDHM_L,10158,2000,0.643
ADH_IDHM_L,10158,2010,0.7760000000000001
ADH_IDHM_L,10159,1991,0.605
ADH_IDHM_L,10159,2000,0.68
ADH_IDHM_L,10159,2010,0.74
ADH_IDHM_L,10160,1991,0.544
ADH_IDHM_L,10160,2000,0.618
ADH_IDHM_L,10160,2010,0.7490000000000001
ADH_IDHM_L,10161,1991,0.532
ADH_IDHM_L,10161,2000,0.673
ADH_IDHM_L,10161,2010,0.809
ADH_IDHM_L,10162,1991,0.59995833108144625
ADH_IDHM_L,10162,2000,0.6911901010150905
ADH_IDHM_L,10162,2010,0.791860744660988
ADH_IDHM_L,10163,1991,0.524
ADH_IDHM_L,10163,2000,0.641
ADH_IDHM_L,10163,2010,0.769
ADH_IDHM_L,10164,1991,0.6064753983287483
ADH_IDHM_L,10164,2000,0.7301882035538189
ADH_IDHM_L,10164,2010,0.8036885067324678
ADH_IDHM_L,10165,1991,0.529
ADH_IDHM_L,10165,2000,0.663
ADH_IDHM_L,10165,2010,0.807
ADH_IDHM_L,10166,1991,0.547
ADH_IDHM_L,10166,2000,0.618
ADH_IDHM_L,10166,2010,0.719
ADH_IDHM_L,10167,1991,0.4680000000000001
ADH_IDHM_L,10167,2000,0.583
ADH_IDHM_L,10167,2010,0.6940000000000001
ADH_IDHM_L,10168,1991,0.597
ADH_IDHM_L,10168,2000,0.662
ADH_IDHM_L,10168,2010,0.77
ADH_IDHM_L,10169,1991,0.548
ADH_IDHM_L,10169,2000,0.686
ADH_IDHM_L,10169,2010,0.821
ADH_IDHM_L,10170,1991,0.5022390061336938
ADH_IDHM_L,10170,2000,0.6140092455423277
ADH_IDHM_L,10170,2010,0.740775146821006
ADH_IDHM_L,10171,1991,0.541
ADH_IDHM_L,10171,2000,0.63
ADH_IDHM_L,10171,2010,0.724
ADH_IDHM_L,10172,1991,0.584
ADH_IDHM_L,10172,2000,0.657
ADH_IDHM_L,10172,2010,0.759
ADH_IDHM_L,10173,1991,0.5503889940239045
ADH_IDHM_L,10173,2000,0.6414710994367558
ADH_IDHM_L,10173,2010,0.7647556945977999
ADH_IDHM_L,10174,1991,0.565
ADH_IDHM_L,10174,2000,0.675
ADH_IDHM_L,10174,2010,0.713
ADH_IDHM_L,10175,1991,0.567
ADH_IDHM_L,10175,2000,0.635
ADH_IDHM_L,10175,2010,0.75
ADH_IDHM_L,10176,1991,0.538
ADH_IDHM_L,10176,2000,0.664
ADH_IDHM_L,10176,2010,0.796
ADH_IDHM_L,10177,1991,0.61
ADH_IDHM_L,10177,2000,0.721
ADH_IDHM_L,10177,2010,0.79
ADH_IDHM_L,10178,1991,0.601
ADH_IDHM_L,10178,2000,0.689
ADH_IDHM_L,10178,2010,0.826
ADH_IDHM_L,10179,1991,0.622
ADH_IDHM_L,10179,2000,0.715
ADH_IDHM_L,10179,2010,0.761
ADH_IDHM_L,10180,1991,0.621
ADH_IDHM_L,10180,2000,0.689
ADH_IDHM_L,10180,2010,0.718
ADH_IDHM_L,10181,1991,0.613
ADH_IDHM_L,10181,2000,0.68
ADH_IDHM_L,10181,2010,0.79
ADH_IDHM_L,10182,1991,0.46
ADH_IDHM_L,10182,2000,0.577
ADH_IDHM_L,10182,2010,0.711
ADH_IDHM_L,10183,1991,0.581
ADH_IDHM_L,10183,2000,0.651
ADH_IDHM_L,10183,2010,0.764
ADH_IDHM_L,10184,1991,0.507
ADH_IDHM_L,10184,2000,0.639
ADH_IDHM_L,10184,2010,0.763
ADH_IDHM_L,10185,1991,0.604
ADH_IDHM_L,10185,2000,0.685
ADH_IDHM_L,10185,2010,0.766
ADH_IDHM_L,10186,1991,0.6215954283295412
ADH_IDHM_L,10186,2000,0.6876315199102636
ADH_IDHM_L,10186,2010,0.790781795614398
ADH_IDHM_L,10187,1991,0.615
ADH_IDHM_L,10187,2000,0.68
ADH_IDHM_L,10187,2010,0.762
ADH_IDHM_L,10188,1991,0.49700000000000005
ADH_IDHM_L,10188,2000,0.641
ADH_IDHM_L,10188,2010,0.775
ADH_IDHM_L,10189,1991,0.56
ADH_IDHM_L,10189,2000,0.603
ADH_IDHM_L,10189,2010,0.739
ADH_IDHM_L,10190,1991,0.567
ADH_IDHM_L,10190,2000,0.661
ADH_IDHM_L,10190,2010,0.77
ADH_IDHM_L,10191,1991,0.5648468465842854
ADH_IDHM_L,10191,2000,0.6482416035282144
ADH_IDHM_L,10191,2010,0.7671150590821654
ADH_IDHM_L,10192,1991,0.5351364247053856
ADH_IDHM_L,10192,2000,0.6394567674213691
ADH_IDHM_L,10192,2010,0.7364299621015085
ADH_IDHM_L,10193,1991,0.642
ADH_IDHM_L,10193,2000,0.7090000000000001
ADH_IDHM_L,10193,2010,0.741
ADH_IDHM_L,10194,1991,0.627
ADH_IDHM_L,10194,2000,0.668
ADH_IDHM_L,10194,2010,0.806
ADH_IDHM_L,10195,1991,0.625
ADH_IDHM_L,10195,2000,0.669
ADH_IDHM_L,10195,2010,0.763
ADH_IDHM_L,10196,1991,0.535
ADH_IDHM_L,10196,2000,0.624
ADH_IDHM_L,10196,2010,0.749
ADH_IDHM_L,10197,1991,0.622
ADH_IDHM_L,10197,2000,0.68
ADH_IDHM_L,10197,2010,0.79
ADH_IDHM_L,10198,1991,0.495
ADH_IDHM_L,10198,2000,0.570327853389031
ADH_IDHM_L,10198,2010,0.6905028644175683
ADH_IDHM_L,10199,1991,0.593
ADH_IDHM_L,10199,2000,0.68
ADH_IDHM_L,10199,2010,0.763
ADH_IDHM_L,10200,1991,0.605
ADH_IDHM_L,10200,2000,0.688
ADH_IDHM_L,10200,2010,0.704
ADH_IDHM_L,10201,1991,0.5588282047007835
ADH_IDHM_L,10201,2000,0.6648430308537358
ADH_IDHM_L,10201,2010,0.7911992362421295
ADH_IDHM_L,10202,1991,0.439
ADH_IDHM_L,10202,2000,0.577
ADH_IDHM_L,10202,2010,0.7199999999999999
ADH_IDHM_L,10203,1991,0.636
ADH_IDHM_L,10203,2000,0.656
ADH_IDHM_L,10203,2010,0.736
ADH_IDHM_L,10204,1991,0.604
ADH_IDHM_L,10204,2000,0.635
ADH_IDHM_L,10204,2010,0.771
ADH_IDHM_L,10205,1991,0.632
ADH_IDHM_L,10205,2000,0.699
ADH_IDHM_L,10205,2010,0.7639999999999999
ADH_IDHM_L,10206,1991,0.548
ADH_IDHM_L,10206,2000,0.657
ADH_IDHM_L,10206,2010,0.778
ADH_IDHM_L,10207,1991,0.507
ADH_IDHM_L,10207,2000,0.619
ADH_IDHM_L,10207,2010,0.753
ADH_IDHM_L,10208,1991,0.548702646446625
ADH_IDHM_L,10208,2000,0.6302216273282558
ADH_IDHM_L,10208,2010,0.7512889908256881
ADH_IDHM_L,10209,1991,0.587
ADH_IDHM_L,10209,2000,0.657
ADH_IDHM_L,10209,2010,0.747
ADH_IDHM_L,10210,1991,0.609
ADH_IDHM_L,10210,2000,0.725
ADH_IDHM_L,10210,2010,0.8270000000000001
ADH_IDHM_L,10211,1991,0.544
ADH_IDHM_L,10211,2000,0.646
ADH_IDHM_L,10211,2010,0.775
ADH_IDHM_L,10212,1991,0.632
ADH_IDHM_L,10212,2000,0.714
ADH_IDHM_L,10212,2010,0.775
ADH_IDHM_L,10213,1991,0.638
ADH_IDHM_L,10213,2000,0.67
ADH_IDHM_L,10213,2010,0.7929999999999999
ADH_IDHM_L,10214,1991,0.557
ADH_IDHM_L,10214,2000,0.648
ADH_IDHM_L,10214,2010,0.78
ADH_IDHM_L,10215,1991,0.609
ADH_IDHM_L,10215,2000,0.682
ADH_IDHM_L,10215,2010,0.782
ADH_IDHM_L,10216,1991,0.614
ADH_IDHM_L,10216,2000,0.69
ADH_IDHM_L,10216,2010,0.791
ADH_IDHM_L,10217,1991,0.505
ADH_IDHM_L,10217,2000,0.618
ADH_IDHM_L,10217,2010,0.748
ADH_IDHM_L,10218,1991,0.6787092392451556
ADH_IDHM_L,10218,2000,0.7438235149643014
ADH_IDHM_L,10218,2010,0.8347354595118067
ADH_IDHM_L,10219,1991,0.5849862175827761
ADH_IDHM_L,10219,2000,0.6727813933812763
ADH_IDHM_L,10219,2010,0.7648565490575158
ADH_IDHM_L,10220,1991,0.566
ADH_IDHM_L,10220,2000,0.635
ADH_IDHM_L,10220,2010,0.69
ADH_IDHM_L,10221,1991,0.5326372855598095
ADH_IDHM_L,10221,2000,0.6187686398956047
ADH_IDHM_L,10221,2010,0.7569066803575742
ADH_IDHM_L,10222,1991,0.556
ADH_IDHM_L,10222,2000,0.671
ADH_IDHM_L,10222,2010,0.747
ADH_IDHM_L,10223,1991,0.58
ADH_IDHM_L,10223,2000,0.648
ADH_IDHM_L,10223,2010,0.741
ADH_IDHM_L,10224,1991,0.6093653444676409
ADH_IDHM_L,10224,2000,0.6976850479014598
ADH_IDHM_L,10224,2010,0.7614614077544926
ADH_IDHM_L,10225,1991,0.638
ADH_IDHM_L,10225,2000,0.698
ADH_IDHM_L,10225,2010,0.7929999999999999
ADH_IDHM_L,10226,1991,0.604
ADH_IDHM_L,10226,2000,0.67
ADH_IDHM_L,10226,2010,0.801
ADH_IDHM_L,10227,1991,0.498
ADH_IDHM_L,10227,2000,0.611
ADH_IDHM_L,10227,2010,0.737
ADH_IDHM_L,10228,1991,0.576
ADH_IDHM_L,10228,2000,0.61
ADH_IDHM_L,10228,2010,0.744
ADH_IDHM_L,10229,1991,0.561
ADH_IDHM_L,10229,2000,0.686
ADH_IDHM_L,10229,2010,0.818
ADH_IDHM_L,10230,1991,0.6101976115615864
ADH_IDHM_L,10230,2000,0.6886830397325446
ADH_IDHM_L,10230,2010,0.7575995788566916
ADH_IDHM_L,10231,1991,0.64
ADH_IDHM_L,10231,2000,0.721
ADH_IDHM_L,10231,2010,0.7769999999999999
ADH_IDHM_L,10232,1991,0.499
ADH_IDHM_L,10232,2000,0.6170000000000001
ADH_IDHM_L,10232,2010,0.745
ADH_IDHM_L,10233,1991,0.553
ADH_IDHM_L,10233,2000,0.664
ADH_IDHM_L,10233,2010,0.789
ADH_IDHM_L,10234,1991,0.511
ADH_IDHM_L,10234,2000,0.568
ADH_IDHM_L,10234,2010,0.685
ADH_IDHM_L,10235,1991,0.493
ADH_IDHM_L,10235,2000,0.587
ADH_IDHM_L,10235,2010,0.699
ADH_IDHM_L,10236,1991,0.613
ADH_IDHM_L,10236,2000,0.692
ADH_IDHM_L,10236,2010,0.732
ADH_IDHM_L,10237,1991,0.6500000000000001
ADH_IDHM_L,10237,2000,0.725
ADH_IDHM_L,10237,2010,0.771
ADH_IDHM_L,10238,1991,0.609
ADH_IDHM_L,10238,2000,0.6939999999999998
ADH_IDHM_L,10238,2010,0.787
ADH_IDHM_L,10239,1991,0.555
ADH_IDHM_L,10239,2000,0.679
ADH_IDHM_L,10239,2010,0.801
ADH_IDHM_L,10240,1991,0.617
ADH_IDHM_L,10240,2000,0.68
ADH_IDHM_L,10240,2010,0.791
ADH_IDHM_L,10241,1991,0.585
ADH_IDHM_L,10241,2000,0.698
ADH_IDHM_L,10241,2010,0.761
ADH_IDHM_L,10242,1991,0.521
ADH_IDHM_L,10242,2000,0.628
ADH_IDHM_L,10242,2010,0.751
ADH_IDHM_L,10243,1991,0.561
ADH_IDHM_L,10243,2000,0.688
ADH_IDHM_L,10243,2010,0.777
ADH_IDHM_L,10244,1991,0.512
ADH_IDHM_L,10244,2000,0.64
ADH_IDHM_L,10244,2010,0.762
ADH_IDHM_L,10245,1991,0.48756590818117435
ADH_IDHM_L,10245,2000,0.6248428583198308
ADH_IDHM_L,10245,2010,0.7569734941714223
ADH_IDHM_L,10246,1991,0.558
ADH_IDHM_L,10246,2000,0.664
ADH_IDHM_L,10246,2010,0.789
ADH_IDHM_L,10247,1991,0.484
ADH_IDHM_L,10247,2000,0.61
ADH_IDHM_L,10247,2010,0.729
ADH_IDHM_L,10248,1991,0.567
ADH_IDHM_L,10248,2000,0.629
ADH_IDHM_L,10248,2010,0.712
ADH_IDHM_L,10249,1991,0.548
ADH_IDHM_L,10249,2000,0.646
ADH_IDHM_L,10249,2010,0.78
ADH_IDHM_L,10250,1991,0.548
ADH_IDHM_L,10250,2000,0.675
ADH_IDHM_L,10250,2010,0.81
ADH_IDHM_L,10251,1991,0.614
ADH_IDHM_L,10251,2000,0.69
ADH_IDHM_L,10251,2010,0.747
ADH_IDHM_L,10252,1991,0.541
ADH_IDHM_L,10252,2000,0.643
ADH_IDHM_L,10252,2010,0.779
ADH_IDHM_L,10253,1991,0.632
ADH_IDHM_L,10253,2000,0.692
ADH_IDHM_L,10253,2010,0.777
ADH_IDHM_L,10254,1991,0.589
ADH_IDHM_L,10254,2000,0.694
ADH_IDHM_L,10254,2010,0.782
ADH_IDHM_L,10255,1991,0.638
ADH_IDHM_L,10255,2000,0.67
ADH_IDHM_L,10255,2010,0.776
ADH_IDHM_L,10256,1991,0.556
ADH_IDHM_L,10256,2000,0.6569999999999999
ADH_IDHM_L,10256,2010,0.774
ADH_IDHM_L,10257,1991,0.532
ADH_IDHM_L,10257,2000,0.587
ADH_IDHM_L,10257,2010,0.727
ADH_IDHM_L,10258,1991,0.591
ADH_IDHM_L,10258,2000,0.732
ADH_IDHM_L,10258,2010,0.789
ADH_IDHM_L,10259,1991,0.618
ADH_IDHM_L,10259,2000,0.666
ADH_IDHM_L,10259,2010,0.7750000000000001
ADH_IDHM_L,10260,1991,0.547
ADH_IDHM_L,10260,2000,0.649
ADH_IDHM_L,10260,2010,0.778
ADH_IDHM_L,10261,1991,0.609
ADH_IDHM_L,10261,2000,0.687
ADH_IDHM_L,10261,2010,0.769
ADH_IDHM_L,10262,1991,0.53
ADH_IDHM_L,10262,2000,0.607
ADH_IDHM_L,10262,2010,0.737
ADH_IDHM_L,10263,1991,0.632
ADH_IDHM_L,10263,2000,0.697
ADH_IDHM_L,10263,2010,0.777
ADH_IDHM_L,10264,1991,0.625
ADH_IDHM_L,10264,2000,0.69
ADH_IDHM_L,10264,2010,0.7680000000000001
ADH_IDHM_L,10265,1991,0.6
ADH_IDHM_L,10265,2000,0.666
ADH_IDHM_L,10265,2010,0.7600000000000001
ADH_IDHM_L,10266,1991,0.602
ADH_IDHM_L,10266,2000,0.635
ADH_IDHM_L,10266,2010,0.708
ADH_IDHM_L,10267,1991,0.499
ADH_IDHM_L,10267,2000,0.611
ADH_IDHM_L,10267,2010,0.738
ADH_IDHM_L,10268,1991,0.629
ADH_IDHM_L,10268,2000,0.68
ADH_IDHM_L,10268,2010,0.819
ADH_IDHM_L,10269,1991,0.57
ADH_IDHM_L,10269,2000,0.657
ADH_IDHM_L,10269,2010,0.754
ADH_IDHM_L,10270,1991,0.5595211437266214
ADH_IDHM_L,10270,2000,0.6442443737480852
ADH_IDHM_L,10270,2010,0.7826173642780375
ADH_IDHM_L,10271,1991,0.468
ADH_IDHM_L,10271,2000,0.61
ADH_IDHM_L,10271,2010,0.73
ADH_IDHM_L,10272,1991,0.5698794725387873
ADH_IDHM_L,10272,2000,0.6611040750995874
ADH_IDHM_L,10272,2010,0.7671916387454563
ADH_IDHM_L,10273,1991,0.44100000000000006
ADH_IDHM_L,10273,2000,0.571
ADH_IDHM_L,10273,2010,0.6889999999999998
ADH_IDHM_L,10274,1991,0.576
ADH_IDHM_L,10274,2000,0.626
ADH_IDHM_L,10274,2010,0.757
ADH_IDHM_L,10275,1991,0.528
ADH_IDHM_L,10275,2000,0.631
ADH_IDHM_L,10275,2010,0.7729999999999999
ADH_IDHM_L,10276,1991,0.561
ADH_IDHM_L,10276,2000,0.648
ADH_IDHM_L,10276,2010,0.7789999999999999
ADH_IDHM_L,10277,1991,0.609
ADH_IDHM_L,10277,2000,0.693
ADH_IDHM_L,10277,2010,0.767
ADH_IDHM_L,10278,1991,0.573
ADH_IDHM_L,10278,2000,0.615
ADH_IDHM_L,10278,2010,0.74
ADH_IDHM_L,10279,1991,0.638
ADH_IDHM_L,10279,2000,0.67
ADH_IDHM_L,10279,2010,0.767
ADH_IDHM_L,10280,1991,0.516
ADH_IDHM_L,10280,2000,0.613
ADH_IDHM_L,10280,2010,0.729
ADH_IDHM_L,10281,1991,0.591
ADH_IDHM_L,10281,2000,0.664
ADH_IDHM_L,10281,2010,0.79
ADH_IDHM_L,10282,1991,0.6200000000000001
ADH_IDHM_L,10282,2000,0.68
ADH_IDHM_L,10282,2010,0.77
ADH_IDHM_L,10283,1991,0.551
ADH_IDHM_L,10283,2000,0.607
ADH_IDHM_L,10283,2010,0.729
ADH_IDHM_L,10284,1991,0.522
ADH_IDHM_L,10284,2000,0.646
ADH_IDHM_L,10284,2010,0.775
ADH_IDHM_L,10285,1991,0.495
ADH_IDHM_L,10285,2000,0.584
ADH_IDHM_L,10285,2010,0.7100000000000001
ADH_IDHM_L,10286,1991,0.602
ADH_IDHM_L,10286,2000,0.651
ADH_IDHM_L,10286,2010,0.786
ADH_IDHM_L,10287,1991,0.629
ADH_IDHM_L,10287,2000,0.679
ADH_IDHM_L,10287,2010,0.704
ADH_IDHM_L,10288,1991,0.54
ADH_IDHM_L,10288,2000,0.641
ADH_IDHM_L,10288,2010,0.764
ADH_IDHM_L,10289,1991,0.599
ADH_IDHM_L,10289,2000,0.7
ADH_IDHM_L,10289,2010,0.758
ADH_IDHM_L,10290,1991,0.616
ADH_IDHM_L,10290,2000,0.67
ADH_IDHM_L,10290,2010,0.776
ADH_IDHM_L,10291,1991,0.617
ADH_IDHM_L,10291,2000,0.666
ADH_IDHM_L,10291,2010,0.746
ADH_IDHM_L,10292,1991,0.551
ADH_IDHM_L,10292,2000,0.646
ADH_IDHM_L,10292,2010,0.7664807466558455
ADH_IDHM_L,10293,1991,0.655
ADH_IDHM_L,10293,2000,0.743
ADH_IDHM_L,10293,2010,0.815
ADH_IDHM_L,10294,1991,0.578
ADH_IDHM_L,10294,2000,0.687
ADH_IDHM_L,10294,2010,0.808
ADH_IDHM_L,10295,1991,0.593
ADH_IDHM_L,10295,2000,0.655
ADH_IDHM_L,10295,2010,0.742
ADH_IDHM_L,10296,1991,0.528
ADH_IDHM_L,10296,2000,0.6486188452256602
ADH_IDHM_L,10296,2010,0.7366460072219262
ADH_IDHM_L,10297,1991,0.55
ADH_IDHM_L,10297,2000,0.637
ADH_IDHM_L,10297,2010,0.769
ADH_IDHM_L,10298,1991,0.638
ADH_IDHM_L,10298,2000,0.709
ADH_IDHM_L,10298,2010,0.787
ADH_IDHM_L,10299,1991,0.593
ADH_IDHM_L,10299,2000,0.689
ADH_IDHM_L,10299,2010,0.812
ADH_IDHM_L,10300,1991,0.561
ADH_IDHM_L,10300,2000,0.641
ADH_IDHM_L,10300,2010,0.752
ADH_IDHM_L,10301,1991,0.632
ADH_IDHM_L,10301,2000,0.709
ADH_IDHM_L,10301,2010,0.783
ADH_IDHM_L,10302,1991,0.631
ADH_IDHM_L,10302,2000,0.668
ADH_IDHM_L,10302,2010,0.812
ADH_IDHM_L,10303,1991,0.638
ADH_IDHM_L,10303,2000,0.709
ADH_IDHM_L,10303,2010,0.735
ADH_IDHM_L,10304,1991,0.489
ADH_IDHM_L,10304,2000,0.604
ADH_IDHM_L,10304,2010,0.736
ADH_IDHM_L,10305,1991,0.589
ADH_IDHM_L,10305,2000,0.627
ADH_IDHM_L,10305,2010,0.685
ADH_IDHM_L,10306,1991,0.589
ADH_IDHM_L,10306,2000,0.638
ADH_IDHM_L,10306,2010,0.761
ADH_IDHM_L,10307,1991,0.612
ADH_IDHM_L,10307,2000,0.699
ADH_IDHM_L,10307,2010,0.777
ADH_IDHM_L,10308,1991,0.522
ADH_IDHM_L,10308,2000,0.648
ADH_IDHM_L,10308,2010,0.778
ADH_IDHM_L,10309,1991,0.615
ADH_IDHM_L,10309,2000,0.67
ADH_IDHM_L,10309,2010,0.775
ADH_IDHM_L,10310,1991,0.522
ADH_IDHM_L,10310,2000,0.617
ADH_IDHM_L,10310,2010,0.732
ADH_IDHM_L,10311,1991,0.594
ADH_IDHM_L,10311,2000,0.6660000000000001
ADH_IDHM_L,10311,2010,0.721
ADH_IDHM_L,10312,1991,0.636
ADH_IDHM_L,10312,2000,0.694
ADH_IDHM_L,10312,2010,0.813
ADH_IDHM_L,10313,1991,0.544
ADH_IDHM_L,10313,2000,0.607
ADH_IDHM_L,10313,2010,0.734
ADH_IDHM_L,10314,1991,0.625
ADH_IDHM_L,10314,2000,0.671
ADH_IDHM_L,10314,2010,0.764
ADH_IDHM_L,10315,1991,0.536
ADH_IDHM_L,10315,2000,0.661
ADH_IDHM_L,10315,2010,0.772
ADH_IDHM_L,10316,1991,0.589
ADH_IDHM_L,10316,2000,0.6409999999999999
ADH_IDHM_L,10316,2010,0.768
ADH_IDHM_L,10317,1991,0.567
ADH_IDHM_L,10317,2000,0.6260000000000001
ADH_IDHM_L,10317,2010,0.754
ADH_IDHM_L,10318,1991,0.557
ADH_IDHM_L,10318,2000,0.643
ADH_IDHM_L,10318,2010,0.752
ADH_IDHM_L,10319,1991,0.642
ADH_IDHM_L,10319,2000,0.709
ADH_IDHM_L,10319,2010,0.774
ADH_IDHM_L,10320,1991,0.589
ADH_IDHM_L,10320,2000,0.63
ADH_IDHM_L,10320,2010,0.737
ADH_IDHM_L,10321,1991,0.62
ADH_IDHM_L,10321,2000,0.664
ADH_IDHM_L,10321,2010,0.756
ADH_IDHM_L,10322,1991,0.631
ADH_IDHM_L,10322,2000,0.668
ADH_IDHM_L,10322,2010,0.6999999999999998
ADH_IDHM_L,10323,1991,0.54
ADH_IDHM_L,10323,2000,0.589
ADH_IDHM_L,10323,2010,0.7120000000000001
ADH_IDHM_L,10324,1991,0.54
ADH_IDHM_L,10324,2000,0.629
ADH_IDHM_L,10324,2010,0.7469999999999999
ADH_IDHM_L,10325,1991,0.585
ADH_IDHM_L,10325,2000,0.662
ADH_IDHM_L,10325,2010,0.759
ADH_IDHM_L,10326,1991,0.524
ADH_IDHM_L,10326,2000,0.646
ADH_IDHM_L,10326,2010,0.767
ADH_IDHM_L,10327,1991,0.556
ADH_IDHM_L,10327,2000,0.67
ADH_IDHM_L,10327,2010,0.788
ADH_IDHM_L,10328,1991,0.512
ADH_IDHM_L,10328,2000,0.63
ADH_IDHM_L,10328,2010,0.758
ADH_IDHM_L,10329,1991,0.638
ADH_IDHM_L,10329,2000,0.709
ADH_IDHM_L,10329,2010,0.766
ADH_IDHM_L,10330,1991,0.6340000000000001
ADH_IDHM_L,10330,2000,0.715
ADH_IDHM_L,10330,2010,0.758
ADH_IDHM_L,10331,1991,0.481
ADH_IDHM_L,10331,2000,0.586
ADH_IDHM_L,10331,2010,0.706
ADH_IDHM_L,10332,1991,0.632
ADH_IDHM_L,10332,2000,0.6890000000000001
ADH_IDHM_L,10332,2010,0.707
ADH_IDHM_L,10333,1991,0.605
ADH_IDHM_L,10333,2000,0.689
ADH_IDHM_L,10333,2010,0.817
ADH_IDHM_L,10334,1991,0.555
ADH_IDHM_L,10334,2000,0.679
ADH_IDHM_L,10334,2010,0.788
ADH_IDHM_L,10335,1991,0.508
ADH_IDHM_L,10335,2000,0.613
ADH_IDHM_L,10335,2010,0.737
ADH_IDHM_L,10336,1991,0.621
ADH_IDHM_L,10336,2000,0.664
ADH_IDHM_L,10336,2010,0.752
ADH_IDHM_R,3001,1991,0.5480212364509442
ADH_IDHM_R,3001,2000,0.5672679350715177
ADH_IDHM_R,3001,2010,0.632685307955135
ADH_IDHM_R,3002,1991,0.349
ADH_IDHM_R,3002,2000,0.384
ADH_IDHM_R,3002,2010,0.4709999999999999
ADH_IDHM_R,3003,1991,0.38700002271178746
ADH_IDHM_R,3003,2000,0.3898276580958999
ADH_IDHM_R,3003,2010,0.4963576341382243
ADH_IDHM_R,3004,1991,0.43
ADH_IDHM_R,3004,2000,0.43300000000000005
ADH_IDHM_R,3004,2010,0.525
ADH_IDHM_R,3005,1991,0.397
ADH_IDHM_R,3005,2000,0.424
ADH_IDHM_R,3005,2010,0.5
ADH_IDHM_R,3006,1991,0.43299999999999994
ADH_IDHM_R,3006,2000,0.458
ADH_IDHM_R,3006,2010,0.48599999999999993
ADH_IDHM_R,3007,1991,0.43628848368473067
ADH_IDHM_R,3007,2000,0.46320706186279953
ADH_IDHM_R,3007,2010,0.5614873652964542
ADH_IDHM_R,3008,1991,0.42016067348990227
ADH_IDHM_R,3008,2000,0.4609403870228075
ADH_IDHM_R,3008,2010,0.5232384837939321
ADH_IDHM_R,3009,1991,0.473
ADH_IDHM_R,3009,2000,0.504
ADH_IDHM_R,3009,2010,0.683
ADH_IDHM_R,3010,1991,0.41800000000000004
ADH_IDHM_R,3010,2000,0.43
ADH_IDHM_R,3010,2010,0.541
ADH_IDHM_R,3011,1991,0.388
ADH_IDHM_R,3011,2000,0.412
ADH_IDHM_R,3011,2010,0.523
ADH_IDHM_R,3012,1991,0.393
ADH_IDHM_R,3012,2000,0.528
ADH_IDHM_R,3012,2010,0.511
ADH_IDHM_R,3013,1991,0.38499963973700807
ADH_IDHM_R,3013,2000,0.43024036800600823
ADH_IDHM_R,3013,2010,0.5347866489243736
ADH_IDHM_R,3014,1991,0.4253522596430627
ADH_IDHM_R,3014,2000,0.4497321597353497
ADH_IDHM_R,3014,2010,0.5259562821761514
ADH_IDHM_R,3015,1991,0.4167715371546888
ADH_IDHM_R,3015,2000,0.4841918483135352
ADH_IDHM_R,3015,2010,0.5493784522003035
ADH_IDHM_R,3016,1991,0.43
ADH_IDHM_R,3016,2000,0.507
ADH_IDHM_R,3016,2010,0.587
ADH_IDHM_R,3017,1991,0.417
ADH_IDHM_R,3017,2000,0.433
ADH_IDHM_R,3017,2010,0.535
ADH_IDHM_R,3018,1991,0.42899924236869763
ADH_IDHM_R,3018,2000,0.4530494782825196
ADH_IDHM_R,3018,2010,0.5638092145098256
ADH_IDHM_R,3019,1991,0.35599817260569816
ADH_IDHM_R,3019,2000,0.3846865598544742
ADH_IDHM_R,3019,2010,0.4686654916278485
ADH_IDHM_R,3020,1991,0.467
ADH_IDHM_R,3020,2000,0.609
ADH_IDHM_R,3020,2010,0.674
ADH_IDHM_R,3021,1991,0.403
ADH_IDHM_R,3021,2000,0.473
ADH_IDHM_R,3021,2010,0.578
ADH_IDHM_R,3022,1991,0.37343641198563476
ADH_IDHM_R,3022,2000,0.42136597955534566
ADH_IDHM_R,3022,2010,0.5230533553670329
ADH_IDHM_R,3023,1991,0.3939978194877935
ADH_IDHM_R,3023,2000,0.3926332254112706
ADH_IDHM_R,3023,2010,0.48732823101906936
ADH_IDHM_R,3024,1991,0.3929632539320182
ADH_IDHM_R,3024,2000,0.436763695974533
ADH_IDHM_R,3024,2010,0.5211725228800896
ADH_IDHM_R,3025,1991,0.3692637032928244
ADH_IDHM_R,3025,2000,0.4456801616579337
ADH_IDHM_R,3025,2010,0.5388570020803679
ADH_IDHM_R,3026,1991,0.346
ADH_IDHM_R,3026,2000,0.405
ADH_IDHM_R,3026,2010,0.51
ADH_IDHM_R,3027,1991,0.3984379660499326
ADH_IDHM_R,3027,2000,0.4349223684497697
ADH_IDHM_R,3027,2010,0.553910864635488
ADH_IDHM_R,3028,1991,0.390999285238952
ADH_IDHM_R,3028,2000,0.41523972182450397
ADH_IDHM_R,3028,2010,0.5113305424666069
ADH_IDHM_R,3029,1991,0.40251641679316297
ADH_IDHM_R,3029,2000,0.42254025521278693
ADH_IDHM_R,3029,2010,0.4998735354049924
ADH_IDHM_R,3030,1991,0.407
ADH_IDHM_R,3030,2000,0.418
ADH_IDHM_R,3030,2010,0.479
ADH_IDHM_R,3031,1991,0.429
ADH_IDHM_R,3031,2000,0.44
ADH_IDHM_R,3031,2010,0.539
ADH_IDHM_R,3032,1991,0.440997990648063
ADH_IDHM_R,3032,2000,0.46577413925579014
ADH_IDHM_R,3032,2010,0.5674078776592743
ADH_IDHM_R,3033,1991,0.4199964230420159
ADH_IDHM_R,3033,2000,0.37860144696728393
ADH_IDHM_R,3033,2010,0.4647133706965572
ADH_IDHM_R,3034,1991,0.365
ADH_IDHM_R,3034,2000,0.379
ADH_IDHM_R,3034,2010,0.456
ADH_IDHM_R,3035,1991,0.491994445301651
ADH_IDHM_R,3035,2000,0.528616949852812
ADH_IDHM_R,3035,2010,0.6224779603176339
ADH_IDHM_R,3036,1991,0.3995790755698397
ADH_IDHM_R,3036,2000,0.43541210061086183
ADH_IDHM_R,3036,2010,0.5225607543185474
ADH_IDHM_R,3037,1991,0.47800182401408897
ADH_IDHM_R,3037,2000,0.5348882585390665
ADH_IDHM_R,3037,2010,0.6339348167987667
ADH_IDHM_R,3038,1991,0.4609993137806569
ADH_IDHM_R,3038,2000,0.5107730254220842
ADH_IDHM_R,3038,2010,0.5840991779168866
ADH_IDHM_R,3039,1991,0.43000039721946376
ADH_IDHM_R,3039,2000,0.433944846348853
ADH_IDHM_R,3039,2010,0.5266478838733387
ADH_IDHM_R,3040,1991,0.4379962626801922
ADH_IDHM_R,3040,2000,0.46691674508444353
ADH_IDHM_R,3040,2010,0.5306577244967202
ADH_IDHM_R,3041,1991,0.444
ADH_IDHM_R,3041,2000,0.4660000000000001
ADH_IDHM_R,3041,2010,0.554
ADH_IDHM_R,3042,1991,0.4670000000000001
ADH_IDHM_R,3042,2000,0.488
ADH_IDHM_R,3042,2010,0.544
ADH_IDHM_R,3043,1991,0.4829959903312953
ADH_IDHM_R,3043,2000,0.47220652014293407
ADH_IDHM_R,3043,2010,0.5622339166561753
ADH_IDHM_R,3044,1991,0.4209986935378511
ADH_IDHM_R,3044,2000,0.46617188046749247
ADH_IDHM_R,3044,2010,0.5358766746191962
ADH_IDHM_R,3045,1991,0.49500000000000005
ADH_IDHM_R,3045,2000,0.553
ADH_IDHM_R,3045,2010,0.582
ADH_IDHM_R,3046,1991,0.368
ADH_IDHM_R,3046,2000,0.428
ADH_IDHM_R,3046,2010,0.48499999999999993
ADH_IDHM_R,3047,1991,0.40599941116817695
ADH_IDHM_R,3047,2000,0.4318871032667596
ADH_IDHM_R,3047,2010,0.5276293321092494
ADH_IDHM_R,3048,1991,0.368997576535158
ADH_IDHM_R,3048,2000,0.4574229825422422
ADH_IDHM_R,3048,2010,0.5545062290453503
ADH_IDHM_R,3049,1991,0.37598817282162683
ADH_IDHM_R,3049,2000,0.4464593883590924
ADH_IDHM_R,3049,2010,0.5470876534994857
ADH_IDHM_R,3050,1991,0.38
ADH_IDHM_R,3050,2000,0.479
ADH_IDHM_R,3050,2010,0.558
ADH_IDHM_R,3051,1991,0.503
ADH_IDHM_R,3051,2000,0.522
ADH_IDHM_R,3051,2010,0.542
ADH_IDHM_R,3052,1991,0.447
ADH_IDHM_R,3052,2000,0.45
ADH_IDHM_R,3052,2010,0.545
ADH_IDHM_R,3053,1991,0.3440013629968343
ADH_IDHM_R,3053,2000,0.43806383620689654
ADH_IDHM_R,3053,2010,0.5382775174305635
ADH_IDHM_R,3054,1991,0.4169986629850312
ADH_IDHM_R,3054,2000,0.4840188817552197
ADH_IDHM_R,3054,2010,0.5416529650254006
ADH_IDHM_R,3055,1991,0.387
ADH_IDHM_R,3055,2000,0.436
ADH_IDHM_R,3055,2010,0.538
ADH_IDHM_R,3056,1991,0.399
ADH_IDHM_R,3056,2000,0.447
ADH_IDHM_R,3056,2010,0.535
ADH_IDHM_R,3057,1991,0.381
ADH_IDHM_R,3057,2000,0.381
ADH_IDHM_R,3057,2010,0.443
ADH_IDHM_R,3058,1991,0.335
ADH_IDHM_R,3058,2000,0.4
ADH_IDHM_R,3058,2010,0.475
ADH_IDHM_R,3059,1991,0.4192464379485384
ADH_IDHM_R,3059,2000,0.4688779862467103
ADH_IDHM_R,3059,2010,0.5385163571651432
ADH_IDHM_R,3060,1991,0.39200000000000007
ADH_IDHM_R,3060,2000,0.4089999999999999
ADH_IDHM_R,3060,2010,0.533
ADH_IDHM_R,3061,1991,0.465
ADH_IDHM_R,3061,2000,0.5
ADH_IDHM_R,3061,2010,0.537
ADH_IDHM_R,3062,1991,0.3817198325367715
ADH_IDHM_R,3062,2000,0.4064552457167031
ADH_IDHM_R,3062,2010,0.513486319393805
ADH_IDHM_R,3063,1991,0.40100194642216874
ADH_IDHM_R,3063,2000,0.4835955569350833
ADH_IDHM_R,3063,2010,0.5598461570981652
ADH_IDHM_R,3064,1991,0.343
ADH_IDHM_R,3064,2000,0.414
ADH_IDHM_R,3064,2010,0.516
ADH_IDHM_R,3065,1991,0.348
ADH_IDHM_R,3065,2000,0.394
ADH_IDHM_R,3065,2010,0.502
ADH_IDHM_R,3066,1991,0.324
ADH_IDHM_R,3066,2000,0.414
ADH_IDHM_R,3066,2010,0.483
ADH_IDHM_R,3067,1991,0.37261348866219995
ADH_IDHM_R,3067,2000,0.4484148859415501
ADH_IDHM_R,3067,2010,0.5392776257529219
ADH_IDHM_R,3068,1991,0.377
ADH_IDHM_R,3068,2000,0.427
ADH_IDHM_R,3068,2010,0.519
ADH_IDHM_R,3069,1991,0.371
ADH_IDHM_R,3069,2000,0.449
ADH_IDHM_R,3069,2010,0.485
ADH_IDHM_R,3070,1991,0.336
ADH_IDHM_R,3070,2000,0.394
ADH_IDHM_R,3070,2010,0.474
ADH_IDHM_R,3071,1991,0.339
ADH_IDHM_R,3071,2000,0.476
ADH_IDHM_R,3071,2010,0.558
ADH_IDHM_R,3072,1991,0.4268022032645933
ADH_IDHM_R,3072,2000,0.44807692591726467
ADH_IDHM_R,3072,2010,0.5369568029430962
ADH_IDHM_R,3073,1991,0.5329984773291225
ADH_IDHM_R,3073,2000,0.5585809854624983
ADH_IDHM_R,3073,2010,0.6303778071937192
ADH_IDHM_R,3074,1991,0.33
ADH_IDHM_R,3074,2000,0.413
ADH_IDHM_R,3074,2010,0.48800000000000004
ADH_IDHM_R,3075,1991,0.454
ADH_IDHM_R,3075,2000,0.504
ADH_IDHM_R,3075,2010,0.572
ADH_IDHM_R,3076,1991,0.4959991897873686
ADH_IDHM_R,3076,2000,0.518998648408323
ADH_IDHM_R,3076,2010,0.6183619629800859
ADH_IDHM_R,3077,1991,0.42899844724264263
ADH_IDHM_R,3077,2000,0.4560523961404987
ADH_IDHM_R,3077,2010,0.5454534427701403
ADH_IDHM_R,3078,1991,0.388
ADH_IDHM_R,3078,2000,0.434
ADH_IDHM_R,3078,2010,0.519
ADH_IDHM_R,3079,1991,0.409
ADH_IDHM_R,3079,2000,0.418
ADH_IDHM_R,3079,2010,0.506
ADH_IDHM_R,3080,1991,0.357
ADH_IDHM_R,3080,2000,0.405
ADH_IDHM_R,3080,2010,0.501
ADH_IDHM_R,3081,1991,0.47299655914985256
ADH_IDHM_R,3081,2000,0.5237034892384987
ADH_IDHM_R,3081,2010,0.6097720336224558
ADH_IDHM_R,3082,1991,0.389
ADH_IDHM_R,3082,2000,0.369
ADH_IDHM_R,3082,2010,0.452
ADH_IDHM_R,3083,1991,0.332
ADH_IDHM_R,3083,2000,0.401
ADH_IDHM_R,3083,2010,0.47
ADH_IDHM_R,3084,1991,0.379999239956569
ADH_IDHM_R,3084,2000,0.38727352043042024
ADH_IDHM_R,3084,2010,0.4509855260315403
ADH_IDHM_R,3085,1991,0.419
ADH_IDHM_R,3085,2000,0.447
ADH_IDHM_R,3085,2010,0.542
ADH_IDHM_R,3086,1991,0.4019987502430083
ADH_IDHM_R,3086,2000,0.4416914267179001
ADH_IDHM_R,3086,2010,0.5228536242539573
ADH_IDHM_R,3087,1991,0.417
ADH_IDHM_R,3087,2000,0.489
ADH_IDHM_R,3087,2010,0.531
ADH_IDHM_R,3088,1991,0.497
ADH_IDHM_R,3088,2000,0.554
ADH_IDHM_R,3088,2010,0.633
ADH_IDHM_R,3089,1991,0.374
ADH_IDHM_R,3089,2000,0.448
ADH_IDHM_R,3089,2010,0.553
ADH_IDHM_R,3090,1991,0.384998540619426
ADH_IDHM_R,3090,2000,0.3862965779467681
ADH_IDHM_R,3090,2010,0.4929021422765294
ADH_IDHM_R,3091,1991,0.309
ADH_IDHM_R,3091,2000,0.364
ADH_IDHM_R,3091,2010,0.468
ADH_IDHM_R,3092,1991,0.431
ADH_IDHM_R,3092,2000,0.449
ADH_IDHM_R,3092,2010,0.525
ADH_IDHM_R,3093,1991,0.403
ADH_IDHM_R,3093,2000,0.407
ADH_IDHM_R,3093,2010,0.503
ADH_IDHM_R,3094,1991,0.44799647790866043
ADH_IDHM_R,3094,2000,0.5064799228220903
ADH_IDHM_R,3094,2010,0.6012883111607596
ADH_IDHM_R,3095,1991,0.492
ADH_IDHM_R,3095,2000,0.568
ADH_IDHM_R,3095,2010,0.642
ADH_IDHM_R,3096,1991,0.617
ADH_IDHM_R,3096,2000,0.665
ADH_IDHM_R,3096,2010,0.741
ADH_IDHM_R,3097,1991,0.434
ADH_IDHM_R,3097,2000,0.526
ADH_IDHM_R,3097,2010,0.583
ADH_IDHM_R,3098,1991,0.375
ADH_IDHM_R,3098,2000,0.47
ADH_IDHM_R,3098,2010,0.509
ADH_IDHM_R,3099,1991,0.316
ADH_IDHM_R,3099,2000,0.44700000000000006
ADH_IDHM_R,3099,2010,0.562
ADH_IDHM_R,3100,1991,0.36800000000000005
ADH_IDHM_R,3100,2000,0.406
ADH_IDHM_R,3100,2010,0.498
ADH_IDHM_R,3101,1991,0.47
ADH_IDHM_R,3101,2000,0.521
ADH_IDHM_R,3101,2010,0.614
ADH_IDHM_R,3102,1991,0.36
ADH_IDHM_R,3102,2000,0.407
ADH_IDHM_R,3102,2010,0.487
ADH_IDHM_R,4001,1991,0.41799365788527704
ADH_IDHM_R,4001,2000,0.41633456628625554
ADH_IDHM_R,4001,2010,0.5404888732274047
ADH_IDHM_R,4002,1991,0.36300000000000004
ADH_IDHM_R,4002,2000,0.428
ADH_IDHM_R,4002,2010,0.55
ADH_IDHM_R,4003,1991,0.4691062862708494
ADH_IDHM_R,4003,2000,0.5002240684793555
ADH_IDHM_R,4003,2010,0.5930718066337332
ADH_IDHM_R,4004,1991,0.39867636363636366
ADH_IDHM_R,4004,2000,0.48775373293971674
ADH_IDHM_R,4004,2010,0.5371195026387334
ADH_IDHM_R,4005,1991,0.44399794429026623
ADH_IDHM_R,4005,2000,0.5151469317199655
ADH_IDHM_R,4005,2010,0.5791990210565201
ADH_IDHM_R,4006,1991,0.3779969836991401
ADH_IDHM_R,4006,2000,0.41913724843286043
ADH_IDHM_R,4006,2010,0.5610222406246304
ADH_IDHM_R,4007,1991,0.4339964998069747
ADH_IDHM_R,4007,2000,0.4822254281022754
ADH_IDHM_R,4007,2010,0.5778781849536538
ADH_IDHM_R,4008,1991,0.38127134129252843
ADH_IDHM_R,4008,2000,0.5033163007890076
ADH_IDHM_R,4008,2010,0.5561454258051769
ADH_IDHM_R,4009,1991,0.433
ADH_IDHM_R,4009,2000,0.476
ADH_IDHM_R,4009,2010,0.574
ADH_IDHM_R,4010,1991,0.451
ADH_IDHM_R,4010,2000,0.46
ADH_IDHM_R,4010,2010,0.61
ADH_IDHM_R,4011,1991,0.4463549386857005
ADH_IDHM_R,4011,2000,0.48454014716083643
ADH_IDHM_R,4011,2010,0.5644141488903373
ADH_IDHM_R,4012,1991,0.45044249982774065
ADH_IDHM_R,4012,2000,0.5136291399229782
ADH_IDHM_R,4012,2010,0.6113786713727467
ADH_IDHM_R,4013,1991,0.39998923766816147
ADH_IDHM_R,4013,2000,0.4537506143818784
ADH_IDHM_R,4013,2010,0.5475434033218427
ADH_IDHM_R,4014,1991,0.49920800258413917
ADH_IDHM_R,4014,2000,0.5361648862199747
ADH_IDHM_R,4014,2010,0.6185238922166229
ADH_IDHM_R,4015,1991,0.348999234796617
ADH_IDHM_R,4015,2000,0.442160211336001
ADH_IDHM_R,4015,2010,0.49453750438818894
ADH_IDHM_R,4016,1991,0.41957598710717164
ADH_IDHM_R,4016,2000,0.45002127659574465
ADH_IDHM_R,4016,2010,0.5331495730595798
ADH_IDHM_R,4017,1991,0.4219962229310056
ADH_IDHM_R,4017,2000,0.4892629434856678
ADH_IDHM_R,4017,2010,0.5492225102240654
ADH_IDHM_R,4018,1991,0.4049882425742575
ADH_IDHM_R,4018,2000,0.4704648100675833
ADH_IDHM_R,4018,2010,0.5408275525158769
ADH_IDHM_R,4019,1991,0.380999800610133
ADH_IDHM_R,4019,2000,0.4501345332575744
ADH_IDHM_R,4019,2010,0.5525998624619315
ADH_IDHM_R,4020,1991,0.4326844919786096
ADH_IDHM_R,4020,2000,0.48492696018914944
ADH_IDHM_R,4020,2010,0.5709062632889861
ADH_IDHM_R,4021,1991,0.42332596800828143
ADH_IDHM_R,4021,2000,0.4747540948586934
ADH_IDHM_R,4021,2010,0.5635635784329555
ADH_IDHM_R,4022,1991,0.48898379423134103
ADH_IDHM_R,4022,2000,0.5228571326010482
ADH_IDHM_R,4022,2010,0.590839545884579
ADH_IDHM_R,4023,1991,0.39999396754217387
ADH_IDHM_R,4023,2000,0.456290682818341
ADH_IDHM_R,4023,2010,0.5553225915302851
ADH_IDHM_R,4024,1991,0.41358855968073527
ADH_IDHM_R,4024,2000,0.46506224658022544
ADH_IDHM_R,4024,2010,0.574716091954023
ADH_IDHM_R,4025,1991,0.4228919740575598
ADH_IDHM_R,4025,2000,0.48189577475638407
ADH_IDHM_R,4025,2010,0.5971290562466198
ADH_IDHM_R,4026,1991,0.3981579683131407
ADH_IDHM_R,4026,2000,0.4740959140959141
ADH_IDHM_R,4026,2010,0.5635288791208791
ADH_IDHM_R,4027,1991,0.5189873669112375
ADH_IDHM_R,4027,2000,0.5278259575312563
ADH_IDHM_R,4027,2010,0.6348825595434091
ADH_IDHM_R,4028,1991,0.49234985041494705
ADH_IDHM_R,4028,2000,0.5667498972438518
ADH_IDHM_R,4028,2010,0.6282791469727662
ADH_IDHM_R,4029,1991,0.5099916278039938
ADH_IDHM_R,4029,2000,0.49675857883387836
ADH_IDHM_R,4029,2010,0.5929252469020154
ADH_IDHM_R,4030,1991,0.4519830471077116
ADH_IDHM_R,4030,2000,0.49845626084441874
ADH_IDHM_R,4030,2010,0.5589384045888081
ADH_IDHM_R,4031,1991,0.4489900507896751
ADH_IDHM_R,4031,2000,0.45219063889073174
ADH_IDHM_R,4031,2010,0.5492525187497989
ADH_IDHM_R,4032,1991,0.45199641480078473
ADH_IDHM_R,4032,2000,0.5116368682630866
ADH_IDHM_R,4032,2010,0.6007319513938527
ADH_IDHM_R,4033,1991,0.39999999999999997
ADH_IDHM_R,4033,2000,0.421
ADH_IDHM_R,4033,2010,0.524
ADH_IDHM_R,4034,1991,0.46597545771235505
ADH_IDHM_R,4034,2000,0.4565195157587143
ADH_IDHM_R,4034,2010,0.5507451301147248
ADH_IDHM_R,4035,1991,0.4199959977726735
ADH_IDHM_R,4035,2000,0.46683070172728114
ADH_IDHM_R,4035,2010,0.5424378337783712
ADH_IDHM_R,4036,1991,0.3719944153577662
ADH_IDHM_R,4036,2000,0.4019927678352538
ADH_IDHM_R,4036,2010,0.5158997860962568
ADH_IDHM_R,4037,1991,0.46798870472682635
ADH_IDHM_R,4037,2000,0.42763854444315685
ADH_IDHM_R,4037,2010,0.5482414871856575
ADH_IDHM_R,4038,1991,0.4099999999999999
ADH_IDHM_R,4038,2000,0.442
ADH_IDHM_R,4038,2010,0.552
ADH_IDHM_R,4039,1991,0.39699440914866585
ADH_IDHM_R,4039,2000,0.43227431149836626
ADH_IDHM_R,4039,2010,0.5179414904537056
ADH_IDHM_R,4040,1991,0.44298929974265205
ADH_IDHM_R,4040,2000,0.4491959548920239
ADH_IDHM_R,4040,2010,0.5409019476439791
ADH_IDHM_R,4041,1991,0.3739979251574657
ADH_IDHM_R,4041,2000,0.4328336461354717
ADH_IDHM_R,4041,2010,0.5138845861807138
ADH_IDHM_R,4042,1991,0.39100148622384817
ADH_IDHM_R,4042,2000,0.46782826086956525
ADH_IDHM_R,4042,2010,0.5945657415194842
ADH_IDHM_R,4043,1991,0.3839900393184797
ADH_IDHM_R,4043,2000,0.4325925332111773
ADH_IDHM_R,4043,2010,0.5052259510057757
ADH_IDHM_R,4044,1991,0.47999202884037656
ADH_IDHM_R,4044,2000,0.5210131891891893
ADH_IDHM_R,4044,2010,0.6062353712845652
ADH_IDHM_R,4045,1991,0.373
ADH_IDHM_R,4045,2000,0.4580000000000001
ADH_IDHM_R,4045,2010,0.521
ADH_IDHM_R,4046,1991,0.3609940839173569
ADH_IDHM_R,4046,2000,0.4475096774193549
ADH_IDHM_R,4046,2010,0.5518627721135299
ADH_IDHM_R,4047,1991,0.47
ADH_IDHM_R,4047,2000,0.535
ADH_IDHM_R,4047,2010,0.583
ADH_IDHM_R,4048,1991,0.308
ADH_IDHM_R,4048,2000,0.366
ADH_IDHM_R,4048,2010,0.547
ADH_IDHM_R,4049,1991,0.42799768201748256
ADH_IDHM_R,4049,2000,0.4723749127182045
ADH_IDHM_R,4049,2010,0.572686870284191
ADH_IDHM_R,4050,1991,0.396
ADH_IDHM_R,4050,2000,0.442
ADH_IDHM_R,4050,2010,0.525
ADH_IDHM_R,4051,1991,0.39798808253290646
ADH_IDHM_R,4051,2000,0.46797356302234355
ADH_IDHM_R,4051,2010,0.537736378466558
ADH_IDHM_R,4052,1991,0.551
ADH_IDHM_R,4052,2000,0.601
ADH_IDHM_R,4052,2010,0.676
ADH_IDHM_R,4053,1991,0.363
ADH_IDHM_R,4053,2000,0.39499999999999996
ADH_IDHM_R,4053,2010,0.523
ADH_IDHM_R,4054,1991,0.317
ADH_IDHM_R,4054,2000,0.444
ADH_IDHM_R,4054,2010,0.565
ADH_IDHM_R,4055,1991,0.466
ADH_IDHM_R,4055,2000,0.506
ADH_IDHM_R,4055,2010,0.598
ADH_IDHM_R,4056,1991,0.363
ADH_IDHM_R,4056,2000,0.41800000000000004
ADH_IDHM_R,4056,2010,0.528
ADH_IDHM_R,4057,1991,0.498
ADH_IDHM_R,4057,2000,0.523
ADH_IDHM_R,4057,2010,0.562
ADH_IDHM_R,4058,1991,0.42
ADH_IDHM_R,4058,2000,0.479
ADH_IDHM_R,4058,2010,0.56
ADH_IDHM_R,4059,1991,0.328
ADH_IDHM_R,4059,2000,0.418
ADH_IDHM_R,4059,2010,0.628
ADH_IDHM_R,4060,1991,0.3609954097875176
ADH_IDHM_R,4060,2000,0.49768558097531607
ADH_IDHM_R,4060,2010,0.5341957431713373
ADH_IDHM_R,4061,1991,0.369
ADH_IDHM_R,4061,2000,0.538
ADH_IDHM_R,4061,2010,0.594
ADH_IDHM_R,4062,1991,0.4149956178790535
ADH_IDHM_R,4062,2000,0.4654477424164763
ADH_IDHM_R,4062,2010,0.5721463526183398
ADH_IDHM_R,4063,1991,0.3917752637944697
ADH_IDHM_R,4063,2000,0.4433299290836181
ADH_IDHM_R,4063,2010,0.5218751758467698
ADH_IDHM_R,4064,1991,0.397
ADH_IDHM_R,4064,2000,0.479
ADH_IDHM_R,4064,2010,0.591
ADH_IDHM_R,4065,1991,0.4079975803914927
ADH_IDHM_R,4065,2000,0.4409168488745981
ADH_IDHM_R,4065,2010,0.5413677312384035
ADH_IDHM_R,4066,1991,0.38899461420844844
ADH_IDHM_R,4066,2000,0.4222410626636126
ADH_IDHM_R,4066,2010,0.5454920985657071
ADH_IDHM_R,4067,1991,0.49199519440803846
ADH_IDHM_R,4067,2000,0.5406142767950051
ADH_IDHM_R,4067,2010,0.5976533206228154
ADH_IDHM_R,4068,1991,0.453
ADH_IDHM_R,4068,2000,0.495
ADH_IDHM_R,4068,2010,0.563
ADH_IDHM_R,4069,1991,0.381
ADH_IDHM_R,4069,2000,0.511
ADH_IDHM_R,4069,2010,0.58
ADH_IDHM_R,4070,1991,0.398
ADH_IDHM_R,4070,2000,0.425
ADH_IDHM_R,4070,2010,0.533
ADH_IDHM_R,4071,1991,0.453
ADH_IDHM_R,4071,2000,0.47800000000000004
ADH_IDHM_R,4071,2010,0.579
ADH_IDHM_R,4072,1991,0.41700000000000004
ADH_IDHM_R,4072,2000,0.549
ADH_IDHM_R,4072,2010,0.591
ADH_IDHM_R,4073,1991,0.436
ADH_IDHM_R,4073,2000,0.444
ADH_IDHM_R,4073,2010,0.531
ADH_IDHM_R,4074,1991,0.355
ADH_IDHM_R,4074,2000,0.424
ADH_IDHM_R,4074,2010,0.531
ADH_IDHM_R,4075,1991,0.606
ADH_IDHM_R,4075,2000,0.664
ADH_IDHM_R,4075,2010,0.731
ADH_IDHM_R,4076,1991,0.338
ADH_IDHM_R,4076,2000,0.424
ADH_IDHM_R,4076,2010,0.503
ADH_IDHM_R,4077,1991,0.385
ADH_IDHM_R,4077,2000,0.483
ADH_IDHM_R,4077,2010,0.547
ADH_IDHM_R,4078,1991,0.3837738755391251
ADH_IDHM_R,4078,2000,0.4265048181818182
ADH_IDHM_R,4078,2010,0.5319201676758267
ADH_IDHM_R,4079,1991,0.352
ADH_IDHM_R,4079,2000,0.485
ADH_IDHM_R,4079,2010,0.57
ADH_IDHM_R,4080,1991,0.323
ADH_IDHM_R,4080,2000,0.439
ADH_IDHM_R,4080,2010,0.515
ADH_IDHM_R,4081,1991,0.3919944738296361
ADH_IDHM_R,4081,2000,0.45837516464217765
ADH_IDHM_R,4081,2010,0.5134379692773989
ADH_IDHM_R,4082,1991,0.4279988764044944
ADH_IDHM_R,4082,2000,0.4627326801266825
ADH_IDHM_R,4082,2010,0.5372536231884057
ADH_IDHM_R,4083,1991,0.39999999999999997
ADH_IDHM_R,4083,2000,0.428
ADH_IDHM_R,4083,2010,0.553
ADH_IDHM_R,4084,1991,0.38400000000000006
ADH_IDHM_R,4084,2000,0.457
ADH_IDHM_R,4084,2010,0.527
ADH_IDHM_R,4085,1991,0.365
ADH_IDHM_R,4085,2000,0.44
ADH_IDHM_R,4085,2010,0.557
ADH_IDHM_R,4086,1991,0.413
ADH_IDHM_R,4086,2000,0.477
ADH_IDHM_R,4086,2010,0.53
ADH_IDHM_R,4087,1991,0.374
ADH_IDHM_R,4087,2000,0.436
ADH_IDHM_R,4087,2010,0.539
ADH_IDHM_R,4088,1991,0.518
ADH_IDHM_R,4088,2000,0.541
ADH_IDHM_R,4088,2010,0.597
ADH_IDHM_R,4089,1991,0.46298173428186884
ADH_IDHM_R,4089,2000,0.4355234285714286
ADH_IDHM_R,4089,2010,0.533768971084691
ADH_IDHM_R,4090,1991,0.39099837486457206
ADH_IDHM_R,4090,2000,0.4576939377188133
ADH_IDHM_R,4090,2010,0.574777563236146
ADH_IDHM_R,4091,1991,0.295
ADH_IDHM_R,4091,2000,0.415
ADH_IDHM_R,4091,2010,0.557
ADH_IDHM_R,4092,1991,0.31799999999999995
ADH_IDHM_R,4092,2000,0.4129999999999999
ADH_IDHM_R,4092,2010,0.545
ADH_IDHM_R,4093,1991,0.402
ADH_IDHM_R,4093,2000,0.427
ADH_IDHM_R,4093,2010,0.569
ADH_IDHM_R,4094,1991,0.40399999999999997
ADH_IDHM_R,4094,2000,0.47
ADH_IDHM_R,4094,2010,0.553
ADH_IDHM_R,4095,1991,0.401
ADH_IDHM_R,4095,2000,0.412
ADH_IDHM_R,4095,2010,0.513
ADH_IDHM_R,4096,1991,0.37699999999999995
ADH_IDHM_R,4096,2000,0.464
ADH_IDHM_R,4096,2010,0.54
ADH_IDHM_R,4097,1991,0.432248139686
ADH_IDHM_R,4097,2000,0.47290945326150263
ADH_IDHM_R,4097,2010,0.5598925414995272
ADH_IDHM_R,4098,1991,0.43710461646480603
ADH_IDHM_R,4098,2000,0.47038408749539046
ADH_IDHM_R,4098,2010,0.5577950528984484
ADH_IDHM_R,4099,1991,0.41300000000000003
ADH_IDHM_R,4099,2000,0.498
ADH_IDHM_R,4099,2010,0.563
ADH_IDHM_R,4100,1991,0.36
ADH_IDHM_R,4100,2000,0.404
ADH_IDHM_R,4100,2010,0.518
ADH_IDHM_R,4101,1991,0.386
ADH_IDHM_R,4101,2000,0.456
ADH_IDHM_R,4101,2010,0.549
ADH_IDHM_R,4102,1991,0.381
ADH_IDHM_R,4102,2000,0.49000000000000005
ADH_IDHM_R,4102,2010,0.547
ADH_IDHM_R,4103,1991,0.438
ADH_IDHM_R,4103,2000,0.506
ADH_IDHM_R,4103,2010,0.563
ADH_IDHM_R,4104,1991,0.391002818379032
ADH_IDHM_R,4104,2000,0.46819158117275683
ADH_IDHM_R,4104,2010,0.5442704271938227
ADH_IDHM_R,4105,1991,0.409
ADH_IDHM_R,4105,2000,0.48
ADH_IDHM_R,4105,2010,0.55
ADH_IDHM_R,4106,1991,0.378
ADH_IDHM_R,4106,2000,0.43699999999999994
ADH_IDHM_R,4106,2010,0.536
ADH_IDHM_R,4107,1991,0.48337862549651495
ADH_IDHM_R,4107,2000,0.5432049060009351
ADH_IDHM_R,4107,2010,0.6436902099257549
ADH_IDHM_R,4108,1991,0.48228528964747347
ADH_IDHM_R,4108,2000,0.5233024354739376
ADH_IDHM_R,4108,2010,0.5941982943888715
ADH_IDHM_R,4109,1991,0.3917724867724867
ADH_IDHM_R,4109,2000,0.44355941114616193
ADH_IDHM_R,4109,2010,0.5373642252722782
ADH_IDHM_R,4110,1991,0.4266204962819933
ADH_IDHM_R,4110,2000,0.4831777400102763
ADH_IDHM_R,4110,2010,0.5546509024792136
ADH_IDHM_R,4111,1991,0.368
ADH_IDHM_R,4111,2000,0.44699999999999995
ADH_IDHM_R,4111,2010,0.515
ADH_IDHM_R,4112,1991,0.423
ADH_IDHM_R,4112,2000,0.444
ADH_IDHM_R,4112,2010,0.53
ADH_IDHM_R,4113,1991,0.351
ADH_IDHM_R,4113,2000,0.421
ADH_IDHM_R,4113,2010,0.565
ADH_IDHM_R,4114,1991,0.3564905292197961
ADH_IDHM_R,4114,2000,0.4272444259843828
ADH_IDHM_R,4114,2010,0.5604967309838941
ADH_IDHM_R,4115,1991,0.431
ADH_IDHM_R,4115,2000,0.456
ADH_IDHM_R,4115,2010,0.557
ADH_IDHM_R,4116,1991,0.347
ADH_IDHM_R,4116,2000,0.45
ADH_IDHM_R,4116,2010,0.563
ADH_IDHM_R,4117,1991,0.4566985139306228
ADH_IDHM_R,4117,2000,0.49287922709690285
ADH_IDHM_R,4117,2010,0.566598792180704
ADH_IDHM_R,4118,1991,0.47600000000000003
ADH_IDHM_R,4118,2000,0.542
ADH_IDHM_R,4118,2010,0.6129999999999999
ADH_IDHM_R,4119,1991,0.392
ADH_IDHM_R,4119,2000,0.488
ADH_IDHM_R,4119,2010,0.556
ADH_IDHM_R,4120,1991,0.4210317835032205
ADH_IDHM_R,4120,2000,0.49814284478657617
ADH_IDHM_R,4120,2010,0.5547201275558056
ADH_IDHM_R,4121,1991,0.4630000000000001
ADH_IDHM_R,4121,2000,0.526
ADH_IDHM_R,4121,2010,0.574
ADH_IDHM_R,4122,1991,0.428
ADH_IDHM_R,4122,2000,0.481
ADH_IDHM_R,4122,2010,0.585
ADH_IDHM_R,4123,1991,0.4179999999999999
ADH_IDHM_R,4123,2000,0.441
ADH_IDHM_R,4123,2010,0.533
ADH_IDHM_R,4124,1991,0.392
ADH_IDHM_R,4124,2000,0.484
ADH_IDHM_R,4124,2010,0.553
ADH_IDHM_R,4125,1991,0.49800000000000005
ADH_IDHM_R,4125,2000,0.538
ADH_IDHM_R,4125,2010,0.596
ADH_IDHM_R,4126,1991,0.4044682829070059
ADH_IDHM_R,4126,2000,0.5048656655946925
ADH_IDHM_R,4126,2010,0.5519589361042923
ADH_IDHM_R,4127,1991,0.439
ADH_IDHM_R,4127,2000,0.475
ADH_IDHM_R,4127,2010,0.571
ADH_IDHM_R,4128,1991,0.408
ADH_IDHM_R,4128,2000,0.432
ADH_IDHM_R,4128,2010,0.527
ADH_IDHM_R,4129,1991,0.408
ADH_IDHM_R,4129,2000,0.451
ADH_IDHM_R,4129,2010,0.528
ADH_IDHM_R,4130,1991,0.412
ADH_IDHM_R,4130,2000,0.452
ADH_IDHM_R,4130,2010,0.537
ADH_IDHM_R,4131,1991,0.365
ADH_IDHM_R,4131,2000,0.438
ADH_IDHM_R,4131,2010,0.549
ADH_IDHM_R,4132,1991,0.408
ADH_IDHM_R,4132,2000,0.448
ADH_IDHM_R,4132,2010,0.546
ADH_IDHM_R,4133,1991,0.38
ADH_IDHM_R,4133,2000,0.472
ADH_IDHM_R,4133,2010,0.536
ADH_IDHM_R,4134,1991,0.4438442552036506
ADH_IDHM_R,4134,2000,0.535473820754717
ADH_IDHM_R,4134,2010,0.5856784792219275
ADH_IDHM_R,4135,1991,0.439
ADH_IDHM_R,4135,2000,0.416
ADH_IDHM_R,4135,2010,0.551
ADH_IDHM_R,4136,1991,0.3839994325551232
ADH_IDHM_R,4136,2000,0.4704960802152494
ADH_IDHM_R,4136,2010,0.5443009010718012
ADH_IDHM_R,4137,1991,0.507
ADH_IDHM_R,4137,2000,0.56
ADH_IDHM_R,4137,2010,0.62
ADH_IDHM_R,4138,1991,0.491
ADH_IDHM_R,4138,2000,0.508
ADH_IDHM_R,4138,2010,0.592
ADH_IDHM_R,4139,1991,0.38799999999999996
ADH_IDHM_R,4139,2000,0.456
ADH_IDHM_R,4139,2010,0.524
ADH_IDHM_R,4140,1991,0.478418208158597
ADH_IDHM_R,4140,2000,0.5258550125819379
ADH_IDHM_R,4140,2010,0.5974839635133147
ADH_IDHM_R,4141,1991,0.427
ADH_IDHM_R,4141,2000,0.444
ADH_IDHM_R,4141,2010,0.526
ADH_IDHM_R,4142,1991,0.478
ADH_IDHM_R,4142,2000,0.546
ADH_IDHM_R,4142,2010,0.618
ADH_IDHM_R,4143,1991,0.533
ADH_IDHM_R,4143,2000,0.599
ADH_IDHM_R,4143,2010,0.655
ADH_IDHM_R,4144,1991,0.39765430569076904
ADH_IDHM_R,4144,2000,0.45613852957867757
ADH_IDHM_R,4144,2010,0.5348824483990956
ADH_IDHM_R,4145,1991,0.38695428618665784
ADH_IDHM_R,4145,2000,0.48427292183218057
ADH_IDHM_R,4145,2010,0.5581080911509311
ADH_IDHM_R,4146,1991,0.38016086485467987
ADH_IDHM_R,4146,2000,0.4650259673897896
ADH_IDHM_R,4146,2010,0.5328700712483958
ADH_IDHM_R,4147,1991,0.41
ADH_IDHM_R,4147,2000,0.4630000000000001
ADH_IDHM_R,4147,2010,0.541
ADH_IDHM_R,4148,1991,0.5075622416523043
ADH_IDHM_R,4148,2000,0.5743069157926419
ADH_IDHM_R,4148,2010,0.6403610578090554
ADH_IDHM_R,4149,1991,0.65
ADH_IDHM_R,4149,2000,0.697
ADH_IDHM_R,4149,2010,0.749
ADH_IDHM_R,4150,1991,0.428
ADH_IDHM_R,4150,2000,0.4610000000000001
ADH_IDHM_R,4150,2010,0.551
ADH_IDHM_R,4151,1991,0.39899999999999997
ADH_IDHM_R,4151,2000,0.42099999999999993
ADH_IDHM_R,4151,2010,0.548
ADH_IDHM_R,4152,1991,0.3851196514246548
ADH_IDHM_R,4152,2000,0.4749014934103497
ADH_IDHM_R,4152,2010,0.5498036706231956
ADH_IDHM_R,4153,1991,0.402
ADH_IDHM_R,4153,2000,0.418
ADH_IDHM_R,4153,2010,0.49500000000000005
ADH_IDHM_R,4154,1991,0.344
ADH_IDHM_R,4154,2000,0.3980000000000001
ADH_IDHM_R,4154,2010,0.533
ADH_IDHM_R,4155,1991,0.424
ADH_IDHM_R,4155,2000,0.48300000000000004
ADH_IDHM_R,4155,2010,0.585
ADH_IDHM_R,4156,1991,0.4660561310496584
ADH_IDHM_R,4156,2000,0.5060423226881753
ADH_IDHM_R,4156,2010,0.5882887592941372
ADH_IDHM_R,4157,1991,0.413
ADH_IDHM_R,4157,2000,0.487
ADH_IDHM_R,4157,2010,0.576
ADH_IDHM_R,4158,1991,0.374
ADH_IDHM_R,4158,2000,0.463
ADH_IDHM_R,4158,2010,0.549
ADH_IDHM_R,4159,1991,0.379
ADH_IDHM_R,4159,2000,0.47800000000000004
ADH_IDHM_R,4159,2010,0.559
ADH_IDHM_R,4160,1991,0.4329952599614872
ADH_IDHM_R,4160,2000,0.5175216360804498
ADH_IDHM_R,4160,2010,0.5605064713896457
ADH_IDHM_R,4161,1991,0.43100000000000005
ADH_IDHM_R,4161,2000,0.493
ADH_IDHM_R,4161,2010,0.568
ADH_IDHM_R,4162,1991,0.5182056324456903
ADH_IDHM_R,4162,2000,0.5598136961397476
ADH_IDHM_R,4162,2010,0.6293536929907172
ADH_IDHM_R,4163,1991,0.3660491105955143
ADH_IDHM_R,4163,2000,0.4909588921750694
ADH_IDHM_R,4163,2010,0.5447983690156943
ADH_IDHM_R,4164,1991,0.39899999999999997
ADH_IDHM_R,4164,2000,0.485
ADH_IDHM_R,4164,2010,0.621
ADH_IDHM_R,4165,1991,0.4154156905294391
ADH_IDHM_R,4165,2000,0.49677085559816436
ADH_IDHM_R,4165,2010,0.5682358251504592
ADH_IDHM_R,4166,1991,0.395
ADH_IDHM_R,4166,2000,0.44999999999999996
ADH_IDHM_R,4166,2010,0.534
ADH_IDHM_R,4167,1991,0.40223592100611144
ADH_IDHM_R,4167,2000,0.5102244887174339
ADH_IDHM_R,4167,2010,0.5806417775090689
ADH_IDHM_R,4168,1991,0.394
ADH_IDHM_R,4168,2000,0.439
ADH_IDHM_R,4168,2010,0.526
ADH_IDHM_R,4169,1991,0.403
ADH_IDHM_R,4169,2000,0.469
ADH_IDHM_R,4169,2010,0.581
ADH_IDHM_R,4170,1991,0.4335069306930693
ADH_IDHM_R,4170,2000,0.4826913865084597
ADH_IDHM_R,4170,2010,0.5496403485892263
ADH_IDHM_R,4171,1991,0.383
ADH_IDHM_R,4171,2000,0.458
ADH_IDHM_R,4171,2010,0.525
ADH_IDHM_R,4172,1991,0.36
ADH_IDHM_R,4172,2000,0.415
ADH_IDHM_R,4172,2010,0.514
ADH_IDHM_R,4173,1991,0.419
ADH_IDHM_R,4173,2000,0.49199999999999994
ADH_IDHM_R,4173,2010,0.552
ADH_IDHM_R,4174,1991,0.462
ADH_IDHM_R,4174,2000,0.48900000000000005
ADH_IDHM_R,4174,2010,0.575
ADH_IDHM_R,4175,1991,0.464
ADH_IDHM_R,4175,2000,0.543
ADH_IDHM_R,4175,2010,0.58
ADH_IDHM_R,4176,1991,0.448
ADH_IDHM_R,4176,2000,0.49
ADH_IDHM_R,4176,2010,0.568
ADH_IDHM_R,4177,1991,0.4
ADH_IDHM_R,4177,2000,0.453
ADH_IDHM_R,4177,2010,0.547
ADH_IDHM_R,4178,1991,0.392
ADH_IDHM_R,4178,2000,0.494
ADH_IDHM_R,4178,2010,0.562
ADH_IDHM_R,4179,1991,0.533
ADH_IDHM_R,4179,2000,0.578
ADH_IDHM_R,4179,2010,0.644
ADH_IDHM_R,4180,1991,0.379
ADH_IDHM_R,4180,2000,0.448
ADH_IDHM_R,4180,2010,0.541
ADH_IDHM_R,4181,1991,0.419
ADH_IDHM_R,4181,2000,0.46
ADH_IDHM_R,4181,2010,0.576
ADH_IDHM_R,4182,1991,0.49299999999999994
ADH_IDHM_R,4182,2000,0.56
ADH_IDHM_R,4182,2010,0.633
ADH_IDHM_R,4183,1991,0.44759280936454854
ADH_IDHM_R,4183,2000,0.4871856840173282
ADH_IDHM_R,4183,2010,0.580742117254793
ADH_IDHM_R,4184,1991,0.48591374051805497
ADH_IDHM_R,4184,2000,0.5488131423430285
ADH_IDHM_R,4184,2010,0.6064400498422282
ADH_IDHM_R,4185,1991,0.416
ADH_IDHM_R,4185,2000,0.478
ADH_IDHM_R,4185,2010,0.564
ADH_IDHM_R,4186,1991,0.386
ADH_IDHM_R,4186,2000,0.424
ADH_IDHM_R,4186,2010,0.541
ADH_IDHM_R,4187,1991,0.466
ADH_IDHM_R,4187,2000,0.456
ADH_IDHM_R,4187,2010,0.541
ADH_IDHM_R,4188,1991,0.383
ADH_IDHM_R,4188,2000,0.49500000000000005
ADH_IDHM_R,4188,2010,0.544
ADH_IDHM_R,4189,1991,0.386
ADH_IDHM_R,4189,2000,0.477
ADH_IDHM_R,4189,2010,0.559
ADH_IDHM_R,4190,1991,0.42300000000000004
ADH_IDHM_R,4190,2000,0.472
ADH_IDHM_R,4190,2010,0.561
ADH_IDHM_R,4191,1991,0.42
ADH_IDHM_R,4191,2000,0.509
ADH_IDHM_R,4191,2010,0.579
ADH_IDHM_R,4192,1991,0.4079999999999999
ADH_IDHM_R,4192,2000,0.469
ADH_IDHM_R,4192,2010,0.549
ADH_IDHM_R,4193,1991,0.358
ADH_IDHM_R,4193,2000,0.432
ADH_IDHM_R,4193,2010,0.545
ADH_IDHM_R,4194,1991,0.414
ADH_IDHM_R,4194,2000,0.41300000000000003
ADH_IDHM_R,4194,2010,0.495
ADH_IDHM_R,4195,1991,0.389
ADH_IDHM_R,4195,2000,0.452
ADH_IDHM_R,4195,2010,0.524
ADH_IDHM_R,4196,1991,0.38999999999999996
ADH_IDHM_R,4196,2000,0.475
ADH_IDHM_R,4196,2010,0.565
ADH_IDHM_R,4197,1991,0.447
ADH_IDHM_R,4197,2000,0.5
ADH_IDHM_R,4197,2010,0.551
ADH_IDHM_R,4198,1991,0.399
ADH_IDHM_R,4198,2000,0.516
ADH_IDHM_R,4198,2010,0.567
ADH_IDHM_R,4199,1991,0.407
ADH_IDHM_R,4199,2000,0.475
ADH_IDHM_R,4199,2010,0.552
ADH_IDHM_R,4200,1991,0.431
ADH_IDHM_R,4200,2000,0.47600000000000003
ADH_IDHM_R,4200,2010,0.582
ADH_IDHM_R,4201,1991,0.44600000000000006
ADH_IDHM_R,4201,2000,0.48
ADH_IDHM_R,4201,2010,0.571
ADH_IDHM_R,4202,1991,0.537
ADH_IDHM_R,4202,2000,0.549
ADH_IDHM_R,4202,2010,0.562
ADH_IDHM_R,4203,1991,0.35
ADH_IDHM_R,4203,2000,0.441
ADH_IDHM_R,4203,2010,0.572
ADH_IDHM_R,4204,1991,0.461
ADH_IDHM_R,4204,2000,0.459
ADH_IDHM_R,4204,2010,0.59
ADH_IDHM_R,4205,1991,0.4613445854712395
ADH_IDHM_R,4205,2000,0.48536271531800085
ADH_IDHM_R,4205,2010,0.5857973961120028
ADH_IDHM_R,4206,1991,0.43
ADH_IDHM_R,4206,2000,0.452
ADH_IDHM_R,4206,2010,0.526
ADH_IDHM_R,4207,1991,0.377
ADH_IDHM_R,4207,2000,0.424
ADH_IDHM_R,4207,2010,0.515
ADH_IDHM_R,4208,1991,0.388
ADH_IDHM_R,4208,2000,0.485
ADH_IDHM_R,4208,2010,0.541
ADH_IDHM_R,4209,1991,0.41
ADH_IDHM_R,4209,2000,0.508
ADH_IDHM_R,4209,2010,0.566
ADH_IDHM_R,4210,1991,0.419
ADH_IDHM_R,4210,2000,0.49
ADH_IDHM_R,4210,2010,0.562
ADH_IDHM_R,4211,1991,0.399
ADH_IDHM_R,4211,2000,0.462
ADH_IDHM_R,4211,2010,0.53
ADH_IDHM_R,4212,1991,0.368
ADH_IDHM_R,4212,2000,0.44
ADH_IDHM_R,4212,2010,0.527
ADH_IDHM_R,4213,1991,0.416
ADH_IDHM_R,4213,2000,0.489
ADH_IDHM_R,4213,2010,0.531
ADH_IDHM_R,4214,1991,0.398
ADH_IDHM_R,4214,2000,0.47500000000000003
ADH_IDHM_R,4214,2010,0.529
ADH_IDHM_R,4215,1991,0.443
ADH_IDHM_R,4215,2000,0.484
ADH_IDHM_R,4215,2010,0.56
ADH_IDHM_R,4216,1991,0.434815242118947
ADH_IDHM_R,4216,2000,0.48328558584763465
ADH_IDHM_R,4216,2010,0.5671230565752537
ADH_IDHM_R,4217,1991,0.504
ADH_IDHM_R,4217,2000,0.533
ADH_IDHM_R,4217,2010,0.617
ADH_IDHM_R,4218,1991,0.3529999999999999
ADH_IDHM_R,4218,2000,0.417
ADH_IDHM_R,4218,2010,0.533
ADH_IDHM_R,4219,1991,0.419
ADH_IDHM_R,4219,2000,0.477
ADH_IDHM_R,4219,2010,0.536
ADH_IDHM_R,4220,1991,0.406
ADH_IDHM_R,4220,2000,0.43
ADH_IDHM_R,4220,2010,0.527
ADH_IDHM_R,4221,1991,0.435
ADH_IDHM_R,4221,2000,0.48400000000000004
ADH_IDHM_R,4221,2010,0.587
ADH_IDHM_R,4222,1991,0.464
ADH_IDHM_R,4222,2000,0.533
ADH_IDHM_R,4222,2010,0.62
ADH_IDHM_R,4223,1991,0.478
ADH_IDHM_R,4223,2000,0.519
ADH_IDHM_R,4223,2010,0.558
ADH_IDHM_R,4224,1991,0.485
ADH_IDHM_R,4224,2000,0.521
ADH_IDHM_R,4224,2010,0.574
ADH_IDHM_R,4225,1991,0.391
ADH_IDHM_R,4225,2000,0.383
ADH_IDHM_R,4225,2010,0.528
ADH_IDHM_R,4226,1991,0.501
ADH_IDHM_R,4226,2000,0.549
ADH_IDHM_R,4226,2010,0.62
ADH_IDHM_R,4227,1991,0.384
ADH_IDHM_R,4227,2000,0.425
ADH_IDHM_R,4227,2010,0.526
ADH_IDHM_R,4228,1991,0.442
ADH_IDHM_R,4228,2000,0.522
ADH_IDHM_R,4228,2010,0.585
ADH_IDHM_R,4229,1991,0.477
ADH_IDHM_R,4229,2000,0.503
ADH_IDHM_R,4229,2010,0.628
ADH_IDHM_R,4230,1991,0.391
ADH_IDHM_R,4230,2000,0.438
ADH_IDHM_R,4230,2010,0.522
ADH_IDHM_R,4231,1991,0.40238960402424867
ADH_IDHM_R,4231,2000,0.4415915203709837
ADH_IDHM_R,4231,2010,0.531023161868806
ADH_IDHM_R,4232,1991,0.44
ADH_IDHM_R,4232,2000,0.527
ADH_IDHM_R,4232,2010,0.595
ADH_IDHM_R,4233,1991,0.331
ADH_IDHM_R,4233,2000,0.444
ADH_IDHM_R,4233,2010,0.535
ADH_IDHM_R,4234,1991,0.378
ADH_IDHM_R,4234,2000,0.424
ADH_IDHM_R,4234,2010,0.503
ADH_IDHM_R,4235,1991,0.381
ADH_IDHM_R,4235,2000,0.484
ADH_IDHM_R,4235,2010,0.569
ADH_IDHM_R,4236,1991,0.385
ADH_IDHM_R,4236,2000,0.425
ADH_IDHM_R,4236,2010,0.521
ADH_IDHM_R,5001,1991,0.5
ADH_IDHM_R,5001,2000,0.559
ADH_IDHM_R,5001,2010,0.633
ADH_IDHM_R,5002,1991,0.5345489737924494
ADH_IDHM_R,5002,2000,0.5910260654137475
ADH_IDHM_R,5002,2010,0.6676197470378153
ADH_IDHM_R,5003,1991,0.415
ADH_IDHM_R,5003,2000,0.508
ADH_IDHM_R,5003,2010,0.56
ADH_IDHM_R,5004,1991,0.44
ADH_IDHM_R,5004,2000,0.409
ADH_IDHM_R,5004,2010,0.527
ADH_IDHM_R,5005,1991,0.46399999999999997
ADH_IDHM_R,5005,2000,0.479
ADH_IDHM_R,5005,2010,0.581
ADH_IDHM_R,5006,1991,0.439
ADH_IDHM_R,5006,2000,0.491
ADH_IDHM_R,5006,2010,0.578
ADH_IDHM_R,5007,1991,0.451
ADH_IDHM_R,5007,2000,0.578
ADH_IDHM_R,5007,2010,0.647
ADH_IDHM_R,5008,1991,0.44699357601713063
ADH_IDHM_R,5008,2000,0.54002998038666294
ADH_IDHM_R,5008,2010,0.5978757203360411
ADH_IDHM_R,5009,1991,0.397
ADH_IDHM_R,5009,2000,0.444
ADH_IDHM_R,5009,2010,0.554
ADH_IDHM_R,5010,1991,0.453
ADH_IDHM_R,5010,2000,0.497
ADH_IDHM_R,5010,2010,0.611
ADH_IDHM_R,5011,1991,0.44000000000000006
ADH_IDHM_R,5011,2000,0.509
ADH_IDHM_R,5011,2010,0.587
ADH_IDHM_R,5012,1991,0.39799734684032806
ADH_IDHM_R,5012,2000,0.5008947741782928
ADH_IDHM_R,5012,2010,0.6120255984830529
ADH_IDHM_R,5013,1991,0.449
ADH_IDHM_R,5013,2000,0.494
ADH_IDHM_R,5013,2010,0.59
ADH_IDHM_R,5014,1991,0.392
ADH_IDHM_R,5014,2000,0.47
ADH_IDHM_R,5014,2010,0.564
ADH_IDHM_R,5015,1991,0.364
ADH_IDHM_R,5015,2000,0.413
ADH_IDHM_R,5015,2010,0.542
ADH_IDHM_R,5016,1991,0.361998080167549
ADH_IDHM_R,5016,2000,0.46047905340582024
ADH_IDHM_R,5016,2010,0.5606431563385487
ADH_IDHM_R,5017,1991,0.432
ADH_IDHM_R,5017,2000,0.48600000000000004
ADH_IDHM_R,5017,2010,0.583
ADH_IDHM_R,5018,1991,0.428
ADH_IDHM_R,5018,2000,0.508
ADH_IDHM_R,5018,2010,0.585
ADH_IDHM_R,5019,1991,0.42099787567084074
ADH_IDHM_R,5019,2000,0.47250716208939153
ADH_IDHM_R,5019,2010,0.5617425202980758
ADH_IDHM_R,5020,1991,0.361
ADH_IDHM_R,5020,2000,0.47500000000000003
ADH_IDHM_R,5020,2010,0.553
ADH_IDHM_R,5021,1991,0.567
ADH_IDHM_R,5021,2000,0.632
ADH_IDHM_R,5021,2010,0.703
ADH_IDHM_R,5022,1991,0.424
ADH_IDHM_R,5022,2000,0.492
ADH_IDHM_R,5022,2010,0.554
ADH_IDHM_R,5023,1991,0.42700000000000005
ADH_IDHM_R,5023,2000,0.47000000000000003
ADH_IDHM_R,5023,2010,0.557
ADH_IDHM_R,5024,1991,0.41900000000000004
ADH_IDHM_R,5024,2000,0.49500000000000005
ADH_IDHM_R,5024,2010,0.594
ADH_IDHM_R,5025,1991,0.484
ADH_IDHM_R,5025,2000,0.594
ADH_IDHM_R,5025,2010,0.624
ADH_IDHM_R,5026,1991,0.468
ADH_IDHM_R,5026,2000,0.523
ADH_IDHM_R,5026,2010,0.599
ADH_IDHM_R,5027,1991,0.392
ADH_IDHM_R,5027,2000,0.4590000000000001
ADH_IDHM_R,5027,2010,0.573
ADH_IDHM_R,5028,1991,0.369
ADH_IDHM_R,5028,2000,0.444
ADH_IDHM_R,5028,2010,0.545
ADH_IDHM_R,5029,1991,0.341
ADH_IDHM_R,5029,2000,0.43699999999999994
ADH_IDHM_R,5029,2010,0.549
ADH_IDHM_R,5030,1991,0.509
ADH_IDHM_R,5030,2000,0.601
ADH_IDHM_R,5030,2010,0.602
ADH_IDHM_R,5031,1991,0.544
ADH_IDHM_R,5031,2000,0.603
ADH_IDHM_R,5031,2010,0.673
ADH_IDHM_R,5032,1991,0.372
ADH_IDHM_R,5032,2000,0.43399999999999994
ADH_IDHM_R,5032,2010,0.567
ADH_IDHM_R,5033,1991,0.578
ADH_IDHM_R,5033,2000,0.671
ADH_IDHM_R,5033,2010,0.75
ADH_IDHM_R,5034,1991,0.386
ADH_IDHM_R,5034,2000,0.465
ADH_IDHM_R,5034,2010,0.589
ADH_IDHM_R,5035,1991,0.43399999999999994
ADH_IDHM_R,5035,2000,0.513
ADH_IDHM_R,5035,2010,0.578
ADH_IDHM_R,5036,1991,0.392
ADH_IDHM_R,5036,2000,0.46199999999999997
ADH_IDHM_R,5036,2010,0.549
ADH_IDHM_R,5037,1991,0.48
ADH_IDHM_R,5037,2000,0.566
ADH_IDHM_R,5037,2010,0.64
ADH_IDHM_R,5038,1991,0.4769999999999999
ADH_IDHM_R,5038,2000,0.491
ADH_IDHM_R,5038,2010,0.582
ADH_IDHM_R,5039,1991,0.4239930784708249
ADH_IDHM_R,5039,2000,0.5127625093353249
ADH_IDHM_R,5039,2010,0.5914307692307692
ADH_IDHM_R,5040,1991,0.403
ADH_IDHM_R,5040,2000,0.49699999999999994
ADH_IDHM_R,5040,2010,0.582
ADH_IDHM_R,5041,1991,0.392
ADH_IDHM_R,5041,2000,0.469
ADH_IDHM_R,5041,2010,0.565
ADH_IDHM_R,5042,1991,0.424
ADH_IDHM_R,5042,2000,0.4630000000000001
ADH_IDHM_R,5042,2010,0.578
ADH_IDHM_R,5043,1991,0.465
ADH_IDHM_R,5043,2000,0.531
ADH_IDHM_R,5043,2010,0.619
ADH_IDHM_R,5044,1991,0.454
ADH_IDHM_R,5044,2000,0.4809999999999999
ADH_IDHM_R,5044,2010,0.564
ADH_IDHM_R,5045,1991,0.4569948425915977
ADH_IDHM_R,5045,2000,0.530351738598637
ADH_IDHM_R,5045,2010,0.6313087155963303
ADH_IDHM_R,5046,1991,0.479
ADH_IDHM_R,5046,2000,0.502
ADH_IDHM_R,5046,2010,0.632
ADH_IDHM_R,5047,1991,0.414
ADH_IDHM_R,5047,2000,0.45
ADH_IDHM_R,5047,2010,0.521
ADH_IDHM_R,5048,1991,0.4000007489701661
ADH_IDHM_R,5048,2000,0.49106317063775934
ADH_IDHM_R,5048,2010,0.5740023090244372
ADH_IDHM_R,5049,1991,0.49700000000000005
ADH_IDHM_R,5049,2000,0.522
ADH_IDHM_R,5049,2010,0.627
ADH_IDHM_R,5050,1991,0.483
ADH_IDHM_R,5050,2000,0.513
ADH_IDHM_R,5050,2010,0.588
ADH_IDHM_R,5051,1991,0.391
ADH_IDHM_R,5051,2000,0.519
ADH_IDHM_R,5051,2010,0.559
ADH_IDHM_R,5052,1991,0.397
ADH_IDHM_R,5052,2000,0.4769999999999999
ADH_IDHM_R,5052,2010,0.561
ADH_IDHM_R,5053,1991,0.41700000000000004
ADH_IDHM_R,5053,2000,0.487
ADH_IDHM_R,5053,2010,0.567
ADH_IDHM_R,5054,1991,0.422
ADH_IDHM_R,5054,2000,0.443
ADH_IDHM_R,5054,2010,0.511
ADH_IDHM_R,5055,1991,0.38900000000000007
ADH_IDHM_R,5055,2000,0.38
ADH_IDHM_R,5055,2010,0.528
ADH_IDHM_R,5056,1991,0.42299999999999993
ADH_IDHM_R,5056,2000,0.437
ADH_IDHM_R,5056,2010,0.557
ADH_IDHM_R,5057,1991,0.516
ADH_IDHM_R,5057,2000,0.537
ADH_IDHM_R,5057,2010,0.59
ADH_IDHM_R,5058,1991,0.505
ADH_IDHM_R,5058,2000,0.585
ADH_IDHM_R,5058,2010,0.647
ADH_IDHM_R,5059,1991,0.456
ADH_IDHM_R,5059,2000,0.523
ADH_IDHM_R,5059,2010,0.6
ADH_IDHM_R,5060,1991,0.378
ADH_IDHM_R,5060,2000,0.403
ADH_IDHM_R,5060,2010,0.49499999999999994
ADH_IDHM_R,5061,1991,0.37799999999999995
ADH_IDHM_R,5061,2000,0.48899999999999993
ADH_IDHM_R,5061,2010,0.583
ADH_IDHM_R,5062,1991,0.453
ADH_IDHM_R,5062,2000,0.526
ADH_IDHM_R,5062,2010,0.583
ADH_IDHM_R,5063,1991,0.4449917955930614
ADH_IDHM_R,5063,2000,0.4889925961888579
ADH_IDHM_R,5063,2010,0.5668446359718756
ADH_IDHM_R,5064,1991,0.395
ADH_IDHM_R,5064,2000,0.477
ADH_IDHM_R,5064,2010,0.58
ADH_IDHM_R,5065,1991,0.37
ADH_IDHM_R,5065,2000,0.41900000000000004
ADH_IDHM_R,5065,2010,0.529
ADH_IDHM_R,5066,1991,0.428
ADH_IDHM_R,5066,2000,0.483
ADH_IDHM_R,5066,2010,0.566
ADH_IDHM_R,5067,1991,0.38400000000000006
ADH_IDHM_R,5067,2000,0.463
ADH_IDHM_R,5067,2010,0.542
ADH_IDHM_R,5068,1991,0.405
ADH_IDHM_R,5068,2000,0.445
ADH_IDHM_R,5068,2010,0.551
ADH_IDHM_R,5069,1991,0.454
ADH_IDHM_R,5069,2000,0.518
ADH_IDHM_R,5069,2010,0.578
ADH_IDHM_R,5070,1991,0.387
ADH_IDHM_R,5070,2000,0.507
ADH_IDHM_R,5070,2010,0.559
ADH_IDHM_R,5071,1991,0.43600000000000005
ADH_IDHM_R,5071,2000,0.496
ADH_IDHM_R,5071,2010,0.624
ADH_IDHM_R,5072,1991,0.4039962071094646
ADH_IDHM_R,5072,2000,0.4600256156007272
ADH_IDHM_R,5072,2010,0.552531416400426
ADH_IDHM_R,5073,1991,0.478
ADH_IDHM_R,5073,2000,0.54
ADH_IDHM_R,5073,2010,0.613
ADH_IDHM_R,5074,1991,0.525
ADH_IDHM_R,5074,2000,0.566
ADH_IDHM_R,5074,2010,0.65
ADH_IDHM_R,5075,1991,0.365
ADH_IDHM_R,5075,2000,0.47
ADH_IDHM_R,5075,2010,0.571
ADH_IDHM_R,5076,1991,0.43699300813008124
ADH_IDHM_R,5076,2000,0.5102133943427621
ADH_IDHM_R,5076,2010,0.5711036212572503
ADH_IDHM_R,5077,1991,0.46999829869073156
ADH_IDHM_R,5077,2000,0.45514124753165286
ADH_IDHM_R,5077,2010,0.5643354146341464
ADH_IDHM_R,5078,1991,0.415
ADH_IDHM_R,5078,2000,0.49
ADH_IDHM_R,5078,2010,0.608
ADH_IDHM_R,5079,1991,0.442
ADH_IDHM_R,5079,2000,0.471
ADH_IDHM_R,5079,2010,0.553
ADH_IDHM_R,5080,1991,0.427
ADH_IDHM_R,5080,2000,0.482
ADH_IDHM_R,5080,2010,0.578
ADH_IDHM_R,5081,1991,0.401
ADH_IDHM_R,5081,2000,0.428
ADH_IDHM_R,5081,2010,0.56
ADH_IDHM_R,5082,1991,0.663
ADH_IDHM_R,5082,2000,0.712
ADH_IDHM_R,5082,2010,0.768
ADH_IDHM_R,5083,1991,0.523
ADH_IDHM_R,5083,2000,0.555
ADH_IDHM_R,5083,2010,0.601
ADH_IDHM_R,5084,1991,0.453
ADH_IDHM_R,5084,2000,0.49
ADH_IDHM_R,5084,2010,0.589
ADH_IDHM_R,5085,1991,0.424
ADH_IDHM_R,5085,2000,0.496
ADH_IDHM_R,5085,2010,0.577
ADH_IDHM_R,5086,1991,0.4660000000000001
ADH_IDHM_R,5086,2000,0.54
ADH_IDHM_R,5086,2010,0.61
ADH_IDHM_R,5087,1991,0.38399999999999995
ADH_IDHM_R,5087,2000,0.43099999999999994
ADH_IDHM_R,5087,2010,0.532
ADH_IDHM_R,5088,1991,0.437
ADH_IDHM_R,5088,2000,0.527
ADH_IDHM_R,5088,2010,0.582
ADH_IDHM_R,5089,1991,0.377
ADH_IDHM_R,5089,2000,0.47
ADH_IDHM_R,5089,2010,0.543
ADH_IDHM_R,5090,1991,0.479
ADH_IDHM_R,5090,2000,0.547
ADH_IDHM_R,5090,2010,0.625
ADH_IDHM_R,5091,1991,0.41
ADH_IDHM_R,5091,2000,0.487
ADH_IDHM_R,5091,2010,0.565
ADH_IDHM_R,5092,1991,0.394
ADH_IDHM_R,5092,2000,0.456
ADH_IDHM_R,5092,2010,0.547
ADH_IDHM_R,5093,1991,0.465
ADH_IDHM_R,5093,2000,0.584
ADH_IDHM_R,5093,2010,0.599
ADH_IDHM_R,5094,1991,0.44099574175824174
ADH_IDHM_R,5094,2000,0.5187696590909092
ADH_IDHM_R,5094,2010,0.5770667313758796
ADH_IDHM_R,5095,1991,0.563
ADH_IDHM_R,5095,2000,0.602
ADH_IDHM_R,5095,2010,0.666
ADH_IDHM_R,5096,1991,0.406
ADH_IDHM_R,5096,2000,0.465
ADH_IDHM_R,5096,2010,0.526
ADH_IDHM_R,5097,1991,0.425
ADH_IDHM_R,5097,2000,0.403
ADH_IDHM_R,5097,2010,0.53
ADH_IDHM_R,5098,1991,0.418
ADH_IDHM_R,5098,2000,0.542
ADH_IDHM_R,5098,2010,0.577
ADH_IDHM_R,5099,1991,0.445
ADH_IDHM_R,5099,2000,0.504
ADH_IDHM_R,5099,2010,0.562
ADH_IDHM_R,5100,1991,0.466
ADH_IDHM_R,5100,2000,0.52
ADH_IDHM_R,5100,2010,0.633
ADH_IDHM_R,5101,1991,0.463
ADH_IDHM_R,5101,2000,0.472
ADH_IDHM_R,5101,2010,0.566
ADH_IDHM_R,5102,1991,0.414
ADH_IDHM_R,5102,2000,0.453
ADH_IDHM_R,5102,2010,0.562
ADH_IDHM_R,5103,1991,0.388
ADH_IDHM_R,5103,2000,0.488
ADH_IDHM_R,5103,2010,0.581
ADH_IDHM_R,5104,1991,0.421
ADH_IDHM_R,5104,2000,0.548
ADH_IDHM_R,5104,2010,0.552
ADH_IDHM_R,5105,1991,0.386
ADH_IDHM_R,5105,2000,0.45
ADH_IDHM_R,5105,2010,0.516
ADH_IDHM_R,5106,1991,0.43300000000000005
ADH_IDHM_R,5106,2000,0.482
ADH_IDHM_R,5106,2010,0.588
ADH_IDHM_R,5107,1991,0.398
ADH_IDHM_R,5107,2000,0.492
ADH_IDHM_R,5107,2010,0.583
ADH_IDHM_R,5108,1991,0.411
ADH_IDHM_R,5108,2000,0.482
ADH_IDHM_R,5108,2010,0.545
ADH_IDHM_R,5109,1991,0.318
ADH_IDHM_R,5109,2000,0.42
ADH_IDHM_R,5109,2010,0.545
ADH_IDHM_R,5110,1991,0.37599999999999995
ADH_IDHM_R,5110,2000,0.49899999999999994
ADH_IDHM_R,5110,2010,0.561
ADH_IDHM_R,5111,1991,0.384
ADH_IDHM_R,5111,2000,0.519
ADH_IDHM_R,5111,2010,0.561
ADH_IDHM_R,5112,1991,0.315
ADH_IDHM_R,5112,2000,0.448
ADH_IDHM_R,5112,2010,0.548
ADH_IDHM_R,5113,1991,0.465
ADH_IDHM_R,5113,2000,0.53
ADH_IDHM_R,5113,2010,0.597
ADH_IDHM_R,5114,1991,0.426
ADH_IDHM_R,5114,2000,0.501
ADH_IDHM_R,5114,2010,0.595
ADH_IDHM_R,5115,1991,0.46699999999999997
ADH_IDHM_R,5115,2000,0.526
ADH_IDHM_R,5115,2010,0.595
ADH_IDHM_R,5116,1991,0.39
ADH_IDHM_R,5116,2000,0.44499999999999995
ADH_IDHM_R,5116,2010,0.526
ADH_IDHM_R,5117,1991,0.463
ADH_IDHM_R,5117,2000,0.512
ADH_IDHM_R,5117,2010,0.591
ADH_IDHM_R,5118,1991,0.456
ADH_IDHM_R,5118,2000,0.496
ADH_IDHM_R,5118,2010,0.581
ADH_IDHM_R,5119,1991,0.486
ADH_IDHM_R,5119,2000,0.543
ADH_IDHM_R,5119,2010,0.619
ADH_IDHM_R,5120,1991,0.504
ADH_IDHM_R,5120,2000,0.538
ADH_IDHM_R,5120,2010,0.62
ADH_IDHM_R,5121,1991,0.4749999999999999
ADH_IDHM_R,5121,2000,0.523
ADH_IDHM_R,5121,2010,0.599
ADH_IDHM_R,5122,1991,0.44199999999999995
ADH_IDHM_R,5122,2000,0.495
ADH_IDHM_R,5122,2010,0.564
ADH_IDHM_R,5123,1991,0.5
ADH_IDHM_R,5123,2000,0.599
ADH_IDHM_R,5123,2010,0.634
ADH_IDHM_R,5124,1991,0.4309974162634472
ADH_IDHM_R,5124,2000,0.4596294062685806
ADH_IDHM_R,5124,2010,0.5632627223034875
ADH_IDHM_R,5125,1991,0.42399748557905637
ADH_IDHM_R,5125,2000,0.4766014552017824
ADH_IDHM_R,5125,2010,0.5611277446615861
ADH_IDHM_R,5126,1991,0.418
ADH_IDHM_R,5126,2000,0.454
ADH_IDHM_R,5126,2010,0.574
ADH_IDHM_R,5127,1991,0.422
ADH_IDHM_R,5127,2000,0.527
ADH_IDHM_R,5127,2010,0.588
ADH_IDHM_R,5128,1991,0.41
ADH_IDHM_R,5128,2000,0.47900000000000004
ADH_IDHM_R,5128,2010,0.565
ADH_IDHM_R,5129,1991,0.43899999999999995
ADH_IDHM_R,5129,2000,0.502
ADH_IDHM_R,5129,2010,0.606
ADH_IDHM_R,5130,1991,0.367
ADH_IDHM_R,5130,2000,0.456
ADH_IDHM_R,5130,2010,0.523
ADH_IDHM_R,5131,1991,0.442
ADH_IDHM_R,5131,2000,0.516
ADH_IDHM_R,5131,2010,0.543
ADH_IDHM_R,5132,1991,0.319
ADH_IDHM_R,5132,2000,0.41200000000000003
ADH_IDHM_R,5132,2010,0.551
ADH_IDHM_R,5133,1991,0.482
ADH_IDHM_R,5133,2000,0.525
ADH_IDHM_R,5133,2010,0.578
ADH_IDHM_R,5134,1991,0.343
ADH_IDHM_R,5134,2000,0.458
ADH_IDHM_R,5134,2010,0.547
ADH_IDHM_R,5135,1991,0.41
ADH_IDHM_R,5135,2000,0.469
ADH_IDHM_R,5135,2010,0.579
ADH_IDHM_R,5136,1991,0.359
ADH_IDHM_R,5136,2000,0.427
ADH_IDHM_R,5136,2010,0.528
ADH_IDHM_R,5137,1991,0.442
ADH_IDHM_R,5137,2000,0.5
ADH_IDHM_R,5137,2010,0.57
ADH_IDHM_R,5138,1991,0.391
ADH_IDHM_R,5138,2000,0.4680000000000001
ADH_IDHM_R,5138,2010,0.544
ADH_IDHM_R,5139,1991,0.445
ADH_IDHM_R,5139,2000,0.47000000000000003
ADH_IDHM_R,5139,2010,0.566
ADH_IDHM_R,5140,1991,0.379
ADH_IDHM_R,5140,2000,0.434
ADH_IDHM_R,5140,2010,0.57
ADH_IDHM_R,5141,1991,0.44
ADH_IDHM_R,5141,2000,0.559
ADH_IDHM_R,5141,2010,0.672
ADH_IDHM_R,5142,1991,0.519
ADH_IDHM_R,5142,2000,0.605
ADH_IDHM_R,5142,2010,0.614
ADH_IDHM_R,5143,1991,0.47200000000000003
ADH_IDHM_R,5143,2000,0.516
ADH_IDHM_R,5143,2010,0.59
ADH_IDHM_R,5144,1991,0.425
ADH_IDHM_R,5144,2000,0.449
ADH_IDHM_R,5144,2010,0.542
ADH_IDHM_R,5145,1991,0.451
ADH_IDHM_R,5145,2000,0.54
ADH_IDHM_R,5145,2010,0.558
ADH_IDHM_R,5146,1991,0.371
ADH_IDHM_R,5146,2000,0.441
ADH_IDHM_R,5146,2010,0.552
ADH_IDHM_R,5147,1991,0.434
ADH_IDHM_R,5147,2000,0.582
ADH_IDHM_R,5147,2010,0.561
ADH_IDHM_R,6001,1991,0.332
ADH_IDHM_R,6001,2000,0.466
ADH_IDHM_R,6001,2010,0.542
ADH_IDHM_R,6002,1991,0.386
ADH_IDHM_R,6002,2000,0.42899999999999994
ADH_IDHM_R,6002,2010,0.632
ADH_IDHM_R,6003,1991,0.4670000000000001
ADH_IDHM_R,6003,2000,0.504
ADH_IDHM_R,6003,2010,0.576
ADH_IDHM_R,6004,1991,0.40899798549556804
ADH_IDHM_R,6004,2000,0.48077101628348257
ADH_IDHM_R,6004,2010,0.5605190400799932
ADH_IDHM_R,6005,1991,0.38
ADH_IDHM_R,6005,2000,0.485
ADH_IDHM_R,6005,2010,0.574
ADH_IDHM_R,6006,1991,0.47099536967437383
ADH_IDHM_R,6006,2000,0.47403445589126486
ADH_IDHM_R,6006,2010,0.5732103120389092
ADH_IDHM_R,6007,1991,0.47899236952469715
ADH_IDHM_R,6007,2000,0.49496945628686556
ADH_IDHM_R,6007,2010,0.5848831403218528
ADH_IDHM_R,6008,1991,0.448
ADH_IDHM_R,6008,2000,0.489
ADH_IDHM_R,6008,2010,0.544
ADH_IDHM_R,6009,1991,0.3539958704528582
ADH_IDHM_R,6009,2000,0.4986676734308636
ADH_IDHM_R,6009,2010,0.5845651291762478
ADH_IDHM_R,6010,1991,0.44699303580755617
ADH_IDHM_R,6010,2000,0.5098728798534367
ADH_IDHM_R,6010,2010,0.5945214899713466
ADH_IDHM_R,6011,1991,0.4909930881107924
ADH_IDHM_R,6011,2000,0.5538081134620759
ADH_IDHM_R,6011,2010,0.6243503707657192
ADH_IDHM_R,6012,1991,0.381
ADH_IDHM_R,6012,2000,0.445
ADH_IDHM_R,6012,2010,0.54
ADH_IDHM_R,6013,1991,0.435
ADH_IDHM_R,6013,2000,0.473
ADH_IDHM_R,6013,2010,0.569
ADH_IDHM_R,6014,1991,0.4379914510811868
ADH_IDHM_R,6014,2000,0.44983235385091247
ADH_IDHM_R,6014,2010,0.5439855949424249
ADH_IDHM_R,6015,1991,0.446
ADH_IDHM_R,6015,2000,0.5
ADH_IDHM_R,6015,2010,0.593
ADH_IDHM_R,6016,1991,0.38997329462989844
ADH_IDHM_R,6016,2000,0.46774993877051185
ADH_IDHM_R,6016,2010,0.5659999999999998
ADH_IDHM_R,6017,1991,0.48399999999999993
ADH_IDHM_R,6017,2000,0.49699999999999994
ADH_IDHM_R,6017,2010,0.573
ADH_IDHM_R,6018,1991,0.4059977430555556
ADH_IDHM_R,6018,2000,0.45137516493705643
ADH_IDHM_R,6018,2010,0.5229678053754826
ADH_IDHM_R,6019,1991,0.38752667486170866
ADH_IDHM_R,6019,2000,0.4684965927689332
ADH_IDHM_R,6019,2010,0.5644125160985097
ADH_IDHM_R,6020,1991,0.38400000000000006
ADH_IDHM_R,6020,2000,0.44699999999999995
ADH_IDHM_R,6020,2010,0.541
ADH_IDHM_R,6021,1991,0.431
ADH_IDHM_R,6021,2000,0.467
ADH_IDHM_R,6021,2010,0.555
ADH_IDHM_R,6022,1991,0.4559942845046571
ADH_IDHM_R,6022,2000,0.4996372656064562
ADH_IDHM_R,6022,2010,0.582837180286962
ADH_IDHM_R,6023,1991,0.3859966511955819
ADH_IDHM_R,6023,2000,0.4406564512282375
ADH_IDHM_R,6023,2010,0.5319721886970668
ADH_IDHM_R,6024,1991,0.458
ADH_IDHM_R,6024,2000,0.502
ADH_IDHM_R,6024,2010,0.584
ADH_IDHM_R,6025,1991,0.482
ADH_IDHM_R,6025,2000,0.542
ADH_IDHM_R,6025,2010,0.619
ADH_IDHM_R,6026,1991,0.415
ADH_IDHM_R,6026,2000,0.488
ADH_IDHM_R,6026,2010,0.557
ADH_IDHM_R,6027,1991,0.411
ADH_IDHM_R,6027,2000,0.459
ADH_IDHM_R,6027,2010,0.55
ADH_IDHM_R,6028,1991,0.36399151503723953
ADH_IDHM_R,6028,2000,0.47538873579056146
ADH_IDHM_R,6028,2010,0.5649947132980886
ADH_IDHM_R,6029,1991,0.37400000000000005
ADH_IDHM_R,6029,2000,0.448
ADH_IDHM_R,6029,2010,0.566
ADH_IDHM_R,6030,1991,0.5839997027348395
ADH_IDHM_R,6030,2000,0.6456446987904993
ADH_IDHM_R,6030,2010,0.7002183118741059
ADH_IDHM_R,6031,1991,0.425
ADH_IDHM_R,6031,2000,0.46900000000000003
ADH_IDHM_R,6031,2010,0.584
ADH_IDHM_R,6032,1991,0.399
ADH_IDHM_R,6032,2000,0.4769999999999999
ADH_IDHM_R,6032,2010,0.558
ADH_IDHM_R,6033,1991,0.391
ADH_IDHM_R,6033,2000,0.49100000000000005
ADH_IDHM_R,6033,2010,0.564
ADH_IDHM_R,6034,1991,0.329
ADH_IDHM_R,6034,2000,0.465
ADH_IDHM_R,6034,2010,0.575
ADH_IDHM_R,6035,1991,0.435
ADH_IDHM_R,6035,2000,0.48799999999999993
ADH_IDHM_R,6035,2010,0.544
ADH_IDHM_R,6036,1991,0.4299989196975153
ADH_IDHM_R,6036,2000,0.5174832835820896
ADH_IDHM_R,6036,2010,0.5704508002971567
ADH_IDHM_R,6037,1991,0.381
ADH_IDHM_R,6037,2000,0.503
ADH_IDHM_R,6037,2010,0.564
ADH_IDHM_R,6038,1991,0.416
ADH_IDHM_R,6038,2000,0.49399999999999994
ADH_IDHM_R,6038,2010,0.565
ADH_IDHM_R,6039,1991,0.4519901310467562
ADH_IDHM_R,6039,2000,0.5157843803056028
ADH_IDHM_R,6039,2010,0.5834138162307175
ADH_IDHM_R,6040,1991,0.557
ADH_IDHM_R,6040,2000,0.697
ADH_IDHM_R,6040,2010,0.782
ADH_IDHM_R,6041,1991,0.357
ADH_IDHM_R,6041,2000,0.467
ADH_IDHM_R,6041,2010,0.583
ADH_IDHM_R,6042,1991,0.38099999999999995
ADH_IDHM_R,6042,2000,0.452
ADH_IDHM_R,6042,2010,0.553
ADH_IDHM_R,6043,1991,0.399
ADH_IDHM_R,6043,2000,0.44
ADH_IDHM_R,6043,2010,0.551
ADH_IDHM_R,6044,1991,0.3849940494832446
ADH_IDHM_R,6044,2000,0.4131148501362398
ADH_IDHM_R,6044,2010,0.5279875042215467
ADH_IDHM_R,6045,1991,0.3799983855650522
ADH_IDHM_R,6045,2000,0.4680510546947918
ADH_IDHM_R,6045,2010,0.567286149435585
ADH_IDHM_R,6046,1991,0.508
ADH_IDHM_R,6046,2000,0.58
ADH_IDHM_R,6046,2010,0.668
ADH_IDHM_R,6047,1991,0.49798990231310425
ADH_IDHM_R,6047,2000,0.5220544845952748
ADH_IDHM_R,6047,2010,0.6109089139927852
ADH_IDHM_R,6048,1991,0.409
ADH_IDHM_R,6048,2000,0.455
ADH_IDHM_R,6048,2010,0.562
ADH_IDHM_R,6049,1991,0.4099999999999999
ADH_IDHM_R,6049,2000,0.466
ADH_IDHM_R,6049,2010,0.549
ADH_IDHM_R,6050,1991,0.464993926638605
ADH_IDHM_R,6050,2000,0.495832018970937
ADH_IDHM_R,6050,2010,0.5680010958442215
ADH_IDHM_R,6051,1991,0.4539961528256833
ADH_IDHM_R,6051,2000,0.5074722359328727
ADH_IDHM_R,6051,2010,0.600025718791702
ADH_IDHM_R,6052,1991,0.425
ADH_IDHM_R,6052,2000,0.48199999999999993
ADH_IDHM_R,6052,2010,0.529
ADH_IDHM_R,6053,1991,0.46199685332844537
ADH_IDHM_R,6053,2000,0.49988690700048355
ADH_IDHM_R,6053,2010,0.5710880270214216
ADH_IDHM_R,6054,1991,0.348
ADH_IDHM_R,6054,2000,0.47
ADH_IDHM_R,6054,2010,0.553
ADH_IDHM_R,6055,1991,0.442
ADH_IDHM_R,6055,2000,0.533
ADH_IDHM_R,6055,2010,0.617
ADH_IDHM_R,6056,1991,0.3769993969935823
ADH_IDHM_R,6056,2000,0.4584904325154802
ADH_IDHM_R,6056,2010,0.571021413569537
ADH_IDHM_R,6057,1991,0.418
ADH_IDHM_R,6057,2000,0.476
ADH_IDHM_R,6057,2010,0.573
ADH_IDHM_R,6058,1991,0.423
ADH_IDHM_R,6058,2000,0.516
ADH_IDHM_R,6058,2010,0.591
ADH_IDHM_R,6059,1991,0.387
ADH_IDHM_R,6059,2000,0.48199999999999993
ADH_IDHM_R,6059,2010,0.562
ADH_IDHM_R,6060,1991,0.43199999999999994
ADH_IDHM_R,6060,2000,0.49
ADH_IDHM_R,6060,2010,0.578
ADH_IDHM_R,6061,1991,0.45399536628420123
ADH_IDHM_R,6061,2000,0.5323281740527123
ADH_IDHM_R,6061,2010,0.5965586001085187
ADH_IDHM_R,6062,1991,0.42399999999999993
ADH_IDHM_R,6062,2000,0.47300000000000003
ADH_IDHM_R,6062,2010,0.531
ADH_IDHM_R,6063,1991,0.382
ADH_IDHM_R,6063,2000,0.498
ADH_IDHM_R,6063,2010,0.545
ADH_IDHM_R,6064,1991,0.396998704327546
ADH_IDHM_R,6064,2000,0.4883160042583393
ADH_IDHM_R,6064,2010,0.5681129736034907
ADH_IDHM_R,6065,1991,0.374
ADH_IDHM_R,6065,2000,0.463
ADH_IDHM_R,6065,2010,0.563
ADH_IDHM_R,6066,1991,0.407
ADH_IDHM_R,6066,2000,0.44499999999999995
ADH_IDHM_R,6066,2010,0.613
ADH_IDHM_R,6067,1991,0.492
ADH_IDHM_R,6067,2000,0.556
ADH_IDHM_R,6067,2010,0.554
ADH_IDHM_R,6068,1991,0.316
ADH_IDHM_R,6068,2000,0.438
ADH_IDHM_R,6068,2010,0.562
ADH_IDHM_R,6069,1991,0.405
ADH_IDHM_R,6069,2000,0.433
ADH_IDHM_R,6069,2010,0.524
ADH_IDHM_R,6070,1991,0.3869993204675184
ADH_IDHM_R,6070,2000,0.48105150096392174
ADH_IDHM_R,6070,2010,0.5589817004854973
ADH_IDHM_R,6071,1991,0.363
ADH_IDHM_R,6071,2000,0.437
ADH_IDHM_R,6071,2010,0.554
ADH_IDHM_R,6072,1991,0.45799999999999996
ADH_IDHM_R,6072,2000,0.523
ADH_IDHM_R,6072,2010,0.598
ADH_IDHM_R,6073,1991,0.36
ADH_IDHM_R,6073,2000,0.451
ADH_IDHM_R,6073,2010,0.543
ADH_IDHM_R,6074,1991,0.446
ADH_IDHM_R,6074,2000,0.502
ADH_IDHM_R,6074,2010,0.631
ADH_IDHM_R,6075,1991,0.494
ADH_IDHM_R,6075,2000,0.56
ADH_IDHM_R,6075,2010,0.641
ADH_IDHM_R,6076,1991,0.373
ADH_IDHM_R,6076,2000,0.46199999999999997
ADH_IDHM_R,6076,2010,0.544
ADH_IDHM_R,6077,1991,0.42599374279598223
ADH_IDHM_R,6077,2000,0.5260334585793524
ADH_IDHM_R,6077,2010,0.5723594962911851
ADH_IDHM_R,6078,1991,0.3
ADH_IDHM_R,6078,2000,0.447
ADH_IDHM_R,6078,2010,0.548
ADH_IDHM_R,6079,1991,0.364
ADH_IDHM_R,6079,2000,0.409
ADH_IDHM_R,6079,2010,0.524
ADH_IDHM_R,6080,1991,0.41799944756468094
ADH_IDHM_R,6080,2000,0.4904470846365716
ADH_IDHM_R,6080,2010,0.5707201924790589
ADH_IDHM_R,6081,1991,0.457
ADH_IDHM_R,6081,2000,0.52
ADH_IDHM_R,6081,2010,0.592
ADH_IDHM_R,6082,1991,0.427
ADH_IDHM_R,6082,2000,0.525
ADH_IDHM_R,6082,2010,0.607
ADH_IDHM_R,6083,1991,0.42100000000000004
ADH_IDHM_R,6083,2000,0.492
ADH_IDHM_R,6083,2010,0.543
ADH_IDHM_R,6084,1991,0.405
ADH_IDHM_R,6084,2000,0.436
ADH_IDHM_R,6084,2010,0.549
ADH_IDHM_R,6085,1991,0.3989980921231943
ADH_IDHM_R,6085,2000,0.45560300000000004
ADH_IDHM_R,6085,2010,0.5466866088192013
ADH_IDHM_R,6086,1991,0.4279918596046094
ADH_IDHM_R,6086,2000,0.48958914964949707
ADH_IDHM_R,6086,2010,0.5740974609375
ADH_IDHM_R,6087,1991,0.659
ADH_IDHM_R,6087,2000,0.71
ADH_IDHM_R,6087,2010,0.77
ADH_IDHM_R,6088,1991,0.431
ADH_IDHM_R,6088,2000,0.49099999999999994
ADH_IDHM_R,6088,2010,0.544
ADH_IDHM_R,6089,1991,0.39
ADH_IDHM_R,6089,2000,0.469
ADH_IDHM_R,6089,2010,0.571
ADH_IDHM_R,6090,1991,0.405
ADH_IDHM_R,6090,2000,0.477
ADH_IDHM_R,6090,2010,0.544
ADH_IDHM_R,6091,1991,0.299
ADH_IDHM_R,6091,2000,0.44400000000000006
ADH_IDHM_R,6091,2010,0.552
ADH_IDHM_R,6092,1991,0.33
ADH_IDHM_R,6092,2000,0.4600000000000001
ADH_IDHM_R,6092,2010,0.533
ADH_IDHM_R,6093,1991,0.426
ADH_IDHM_R,6093,2000,0.46
ADH_IDHM_R,6093,2010,0.539
ADH_IDHM_R,6094,1991,0.518
ADH_IDHM_R,6094,2000,0.533
ADH_IDHM_R,6094,2010,0.621
ADH_IDHM_R,6095,1991,0.273
ADH_IDHM_R,6095,2000,0.419
ADH_IDHM_R,6095,2010,0.532
ADH_IDHM_R,6096,1991,0.3509999999999999
ADH_IDHM_R,6096,2000,0.428
ADH_IDHM_R,6096,2010,0.523
ADH_IDHM_R,6097,1991,0.404
ADH_IDHM_R,6097,2000,0.4789999999999999
ADH_IDHM_R,6097,2010,0.577
ADH_IDHM_R,6098,1991,0.343
ADH_IDHM_R,6098,2000,0.415
ADH_IDHM_R,6098,2010,0.52
ADH_IDHM_R,6099,1991,0.416
ADH_IDHM_R,6099,2000,0.526
ADH_IDHM_R,6099,2010,0.62
ADH_IDHM_R,6100,1991,0.367
ADH_IDHM_R,6100,2000,0.434
ADH_IDHM_R,6100,2010,0.537
ADH_IDHM_R,6101,1991,0.4579975302270717
ADH_IDHM_R,6101,2000,0.4976773865469594
ADH_IDHM_R,6101,2010,0.5527950629393494
ADH_IDHM_R,6102,1991,0.418
ADH_IDHM_R,6102,2000,0.49799999999999994
ADH_IDHM_R,6102,2010,0.553
ADH_IDHM_R,6103,1991,0.41999999999999993
ADH_IDHM_R,6103,2000,0.477
ADH_IDHM_R,6103,2010,0.552
ADH_IDHM_R,6104,1991,0.433
ADH_IDHM_R,6104,2000,0.471
ADH_IDHM_R,6104,2010,0.533
ADH_IDHM_R,6105,1991,0.41099965817808914
ADH_IDHM_R,6105,2000,0.46933553135119227
ADH_IDHM_R,6105,2010,0.5583146525980489
ADH_IDHM_R,6106,1991,0.36700000000000005
ADH_IDHM_R,6106,2000,0.451
ADH_IDHM_R,6106,2010,0.538
ADH_IDHM_R,6107,1991,0.332
ADH_IDHM_R,6107,2000,0.466
ADH_IDHM_R,6107,2010,0.545
ADH_IDHM_R,6108,1991,0.434
ADH_IDHM_R,6108,2000,0.467
ADH_IDHM_R,6108,2010,0.579
ADH_IDHM_R,6109,1991,0.448
ADH_IDHM_R,6109,2000,0.536
ADH_IDHM_R,6109,2010,0.625
ADH_IDHM_R,6110,1991,0.391
ADH_IDHM_R,6110,2000,0.47700000000000004
ADH_IDHM_R,6110,2010,0.548
ADH_IDHM_R,6111,1991,0.41000000000000003
ADH_IDHM_R,6111,2000,0.44899999999999995
ADH_IDHM_R,6111,2010,0.516
ADH_IDHM_R,6112,1991,0.346
ADH_IDHM_R,6112,2000,0.43
ADH_IDHM_R,6112,2010,0.528
ADH_IDHM_R,6113,1991,0.43
ADH_IDHM_R,6113,2000,0.487
ADH_IDHM_R,6113,2010,0.576
ADH_IDHM_R,6114,1991,0.348
ADH_IDHM_R,6114,2000,0.433
ADH_IDHM_R,6114,2010,0.557
ADH_IDHM_R,6115,1991,0.409
ADH_IDHM_R,6115,2000,0.478
ADH_IDHM_R,6115,2010,0.567
ADH_IDHM_R,6116,1991,0.384
ADH_IDHM_R,6116,2000,0.405
ADH_IDHM_R,6116,2010,0.533
ADH_IDHM_R,6117,1991,0.397
ADH_IDHM_R,6117,2000,0.511
ADH_IDHM_R,6117,2010,0.531
ADH_IDHM_R,6118,1991,0.38199999999999995
ADH_IDHM_R,6118,2000,0.493
ADH_IDHM_R,6118,2010,0.585
ADH_IDHM_R,6119,1991,0.35000048535835626
ADH_IDHM_R,6119,2000,0.47744625874753277
ADH_IDHM_R,6119,2010,0.5518256058004198
ADH_IDHM_R,6120,1991,0.535
ADH_IDHM_R,6120,2000,0.595
ADH_IDHM_R,6120,2010,0.667
ADH_IDHM_R,6121,1991,0.423
ADH_IDHM_R,6121,2000,0.508
ADH_IDHM_R,6121,2010,0.587
ADH_IDHM_R,6122,1991,0.343
ADH_IDHM_R,6122,2000,0.435
ADH_IDHM_R,6122,2010,0.532
ADH_IDHM_R,6123,1991,0.388
ADH_IDHM_R,6123,2000,0.46
ADH_IDHM_R,6123,2010,0.564
ADH_IDHM_R,6124,1991,0.472
ADH_IDHM_R,6124,2000,0.479
ADH_IDHM_R,6124,2010,0.568
ADH_IDHM_R,6125,1991,0.404
ADH_IDHM_R,6125,2000,0.519
ADH_IDHM_R,6125,2010,0.593
ADH_IDHM_R,6126,1991,0.3959997821983447
ADH_IDHM_R,6126,2000,0.4882811387900356
ADH_IDHM_R,6126,2010,0.538392718126834
ADH_IDHM_R,6127,1991,0.413
ADH_IDHM_R,6127,2000,0.443
ADH_IDHM_R,6127,2010,0.559
ADH_IDHM_R,6128,1991,0.348
ADH_IDHM_R,6128,2000,0.458
ADH_IDHM_R,6128,2010,0.532
ADH_IDHM_R,6129,1991,0.412
ADH_IDHM_R,6129,2000,0.511
ADH_IDHM_R,6129,2010,0.566
ADH_IDHM_R,6130,1991,0.425
ADH_IDHM_R,6130,2000,0.556
ADH_IDHM_R,6130,2010,0.538
ADH_IDHM_R,6131,1991,0.419
ADH_IDHM_R,6131,2000,0.47
ADH_IDHM_R,6131,2010,0.556
ADH_IDHM_R,6132,1991,0.4409879811273901
ADH_IDHM_R,6132,2000,0.5128659660307816
ADH_IDHM_R,6132,2010,0.585656754176611
ADH_IDHM_R,6133,1991,0.3990000000000001
ADH_IDHM_R,6133,2000,0.512
ADH_IDHM_R,6133,2010,0.5659999999999998
ADH_IDHM_R,6134,1991,0.43099725657746796
ADH_IDHM_R,6134,2000,0.49793388216025175
ADH_IDHM_R,6134,2010,0.5889156536742216
ADH_IDHM_R,6135,1991,0.432
ADH_IDHM_R,6135,2000,0.461
ADH_IDHM_R,6135,2010,0.574
ADH_IDHM_R,6136,1991,0.404
ADH_IDHM_R,6136,2000,0.499
ADH_IDHM_R,6136,2010,0.578
ADH_IDHM_R,6137,1991,0.34
ADH_IDHM_R,6137,2000,0.45599999999999996
ADH_IDHM_R,6137,2010,0.564
ADH_IDHM_R,6138,1991,0.436998103115334
ADH_IDHM_R,6138,2000,0.47917672443554515
ADH_IDHM_R,6138,2010,0.5567023670557718
ADH_IDHM_R,6139,1991,0.363
ADH_IDHM_R,6139,2000,0.468
ADH_IDHM_R,6139,2010,0.546
ADH_IDHM_R,6140,1991,0.301
ADH_IDHM_R,6140,2000,0.442
ADH_IDHM_R,6140,2010,0.531
ADH_IDHM_R,6141,1991,0.386
ADH_IDHM_R,6141,2000,0.461
ADH_IDHM_R,6141,2010,0.531
ADH_IDHM_R,6142,1991,0.40999890571905767
ADH_IDHM_R,6142,2000,0.43351513641460077
ADH_IDHM_R,6142,2010,0.5324818250188017
ADH_IDHM_R,6143,1991,0.373
ADH_IDHM_R,6143,2000,0.48
ADH_IDHM_R,6143,2010,0.578
ADH_IDHM_R,6144,1991,0.433
ADH_IDHM_R,6144,2000,0.498
ADH_IDHM_R,6144,2010,0.57
ADH_IDHM_R,6145,1991,0.485
ADH_IDHM_R,6145,2000,0.542
ADH_IDHM_R,6145,2010,0.62
ADH_IDHM_R,6146,1991,0.356
ADH_IDHM_R,6146,2000,0.407
ADH_IDHM_R,6146,2010,0.48799999999999993
ADH_IDHM_R,6147,1991,0.332
ADH_IDHM_R,6147,2000,0.453
ADH_IDHM_R,6147,2010,0.568
ADH_IDHM_R,6148,1991,0.476
ADH_IDHM_R,6148,2000,0.528
ADH_IDHM_R,6148,2010,0.597
ADH_IDHM_R,6149,1991,0.333
ADH_IDHM_R,6149,2000,0.458
ADH_IDHM_R,6149,2010,0.586
ADH_IDHM_R,6150,1991,0.48500000000000004
ADH_IDHM_R,6150,2000,0.536
ADH_IDHM_R,6150,2010,0.597
ADH_IDHM_R,6151,1991,0.334
ADH_IDHM_R,6151,2000,0.45
ADH_IDHM_R,6151,2010,0.523
ADH_IDHM_R,6152,1991,0.352
ADH_IDHM_R,6152,2000,0.421
ADH_IDHM_R,6152,2010,0.53
ADH_IDHM_R,6153,1991,0.292
ADH_IDHM_R,6153,2000,0.42200000000000004
ADH_IDHM_R,6153,2010,0.545
ADH_IDHM_R,6154,1991,0.3479999999999999
ADH_IDHM_R,6154,2000,0.464
ADH_IDHM_R,6154,2010,0.543
ADH_IDHM_R,6155,1991,0.395
ADH_IDHM_R,6155,2000,0.48299999999999993
ADH_IDHM_R,6155,2010,0.594
ADH_IDHM_R,6156,1991,0.348
ADH_IDHM_R,6156,2000,0.447
ADH_IDHM_R,6156,2010,0.549
ADH_IDHM_R,6157,1991,0.405
ADH_IDHM_R,6157,2000,0.496
ADH_IDHM_R,6157,2010,0.584
ADH_IDHM_R,6158,1991,0.417
ADH_IDHM_R,6158,2000,0.535
ADH_IDHM_R,6158,2010,0.617
ADH_IDHM_R,6159,1991,0.392
ADH_IDHM_R,6159,2000,0.459
ADH_IDHM_R,6159,2010,0.516
ADH_IDHM_R,6160,1991,0.416
ADH_IDHM_R,6160,2000,0.533
ADH_IDHM_R,6160,2010,0.561
ADH_IDHM_R,6161,1991,0.43100247246572265
ADH_IDHM_R,6161,2000,0.49104824099431216
ADH_IDHM_R,6161,2010,0.5633446327683616
ADH_IDHM_R,6162,1991,0.35
ADH_IDHM_R,6162,2000,0.422
ADH_IDHM_R,6162,2010,0.528
ADH_IDHM_R,6163,1991,0.389
ADH_IDHM_R,6163,2000,0.456
ADH_IDHM_R,6163,2010,0.57
ADH_IDHM_R,6164,1991,0.346
ADH_IDHM_R,6164,2000,0.519
ADH_IDHM_R,6164,2010,0.549
ADH_IDHM_R,6165,1991,0.39499999999999996
ADH_IDHM_R,6165,2000,0.503
ADH_IDHM_R,6165,2010,0.565
ADH_IDHM_R,6166,1991,0.387
ADH_IDHM_R,6166,2000,0.448
ADH_IDHM_R,6166,2010,0.536
ADH_IDHM_R,6167,1991,0.449
ADH_IDHM_R,6167,2000,0.52
ADH_IDHM_R,6167,2010,0.5980000000000001
ADH_IDHM_R,6168,1991,0.393
ADH_IDHM_R,6168,2000,0.435
ADH_IDHM_R,6168,2010,0.513
ADH_IDHM_R,6169,1991,0.387
ADH_IDHM_R,6169,2000,0.437
ADH_IDHM_R,6169,2010,0.56
ADH_IDHM_R,6170,1991,0.398
ADH_IDHM_R,6170,2000,0.493
ADH_IDHM_R,6170,2010,0.619
ADH_IDHM_R,7001,1991,0.591038429812218
ADH_IDHM_R,7001,2000,0.6204686827451918
ADH_IDHM_R,7001,2010,0.6615220324390028
ADH_IDHM_R,7002,1991,0.474
ADH_IDHM_R,7002,2000,0.571
ADH_IDHM_R,7002,2010,0.623
ADH_IDHM_R,7003,1991,0.401
ADH_IDHM_R,7003,2000,0.461
ADH_IDHM_R,7003,2010,0.542
ADH_IDHM_R,7004,1991,0.47800000000000004
ADH_IDHM_R,7004,2000,0.534
ADH_IDHM_R,7004,2010,0.581
ADH_IDHM_R,7005,1991,0.43399898934717296
ADH_IDHM_R,7005,2000,0.4548703873994955
ADH_IDHM_R,7005,2010,0.5244529753327117
ADH_IDHM_R,7006,1991,0.417
ADH_IDHM_R,7006,2000,0.45
ADH_IDHM_R,7006,2010,0.546
ADH_IDHM_R,7007,1991,0.458
ADH_IDHM_R,7007,2000,0.499
ADH_IDHM_R,7007,2010,0.569
ADH_IDHM_R,7008,1991,0.425
ADH_IDHM_R,7008,2000,0.47300000000000003
ADH_IDHM_R,7008,2010,0.565
ADH_IDHM_R,7009,1991,0.447
ADH_IDHM_R,7009,2000,0.49000000000000005
ADH_IDHM_R,7009,2010,0.559
ADH_IDHM_R,7010,1991,0.43299999999999994
ADH_IDHM_R,7010,2000,0.48
ADH_IDHM_R,7010,2010,0.575
ADH_IDHM_R,7011,1991,0.423
ADH_IDHM_R,7011,2000,0.484
ADH_IDHM_R,7011,2010,0.555
ADH_IDHM_R,7012,1991,0.4855207800843671
ADH_IDHM_R,7012,2000,0.5424022518957285
ADH_IDHM_R,7012,2010,0.6067127047642866
ADH_IDHM_R,7013,1991,0.452
ADH_IDHM_R,7013,2000,0.538
ADH_IDHM_R,7013,2010,0.595
ADH_IDHM_R,7014,1991,0.553
ADH_IDHM_R,7014,2000,0.603
ADH_IDHM_R,7014,2010,0.654
ADH_IDHM_R,7015,1991,0.44299999999999995
ADH_IDHM_R,7015,2000,0.47
ADH_IDHM_R,7015,2010,0.558
ADH_IDHM_R,7016,1991,0.522
ADH_IDHM_R,7016,2000,0.508
ADH_IDHM_R,7016,2010,0.561
ADH_IDHM_R,7017,1991,0.412
ADH_IDHM_R,7017,2000,0.46
ADH_IDHM_R,7017,2010,0.537
ADH_IDHM_R,7018,1991,0.477
ADH_IDHM_R,7018,2000,0.538
ADH_IDHM_R,7018,2010,0.611
ADH_IDHM_R,7019,1991,0.49099999999999994
ADH_IDHM_R,7019,2000,0.543
ADH_IDHM_R,7019,2010,0.617
ADH_IDHM_R,7020,1991,0.368
ADH_IDHM_R,7020,2000,0.428
ADH_IDHM_R,7020,2010,0.533
ADH_IDHM_R,7021,1991,0.484
ADH_IDHM_R,7021,2000,0.546
ADH_IDHM_R,7021,2010,0.608
ADH_IDHM_R,7022,1991,0.41999999999999993
ADH_IDHM_R,7022,2000,0.472
ADH_IDHM_R,7022,2010,0.543
ADH_IDHM_R,7023,1991,0.4590000000000001
ADH_IDHM_R,7023,2000,0.481
ADH_IDHM_R,7023,2010,0.585
ADH_IDHM_R,7024,1991,0.437
ADH_IDHM_R,7024,2000,0.468
ADH_IDHM_R,7024,2010,0.552
ADH_IDHM_R,7025,1991,0.458
ADH_IDHM_R,7025,2000,0.529
ADH_IDHM_R,7025,2010,0.559
ADH_IDHM_R,7026,1991,0.396
ADH_IDHM_R,7026,2000,0.444
ADH_IDHM_R,7026,2010,0.54
ADH_IDHM_R,7027,1991,0.353
ADH_IDHM_R,7027,2000,0.43
ADH_IDHM_R,7027,2010,0.563
ADH_IDHM_R,7028,1991,0.482
ADH_IDHM_R,7028,2000,0.519
ADH_IDHM_R,7028,2010,0.581
ADH_IDHM_R,7029,1991,0.406
ADH_IDHM_R,7029,2000,0.4680000000000001
ADH_IDHM_R,7029,2010,0.556
ADH_IDHM_R,7030,1991,0.411
ADH_IDHM_R,7030,2000,0.434
ADH_IDHM_R,7030,2010,0.49700000000000005
ADH_IDHM_R,7031,1991,0.514
ADH_IDHM_R,7031,2000,0.566
ADH_IDHM_R,7031,2010,0.654
ADH_IDHM_R,7032,1991,0.49299999999999994
ADH_IDHM_R,7032,2000,0.533
ADH_IDHM_R,7032,2010,0.581
ADH_IDHM_R,7033,1991,0.526
ADH_IDHM_R,7033,2000,0.552
ADH_IDHM_R,7033,2010,0.587
ADH_IDHM_R,7034,1991,0.419
ADH_IDHM_R,7034,2000,0.42
ADH_IDHM_R,7034,2010,0.497
ADH_IDHM_R,7035,1991,0.404
ADH_IDHM_R,7035,2000,0.46299999999999997
ADH_IDHM_R,7035,2010,0.529
ADH_IDHM_R,7036,1991,0.388
ADH_IDHM_R,7036,2000,0.455
ADH_IDHM_R,7036,2010,0.567
ADH_IDHM_R,7037,1991,0.5191698512425243
ADH_IDHM_R,7037,2000,0.5841322750839784
ADH_IDHM_R,7037,2010,0.6385292184297445
ADH_IDHM_R,7038,1991,0.536
ADH_IDHM_R,7038,2000,0.542
ADH_IDHM_R,7038,2010,0.585
ADH_IDHM_R,7039,1991,0.455
ADH_IDHM_R,7039,2000,0.479
ADH_IDHM_R,7039,2010,0.57
ADH_IDHM_R,7040,1991,0.441
ADH_IDHM_R,7040,2000,0.49
ADH_IDHM_R,7040,2010,0.543
ADH_IDHM_R,7041,1991,0.433
ADH_IDHM_R,7041,2000,0.464
ADH_IDHM_R,7041,2010,0.529
ADH_IDHM_R,7042,1991,0.41599888169057536
ADH_IDHM_R,7042,2000,0.44122748564213277
ADH_IDHM_R,7042,2010,0.5373377316003635
ADH_IDHM_R,7043,1991,0.49599560874539994
ADH_IDHM_R,7043,2000,0.48706532320040996
ADH_IDHM_R,7043,2010,0.5601709888718435
ADH_IDHM_R,7044,1991,0.530998516926709
ADH_IDHM_R,7044,2000,0.594921750887274
ADH_IDHM_R,7044,2010,0.6187256039179002
ADH_IDHM_R,7045,1991,0.589
ADH_IDHM_R,7045,2000,0.635
ADH_IDHM_R,7045,2010,0.681
ADH_IDHM_R,7046,1991,0.5039973066564063
ADH_IDHM_R,7046,2000,0.5300363097546115
ADH_IDHM_R,7046,2010,0.5916483144945979
ADH_IDHM_R,7047,1991,0.465
ADH_IDHM_R,7047,2000,0.525
ADH_IDHM_R,7047,2010,0.578
ADH_IDHM_R,7048,1991,0.387
ADH_IDHM_R,7048,2000,0.505
ADH_IDHM_R,7048,2010,0.565
ADH_IDHM_R,7049,1991,0.4129999999999999
ADH_IDHM_R,7049,2000,0.452
ADH_IDHM_R,7049,2010,0.546
ADH_IDHM_R,7050,1991,0.483
ADH_IDHM_R,7050,2000,0.509
ADH_IDHM_R,7050,2010,0.603
ADH_IDHM_R,7051,1991,0.484
ADH_IDHM_R,7051,2000,0.488
ADH_IDHM_R,7051,2010,0.581
ADH_IDHM_R,7052,1991,0.44
ADH_IDHM_R,7052,2000,0.49
ADH_IDHM_R,7052,2010,0.551
ADH_IDHM_R,7053,1991,0.423
ADH_IDHM_R,7053,2000,0.468
ADH_IDHM_R,7053,2010,0.541
ADH_IDHM_R,7054,1991,0.448
ADH_IDHM_R,7054,2000,0.424
ADH_IDHM_R,7054,2010,0.553
ADH_IDHM_R,7055,1991,0.47500000000000003
ADH_IDHM_R,7055,2000,0.523
ADH_IDHM_R,7055,2010,0.601
ADH_IDHM_R,7056,1991,0.43799999999999994
ADH_IDHM_R,7056,2000,0.522
ADH_IDHM_R,7056,2010,0.607
ADH_IDHM_R,7057,1991,0.5779988540936222
ADH_IDHM_R,7057,2000,0.618555284633117
ADH_IDHM_R,7057,2010,0.687544916189257
ADH_IDHM_R,7058,1991,0.448
ADH_IDHM_R,7058,2000,0.512
ADH_IDHM_R,7058,2010,0.594
ADH_IDHM_R,7059,1991,0.411
ADH_IDHM_R,7059,2000,0.456
ADH_IDHM_R,7059,2010,0.543
ADH_IDHM_R,7060,1991,0.432
ADH_IDHM_R,7060,2000,0.512
ADH_IDHM_R,7060,2010,0.581
ADH_IDHM_R,7061,1991,0.65
ADH_IDHM_R,7061,2000,0.792
ADH_IDHM_R,7061,2010,0.781
ADH_IDHM_R,7062,1991,0.452
ADH_IDHM_R,7062,2000,0.495
ADH_IDHM_R,7062,2010,0.589
ADH_IDHM_R,7063,1991,0.385
ADH_IDHM_R,7063,2000,0.451
ADH_IDHM_R,7063,2010,0.544
ADH_IDHM_R,7064,1991,0.431
ADH_IDHM_R,7064,2000,0.481
ADH_IDHM_R,7064,2010,0.5749999999999998
ADH_IDHM_R,7065,1991,0.452
ADH_IDHM_R,7065,2000,0.475
ADH_IDHM_R,7065,2010,0.541
ADH_IDHM_R,7066,1991,0.569
ADH_IDHM_R,7066,2000,0.599
ADH_IDHM_R,7066,2010,0.662
ADH_IDHM_R,7067,1991,0.438
ADH_IDHM_R,7067,2000,0.49
ADH_IDHM_R,7067,2010,0.57
ADH_IDHM_R,7068,1991,0.492
ADH_IDHM_R,7068,2000,0.55
ADH_IDHM_R,7068,2010,0.614
ADH_IDHM_R,7069,1991,0.37700000000000006
ADH_IDHM_R,7069,2000,0.438
ADH_IDHM_R,7069,2010,0.543
ADH_IDHM_R,7070,1991,0.52
ADH_IDHM_R,7070,2000,0.569
ADH_IDHM_R,7070,2010,0.63
ADH_IDHM_R,7071,1991,0.388
ADH_IDHM_R,7071,2000,0.416
ADH_IDHM_R,7071,2010,0.518
ADH_IDHM_R,7072,1991,0.436
ADH_IDHM_R,7072,2000,0.457
ADH_IDHM_R,7072,2010,0.533
ADH_IDHM_R,7073,1991,0.41
ADH_IDHM_R,7073,2000,0.455
ADH_IDHM_R,7073,2010,0.545
ADH_IDHM_R,7074,1991,0.42799999999999994
ADH_IDHM_R,7074,2000,0.48599999999999993
ADH_IDHM_R,7074,2010,0.58
ADH_IDHM_R,7075,1991,0.41899823268244324
ADH_IDHM_R,7075,2000,0.4426676296183671
ADH_IDHM_R,7075,2010,0.49034910128080944
ADH_IDHM_R,7076,1991,0.377
ADH_IDHM_R,7076,2000,0.532
ADH_IDHM_R,7076,2010,0.575
ADH_IDHM_R,7077,1991,0.44
ADH_IDHM_R,7077,2000,0.523
ADH_IDHM_R,7077,2010,0.613
ADH_IDHM_R,7078,1991,0.43
ADH_IDHM_R,7078,2000,0.48900000000000005
ADH_IDHM_R,7078,2010,0.541
ADH_IDHM_R,7079,1991,0.559
ADH_IDHM_R,7079,2000,0.55
ADH_IDHM_R,7079,2010,0.567
ADH_IDHM_R,7080,1991,0.404
ADH_IDHM_R,7080,2000,0.471
ADH_IDHM_R,7080,2010,0.531
ADH_IDHM_R,7081,1991,0.543
ADH_IDHM_R,7081,2000,0.59
ADH_IDHM_R,7081,2010,0.627
ADH_IDHM_R,7082,1991,0.437
ADH_IDHM_R,7082,2000,0.48000000000000004
ADH_IDHM_R,7082,2010,0.566
ADH_IDHM_R,7083,1991,0.37899999999999995
ADH_IDHM_R,7083,2000,0.495
ADH_IDHM_R,7083,2010,0.598
ADH_IDHM_R,7084,1991,0.428
ADH_IDHM_R,7084,2000,0.484
ADH_IDHM_R,7084,2010,0.554
ADH_IDHM_R,7085,1991,0.612
ADH_IDHM_R,7085,2000,0.656
ADH_IDHM_R,7085,2010,0.692
ADH_IDHM_R,7086,1991,0.437000139586823
ADH_IDHM_R,7086,2000,0.44793637846655787
ADH_IDHM_R,7086,2010,0.5487542455016645
ADH_IDHM_R,7087,1991,0.466
ADH_IDHM_R,7087,2000,0.462
ADH_IDHM_R,7087,2010,0.549
ADH_IDHM_R,7088,1991,0.5060004247057396
ADH_IDHM_R,7088,2000,0.5371012157754275
ADH_IDHM_R,7088,2010,0.604
ADH_IDHM_R,7089,1991,0.469
ADH_IDHM_R,7089,2000,0.491
ADH_IDHM_R,7089,2010,0.569
ADH_IDHM_R,7090,1991,0.423
ADH_IDHM_R,7090,2000,0.484
ADH_IDHM_R,7090,2010,0.561
ADH_IDHM_R,7091,1991,0.4089994966274036
ADH_IDHM_R,7091,2000,0.47570750090810027
ADH_IDHM_R,7091,2010,0.5517118762598215
ADH_IDHM_R,7092,1991,0.384
ADH_IDHM_R,7092,2000,0.488
ADH_IDHM_R,7092,2010,0.522
ADH_IDHM_R,7093,1991,0.43
ADH_IDHM_R,7093,2000,0.48600000000000004
ADH_IDHM_R,7093,2010,0.555
ADH_IDHM_R,7094,1991,0.407
ADH_IDHM_R,7094,2000,0.43300000000000005
ADH_IDHM_R,7094,2010,0.536
ADH_IDHM_R,7095,1991,0.411
ADH_IDHM_R,7095,2000,0.469
ADH_IDHM_R,7095,2010,0.555
ADH_IDHM_R,7096,1991,0.5119989287499702
ADH_IDHM_R,7096,2000,0.5276100515601864
ADH_IDHM_R,7096,2010,0.5702210788648604
ADH_IDHM_R,7097,1991,0.504
ADH_IDHM_R,7097,2000,0.547
ADH_IDHM_R,7097,2010,0.599
ADH_IDHM_R,7098,1991,0.498
ADH_IDHM_R,7098,2000,0.546
ADH_IDHM_R,7098,2010,0.628
ADH_IDHM_R,7099,1991,0.443
ADH_IDHM_R,7099,2000,0.477
ADH_IDHM_R,7099,2010,0.571
ADH_IDHM_R,7100,1991,0.412
ADH_IDHM_R,7100,2000,0.494
ADH_IDHM_R,7100,2010,0.541
ADH_IDHM_R,7101,1991,0.407
ADH_IDHM_R,7101,2000,0.44700000000000006
ADH_IDHM_R,7101,2010,0.512
ADH_IDHM_R,7102,1991,0.49099999999999994
ADH_IDHM_R,7102,2000,0.519
ADH_IDHM_R,7102,2010,0.61
ADH_IDHM_R,7103,1991,0.519
ADH_IDHM_R,7103,2000,0.549
ADH_IDHM_R,7103,2010,0.608
ADH_IDHM_R,7104,1991,0.641
ADH_IDHM_R,7104,2000,0.669
ADH_IDHM_R,7104,2010,0.704
ADH_IDHM_R,7105,1991,0.432
ADH_IDHM_R,7105,2000,0.479
ADH_IDHM_R,7105,2010,0.545
ADH_IDHM_R,7106,1991,0.468
ADH_IDHM_R,7106,2000,0.519
ADH_IDHM_R,7106,2010,0.536
ADH_IDHM_R,7107,1991,0.43999589272114026
ADH_IDHM_R,7107,2000,0.49024846464949073
ADH_IDHM_R,7107,2010,0.5576580708036311
ADH_IDHM_R,7108,1991,0.506
ADH_IDHM_R,7108,2000,0.567
ADH_IDHM_R,7108,2010,0.588
ADH_IDHM_R,7109,1991,0.418
ADH_IDHM_R,7109,2000,0.516
ADH_IDHM_R,7109,2010,0.554
ADH_IDHM_R,7110,1991,0.425
ADH_IDHM_R,7110,2000,0.464
ADH_IDHM_R,7110,2010,0.546
ADH_IDHM_R,7111,1991,0.43599999999999994
ADH_IDHM_R,7111,2000,0.455
ADH_IDHM_R,7111,2010,0.528
ADH_IDHM_R,7112,1991,0.418
ADH_IDHM_R,7112,2000,0.49000000000000005
ADH_IDHM_R,7112,2010,0.556
ADH_IDHM_R,7113,1991,0.422
ADH_IDHM_R,7113,2000,0.483
ADH_IDHM_R,7113,2010,0.559
ADH_IDHM_R,7114,1991,0.467
ADH_IDHM_R,7114,2000,0.526
ADH_IDHM_R,7114,2010,0.612
ADH_IDHM_R,7115,1991,0.45799999999999996
ADH_IDHM_R,7115,2000,0.496
ADH_IDHM_R,7115,2010,0.55
ADH_IDHM_R,7116,1991,0.504
ADH_IDHM_R,7116,2000,0.536
ADH_IDHM_R,7116,2010,0.597
ADH_IDHM_R,7117,1991,0.45299999999999996
ADH_IDHM_R,7117,2000,0.478
ADH_IDHM_R,7117,2010,0.542
ADH_IDHM_R,7118,1991,0.471
ADH_IDHM_R,7118,2000,0.529
ADH_IDHM_R,7118,2010,0.584
ADH_IDHM_R,7119,1991,0.4169999999999999
ADH_IDHM_R,7119,2000,0.488
ADH_IDHM_R,7119,2010,0.572
ADH_IDHM_R,7120,1991,0.431
ADH_IDHM_R,7120,2000,0.466
ADH_IDHM_R,7120,2010,0.53
ADH_IDHM_R,7121,1991,0.692
ADH_IDHM_R,7121,2000,0.736
ADH_IDHM_R,7121,2010,0.798
ADH_IDHM_R,7122,1991,0.46399999999999997
ADH_IDHM_R,7122,2000,0.581
ADH_IDHM_R,7122,2010,0.586
ADH_IDHM_R,7123,1991,0.4799999999999999
ADH_IDHM_R,7123,2000,0.538
ADH_IDHM_R,7123,2010,0.595
ADH_IDHM_R,7124,1991,0.4219998226635928
ADH_IDHM_R,7124,2000,0.48863380207648827
ADH_IDHM_R,7124,2010,0.5721482526944432
ADH_IDHM_R,7125,1991,0.43
ADH_IDHM_R,7125,2000,0.487
ADH_IDHM_R,7125,2010,0.581
ADH_IDHM_R,7126,1991,0.391
ADH_IDHM_R,7126,2000,0.48
ADH_IDHM_R,7126,2010,0.516
ADH_IDHM_R,7127,1991,0.527
ADH_IDHM_R,7127,2000,0.572
ADH_IDHM_R,7127,2010,0.645
ADH_IDHM_R,7128,1991,0.495
ADH_IDHM_R,7128,2000,0.474
ADH_IDHM_R,7128,2010,0.559
ADH_IDHM_R,7129,1991,0.496
ADH_IDHM_R,7129,2000,0.566
ADH_IDHM_R,7129,2010,0.564
ADH_IDHM_R,7130,1991,0.4659973622402891
ADH_IDHM_R,7130,2000,0.5115661111322986
ADH_IDHM_R,7130,2010,0.5945514304922687
ADH_IDHM_R,7131,1991,0.597
ADH_IDHM_R,7131,2000,0.633
ADH_IDHM_R,7131,2010,0.667
ADH_IDHM_R,7132,1991,0.401
ADH_IDHM_R,7132,2000,0.456
ADH_IDHM_R,7132,2010,0.571
ADH_IDHM_R,7133,1991,0.407
ADH_IDHM_R,7133,2000,0.467
ADH_IDHM_R,7133,2010,0.54
ADH_IDHM_R,7134,1991,0.4
ADH_IDHM_R,7134,2000,0.429
ADH_IDHM_R,7134,2010,0.499
ADH_IDHM_R,7135,1991,0.49799999999999994
ADH_IDHM_R,7135,2000,0.587
ADH_IDHM_R,7135,2010,0.593
ADH_IDHM_R,7136,1991,0.457
ADH_IDHM_R,7136,2000,0.509
ADH_IDHM_R,7136,2010,0.583
ADH_IDHM_R,7137,1991,0.427
ADH_IDHM_R,7137,2000,0.472
ADH_IDHM_R,7137,2010,0.565
ADH_IDHM_R,7138,1991,0.44
ADH_IDHM_R,7138,2000,0.477
ADH_IDHM_R,7138,2010,0.549
ADH_IDHM_R,7139,1991,0.439
ADH_IDHM_R,7139,2000,0.515
ADH_IDHM_R,7139,2010,0.585
ADH_IDHM_R,7140,1991,0.4
ADH_IDHM_R,7140,2000,0.482
ADH_IDHM_R,7140,2010,0.569
ADH_IDHM_R,7141,1991,0.491
ADH_IDHM_R,7141,2000,0.52
ADH_IDHM_R,7141,2010,0.602
ADH_IDHM_R,7142,1991,0.45400000000000007
ADH_IDHM_R,7142,2000,0.478
ADH_IDHM_R,7142,2010,0.558
ADH_IDHM_R,7143,1991,0.502
ADH_IDHM_R,7143,2000,0.553
ADH_IDHM_R,7143,2010,0.632
ADH_IDHM_R,7144,1991,0.394
ADH_IDHM_R,7144,2000,0.46499999999999997
ADH_IDHM_R,7144,2010,0.542
ADH_IDHM_R,7145,1991,0.456
ADH_IDHM_R,7145,2000,0.521
ADH_IDHM_R,7145,2010,0.601
ADH_IDHM_R,7146,1991,0.405
ADH_IDHM_R,7146,2000,0.494
ADH_IDHM_R,7146,2010,0.568
ADH_IDHM_R,7147,1991,0.339
ADH_IDHM_R,7147,2000,0.428
ADH_IDHM_R,7147,2010,0.522
ADH_IDHM_R,7148,1991,0.297
ADH_IDHM_R,7148,2000,0.4010000000000001
ADH_IDHM_R,7148,2010,0.547
ADH_IDHM_R,7149,1991,0.469
ADH_IDHM_R,7149,2000,0.492
ADH_IDHM_R,7149,2010,0.57
ADH_IDHM_R,7150,1991,0.425
ADH_IDHM_R,7150,2000,0.477
ADH_IDHM_R,7150,2010,0.536
ADH_IDHM_R,7151,1991,0.44
ADH_IDHM_R,7151,2000,0.458
ADH_IDHM_R,7151,2010,0.521
ADH_IDHM_R,7152,1991,0.528
ADH_IDHM_R,7152,2000,0.569
ADH_IDHM_R,7152,2010,0.636
ADH_IDHM_R,7153,1991,0.385
ADH_IDHM_R,7153,2000,0.394
ADH_IDHM_R,7153,2010,0.536
ADH_IDHM_R,7154,1991,0.48
ADH_IDHM_R,7154,2000,0.52
ADH_IDHM_R,7154,2010,0.545
ADH_IDHM_R,7155,1991,0.495
ADH_IDHM_R,7155,2000,0.542
ADH_IDHM_R,7155,2010,0.592
ADH_IDHM_R,7156,1991,0.602
ADH_IDHM_R,7156,2000,0.623
ADH_IDHM_R,7156,2010,0.655
ADH_IDHM_R,7157,1991,0.427
ADH_IDHM_R,7157,2000,0.487
ADH_IDHM_R,7157,2010,0.567
ADH_IDHM_R,7158,1991,0.4580000000000001
ADH_IDHM_R,7158,2000,0.611
ADH_IDHM_R,7158,2010,0.602
ADH_IDHM_R,7159,1991,0.37
ADH_IDHM_R,7159,2000,0.41
ADH_IDHM_R,7159,2010,0.49400000000000005
ADH_IDHM_R,7160,1991,0.467
ADH_IDHM_R,7160,2000,0.522
ADH_IDHM_R,7160,2010,0.6119999999999999
ADH_IDHM_R,7161,1991,0.455
ADH_IDHM_R,7161,2000,0.521
ADH_IDHM_R,7161,2010,0.57
ADH_IDHM_R,7162,1991,0.405
ADH_IDHM_R,7162,2000,0.462
ADH_IDHM_R,7162,2010,0.56
ADH_IDHM_R,7163,1991,0.45
ADH_IDHM_R,7163,2000,0.512
ADH_IDHM_R,7163,2010,0.602
ADH_IDHM_R,7164,1991,0.437
ADH_IDHM_R,7164,2000,0.479
ADH_IDHM_R,7164,2010,0.551
ADH_IDHM_R,7165,1991,0.517
ADH_IDHM_R,7165,2000,0.562
ADH_IDHM_R,7165,2010,0.629
ADH_IDHM_R,8001,1991,0.3669995105605964
ADH_IDHM_R,8001,2000,0.4418352620830497
ADH_IDHM_R,8001,2010,0.5266537228838434
ADH_IDHM_R,8002,1991,0.433
ADH_IDHM_R,8002,2000,0.49100000000000005
ADH_IDHM_R,8002,2010,0.546
ADH_IDHM_R,8003,1991,0.5193256100297149
ADH_IDHM_R,8003,2000,0.5451607826107935
ADH_IDHM_R,8003,2010,0.6264234281440288
ADH_IDHM_R,8004,1991,0.434
ADH_IDHM_R,8004,2000,0.4739999999999999
ADH_IDHM_R,8004,2010,0.545
ADH_IDHM_R,8005,1991,0.39799937216602727
ADH_IDHM_R,8005,2000,0.4724469072164948
ADH_IDHM_R,8005,2010,0.5710765531532236
ADH_IDHM_R,8006,1991,0.476
ADH_IDHM_R,8006,2000,0.531
ADH_IDHM_R,8006,2010,0.638
ADH_IDHM_R,8007,1991,0.468
ADH_IDHM_R,8007,2000,0.551
ADH_IDHM_R,8007,2010,0.563
ADH_IDHM_R,8008,1991,0.444
ADH_IDHM_R,8008,2000,0.465
ADH_IDHM_R,8008,2010,0.587
ADH_IDHM_R,8009,1991,0.373
ADH_IDHM_R,8009,2000,0.41899999999999993
ADH_IDHM_R,8009,2010,0.507
ADH_IDHM_R,8010,1991,0.45
ADH_IDHM_R,8010,2000,0.492
ADH_IDHM_R,8010,2010,0.56
ADH_IDHM_R,8011,1991,0.369
ADH_IDHM_R,8011,2000,0.43699999999999994
ADH_IDHM_R,8011,2010,0.534
ADH_IDHM_R,8012,1991,0.45
ADH_IDHM_R,8012,2000,0.463
ADH_IDHM_R,8012,2010,0.559
ADH_IDHM_R,8013,1991,0.429
ADH_IDHM_R,8013,2000,0.445
ADH_IDHM_R,8013,2010,0.542
ADH_IDHM_R,8014,1991,0.45299860696517413
ADH_IDHM_R,8014,2000,0.4641181326240485
ADH_IDHM_R,8014,2010,0.5589487037037036
ADH_IDHM_R,8015,1991,0.46
ADH_IDHM_R,8015,2000,0.46799999999999997
ADH_IDHM_R,8015,2010,0.531
ADH_IDHM_R,8016,1991,0.357
ADH_IDHM_R,8016,2000,0.427
ADH_IDHM_R,8016,2010,0.502
ADH_IDHM_R,8017,1991,0.39
ADH_IDHM_R,8017,2000,0.378
ADH_IDHM_R,8017,2010,0.504
ADH_IDHM_R,8018,1991,0.419
ADH_IDHM_R,8018,2000,0.464
ADH_IDHM_R,8018,2010,0.554
ADH_IDHM_R,8019,1991,0.41000000000000003
ADH_IDHM_R,8019,2000,0.432
ADH_IDHM_R,8019,2010,0.517
ADH_IDHM_R,8020,1991,0.405
ADH_IDHM_R,8020,2000,0.437
ADH_IDHM_R,8020,2010,0.537
ADH_IDHM_R,8021,1991,0.418
ADH_IDHM_R,8021,2000,0.44
ADH_IDHM_R,8021,2010,0.52
ADH_IDHM_R,8022,1991,0.403
ADH_IDHM_R,8022,2000,0.47800000000000004
ADH_IDHM_R,8022,2010,0.548
ADH_IDHM_R,8023,1991,0.48499999999999993
ADH_IDHM_R,8023,2000,0.511
ADH_IDHM_R,8023,2010,0.582
ADH_IDHM_R,8024,1991,0.4786043489667732
ADH_IDHM_R,8024,2000,0.5257449192325635
ADH_IDHM_R,8024,2010,0.5817909724307014
ADH_IDHM_R,8025,1991,0.464
ADH_IDHM_R,8025,2000,0.537
ADH_IDHM_R,8025,2010,0.599
ADH_IDHM_R,8026,1991,0.403
ADH_IDHM_R,8026,2000,0.47
ADH_IDHM_R,8026,2010,0.513
ADH_IDHM_R,8027,1991,0.5029985881743411
ADH_IDHM_R,8027,2000,0.5164752313361217
ADH_IDHM_R,8027,2010,0.6033424827948276
ADH_IDHM_R,8028,1991,0.403
ADH_IDHM_R,8028,2000,0.454
ADH_IDHM_R,8028,2010,0.512
ADH_IDHM_R,8029,1991,0.429
ADH_IDHM_R,8029,2000,0.436
ADH_IDHM_R,8029,2010,0.55
ADH_IDHM_R,8030,1991,0.404
ADH_IDHM_R,8030,2000,0.45
ADH_IDHM_R,8030,2010,0.528
ADH_IDHM_R,8031,1991,0.405
ADH_IDHM_R,8031,2000,0.42200000000000004
ADH_IDHM_R,8031,2010,0.498
ADH_IDHM_R,8032,1991,0.397
ADH_IDHM_R,8032,2000,0.463
ADH_IDHM_R,8032,2010,0.517
ADH_IDHM_R,8033,1991,0.39
ADH_IDHM_R,8033,2000,0.396
ADH_IDHM_R,8033,2010,0.547
ADH_IDHM_R,8034,1991,0.391
ADH_IDHM_R,8034,2000,0.428
ADH_IDHM_R,8034,2010,0.556
ADH_IDHM_R,8035,1991,0.364
ADH_IDHM_R,8035,2000,0.409
ADH_IDHM_R,8035,2010,0.501
ADH_IDHM_R,8036,1991,0.43900000000000006
ADH_IDHM_R,8036,2000,0.535
ADH_IDHM_R,8036,2010,0.543
ADH_IDHM_R,8037,1991,0.437
ADH_IDHM_R,8037,2000,0.434
ADH_IDHM_R,8037,2010,0.532
ADH_IDHM_R,8038,1991,0.437
ADH_IDHM_R,8038,2000,0.49000000000000005
ADH_IDHM_R,8038,2010,0.56
ADH_IDHM_R,8039,1991,0.381
ADH_IDHM_R,8039,2000,0.44099999999999995
ADH_IDHM_R,8039,2010,0.532
ADH_IDHM_R,8040,1991,0.399
ADH_IDHM_R,8040,2000,0.43999999999999995
ADH_IDHM_R,8040,2010,0.509
ADH_IDHM_R,8041,1991,0.429
ADH_IDHM_R,8041,2000,0.482
ADH_IDHM_R,8041,2010,0.586
ADH_IDHM_R,8042,1991,0.406
ADH_IDHM_R,8042,2000,0.43500000000000005
ADH_IDHM_R,8042,2010,0.541
ADH_IDHM_R,8043,1991,0.394
ADH_IDHM_R,8043,2000,0.44200000000000006
ADH_IDHM_R,8043,2010,0.575
ADH_IDHM_R,8044,1991,0.649
ADH_IDHM_R,8044,2000,0.689
ADH_IDHM_R,8044,2010,0.739
ADH_IDHM_R,8045,1991,0.437
ADH_IDHM_R,8045,2000,0.441
ADH_IDHM_R,8045,2010,0.566
ADH_IDHM_R,8046,1991,0.421
ADH_IDHM_R,8046,2000,0.465
ADH_IDHM_R,8046,2010,0.556
ADH_IDHM_R,8047,1991,0.367
ADH_IDHM_R,8047,2000,0.381
ADH_IDHM_R,8047,2010,0.539
ADH_IDHM_R,8048,1991,0.461
ADH_IDHM_R,8048,2000,0.536
ADH_IDHM_R,8048,2010,0.641
ADH_IDHM_R,8049,1991,0.465
ADH_IDHM_R,8049,2000,0.522
ADH_IDHM_R,8049,2010,0.581
ADH_IDHM_R,8050,1991,0.4030000000000001
ADH_IDHM_R,8050,2000,0.448
ADH_IDHM_R,8050,2010,0.54
ADH_IDHM_R,8051,1991,0.381
ADH_IDHM_R,8051,2000,0.438
ADH_IDHM_R,8051,2010,0.506
ADH_IDHM_R,8052,1991,0.4099999999999999
ADH_IDHM_R,8052,2000,0.45
ADH_IDHM_R,8052,2010,0.541
ADH_IDHM_R,8053,1991,0.478
ADH_IDHM_R,8053,2000,0.4739999999999999
ADH_IDHM_R,8053,2010,0.557
ADH_IDHM_R,8054,1991,0.415
ADH_IDHM_R,8054,2000,0.446
ADH_IDHM_R,8054,2010,0.541
ADH_IDHM_R,8055,1991,0.368
ADH_IDHM_R,8055,2000,0.516
ADH_IDHM_R,8055,2010,0.497
ADH_IDHM_R,8056,1991,0.428
ADH_IDHM_R,8056,2000,0.477
ADH_IDHM_R,8056,2010,0.542
ADH_IDHM_R,8057,1991,0.491
ADH_IDHM_R,8057,2000,0.517
ADH_IDHM_R,8057,2010,0.546
ADH_IDHM_R,8058,1991,0.47
ADH_IDHM_R,8058,2000,0.511
ADH_IDHM_R,8058,2010,0.568
ADH_IDHM_R,8059,1991,0.461
ADH_IDHM_R,8059,2000,0.492
ADH_IDHM_R,8059,2010,0.527
ADH_IDHM_R,8060,1991,0.357
ADH_IDHM_R,8060,2000,0.404
ADH_IDHM_R,8060,2010,0.47300000000000003
ADH_IDHM_R,8061,1991,0.354
ADH_IDHM_R,8061,2000,0.375
ADH_IDHM_R,8061,2010,0.513
ADH_IDHM_R,8062,1991,0.37
ADH_IDHM_R,8062,2000,0.444
ADH_IDHM_R,8062,2010,0.538
ADH_IDHM_R,8063,1991,0.377
ADH_IDHM_R,8063,2000,0.421
ADH_IDHM_R,8063,2010,0.505
ADH_IDHM_R,8064,1991,0.46699999999999997
ADH_IDHM_R,8064,2000,0.49500000000000005
ADH_IDHM_R,8064,2010,0.536
ADH_IDHM_R,8065,1991,0.407
ADH_IDHM_R,8065,2000,0.452
ADH_IDHM_R,8065,2010,0.513
ADH_IDHM_R,8066,1991,0.365
ADH_IDHM_R,8066,2000,0.444
ADH_IDHM_R,8066,2010,0.551
ADH_IDHM_R,8067,1991,0.516
ADH_IDHM_R,8067,2000,0.557
ADH_IDHM_R,8067,2010,0.602
ADH_IDHM_R,8068,1991,0.475
ADH_IDHM_R,8068,2000,0.486
ADH_IDHM_R,8068,2010,0.538
ADH_IDHM_R,8069,1991,0.474
ADH_IDHM_R,8069,2000,0.505
ADH_IDHM_R,8069,2010,0.578
ADH_IDHM_R,8070,1991,0.451
ADH_IDHM_R,8070,2000,0.441
ADH_IDHM_R,8070,2010,0.579
ADH_IDHM_R,8071,1991,0.553
ADH_IDHM_R,8071,2000,0.558
ADH_IDHM_R,8071,2010,0.563
ADH_IDHM_R,8072,1991,0.343
ADH_IDHM_R,8072,2000,0.347
ADH_IDHM_R,8072,2010,0.484
ADH_IDHM_R,8073,1991,0.472
ADH_IDHM_R,8073,2000,0.458
ADH_IDHM_R,8073,2010,0.558
ADH_IDHM_R,8074,1991,0.388
ADH_IDHM_R,8074,2000,0.40499999999999997
ADH_IDHM_R,8074,2010,0.542
ADH_IDHM_R,8075,1991,0.403
ADH_IDHM_R,8075,2000,0.435
ADH_IDHM_R,8075,2010,0.513
ADH_IDHM_R,8076,1991,0.43
ADH_IDHM_R,8076,2000,0.472
ADH_IDHM_R,8076,2010,0.536
ADH_IDHM_R,8077,1991,0.496
ADH_IDHM_R,8077,2000,0.542
ADH_IDHM_R,8077,2010,0.616
ADH_IDHM_R,8078,1991,0.42300000000000004
ADH_IDHM_R,8078,2000,0.448
ADH_IDHM_R,8078,2010,0.524
ADH_IDHM_R,8079,1991,0.483
ADH_IDHM_R,8079,2000,0.495
ADH_IDHM_R,8079,2010,0.58
ADH_IDHM_R,8080,1991,0.42338128832333355
ADH_IDHM_R,8080,2000,0.4766319766571899
ADH_IDHM_R,8080,2010,0.5569470842891391
ADH_IDHM_R,8081,1991,0.417
ADH_IDHM_R,8081,2000,0.463
ADH_IDHM_R,8081,2010,0.513
ADH_IDHM_R,8082,1991,0.383
ADH_IDHM_R,8082,2000,0.454
ADH_IDHM_R,8082,2010,0.533
ADH_IDHM_R,8083,1991,0.44499999999999995
ADH_IDHM_R,8083,2000,0.49099999999999994
ADH_IDHM_R,8083,2010,0.574
ADH_IDHM_R,8084,1991,0.332
ADH_IDHM_R,8084,2000,0.384
ADH_IDHM_R,8084,2010,0.508
ADH_IDHM_R,8085,1991,0.438
ADH_IDHM_R,8085,2000,0.462
ADH_IDHM_R,8085,2010,0.55
ADH_IDHM_R,8086,1991,0.411
ADH_IDHM_R,8086,2000,0.481
ADH_IDHM_R,8086,2010,0.545
ADH_IDHM_R,8087,1991,0.4000000000000001
ADH_IDHM_R,8087,2000,0.459
ADH_IDHM_R,8087,2010,0.537
ADH_IDHM_R,8088,1991,0.515
ADH_IDHM_R,8088,2000,0.555
ADH_IDHM_R,8088,2010,0.619
ADH_IDHM_R,8089,1991,0.397
ADH_IDHM_R,8089,2000,0.449
ADH_IDHM_R,8089,2010,0.531
ADH_IDHM_R,8090,1991,0.404
ADH_IDHM_R,8090,2000,0.442
ADH_IDHM_R,8090,2010,0.529
ADH_IDHM_R,8091,1991,0.315
ADH_IDHM_R,8091,2000,0.37599999999999995
ADH_IDHM_R,8091,2010,0.499
ADH_IDHM_R,8092,1991,0.463
ADH_IDHM_R,8092,2000,0.504
ADH_IDHM_R,8092,2010,0.59
ADH_IDHM_R,8093,1991,0.452
ADH_IDHM_R,8093,2000,0.505
ADH_IDHM_R,8093,2010,0.554
ADH_IDHM_R,9001,1991,0.397
ADH_IDHM_R,9001,2000,0.4769999999999999
ADH_IDHM_R,9001,2010,0.569
ADH_IDHM_R,9002,1991,0.466
ADH_IDHM_R,9002,2000,0.49700000000000005
ADH_IDHM_R,9002,2010,0.573
ADH_IDHM_R,9003,1991,0.669
ADH_IDHM_R,9003,2000,0.719
ADH_IDHM_R,9003,2010,0.784
ADH_IDHM_R,9004,1991,0.466
ADH_IDHM_R,9004,2000,0.52
ADH_IDHM_R,9004,2010,0.55
ADH_IDHM_R,9005,1991,0.4600000000000001
ADH_IDHM_R,9005,2000,0.493
ADH_IDHM_R,9005,2010,0.579
ADH_IDHM_R,9006,1991,0.527
ADH_IDHM_R,9006,2000,0.559
ADH_IDHM_R,9006,2010,0.647
ADH_IDHM_R,9007,1991,0.528
ADH_IDHM_R,9007,2000,0.507
ADH_IDHM_R,9007,2010,0.581
ADH_IDHM_R,9008,1991,0.415
ADH_IDHM_R,9008,2000,0.433
ADH_IDHM_R,9008,2010,0.515
ADH_IDHM_R,9009,1991,0.485
ADH_IDHM_R,9009,2000,0.53
ADH_IDHM_R,9009,2010,0.625
ADH_IDHM_R,9010,1991,0.431
ADH_IDHM_R,9010,2000,0.451
ADH_IDHM_R,9010,2010,0.553
ADH_IDHM_R,9011,1991,0.443
ADH_IDHM_R,9011,2000,0.507
ADH_IDHM_R,9011,2010,0.566
ADH_IDHM_R,9012,1991,0.468
ADH_IDHM_R,9012,2000,0.479
ADH_IDHM_R,9012,2010,0.596
ADH_IDHM_R,9013,1991,0.48
ADH_IDHM_R,9013,2000,0.502
ADH_IDHM_R,9013,2010,0.581
ADH_IDHM_R,9014,1991,0.507
ADH_IDHM_R,9014,2000,0.539
ADH_IDHM_R,9014,2010,0.623
ADH_IDHM_R,9015,1991,0.495
ADH_IDHM_R,9015,2000,0.519
ADH_IDHM_R,9015,2010,0.608
ADH_IDHM_R,9016,1991,0.445
ADH_IDHM_R,9016,2000,0.495
ADH_IDHM_R,9016,2010,0.54
ADH_IDHM_R,9017,1991,0.436
ADH_IDHM_R,9017,2000,0.438
ADH_IDHM_R,9017,2010,0.576
ADH_IDHM_R,9018,1991,0.438
ADH_IDHM_R,9018,2000,0.471
ADH_IDHM_R,9018,2010,0.571
ADH_IDHM_R,9019,1991,0.509
ADH_IDHM_R,9019,2000,0.551
ADH_IDHM_R,9019,2010,0.627
ADH_IDHM_R,9020,1991,0.423
ADH_IDHM_R,9020,2000,0.444
ADH_IDHM_R,9020,2010,0.546
ADH_IDHM_R,9021,1991,0.497
ADH_IDHM_R,9021,2000,0.551
ADH_IDHM_R,9021,2010,0.623
ADH_IDHM_R,9022,1991,0.41
ADH_IDHM_R,9022,2000,0.455
ADH_IDHM_R,9022,2010,0.544
ADH_IDHM_R,9023,1991,0.448
ADH_IDHM_R,9023,2000,0.507
ADH_IDHM_R,9023,2010,0.609
ADH_IDHM_R,9024,1991,0.4179999999999999
ADH_IDHM_R,9024,2000,0.48500000000000004
ADH_IDHM_R,9024,2010,0.562
ADH_IDHM_R,9025,1991,0.372
ADH_IDHM_R,9025,2000,0.451
ADH_IDHM_R,9025,2010,0.514
ADH_IDHM_R,9026,1991,0.407
ADH_IDHM_R,9026,2000,0.45299999999999996
ADH_IDHM_R,9026,2010,0.533
ADH_IDHM_R,9027,1991,0.545
ADH_IDHM_R,9027,2000,0.565
ADH_IDHM_R,9027,2010,0.645
ADH_IDHM_R,9028,1991,0.42
ADH_IDHM_R,9028,2000,0.49199999999999994
ADH_IDHM_R,9028,2010,0.555
ADH_IDHM_R,9029,1991,0.467
ADH_IDHM_R,9029,2000,0.487
ADH_IDHM_R,9029,2010,0.569
ADH_IDHM_R,9030,1991,0.402
ADH_IDHM_R,9030,2000,0.489
ADH_IDHM_R,9030,2010,0.548
ADH_IDHM_R,9031,1991,0.461
ADH_IDHM_R,9031,2000,0.511
ADH_IDHM_R,9031,2010,0.581
ADH_IDHM_R,9032,1991,0.41300000000000003
ADH_IDHM_R,9032,2000,0.466
ADH_IDHM_R,9032,2010,0.551
ADH_IDHM_R,9033,1991,0.505
ADH_IDHM_R,9033,2000,0.531
ADH_IDHM_R,9033,2010,0.613
ADH_IDHM_R,9034,1991,0.45999999999999996
ADH_IDHM_R,9034,2000,0.49799999999999994
ADH_IDHM_R,9034,2010,0.589
ADH_IDHM_R,9035,1991,0.437
ADH_IDHM_R,9035,2000,0.49800000000000005
ADH_IDHM_R,9035,2010,0.573
ADH_IDHM_R,9036,1991,0.42400000000000004
ADH_IDHM_R,9036,2000,0.459
ADH_IDHM_R,9036,2010,0.56
ADH_IDHM_R,9037,1991,0.473
ADH_IDHM_R,9037,2000,0.501
ADH_IDHM_R,9037,2010,0.587
ADH_IDHM_R,9038,1991,0.459
ADH_IDHM_R,9038,2000,0.507
ADH_IDHM_R,9038,2010,0.59
ADH_IDHM_R,9039,1991,0.44899999999999995
ADH_IDHM_R,9039,2000,0.5
ADH_IDHM_R,9039,2010,0.596
ADH_IDHM_R,9040,1991,0.409
ADH_IDHM_R,9040,2000,0.466
ADH_IDHM_R,9040,2010,0.539
ADH_IDHM_R,9041,1991,0.42
ADH_IDHM_R,9041,2000,0.487
ADH_IDHM_R,9041,2010,0.575
ADH_IDHM_R,9042,1991,0.4679977115636092
ADH_IDHM_R,9042,2000,0.4953773455192494
ADH_IDHM_R,9042,2010,0.5664587378640776
ADH_IDHM_R,9043,1991,0.426
ADH_IDHM_R,9043,2000,0.454
ADH_IDHM_R,9043,2010,0.577
ADH_IDHM_R,9044,1991,0.462
ADH_IDHM_R,9044,2000,0.536
ADH_IDHM_R,9044,2010,0.591
ADH_IDHM_R,9045,1991,0.486
ADH_IDHM_R,9045,2000,0.507
ADH_IDHM_R,9045,2010,0.579
ADH_IDHM_R,9046,1991,0.502
ADH_IDHM_R,9046,2000,0.53
ADH_IDHM_R,9046,2010,0.56
ADH_IDHM_R,9047,1991,0.485
ADH_IDHM_R,9047,2000,0.543
ADH_IDHM_R,9047,2010,0.62
ADH_IDHM_R,9048,1991,0.403
ADH_IDHM_R,9048,2000,0.412
ADH_IDHM_R,9048,2010,0.514
ADH_IDHM_R,9049,1991,0.416
ADH_IDHM_R,9049,2000,0.493
ADH_IDHM_R,9049,2010,0.599
ADH_IDHM_R,9050,1991,0.473
ADH_IDHM_R,9050,2000,0.486
ADH_IDHM_R,9050,2010,0.568
ADH_IDHM_R,9051,1991,0.436
ADH_IDHM_R,9051,2000,0.494
ADH_IDHM_R,9051,2010,0.58
ADH_IDHM_R,9052,1991,0.456
ADH_IDHM_R,9052,2000,0.535
ADH_IDHM_R,9052,2010,0.558
ADH_IDHM_R,9053,1991,0.39
ADH_IDHM_R,9053,2000,0.41200000000000003
ADH_IDHM_R,9053,2010,0.519
ADH_IDHM_R,9054,1991,0.419
ADH_IDHM_R,9054,2000,0.48499999999999993
ADH_IDHM_R,9054,2010,0.563
ADH_IDHM_R,9055,1991,0.4030000000000001
ADH_IDHM_R,9055,2000,0.435
ADH_IDHM_R,9055,2010,0.537
ADH_IDHM_R,9056,1991,0.515
ADH_IDHM_R,9056,2000,0.573
ADH_IDHM_R,9056,2010,0.629
ADH_IDHM_R,9057,1991,0.431
ADH_IDHM_R,9057,2000,0.44499999999999995
ADH_IDHM_R,9057,2010,0.527
ADH_IDHM_R,9058,1991,0.466
ADH_IDHM_R,9058,2000,0.5
ADH_IDHM_R,9058,2010,0.591
ADH_IDHM_R,9059,1991,0.47700000000000004
ADH_IDHM_R,9059,2000,0.539
ADH_IDHM_R,9059,2010,0.61
ADH_IDHM_R,9060,1991,0.488
ADH_IDHM_R,9060,2000,0.538
ADH_IDHM_R,9060,2010,0.603
ADH_IDHM_R,9061,1991,0.446
ADH_IDHM_R,9061,2000,0.492
ADH_IDHM_R,9061,2010,0.588
ADH_IDHM_R,9062,1991,0.383
ADH_IDHM_R,9062,2000,0.416
ADH_IDHM_R,9062,2010,0.513
ADH_IDHM_R,9063,1991,0.42499999999999993
ADH_IDHM_R,9063,2000,0.475
ADH_IDHM_R,9063,2010,0.527
ADH_IDHM_R,9064,1991,0.417
ADH_IDHM_R,9064,2000,0.503
ADH_IDHM_R,9064,2010,0.613
ADH_IDHM_R,9065,1991,0.49399999999999994
ADH_IDHM_R,9065,2000,0.56
ADH_IDHM_R,9065,2010,0.624
ADH_IDHM_R,9066,1991,0.451
ADH_IDHM_R,9066,2000,0.479
ADH_IDHM_R,9066,2010,0.572
ADH_IDHM_R,9067,1991,0.48600000000000004
ADH_IDHM_R,9067,2000,0.485
ADH_IDHM_R,9067,2010,0.564
ADH_IDHM_R,9068,1991,0.43900000000000006
ADH_IDHM_R,9068,2000,0.457
ADH_IDHM_R,9068,2010,0.571
ADH_IDHM_R,9069,1991,0.465
ADH_IDHM_R,9069,2000,0.49200000000000005
ADH_IDHM_R,9069,2010,0.579
ADH_IDHM_R,9070,1991,0.445
ADH_IDHM_R,9070,2000,0.502
ADH_IDHM_R,9070,2010,0.565
ADH_IDHM_R,9071,1991,0.417
ADH_IDHM_R,9071,2000,0.48199999999999993
ADH_IDHM_R,9071,2010,0.564
ADH_IDHM_R,9072,1991,0.4689999999999999
ADH_IDHM_R,9072,2000,0.517
ADH_IDHM_R,9072,2010,0.609
ADH_IDHM_R,9073,1991,0.41600000000000004
ADH_IDHM_R,9073,2000,0.42799999999999994
ADH_IDHM_R,9073,2010,0.52
ADH_IDHM_R,9074,1991,0.496
ADH_IDHM_R,9074,2000,0.497
ADH_IDHM_R,9074,2010,0.567
ADH_IDHM_R,10001,1991,0.456
ADH_IDHM_R,10001,2000,0.52
ADH_IDHM_R,10001,2010,0.577
ADH_IDHM_R,10002,1991,0.464
ADH_IDHM_R,10002,2000,0.488
ADH_IDHM_R,10002,2010,0.533
ADH_IDHM_R,10003,1991,0.441
ADH_IDHM_R,10003,2000,0.477
ADH_IDHM_R,10003,2010,0.56
ADH_IDHM_R,10004,1991,0.4744284995344858
ADH_IDHM_R,10004,2000,0.4998030958843812
ADH_IDHM_R,10004,2010,0.5521936062557496
ADH_IDHM_R,10005,1991,0.357
ADH_IDHM_R,10005,2000,0.427
ADH_IDHM_R,10005,2010,0.529
ADH_IDHM_R,10006,1991,0.403
ADH_IDHM_R,10006,2000,0.4670000000000001
ADH_IDHM_R,10006,2010,0.558
ADH_IDHM_R,10007,1991,0.45299999999999996
ADH_IDHM_R,10007,2000,0.505
ADH_IDHM_R,10007,2010,0.573
ADH_IDHM_R,10008,1991,0.5565615970246516
ADH_IDHM_R,10008,2000,0.5994312605423181
ADH_IDHM_R,10008,2010,0.6703811412937268
ADH_IDHM_R,10009,1991,0.5539044048456274
ADH_IDHM_R,10009,2000,0.6150000311560451
ADH_IDHM_R,10009,2010,0.6734047815953689
ADH_IDHM_R,10010,1991,0.373
ADH_IDHM_R,10010,2000,0.487
ADH_IDHM_R,10010,2010,0.563
ADH_IDHM_R,10011,1991,0.473
ADH_IDHM_R,10011,2000,0.552
ADH_IDHM_R,10011,2010,0.616
ADH_IDHM_R,10012,1991,0.483
ADH_IDHM_R,10012,2000,0.552
ADH_IDHM_R,10012,2010,0.609
ADH_IDHM_R,10013,1991,0.4757393678782201
ADH_IDHM_R,10013,2000,0.5444605084845628
ADH_IDHM_R,10013,2010,0.5981462853916271
ADH_IDHM_R,10014,1991,0.385
ADH_IDHM_R,10014,2000,0.431
ADH_IDHM_R,10014,2010,0.549
ADH_IDHM_R,10015,1991,0.43641783522334676
ADH_IDHM_R,10015,2000,0.4787964476021314
ADH_IDHM_R,10015,2010,0.5378083113576431
ADH_IDHM_R,10016,1991,0.49229640822737625
ADH_IDHM_R,10016,2000,0.5772518773129574
ADH_IDHM_R,10016,2010,0.6295625049249716
ADH_IDHM_R,10017,1991,0.432
ADH_IDHM_R,10017,2000,0.462
ADH_IDHM_R,10017,2010,0.564
ADH_IDHM_R,10018,1991,0.384
ADH_IDHM_R,10018,2000,0.457
ADH_IDHM_R,10018,2010,0.565
ADH_IDHM_R,10019,1991,0.41547317627022423
ADH_IDHM_R,10019,2000,0.48020926906022027
ADH_IDHM_R,10019,2010,0.5448874326806339
ADH_IDHM_R,10020,1991,0.348
ADH_IDHM_R,10020,2000,0.473
ADH_IDHM_R,10020,2010,0.544
ADH_IDHM_R,10021,1991,0.398
ADH_IDHM_R,10021,2000,0.4680000000000001
ADH_IDHM_R,10021,2010,0.58
ADH_IDHM_R,10022,1991,0.414
ADH_IDHM_R,10022,2000,0.461
ADH_IDHM_R,10022,2010,0.516
ADH_IDHM_R,10023,1991,0.4577539079946405
ADH_IDHM_R,10023,2000,0.5284357058301273
ADH_IDHM_R,10023,2010,0.5820453394903369
ADH_IDHM_R,10024,1991,0.355
ADH_IDHM_R,10024,2000,0.454
ADH_IDHM_R,10024,2010,0.591
ADH_IDHM_R,10025,1991,0.36999999999999994
ADH_IDHM_R,10025,2000,0.43100000000000005
ADH_IDHM_R,10025,2010,0.534
ADH_IDHM_R,10026,1991,0.423
ADH_IDHM_R,10026,2000,0.516
ADH_IDHM_R,10026,2010,0.568
ADH_IDHM_R,10027,1991,0.4230848973253728
ADH_IDHM_R,10027,2000,0.47771833141081477
ADH_IDHM_R,10027,2010,0.5758676018781521
ADH_IDHM_R,10028,1991,0.437
ADH_IDHM_R,10028,2000,0.486
ADH_IDHM_R,10028,2010,0.57
ADH_IDHM_R,10029,1991,0.406
ADH_IDHM_R,10029,2000,0.44
ADH_IDHM_R,10029,2010,0.555
ADH_IDHM_R,10030,1991,0.387
ADH_IDHM_R,10030,2000,0.46900000000000003
ADH_IDHM_R,10030,2010,0.543
ADH_IDHM_R,10031,1991,0.372
ADH_IDHM_R,10031,2000,0.469
ADH_IDHM_R,10031,2010,0.549
ADH_IDHM_R,10032,1991,0.47534032741953397
ADH_IDHM_R,10032,2000,0.5184872705743043
ADH_IDHM_R,10032,2010,0.5870529899548305
ADH_IDHM_R,10033,1991,0.37678264743737827
ADH_IDHM_R,10033,2000,0.4196975454596633
ADH_IDHM_R,10033,2010,0.5013019558821672
ADH_IDHM_R,10034,1991,0.43
ADH_IDHM_R,10034,2000,0.506
ADH_IDHM_R,10034,2010,0.566
ADH_IDHM_R,10035,1991,0.44800000000000006
ADH_IDHM_R,10035,2000,0.4600000000000001
ADH_IDHM_R,10035,2010,0.563
ADH_IDHM_R,10036,1991,0.442
ADH_IDHM_R,10036,2000,0.495
ADH_IDHM_R,10036,2010,0.578
ADH_IDHM_R,10037,1991,0.39
ADH_IDHM_R,10037,2000,0.484
ADH_IDHM_R,10037,2010,0.585
ADH_IDHM_R,10038,1991,0.5850008851372502
ADH_IDHM_R,10038,2000,0.641000447478195
ADH_IDHM_R,10038,2010,0.7129525089605735
ADH_IDHM_R,10039,1991,0.4610291503117062
ADH_IDHM_R,10039,2000,0.4909670053016616
ADH_IDHM_R,10039,2010,0.5535549510337323
ADH_IDHM_R,10040,1991,0.48999882916304893
ADH_IDHM_R,10040,2000,0.5349993870707993
ADH_IDHM_R,10040,2010,0.6086029487757413
ADH_IDHM_R,10041,1991,0.346
ADH_IDHM_R,10041,2000,0.489
ADH_IDHM_R,10041,2010,0.576
ADH_IDHM_R,10042,1991,0.4640000000000001
ADH_IDHM_R,10042,2000,0.541
ADH_IDHM_R,10042,2010,0.577
ADH_IDHM_R,10043,1991,0.443
ADH_IDHM_R,10043,2000,0.516
ADH_IDHM_R,10043,2010,0.562
ADH_IDHM_R,10044,1991,0.418
ADH_IDHM_R,10044,2000,0.481
ADH_IDHM_R,10044,2010,0.525
ADH_IDHM_R,10045,1991,0.397834239881995
ADH_IDHM_R,10045,2000,0.41862289783948775
ADH_IDHM_R,10045,2010,0.530540666718111
ADH_IDHM_R,10046,1991,0.365
ADH_IDHM_R,10046,2000,0.435
ADH_IDHM_R,10046,2010,0.514
ADH_IDHM_R,10047,1991,0.4292551419474954
ADH_IDHM_R,10047,2000,0.4986689884887571
ADH_IDHM_R,10047,2010,0.5719159637205136
ADH_IDHM_R,10048,1991,0.427111436600528
ADH_IDHM_R,10048,2000,0.48782645188889384
ADH_IDHM_R,10048,2010,0.5665440813404818
ADH_IDHM_R,10049,1991,0.418
ADH_IDHM_R,10049,2000,0.479
ADH_IDHM_R,10049,2010,0.564
ADH_IDHM_R,10050,1991,0.455895755058225
ADH_IDHM_R,10050,2000,0.510028061439784
ADH_IDHM_R,10050,2010,0.5534066162646506
ADH_IDHM_R,10051,1991,0.405
ADH_IDHM_R,10051,2000,0.482
ADH_IDHM_R,10051,2010,0.564
ADH_IDHM_R,10052,1991,0.3741739556835943
ADH_IDHM_R,10052,2000,0.4398231941247397
ADH_IDHM_R,10052,2010,0.5608579930795848
ADH_IDHM_R,10053,1991,0.435
ADH_IDHM_R,10053,2000,0.52
ADH_IDHM_R,10053,2010,0.56
ADH_IDHM_R,10054,1991,0.40499999999999997
ADH_IDHM_R,10054,2000,0.444
ADH_IDHM_R,10054,2010,0.533
ADH_IDHM_R,10055,1991,0.401
ADH_IDHM_R,10055,2000,0.441
ADH_IDHM_R,10055,2010,0.552
ADH_IDHM_R,10056,1991,0.57
ADH_IDHM_R,10056,2000,0.565
ADH_IDHM_R,10056,2010,0.63
ADH_IDHM_R,10057,1991,0.42449289019488634
ADH_IDHM_R,10057,2000,0.4879089545167404
ADH_IDHM_R,10057,2010,0.5920154194078947
ADH_IDHM_R,10058,1991,0.463
ADH_IDHM_R,10058,2000,0.45
ADH_IDHM_R,10058,2010,0.579
ADH_IDHM_R,10059,1991,0.4344043321299639
ADH_IDHM_R,10059,2000,0.5130345738347297
ADH_IDHM_R,10059,2010,0.5900174360749362
ADH_IDHM_R,10060,1991,0.481
ADH_IDHM_R,10060,2000,0.546
ADH_IDHM_R,10060,2010,0.615
ADH_IDHM_R,10061,1991,0.443
ADH_IDHM_R,10061,2000,0.582
ADH_IDHM_R,10061,2010,0.621
ADH_IDHM_R,10062,1991,0.376
ADH_IDHM_R,10062,2000,0.437
ADH_IDHM_R,10062,2010,0.535
ADH_IDHM_R,10063,1991,0.4129517115152459
ADH_IDHM_R,10063,2000,0.5043229672433838
ADH_IDHM_R,10063,2010,0.6092313137723966
ADH_IDHM_R,10064,1991,0.4094817999635635
ADH_IDHM_R,10064,2000,0.45438687536083133
ADH_IDHM_R,10064,2010,0.5386149433091181
ADH_IDHM_R,10065,1991,0.447
ADH_IDHM_R,10065,2000,0.487
ADH_IDHM_R,10065,2010,0.6
ADH_IDHM_R,10066,1991,0.3816023161341175
ADH_IDHM_R,10066,2000,0.43920264502134215
ADH_IDHM_R,10066,2010,0.5332484681047003
ADH_IDHM_R,10067,1991,0.496
ADH_IDHM_R,10067,2000,0.559
ADH_IDHM_R,10067,2010,0.608
ADH_IDHM_R,10068,1991,0.5609416283066136
ADH_IDHM_R,10068,2000,0.5967159518980005
ADH_IDHM_R,10068,2010,0.674558062118225
ADH_IDHM_R,10069,1991,0.4208362059501592
ADH_IDHM_R,10069,2000,0.4652309084551942
ADH_IDHM_R,10069,2010,0.562824948993261
ADH_IDHM_R,10070,1991,0.496
ADH_IDHM_R,10070,2000,0.505
ADH_IDHM_R,10070,2010,0.516
ADH_IDHM_R,10071,1991,0.40162071587637826
ADH_IDHM_R,10071,2000,0.4906366551878237
ADH_IDHM_R,10071,2010,0.5462788939915805
ADH_IDHM_R,10072,1991,0.378
ADH_IDHM_R,10072,2000,0.486
ADH_IDHM_R,10072,2010,0.531
ADH_IDHM_R,10073,1991,0.44536164822246543
ADH_IDHM_R,10073,2000,0.5222431738123504
ADH_IDHM_R,10073,2010,0.5866521891418564
ADH_IDHM_R,10074,1991,0.40199999999999997
ADH_IDHM_R,10074,2000,0.464
ADH_IDHM_R,10074,2010,0.554
ADH_IDHM_R,10075,1991,0.553
ADH_IDHM_R,10075,2000,0.582
ADH_IDHM_R,10075,2010,0.652
ADH_IDHM_R,10076,1991,0.391
ADH_IDHM_R,10076,2000,0.461
ADH_IDHM_R,10076,2010,0.578
ADH_IDHM_R,10077,1991,0.455
ADH_IDHM_R,10077,2000,0.535
ADH_IDHM_R,10077,2010,0.565
ADH_IDHM_R,10078,1991,0.459
ADH_IDHM_R,10078,2000,0.425
ADH_IDHM_R,10078,2010,0.53
ADH_IDHM_R,10079,1991,0.40753091164180927
ADH_IDHM_R,10079,2000,0.47830405345474974
ADH_IDHM_R,10079,2010,0.5625972008164285
ADH_IDHM_R,10080,1991,0.4629145955261126
ADH_IDHM_R,10080,2000,0.5085256088773599
ADH_IDHM_R,10080,2010,0.57835757781743
ADH_IDHM_R,10081,1991,0.46307305496051
ADH_IDHM_R,10081,2000,0.5305054539092517
ADH_IDHM_R,10081,2010,0.6051870549994841
ADH_IDHM_R,10082,1991,0.38499130549334737
ADH_IDHM_R,10082,2000,0.47386820978000205
ADH_IDHM_R,10082,2010,0.5543776375178893
ADH_IDHM_R,10083,1991,0.46699999999999997
ADH_IDHM_R,10083,2000,0.619
ADH_IDHM_R,10083,2010,0.626
ADH_IDHM_R,10084,1991,0.43200000000000005
ADH_IDHM_R,10084,2000,0.463
ADH_IDHM_R,10084,2010,0.523
ADH_IDHM_R,10085,1991,0.41666813965149807
ADH_IDHM_R,10085,2000,0.46372307279076014
ADH_IDHM_R,10085,2010,0.5253578289549821
ADH_IDHM_R,10086,1991,0.4630000000000001
ADH_IDHM_R,10086,2000,0.49599999999999994
ADH_IDHM_R,10086,2010,0.577
ADH_IDHM_R,10087,1991,0.43338959091144175
ADH_IDHM_R,10087,2000,0.4597632579089981
ADH_IDHM_R,10087,2010,0.5682889128957502
ADH_IDHM_R,10088,1991,0.395
ADH_IDHM_R,10088,2000,0.443
ADH_IDHM_R,10088,2010,0.554
ADH_IDHM_R,10089,1991,0.512
ADH_IDHM_R,10089,2000,0.58
ADH_IDHM_R,10089,2010,0.66
ADH_IDHM_R,10090,1991,0.435
ADH_IDHM_R,10090,2000,0.49
ADH_IDHM_R,10090,2010,0.54
ADH_IDHM_R,10091,1991,0.429
ADH_IDHM_R,10091,2000,0.45999999999999996
ADH_IDHM_R,10091,2010,0.552
ADH_IDHM_R,10092,1991,0.41581599233579897
ADH_IDHM_R,10092,2000,0.5047082791680209
ADH_IDHM_R,10092,2010,0.5772783472133247
ADH_IDHM_R,10093,1991,0.461
ADH_IDHM_R,10093,2000,0.505
ADH_IDHM_R,10093,2010,0.589
ADH_IDHM_R,10094,1991,0.456
ADH_IDHM_R,10094,2000,0.52
ADH_IDHM_R,10094,2010,0.615
ADH_IDHM_R,10095,1991,0.431
ADH_IDHM_R,10095,2000,0.48200000000000004
ADH_IDHM_R,10095,2010,0.558
ADH_IDHM_R,10096,1991,0.477
ADH_IDHM_R,10096,2000,0.51
ADH_IDHM_R,10096,2010,0.606
ADH_IDHM_R,10097,1991,0.44699999999999995
ADH_IDHM_R,10097,2000,0.502
ADH_IDHM_R,10097,2010,0.578
ADH_IDHM_R,10098,1991,0.448
ADH_IDHM_R,10098,2000,0.507
ADH_IDHM_R,10098,2010,0.587
ADH_IDHM_R,10099,1991,0.518
ADH_IDHM_R,10099,2000,0.569
ADH_IDHM_R,10099,2010,0.63
ADH_IDHM_R,10100,1991,0.4
ADH_IDHM_R,10100,2000,0.48
ADH_IDHM_R,10100,2010,0.551
ADH_IDHM_R,10101,1991,0.43403624394673124
ADH_IDHM_R,10101,2000,0.5024528381310106
ADH_IDHM_R,10101,2010,0.5548062248260711
ADH_IDHM_R,10102,1991,0.449
ADH_IDHM_R,10102,2000,0.502
ADH_IDHM_R,10102,2010,0.579
ADH_IDHM_R,10103,1991,0.49300000000000005
ADH_IDHM_R,10103,2000,0.502
ADH_IDHM_R,10103,2010,0.558
ADH_IDHM_R,10104,1991,0.396
ADH_IDHM_R,10104,2000,0.479
ADH_IDHM_R,10104,2010,0.561
ADH_IDHM_R,10105,1991,0.461715753555956
ADH_IDHM_R,10105,2000,0.4652712406154761
ADH_IDHM_R,10105,2010,0.5717113142021568
ADH_IDHM_R,10106,1991,0.418
ADH_IDHM_R,10106,2000,0.422
ADH_IDHM_R,10106,2010,0.545
ADH_IDHM_R,10107,1991,0.4375062599188856
ADH_IDHM_R,10107,2000,0.4861279635927675
ADH_IDHM_R,10107,2010,0.5743307393963503
ADH_IDHM_R,10108,1991,0.4270980587356894
ADH_IDHM_R,10108,2000,0.4962442363912223
ADH_IDHM_R,10108,2010,0.5564712300447915
ADH_IDHM_R,10109,1991,0.374
ADH_IDHM_R,10109,2000,0.473
ADH_IDHM_R,10109,2010,0.559
ADH_IDHM_R,10110,1991,0.448
ADH_IDHM_R,10110,2000,0.48000000000000004
ADH_IDHM_R,10110,2010,0.542
ADH_IDHM_R,10111,1991,0.449
ADH_IDHM_R,10111,2000,0.47
ADH_IDHM_R,10111,2010,0.546
ADH_IDHM_R,10112,1991,0.528
ADH_IDHM_R,10112,2000,0.592
ADH_IDHM_R,10112,2010,0.659
ADH_IDHM_R,10113,1991,0.461
ADH_IDHM_R,10113,2000,0.504
ADH_IDHM_R,10113,2010,0.544
ADH_IDHM_R,10114,1991,0.37400000000000005
ADH_IDHM_R,10114,2000,0.415
ADH_IDHM_R,10114,2010,0.522
ADH_IDHM_R,10115,1991,0.442
ADH_IDHM_R,10115,2000,0.489
ADH_IDHM_R,10115,2010,0.547
ADH_IDHM_R,10116,1991,0.429
ADH_IDHM_R,10116,2000,0.509
ADH_IDHM_R,10116,2010,0.598
ADH_IDHM_R,10117,1991,0.425
ADH_IDHM_R,10117,2000,0.524
ADH_IDHM_R,10117,2010,0.59
ADH_IDHM_R,10118,1991,0.42596915644741734
ADH_IDHM_R,10118,2000,0.47809612872457335
ADH_IDHM_R,10118,2010,0.5417699579831934
ADH_IDHM_R,10119,1991,0.448
ADH_IDHM_R,10119,2000,0.529
ADH_IDHM_R,10119,2010,0.602
ADH_IDHM_R,10120,1991,0.474
ADH_IDHM_R,10120,2000,0.493
ADH_IDHM_R,10120,2010,0.589
ADH_IDHM_R,10121,1991,0.5395239361702129
ADH_IDHM_R,10121,2000,0.6233554551514703
ADH_IDHM_R,10121,2010,0.6739157678317255
ADH_IDHM_R,10122,1991,0.591
ADH_IDHM_R,10122,2000,0.634
ADH_IDHM_R,10122,2010,0.71
ADH_IDHM_R,10123,1991,0.3853829585049097
ADH_IDHM_R,10123,2000,0.4509810344827586
ADH_IDHM_R,10123,2010,0.5388076015300725
ADH_IDHM_R,10124,1991,0.47100000000000003
ADH_IDHM_R,10124,2000,0.52
ADH_IDHM_R,10124,2010,0.596
ADH_IDHM_R,10125,1991,0.435
ADH_IDHM_R,10125,2000,0.502
ADH_IDHM_R,10125,2010,0.548
ADH_IDHM_R,10126,1991,0.512
ADH_IDHM_R,10126,2000,0.572
ADH_IDHM_R,10126,2010,0.576
ADH_IDHM_R,10127,1991,0.5256323891459028
ADH_IDHM_R,10127,2000,0.564288644176426
ADH_IDHM_R,10127,2010,0.6405061648280338
ADH_IDHM_R,10128,1991,0.49800000000000005
ADH_IDHM_R,10128,2000,0.51
ADH_IDHM_R,10128,2010,0.523
ADH_IDHM_R,10129,1991,0.436
ADH_IDHM_R,10129,2000,0.497
ADH_IDHM_R,10129,2010,0.563
ADH_IDHM_R,10130,1991,0.372
ADH_IDHM_R,10130,2000,0.434
ADH_IDHM_R,10130,2010,0.543
ADH_IDHM_R,10131,1991,0.416
ADH_IDHM_R,10131,2000,0.508
ADH_IDHM_R,10131,2010,0.594
ADH_IDHM_R,10132,1991,0.524
ADH_IDHM_R,10132,2000,0.586
ADH_IDHM_R,10132,2010,0.663
ADH_IDHM_R,10133,1991,0.49099999999999994
ADH_IDHM_R,10133,2000,0.483
ADH_IDHM_R,10133,2010,0.559
ADH_IDHM_R,10134,1991,0.3850439213207995
ADH_IDHM_R,10134,2000,0.45764681055866124
ADH_IDHM_R,10134,2010,0.5241317897189457
ADH_IDHM_R,10135,1991,0.433
ADH_IDHM_R,10135,2000,0.494
ADH_IDHM_R,10135,2010,0.588
ADH_IDHM_R,10136,1991,0.396
ADH_IDHM_R,10136,2000,0.509
ADH_IDHM_R,10136,2010,0.608
ADH_IDHM_R,10137,1991,0.466
ADH_IDHM_R,10137,2000,0.526
ADH_IDHM_R,10137,2010,0.609
ADH_IDHM_R,10138,1991,0.394
ADH_IDHM_R,10138,2000,0.559
ADH_IDHM_R,10138,2010,0.583
ADH_IDHM_R,10139,1991,0.55
ADH_IDHM_R,10139,2000,0.53
ADH_IDHM_R,10139,2010,0.586
ADH_IDHM_R,10140,1991,0.44
ADH_IDHM_R,10140,2000,0.485
ADH_IDHM_R,10140,2010,0.577
ADH_IDHM_R,10141,1991,0.447
ADH_IDHM_R,10141,2000,0.507
ADH_IDHM_R,10141,2010,0.553
ADH_IDHM_R,10142,1991,0.38800000000000007
ADH_IDHM_R,10142,2000,0.453
ADH_IDHM_R,10142,2010,0.517
ADH_IDHM_R,10143,1991,0.39199999999999996
ADH_IDHM_R,10143,2000,0.46
ADH_IDHM_R,10143,2010,0.561
ADH_IDHM_R,10144,1991,0.464
ADH_IDHM_R,10144,2000,0.544
ADH_IDHM_R,10144,2010,0.641
ADH_IDHM_R,10145,1991,0.45299999999999996
ADH_IDHM_R,10145,2000,0.502
ADH_IDHM_R,10145,2010,0.571
ADH_IDHM_R,10146,1991,0.4168381877022654
ADH_IDHM_R,10146,2000,0.5034509915014165
ADH_IDHM_R,10146,2010,0.5532612963599557
ADH_IDHM_R,10147,1991,0.432
ADH_IDHM_R,10147,2000,0.485
ADH_IDHM_R,10147,2010,0.554
ADH_IDHM_R,10148,1991,0.469
ADH_IDHM_R,10148,2000,0.574
ADH_IDHM_R,10148,2010,0.601
ADH_IDHM_R,10149,1991,0.448
ADH_IDHM_R,10149,2000,0.513
ADH_IDHM_R,10149,2010,0.58
ADH_IDHM_R,10150,1991,0.4119999999999999
ADH_IDHM_R,10150,2000,0.513
ADH_IDHM_R,10150,2010,0.586
ADH_IDHM_R,10151,1991,0.451
ADH_IDHM_R,10151,2000,0.505
ADH_IDHM_R,10151,2010,0.559
ADH_IDHM_R,10152,1991,0.525
ADH_IDHM_R,10152,2000,0.607
ADH_IDHM_R,10152,2010,0.688
ADH_IDHM_R,10153,1991,0.418
ADH_IDHM_R,10153,2000,0.478
ADH_IDHM_R,10153,2010,0.556
ADH_IDHM_R,10154,1991,0.41
ADH_IDHM_R,10154,2000,0.456
ADH_IDHM_R,10154,2010,0.506
ADH_IDHM_R,10155,1991,0.537
ADH_IDHM_R,10155,2000,0.578
ADH_IDHM_R,10155,2010,0.687
ADH_IDHM_R,10156,1991,0.4438675506657362
ADH_IDHM_R,10156,2000,0.49624820772501477
ADH_IDHM_R,10156,2010,0.5685936428212672
ADH_IDHM_R,10157,1991,0.429
ADH_IDHM_R,10157,2000,0.488
ADH_IDHM_R,10157,2010,0.558
ADH_IDHM_R,10158,1991,0.378
ADH_IDHM_R,10158,2000,0.458
ADH_IDHM_R,10158,2010,0.544
ADH_IDHM_R,10159,1991,0.388
ADH_IDHM_R,10159,2000,0.45
ADH_IDHM_R,10159,2010,0.543
ADH_IDHM_R,10160,1991,0.4
ADH_IDHM_R,10160,2000,0.46799999999999997
ADH_IDHM_R,10160,2010,0.548
ADH_IDHM_R,10161,1991,0.433
ADH_IDHM_R,10161,2000,0.506
ADH_IDHM_R,10161,2010,0.587
ADH_IDHM_R,10162,1991,0.5158315948765065
ADH_IDHM_R,10162,2000,0.6010486551902986
ADH_IDHM_R,10162,2010,0.6622156786999659
ADH_IDHM_R,10163,1991,0.471
ADH_IDHM_R,10163,2000,0.55
ADH_IDHM_R,10163,2010,0.638
ADH_IDHM_R,10164,1991,0.5894752228421601
ADH_IDHM_R,10164,2000,0.6305613937159393
ADH_IDHM_R,10164,2010,0.6913818869854741
ADH_IDHM_R,10165,1991,0.47100000000000003
ADH_IDHM_R,10165,2000,0.48700000000000004
ADH_IDHM_R,10165,2010,0.594
ADH_IDHM_R,10166,1991,0.372
ADH_IDHM_R,10166,2000,0.436
ADH_IDHM_R,10166,2010,0.536
ADH_IDHM_R,10167,1991,0.403
ADH_IDHM_R,10167,2000,0.503
ADH_IDHM_R,10167,2010,0.543
ADH_IDHM_R,10168,1991,0.4179999999999999
ADH_IDHM_R,10168,2000,0.469
ADH_IDHM_R,10168,2010,0.566
ADH_IDHM_R,10169,1991,0.477
ADH_IDHM_R,10169,2000,0.573
ADH_IDHM_R,10169,2010,0.6020000000000001
ADH_IDHM_R,10170,1991,0.4036484561804762
ADH_IDHM_R,10170,2000,0.46576116872222323
ADH_IDHM_R,10170,2010,0.5600769086730785
ADH_IDHM_R,10171,1991,0.385
ADH_IDHM_R,10171,2000,0.509
ADH_IDHM_R,10171,2010,0.5699999999999998
ADH_IDHM_R,10172,1991,0.467
ADH_IDHM_R,10172,2000,0.516
ADH_IDHM_R,10172,2010,0.609
ADH_IDHM_R,10173,1991,0.5046984063745019
ADH_IDHM_R,10173,2000,0.5657958338233948
ADH_IDHM_R,10173,2010,0.6223442113442114
ADH_IDHM_R,10174,1991,0.478
ADH_IDHM_R,10174,2000,0.52
ADH_IDHM_R,10174,2010,0.595
ADH_IDHM_R,10175,1991,0.453
ADH_IDHM_R,10175,2000,0.476
ADH_IDHM_R,10175,2010,0.589
ADH_IDHM_R,10176,1991,0.404
ADH_IDHM_R,10176,2000,0.484
ADH_IDHM_R,10176,2010,0.577
ADH_IDHM_R,10177,1991,0.48600000000000004
ADH_IDHM_R,10177,2000,0.544
ADH_IDHM_R,10177,2010,0.624
ADH_IDHM_R,10178,1991,0.458
ADH_IDHM_R,10178,2000,0.558
ADH_IDHM_R,10178,2010,0.657
ADH_IDHM_R,10179,1991,0.371
ADH_IDHM_R,10179,2000,0.473
ADH_IDHM_R,10179,2010,0.574
ADH_IDHM_R,10180,1991,0.4159999999999999
ADH_IDHM_R,10180,2000,0.494
ADH_IDHM_R,10180,2010,0.568
ADH_IDHM_R,10181,1991,0.547
ADH_IDHM_R,10181,2000,0.5920000000000001
ADH_IDHM_R,10181,2010,0.667
ADH_IDHM_R,10182,1991,0.419
ADH_IDHM_R,10182,2000,0.44
ADH_IDHM_R,10182,2010,0.505
ADH_IDHM_R,10183,1991,0.454
ADH_IDHM_R,10183,2000,0.486
ADH_IDHM_R,10183,2010,0.536
ADH_IDHM_R,10184,1991,0.417
ADH_IDHM_R,10184,2000,0.475
ADH_IDHM_R,10184,2010,0.539
ADH_IDHM_R,10185,1991,0.419
ADH_IDHM_R,10185,2000,0.514
ADH_IDHM_R,10185,2010,0.608
ADH_IDHM_R,10186,1991,0.42940642362029735
ADH_IDHM_R,10186,2000,0.488962048981118
ADH_IDHM_R,10186,2010,0.5496008274720728
ADH_IDHM_R,10187,1991,0.439
ADH_IDHM_R,10187,2000,0.529
ADH_IDHM_R,10187,2010,0.588
ADH_IDHM_R,10188,1991,0.431
ADH_IDHM_R,10188,2000,0.455
ADH_IDHM_R,10188,2010,0.521
ADH_IDHM_R,10189,1991,0.463
ADH_IDHM_R,10189,2000,0.53
ADH_IDHM_R,10189,2010,0.598
ADH_IDHM_R,10190,1991,0.472
ADH_IDHM_R,10190,2000,0.542
ADH_IDHM_R,10190,2010,0.565
ADH_IDHM_R,10191,1991,0.4398368792259268
ADH_IDHM_R,10191,2000,0.4863002940178673
ADH_IDHM_R,10191,2010,0.5861897499312998
ADH_IDHM_R,10192,1991,0.3929562012974549
ADH_IDHM_R,10192,2000,0.4438585986285102
ADH_IDHM_R,10192,2010,0.5405048673552798
ADH_IDHM_R,10193,1991,0.41100000000000003
ADH_IDHM_R,10193,2000,0.504
ADH_IDHM_R,10193,2010,0.573
ADH_IDHM_R,10194,1991,0.458
ADH_IDHM_R,10194,2000,0.526
ADH_IDHM_R,10194,2010,0.644
ADH_IDHM_R,10195,1991,0.45499999999999996
ADH_IDHM_R,10195,2000,0.465
ADH_IDHM_R,10195,2010,0.552
ADH_IDHM_R,10196,1991,0.401
ADH_IDHM_R,10196,2000,0.42799999999999994
ADH_IDHM_R,10196,2010,0.511
ADH_IDHM_R,10197,1991,0.517
ADH_IDHM_R,10197,2000,0.569
ADH_IDHM_R,10197,2010,0.656
ADH_IDHM_R,10198,1991,0.45437519554842665
ADH_IDHM_R,10198,2000,0.4977698423393074
ADH_IDHM_R,10198,2010,0.5587457033736474
ADH_IDHM_R,10199,1991,0.419
ADH_IDHM_R,10199,2000,0.506
ADH_IDHM_R,10199,2010,0.558
ADH_IDHM_R,10200,1991,0.414
ADH_IDHM_R,10200,2000,0.454
ADH_IDHM_R,10200,2010,0.563
ADH_IDHM_R,10201,1991,0.5309696149358226
ADH_IDHM_R,10201,2000,0.604427837788169
ADH_IDHM_R,10201,2010,0.6517991725956402
ADH_IDHM_R,10202,1991,0.422
ADH_IDHM_R,10202,2000,0.47
ADH_IDHM_R,10202,2010,0.544
ADH_IDHM_R,10203,1991,0.469
ADH_IDHM_R,10203,2000,0.507
ADH_IDHM_R,10203,2010,0.6
ADH_IDHM_R,10204,1991,0.381
ADH_IDHM_R,10204,2000,0.483
ADH_IDHM_R,10204,2010,0.576
ADH_IDHM_R,10205,1991,0.47000000000000003
ADH_IDHM_R,10205,2000,0.517
ADH_IDHM_R,10205,2010,0.548
ADH_IDHM_R,10206,1991,0.601
ADH_IDHM_R,10206,2000,0.587
ADH_IDHM_R,10206,2010,0.652
ADH_IDHM_R,10207,1991,0.36299999999999993
ADH_IDHM_R,10207,2000,0.444
ADH_IDHM_R,10207,2010,0.522
ADH_IDHM_R,10208,1991,0.4305709782931906
ADH_IDHM_R,10208,2000,0.4720901138677325
ADH_IDHM_R,10208,2010,0.5689266055045872
ADH_IDHM_R,10209,1991,0.359
ADH_IDHM_R,10209,2000,0.46599999999999997
ADH_IDHM_R,10209,2010,0.501
ADH_IDHM_R,10210,1991,0.643
ADH_IDHM_R,10210,2000,0.707
ADH_IDHM_R,10210,2010,0.781
ADH_IDHM_R,10211,1991,0.473
ADH_IDHM_R,10211,2000,0.538
ADH_IDHM_R,10211,2010,0.613
ADH_IDHM_R,10212,1991,0.428
ADH_IDHM_R,10212,2000,0.529
ADH_IDHM_R,10212,2010,0.582
ADH_IDHM_R,10213,1991,0.487
ADH_IDHM_R,10213,2000,0.539
ADH_IDHM_R,10213,2010,0.587
ADH_IDHM_R,10214,1991,0.397
ADH_IDHM_R,10214,2000,0.44699999999999995
ADH_IDHM_R,10214,2010,0.515
ADH_IDHM_R,10215,1991,0.461
ADH_IDHM_R,10215,2000,0.515
ADH_IDHM_R,10215,2010,0.607
ADH_IDHM_R,10216,1991,0.399
ADH_IDHM_R,10216,2000,0.47900000000000004
ADH_IDHM_R,10216,2010,0.557
ADH_IDHM_R,10217,1991,0.344
ADH_IDHM_R,10217,2000,0.458
ADH_IDHM_R,10217,2010,0.547
ADH_IDHM_R,10218,1991,0.6853568019665564
ADH_IDHM_R,10218,2000,0.7144313259960825
ADH_IDHM_R,10218,2010,0.7713418748830314
ADH_IDHM_R,10219,1991,0.39987983200130484
ADH_IDHM_R,10219,2000,0.44574885294979016
ADH_IDHM_R,10219,2010,0.5438852585790237
ADH_IDHM_R,10220,1991,0.408
ADH_IDHM_R,10220,2000,0.506
ADH_IDHM_R,10220,2010,0.586
ADH_IDHM_R,10221,1991,0.4081698863138206
ADH_IDHM_R,10221,2000,0.4607221662020286
ADH_IDHM_R,10221,2010,0.5600115970041073
ADH_IDHM_R,10222,1991,0.43699999999999994
ADH_IDHM_R,10222,2000,0.448
ADH_IDHM_R,10222,2010,0.549
ADH_IDHM_R,10223,1991,0.371
ADH_IDHM_R,10223,2000,0.455
ADH_IDHM_R,10223,2010,0.538
ADH_IDHM_R,10224,1991,0.38381419624217117
ADH_IDHM_R,10224,2000,0.4462842153284671
ADH_IDHM_R,10224,2010,0.5442247052160032
ADH_IDHM_R,10225,1991,0.432
ADH_IDHM_R,10225,2000,0.49100000000000005
ADH_IDHM_R,10225,2010,0.582
ADH_IDHM_R,10226,1991,0.509
ADH_IDHM_R,10226,2000,0.521
ADH_IDHM_R,10226,2010,0.643
ADH_IDHM_R,10227,1991,0.373
ADH_IDHM_R,10227,2000,0.48700000000000004
ADH_IDHM_R,10227,2010,0.518
ADH_IDHM_R,10228,1991,0.402
ADH_IDHM_R,10228,2000,0.464
ADH_IDHM_R,10228,2010,0.567
ADH_IDHM_R,10229,1991,0.505
ADH_IDHM_R,10229,2000,0.56
ADH_IDHM_R,10229,2010,0.648
ADH_IDHM_R,10230,1991,0.4071083898725798
ADH_IDHM_R,10230,2000,0.44640185161373286
ADH_IDHM_R,10230,2010,0.5629327367136464
ADH_IDHM_R,10231,1991,0.523
ADH_IDHM_R,10231,2000,0.585
ADH_IDHM_R,10231,2010,0.626
ADH_IDHM_R,10232,1991,0.442
ADH_IDHM_R,10232,2000,0.494
ADH_IDHM_R,10232,2010,0.571
ADH_IDHM_R,10233,1991,0.456
ADH_IDHM_R,10233,2000,0.523
ADH_IDHM_R,10233,2010,0.59
ADH_IDHM_R,10234,1991,0.387
ADH_IDHM_R,10234,2000,0.441
ADH_IDHM_R,10234,2010,0.512
ADH_IDHM_R,10235,1991,0.394
ADH_IDHM_R,10235,2000,0.398
ADH_IDHM_R,10235,2010,0.515
ADH_IDHM_R,10236,1991,0.408
ADH_IDHM_R,10236,2000,0.4799999999999999
ADH_IDHM_R,10236,2010,0.536
ADH_IDHM_R,10237,1991,0.423
ADH_IDHM_R,10237,2000,0.502
ADH_IDHM_R,10237,2010,0.598
ADH_IDHM_R,10238,1991,0.46
ADH_IDHM_R,10238,2000,0.469
ADH_IDHM_R,10238,2010,0.589
ADH_IDHM_R,10239,1991,0.522
ADH_IDHM_R,10239,2000,0.607
ADH_IDHM_R,10239,2010,0.679
ADH_IDHM_R,10240,1991,0.424
ADH_IDHM_R,10240,2000,0.493
ADH_IDHM_R,10240,2010,0.606
ADH_IDHM_R,10241,1991,0.425
ADH_IDHM_R,10241,2000,0.493
ADH_IDHM_R,10241,2010,0.581
ADH_IDHM_R,10242,1991,0.43299999999999994
ADH_IDHM_R,10242,2000,0.601
ADH_IDHM_R,10242,2010,0.618
ADH_IDHM_R,10243,1991,0.494
ADH_IDHM_R,10243,2000,0.529
ADH_IDHM_R,10243,2010,0.637
ADH_IDHM_R,10244,1991,0.435
ADH_IDHM_R,10244,2000,0.45899999999999996
ADH_IDHM_R,10244,2010,0.531
ADH_IDHM_R,10245,1991,0.3929459001755088
ADH_IDHM_R,10245,2000,0.4651210556669322
ADH_IDHM_R,10245,2010,0.5356123928271982
ADH_IDHM_R,10246,1991,0.447
ADH_IDHM_R,10246,2000,0.479
ADH_IDHM_R,10246,2010,0.554
ADH_IDHM_R,10247,1991,0.383
ADH_IDHM_R,10247,2000,0.464
ADH_IDHM_R,10247,2010,0.508
ADH_IDHM_R,10248,1991,0.447
ADH_IDHM_R,10248,2000,0.465
ADH_IDHM_R,10248,2010,0.548
ADH_IDHM_R,10249,1991,0.525
ADH_IDHM_R,10249,2000,0.556
ADH_IDHM_R,10249,2010,0.657
ADH_IDHM_R,10250,1991,0.412
ADH_IDHM_R,10250,2000,0.49300000000000005
ADH_IDHM_R,10250,2010,0.534
ADH_IDHM_R,10251,1991,0.376
ADH_IDHM_R,10251,2000,0.452
ADH_IDHM_R,10251,2010,0.533
ADH_IDHM_R,10252,1991,0.427
ADH_IDHM_R,10252,2000,0.452
ADH_IDHM_R,10252,2010,0.572
ADH_IDHM_R,10253,1991,0.432
ADH_IDHM_R,10253,2000,0.532
ADH_IDHM_R,10253,2010,0.561
ADH_IDHM_R,10254,1991,0.487
ADH_IDHM_R,10254,2000,0.54
ADH_IDHM_R,10254,2010,0.608
ADH_IDHM_R,10255,1991,0.406
ADH_IDHM_R,10255,2000,0.603
ADH_IDHM_R,10255,2010,0.604
ADH_IDHM_R,10256,1991,0.361
ADH_IDHM_R,10256,2000,0.401
ADH_IDHM_R,10256,2010,0.519
ADH_IDHM_R,10257,1991,0.431
ADH_IDHM_R,10257,2000,0.507
ADH_IDHM_R,10257,2010,0.58
ADH_IDHM_R,10258,1991,0.574
ADH_IDHM_R,10258,2000,0.604
ADH_IDHM_R,10258,2010,0.6780000000000002
ADH_IDHM_R,10259,1991,0.438
ADH_IDHM_R,10259,2000,0.43
ADH_IDHM_R,10259,2010,0.534
ADH_IDHM_R,10260,1991,0.38100000000000006
ADH_IDHM_R,10260,2000,0.408
ADH_IDHM_R,10260,2010,0.489
ADH_IDHM_R,10261,1991,0.37
ADH_IDHM_R,10261,2000,0.4699999999999999
ADH_IDHM_R,10261,2010,0.543
ADH_IDHM_R,10262,1991,0.311
ADH_IDHM_R,10262,2000,0.389
ADH_IDHM_R,10262,2010,0.514
ADH_IDHM_R,10263,1991,0.439
ADH_IDHM_R,10263,2000,0.481
ADH_IDHM_R,10263,2010,0.566
ADH_IDHM_R,10264,1991,0.43100000000000005
ADH_IDHM_R,10264,2000,0.475
ADH_IDHM_R,10264,2010,0.547
ADH_IDHM_R,10265,1991,0.423
ADH_IDHM_R,10265,2000,0.49600000000000005
ADH_IDHM_R,10265,2010,0.566
ADH_IDHM_R,10266,1991,0.407
ADH_IDHM_R,10266,2000,0.463
ADH_IDHM_R,10266,2010,0.573
ADH_IDHM_R,10267,1991,0.423
ADH_IDHM_R,10267,2000,0.506
ADH_IDHM_R,10267,2010,0.557
ADH_IDHM_R,10268,1991,0.553
ADH_IDHM_R,10268,2000,0.572
ADH_IDHM_R,10268,2010,0.645
ADH_IDHM_R,10269,1991,0.42999999999999994
ADH_IDHM_R,10269,2000,0.455
ADH_IDHM_R,10269,2010,0.595
ADH_IDHM_R,10270,1991,0.45634685855575985
ADH_IDHM_R,10270,2000,0.5535410038882997
ADH_IDHM_R,10270,2010,0.6065190693351148
ADH_IDHM_R,10271,1991,0.436
ADH_IDHM_R,10271,2000,0.503
ADH_IDHM_R,10271,2010,0.572
ADH_IDHM_R,10272,1991,0.47954187630168726
ADH_IDHM_R,10272,2000,0.5450386717583967
ADH_IDHM_R,10272,2010,0.6077677814413566
ADH_IDHM_R,10273,1991,0.353
ADH_IDHM_R,10273,2000,0.42
ADH_IDHM_R,10273,2010,0.539
ADH_IDHM_R,10274,1991,0.439
ADH_IDHM_R,10274,2000,0.51
ADH_IDHM_R,10274,2010,0.569
ADH_IDHM_R,10275,1991,0.415
ADH_IDHM_R,10275,2000,0.537
ADH_IDHM_R,10275,2010,0.579
ADH_IDHM_R,10276,1991,0.416
ADH_IDHM_R,10276,2000,0.435
ADH_IDHM_R,10276,2010,0.527
ADH_IDHM_R,10277,1991,0.438
ADH_IDHM_R,10277,2000,0.514
ADH_IDHM_R,10277,2010,0.58
ADH_IDHM_R,10278,1991,0.37000000000000005
ADH_IDHM_R,10278,2000,0.472
ADH_IDHM_R,10278,2010,0.555
ADH_IDHM_R,10279,1991,0.413
ADH_IDHM_R,10279,2000,0.516
ADH_IDHM_R,10279,2010,0.568
ADH_IDHM_R,10280,1991,0.49
ADH_IDHM_R,10280,2000,0.509
ADH_IDHM_R,10280,2010,0.568
ADH_IDHM_R,10281,1991,0.522
ADH_IDHM_R,10281,2000,0.535
ADH_IDHM_R,10281,2010,0.566
ADH_IDHM_R,10282,1991,0.503
ADH_IDHM_R,10282,2000,0.492
ADH_IDHM_R,10282,2010,0.583
ADH_IDHM_R,10283,1991,0.439
ADH_IDHM_R,10283,2000,0.46900000000000003
ADH_IDHM_R,10283,2010,0.575
ADH_IDHM_R,10284,1991,0.431
ADH_IDHM_R,10284,2000,0.47000000000000003
ADH_IDHM_R,10284,2010,0.554
ADH_IDHM_R,10285,1991,0.396
ADH_IDHM_R,10285,2000,0.405
ADH_IDHM_R,10285,2010,0.533
ADH_IDHM_R,10286,1991,0.395
ADH_IDHM_R,10286,2000,0.47
ADH_IDHM_R,10286,2010,0.573
ADH_IDHM_R,10287,1991,0.404
ADH_IDHM_R,10287,2000,0.519
ADH_IDHM_R,10287,2010,0.571
ADH_IDHM_R,10288,1991,0.465
ADH_IDHM_R,10288,2000,0.541
ADH_IDHM_R,10288,2010,0.559
ADH_IDHM_R,10289,1991,0.479
ADH_IDHM_R,10289,2000,0.515
ADH_IDHM_R,10289,2010,0.592
ADH_IDHM_R,10290,1991,0.479
ADH_IDHM_R,10290,2000,0.524
ADH_IDHM_R,10290,2010,0.585
ADH_IDHM_R,10291,1991,0.394
ADH_IDHM_R,10291,2000,0.451
ADH_IDHM_R,10291,2010,0.561
ADH_IDHM_R,10292,1991,0.5031356150283068
ADH_IDHM_R,10292,2000,0.5456914454793244
ADH_IDHM_R,10292,2010,0.6157731482152433
ADH_IDHM_R,10293,1991,0.537
ADH_IDHM_R,10293,2000,0.591
ADH_IDHM_R,10293,2010,0.677
ADH_IDHM_R,10294,1991,0.471
ADH_IDHM_R,10294,2000,0.5
ADH_IDHM_R,10294,2010,0.611
ADH_IDHM_R,10295,1991,0.44200000000000006
ADH_IDHM_R,10295,2000,0.485
ADH_IDHM_R,10295,2010,0.584
ADH_IDHM_R,10296,1991,0.44390315235181105
ADH_IDHM_R,10296,2000,0.5127563663869179
ADH_IDHM_R,10296,2010,0.6169924228970579
ADH_IDHM_R,10297,1991,0.483
ADH_IDHM_R,10297,2000,0.535
ADH_IDHM_R,10297,2010,0.582
ADH_IDHM_R,10298,1991,0.434
ADH_IDHM_R,10298,2000,0.52
ADH_IDHM_R,10298,2010,0.565
ADH_IDHM_R,10299,1991,0.521
ADH_IDHM_R,10299,2000,0.552
ADH_IDHM_R,10299,2010,0.641
ADH_IDHM_R,10300,1991,0.4680000000000001
ADH_IDHM_R,10300,2000,0.533
ADH_IDHM_R,10300,2010,0.636
ADH_IDHM_R,10301,1991,0.45100000000000007
ADH_IDHM_R,10301,2000,0.519
ADH_IDHM_R,10301,2010,0.568
ADH_IDHM_R,10302,1991,0.528
ADH_IDHM_R,10302,2000,0.553
ADH_IDHM_R,10302,2010,0.633
ADH_IDHM_R,10303,1991,0.463
ADH_IDHM_R,10303,2000,0.519
ADH_IDHM_R,10303,2010,0.602
ADH_IDHM_R,10304,1991,0.39
ADH_IDHM_R,10304,2000,0.411
ADH_IDHM_R,10304,2010,0.524
ADH_IDHM_R,10305,1991,0.407
ADH_IDHM_R,10305,2000,0.473
ADH_IDHM_R,10305,2010,0.546
ADH_IDHM_R,10306,1991,0.4570000000000001
ADH_IDHM_R,10306,2000,0.535
ADH_IDHM_R,10306,2010,0.588
ADH_IDHM_R,10307,1991,0.531
ADH_IDHM_R,10307,2000,0.49899999999999994
ADH_IDHM_R,10307,2010,0.569
ADH_IDHM_R,10308,1991,0.456
ADH_IDHM_R,10308,2000,0.465
ADH_IDHM_R,10308,2010,0.535
ADH_IDHM_R,10309,1991,0.363
ADH_IDHM_R,10309,2000,0.456
ADH_IDHM_R,10309,2010,0.539
ADH_IDHM_R,10310,1991,0.397
ADH_IDHM_R,10310,2000,0.463
ADH_IDHM_R,10310,2010,0.541
ADH_IDHM_R,10311,1991,0.415
ADH_IDHM_R,10311,2000,0.489
ADH_IDHM_R,10311,2010,0.56
ADH_IDHM_R,10312,1991,0.543
ADH_IDHM_R,10312,2000,0.585
ADH_IDHM_R,10312,2010,0.641
ADH_IDHM_R,10313,1991,0.368
ADH_IDHM_R,10313,2000,0.474
ADH_IDHM_R,10313,2010,0.533
ADH_IDHM_R,10314,1991,0.36900000000000005
ADH_IDHM_R,10314,2000,0.47
ADH_IDHM_R,10314,2010,0.53
ADH_IDHM_R,10315,1991,0.453
ADH_IDHM_R,10315,2000,0.55
ADH_IDHM_R,10315,2010,0.565
ADH_IDHM_R,10316,1991,0.43699999999999994
ADH_IDHM_R,10316,2000,0.53
ADH_IDHM_R,10316,2010,0.567
ADH_IDHM_R,10317,1991,0.397
ADH_IDHM_R,10317,2000,0.471
ADH_IDHM_R,10317,2010,0.566
ADH_IDHM_R,10318,1991,0.40700000000000003
ADH_IDHM_R,10318,2000,0.483
ADH_IDHM_R,10318,2010,0.589
ADH_IDHM_R,10319,1991,0.482
ADH_IDHM_R,10319,2000,0.482
ADH_IDHM_R,10319,2010,0.567
ADH_IDHM_R,10320,1991,0.451
ADH_IDHM_R,10320,2000,0.49
ADH_IDHM_R,10320,2010,0.571
ADH_IDHM_R,10321,1991,0.446
ADH_IDHM_R,10321,2000,0.439
ADH_IDHM_R,10321,2010,0.541
ADH_IDHM_R,10322,1991,0.419
ADH_IDHM_R,10322,2000,0.485
ADH_IDHM_R,10322,2010,0.581
ADH_IDHM_R,10323,1991,0.438
ADH_IDHM_R,10323,2000,0.472
ADH_IDHM_R,10323,2010,0.596
ADH_IDHM_R,10324,1991,0.3960000000000001
ADH_IDHM_R,10324,2000,0.475
ADH_IDHM_R,10324,2010,0.554
ADH_IDHM_R,10325,1991,0.398
ADH_IDHM_R,10325,2000,0.495
ADH_IDHM_R,10325,2010,0.581
ADH_IDHM_R,10326,1991,0.485
ADH_IDHM_R,10326,2000,0.518
ADH_IDHM_R,10326,2010,0.607
ADH_IDHM_R,10327,1991,0.503
ADH_IDHM_R,10327,2000,0.534
ADH_IDHM_R,10327,2010,0.586
ADH_IDHM_R,10328,1991,0.413
ADH_IDHM_R,10328,2000,0.508
ADH_IDHM_R,10328,2010,0.575
ADH_IDHM_R,10329,1991,0.553
ADH_IDHM_R,10329,2000,0.573
ADH_IDHM_R,10329,2010,0.595
ADH_IDHM_R,10330,1991,0.4
ADH_IDHM_R,10330,2000,0.49099999999999994
ADH_IDHM_R,10330,2010,0.607
ADH_IDHM_R,10331,1991,0.448
ADH_IDHM_R,10331,2000,0.477
ADH_IDHM_R,10331,2010,0.597
ADH_IDHM_R,10332,1991,0.417
ADH_IDHM_R,10332,2000,0.498
ADH_IDHM_R,10332,2010,0.581
ADH_IDHM_R,10333,1991,0.516
ADH_IDHM_R,10333,2000,0.579
ADH_IDHM_R,10333,2010,0.632
ADH_IDHM_R,10334,1991,0.574
ADH_IDHM_R,10334,2000,0.633
ADH_IDHM_R,10334,2010,0.681
ADH_IDHM_R,10335,1991,0.426
ADH_IDHM_R,10335,2000,0.526
ADH_IDHM_R,10335,2010,0.573
ADH_IDHM_R,10336,1991,0.406
ADH_IDHM_R,10336,2000,0.46
ADH_IDHM_R,10336,2010,0.558
ADH_PIND,3001,1991,26.563787244635634
ADH_PIND,3001,2000,22.28788910317431
ADH_PIND,3001,2010,11.268455984687215
ADH_PIND,3002,1991,67.51
ADH_PIND,3002,2000,60.690000000000005
ADH_PIND,3002,2010,45.54
ADH_PIND,3003,1991,54.36005291846468
ADH_PIND,3003,2000,58.190882557331484
ADH_PIND,3003,2010,40.22239341049439
ADH_PIND,3004,1991,46.82
ADH_PIND,3004,2000,50.59000000000001
ADH_PIND,3004,2010,37.99
ADH_PIND,3005,1991,49.08
ADH_PIND,3005,2000,50.09
ADH_PIND,3005,2010,36.55
ADH_PIND,3006,1991,55.43
ADH_PIND,3006,2000,38.84
ADH_PIND,3006,2010,36.66
ADH_PIND,3007,1991,45.66761147724748
ADH_PIND,3007,2000,44.0269647633582
ADH_PIND,3007,2010,26.20709854728552
ADH_PIND,3008,1991,51.0868519258887
ADH_PIND,3008,2000,44.26661584761873
ADH_PIND,3008,2010,32.077697613007935
ADH_PIND,3009,1991,46.06
ADH_PIND,3009,2000,39.3
ADH_PIND,3009,2010,25.58
ADH_PIND,3010,1991,60.38
ADH_PIND,3010,2000,49.3
ADH_PIND,3010,2010,29.79
ADH_PIND,3011,1991,66.87
ADH_PIND,3011,2000,52.61000000000001
ADH_PIND,3011,2010,39.99
ADH_PIND,3012,1991,54.56000000000001
ADH_PIND,3012,2000,48.29
ADH_PIND,3012,2010,32.99
ADH_PIND,3013,1991,60.33985274250204
ADH_PIND,3013,2000,55.680342470897486
ADH_PIND,3013,2010,27.214561987136836
ADH_PIND,3014,1991,44.812735919209366
ADH_PIND,3014,2000,45.711296507131806
ADH_PIND,3014,2010,26.844023375539166
ADH_PIND,3015,1991,58.93379377776204
ADH_PIND,3015,2000,43.37434057215213
ADH_PIND,3015,2010,30.7642671058077
ADH_PIND,3016,1991,55.70000000000001
ADH_PIND,3016,2000,37.09
ADH_PIND,3016,2010,21.940000000000005
ADH_PIND,3017,1991,45.46
ADH_PIND,3017,2000,46.5
ADH_PIND,3017,2010,27.13
ADH_PIND,3018,1991,46.220018818583966
ADH_PIND,3018,2000,44.10023426359747
ADH_PIND,3018,2010,20.496002642153357
ADH_PIND,3019,1991,72.19003987042113
ADH_PIND,3019,2000,59.098200517735954
ADH_PIND,3019,2010,43.89383419362961
ADH_PIND,3020,1991,45.76
ADH_PIND,3020,2000,26.69
ADH_PIND,3020,2010,8.5
ADH_PIND,3021,1991,58.47
ADH_PIND,3021,2000,40.79
ADH_PIND,3021,2010,20.75
ADH_PIND,3022,1991,62.35812731310141
ADH_PIND,3022,2000,56.09821632198644
ADH_PIND,3022,2010,34.788768867036985
ADH_PIND,3023,1991,60.35029586557784
ADH_PIND,3023,2000,63.66976155057753
ADH_PIND,3023,2010,42.3305888027784
ADH_PIND,3024,1991,54.41542673614938
ADH_PIND,3024,2000,48.115876311099626
ADH_PIND,3024,2010,28.50345722824057
ADH_PIND,3025,1991,66.3448908274923
ADH_PIND,3025,2000,47.3973056227825
ADH_PIND,3025,2010,32.37829125150553
ADH_PIND,3026,1991,72.05
ADH_PIND,3026,2000,60.09
ADH_PIND,3026,2010,34.72
ADH_PIND,3027,1991,59.27601837477414
ADH_PIND,3027,2000,42.91374757196796
ADH_PIND,3027,2010,21.73682682592784
ADH_PIND,3028,1991,63.52983018263378
ADH_PIND,3028,2000,51.142178359582736
ADH_PIND,3028,2010,32.91231706842167
ADH_PIND,3029,1991,59.418584558441296
ADH_PIND,3029,2000,56.20778546997303
ADH_PIND,3029,2010,37.839988962472404
ADH_PIND,3030,1991,45.86
ADH_PIND,3030,2000,52.82
ADH_PIND,3030,2010,47.94
ADH_PIND,3031,1991,52
ADH_PIND,3031,2000,48.39
ADH_PIND,3031,2010,29.63
ADH_PIND,3032,1991,40.8505400837543
ADH_PIND,3032,2000,37.4398960886905
ADH_PIND,3032,2010,17.057828000677162
ADH_PIND,3033,1991,55.47018845763707
ADH_PIND,3033,2000,64.58992765163579
ADH_PIND,3033,2010,47.093589157039915
ADH_PIND,3034,1991,61.07
ADH_PIND,3034,2000,56.41
ADH_PIND,3034,2010,51.36
ADH_PIND,3035,1991,38.17099274803271
ADH_PIND,3035,2000,32.275323297009756
ADH_PIND,3035,2010,11.978783715792007
ADH_PIND,3036,1991,59.75157457605616
ADH_PIND,3036,2000,49.529824492785565
ADH_PIND,3036,2010,29.58415077776823
ADH_PIND,3037,1991,42.22777952491771
ADH_PIND,3037,2000,33.302469775812824
ADH_PIND,3037,2010,14.768665971130039
ADH_PIND,3038,1991,41.33014088083115
ADH_PIND,3038,2000,35.84605252603661
ADH_PIND,3038,2010,19.18914925710838
ADH_PIND,3039,1991,41.45971267792122
ADH_PIND,3039,2000,43.661738700302976
ADH_PIND,3039,2010,29.204148343235133
ADH_PIND,3040,1991,48.69042474936228
ADH_PIND,3040,2000,45.937456292407504
ADH_PIND,3040,2010,28.07008278669984
ADH_PIND,3041,1991,50.02
ADH_PIND,3041,2000,45.4
ADH_PIND,3041,2010,29.79
ADH_PIND,3042,1991,37.84
ADH_PIND,3042,2000,36.81
ADH_PIND,3042,2010,23.04
ADH_PIND,3043,1991,53.590398407507465
ADH_PIND,3043,2000,45.991548289196736
ADH_PIND,3043,2010,31.797755256200425
ADH_PIND,3044,1991,42.92051653642368
ADH_PIND,3044,2000,41.941833578277
ADH_PIND,3044,2010,28.283735547806938
ADH_PIND,3045,1991,40.01
ADH_PIND,3045,2000,21
ADH_PIND,3045,2010,14.319999999999999
ADH_PIND,3046,1991,64.08
ADH_PIND,3046,2000,54.6
ADH_PIND,3046,2010,41.83
ADH_PIND,3047,1991,58.039676796754875
ADH_PIND,3047,2000,50.155891624090415
ADH_PIND,3047,2010,31.824829010787237
ADH_PIND,3048,1991,63.76065861220998
ADH_PIND,3048,2000,47.948419336745424
ADH_PIND,3048,2010,32.41902841009353
ADH_PIND,3049,1991,72.18140236543567
ADH_PIND,3049,2000,52.95542518908254
ADH_PIND,3049,2010,26.67322182566088
ADH_PIND,3050,1991,64.45
ADH_PIND,3050,2000,46.5
ADH_PIND,3050,2010,29.45
ADH_PIND,3051,1991,47.53
ADH_PIND,3051,2000,23.9
ADH_PIND,3051,2010,34.03
ADH_PIND,3052,1991,51.11
ADH_PIND,3052,2000,40.3
ADH_PIND,3052,2010,26.16
ADH_PIND,3053,1991,66.8196350685895
ADH_PIND,3053,2000,47.098798275862066
ADH_PIND,3053,2010,29.839951994513658
ADH_PIND,3054,1991,56.23000988228455
ADH_PIND,3054,2000,35.272920479247766
ADH_PIND,3054,2010,31.428593933177023
ADH_PIND,3055,1991,53.14
ADH_PIND,3055,2000,41.08
ADH_PIND,3055,2010,30.44
ADH_PIND,3056,1991,63.3
ADH_PIND,3056,2000,49.47
ADH_PIND,3056,2010,30.96
ADH_PIND,3057,1991,62.959999999999994
ADH_PIND,3057,2000,57.07000000000001
ADH_PIND,3057,2010,53.44
ADH_PIND,3058,1991,68.42
ADH_PIND,3058,2000,57.88
ADH_PIND,3058,2010,43.21
ADH_PIND,3059,1991,50.15568352879398
ADH_PIND,3059,2000,42.48911486543849
ADH_PIND,3059,2010,26.88546864347042
ADH_PIND,3060,1991,56.89
ADH_PIND,3060,2000,57.88
ADH_PIND,3060,2010,33.6
ADH_PIND,3061,1991,34.7
ADH_PIND,3061,2000,37.87
ADH_PIND,3061,2010,32.17
ADH_PIND,3062,1991,62.440615019821415
ADH_PIND,3062,2000,57.31169269548051
ADH_PIND,3062,2010,35.20360958752101
ADH_PIND,3063,1991,53.939755672796196
ADH_PIND,3063,2000,43.27483194395175
ADH_PIND,3063,2010,27.230925424875288
ADH_PIND,3064,1991,78.17
ADH_PIND,3064,2000,55.41
ADH_PIND,3064,2010,34.48
ADH_PIND,3065,1991,70.31
ADH_PIND,3065,2000,60.79
ADH_PIND,3065,2010,39.39
ADH_PIND,3066,1991,76.16
ADH_PIND,3066,2000,57.13
ADH_PIND,3066,2010,39.4
ADH_PIND,3067,1991,64.44731796140923
ADH_PIND,3067,2000,50.9611227698255
ADH_PIND,3067,2010,32.96750624276995
ADH_PIND,3068,1991,66.49
ADH_PIND,3068,2000,48.50999999999999
ADH_PIND,3068,2010,34.73
ADH_PIND,3069,1991,67.2
ADH_PIND,3069,2000,51.24
ADH_PIND,3069,2010,50.29
ADH_PIND,3070,1991,81.04
ADH_PIND,3070,2000,60.15
ADH_PIND,3070,2010,46.2
ADH_PIND,3071,1991,71.81
ADH_PIND,3071,2000,49.47
ADH_PIND,3071,2010,24.85
ADH_PIND,3072,1991,51.824822059515014
ADH_PIND,3072,2000,44.64580476817605
ADH_PIND,3072,2010,28.308317806918648
ADH_PIND,3073,1991,19.2502720129333
ADH_PIND,3073,2000,20.466010549337447
ADH_PIND,3073,2010,9.312190828312335
ADH_PIND,3074,1991,70.76
ADH_PIND,3074,2000,51.12
ADH_PIND,3074,2010,40.37
ADH_PIND,3075,1991,52.13
ADH_PIND,3075,2000,35.16
ADH_PIND,3075,2010,23.72
ADH_PIND,3076,1991,29.430246225594814
ADH_PIND,3076,2000,25.02206615685577
ADH_PIND,3076,2010,12.953783496857929
ADH_PIND,3077,1991,54.140225635053504
ADH_PIND,3077,2000,43.538294317064846
ADH_PIND,3077,2010,26.171921327471857
ADH_PIND,3078,1991,52.52
ADH_PIND,3078,2000,48.39
ADH_PIND,3078,2010,28.63
ADH_PIND,3079,1991,45.81
ADH_PIND,3079,2000,51.120000000000005
ADH_PIND,3079,2010,35.05
ADH_PIND,3080,1991,68.19
ADH_PIND,3080,2000,58.16
ADH_PIND,3080,2010,40.84
ADH_PIND,3081,1991,39.580741304246054
ADH_PIND,3081,2000,28.799776893108806
ADH_PIND,3081,2010,16.025405633101652
ADH_PIND,3082,1991,50.52
ADH_PIND,3082,2000,67.44
ADH_PIND,3082,2010,51.89
ADH_PIND,3083,1991,72.85
ADH_PIND,3083,2000,62.89
ADH_PIND,3083,2010,50.19
ADH_PIND,3084,1991,61.93025624321389
ADH_PIND,3084,2000,59.65837574523775
ADH_PIND,3084,2010,50.28261179520415
ADH_PIND,3085,1991,56.33
ADH_PIND,3085,2000,57.78
ADH_PIND,3085,2010,25.43
ADH_PIND,3086,1991,56.670039992223735
ADH_PIND,3086,2000,48.03934103498178
ADH_PIND,3086,2010,34.54626935386213
ADH_PIND,3087,1991,43.14999999999999
ADH_PIND,3087,2000,43.38
ADH_PIND,3087,2010,25.23
ADH_PIND,3088,1991,33.73
ADH_PIND,3088,2000,22.55
ADH_PIND,3088,2010,9.26
ADH_PIND,3089,1991,65.72
ADH_PIND,3089,2000,49.76
ADH_PIND,3089,2010,27
ADH_PIND,3090,1991,64.03003445759688
ADH_PIND,3090,2000,60.281501901140686
ADH_PIND,3090,2010,39.42706085953274
ADH_PIND,3091,1991,76.42
ADH_PIND,3091,2000,64.47
ADH_PIND,3091,2010,49.14
ADH_PIND,3092,1991,43.1
ADH_PIND,3092,2000,42.29
ADH_PIND,3092,2010,31.08
ADH_PIND,3093,1991,45.57000000000001
ADH_PIND,3093,2000,55.72
ADH_PIND,3093,2010,40.44
ADH_PIND,3094,1991,43.770833170273555
ADH_PIND,3094,2000,36.40478175397721
ADH_PIND,3094,2010,18.113030703090622
ADH_PIND,3095,1991,31.88
ADH_PIND,3095,2000,21.24
ADH_PIND,3095,2010,7.41
ADH_PIND,3096,1991,16.2
ADH_PIND,3096,2000,13.020000000000001
ADH_PIND,3096,2010,4.53
ADH_PIND,3097,1991,61.43
ADH_PIND,3097,2000,45.26
ADH_PIND,3097,2010,19.08
ADH_PIND,3098,1991,61.55
ADH_PIND,3098,2000,43.4
ADH_PIND,3098,2010,38.47
ADH_PIND,3099,1991,77.09
ADH_PIND,3099,2000,47.410000000000004
ADH_PIND,3099,2010,27.43
ADH_PIND,3100,1991,63.86000000000001
ADH_PIND,3100,2000,57.88
ADH_PIND,3100,2010,41.529999999999994
ADH_PIND,3101,1991,34.49
ADH_PIND,3101,2000,23.66
ADH_PIND,3101,2010,9.62
ADH_PIND,3102,1991,64.89
ADH_PIND,3102,2000,56.49
ADH_PIND,3102,2010,41.19
ADH_PIND,4001,1991,50.560996764751195
ADH_PIND,4001,2000,53.43238892146691
ADH_PIND,4001,2010,32.249715103365794
ADH_PIND,4002,1991,64.26
ADH_PIND,4002,2000,36.8
ADH_PIND,4002,2010,24
ADH_PIND,4003,1991,37.98246377987906
ADH_PIND,4003,2000,34.24435238980556
ADH_PIND,4003,2010,15.718703952011293
ADH_PIND,4004,1991,61.51638181818181
ADH_PIND,4004,2000,39.001156034740944
ADH_PIND,4004,2010,30.471366943866947
ADH_PIND,4005,1991,49.09072669339089
ADH_PIND,4005,2000,36.32477672140594
ADH_PIND,4005,2010,20.05073974879941
ADH_PIND,4006,1991,66.51033115132846
ADH_PIND,4006,2000,53.48501484658529
ADH_PIND,4006,2010,28.62659055956465
ADH_PIND,4007,1991,48.23077905031527
ADH_PIND,4007,2000,35.00358902181562
ADH_PIND,4007,2010,21.259330028023278
ADH_PIND,4008,1991,64.0553875903817
ADH_PIND,4008,2000,41.12148569588321
ADH_PIND,4008,2010,30.700885200553248
ADH_PIND,4009,1991,46.48
ADH_PIND,4009,2000,43.2
ADH_PIND,4009,2010,23.92
ADH_PIND,4010,1991,59.74
ADH_PIND,4010,2000,36.01
ADH_PIND,4010,2010,21.6
ADH_PIND,4011,1991,46.9960723964902
ADH_PIND,4011,2000,37.01257296105441
ADH_PIND,4011,2010,25.735894744981938
ADH_PIND,4012,1991,49.43683042789223
ADH_PIND,4012,2000,31.667002567394096
ADH_PIND,4012,2010,12.60529370981974
ADH_PIND,4013,1991,56.782213004484305
ADH_PIND,4013,2000,41.52369163372155
ADH_PIND,4013,2010,22.05722135171838
ADH_PIND,4014,1991,36.08898751228497
ADH_PIND,4014,2000,29.08693685208597
ADH_PIND,4014,2010,16.11603403870862
ADH_PIND,4015,1991,72.44009625453081
ADH_PIND,4015,2000,42.89135620216774
ADH_PIND,4015,2010,42.633010102586105
ADH_PIND,4016,1991,63.66964182111201
ADH_PIND,4016,2000,50.96040654123439
ADH_PIND,4016,2010,31.025798714381654
ADH_PIND,4017,1991,50.66043058586537
ADH_PIND,4017,2000,42.67274868528257
ADH_PIND,4017,2010,29.02506192039629
ADH_PIND,4018,1991,52.70318564356436
ADH_PIND,4018,2000,40.17099860172454
ADH_PIND,4018,2010,29.681040547142157
ADH_PIND,4019,1991,64.49994955436365
ADH_PIND,4019,2000,46.43782327388699
ADH_PIND,4019,2010,22.421286308412743
ADH_PIND,4020,1991,52.020907664884135
ADH_PIND,4020,2000,43.69413061537478
ADH_PIND,4020,2010,33.77551910576514
ADH_PIND,4021,1991,53.35718895570946
ADH_PIND,4021,2000,42.2870078230998
ADH_PIND,4021,2010,24.867582803199106
ADH_PIND,4022,1991,51.33233496877787
ADH_PIND,4022,2000,33.044506425443316
ADH_PIND,4022,2010,22.05416398612425
ADH_PIND,4023,1991,67.71755765534913
ADH_PIND,4023,2000,44.558090190697015
ADH_PIND,4023,2010,23.43446979922389
ADH_PIND,4024,1991,56.003405974120206
ADH_PIND,4024,2000,38.92353384128682
ADH_PIND,4024,2010,20.240286488831057
ADH_PIND,4025,1991,58.51474098094852
ADH_PIND,4025,2000,35.915973885914575
ADH_PIND,4025,2010,20.553904475392102
ADH_PIND,4026,1991,54.115099720410065
ADH_PIND,4026,2000,39.76697788697789
ADH_PIND,4026,2010,28.748803516483516
ADH_PIND,4027,1991,54.6916240966514
ADH_PIND,4027,2000,32.35710259972217
ADH_PIND,4027,2010,19.108498518274615
ADH_PIND,4028,1991,36.687253120873656
ADH_PIND,4028,2000,26.768189665014958
ADH_PIND,4028,2010,13.400618388476255
ADH_PIND,4029,1991,35.90146395804215
ADH_PIND,4029,2000,32.32460336727262
ADH_PIND,4029,2010,16.41959251130798
ADH_PIND,4030,1991,57.59259331445593
ADH_PIND,4030,2000,33.74527544823598
ADH_PIND,4030,2010,24.252807643566996
ADH_PIND,4031,1991,48.07187887010367
ADH_PIND,4031,2000,41.983430637563856
ADH_PIND,4031,2010,24.76548910419416
ADH_PIND,4032,1991,52.72028343367382
ADH_PIND,4032,2000,37.01271606531982
ADH_PIND,4032,2010,20.30224803431022
ADH_PIND,4033,1991,55.699999999999996
ADH_PIND,4033,2000,59.32
ADH_PIND,4033,2010,36.69
ADH_PIND,4034,1991,45.88392152754132
ADH_PIND,4034,2000,45.38613766553028
ADH_PIND,4034,2010,31.77557932800964
ADH_PIND,4035,1991,60.07981415744414
ADH_PIND,4035,2000,43.632328894107474
ADH_PIND,4035,2010,27.260549621717846
ADH_PIND,4036,1991,66.85116020942408
ADH_PIND,4036,2000,55.92722235842118
ADH_PIND,4036,2010,33.34113315508021
ADH_PIND,4037,1991,45.63141682013505
ADH_PIND,4037,2000,44.80239541082396
ADH_PIND,4037,2010,26.755022259655878
ADH_PIND,4038,1991,62.660000000000004
ADH_PIND,4038,2000,53.51
ADH_PIND,4038,2010,27.119999999999997
ADH_PIND,4039,1991,66.74097501058873
ADH_PIND,4039,2000,57.2863139878637
ADH_PIND,4039,2010,39.06725518374051
ADH_PIND,4040,1991,52.121977515914935
ADH_PIND,4040,2000,49.03878281513948
ADH_PIND,4040,2010,26.10960879581152
ADH_PIND,4041,1991,64.9004994442386
ADH_PIND,4041,2000,49.21059375533185
ADH_PIND,4041,2010,38.56050493545938
ADH_PIND,4042,1991,61.74967989024808
ADH_PIND,4042,2000,37.63326956521739
ADH_PIND,4042,2010,17.5926128399215
ADH_PIND,4043,1991,70.74076146788991
ADH_PIND,4043,2000,53.589759505267985
ADH_PIND,4043,2010,36.86496315475005
ADH_PIND,4044,1991,52.49116362908072
ADH_PIND,4044,2000,34.21908756756757
ADH_PIND,4044,2010,22.887216142506986
ADH_PIND,4045,1991,69.56
ADH_PIND,4045,2000,47.43
ADH_PIND,4045,2010,40.47
ADH_PIND,4046,1991,63.39171657413307
ADH_PIND,4046,2000,45.26868100358423
ADH_PIND,4046,2010,23.68952121796638
ADH_PIND,4047,1991,44.94
ADH_PIND,4047,2000,36.81
ADH_PIND,4047,2010,17.1
ADH_PIND,4048,1991,73.8
ADH_PIND,4048,2000,59.43
ADH_PIND,4048,2010,30.7
ADH_PIND,4049,1991,56.7405191722289
ADH_PIND,4049,2000,40.31608528678304
ADH_PIND,4049,2010,20.445736005060315
ADH_PIND,4050,1991,69.86
ADH_PIND,4050,2000,47.47
ADH_PIND,4050,2010,35.07
ADH_PIND,4051,1991,58.36256314478833
ADH_PIND,4051,2000,41.396455739382574
ADH_PIND,4051,2010,32.30895269168026
ADH_PIND,4052,1991,29.45
ADH_PIND,4052,2000,17.9
ADH_PIND,4052,2010,6.56
ADH_PIND,4053,1991,61.660000000000004
ADH_PIND,4053,2000,58.1
ADH_PIND,4053,2010,36.88
ADH_PIND,4054,1991,80.03
ADH_PIND,4054,2000,44.62
ADH_PIND,4054,2010,26.45
ADH_PIND,4055,1991,37.25
ADH_PIND,4055,2000,25.06
ADH_PIND,4055,2010,17.5
ADH_PIND,4056,1991,65.4
ADH_PIND,4056,2000,53.16
ADH_PIND,4056,2010,30.11
ADH_PIND,4057,1991,53.47999999999999
ADH_PIND,4057,2000,29.27
ADH_PIND,4057,2010,23.7
ADH_PIND,4058,1991,53.03
ADH_PIND,4058,2000,33.19
ADH_PIND,4058,2010,16.63
ADH_PIND,4059,1991,77.13
ADH_PIND,4059,2000,56.77
ADH_PIND,4059,2010,39.39
ADH_PIND,4060,1991,65.5009409935589
ADH_PIND,4060,2000,42.72343091511137
ADH_PIND,4060,2010,32.15531465058532
ADH_PIND,4061,1991,67.12
ADH_PIND,4061,2000,35.05
ADH_PIND,4061,2010,21.34
ADH_PIND,4062,1991,54.320921219203434
ADH_PIND,4062,2000,40.19238805274685
ADH_PIND,4062,2010,22.41075966155957
ADH_PIND,4063,1991,66.49744901363808
ADH_PIND,4063,2000,47.1316731525196
ADH_PIND,4063,2010,30.585971034880785
ADH_PIND,4064,1991,57.23
ADH_PIND,4064,2000,36.23
ADH_PIND,4064,2010,20.25
ADH_PIND,4065,1991,61.58042343148878
ADH_PIND,4065,2000,45.76141607717041
ADH_PIND,4065,2010,25.14516797599779
ADH_PIND,4066,1991,62.82075857504735
ADH_PIND,4066,2000,50.18376145287959
ADH_PIND,4066,2010,29.905670684790973
ADH_PIND,4067,1991,37.38110480073783
ADH_PIND,4067,2000,31.71469677419355
ADH_PIND,4067,2010,18.534131712742294
ADH_PIND,4068,1991,42.2
ADH_PIND,4068,2000,39.22
ADH_PIND,4068,2010,29.6
ADH_PIND,4069,1991,56.65
ADH_PIND,4069,2000,30.19
ADH_PIND,4069,2010,17.55
ADH_PIND,4070,1991,55.169999999999995
ADH_PIND,4070,2000,44
ADH_PIND,4070,2010,35.92
ADH_PIND,4071,1991,64.7
ADH_PIND,4071,2000,22.9
ADH_PIND,4071,2010,18.81
ADH_PIND,4072,1991,51.69
ADH_PIND,4072,2000,28.24
ADH_PIND,4072,2010,22.01
ADH_PIND,4073,1991,56.53
ADH_PIND,4073,2000,54.88
ADH_PIND,4073,2010,30.39
ADH_PIND,4074,1991,68.75
ADH_PIND,4074,2000,48.84
ADH_PIND,4074,2010,34.62
ADH_PIND,4075,1991,20.88
ADH_PIND,4075,2000,11.61
ADH_PIND,4075,2010,4.44
ADH_PIND,4076,1991,75.46
ADH_PIND,4076,2000,55.71
ADH_PIND,4076,2010,28.3
ADH_PIND,4077,1991,56.45
ADH_PIND,4077,2000,30.67
ADH_PIND,4077,2010,28.15
ADH_PIND,4078,1991,65.9292351025438
ADH_PIND,4078,2000,51.92004272727272
ADH_PIND,4078,2010,30.142379133674897
ADH_PIND,4079,1991,66.39
ADH_PIND,4079,2000,22.31
ADH_PIND,4079,2010,29.600000000000005
ADH_PIND,4080,1991,73.84
ADH_PIND,4080,2000,49.45
ADH_PIND,4080,2010,38.83
ADH_PIND,4081,1991,61.390859714218045
ADH_PIND,4081,2000,44.17302063515294
ADH_PIND,4081,2010,36.53860921678032
ADH_PIND,4082,1991,50.93011848825333
ADH_PIND,4082,2000,42.25059184481393
ADH_PIND,4082,2010,32.29496376811594
ADH_PIND,4083,1991,54.050000000000004
ADH_PIND,4083,2000,48.34
ADH_PIND,4083,2010,30.089999999999996
ADH_PIND,4084,1991,63.65
ADH_PIND,4084,2000,47.57
ADH_PIND,4084,2010,30.22
ADH_PIND,4085,1991,65.13
ADH_PIND,4085,2000,45.6
ADH_PIND,4085,2010,28.59
ADH_PIND,4086,1991,63.98
ADH_PIND,4086,2000,39.65
ADH_PIND,4086,2010,32.86
ADH_PIND,4087,1991,60.32
ADH_PIND,4087,2000,43.35
ADH_PIND,4087,2010,24.62
ADH_PIND,4088,1991,26.700000000000003
ADH_PIND,4088,2000,25.910000000000004
ADH_PIND,4088,2010,8.88
ADH_PIND,4089,1991,26.076198807921553
ADH_PIND,4089,2000,40.54826285714285
ADH_PIND,4089,2010,30.68963011889036
ADH_PIND,4090,1991,61.52918743228603
ADH_PIND,4090,2000,41.61830108715681
ADH_PIND,4090,2010,21.64007144236339
ADH_PIND,4091,1991,80.38
ADH_PIND,4091,2000,53.76
ADH_PIND,4091,2010,23.88
ADH_PIND,4092,1991,73.75
ADH_PIND,4092,2000,50.96
ADH_PIND,4092,2010,33.98
ADH_PIND,4093,1991,60.05
ADH_PIND,4093,2000,50.2
ADH_PIND,4093,2010,13.45
ADH_PIND,4094,1991,54.959999999999994
ADH_PIND,4094,2000,41.5
ADH_PIND,4094,2010,30.59
ADH_PIND,4095,1991,58.82
ADH_PIND,4095,2000,52.47
ADH_PIND,4095,2010,41.92
ADH_PIND,4096,1991,58.48
ADH_PIND,4096,2000,48.1
ADH_PIND,4096,2010,20.96
ADH_PIND,4097,1991,42.81679292347035
ADH_PIND,4097,2000,33.98553327023879
ADH_PIND,4097,2010,18.45218178260444
ADH_PIND,4098,1991,46.05834649815693
ADH_PIND,4098,2000,44.82443988739285
ADH_PIND,4098,2010,26.36261681895571
ADH_PIND,4099,1991,60.23
ADH_PIND,4099,2000,46.89
ADH_PIND,4099,2010,29.5
ADH_PIND,4100,1991,73.99
ADH_PIND,4100,2000,60.74
ADH_PIND,4100,2010,30.97
ADH_PIND,4101,1991,63.5
ADH_PIND,4101,2000,44.6
ADH_PIND,4101,2010,20.12
ADH_PIND,4102,1991,67.82
ADH_PIND,4102,2000,52.05
ADH_PIND,4102,2010,28.68
ADH_PIND,4103,1991,42.8
ADH_PIND,4103,2000,30.59
ADH_PIND,4103,2010,17.8
ADH_PIND,4104,1991,63.047877769479705
ADH_PIND,4104,2000,48.23111657338961
ADH_PIND,4104,2010,29.4226123607203
ADH_PIND,4105,1991,56.73
ADH_PIND,4105,2000,41.11
ADH_PIND,4105,2010,21.79
ADH_PIND,4106,1991,63.78
ADH_PIND,4106,2000,47.69
ADH_PIND,4106,2010,29.96
ADH_PIND,4107,1991,34.09489395188488
ADH_PIND,4107,2000,21.176203938283553
ADH_PIND,4107,2010,7.1240367096181565
ADH_PIND,4108,1991,38.96910045864773
ADH_PIND,4108,2000,28.727610884049046
ADH_PIND,4108,2010,14.928924761644263
ADH_PIND,4109,1991,59.95162320483749
ADH_PIND,4109,2000,45.15681037504382
ADH_PIND,4109,2010,27.417661241345805
ADH_PIND,4110,1991,58.074024896265556
ADH_PIND,4110,2000,41.40033773368642
ADH_PIND,4110,2010,25.96739881437148
ADH_PIND,4111,1991,66.66
ADH_PIND,4111,2000,55.52
ADH_PIND,4111,2010,36.68
ADH_PIND,4112,1991,48.56
ADH_PIND,4112,2000,49.52
ADH_PIND,4112,2010,25.669999999999998
ADH_PIND,4113,1991,71.7
ADH_PIND,4113,2000,51.96
ADH_PIND,4113,2010,19.9
ADH_PIND,4114,1991,66.44375937825926
ADH_PIND,4114,2000,55.86289815583984
ADH_PIND,4114,2010,30.339829373305694
ADH_PIND,4115,1991,63.15999999999999
ADH_PIND,4115,2000,41.54
ADH_PIND,4115,2010,24.46
ADH_PIND,4116,1991,78.07
ADH_PIND,4116,2000,43.7
ADH_PIND,4116,2010,17.63
ADH_PIND,4117,1991,48.98467672369739
ADH_PIND,4117,2000,38.28474974861626
ADH_PIND,4117,2010,23.43669531262632
ADH_PIND,4118,1991,48.33
ADH_PIND,4118,2000,32.3
ADH_PIND,4118,2010,10
ADH_PIND,4119,1991,59.91
ADH_PIND,4119,2000,33.58
ADH_PIND,4119,2010,24.08
ADH_PIND,4120,1991,52.163853104871485
ADH_PIND,4120,2000,41.527926451296686
ADH_PIND,4120,2010,24.658934533858563
ADH_PIND,4121,1991,40.25
ADH_PIND,4121,2000,30.5
ADH_PIND,4121,2010,14.44
ADH_PIND,4122,1991,42.8
ADH_PIND,4122,2000,38.49
ADH_PIND,4122,2010,20.15
ADH_PIND,4123,1991,50.64
ADH_PIND,4123,2000,45.69
ADH_PIND,4123,2010,28.97
ADH_PIND,4124,1991,61.95
ADH_PIND,4124,2000,45.73
ADH_PIND,4124,2010,31.91
ADH_PIND,4125,1991,50.74
ADH_PIND,4125,2000,31.72
ADH_PIND,4125,2010,13.830000000000002
ADH_PIND,4126,1991,59.07815626130765
ADH_PIND,4126,2000,39.86757539692588
ADH_PIND,4126,2010,26.290600347958723
ADH_PIND,4127,1991,46.72
ADH_PIND,4127,2000,44.34
ADH_PIND,4127,2010,26.44
ADH_PIND,4128,1991,56.98
ADH_PIND,4128,2000,48.14
ADH_PIND,4128,2010,32.97
ADH_PIND,4129,1991,53.54
ADH_PIND,4129,2000,41.97
ADH_PIND,4129,2010,26.58
ADH_PIND,4130,1991,55.76
ADH_PIND,4130,2000,46.91
ADH_PIND,4130,2010,28.47
ADH_PIND,4131,1991,66.41
ADH_PIND,4131,2000,51.96
ADH_PIND,4131,2010,21.83
ADH_PIND,4132,1991,62.84000000000001
ADH_PIND,4132,2000,46.15
ADH_PIND,4132,2010,28.700000000000003
ADH_PIND,4133,1991,62.87
ADH_PIND,4133,2000,49.41
ADH_PIND,4133,2010,27.18
ADH_PIND,4134,1991,41.38200020356579
ADH_PIND,4134,2000,29.558926886792456
ADH_PIND,4134,2010,11.989696080165045
ADH_PIND,4135,1991,41.12
ADH_PIND,4135,2000,53.22
ADH_PIND,4135,2010,21.25
ADH_PIND,4136,1991,68.11999797341116
ADH_PIND,4136,2000,45.430870869708286
ADH_PIND,4136,2010,30.055669733472445
ADH_PIND,4137,1991,26.84
ADH_PIND,4137,2000,20.38
ADH_PIND,4137,2010,6.53
ADH_PIND,4138,1991,56.94
ADH_PIND,4138,2000,34.58
ADH_PIND,4138,2010,23.13
ADH_PIND,4139,1991,61.55
ADH_PIND,4139,2000,51.800000000000004
ADH_PIND,4139,2010,23.66
ADH_PIND,4140,1991,31.217974990468928
ADH_PIND,4140,2000,24.80375138504872
ADH_PIND,4140,2010,9.062989922024423
ADH_PIND,4141,1991,51.32
ADH_PIND,4141,2000,45.01
ADH_PIND,4141,2010,30.290000000000003
ADH_PIND,4142,1991,42.63
ADH_PIND,4142,2000,29.700000000000003
ADH_PIND,4142,2010,19.44
ADH_PIND,4143,1991,38.42
ADH_PIND,4143,2000,23.12
ADH_PIND,4143,2010,8.61
ADH_PIND,4144,1991,62.032061244357905
ADH_PIND,4144,2000,45.91692960998806
ADH_PIND,4144,2010,26.429824046386113
ADH_PIND,4145,1991,62.40503458157669
ADH_PIND,4145,2000,36.79772595589195
ADH_PIND,4145,2010,25.254259398684937
ADH_PIND,4146,1991,74.01325686560837
ADH_PIND,4146,2000,47.24704324801412
ADH_PIND,4146,2010,28.866311899809713
ADH_PIND,4147,1991,60.79
ADH_PIND,4147,2000,44.11
ADH_PIND,4147,2010,30.83
ADH_PIND,4148,1991,36.8382587190158
ADH_PIND,4148,2000,23.11705702576926
ADH_PIND,4148,2010,9.161408348768443
ADH_PIND,4149,1991,15.25
ADH_PIND,4149,2000,9.02
ADH_PIND,4149,2010,3.36
ADH_PIND,4150,1991,55.38
ADH_PIND,4150,2000,47.19
ADH_PIND,4150,2010,24.26
ADH_PIND,4151,1991,67.04
ADH_PIND,4151,2000,56.36
ADH_PIND,4151,2010,22.62
ADH_PIND,4152,1991,64.11695779888377
ADH_PIND,4152,2000,43.91800592245965
ADH_PIND,4152,2010,24.04148665304675
ADH_PIND,4153,1991,59.06999999999999
ADH_PIND,4153,2000,54.39000000000001
ADH_PIND,4153,2010,43.63
ADH_PIND,4154,1991,72.14
ADH_PIND,4154,2000,60.63000000000001
ADH_PIND,4154,2010,27.99
ADH_PIND,4155,1991,49.71
ADH_PIND,4155,2000,39.78
ADH_PIND,4155,2010,14.319999999999999
ADH_PIND,4156,1991,27.522700904633833
ADH_PIND,4156,2000,22.7966951397363
ADH_PIND,4156,2010,9.330006580589531
ADH_PIND,4157,1991,47.58
ADH_PIND,4157,2000,26.55
ADH_PIND,4157,2010,9.44
ADH_PIND,4158,1991,61.91
ADH_PIND,4158,2000,47
ADH_PIND,4158,2010,25.49
ADH_PIND,4159,1991,61.18000000000001
ADH_PIND,4159,2000,41.49
ADH_PIND,4159,2010,15.060000000000002
ADH_PIND,4160,1991,48.79392001185009
ADH_PIND,4160,2000,30.987101645561047
ADH_PIND,4160,2010,24.153370572207084
ADH_PIND,4161,1991,53.62
ADH_PIND,4161,2000,39.08
ADH_PIND,4161,2010,24.65
ADH_PIND,4162,1991,34.735634307112825
ADH_PIND,4162,2000,24.818737291401135
ADH_PIND,4162,2010,13.090593300147988
ADH_PIND,4163,1991,62.73475106341841
ADH_PIND,4163,2000,37.4086764335007
ADH_PIND,4163,2010,30.42012243372752
ADH_PIND,4164,1991,65.63
ADH_PIND,4164,2000,41.77
ADH_PIND,4164,2010,18.95
ADH_PIND,4165,1991,57.595586900201496
ADH_PIND,4165,2000,38.227839316024394
ADH_PIND,4165,2010,23.51912258473234
ADH_PIND,4166,1991,59.48
ADH_PIND,4166,2000,47.15
ADH_PIND,4166,2010,33.07
ADH_PIND,4167,1991,52.24192989544926
ADH_PIND,4167,2000,35.933498388204825
ADH_PIND,4167,2010,20.108536880290206
ADH_PIND,4168,1991,59.73
ADH_PIND,4168,2000,46.65
ADH_PIND,4168,2010,35.65
ADH_PIND,4169,1991,54.23
ADH_PIND,4169,2000,38.62
ADH_PIND,4169,2010,11.24
ADH_PIND,4170,1991,49.35133003300331
ADH_PIND,4170,2000,40.46174430528089
ADH_PIND,4170,2010,24.58218942264909
ADH_PIND,4171,1991,66.76
ADH_PIND,4171,2000,50.11
ADH_PIND,4171,2010,26.66
ADH_PIND,4172,1991,63.28
ADH_PIND,4172,2000,57.54
ADH_PIND,4172,2010,33.92
ADH_PIND,4173,1991,53.34
ADH_PIND,4173,2000,32.48
ADH_PIND,4173,2010,27.99
ADH_PIND,4174,1991,43.48
ADH_PIND,4174,2000,32.36
ADH_PIND,4174,2010,12.86
ADH_PIND,4175,1991,47.3
ADH_PIND,4175,2000,29.68
ADH_PIND,4175,2010,19.58
ADH_PIND,4176,1991,38.21
ADH_PIND,4176,2000,31.73
ADH_PIND,4176,2010,14.91
ADH_PIND,4177,1991,56.95
ADH_PIND,4177,2000,50.03
ADH_PIND,4177,2010,25.63
ADH_PIND,4178,1991,63.709999999999994
ADH_PIND,4178,2000,38.22
ADH_PIND,4178,2010,18.980000000000004
ADH_PIND,4179,1991,28.54
ADH_PIND,4179,2000,19.92
ADH_PIND,4179,2010,6.73
ADH_PIND,4180,1991,67.27
ADH_PIND,4180,2000,46.2
ADH_PIND,4180,2010,22.49
ADH_PIND,4181,1991,59.4
ADH_PIND,4181,2000,44.43
ADH_PIND,4181,2010,25.730000000000004
ADH_PIND,4182,1991,31.17
ADH_PIND,4182,2000,20.21
ADH_PIND,4182,2010,7.98
ADH_PIND,4183,1991,55.58397993311036
ADH_PIND,4183,2000,39.598783924209506
ADH_PIND,4183,2010,22.54328724645735
ADH_PIND,4184,1991,30.004952065927917
ADH_PIND,4184,2000,17.107667387173482
ADH_PIND,4184,2010,5.973353470668097
ADH_PIND,4185,1991,53
ADH_PIND,4185,2000,42.27
ADH_PIND,4185,2010,20.27
ADH_PIND,4186,1991,57.96999999999999
ADH_PIND,4186,2000,56.08
ADH_PIND,4186,2010,33.95
ADH_PIND,4187,1991,48.970000000000006
ADH_PIND,4187,2000,44.230000000000004
ADH_PIND,4187,2010,21.32
ADH_PIND,4188,1991,65.3
ADH_PIND,4188,2000,40.49
ADH_PIND,4188,2010,29.779999999999998
ADH_PIND,4189,1991,57.79
ADH_PIND,4189,2000,41.22
ADH_PIND,4189,2010,14.970000000000002
ADH_PIND,4190,1991,56.77
ADH_PIND,4190,2000,43.12
ADH_PIND,4190,2010,17.6
ADH_PIND,4191,1991,54.59
ADH_PIND,4191,2000,40.36
ADH_PIND,4191,2010,20.65
ADH_PIND,4192,1991,68.81
ADH_PIND,4192,2000,51.05
ADH_PIND,4192,2010,27.659999999999997
ADH_PIND,4193,1991,72.81
ADH_PIND,4193,2000,51.79
ADH_PIND,4193,2010,29.71
ADH_PIND,4194,1991,44.31
ADH_PIND,4194,2000,50.7
ADH_PIND,4194,2010,34.34
ADH_PIND,4195,1991,60.19
ADH_PIND,4195,2000,53.03
ADH_PIND,4195,2010,32.3
ADH_PIND,4196,1991,55.919999999999995
ADH_PIND,4196,2000,46.04
ADH_PIND,4196,2010,29.28
ADH_PIND,4197,1991,42.97
ADH_PIND,4197,2000,40.14
ADH_PIND,4197,2010,25.33
ADH_PIND,4198,1991,61.74000000000001
ADH_PIND,4198,2000,40.9
ADH_PIND,4198,2010,23.04
ADH_PIND,4199,1991,56.76
ADH_PIND,4199,2000,43.71
ADH_PIND,4199,2010,35.93
ADH_PIND,4200,1991,49.51
ADH_PIND,4200,2000,37.3
ADH_PIND,4200,2010,15.74
ADH_PIND,4201,1991,44.72
ADH_PIND,4201,2000,35.83
ADH_PIND,4201,2010,17
ADH_PIND,4202,1991,42.68
ADH_PIND,4202,2000,25.98
ADH_PIND,4202,2010,17.87
ADH_PIND,4203,1991,67.49
ADH_PIND,4203,2000,46.38
ADH_PIND,4203,2010,17.94
ADH_PIND,4204,1991,39.64
ADH_PIND,4204,2000,45.77
ADH_PIND,4204,2010,24.510000000000005
ADH_PIND,4205,1991,42.841490683229814
ADH_PIND,4205,2000,38.226390204328055
ADH_PIND,4205,2010,16.966595327269484
ADH_PIND,4206,1991,51.01
ADH_PIND,4206,2000,48.67
ADH_PIND,4206,2010,28.46
ADH_PIND,4207,1991,60.08
ADH_PIND,4207,2000,53.18
ADH_PIND,4207,2010,32.31
ADH_PIND,4208,1991,61.44
ADH_PIND,4208,2000,40.41
ADH_PIND,4208,2010,25.039999999999996
ADH_PIND,4209,1991,57.86
ADH_PIND,4209,2000,30.02
ADH_PIND,4209,2010,16.07
ADH_PIND,4210,1991,48.03
ADH_PIND,4210,2000,36.48
ADH_PIND,4210,2010,25.4
ADH_PIND,4211,1991,58.83
ADH_PIND,4211,2000,45
ADH_PIND,4211,2010,29.58
ADH_PIND,4212,1991,67.95
ADH_PIND,4212,2000,56.730000000000004
ADH_PIND,4212,2010,32.89
ADH_PIND,4213,1991,59.98
ADH_PIND,4213,2000,37.43
ADH_PIND,4213,2010,24.96
ADH_PIND,4214,1991,70.64
ADH_PIND,4214,2000,41.06
ADH_PIND,4214,2010,33.2
ADH_PIND,4215,1991,39.99
ADH_PIND,4215,2000,32.28
ADH_PIND,4215,2010,13.929999999999998
ADH_PIND,4216,1991,51.39651446213845
ADH_PIND,4216,2000,36.86817436602586
ADH_PIND,4216,2010,24.142404448283305
ADH_PIND,4217,1991,33.57
ADH_PIND,4217,2000,21.72
ADH_PIND,4217,2010,7.550000000000001
ADH_PIND,4218,1991,76.16
ADH_PIND,4218,2000,60.95
ADH_PIND,4218,2010,31.8
ADH_PIND,4219,1991,45.33
ADH_PIND,4219,2000,51.81
ADH_PIND,4219,2010,39.1
ADH_PIND,4220,1991,60.16
ADH_PIND,4220,2000,51.12
ADH_PIND,4220,2010,33.68
ADH_PIND,4221,1991,43.97999999999999
ADH_PIND,4221,2000,35.09
ADH_PIND,4221,2010,15.32
ADH_PIND,4222,1991,33.42
ADH_PIND,4222,2000,27.13
ADH_PIND,4222,2010,14.25
ADH_PIND,4223,1991,36.6
ADH_PIND,4223,2000,30.930000000000003
ADH_PIND,4223,2010,22.07
ADH_PIND,4224,1991,50.82
ADH_PIND,4224,2000,34.91
ADH_PIND,4224,2010,21.060000000000002
ADH_PIND,4225,1991,48.14
ADH_PIND,4225,2000,56.25
ADH_PIND,4225,2010,30.99
ADH_PIND,4226,1991,31.06
ADH_PIND,4226,2000,25.64
ADH_PIND,4226,2010,15.35
ADH_PIND,4227,1991,63.13
ADH_PIND,4227,2000,49.14
ADH_PIND,4227,2010,31.03
ADH_PIND,4228,1991,57.59
ADH_PIND,4228,2000,33.82
ADH_PIND,4228,2010,20.19
ADH_PIND,4229,1991,46.51
ADH_PIND,4229,2000,34.35
ADH_PIND,4229,2010,13.16
ADH_PIND,4230,1991,60.14
ADH_PIND,4230,2000,51.419999999999995
ADH_PIND,4230,2010,32.4
ADH_PIND,4231,1991,53.44386946988263
ADH_PIND,4231,2000,44.69810798277575
ADH_PIND,4231,2010,27.851446531382727
ADH_PIND,4232,1991,50.35999999999999
ADH_PIND,4232,2000,25.909999999999997
ADH_PIND,4232,2010,14.77
ADH_PIND,4233,1991,76.48
ADH_PIND,4233,2000,56.31
ADH_PIND,4233,2010,30.53
ADH_PIND,4234,1991,58.51
ADH_PIND,4234,2000,54.57
ADH_PIND,4234,2010,34.17
ADH_PIND,4235,1991,66.54
ADH_PIND,4235,2000,39.82
ADH_PIND,4235,2010,25.16
ADH_PIND,4236,1991,64.73
ADH_PIND,4236,2000,58.59
ADH_PIND,4236,2010,36.84
ADH_PIND,5001,1991,30.86
ADH_PIND,5001,2000,13.28
ADH_PIND,5001,2010,5.18
ADH_PIND,5002,1991,25.51313294825495
ADH_PIND,5002,2000,16.316992870469907
ADH_PIND,5002,2010,5.865420017792447
ADH_PIND,5003,1991,49.690000000000005
ADH_PIND,5003,2000,32.82
ADH_PIND,5003,2010,21.79
ADH_PIND,5004,1991,46.83
ADH_PIND,5004,2000,50.72
ADH_PIND,5004,2010,17.77
ADH_PIND,5005,1991,49.06
ADH_PIND,5005,2000,37.04
ADH_PIND,5005,2010,21.46
ADH_PIND,5006,1991,53.01
ADH_PIND,5006,2000,35.61
ADH_PIND,5006,2010,17.02
ADH_PIND,5007,1991,38.36
ADH_PIND,5007,2000,12.84
ADH_PIND,5007,2010,7.739999999999999
ADH_PIND,5008,1991,47.48104303377771
ADH_PIND,5008,2000,26.338726534043147
ADH_PIND,5008,2010,13.978611400402695
ADH_PIND,5009,1991,71.09
ADH_PIND,5009,2000,42.78
ADH_PIND,5009,2010,25.46
ADH_PIND,5010,1991,41.3
ADH_PIND,5010,2000,29.89
ADH_PIND,5010,2010,13.98
ADH_PIND,5011,1991,40.91
ADH_PIND,5011,2000,27.78
ADH_PIND,5011,2010,16.86
ADH_PIND,5012,1991,58.26060379482232
ADH_PIND,5012,2000,37.85873965476472
ADH_PIND,5012,2010,21.51902978588923
ADH_PIND,5013,1991,42.629999999999995
ADH_PIND,5013,2000,27.55
ADH_PIND,5013,2010,11.09
ADH_PIND,5014,1991,58.69
ADH_PIND,5014,2000,38.59
ADH_PIND,5014,2010,20.03
ADH_PIND,5015,1991,62.709999999999994
ADH_PIND,5015,2000,50.05
ADH_PIND,5015,2010,22.61
ADH_PIND,5016,1991,67.19992029786492
ADH_PIND,5016,2000,38.40661176846818
ADH_PIND,5016,2010,26.575808180362202
ADH_PIND,5017,1991,43.5
ADH_PIND,5017,2000,33.39
ADH_PIND,5017,2010,20.26
ADH_PIND,5018,1991,45.64
ADH_PIND,5018,2000,31.940000000000005
ADH_PIND,5018,2010,11.95
ADH_PIND,5019,1991,50.50006708407871
ADH_PIND,5019,2000,36.30220140010769
ADH_PIND,5019,2010,22.581400289178067
ADH_PIND,5020,1991,58.36999999999999
ADH_PIND,5020,2000,38.17
ADH_PIND,5020,2010,23.06
ADH_PIND,5021,1991,15.22
ADH_PIND,5021,2000,7.63
ADH_PIND,5021,2010,3.69
ADH_PIND,5022,1991,44.68
ADH_PIND,5022,2000,33.31
ADH_PIND,5022,2010,28.190000000000005
ADH_PIND,5023,1991,41.81
ADH_PIND,5023,2000,38.04
ADH_PIND,5023,2010,18.11
ADH_PIND,5024,1991,55.25
ADH_PIND,5024,2000,30.11
ADH_PIND,5024,2010,20.91
ADH_PIND,5025,1991,20.87
ADH_PIND,5025,2000,6.99
ADH_PIND,5025,2010,4.55
ADH_PIND,5026,1991,35.03
ADH_PIND,5026,2000,26.94
ADH_PIND,5026,2010,12.12
ADH_PIND,5027,1991,57.64
ADH_PIND,5027,2000,43.76
ADH_PIND,5027,2010,25.880000000000003
ADH_PIND,5028,1991,69.66
ADH_PIND,5028,2000,48.71
ADH_PIND,5028,2010,32.31
ADH_PIND,5029,1991,74.96
ADH_PIND,5029,2000,48.06
ADH_PIND,5029,2010,23.05
ADH_PIND,5030,1991,29.57
ADH_PIND,5030,2000,13.7
ADH_PIND,5030,2010,7.41
ADH_PIND,5031,1991,28.81
ADH_PIND,5031,2000,15.65
ADH_PIND,5031,2010,7.7
ADH_PIND,5032,1991,63.02
ADH_PIND,5032,2000,50.18
ADH_PIND,5032,2010,23.33
ADH_PIND,5033,1991,14.97
ADH_PIND,5033,2000,8.34
ADH_PIND,5033,2010,2.68
ADH_PIND,5034,1991,60.77
ADH_PIND,5034,2000,32.1
ADH_PIND,5034,2010,13.74
ADH_PIND,5035,1991,45.41
ADH_PIND,5035,2000,18.52
ADH_PIND,5035,2010,14.929999999999998
ADH_PIND,5036,1991,55.10999999999999
ADH_PIND,5036,2000,44.09
ADH_PIND,5036,2010,24.76
ADH_PIND,5037,1991,29.83
ADH_PIND,5037,2000,20.99
ADH_PIND,5037,2010,9.19
ADH_PIND,5038,1991,40.69
ADH_PIND,5038,2000,31.870000000000005
ADH_PIND,5038,2010,15.92
ADH_PIND,5039,1991,51.83144788732393
ADH_PIND,5039,2000,27.582558625840182
ADH_PIND,5039,2010,15.406627218934911
ADH_PIND,5040,1991,51.94
ADH_PIND,5040,2000,34.1
ADH_PIND,5040,2010,18.26
ADH_PIND,5041,1991,61.2
ADH_PIND,5041,2000,28.88
ADH_PIND,5041,2010,18.06
ADH_PIND,5042,1991,37.93
ADH_PIND,5042,2000,44.839999999999996
ADH_PIND,5042,2010,21.02
ADH_PIND,5043,1991,39.8
ADH_PIND,5043,2000,30.11
ADH_PIND,5043,2010,14.03
ADH_PIND,5044,1991,37.02
ADH_PIND,5044,2000,33.48
ADH_PIND,5044,2010,22.19
ADH_PIND,5045,1991,30.122100569463846
ADH_PIND,5045,2000,19.79413070068146
ADH_PIND,5045,2010,8.760942660550459
ADH_PIND,5046,1991,33.71
ADH_PIND,5046,2000,21.62
ADH_PIND,5046,2010,8.72
ADH_PIND,5047,1991,48.76
ADH_PIND,5047,2000,44.76
ADH_PIND,5047,2010,26.37
ADH_PIND,5048,1991,44.19992010984897
ADH_PIND,5048,2000,31.827949705607217
ADH_PIND,5048,2010,12.952476428708868
ADH_PIND,5049,1991,12.169999999999998
ADH_PIND,5049,2000,24.98
ADH_PIND,5049,2010,7.79
ADH_PIND,5050,1991,47.35
ADH_PIND,5050,2000,25.97
ADH_PIND,5050,2010,13.71
ADH_PIND,5051,1991,60.49
ADH_PIND,5051,2000,31.69
ADH_PIND,5051,2010,21.18
ADH_PIND,5052,1991,52.97
ADH_PIND,5052,2000,32.82
ADH_PIND,5052,2010,22.77
ADH_PIND,5053,1991,60.66
ADH_PIND,5053,2000,32.14
ADH_PIND,5053,2010,14.190000000000001
ADH_PIND,5054,1991,52.85
ADH_PIND,5054,2000,45.98
ADH_PIND,5054,2010,32.12
ADH_PIND,5055,1991,63.93000000000001
ADH_PIND,5055,2000,61.5
ADH_PIND,5055,2010,28.189999999999998
ADH_PIND,5056,1991,55.940000000000005
ADH_PIND,5056,2000,40.98
ADH_PIND,5056,2010,24.47
ADH_PIND,5057,1991,22.25
ADH_PIND,5057,2000,18.29
ADH_PIND,5057,2010,9.16
ADH_PIND,5058,1991,21.54
ADH_PIND,5058,2000,12.140000000000002
ADH_PIND,5058,2010,5.56
ADH_PIND,5059,1991,40.79
ADH_PIND,5059,2000,30.56
ADH_PIND,5059,2010,15.56
ADH_PIND,5060,1991,66.8
ADH_PIND,5060,2000,53.97
ADH_PIND,5060,2010,41.36
ADH_PIND,5061,1991,63.2
ADH_PIND,5061,2000,41.7
ADH_PIND,5061,2010,16.28
ADH_PIND,5062,1991,45.09
ADH_PIND,5062,2000,28.78
ADH_PIND,5062,2010,14.88
ADH_PIND,5063,1991,39.98215658696671
ADH_PIND,5063,2000,27.552048792329163
ADH_PIND,5063,2010,13.583027897482424
ADH_PIND,5064,1991,58.91
ADH_PIND,5064,2000,42.08
ADH_PIND,5064,2010,18.95
ADH_PIND,5065,1991,67.19
ADH_PIND,5065,2000,53.59000000000001
ADH_PIND,5065,2010,28.71
ADH_PIND,5066,1991,41.7
ADH_PIND,5066,2000,31.59
ADH_PIND,5066,2010,13.01
ADH_PIND,5067,1991,58.99
ADH_PIND,5067,2000,45.02
ADH_PIND,5067,2010,24.910000000000004
ADH_PIND,5068,1991,52.21
ADH_PIND,5068,2000,44.23
ADH_PIND,5068,2010,25.72
ADH_PIND,5069,1991,44.7
ADH_PIND,5069,2000,22.87
ADH_PIND,5069,2010,14.48
ADH_PIND,5070,1991,61.629999999999995
ADH_PIND,5070,2000,30.82
ADH_PIND,5070,2010,16.75
ADH_PIND,5071,1991,62.97
ADH_PIND,5071,2000,34.54
ADH_PIND,5071,2010,20.04
ADH_PIND,5072,1991,63.91999647172973
ADH_PIND,5072,2000,43.51164766154354
ADH_PIND,5072,2010,24.618297581013238
ADH_PIND,5073,1991,34.39
ADH_PIND,5073,2000,20.85
ADH_PIND,5073,2010,8.6
ADH_PIND,5074,1991,28.41
ADH_PIND,5074,2000,11.39
ADH_PIND,5074,2010,7.58
ADH_PIND,5075,1991,70.77
ADH_PIND,5075,2000,43.03
ADH_PIND,5075,2010,23.94
ADH_PIND,5076,1991,56.62072032520325
ADH_PIND,5076,2000,33.78606073211314
ADH_PIND,5076,2010,20.877113967706535
ADH_PIND,5077,1991,32.05049411938752
ADH_PIND,5077,2000,39.39671332326635
ADH_PIND,5077,2010,18.43794731707317
ADH_PIND,5078,1991,55.79
ADH_PIND,5078,2000,22.88
ADH_PIND,5078,2010,5.63
ADH_PIND,5079,1991,55.39
ADH_PIND,5079,2000,33.98
ADH_PIND,5079,2010,26
ADH_PIND,5080,1991,52.86999999999999
ADH_PIND,5080,2000,37.59
ADH_PIND,5080,2010,15.17
ADH_PIND,5081,1991,58.79
ADH_PIND,5081,2000,41.66
ADH_PIND,5081,2010,17.47
ADH_PIND,5082,1991,10.21
ADH_PIND,5082,2000,7.2
ADH_PIND,5082,2010,2.92
ADH_PIND,5083,1991,37.42
ADH_PIND,5083,2000,24.35
ADH_PIND,5083,2010,14.57
ADH_PIND,5084,1991,49.71
ADH_PIND,5084,2000,37.17
ADH_PIND,5084,2010,18.69
ADH_PIND,5085,1991,50.85
ADH_PIND,5085,2000,22.93
ADH_PIND,5085,2010,16.7
ADH_PIND,5086,1991,36.35
ADH_PIND,5086,2000,19.56
ADH_PIND,5086,2010,6.7
ADH_PIND,5087,1991,69.11
ADH_PIND,5087,2000,49.51
ADH_PIND,5087,2010,26.74
ADH_PIND,5088,1991,48.87
ADH_PIND,5088,2000,22.95
ADH_PIND,5088,2010,13.79
ADH_PIND,5089,1991,56.99
ADH_PIND,5089,2000,34.32
ADH_PIND,5089,2010,23.2
ADH_PIND,5090,1991,38.61
ADH_PIND,5090,2000,20.05
ADH_PIND,5090,2010,5.72
ADH_PIND,5091,1991,54.06
ADH_PIND,5091,2000,36.63
ADH_PIND,5091,2010,19.59
ADH_PIND,5092,1991,49.89
ADH_PIND,5092,2000,44.66
ADH_PIND,5092,2010,11.880000000000003
ADH_PIND,5093,1991,46.86
ADH_PIND,5093,2000,26.48
ADH_PIND,5093,2010,14.62
ADH_PIND,5094,1991,44.66120398351648
ADH_PIND,5094,2000,27.099419318181816
ADH_PIND,5094,2010,15.350044164037856
ADH_PIND,5095,1991,21.41
ADH_PIND,5095,2000,15.38
ADH_PIND,5095,2010,6.13
ADH_PIND,5096,1991,63.4
ADH_PIND,5096,2000,40.97
ADH_PIND,5096,2010,24.72
ADH_PIND,5097,1991,57.54
ADH_PIND,5097,2000,54.03
ADH_PIND,5097,2010,28.7
ADH_PIND,5098,1991,47.7
ADH_PIND,5098,2000,31.37
ADH_PIND,5098,2010,17.93
ADH_PIND,5099,1991,47.31
ADH_PIND,5099,2000,38.67
ADH_PIND,5099,2010,19.74
ADH_PIND,5100,1991,35.49
ADH_PIND,5100,2000,19.45
ADH_PIND,5100,2010,10.67
ADH_PIND,5101,1991,50.9
ADH_PIND,5101,2000,31.21
ADH_PIND,5101,2010,18.18
ADH_PIND,5102,1991,52.13
ADH_PIND,5102,2000,38.87
ADH_PIND,5102,2010,24.91
ADH_PIND,5103,1991,63.89
ADH_PIND,5103,2000,36.43
ADH_PIND,5103,2010,21.33
ADH_PIND,5104,1991,62.78000000000001
ADH_PIND,5104,2000,49.21
ADH_PIND,5104,2010,28.21
ADH_PIND,5105,1991,56.53
ADH_PIND,5105,2000,41.06999999999999
ADH_PIND,5105,2010,29.88
ADH_PIND,5106,1991,57.68
ADH_PIND,5106,2000,36.52
ADH_PIND,5106,2010,10.58
ADH_PIND,5107,1991,58.53
ADH_PIND,5107,2000,26.470000000000002
ADH_PIND,5107,2010,16.74
ADH_PIND,5108,1991,49.75
ADH_PIND,5108,2000,35.98
ADH_PIND,5108,2010,19.81
ADH_PIND,5109,1991,76.63
ADH_PIND,5109,2000,48.45
ADH_PIND,5109,2010,27.17
ADH_PIND,5110,1991,55.2
ADH_PIND,5110,2000,37.54
ADH_PIND,5110,2010,21.63
ADH_PIND,5111,1991,55.28
ADH_PIND,5111,2000,27.72
ADH_PIND,5111,2010,16.45
ADH_PIND,5112,1991,74.75
ADH_PIND,5112,2000,38.88
ADH_PIND,5112,2010,24.09
ADH_PIND,5113,1991,38.86
ADH_PIND,5113,2000,33.49
ADH_PIND,5113,2010,15.599999999999998
ADH_PIND,5114,1991,47.07
ADH_PIND,5114,2000,17.36
ADH_PIND,5114,2010,8.16
ADH_PIND,5115,1991,48.72
ADH_PIND,5115,2000,36.25
ADH_PIND,5115,2010,20.39
ADH_PIND,5116,1991,67.62
ADH_PIND,5116,2000,51.73
ADH_PIND,5116,2010,24.21
ADH_PIND,5117,1991,35.32
ADH_PIND,5117,2000,12.1
ADH_PIND,5117,2010,11.41
ADH_PIND,5118,1991,41.89
ADH_PIND,5118,2000,27.83
ADH_PIND,5118,2010,11.43
ADH_PIND,5119,1991,25.86
ADH_PIND,5119,2000,16.87
ADH_PIND,5119,2010,6.05
ADH_PIND,5120,1991,29.809999999999995
ADH_PIND,5120,2000,23.91
ADH_PIND,5120,2010,6.19
ADH_PIND,5121,1991,33.01
ADH_PIND,5121,2000,25.35
ADH_PIND,5121,2010,17.32
ADH_PIND,5122,1991,48.74
ADH_PIND,5122,2000,34.5
ADH_PIND,5122,2010,21.83
ADH_PIND,5123,1991,30.600000000000005
ADH_PIND,5123,2000,11.65
ADH_PIND,5123,2010,4.88
ADH_PIND,5124,1991,52.28039178841547
ADH_PIND,5124,2000,44.26097171494097
ADH_PIND,5124,2010,21.908611902378937
ADH_PIND,5125,1991,52.35034758171868
ADH_PIND,5125,2000,38.639419329366305
ADH_PIND,5125,2010,21.5301546819588
ADH_PIND,5126,1991,51.32
ADH_PIND,5126,2000,42.22
ADH_PIND,5126,2010,18.48
ADH_PIND,5127,1991,53.89
ADH_PIND,5127,2000,26.69
ADH_PIND,5127,2010,17.98
ADH_PIND,5128,1991,54.760000000000005
ADH_PIND,5128,2000,38.02
ADH_PIND,5128,2010,20.2
ADH_PIND,5129,1991,45.7
ADH_PIND,5129,2000,29.040000000000003
ADH_PIND,5129,2010,14.02
ADH_PIND,5130,1991,62.07
ADH_PIND,5130,2000,40.35
ADH_PIND,5130,2010,27.17
ADH_PIND,5131,1991,46.69
ADH_PIND,5131,2000,15.65
ADH_PIND,5131,2010,11.63
ADH_PIND,5132,1991,72.43
ADH_PIND,5132,2000,50.42
ADH_PIND,5132,2010,26.18
ADH_PIND,5133,1991,38.74
ADH_PIND,5133,2000,20.25
ADH_PIND,5133,2010,10.43
ADH_PIND,5134,1991,70.41
ADH_PIND,5134,2000,49.99
ADH_PIND,5134,2010,27.68
ADH_PIND,5135,1991,43.2
ADH_PIND,5135,2000,34.34
ADH_PIND,5135,2010,21
ADH_PIND,5136,1991,67.91
ADH_PIND,5136,2000,45.95
ADH_PIND,5136,2010,22.85
ADH_PIND,5137,1991,51.43
ADH_PIND,5137,2000,14.55
ADH_PIND,5137,2010,15.599999999999998
ADH_PIND,5138,1991,57.64
ADH_PIND,5138,2000,44.13
ADH_PIND,5138,2010,16.2
ADH_PIND,5139,1991,49.21
ADH_PIND,5139,2000,36.49
ADH_PIND,5139,2010,20.78
ADH_PIND,5140,1991,67.91
ADH_PIND,5140,2000,43.94
ADH_PIND,5140,2010,16.07
ADH_PIND,5141,1991,45.260000000000005
ADH_PIND,5141,2000,20.56
ADH_PIND,5141,2010,5.759999999999999
ADH_PIND,5142,1991,17.31
ADH_PIND,5142,2000,13.85
ADH_PIND,5142,2010,3.21
ADH_PIND,5143,1991,47.65
ADH_PIND,5143,2000,30.059999999999995
ADH_PIND,5143,2010,16.21
ADH_PIND,5144,1991,54.36
ADH_PIND,5144,2000,44.93
ADH_PIND,5144,2010,31.82
ADH_PIND,5145,1991,41
ADH_PIND,5145,2000,25.78
ADH_PIND,5145,2010,12.44
ADH_PIND,5146,1991,74.96
ADH_PIND,5146,2000,32.63
ADH_PIND,5146,2010,19
ADH_PIND,5147,1991,37.79
ADH_PIND,5147,2000,35.33
ADH_PIND,5147,2010,12.72
ADH_PIND,6001,1991,75.73
ADH_PIND,6001,2000,51.9
ADH_PIND,6001,2010,29.139999999999997
ADH_PIND,6002,1991,58.56
ADH_PIND,6002,2000,46.84000000000001
ADH_PIND,6002,2010,20.07
ADH_PIND,6003,1991,49.72
ADH_PIND,6003,2000,33.19
ADH_PIND,6003,2010,17.77
ADH_PIND,6004,1991,59.12030530933834
ADH_PIND,6004,2000,43.168871629672125
ADH_PIND,6004,2010,21.084348804266313
ADH_PIND,6005,1991,60.97
ADH_PIND,6005,2000,33.11
ADH_PIND,6005,2010,16.72
ADH_PIND,6006,1991,38.310922457079286
ADH_PIND,6006,2000,32.8811459325311
ADH_PIND,6006,2010,15.771770588556752
ADH_PIND,6007,1991,38.97156279123952
ADH_PIND,6007,2000,35.45787128423758
ADH_PIND,6007,2010,19.075678548152602
ADH_PIND,6008,1991,38.15
ADH_PIND,6008,2000,29.54
ADH_PIND,6008,2010,17.03
ADH_PIND,6009,1991,67.72067464736452
ADH_PIND,6009,2000,37.029365738555924
ADH_PIND,6009,2010,18.71415798728527
ADH_PIND,6010,1991,40.182271487435436
ADH_PIND,6010,2000,26.41129720465694
ADH_PIND,6010,2010,12.796497685695392
ADH_PIND,6011,1991,36.371363171129275
ADH_PIND,6011,2000,21.471138023650088
ADH_PIND,6011,2010,12.274248191594463
ADH_PIND,6012,1991,58.33
ADH_PIND,6012,2000,42.7
ADH_PIND,6012,2010,29.18
ADH_PIND,6013,1991,50.4
ADH_PIND,6013,2000,34.99
ADH_PIND,6013,2010,24.2
ADH_PIND,6014,1991,59.15090294462759
ADH_PIND,6014,2000,43.329664398391586
ADH_PIND,6014,2010,27.643203431925944
ADH_PIND,6015,1991,48.71
ADH_PIND,6015,2000,37.89
ADH_PIND,6015,2010,17.11
ADH_PIND,6016,1991,56.96787518142235
ADH_PIND,6016,2000,34.70408278226794
ADH_PIND,6016,2010,17.88045432692308
ADH_PIND,6017,1991,43.97
ADH_PIND,6017,2000,30.03
ADH_PIND,6017,2010,20.09
ADH_PIND,6018,1991,59.33035937499999
ADH_PIND,6018,2000,38.90704646767234
ADH_PIND,6018,2010,35.07037366159225
ADH_PIND,6019,1991,60.09236693300553
ADH_PIND,6019,2000,36.01321678321679
ADH_PIND,6019,2010,18.45183720135622
ADH_PIND,6020,1991,58.54999999999999
ADH_PIND,6020,2000,43.14
ADH_PIND,6020,2010,31.57
ADH_PIND,6021,1991,57.22
ADH_PIND,6021,2000,43.92
ADH_PIND,6021,2010,31.39
ADH_PIND,6022,1991,42.311396591871294
ADH_PIND,6022,2000,33.92909897934964
ADH_PIND,6022,2010,19.509581142500668
ADH_PIND,6023,1991,61.17069502379414
ADH_PIND,6023,2000,45.18121273551157
ADH_PIND,6023,2010,28.326179881408407
ADH_PIND,6024,1991,32.12
ADH_PIND,6024,2000,31.210000000000004
ADH_PIND,6024,2010,13.83
ADH_PIND,6025,1991,25.88
ADH_PIND,6025,2000,13.220000000000002
ADH_PIND,6025,2010,6.86
ADH_PIND,6026,1991,51.43
ADH_PIND,6026,2000,35.52
ADH_PIND,6026,2010,21.98
ADH_PIND,6027,1991,49.08
ADH_PIND,6027,2000,33.49
ADH_PIND,6027,2010,18.19
ADH_PIND,6028,1991,70.69111718676346
ADH_PIND,6028,2000,40.43415776782639
ADH_PIND,6028,2010,23.358934526230172
ADH_PIND,6029,1991,60.31
ADH_PIND,6029,2000,43.26
ADH_PIND,6029,2010,18.24
ADH_PIND,6030,1991,20.36004538656729
ADH_PIND,6030,2000,12.124765232547167
ADH_PIND,6030,2010,5.082677243000203
ADH_PIND,6031,1991,73.58
ADH_PIND,6031,2000,38.04
ADH_PIND,6031,2010,13.87
ADH_PIND,6032,1991,54.7
ADH_PIND,6032,2000,34.56
ADH_PIND,6032,2010,22
ADH_PIND,6033,1991,68.23
ADH_PIND,6033,2000,36.98
ADH_PIND,6033,2010,22.33
ADH_PIND,6034,1991,70.14
ADH_PIND,6034,2000,39.62
ADH_PIND,6034,2010,21.31
ADH_PIND,6035,1991,51.31
ADH_PIND,6035,2000,37.54
ADH_PIND,6035,2010,23.5
ADH_PIND,6036,1991,41.71100180050414
ADH_PIND,6036,2000,25.64397910447761
ADH_PIND,6036,2010,14.554471533734045
ADH_PIND,6037,1991,59.93
ADH_PIND,6037,2000,32.68
ADH_PIND,6037,2010,20.09
ADH_PIND,6038,1991,43.76
ADH_PIND,6038,2000,27.93
ADH_PIND,6038,2010,12.68
ADH_PIND,6039,1991,48.38902119398156
ADH_PIND,6039,2000,22.19251273344652
ADH_PIND,6039,2010,15.178155600268276
ADH_PIND,6040,1991,27.12
ADH_PIND,6040,2000,10.17
ADH_PIND,6040,2010,5.27
ADH_PIND,6041,1991,71.56
ADH_PIND,6041,2000,34.95
ADH_PIND,6041,2010,20.08
ADH_PIND,6042,1991,55.55
ADH_PIND,6042,2000,40.64
ADH_PIND,6042,2010,23.81
ADH_PIND,6043,1991,64.88
ADH_PIND,6043,2000,47.62
ADH_PIND,6043,2010,25.44
ADH_PIND,6044,1991,68.64061854055748
ADH_PIND,6044,2000,51.564564032697554
ADH_PIND,6044,2010,31.227059101654845
ADH_PIND,6045,1991,60.160106362773035
ADH_PIND,6045,2000,37.392929811461634
ADH_PIND,6045,2010,16.18196559756316
ADH_PIND,6046,1991,40.18
ADH_PIND,6046,2000,21.48
ADH_PIND,6046,2010,9.05
ADH_PIND,6047,1991,39.25182644126132
ADH_PIND,6047,2000,29.040703413227785
ADH_PIND,6047,2010,12.07440644579457
ADH_PIND,6048,1991,51.35
ADH_PIND,6048,2000,37.01
ADH_PIND,6048,2010,16.85
ADH_PIND,6049,1991,45.54
ADH_PIND,6049,2000,36.27
ADH_PIND,6049,2010,22
ADH_PIND,6050,1991,37.47193786329926
ADH_PIND,6050,2000,29.120718027904925
ADH_PIND,6050,2010,18.134502065244877
ADH_PIND,6051,1991,51.37929556911648
ADH_PIND,6051,2000,23.156760858835145
ADH_PIND,6051,2010,13.870205022443287
ADH_PIND,6052,1991,64.31
ADH_PIND,6052,2000,34.54
ADH_PIND,6052,2010,25.46
ADH_PIND,6053,1991,51.83047322274158
ADH_PIND,6053,2000,39.0970525976468
ADH_PIND,6053,2010,25.565005185031556
ADH_PIND,6054,1991,74.75
ADH_PIND,6054,2000,42.56
ADH_PIND,6054,2010,24.58
ADH_PIND,6055,1991,50.26
ADH_PIND,6055,2000,24.11
ADH_PIND,6055,2010,10.509999999999998
ADH_PIND,6056,1991,64.06021751302924
ADH_PIND,6056,2000,47.64806275897388
ADH_PIND,6056,2010,24.346359693178705
ADH_PIND,6057,1991,49.89
ADH_PIND,6057,2000,35.63
ADH_PIND,6057,2010,19.21
ADH_PIND,6058,1991,39.64
ADH_PIND,6058,2000,30.31
ADH_PIND,6058,2010,13.75
ADH_PIND,6059,1991,56.36
ADH_PIND,6059,2000,23.38
ADH_PIND,6059,2010,18.58
ADH_PIND,6060,1991,49.92
ADH_PIND,6060,2000,36.41
ADH_PIND,6060,2010,18.25
ADH_PIND,6061,1991,53.1599551338629
ADH_PIND,6061,2000,23.385547930203693
ADH_PIND,6061,2010,13.43774348887683
ADH_PIND,6062,1991,44
ADH_PIND,6062,2000,33.35
ADH_PIND,6062,2010,15.63
ADH_PIND,6063,1991,60.40999999999999
ADH_PIND,6063,2000,30.69
ADH_PIND,6063,2010,21.07
ADH_PIND,6064,1991,58.77020082923037
ADH_PIND,6064,2000,35.60256298793471
ADH_PIND,6064,2010,20.827941417894326
ADH_PIND,6065,1991,54.35
ADH_PIND,6065,2000,38.5
ADH_PIND,6065,2010,15.61
ADH_PIND,6066,1991,62.15
ADH_PIND,6066,2000,44.32
ADH_PIND,6066,2010,21.36
ADH_PIND,6067,1991,33.22
ADH_PIND,6067,2000,11.05
ADH_PIND,6067,2010,20.55
ADH_PIND,6068,1991,74.3
ADH_PIND,6068,2000,47.43
ADH_PIND,6068,2010,24.699999999999996
ADH_PIND,6069,1991,65.28
ADH_PIND,6069,2000,52.13
ADH_PIND,6069,2010,36.05
ADH_PIND,6070,1991,54.639097580864366
ADH_PIND,6070,2000,34.109005783530705
ADH_PIND,6070,2010,21.891912112535792
ADH_PIND,6071,1991,70.47
ADH_PIND,6071,2000,51.42
ADH_PIND,6071,2010,13.470000000000002
ADH_PIND,6072,1991,47.2
ADH_PIND,6072,2000,29.62
ADH_PIND,6072,2010,16.73
ADH_PIND,6073,1991,63.58
ADH_PIND,6073,2000,46.57000000000001
ADH_PIND,6073,2010,26.260000000000005
ADH_PIND,6074,1991,41.33
ADH_PIND,6074,2000,27.32
ADH_PIND,6074,2010,14.24
ADH_PIND,6075,1991,37.53
ADH_PIND,6075,2000,17.82
ADH_PIND,6075,2010,7.55
ADH_PIND,6076,1991,63.160000000000004
ADH_PIND,6076,2000,36.19
ADH_PIND,6076,2010,17.95
ADH_PIND,6077,1991,49.361959492837144
ADH_PIND,6077,2000,23.797647164072284
ADH_PIND,6077,2010,14.058112816974297
ADH_PIND,6078,1991,79.64
ADH_PIND,6078,2000,42.989999999999995
ADH_PIND,6078,2010,28.77
ADH_PIND,6079,1991,66.93
ADH_PIND,6079,2000,51.71999999999999
ADH_PIND,6079,2010,29.28
ADH_PIND,6080,1991,45.919774422244735
ADH_PIND,6080,2000,31.699273143177262
ADH_PIND,6080,2010,17.213163428978792
ADH_PIND,6081,1991,39.74
ADH_PIND,6081,2000,23.43
ADH_PIND,6081,2010,11.37
ADH_PIND,6082,1991,53.09
ADH_PIND,6082,2000,30.360000000000003
ADH_PIND,6082,2010,13.94
ADH_PIND,6083,1991,45.31999999999999
ADH_PIND,6083,2000,29.98
ADH_PIND,6083,2010,21.85
ADH_PIND,6084,1991,52.45
ADH_PIND,6084,2000,42.25
ADH_PIND,6084,2010,22.04
ADH_PIND,6085,1991,60.59048078495502
ADH_PIND,6085,2000,41.07016
ADH_PIND,6085,2010,26.154714568427462
ADH_PIND,6086,1991,49.571486415054444
ADH_PIND,6086,2000,30.50947272173118
ADH_PIND,6086,2010,17.19037890625
ADH_PIND,6087,1991,12.28
ADH_PIND,6087,2000,6.56
ADH_PIND,6087,2010,3.4800000000000004
ADH_PIND,6088,1991,48.26
ADH_PIND,6088,2000,25.35
ADH_PIND,6088,2010,20.29
ADH_PIND,6089,1991,56.12
ADH_PIND,6089,2000,35.54
ADH_PIND,6089,2010,13.09
ADH_PIND,6090,1991,48.06
ADH_PIND,6090,2000,34.23
ADH_PIND,6090,2010,26.35
ADH_PIND,6091,1991,77.51
ADH_PIND,6091,2000,45.98
ADH_PIND,6091,2010,26.55
ADH_PIND,6092,1991,72.36
ADH_PIND,6092,2000,40.71
ADH_PIND,6092,2010,21.7
ADH_PIND,6093,1991,62.21
ADH_PIND,6093,2000,37.98
ADH_PIND,6093,2010,28.45
ADH_PIND,6094,1991,34.72
ADH_PIND,6094,2000,22.959999999999997
ADH_PIND,6094,2010,10.93
ADH_PIND,6095,1991,81.28
ADH_PIND,6095,2000,40.38
ADH_PIND,6095,2010,22.53
ADH_PIND,6096,1991,73.66
ADH_PIND,6096,2000,51.059999999999995
ADH_PIND,6096,2010,27.369999999999997
ADH_PIND,6097,1991,44.82
ADH_PIND,6097,2000,36.3
ADH_PIND,6097,2010,15.24
ADH_PIND,6098,1991,75.93
ADH_PIND,6098,2000,44.15
ADH_PIND,6098,2010,29.35
ADH_PIND,6099,1991,49.56
ADH_PIND,6099,2000,27.82
ADH_PIND,6099,2010,14.460000000000003
ADH_PIND,6100,1991,66.34
ADH_PIND,6100,2000,49.21
ADH_PIND,6100,2010,32.63
ADH_PIND,6101,1991,34.82064361545267
ADH_PIND,6101,2000,31.265429964228098
ADH_PIND,6101,2010,23.189376491744323
ADH_PIND,6102,1991,41.68
ADH_PIND,6102,2000,31.32
ADH_PIND,6102,2010,19.75
ADH_PIND,6103,1991,45.06
ADH_PIND,6103,2000,41.02
ADH_PIND,6103,2010,18.29
ADH_PIND,6104,1991,36.46
ADH_PIND,6104,2000,34.6
ADH_PIND,6104,2010,20.03
ADH_PIND,6105,1991,50.820743462655955
ADH_PIND,6105,2000,44.97390226670591
ADH_PIND,6105,2010,26.306901751941073
ADH_PIND,6106,1991,65.93
ADH_PIND,6106,2000,40.17
ADH_PIND,6106,2010,24.61
ADH_PIND,6107,1991,71.32
ADH_PIND,6107,2000,41
ADH_PIND,6107,2010,25.72
ADH_PIND,6108,1991,52.15
ADH_PIND,6108,2000,41.2
ADH_PIND,6108,2010,23.02
ADH_PIND,6109,1991,46.209999999999994
ADH_PIND,6109,2000,27
ADH_PIND,6109,2010,13.46
ADH_PIND,6110,1991,54.92
ADH_PIND,6110,2000,32.69
ADH_PIND,6110,2010,18.37
ADH_PIND,6111,1991,62.04
ADH_PIND,6111,2000,42.28
ADH_PIND,6111,2010,33.3
ADH_PIND,6112,1991,71.92
ADH_PIND,6112,2000,49.36
ADH_PIND,6112,2010,31.93
ADH_PIND,6113,1991,51.3
ADH_PIND,6113,2000,31.399999999999995
ADH_PIND,6113,2010,20.33
ADH_PIND,6114,1991,70.79
ADH_PIND,6114,2000,54.21000000000001
ADH_PIND,6114,2010,23.84
ADH_PIND,6115,1991,53.01
ADH_PIND,6115,2000,31.45
ADH_PIND,6115,2010,13.21
ADH_PIND,6116,1991,58.66
ADH_PIND,6116,2000,56.62
ADH_PIND,6116,2010,30.88
ADH_PIND,6117,1991,58.51
ADH_PIND,6117,2000,21.7
ADH_PIND,6117,2010,28.05
ADH_PIND,6118,1991,55.28
ADH_PIND,6118,2000,34.93
ADH_PIND,6118,2010,13.08
ADH_PIND,6119,1991,66.46020223264844
ADH_PIND,6119,2000,30.486684012201682
ADH_PIND,6119,2010,22.599259683266553
ADH_PIND,6120,1991,26.31
ADH_PIND,6120,2000,15.580000000000002
ADH_PIND,6120,2010,5.38
ADH_PIND,6121,1991,57.87
ADH_PIND,6121,2000,30.49
ADH_PIND,6121,2010,13.38
ADH_PIND,6122,1991,70.99
ADH_PIND,6122,2000,54.58
ADH_PIND,6122,2010,27.49
ADH_PIND,6123,1991,55.03
ADH_PIND,6123,2000,31.62
ADH_PIND,6123,2010,18.06
ADH_PIND,6124,1991,39.99
ADH_PIND,6124,2000,31.82
ADH_PIND,6124,2010,21.35
ADH_PIND,6125,1991,55.5
ADH_PIND,6125,2000,31.03
ADH_PIND,6125,2010,17.94
ADH_PIND,6126,1991,53.010164077246984
ADH_PIND,6126,2000,33.1275523922499
ADH_PIND,6126,2010,22.787314210431763
ADH_PIND,6127,1991,54.57
ADH_PIND,6127,2000,38.2
ADH_PIND,6127,2010,25.54
ADH_PIND,6128,1991,67.34
ADH_PIND,6128,2000,48.65
ADH_PIND,6128,2010,16.97
ADH_PIND,6129,1991,46.91
ADH_PIND,6129,2000,27.8
ADH_PIND,6129,2010,22.85
ADH_PIND,6130,1991,45.86
ADH_PIND,6130,2000,30.87
ADH_PIND,6130,2010,22.04
ADH_PIND,6131,1991,53.23
ADH_PIND,6131,2000,34.13
ADH_PIND,6131,2010,17.66
ADH_PIND,6132,1991,53.48215147752669
ADH_PIND,6132,2000,35.992496886985116
ADH_PIND,6132,2010,17.72977279236277
ADH_PIND,6133,1991,58.68
ADH_PIND,6133,2000,25.97
ADH_PIND,6133,2010,15.15
ADH_PIND,6134,1991,51.61070249606476
ADH_PIND,6134,2000,35.21975906210939
ADH_PIND,6134,2010,14.924011450082347
ADH_PIND,6135,1991,51.25
ADH_PIND,6135,2000,39.98
ADH_PIND,6135,2010,13.760000000000002
ADH_PIND,6136,1991,51.13
ADH_PIND,6136,2000,26.33
ADH_PIND,6136,2010,14.47
ADH_PIND,6137,1991,66.17
ADH_PIND,6137,2000,26.92
ADH_PIND,6137,2010,17.4
ADH_PIND,6138,1991,45.39037544645146
ADH_PIND,6138,2000,32.170085790236826
ADH_PIND,6138,2010,19.859528534370945
ADH_PIND,6139,1991,65.62
ADH_PIND,6139,2000,35.45
ADH_PIND,6139,2010,16.29
ADH_PIND,6140,1991,79.28
ADH_PIND,6140,2000,51.38000000000001
ADH_PIND,6140,2010,23.949999999999996
ADH_PIND,6141,1991,56.86
ADH_PIND,6141,2000,41.53
ADH_PIND,6141,2010,27.29
ADH_PIND,6142,1991,53.849579565743255
ADH_PIND,6142,2000,50.41494580789835
ADH_PIND,6142,2010,27.41295437452996
ADH_PIND,6143,1991,64.25
ADH_PIND,6143,2000,35.88
ADH_PIND,6143,2010,21.339999999999996
ADH_PIND,6144,1991,91.38
ADH_PIND,6144,2000,29.23
ADH_PIND,6144,2010,20.78
ADH_PIND,6145,1991,31.609999999999996
ADH_PIND,6145,2000,21.11
ADH_PIND,6145,2010,9.9
ADH_PIND,6146,1991,74.48
ADH_PIND,6146,2000,49.87
ADH_PIND,6146,2010,38.59
ADH_PIND,6147,1991,73.63
ADH_PIND,6147,2000,42.68
ADH_PIND,6147,2010,19.46
ADH_PIND,6148,1991,30.43
ADH_PIND,6148,2000,19.09
ADH_PIND,6148,2010,8.91
ADH_PIND,6149,1991,73.58
ADH_PIND,6149,2000,35.31
ADH_PIND,6149,2010,23.26
ADH_PIND,6150,1991,18.98
ADH_PIND,6150,2000,16.95
ADH_PIND,6150,2010,7.37
ADH_PIND,6151,1991,66.73
ADH_PIND,6151,2000,52.39
ADH_PIND,6151,2010,32.14
ADH_PIND,6152,1991,72.77
ADH_PIND,6152,2000,47.69
ADH_PIND,6152,2010,29.31
ADH_PIND,6153,1991,81.38
ADH_PIND,6153,2000,56.42999999999999
ADH_PIND,6153,2010,19.48
ADH_PIND,6154,1991,67.46
ADH_PIND,6154,2000,30.68
ADH_PIND,6154,2010,18.74
ADH_PIND,6155,1991,60.55
ADH_PIND,6155,2000,39.53
ADH_PIND,6155,2010,17.56
ADH_PIND,6156,1991,63.82999999999999
ADH_PIND,6156,2000,30.209999999999997
ADH_PIND,6156,2010,20.449999999999996
ADH_PIND,6157,1991,50.27
ADH_PIND,6157,2000,24.17
ADH_PIND,6157,2010,7.69
ADH_PIND,6158,1991,47.93
ADH_PIND,6158,2000,20.93
ADH_PIND,6158,2010,12.11
ADH_PIND,6159,1991,54.59
ADH_PIND,6159,2000,33.2
ADH_PIND,6159,2010,23.67
ADH_PIND,6160,1991,53.43
ADH_PIND,6160,2000,31.11
ADH_PIND,6160,2010,18.56
ADH_PIND,6161,1991,34.19240278714318
ADH_PIND,6161,2000,24.73126395618285
ADH_PIND,6161,2010,14.21605461393597
ADH_PIND,6162,1991,63.41
ADH_PIND,6162,2000,49.22
ADH_PIND,6162,2010,25.72
ADH_PIND,6163,1991,56.91
ADH_PIND,6163,2000,32.36
ADH_PIND,6163,2010,16.7
ADH_PIND,6164,1991,71.42
ADH_PIND,6164,2000,30.46
ADH_PIND,6164,2010,21.11
ADH_PIND,6165,1991,55.62
ADH_PIND,6165,2000,22.88
ADH_PIND,6165,2010,21.28
ADH_PIND,6166,1991,66.62
ADH_PIND,6166,2000,46.25
ADH_PIND,6166,2010,24.56
ADH_PIND,6167,1991,45.59
ADH_PIND,6167,2000,33.08
ADH_PIND,6167,2010,13.21
ADH_PIND,6168,1991,67.41
ADH_PIND,6168,2000,49.22
ADH_PIND,6168,2010,27.34
ADH_PIND,6169,1991,68.49
ADH_PIND,6169,2000,43.12
ADH_PIND,6169,2010,24.22
ADH_PIND,6170,1991,54.55
ADH_PIND,6170,2000,16.9
ADH_PIND,6170,2010,6.760000000000001
ADH_PIND,7001,1991,13.172117764083652
ADH_PIND,7001,2000,8.751776637174187
ADH_PIND,7001,2010,5.666076324086149
ADH_PIND,7002,1991,46.02
ADH_PIND,7002,2000,30.01
ADH_PIND,7002,2010,16.09
ADH_PIND,7003,1991,56.51
ADH_PIND,7003,2000,44.91
ADH_PIND,7003,2010,27.14
ADH_PIND,7004,1991,34.21
ADH_PIND,7004,2000,27.61
ADH_PIND,7004,2010,15.309999999999999
ADH_PIND,7005,1991,51.310066375307294
ADH_PIND,7005,2000,38.410574850864165
ADH_PIND,7005,2010,22.287358862422654
ADH_PIND,7006,1991,55.370000000000005
ADH_PIND,7006,2000,48.61
ADH_PIND,7006,2010,31.96
ADH_PIND,7007,1991,43.12
ADH_PIND,7007,2000,35.06
ADH_PIND,7007,2010,18.93
ADH_PIND,7008,1991,49.26
ADH_PIND,7008,2000,33.8
ADH_PIND,7008,2010,11.87
ADH_PIND,7009,1991,44.9
ADH_PIND,7009,2000,34.99
ADH_PIND,7009,2010,22.53
ADH_PIND,7010,1991,52.08
ADH_PIND,7010,2000,33.13
ADH_PIND,7010,2010,11.07
ADH_PIND,7011,1991,57.18
ADH_PIND,7011,2000,39.46
ADH_PIND,7011,2010,27.85
ADH_PIND,7012,1991,32.56795544749912
ADH_PIND,7012,2000,21.762535637994567
ADH_PIND,7012,2010,10.574919136342796
ADH_PIND,7013,1991,53.81
ADH_PIND,7013,2000,36.93
ADH_PIND,7013,2010,17.75
ADH_PIND,7014,1991,25.95
ADH_PIND,7014,2000,19.07
ADH_PIND,7014,2010,13.31
ADH_PIND,7015,1991,36.15
ADH_PIND,7015,2000,35.54
ADH_PIND,7015,2010,17.45
ADH_PIND,7016,1991,50.79
ADH_PIND,7016,2000,31.5
ADH_PIND,7016,2010,21.12
ADH_PIND,7017,1991,52.839999999999996
ADH_PIND,7017,2000,40.66
ADH_PIND,7017,2010,15.21
ADH_PIND,7018,1991,40.52
ADH_PIND,7018,2000,28.770000000000003
ADH_PIND,7018,2010,22.24
ADH_PIND,7019,1991,32.43
ADH_PIND,7019,2000,22.07
ADH_PIND,7019,2010,12.11
ADH_PIND,7020,1991,65.9
ADH_PIND,7020,2000,50.16
ADH_PIND,7020,2010,31.349999999999998
ADH_PIND,7021,1991,31.179999999999996
ADH_PIND,7021,2000,19.15
ADH_PIND,7021,2010,14.75
ADH_PIND,7022,1991,67.36
ADH_PIND,7022,2000,46.4
ADH_PIND,7022,2010,28.08
ADH_PIND,7023,1991,52.56
ADH_PIND,7023,2000,40.94
ADH_PIND,7023,2010,27.22
ADH_PIND,7024,1991,42
ADH_PIND,7024,2000,40.77
ADH_PIND,7024,2010,21.75
ADH_PIND,7025,1991,41.06
ADH_PIND,7025,2000,34.52
ADH_PIND,7025,2010,23.7
ADH_PIND,7026,1991,54.09
ADH_PIND,7026,2000,39.58
ADH_PIND,7026,2010,19.77
ADH_PIND,7027,1991,69.23
ADH_PIND,7027,2000,49.18
ADH_PIND,7027,2010,22.81
ADH_PIND,7028,1991,30.57
ADH_PIND,7028,2000,23.99
ADH_PIND,7028,2010,12.87
ADH_PIND,7029,1991,49.89999999999999
ADH_PIND,7029,2000,30.28
ADH_PIND,7029,2010,13.79
ADH_PIND,7030,1991,60.58
ADH_PIND,7030,2000,52.57
ADH_PIND,7030,2010,38.73
ADH_PIND,7031,1991,25.48
ADH_PIND,7031,2000,17.49
ADH_PIND,7031,2010,5.98
ADH_PIND,7032,1991,38.11
ADH_PIND,7032,2000,29.52
ADH_PIND,7032,2010,22.12
ADH_PIND,7033,1991,27.83
ADH_PIND,7033,2000,22.21
ADH_PIND,7033,2010,15.44
ADH_PIND,7034,1991,46.56
ADH_PIND,7034,2000,51.59
ADH_PIND,7034,2010,42.77
ADH_PIND,7035,1991,56.37
ADH_PIND,7035,2000,42.6
ADH_PIND,7035,2010,30.24
ADH_PIND,7036,1991,58.82
ADH_PIND,7036,2000,42.54
ADH_PIND,7036,2010,25.95
ADH_PIND,7037,1991,25.683881404236026
ADH_PIND,7037,2000,15.317418394917484
ADH_PIND,7037,2010,7.570867679221865
ADH_PIND,7038,1991,22.459999999999997
ADH_PIND,7038,2000,22.52
ADH_PIND,7038,2010,16
ADH_PIND,7039,1991,53.43000000000001
ADH_PIND,7039,2000,34.46
ADH_PIND,7039,2010,15
ADH_PIND,7040,1991,47.84
ADH_PIND,7040,2000,39.04
ADH_PIND,7040,2010,23.79
ADH_PIND,7041,1991,48.03
ADH_PIND,7041,2000,36.78
ADH_PIND,7041,2010,26.23
ADH_PIND,7042,1991,58.3600643991979
ADH_PIND,7042,2000,49.284072746527634
ADH_PIND,7042,2010,29.51112155809268
ADH_PIND,7043,1991,36.96089495005721
ADH_PIND,7043,2000,41.97609853983435
ADH_PIND,7043,2010,23.19151484160031
ADH_PIND,7044,1991,28.250257267815797
ADH_PIND,7044,2000,16.450747390179533
ADH_PIND,7044,2010,9.99800935453695
ADH_PIND,7045,1991,14.57
ADH_PIND,7045,2000,9.96
ADH_PIND,7045,2010,5.66
ADH_PIND,7046,1991,31.900619173054725
ADH_PIND,7046,2000,28.854510053730685
ADH_PIND,7046,2010,15.095594106345285
ADH_PIND,7047,1991,44.23
ADH_PIND,7047,2000,28.85
ADH_PIND,7047,2010,17.49
ADH_PIND,7048,1991,59.69
ADH_PIND,7048,2000,39.3
ADH_PIND,7048,2010,22.82
ADH_PIND,7049,1991,48.56
ADH_PIND,7049,2000,42.67
ADH_PIND,7049,2010,18.95
ADH_PIND,7050,1991,41.43
ADH_PIND,7050,2000,18.93
ADH_PIND,7050,2010,12.43
ADH_PIND,7051,1991,38.71
ADH_PIND,7051,2000,32.85
ADH_PIND,7051,2010,15.29
ADH_PIND,7052,1991,56.28
ADH_PIND,7052,2000,41.64
ADH_PIND,7052,2010,20.16
ADH_PIND,7053,1991,50.90999999999999
ADH_PIND,7053,2000,34.01
ADH_PIND,7053,2010,17.97
ADH_PIND,7054,1991,48.76
ADH_PIND,7054,2000,52.72
ADH_PIND,7054,2010,22.42
ADH_PIND,7055,1991,35.46
ADH_PIND,7055,2000,28.5
ADH_PIND,7055,2010,12.1
ADH_PIND,7056,1991,48.58
ADH_PIND,7056,2000,33.17
ADH_PIND,7056,2010,17.83
ADH_PIND,7057,1991,25.300216182934545
ADH_PIND,7057,2000,17.76394944816247
ADH_PIND,7057,2010,7.523827534185326
ADH_PIND,7058,1991,43.02
ADH_PIND,7058,2000,23.66
ADH_PIND,7058,2010,9.35
ADH_PIND,7059,1991,60.78
ADH_PIND,7059,2000,49.63
ADH_PIND,7059,2010,29.07
ADH_PIND,7060,1991,43.6
ADH_PIND,7060,2000,26.51
ADH_PIND,7060,2010,15.179999999999998
ADH_PIND,7061,1991,0
ADH_PIND,7061,2000,0
ADH_PIND,7061,2010,0
ADH_PIND,7062,1991,47.7
ADH_PIND,7062,2000,30.01
ADH_PIND,7062,2010,13
ADH_PIND,7063,1991,64.9
ADH_PIND,7063,2000,44.23
ADH_PIND,7063,2010,28.030000000000005
ADH_PIND,7064,1991,46.63
ADH_PIND,7064,2000,37.11
ADH_PIND,7064,2010,17.1
ADH_PIND,7065,1991,47.19
ADH_PIND,7065,2000,35.27
ADH_PIND,7065,2010,14.12
ADH_PIND,7066,1991,26.09
ADH_PIND,7066,2000,21.19
ADH_PIND,7066,2010,12.07
ADH_PIND,7067,1991,45.12
ADH_PIND,7067,2000,33.45
ADH_PIND,7067,2010,16.55
ADH_PIND,7068,1991,33.65
ADH_PIND,7068,2000,22.17
ADH_PIND,7068,2010,12.71
ADH_PIND,7069,1991,61.77
ADH_PIND,7069,2000,54.01
ADH_PIND,7069,2010,28.79
ADH_PIND,7070,1991,23.43
ADH_PIND,7070,2000,16.27
ADH_PIND,7070,2010,9.67
ADH_PIND,7071,1991,60
ADH_PIND,7071,2000,54.94
ADH_PIND,7071,2010,34.12
ADH_PIND,7072,1991,45.74
ADH_PIND,7072,2000,49.709999999999994
ADH_PIND,7072,2010,25.84
ADH_PIND,7073,1991,60.53
ADH_PIND,7073,2000,47.23
ADH_PIND,7073,2010,20.91
ADH_PIND,7074,1991,59.09
ADH_PIND,7074,2000,39.58
ADH_PIND,7074,2010,19.08
ADH_PIND,7075,1991,52.34009526272685
ADH_PIND,7075,2000,56.572738330545846
ADH_PIND,7075,2010,41.121879776127436
ADH_PIND,7076,1991,66.35
ADH_PIND,7076,2000,24.95
ADH_PIND,7076,2010,20.9
ADH_PIND,7077,1991,41.01
ADH_PIND,7077,2000,23.1
ADH_PIND,7077,2010,8.71
ADH_PIND,7078,1991,55.79
ADH_PIND,7078,2000,46.98
ADH_PIND,7078,2010,26.090000000000003
ADH_PIND,7079,1991,23.160000000000004
ADH_PIND,7079,2000,21.13
ADH_PIND,7079,2010,16.09
ADH_PIND,7080,1991,61.72
ADH_PIND,7080,2000,47.01
ADH_PIND,7080,2010,27.48
ADH_PIND,7081,1991,21.71
ADH_PIND,7081,2000,17.55
ADH_PIND,7081,2010,15.060000000000002
ADH_PIND,7082,1991,55.94
ADH_PIND,7082,2000,34.88
ADH_PIND,7082,2010,16.39
ADH_PIND,7083,1991,61.47
ADH_PIND,7083,2000,38.72
ADH_PIND,7083,2010,23.82
ADH_PIND,7084,1991,48.54
ADH_PIND,7084,2000,35.81
ADH_PIND,7084,2010,16.22
ADH_PIND,7085,1991,17.51
ADH_PIND,7085,2000,11.22
ADH_PIND,7085,2010,6.35
ADH_PIND,7086,1991,55.30928531546622
ADH_PIND,7086,2000,42.11096247960849
ADH_PIND,7086,2010,23.134741477392442
ADH_PIND,7087,1991,31.79
ADH_PIND,7087,2000,42.38
ADH_PIND,7087,2010,20.78
ADH_PIND,7088,1991,28.260129535250577
ADH_PIND,7088,2000,28.378339428684395
ADH_PIND,7088,2010,17.79666968033581
ADH_PIND,7089,1991,36.05
ADH_PIND,7089,2000,31.23
ADH_PIND,7089,2010,19.74
ADH_PIND,7090,1991,44.86
ADH_PIND,7090,2000,32.99
ADH_PIND,7090,2010,15.13
ADH_PIND,7091,1991,46.230402698077114
ADH_PIND,7091,2000,43.99692971304032
ADH_PIND,7091,2010,23.79667160310996
ADH_PIND,7092,1991,60.04999999999999
ADH_PIND,7092,2000,39.93
ADH_PIND,7092,2010,30.28
ADH_PIND,7093,1991,43.04
ADH_PIND,7093,2000,31.330000000000002
ADH_PIND,7093,2010,13.830000000000002
ADH_PIND,7094,1991,65.01
ADH_PIND,7094,2000,53.35
ADH_PIND,7094,2010,26.09
ADH_PIND,7095,1991,53.57
ADH_PIND,7095,2000,46.35
ADH_PIND,7095,2010,21.98
ADH_PIND,7096,1991,26.82025829028495
ADH_PIND,7096,2000,28.518110827639113
ADH_PIND,7096,2010,20.035811560414825
ADH_PIND,7097,1991,35.19
ADH_PIND,7097,2000,25.86
ADH_PIND,7097,2010,13.16
ADH_PIND,7098,1991,30.84
ADH_PIND,7098,2000,20.649999999999995
ADH_PIND,7098,2010,9.27
ADH_PIND,7099,1991,49.92
ADH_PIND,7099,2000,38.99
ADH_PIND,7099,2010,17.16
ADH_PIND,7100,1991,46.43
ADH_PIND,7100,2000,35.96
ADH_PIND,7100,2010,19.98
ADH_PIND,7101,1991,57.10000000000001
ADH_PIND,7101,2000,46.95
ADH_PIND,7101,2010,34.58
ADH_PIND,7102,1991,30.32
ADH_PIND,7102,2000,21.14
ADH_PIND,7102,2010,12.07
ADH_PIND,7103,1991,39.83
ADH_PIND,7103,2000,20.37
ADH_PIND,7103,2010,11.04
ADH_PIND,7104,1991,14.220000000000002
ADH_PIND,7104,2000,9.1
ADH_PIND,7104,2010,4.99
ADH_PIND,7105,1991,44.2
ADH_PIND,7105,2000,42.7
ADH_PIND,7105,2010,25.35
ADH_PIND,7106,1991,31.819999999999997
ADH_PIND,7106,2000,31.45
ADH_PIND,7106,2010,23.16
ADH_PIND,7107,1991,61.05045057665107
ADH_PIND,7107,2000,49.20444839724386
ADH_PIND,7107,2010,28.908993134259717
ADH_PIND,7108,1991,30.35
ADH_PIND,7108,2000,23.94
ADH_PIND,7108,2010,13.14
ADH_PIND,7109,1991,59.07
ADH_PIND,7109,2000,42.62
ADH_PIND,7109,2010,22.85
ADH_PIND,7110,1991,52.07000000000001
ADH_PIND,7110,2000,46.42
ADH_PIND,7110,2010,29.62
ADH_PIND,7111,1991,44.89
ADH_PIND,7111,2000,39.19
ADH_PIND,7111,2010,34.36
ADH_PIND,7112,1991,56.51
ADH_PIND,7112,2000,39.53
ADH_PIND,7112,2010,30.949999999999996
ADH_PIND,7113,1991,40.05
ADH_PIND,7113,2000,36.31
ADH_PIND,7113,2010,19.530000000000005
ADH_PIND,7114,1991,34.28
ADH_PIND,7114,2000,25.74
ADH_PIND,7114,2010,11.74
ADH_PIND,7115,1991,49.31
ADH_PIND,7115,2000,40.68
ADH_PIND,7115,2010,23.23
ADH_PIND,7116,1991,33.18
ADH_PIND,7116,2000,29.85
ADH_PIND,7116,2010,20.08
ADH_PIND,7117,1991,30.94
ADH_PIND,7117,2000,42.22
ADH_PIND,7117,2010,29.559999999999995
ADH_PIND,7118,1991,48.72
ADH_PIND,7118,2000,24.589999999999996
ADH_PIND,7118,2010,12.989999999999998
ADH_PIND,7119,1991,48.75999999999999
ADH_PIND,7119,2000,30.67
ADH_PIND,7119,2010,10.91
ADH_PIND,7120,1991,43.18
ADH_PIND,7120,2000,48.24
ADH_PIND,7120,2010,21.35
ADH_PIND,7121,1991,14.51
ADH_PIND,7121,2000,8.53
ADH_PIND,7121,2010,4.77
ADH_PIND,7122,1991,37.5
ADH_PIND,7122,2000,33.48
ADH_PIND,7122,2010,17.62
ADH_PIND,7123,1991,37.94
ADH_PIND,7123,2000,25.92
ADH_PIND,7123,2010,9.98
ADH_PIND,7124,1991,50.13018324762074
ADH_PIND,7124,2000,37.61411933236956
ADH_PIND,7124,2010,14.19654294779079
ADH_PIND,7125,1991,32.81
ADH_PIND,7125,2000,27.960000000000004
ADH_PIND,7125,2010,10.97
ADH_PIND,7126,1991,58.25
ADH_PIND,7126,2000,32.55
ADH_PIND,7126,2010,27.47
ADH_PIND,7127,1991,35.73
ADH_PIND,7127,2000,26.010000000000005
ADH_PIND,7127,2010,13.7
ADH_PIND,7128,1991,51.01
ADH_PIND,7128,2000,42.85
ADH_PIND,7128,2010,29.48
ADH_PIND,7129,1991,34.73
ADH_PIND,7129,2000,28.13
ADH_PIND,7129,2010,18.03
ADH_PIND,7130,1991,50.360012285456186
ADH_PIND,7130,2000,34.88670950764654
ADH_PIND,7130,2010,18.751021139911852
ADH_PIND,7131,1991,9.28
ADH_PIND,7131,2000,5.7
ADH_PIND,7131,2010,3.13
ADH_PIND,7132,1991,54.34000000000001
ADH_PIND,7132,2000,47.05
ADH_PIND,7132,2010,16.22
ADH_PIND,7133,1991,52.35
ADH_PIND,7133,2000,41.11
ADH_PIND,7133,2010,28.32
ADH_PIND,7134,1991,52.94
ADH_PIND,7134,2000,47.5
ADH_PIND,7134,2010,30.47
ADH_PIND,7135,1991,38.65
ADH_PIND,7135,2000,33.67
ADH_PIND,7135,2010,20.97
ADH_PIND,7136,1991,35.94
ADH_PIND,7136,2000,30.14
ADH_PIND,7136,2010,18.6
ADH_PIND,7137,1991,47.43
ADH_PIND,7137,2000,45.06
ADH_PIND,7137,2010,25.339999999999996
ADH_PIND,7138,1991,45.78
ADH_PIND,7138,2000,35.76
ADH_PIND,7138,2010,25.25
ADH_PIND,7139,1991,50.64
ADH_PIND,7139,2000,37.97
ADH_PIND,7139,2010,21.15
ADH_PIND,7140,1991,60.03999999999999
ADH_PIND,7140,2000,42.55
ADH_PIND,7140,2010,23.99
ADH_PIND,7141,1991,48.48
ADH_PIND,7141,2000,31.23
ADH_PIND,7141,2010,16.55
ADH_PIND,7142,1991,51.5
ADH_PIND,7142,2000,42.86
ADH_PIND,7142,2010,20.16
ADH_PIND,7143,1991,39.74
ADH_PIND,7143,2000,25.47
ADH_PIND,7143,2010,14.68
ADH_PIND,7144,1991,66.28
ADH_PIND,7144,2000,39.49
ADH_PIND,7144,2010,27.94
ADH_PIND,7145,1991,43.71
ADH_PIND,7145,2000,32.58
ADH_PIND,7145,2010,21.81
ADH_PIND,7146,1991,61.76
ADH_PIND,7146,2000,28.79
ADH_PIND,7146,2010,8.7
ADH_PIND,7147,1991,73.39
ADH_PIND,7147,2000,52.43
ADH_PIND,7147,2010,29.35
ADH_PIND,7148,1991,77.86
ADH_PIND,7148,2000,59.24
ADH_PIND,7148,2010,30.11
ADH_PIND,7149,1991,50.449999999999996
ADH_PIND,7149,2000,38.85
ADH_PIND,7149,2010,18.5
ADH_PIND,7150,1991,45.53
ADH_PIND,7150,2000,33.48
ADH_PIND,7150,2010,26.26
ADH_PIND,7151,1991,49.62
ADH_PIND,7151,2000,47.69
ADH_PIND,7151,2010,28.74
ADH_PIND,7152,1991,25.45
ADH_PIND,7152,2000,14.62
ADH_PIND,7152,2010,4.23
ADH_PIND,7153,1991,56.36
ADH_PIND,7153,2000,56.739999999999995
ADH_PIND,7153,2010,26.1
ADH_PIND,7154,1991,35.94
ADH_PIND,7154,2000,28.46
ADH_PIND,7154,2010,25.53
ADH_PIND,7155,1991,38.14
ADH_PIND,7155,2000,26.41
ADH_PIND,7155,2010,14.55
ADH_PIND,7156,1991,2.6
ADH_PIND,7156,2000,3.74
ADH_PIND,7156,2010,2.71
ADH_PIND,7157,1991,46.92
ADH_PIND,7157,2000,23.909999999999997
ADH_PIND,7157,2010,9.22
ADH_PIND,7158,1991,43.15
ADH_PIND,7158,2000,33.04
ADH_PIND,7158,2010,14.5
ADH_PIND,7159,1991,64.14
ADH_PIND,7159,2000,51.91
ADH_PIND,7159,2010,45.08
ADH_PIND,7160,1991,51.71000000000001
ADH_PIND,7160,2000,28.28
ADH_PIND,7160,2010,7.08
ADH_PIND,7161,1991,45.24
ADH_PIND,7161,2000,30.91
ADH_PIND,7161,2010,18.59
ADH_PIND,7162,1991,59.27
ADH_PIND,7162,2000,44.65
ADH_PIND,7162,2010,26.06
ADH_PIND,7163,1991,42.63
ADH_PIND,7163,2000,28.04
ADH_PIND,7163,2010,10.58
ADH_PIND,7164,1991,54.12
ADH_PIND,7164,2000,37.16
ADH_PIND,7164,2010,17.12
ADH_PIND,7165,1991,30.17
ADH_PIND,7165,2000,18.51
ADH_PIND,7165,2010,10.51
ADH_PIND,8001,1991,65.01006814502466
ADH_PIND,8001,2000,55.70499455411846
ADH_PIND,8001,2010,31.48550791133902
ADH_PIND,8002,1991,44.1
ADH_PIND,8002,2000,37.8
ADH_PIND,8002,2010,21.93
ADH_PIND,8003,1991,26.65820671237899
ADH_PIND,8003,2000,25.012942703432966
ADH_PIND,8003,2010,13.038607673031983
ADH_PIND,8004,1991,43.43
ADH_PIND,8004,2000,36.62
ADH_PIND,8004,2010,16.39
ADH_PIND,8005,1991,51.6899993024067
ADH_PIND,8005,2000,34.37966134020619
ADH_PIND,8005,2010,15.394110724479026
ADH_PIND,8006,1991,38.13
ADH_PIND,8006,2000,20.09
ADH_PIND,8006,2010,9.21
ADH_PIND,8007,1991,43.33
ADH_PIND,8007,2000,33.7
ADH_PIND,8007,2010,14.89
ADH_PIND,8008,1991,47.69
ADH_PIND,8008,2000,44.6
ADH_PIND,8008,2010,19.73
ADH_PIND,8009,1991,61.12
ADH_PIND,8009,2000,48.61
ADH_PIND,8009,2010,43.52
ADH_PIND,8010,1991,31.9
ADH_PIND,8010,2000,31.81
ADH_PIND,8010,2010,15.82
ADH_PIND,8011,1991,57.55
ADH_PIND,8011,2000,43.49
ADH_PIND,8011,2010,13.72
ADH_PIND,8012,1991,48.23
ADH_PIND,8012,2000,54.29
ADH_PIND,8012,2010,26.560000000000002
ADH_PIND,8013,1991,40.9
ADH_PIND,8013,2000,38.28
ADH_PIND,8013,2010,17.05
ADH_PIND,8014,1991,33.90110845771144
ADH_PIND,8014,2000,33.657052187471336
ADH_PIND,8014,2010,17.24211851851852
ADH_PIND,8015,1991,32.82
ADH_PIND,8015,2000,35.81
ADH_PIND,8015,2010,18.66
ADH_PIND,8016,1991,71.96
ADH_PIND,8016,2000,56.23
ADH_PIND,8016,2010,39.94
ADH_PIND,8017,1991,59.11
ADH_PIND,8017,2000,64.93
ADH_PIND,8017,2010,43.44
ADH_PIND,8018,1991,51.5
ADH_PIND,8018,2000,47.84
ADH_PIND,8018,2010,16.49
ADH_PIND,8019,1991,54.07000000000001
ADH_PIND,8019,2000,51.36
ADH_PIND,8019,2010,32.31
ADH_PIND,8020,1991,60.9
ADH_PIND,8020,2000,51.51
ADH_PIND,8020,2010,23.42
ADH_PIND,8021,1991,50.55
ADH_PIND,8021,2000,50.61999999999999
ADH_PIND,8021,2010,32.43
ADH_PIND,8022,1991,50.79
ADH_PIND,8022,2000,39.31
ADH_PIND,8022,2010,22.18
ADH_PIND,8023,1991,35.53
ADH_PIND,8023,2000,31.11
ADH_PIND,8023,2010,14.34
ADH_PIND,8024,1991,34.11691744988194
ADH_PIND,8024,2000,28.345513689643106
ADH_PIND,8024,2010,15.42296426248374
ADH_PIND,8025,1991,37.47
ADH_PIND,8025,2000,27.23
ADH_PIND,8025,2010,16.76
ADH_PIND,8026,1991,47.09
ADH_PIND,8026,2000,39.95
ADH_PIND,8026,2010,33.71
ADH_PIND,8027,1991,32.13025710770028
ADH_PIND,8027,2000,33.91198113766425
ADH_PIND,8027,2010,18.489561624761755
ADH_PIND,8028,1991,46.62
ADH_PIND,8028,2000,47.72
ADH_PIND,8028,2010,30.900000000000002
ADH_PIND,8029,1991,39.41
ADH_PIND,8029,2000,37.02
ADH_PIND,8029,2010,17.64
ADH_PIND,8030,1991,43.12
ADH_PIND,8030,2000,39.8
ADH_PIND,8030,2010,19.56
ADH_PIND,8031,1991,57.56
ADH_PIND,8031,2000,56.65
ADH_PIND,8031,2010,39.22
ADH_PIND,8032,1991,49.11
ADH_PIND,8032,2000,42.58
ADH_PIND,8032,2010,25.56
ADH_PIND,8033,1991,56.6
ADH_PIND,8033,2000,57.86999999999999
ADH_PIND,8033,2010,30.190000000000005
ADH_PIND,8034,1991,63.03
ADH_PIND,8034,2000,50.76
ADH_PIND,8034,2010,32.99
ADH_PIND,8035,1991,60.68
ADH_PIND,8035,2000,61.42
ADH_PIND,8035,2010,44.91
ADH_PIND,8036,1991,49.6
ADH_PIND,8036,2000,38.11
ADH_PIND,8036,2010,16.2
ADH_PIND,8037,1991,33.4
ADH_PIND,8037,2000,50.75
ADH_PIND,8037,2010,16.42
ADH_PIND,8038,1991,44.39
ADH_PIND,8038,2000,38.83
ADH_PIND,8038,2010,19.12
ADH_PIND,8039,1991,57.81
ADH_PIND,8039,2000,33.23
ADH_PIND,8039,2010,17.23
ADH_PIND,8040,1991,45.44
ADH_PIND,8040,2000,47.43
ADH_PIND,8040,2010,26.85
ADH_PIND,8041,1991,40.93
ADH_PIND,8041,2000,42.8
ADH_PIND,8041,2010,19.81
ADH_PIND,8042,1991,48.34
ADH_PIND,8042,2000,45.41
ADH_PIND,8042,2010,23.16
ADH_PIND,8043,1991,50.32
ADH_PIND,8043,2000,48.11999999999999
ADH_PIND,8043,2010,25.23
ADH_PIND,8044,1991,13.4
ADH_PIND,8044,2000,11.53
ADH_PIND,8044,2010,5.29
ADH_PIND,8045,1991,42.96
ADH_PIND,8045,2000,44.52
ADH_PIND,8045,2010,21.88
ADH_PIND,8046,1991,46.1
ADH_PIND,8046,2000,42.01
ADH_PIND,8046,2010,21.19
ADH_PIND,8047,1991,74.29
ADH_PIND,8047,2000,55.95
ADH_PIND,8047,2010,30.95
ADH_PIND,8048,1991,43.84
ADH_PIND,8048,2000,26.54
ADH_PIND,8048,2010,13.340000000000002
ADH_PIND,8049,1991,46.47
ADH_PIND,8049,2000,33.27
ADH_PIND,8049,2010,12.98
ADH_PIND,8050,1991,47.83
ADH_PIND,8050,2000,41.91
ADH_PIND,8050,2010,18.2
ADH_PIND,8051,1991,65.23
ADH_PIND,8051,2000,59.81000000000001
ADH_PIND,8051,2010,41.39
ADH_PIND,8052,1991,48.49
ADH_PIND,8052,2000,36.49
ADH_PIND,8052,2010,16.2
ADH_PIND,8053,1991,42.44
ADH_PIND,8053,2000,35.35
ADH_PIND,8053,2010,13.84
ADH_PIND,8054,1991,61.080000000000005
ADH_PIND,8054,2000,39.15
ADH_PIND,8054,2010,26.59
ADH_PIND,8055,1991,63.52000000000001
ADH_PIND,8055,2000,62.6
ADH_PIND,8055,2010,29.33
ADH_PIND,8056,1991,45.230000000000004
ADH_PIND,8056,2000,33.88
ADH_PIND,8056,2010,18.59
ADH_PIND,8057,1991,51.489999999999995
ADH_PIND,8057,2000,26.49
ADH_PIND,8057,2010,22.2
ADH_PIND,8058,1991,44.50999999999999
ADH_PIND,8058,2000,43.13
ADH_PIND,8058,2010,19.15
ADH_PIND,8059,1991,52.56
ADH_PIND,8059,2000,40.18
ADH_PIND,8059,2010,30.1
ADH_PIND,8060,1991,66.93
ADH_PIND,8060,2000,59.49000000000001
ADH_PIND,8060,2010,46.25
ADH_PIND,8061,1991,61.62
ADH_PIND,8061,2000,66.29
ADH_PIND,8061,2010,34.74
ADH_PIND,8062,1991,65.44
ADH_PIND,8062,2000,47.94
ADH_PIND,8062,2010,30.39
ADH_PIND,8063,1991,64.79
ADH_PIND,8063,2000,50.21
ADH_PIND,8063,2010,35.35
ADH_PIND,8064,1991,43.92
ADH_PIND,8064,2000,51.9
ADH_PIND,8064,2010,31.38
ADH_PIND,8065,1991,43.50999999999999
ADH_PIND,8065,2000,48.33
ADH_PIND,8065,2010,23.75
ADH_PIND,8066,1991,65.57
ADH_PIND,8066,2000,46.3
ADH_PIND,8066,2010,20.93
ADH_PIND,8067,1991,32.58
ADH_PIND,8067,2000,31.58
ADH_PIND,8067,2010,15.87
ADH_PIND,8068,1991,31.860000000000003
ADH_PIND,8068,2000,37.47
ADH_PIND,8068,2010,23.35
ADH_PIND,8069,1991,31.07
ADH_PIND,8069,2000,29.94
ADH_PIND,8069,2010,15.2
ADH_PIND,8070,1991,64.37
ADH_PIND,8070,2000,47
ADH_PIND,8070,2010,23
ADH_PIND,8071,1991,39.46
ADH_PIND,8071,2000,39.14
ADH_PIND,8071,2010,31.07
ADH_PIND,8072,1991,68.8
ADH_PIND,8072,2000,72.52
ADH_PIND,8072,2010,46.65999999999999
ADH_PIND,8073,1991,38.47
ADH_PIND,8073,2000,42.23
ADH_PIND,8073,2010,13.58
ADH_PIND,8074,1991,56.05
ADH_PIND,8074,2000,59.65
ADH_PIND,8074,2010,22.34
ADH_PIND,8075,1991,50.57
ADH_PIND,8075,2000,53.42
ADH_PIND,8075,2010,38.12
ADH_PIND,8076,1991,55.46
ADH_PIND,8076,2000,44.919999999999995
ADH_PIND,8076,2010,27.11
ADH_PIND,8077,1991,27.35
ADH_PIND,8077,2000,20.7
ADH_PIND,8077,2010,7.86
ADH_PIND,8078,1991,35.15
ADH_PIND,8078,2000,41.35
ADH_PIND,8078,2010,22.33
ADH_PIND,8079,1991,25.22
ADH_PIND,8079,2000,27.68
ADH_PIND,8079,2010,13.27
ADH_PIND,8080,1991,55.654875497241825
ADH_PIND,8080,2000,50.82633472991172
ADH_PIND,8080,2010,32.209141240794075
ADH_PIND,8081,1991,50.24
ADH_PIND,8081,2000,45.19
ADH_PIND,8081,2010,27.389999999999997
ADH_PIND,8082,1991,59.31999999999999
ADH_PIND,8082,2000,48.51
ADH_PIND,8082,2010,37.67
ADH_PIND,8083,1991,38.74
ADH_PIND,8083,2000,41.04
ADH_PIND,8083,2010,9.97
ADH_PIND,8084,1991,75.15
ADH_PIND,8084,2000,67.87
ADH_PIND,8084,2010,39.7
ADH_PIND,8085,1991,42.17
ADH_PIND,8085,2000,37.05
ADH_PIND,8085,2010,18.87
ADH_PIND,8086,1991,44.41
ADH_PIND,8086,2000,39.31
ADH_PIND,8086,2010,18.57
ADH_PIND,8087,1991,52.4
ADH_PIND,8087,2000,49.86
ADH_PIND,8087,2010,27.1
ADH_PIND,8088,1991,19.99
ADH_PIND,8088,2000,23.06
ADH_PIND,8088,2010,7.07
ADH_PIND,8089,1991,53.52
ADH_PIND,8089,2000,48.42000000000001
ADH_PIND,8089,2010,24.909999999999997
ADH_PIND,8090,1991,54.62
ADH_PIND,8090,2000,51.08
ADH_PIND,8090,2010,26.61
ADH_PIND,8091,1991,75.6
ADH_PIND,8091,2000,72.66
ADH_PIND,8091,2010,47.15
ADH_PIND,8092,1991,41.99
ADH_PIND,8092,2000,32.85
ADH_PIND,8092,2010,15.38
ADH_PIND,8093,1991,47.99
ADH_PIND,8093,2000,39.67
ADH_PIND,8093,2010,29.56
ADH_PIND,9001,1991,57.07
ADH_PIND,9001,2000,45.03
ADH_PIND,9001,2010,22.03
ADH_PIND,9002,1991,41.03
ADH_PIND,9002,2000,32.05
ADH_PIND,9002,2010,21.64
ADH_PIND,9003,1991,12.410000000000002
ADH_PIND,9003,2000,8.5
ADH_PIND,9003,2010,3.43
ADH_PIND,9004,1991,39.86
ADH_PIND,9004,2000,27.590000000000003
ADH_PIND,9004,2010,19.14
ADH_PIND,9005,1991,30.36
ADH_PIND,9005,2000,29.86
ADH_PIND,9005,2010,12.01
ADH_PIND,9006,1991,26.58
ADH_PIND,9006,2000,18.15
ADH_PIND,9006,2010,9.36
ADH_PIND,9007,1991,24.18
ADH_PIND,9007,2000,30.9
ADH_PIND,9007,2010,17.23
ADH_PIND,9008,1991,40.87
ADH_PIND,9008,2000,46.42
ADH_PIND,9008,2010,28.23
ADH_PIND,9009,1991,40.89
ADH_PIND,9009,2000,28.04
ADH_PIND,9009,2010,8.95
ADH_PIND,9010,1991,57.39
ADH_PIND,9010,2000,43.36
ADH_PIND,9010,2010,20.76
ADH_PIND,9011,1991,39.16
ADH_PIND,9011,2000,40.04
ADH_PIND,9011,2010,21.740000000000002
ADH_PIND,9012,1991,44.06
ADH_PIND,9012,2000,38.14
ADH_PIND,9012,2010,12.51
ADH_PIND,9013,1991,38.87
ADH_PIND,9013,2000,25.99
ADH_PIND,9013,2010,14.899999999999999
ADH_PIND,9014,1991,34.14
ADH_PIND,9014,2000,22.74
ADH_PIND,9014,2010,10.72
ADH_PIND,9015,1991,34.49
ADH_PIND,9015,2000,22.45
ADH_PIND,9015,2010,9.94
ADH_PIND,9016,1991,44.08
ADH_PIND,9016,2000,39.18
ADH_PIND,9016,2010,20.22
ADH_PIND,9017,1991,43.98
ADH_PIND,9017,2000,39.33
ADH_PIND,9017,2010,13.75
ADH_PIND,9018,1991,42.37
ADH_PIND,9018,2000,26.63
ADH_PIND,9018,2010,6.96
ADH_PIND,9019,1991,34.06
ADH_PIND,9019,2000,24.14
ADH_PIND,9019,2010,10.37
ADH_PIND,9020,1991,37.56
ADH_PIND,9020,2000,37.81
ADH_PIND,9020,2010,18.46
ADH_PIND,9021,1991,36.26
ADH_PIND,9021,2000,28.78
ADH_PIND,9021,2010,6.98
ADH_PIND,9022,1991,55.510000000000005
ADH_PIND,9022,2000,47.669999999999995
ADH_PIND,9022,2010,33.63
ADH_PIND,9023,1991,37.98
ADH_PIND,9023,2000,24.46
ADH_PIND,9023,2010,17.57
ADH_PIND,9024,1991,52.73
ADH_PIND,9024,2000,28.569999999999997
ADH_PIND,9024,2010,23.619999999999997
ADH_PIND,9025,1991,61.58
ADH_PIND,9025,2000,50.24
ADH_PIND,9025,2010,32.2
ADH_PIND,9026,1991,48.98
ADH_PIND,9026,2000,46.56
ADH_PIND,9026,2010,27.93
ADH_PIND,9027,1991,17.58
ADH_PIND,9027,2000,15.61
ADH_PIND,9027,2010,6.98
ADH_PIND,9028,1991,47.85
ADH_PIND,9028,2000,34.29
ADH_PIND,9028,2010,19.32
ADH_PIND,9029,1991,38.69
ADH_PIND,9029,2000,36.86
ADH_PIND,9029,2010,16.81
ADH_PIND,9030,1991,50.25
ADH_PIND,9030,2000,32.77
ADH_PIND,9030,2010,18.99
ADH_PIND,9031,1991,45.27
ADH_PIND,9031,2000,31.09
ADH_PIND,9031,2010,15.63
ADH_PIND,9032,1991,49.89
ADH_PIND,9032,2000,35.85
ADH_PIND,9032,2010,17.65
ADH_PIND,9033,1991,27.4
ADH_PIND,9033,2000,27.16
ADH_PIND,9033,2010,10.57
ADH_PIND,9034,1991,39.65
ADH_PIND,9034,2000,25.790000000000003
ADH_PIND,9034,2010,11.37
ADH_PIND,9035,1991,40.99
ADH_PIND,9035,2000,29.379999999999995
ADH_PIND,9035,2010,8.94
ADH_PIND,9036,1991,50.82
ADH_PIND,9036,2000,37.84
ADH_PIND,9036,2010,13.03
ADH_PIND,9037,1991,20.19
ADH_PIND,9037,2000,31.5
ADH_PIND,9037,2010,9.59
ADH_PIND,9038,1991,41.64
ADH_PIND,9038,2000,27.5
ADH_PIND,9038,2010,12.1
ADH_PIND,9039,1991,34.86
ADH_PIND,9039,2000,32.18
ADH_PIND,9039,2010,6.730000000000001
ADH_PIND,9040,1991,48.99
ADH_PIND,9040,2000,45.11
ADH_PIND,9040,2010,29.06
ADH_PIND,9041,1991,43.53
ADH_PIND,9041,2000,38.96
ADH_PIND,9041,2010,14.910000000000002
ADH_PIND,9042,1991,34.320809826265645
ADH_PIND,9042,2000,39.93528631510838
ADH_PIND,9042,2010,21.435370341371755
ADH_PIND,9043,1991,38.83
ADH_PIND,9043,2000,41.18
ADH_PIND,9043,2010,24.9
ADH_PIND,9044,1991,41.07
ADH_PIND,9044,2000,34.85
ADH_PIND,9044,2010,14.77
ADH_PIND,9045,1991,31.53
ADH_PIND,9045,2000,36.82
ADH_PIND,9045,2010,17.53
ADH_PIND,9046,1991,34.58
ADH_PIND,9046,2000,22.03
ADH_PIND,9046,2010,18.37
ADH_PIND,9047,1991,35.45
ADH_PIND,9047,2000,15.91
ADH_PIND,9047,2010,8.09
ADH_PIND,9048,1991,48.24
ADH_PIND,9048,2000,57.51
ADH_PIND,9048,2010,37.31
ADH_PIND,9049,1991,40.35
ADH_PIND,9049,2000,27.469999999999995
ADH_PIND,9049,2010,14.410000000000002
ADH_PIND,9050,1991,21.6
ADH_PIND,9050,2000,41.43
ADH_PIND,9050,2010,19.07
ADH_PIND,9051,1991,42.05
ADH_PIND,9051,2000,29.400000000000002
ADH_PIND,9051,2010,10.33
ADH_PIND,9052,1991,42.38
ADH_PIND,9052,2000,30.17
ADH_PIND,9052,2010,21.37
ADH_PIND,9053,1991,59.489999999999995
ADH_PIND,9053,2000,56.11
ADH_PIND,9053,2010,36.41
ADH_PIND,9054,1991,48.96
ADH_PIND,9054,2000,38.09
ADH_PIND,9054,2010,22.67
ADH_PIND,9055,1991,54.99
ADH_PIND,9055,2000,50.96
ADH_PIND,9055,2010,27.95
ADH_PIND,9056,1991,33.68
ADH_PIND,9056,2000,17.89
ADH_PIND,9056,2010,12.03
ADH_PIND,9057,1991,41.71
ADH_PIND,9057,2000,39.76
ADH_PIND,9057,2010,22.3
ADH_PIND,9058,1991,33.85
ADH_PIND,9058,2000,25.13
ADH_PIND,9058,2010,11.41
ADH_PIND,9059,1991,32.52
ADH_PIND,9059,2000,26.65
ADH_PIND,9059,2010,7.32
ADH_PIND,9060,1991,31.32
ADH_PIND,9060,2000,25.66
ADH_PIND,9060,2010,11.68
ADH_PIND,9061,1991,43.77
ADH_PIND,9061,2000,37.13
ADH_PIND,9061,2010,13.6
ADH_PIND,9062,1991,57.769999999999996
ADH_PIND,9062,2000,47.65
ADH_PIND,9062,2010,27.640000000000004
ADH_PIND,9063,1991,45.580000000000005
ADH_PIND,9063,2000,32.4
ADH_PIND,9063,2010,19.63
ADH_PIND,9064,1991,54.32999999999999
ADH_PIND,9064,2000,34.27
ADH_PIND,9064,2010,20.19
ADH_PIND,9065,1991,34.59
ADH_PIND,9065,2000,17.17
ADH_PIND,9065,2010,8.59
ADH_PIND,9066,1991,29.53
ADH_PIND,9066,2000,25.13
ADH_PIND,9066,2010,9.52
ADH_PIND,9067,1991,29.53
ADH_PIND,9067,2000,29.74
ADH_PIND,9067,2010,13.51
ADH_PIND,9068,1991,43.63
ADH_PIND,9068,2000,47.28
ADH_PIND,9068,2010,15.580000000000002
ADH_PIND,9069,1991,33.85
ADH_PIND,9069,2000,33.68
ADH_PIND,9069,2010,17.9
ADH_PIND,9070,1991,38.75
ADH_PIND,9070,2000,33.4
ADH_PIND,9070,2010,12.88
ADH_PIND,9071,1991,44.37
ADH_PIND,9071,2000,35.87
ADH_PIND,9071,2010,14.15
ADH_PIND,9072,1991,36.2
ADH_PIND,9072,2000,30.84
ADH_PIND,9072,2010,14.46
ADH_PIND,9073,1991,46
ADH_PIND,9073,2000,50.2
ADH_PIND,9073,2010,24.15
ADH_PIND,9074,1991,33.61
ADH_PIND,9074,2000,28.039999999999996
ADH_PIND,9074,2010,10.48
ADH_PIND,10001,1991,40.55
ADH_PIND,10001,2000,26.23
ADH_PIND,10001,2010,18.39
ADH_PIND,10002,1991,33.98
ADH_PIND,10002,2000,36.51
ADH_PIND,10002,2010,27.85
ADH_PIND,10003,1991,48.05
ADH_PIND,10003,2000,40.47
ADH_PIND,10003,2010,26.23
ADH_PIND,10004,1991,37.79143504189628
ADH_PIND,10004,2000,30.614092876531437
ADH_PIND,10004,2010,30.48257543698252
ADH_PIND,10005,1991,65.54
ADH_PIND,10005,2000,50.99000000000001
ADH_PIND,10005,2010,28.8
ADH_PIND,10006,1991,58.05
ADH_PIND,10006,2000,44.02
ADH_PIND,10006,2010,23.69
ADH_PIND,10007,1991,58.4
ADH_PIND,10007,2000,33.84
ADH_PIND,10007,2010,11.27
ADH_PIND,10008,1991,28.874928715609453
ADH_PIND,10008,2000,19.029531531276135
ADH_PIND,10008,2010,9.365055436127939
ADH_PIND,10009,1991,24.827579167368288
ADH_PIND,10009,2000,15.581392519433583
ADH_PIND,10009,2010,6.529432185549958
ADH_PIND,10010,1991,68.12
ADH_PIND,10010,2000,30.38
ADH_PIND,10010,2010,12.12
ADH_PIND,10011,1991,47.20000000000001
ADH_PIND,10011,2000,21.04
ADH_PIND,10011,2010,14.55
ADH_PIND,10012,1991,36.82
ADH_PIND,10012,2000,21.46
ADH_PIND,10012,2010,11.260000000000002
ADH_PIND,10013,1991,42.55014277592268
ADH_PIND,10013,2000,27.764803205279282
ADH_PIND,10013,2010,16.007905944986693
ADH_PIND,10014,1991,56.029999999999994
ADH_PIND,10014,2000,44
ADH_PIND,10014,2010,21.74
ADH_PIND,10015,1991,59.525674917692974
ADH_PIND,10015,2000,42.47663232682061
ADH_PIND,10015,2010,28.85851232154224
ADH_PIND,10016,1991,44.11584664632024
ADH_PIND,10016,2000,27.12294872869684
ADH_PIND,10016,2010,14.262258732678172
ADH_PIND,10017,1991,43.85
ADH_PIND,10017,2000,37.99
ADH_PIND,10017,2010,22.07
ADH_PIND,10018,1991,59.82
ADH_PIND,10018,2000,38.59
ADH_PIND,10018,2010,14.259999999999998
ADH_PIND,10019,1991,51.30235310814647
ADH_PIND,10019,2000,35.89131061364612
ADH_PIND,10019,2010,22.787960651246767
ADH_PIND,10020,1991,62.77
ADH_PIND,10020,2000,36.63
ADH_PIND,10020,2010,22.49
ADH_PIND,10021,1991,60.12
ADH_PIND,10021,2000,36.11
ADH_PIND,10021,2010,16.01
ADH_PIND,10022,1991,48.95
ADH_PIND,10022,2000,42.55
ADH_PIND,10022,2010,37.72
ADH_PIND,10023,1991,41.71213488164359
ADH_PIND,10023,2000,29.56909200207162
ADH_PIND,10023,2010,12.840616726526425
ADH_PIND,10024,1991,67.29
ADH_PIND,10024,2000,42.23
ADH_PIND,10024,2010,12.39
ADH_PIND,10025,1991,63.459999999999994
ADH_PIND,10025,2000,53.45
ADH_PIND,10025,2010,31.46
ADH_PIND,10026,1991,51.57
ADH_PIND,10026,2000,37.92
ADH_PIND,10026,2010,18.05
ADH_PIND,10027,1991,56.92274343391074
ADH_PIND,10027,2000,35.72144565550037
ADH_PIND,10027,2010,16.043396324850733
ADH_PIND,10028,1991,44.48
ADH_PIND,10028,2000,34.73
ADH_PIND,10028,2010,17.32
ADH_PIND,10029,1991,59.77000000000001
ADH_PIND,10029,2000,41.84
ADH_PIND,10029,2010,12.91
ADH_PIND,10030,1991,61.08
ADH_PIND,10030,2000,54.24000000000001
ADH_PIND,10030,2010,33.94
ADH_PIND,10031,1991,61.25
ADH_PIND,10031,2000,39.06
ADH_PIND,10031,2010,24.43
ADH_PIND,10032,1991,40.60170580391867
ADH_PIND,10032,2000,34.72089088566155
ADH_PIND,10032,2010,18.15833007483314
ADH_PIND,10033,1991,65.36257153229268
ADH_PIND,10033,2000,55.73244905139897
ADH_PIND,10033,2010,39.797129562988495
ADH_PIND,10034,1991,51.23
ADH_PIND,10034,2000,23.760000000000005
ADH_PIND,10034,2010,18.55
ADH_PIND,10035,1991,42.24
ADH_PIND,10035,2000,19.63
ADH_PIND,10035,2010,12.55
ADH_PIND,10036,1991,48.27
ADH_PIND,10036,2000,32.19
ADH_PIND,10036,2010,24.88
ADH_PIND,10037,1991,62.21
ADH_PIND,10037,2000,38.69
ADH_PIND,10037,2010,13.45
ADH_PIND,10038,1991,20.62996567394566
ADH_PIND,10038,2000,12.94993242320819
ADH_PIND,10038,2010,4.728872486483202
ADH_PIND,10039,1991,43.37348043177096
ADH_PIND,10039,2000,35.89239670645381
ADH_PIND,10039,2010,21.77677910772579
ADH_PIND,10040,1991,41.260231010077085
ADH_PIND,10040,2000,31.61006417729278
ADH_PIND,10040,2010,14.60028333315009
ADH_PIND,10041,1991,69.34
ADH_PIND,10041,2000,27.88
ADH_PIND,10041,2010,15.21
ADH_PIND,10042,1991,42.1
ADH_PIND,10042,2000,28.450000000000003
ADH_PIND,10042,2010,13.19
ADH_PIND,10043,1991,45.29
ADH_PIND,10043,2000,25.68
ADH_PIND,10043,2010,19.67
ADH_PIND,10044,1991,53.42
ADH_PIND,10044,2000,42.55
ADH_PIND,10044,2010,33.74
ADH_PIND,10045,1991,58.50682492855167
ADH_PIND,10045,2000,50.508583398168646
ADH_PIND,10045,2010,27.846135118450498
ADH_PIND,10046,1991,91.95
ADH_PIND,10046,2000,48
ADH_PIND,10046,2010,33.48
ADH_PIND,10047,1991,53.05413592147445
ADH_PIND,10047,2000,40.49636206250696
ADH_PIND,10047,2010,24.210207338011347
ADH_PIND,10048,1991,48.135671463850805
ADH_PIND,10048,2000,37.82809576492455
ADH_PIND,10048,2010,21.858500284866988
ADH_PIND,10049,1991,44.79999999999999
ADH_PIND,10049,2000,39.38
ADH_PIND,10049,2010,23.730000000000004
ADH_PIND,10050,1991,41.105870108048826
ADH_PIND,10050,2000,31.13058907924719
ADH_PIND,10050,2010,19.65155766230649
ADH_PIND,10051,1991,62.58
ADH_PIND,10051,2000,41.87
ADH_PIND,10051,2010,27.3
ADH_PIND,10052,1991,71.15320389837261
ADH_PIND,10052,2000,45.76278828236325
ADH_PIND,10052,2010,27.04872
ADH_PIND,10053,1991,43.43999999999999
ADH_PIND,10053,2000,16.2
ADH_PIND,10053,2010,20.13
ADH_PIND,10054,1991,49.13000000000001
ADH_PIND,10054,2000,45.19
ADH_PIND,10054,2010,29.92
ADH_PIND,10055,1991,62.34
ADH_PIND,10055,2000,54.68
ADH_PIND,10055,2010,31.82
ADH_PIND,10056,1991,35.48
ADH_PIND,10056,2000,22.2
ADH_PIND,10056,2010,9.57
ADH_PIND,10057,1991,57.01235417299963
ADH_PIND,10057,2000,29.70260660138977
ADH_PIND,10057,2010,13.131406250000001
ADH_PIND,10058,1991,58.42000000000001
ADH_PIND,10058,2000,27.58
ADH_PIND,10058,2010,7.109999999999999
ADH_PIND,10059,1991,48.77057761732853
ADH_PIND,10059,2000,27.94915979303327
ADH_PIND,10059,2010,19.790596417600483
ADH_PIND,10060,1991,46.92
ADH_PIND,10060,2000,26.17
ADH_PIND,10060,2010,16.73
ADH_PIND,10061,1991,54.09
ADH_PIND,10061,2000,29.81
ADH_PIND,10061,2010,10.19
ADH_PIND,10062,1991,58.3
ADH_PIND,10062,2000,49.67000000000001
ADH_PIND,10062,2010,29.289999999999996
ADH_PIND,10063,1991,62.640049067331276
ADH_PIND,10063,2000,40.009593277713186
ADH_PIND,10063,2010,18.708094029194942
ADH_PIND,10064,1991,56.85846310803425
ADH_PIND,10064,2000,45.67950606196678
ADH_PIND,10064,2010,25.832253717156632
ADH_PIND,10065,1991,28.64
ADH_PIND,10065,2000,28.909999999999997
ADH_PIND,10065,2010,16.03
ADH_PIND,10066,1991,57.16163766446371
ADH_PIND,10066,2000,47.28199881044013
ADH_PIND,10066,2010,28.459955725569372
ADH_PIND,10067,1991,54.67
ADH_PIND,10067,2000,26.5
ADH_PIND,10067,2010,16.75
ADH_PIND,10068,1991,17.73142347428209
ADH_PIND,10068,2000,14.583315270935959
ADH_PIND,10068,2010,6.718613166995249
ADH_PIND,10069,1991,53.36491601712592
ADH_PIND,10069,2000,45.07539993007137
ADH_PIND,10069,2010,21.327002040269562
ADH_PIND,10070,1991,76.7
ADH_PIND,10070,2000,39.03
ADH_PIND,10070,2010,40.51
ADH_PIND,10071,1991,61.61709738743142
ADH_PIND,10071,2000,42.49625088720065
ADH_PIND,10071,2010,26.9484003061615
ADH_PIND,10072,1991,58.88
ADH_PIND,10072,2000,40.82
ADH_PIND,10072,2010,27.31
ADH_PIND,10073,1991,47.82930560622644
ADH_PIND,10073,2000,24.418090613627076
ADH_PIND,10073,2010,12.842010507880909
ADH_PIND,10074,1991,49.79
ADH_PIND,10074,2000,38.04
ADH_PIND,10074,2010,13.4
ADH_PIND,10075,1991,24.19
ADH_PIND,10075,2000,17.38
ADH_PIND,10075,2010,7.22
ADH_PIND,10076,1991,57.71
ADH_PIND,10076,2000,39.6
ADH_PIND,10076,2010,13.43
ADH_PIND,10077,1991,36.93
ADH_PIND,10077,2000,25.14
ADH_PIND,10077,2010,17.2
ADH_PIND,10078,1991,63.74
ADH_PIND,10078,2000,55.37
ADH_PIND,10078,2010,32.99
ADH_PIND,10079,1991,53.63977247079635
ADH_PIND,10079,2000,38.98396239245484
ADH_PIND,10079,2010,24.099939184404548
ADH_PIND,10080,1991,39.13823998746685
ADH_PIND,10080,2000,29.40910347312293
ADH_PIND,10080,2010,13.71440819101028
ADH_PIND,10081,1991,47.029975453012376
ADH_PIND,10081,2000,32.07073158422437
ADH_PIND,10081,2010,15.341351576204724
ADH_PIND,10082,1991,59.08940613884864
ADH_PIND,10082,2000,44.94093733708686
ADH_PIND,10082,2010,21.721788925177055
ADH_PIND,10083,1991,41.55
ADH_PIND,10083,2000,23.28
ADH_PIND,10083,2010,11.82
ADH_PIND,10084,1991,64.32
ADH_PIND,10084,2000,44.71
ADH_PIND,10084,2010,24.34
ADH_PIND,10085,1991,52.72565782875768
ADH_PIND,10085,2000,44.11443310353061
ADH_PIND,10085,2010,26.2999108899433
ADH_PIND,10086,1991,51.82
ADH_PIND,10086,2000,30.89
ADH_PIND,10086,2010,20.67
ADH_PIND,10087,1991,51.08685365559329
ADH_PIND,10087,2000,40.64768571629658
ADH_PIND,10087,2010,21.382184663100485
ADH_PIND,10088,1991,59.94
ADH_PIND,10088,2000,44.78
ADH_PIND,10088,2010,25.16
ADH_PIND,10089,1991,31.51
ADH_PIND,10089,2000,20.72
ADH_PIND,10089,2010,9.38
ADH_PIND,10090,1991,55.620000000000005
ADH_PIND,10090,2000,37.25
ADH_PIND,10090,2010,28.78
ADH_PIND,10091,1991,68.71
ADH_PIND,10091,2000,48.74
ADH_PIND,10091,2010,28.93
ADH_PIND,10092,1991,53.040565457624105
ADH_PIND,10092,2000,33.83790948976276
ADH_PIND,10092,2010,19.735160954516335
ADH_PIND,10093,1991,48.4
ADH_PIND,10093,2000,36.87
ADH_PIND,10093,2010,17.9
ADH_PIND,10094,1991,52.3
ADH_PIND,10094,2000,28.31
ADH_PIND,10094,2010,11.34
ADH_PIND,10095,1991,53.16
ADH_PIND,10095,2000,40.37
ADH_PIND,10095,2010,28.930000000000003
ADH_PIND,10096,1991,40.93
ADH_PIND,10096,2000,24.25
ADH_PIND,10096,2010,15.330000000000002
ADH_PIND,10097,1991,46.17
ADH_PIND,10097,2000,24.79
ADH_PIND,10097,2010,20.88
ADH_PIND,10098,1991,47.67
ADH_PIND,10098,2000,31.24
ADH_PIND,10098,2010,15.15
ADH_PIND,10099,1991,34.89
ADH_PIND,10099,2000,16.76
ADH_PIND,10099,2010,8.96
ADH_PIND,10100,1991,53.81
ADH_PIND,10100,2000,44.21
ADH_PIND,10100,2010,34.26
ADH_PIND,10101,1991,61.16775348062954
ADH_PIND,10101,2000,35.82033448822977
ADH_PIND,10101,2010,22.537691688026364
ADH_PIND,10102,1991,46.05
ADH_PIND,10102,2000,28.64
ADH_PIND,10102,2010,17.18
ADH_PIND,10103,1991,46.69
ADH_PIND,10103,2000,35.42
ADH_PIND,10103,2010,22.92
ADH_PIND,10104,1991,53.28
ADH_PIND,10104,2000,30.68
ADH_PIND,10104,2010,17.29
ADH_PIND,10105,1991,35.55258904267147
ADH_PIND,10105,2000,43.060193265442656
ADH_PIND,10105,2010,22.28710656187169
ADH_PIND,10106,1991,43.74
ADH_PIND,10106,2000,50.7
ADH_PIND,10106,2010,19.32
ADH_PIND,10107,1991,50.25133536539285
ADH_PIND,10107,2000,40.663952680384625
ADH_PIND,10107,2010,31.17479886629208
ADH_PIND,10108,1991,53.61545047287208
ADH_PIND,10108,2000,37.26412463457055
ADH_PIND,10108,2010,27.32162244937024
ADH_PIND,10109,1991,65.76
ADH_PIND,10109,2000,40.15
ADH_PIND,10109,2010,20.98
ADH_PIND,10110,1991,37.68
ADH_PIND,10110,2000,38.01
ADH_PIND,10110,2010,30.66
ADH_PIND,10111,1991,46.790000000000006
ADH_PIND,10111,2000,36.8
ADH_PIND,10111,2010,29.69
ADH_PIND,10112,1991,30.800000000000004
ADH_PIND,10112,2000,14.02
ADH_PIND,10112,2010,9.29
ADH_PIND,10113,1991,44.190000000000005
ADH_PIND,10113,2000,30.46
ADH_PIND,10113,2010,23.29
ADH_PIND,10114,1991,64.66
ADH_PIND,10114,2000,49.96
ADH_PIND,10114,2010,30
ADH_PIND,10115,1991,45.12
ADH_PIND,10115,2000,28.18
ADH_PIND,10115,2010,19.27
ADH_PIND,10116,1991,55.7
ADH_PIND,10116,2000,22.79
ADH_PIND,10116,2010,16.48
ADH_PIND,10117,1991,51.43
ADH_PIND,10117,2000,22.08
ADH_PIND,10117,2010,13.89
ADH_PIND,10118,1991,45.04130744456831
ADH_PIND,10118,2000,25.47826010326166
ADH_PIND,10118,2010,19.63980042016807
ADH_PIND,10119,1991,43.95
ADH_PIND,10119,2000,29.189999999999998
ADH_PIND,10119,2010,19.98
ADH_PIND,10120,1991,43.58
ADH_PIND,10120,2000,39.15
ADH_PIND,10120,2010,18.73
ADH_PIND,10121,1991,38.58843279709393
ADH_PIND,10121,2000,15.742432412413896
ADH_PIND,10121,2010,7.4903947493278515
ADH_PIND,10122,1991,21.51
ADH_PIND,10122,2000,14.74
ADH_PIND,10122,2010,5.38
ADH_PIND,10123,1991,62.97795107331694
ADH_PIND,10123,2000,45.43262356321839
ADH_PIND,10123,2010,28.03046960201839
ADH_PIND,10124,1991,49.73
ADH_PIND,10124,2000,31.49
ADH_PIND,10124,2010,5.58
ADH_PIND,10125,1991,48.48
ADH_PIND,10125,2000,27.9
ADH_PIND,10125,2010,19.11
ADH_PIND,10126,1991,57.3
ADH_PIND,10126,2000,44.85
ADH_PIND,10126,2010,30.21
ADH_PIND,10127,1991,36.25029624218814
ADH_PIND,10127,2000,27.23891743867622
ADH_PIND,10127,2010,10.772206359506812
ADH_PIND,10128,1991,48.769999999999996
ADH_PIND,10128,2000,36.92
ADH_PIND,10128,2010,31.330000000000002
ADH_PIND,10129,1991,43.53000000000001
ADH_PIND,10129,2000,38.88
ADH_PIND,10129,2010,23.12
ADH_PIND,10130,1991,66.21
ADH_PIND,10130,2000,44.17
ADH_PIND,10130,2010,19.09
ADH_PIND,10131,1991,54
ADH_PIND,10131,2000,29.81
ADH_PIND,10131,2010,16.74
ADH_PIND,10132,1991,36.72
ADH_PIND,10132,2000,24.31
ADH_PIND,10132,2010,7.16
ADH_PIND,10133,1991,50.96
ADH_PIND,10133,2000,31.689999999999998
ADH_PIND,10133,2010,24.070000000000004
ADH_PIND,10134,1991,57.459593174816334
ADH_PIND,10134,2000,39.68178001554922
ADH_PIND,10134,2010,29.28699286442406
ADH_PIND,10135,1991,49.48
ADH_PIND,10135,2000,35.36
ADH_PIND,10135,2010,23.53
ADH_PIND,10136,1991,57.28000000000001
ADH_PIND,10136,2000,29.91
ADH_PIND,10136,2010,9.19
ADH_PIND,10137,1991,52.12
ADH_PIND,10137,2000,32.05
ADH_PIND,10137,2010,13.41
ADH_PIND,10138,1991,53.64
ADH_PIND,10138,2000,15.68
ADH_PIND,10138,2010,11.12
ADH_PIND,10139,1991,52.74
ADH_PIND,10139,2000,22.63
ADH_PIND,10139,2010,11.33
ADH_PIND,10140,1991,51.62
ADH_PIND,10140,2000,34.91
ADH_PIND,10140,2010,20.16
ADH_PIND,10141,1991,47.879999999999995
ADH_PIND,10141,2000,32.16
ADH_PIND,10141,2010,33.34
ADH_PIND,10142,1991,61.8
ADH_PIND,10142,2000,43.05
ADH_PIND,10142,2010,38.36
ADH_PIND,10143,1991,63.5
ADH_PIND,10143,2000,46.53
ADH_PIND,10143,2010,19.44
ADH_PIND,10144,1991,33.95
ADH_PIND,10144,2000,18.43
ADH_PIND,10144,2010,9.06
ADH_PIND,10145,1991,54.129999999999995
ADH_PIND,10145,2000,35.28
ADH_PIND,10145,2010,15.5
ADH_PIND,10146,1991,51.78953809944102
ADH_PIND,10146,2000,30.573484419263455
ADH_PIND,10146,2010,29.772583552958253
ADH_PIND,10147,1991,44.46
ADH_PIND,10147,2000,37.34
ADH_PIND,10147,2010,22.01
ADH_PIND,10148,1991,53.12
ADH_PIND,10148,2000,29.96
ADH_PIND,10148,2010,19.29
ADH_PIND,10149,1991,47.39
ADH_PIND,10149,2000,24.72
ADH_PIND,10149,2010,17.2
ADH_PIND,10150,1991,59.419999999999995
ADH_PIND,10150,2000,39.26
ADH_PIND,10150,2010,11.27
ADH_PIND,10151,1991,42.64
ADH_PIND,10151,2000,33.46
ADH_PIND,10151,2010,22.57
ADH_PIND,10152,1991,40.69
ADH_PIND,10152,2000,20.09
ADH_PIND,10152,2010,6.859999999999999
ADH_PIND,10153,1991,55.74
ADH_PIND,10153,2000,40.75
ADH_PIND,10153,2010,21.91
ADH_PIND,10154,1991,50.84
ADH_PIND,10154,2000,36.78
ADH_PIND,10154,2010,31.84
ADH_PIND,10155,1991,39.31
ADH_PIND,10155,2000,26.7
ADH_PIND,10155,2010,12.519999999999998
ADH_PIND,10156,1991,46.443509859463305
ADH_PIND,10156,2000,34.8749641545003
ADH_PIND,10156,2010,19.559750735452397
ADH_PIND,10157,1991,47.84
ADH_PIND,10157,2000,37.21
ADH_PIND,10157,2010,23.79
ADH_PIND,10158,1991,63.559999999999995
ADH_PIND,10158,2000,40.45
ADH_PIND,10158,2010,22.78
ADH_PIND,10159,1991,60
ADH_PIND,10159,2000,36.7
ADH_PIND,10159,2010,21.5
ADH_PIND,10160,1991,61.65
ADH_PIND,10160,2000,40.15
ADH_PIND,10160,2010,32.35
ADH_PIND,10161,1991,49.629999999999995
ADH_PIND,10161,2000,37.58
ADH_PIND,10161,2010,12.96
ADH_PIND,10162,1991,45.972795762849266
ADH_PIND,10162,2000,17.940412951665884
ADH_PIND,10162,2010,8.061140427120957
ADH_PIND,10163,1991,45.13
ADH_PIND,10163,2000,26.81
ADH_PIND,10163,2010,13.34
ADH_PIND,10164,1991,30.835327205066402
ADH_PIND,10164,2000,14.216305653891915
ADH_PIND,10164,2010,6.384612841655576
ADH_PIND,10165,1991,51.44
ADH_PIND,10165,2000,37.62
ADH_PIND,10165,2010,16.08
ADH_PIND,10166,1991,63.35
ADH_PIND,10166,2000,50.78
ADH_PIND,10166,2010,29.65
ADH_PIND,10167,1991,54.75
ADH_PIND,10167,2000,35.69
ADH_PIND,10167,2010,16.45
ADH_PIND,10168,1991,57.42999999999999
ADH_PIND,10168,2000,38.21
ADH_PIND,10168,2010,14.2
ADH_PIND,10169,1991,46.28
ADH_PIND,10169,2000,12.99
ADH_PIND,10169,2010,13.740000000000002
ADH_PIND,10170,1991,56.364903143084874
ADH_PIND,10170,2000,44.04514644724865
ADH_PIND,10170,2010,25.25254030130224
ADH_PIND,10171,1991,61.52000000000001
ADH_PIND,10171,2000,25.19
ADH_PIND,10171,2010,12.459999999999999
ADH_PIND,10172,1991,50.96
ADH_PIND,10172,2000,29.759999999999998
ADH_PIND,10172,2010,10.53
ADH_PIND,10173,1991,41.28993824701195
ADH_PIND,10173,2000,20.370825655702358
ADH_PIND,10173,2010,13.083694025272973
ADH_PIND,10174,1991,55.27
ADH_PIND,10174,2000,28.86
ADH_PIND,10174,2010,15.34
ADH_PIND,10175,1991,55.77
ADH_PIND,10175,2000,26.56
ADH_PIND,10175,2010,7.53
ADH_PIND,10176,1991,55.27
ADH_PIND,10176,2000,33.76
ADH_PIND,10176,2010,26.939999999999998
ADH_PIND,10177,1991,39.23
ADH_PIND,10177,2000,27.53
ADH_PIND,10177,2010,10.91
ADH_PIND,10178,1991,42.85
ADH_PIND,10178,2000,20.58
ADH_PIND,10178,2010,13.55
ADH_PIND,10179,1991,70.34
ADH_PIND,10179,2000,29.16
ADH_PIND,10179,2010,13.4
ADH_PIND,10180,1991,51.93000000000001
ADH_PIND,10180,2000,28.4
ADH_PIND,10180,2010,14.63
ADH_PIND,10181,1991,30.53
ADH_PIND,10181,2000,13.95
ADH_PIND,10181,2010,2.66
ADH_PIND,10182,1991,48.03
ADH_PIND,10182,2000,49.73
ADH_PIND,10182,2010,31.44
ADH_PIND,10183,1991,52.57999999999999
ADH_PIND,10183,2000,34.23
ADH_PIND,10183,2010,15.75
ADH_PIND,10184,1991,58.33
ADH_PIND,10184,2000,30.07
ADH_PIND,10184,2010,25.22
ADH_PIND,10185,1991,47.11
ADH_PIND,10185,2000,25.35
ADH_PIND,10185,2010,6.79
ADH_PIND,10186,1991,47.614403936716236
ADH_PIND,10186,2000,31.926720882407928
ADH_PIND,10186,2010,21.61851965246173
ADH_PIND,10187,1991,44.86000000000001
ADH_PIND,10187,2000,31.65
ADH_PIND,10187,2010,12.99
ADH_PIND,10188,1991,48.77
ADH_PIND,10188,2000,49.44
ADH_PIND,10188,2010,34.21
ADH_PIND,10189,1991,45.94
ADH_PIND,10189,2000,22.28
ADH_PIND,10189,2010,8.6
ADH_PIND,10190,1991,46.56
ADH_PIND,10190,2000,27.79
ADH_PIND,10190,2010,20.6
ADH_PIND,10191,1991,52.36840143390067
ADH_PIND,10191,2000,34.32780560895624
ADH_PIND,10191,2010,13.788097829073921
ADH_PIND,10192,1991,53.45840274845496
ADH_PIND,10192,2000,43.26190208022067
ADH_PIND,10192,2010,19.46988556141785
ADH_PIND,10193,1991,47.31000000000001
ADH_PIND,10193,2000,35.25
ADH_PIND,10193,2010,18.71
ADH_PIND,10194,1991,50.17
ADH_PIND,10194,2000,31.83
ADH_PIND,10194,2010,22.46
ADH_PIND,10195,1991,46.92
ADH_PIND,10195,2000,39.68
ADH_PIND,10195,2010,23.92
ADH_PIND,10196,1991,49.38
ADH_PIND,10196,2000,47.77
ADH_PIND,10196,2010,31.23
ADH_PIND,10197,1991,38.95
ADH_PIND,10197,2000,22.42
ADH_PIND,10197,2010,7.880000000000001
ADH_PIND,10198,1991,40.37095784074932
ADH_PIND,10198,2000,39.335989758792614
ADH_PIND,10198,2010,23.659691279439848
ADH_PIND,10199,1991,51.44
ADH_PIND,10199,2000,24.899999999999995
ADH_PIND,10199,2010,18.18
ADH_PIND,10200,1991,50.75
ADH_PIND,10200,2000,50.02
ADH_PIND,10200,2010,18.16
ADH_PIND,10201,1991,29.298952358726453
ADH_PIND,10201,2000,17.84400077593776
ADH_PIND,10201,2010,7.87704566635601
ADH_PIND,10202,1991,60.72
ADH_PIND,10202,2000,44.29
ADH_PIND,10202,2010,26.88
ADH_PIND,10203,1991,34.01
ADH_PIND,10203,2000,24.55
ADH_PIND,10203,2010,13.43
ADH_PIND,10204,1991,60.89
ADH_PIND,10204,2000,31.6
ADH_PIND,10204,2010,14.73
ADH_PIND,10205,1991,43.61
ADH_PIND,10205,2000,26.87
ADH_PIND,10205,2010,22.22
ADH_PIND,10206,1991,30.24
ADH_PIND,10206,2000,16.9
ADH_PIND,10206,2010,7.36
ADH_PIND,10207,1991,61.53
ADH_PIND,10207,2000,43.74
ADH_PIND,10207,2010,31.47
ADH_PIND,10208,1991,42.017895926256315
ADH_PIND,10208,2000,34.07044793002036
ADH_PIND,10208,2010,16.76330275229358
ADH_PIND,10209,1991,63.79
ADH_PIND,10209,2000,36.13
ADH_PIND,10209,2010,29.1
ADH_PIND,10210,1991,16.87
ADH_PIND,10210,2000,10.74
ADH_PIND,10210,2010,3.48
ADH_PIND,10211,1991,41.03
ADH_PIND,10211,2000,29.23
ADH_PIND,10211,2010,19.38
ADH_PIND,10212,1991,53.62
ADH_PIND,10212,2000,34.41
ADH_PIND,10212,2010,11.11
ADH_PIND,10213,1991,46.48
ADH_PIND,10213,2000,25.51
ADH_PIND,10213,2010,18.58
ADH_PIND,10214,1991,52.839999999999996
ADH_PIND,10214,2000,47.99
ADH_PIND,10214,2010,33.81
ADH_PIND,10215,1991,51.59
ADH_PIND,10215,2000,26.45
ADH_PIND,10215,2010,5.68
ADH_PIND,10216,1991,65.43
ADH_PIND,10216,2000,42.79
ADH_PIND,10216,2010,26.87
ADH_PIND,10217,1991,68.53
ADH_PIND,10217,2000,41.19
ADH_PIND,10217,2010,25.61
ADH_PIND,10218,1991,12.221190699156038
ADH_PIND,10218,2000,7.694314078650409
ADH_PIND,10218,2010,4.021295045881371
ADH_PIND,10219,1991,51.220263823193605
ADH_PIND,10219,2000,42.64641632228044
ADH_PIND,10219,2010,26.581184146930884
ADH_PIND,10220,1991,53.12
ADH_PIND,10220,2000,25.709999999999997
ADH_PIND,10220,2010,9.8
ADH_PIND,10221,1991,57.945719671508314
ADH_PIND,10221,2000,41.66461504241058
ADH_PIND,10221,2010,20.048497825561732
ADH_PIND,10222,1991,44.309999999999995
ADH_PIND,10222,2000,46.38
ADH_PIND,10222,2010,23.18
ADH_PIND,10223,1991,60.74
ADH_PIND,10223,2000,38.67
ADH_PIND,10223,2010,26.469999999999995
ADH_PIND,10224,1991,61.43530271398748
ADH_PIND,10224,2000,53.676667997262776
ADH_PIND,10224,2010,31.766397198908397
ADH_PIND,10225,1991,53.73
ADH_PIND,10225,2000,31.620000000000005
ADH_PIND,10225,2010,21.34
ADH_PIND,10226,1991,59.14
ADH_PIND,10226,2000,42.38
ADH_PIND,10226,2010,22.23
ADH_PIND,10227,1991,64.39
ADH_PIND,10227,2000,45.33
ADH_PIND,10227,2010,26.84
ADH_PIND,10228,1991,61.809999999999995
ADH_PIND,10228,2000,39.32
ADH_PIND,10228,2010,24.05
ADH_PIND,10229,1991,33.49
ADH_PIND,10229,2000,21.13
ADH_PIND,10229,2010,9.34
ADH_PIND,10230,1991,56.72609796458712
ADH_PIND,10230,2000,49.57231168831169
ADH_PIND,10230,2010,23.63328156780168
ADH_PIND,10231,1991,28.879999999999995
ADH_PIND,10231,2000,23.65
ADH_PIND,10231,2010,9.56
ADH_PIND,10232,1991,57.51
ADH_PIND,10232,2000,35.24
ADH_PIND,10232,2010,21.02
ADH_PIND,10233,1991,45.38
ADH_PIND,10233,2000,24.71
ADH_PIND,10233,2010,18.25
ADH_PIND,10234,1991,58.83
ADH_PIND,10234,2000,45.62
ADH_PIND,10234,2010,31.62
ADH_PIND,10235,1991,60.7
ADH_PIND,10235,2000,55.07
ADH_PIND,10235,2010,35.11
ADH_PIND,10236,1991,53.6
ADH_PIND,10236,2000,43.75
ADH_PIND,10236,2010,29.89
ADH_PIND,10237,1991,50.89
ADH_PIND,10237,2000,35.7
ADH_PIND,10237,2010,13.8
ADH_PIND,10238,1991,52.14
ADH_PIND,10238,2000,31.67
ADH_PIND,10238,2010,18.04
ADH_PIND,10239,1991,21.34
ADH_PIND,10239,2000,16.44
ADH_PIND,10239,2010,8.52
ADH_PIND,10240,1991,55.12
ADH_PIND,10240,2000,38.51
ADH_PIND,10240,2010,22.36
ADH_PIND,10241,1991,46.77
ADH_PIND,10241,2000,28.02
ADH_PIND,10241,2010,15.81
ADH_PIND,10242,1991,49.86
ADH_PIND,10242,2000,25.19
ADH_PIND,10242,2010,19.86
ADH_PIND,10243,1991,36.61
ADH_PIND,10243,2000,27.1
ADH_PIND,10243,2010,15.24
ADH_PIND,10244,1991,40.5
ADH_PIND,10244,2000,42.51
ADH_PIND,10244,2010,26.77
ADH_PIND,10245,1991,57.363228746497526
ADH_PIND,10245,2000,40.375540878257766
ADH_PIND,10245,2010,27.089514510588806
ADH_PIND,10246,1991,52.64
ADH_PIND,10246,2000,29.89
ADH_PIND,10246,2010,17.4
ADH_PIND,10247,1991,56.33
ADH_PIND,10247,2000,41.45
ADH_PIND,10247,2010,34.83
ADH_PIND,10248,1991,49.13
ADH_PIND,10248,2000,44.3
ADH_PIND,10248,2010,27.98
ADH_PIND,10249,1991,24.05
ADH_PIND,10249,2000,26.42
ADH_PIND,10249,2010,11.89
ADH_PIND,10250,1991,54.849999999999994
ADH_PIND,10250,2000,37.31
ADH_PIND,10250,2010,34.3
ADH_PIND,10251,1991,64.04
ADH_PIND,10251,2000,50.05
ADH_PIND,10251,2010,32.29
ADH_PIND,10252,1991,41.7
ADH_PIND,10252,2000,37.85
ADH_PIND,10252,2010,10.59
ADH_PIND,10253,1991,44.69
ADH_PIND,10253,2000,47.06
ADH_PIND,10253,2010,19.45
ADH_PIND,10254,1991,46.1
ADH_PIND,10254,2000,30.3
ADH_PIND,10254,2010,17.24
ADH_PIND,10255,1991,54.74
ADH_PIND,10255,2000,27.38
ADH_PIND,10255,2010,14.89
ADH_PIND,10256,1991,65.68
ADH_PIND,10256,2000,58.98
ADH_PIND,10256,2010,30.09
ADH_PIND,10257,1991,51.79
ADH_PIND,10257,2000,30.399999999999995
ADH_PIND,10257,2010,22.52
ADH_PIND,10258,1991,22.34
ADH_PIND,10258,2000,19.13
ADH_PIND,10258,2010,10.26
ADH_PIND,10259,1991,45.01
ADH_PIND,10259,2000,41.76
ADH_PIND,10259,2010,20.91
ADH_PIND,10260,1991,64.25
ADH_PIND,10260,2000,49.83
ADH_PIND,10260,2010,33.42
ADH_PIND,10261,1991,60.62
ADH_PIND,10261,2000,41.35
ADH_PIND,10261,2010,29.92
ADH_PIND,10262,1991,76.95999999999998
ADH_PIND,10262,2000,57.98
ADH_PIND,10262,2010,40.9
ADH_PIND,10263,1991,52.76
ADH_PIND,10263,2000,35.6
ADH_PIND,10263,2010,18.52
ADH_PIND,10264,1991,45.08
ADH_PIND,10264,2000,33.06
ADH_PIND,10264,2010,21.83
ADH_PIND,10265,1991,55.84
ADH_PIND,10265,2000,34.74
ADH_PIND,10265,2010,19.38
ADH_PIND,10266,1991,50.26
ADH_PIND,10266,2000,36.88
ADH_PIND,10266,2010,21.89
ADH_PIND,10267,1991,45.580000000000005
ADH_PIND,10267,2000,26
ADH_PIND,10267,2010,16.4
ADH_PIND,10268,1991,23
ADH_PIND,10268,2000,16.97
ADH_PIND,10268,2010,8.95
ADH_PIND,10269,1991,49.28
ADH_PIND,10269,2000,34.13
ADH_PIND,10269,2010,9.84
ADH_PIND,10270,1991,45.12309452862487
ADH_PIND,10270,2000,27.16053788146577
ADH_PIND,10270,2010,14.39099224445929
ADH_PIND,10271,1991,50.28
ADH_PIND,10271,2000,35.36
ADH_PIND,10271,2010,18.85
ADH_PIND,10272,1991,37.854503077247095
ADH_PIND,10272,2000,25.68983901349446
ADH_PIND,10272,2010,14.232649952452475
ADH_PIND,10273,1991,67.07
ADH_PIND,10273,2000,56
ADH_PIND,10273,2010,33.8
ADH_PIND,10274,1991,52.97
ADH_PIND,10274,2000,34.51
ADH_PIND,10274,2010,25.6
ADH_PIND,10275,1991,48.73
ADH_PIND,10275,2000,26.950000000000003
ADH_PIND,10275,2010,11.39
ADH_PIND,10276,1991,48.84
ADH_PIND,10276,2000,45.27
ADH_PIND,10276,2010,30.92
ADH_PIND,10277,1991,48.92
ADH_PIND,10277,2000,28.19
ADH_PIND,10277,2010,16.88
ADH_PIND,10278,1991,65.06
ADH_PIND,10278,2000,46.54
ADH_PIND,10278,2010,23.619999999999997
ADH_PIND,10279,1991,48.74
ADH_PIND,10279,2000,30.159999999999997
ADH_PIND,10279,2010,19.86
ADH_PIND,10280,1991,39.99000000000001
ADH_PIND,10280,2000,32.65
ADH_PIND,10280,2010,20.48
ADH_PIND,10281,1991,21.91
ADH_PIND,10281,2000,20.75
ADH_PIND,10281,2010,19.94
ADH_PIND,10282,1991,54.15
ADH_PIND,10282,2000,38.35
ADH_PIND,10282,2010,20.18
ADH_PIND,10283,1991,40.96
ADH_PIND,10283,2000,32.43
ADH_PIND,10283,2010,21.21
ADH_PIND,10284,1991,47.49
ADH_PIND,10284,2000,37.74
ADH_PIND,10284,2010,21.75
ADH_PIND,10285,1991,55.05
ADH_PIND,10285,2000,55.05
ADH_PIND,10285,2010,30.29
ADH_PIND,10286,1991,58.93
ADH_PIND,10286,2000,25.94
ADH_PIND,10286,2010,19.3
ADH_PIND,10287,1991,56.67
ADH_PIND,10287,2000,20.31
ADH_PIND,10287,2010,15.08
ADH_PIND,10288,1991,46.29
ADH_PIND,10288,2000,28.89
ADH_PIND,10288,2010,18.6
ADH_PIND,10289,1991,43.96
ADH_PIND,10289,2000,39.68
ADH_PIND,10289,2010,18.78
ADH_PIND,10290,1991,42.21
ADH_PIND,10290,2000,37.85
ADH_PIND,10290,2010,17.9
ADH_PIND,10291,1991,53.73
ADH_PIND,10291,2000,40.58
ADH_PIND,10291,2010,22.4
ADH_PIND,10292,1991,34.21486103962944
ADH_PIND,10292,2000,19.735373212645943
ADH_PIND,10292,2010,13.60405863683135
ADH_PIND,10293,1991,28.49
ADH_PIND,10293,2000,15.81
ADH_PIND,10293,2010,6.47
ADH_PIND,10294,1991,35.51
ADH_PIND,10294,2000,33.12
ADH_PIND,10294,2010,17.49
ADH_PIND,10295,1991,52.6
ADH_PIND,10295,2000,34.86
ADH_PIND,10295,2010,25.76
ADH_PIND,10296,1991,43.25698712018786
ADH_PIND,10296,2000,24.167775816734505
ADH_PIND,10296,2010,7.101401764044279
ADH_PIND,10297,1991,41.63
ADH_PIND,10297,2000,26.53
ADH_PIND,10297,2010,14.31
ADH_PIND,10298,1991,43.54
ADH_PIND,10298,2000,25.91
ADH_PIND,10298,2010,20.45
ADH_PIND,10299,1991,39.39
ADH_PIND,10299,2000,26.14
ADH_PIND,10299,2010,6.41
ADH_PIND,10300,1991,47.78000000000001
ADH_PIND,10300,2000,26.89
ADH_PIND,10300,2010,8.81
ADH_PIND,10301,1991,43.26
ADH_PIND,10301,2000,23.56
ADH_PIND,10301,2010,20.26
ADH_PIND,10302,1991,26.68
ADH_PIND,10302,2000,20.36
ADH_PIND,10302,2010,12.11
ADH_PIND,10303,1991,41.92
ADH_PIND,10303,2000,30.82
ADH_PIND,10303,2010,17.63
ADH_PIND,10304,1991,52.29
ADH_PIND,10304,2000,55.39
ADH_PIND,10304,2010,31.15
ADH_PIND,10305,1991,53.4
ADH_PIND,10305,2000,40.8
ADH_PIND,10305,2010,27.719999999999995
ADH_PIND,10306,1991,44.36
ADH_PIND,10306,2000,33.41
ADH_PIND,10306,2010,22.15
ADH_PIND,10307,1991,40.26
ADH_PIND,10307,2000,33.37
ADH_PIND,10307,2010,15.31
ADH_PIND,10308,1991,51.35
ADH_PIND,10308,2000,40.7
ADH_PIND,10308,2010,25.61
ADH_PIND,10309,1991,68.79
ADH_PIND,10309,2000,47.11
ADH_PIND,10309,2010,25.58
ADH_PIND,10310,1991,51.33
ADH_PIND,10310,2000,38.94
ADH_PIND,10310,2010,23.2
ADH_PIND,10311,1991,53.72
ADH_PIND,10311,2000,38.65
ADH_PIND,10311,2010,22.690000000000005
ADH_PIND,10312,1991,21.74
ADH_PIND,10312,2000,17.57
ADH_PIND,10312,2010,7.79
ADH_PIND,10313,1991,66.01
ADH_PIND,10313,2000,42.16
ADH_PIND,10313,2010,30.56
ADH_PIND,10314,1991,64.6
ADH_PIND,10314,2000,46.56999999999999
ADH_PIND,10314,2010,31.37
ADH_PIND,10315,1991,54.68
ADH_PIND,10315,2000,18.68
ADH_PIND,10315,2010,19.47
ADH_PIND,10316,1991,48.68
ADH_PIND,10316,2000,27.940000000000005
ADH_PIND,10316,2010,17.31
ADH_PIND,10317,1991,65.5
ADH_PIND,10317,2000,44.43
ADH_PIND,10317,2010,18.72
ADH_PIND,10318,1991,52.1
ADH_PIND,10318,2000,30.35
ADH_PIND,10318,2010,18.05
ADH_PIND,10319,1991,40.76
ADH_PIND,10319,2000,29.93
ADH_PIND,10319,2010,21.43
ADH_PIND,10320,1991,68.96
ADH_PIND,10320,2000,48.19
ADH_PIND,10320,2010,25.869999999999997
ADH_PIND,10321,1991,42.72
ADH_PIND,10321,2000,48.57
ADH_PIND,10321,2010,17.74
ADH_PIND,10322,1991,48.330000000000005
ADH_PIND,10322,2000,30.09
ADH_PIND,10322,2010,11.54
ADH_PIND,10323,1991,45.67
ADH_PIND,10323,2000,38.93
ADH_PIND,10323,2010,26.660000000000004
ADH_PIND,10324,1991,62.19
ADH_PIND,10324,2000,40.48
ADH_PIND,10324,2010,28.72
ADH_PIND,10325,1991,58.47
ADH_PIND,10325,2000,30.32
ADH_PIND,10325,2010,24.69
ADH_PIND,10326,1991,52.75
ADH_PIND,10326,2000,32.39
ADH_PIND,10326,2010,13.75
ADH_PIND,10327,1991,50.74
ADH_PIND,10327,2000,32.7
ADH_PIND,10327,2010,14.63
ADH_PIND,10328,1991,48.81
ADH_PIND,10328,2000,29.46
ADH_PIND,10328,2010,21.11
ADH_PIND,10329,1991,64.9
ADH_PIND,10329,2000,20.18
ADH_PIND,10329,2010,13.58
ADH_PIND,10330,1991,57.14
ADH_PIND,10330,2000,29.6
ADH_PIND,10330,2010,9.46
ADH_PIND,10331,1991,40.43
ADH_PIND,10331,2000,39.37
ADH_PIND,10331,2010,24.46
ADH_PIND,10332,1991,49.01
ADH_PIND,10332,2000,32.24
ADH_PIND,10332,2010,19.44
ADH_PIND,10333,1991,31.620000000000005
ADH_PIND,10333,2000,23.33
ADH_PIND,10333,2010,13.68
ADH_PIND,10334,1991,22.33
ADH_PIND,10334,2000,14.01
ADH_PIND,10334,2010,5.6
ADH_PIND,10335,1991,48.57
ADH_PIND,10335,2000,34.41
ADH_PIND,10335,2010,18.76
ADH_PIND,10336,1991,52.87
ADH_PIND,10336,2000,36.8
ADH_PIND,10336,2010,15.25
ADH_PMPOB,3001,1991,58.529884604736324
ADH_PMPOB,3001,2000,49.09288560043186
ADH_PMPOB,3001,2010,26.83702974902059
ADH_PMPOB,3002,1991,92.02
ADH_PMPOB,3002,2000,82.37
ADH_PMPOB,3002,2010,66.8
ADH_PMPOB,3003,1991,85.06990347490347
ADH_PMPOB,3003,2000,81.24531619179986
ADH_PMPOB,3003,2010,58.05040805384018
ADH_PMPOB,3004,1991,74
ADH_PMPOB,3004,2000,75.79
ADH_PMPOB,3004,2010,54.48
ADH_PMPOB,3005,1991,83.58
ADH_PMPOB,3005,2000,75.93
ADH_PMPOB,3005,2010,60.06999999999999
ADH_PMPOB,3006,1991,77.44
ADH_PMPOB,3006,2000,63.529999999999994
ADH_PMPOB,3006,2010,55.51
ADH_PMPOB,3007,1991,77.84863004849002
ADH_PMPOB,3007,2000,71.08499958975369
ADH_PMPOB,3007,2010,45.258329293290124
ADH_PMPOB,3008,1991,79.53932605318468
ADH_PMPOB,3008,2000,73.13411343452184
ADH_PMPOB,3008,2010,53.3486817504856
ADH_PMPOB,3009,1991,76.87
ADH_PMPOB,3009,2000,67.9
ADH_PMPOB,3009,2010,43.32
ADH_PMPOB,3010,1991,80.15
ADH_PMPOB,3010,2000,73.54
ADH_PMPOB,3010,2010,50
ADH_PMPOB,3011,1991,87.16
ADH_PMPOB,3011,2000,77.42
ADH_PMPOB,3011,2010,55.32000000000001
ADH_PMPOB,3012,1991,84.25
ADH_PMPOB,3012,2000,73.16
ADH_PMPOB,3012,2010,54.45
ADH_PMPOB,3013,1991,85.79002837071063
ADH_PMPOB,3013,2000,79.74802440856176
ADH_PMPOB,3013,2010,51.34872920825016
ADH_PMPOB,3014,1991,77.91787960564191
ADH_PMPOB,3014,2000,74.72724759408834
ADH_PMPOB,3014,2010,49.22913760957284
ADH_PMPOB,3015,1991,81.846895296158
ADH_PMPOB,3015,2000,70.31380559489942
ADH_PMPOB,3015,2010,50.482461960270385
ADH_PMPOB,3016,1991,79.83
ADH_PMPOB,3016,2000,60.23
ADH_PMPOB,3016,2010,38.56
ADH_PMPOB,3017,1991,80.12
ADH_PMPOB,3017,2000,73.78
ADH_PMPOB,3017,2010,49.2
ADH_PMPOB,3018,1991,77.48008822738716
ADH_PMPOB,3018,2000,72.72248455218308
ADH_PMPOB,3018,2010,40.253173336269064
ADH_PMPOB,3019,1991,91.37004983802642
ADH_PMPOB,3019,2000,82.1758497166445
ADH_PMPOB,3019,2010,63.37365793780687
ADH_PMPOB,3020,1991,73.45
ADH_PMPOB,3020,2000,52.04
ADH_PMPOB,3020,2010,21.22
ADH_PMPOB,3021,1991,82.95
ADH_PMPOB,3021,2000,67.6
ADH_PMPOB,3021,2010,37.68
ADH_PMPOB,3022,1991,86.58091345231242
ADH_PMPOB,3022,2000,78.79654532573126
ADH_PMPOB,3022,2010,53.43811284635586
ADH_PMPOB,3023,1991,85.42019154303304
ADH_PMPOB,3023,2000,84.25056265313266
ADH_PMPOB,3023,2010,61.63777502652989
ADH_PMPOB,3024,1991,81.15847253491191
ADH_PMPOB,3024,2000,73.079957691104255
ADH_PMPOB,3024,2010,51.3491214512514
ADH_PMPOB,3025,1991,87.81742448691442
ADH_PMPOB,3025,2000,70.14516060057802
ADH_PMPOB,3025,2010,51.83466308989379
ADH_PMPOB,3026,1991,91.2
ADH_PMPOB,3026,2000,80.88
ADH_PMPOB,3026,2010,52.52
ADH_PMPOB,3027,1991,84.6445537373069
ADH_PMPOB,3027,2000,73.49783103079508
ADH_PMPOB,3027,2010,41.71902849188351
ADH_PMPOB,3028,1991,84.71999630296008
ADH_PMPOB,3028,2000,77.11193802413582
ADH_PMPOB,3028,2010,54.83124226021263
ADH_PMPOB,3029,1991,84.3201266349213
ADH_PMPOB,3029,2000,78.44792425837005
ADH_PMPOB,3029,2010,59.0206190920926
ADH_PMPOB,3030,1991,80.71
ADH_PMPOB,3030,2000,79.87
ADH_PMPOB,3030,2010,65.31
ADH_PMPOB,3031,1991,80.95
ADH_PMPOB,3031,2000,78.28
ADH_PMPOB,3031,2010,46.58
ADH_PMPOB,3032,1991,79.84017351786821
ADH_PMPOB,3032,2000,66.3072756210896
ADH_PMPOB,3032,2010,36.5985687414179
ADH_PMPOB,3033,1991,87.05014147669638
ADH_PMPOB,3033,2000,82.82041497929653
ADH_PMPOB,3033,2010,66.2661721758359
ADH_PMPOB,3034,1991,87.24
ADH_PMPOB,3034,2000,85.09
ADH_PMPOB,3034,2010,68.86
ADH_PMPOB,3035,1991,67.74071316154914
ADH_PMPOB,3035,2000,57.639359086918354
ADH_PMPOB,3035,2010,27.68746045982543
ADH_PMPOB,3036,1991,84.80610276144967
ADH_PMPOB,3036,2000,75.8178710861109
ADH_PMPOB,3036,2010,51.80273176511031
ADH_PMPOB,3037,1991,71.78169297859404
ADH_PMPOB,3037,2000,58.97390058296491
ADH_PMPOB,3037,2010,28.229039380868592
ADH_PMPOB,3038,1991,73.41011199099681
ADH_PMPOB,3038,2000,63.50520538197813
ADH_PMPOB,3038,2010,37.60518063202353
ADH_PMPOB,3039,1991,73.29993445878848
ADH_PMPOB,3039,2000,73.03433994929821
ADH_PMPOB,3039,2010,54.571863783916214
ADH_PMPOB,3040,1991,80.4501269502284
ADH_PMPOB,3040,2000,72.97250656232976
ADH_PMPOB,3040,2010,47.741226419362135
ADH_PMPOB,3041,1991,82.01
ADH_PMPOB,3041,2000,71.67999999999999
ADH_PMPOB,3041,2010,48.38
ADH_PMPOB,3042,1991,70.79
ADH_PMPOB,3042,2000,67.99
ADH_PMPOB,3042,2010,47.3
ADH_PMPOB,3043,1991,83.89011744632447
ADH_PMPOB,3043,2000,69.59369939791473
ADH_PMPOB,3043,2010,49.321836837466954
ADH_PMPOB,3044,1991,77.42023129218784
ADH_PMPOB,3044,2000,69.66595772972217
ADH_PMPOB,3044,2010,51.42643787850982
ADH_PMPOB,3045,1991,73.69
ADH_PMPOB,3045,2000,52.33
ADH_PMPOB,3045,2010,33.56
ADH_PMPOB,3046,1991,84.85
ADH_PMPOB,3046,2000,77.66
ADH_PMPOB,3046,2010,63.57999999999999
ADH_PMPOB,3047,1991,84.75004939644738
ADH_PMPOB,3047,2000,75.18373742065334
ADH_PMPOB,3047,2010,52.55341978425522
ADH_PMPOB,3048,1991,86.85034534373997
ADH_PMPOB,3048,2000,72.19250858865597
ADH_PMPOB,3048,2010,50.13172189871184
ADH_PMPOB,3049,1991,89.03070238957278
ADH_PMPOB,3049,2000,72.18960605064123
ADH_PMPOB,3049,2010,43.174850886213775
ADH_PMPOB,3050,1991,85.49
ADH_PMPOB,3050,2000,67.52
ADH_PMPOB,3050,2010,46.790000000000006
ADH_PMPOB,3051,1991,71.05
ADH_PMPOB,3051,2000,46.01
ADH_PMPOB,3051,2010,53.83
ADH_PMPOB,3052,1991,87.88
ADH_PMPOB,3052,2000,70.83
ADH_PMPOB,3052,2010,47.57
ADH_PMPOB,3053,1991,90.14980522335561
ADH_PMPOB,3053,2000,73.7647775862069
ADH_PMPOB,3053,2010,47.88236065074104
ADH_PMPOB,3054,1991,81.59016015114084
ADH_PMPOB,3054,2000,65.58669961073758
ADH_PMPOB,3054,2010,50.40995677022274
ADH_PMPOB,3055,1991,84.68
ADH_PMPOB,3055,2000,75.32
ADH_PMPOB,3055,2010,46.2
ADH_PMPOB,3056,1991,82.37
ADH_PMPOB,3056,2000,71.64
ADH_PMPOB,3056,2010,50.94
ADH_PMPOB,3057,1991,83.47
ADH_PMPOB,3057,2000,83.1
ADH_PMPOB,3057,2010,71.22
ADH_PMPOB,3058,1991,91.23
ADH_PMPOB,3058,2000,82.31
ADH_PMPOB,3058,2010,63.72
ADH_PMPOB,3059,1991,80.05560651146507
ADH_PMPOB,3059,2000,67.76570880380339
ADH_PMPOB,3059,2010,46.562422663138314
ADH_PMPOB,3060,1991,87.08
ADH_PMPOB,3060,2000,78.19
ADH_PMPOB,3060,2010,53.44
ADH_PMPOB,3061,1991,67.88
ADH_PMPOB,3061,2000,61.49
ADH_PMPOB,3061,2010,55.4
ADH_PMPOB,3062,1991,87.51070412359675
ADH_PMPOB,3062,2000,77.28023655080025
ADH_PMPOB,3062,2010,52.5122779873815
ADH_PMPOB,3063,1991,79.0297736003688
ADH_PMPOB,3063,2000,69.25847596665484
ADH_PMPOB,3063,2010,44.57228291198106
ADH_PMPOB,3064,1991,92.18
ADH_PMPOB,3064,2000,77.09
ADH_PMPOB,3064,2010,49.96999999999999
ADH_PMPOB,3065,1991,90.16
ADH_PMPOB,3065,2000,78.32
ADH_PMPOB,3065,2010,57.66
ADH_PMPOB,3066,1991,91.79
ADH_PMPOB,3066,2000,79.69
ADH_PMPOB,3066,2010,58.31
ADH_PMPOB,3067,1991,87.14339912677814
ADH_PMPOB,3067,2000,75.21277044901885
ADH_PMPOB,3067,2010,51.48466735809166
ADH_PMPOB,3068,1991,87.08
ADH_PMPOB,3068,2000,73.34
ADH_PMPOB,3068,2010,54.03999999999999
ADH_PMPOB,3069,1991,86.83
ADH_PMPOB,3069,2000,73.45
ADH_PMPOB,3069,2010,64.64
ADH_PMPOB,3070,1991,91.44
ADH_PMPOB,3070,2000,82.07
ADH_PMPOB,3070,2010,66.3
ADH_PMPOB,3071,1991,90.78
ADH_PMPOB,3071,2000,70.53
ADH_PMPOB,3071,2010,41.97
ADH_PMPOB,3072,1991,80.88809807214348
ADH_PMPOB,3072,2000,71.84189065442416
ADH_PMPOB,3072,2010,48.763446152020414
ADH_PMPOB,3073,1991,45.28036995262802
ADH_PMPOB,3073,2000,45.3323144217162
ADH_PMPOB,3073,2010,21.924097133467225
ADH_PMPOB,3074,1991,93.07
ADH_PMPOB,3074,2000,81.5
ADH_PMPOB,3074,2010,60.2
ADH_PMPOB,3075,1991,75.56
ADH_PMPOB,3075,2000,63.73
ADH_PMPOB,3075,2010,41.77
ADH_PMPOB,3076,1991,62.71011856770215
ADH_PMPOB,3076,2000,55.34759630090699
ADH_PMPOB,3076,2010,29.999943322888306
ADH_PMPOB,3077,1991,80.55019045539461
ADH_PMPOB,3077,2000,70.24996268881266
ADH_PMPOB,3077,2010,44.67867218932907
ADH_PMPOB,3078,1991,85.97
ADH_PMPOB,3078,2000,75.44
ADH_PMPOB,3078,2010,48.09
ADH_PMPOB,3079,1991,85.76
ADH_PMPOB,3079,2000,77.94
ADH_PMPOB,3079,2010,51.21
ADH_PMPOB,3080,1991,90.5
ADH_PMPOB,3080,2000,81.57
ADH_PMPOB,3080,2010,59.87
ADH_PMPOB,3081,1991,71.60055872852394
ADH_PMPOB,3081,2000,59.25941051242203
ADH_PMPOB,3081,2010,32.48147509908668
ADH_PMPOB,3082,1991,83.2
ADH_PMPOB,3082,2000,83.89
ADH_PMPOB,3082,2010,68.31
ADH_PMPOB,3083,1991,93.11
ADH_PMPOB,3083,2000,83.09
ADH_PMPOB,3083,2010,63.81
ADH_PMPOB,3084,1991,85.1300901194354
ADH_PMPOB,3084,2000,82.5459211865639
ADH_PMPOB,3084,2010,70.4795593000648
ADH_PMPOB,3085,1991,75.27
ADH_PMPOB,3085,2000,79.66
ADH_PMPOB,3085,2010,49.230000000000004
ADH_PMPOB,3086,1991,83.50015219262922
ADH_PMPOB,3086,2000,73.01052223164827
ADH_PMPOB,3086,2010,54.068887423233285
ADH_PMPOB,3087,1991,77.38
ADH_PMPOB,3087,2000,68.75
ADH_PMPOB,3087,2010,46.24
ADH_PMPOB,3088,1991,65.67
ADH_PMPOB,3088,2000,50.68
ADH_PMPOB,3088,2010,24.38
ADH_PMPOB,3089,1991,86.37
ADH_PMPOB,3089,2000,72.87
ADH_PMPOB,3089,2010,44.19
ADH_PMPOB,3090,1991,87.09008067131508
ADH_PMPOB,3090,2000,81.68785171102661
ADH_PMPOB,3090,2010,60.10995044182815
ADH_PMPOB,3091,1991,94.32
ADH_PMPOB,3091,2000,85.35
ADH_PMPOB,3091,2010,66.57
ADH_PMPOB,3092,1991,78.38
ADH_PMPOB,3092,2000,71.77
ADH_PMPOB,3092,2010,52.46
ADH_PMPOB,3093,1991,80.08
ADH_PMPOB,3093,2000,75.62
ADH_PMPOB,3093,2010,54.8
ADH_PMPOB,3094,1991,75.94050013697021
ADH_PMPOB,3094,2000,58.03222468965016
ADH_PMPOB,3094,2010,34.320116448326054
ADH_PMPOB,3095,1991,63.690000000000005
ADH_PMPOB,3095,2000,48.53
ADH_PMPOB,3095,2010,20.24
ADH_PMPOB,3096,1991,40.5
ADH_PMPOB,3096,2000,34.9
ADH_PMPOB,3096,2010,13.81
ADH_PMPOB,3097,1991,84.92
ADH_PMPOB,3097,2000,65.34
ADH_PMPOB,3097,2010,38.95
ADH_PMPOB,3098,1991,85.32
ADH_PMPOB,3098,2000,66.86
ADH_PMPOB,3098,2010,58.69
ADH_PMPOB,3099,1991,91.5
ADH_PMPOB,3099,2000,71.33
ADH_PMPOB,3099,2010,43.65
ADH_PMPOB,3100,1991,87.77
ADH_PMPOB,3100,2000,81.3
ADH_PMPOB,3100,2010,62.89
ADH_PMPOB,3101,1991,67.57
ADH_PMPOB,3101,2000,53.86
ADH_PMPOB,3101,2010,25.6
ADH_PMPOB,3102,1991,88.53
ADH_PMPOB,3102,2000,81.06
ADH_PMPOB,3102,2010,63.720000000000006
ADH_PMPOB,4001,1991,82.73066810455502
ADH_PMPOB,4001,2000,75.12521020343723
ADH_PMPOB,4001,2010,48.984122031436875
ADH_PMPOB,4002,1991,82.66
ADH_PMPOB,4002,2000,69.75
ADH_PMPOB,4002,2010,41.1
ADH_PMPOB,4003,1991,70.23957306927478
ADH_PMPOB,4003,2000,58.94156053915872
ADH_PMPOB,4003,2010,33.33821736062103
ADH_PMPOB,4004,1991,85.0313909090909
ADH_PMPOB,4004,2000,62.627434218970606
ADH_PMPOB,4004,2010,47.71219894450664
ADH_PMPOB,4005,1991,72.73068352348649
ADH_PMPOB,4005,2000,58.734281186977825
ADH_PMPOB,4005,2010,37.78684706316956
ADH_PMPOB,4006,1991,85.18047362341164
ADH_PMPOB,4006,2000,75.88212141207522
ADH_PMPOB,4006,2010,44.87066958476281
ADH_PMPOB,4007,1991,78.85054227255179
ADH_PMPOB,4007,2000,64.77623903354444
ADH_PMPOB,4007,2010,38.87415930157361
ADH_PMPOB,4008,1991,84.10160136763633
ADH_PMPOB,4008,2000,67.00174977188557
ADH_PMPOB,4008,2010,47.09549397352302
ADH_PMPOB,4009,1991,74.28
ADH_PMPOB,4009,2000,66.92
ADH_PMPOB,4009,2010,38.76
ADH_PMPOB,4010,1991,85.47
ADH_PMPOB,4010,2000,64.78
ADH_PMPOB,4010,2010,35.52
ADH_PMPOB,4011,1991,76.59802774572678
ADH_PMPOB,4011,2000,62.31273337627589
ADH_PMPOB,4011,2010,40.169967522066216
ADH_PMPOB,4012,1991,73.05301522772687
ADH_PMPOB,4012,2000,58.49027984595636
ADH_PMPOB,4012,2010,26.324458590697088
ADH_PMPOB,4013,1991,81.01131614349777
ADH_PMPOB,4013,2000,68.15221711721337
ADH_PMPOB,4013,2010,44.128713047111674
ADH_PMPOB,4014,1991,65.7272225314942
ADH_PMPOB,4014,2000,54.301344500632105
ADH_PMPOB,4014,2010,30.305489783107365
ADH_PMPOB,4015,1991,89.01001530406766
ADH_PMPOB,4015,2000,69.7809412998718
ADH_PMPOB,4015,2010,57.49008347310528
ADH_PMPOB,4016,1991,82.28782473811442
ADH_PMPOB,4016,2000,75.27586952699139
ADH_PMPOB,4016,2010,49.29143240909527
ADH_PMPOB,4017,1991,80.18031391640088
ADH_PMPOB,4017,2000,67.00741945041108
ADH_PMPOB,4017,2010,45.34342894994528
ADH_PMPOB,4018,1991,80.881544554455445
ADH_PMPOB,4018,2000,63.63909345140992
ADH_PMPOB,4018,2010,44.965178309721544
ADH_PMPOB,4019,1991,86.83986461428029
ADH_PMPOB,4019,2000,74.74659836140691
ADH_PMPOB,4019,2010,41.039018240167664
ADH_PMPOB,4020,1991,81.98140392156863
ADH_PMPOB,4020,2000,68.30897245830405
ADH_PMPOB,4020,2010,50.91203815078064
ADH_PMPOB,4021,1991,79.76835654252828
ADH_PMPOB,4021,2000,67.83739580266159
ADH_PMPOB,4021,2010,42.500948967180115
ADH_PMPOB,4022,1991,78.09133288730301
ADH_PMPOB,4022,2000,58.944433196927264
ADH_PMPOB,4022,2010,38.423735099337755
ADH_PMPOB,4023,1991,86.98003256459536
ADH_PMPOB,4023,2000,69.14765579898736
ADH_PMPOB,4023,2010,41.416314746077276
ADH_PMPOB,4024,1991,80.17271060587737
ADH_PMPOB,4024,2000,64.92143162678786
ADH_PMPOB,4024,2010,35.84158208631533
ADH_PMPOB,4025,1991,81.77981475476287
ADH_PMPOB,4025,2000,63.50214536070562
ADH_PMPOB,4025,2010,33.36631963223364
ADH_PMPOB,4026,1991,81.75207269338304
ADH_PMPOB,4026,2000,62.050727090727094
ADH_PMPOB,4026,2010,41.59877010989011
ADH_PMPOB,4027,1991,77.64105091851933
ADH_PMPOB,4027,2000,63.300424687437975
ADH_PMPOB,4027,2010,35.31196904840303
ADH_PMPOB,4028,1991,67.47971875458484
ADH_PMPOB,4028,2000,53.768671363003214
ADH_PMPOB,4028,2010,32.764081855011966
ADH_PMPOB,4029,1991,66.78128350608196
ADH_PMPOB,4029,2000,59.44124423436674
ADH_PMPOB,4029,2010,33.13746754810909
ADH_PMPOB,4030,1991,78.3617640569264
ADH_PMPOB,4030,2000,62.59437680740313
ADH_PMPOB,4030,2010,43.50532315080371
ADH_PMPOB,4031,1991,74.66127948236277
ADH_PMPOB,4031,2000,68.41134014462948
ADH_PMPOB,4031,2010,43.060256220426815
ADH_PMPOB,4032,1991,77.9706061016032
ADH_PMPOB,4032,2000,61.591254760214284
ADH_PMPOB,4032,2010,36.540847033595426
ADH_PMPOB,4033,1991,87.59
ADH_PMPOB,4033,2000,78.94
ADH_PMPOB,4033,2010,52.21
ADH_PMPOB,4034,1991,74.33289059430577
ADH_PMPOB,4034,2000,68.65337484635543
ADH_PMPOB,4034,2010,47.362777287500805
ADH_PMPOB,4035,1991,80.60055404746988
ADH_PMPOB,4035,2000,67.33763124555819
ADH_PMPOB,4035,2010,44.34885347129506
ADH_PMPOB,4036,1991,89.12043420593369
ADH_PMPOB,4036,2000,82.01072321647463
ADH_PMPOB,4036,2010,54.42369839572192
ADH_PMPOB,4037,1991,76.3911270718232
ADH_PMPOB,4037,2000,69.07361571445126
ADH_PMPOB,4037,2010,39.9660847070148
ADH_PMPOB,4038,1991,83.45
ADH_PMPOB,4038,2000,74.32
ADH_PMPOB,4038,2010,41.95
ADH_PMPOB,4039,1991,84.47057687420585
ADH_PMPOB,4039,2000,80.65149058658783
ADH_PMPOB,4039,2010,55.48400944364607
ADH_PMPOB,4040,1991,81.43102577994493
ADH_PMPOB,4040,2000,73.0039405560882
ADH_PMPOB,4040,2010,47.656887120418844
ADH_PMPOB,4041,1991,86.24023786587625
ADH_PMPOB,4041,2000,73.64774441221634
ADH_PMPOB,4041,2010,56.02250569476082
ADH_PMPOB,4042,1991,79.73972562021264
ADH_PMPOB,4042,2000,63.61521739130435
ADH_PMPOB,4042,2010,35.339453322119425
ADH_PMPOB,4043,1991,87.73078112712975
ADH_PMPOB,4043,2000,76.71738662391206
ADH_PMPOB,4043,2010,54.2025532762398
ADH_PMPOB,4044,1991,76.40071099539355
ADH_PMPOB,4044,2000,59.55955027027027
ADH_PMPOB,4044,2010,42.6843345876342
ADH_PMPOB,4045,1991,90.25
ADH_PMPOB,4045,2000,69.99
ADH_PMPOB,4045,2010,58.47999999999999
ADH_PMPOB,4046,1991,84.57095931555473
ADH_PMPOB,4046,2000,70.37272974910394
ADH_PMPOB,4046,2010,41.56255786718104
ADH_PMPOB,4047,1991,72.3
ADH_PMPOB,4047,2000,61.85
ADH_PMPOB,4047,2010,34.92
ADH_PMPOB,4048,1991,92.11
ADH_PMPOB,4048,2000,80.86
ADH_PMPOB,4048,2010,49.67
ADH_PMPOB,4049,1991,79.63042505655318
ADH_PMPOB,4049,2000,69.6652608478803
ADH_PMPOB,4049,2010,38.8873076401753
ADH_PMPOB,4050,1991,84.06
ADH_PMPOB,4050,2000,70.86
ADH_PMPOB,4050,2010,54.18
ADH_PMPOB,4051,1991,81.36181607968695
ADH_PMPOB,4051,2000,68.661581101825
ADH_PMPOB,4051,2010,44.994580750407835
ADH_PMPOB,4052,1991,57.339999999999996
ADH_PMPOB,4052,2000,41.9
ADH_PMPOB,4052,2010,18.98
ADH_PMPOB,4053,1991,87.58
ADH_PMPOB,4053,2000,72.97
ADH_PMPOB,4053,2010,50.52
ADH_PMPOB,4054,1991,91.96
ADH_PMPOB,4054,2000,65.71
ADH_PMPOB,4054,2010,39.79
ADH_PMPOB,4055,1991,70.23
ADH_PMPOB,4055,2000,53.87
ADH_PMPOB,4055,2010,34.37
ADH_PMPOB,4056,1991,85.95
ADH_PMPOB,4056,2000,79.36
ADH_PMPOB,4056,2010,46.42
ADH_PMPOB,4057,1991,78.18
ADH_PMPOB,4057,2000,52.24
ADH_PMPOB,4057,2010,40.28999999999999
ADH_PMPOB,4058,1991,73.51
ADH_PMPOB,4058,2000,63.260000000000005
ADH_PMPOB,4058,2010,36.46
ADH_PMPOB,4059,1991,92.64
ADH_PMPOB,4059,2000,76.07
ADH_PMPOB,4059,2010,54.14
ADH_PMPOB,4060,1991,84.41093655141779
ADH_PMPOB,4060,2000,67.76359948826008
ADH_PMPOB,4060,2010,45.09879815537424
ADH_PMPOB,4061,1991,86.71
ADH_PMPOB,4061,2000,60.05
ADH_PMPOB,4061,2010,36.31
ADH_PMPOB,4062,1991,79.85074593436556
ADH_PMPOB,4062,2000,63.800099249801974
ADH_PMPOB,4062,2010,41.637052824148185
ADH_PMPOB,4063,1991,87.7064484714518
ADH_PMPOB,4063,2000,72.48151709697173
ADH_PMPOB,4063,2010,49.811826281426974
ADH_PMPOB,4064,1991,84.06
ADH_PMPOB,4064,2000,64.43
ADH_PMPOB,4064,2010,37.18
ADH_PMPOB,4065,1991,86.84019235887634
ADH_PMPOB,4065,2000,71.46786495176848
ADH_PMPOB,4065,2010,44.68637203426631
ADH_PMPOB,4066,1991,84.67050777060179
ADH_PMPOB,4066,2000,73.32126881544504
ADH_PMPOB,4066,2010,49.78736895061851
ADH_PMPOB,4067,1991,65.8009528663657
ADH_PMPOB,4067,2000,56.35533818938605
ADH_PMPOB,4067,2010,33.707161582459484
ADH_PMPOB,4068,1991,72.43
ADH_PMPOB,4068,2000,58.15
ADH_PMPOB,4068,2010,41.99
ADH_PMPOB,4069,1991,82.87
ADH_PMPOB,4069,2000,59.1
ADH_PMPOB,4069,2010,35.32
ADH_PMPOB,4070,1991,85.77
ADH_PMPOB,4070,2000,75.87999999999998
ADH_PMPOB,4070,2010,55.02
ADH_PMPOB,4071,1991,91.09
ADH_PMPOB,4071,2000,62.02
ADH_PMPOB,4071,2010,42.37
ADH_PMPOB,4072,1991,77.14
ADH_PMPOB,4072,2000,51.18
ADH_PMPOB,4072,2010,38.61
ADH_PMPOB,4073,1991,81.93
ADH_PMPOB,4073,2000,73.84
ADH_PMPOB,4073,2010,53.45
ADH_PMPOB,4074,1991,87.47
ADH_PMPOB,4074,2000,74.81
ADH_PMPOB,4074,2010,50.25
ADH_PMPOB,4075,1991,48.05
ADH_PMPOB,4075,2000,33.91
ADH_PMPOB,4075,2010,14.6
ADH_PMPOB,4076,1991,91.76
ADH_PMPOB,4076,2000,79.45
ADH_PMPOB,4076,2010,54.02
ADH_PMPOB,4077,1991,84.46
ADH_PMPOB,4077,2000,59.58
ADH_PMPOB,4077,2010,41.41
ADH_PMPOB,4078,1991,85.33597746677229
ADH_PMPOB,4078,2000,74.13851454545456
ADH_PMPOB,4078,2010,48.64359105728925
ADH_PMPOB,4079,1991,85.45
ADH_PMPOB,4079,2000,57.46999999999999
ADH_PMPOB,4079,2010,45.73
ADH_PMPOB,4080,1991,90.93
ADH_PMPOB,4080,2000,70.62
ADH_PMPOB,4080,2010,55.86
ADH_PMPOB,4081,1991,82.88081234704347
ADH_PMPOB,4081,2000,71.12416434948047
ADH_PMPOB,4081,2010,56.088140111593304
ADH_PMPOB,4082,1991,76.41016241062309
ADH_PMPOB,4082,2000,64.99571258907363
ADH_PMPOB,4082,2010,48.52166666666667
ADH_PMPOB,4083,1991,86.15
ADH_PMPOB,4083,2000,73.75
ADH_PMPOB,4083,2010,48.21
ADH_PMPOB,4084,1991,87.09
ADH_PMPOB,4084,2000,67.51
ADH_PMPOB,4084,2010,52.59000000000001
ADH_PMPOB,4085,1991,86.06
ADH_PMPOB,4085,2000,72.76
ADH_PMPOB,4085,2010,48.55
ADH_PMPOB,4086,1991,79.93
ADH_PMPOB,4086,2000,67.43
ADH_PMPOB,4086,2010,53.49000000000001
ADH_PMPOB,4087,1991,84.24
ADH_PMPOB,4087,2000,69.29
ADH_PMPOB,4087,2010,48.31
ADH_PMPOB,4088,1991,56.53
ADH_PMPOB,4088,2000,48.78
ADH_PMPOB,4088,2010,31.38
ADH_PMPOB,4089,1991,63.42556623726206
ADH_PMPOB,4089,2000,69.49217142857142
ADH_PMPOB,4089,2010,49.13613092617055
ADH_PMPOB,4090,1991,83.11039364391476
ADH_PMPOB,4090,2000,66.10925925925926
ADH_PMPOB,4090,2010,40.565962541031084
ADH_PMPOB,4091,1991,91.43
ADH_PMPOB,4091,2000,75.51
ADH_PMPOB,4091,2010,43.98
ADH_PMPOB,4092,1991,92.11000000000001
ADH_PMPOB,4092,2000,75.79
ADH_PMPOB,4092,2010,48.48
ADH_PMPOB,4093,1991,82.16
ADH_PMPOB,4093,2000,69.04
ADH_PMPOB,4093,2010,32.84
ADH_PMPOB,4094,1991,83.44
ADH_PMPOB,4094,2000,67.42
ADH_PMPOB,4094,2010,46.17
ADH_PMPOB,4095,1991,84.45
ADH_PMPOB,4095,2000,73.9
ADH_PMPOB,4095,2010,54.73
ADH_PMPOB,4096,1991,85.15
ADH_PMPOB,4096,2000,67.72
ADH_PMPOB,4096,2010,44.64
ADH_PMPOB,4097,1991,77.81311820068335
ADH_PMPOB,4097,2000,63.9653716511357
ADH_PMPOB,4097,2010,37.95521247105633
ADH_PMPOB,4098,1991,77.69607622432859
ADH_PMPOB,4098,2000,71.16417518865295
ADH_PMPOB,4098,2010,47.90704772384259
ADH_PMPOB,4099,1991,82.46
ADH_PMPOB,4099,2000,68.07
ADH_PMPOB,4099,2010,45.21
ADH_PMPOB,4100,1991,89.86
ADH_PMPOB,4100,2000,77.42
ADH_PMPOB,4100,2010,52.55
ADH_PMPOB,4101,1991,86.95
ADH_PMPOB,4101,2000,67.62
ADH_PMPOB,4101,2010,37.34
ADH_PMPOB,4102,1991,85.93
ADH_PMPOB,4102,2000,70.94
ADH_PMPOB,4102,2010,49.56000000000001
ADH_PMPOB,4103,1991,75.02
ADH_PMPOB,4103,2000,55.24
ADH_PMPOB,4103,2010,36.02
ADH_PMPOB,4104,1991,85.34343104306697
ADH_PMPOB,4104,2000,70.32279686357417
ADH_PMPOB,4104,2010,49.400133732309314
ADH_PMPOB,4105,1991,80.73
ADH_PMPOB,4105,2000,65.87
ADH_PMPOB,4105,2010,43.92
ADH_PMPOB,4106,1991,88.26
ADH_PMPOB,4106,2000,73.09
ADH_PMPOB,4106,2010,49.77
ADH_PMPOB,4107,1991,67.65227160308777
ADH_PMPOB,4107,2000,53.115716382694174
ADH_PMPOB,4107,2010,23.35205594087358
ADH_PMPOB,4108,1991,71.15725322465669
ADH_PMPOB,4108,2000,53.754971950058795
ADH_PMPOB,4108,2010,33.08193156064395
ADH_PMPOB,4109,1991,85.68844860166288
ADH_PMPOB,4109,2000,72.41457763757448
ADH_PMPOB,4109,2010,46.237736750475726
ADH_PMPOB,4110,1991,81.28354812867178
ADH_PMPOB,4110,2000,66.55202778546303
ADH_PMPOB,4110,2010,41.8478783689085
ADH_PMPOB,4111,1991,88.55
ADH_PMPOB,4111,2000,72.91
ADH_PMPOB,4111,2010,56
ADH_PMPOB,4112,1991,80.7
ADH_PMPOB,4112,2000,75.89
ADH_PMPOB,4112,2010,46.35
ADH_PMPOB,4113,1991,91.14
ADH_PMPOB,4113,2000,74.53
ADH_PMPOB,4113,2010,40.76
ADH_PMPOB,4114,1991,88.68946203276923
ADH_PMPOB,4114,2000,74.16330021598272
ADH_PMPOB,4114,2010,46.38284324669112
ADH_PMPOB,4115,1991,85.72
ADH_PMPOB,4115,2000,66.34
ADH_PMPOB,4115,2010,45.690000000000005
ADH_PMPOB,4116,1991,88.6
ADH_PMPOB,4116,2000,71.18
ADH_PMPOB,4116,2010,35.89
ADH_PMPOB,4117,1991,75.61100795159543
ADH_PMPOB,4117,2000,63.02791790848726
ADH_PMPOB,4117,2010,42.40384852943554
ADH_PMPOB,4118,1991,74.44
ADH_PMPOB,4118,2000,58.09
ADH_PMPOB,4118,2010,28.35
ADH_PMPOB,4119,1991,81.55
ADH_PMPOB,4119,2000,62.73
ADH_PMPOB,4119,2010,41.46
ADH_PMPOB,4120,1991,81.0795960227628
ADH_PMPOB,4120,2000,69.05156582911675
ADH_PMPOB,4120,2010,47.73257175014069
ADH_PMPOB,4121,1991,71.26
ADH_PMPOB,4121,2000,59.83
ADH_PMPOB,4121,2010,34.41
ADH_PMPOB,4122,1991,75.37
ADH_PMPOB,4122,2000,66.54
ADH_PMPOB,4122,2010,38.18
ADH_PMPOB,4123,1991,79.91
ADH_PMPOB,4123,2000,74.06999999999998
ADH_PMPOB,4123,2010,51.91
ADH_PMPOB,4124,1991,85.54
ADH_PMPOB,4124,2000,68.67
ADH_PMPOB,4124,2010,48.83
ADH_PMPOB,4125,1991,75.18
ADH_PMPOB,4125,2000,58.35999999999999
ADH_PMPOB,4125,2010,32.29
ADH_PMPOB,4126,1991,82.33880591198819
ADH_PMPOB,4126,2000,64.95212757337116
ADH_PMPOB,4126,2010,49.151724778950886
ADH_PMPOB,4127,1991,77.79
ADH_PMPOB,4127,2000,67.94
ADH_PMPOB,4127,2010,45.24
ADH_PMPOB,4128,1991,79.65
ADH_PMPOB,4128,2000,73.49
ADH_PMPOB,4128,2010,52.79
ADH_PMPOB,4129,1991,82.87
ADH_PMPOB,4129,2000,71.96
ADH_PMPOB,4129,2010,47.06
ADH_PMPOB,4130,1991,85.94
ADH_PMPOB,4130,2000,71.72
ADH_PMPOB,4130,2010,49.87
ADH_PMPOB,4131,1991,85.98
ADH_PMPOB,4131,2000,71.53
ADH_PMPOB,4131,2010,45.21
ADH_PMPOB,4132,1991,84.56
ADH_PMPOB,4132,2000,67.62
ADH_PMPOB,4132,2010,44.85
ADH_PMPOB,4133,1991,85.54
ADH_PMPOB,4133,2000,70.96
ADH_PMPOB,4133,2010,49.64
ADH_PMPOB,4134,1991,75.40080001357104
ADH_PMPOB,4134,2000,58.202022336293
ADH_PMPOB,4134,2010,30.99450598290598
ADH_PMPOB,4135,1991,76.02
ADH_PMPOB,4135,2000,75.91
ADH_PMPOB,4135,2010,42.19
ADH_PMPOB,4136,1991,87.59994143158235
ADH_PMPOB,4136,2000,68.40915177793693
ADH_PMPOB,4136,2010,48.67672673812008
ADH_PMPOB,4137,1991,59.5
ADH_PMPOB,4137,2000,46.89
ADH_PMPOB,4137,2010,22.82
ADH_PMPOB,4138,1991,78.33
ADH_PMPOB,4138,2000,60.24
ADH_PMPOB,4138,2010,39.13
ADH_PMPOB,4139,1991,88.92
ADH_PMPOB,4139,2000,75.2
ADH_PMPOB,4139,2010,49.90999999999999
ADH_PMPOB,4140,1991,66.15481219977126
ADH_PMPOB,4140,2000,55.61018898795655
ADH_PMPOB,4140,2010,25.32698021185817
ADH_PMPOB,4141,1991,79.59
ADH_PMPOB,4141,2000,72.54
ADH_PMPOB,4141,2010,47.57
ADH_PMPOB,4142,1991,71.45
ADH_PMPOB,4142,2000,56.35
ADH_PMPOB,4142,2010,37.07
ADH_PMPOB,4143,1991,65.85
ADH_PMPOB,4143,2000,48.05
ADH_PMPOB,4143,2010,24.54
ADH_PMPOB,4144,1991,83.60542171873617
ADH_PMPOB,4144,2000,72.31966928240152
ADH_PMPOB,4144,2010,48.240924987236525
ADH_PMPOB,4145,1991,87.53404260009368
ADH_PMPOB,4145,2000,63.10313297664101
ADH_PMPOB,4145,2010,42.8869715906239
ADH_PMPOB,4146,1991,87.01825474586651
ADH_PMPOB,4146,2000,68.72642588377387
ADH_PMPOB,4146,2010,47.527009780059295
ADH_PMPOB,4147,1991,82.05
ADH_PMPOB,4147,2000,67.28
ADH_PMPOB,4147,2010,48.78
ADH_PMPOB,4148,1991,66.93284690403128
ADH_PMPOB,4148,2000,50.340010881896696
ADH_PMPOB,4148,2010,25.653315271475435
ADH_PMPOB,4149,1991,38.97
ADH_PMPOB,4149,2000,27.54
ADH_PMPOB,4149,2010,12.14
ADH_PMPOB,4150,1991,79.95
ADH_PMPOB,4150,2000,71
ADH_PMPOB,4150,2010,45.88
ADH_PMPOB,4151,1991,89.75
ADH_PMPOB,4151,2000,78.07
ADH_PMPOB,4151,2010,43.35
ADH_PMPOB,4152,1991,84.77128659551552
ADH_PMPOB,4152,2000,70.09914361964648
ADH_PMPOB,4152,2010,45.796291049690176
ADH_PMPOB,4153,1991,83.37
ADH_PMPOB,4153,2000,79.46
ADH_PMPOB,4153,2010,63.91
ADH_PMPOB,4154,1991,92.12
ADH_PMPOB,4154,2000,78.53
ADH_PMPOB,4154,2010,46.36
ADH_PMPOB,4155,1991,77.62
ADH_PMPOB,4155,2000,62.989999999999995
ADH_PMPOB,4155,2010,31.900000000000002
ADH_PMPOB,4156,1991,63.15927101697315
ADH_PMPOB,4156,2000,52.76554331974166
ADH_PMPOB,4156,2010,27.342388980916294
ADH_PMPOB,4157,1991,83.37
ADH_PMPOB,4157,2000,57.43
ADH_PMPOB,4157,2010,35.52
ADH_PMPOB,4158,1991,88.21
ADH_PMPOB,4158,2000,64.23
ADH_PMPOB,4158,2010,44
ADH_PMPOB,4159,1991,85.82
ADH_PMPOB,4159,2000,68.39
ADH_PMPOB,4159,2010,38.71
ADH_PMPOB,4160,1991,78.2325498444675
ADH_PMPOB,4160,2000,60.503792916638446
ADH_PMPOB,4160,2010,41.440822888283385
ADH_PMPOB,4161,1991,80.34
ADH_PMPOB,4161,2000,64.02
ADH_PMPOB,4161,2010,42.14
ADH_PMPOB,4162,1991,65.56825310967064
ADH_PMPOB,4162,2000,47.957886296944004
ADH_PMPOB,4162,2010,27.096223597470736
ADH_PMPOB,4163,1991,86.35537147138439
ADH_PMPOB,4163,2000,62.367688974482434
ADH_PMPOB,4163,2010,47.43354398382205
ADH_PMPOB,4164,1991,85.5
ADH_PMPOB,4164,2000,66.96
ADH_PMPOB,4164,2010,36.35
ADH_PMPOB,4165,1991,82.39150395252541
ADH_PMPOB,4165,2000,63.989048217765756
ADH_PMPOB,4165,2010,44.21091700981945
ADH_PMPOB,4166,1991,85.85
ADH_PMPOB,4166,2000,72.12
ADH_PMPOB,4166,2010,51.9
ADH_PMPOB,4167,1991,81.8615798777716
ADH_PMPOB,4167,2000,61.20648892881679
ADH_PMPOB,4167,2010,36.840776904474005
ADH_PMPOB,4168,1991,84.27
ADH_PMPOB,4168,2000,71.41
ADH_PMPOB,4168,2010,56.58
ADH_PMPOB,4169,1991,79.69
ADH_PMPOB,4169,2000,63.85
ADH_PMPOB,4169,2010,26.94
ADH_PMPOB,4170,1991,78.65901650165016
ADH_PMPOB,4170,2000,67.46123196367098
ADH_PMPOB,4170,2010,44.755492888595676
ADH_PMPOB,4171,1991,88.46
ADH_PMPOB,4171,2000,69.88
ADH_PMPOB,4171,2010,46.42
ADH_PMPOB,4172,1991,90.2
ADH_PMPOB,4172,2000,77.12
ADH_PMPOB,4172,2010,53.79
ADH_PMPOB,4173,1991,82.24
ADH_PMPOB,4173,2000,63.309999999999995
ADH_PMPOB,4173,2010,47.29
ADH_PMPOB,4174,1991,71.7
ADH_PMPOB,4174,2000,58.58
ADH_PMPOB,4174,2010,32.21
ADH_PMPOB,4175,1991,77.02
ADH_PMPOB,4175,2000,56.73
ADH_PMPOB,4175,2010,37.3
ADH_PMPOB,4176,1991,72.49
ADH_PMPOB,4176,2000,62.03
ADH_PMPOB,4176,2010,34.35
ADH_PMPOB,4177,1991,84.25
ADH_PMPOB,4177,2000,71.13
ADH_PMPOB,4177,2010,45.8
ADH_PMPOB,4178,1991,84
ADH_PMPOB,4178,2000,63.3
ADH_PMPOB,4178,2010,41.91
ADH_PMPOB,4179,1991,60.65999999999999
ADH_PMPOB,4179,2000,46.94
ADH_PMPOB,4179,2010,23.43
ADH_PMPOB,4180,1991,88.17
ADH_PMPOB,4180,2000,70.5
ADH_PMPOB,4180,2010,44.11
ADH_PMPOB,4181,1991,82.82
ADH_PMPOB,4181,2000,65.17
ADH_PMPOB,4181,2010,46.26
ADH_PMPOB,4182,1991,64.33
ADH_PMPOB,4182,2000,46.38999999999999
ADH_PMPOB,4182,2010,21.09
ADH_PMPOB,4183,1991,83.27730769230769
ADH_PMPOB,4183,2000,62.68266211419857
ADH_PMPOB,4183,2010,40.667814281744924
ADH_PMPOB,4184,1991,63.125311374838326
ADH_PMPOB,4184,2000,44.5418514412003
ADH_PMPOB,4184,2010,21.233349317149074
ADH_PMPOB,4185,1991,83.33
ADH_PMPOB,4185,2000,68.18
ADH_PMPOB,4185,2010,41.45
ADH_PMPOB,4186,1991,80.67
ADH_PMPOB,4186,2000,75.64
ADH_PMPOB,4186,2010,51.02
ADH_PMPOB,4187,1991,80.35
ADH_PMPOB,4187,2000,69.66
ADH_PMPOB,4187,2010,41.67
ADH_PMPOB,4188,1991,86.22
ADH_PMPOB,4188,2000,65.73
ADH_PMPOB,4188,2010,48.76
ADH_PMPOB,4189,1991,84.7
ADH_PMPOB,4189,2000,64.1
ADH_PMPOB,4189,2010,35.68
ADH_PMPOB,4190,1991,78.19
ADH_PMPOB,4190,2000,68.67
ADH_PMPOB,4190,2010,36.4
ADH_PMPOB,4191,1991,80.95
ADH_PMPOB,4191,2000,65.75
ADH_PMPOB,4191,2010,44.81
ADH_PMPOB,4192,1991,85.62
ADH_PMPOB,4192,2000,70.75
ADH_PMPOB,4192,2010,45.53
ADH_PMPOB,4193,1991,90.08
ADH_PMPOB,4193,2000,72.15
ADH_PMPOB,4193,2010,49.73
ADH_PMPOB,4194,1991,76.9
ADH_PMPOB,4194,2000,76.60999999999999
ADH_PMPOB,4194,2010,58.9
ADH_PMPOB,4195,1991,85.15
ADH_PMPOB,4195,2000,73.42
ADH_PMPOB,4195,2010,54.57
ADH_PMPOB,4196,1991,85.73
ADH_PMPOB,4196,2000,68.98
ADH_PMPOB,4196,2010,46.25
ADH_PMPOB,4197,1991,73.2
ADH_PMPOB,4197,2000,63.28
ADH_PMPOB,4197,2010,47.55
ADH_PMPOB,4198,1991,84.07
ADH_PMPOB,4198,2000,61.31
ADH_PMPOB,4198,2010,46.47
ADH_PMPOB,4199,1991,82.78
ADH_PMPOB,4199,2000,65.13
ADH_PMPOB,4199,2010,50.09
ADH_PMPOB,4200,1991,78.27
ADH_PMPOB,4200,2000,64.6
ADH_PMPOB,4200,2010,33.03
ADH_PMPOB,4201,1991,75.55
ADH_PMPOB,4201,2000,64.56
ADH_PMPOB,4201,2010,37.95
ADH_PMPOB,4202,1991,72.19
ADH_PMPOB,4202,2000,44.81
ADH_PMPOB,4202,2010,41.68
ADH_PMPOB,4203,1991,87.99
ADH_PMPOB,4203,2000,74.58
ADH_PMPOB,4203,2010,34.53
ADH_PMPOB,4204,1991,73.95
ADH_PMPOB,4204,2000,69.95
ADH_PMPOB,4204,2010,45.85
ADH_PMPOB,4205,1991,71.68594161981686
ADH_PMPOB,4205,2000,66.33147199215138
ADH_PMPOB,4205,2010,37.51056179775281
ADH_PMPOB,4206,1991,80.52
ADH_PMPOB,4206,2000,72.81
ADH_PMPOB,4206,2010,51.58
ADH_PMPOB,4207,1991,86.98
ADH_PMPOB,4207,2000,76.06
ADH_PMPOB,4207,2010,49.98
ADH_PMPOB,4208,1991,87.94
ADH_PMPOB,4208,2000,65.59
ADH_PMPOB,4208,2010,41.95
ADH_PMPOB,4209,1991,76.35
ADH_PMPOB,4209,2000,60.06
ADH_PMPOB,4209,2010,34.26
ADH_PMPOB,4210,1991,77.25
ADH_PMPOB,4210,2000,65.3
ADH_PMPOB,4210,2010,44.8
ADH_PMPOB,4211,1991,84.43000000000002
ADH_PMPOB,4211,2000,67.53
ADH_PMPOB,4211,2010,48.21
ADH_PMPOB,4212,1991,86.85
ADH_PMPOB,4212,2000,74.2
ADH_PMPOB,4212,2010,53
ADH_PMPOB,4213,1991,82.40999999999998
ADH_PMPOB,4213,2000,64.33
ADH_PMPOB,4213,2010,47.62
ADH_PMPOB,4214,1991,86.15
ADH_PMPOB,4214,2000,63.52
ADH_PMPOB,4214,2010,53.53
ADH_PMPOB,4215,1991,72.87
ADH_PMPOB,4215,2000,62.63
ADH_PMPOB,4215,2010,34.25
ADH_PMPOB,4216,1991,79.80657946051349
ADH_PMPOB,4216,2000,65.0453274982151
ADH_PMPOB,4216,2010,45.456495087454115
ADH_PMPOB,4217,1991,65.12
ADH_PMPOB,4217,2000,48.76
ADH_PMPOB,4217,2010,22.09
ADH_PMPOB,4218,1991,91.58
ADH_PMPOB,4218,2000,78.88
ADH_PMPOB,4218,2010,50.76
ADH_PMPOB,4219,1991,77.98
ADH_PMPOB,4219,2000,73.59
ADH_PMPOB,4219,2010,59.47
ADH_PMPOB,4220,1991,82.48000000000002
ADH_PMPOB,4220,2000,74.43
ADH_PMPOB,4220,2010,56.11
ADH_PMPOB,4221,1991,75.83
ADH_PMPOB,4221,2000,62.84
ADH_PMPOB,4221,2010,33.04
ADH_PMPOB,4222,1991,69.25
ADH_PMPOB,4222,2000,52.25
ADH_PMPOB,4222,2010,27.57
ADH_PMPOB,4223,1991,67.95
ADH_PMPOB,4223,2000,64.83
ADH_PMPOB,4223,2010,42.2
ADH_PMPOB,4224,1991,77.93
ADH_PMPOB,4224,2000,57.44
ADH_PMPOB,4224,2010,37.35
ADH_PMPOB,4225,1991,82.85
ADH_PMPOB,4225,2000,77.64
ADH_PMPOB,4225,2010,50.98
ADH_PMPOB,4226,1991,65.48
ADH_PMPOB,4226,2000,48.92000000000001
ADH_PMPOB,4226,2010,30.02
ADH_PMPOB,4227,1991,84.07
ADH_PMPOB,4227,2000,73.61
ADH_PMPOB,4227,2010,49.31
ADH_PMPOB,4228,1991,80.06
ADH_PMPOB,4228,2000,61.8
ADH_PMPOB,4228,2010,41.03
ADH_PMPOB,4229,1991,71.62
ADH_PMPOB,4229,2000,62.25
ADH_PMPOB,4229,2010,34.54
ADH_PMPOB,4230,1991,84.14
ADH_PMPOB,4230,2000,74.71
ADH_PMPOB,4230,2010,53.07
ADH_PMPOB,4231,1991,83.75771494905199
ADH_PMPOB,4231,2000,72.51560516727392
ADH_PMPOB,4231,2010,48.72540084945729
ADH_PMPOB,4232,1991,75.77
ADH_PMPOB,4232,2000,57.89
ADH_PMPOB,4232,2010,36.4
ADH_PMPOB,4233,1991,90.89
ADH_PMPOB,4233,2000,73.59
ADH_PMPOB,4233,2010,50.85
ADH_PMPOB,4234,1991,86.63
ADH_PMPOB,4234,2000,77.28
ADH_PMPOB,4234,2010,56.79
ADH_PMPOB,4235,1991,85.38
ADH_PMPOB,4235,2000,63.44
ADH_PMPOB,4235,2010,42.91
ADH_PMPOB,4236,1991,87.7
ADH_PMPOB,4236,2000,78.47
ADH_PMPOB,4236,2010,57.51
ADH_PMPOB,5001,1991,61.71000000000001
ADH_PMPOB,5001,2000,37.48
ADH_PMPOB,5001,2010,20.79
ADH_PMPOB,5002,1991,57.20131130529202
ADH_PMPOB,5002,2000,39.900307206138564
ADH_PMPOB,5002,2010,16.995579144157503
ADH_PMPOB,5003,1991,80.78
ADH_PMPOB,5003,2000,56.92
ADH_PMPOB,5003,2010,40
ADH_PMPOB,5004,1991,72.51
ADH_PMPOB,5004,2000,72.47
ADH_PMPOB,5004,2010,42.81
ADH_PMPOB,5005,1991,75.77999999999999
ADH_PMPOB,5005,2000,59.90999999999999
ADH_PMPOB,5005,2010,39.39999999999999
ADH_PMPOB,5006,1991,77.23
ADH_PMPOB,5006,2000,62.88000000000001
ADH_PMPOB,5006,2010,34.52
ADH_PMPOB,5007,1991,69.83
ADH_PMPOB,5007,2000,37.09
ADH_PMPOB,5007,2010,16.86
ADH_PMPOB,5008,1991,74.82085169579331
ADH_PMPOB,5008,2000,53.678849817876156
ADH_PMPOB,5008,2010,31.282312712629317
ADH_PMPOB,5009,1991,88
ADH_PMPOB,5009,2000,69.21
ADH_PMPOB,5009,2010,42.55
ADH_PMPOB,5010,1991,74.89
ADH_PMPOB,5010,2000,56.23
ADH_PMPOB,5010,2010,31.030000000000005
ADH_PMPOB,5011,1991,72.58
ADH_PMPOB,5011,2000,58.59
ADH_PMPOB,5011,2010,36.12
ADH_PMPOB,5012,1991,84.39034169480622
ADH_PMPOB,5012,2000,66.98517852920313
ADH_PMPOB,5012,2010,39.788393774196095
ADH_PMPOB,5013,1991,72.75999999999999
ADH_PMPOB,5013,2000,60.73
ADH_PMPOB,5013,2010,28.35
ADH_PMPOB,5014,1991,85.23
ADH_PMPOB,5014,2000,61.98
ADH_PMPOB,5014,2010,37.89
ADH_PMPOB,5015,1991,86.92
ADH_PMPOB,5015,2000,79.82
ADH_PMPOB,5015,2010,41.72
ADH_PMPOB,5016,1991,86.2303222991448
ADH_PMPOB,5016,2000,67.76602974096578
ADH_PMPOB,5016,2010,43.0123229025502
ADH_PMPOB,5017,1991,75.16
ADH_PMPOB,5017,2000,64.04
ADH_PMPOB,5017,2010,38.16
ADH_PMPOB,5018,1991,76.62
ADH_PMPOB,5018,2000,58.45
ADH_PMPOB,5018,2010,33.96
ADH_PMPOB,5019,1991,78.40066972271914
ADH_PMPOB,5019,2000,62.811960150780834
ADH_PMPOB,5019,2010,45.480615059503954
ADH_PMPOB,5020,1991,86.42
ADH_PMPOB,5020,2000,66.41
ADH_PMPOB,5020,2010,41.66
ADH_PMPOB,5021,1991,44.98
ADH_PMPOB,5021,2000,28.399999999999995
ADH_PMPOB,5021,2010,12.1
ADH_PMPOB,5022,1991,79.36
ADH_PMPOB,5022,2000,56.63
ADH_PMPOB,5022,2010,43.34
ADH_PMPOB,5023,1991,76.46
ADH_PMPOB,5023,2000,67.02
ADH_PMPOB,5023,2010,39.54
ADH_PMPOB,5024,1991,78.11
ADH_PMPOB,5024,2000,59.00999999999999
ADH_PMPOB,5024,2010,35.25
ADH_PMPOB,5025,1991,58
ADH_PMPOB,5025,2000,31.33
ADH_PMPOB,5025,2010,15.98
ADH_PMPOB,5026,1991,68.73
ADH_PMPOB,5026,2000,56.76
ADH_PMPOB,5026,2010,31.290000000000003
ADH_PMPOB,5027,1991,81.93
ADH_PMPOB,5027,2000,65.3
ADH_PMPOB,5027,2010,41.08
ADH_PMPOB,5028,1991,86.23
ADH_PMPOB,5028,2000,72.1
ADH_PMPOB,5028,2010,46.48
ADH_PMPOB,5029,1991,89.31
ADH_PMPOB,5029,2000,69.41
ADH_PMPOB,5029,2010,43.15
ADH_PMPOB,5030,1991,60.27
ADH_PMPOB,5030,2000,41.98
ADH_PMPOB,5030,2010,20.57
ADH_PMPOB,5031,1991,58.84
ADH_PMPOB,5031,2000,39.4
ADH_PMPOB,5031,2010,22.64
ADH_PMPOB,5032,1991,84.79
ADH_PMPOB,5032,2000,71.97
ADH_PMPOB,5032,2010,37.37
ADH_PMPOB,5033,1991,38.89
ADH_PMPOB,5033,2000,26.34
ADH_PMPOB,5033,2010,10.91
ADH_PMPOB,5034,1991,82.06
ADH_PMPOB,5034,2000,61.51
ADH_PMPOB,5034,2010,31.52
ADH_PMPOB,5035,1991,77.62
ADH_PMPOB,5035,2000,52.18000000000001
ADH_PMPOB,5035,2010,34.24
ADH_PMPOB,5036,1991,85.64
ADH_PMPOB,5036,2000,69.71
ADH_PMPOB,5036,2010,46.01
ADH_PMPOB,5037,1991,64.29
ADH_PMPOB,5037,2000,46.21
ADH_PMPOB,5037,2010,23.670000000000005
ADH_PMPOB,5038,1991,73.09
ADH_PMPOB,5038,2000,55.42
ADH_PMPOB,5038,2010,32.1
ADH_PMPOB,5039,1991,76.80110824949698
ADH_PMPOB,5039,2000,55.050942494398804
ADH_PMPOB,5039,2010,31.093065088757395
ADH_PMPOB,5040,1991,78.1
ADH_PMPOB,5040,2000,55.59
ADH_PMPOB,5040,2010,33.49
ADH_PMPOB,5041,1991,81.54
ADH_PMPOB,5041,2000,62.45
ADH_PMPOB,5041,2010,35.42
ADH_PMPOB,5042,1991,74.94
ADH_PMPOB,5042,2000,66.65
ADH_PMPOB,5042,2010,39.6
ADH_PMPOB,5043,1991,69.62
ADH_PMPOB,5043,2000,59.24
ADH_PMPOB,5043,2010,29.090000000000003
ADH_PMPOB,5044,1991,74.34
ADH_PMPOB,5044,2000,60.86000000000001
ADH_PMPOB,5044,2010,36.91
ADH_PMPOB,5045,1991,71.74095197163425
ADH_PMPOB,5045,2000,45.52293290232396
ADH_PMPOB,5045,2010,21.52437155963303
ADH_PMPOB,5046,1991,64.63
ADH_PMPOB,5046,2000,56.89
ADH_PMPOB,5046,2010,23.79
ADH_PMPOB,5047,1991,82.47
ADH_PMPOB,5047,2000,73
ADH_PMPOB,5047,2010,46.4
ADH_PMPOB,5048,1991,83.07987704406442
ADH_PMPOB,5048,2000,60.58999394706432
ADH_PMPOB,5048,2010,31.612033865691743
ADH_PMPOB,5049,1991,67.97
ADH_PMPOB,5049,2000,51.46
ADH_PMPOB,5049,2010,15.35
ADH_PMPOB,5050,1991,70.51
ADH_PMPOB,5050,2000,53.50999999999999
ADH_PMPOB,5050,2010,30.659999999999997
ADH_PMPOB,5051,1991,84.06
ADH_PMPOB,5051,2000,52.49
ADH_PMPOB,5051,2010,39.31
ADH_PMPOB,5052,1991,82.32
ADH_PMPOB,5052,2000,65.99
ADH_PMPOB,5052,2010,41.64
ADH_PMPOB,5053,1991,82.84
ADH_PMPOB,5053,2000,62.54
ADH_PMPOB,5053,2010,36.84
ADH_PMPOB,5054,1991,81.33
ADH_PMPOB,5054,2000,67.57
ADH_PMPOB,5054,2010,55.65
ADH_PMPOB,5055,1991,86.08
ADH_PMPOB,5055,2000,77.04
ADH_PMPOB,5055,2010,48.65
ADH_PMPOB,5056,1991,80.38
ADH_PMPOB,5056,2000,67.88
ADH_PMPOB,5056,2010,43.62
ADH_PMPOB,5057,1991,50.58
ADH_PMPOB,5057,2000,45.29
ADH_PMPOB,5057,2010,22.22
ADH_PMPOB,5058,1991,57.33
ADH_PMPOB,5058,2000,36.09
ADH_PMPOB,5058,2010,17.42
ADH_PMPOB,5059,1991,69.92
ADH_PMPOB,5059,2000,58.29
ADH_PMPOB,5059,2010,35.99
ADH_PMPOB,5060,1991,87.3
ADH_PMPOB,5060,2000,73.78
ADH_PMPOB,5060,2010,56.290000000000006
ADH_PMPOB,5061,1991,82.54
ADH_PMPOB,5061,2000,64.74
ADH_PMPOB,5061,2010,31.13
ADH_PMPOB,5062,1991,75.87
ADH_PMPOB,5062,2000,57.02
ADH_PMPOB,5062,2010,29.48
ADH_PMPOB,5063,1991,70.46141936240036
ADH_PMPOB,5063,2000,59.0818460978274
ADH_PMPOB,5063,2010,34.63519165343615
ADH_PMPOB,5064,1991,84.88
ADH_PMPOB,5064,2000,63.38
ADH_PMPOB,5064,2010,41.93
ADH_PMPOB,5065,1991,87.25
ADH_PMPOB,5065,2000,73.91
ADH_PMPOB,5065,2010,49.61
ADH_PMPOB,5066,1991,79.65
ADH_PMPOB,5066,2000,66.88
ADH_PMPOB,5066,2010,33.11
ADH_PMPOB,5067,1991,83.51
ADH_PMPOB,5067,2000,69.9
ADH_PMPOB,5067,2010,44.26
ADH_PMPOB,5068,1991,80.98
ADH_PMPOB,5068,2000,68.74
ADH_PMPOB,5068,2010,43.02
ADH_PMPOB,5069,1991,76.91
ADH_PMPOB,5069,2000,50.4
ADH_PMPOB,5069,2010,33.77
ADH_PMPOB,5070,1991,83.01
ADH_PMPOB,5070,2000,58.32999999999999
ADH_PMPOB,5070,2010,36.87
ADH_PMPOB,5071,1991,80.8
ADH_PMPOB,5071,2000,60.97
ADH_PMPOB,5071,2010,37.17
ADH_PMPOB,5072,1991,81.6105477639587
ADH_PMPOB,5072,2000,61.88100479259626
ADH_PMPOB,5072,2010,44.39001217100258
ADH_PMPOB,5073,1991,63.22
ADH_PMPOB,5073,2000,50.97
ADH_PMPOB,5073,2010,26.57
ADH_PMPOB,5074,1991,59.49
ADH_PMPOB,5074,2000,37.6
ADH_PMPOB,5074,2010,18.75
ADH_PMPOB,5075,1991,88.11
ADH_PMPOB,5075,2000,65.91
ADH_PMPOB,5075,2010,38.87
ADH_PMPOB,5076,1991,82.22055609756099
ADH_PMPOB,5076,2000,57.91937603993345
ADH_PMPOB,5076,2010,35.78121335632545
ADH_PMPOB,5077,1991,68.83026851098454
ADH_PMPOB,5077,2000,67.23503426646533
ADH_PMPOB,5077,2010,42.51043219512195
ADH_PMPOB,5078,1991,84.27
ADH_PMPOB,5078,2000,58.81
ADH_PMPOB,5078,2010,22.22
ADH_PMPOB,5079,1991,80.01
ADH_PMPOB,5079,2000,62.23
ADH_PMPOB,5079,2010,44.68
ADH_PMPOB,5080,1991,79.28
ADH_PMPOB,5080,2000,62.27000000000001
ADH_PMPOB,5080,2010,38.34
ADH_PMPOB,5081,1991,82.82
ADH_PMPOB,5081,2000,69.01
ADH_PMPOB,5081,2010,37.98
ADH_PMPOB,5082,1991,30.51
ADH_PMPOB,5082,2000,24.099999999999998
ADH_PMPOB,5082,2010,10.5
ADH_PMPOB,5083,1991,68.95
ADH_PMPOB,5083,2000,50.52
ADH_PMPOB,5083,2010,34.43
ADH_PMPOB,5084,1991,77.72
ADH_PMPOB,5084,2000,62.02
ADH_PMPOB,5084,2010,35.8
ADH_PMPOB,5085,1991,73.94
ADH_PMPOB,5085,2000,53.81
ADH_PMPOB,5085,2010,32.31
ADH_PMPOB,5086,1991,70.36
ADH_PMPOB,5086,2000,44.15
ADH_PMPOB,5086,2010,22.67
ADH_PMPOB,5087,1991,82.82
ADH_PMPOB,5087,2000,75.45
ADH_PMPOB,5087,2010,43.95
ADH_PMPOB,5088,1991,78.37
ADH_PMPOB,5088,2000,57.86
ADH_PMPOB,5088,2010,29.79
ADH_PMPOB,5089,1991,86.92
ADH_PMPOB,5089,2000,66.33
ADH_PMPOB,5089,2010,47.58
ADH_PMPOB,5090,1991,63.2
ADH_PMPOB,5090,2000,45.21
ADH_PMPOB,5090,2010,17.84
ADH_PMPOB,5091,1991,78.1
ADH_PMPOB,5091,2000,62.53
ADH_PMPOB,5091,2010,41.09
ADH_PMPOB,5092,1991,79.71
ADH_PMPOB,5092,2000,69.81
ADH_PMPOB,5092,2010,32.8
ADH_PMPOB,5093,1991,72.22
ADH_PMPOB,5093,2000,50.85
ADH_PMPOB,5093,2010,32.52
ADH_PMPOB,5094,1991,76.21064217032966
ADH_PMPOB,5094,2000,55.63983863636364
ADH_PMPOB,5094,2010,33.4746124727008
ADH_PMPOB,5095,1991,51.09000000000001
ADH_PMPOB,5095,2000,37.63
ADH_PMPOB,5095,2010,19.54
ADH_PMPOB,5096,1991,84.7
ADH_PMPOB,5096,2000,67.53
ADH_PMPOB,5096,2010,47.63
ADH_PMPOB,5097,1991,81.91
ADH_PMPOB,5097,2000,75.44
ADH_PMPOB,5097,2010,52.53
ADH_PMPOB,5098,1991,79.43
ADH_PMPOB,5098,2000,57.83
ADH_PMPOB,5098,2010,35.73
ADH_PMPOB,5099,1991,77.35
ADH_PMPOB,5099,2000,65.81
ADH_PMPOB,5099,2010,40.74
ADH_PMPOB,5100,1991,72.69
ADH_PMPOB,5100,2000,48.06
ADH_PMPOB,5100,2010,25.5
ADH_PMPOB,5101,1991,77.37
ADH_PMPOB,5101,2000,55.11
ADH_PMPOB,5101,2010,35.11
ADH_PMPOB,5102,1991,85.37
ADH_PMPOB,5102,2000,70.96
ADH_PMPOB,5102,2010,44.06
ADH_PMPOB,5103,1991,83.61
ADH_PMPOB,5103,2000,62.89999999999999
ADH_PMPOB,5103,2010,36.04
ADH_PMPOB,5104,1991,83.89
ADH_PMPOB,5104,2000,68.38
ADH_PMPOB,5104,2010,44.94
ADH_PMPOB,5105,1991,85.14
ADH_PMPOB,5105,2000,66.38
ADH_PMPOB,5105,2010,54.16
ADH_PMPOB,5106,1991,74.48
ADH_PMPOB,5106,2000,59.29
ADH_PMPOB,5106,2010,29.99
ADH_PMPOB,5107,1991,80.03
ADH_PMPOB,5107,2000,58.519999999999996
ADH_PMPOB,5107,2010,34.67
ADH_PMPOB,5108,1991,76.32
ADH_PMPOB,5108,2000,65.85
ADH_PMPOB,5108,2010,39.06
ADH_PMPOB,5109,1991,86
ADH_PMPOB,5109,2000,70.36
ADH_PMPOB,5109,2010,42.55
ADH_PMPOB,5110,1991,86.75
ADH_PMPOB,5110,2000,69.21
ADH_PMPOB,5110,2010,44.06
ADH_PMPOB,5111,1991,84.62
ADH_PMPOB,5111,2000,58.33
ADH_PMPOB,5111,2010,38.54
ADH_PMPOB,5112,1991,93.16000000000001
ADH_PMPOB,5112,2000,64.03
ADH_PMPOB,5112,2010,45.02
ADH_PMPOB,5113,1991,71.55
ADH_PMPOB,5113,2000,57.7
ADH_PMPOB,5113,2010,34.56
ADH_PMPOB,5114,1991,77.7
ADH_PMPOB,5114,2000,53.58
ADH_PMPOB,5114,2010,24.2
ADH_PMPOB,5115,1991,74.4
ADH_PMPOB,5115,2000,60.36999999999999
ADH_PMPOB,5115,2010,38.2
ADH_PMPOB,5116,1991,87.18
ADH_PMPOB,5116,2000,70.43
ADH_PMPOB,5116,2010,47.25
ADH_PMPOB,5117,1991,68.89
ADH_PMPOB,5117,2000,46.92
ADH_PMPOB,5117,2010,24.879999999999995
ADH_PMPOB,5118,1991,67.32
ADH_PMPOB,5118,2000,61.64
ADH_PMPOB,5118,2010,25.45
ADH_PMPOB,5119,1991,58.66
ADH_PMPOB,5119,2000,43.92
ADH_PMPOB,5119,2010,18.83
ADH_PMPOB,5120,1991,54.98
ADH_PMPOB,5120,2000,44.39
ADH_PMPOB,5120,2010,24.26
ADH_PMPOB,5121,1991,67.7
ADH_PMPOB,5121,2000,56.88
ADH_PMPOB,5121,2010,37.28
ADH_PMPOB,5122,1991,78.23
ADH_PMPOB,5122,2000,59.56
ADH_PMPOB,5122,2010,39.43
ADH_PMPOB,5123,1991,65.62
ADH_PMPOB,5123,2000,31.61
ADH_PMPOB,5123,2010,16.28
ADH_PMPOB,5124,1991,79.72041151876732
ADH_PMPOB,5124,2000,66.20183810413658
ADH_PMPOB,5124,2010,40.08410693663869
ADH_PMPOB,5125,1991,83.78020448158557
ADH_PMPOB,5125,2000,66.686521334499
ADH_PMPOB,5125,2010,43.073433184939255
ADH_PMPOB,5126,1991,85.96
ADH_PMPOB,5126,2000,64
ADH_PMPOB,5126,2010,39.67
ADH_PMPOB,5127,1991,81.14
ADH_PMPOB,5127,2000,50.98
ADH_PMPOB,5127,2010,33.38
ADH_PMPOB,5128,1991,81.89
ADH_PMPOB,5128,2000,60.5
ADH_PMPOB,5128,2010,36.86
ADH_PMPOB,5129,1991,71.82
ADH_PMPOB,5129,2000,56.09
ADH_PMPOB,5129,2010,29.46
ADH_PMPOB,5130,1991,87.17
ADH_PMPOB,5130,2000,66.76
ADH_PMPOB,5130,2010,48.57999999999999
ADH_PMPOB,5131,1991,76.23
ADH_PMPOB,5131,2000,56.78
ADH_PMPOB,5131,2010,39.67
ADH_PMPOB,5132,1991,92.63
ADH_PMPOB,5132,2000,72.42
ADH_PMPOB,5132,2010,43.8
ADH_PMPOB,5133,1991,70.63000000000001
ADH_PMPOB,5133,2000,50.58
ADH_PMPOB,5133,2010,27.78
ADH_PMPOB,5134,1991,90.85
ADH_PMPOB,5134,2000,75.04
ADH_PMPOB,5134,2010,44.269999999999996
ADH_PMPOB,5135,1991,80.01
ADH_PMPOB,5135,2000,70.54
ADH_PMPOB,5135,2010,40.01
ADH_PMPOB,5136,1991,90.18
ADH_PMPOB,5136,2000,71.95
ADH_PMPOB,5136,2010,44.04
ADH_PMPOB,5137,1991,78.24
ADH_PMPOB,5137,2000,44.86
ADH_PMPOB,5137,2010,37.62
ADH_PMPOB,5138,1991,87.98
ADH_PMPOB,5138,2000,72.99
ADH_PMPOB,5138,2010,41.08
ADH_PMPOB,5139,1991,77.9
ADH_PMPOB,5139,2000,63.36999999999999
ADH_PMPOB,5139,2010,40.15
ADH_PMPOB,5140,1991,87.99
ADH_PMPOB,5140,2000,72.51
ADH_PMPOB,5140,2010,30.980000000000004
ADH_PMPOB,5141,1991,77.33
ADH_PMPOB,5141,2000,48.87
ADH_PMPOB,5141,2010,25.13
ADH_PMPOB,5142,1991,49.77
ADH_PMPOB,5142,2000,40.52
ADH_PMPOB,5142,2010,11.76
ADH_PMPOB,5143,1991,73.82
ADH_PMPOB,5143,2000,56.91
ADH_PMPOB,5143,2010,33.29
ADH_PMPOB,5144,1991,81.01
ADH_PMPOB,5144,2000,66.18
ADH_PMPOB,5144,2010,45.63
ADH_PMPOB,5145,1991,71.4
ADH_PMPOB,5145,2000,53.02
ADH_PMPOB,5145,2010,31.47
ADH_PMPOB,5146,1991,88.28
ADH_PMPOB,5146,2000,68.98
ADH_PMPOB,5146,2010,36.19
ADH_PMPOB,5147,1991,73.46
ADH_PMPOB,5147,2000,64.46
ADH_PMPOB,5147,2010,30.150000000000002
ADH_PMPOB,6001,1991,89.49
ADH_PMPOB,6001,2000,73.86
ADH_PMPOB,6001,2010,46.27
ADH_PMPOB,6002,1991,82.58
ADH_PMPOB,6002,2000,69.71
ADH_PMPOB,6002,2010,38.4
ADH_PMPOB,6003,1991,80.83
ADH_PMPOB,6003,2000,59.76
ADH_PMPOB,6003,2010,39.36
ADH_PMPOB,6004,1991,82.45008192318024
ADH_PMPOB,6004,2000,64.93792021534796
ADH_PMPOB,6004,2010,43.792996000333304
ADH_PMPOB,6005,1991,87.31
ADH_PMPOB,6005,2000,64.2
ADH_PMPOB,6005,2010,42.05
ADH_PMPOB,6006,1991,70.02099822604407
ADH_PMPOB,6006,2000,59.58426889446801
ADH_PMPOB,6006,2010,36.771931799551886
ADH_PMPOB,6007,1991,72.78110612767941
ADH_PMPOB,6007,2000,59.25816912924138
ADH_PMPOB,6007,2010,39.49168596781471
ADH_PMPOB,6008,1991,74.02
ADH_PMPOB,6008,2000,64.58
ADH_PMPOB,6008,2010,39.52
ADH_PMPOB,6009,1991,86.40033129175947
ADH_PMPOB,6009,2000,62.720430391694194
ADH_PMPOB,6009,2010,37.18335587718112
ADH_PMPOB,6010,1991,74.2609540943648
ADH_PMPOB,6010,2000,57.20043318952781
ADH_PMPOB,6010,2010,32.79803614723386
ADH_PMPOB,6011,1991,65.7810418377791
ADH_PMPOB,6011,2000,49.03184230035366
ADH_PMPOB,6011,2010,27.392931377113594
ADH_PMPOB,6012,1991,86.78
ADH_PMPOB,6012,2000,66.43
ADH_PMPOB,6012,2010,47.59
ADH_PMPOB,6013,1991,80.89
ADH_PMPOB,6013,2000,58.82
ADH_PMPOB,6013,2010,42.529999999999994
ADH_PMPOB,6014,1991,80.84097390624127
ADH_PMPOB,6014,2000,67.18713888029693
ADH_PMPOB,6014,2010,44.88064890494468
ADH_PMPOB,6015,1991,78.57
ADH_PMPOB,6015,2000,67.78
ADH_PMPOB,6015,2010,36.99
ADH_PMPOB,6016,1991,78.4239883889695
ADH_PMPOB,6016,2000,62.87536125397992
ADH_PMPOB,6016,2010,37.897951923076924
ADH_PMPOB,6017,1991,71.58
ADH_PMPOB,6017,2000,57.94
ADH_PMPOB,6017,2010,37.1
ADH_PMPOB,6018,1991,85.55013819444443
ADH_PMPOB,6018,2000,67.6326871366927
ADH_PMPOB,6018,2010,53.36820161701508
ADH_PMPOB,6019,1991,84.20238414259373
ADH_PMPOB,6019,2000,63.467738729355744
ADH_PMPOB,6019,2010,37.9327116461219
ADH_PMPOB,6020,1991,84.36
ADH_PMPOB,6020,2000,70.1
ADH_PMPOB,6020,2010,51.72
ADH_PMPOB,6021,1991,83.71
ADH_PMPOB,6021,2000,68.16
ADH_PMPOB,6021,2010,48.12
ADH_PMPOB,6022,1991,73.28115632938187
ADH_PMPOB,6022,2000,60.21388321860906
ADH_PMPOB,6022,2010,36.18767935121647
ADH_PMPOB,6023,1991,87.0702185535515
ADH_PMPOB,6023,2000,69.16301156689721
ADH_PMPOB,6023,2010,49.54326231830824
ADH_PMPOB,6024,1991,70.14
ADH_PMPOB,6024,2000,61.51
ADH_PMPOB,6024,2010,31.77
ADH_PMPOB,6025,1991,60.12
ADH_PMPOB,6025,2000,41.22
ADH_PMPOB,6025,2010,20.28
ADH_PMPOB,6026,1991,79.32999999999998
ADH_PMPOB,6026,2000,60.31
ADH_PMPOB,6026,2010,39.82
ADH_PMPOB,6027,1991,79.38
ADH_PMPOB,6027,2000,67.07
ADH_PMPOB,6027,2010,38.54
ADH_PMPOB,6028,1991,87.48081549919864
ADH_PMPOB,6028,2000,67.42785136066138
ADH_PMPOB,6028,2010,38.2367710451403
ADH_PMPOB,6029,1991,86.89
ADH_PMPOB,6029,2000,70.27
ADH_PMPOB,6029,2010,34.05
ADH_PMPOB,6030,1991,49.510033741128005
ADH_PMPOB,6030,2000,33.63748674767008
ADH_PMPOB,6030,2010,16.466468041079093
ADH_PMPOB,6031,1991,89.23
ADH_PMPOB,6031,2000,66.89
ADH_PMPOB,6031,2010,33.6
ADH_PMPOB,6032,1991,82.04
ADH_PMPOB,6032,2000,59.35999999999999
ADH_PMPOB,6032,2010,37.31
ADH_PMPOB,6033,1991,87.95
ADH_PMPOB,6033,2000,65.45
ADH_PMPOB,6033,2010,40.59
ADH_PMPOB,6034,1991,91.32999999999998
ADH_PMPOB,6034,2000,70.01
ADH_PMPOB,6034,2010,38.65
ADH_PMPOB,6035,1991,80.1
ADH_PMPOB,6035,2000,65.01
ADH_PMPOB,6035,2010,45.57
ADH_PMPOB,6036,1991,76.8703377745769
ADH_PMPOB,6036,2000,51.9512776119403
ADH_PMPOB,6036,2010,34.80817181063011
ADH_PMPOB,6037,1991,87.04
ADH_PMPOB,6037,2000,59.93
ADH_PMPOB,6037,2010,33.43
ADH_PMPOB,6038,1991,80.03
ADH_PMPOB,6038,2000,60.34000000000001
ADH_PMPOB,6038,2010,34.74
ADH_PMPOB,6039,1991,72.43188966186702
ADH_PMPOB,6039,2000,51.2588455008489
ADH_PMPOB,6039,2010,32.287914151576125
ADH_PMPOB,6040,1991,56.78
ADH_PMPOB,6040,2000,30.670000000000005
ADH_PMPOB,6040,2010,15.61
ADH_PMPOB,6041,1991,89.27999999999999
ADH_PMPOB,6041,2000,64.99
ADH_PMPOB,6041,2010,35.41
ADH_PMPOB,6042,1991,83.57
ADH_PMPOB,6042,2000,67.19
ADH_PMPOB,6042,2010,34.74
ADH_PMPOB,6043,1991,86.04
ADH_PMPOB,6043,2000,71.28
ADH_PMPOB,6043,2010,43.92
ADH_PMPOB,6044,1991,87.98008925775135
ADH_PMPOB,6044,2000,73.37900136239782
ADH_PMPOB,6044,2010,49.97844174265451
ADH_PMPOB,6045,1991,84.33069325735993
ADH_PMPOB,6045,2000,68.25436158297555
ADH_PMPOB,6045,2010,37.006400286686976
ADH_PMPOB,6046,1991,66.01
ADH_PMPOB,6046,2000,46.89
ADH_PMPOB,6046,2010,21.8
ADH_PMPOB,6047,1991,66.22158399554588
ADH_PMPOB,6047,2000,53.19603264189205
ADH_PMPOB,6047,2010,29.535155923675717
ADH_PMPOB,6048,1991,80.33
ADH_PMPOB,6048,2000,63.37
ADH_PMPOB,6048,2010,33.13
ADH_PMPOB,6049,1991,78.73
ADH_PMPOB,6049,2000,61.05
ADH_PMPOB,6049,2010,39.77
ADH_PMPOB,6050,1991,70.5911503307276
ADH_PMPOB,6050,2000,61.13670986599019
ADH_PMPOB,6050,2010,39.87045587119616
ADH_PMPOB,6051,1991,78.26991775006633
ADH_PMPOB,6051,2000,53.37539980256663
ADH_PMPOB,6051,2010,30.076477010797042
ADH_PMPOB,6052,1991,84.24
ADH_PMPOB,6052,2000,66.32
ADH_PMPOB,6052,2010,43.95
ADH_PMPOB,6053,1991,76.0604182323649
ADH_PMPOB,6053,2000,61.90581529038843
ADH_PMPOB,6053,2010,44.68786643358716
ADH_PMPOB,6054,1991,86.75
ADH_PMPOB,6054,2000,65.28
ADH_PMPOB,6054,2010,44.24
ADH_PMPOB,6055,1991,74.54
ADH_PMPOB,6055,2000,54.04999999999999
ADH_PMPOB,6055,2010,25.92
ADH_PMPOB,6056,1991,83.45004996338889
ADH_PMPOB,6056,2000,68.87428744354952
ADH_PMPOB,6056,2010,42.29681398958999
ADH_PMPOB,6057,1991,77.63
ADH_PMPOB,6057,2000,60.9
ADH_PMPOB,6057,2010,36.04
ADH_PMPOB,6058,1991,77.11
ADH_PMPOB,6058,2000,60.07
ADH_PMPOB,6058,2010,33.02
ADH_PMPOB,6059,1991,82
ADH_PMPOB,6059,2000,56.09
ADH_PMPOB,6059,2010,39.52
ADH_PMPOB,6060,1991,77.73
ADH_PMPOB,6060,2000,63.34
ADH_PMPOB,6060,2010,39.64
ADH_PMPOB,6061,1991,75.87080464842602
ADH_PMPOB,6061,2000,51.205882309994884
ADH_PMPOB,6061,2010,29.96211679327184
ADH_PMPOB,6062,1991,80.13
ADH_PMPOB,6062,2000,62.89
ADH_PMPOB,6062,2010,41.99
ADH_PMPOB,6063,1991,85.61999999999999
ADH_PMPOB,6063,2000,55.8
ADH_PMPOB,6063,2010,43.48
ADH_PMPOB,6064,1991,80.94028720739396
ADH_PMPOB,6064,2000,60.896577359829664
ADH_PMPOB,6064,2010,40.38186676459153
ADH_PMPOB,6065,1991,88.16
ADH_PMPOB,6065,2000,69.74
ADH_PMPOB,6065,2010,39.28
ADH_PMPOB,6066,1991,84.29
ADH_PMPOB,6066,2000,68.17
ADH_PMPOB,6066,2010,37.35
ADH_PMPOB,6067,1991,62.77
ADH_PMPOB,6067,2000,36.05
ADH_PMPOB,6067,2010,36.01
ADH_PMPOB,6068,1991,93.62999999999998
ADH_PMPOB,6068,2000,69.3
ADH_PMPOB,6068,2010,44.37
ADH_PMPOB,6069,1991,85.71
ADH_PMPOB,6069,2000,72.01
ADH_PMPOB,6069,2010,54.57000000000001
ADH_PMPOB,6070,1991,84.70003125849416
ADH_PMPOB,6070,2000,60.056708895621036
ADH_PMPOB,6070,2010,39.93880119507034
ADH_PMPOB,6071,1991,88.5
ADH_PMPOB,6071,2000,77.24
ADH_PMPOB,6071,2010,40.160000000000004
ADH_PMPOB,6072,1991,74.51
ADH_PMPOB,6072,2000,55.86
ADH_PMPOB,6072,2010,35.6
ADH_PMPOB,6073,1991,85.79
ADH_PMPOB,6073,2000,68.83
ADH_PMPOB,6073,2010,45.51
ADH_PMPOB,6074,1991,72.43
ADH_PMPOB,6074,2000,51.2
ADH_PMPOB,6074,2010,29.34
ADH_PMPOB,6075,1991,68.5
ADH_PMPOB,6075,2000,43.77
ADH_PMPOB,6075,2010,24.23
ADH_PMPOB,6076,1991,88.13
ADH_PMPOB,6076,2000,65.66
ADH_PMPOB,6076,2010,40.47
ADH_PMPOB,6077,1991,82.92010209122344
ADH_PMPOB,6077,2000,56.26639649311147
ADH_PMPOB,6077,2010,32.13
ADH_PMPOB,6078,1991,94.33
ADH_PMPOB,6078,2000,67.62
ADH_PMPOB,6078,2010,43.87
ADH_PMPOB,6079,1991,90.36
ADH_PMPOB,6079,2000,74.03
ADH_PMPOB,6079,2010,47.71
ADH_PMPOB,6080,1991,77.55000736580425
ADH_PMPOB,6080,2000,58.121475654731334
ADH_PMPOB,6080,2010,35.79681162003208
ADH_PMPOB,6081,1991,69.79
ADH_PMPOB,6081,2000,55.07
ADH_PMPOB,6081,2010,34.43
ADH_PMPOB,6082,1991,81.37
ADH_PMPOB,6082,2000,54.44
ADH_PMPOB,6082,2010,30.810000000000002
ADH_PMPOB,6083,1991,81.56
ADH_PMPOB,6083,2000,60.96
ADH_PMPOB,6083,2010,42.48
ADH_PMPOB,6084,1991,81.4
ADH_PMPOB,6084,2000,69.69
ADH_PMPOB,6084,2010,43.44
ADH_PMPOB,6085,1991,87.29015044971382
ADH_PMPOB,6085,2000,66.94321
ADH_PMPOB,6085,2010,46.57366620997615
ADH_PMPOB,6086,1991,75.86143672692673
ADH_PMPOB,6086,2000,58.61014324900945
ADH_PMPOB,6086,2010,33.794406249999994
ADH_PMPOB,6087,1991,34.35
ADH_PMPOB,6087,2000,22.87
ADH_PMPOB,6087,2010,11.59
ADH_PMPOB,6088,1991,76.34000000000002
ADH_PMPOB,6088,2000,57.76
ADH_PMPOB,6088,2010,42.08
ADH_PMPOB,6089,1991,86.53
ADH_PMPOB,6089,2000,65.04
ADH_PMPOB,6089,2010,33.64
ADH_PMPOB,6090,1991,81.03
ADH_PMPOB,6090,2000,69.93
ADH_PMPOB,6090,2010,46.18
ADH_PMPOB,6091,1991,93.36
ADH_PMPOB,6091,2000,72.28
ADH_PMPOB,6091,2010,41.84
ADH_PMPOB,6092,1991,90.09
ADH_PMPOB,6092,2000,70.98
ADH_PMPOB,6092,2010,42.27
ADH_PMPOB,6093,1991,85.9
ADH_PMPOB,6093,2000,61.06
ADH_PMPOB,6093,2010,46.93
ADH_PMPOB,6094,1991,69.28
ADH_PMPOB,6094,2000,51.05
ADH_PMPOB,6094,2010,31.8
ADH_PMPOB,6095,1991,96.99
ADH_PMPOB,6095,2000,75.13
ADH_PMPOB,6095,2010,38.53
ADH_PMPOB,6096,1991,91.03
ADH_PMPOB,6096,2000,71.39
ADH_PMPOB,6096,2010,48.84
ADH_PMPOB,6097,1991,83.02
ADH_PMPOB,6097,2000,67.66
ADH_PMPOB,6097,2010,42.91
ADH_PMPOB,6098,1991,90.46
ADH_PMPOB,6098,2000,73.13
ADH_PMPOB,6098,2010,46.84
ADH_PMPOB,6099,1991,78.23
ADH_PMPOB,6099,2000,56.14
ADH_PMPOB,6099,2010,32.54
ADH_PMPOB,6100,1991,90.83
ADH_PMPOB,6100,2000,72.57
ADH_PMPOB,6100,2010,47.91
ADH_PMPOB,6101,1991,70.2907921704512
ADH_PMPOB,6101,2000,58.07220838886161
ADH_PMPOB,6101,2010,42.036401504005234
ADH_PMPOB,6102,1991,80.23
ADH_PMPOB,6102,2000,59.76
ADH_PMPOB,6102,2010,38.18
ADH_PMPOB,6103,1991,80.87
ADH_PMPOB,6103,2000,61.23
ADH_PMPOB,6103,2010,36.48
ADH_PMPOB,6104,1991,75.69
ADH_PMPOB,6104,2000,63.5
ADH_PMPOB,6104,2010,45.29
ADH_PMPOB,6105,1991,78.55014527431209
ADH_PMPOB,6105,2000,66.97833500147189
ADH_PMPOB,6105,2010,45.20019062313359
ADH_PMPOB,6106,1991,87.15
ADH_PMPOB,6106,2000,68.61
ADH_PMPOB,6106,2010,44.98
ADH_PMPOB,6107,1991,88.97
ADH_PMPOB,6107,2000,59.71
ADH_PMPOB,6107,2010,39.35
ADH_PMPOB,6108,1991,77.22
ADH_PMPOB,6108,2000,68.92
ADH_PMPOB,6108,2010,40.78
ADH_PMPOB,6109,1991,75.09
ADH_PMPOB,6109,2000,54.48
ADH_PMPOB,6109,2010,31.19
ADH_PMPOB,6110,1991,85.93
ADH_PMPOB,6110,2000,60.43
ADH_PMPOB,6110,2010,43.94
ADH_PMPOB,6111,1991,85.75
ADH_PMPOB,6111,2000,70.58
ADH_PMPOB,6111,2010,54.86
ADH_PMPOB,6112,1991,88.24
ADH_PMPOB,6112,2000,73.55
ADH_PMPOB,6112,2010,48.25
ADH_PMPOB,6113,1991,76.45
ADH_PMPOB,6113,2000,59.52
ADH_PMPOB,6113,2010,40.01
ADH_PMPOB,6114,1991,86.23
ADH_PMPOB,6114,2000,73.15
ADH_PMPOB,6114,2010,41.01
ADH_PMPOB,6115,1991,78.05
ADH_PMPOB,6115,2000,58.27
ADH_PMPOB,6115,2010,39.25
ADH_PMPOB,6116,1991,84.03
ADH_PMPOB,6116,2000,76.76
ADH_PMPOB,6116,2010,48.89
ADH_PMPOB,6117,1991,82.82000000000001
ADH_PMPOB,6117,2000,55.93000000000001
ADH_PMPOB,6117,2010,48.309999999999995
ADH_PMPOB,6118,1991,86.92
ADH_PMPOB,6118,2000,51.52000000000001
ADH_PMPOB,6118,2010,33.36
ADH_PMPOB,6119,1991,85.5913735641482
ADH_PMPOB,6119,2000,63.00998026197739
ADH_PMPOB,6119,2010,41.56481587483305
ADH_PMPOB,6120,1991,57.309999999999995
ADH_PMPOB,6120,2000,38.31
ADH_PMPOB,6120,2010,18.86
ADH_PMPOB,6121,1991,82.18
ADH_PMPOB,6121,2000,59.2
ADH_PMPOB,6121,2010,33.87
ADH_PMPOB,6122,1991,86.32
ADH_PMPOB,6122,2000,71.31
ADH_PMPOB,6122,2010,45.9
ADH_PMPOB,6123,1991,85.19
ADH_PMPOB,6123,2000,65.69
ADH_PMPOB,6123,2010,38.47
ADH_PMPOB,6124,1991,72.04
ADH_PMPOB,6124,2000,62.76
ADH_PMPOB,6124,2010,41.27
ADH_PMPOB,6125,1991,80.86
ADH_PMPOB,6125,2000,55.32
ADH_PMPOB,6125,2010,35
ADH_PMPOB,6126,1991,83.31990053724407
ADH_PMPOB,6126,2000,64.53911822854884
ADH_PMPOB,6126,2010,42.96307263908018
ADH_PMPOB,6127,1991,81.73
ADH_PMPOB,6127,2000,71.92
ADH_PMPOB,6127,2010,46.12
ADH_PMPOB,6128,1991,91.27
ADH_PMPOB,6128,2000,72.88
ADH_PMPOB,6128,2010,40.66
ADH_PMPOB,6129,1991,83.35
ADH_PMPOB,6129,2000,58.24
ADH_PMPOB,6129,2010,39.96
ADH_PMPOB,6130,1991,76.65
ADH_PMPOB,6130,2000,66.61
ADH_PMPOB,6130,2010,47.7
ADH_PMPOB,6131,1991,81.57
ADH_PMPOB,6131,2000,62.17
ADH_PMPOB,6131,2010,38.75
ADH_PMPOB,6132,1991,78.2212942637199
ADH_PMPOB,6132,2000,62.41165363351099
ADH_PMPOB,6132,2010,33.27658090692124
ADH_PMPOB,6133,1991,84.01000000000002
ADH_PMPOB,6133,2000,58.15
ADH_PMPOB,6133,2010,33.64
ADH_PMPOB,6134,1991,81.34023566449292
ADH_PMPOB,6134,2000,56.99120037929399
ADH_PMPOB,6134,2010,27.932094737667637
ADH_PMPOB,6135,1991,78.72
ADH_PMPOB,6135,2000,66.17
ADH_PMPOB,6135,2010,33.32
ADH_PMPOB,6136,1991,79.34
ADH_PMPOB,6136,2000,56.59
ADH_PMPOB,6136,2010,31.779999999999998
ADH_PMPOB,6137,1991,95.07
ADH_PMPOB,6137,2000,55.08
ADH_PMPOB,6137,2010,34.31
ADH_PMPOB,6138,1991,77.87039834577985
ADH_PMPOB,6138,2000,62.96730874128289
ADH_PMPOB,6138,2010,38.12176199740596
ADH_PMPOB,6139,1991,87.42
ADH_PMPOB,6139,2000,65.01
ADH_PMPOB,6139,2010,37.61
ADH_PMPOB,6140,1991,92.33
ADH_PMPOB,6140,2000,65.52
ADH_PMPOB,6140,2010,42.279999999999994
ADH_PMPOB,6141,1991,82.4
ADH_PMPOB,6141,2000,64.42
ADH_PMPOB,6141,2010,45.74
ADH_PMPOB,6142,1991,83.60993895064217
ADH_PMPOB,6142,2000,74.93336738507537
ADH_PMPOB,6142,2010,49.06325394835799
ADH_PMPOB,6143,1991,84.61
ADH_PMPOB,6143,2000,60.38000000000001
ADH_PMPOB,6143,2010,30.870000000000005
ADH_PMPOB,6144,1991,93.41
ADH_PMPOB,6144,2000,55.87
ADH_PMPOB,6144,2010,36.89
ADH_PMPOB,6145,1991,67.15
ADH_PMPOB,6145,2000,45.82
ADH_PMPOB,6145,2010,28.12
ADH_PMPOB,6146,1991,88.53
ADH_PMPOB,6146,2000,78.6
ADH_PMPOB,6146,2010,58.22
ADH_PMPOB,6147,1991,91.55
ADH_PMPOB,6147,2000,68.14
ADH_PMPOB,6147,2010,36.73
ADH_PMPOB,6148,1991,64.18
ADH_PMPOB,6148,2000,46.95000000000001
ADH_PMPOB,6148,2010,26.14
ADH_PMPOB,6149,1991,91.9
ADH_PMPOB,6149,2000,66.5
ADH_PMPOB,6149,2010,37.24
ADH_PMPOB,6150,1991,54.87
ADH_PMPOB,6150,2000,46.25
ADH_PMPOB,6150,2010,28.67
ADH_PMPOB,6151,1991,93.73
ADH_PMPOB,6151,2000,73.41
ADH_PMPOB,6151,2010,48.97
ADH_PMPOB,6152,1991,89.05
ADH_PMPOB,6152,2000,71.82
ADH_PMPOB,6152,2010,43.46
ADH_PMPOB,6153,1991,95.18
ADH_PMPOB,6153,2000,74.85
ADH_PMPOB,6153,2010,39
ADH_PMPOB,6154,1991,91.28000000000002
ADH_PMPOB,6154,2000,61.28
ADH_PMPOB,6154,2010,42.46
ADH_PMPOB,6155,1991,84.04
ADH_PMPOB,6155,2000,61.68
ADH_PMPOB,6155,2010,32.25
ADH_PMPOB,6156,1991,93.65999999999998
ADH_PMPOB,6156,2000,64.37
ADH_PMPOB,6156,2010,40.09
ADH_PMPOB,6157,1991,80.87
ADH_PMPOB,6157,2000,53.37
ADH_PMPOB,6157,2010,28.25
ADH_PMPOB,6158,1991,80.38
ADH_PMPOB,6158,2000,54.3
ADH_PMPOB,6158,2010,29.02
ADH_PMPOB,6159,1991,83.92
ADH_PMPOB,6159,2000,67.99
ADH_PMPOB,6159,2010,49.99000000000001
ADH_PMPOB,6160,1991,83.71
ADH_PMPOB,6160,2000,56.82
ADH_PMPOB,6160,2010,40.51
ADH_PMPOB,6161,1991,77.39971229489772
ADH_PMPOB,6161,2000,51.33202022329893
ADH_PMPOB,6161,2010,36.83447269303201
ADH_PMPOB,6162,1991,88.46
ADH_PMPOB,6162,2000,71.65
ADH_PMPOB,6162,2010,45.71
ADH_PMPOB,6163,1991,85.92
ADH_PMPOB,6163,2000,64.55
ADH_PMPOB,6163,2010,34.68
ADH_PMPOB,6164,1991,89.66
ADH_PMPOB,6164,2000,57.58
ADH_PMPOB,6164,2010,36.51
ADH_PMPOB,6165,1991,82.98
ADH_PMPOB,6165,2000,51.99
ADH_PMPOB,6165,2010,38.17
ADH_PMPOB,6166,1991,88.11
ADH_PMPOB,6166,2000,67.28
ADH_PMPOB,6166,2010,47.72
ADH_PMPOB,6167,1991,77.24
ADH_PMPOB,6167,2000,56.089999999999996
ADH_PMPOB,6167,2010,32.04
ADH_PMPOB,6168,1991,86.58
ADH_PMPOB,6168,2000,67.94
ADH_PMPOB,6168,2010,49.73
ADH_PMPOB,6169,1991,90.97
ADH_PMPOB,6169,2000,69.13
ADH_PMPOB,6169,2010,41.15
ADH_PMPOB,6170,1991,84.64
ADH_PMPOB,6170,2000,51.52
ADH_PMPOB,6170,2010,21.01
ADH_PMPOB,7001,1991,35.70517128439032
ADH_PMPOB,7001,2000,26.419697588221233
ADH_PMPOB,7001,2010,16.114097620886564
ADH_PMPOB,7002,1991,72.58
ADH_PMPOB,7002,2000,51.43
ADH_PMPOB,7002,2010,31.660000000000004
ADH_PMPOB,7003,1991,82.79000000000002
ADH_PMPOB,7003,2000,68.68
ADH_PMPOB,7003,2010,46.77
ADH_PMPOB,7004,1991,65.98
ADH_PMPOB,7004,2000,55.53
ADH_PMPOB,7004,2010,33.9
ADH_PMPOB,7005,1991,79.19018355640536
ADH_PMPOB,7005,2000,69.25907288203533
ADH_PMPOB,7005,2010,46.59195388658134
ADH_PMPOB,7006,1991,82.18
ADH_PMPOB,7006,2000,70.4
ADH_PMPOB,7006,2010,50.88
ADH_PMPOB,7007,1991,72.82
ADH_PMPOB,7007,2000,60.02
ADH_PMPOB,7007,2010,37.1
ADH_PMPOB,7008,1991,79.41
ADH_PMPOB,7008,2000,65.37
ADH_PMPOB,7008,2010,35.28
ADH_PMPOB,7009,1991,74.2
ADH_PMPOB,7009,2000,59.94
ADH_PMPOB,7009,2010,42.07
ADH_PMPOB,7010,1991,78.54
ADH_PMPOB,7010,2000,62.41
ADH_PMPOB,7010,2010,37
ADH_PMPOB,7011,1991,80.28
ADH_PMPOB,7011,2000,66.33
ADH_PMPOB,7011,2010,48.55
ADH_PMPOB,7012,1991,63.34266951353822
ADH_PMPOB,7012,2000,48.2139289878384
ADH_PMPOB,7012,2010,24.972377349839523
ADH_PMPOB,7013,1991,77.17
ADH_PMPOB,7013,2000,61.75999999999999
ADH_PMPOB,7013,2010,37.84
ADH_PMPOB,7014,1991,53.49
ADH_PMPOB,7014,2000,42.02
ADH_PMPOB,7014,2010,28.8
ADH_PMPOB,7015,1991,74.52
ADH_PMPOB,7015,2000,65.05
ADH_PMPOB,7015,2010,41.45
ADH_PMPOB,7016,1991,79.22
ADH_PMPOB,7016,2000,60.89
ADH_PMPOB,7016,2010,42.13
ADH_PMPOB,7017,1991,81.48
ADH_PMPOB,7017,2000,69.33
ADH_PMPOB,7017,2010,47.98
ADH_PMPOB,7018,1991,70.06
ADH_PMPOB,7018,2000,60.08
ADH_PMPOB,7018,2010,40.02
ADH_PMPOB,7019,1991,63.39
ADH_PMPOB,7019,2000,48.92
ADH_PMPOB,7019,2010,27.81
ADH_PMPOB,7020,1991,82.24
ADH_PMPOB,7020,2000,73.18
ADH_PMPOB,7020,2010,49.63
ADH_PMPOB,7021,1991,65.58
ADH_PMPOB,7021,2000,44.58
ADH_PMPOB,7021,2010,30.07
ADH_PMPOB,7022,1991,84.87
ADH_PMPOB,7022,2000,71.03
ADH_PMPOB,7022,2010,49.61
ADH_PMPOB,7023,1991,77.1
ADH_PMPOB,7023,2000,65.1
ADH_PMPOB,7023,2010,48.42000000000001
ADH_PMPOB,7024,1991,73.12
ADH_PMPOB,7024,2000,64.53
ADH_PMPOB,7024,2010,39.36
ADH_PMPOB,7025,1991,72.72
ADH_PMPOB,7025,2000,63.87
ADH_PMPOB,7025,2010,44.81
ADH_PMPOB,7026,1991,83.6
ADH_PMPOB,7026,2000,68.84
ADH_PMPOB,7026,2010,44.83
ADH_PMPOB,7027,1991,86.24
ADH_PMPOB,7027,2000,68.02
ADH_PMPOB,7027,2010,37.49
ADH_PMPOB,7028,1991,62.91
ADH_PMPOB,7028,2000,52.56
ADH_PMPOB,7028,2010,31.16
ADH_PMPOB,7029,1991,79.95
ADH_PMPOB,7029,2000,61.75
ADH_PMPOB,7029,2010,36.4
ADH_PMPOB,7030,1991,84.23
ADH_PMPOB,7030,2000,74.05
ADH_PMPOB,7030,2010,62.2
ADH_PMPOB,7031,1991,53.32
ADH_PMPOB,7031,2000,43.26
ADH_PMPOB,7031,2010,19.71
ADH_PMPOB,7032,1991,70
ADH_PMPOB,7032,2000,57.53
ADH_PMPOB,7032,2010,43.43
ADH_PMPOB,7033,1991,61.76
ADH_PMPOB,7033,2000,44.03
ADH_PMPOB,7033,2010,33.67
ADH_PMPOB,7034,1991,78.43
ADH_PMPOB,7034,2000,76.02
ADH_PMPOB,7034,2010,59.51
ADH_PMPOB,7035,1991,79.23
ADH_PMPOB,7035,2000,65.63
ADH_PMPOB,7035,2010,51.63
ADH_PMPOB,7036,1991,86.92
ADH_PMPOB,7036,2000,69.34
ADH_PMPOB,7036,2010,40.42
ADH_PMPOB,7037,1991,55.53360008204331
ADH_PMPOB,7037,2000,40.22886793486198
ADH_PMPOB,7037,2010,20.720294266274795
ADH_PMPOB,7038,1991,57.87
ADH_PMPOB,7038,2000,51.23
ADH_PMPOB,7038,2010,38.93
ADH_PMPOB,7039,1991,77.23
ADH_PMPOB,7039,2000,64.58
ADH_PMPOB,7039,2010,34.99
ADH_PMPOB,7040,1991,76.17
ADH_PMPOB,7040,2000,63.49
ADH_PMPOB,7040,2010,49.040000000000006
ADH_PMPOB,7041,1991,76.38
ADH_PMPOB,7041,2000,67.63
ADH_PMPOB,7041,2010,45.24
ADH_PMPOB,7042,1991,82.67000077124787
ADH_PMPOB,7042,2000,68.67807095433994
ADH_PMPOB,7042,2010,45.64124283964761
ADH_PMPOB,7043,1991,66.7906249806723
ADH_PMPOB,7043,2000,65.20576893518914
ADH_PMPOB,7043,2010,42.77195753281223
ADH_PMPOB,7044,1991,59.39024939844732
ADH_PMPOB,7044,2000,45.48733765811677
ADH_PMPOB,7044,2010,25.171264183128816
ADH_PMPOB,7045,1991,39.83
ADH_PMPOB,7045,2000,28.89
ADH_PMPOB,7045,2010,16.31
ADH_PMPOB,7046,1991,60.56056441826738
ADH_PMPOB,7046,2000,53.58706696947876
ADH_PMPOB,7046,2010,31.8131743893006
ADH_PMPOB,7047,1991,74.99
ADH_PMPOB,7047,2000,56.2
ADH_PMPOB,7047,2010,40.34
ADH_PMPOB,7048,1991,84.94
ADH_PMPOB,7048,2000,63.04999999999999
ADH_PMPOB,7048,2010,44.63
ADH_PMPOB,7049,1991,77.94
ADH_PMPOB,7049,2000,70.8
ADH_PMPOB,7049,2010,36.63
ADH_PMPOB,7050,1991,71.96
ADH_PMPOB,7050,2000,51.97
ADH_PMPOB,7050,2010,36.09
ADH_PMPOB,7051,1991,73.99
ADH_PMPOB,7051,2000,60.79999999999999
ADH_PMPOB,7051,2010,36.09
ADH_PMPOB,7052,1991,79.99
ADH_PMPOB,7052,2000,66.54
ADH_PMPOB,7052,2010,45.52
ADH_PMPOB,7053,1991,79.87
ADH_PMPOB,7053,2000,66.68
ADH_PMPOB,7053,2010,42.14
ADH_PMPOB,7054,1991,80.04
ADH_PMPOB,7054,2000,76.13
ADH_PMPOB,7054,2010,40.11
ADH_PMPOB,7055,1991,67.66
ADH_PMPOB,7055,2000,51.9
ADH_PMPOB,7055,2010,29.9
ADH_PMPOB,7056,1991,76.53
ADH_PMPOB,7056,2000,54.24
ADH_PMPOB,7056,2010,30.61
ADH_PMPOB,7057,1991,52.760197198515456
ADH_PMPOB,7057,2000,41.09695559972354
ADH_PMPOB,7057,2010,20.596574229845054
ADH_PMPOB,7058,1991,73.21
ADH_PMPOB,7058,2000,55.57
ADH_PMPOB,7058,2010,25.31
ADH_PMPOB,7059,1991,82.08
ADH_PMPOB,7059,2000,75.99
ADH_PMPOB,7059,2010,52.25
ADH_PMPOB,7060,1991,76.05
ADH_PMPOB,7060,2000,59.739999999999995
ADH_PMPOB,7060,2010,33.53
ADH_PMPOB,7061,1991,0
ADH_PMPOB,7061,2000,0.98
ADH_PMPOB,7061,2010,2.2
ADH_PMPOB,7062,1991,78.68
ADH_PMPOB,7062,2000,61.73
ADH_PMPOB,7062,2010,30.129999999999995
ADH_PMPOB,7063,1991,87.86
ADH_PMPOB,7063,2000,67.32
ADH_PMPOB,7063,2010,42.68
ADH_PMPOB,7064,1991,73.64
ADH_PMPOB,7064,2000,58.88
ADH_PMPOB,7064,2010,33.96
ADH_PMPOB,7065,1991,79.39
ADH_PMPOB,7065,2000,65.96
ADH_PMPOB,7065,2010,41.67
ADH_PMPOB,7066,1991,52.86
ADH_PMPOB,7066,2000,42.42
ADH_PMPOB,7066,2010,26.72
ADH_PMPOB,7067,1991,78.59
ADH_PMPOB,7067,2000,65.04
ADH_PMPOB,7067,2010,40.22
ADH_PMPOB,7068,1991,67.22
ADH_PMPOB,7068,2000,49.47
ADH_PMPOB,7068,2010,30.419999999999998
ADH_PMPOB,7069,1991,89.6
ADH_PMPOB,7069,2000,75.08
ADH_PMPOB,7069,2010,48.35
ADH_PMPOB,7070,1991,56.04
ADH_PMPOB,7070,2000,45.54
ADH_PMPOB,7070,2010,25.1
ADH_PMPOB,7071,1991,85.51
ADH_PMPOB,7071,2000,78.09
ADH_PMPOB,7071,2010,52.28
ADH_PMPOB,7072,1991,77.33
ADH_PMPOB,7072,2000,72.1
ADH_PMPOB,7072,2010,47.87
ADH_PMPOB,7073,1991,81.63
ADH_PMPOB,7073,2000,68.28
ADH_PMPOB,7073,2010,41.7
ADH_PMPOB,7074,1991,82.17
ADH_PMPOB,7074,2000,65.51
ADH_PMPOB,7074,2010,43.66
ADH_PMPOB,7075,1991,75.65042674253202
ADH_PMPOB,7075,2000,72.14769195681922
ADH_PMPOB,7075,2010,62.09088203637929
ADH_PMPOB,7076,1991,84.34
ADH_PMPOB,7076,2000,57.69
ADH_PMPOB,7076,2010,39.35
ADH_PMPOB,7077,1991,74.95
ADH_PMPOB,7077,2000,54.06
ADH_PMPOB,7077,2010,27.220000000000002
ADH_PMPOB,7078,1991,83.06
ADH_PMPOB,7078,2000,71.57
ADH_PMPOB,7078,2010,47.4
ADH_PMPOB,7079,1991,55.92
ADH_PMPOB,7079,2000,51
ADH_PMPOB,7079,2010,31.690000000000005
ADH_PMPOB,7080,1991,84.35
ADH_PMPOB,7080,2000,69.94
ADH_PMPOB,7080,2010,49.220000000000006
ADH_PMPOB,7081,1991,48.4
ADH_PMPOB,7081,2000,39.12
ADH_PMPOB,7081,2010,35.54
ADH_PMPOB,7082,1991,80.99
ADH_PMPOB,7082,2000,66.68
ADH_PMPOB,7082,2010,38.89
ADH_PMPOB,7083,1991,82.76
ADH_PMPOB,7083,2000,58.46
ADH_PMPOB,7083,2010,36.76
ADH_PMPOB,7084,1991,78.71
ADH_PMPOB,7084,2000,68.19
ADH_PMPOB,7084,2010,35.61
ADH_PMPOB,7085,1991,41.01
ADH_PMPOB,7085,2000,32.11
ADH_PMPOB,7085,2010,17.61
ADH_PMPOB,7086,1991,88.43943327749861
ADH_PMPOB,7086,2000,76.89290375203916
ADH_PMPOB,7086,2010,49.1852909696178
ADH_PMPOB,7087,1991,67.03
ADH_PMPOB,7087,2000,67.26
ADH_PMPOB,7087,2010,41.76
ADH_PMPOB,7088,1991,62.819953585729884
ADH_PMPOB,7088,2000,53.114655530295536
ADH_PMPOB,7088,2010,35.43048713809062
ADH_PMPOB,7089,1991,67.79
ADH_PMPOB,7089,2000,59.04999999999999
ADH_PMPOB,7089,2010,37.34
ADH_PMPOB,7090,1991,79.74
ADH_PMPOB,7090,2000,67.65
ADH_PMPOB,7090,2010,36.26
ADH_PMPOB,7091,1991,76.53024161884628
ADH_PMPOB,7091,2000,68.44211678169269
ADH_PMPOB,7091,2010,43.09906166440413
ADH_PMPOB,7092,1991,85.25
ADH_PMPOB,7092,2000,63.98
ADH_PMPOB,7092,2010,48.57
ADH_PMPOB,7093,1991,74.49
ADH_PMPOB,7093,2000,59.839999999999996
ADH_PMPOB,7093,2010,37.41
ADH_PMPOB,7094,1991,82.25
ADH_PMPOB,7094,2000,72.66
ADH_PMPOB,7094,2010,48.01
ADH_PMPOB,7095,1991,82.8
ADH_PMPOB,7095,2000,68.16
ADH_PMPOB,7095,2010,41.7
ADH_PMPOB,7096,1991,57.64027995334111
ADH_PMPOB,7096,2000,57.62788585395443
ADH_PMPOB,7096,2010,39.41756893640967
ADH_PMPOB,7097,1991,64.29
ADH_PMPOB,7097,2000,50.24
ADH_PMPOB,7097,2010,33.28
ADH_PMPOB,7098,1991,64.61
ADH_PMPOB,7098,2000,45.97
ADH_PMPOB,7098,2010,24.77
ADH_PMPOB,7099,1991,80.8
ADH_PMPOB,7099,2000,65.4
ADH_PMPOB,7099,2010,38.14
ADH_PMPOB,7100,1991,78.87
ADH_PMPOB,7100,2000,61.459999999999994
ADH_PMPOB,7100,2010,42.83
ADH_PMPOB,7101,1991,80.64
ADH_PMPOB,7101,2000,70.38
ADH_PMPOB,7101,2010,58.12
ADH_PMPOB,7102,1991,60.59000000000001
ADH_PMPOB,7102,2000,51.68
ADH_PMPOB,7102,2010,30.11
ADH_PMPOB,7103,1991,64.87
ADH_PMPOB,7103,2000,49.97
ADH_PMPOB,7103,2010,26.63
ADH_PMPOB,7104,1991,35.66
ADH_PMPOB,7104,2000,27.54
ADH_PMPOB,7104,2010,15.18
ADH_PMPOB,7105,1991,75.96
ADH_PMPOB,7105,2000,64.85
ADH_PMPOB,7105,2010,42.83
ADH_PMPOB,7106,1991,65
ADH_PMPOB,7106,2000,57.4
ADH_PMPOB,7106,2010,49.17
ADH_PMPOB,7107,1991,81.61037659123056
ADH_PMPOB,7107,2000,70.4170653584981
ADH_PMPOB,7107,2010,46.779670181662894
ADH_PMPOB,7108,1991,63.09
ADH_PMPOB,7108,2000,47.64
ADH_PMPOB,7108,2010,32.14
ADH_PMPOB,7109,1991,83.31
ADH_PMPOB,7109,2000,64.74
ADH_PMPOB,7109,2010,47.29
ADH_PMPOB,7110,1991,83.01
ADH_PMPOB,7110,2000,67.36
ADH_PMPOB,7110,2010,49.52
ADH_PMPOB,7111,1991,74.36
ADH_PMPOB,7111,2000,65.78
ADH_PMPOB,7111,2010,49.1
ADH_PMPOB,7112,1991,80.26
ADH_PMPOB,7112,2000,64.76
ADH_PMPOB,7112,2010,49.35
ADH_PMPOB,7113,1991,76.07
ADH_PMPOB,7113,2000,60.91
ADH_PMPOB,7113,2010,40.63
ADH_PMPOB,7114,1991,70.01
ADH_PMPOB,7114,2000,57.94
ADH_PMPOB,7114,2010,30.92
ADH_PMPOB,7115,1991,72.56
ADH_PMPOB,7115,2000,66.5
ADH_PMPOB,7115,2010,46.49
ADH_PMPOB,7116,1991,64.74
ADH_PMPOB,7116,2000,52.58
ADH_PMPOB,7116,2010,39.31
ADH_PMPOB,7117,1991,71.41
ADH_PMPOB,7117,2000,60.81999999999999
ADH_PMPOB,7117,2010,48.44
ADH_PMPOB,7118,1991,77.5
ADH_PMPOB,7118,2000,53.17999999999999
ADH_PMPOB,7118,2010,35.01
ADH_PMPOB,7119,1991,79.85
ADH_PMPOB,7119,2000,64.66
ADH_PMPOB,7119,2010,32.41
ADH_PMPOB,7120,1991,76.89
ADH_PMPOB,7120,2000,71.46
ADH_PMPOB,7120,2010,46.589999999999996
ADH_PMPOB,7121,1991,35.7
ADH_PMPOB,7121,2000,25.67
ADH_PMPOB,7121,2010,13.200000000000001
ADH_PMPOB,7122,1991,71.59
ADH_PMPOB,7122,2000,58.66
ADH_PMPOB,7122,2010,34.47
ADH_PMPOB,7123,1991,68.77
ADH_PMPOB,7123,2000,55.01
ADH_PMPOB,7123,2010,31.16
ADH_PMPOB,7124,1991,79.66998699533013
ADH_PMPOB,7124,2000,64.73489420423182
ADH_PMPOB,7124,2010,35.944055428544765
ADH_PMPOB,7125,1991,75.28
ADH_PMPOB,7125,2000,57.63
ADH_PMPOB,7125,2010,28.7
ADH_PMPOB,7126,1991,86.18
ADH_PMPOB,7126,2000,60.41
ADH_PMPOB,7126,2010,49.62
ADH_PMPOB,7127,1991,63.78
ADH_PMPOB,7127,2000,51.56
ADH_PMPOB,7127,2010,30.1
ADH_PMPOB,7128,1991,79.71000000000001
ADH_PMPOB,7128,2000,63.98
ADH_PMPOB,7128,2010,44.12
ADH_PMPOB,7129,1991,67.69
ADH_PMPOB,7129,2000,55.37
ADH_PMPOB,7129,2010,41.54
ADH_PMPOB,7130,1991,72.86044841915086
ADH_PMPOB,7130,2000,57.135265626787685
ADH_PMPOB,7130,2010,36.37356689325465
ADH_PMPOB,7131,1991,35.02
ADH_PMPOB,7131,2000,21.46
ADH_PMPOB,7131,2010,10.26
ADH_PMPOB,7132,1991,81.4
ADH_PMPOB,7132,2000,65.7
ADH_PMPOB,7132,2010,33.69
ADH_PMPOB,7133,1991,80.09
ADH_PMPOB,7133,2000,64.94
ADH_PMPOB,7133,2010,46.61
ADH_PMPOB,7134,1991,84.69
ADH_PMPOB,7134,2000,77.1
ADH_PMPOB,7134,2010,56.46
ADH_PMPOB,7135,1991,69.67
ADH_PMPOB,7135,2000,63.11999999999999
ADH_PMPOB,7135,2010,41.95000000000001
ADH_PMPOB,7136,1991,71.16
ADH_PMPOB,7136,2000,57.17
ADH_PMPOB,7136,2010,35.59
ADH_PMPOB,7137,1991,79.27
ADH_PMPOB,7137,2000,69.84
ADH_PMPOB,7137,2010,45.26
ADH_PMPOB,7138,1991,74.82
ADH_PMPOB,7138,2000,62.940000000000005
ADH_PMPOB,7138,2010,45.67
ADH_PMPOB,7139,1991,79.16
ADH_PMPOB,7139,2000,63.85999999999999
ADH_PMPOB,7139,2010,43.59
ADH_PMPOB,7140,1991,80.96
ADH_PMPOB,7140,2000,68.22
ADH_PMPOB,7140,2010,41.65
ADH_PMPOB,7141,1991,73.05
ADH_PMPOB,7141,2000,53.77
ADH_PMPOB,7141,2010,34.97
ADH_PMPOB,7142,1991,81.85
ADH_PMPOB,7142,2000,66.92
ADH_PMPOB,7142,2010,48.74
ADH_PMPOB,7143,1991,69.32
ADH_PMPOB,7143,2000,50.34
ADH_PMPOB,7143,2010,30.39
ADH_PMPOB,7144,1991,88.05
ADH_PMPOB,7144,2000,67.46
ADH_PMPOB,7144,2010,49.47
ADH_PMPOB,7145,1991,73.19
ADH_PMPOB,7145,2000,58.44
ADH_PMPOB,7145,2010,39.73
ADH_PMPOB,7146,1991,85.17
ADH_PMPOB,7146,2000,67.58
ADH_PMPOB,7146,2010,34.24
ADH_PMPOB,7147,1991,90.04
ADH_PMPOB,7147,2000,74
ADH_PMPOB,7147,2010,53.67000000000001
ADH_PMPOB,7148,1991,92.71
ADH_PMPOB,7148,2000,77.29
ADH_PMPOB,7148,2010,48.01
ADH_PMPOB,7149,1991,74.95
ADH_PMPOB,7149,2000,61.09
ADH_PMPOB,7149,2010,37.88
ADH_PMPOB,7150,1991,78.7
ADH_PMPOB,7150,2000,61.779999999999994
ADH_PMPOB,7150,2010,44.15
ADH_PMPOB,7151,1991,78.47
ADH_PMPOB,7151,2000,69.18
ADH_PMPOB,7151,2010,45.82
ADH_PMPOB,7152,1991,51.77
ADH_PMPOB,7152,2000,38.03
ADH_PMPOB,7152,2010,16.74
ADH_PMPOB,7153,1991,83.8
ADH_PMPOB,7153,2000,77.84
ADH_PMPOB,7153,2010,50.18
ADH_PMPOB,7154,1991,65.26
ADH_PMPOB,7154,2000,52.93
ADH_PMPOB,7154,2010,43.32
ADH_PMPOB,7155,1991,67.75
ADH_PMPOB,7155,2000,55.84
ADH_PMPOB,7155,2010,31.94
ADH_PMPOB,7156,1991,23.88
ADH_PMPOB,7156,2000,17.38
ADH_PMPOB,7156,2010,9.84
ADH_PMPOB,7157,1991,80.08
ADH_PMPOB,7157,2000,58.36
ADH_PMPOB,7157,2010,34.14
ADH_PMPOB,7158,1991,74.49
ADH_PMPOB,7158,2000,58.2
ADH_PMPOB,7158,2010,37.28
ADH_PMPOB,7159,1991,87.1
ADH_PMPOB,7159,2000,76.49
ADH_PMPOB,7159,2010,62.13
ADH_PMPOB,7160,1991,74.16
ADH_PMPOB,7160,2000,56.79
ADH_PMPOB,7160,2010,25.44
ADH_PMPOB,7161,1991,74.3
ADH_PMPOB,7161,2000,57.019999999999996
ADH_PMPOB,7161,2010,43.28
ADH_PMPOB,7162,1991,81.68
ADH_PMPOB,7162,2000,67.32
ADH_PMPOB,7162,2010,44.76
ADH_PMPOB,7163,1991,71.65
ADH_PMPOB,7163,2000,52.46
ADH_PMPOB,7163,2010,27.5
ADH_PMPOB,7164,1991,81.76
ADH_PMPOB,7164,2000,67.18
ADH_PMPOB,7164,2010,38.9
ADH_PMPOB,7165,1991,60.95
ADH_PMPOB,7165,2000,45.57
ADH_PMPOB,7165,2010,25.19
ADH_PMPOB,8001,1991,83.17025902639207
ADH_PMPOB,8001,2000,74.2258761061947
ADH_PMPOB,8001,2010,50.22790560372457
ADH_PMPOB,8002,1991,81.42
ADH_PMPOB,8002,2000,67.72
ADH_PMPOB,8002,2010,47.59
ADH_PMPOB,8003,1991,57.74161373996508
ADH_PMPOB,8003,2000,50.85792738414032
ADH_PMPOB,8003,2010,28.994973356940925
ADH_PMPOB,8004,1991,79.82
ADH_PMPOB,8004,2000,68.1
ADH_PMPOB,8004,2010,42.73
ADH_PMPOB,8005,1991,81.17025601674224
ADH_PMPOB,8005,2000,66.18679896907216
ADH_PMPOB,8005,2010,39.04940297923916
ADH_PMPOB,8006,1991,71.16
ADH_PMPOB,8006,2000,50.72
ADH_PMPOB,8006,2010,23.89
ADH_PMPOB,8007,1991,74.43
ADH_PMPOB,8007,2000,65.92
ADH_PMPOB,8007,2010,39.85
ADH_PMPOB,8008,1991,82.17
ADH_PMPOB,8008,2000,65.35
ADH_PMPOB,8008,2010,37.05
ADH_PMPOB,8009,1991,87.84
ADH_PMPOB,8009,2000,77.23
ADH_PMPOB,8009,2010,60.98
ADH_PMPOB,8010,1991,69.07
ADH_PMPOB,8010,2000,67.38
ADH_PMPOB,8010,2010,42.95000000000001
ADH_PMPOB,8011,1991,86.02
ADH_PMPOB,8011,2000,75.95
ADH_PMPOB,8011,2010,40.52
ADH_PMPOB,8012,1991,80.37
ADH_PMPOB,8012,2000,74.36
ADH_PMPOB,8012,2010,48.26
ADH_PMPOB,8013,1991,79.81
ADH_PMPOB,8013,2000,69.21
ADH_PMPOB,8013,2010,40.86
ADH_PMPOB,8014,1991,69.34075953565507
ADH_PMPOB,8014,2000,65.86771805924974
ADH_PMPOB,8014,2010,38.92758148148148
ADH_PMPOB,8015,1991,68.08
ADH_PMPOB,8015,2000,73
ADH_PMPOB,8015,2010,43.67
ADH_PMPOB,8016,1991,92.85
ADH_PMPOB,8016,2000,79.7
ADH_PMPOB,8016,2010,57.5
ADH_PMPOB,8017,1991,85.5
ADH_PMPOB,8017,2000,83.63
ADH_PMPOB,8017,2010,60.69
ADH_PMPOB,8018,1991,80.11
ADH_PMPOB,8018,2000,73.61
ADH_PMPOB,8018,2010,43.45
ADH_PMPOB,8019,1991,81.75
ADH_PMPOB,8019,2000,70.42
ADH_PMPOB,8019,2010,54.21
ADH_PMPOB,8020,1991,84.52
ADH_PMPOB,8020,2000,77.6
ADH_PMPOB,8020,2010,49.05
ADH_PMPOB,8021,1991,79.94
ADH_PMPOB,8021,2000,74.86
ADH_PMPOB,8021,2010,49.15999999999999
ADH_PMPOB,8022,1991,78.06
ADH_PMPOB,8022,2000,64.78
ADH_PMPOB,8022,2010,45.62
ADH_PMPOB,8023,1991,61.949999999999996
ADH_PMPOB,8023,2000,60.04
ADH_PMPOB,8023,2010,31.06
ADH_PMPOB,8024,1991,69.42044369338088
ADH_PMPOB,8024,2000,59.46953303592256
ADH_PMPOB,8024,2010,35.47288920994696
ADH_PMPOB,8025,1991,68.86
ADH_PMPOB,8025,2000,53.15
ADH_PMPOB,8025,2010,33.1
ADH_PMPOB,8026,1991,84.3
ADH_PMPOB,8026,2000,67.99
ADH_PMPOB,8026,2010,57.38999999999999
ADH_PMPOB,8027,1991,64.04026915355223
ADH_PMPOB,8027,2000,58.3634414284191
ADH_PMPOB,8027,2010,34.97865542861708
ADH_PMPOB,8028,1991,82.26
ADH_PMPOB,8028,2000,73.61
ADH_PMPOB,8028,2010,55.97999999999999
ADH_PMPOB,8029,1991,81.02
ADH_PMPOB,8029,2000,72
ADH_PMPOB,8029,2010,41.07
ADH_PMPOB,8030,1991,81.27
ADH_PMPOB,8030,2000,71.81
ADH_PMPOB,8030,2010,42.93
ADH_PMPOB,8031,1991,85.09999999999998
ADH_PMPOB,8031,2000,78.49
ADH_PMPOB,8031,2010,59.05
ADH_PMPOB,8032,1991,81.61
ADH_PMPOB,8032,2000,70.19
ADH_PMPOB,8032,2010,54.97
ADH_PMPOB,8033,1991,83.34
ADH_PMPOB,8033,2000,78.31
ADH_PMPOB,8033,2010,47.63000000000001
ADH_PMPOB,8034,1991,86.49
ADH_PMPOB,8034,2000,76.33
ADH_PMPOB,8034,2010,51.79
ADH_PMPOB,8035,1991,88.26
ADH_PMPOB,8035,2000,80.34
ADH_PMPOB,8035,2010,65.08
ADH_PMPOB,8036,1991,79.04
ADH_PMPOB,8036,2000,70.59
ADH_PMPOB,8036,2010,46.94
ADH_PMPOB,8037,1991,72.14
ADH_PMPOB,8037,2000,72.69
ADH_PMPOB,8037,2010,44.58
ADH_PMPOB,8038,1991,80.67
ADH_PMPOB,8038,2000,68.44
ADH_PMPOB,8038,2010,41.76
ADH_PMPOB,8039,1991,87.35
ADH_PMPOB,8039,2000,76.01
ADH_PMPOB,8039,2010,50.05
ADH_PMPOB,8040,1991,83.77
ADH_PMPOB,8040,2000,80.14
ADH_PMPOB,8040,2010,50.96
ADH_PMPOB,8041,1991,74.68
ADH_PMPOB,8041,2000,69.49
ADH_PMPOB,8041,2010,40.18
ADH_PMPOB,8042,1991,82.06
ADH_PMPOB,8042,2000,71.51
ADH_PMPOB,8042,2010,47.44
ADH_PMPOB,8043,1991,84.43
ADH_PMPOB,8043,2000,78.46
ADH_PMPOB,8043,2010,47.66
ADH_PMPOB,8044,1991,35.61
ADH_PMPOB,8044,2000,31.92
ADH_PMPOB,8044,2010,15.569999999999999
ADH_PMPOB,8045,1991,78.89
ADH_PMPOB,8045,2000,73.53
ADH_PMPOB,8045,2010,45.15
ADH_PMPOB,8046,1991,78.18
ADH_PMPOB,8046,2000,69.1
ADH_PMPOB,8046,2010,44.64
ADH_PMPOB,8047,1991,90.14
ADH_PMPOB,8047,2000,79.6
ADH_PMPOB,8047,2010,50.79
ADH_PMPOB,8048,1991,69.3
ADH_PMPOB,8048,2000,57.89
ADH_PMPOB,8048,2010,32.01
ADH_PMPOB,8049,1991,77.51999999999998
ADH_PMPOB,8049,2000,64.56
ADH_PMPOB,8049,2010,34.99
ADH_PMPOB,8050,1991,80.15
ADH_PMPOB,8050,2000,70.84
ADH_PMPOB,8050,2010,44.07
ADH_PMPOB,8051,1991,87.79
ADH_PMPOB,8051,2000,77.34
ADH_PMPOB,8051,2010,58.03
ADH_PMPOB,8052,1991,79.53
ADH_PMPOB,8052,2000,69.45
ADH_PMPOB,8052,2010,39.73
ADH_PMPOB,8053,1991,71.14
ADH_PMPOB,8053,2000,66.7
ADH_PMPOB,8053,2010,40.96
ADH_PMPOB,8054,1991,85.05
ADH_PMPOB,8054,2000,71.18
ADH_PMPOB,8054,2010,46.98
ADH_PMPOB,8055,1991,86.39
ADH_PMPOB,8055,2000,81.33
ADH_PMPOB,8055,2010,56.76
ADH_PMPOB,8056,1991,76.47
ADH_PMPOB,8056,2000,69.97
ADH_PMPOB,8056,2010,42.57
ADH_PMPOB,8057,1991,81.22999999999999
ADH_PMPOB,8057,2000,54.24
ADH_PMPOB,8057,2010,47.9
ADH_PMPOB,8058,1991,71.94
ADH_PMPOB,8058,2000,66.34
ADH_PMPOB,8058,2010,42.29
ADH_PMPOB,8059,1991,79.73
ADH_PMPOB,8059,2000,56.74
ADH_PMPOB,8059,2010,52.74
ADH_PMPOB,8060,1991,89.17
ADH_PMPOB,8060,2000,79.22
ADH_PMPOB,8060,2010,66.88
ADH_PMPOB,8061,1991,87.48
ADH_PMPOB,8061,2000,83.16
ADH_PMPOB,8061,2010,56.57
ADH_PMPOB,8062,1991,87.34
ADH_PMPOB,8062,2000,71.16
ADH_PMPOB,8062,2010,48.54
ADH_PMPOB,8063,1991,88.93
ADH_PMPOB,8063,2000,74.25
ADH_PMPOB,8063,2010,61.71
ADH_PMPOB,8064,1991,70.25
ADH_PMPOB,8064,2000,74.88
ADH_PMPOB,8064,2010,51.74
ADH_PMPOB,8065,1991,83.66000000000001
ADH_PMPOB,8065,2000,76.57
ADH_PMPOB,8065,2010,51.5
ADH_PMPOB,8066,1991,89.3
ADH_PMPOB,8066,2000,72.78
ADH_PMPOB,8066,2010,45.09
ADH_PMPOB,8067,1991,62.8
ADH_PMPOB,8067,2000,58.03999999999999
ADH_PMPOB,8067,2010,36.82
ADH_PMPOB,8068,1991,66.84
ADH_PMPOB,8068,2000,65.47
ADH_PMPOB,8068,2010,49.21
ADH_PMPOB,8069,1991,69.7
ADH_PMPOB,8069,2000,60.29
ADH_PMPOB,8069,2010,35.27
ADH_PMPOB,8070,1991,85.37
ADH_PMPOB,8070,2000,72.37
ADH_PMPOB,8070,2010,44.63
ADH_PMPOB,8071,1991,61.89
ADH_PMPOB,8071,2000,60.36999999999999
ADH_PMPOB,8071,2010,48.72
ADH_PMPOB,8072,1991,89.23
ADH_PMPOB,8072,2000,85.35
ADH_PMPOB,8072,2010,67.57
ADH_PMPOB,8073,1991,70.85
ADH_PMPOB,8073,2000,70.15
ADH_PMPOB,8073,2010,37.71
ADH_PMPOB,8074,1991,85.41
ADH_PMPOB,8074,2000,84.98
ADH_PMPOB,8074,2010,51.44
ADH_PMPOB,8075,1991,81.96
ADH_PMPOB,8075,2000,71.61
ADH_PMPOB,8075,2010,60.38000000000001
ADH_PMPOB,8076,1991,80.69
ADH_PMPOB,8076,2000,75.02
ADH_PMPOB,8076,2010,49.56
ADH_PMPOB,8077,1991,58.61
ADH_PMPOB,8077,2000,47.41
ADH_PMPOB,8077,2010,24.26
ADH_PMPOB,8078,1991,74.87
ADH_PMPOB,8078,2000,70.69
ADH_PMPOB,8078,2010,43.61
ADH_PMPOB,8079,1991,59.19
ADH_PMPOB,8079,2000,63.24
ADH_PMPOB,8079,2010,32.72
ADH_PMPOB,8080,1991,78.98763170040219
ADH_PMPOB,8080,2000,71.4883106389346
ADH_PMPOB,8080,2010,49.88687904241191
ADH_PMPOB,8081,1991,80.06
ADH_PMPOB,8081,2000,73.35
ADH_PMPOB,8081,2010,48.88
ADH_PMPOB,8082,1991,86.15
ADH_PMPOB,8082,2000,73.99
ADH_PMPOB,8082,2010,58.31
ADH_PMPOB,8083,1991,71.89
ADH_PMPOB,8083,2000,64.75
ADH_PMPOB,8083,2010,36.67
ADH_PMPOB,8084,1991,90.08
ADH_PMPOB,8084,2000,82.2
ADH_PMPOB,8084,2010,58.39
ADH_PMPOB,8085,1991,78.05
ADH_PMPOB,8085,2000,69.01
ADH_PMPOB,8085,2010,43.33
ADH_PMPOB,8086,1991,76
ADH_PMPOB,8086,2000,67.21
ADH_PMPOB,8086,2010,44.22
ADH_PMPOB,8087,1991,83.21
ADH_PMPOB,8087,2000,72.69
ADH_PMPOB,8087,2010,48.58
ADH_PMPOB,8088,1991,54.56
ADH_PMPOB,8088,2000,46.3
ADH_PMPOB,8088,2010,26.51
ADH_PMPOB,8089,1991,84.16
ADH_PMPOB,8089,2000,73.79
ADH_PMPOB,8089,2010,46.93000000000001
ADH_PMPOB,8090,1991,80.58
ADH_PMPOB,8090,2000,72.04
ADH_PMPOB,8090,2010,49.78
ADH_PMPOB,8091,1991,94.05
ADH_PMPOB,8091,2000,85.13
ADH_PMPOB,8091,2010,63.39
ADH_PMPOB,8092,1991,73.6
ADH_PMPOB,8092,2000,62.28
ADH_PMPOB,8092,2010,36.82
ADH_PMPOB,8093,1991,76.87
ADH_PMPOB,8093,2000,65.24
ADH_PMPOB,8093,2010,50.85
ADH_PMPOB,9001,1991,84.9
ADH_PMPOB,9001,2000,65.31
ADH_PMPOB,9001,2010,37.22
ADH_PMPOB,9002,1991,74.51
ADH_PMPOB,9002,2000,63.01
ADH_PMPOB,9002,2010,41.87
ADH_PMPOB,9003,1991,32.37
ADH_PMPOB,9003,2000,24.73
ADH_PMPOB,9003,2010,11.11
ADH_PMPOB,9004,1991,75.13
ADH_PMPOB,9004,2000,63.06999999999999
ADH_PMPOB,9004,2010,43.43
ADH_PMPOB,9005,1991,71.43
ADH_PMPOB,9005,2000,63.75
ADH_PMPOB,9005,2010,33.59
ADH_PMPOB,9006,1991,55.52
ADH_PMPOB,9006,2000,44.97
ADH_PMPOB,9006,2010,25.679999999999996
ADH_PMPOB,9007,1991,58.17
ADH_PMPOB,9007,2000,59.99
ADH_PMPOB,9007,2010,39.2
ADH_PMPOB,9008,1991,82.25
ADH_PMPOB,9008,2000,72.48
ADH_PMPOB,9008,2010,55.65
ADH_PMPOB,9009,1991,69.4
ADH_PMPOB,9009,2000,51.46
ADH_PMPOB,9009,2010,28.8
ADH_PMPOB,9010,1991,82.43
ADH_PMPOB,9010,2000,71.86
ADH_PMPOB,9010,2010,47.32
ADH_PMPOB,9011,1991,73.76
ADH_PMPOB,9011,2000,62.63
ADH_PMPOB,9011,2010,46.269999999999996
ADH_PMPOB,9012,1991,73.71
ADH_PMPOB,9012,2000,65.66
ADH_PMPOB,9012,2010,35.85
ADH_PMPOB,9013,1991,66.51
ADH_PMPOB,9013,2000,55.5
ADH_PMPOB,9013,2010,35.46
ADH_PMPOB,9014,1991,64.26
ADH_PMPOB,9014,2000,53.52
ADH_PMPOB,9014,2010,30.71
ADH_PMPOB,9015,1991,61.3
ADH_PMPOB,9015,2000,48.14
ADH_PMPOB,9015,2010,32.16
ADH_PMPOB,9016,1991,75.76
ADH_PMPOB,9016,2000,70.41
ADH_PMPOB,9016,2010,43.75
ADH_PMPOB,9017,1991,80.15
ADH_PMPOB,9017,2000,71.32
ADH_PMPOB,9017,2010,36.82
ADH_PMPOB,9018,1991,78.87
ADH_PMPOB,9018,2000,62.9
ADH_PMPOB,9018,2010,28.74
ADH_PMPOB,9019,1991,62.529999999999994
ADH_PMPOB,9019,2000,52.92000000000001
ADH_PMPOB,9019,2010,27.5
ADH_PMPOB,9020,1991,79.72
ADH_PMPOB,9020,2000,71
ADH_PMPOB,9020,2010,42.51
ADH_PMPOB,9021,1991,70.3
ADH_PMPOB,9021,2000,56.64
ADH_PMPOB,9021,2010,22.1
ADH_PMPOB,9022,1991,82.88
ADH_PMPOB,9022,2000,69.58
ADH_PMPOB,9022,2010,54.22
ADH_PMPOB,9023,1991,66.49
ADH_PMPOB,9023,2000,48.7
ADH_PMPOB,9023,2010,30.98
ADH_PMPOB,9024,1991,79.45
ADH_PMPOB,9024,2000,60.550000000000004
ADH_PMPOB,9024,2010,45.18
ADH_PMPOB,9025,1991,84.8
ADH_PMPOB,9025,2000,71.88
ADH_PMPOB,9025,2010,58.57
ADH_PMPOB,9026,1991,81.6
ADH_PMPOB,9026,2000,73.05
ADH_PMPOB,9026,2010,50.58
ADH_PMPOB,9027,1991,46.58
ADH_PMPOB,9027,2000,40.72
ADH_PMPOB,9027,2010,21.91
ADH_PMPOB,9028,1991,79.94
ADH_PMPOB,9028,2000,63.88
ADH_PMPOB,9028,2010,44.39
ADH_PMPOB,9029,1991,69.36
ADH_PMPOB,9029,2000,66.01
ADH_PMPOB,9029,2010,36.88
ADH_PMPOB,9030,1991,81.91
ADH_PMPOB,9030,2000,60.169999999999995
ADH_PMPOB,9030,2010,42.21
ADH_PMPOB,9031,1991,74.46
ADH_PMPOB,9031,2000,58.61
ADH_PMPOB,9031,2010,34.75
ADH_PMPOB,9032,1991,81.51
ADH_PMPOB,9032,2000,66.53
ADH_PMPOB,9032,2010,42.52
ADH_PMPOB,9033,1991,61.32999999999999
ADH_PMPOB,9033,2000,54.15
ADH_PMPOB,9033,2010,28.14
ADH_PMPOB,9034,1991,72.87
ADH_PMPOB,9034,2000,59.88
ADH_PMPOB,9034,2010,31.340000000000003
ADH_PMPOB,9035,1991,74.23
ADH_PMPOB,9035,2000,57.959999999999994
ADH_PMPOB,9035,2010,33.44
ADH_PMPOB,9036,1991,79.31
ADH_PMPOB,9036,2000,63.76
ADH_PMPOB,9036,2010,36.58
ADH_PMPOB,9037,1991,63.02
ADH_PMPOB,9037,2000,60.38
ADH_PMPOB,9037,2010,31.690000000000005
ADH_PMPOB,9038,1991,69.25
ADH_PMPOB,9038,2000,55.8
ADH_PMPOB,9038,2010,31.62
ADH_PMPOB,9039,1991,69.83
ADH_PMPOB,9039,2000,56.85
ADH_PMPOB,9039,2010,29.29
ADH_PMPOB,9040,1991,79.12
ADH_PMPOB,9040,2000,69.8
ADH_PMPOB,9040,2010,51.29
ADH_PMPOB,9041,1991,74.66
ADH_PMPOB,9041,2000,66.37
ADH_PMPOB,9041,2010,34.21
ADH_PMPOB,9042,1991,64.96072903045021
ADH_PMPOB,9042,2000,65.50158120349401
ADH_PMPOB,9042,2010,41.24769260883182
ADH_PMPOB,9043,1991,73.85
ADH_PMPOB,9043,2000,66.09
ADH_PMPOB,9043,2010,45.52
ADH_PMPOB,9044,1991,74.42
ADH_PMPOB,9044,2000,57.96
ADH_PMPOB,9044,2010,34.64
ADH_PMPOB,9045,1991,68.06
ADH_PMPOB,9045,2000,61.16
ADH_PMPOB,9045,2010,37.9
ADH_PMPOB,9046,1991,63.970000000000006
ADH_PMPOB,9046,2000,46.879999999999995
ADH_PMPOB,9046,2010,39.99
ADH_PMPOB,9047,1991,64.17
ADH_PMPOB,9047,2000,41.9
ADH_PMPOB,9047,2010,21.41
ADH_PMPOB,9048,1991,82.75
ADH_PMPOB,9048,2000,76.65
ADH_PMPOB,9048,2010,57.79
ADH_PMPOB,9049,1991,80.45
ADH_PMPOB,9049,2000,54.35999999999999
ADH_PMPOB,9049,2010,32.91
ADH_PMPOB,9050,1991,61.26
ADH_PMPOB,9050,2000,72.33
ADH_PMPOB,9050,2010,39.87
ADH_PMPOB,9051,1991,78.99
ADH_PMPOB,9051,2000,60.050000000000004
ADH_PMPOB,9051,2010,23.92
ADH_PMPOB,9052,1991,69.3
ADH_PMPOB,9052,2000,62.25
ADH_PMPOB,9052,2010,43.42
ADH_PMPOB,9053,1991,83.88
ADH_PMPOB,9053,2000,76.59
ADH_PMPOB,9053,2010,58.45
ADH_PMPOB,9054,1991,76.93
ADH_PMPOB,9054,2000,62.04
ADH_PMPOB,9054,2010,40.04
ADH_PMPOB,9055,1991,82.45
ADH_PMPOB,9055,2000,75.11
ADH_PMPOB,9055,2010,53.99
ADH_PMPOB,9056,1991,63.82000000000001
ADH_PMPOB,9056,2000,45.24
ADH_PMPOB,9056,2010,31.99
ADH_PMPOB,9057,1991,74.6
ADH_PMPOB,9057,2000,67.92
ADH_PMPOB,9057,2010,50.24
ADH_PMPOB,9058,1991,69.92
ADH_PMPOB,9058,2000,57.35
ADH_PMPOB,9058,2010,33.94
ADH_PMPOB,9059,1991,66.74
ADH_PMPOB,9059,2000,51.93
ADH_PMPOB,9059,2010,24.36
ADH_PMPOB,9060,1991,59.23
ADH_PMPOB,9060,2000,54.49000000000001
ADH_PMPOB,9060,2010,31.42
ADH_PMPOB,9061,1991,76.3
ADH_PMPOB,9061,2000,63.82
ADH_PMPOB,9061,2010,36.46
ADH_PMPOB,9062,1991,86.16
ADH_PMPOB,9062,2000,78.41999999999999
ADH_PMPOB,9062,2010,54.89
ADH_PMPOB,9063,1991,82.66000000000001
ADH_PMPOB,9063,2000,67.18
ADH_PMPOB,9063,2010,42.370000000000005
ADH_PMPOB,9064,1991,79.13
ADH_PMPOB,9064,2000,62.209999999999994
ADH_PMPOB,9064,2010,36.16
ADH_PMPOB,9065,1991,59.010000000000005
ADH_PMPOB,9065,2000,43.74
ADH_PMPOB,9065,2010,22.97
ADH_PMPOB,9066,1991,71.29
ADH_PMPOB,9066,2000,57.25
ADH_PMPOB,9066,2010,28.01
ADH_PMPOB,9067,1991,71.2
ADH_PMPOB,9067,2000,60.449999999999996
ADH_PMPOB,9067,2010,39
ADH_PMPOB,9068,1991,81.65
ADH_PMPOB,9068,2000,67.83
ADH_PMPOB,9068,2010,36.47
ADH_PMPOB,9069,1991,69.57
ADH_PMPOB,9069,2000,60.96000000000001
ADH_PMPOB,9069,2010,35.11
ADH_PMPOB,9070,1991,73.77
ADH_PMPOB,9070,2000,61.07
ADH_PMPOB,9070,2010,38.16
ADH_PMPOB,9071,1991,76.16
ADH_PMPOB,9071,2000,70.02
ADH_PMPOB,9071,2010,37.53
ADH_PMPOB,9072,1991,68.67
ADH_PMPOB,9072,2000,55.99000000000001
ADH_PMPOB,9072,2010,34.71
ADH_PMPOB,9073,1991,78.98
ADH_PMPOB,9073,2000,77.33
ADH_PMPOB,9073,2010,51.11000000000001
ADH_PMPOB,9074,1991,69.19
ADH_PMPOB,9074,2000,60.23
ADH_PMPOB,9074,2010,35.98
ADH_PMPOB,10001,1991,74.15
ADH_PMPOB,10001,2000,51.44
ADH_PMPOB,10001,2010,31.739999999999995
ADH_PMPOB,10002,1991,69.32
ADH_PMPOB,10002,2000,62.76
ADH_PMPOB,10002,2010,47.77
ADH_PMPOB,10003,1991,77.33
ADH_PMPOB,10003,2000,65.46
ADH_PMPOB,10003,2010,48.78
ADH_PMPOB,10004,1991,68.51173297098715
ADH_PMPOB,10004,2000,57.92524050571002
ADH_PMPOB,10004,2010,47.935620975160994
ADH_PMPOB,10005,1991,88.11
ADH_PMPOB,10005,2000,74.62
ADH_PMPOB,10005,2010,50.3
ADH_PMPOB,10006,1991,83
ADH_PMPOB,10006,2000,67.89
ADH_PMPOB,10006,2010,36.75
ADH_PMPOB,10007,1991,76.03
ADH_PMPOB,10007,2000,59.49000000000001
ADH_PMPOB,10007,2010,27.11
ADH_PMPOB,10008,1991,54.97995851677607
ADH_PMPOB,10008,2000,41.25177472395073
ADH_PMPOB,10008,2010,21.408211842876685
ADH_PMPOB,10009,1991,56.23269966421348
ADH_PMPOB,10009,2000,37.8411588490957
ADH_PMPOB,10009,2010,18.154886286745356
ADH_PMPOB,10010,1991,88.46
ADH_PMPOB,10010,2000,66.24
ADH_PMPOB,10010,2010,38.08
ADH_PMPOB,10011,1991,75.90000000000002
ADH_PMPOB,10011,2000,48.38
ADH_PMPOB,10011,2010,33.42
ADH_PMPOB,10012,1991,69.41
ADH_PMPOB,10012,2000,47.81
ADH_PMPOB,10012,2010,28.189999999999998
ADH_PMPOB,10013,1991,70.21011498946997
ADH_PMPOB,10013,2000,54.168390437190666
ADH_PMPOB,10013,2010,36.82145875346186
ADH_PMPOB,10014,1991,87.28
ADH_PMPOB,10014,2000,69.9
ADH_PMPOB,10014,2010,39.06
ADH_PMPOB,10015,1991,84.81879039141567
ADH_PMPOB,10015,2000,69.42008525754885
ADH_PMPOB,10015,2010,51.32937710284623
ADH_PMPOB,10016,1991,72.59869451541391
ADH_PMPOB,10016,2000,48.76466172437333
ADH_PMPOB,10016,2010,31.793052018956924
ADH_PMPOB,10017,1991,76.59
ADH_PMPOB,10017,2000,65.1
ADH_PMPOB,10017,2010,41.72
ADH_PMPOB,10018,1991,83.76
ADH_PMPOB,10018,2000,66.17
ADH_PMPOB,10018,2010,38.32
ADH_PMPOB,10019,1991,80.24310814646607
ADH_PMPOB,10019,2000,62.165046130739526
ADH_PMPOB,10019,2010,44.43671855057124
ADH_PMPOB,10020,1991,89.59
ADH_PMPOB,10020,2000,66.23
ADH_PMPOB,10020,2010,37.58
ADH_PMPOB,10021,1991,82.75
ADH_PMPOB,10021,2000,66.97
ADH_PMPOB,10021,2010,35.74
ADH_PMPOB,10022,1991,79.15
ADH_PMPOB,10022,2000,66.29
ADH_PMPOB,10022,2010,55.3
ADH_PMPOB,10023,1991,74.00054105787022
ADH_PMPOB,10023,2000,61.06102841077242
ADH_PMPOB,10023,2010,33.21722609885411
ADH_PMPOB,10024,1991,89.47
ADH_PMPOB,10024,2000,64.38
ADH_PMPOB,10024,2010,28.509999999999998
ADH_PMPOB,10025,1991,87.44
ADH_PMPOB,10025,2000,75.92
ADH_PMPOB,10025,2010,52.7
ADH_PMPOB,10026,1991,76.36
ADH_PMPOB,10026,2000,61.72
ADH_PMPOB,10026,2010,39.06
ADH_PMPOB,10027,1991,81.17242269283285
ADH_PMPOB,10027,2000,67.59996421761339
ADH_PMPOB,10027,2010,35.684075705756186
ADH_PMPOB,10028,1991,78.12
ADH_PMPOB,10028,2000,68.74
ADH_PMPOB,10028,2010,39.85
ADH_PMPOB,10029,1991,79.8
ADH_PMPOB,10029,2000,75.02
ADH_PMPOB,10029,2010,36.6
ADH_PMPOB,10030,1991,83.45
ADH_PMPOB,10030,2000,71.18
ADH_PMPOB,10030,2010,49.22
ADH_PMPOB,10031,1991,85.38
ADH_PMPOB,10031,2000,65.82
ADH_PMPOB,10031,2010,45.3
ADH_PMPOB,10032,1991,73.77873328641802
ADH_PMPOB,10032,2000,58.11646362274927
ADH_PMPOB,10032,2010,35.80748702218027
ADH_PMPOB,10033,1991,86.06111580475893
ADH_PMPOB,10033,2000,75.70433992005854
ADH_PMPOB,10033,2010,58.570005429498586
ADH_PMPOB,10034,1991,82.27
ADH_PMPOB,10034,2000,54.65
ADH_PMPOB,10034,2010,41.63
ADH_PMPOB,10035,1991,78.65
ADH_PMPOB,10035,2000,61.95
ADH_PMPOB,10035,2010,31.839999999999996
ADH_PMPOB,10036,1991,76.09
ADH_PMPOB,10036,2000,59.81999999999999
ADH_PMPOB,10036,2010,42.11
ADH_PMPOB,10037,1991,87.18
ADH_PMPOB,10037,2000,70.07
ADH_PMPOB,10037,2010,34.9
ADH_PMPOB,10038,1991,47.639923144180216
ADH_PMPOB,10038,2000,33.90987387182404
ADH_PMPOB,10038,2010,14.520391075876315
ADH_PMPOB,10039,1991,76.35840077349343
ADH_PMPOB,10039,2000,60.450900097740124
ADH_PMPOB,10039,2010,42.93697497279652
ADH_PMPOB,10040,1991,69.97015733943748
ADH_PMPOB,10040,2000,56.29013352241999
ADH_PMPOB,10040,2010,32.09574230646597
ADH_PMPOB,10041,1991,90.65
ADH_PMPOB,10041,2000,59.62
ADH_PMPOB,10041,2010,34.48
ADH_PMPOB,10042,1991,78.3
ADH_PMPOB,10042,2000,55.20000000000001
ADH_PMPOB,10042,2010,35.61
ADH_PMPOB,10043,1991,73.81
ADH_PMPOB,10043,2000,52.39
ADH_PMPOB,10043,2010,39.69
ADH_PMPOB,10044,1991,79.28
ADH_PMPOB,10044,2000,71.02
ADH_PMPOB,10044,2010,52.84000000000001
ADH_PMPOB,10045,1991,84.31189960357703
ADH_PMPOB,10045,2000,76.30813334131307
ADH_PMPOB,10045,2010,48.374837564626894
ADH_PMPOB,10046,1991,96.31
ADH_PMPOB,10046,2000,74.08
ADH_PMPOB,10046,2010,54.52
ADH_PMPOB,10047,1991,78.93645324050102
ADH_PMPOB,10047,2000,64.0471768600731
ADH_PMPOB,10047,2010,43.21866471334727
ADH_PMPOB,10048,1991,76.79902086349314
ADH_PMPOB,10048,2000,62.455778790694936
ADH_PMPOB,10048,2010,40.619422231311994
ADH_PMPOB,10049,1991,77.2
ADH_PMPOB,10049,2000,61.19
ADH_PMPOB,10049,2010,40.34
ADH_PMPOB,10050,1991,75.69316585377237
ADH_PMPOB,10050,2000,60.079728669085995
ADH_PMPOB,10050,2010,43.295155006200254
ADH_PMPOB,10051,1991,85.18
ADH_PMPOB,10051,2000,63.550000000000004
ADH_PMPOB,10051,2010,39.88
ADH_PMPOB,10052,1991,85.00566030218518
ADH_PMPOB,10052,2000,68.91056258906062
ADH_PMPOB,10052,2010,43.79394269896194
ADH_PMPOB,10053,1991,78.05
ADH_PMPOB,10053,2000,52.14
ADH_PMPOB,10053,2010,39.470000000000006
ADH_PMPOB,10054,1991,80.6
ADH_PMPOB,10054,2000,69.85
ADH_PMPOB,10054,2010,48.71999999999999
ADH_PMPOB,10055,1991,81.65000000000002
ADH_PMPOB,10055,2000,74.6
ADH_PMPOB,10055,2010,45.57
ADH_PMPOB,10056,1991,63.49
ADH_PMPOB,10056,2000,45.61
ADH_PMPOB,10056,2010,25.36
ADH_PMPOB,10057,1991,82.40697807950824
ADH_PMPOB,10057,2000,62.55404216677195
ADH_PMPOB,10057,2010,35.619967105263164
ADH_PMPOB,10058,1991,85.47
ADH_PMPOB,10058,2000,73.25
ADH_PMPOB,10058,2010,24.310000000000002
ADH_PMPOB,10059,1991,73.91483754512635
ADH_PMPOB,10059,2000,55.00164880604446
ADH_PMPOB,10059,2010,35.93829187037598
ADH_PMPOB,10060,1991,75.63
ADH_PMPOB,10060,2000,51.52
ADH_PMPOB,10060,2010,33.83
ADH_PMPOB,10061,1991,75.29
ADH_PMPOB,10061,2000,54.279999999999994
ADH_PMPOB,10061,2010,24.3
ADH_PMPOB,10062,1991,85.84
ADH_PMPOB,10062,2000,70.39
ADH_PMPOB,10062,2010,49.42
ADH_PMPOB,10063,1991,82.17404844425404
ADH_PMPOB,10063,2000,62.26291065444847
ADH_PMPOB,10063,2010,35.11369363211769
ADH_PMPOB,10064,1991,82.35414392421205
ADH_PMPOB,10064,2000,69.68013438963374
ADH_PMPOB,10064,2010,48.28595831353113
ADH_PMPOB,10065,1991,69.9
ADH_PMPOB,10065,2000,59.95
ADH_PMPOB,10065,2010,32.54
ADH_PMPOB,10066,1991,85.11415630873702
ADH_PMPOB,10066,2000,72.87173850675251
ADH_PMPOB,10066,2010,46.9594063684341
ADH_PMPOB,10067,1991,78.39
ADH_PMPOB,10067,2000,58.12
ADH_PMPOB,10067,2010,38.74
ADH_PMPOB,10068,1991,41.73431645490998
ADH_PMPOB,10068,2000,38.22206722689075
ADH_PMPOB,10068,2010,17.319786367602855
ADH_PMPOB,10069,1991,82.19040289823252
ADH_PMPOB,10069,2000,70.47690997717035
ADH_PMPOB,10069,2010,45.77678791500938
ADH_PMPOB,10070,1991,90.53
ADH_PMPOB,10070,2000,58.55
ADH_PMPOB,10070,2010,58.96000000000001
ADH_PMPOB,10071,1991,84.99633914507632
ADH_PMPOB,10071,2000,66.55273967561315
ADH_PMPOB,10071,2010,49.21369690011481
ADH_PMPOB,10072,1991,86.64
ADH_PMPOB,10072,2000,66.87
ADH_PMPOB,10072,2010,47.06
ADH_PMPOB,10073,1991,75.73676962989988
ADH_PMPOB,10073,2000,56.03405172917113
ADH_PMPOB,10073,2010,32.26677758318739
ADH_PMPOB,10074,1991,83.71
ADH_PMPOB,10074,2000,66.61
ADH_PMPOB,10074,2010,36.55
ADH_PMPOB,10075,1991,46.71
ADH_PMPOB,10075,2000,39.95
ADH_PMPOB,10075,2010,17.44
ADH_PMPOB,10076,1991,85.69
ADH_PMPOB,10076,2000,65.14
ADH_PMPOB,10076,2010,29.909999999999997
ADH_PMPOB,10077,1991,71.34
ADH_PMPOB,10077,2000,50.92999999999999
ADH_PMPOB,10077,2010,39.5
ADH_PMPOB,10078,1991,85.72
ADH_PMPOB,10078,2000,76.98
ADH_PMPOB,10078,2010,53.28
ADH_PMPOB,10079,1991,82.88927349254277
ADH_PMPOB,10079,2000,64.27659758152735
ADH_PMPOB,10079,2010,43.27543049943766
ADH_PMPOB,10080,1991,72.37277497398252
ADH_PMPOB,10080,2000,58.36552356247298
ADH_PMPOB,10080,2010,30.717620443538106
ADH_PMPOB,10081,1991,74.9169195809432
ADH_PMPOB,10081,2000,57.93340955123849
ADH_PMPOB,10081,2010,33.408251147972344
ADH_PMPOB,10082,1991,83.2742020814122
ADH_PMPOB,10082,2000,67.94928266082786
ADH_PMPOB,10082,2010,40.61185644563502
ADH_PMPOB,10083,1991,69.38
ADH_PMPOB,10083,2000,54.53
ADH_PMPOB,10083,2010,34.46
ADH_PMPOB,10084,1991,85.64
ADH_PMPOB,10084,2000,72.67
ADH_PMPOB,10084,2010,54.04
ADH_PMPOB,10085,1991,82.76316973799673
ADH_PMPOB,10085,2000,68.0540227415167
ADH_PMPOB,10085,2010,48.06936349959496
ADH_PMPOB,10086,1991,81.36
ADH_PMPOB,10086,2000,59.66
ADH_PMPOB,10086,2010,37.38
ADH_PMPOB,10087,1991,80.94802041132968
ADH_PMPOB,10087,2000,67.32100362459092
ADH_PMPOB,10087,2010,39.581594849366624
ADH_PMPOB,10088,1991,80.54
ADH_PMPOB,10088,2000,63.18999999999999
ADH_PMPOB,10088,2010,42.42
ADH_PMPOB,10089,1991,57.57
ADH_PMPOB,10089,2000,42.97
ADH_PMPOB,10089,2010,22.17
ADH_PMPOB,10090,1991,81.94
ADH_PMPOB,10090,2000,64.02
ADH_PMPOB,10090,2010,46.19
ADH_PMPOB,10091,1991,90.05
ADH_PMPOB,10091,2000,73.08
ADH_PMPOB,10091,2010,46.56
ADH_PMPOB,10092,1991,80.67876503876661
ADH_PMPOB,10092,2000,59.63350584985376
ADH_PMPOB,10092,2010,40.18356902626522
ADH_PMPOB,10093,1991,75.65
ADH_PMPOB,10093,2000,60.91
ADH_PMPOB,10093,2010,38.16
ADH_PMPOB,10094,1991,76.25
ADH_PMPOB,10094,2000,61.01
ADH_PMPOB,10094,2010,29.860000000000003
ADH_PMPOB,10095,1991,75.79
ADH_PMPOB,10095,2000,64.29
ADH_PMPOB,10095,2010,44.13
ADH_PMPOB,10096,1991,69.07
ADH_PMPOB,10096,2000,54.6
ADH_PMPOB,10096,2010,32.84
ADH_PMPOB,10097,1991,77.78
ADH_PMPOB,10097,2000,55.53000000000001
ADH_PMPOB,10097,2010,41.69
ADH_PMPOB,10098,1991,80.24000000000001
ADH_PMPOB,10098,2000,60.70000000000001
ADH_PMPOB,10098,2010,32.42
ADH_PMPOB,10099,1991,64.6
ADH_PMPOB,10099,2000,43.93
ADH_PMPOB,10099,2010,21.54
ADH_PMPOB,10100,1991,83.89
ADH_PMPOB,10100,2000,66.82
ADH_PMPOB,10100,2010,56.43000000000001
ADH_PMPOB,10101,1991,84.19641722154962
ADH_PMPOB,10101,2000,59.65558074021306
ADH_PMPOB,10101,2010,38.70636543390699
ADH_PMPOB,10102,1991,76.08
ADH_PMPOB,10102,2000,60.55
ADH_PMPOB,10102,2010,35.43
ADH_PMPOB,10103,1991,78.24
ADH_PMPOB,10103,2000,64.07
ADH_PMPOB,10103,2010,42.58
ADH_PMPOB,10104,1991,80
ADH_PMPOB,10104,2000,59.41
ADH_PMPOB,10104,2010,33.98
ADH_PMPOB,10105,1991,68.73515738220296
ADH_PMPOB,10105,2000,66.17295993458708
ADH_PMPOB,10105,2010,39.23288100895631
ADH_PMPOB,10106,1991,80.08
ADH_PMPOB,10106,2000,75.43
ADH_PMPOB,10106,2010,42.31
ADH_PMPOB,10107,1991,79.27156157896061
ADH_PMPOB,10107,2000,63.11043086785251
ADH_PMPOB,10107,2010,44.45274949032868
ADH_PMPOB,10108,1991,79.1527924340468
ADH_PMPOB,10108,2000,66.27470821152352
ADH_PMPOB,10108,2010,48.09752191723135
ADH_PMPOB,10109,1991,86.51
ADH_PMPOB,10109,2000,68.05
ADH_PMPOB,10109,2010,42.52
ADH_PMPOB,10110,1991,73.58
ADH_PMPOB,10110,2000,65.74
ADH_PMPOB,10110,2010,51.72
ADH_PMPOB,10111,1991,74.17
ADH_PMPOB,10111,2000,67.21
ADH_PMPOB,10111,2010,46.07
ADH_PMPOB,10112,1991,63.02
ADH_PMPOB,10112,2000,38.93
ADH_PMPOB,10112,2010,24.93
ADH_PMPOB,10113,1991,72.61
ADH_PMPOB,10113,2000,60.54
ADH_PMPOB,10113,2010,43.82
ADH_PMPOB,10114,1991,88.42
ADH_PMPOB,10114,2000,80.05
ADH_PMPOB,10114,2010,53.410000000000004
ADH_PMPOB,10115,1991,75.27
ADH_PMPOB,10115,2000,55.669999999999995
ADH_PMPOB,10115,2010,40.89
ADH_PMPOB,10116,1991,80.13
ADH_PMPOB,10116,2000,55.81
ADH_PMPOB,10116,2010,36.54
ADH_PMPOB,10117,1991,77.44
ADH_PMPOB,10117,2000,52.33
ADH_PMPOB,10117,2010,35.13
ADH_PMPOB,10118,1991,77.67169639539205
ADH_PMPOB,10118,2000,60.38694216932423
ADH_PMPOB,10118,2010,42.25816176470588
ADH_PMPOB,10119,1991,76.59
ADH_PMPOB,10119,2000,60.2
ADH_PMPOB,10119,2010,39.75
ADH_PMPOB,10120,1991,74.95
ADH_PMPOB,10120,2000,67.08
ADH_PMPOB,10120,2010,39.21
ADH_PMPOB,10121,1991,63.49216917488323
ADH_PMPOB,10121,2000,38.501467298718616
ADH_PMPOB,10121,2010,21.543740313142496
ADH_PMPOB,10122,1991,46.97
ADH_PMPOB,10122,2000,35.88
ADH_PMPOB,10122,2010,15.799999999999999
ADH_PMPOB,10123,1991,87.211689773641
ADH_PMPOB,10123,2000,71.43405094043888
ADH_PMPOB,10123,2010,45.96035810205908
ADH_PMPOB,10124,1991,72.57
ADH_PMPOB,10124,2000,57.33
ADH_PMPOB,10124,2010,24.91
ADH_PMPOB,10125,1991,77.37
ADH_PMPOB,10125,2000,61.62
ADH_PMPOB,10125,2010,38.11
ADH_PMPOB,10126,1991,77.86
ADH_PMPOB,10126,2000,70.99
ADH_PMPOB,10126,2010,42.96
ADH_PMPOB,10127,1991,66.33063063063064
ADH_PMPOB,10127,2000,56.4083779059605
ADH_PMPOB,10127,2010,30.43357560025957
ADH_PMPOB,10128,1991,77.15
ADH_PMPOB,10128,2000,54.74
ADH_PMPOB,10128,2010,49.38999999999999
ADH_PMPOB,10129,1991,74.98
ADH_PMPOB,10129,2000,61.41
ADH_PMPOB,10129,2010,38.55
ADH_PMPOB,10130,1991,87.49
ADH_PMPOB,10130,2000,74.44
ADH_PMPOB,10130,2010,40.1
ADH_PMPOB,10131,1991,80.13
ADH_PMPOB,10131,2000,56.76
ADH_PMPOB,10131,2010,30.73
ADH_PMPOB,10132,1991,63.27
ADH_PMPOB,10132,2000,48.13
ADH_PMPOB,10132,2010,18.63
ADH_PMPOB,10133,1991,79.1
ADH_PMPOB,10133,2000,66.65
ADH_PMPOB,10133,2010,40.97
ADH_PMPOB,10134,1991,84.81202622640018
ADH_PMPOB,10134,2000,68.7443345303765
ADH_PMPOB,10134,2010,50.22494539100044
ADH_PMPOB,10135,1991,74.78
ADH_PMPOB,10135,2000,63.65
ADH_PMPOB,10135,2010,43.94
ADH_PMPOB,10136,1991,78.58
ADH_PMPOB,10136,2000,53.83
ADH_PMPOB,10136,2010,21.91
ADH_PMPOB,10137,1991,77.24
ADH_PMPOB,10137,2000,61.06
ADH_PMPOB,10137,2010,32.19
ADH_PMPOB,10138,1991,83.87
ADH_PMPOB,10138,2000,51.31
ADH_PMPOB,10138,2010,31.209999999999997
ADH_PMPOB,10139,1991,84.85
ADH_PMPOB,10139,2000,61.7
ADH_PMPOB,10139,2010,34.67
ADH_PMPOB,10140,1991,78.72
ADH_PMPOB,10140,2000,59.25
ADH_PMPOB,10140,2010,43.23
ADH_PMPOB,10141,1991,70.58
ADH_PMPOB,10141,2000,52.59
ADH_PMPOB,10141,2010,47.05
ADH_PMPOB,10142,1991,85.9
ADH_PMPOB,10142,2000,74.74
ADH_PMPOB,10142,2010,52.54
ADH_PMPOB,10143,1991,83.66
ADH_PMPOB,10143,2000,72.01
ADH_PMPOB,10143,2010,45.03
ADH_PMPOB,10144,1991,67.22
ADH_PMPOB,10144,2000,48.38
ADH_PMPOB,10144,2010,20.97
ADH_PMPOB,10145,1991,80.55
ADH_PMPOB,10145,2000,69.04
ADH_PMPOB,10145,2010,36.2
ADH_PMPOB,10146,1991,75.77376581347455
ADH_PMPOB,10146,2000,57.668113314447595
ADH_PMPOB,10146,2010,46.21031435010121
ADH_PMPOB,10147,1991,75.24
ADH_PMPOB,10147,2000,63.67999999999999
ADH_PMPOB,10147,2010,44.22
ADH_PMPOB,10148,1991,76.82
ADH_PMPOB,10148,2000,55.78
ADH_PMPOB,10148,2010,34.56
ADH_PMPOB,10149,1991,78.85
ADH_PMPOB,10149,2000,50.96000000000001
ADH_PMPOB,10149,2010,34.31
ADH_PMPOB,10150,1991,86.77
ADH_PMPOB,10150,2000,64.87
ADH_PMPOB,10150,2010,31.73
ADH_PMPOB,10151,1991,79.77
ADH_PMPOB,10151,2000,63.13000000000001
ADH_PMPOB,10151,2010,43.17
ADH_PMPOB,10152,1991,66.56
ADH_PMPOB,10152,2000,46.36000000000001
ADH_PMPOB,10152,2010,19.66
ADH_PMPOB,10153,1991,80.27
ADH_PMPOB,10153,2000,66.74
ADH_PMPOB,10153,2010,44.31
ADH_PMPOB,10154,1991,77.35
ADH_PMPOB,10154,2000,67.13
ADH_PMPOB,10154,2010,52.76
ADH_PMPOB,10155,1991,68.81
ADH_PMPOB,10155,2000,51.39
ADH_PMPOB,10155,2010,29.68
ADH_PMPOB,10156,1991,75.8961919619032
ADH_PMPOB,10156,2000,60.82932959971379
ADH_PMPOB,10156,2010,37.859396283274734
ADH_PMPOB,10157,1991,75.71
ADH_PMPOB,10157,2000,63.080000000000005
ADH_PMPOB,10157,2010,40.28
ADH_PMPOB,10158,1991,84.26
ADH_PMPOB,10158,2000,65.4
ADH_PMPOB,10158,2010,44.78
ADH_PMPOB,10159,1991,86.82
ADH_PMPOB,10159,2000,67.4
ADH_PMPOB,10159,2010,44.260000000000005
ADH_PMPOB,10160,1991,86.04
ADH_PMPOB,10160,2000,65.71
ADH_PMPOB,10160,2010,53.66
ADH_PMPOB,10161,1991,77.73
ADH_PMPOB,10161,2000,65.43
ADH_PMPOB,10161,2010,33.95
ADH_PMPOB,10162,1991,69.99964744455853
ADH_PMPOB,10162,2000,42.398363753118126
ADH_PMPOB,10162,2010,21.90213508971858
ADH_PMPOB,10163,1991,72.78
ADH_PMPOB,10163,2000,53.19
ADH_PMPOB,10163,2010,29.19
ADH_PMPOB,10164,1991,55.025654642394464
ADH_PMPOB,10164,2000,37.08530301472352
ADH_PMPOB,10164,2010,17.704772592722396
ADH_PMPOB,10165,1991,77.33
ADH_PMPOB,10165,2000,69.24
ADH_PMPOB,10165,2010,36.47
ADH_PMPOB,10166,1991,83.82
ADH_PMPOB,10166,2000,72.8
ADH_PMPOB,10166,2010,50.94
ADH_PMPOB,10167,1991,81.33
ADH_PMPOB,10167,2000,70.15
ADH_PMPOB,10167,2010,43.38
ADH_PMPOB,10168,1991,84.45
ADH_PMPOB,10168,2000,70.12
ADH_PMPOB,10168,2010,35.8
ADH_PMPOB,10169,1991,73.59
ADH_PMPOB,10169,2000,44.29
ADH_PMPOB,10169,2010,30.72
ADH_PMPOB,10170,1991,81.52399625740722
ADH_PMPOB,10170,2000,69.88708801113748
ADH_PMPOB,10170,2010,44.32017805770705
ADH_PMPOB,10171,1991,87.45
ADH_PMPOB,10171,2000,59.78
ADH_PMPOB,10171,2010,37.65
ADH_PMPOB,10172,1991,75.01
ADH_PMPOB,10172,2000,60.589999999999996
ADH_PMPOB,10172,2010,28.49
ADH_PMPOB,10173,1991,69.49138147410358
ADH_PMPOB,10173,2000,48.20771487565505
ADH_PMPOB,10173,2010,29.073145217355748
ADH_PMPOB,10174,1991,79.97
ADH_PMPOB,10174,2000,61.46
ADH_PMPOB,10174,2010,32.85
ADH_PMPOB,10175,1991,84.59
ADH_PMPOB,10175,2000,63.08
ADH_PMPOB,10175,2010,23.04
ADH_PMPOB,10176,1991,82.25
ADH_PMPOB,10176,2000,67.66
ADH_PMPOB,10176,2010,48.74
ADH_PMPOB,10177,1991,69.13
ADH_PMPOB,10177,2000,52.97
ADH_PMPOB,10177,2010,27.57
ADH_PMPOB,10178,1991,69.44
ADH_PMPOB,10178,2000,49.41
ADH_PMPOB,10178,2010,28.32
ADH_PMPOB,10179,1991,90.35
ADH_PMPOB,10179,2000,63.75
ADH_PMPOB,10179,2010,34.17
ADH_PMPOB,10180,1991,83.76
ADH_PMPOB,10180,2000,60.65
ADH_PMPOB,10180,2010,36.38
ADH_PMPOB,10181,1991,61.88000000000001
ADH_PMPOB,10181,2000,40.4
ADH_PMPOB,10181,2010,12.26
ADH_PMPOB,10182,1991,79.8
ADH_PMPOB,10182,2000,77.5
ADH_PMPOB,10182,2010,57.29
ADH_PMPOB,10183,1991,84.36
ADH_PMPOB,10183,2000,67.38
ADH_PMPOB,10183,2010,36.57
ADH_PMPOB,10184,1991,83.52
ADH_PMPOB,10184,2000,64.72
ADH_PMPOB,10184,2010,51.57
ADH_PMPOB,10185,1991,81.77
ADH_PMPOB,10185,2000,59.74
ADH_PMPOB,10185,2010,27.65
ADH_PMPOB,10186,1991,80.35823958939628
ADH_PMPOB,10186,2000,61.42013647410731
ADH_PMPOB,10186,2010,42.526152254861394
ADH_PMPOB,10187,1991,79.54
ADH_PMPOB,10187,2000,64.15
ADH_PMPOB,10187,2010,33.21
ADH_PMPOB,10188,1991,78.87
ADH_PMPOB,10188,2000,71.32
ADH_PMPOB,10188,2010,54.5
ADH_PMPOB,10189,1991,73.69
ADH_PMPOB,10189,2000,57.26
ADH_PMPOB,10189,2010,22.06
ADH_PMPOB,10190,1991,75.86
ADH_PMPOB,10190,2000,58.19
ADH_PMPOB,10190,2010,42.66
ADH_PMPOB,10191,1991,79.98790306598274
ADH_PMPOB,10191,2000,66.4019953635644
ADH_PMPOB,10191,2010,35.3589172849684
ADH_PMPOB,10192,1991,85.65743349583511
ADH_PMPOB,10192,2000,69.98418074550818
ADH_PMPOB,10192,2010,42.41873448762726
ADH_PMPOB,10193,1991,76.06
ADH_PMPOB,10193,2000,57.25
ADH_PMPOB,10193,2010,35.25
ADH_PMPOB,10194,1991,75.43
ADH_PMPOB,10194,2000,52.82
ADH_PMPOB,10194,2010,36.44
ADH_PMPOB,10195,1991,82.02000000000001
ADH_PMPOB,10195,2000,69.86
ADH_PMPOB,10195,2010,47.49
ADH_PMPOB,10196,1991,80.54
ADH_PMPOB,10196,2000,76.19
ADH_PMPOB,10196,2010,54.92
ADH_PMPOB,10197,1991,66.69
ADH_PMPOB,10197,2000,47.6
ADH_PMPOB,10197,2010,22.48
ADH_PMPOB,10198,1991,72.45841482009546
ADH_PMPOB,10198,2000,63.88648699636168
ADH_PMPOB,10198,2010,44.68192870782941
ADH_PMPOB,10199,1991,80.77
ADH_PMPOB,10199,2000,58.10999999999999
ADH_PMPOB,10199,2010,42.589999999999996
ADH_PMPOB,10200,1991,84.15
ADH_PMPOB,10200,2000,78.64
ADH_PMPOB,10200,2010,42.15
ADH_PMPOB,10201,1991,59.85856656109351
ADH_PMPOB,10201,2000,43.24354537193964
ADH_PMPOB,10201,2010,22.15709499238515
ADH_PMPOB,10202,1991,84.35
ADH_PMPOB,10202,2000,65.97
ADH_PMPOB,10202,2010,45.97
ADH_PMPOB,10203,1991,65.31
ADH_PMPOB,10203,2000,51.220000000000006
ADH_PMPOB,10203,2010,24.82
ADH_PMPOB,10204,1991,87.78
ADH_PMPOB,10204,2000,68.02
ADH_PMPOB,10204,2010,38.48
ADH_PMPOB,10205,1991,75.32
ADH_PMPOB,10205,2000,58
ADH_PMPOB,10205,2010,43.59
ADH_PMPOB,10206,1991,58.08
ADH_PMPOB,10206,2000,50.04
ADH_PMPOB,10206,2010,21.7
ADH_PMPOB,10207,1991,85.88
ADH_PMPOB,10207,2000,74.74
ADH_PMPOB,10207,2010,56.72
ADH_PMPOB,10208,1991,78.44677668748142
ADH_PMPOB,10208,2000,64.93562099389186
ADH_PMPOB,10208,2010,40.756743119266055
ADH_PMPOB,10209,1991,90.6
ADH_PMPOB,10209,2000,65.2
ADH_PMPOB,10209,2010,53.56
ADH_PMPOB,10210,1991,43.52
ADH_PMPOB,10210,2000,28.76
ADH_PMPOB,10210,2010,11.45
ADH_PMPOB,10211,1991,75.36
ADH_PMPOB,10211,2000,56.56
ADH_PMPOB,10211,2010,39.34
ADH_PMPOB,10212,1991,79.01
ADH_PMPOB,10212,2000,58.84
ADH_PMPOB,10212,2010,29.59
ADH_PMPOB,10213,1991,73.13
ADH_PMPOB,10213,2000,49.89
ADH_PMPOB,10213,2010,35.73
ADH_PMPOB,10214,1991,83.07
ADH_PMPOB,10214,2000,73.71
ADH_PMPOB,10214,2010,54.31
ADH_PMPOB,10215,1991,76.19000000000001
ADH_PMPOB,10215,2000,56.5
ADH_PMPOB,10215,2010,23.98
ADH_PMPOB,10216,1991,84.37
ADH_PMPOB,10216,2000,67.51
ADH_PMPOB,10216,2010,44.17
ADH_PMPOB,10217,1991,87.28
ADH_PMPOB,10217,2000,69.16
ADH_PMPOB,10217,2010,47.59
ADH_PMPOB,10218,1991,32.20678645651431
ADH_PMPOB,10218,2000,24.331326912526073
ADH_PMPOB,10218,2010,11.420909755249843
ADH_PMPOB,10219,1991,81.65053947153808
ADH_PMPOB,10219,2000,67.1331684618138
ADH_PMPOB,10219,2010,44.25966553890768
ADH_PMPOB,10220,1991,81.97
ADH_PMPOB,10220,2000,57.88
ADH_PMPOB,10220,2010,27.36
ADH_PMPOB,10221,1991,83.5924330011398
ADH_PMPOB,10221,2000,66.8607455958242
ADH_PMPOB,10221,2010,42.34363312394298
ADH_PMPOB,10222,1991,75.68
ADH_PMPOB,10222,2000,68.53
ADH_PMPOB,10222,2010,39.63
ADH_PMPOB,10223,1991,84.01
ADH_PMPOB,10223,2000,67.62
ADH_PMPOB,10223,2010,46.92
ADH_PMPOB,10224,1991,85.8244885177453
ADH_PMPOB,10224,2000,72.20613822992699
ADH_PMPOB,10224,2010,49.52452757324546
ADH_PMPOB,10225,1991,78.83
ADH_PMPOB,10225,2000,56.92
ADH_PMPOB,10225,2010,42.63
ADH_PMPOB,10226,1991,82.32
ADH_PMPOB,10226,2000,74.25
ADH_PMPOB,10226,2010,44.19
ADH_PMPOB,10227,1991,87.67999999999999
ADH_PMPOB,10227,2000,65.78
ADH_PMPOB,10227,2010,48.41
ADH_PMPOB,10228,1991,84.67
ADH_PMPOB,10228,2000,68.75
ADH_PMPOB,10228,2010,46.08
ADH_PMPOB,10229,1991,57.74
ADH_PMPOB,10229,2000,44.51
ADH_PMPOB,10229,2010,23.45
ADH_PMPOB,10230,1991,84.9741248827845
ADH_PMPOB,10230,2000,73.54338665295101
ADH_PMPOB,10230,2010,42.098607355650735
ADH_PMPOB,10231,1991,60.8
ADH_PMPOB,10231,2000,47.05
ADH_PMPOB,10231,2010,27.86
ADH_PMPOB,10232,1991,79.93
ADH_PMPOB,10232,2000,64.44
ADH_PMPOB,10232,2010,43.1
ADH_PMPOB,10233,1991,73.21
ADH_PMPOB,10233,2000,54.71000000000001
ADH_PMPOB,10233,2010,33.35
ADH_PMPOB,10234,1991,85.22
ADH_PMPOB,10234,2000,70.16
ADH_PMPOB,10234,2010,50.34
ADH_PMPOB,10235,1991,86.39
ADH_PMPOB,10235,2000,76.5
ADH_PMPOB,10235,2010,55.01
ADH_PMPOB,10236,1991,81.47
ADH_PMPOB,10236,2000,64.83
ADH_PMPOB,10236,2010,50.91
ADH_PMPOB,10237,1991,77.77
ADH_PMPOB,10237,2000,58.20000000000001
ADH_PMPOB,10237,2010,26.65
ADH_PMPOB,10238,1991,83.04
ADH_PMPOB,10238,2000,60.21
ADH_PMPOB,10238,2010,35.14
ADH_PMPOB,10239,1991,54.87
ADH_PMPOB,10239,2000,43.66
ADH_PMPOB,10239,2010,22.95
ADH_PMPOB,10240,1991,84.36
ADH_PMPOB,10240,2000,62.67999999999999
ADH_PMPOB,10240,2010,41.77
ADH_PMPOB,10241,1991,75.69
ADH_PMPOB,10241,2000,65.18
ADH_PMPOB,10241,2010,33.95
ADH_PMPOB,10242,1991,75.83
ADH_PMPOB,10242,2000,53.25
ADH_PMPOB,10242,2010,40.5
ADH_PMPOB,10243,1991,65.24
ADH_PMPOB,10243,2000,54.06
ADH_PMPOB,10243,2010,34.19
ADH_PMPOB,10244,1991,75.09
ADH_PMPOB,10244,2000,67.42
ADH_PMPOB,10244,2010,48.88
ADH_PMPOB,10245,1991,86.42014163869815
ADH_PMPOB,10245,2000,69.73434542608409
ADH_PMPOB,10245,2010,47.04435101290131
ADH_PMPOB,10246,1991,78.17
ADH_PMPOB,10246,2000,64.62
ADH_PMPOB,10246,2010,36.62
ADH_PMPOB,10247,1991,85.1
ADH_PMPOB,10247,2000,72.11
ADH_PMPOB,10247,2010,55.03999999999999
ADH_PMPOB,10248,1991,75.76
ADH_PMPOB,10248,2000,69.25
ADH_PMPOB,10248,2010,50.39
ADH_PMPOB,10249,1991,55.59
ADH_PMPOB,10249,2000,52.13
ADH_PMPOB,10249,2010,26.17
ADH_PMPOB,10250,1991,81.94
ADH_PMPOB,10250,2000,67.22
ADH_PMPOB,10250,2010,52.64
ADH_PMPOB,10251,1991,88.74
ADH_PMPOB,10251,2000,70.24
ADH_PMPOB,10251,2010,47.07
ADH_PMPOB,10252,1991,75.72
ADH_PMPOB,10252,2000,67.25
ADH_PMPOB,10252,2010,32.58
ADH_PMPOB,10253,1991,78.17
ADH_PMPOB,10253,2000,72.26
ADH_PMPOB,10253,2010,41.14
ADH_PMPOB,10254,1991,76.78
ADH_PMPOB,10254,2000,53.74
ADH_PMPOB,10254,2010,38.11
ADH_PMPOB,10255,1991,83.44
ADH_PMPOB,10255,2000,51.68
ADH_PMPOB,10255,2010,30.95
ADH_PMPOB,10256,1991,87.54
ADH_PMPOB,10256,2000,78.43
ADH_PMPOB,10256,2010,51.6
ADH_PMPOB,10257,1991,80.98
ADH_PMPOB,10257,2000,60.72
ADH_PMPOB,10257,2010,41.5
ADH_PMPOB,10258,1991,47.96
ADH_PMPOB,10258,2000,41.05
ADH_PMPOB,10258,2010,22.69
ADH_PMPOB,10259,1991,74.89
ADH_PMPOB,10259,2000,73.13
ADH_PMPOB,10259,2010,44.72
ADH_PMPOB,10260,1991,88.13
ADH_PMPOB,10260,2000,77.15
ADH_PMPOB,10260,2010,56.17
ADH_PMPOB,10261,1991,88.08
ADH_PMPOB,10261,2000,64.22
ADH_PMPOB,10261,2010,46.46
ADH_PMPOB,10262,1991,93.12
ADH_PMPOB,10262,2000,75.42
ADH_PMPOB,10262,2010,55.56
ADH_PMPOB,10263,1991,82.35
ADH_PMPOB,10263,2000,56.95
ADH_PMPOB,10263,2010,31.53
ADH_PMPOB,10264,1991,76.03
ADH_PMPOB,10264,2000,59.67
ADH_PMPOB,10264,2010,41.13
ADH_PMPOB,10265,1991,85.28
ADH_PMPOB,10265,2000,63.61000000000001
ADH_PMPOB,10265,2010,42.43
ADH_PMPOB,10266,1991,82.55
ADH_PMPOB,10266,2000,63.44
ADH_PMPOB,10266,2010,42.02
ADH_PMPOB,10267,1991,80.86
ADH_PMPOB,10267,2000,57.07
ADH_PMPOB,10267,2010,37.1
ADH_PMPOB,10268,1991,50.080000000000005
ADH_PMPOB,10268,2000,42.98
ADH_PMPOB,10268,2010,21.62
ADH_PMPOB,10269,1991,80.85
ADH_PMPOB,10269,2000,67.11
ADH_PMPOB,10269,2010,27.83
ADH_PMPOB,10270,1991,76.62076015976669
ADH_PMPOB,10270,2000,54.31881760339343
ADH_PMPOB,10270,2010,30.7008124437215
ADH_PMPOB,10271,1991,77.95
ADH_PMPOB,10271,2000,61.04
ADH_PMPOB,10271,2010,41.11
ADH_PMPOB,10272,1991,68.32739732759225
ADH_PMPOB,10272,2000,53.20365420839724
ADH_PMPOB,10272,2010,32.831887414569984
ADH_PMPOB,10273,1991,90.51999999999998
ADH_PMPOB,10273,2000,75.69
ADH_PMPOB,10273,2010,50.84
ADH_PMPOB,10274,1991,81.1
ADH_PMPOB,10274,2000,59.98
ADH_PMPOB,10274,2010,42.6
ADH_PMPOB,10275,1991,81.15
ADH_PMPOB,10275,2000,57.11
ADH_PMPOB,10275,2010,31.790000000000003
ADH_PMPOB,10276,1991,83.59
ADH_PMPOB,10276,2000,73.72
ADH_PMPOB,10276,2010,47.3
ADH_PMPOB,10277,1991,76.16
ADH_PMPOB,10277,2000,53.5
ADH_PMPOB,10277,2010,32.97
ADH_PMPOB,10278,1991,83.79
ADH_PMPOB,10278,2000,65.76
ADH_PMPOB,10278,2010,39.43
ADH_PMPOB,10279,1991,79.17
ADH_PMPOB,10279,2000,53.85
ADH_PMPOB,10279,2010,36.17
ADH_PMPOB,10280,1991,73.12
ADH_PMPOB,10280,2000,63.38000000000001
ADH_PMPOB,10280,2010,41.6
ADH_PMPOB,10281,1991,49.33
ADH_PMPOB,10281,2000,53.959999999999994
ADH_PMPOB,10281,2010,43.13
ADH_PMPOB,10282,1991,80.75
ADH_PMPOB,10282,2000,63.57999999999999
ADH_PMPOB,10282,2010,39.83
ADH_PMPOB,10283,1991,71.56
ADH_PMPOB,10283,2000,67.09
ADH_PMPOB,10283,2010,41.93
ADH_PMPOB,10284,1991,77.51
ADH_PMPOB,10284,2000,66.38
ADH_PMPOB,10284,2010,43.86
ADH_PMPOB,10285,1991,82.96
ADH_PMPOB,10285,2000,78.95
ADH_PMPOB,10285,2010,51.75
ADH_PMPOB,10286,1991,84.94
ADH_PMPOB,10286,2000,66.61
ADH_PMPOB,10286,2010,40.129999999999995
ADH_PMPOB,10287,1991,83.72
ADH_PMPOB,10287,2000,55.36
ADH_PMPOB,10287,2010,36.1
ADH_PMPOB,10288,1991,77.47
ADH_PMPOB,10288,2000,59.69
ADH_PMPOB,10288,2010,38.74
ADH_PMPOB,10289,1991,76.77
ADH_PMPOB,10289,2000,61.57
ADH_PMPOB,10289,2010,34.68
ADH_PMPOB,10290,1991,72.58
ADH_PMPOB,10290,2000,59.71
ADH_PMPOB,10290,2010,38.45
ADH_PMPOB,10291,1991,83.2
ADH_PMPOB,10291,2000,69.53
ADH_PMPOB,10291,2010,38.96
ADH_PMPOB,10292,1991,64.57983787956768
ADH_PMPOB,10292,2000,47.2134299707027
ADH_PMPOB,10292,2010,30.590510717235983
ADH_PMPOB,10293,1991,59.63
ADH_PMPOB,10293,2000,38.19
ADH_PMPOB,10293,2010,17.91
ADH_PMPOB,10294,1991,71.02
ADH_PMPOB,10294,2000,60.28
ADH_PMPOB,10294,2010,32.34
ADH_PMPOB,10295,1991,75.96
ADH_PMPOB,10295,2000,60.62
ADH_PMPOB,10295,2010,40.12
ADH_PMPOB,10296,1991,77.77065324130079
ADH_PMPOB,10296,2000,56.36253250729388
ADH_PMPOB,10296,2010,23.036508613034986
ADH_PMPOB,10297,1991,68.17
ADH_PMPOB,10297,2000,55.2
ADH_PMPOB,10297,2010,30.600000000000005
ADH_PMPOB,10298,1991,78.2
ADH_PMPOB,10298,2000,56.36000000000001
ADH_PMPOB,10298,2010,38.65
ADH_PMPOB,10299,1991,67.69
ADH_PMPOB,10299,2000,48.87
ADH_PMPOB,10299,2010,18.84
ADH_PMPOB,10300,1991,76.68
ADH_PMPOB,10300,2000,55.43
ADH_PMPOB,10300,2010,23.86
ADH_PMPOB,10301,1991,72.49
ADH_PMPOB,10301,2000,49.91
ADH_PMPOB,10301,2010,43.78
ADH_PMPOB,10302,1991,56.45
ADH_PMPOB,10302,2000,46.75
ADH_PMPOB,10302,2010,25.77
ADH_PMPOB,10303,1991,69.69
ADH_PMPOB,10303,2000,55.31
ADH_PMPOB,10303,2010,36.8
ADH_PMPOB,10304,1991,83.87
ADH_PMPOB,10304,2000,77.21
ADH_PMPOB,10304,2010,52.46
ADH_PMPOB,10305,1991,81.86
ADH_PMPOB,10305,2000,67.31
ADH_PMPOB,10305,2010,48.93
ADH_PMPOB,10306,1991,74.07
ADH_PMPOB,10306,2000,57.75999999999999
ADH_PMPOB,10306,2010,39.46
ADH_PMPOB,10307,1991,75.37
ADH_PMPOB,10307,2000,58.96000000000001
ADH_PMPOB,10307,2010,35.31
ADH_PMPOB,10308,1991,84.46
ADH_PMPOB,10308,2000,70.44
ADH_PMPOB,10308,2010,49.51
ADH_PMPOB,10309,1991,88.2
ADH_PMPOB,10309,2000,71.56
ADH_PMPOB,10309,2010,44.65
ADH_PMPOB,10310,1991,82.6
ADH_PMPOB,10310,2000,66.42
ADH_PMPOB,10310,2010,42.08
ADH_PMPOB,10311,1991,80.71
ADH_PMPOB,10311,2000,63.86
ADH_PMPOB,10311,2010,38.82
ADH_PMPOB,10312,1991,49.32
ADH_PMPOB,10312,2000,41.66
ADH_PMPOB,10312,2010,21.82
ADH_PMPOB,10313,1991,87.28
ADH_PMPOB,10313,2000,65.44
ADH_PMPOB,10313,2010,47.75
ADH_PMPOB,10314,1991,86.52
ADH_PMPOB,10314,2000,64.35
ADH_PMPOB,10314,2010,49.53
ADH_PMPOB,10315,1991,78.88
ADH_PMPOB,10315,2000,50.2
ADH_PMPOB,10315,2010,41.94
ADH_PMPOB,10316,1991,76.53
ADH_PMPOB,10316,2000,56.93
ADH_PMPOB,10316,2010,36.45
ADH_PMPOB,10317,1991,87.86
ADH_PMPOB,10317,2000,69.37
ADH_PMPOB,10317,2010,44.53
ADH_PMPOB,10318,1991,84.17
ADH_PMPOB,10318,2000,68.96
ADH_PMPOB,10318,2010,44.55
ADH_PMPOB,10319,1991,72.16
ADH_PMPOB,10319,2000,60.82
ADH_PMPOB,10319,2010,39.63
ADH_PMPOB,10320,1991,87.12
ADH_PMPOB,10320,2000,70.69
ADH_PMPOB,10320,2010,41.56
ADH_PMPOB,10321,1991,76.29
ADH_PMPOB,10321,2000,75.56
ADH_PMPOB,10321,2010,44.84000000000001
ADH_PMPOB,10322,1991,78.75
ADH_PMPOB,10322,2000,62.14
ADH_PMPOB,10322,2010,27.59
ADH_PMPOB,10323,1991,75.64
ADH_PMPOB,10323,2000,66.28
ADH_PMPOB,10323,2010,47.22
ADH_PMPOB,10324,1991,82.39
ADH_PMPOB,10324,2000,67.62
ADH_PMPOB,10324,2010,47.54
ADH_PMPOB,10325,1991,86.23
ADH_PMPOB,10325,2000,60.5
ADH_PMPOB,10325,2010,43.77
ADH_PMPOB,10326,1991,76.57
ADH_PMPOB,10326,2000,62.24
ADH_PMPOB,10326,2010,35.38
ADH_PMPOB,10327,1991,74.11
ADH_PMPOB,10327,2000,61.2
ADH_PMPOB,10327,2010,40.02
ADH_PMPOB,10328,1991,81.15
ADH_PMPOB,10328,2000,55.72
ADH_PMPOB,10328,2010,38.28
ADH_PMPOB,10329,1991,84.1
ADH_PMPOB,10329,2000,41.18
ADH_PMPOB,10329,2010,30.41
ADH_PMPOB,10330,1991,82.99
ADH_PMPOB,10330,2000,60.42000000000001
ADH_PMPOB,10330,2010,25.88
ADH_PMPOB,10331,1991,77.03
ADH_PMPOB,10331,2000,67.04
ADH_PMPOB,10331,2010,43
ADH_PMPOB,10332,1991,79.83
ADH_PMPOB,10332,2000,57.73
ADH_PMPOB,10332,2010,40.24
ADH_PMPOB,10333,1991,62.53
ADH_PMPOB,10333,2000,50.33
ADH_PMPOB,10333,2010,30.59
ADH_PMPOB,10334,1991,51.05
ADH_PMPOB,10334,2000,36.36
ADH_PMPOB,10334,2010,18.07
ADH_PMPOB,10335,1991,80.71
ADH_PMPOB,10335,2000,61.09000000000001
ADH_PMPOB,10335,2010,39.77
ADH_PMPOB,10336,1991,85.37
ADH_PMPOB,10336,2000,71.16
ADH_PMPOB,10336,2010,37.03
ADH_RDPC,3001,1991,251.57015480646862
ADH_RDPC,3001,2000,297.17365364882744
ADH_RDPC,3001,2010,446.4361790128978
ADH_RDPC,3002,1991,70.12
ADH_RDPC,3002,2000,87.25
ADH_RDPC,3002,2010,149.78
ADH_RDPC,3003,1991,89.1300043152396
ADH_RDPC,3003,2000,90.48608756080611
ADH_RDPC,3003,2010,175.11196243020373
ADH_RDPC,3004,1991,116
ADH_RDPC,3004,2000,118.36999999999999
ADH_RDPC,3004,2010,209.27
ADH_RDPC,3005,1991,94.82
ADH_RDPC,3005,2000,112.18000000000002
ADH_RDPC,3005,2010,179.92
ADH_RDPC,3006,1991,118.27
ADH_RDPC,3006,2000,138.17
ADH_RDPC,3006,2010,164.24
ADH_RDPC,3007,1991,122.81962193617906
ADH_RDPC,3007,2000,147.17947162619294
ADH_RDPC,3007,2010,274.57339620916366
ADH_RDPC,3008,1991,110.04451116010236
ADH_RDPC,3008,2000,144.15967051216666
ADH_RDPC,3008,2010,212.08981028854117
ADH_RDPC,3009,1991,152.16
ADH_RDPC,3009,2000,184.36
ADH_RDPC,3009,2010,559.61
ADH_RDPC,3010,1991,107.77
ADH_RDPC,3010,2000,116.3
ADH_RDPC,3010,2010,231.79
ADH_RDPC,3011,1991,89.59
ADH_RDPC,3011,2000,103.91
ADH_RDPC,3011,2010,207.65
ADH_RDPC,3012,1991,92.28
ADH_RDPC,3012,2000,214.42000000000002
ADH_RDPC,3012,2010,192.8
ADH_RDPC,3013,1991,87.70981221291542
ADH_RDPC,3013,2000,120.17822906496434
ADH_RDPC,3013,2010,223.2081814149479
ADH_RDPC,3014,1991,113.16825369410861
ADH_RDPC,3014,2000,133.9012341037979
ADH_RDPC,3014,2010,215.0389767636009
ADH_RDPC,3015,1991,108.39627532872032
ADH_RDPC,3015,2000,166.84334168009318
ADH_RDPC,3015,2010,257.5809597875569
ADH_RDPC,3016,1991,116.15000000000002
ADH_RDPC,3016,2000,187.5
ADH_RDPC,3016,2010,308.83
ADH_RDPC,3017,1991,106.95
ADH_RDPC,3017,2000,118.31
ADH_RDPC,3017,2010,223.51
ADH_RDPC,3018,1991,115.48951047241977
ADH_RDPC,3018,2000,134.44911907833685
ADH_RDPC,3018,2010,267.7476633456267
ADH_RDPC,3019,1991,73.4092208655204
ADH_RDPC,3019,2000,88.45722521514028
ADH_RDPC,3019,2010,147.46558416215535
ADH_RDPC,3020,1991,145.95
ADH_RDPC,3020,2000,353.17
ADH_RDPC,3020,2010,531.6
ADH_RDPC,3021,1991,98.11
ADH_RDPC,3021,2000,151.92
ADH_RDPC,3021,2010,292.55
ADH_RDPC,3022,1991,82.01571113304274
ADH_RDPC,3022,2000,111.12082318410309
ADH_RDPC,3022,2010,209.1384764023986
ADH_RDPC,3023,1991,92.67892983881313
ADH_RDPC,3023,2000,92.13516888344417
ADH_RDPC,3023,2010,169.51086825095666
ADH_RDPC,3024,1991,92.46395437441944
ADH_RDPC,3024,2000,125.99812942985022
ADH_RDPC,3024,2010,206.233837201158
ADH_RDPC,3025,1991,80.8680641419999
ADH_RDPC,3025,2000,128.96289926924976
ADH_RDPC,3025,2010,230.34954407095148
ADH_RDPC,3026,1991,68.88
ADH_RDPC,3026,2000,99.59
ADH_RDPC,3026,2010,190.84
ADH_RDPC,3027,1991,95.91522968467665
ADH_RDPC,3027,2000,120.41077195050089
ADH_RDPC,3027,2010,252.33526257886345
ADH_RDPC,3028,1991,91.14963226776429
ADH_RDPC,3028,2000,106.12889445694417
ADH_RDPC,3028,2010,193.43615678180615
ADH_RDPC,3029,1991,97.94219396560686
ADH_RDPC,3029,2000,111.63813161875945
ADH_RDPC,3029,2010,180.83299909435672
ADH_RDPC,3030,1991,100.92
ADH_RDPC,3030,2000,107.60000000000001
ADH_RDPC,3030,2010,157.21
ADH_RDPC,3031,1991,115.63
ADH_RDPC,3031,2000,123.43
ADH_RDPC,3031,2010,229.21
ADH_RDPC,3032,1991,124.17868453174589
ADH_RDPC,3032,2000,150.84864256704842
ADH_RDPC,3032,2010,274.3412066662905
ADH_RDPC,3033,1991,109.1880235972452
ADH_RDPC,3033,2000,84.60080174728124
ADH_RDPC,3033,2010,146.86822639063632
ADH_RDPC,3034,1991,77.56
ADH_RDPC,3034,2000,84.59
ADH_RDPC,3034,2010,136.39
ADH_RDPC,3035,1991,170.81553556549915
ADH_RDPC,3035,2000,222.05254841708413
ADH_RDPC,3035,2010,398.42747927285455
ADH_RDPC,3036,1991,96.56339121241595
ADH_RDPC,3036,2000,123.32892853841174
ADH_RDPC,3036,2010,210.75435771199864
ADH_RDPC,3037,1991,157.24310229154872
ADH_RDPC,3037,2000,229.2383097930279
ADH_RDPC,3037,2010,423.4028907332721
ADH_RDPC,3038,1991,141.01955134979346
ADH_RDPC,3038,2000,195.99067675787566
ADH_RDPC,3038,2010,308.9187947809035
ADH_RDPC,3039,1991,116.05031843760345
ADH_RDPC,3039,2000,118.92909045940765
ADH_RDPC,3039,2010,212.09686531512222
ADH_RDPC,3040,1991,122.16764074271815
ADH_RDPC,3040,2000,147.72180426922887
ADH_RDPC,3040,2010,218.9372988011762
ADH_RDPC,3041,1991,127.05
ADH_RDPC,3041,2000,145.19
ADH_RDPC,3041,2010,251.75
ADH_RDPC,3042,1991,146.01
ADH_RDPC,3042,2000,167.17
ADH_RDPC,3042,2010,236.47
ADH_RDPC,3043,1991,161.52731721882554
ADH_RDPC,3043,2000,151.4847714033971
ADH_RDPC,3043,2010,266.7091778924839
ADH_RDPC,3044,1991,109.62924539714031
ADH_RDPC,3044,2000,151.03807194345302
ADH_RDPC,3044,2010,236.50706276380984
ADH_RDPC,3045,1991,174.57
ADH_RDPC,3045,2000,250.16
ADH_RDPC,3045,2010,298.33
ADH_RDPC,3046,1991,79.16
ADH_RDPC,3046,2000,114.67
ADH_RDPC,3046,2010,163.87
ADH_RDPC,3047,1991,100.2597314272629
ADH_RDPC,3047,2000,120.745680136244
ADH_RDPC,3047,2010,219.99929079641956
ADH_RDPC,3048,1991,79.5290195659147
ADH_RDPC,3048,2000,138.70343370959827
ADH_RDPC,3048,2010,255.96615175577904
ADH_RDPC,3049,1991,82.80601174672138
ADH_RDPC,3049,2000,131.35481420585333
ADH_RDPC,3049,2010,245.00155767951122
ADH_RDPC,3050,1991,85.28
ADH_RDPC,3050,2000,157.66
ADH_RDPC,3050,2010,257.81
ADH_RDPC,3051,1991,183.47
ADH_RDPC,3051,2000,205.54
ADH_RDPC,3051,2010,233.2
ADH_RDPC,3052,1991,128.93
ADH_RDPC,3052,2000,131.62
ADH_RDPC,3052,2010,237.47
ADH_RDPC,3053,1991,67.83065247977488
ADH_RDPC,3053,2000,122.30348663793102
ADH_RDPC,3053,2010,228.8864670248028
ADH_RDPC,3054,1991,107.02922598459526
ADH_RDPC,3054,2000,165.87366917749358
ADH_RDPC,3054,2010,233.8734696170379
ADH_RDPC,3055,1991,88.96
ADH_RDPC,3055,2000,120.35
ADH_RDPC,3055,2010,227.51
ADH_RDPC,3056,1991,95.61999999999999
ADH_RDPC,3056,2000,128.77
ADH_RDPC,3056,2010,223.14
ADH_RDPC,3057,1991,85.88
ADH_RDPC,3057,2000,85.88
ADH_RDPC,3057,2010,125.91
ADH_RDPC,3058,1991,64.23
ADH_RDPC,3058,2000,96.68
ADH_RDPC,3058,2010,154.09
ADH_RDPC,3059,1991,109.50742762121477
ADH_RDPC,3059,2000,149.76251107903897
ADH_RDPC,3059,2010,228.46952690756558
ADH_RDPC,3060,1991,91.81
ADH_RDPC,3060,2000,101.84
ADH_RDPC,3060,2010,221.23
ADH_RDPC,3061,1991,144.86
ADH_RDPC,3061,2000,179.09
ADH_RDPC,3061,2010,226.68999999999997
ADH_RDPC,3062,1991,86.93659293838685
ADH_RDPC,3062,2000,101.13934446167947
ADH_RDPC,3062,2010,195.79693827082212
ADH_RDPC,3063,1991,97.22124622240433
ADH_RDPC,3063,2000,162.29268800993262
ADH_RDPC,3063,2010,263.5100410078634
ADH_RDPC,3064,1991,67.46
ADH_RDPC,3064,2000,104.97
ADH_RDPC,3064,2010,198.72999999999996
ADH_RDPC,3065,1991,69.81
ADH_RDPC,3065,2000,93.11
ADH_RDPC,3065,2010,181.73
ADH_RDPC,3066,1991,60.19
ADH_RDPC,3066,2000,105.15999999999998
ADH_RDPC,3066,2010,161.49
ADH_RDPC,3067,1991,81.77210820707832
ADH_RDPC,3067,2000,131.66587866425576
ADH_RDPC,3067,2010,235.39016051697314
ADH_RDPC,3068,1991,83.76
ADH_RDPC,3068,2000,113.76
ADH_RDPC,3068,2010,202.65999999999997
ADH_RDPC,3069,1991,80.43
ADH_RDPC,3069,2000,130.49
ADH_RDPC,3069,2010,163.97
ADH_RDPC,3070,1991,64.83
ADH_RDPC,3070,2000,92.72
ADH_RDPC,3070,2010,152.75
ADH_RDPC,3071,1991,66.15
ADH_RDPC,3071,2000,155.12
ADH_RDPC,3071,2010,257.61
ADH_RDPC,3072,1991,114.88767878014374
ADH_RDPC,3072,2000,132.58960417000011
ADH_RDPC,3072,2010,231.5257105559841
ADH_RDPC,3073,1991,221.23834480036092
ADH_RDPC,3073,2000,265.4447652129165
ADH_RDPC,3073,2010,410.3514888016554
ADH_RDPC,3074,1991,62.47
ADH_RDPC,3074,2000,104.32
ADH_RDPC,3074,2010,167.06
ADH_RDPC,3075,1991,135.3
ADH_RDPC,3075,2000,183.74
ADH_RDPC,3075,2010,281.23
ADH_RDPC,3076,1991,175.28922654335625
ADH_RDPC,3076,2000,203.9829628312289
ADH_RDPC,3076,2010,385.7043266382425
ADH_RDPC,3077,1991,115.7390755028265
ADH_RDPC,3077,2000,141.94491725341516
ADH_RDPC,3077,2010,247.4195614904412
ADH_RDPC,3078,1991,89.39
ADH_RDPC,3078,2000,118.91
ADH_RDPC,3078,2010,201.99
ADH_RDPC,3079,1991,101.7
ADH_RDPC,3079,2000,107.5
ADH_RDPC,3079,2010,186.94999999999996
ADH_RDPC,3080,1991,73.68
ADH_RDPC,3080,2000,99.32
ADH_RDPC,3080,2010,181.05
ADH_RDPC,3081,1991,152.0578619914798
ADH_RDPC,3081,2000,213.15569859280865
ADH_RDPC,3081,2010,366.95003676259404
ADH_RDPC,3082,1991,90.11
ADH_RDPC,3082,2000,79.44
ADH_RDPC,3082,2010,133.03
ADH_RDPC,3083,1991,63.22
ADH_RDPC,3083,2000,97.27
ADH_RDPC,3083,2010,149.19
ADH_RDPC,3084,1991,85.29960749185668
ADH_RDPC,3084,2000,92.77180020357713
ADH_RDPC,3084,2010,132.43248001728233
ADH_RDPC,3085,1991,108.24
ADH_RDPC,3085,2000,129
ADH_RDPC,3085,2010,233.92000000000002
ADH_RDPC,3086,1991,97.68933790651818
ADH_RDPC,3086,2000,125.59289285892507
ADH_RDPC,3086,2010,208.97692176282328
ADH_RDPC,3087,1991,106.94
ADH_RDPC,3087,2000,167.67
ADH_RDPC,3087,2010,217.94
ADH_RDPC,3088,1991,175.98
ADH_RDPC,3088,2000,251.04
ADH_RDPC,3088,2010,411.04
ADH_RDPC,3089,1991,82.26
ADH_RDPC,3089,2000,130.14
ADH_RDPC,3089,2010,249.26
ADH_RDPC,3090,1991,87.98928287660127
ADH_RDPC,3090,2000,88.86220532319392
ADH_RDPC,3090,2010,175.533295487322
ADH_RDPC,3091,1991,54.62
ADH_RDPC,3091,2000,76.86
ADH_RDPC,3091,2010,147.34
ADH_RDPC,3092,1991,117.03
ADH_RDPC,3092,2000,130.65
ADH_RDPC,3092,2010,210.47
ADH_RDPC,3093,1991,98.48999999999998
ADH_RDPC,3093,2000,100.67
ADH_RDPC,3093,2010,182.63
ADH_RDPC,3094,1991,129.74782608695654
ADH_RDPC,3094,2000,188.94287706141472
ADH_RDPC,3094,2010,341.3093206052605
ADH_RDPC,3095,1991,170.84
ADH_RDPC,3095,2000,273.81
ADH_RDPC,3095,2010,435.4
ADH_RDPC,3096,1991,371.59
ADH_RDPC,3096,2000,502.14000000000004
ADH_RDPC,3096,2010,805.36
ADH_RDPC,3097,1991,119.39
ADH_RDPC,3097,2000,211.4
ADH_RDPC,3097,2010,301.25
ADH_RDPC,3098,1991,82.32999999999998
ADH_RDPC,3098,2000,148.87
ADH_RDPC,3098,2010,190.06
ADH_RDPC,3099,1991,57.33
ADH_RDPC,3099,2000,129.4
ADH_RDPC,3099,2010,264.76
ADH_RDPC,3100,1991,78.98
ADH_RDPC,3100,2000,100.08
ADH_RDPC,3100,2010,177.46
ADH_RDPC,3101,1991,149.22
ADH_RDPC,3101,2000,205.21
ADH_RDPC,3101,2010,365.26
ADH_RDPC,3102,1991,75.11
ADH_RDPC,3102,2000,100.86
ADH_RDPC,3102,2010,165.37
ADH_RDPC,4001,1991,108.01647126790942
ADH_RDPC,4001,2000,113.31989873246425
ADH_RDPC,4001,2010,242.1384294378951
ADH_RDPC,4002,1991,76.42
ADH_RDPC,4002,2000,115.07
ADH_RDPC,4002,2010,245.68000000000004
ADH_RDPC,4003,1991,148.40396777728176
ADH_RDPC,4003,2000,183.47514563482844
ADH_RDPC,4003,2010,324.01861644318984
ADH_RDPC,4004,1991,96.1793
ADH_RDPC,4004,2000,167.4752162751893
ADH_RDPC,4004,2010,226.34598432752279
ADH_RDPC,4005,1991,126.97847569123238
ADH_RDPC,4005,2000,197.97240852780178
ADH_RDPC,4005,2010,295.9394495751755
ADH_RDPC,4006,1991,84.01864266461301
ADH_RDPC,4006,2000,110.84514021774993
ADH_RDPC,4006,2010,263.0742505619306
ADH_RDPC,4007,1991,118.9979436365976
ADH_RDPC,4007,2000,161.58925475017594
ADH_RDPC,4007,2010,296.0024891140332
ADH_RDPC,4008,1991,88.01164676867889
ADH_RDPC,4008,2000,190.88016585261124
ADH_RDPC,4008,2010,259.5430982019364
ADH_RDPC,4009,1991,118.73
ADH_RDPC,4009,2000,155.03
ADH_RDPC,4009,2010,284.71
ADH_RDPC,4010,1991,132.33
ADH_RDPC,4010,2000,140.04
ADH_RDPC,4010,2010,356.17
ADH_RDPC,4011,1991,135.85533166071858
ADH_RDPC,4011,2000,169.7527156624715
ADH_RDPC,4011,2010,283.258334787844
ADH_RDPC,4012,1991,148.35219734031557
ADH_RDPC,4012,2000,202.15039024390245
ADH_RDPC,4012,2010,369.3074965334678
ADH_RDPC,4013,1991,96.57510874439461
ADH_RDPC,4013,2000,135.61825194999466
ADH_RDPC,4013,2010,243.15313381385147
ADH_RDPC,4014,1991,190.17307203287905
ADH_RDPC,4014,2000,247.47535954487986
ADH_RDPC,4014,2010,405.4863172839433
ADH_RDPC,4015,1991,70.29967740636327
ADH_RDPC,4015,2000,127.24076531603279
ADH_RDPC,4015,2010,175.19045559152786
ADH_RDPC,4016,1991,109.64241257050764
ADH_RDPC,4016,2000,151.22583260066818
ADH_RDPC,4016,2010,226.20427899836898
ADH_RDPC,4017,1991,110.32774131274131
ADH_RDPC,4017,2000,175.4896244722613
ADH_RDPC,4017,2010,245.20031046598697
ADH_RDPC,4018,1991,99.27454826732674
ADH_RDPC,4018,2000,150.79541249126078
ADH_RDPC,4018,2010,232.6058133854421
ADH_RDPC,4019,1991,85.40007277730147
ADH_RDPC,4019,2000,133.99506992430213
ADH_RDPC,4019,2010,249.63188099682353
ADH_RDPC,4020,1991,118.0918973262032
ADH_RDPC,4020,2000,164.0408946258547
ADH_RDPC,4020,2010,279.91528521961
ADH_RDPC,4021,1991,114.10893155546793
ADH_RDPC,4021,2000,158.76192096071128
ADH_RDPC,4021,2010,278.732816439005
ADH_RDPC,4022,1991,167.9207314897413
ADH_RDPC,4022,2000,217.7377995548855
ADH_RDPC,4022,2010,324.6846862188584
ADH_RDPC,4023,1991,96.4475966260944
ADH_RDPC,4023,2000,139.97282496569346
ADH_RDPC,4023,2010,255.47846423148306
ADH_RDPC,4024,1991,107.6579726690047
ADH_RDPC,4024,2000,145.6968486833311
ADH_RDPC,4024,2010,287.60822034265885
ADH_RDPC,4025,1991,112.57441062018646
ADH_RDPC,4025,2000,162.28913800408273
ADH_RDPC,4025,2010,334.3286279745808
ADH_RDPC,4026,1991,95.5168331780056
ADH_RDPC,4026,2000,160.7080817180817
ADH_RDPC,4026,2010,275.9013116483516
ADH_RDPC,4027,1991,202.47151597065152
ADH_RDPC,4027,2000,228.36269696368325
ADH_RDPC,4027,2010,443.92374711886737
ADH_RDPC,4028,1991,178.54212570247566
ADH_RDPC,4028,2000,290.2898399858425
ADH_RDPC,4028,2010,416.76221451517193
ADH_RDPC,4029,1991,190.8930394531088
ADH_RDPC,4029,2000,188.66861139274852
ADH_RDPC,4029,2010,333.2440020876268
ADH_RDPC,4030,1991,133.590974883242
ADH_RDPC,4030,2000,181.9957410352805
ADH_RDPC,4030,2010,261.4779153605015
ADH_RDPC,4031,1991,130.7746576915049
ADH_RDPC,4031,2000,134.38521528561003
ADH_RDPC,4031,2010,246.07553255866353
ADH_RDPC,4032,1991,133.6074328620713
ADH_RDPC,4032,2000,198.57560382108045
ADH_RDPC,4032,2010,340.6716761972838
ADH_RDPC,4033,1991,96.54
ADH_RDPC,4033,2000,109.79999999999998
ADH_RDPC,4033,2010,209
ADH_RDPC,4034,1991,145.3750237041305
ADH_RDPC,4034,2000,148.5156351028549
ADH_RDPC,4034,2010,262.29079704685853
ADH_RDPC,4035,1991,108.84781199972157
ADH_RDPC,4035,2000,147.52649970645487
ADH_RDPC,4035,2010,235.0484498776146
ADH_RDPC,4036,1991,80.97778359511344
ADH_RDPC,4036,2000,98.79412662417259
ADH_RDPC,4036,2010,201.48540320855616
ADH_RDPC,4037,1991,147.01211909146718
ADH_RDPC,4037,2000,115.9256901147294
ADH_RDPC,4037,2010,244.18433040548672
ADH_RDPC,4038,1991,102.83
ADH_RDPC,4038,2000,125.48
ADH_RDPC,4038,2010,248.79000000000002
ADH_RDPC,4039,1991,94.77728166031343
ADH_RDPC,4039,2000,119.36089933094756
ADH_RDPC,4039,2010,203.3049353315541
ADH_RDPC,4040,1991,126.08406113142806
ADH_RDPC,4040,2000,130.93949093731453
ADH_RDPC,4040,2010,234.23509109947648
ADH_RDPC,4041,1991,81.96910151908115
ADH_RDPC,4041,2000,118.1568793721208
ADH_RDPC,4041,2010,195.93749557074156
ADH_RDPC,4042,1991,91.21090202355091
ADH_RDPC,4042,2000,147.34863913043478
ADH_RDPC,4042,2010,325.9531651247547
ADH_RDPC,4043,1991,87.49567234600262
ADH_RDPC,4043,2000,123.03738433348602
ADH_RDPC,4043,2010,194.0019936267676
ADH_RDPC,4044,1991,158.51549649509315
ADH_RDPC,4044,2000,213.55574918918916
ADH_RDPC,4044,2010,355.1449832568095
ADH_RDPC,4045,1991,81.38
ADH_RDPC,4045,2000,138.62
ADH_RDPC,4045,2010,204.49
ADH_RDPC,4046,1991,75.617720032766
ADH_RDPC,4046,2000,133.1187899641577
ADH_RDPC,4046,2010,250.81036786993664
ADH_RDPC,4047,1991,149.38
ADH_RDPC,4047,2000,223.02
ADH_RDPC,4047,2010,300.31
ADH_RDPC,4048,1991,54.36
ADH_RDPC,4048,2000,77.91
ADH_RDPC,4048,2010,240.24
ADH_RDPC,4049,1991,114.83870751529031
ADH_RDPC,4049,2000,155.32880798004985
ADH_RDPC,4049,2010,283.403509691411
ADH_RDPC,4050,1991,94.31
ADH_RDPC,4050,2000,125.08999999999999
ADH_RDPC,4050,2010,210.02
ADH_RDPC,4051,1991,95.1242529348986
ADH_RDPC,4051,2000,151.90064472113252
ADH_RDPC,4051,2010,227.90921696574225
ADH_RDPC,4052,1991,247.14000000000001
ADH_RDPC,4052,2000,337.4200000000001
ADH_RDPC,4052,2010,536.3
ADH_RDPC,4053,1991,76.66
ADH_RDPC,4053,2000,93.42
ADH_RDPC,4053,2010,206.73000000000002
ADH_RDPC,4054,1991,57.45000000000001
ADH_RDPC,4054,2000,126.75999999999999
ADH_RDPC,4054,2010,268.41
ADH_RDPC,4055,1991,145.17
ADH_RDPC,4055,2000,186.24
ADH_RDPC,4055,2010,330.49
ADH_RDPC,4056,1991,76.67
ADH_RDPC,4056,2000,108.11
ADH_RDPC,4056,2010,214.09
ADH_RDPC,4057,1991,177.61
ADH_RDPC,4057,2000,206.64
ADH_RDPC,4057,2010,263.73
ADH_RDPC,4058,1991,109.09
ADH_RDPC,4058,2000,157.5
ADH_RDPC,4058,2010,261.12
ADH_RDPC,4059,1991,61.56
ADH_RDPC,4059,2000,107.88
ADH_RDPC,4059,2010,397.98
ADH_RDPC,4060,1991,75.68819723106537
ADH_RDPC,4060,2000,182.51102122215534
ADH_RDPC,4060,2010,224.15934728627172
ADH_RDPC,4061,1991,79.27
ADH_RDPC,4061,2000,228.12
ADH_RDPC,4061,2010,321.64
ADH_RDPC,4062,1991,105.58779481935923
ADH_RDPC,4062,2000,145.31971203578587
ADH_RDPC,4062,2010,283.7678911502401
ADH_RDPC,4063,1991,91.81934312049047
ADH_RDPC,4063,2000,127.69463801039053
ADH_RDPC,4063,2010,208.9285387584316
ADH_RDPC,4064,1991,94.71
ADH_RDPC,4064,2000,157.48
ADH_RDPC,4064,2010,316.27
ADH_RDPC,4065,1991,101.24886955890537
ADH_RDPC,4065,2000,124.57104501607719
ADH_RDPC,4065,2010,231.93969681418022
ADH_RDPC,4066,1991,90.01786804810699
ADH_RDPC,4066,2000,113.62911342441102
ADH_RDPC,4066,2010,243.1086355475763
ADH_RDPC,4067,1991,171.19617397213725
ADH_RDPC,4067,2000,244.4396399583767
ADH_RDPC,4067,2010,342.37980378137905
ADH_RDPC,4068,1991,133.87
ADH_RDPC,4068,2000,173.88
ADH_RDPC,4068,2010,266.01
ADH_RDPC,4069,1991,85.87
ADH_RDPC,4069,2000,192.53
ADH_RDPC,4069,2010,295.66
ADH_RDPC,4070,1991,95.39
ADH_RDPC,4070,2000,112.85
ADH_RDPC,4070,2010,220.05
ADH_RDPC,4071,1991,133.73
ADH_RDPC,4071,2000,156.53
ADH_RDPC,4071,2010,294.48
ADH_RDPC,4072,1991,107.4
ADH_RDPC,4072,2000,243.16
ADH_RDPC,4072,2010,315.6
ADH_RDPC,4073,1991,120.42
ADH_RDPC,4073,2000,126.56
ADH_RDPC,4073,2010,217.23000000000002
ADH_RDPC,4074,1991,72.7
ADH_RDPC,4074,2000,111.81
ADH_RDPC,4074,2010,218.07
ADH_RDPC,4075,1991,346.37
ADH_RDPC,4075,2000,498.4
ADH_RDPC,4075,2010,757.57
ADH_RDPC,4076,1991,65.6
ADH_RDPC,4076,2000,111.97999999999999
ADH_RDPC,4076,2010,183.4
ADH_RDPC,4077,1991,87.88
ADH_RDPC,4077,2000,161.75
ADH_RDPC,4077,2010,240.65
ADH_RDPC,4078,1991,87.12713405510078
ADH_RDPC,4078,2000,117.4298509090909
ADH_RDPC,4078,2010,220.45525011644153
ADH_RDPC,4079,1991,71.73
ADH_RDPC,4079,2000,163.2
ADH_RDPC,4079,2010,278.54
ADH_RDPC,4080,1991,59.64
ADH_RDPC,4080,2000,122.9
ADH_RDPC,4080,2010,197.04
ADH_RDPC,4081,1991,91.5674682245204
ADH_RDPC,4081,2000,138.74618030147812
ADH_RDPC,4081,2010,196.99366466900878
ADH_RDPC,4082,1991,114.96923595505619
ADH_RDPC,4082,2000,143.8316607284244
ADH_RDPC,4082,2010,228.49788043478262
ADH_RDPC,4083,1991,96.33
ADH_RDPC,4083,2000,115
ADH_RDPC,4083,2010,249.17
ADH_RDPC,4084,1991,87.5
ADH_RDPC,4084,2000,137.75
ADH_RDPC,4084,2010,212.63999999999996
ADH_RDPC,4085,1991,77.62999999999998
ADH_RDPC,4085,2000,123.32
ADH_RDPC,4085,2010,255.92
ADH_RDPC,4086,1991,104.82
ADH_RDPC,4086,2000,155.92
ADH_RDPC,4086,2010,216.61
ADH_RDPC,4087,1991,81.86
ADH_RDPC,4087,2000,120.79000000000002
ADH_RDPC,4087,2010,228.71
ADH_RDPC,4088,1991,200.6
ADH_RDPC,4088,2000,231.82
ADH_RDPC,4088,2010,329.44
ADH_RDPC,4089,1991,142.62779657758122
ADH_RDPC,4089,2000,121.04569142857143
ADH_RDPC,4089,2010,221.69135476295318
ADH_RDPC,4090,1991,90.95914770675333
ADH_RDPC,4090,2000,141.14460843928507
ADH_RDPC,4090,2010,287.70369183240007
ADH_RDPC,4091,1991,50.13
ADH_RDPC,4091,2000,106.14
ADH_RDPC,4091,2010,256.79
ADH_RDPC,4092,1991,57.99
ADH_RDPC,4092,2000,104.46
ADH_RDPC,4092,2010,237.11
ADH_RDPC,4093,1991,97.51
ADH_RDPC,4093,2000,114.21000000000001
ADH_RDPC,4093,2010,275.18
ADH_RDPC,4094,1991,98.94
ADH_RDPC,4094,2000,149.13
ADH_RDPC,4094,2010,249.23
ADH_RDPC,4095,1991,96.84
ADH_RDPC,4095,2000,103.73
ADH_RDPC,4095,2010,195.08
ADH_RDPC,4096,1991,83.34
ADH_RDPC,4096,2000,143.75
ADH_RDPC,4096,2010,229.74
ADH_RDPC,4097,1991,117.66946108537532
ADH_RDPC,4097,2000,151.90970333430403
ADH_RDPC,4097,2010,261.1432950135342
ADH_RDPC,4098,1991,122.12186501667544
ADH_RDPC,4098,2000,150.66401877984944
ADH_RDPC,4098,2010,260.5849065820093
ADH_RDPC,4099,1991,104.25
ADH_RDPC,4099,2000,177.7
ADH_RDPC,4099,2010,266.65
ADH_RDPC,4100,1991,74.98
ADH_RDPC,4100,2000,99.06
ADH_RDPC,4100,2010,200.6
ADH_RDPC,4101,1991,88.52
ADH_RDPC,4101,2000,136.44
ADH_RDPC,4101,2010,243.73000000000002
ADH_RDPC,4102,1991,85.88
ADH_RDPC,4102,2000,169.23
ADH_RDPC,4102,2010,240.97
ADH_RDPC,4103,1991,121.94
ADH_RDPC,4103,2000,186.45
ADH_RDPC,4103,2010,265.07
ADH_RDPC,4104,1991,91.9656195099399
ADH_RDPC,4104,2000,149.4609536703857
ADH_RDPC,4104,2010,239.51097425891004
ADH_RDPC,4105,1991,102.26
ADH_RDPC,4105,2000,158.85
ADH_RDPC,4105,2010,244.82999999999998
ADH_RDPC,4106,1991,84.24
ADH_RDPC,4106,2000,121.31000000000002
ADH_RDPC,4106,2010,224.63
ADH_RDPC,4107,1991,163.42375327887282
ADH_RDPC,4107,2000,235.32283312855418
ADH_RDPC,4107,2010,457.50206158721056
ADH_RDPC,4108,1991,160.58246001963713
ADH_RDPC,4108,2000,208.05186137394324
ADH_RDPC,4108,2010,324.6378204126289
ADH_RDPC,4109,1991,93.02449640967498
ADH_RDPC,4109,2000,127.50177357167891
ADH_RDPC,4109,2010,227.5158959876918
ADH_RDPC,4110,1991,115.24685797625406
ADH_RDPC,4110,2000,167.81199280660846
ADH_RDPC,4110,2010,258.53333699501883
ADH_RDPC,4111,1991,79.23
ADH_RDPC,4111,2000,129.41
ADH_RDPC,4111,2010,197.14
ADH_RDPC,4112,1991,111.35000000000001
ADH_RDPC,4112,2000,126.67
ADH_RDPC,4112,2010,215.93999999999997
ADH_RDPC,4113,1991,70.95
ADH_RDPC,4113,2000,110.01
ADH_RDPC,4113,2010,269.77
ADH_RDPC,4114,1991,78.06016721057767
ADH_RDPC,4114,2000,115.83886891510218
ADH_RDPC,4114,2010,263.3108658906076
ADH_RDPC,4115,1991,117.26
ADH_RDPC,4115,2000,136.33
ADH_RDPC,4115,2010,255.78000000000003
ADH_RDPC,4116,1991,69.21
ADH_RDPC,4116,2000,131.46
ADH_RDPC,4116,2010,265.94
ADH_RDPC,4117,1991,142.00578596103924
ADH_RDPC,4117,2000,176.30610903260288
ADH_RDPC,4117,2010,277.88246972367295
ADH_RDPC,4118,1991,154.69
ADH_RDPC,4118,2000,233.87
ADH_RDPC,4118,2010,362.9
ADH_RDPC,4119,1991,91.52
ADH_RDPC,4119,2000,166.99
ADH_RDPC,4119,2010,254.44
ADH_RDPC,4120,1991,111.79396441748484
ADH_RDPC,4120,2000,180.8658726520492
ADH_RDPC,4120,2010,254.2512924404427
ADH_RDPC,4121,1991,142.91
ADH_RDPC,4121,2000,210.55
ADH_RDPC,4121,2010,284.88
ADH_RDPC,4122,1991,115.06999999999998
ADH_RDPC,4122,2000,159.43
ADH_RDPC,4122,2010,304.61
ADH_RDPC,4123,1991,107.82
ADH_RDPC,4123,2000,124.25
ADH_RDPC,4123,2010,221.07
ADH_RDPC,4124,1991,91.89000000000001
ADH_RDPC,4124,2000,162.68
ADH_RDPC,4124,2010,250.47
ADH_RDPC,4125,1991,177.12
ADH_RDPC,4125,2000,226.92
ADH_RDPC,4125,2010,325.64
ADH_RDPC,4126,1991,105.05882456091518
ADH_RDPC,4126,2000,197.92732571978425
ADH_RDPC,4126,2010,256.9331926404347
ADH_RDPC,4127,1991,122.54
ADH_RDPC,4127,2000,153.77
ADH_RDPC,4127,2010,278.9
ADH_RDPC,4128,1991,101.42
ADH_RDPC,4128,2000,117.36
ADH_RDPC,4128,2010,211.95
ADH_RDPC,4129,1991,101.44000000000001
ADH_RDPC,4129,2000,132.82
ADH_RDPC,4129,2010,213.18000000000004
ADH_RDPC,4130,1991,103.96
ADH_RDPC,4130,2000,133.29
ADH_RDPC,4130,2010,225.75
ADH_RDPC,4131,1991,77.46
ADH_RDPC,4131,2000,122.42999999999999
ADH_RDPC,4131,2010,243.1
ADH_RDPC,4132,1991,101.3
ADH_RDPC,4132,2000,130.21
ADH_RDPC,4132,2010,239.39
ADH_RDPC,4133,1991,85.05
ADH_RDPC,4133,2000,151.19000000000003
ADH_RDPC,4133,2010,224.37
ADH_RDPC,4134,1991,126.33274033486575
ADH_RDPC,4134,2000,223.90631798002218
ADH_RDPC,4134,2010,306.46392042440317
ADH_RDPC,4135,1991,122.72
ADH_RDPC,4135,2000,106.26
ADH_RDPC,4135,2010,246.37999999999997
ADH_RDPC,4136,1991,87.40971019779508
ADH_RDPC,4136,2000,151.31870889065252
ADH_RDPC,4136,2010,236.30834259698378
ADH_RDPC,4137,1991,187.29
ADH_RDPC,4137,2000,260.56
ADH_RDPC,4137,2010,379.63
ADH_RDPC,4138,1991,170.15
ADH_RDPC,4138,2000,189
ADH_RDPC,4138,2010,317.69
ADH_RDPC,4139,1991,89.58
ADH_RDPC,4139,2000,136.43
ADH_RDPC,4139,2010,208.7
ADH_RDPC,4140,1991,158.60007838353033
ADH_RDPC,4140,2000,213.48755744716104
ADH_RDPC,4140,2010,331.02226349860234
ADH_RDPC,4141,1991,114.08
ADH_RDPC,4141,2000,126.82
ADH_RDPC,4141,2010,210.65000000000003
ADH_RDPC,4142,1991,156.33
ADH_RDPC,4142,2000,239.39999999999998
ADH_RDPC,4142,2010,373.18
ADH_RDPC,4143,1991,221.16
ADH_RDPC,4143,2000,333.37
ADH_RDPC,4143,2010,470.46
ADH_RDPC,4144,1991,97.59107177626339
ADH_RDPC,4144,2000,138.3045617502593
ADH_RDPC,4144,2010,225.3189688935891
ADH_RDPC,4145,1991,90.20631864649637
ADH_RDPC,4145,2000,162.98339814693986
ADH_RDPC,4145,2010,258.2841991667921
ADH_RDPC,4146,1991,86.05859908615572
ADH_RDPC,4146,2000,144.6004701073071
ADH_RDPC,4146,2010,220.62312386599993
ADH_RDPC,4147,1991,102.52
ADH_RDPC,4147,2000,142.4
ADH_RDPC,4147,2010,231.88
ADH_RDPC,4148,1991,190.36740524331972
ADH_RDPC,4148,2000,288.03334560440834
ADH_RDPC,4148,2010,433.53848351815793
ADH_RDPC,4149,1991,457.04
ADH_RDPC,4149,2000,610.48
ADH_RDPC,4149,2010,846.36
ADH_RDPC,4150,1991,114.45999999999998
ADH_RDPC,4150,2000,140.62
ADH_RDPC,4150,2010,246.03
ADH_RDPC,4151,1991,96.01
ADH_RDPC,4151,2000,109.76
ADH_RDPC,4151,2010,242.1
ADH_RDPC,4152,1991,90.3880309409576
ADH_RDPC,4152,2000,157.92088453031604
ADH_RDPC,4152,2010,246.5932623634491
ADH_RDPC,4153,1991,97.52
ADH_RDPC,4153,2000,107.83
ADH_RDPC,4153,2010,173.99
ADH_RDPC,4154,1991,68.08
ADH_RDPC,4154,2000,95.12
ADH_RDPC,4154,2010,221.14
ADH_RDPC,4155,1991,112.16
ADH_RDPC,4155,2000,161.29
ADH_RDPC,4155,2010,304.64
ADH_RDPC,4156,1991,146.26775308514883
ADH_RDPC,4156,2000,188.11606387094855
ADH_RDPC,4156,2010,313.4572958315369
ADH_RDPC,4157,1991,104.20999999999998
ADH_RDPC,4157,2000,165.53
ADH_RDPC,4157,2010,287.35
ADH_RDPC,4158,1991,82.03
ADH_RDPC,4158,2000,142.59
ADH_RDPC,4158,2010,243.41
ADH_RDPC,4159,1991,84.6
ADH_RDPC,4159,2000,156.43
ADH_RDPC,4159,2010,258.57
ADH_RDPC,4160,1991,118.87295689527478
ADH_RDPC,4160,2000,203.12666282928151
ADH_RDPC,4160,2010,264.0335735694823
ADH_RDPC,4161,1991,117.02
ADH_RDPC,4161,2000,172.34
ADH_RDPC,4161,2010,274.01
ADH_RDPC,4162,1991,205.45604020672744
ADH_RDPC,4162,2000,270.1023040973807
ADH_RDPC,4162,2010,408.78543118525494
ADH_RDPC,4163,1991,82.55788307231245
ADH_RDPC,4163,2000,171.88054634660799
ADH_RDPC,4163,2010,238.79946806172242
ADH_RDPC,4164,1991,95.93
ADH_RDPC,4164,2000,163.68
ADH_RDPC,4164,2010,380.61
ADH_RDPC,4165,1991,107.18862801975155
ADH_RDPC,4165,2000,178.190949267618
ADH_RDPC,4165,2010,279.13463573012353
ADH_RDPC,4166,1991,93.51
ADH_RDPC,4166,2000,131.9
ADH_RDPC,4166,2010,222.22000000000003
ADH_RDPC,4167,1991,98.01975554320924
ADH_RDPC,4167,2000,196.32244517254134
ADH_RDPC,4167,2010,300.0540991535671
ADH_RDPC,4168,1991,93.05
ADH_RDPC,4168,2000,122.78999999999999
ADH_RDPC,4168,2010,211.75
ADH_RDPC,4169,1991,97.99
ADH_RDPC,4169,2000,148.11
ADH_RDPC,4169,2010,296.81
ADH_RDPC,4170,1991,123.2037887788779
ADH_RDPC,4170,2000,164.27513769867429
ADH_RDPC,4170,2010,246.81952022952885
ADH_RDPC,4171,1991,86.65
ADH_RDPC,4171,2000,138.55
ADH_RDPC,4171,2010,209.53
ADH_RDPC,4172,1991,75.35
ADH_RDPC,4172,2000,105.8
ADH_RDPC,4172,2010,196.02
ADH_RDPC,4173,1991,108.42
ADH_RDPC,4173,2000,171.37
ADH_RDPC,4173,2010,247.85
ADH_RDPC,4174,1991,141.56
ADH_RDPC,4174,2000,167.59
ADH_RDPC,4174,2010,287.08
ADH_RDPC,4175,1991,143.54
ADH_RDPC,4175,2000,234.76
ADH_RDPC,4175,2010,294.97
ADH_RDPC,4176,1991,129.63
ADH_RDPC,4176,2000,169.12
ADH_RDPC,4176,2010,274.9
ADH_RDPC,4177,1991,96.23
ADH_RDPC,4177,2000,134.08
ADH_RDPC,4177,2010,241.09
ADH_RDPC,4178,1991,91.76
ADH_RDPC,4178,2000,173.05999999999997
ADH_RDPC,4178,2010,264.55
ADH_RDPC,4179,1991,220.88999999999996
ADH_RDPC,4179,2000,291.71
ADH_RDPC,4179,2010,439.53
ADH_RDPC,4180,1991,84.58
ADH_RDPC,4180,2000,129.98
ADH_RDPC,4180,2010,232.22
ADH_RDPC,4181,1991,108.68
ADH_RDPC,4181,2000,139.76
ADH_RDPC,4181,2010,288.15
ADH_RDPC,4182,1991,171.72
ADH_RDPC,4182,2000,261.01
ADH_RDPC,4182,2010,410.03
ADH_RDPC,4183,1991,132.75018394648828
ADH_RDPC,4183,2000,165.77813735677944
ADH_RDPC,4183,2010,298.90866918588495
ADH_RDPC,4184,1991,164.78752914496454
ADH_RDPC,4184,2000,245.0318997487559
ADH_RDPC,4184,2010,349.99490815763534
ADH_RDPC,4185,1991,106.61
ADH_RDPC,4185,2000,156.45
ADH_RDPC,4185,2010,266.87
ADH_RDPC,4186,1991,88.63
ADH_RDPC,4186,2000,112.14
ADH_RDPC,4186,2010,232.17
ADH_RDPC,4187,1991,144.95
ADH_RDPC,4187,2000,136.36
ADH_RDPC,4187,2010,231.47
ADH_RDPC,4188,1991,86.68
ADH_RDPC,4188,2000,173.73
ADH_RDPC,4188,2010,236.11
ADH_RDPC,4189,1991,88.2
ADH_RDPC,4189,2000,156.15
ADH_RDPC,4189,2010,258.78
ADH_RDPC,4190,1991,110.95
ADH_RDPC,4190,2000,150.9
ADH_RDPC,4190,2010,261.96
ADH_RDPC,4191,1991,109.37
ADH_RDPC,4191,2000,190.28
ADH_RDPC,4191,2010,293.16
ADH_RDPC,4192,1991,101.57
ADH_RDPC,4192,2000,148.47
ADH_RDPC,4192,2010,243.85
ADH_RDPC,4193,1991,74.4
ADH_RDPC,4193,2000,118.01
ADH_RDPC,4193,2010,237.18
ADH_RDPC,4194,1991,104.98999999999998
ADH_RDPC,4194,2000,104.84
ADH_RDPC,4194,2010,174.55
ADH_RDPC,4195,1991,90.25
ADH_RDPC,4195,2000,133.07
ADH_RDPC,4195,2010,208.9
ADH_RDPC,4196,1991,90.69
ADH_RDPC,4196,2000,153.91
ADH_RDPC,4196,2010,269.65
ADH_RDPC,4197,1991,129.1
ADH_RDPC,4197,2000,179.49
ADH_RDPC,4197,2010,246.35
ADH_RDPC,4198,1991,95.92999999999999
ADH_RDPC,4198,2000,198.86
ADH_RDPC,4198,2010,272.1
ADH_RDPC,4199,1991,100.41
ADH_RDPC,4199,2000,153.42
ADH_RDPC,4199,2010,247.79
ADH_RDPC,4200,1991,117.28
ADH_RDPC,4200,2000,154.32
ADH_RDPC,4200,2010,298.84
ADH_RDPC,4201,1991,128.18
ADH_RDPC,4201,2000,158.45
ADH_RDPC,4201,2010,279.49
ADH_RDPC,4202,1991,225.59999999999997
ADH_RDPC,4202,2000,243.05
ADH_RDPC,4202,2010,264.03
ADH_RDPC,4203,1991,70.44
ADH_RDPC,4203,2000,124.8
ADH_RDPC,4203,2010,281.69
ADH_RDPC,4204,1991,140.63
ADH_RDPC,4204,2000,139.04
ADH_RDPC,4204,2010,315.23
ADH_RDPC,4205,1991,141.10351778656127
ADH_RDPC,4205,2000,164.1397713336981
ADH_RDPC,4205,2010,306.5692331014803
ADH_RDPC,4206,1991,116.46
ADH_RDPC,4206,2000,133.14
ADH_RDPC,4206,2010,211.05
ADH_RDPC,4207,1991,83.73
ADH_RDPC,4207,2000,111.71999999999998
ADH_RDPC,4207,2010,196.63
ADH_RDPC,4208,1991,89.25
ADH_RDPC,4208,2000,163.51
ADH_RDPC,4208,2010,231.56
ADH_RDPC,4209,1991,102.88
ADH_RDPC,4209,2000,189.06
ADH_RDPC,4209,2010,271.18
ADH_RDPC,4210,1991,108.62
ADH_RDPC,4210,2000,169.1
ADH_RDPC,4210,2010,264.95
ADH_RDPC,4211,1991,95.52999999999999
ADH_RDPC,4211,2000,141.99
ADH_RDPC,4211,2010,217.02
ADH_RDPC,4212,1991,79.04
ADH_RDPC,4212,2000,123.9
ADH_RDPC,4212,2010,212.87
ADH_RDPC,4213,1991,106.62
ADH_RDPC,4213,2000,167.91
ADH_RDPC,4213,2010,218.44
ADH_RDPC,4214,1991,94.92
ADH_RDPC,4214,2000,153.86
ADH_RDPC,4214,2010,215.12
ADH_RDPC,4215,1991,126.36000000000001
ADH_RDPC,4215,2000,162.84
ADH_RDPC,4215,2010,260.79
ADH_RDPC,4216,1991,120.15762268443288
ADH_RDPC,4216,2000,162.23578919533543
ADH_RDPC,4216,2010,272.8826624919024
ADH_RDPC,4217,1991,184.64000000000001
ADH_RDPC,4217,2000,219.91
ADH_RDPC,4217,2010,372.43
ADH_RDPC,4218,1991,72.1
ADH_RDPC,4218,2000,107.25
ADH_RDPC,4218,2010,220.94
ADH_RDPC,4219,1991,108.78
ADH_RDPC,4219,2000,156.15
ADH_RDPC,4219,2010,224.83
ADH_RDPC,4220,1991,100.25
ADH_RDPC,4220,2000,116.03
ADH_RDPC,4220,2010,212.7
ADH_RDPC,4221,1991,119.92
ADH_RDPC,4221,2000,162.82
ADH_RDPC,4221,2010,309.14
ADH_RDPC,4222,1991,143.71
ADH_RDPC,4222,2000,220.84
ADH_RDPC,4222,2010,378.76
ADH_RDPC,4223,1991,156.4
ADH_RDPC,4223,2000,201.74
ADH_RDPC,4223,2010,257.9
ADH_RDPC,4224,1991,163.83
ADH_RDPC,4224,2000,204.25
ADH_RDPC,4224,2010,283.8
ADH_RDPC,4225,1991,91.31
ADH_RDPC,4225,2000,86.97
ADH_RDPC,4225,2010,214.23
ADH_RDPC,4226,1991,180.19999999999996
ADH_RDPC,4226,2000,243.29
ADH_RDPC,4226,2010,379.75
ADH_RDPC,4227,1991,87.15
ADH_RDPC,4227,2000,112.89000000000001
ADH_RDPC,4227,2010,211.64
ADH_RDPC,4228,1991,125.18
ADH_RDPC,4228,2000,206.21
ADH_RDPC,4228,2010,305.4200000000001
ADH_RDPC,4229,1991,155.91
ADH_RDPC,4229,2000,182.62999999999997
ADH_RDPC,4229,2010,398.29
ADH_RDPC,4230,1991,91.41
ADH_RDPC,4230,2000,122.12
ADH_RDPC,4230,2010,205.89000000000001
ADH_RDPC,4231,1991,99.86449090674579
ADH_RDPC,4231,2000,126.26498332781273
ADH_RDPC,4231,2010,220.51228145351584
ADH_RDPC,4232,1991,123.67
ADH_RDPC,4232,2000,213.07
ADH_RDPC,4232,2010,325.13
ADH_RDPC,4233,1991,62.65
ADH_RDPC,4233,2000,126.73999999999998
ADH_RDPC,4233,2010,223.62
ADH_RDPC,4234,1991,83.91
ADH_RDPC,4234,2000,112.11
ADH_RDPC,4234,2010,182.85
ADH_RDPC,4235,1991,85.75
ADH_RDPC,4235,2000,162.42
ADH_RDPC,4235,2010,276.17
ADH_RDPC,4236,1991,88.06
ADH_RDPC,4236,2000,112.79
ADH_RDPC,4236,2010,204.22999999999996
ADH_RDPC,5001,1991,179.82
ADH_RDPC,5001,2000,258.99
ADH_RDPC,5001,2010,410.61000000000007
ADH_RDPC,5002,1991,228.66672922758684
ADH_RDPC,5002,2000,322.89830976387293
ADH_RDPC,5002,2010,525.8320453578474
ADH_RDPC,5003,1991,106.02
ADH_RDPC,5003,2000,188.57
ADH_RDPC,5003,2010,261.3
ADH_RDPC,5004,1991,123.57999999999998
ADH_RDPC,5004,2000,101.84
ADH_RDPC,5004,2010,212.82
ADH_RDPC,5005,1991,143.22
ADH_RDPC,5005,2000,157.76
ADH_RDPC,5005,2010,296.5
ADH_RDPC,5006,1991,123.1
ADH_RDPC,5006,2000,169.67
ADH_RDPC,5006,2010,291.3
ADH_RDPC,5007,1991,132.02
ADH_RDPC,5007,2000,292.59
ADH_RDPC,5007,2010,447.6700000000001
ADH_RDPC,5008,1991,129.46604683290738
ADH_RDPC,5008,2000,230.10879798262818
ADH_RDPC,5008,2010,332.1980163854752
ADH_RDPC,5009,1991,94.59
ADH_RDPC,5009,2000,126.42000000000002
ADH_RDPC,5009,2010,251.04
ADH_RDPC,5010,1991,133.8
ADH_RDPC,5010,2000,176.32
ADH_RDPC,5010,2010,358.66
ADH_RDPC,5011,1991,123.54
ADH_RDPC,5011,2000,189.39
ADH_RDPC,5011,2010,309.04
ADH_RDPC,5012,1991,95.43856568580159
ADH_RDPC,5012,2000,181.8306573658075
ADH_RDPC,5012,2010,363.2969763767085
ADH_RDPC,5013,1991,130.77
ADH_RDPC,5013,2000,173.37
ADH_RDPC,5013,2010,315.25
ADH_RDPC,5014,1991,91.93
ADH_RDPC,5014,2000,149.2
ADH_RDPC,5014,2010,266.71
ADH_RDPC,5015,1991,76.87
ADH_RDPC,5015,2000,104.66
ADH_RDPC,5015,2010,233.48
ADH_RDPC,5016,1991,76.32915469195416
ADH_RDPC,5016,2000,140.34192037096258
ADH_RDPC,5016,2010,261.4064777627202
ADH_RDPC,5017,1991,117.81
ADH_RDPC,5017,2000,164.57
ADH_RDPC,5017,2010,300.38
ADH_RDPC,5018,1991,114.68
ADH_RDPC,5018,2000,189.12
ADH_RDPC,5018,2010,304.8
ADH_RDPC,5019,1991,110.12861694991055
ADH_RDPC,5019,2000,153.3720904684976
ADH_RDPC,5019,2010,264.1974452230007
ADH_RDPC,5020,1991,75.81
ADH_RDPC,5020,2000,153.85
ADH_RDPC,5020,2010,250.07
ADH_RDPC,5021,1991,272.98
ADH_RDPC,5021,2000,409.68
ADH_RDPC,5021,2010,637.13
ADH_RDPC,5022,1991,111.74
ADH_RDPC,5022,2000,170.89
ADH_RDPC,5022,2010,251.72999999999996
ADH_RDPC,5023,1991,113.99000000000001
ADH_RDPC,5023,2000,148.79
ADH_RDPC,5023,2010,256.22
ADH_RDPC,5024,1991,108.69000000000001
ADH_RDPC,5024,2000,173.83
ADH_RDPC,5024,2010,321.99
ADH_RDPC,5025,1991,162.42
ADH_RDPC,5025,2000,321.89
ADH_RDPC,5025,2010,387.8
ADH_RDPC,5026,1991,146.85
ADH_RDPC,5026,2000,207.45
ADH_RDPC,5026,2010,332.89
ADH_RDPC,5027,1991,91.45
ADH_RDPC,5027,2000,139.45
ADH_RDPC,5027,2010,282.84
ADH_RDPC,5028,1991,79.25
ADH_RDPC,5028,2000,126.51999999999998
ADH_RDPC,5028,2010,238.25
ADH_RDPC,5029,1991,66.81
ADH_RDPC,5029,2000,121.31000000000002
ADH_RDPC,5029,2010,243.22000000000003
ADH_RDPC,5030,1991,189.52
ADH_RDPC,5030,2000,337.69
ADH_RDPC,5030,2010,339.38
ADH_RDPC,5031,1991,235.86
ADH_RDPC,5031,2000,341.37
ADH_RDPC,5031,2010,526.96
ADH_RDPC,5032,1991,80.89
ADH_RDPC,5032,2000,118.87
ADH_RDPC,5032,2010,272.21
ADH_RDPC,5033,1991,292.35
ADH_RDPC,5033,2000,520.96
ADH_RDPC,5033,2010,850.44
ADH_RDPC,5034,1991,88.25
ADH_RDPC,5034,2000,144.65
ADH_RDPC,5034,2010,312.34
ADH_RDPC,5035,1991,119.1
ADH_RDPC,5035,2000,194.95999999999998
ADH_RDPC,5035,2010,292.55
ADH_RDPC,5036,1991,91.61
ADH_RDPC,5036,2000,141.8
ADH_RDPC,5036,2010,243.23
ADH_RDPC,5037,1991,159.08
ADH_RDPC,5037,2000,271.6
ADH_RDPC,5037,2010,428.65
ADH_RDPC,5038,1991,155.8
ADH_RDPC,5038,2000,169.58
ADH_RDPC,5038,2010,298.6
ADH_RDPC,5039,1991,111.59630985915493
ADH_RDPC,5039,2000,194.85983569828232
ADH_RDPC,5039,2010,321.6378224852071
ADH_RDPC,5040,1991,98.5
ADH_RDPC,5040,2000,176.83
ADH_RDPC,5040,2010,298.43
ADH_RDPC,5041,1991,91.73
ADH_RDPC,5041,2000,147.91
ADH_RDPC,5041,2010,269.48
ADH_RDPC,5042,1991,111.81
ADH_RDPC,5042,2000,142.51
ADH_RDPC,5042,2010,291.78
ADH_RDPC,5043,1991,144.86
ADH_RDPC,5043,2000,217.22
ADH_RDPC,5043,2010,377.59
ADH_RDPC,5044,1991,134.73
ADH_RDPC,5044,2000,159.79
ADH_RDPC,5044,2010,267.12
ADH_RDPC,5045,1991,137.19621897496506
ADH_RDPC,5045,2000,217.08371046653852
ADH_RDPC,5045,2010,406.8006490825687
ADH_RDPC,5046,1991,157.72
ADH_RDPC,5046,2000,181.41
ADH_RDPC,5046,2010,407.49
ADH_RDPC,5047,1991,105.3
ADH_RDPC,5047,2000,131.99
ADH_RDPC,5047,2010,204.5
ADH_RDPC,5048,1991,96.40046311321933
ADH_RDPC,5048,2000,169.91067957959612
ADH_RDPC,5048,2010,284.5374639214932
ADH_RDPC,5049,1991,175.96999999999997
ADH_RDPC,5049,2000,205.64
ADH_RDPC,5049,2010,395.09
ADH_RDPC,5050,1991,161.52
ADH_RDPC,5050,2000,194.8
ADH_RDPC,5050,2010,310.63
ADH_RDPC,5051,1991,90.92
ADH_RDPC,5051,2000,202.11
ADH_RDPC,5051,2010,259.77
ADH_RDPC,5052,1991,94.46
ADH_RDPC,5052,2000,155.21
ADH_RDPC,5052,2010,261.85
ADH_RDPC,5053,1991,107.26000000000002
ADH_RDPC,5053,2000,165.99
ADH_RDPC,5053,2010,272.39
ADH_RDPC,5054,1991,110.51000000000002
ADH_RDPC,5054,2000,126.33
ADH_RDPC,5054,2010,192.34
ADH_RDPC,5055,1991,89.76000000000002
ADH_RDPC,5055,2000,85.31
ADH_RDPC,5055,2010,214.04
ADH_RDPC,5056,1991,111.30000000000001
ADH_RDPC,5056,2000,121
ADH_RDPC,5056,2010,255.49
ADH_RDPC,5057,1991,197.95
ADH_RDPC,5057,2000,226.75
ADH_RDPC,5057,2010,314.6
ADH_RDPC,5058,1991,185.51
ADH_RDPC,5058,2000,304.69
ADH_RDPC,5058,2010,447.53
ADH_RDPC,5059,1991,136.35
ADH_RDPC,5059,2000,207.49
ADH_RDPC,5059,2010,335.64
ADH_RDPC,5060,1991,84.23
ADH_RDPC,5060,2000,98.02
ADH_RDPC,5060,2010,174.39
ADH_RDPC,5061,1991,84.05
ADH_RDPC,5061,2000,167.3
ADH_RDPC,5061,2010,301.09
ADH_RDPC,5062,1991,134.37
ADH_RDPC,5062,2000,210.83
ADH_RDPC,5062,2010,301.94
ADH_RDPC,5063,1991,127.80467299578062
ADH_RDPC,5063,2000,167.22359388275277
ADH_RDPC,5063,2010,272.5939600816512
ADH_RDPC,5064,1991,93.19
ADH_RDPC,5064,2000,155.63
ADH_RDPC,5064,2010,295.37
ADH_RDPC,5065,1991,80.13
ADH_RDPC,5065,2000,108.22
ADH_RDPC,5065,2010,214.84
ADH_RDPC,5066,1991,114.86
ADH_RDPC,5066,2000,161.47
ADH_RDPC,5066,2010,270.76
ADH_RDPC,5067,1991,87.44
ADH_RDPC,5067,2000,142.72
ADH_RDPC,5067,2010,233.77
ADH_RDPC,5068,1991,99.7
ADH_RDPC,5068,2000,127.63
ADH_RDPC,5068,2010,247.22
ADH_RDPC,5069,1991,134.98
ADH_RDPC,5069,2000,200.56
ADH_RDPC,5069,2010,292.5
ADH_RDPC,5070,1991,89.02
ADH_RDPC,5070,2000,188.06
ADH_RDPC,5070,2010,258.98
ADH_RDPC,5071,1991,120.84
ADH_RDPC,5071,2000,174.96
ADH_RDPC,5071,2010,388.31
ADH_RDPC,5072,1991,98.73797830113786
ADH_RDPC,5072,2000,139.8765146256817
ADH_RDPC,5072,2010,249.42323748668795
ADH_RDPC,5073,1991,156.26
ADH_RDPC,5073,2000,230.39
ADH_RDPC,5073,2010,363.97
ADH_RDPC,5074,1991,209.69000000000003
ADH_RDPC,5074,2000,270.15
ADH_RDPC,5074,2010,457.22
ADH_RDPC,5075,1991,77.64
ADH_RDPC,5075,2000,148.78
ADH_RDPC,5075,2010,279.42
ADH_RDPC,5076,1991,121.30592845528454
ADH_RDPC,5076,2000,191.68242512479202
ADH_RDPC,5076,2010,280.08737262893874
ADH_RDPC,5077,1991,149.11854575042534
ADH_RDPC,5077,2000,135.87701010570336
ADH_RDPC,5077,2010,269.54188146341465
ADH_RDPC,5078,1991,105.86
ADH_RDPC,5078,2000,168.81
ADH_RDPC,5078,2010,350.8
ADH_RDPC,5079,1991,125.52
ADH_RDPC,5079,2000,149.68
ADH_RDPC,5079,2010,249.75
ADH_RDPC,5080,1991,113.82
ADH_RDPC,5080,2000,160.22
ADH_RDPC,5080,2010,292.15
ADH_RDPC,5081,1991,96.81000000000002
ADH_RDPC,5081,2000,114.56
ADH_RDPC,5081,2010,261.41
ADH_RDPC,5082,1991,496.15000000000003
ADH_RDPC,5082,2000,673.38
ADH_RDPC,5082,2010,950.34
ADH_RDPC,5083,1991,206.79
ADH_RDPC,5083,2000,253.43999999999997
ADH_RDPC,5083,2010,337.75
ADH_RDPC,5084,1991,133.72
ADH_RDPC,5084,2000,168.55
ADH_RDPC,5084,2010,313.34
ADH_RDPC,5085,1991,112.12
ADH_RDPC,5085,2000,175.3
ADH_RDPC,5085,2010,290.17
ADH_RDPC,5086,1991,145.7
ADH_RDPC,5086,2000,230.97
ADH_RDPC,5086,2010,355.71
ADH_RDPC,5087,1991,87.2
ADH_RDPC,5087,2000,117.11
ADH_RDPC,5087,2010,219.34
ADH_RDPC,5088,1991,121.41
ADH_RDPC,5088,2000,212.79
ADH_RDPC,5088,2010,298.75
ADH_RDPC,5089,1991,83.78
ADH_RDPC,5089,2000,149.33
ADH_RDPC,5089,2010,234.75
ADH_RDPC,5090,1991,157.35
ADH_RDPC,5090,2000,240.60999999999999
ADH_RDPC,5090,2010,390.54
ADH_RDPC,5091,1991,102.39
ADH_RDPC,5091,2000,165.73
ADH_RDPC,5091,2010,269.09
ADH_RDPC,5092,1991,92.63
ADH_RDPC,5092,2000,136.36
ADH_RDPC,5092,2010,241.15
ADH_RDPC,5093,1991,144.38
ADH_RDPC,5093,2000,302.24
ADH_RDPC,5093,2010,331.98
ADH_RDPC,5094,1991,124.39727884615385
ADH_RDPC,5094,2000,202.7030659090909
ADH_RDPC,5094,2010,291.75931181752003
ADH_RDPC,5095,1991,265.43
ADH_RDPC,5095,2000,338.63
ADH_RDPC,5095,2010,504.82
ADH_RDPC,5096,1991,99.99
ADH_RDPC,5096,2000,144.71
ADH_RDPC,5096,2010,210.52
ADH_RDPC,5097,1991,112.46
ADH_RDPC,5097,2000,98.18
ADH_RDPC,5097,2010,216.3
ADH_RDPC,5098,1991,107.67999999999999
ADH_RDPC,5098,2000,233.26
ADH_RDPC,5098,2010,289.53
ADH_RDPC,5099,1991,127.31
ADH_RDPC,5099,2000,184.26
ADH_RDPC,5099,2010,263.8
ADH_RDPC,5100,1991,144.94
ADH_RDPC,5100,2000,203.38999999999996
ADH_RDPC,5100,2010,412.01000000000005
ADH_RDPC,5101,1991,142.98
ADH_RDPC,5101,2000,150.61
ADH_RDPC,5101,2010,270.87
ADH_RDPC,5102,1991,105.15
ADH_RDPC,5102,2000,134.19
ADH_RDPC,5102,2010,263.9
ADH_RDPC,5103,1991,89.49
ADH_RDPC,5103,2000,166.71
ADH_RDPC,5103,2010,296.9
ADH_RDPC,5104,1991,109.56000000000002
ADH_RDPC,5104,2000,241.8
ADH_RDPC,5104,2010,247.76999999999998
ADH_RDPC,5105,1991,88.15
ADH_RDPC,5105,2000,131.26
ADH_RDPC,5105,2010,198.93
ADH_RDPC,5106,1991,118.30999999999999
ADH_RDPC,5106,2000,160.72
ADH_RDPC,5106,2010,311.04
ADH_RDPC,5107,1991,95.23999999999998
ADH_RDPC,5107,2000,171.32
ADH_RDPC,5107,2010,300.88
ADH_RDPC,5108,1991,102.96
ADH_RDPC,5108,2000,160.67
ADH_RDPC,5108,2010,237.37
ADH_RDPC,5109,1991,57.73
ADH_RDPC,5109,2000,109.48
ADH_RDPC,5109,2010,237.37
ADH_RDPC,5110,1991,82.92
ADH_RDPC,5110,2000,178.29
ADH_RDPC,5110,2010,262.85
ADH_RDPC,5111,1991,87.29
ADH_RDPC,5111,2000,202.35
ADH_RDPC,5111,2010,263.32
ADH_RDPC,5112,1991,56.93999999999999
ADH_RDPC,5112,2000,130.32
ADH_RDPC,5112,2010,241.96
ADH_RDPC,5113,1991,144.57
ADH_RDPC,5113,2000,216.51
ADH_RDPC,5113,2010,327.61
ADH_RDPC,5114,1991,113.01000000000002
ADH_RDPC,5114,2000,180.98
ADH_RDPC,5114,2010,325.16
ADH_RDPC,5115,1991,146.33
ADH_RDPC,5115,2000,211.00999999999996
ADH_RDPC,5115,2010,323.81
ADH_RDPC,5116,1991,90.42
ADH_RDPC,5116,2000,127.55
ADH_RDPC,5116,2010,210.78
ADH_RDPC,5117,1991,142.79
ADH_RDPC,5117,2000,192.97
ADH_RDPC,5117,2010,316.21
ADH_RDPC,5118,1991,136.55
ADH_RDPC,5118,2000,174.86
ADH_RDPC,5118,2010,298.15
ADH_RDPC,5119,1991,165.07
ADH_RDPC,5119,2000,234.24
ADH_RDPC,5119,2010,377.16
ADH_RDPC,5120,1991,183.88
ADH_RDPC,5120,2000,227.63
ADH_RDPC,5120,2010,379.2
ADH_RDPC,5121,1991,153.66
ADH_RDPC,5121,2000,207.65
ADH_RDPC,5121,2010,331.85
ADH_RDPC,5122,1991,125.58000000000001
ADH_RDPC,5122,2000,174.45
ADH_RDPC,5122,2010,267.55
ADH_RDPC,5123,1991,179.89
ADH_RDPC,5123,2000,332.12
ADH_RDPC,5123,2010,414.22
ADH_RDPC,5124,1991,116.77841499506742
ADH_RDPC,5124,2000,142.5374263144483
ADH_RDPC,5124,2010,269.8045088151513
ADH_RDPC,5125,1991,112.19856197308091
ADH_RDPC,5125,2000,157.19562113990807
ADH_RDPC,5125,2010,262.80813400739453
ADH_RDPC,5126,1991,107.82
ADH_RDPC,5126,2000,134.79
ADH_RDPC,5126,2010,285.21
ADH_RDPC,5127,1991,110.31000000000002
ADH_RDPC,5127,2000,212.51
ADH_RDPC,5127,2010,309.77
ADH_RDPC,5128,1991,102.34
ADH_RDPC,5128,2000,157.64
ADH_RDPC,5128,2010,268.71
ADH_RDPC,5129,1991,122.86999999999999
ADH_RDPC,5129,2000,182.42
ADH_RDPC,5129,2010,346.89
ADH_RDPC,5130,1991,78.59
ADH_RDPC,5130,2000,136.79
ADH_RDPC,5130,2010,207.76
ADH_RDPC,5131,1991,124.83
ADH_RDPC,5131,2000,198.80000000000004
ADH_RDPC,5131,2010,234.85
ADH_RDPC,5132,1991,58.34
ADH_RDPC,5132,2000,103.85999999999999
ADH_RDPC,5132,2010,247.06
ADH_RDPC,5133,1991,160.18
ADH_RDPC,5133,2000,209.6
ADH_RDPC,5133,2010,292.16
ADH_RDPC,5134,1991,67.74
ADH_RDPC,5134,2000,138.72
ADH_RDPC,5134,2010,240.51000000000002
ADH_RDPC,5135,1991,102.27999999999999
ADH_RDPC,5135,2000,148.36
ADH_RDPC,5135,2010,293.49
ADH_RDPC,5136,1991,74.78
ADH_RDPC,5136,2000,113.76
ADH_RDPC,5136,2010,214.04000000000002
ADH_RDPC,5137,1991,124.88
ADH_RDPC,5137,2000,180.01
ADH_RDPC,5137,2010,277.54
ADH_RDPC,5138,1991,91.03
ADH_RDPC,5138,2000,146.74
ADH_RDPC,5138,2010,235.78
ADH_RDPC,5139,1991,127.56
ADH_RDPC,5139,2000,149.45
ADH_RDPC,5139,2010,270.47
ADH_RDPC,5140,1991,84.38
ADH_RDPC,5140,2000,119.19
ADH_RDPC,5140,2010,276.94
ADH_RDPC,5141,1991,123.67
ADH_RDPC,5141,2000,259.97
ADH_RDPC,5141,2010,523.75
ADH_RDPC,5142,1991,202.24
ADH_RDPC,5142,2000,345.31
ADH_RDPC,5142,2010,365.42
ADH_RDPC,5143,1991,151.23
ADH_RDPC,5143,2000,199.02000000000004
ADH_RDPC,5143,2010,313.6
ADH_RDPC,5144,1991,112.57
ADH_RDPC,5144,2000,131.16
ADH_RDPC,5144,2010,233.96999999999997
ADH_RDPC,5145,1991,132.82
ADH_RDPC,5145,2000,230.53
ADH_RDPC,5145,2010,258.12
ADH_RDPC,5146,1991,80.58
ADH_RDPC,5146,2000,124.16
ADH_RDPC,5146,2010,247.9
ADH_RDPC,5147,1991,119.12
ADH_RDPC,5147,2000,299.32
ADH_RDPC,5147,2010,262.96
ADH_RDPC,6001,1991,63.19
ADH_RDPC,6001,2000,145.3
ADH_RDPC,6001,2010,233.65
ADH_RDPC,6002,1991,88.31
ADH_RDPC,6002,2000,115.43000000000002
ADH_RDPC,6002,2010,407.32
ADH_RDPC,6003,1991,146
ADH_RDPC,6003,2000,184.01
ADH_RDPC,6003,2010,287.94
ADH_RDPC,6004,1991,101.81889605157131
ADH_RDPC,6004,2000,159.42868231763825
ADH_RDPC,6004,2010,262.870727856012
ADH_RDPC,6005,1991,85.31
ADH_RDPC,6005,2000,163.13
ADH_RDPC,6005,2010,284.64
ADH_RDPC,6006,1991,149.92619832225864
ADH_RDPC,6006,2000,155.1303243586414
ADH_RDPC,6006,2010,288.6864517186732
ADH_RDPC,6007,1991,157.28489864864864
ADH_RDPC,6007,2000,175.73933481282484
ADH_RDPC,6007,2010,307.2263768987818
ADH_RDPC,6008,1991,130.29
ADH_RDPC,6008,2000,167.58
ADH_RDPC,6008,2010,236.14
ADH_RDPC,6009,1991,72.23858342613214
ADH_RDPC,6009,2000,178.41779424256723
ADH_RDPC,6009,2010,304.05585959691604
ADH_RDPC,6010,1991,129.46604840113747
ADH_RDPC,6010,2000,191.43850245257372
ADH_RDPC,6010,2010,326.54313422966715
ADH_RDPC,6011,1991,170.12514878883988
ADH_RDPC,6011,2000,259.06241896868124
ADH_RDPC,6011,2010,399.2635958029093
ADH_RDPC,6012,1991,85.87
ADH_RDPC,6012,2000,127.4
ADH_RDPC,6012,2010,230.52
ADH_RDPC,6013,1991,119.90999999999998
ADH_RDPC,6013,2000,151.84
ADH_RDPC,6013,2010,276.67
ADH_RDPC,6014,1991,122.1358115885344
ADH_RDPC,6014,2000,131.4798669965976
ADH_RDPC,6014,2010,237.09127207044477
ADH_RDPC,6015,1991,128.02
ADH_RDPC,6015,2000,179.98
ADH_RDPC,6015,2010,319.92
ADH_RDPC,6016,1991,90.8384412191582
ADH_RDPC,6016,2000,148.70632133235367
ADH_RDPC,6016,2010,270.4058052884616
ADH_RDPC,6017,1991,162.74
ADH_RDPC,6017,2000,176.23
ADH_RDPC,6017,2010,282.18
ADH_RDPC,6018,1991,100.15883715277776
ADH_RDPC,6018,2000,134.28661353018794
ADH_RDPC,6018,2010,209.04053973341104
ADH_RDPC,6019,1991,89.3201634910879
ADH_RDPC,6019,2000,148.1995173337301
ADH_RDPC,6019,2010,268.9979312429363
ADH_RDPC,6020,1991,87.08
ADH_RDPC,6020,2000,129.02
ADH_RDPC,6020,2010,231.78
ADH_RDPC,6021,1991,117
ADH_RDPC,6021,2000,146.15
ADH_RDPC,6021,2010,253.29999999999998
ADH_RDPC,6022,1991,136.5064685647756
ADH_RDPC,6022,2000,179.39036600996914
ADH_RDPC,6022,2010,304.8734007664201
ADH_RDPC,6023,1991,88.14846483755362
ADH_RDPC,6023,2000,125.83033746720724
ADH_RDPC,6023,2010,220.49441517552603
ADH_RDPC,6024,1991,138.55
ADH_RDPC,6024,2000,182.14
ADH_RDPC,6024,2010,302.44
ADH_RDPC,6025,1991,160.46
ADH_RDPC,6025,2000,233.25
ADH_RDPC,6025,2010,376.74
ADH_RDPC,6026,1991,106.02
ADH_RDPC,6026,2000,167.03
ADH_RDPC,6026,2010,256.2
ADH_RDPC,6027,1991,103.08
ADH_RDPC,6027,2000,138.93
ADH_RDPC,6027,2010,245.71
ADH_RDPC,6028,1991,77.10687470538323
ADH_RDPC,6028,2000,154.91356183258696
ADH_RDPC,6028,2010,271.9317446116308
ADH_RDPC,6029,1991,82.07
ADH_RDPC,6029,2000,129.79
ADH_RDPC,6029,2010,271.06
ADH_RDPC,6030,1991,302.8095811319367
ADH_RDPC,6030,2000,446.39898441359475
ADH_RDPC,6030,2010,625.0043668506029
ADH_RDPC,6031,1991,112.51
ADH_RDPC,6031,2000,148.53
ADH_RDPC,6031,2010,303.29
ADH_RDPC,6032,1991,96.01
ADH_RDPC,6032,2000,155.3
ADH_RDPC,6032,2010,257.9
ADH_RDPC,6033,1991,91.03
ADH_RDPC,6033,2000,169.54
ADH_RDPC,6033,2010,267.09
ADH_RDPC,6034,1991,62.12
ADH_RDPC,6034,2000,144.14
ADH_RDPC,6034,2010,286.68
ADH_RDPC,6035,1991,119.97
ADH_RDPC,6035,2000,166.66
ADH_RDPC,6035,2010,236.00999999999996
ADH_RDPC,6036,1991,116.35921858120274
ADH_RDPC,6036,2000,201.18508656716415
ADH_RDPC,6036,2010,279.9110447761194
ADH_RDPC,6037,1991,85.43
ADH_RDPC,6037,2000,183.06999999999996
ADH_RDPC,6037,2010,267.6
ADH_RDPC,6038,1991,106.68
ADH_RDPC,6038,2000,173.23
ADH_RDPC,6038,2010,268.46
ADH_RDPC,6039,1991,133.53315159359326
ADH_RDPC,6039,2000,198.92779286926995
ADH_RDPC,6039,2010,302.63752515090545
ADH_RDPC,6040,1991,255.62
ADH_RDPC,6040,2000,611.5
ADH_RDPC,6040,2010,1036.21
ADH_RDPC,6041,1991,73.57
ADH_RDPC,6041,2000,146.09
ADH_RDPC,6041,2010,301.77
ADH_RDPC,6042,1991,85.81
ADH_RDPC,6042,2000,133.23
ADH_RDPC,6042,2010,249.79000000000002
ADH_RDPC,6043,1991,95.65
ADH_RDPC,6043,2000,123.96
ADH_RDPC,6043,2010,246.21
ADH_RDPC,6044,1991,87.79741622298779
ADH_RDPC,6044,2000,108.21661989100818
ADH_RDPC,6044,2010,216.78810807159743
ADH_RDPC,6045,1991,85.0891975308642
ADH_RDPC,6045,2000,147.10431771513908
ADH_RDPC,6045,2010,274.0729672101774
ADH_RDPC,6046,1991,188.52
ADH_RDPC,6046,2000,296.35
ADH_RDPC,6046,2010,511.56
ADH_RDPC,6047,1991,177.91241028496228
ADH_RDPC,6047,2000,209.32651640645997
ADH_RDPC,6047,2010,366.157499050693
ADH_RDPC,6048,1991,102.25
ADH_RDPC,6048,2000,135.39
ADH_RDPC,6048,2010,264.06
ADH_RDPC,6049,1991,102.79000000000002
ADH_RDPC,6049,2000,145.33
ADH_RDPC,6049,2010,242.91999999999996
ADH_RDPC,6050,1991,144.3259981960313
ADH_RDPC,6050,2000,178.74643559624258
ADH_RDPC,6050,2010,278.3844472730338
ADH_RDPC,6051,1991,134.91701114353938
ADH_RDPC,6051,2000,189.62002344521224
ADH_RDPC,6051,2010,337.0480189251486
ADH_RDPC,6052,1991,112.7
ADH_RDPC,6052,2000,160.62
ADH_RDPC,6052,2010,214.54
ADH_RDPC,6053,1991,141.54795069196226
ADH_RDPC,6053,2000,186.62928813195077
ADH_RDPC,6053,2010,287.6373085241919
ADH_RDPC,6054,1991,69.74
ADH_RDPC,6054,2000,149.33
ADH_RDPC,6054,2010,249.16
ADH_RDPC,6055,1991,125.13000000000001
ADH_RDPC,6055,2000,220.03000000000003
ADH_RDPC,6055,2010,371.92
ADH_RDPC,6056,1991,83.40970538829306
ADH_RDPC,6056,2000,142.23227338330463
ADH_RDPC,6056,2010,280.7879540681216
ADH_RDPC,6057,1991,107.97
ADH_RDPC,6057,2000,155.14
ADH_RDPC,6057,2010,282.25
ADH_RDPC,6058,1991,111.04
ADH_RDPC,6058,2000,198.34
ADH_RDPC,6058,2010,316.81
ADH_RDPC,6059,1991,88.73
ADH_RDPC,6059,2000,161.03
ADH_RDPC,6059,2010,263.84
ADH_RDPC,6060,1991,117.39
ADH_RDPC,6060,2000,168.34
ADH_RDPC,6060,2010,291.3
ADH_RDPC,6061,1991,134.71678802588997
ADH_RDPC,6061,2000,220.19009783164196
ADH_RDPC,6061,2010,327.17921188279985
ADH_RDPC,6062,1991,112.04
ADH_RDPC,6062,2000,152.15
ADH_RDPC,6062,2010,217.47
ADH_RDPC,6063,1991,86.08
ADH_RDPC,6063,2000,177.64
ADH_RDPC,6063,2010,237.71
ADH_RDPC,6064,1991,94.32930767901873
ADH_RDPC,6064,2000,167.784106635912
ADH_RDPC,6064,2010,275.48344321078326
ADH_RDPC,6065,1991,82.22999999999999
ADH_RDPC,6065,2000,142.5
ADH_RDPC,6065,2010,265.78
ADH_RDPC,6066,1991,100.46
ADH_RDPC,6066,2000,127.83000000000001
ADH_RDPC,6066,2010,362.28
ADH_RDPC,6067,1991,171.32
ADH_RDPC,6067,2000,254.5
ADH_RDPC,6067,2010,251.49
ADH_RDPC,6068,1991,57.25
ADH_RDPC,6068,2000,122.26
ADH_RDPC,6068,2010,264.08
ADH_RDPC,6069,1991,99.59
ADH_RDPC,6069,2000,118.56000000000002
ADH_RDPC,6069,2010,208.12
ADH_RDPC,6070,1991,89.10959499864094
ADH_RDPC,6070,2000,159.402015973561
ADH_RDPC,6070,2010,260.1441242375202
ADH_RDPC,6071,1991,76.37
ADH_RDPC,6071,2000,121.09
ADH_RDPC,6071,2010,251.41
ADH_RDPC,6072,1991,138.03
ADH_RDPC,6072,2000,207.9
ADH_RDPC,6072,2010,330.66
ADH_RDPC,6073,1991,75.28
ADH_RDPC,6073,2000,132.14
ADH_RDPC,6073,2010,235.02
ADH_RDPC,6074,1991,128.75
ADH_RDPC,6074,2000,181.90999999999997
ADH_RDPC,6074,2010,405.38
ADH_RDPC,6075,1991,173.4
ADH_RDPC,6075,2000,260.25
ADH_RDPC,6075,2010,430.83
ADH_RDPC,6076,1991,81.62
ADH_RDPC,6076,2000,142.07
ADH_RDPC,6076,2010,235.88
ADH_RDPC,6077,1991,113.0861254734069
ADH_RDPC,6077,2000,211.98351583467527
ADH_RDPC,6077,2010,281.7905175090564
ADH_RDPC,6078,1991,51.830000000000005
ADH_RDPC,6078,2000,128.85
ADH_RDPC,6078,2010,242.07999999999998
ADH_RDPC,6079,1991,76.97
ADH_RDPC,6079,2000,101.74
ADH_RDPC,6079,2010,208.83
ADH_RDPC,6080,1991,107.50966899917134
ADH_RDPC,6080,2000,168.95473040474303
ADH_RDPC,6080,2010,278.9477294599893
ADH_RDPC,6081,1991,137.12
ADH_RDPC,6081,2000,203.22
ADH_RDPC,6081,2010,319.34
ADH_RDPC,6082,1991,114.09000000000002
ADH_RDPC,6082,2000,209.61
ADH_RDPC,6082,2010,349.02
ADH_RDPC,6083,1991,110.18
ADH_RDPC,6083,2000,170.75
ADH_RDPC,6083,2010,235.44
ADH_RDPC,6084,1991,99.32
ADH_RDPC,6084,2000,120.89000000000001
ADH_RDPC,6084,2010,244.16000000000003
ADH_RDPC,6085,1991,95.9689621150177
ADH_RDPC,6085,2000,136.72478999999998
ADH_RDPC,6085,2010,240.41301415740597
ADH_RDPC,6086,1991,115.0453716037636
ADH_RDPC,6086,2000,168.45544955806156
ADH_RDPC,6086,2010,285.259431640625
ADH_RDPC,6087,1991,483.07
ADH_RDPC,6087,2000,662.85
ADH_RDPC,6087,2010,964.82
ADH_RDPC,6088,1991,116.63
ADH_RDPC,6088,2000,169.79
ADH_RDPC,6088,2010,236.56
ADH_RDPC,6089,1991,90.5
ADH_RDPC,6089,2000,148.18
ADH_RDPC,6089,2010,280.15
ADH_RDPC,6090,1991,99.53
ADH_RDPC,6090,2000,155.84
ADH_RDPC,6090,2010,235.59999999999997
ADH_RDPC,6091,1991,51.290000000000006
ADH_RDPC,6091,2000,126.73
ADH_RDPC,6091,2010,247.77999999999997
ADH_RDPC,6092,1991,62.22
ADH_RDPC,6092,2000,140.03
ADH_RDPC,6092,2010,219.92
ADH_RDPC,6093,1991,113.35
ADH_RDPC,6093,2000,140.1
ADH_RDPC,6093,2010,228.8
ADH_RDPC,6094,1991,200.74
ADH_RDPC,6094,2000,220.07000000000002
ADH_RDPC,6094,2010,380.73
ADH_RDPC,6095,1991,43.7
ADH_RDPC,6095,2000,108.72000000000001
ADH_RDPC,6095,2010,219.67
ADH_RDPC,6096,1991,71.04
ADH_RDPC,6096,2000,115.09
ADH_RDPC,6096,2010,207.73
ADH_RDPC,6097,1991,98.6
ADH_RDPC,6097,2000,157.15
ADH_RDPC,6097,2010,289.29
ADH_RDPC,6098,1991,67.7
ADH_RDPC,6098,2000,106.07000000000001
ADH_RDPC,6098,2010,202.88
ADH_RDPC,6099,1991,106.82
ADH_RDPC,6099,2000,211.34
ADH_RDPC,6099,2010,378.5299999999999
ADH_RDPC,6100,1991,78.52
ADH_RDPC,6100,2000,119.36
ADH_RDPC,6100,2010,225.93
ADH_RDPC,6101,1991,138.49824609259804
ADH_RDPC,6101,2000,184.51421161534685
ADH_RDPC,6101,2010,250.8070341670754
ADH_RDPC,6102,1991,107.62
ADH_RDPC,6102,2000,177.75
ADH_RDPC,6102,2010,250.22
ADH_RDPC,6103,1991,109.15
ADH_RDPC,6103,2000,155.26
ADH_RDPC,6103,2010,247.98
ADH_RDPC,6104,1991,118.21000000000001
ADH_RDPC,6104,2000,150.36
ADH_RDPC,6104,2010,219.95
ADH_RDPC,6105,1991,103.24977040961659
ADH_RDPC,6105,2000,150.623360612305
ADH_RDPC,6105,2010,259.3769604817838
ADH_RDPC,6106,1991,78.43
ADH_RDPC,6106,2000,132.42
ADH_RDPC,6106,2010,227.05
ADH_RDPC,6107,1991,63.16
ADH_RDPC,6107,2000,145.44
ADH_RDPC,6107,2010,238.17000000000002
ADH_RDPC,6108,1991,118.8
ADH_RDPC,6108,2000,146.18
ADH_RDPC,6108,2010,292.96
ADH_RDPC,6109,1991,130.18
ADH_RDPC,6109,2000,224.67
ADH_RDPC,6109,2010,392.05
ADH_RDPC,6110,1991,91.14
ADH_RDPC,6110,2000,156.11
ADH_RDPC,6110,2010,242.9
ADH_RDPC,6111,1991,102.74
ADH_RDPC,6111,2000,130.95
ADH_RDPC,6111,2010,198.67999999999998
ADH_RDPC,6112,1991,68.69
ADH_RDPC,6112,2000,116.5
ADH_RDPC,6112,2010,213.53
ADH_RDPC,6113,1991,115.91
ADH_RDPC,6113,2000,165.7
ADH_RDPC,6113,2010,287.45
ADH_RDPC,6114,1991,69.68
ADH_RDPC,6114,2000,118.2
ADH_RDPC,6114,2010,255.69
ADH_RDPC,6115,1991,101.75
ADH_RDPC,6115,2000,156.73
ADH_RDPC,6115,2010,272.29
ADH_RDPC,6116,1991,87.51
ADH_RDPC,6116,2000,99.51
ADH_RDPC,6116,2010,220.96
ADH_RDPC,6117,1991,94.83
ADH_RDPC,6117,2000,192.94
ADH_RDPC,6117,2010,217.32
ADH_RDPC,6118,1991,86.09
ADH_RDPC,6118,2000,171.46
ADH_RDPC,6118,2010,305.23
ADH_RDPC,6119,1991,70.52026532923475
ADH_RDPC,6119,2000,156.62807643997846
ADH_RDPC,6119,2010,249.66103224575463
ADH_RDPC,6120,1991,223.35000000000002
ADH_RDPC,6120,2000,324.87
ADH_RDPC,6120,2010,508.52
ADH_RDPC,6121,1991,110.95
ADH_RDPC,6121,2000,189.32000000000002
ADH_RDPC,6121,2010,308.48
ADH_RDPC,6122,1991,67.76
ADH_RDPC,6122,2000,119.55
ADH_RDPC,6122,2010,219.29
ADH_RDPC,6123,1991,89.4
ADH_RDPC,6123,2000,139.78
ADH_RDPC,6123,2010,267.79
ADH_RDPC,6124,1991,150.94
ADH_RDPC,6124,2000,157.42
ADH_RDPC,6124,2010,273.39
ADH_RDPC,6125,1991,98.86
ADH_RDPC,6125,2000,202.44
ADH_RDPC,6125,2010,321.21
ADH_RDPC,6126,1991,94.15987875707854
ADH_RDPC,6126,2000,167.4006155265586
ADH_RDPC,6126,2010,228.17703095993772
ADH_RDPC,6127,1991,104.45
ADH_RDPC,6127,2000,126.26
ADH_RDPC,6127,2010,259
ADH_RDPC,6128,1991,69.69
ADH_RDPC,6128,2000,138.62
ADH_RDPC,6128,2010,218.98
ADH_RDPC,6129,1991,103.74000000000001
ADH_RDPC,6129,2000,191.83
ADH_RDPC,6129,2010,270.98
ADH_RDPC,6130,1991,112.63
ADH_RDPC,6130,2000,255.05
ADH_RDPC,6130,2010,227.76
ADH_RDPC,6131,1991,108.62
ADH_RDPC,6131,2000,149.25
ADH_RDPC,6131,2010,253.75
ADH_RDPC,6132,1991,124.28348547305688
ADH_RDPC,6132,2000,202.64759426209096
ADH_RDPC,6132,2010,316.1751288782816
ADH_RDPC,6133,1991,95.54
ADH_RDPC,6133,2000,193.81
ADH_RDPC,6133,2010,271.47
ADH_RDPC,6134,1991,116.62835529570496
ADH_RDPC,6134,2000,180.6702293004612
ADH_RDPC,6134,2010,315.9495514077327
ADH_RDPC,6135,1991,117.95
ADH_RDPC,6135,2000,140.65
ADH_RDPC,6135,2010,283.93
ADH_RDPC,6136,1991,99.14
ADH_RDPC,6136,2000,178.92
ADH_RDPC,6136,2010,292.5
ADH_RDPC,6137,1991,66.39
ADH_RDPC,6137,2000,136.85
ADH_RDPC,6137,2010,267.39
ADH_RDPC,6138,1991,121.04882478595964
ADH_RDPC,6138,2000,158.12180452944833
ADH_RDPC,6138,2010,256.8130912775616
ADH_RDPC,6139,1991,76.71
ADH_RDPC,6139,2000,147.1
ADH_RDPC,6139,2010,239.15
ADH_RDPC,6140,1991,52.1
ADH_RDPC,6140,2000,124.98999999999998
ADH_RDPC,6140,2010,217.39
ADH_RDPC,6141,1991,88.42
ADH_RDPC,6141,2000,140.48
ADH_RDPC,6141,2010,217.45
ADH_RDPC,6142,1991,102.34934631112135
ADH_RDPC,6142,2000,122.02726174162204
ADH_RDPC,6142,2010,220.6592454249185
ADH_RDPC,6143,1991,81.29
ADH_RDPC,6143,2000,158.64
ADH_RDPC,6143,2010,291.16
ADH_RDPC,6144,1991,118.34
ADH_RDPC,6144,2000,177.2
ADH_RDPC,6144,2010,277.52
ADH_RDPC,6145,1991,163.44
ADH_RDPC,6145,2000,232.56
ADH_RDPC,6145,2010,379.3
ADH_RDPC,6146,1991,73.5
ADH_RDPC,6146,2000,100.43
ADH_RDPC,6146,2010,166.28
ADH_RDPC,6147,1991,63
ADH_RDPC,6147,2000,134.08
ADH_RDPC,6147,2010,274.26
ADH_RDPC,6148,1991,154.93
ADH_RDPC,6148,2000,214.10999999999999
ADH_RDPC,6148,2010,328.16
ADH_RDPC,6149,1991,63.589999999999996
ADH_RDPC,6149,2000,137.95
ADH_RDPC,6149,2010,306.95
ADH_RDPC,6150,1991,163.16
ADH_RDPC,6150,2000,224.79
ADH_RDPC,6150,2010,328.99
ADH_RDPC,6151,1991,64.12
ADH_RDPC,6151,2000,131.48
ADH_RDPC,6151,2010,207.42
ADH_RDPC,6152,1991,71.32
ADH_RDPC,6152,2000,109.65000000000002
ADH_RDPC,6152,2010,216.66
ADH_RDPC,6153,1991,49.18
ADH_RDPC,6153,2000,110.28
ADH_RDPC,6153,2010,238.28
ADH_RDPC,6154,1991,69.61
ADH_RDPC,6154,2000,143.77
ADH_RDPC,6154,2010,234.08
ADH_RDPC,6155,1991,93.23
ADH_RDPC,6155,2000,161.99
ADH_RDPC,6155,2010,321.53
ADH_RDPC,6156,1991,69.66
ADH_RDPC,6156,2000,129.37
ADH_RDPC,6156,2010,244.14
ADH_RDPC,6157,1991,99.59
ADH_RDPC,6157,2000,175.73
ADH_RDPC,6157,2010,302.36
ADH_RDPC,6158,1991,107.04
ADH_RDPC,6158,2000,223.22
ADH_RDPC,6158,2010,371.01
ADH_RDPC,6159,1991,91.78
ADH_RDPC,6159,2000,138.81
ADH_RDPC,6159,2010,198.63
ADH_RDPC,6160,1991,106.42
ADH_RDPC,6160,2000,220.52
ADH_RDPC,6160,2010,262.87
ADH_RDPC,6161,1991,116.84182737693864
ADH_RDPC,6161,2000,169.65775858436908
ADH_RDPC,6161,2010,266.9086440677966
ADH_RDPC,6162,1991,70.68
ADH_RDPC,6162,2000,110.79
ADH_RDPC,6162,2010,214.38
ADH_RDPC,6163,1991,90.21000000000001
ADH_RDPC,6163,2000,136.61
ADH_RDPC,6163,2010,278.22
ADH_RDPC,6164,1991,68.91
ADH_RDPC,6164,2000,201.97
ADH_RDPC,6164,2010,244.05
ADH_RDPC,6165,1991,93.49
ADH_RDPC,6165,2000,183.36
ADH_RDPC,6165,2010,268.53
ADH_RDPC,6166,1991,89.01
ADH_RDPC,6166,2000,130.02
ADH_RDPC,6166,2010,224.2
ADH_RDPC,6167,1991,130.73
ADH_RDPC,6167,2000,203.44
ADH_RDPC,6167,2010,330.05
ADH_RDPC,6168,1991,92.37
ADH_RDPC,6168,2000,120.10000000000001
ADH_RDPC,6168,2010,195.07
ADH_RDPC,6169,1991,88.67000000000002
ADH_RDPC,6169,2000,121.45
ADH_RDPC,6169,2010,260.75
ADH_RDPC,6170,1991,94.93
ADH_RDPC,6170,2000,171.98
ADH_RDPC,6170,2010,377.4
ADH_RDPC,7001,1991,325.3158336163812
ADH_RDPC,7001,2000,387.65496250811333
ADH_RDPC,7001,2010,495.1269280188404
ADH_RDPC,7002,1991,152.5
ADH_RDPC,7002,2000,280.17
ADH_RDPC,7002,2010,386.56
ADH_RDPC,7003,1991,97.02
ADH_RDPC,7003,2000,140.58
ADH_RDPC,7003,2010,233.59
ADH_RDPC,7004,1991,156.31
ADH_RDPC,7004,2000,222.12
ADH_RDPC,7004,2010,297.02
ADH_RDPC,7005,1991,118.91933624692707
ADH_RDPC,7005,2000,135.6247820141001
ADH_RDPC,7005,2010,209.7816165126727
ADH_RDPC,7006,1991,107.49
ADH_RDPC,7006,2000,131.78
ADH_RDPC,7006,2010,239.3
ADH_RDPC,7007,1991,138.16
ADH_RDPC,7007,2000,178.67
ADH_RDPC,7007,2010,275.5
ADH_RDPC,7008,1991,112.74000000000001
ADH_RDPC,7008,2000,151.65
ADH_RDPC,7008,2010,269.86
ADH_RDPC,7009,1991,129.31
ADH_RDPC,7009,2000,168.95
ADH_RDPC,7009,2010,259.21
ADH_RDPC,7010,1991,118.19999999999999
ADH_RDPC,7010,2000,159
ADH_RDPC,7010,2010,286.59
ADH_RDPC,7011,1991,111.48
ADH_RDPC,7011,2000,162.3
ADH_RDPC,7011,2010,253.26
ADH_RDPC,7012,1991,165.05579691623547
ADH_RDPC,7012,2000,236.40925277231685
ADH_RDPC,7012,2010,353.6048040932016
ADH_RDPC,7013,1991,132.97
ADH_RDPC,7013,2000,226.84
ADH_RDPC,7013,2010,324.01
ADH_RDPC,7014,1991,249.57
ADH_RDPC,7014,2000,341.06
ADH_RDPC,7014,2010,469.53
ADH_RDPC,7015,1991,126.28000000000002
ADH_RDPC,7015,2000,149.05
ADH_RDPC,7015,2010,257.4
ADH_RDPC,7016,1991,206.61
ADH_RDPC,7016,2000,189.34
ADH_RDPC,7016,2010,263.2
ADH_RDPC,7017,1991,104.01
ADH_RDPC,7017,2000,139.85
ADH_RDPC,7017,2010,226.82
ADH_RDPC,7018,1991,155.3
ADH_RDPC,7018,2000,227.6
ADH_RDPC,7018,2010,357.77
ADH_RDPC,7019,1991,169.6
ADH_RDPC,7019,2000,235.46
ADH_RDPC,7019,2010,372.93
ADH_RDPC,7020,1991,78.9
ADH_RDPC,7020,2000,114.70999999999998
ADH_RDPC,7020,2010,220.19
ADH_RDPC,7021,1991,162.13
ADH_RDPC,7021,2000,239.31
ADH_RDPC,7021,2010,351.75
ADH_RDPC,7022,1991,109
ADH_RDPC,7022,2000,150.64
ADH_RDPC,7022,2010,234.36
ADH_RDPC,7023,1991,139.56
ADH_RDPC,7023,2000,159.67
ADH_RDPC,7023,2010,305.57
ADH_RDPC,7024,1991,121.54999999999998
ADH_RDPC,7024,2000,146.89
ADH_RDPC,7024,2010,248.98000000000002
ADH_RDPC,7025,1991,138.42
ADH_RDPC,7025,2000,215.48
ADH_RDPC,7025,2010,258.52
ADH_RDPC,7026,1991,93.97
ADH_RDPC,7026,2000,126.55000000000001
ADH_RDPC,7026,2010,230.85
ADH_RDPC,7027,1991,72.09
ADH_RDPC,7027,2000,115.88
ADH_RDPC,7027,2010,266.21
ADH_RDPC,7028,1991,160.64
ADH_RDPC,7028,2000,202.67
ADH_RDPC,7028,2010,296.7
ADH_RDPC,7029,1991,100.33
ADH_RDPC,7029,2000,147.21
ADH_RDPC,7029,2010,254.03
ADH_RDPC,7030,1991,103.34
ADH_RDPC,7030,2000,119.37000000000002
ADH_RDPC,7030,2010,176.76
ADH_RDPC,7031,1991,196.33
ADH_RDPC,7031,2000,270.17
ADH_RDPC,7031,2010,467.07
ADH_RDPC,7032,1991,171.46
ADH_RDPC,7032,2000,221.03000000000003
ADH_RDPC,7032,2010,298.14
ADH_RDPC,7033,1991,211.73
ADH_RDPC,7033,2000,247.56999999999996
ADH_RDPC,7033,2010,308.18
ADH_RDPC,7034,1991,108.54
ADH_RDPC,7034,2000,109.32
ADH_RDPC,7034,2010,176.77
ADH_RDPC,7035,1991,99.08
ADH_RDPC,7035,2000,142.25
ADH_RDPC,7035,2010,215.47
ADH_RDPC,7036,1991,89.53
ADH_RDPC,7036,2000,135.53
ADH_RDPC,7036,2010,272.66
ADH_RDPC,7037,1991,203.32496864002417
ADH_RDPC,7037,2000,306.9605988936761
ADH_RDPC,7037,2010,428.29357226887015
ADH_RDPC,7038,1991,225.11
ADH_RDPC,7038,2000,233.37
ADH_RDPC,7038,2010,305.53
ADH_RDPC,7039,1991,135.39
ADH_RDPC,7039,2000,157.79
ADH_RDPC,7039,2010,278.04
ADH_RDPC,7040,1991,124.65000000000002
ADH_RDPC,7040,2000,169.06
ADH_RDPC,7040,2010,234.75
ADH_RDPC,7041,1991,118.22
ADH_RDPC,7041,2000,143.8
ADH_RDPC,7041,2010,215.71
ADH_RDPC,7042,1991,106.64932168749037
ADH_RDPC,7042,2000,124.95717078734064
ADH_RDPC,7042,2010,226.40905108047247
ADH_RDPC,7043,1991,175.46681757738813
ADH_RDPC,7043,2000,182.9056263342157
ADH_RDPC,7043,2010,270.1182650303163
ADH_RDPC,7044,1991,217.38849982596588
ADH_RDPC,7044,2000,328.03650784571187
ADH_RDPC,7044,2010,380.43609310515603
ADH_RDPC,7045,1991,312.46
ADH_RDPC,7045,2000,416.02
ADH_RDPC,7045,2010,553.99
ADH_RDPC,7046,1991,183.6576606387072
ADH_RDPC,7046,2000,225.47667091342157
ADH_RDPC,7046,2010,327.74106931656564
ADH_RDPC,7047,1991,144.08
ADH_RDPC,7047,2000,209.93
ADH_RDPC,7047,2010,292.74
ADH_RDPC,7048,1991,88.81
ADH_RDPC,7048,2000,185.05
ADH_RDPC,7048,2010,269.64
ADH_RDPC,7049,1991,104.82
ADH_RDPC,7049,2000,132.88
ADH_RDPC,7049,2010,239.03999999999996
ADH_RDPC,7050,1991,161.9
ADH_RDPC,7050,2000,190.04
ADH_RDPC,7050,2010,341.34
ADH_RDPC,7051,1991,162.32
ADH_RDPC,7051,2000,166.57
ADH_RDPC,7051,2010,297.68
ADH_RDPC,7052,1991,123.39
ADH_RDPC,7052,2000,168.3
ADH_RDPC,7052,2010,247.2
ADH_RDPC,7053,1991,111.53
ADH_RDPC,7053,2000,147.15
ADH_RDPC,7053,2010,232.22
ADH_RDPC,7054,1991,130
ADH_RDPC,7054,2000,112.17
ADH_RDPC,7054,2010,249.31999999999996
ADH_RDPC,7055,1991,154.05
ADH_RDPC,7055,2000,206.92
ADH_RDPC,7055,2010,336.81
ADH_RDPC,7056,1991,122.12000000000002
ADH_RDPC,7056,2000,205.97
ADH_RDPC,7056,2010,350
ADH_RDPC,7057,1991,291.148815041589
ADH_RDPC,7057,2000,387.28303624398467
ADH_RDPC,7057,2010,586.1589137896095
ADH_RDPC,7058,1991,130.14
ADH_RDPC,7058,2000,193.83
ADH_RDPC,7058,2010,322.46
ADH_RDPC,7059,1991,103
ADH_RDPC,7059,2000,136.67
ADH_RDPC,7059,2010,234.83
ADH_RDPC,7060,1991,117.85000000000001
ADH_RDPC,7060,2000,193.8
ADH_RDPC,7060,2010,296.5
ADH_RDPC,7061,1991,456.55
ADH_RDPC,7061,2000,1104.89
ADH_RDPC,7061,2010,1034.14
ADH_RDPC,7062,1991,133.34
ADH_RDPC,7062,2000,174.04
ADH_RDPC,7062,2010,311.83
ADH_RDPC,7063,1991,87.6
ADH_RDPC,7063,2000,132.04
ADH_RDPC,7063,2010,236.30999999999997
ADH_RDPC,7064,1991,116.95
ADH_RDPC,7064,2000,159.25
ADH_RDPC,7064,2010,286.08
ADH_RDPC,7065,1991,133.17
ADH_RDPC,7065,2000,154.02
ADH_RDPC,7065,2010,231.5
ADH_RDPC,7066,1991,276.37
ADH_RDPC,7066,2000,332.38
ADH_RDPC,7066,2010,492.44
ADH_RDPC,7067,1991,122.33
ADH_RDPC,7067,2000,168.29
ADH_RDPC,7067,2010,278.33
ADH_RDPC,7068,1991,170.58
ADH_RDPC,7068,2000,245.01
ADH_RDPC,7068,2010,364.77
ADH_RDPC,7069,1991,83.51
ADH_RDPC,7069,2000,122.38
ADH_RDPC,7069,2010,234.9
ADH_RDPC,7070,1991,203.19
ADH_RDPC,7070,2000,276.25
ADH_RDPC,7070,2010,402.96
ADH_RDPC,7071,1991,89.51
ADH_RDPC,7071,2000,106.34
ADH_RDPC,7071,2010,200.95
ADH_RDPC,7072,1991,120.3
ADH_RDPC,7072,2000,137.19
ADH_RDPC,7072,2010,220.98
ADH_RDPC,7073,1991,102.5
ADH_RDPC,7073,2000,135.52
ADH_RDPC,7073,2010,238.23
ADH_RDPC,7074,1991,114.72000000000001
ADH_RDPC,7074,2000,165.07
ADH_RDPC,7074,2010,295.88
ADH_RDPC,7075,1991,108.39896030001293
ADH_RDPC,7075,2000,126.66305002280673
ADH_RDPC,7075,2010,169.47575072650955
ADH_RDPC,7076,1991,83.54
ADH_RDPC,7076,2000,218.99
ADH_RDPC,7076,2010,286.41
ADH_RDPC,7077,1991,123.97
ADH_RDPC,7077,2000,206.67
ADH_RDPC,7077,2010,362.68
ADH_RDPC,7078,1991,116.18
ADH_RDPC,7078,2000,167.89
ADH_RDPC,7078,2010,231.47000000000003
ADH_RDPC,7079,1991,259.27
ADH_RDPC,7079,2000,244.82
ADH_RDPC,7079,2010,271.71
ADH_RDPC,7080,1991,98.85
ADH_RDPC,7080,2000,150.17
ADH_RDPC,7080,2010,218.32
ADH_RDPC,7081,1991,234.04
ADH_RDPC,7081,2000,314.45
ADH_RDPC,7081,2010,394.85
ADH_RDPC,7082,1991,121.48
ADH_RDPC,7082,2000,158.98
ADH_RDPC,7082,2010,271
ADH_RDPC,7083,1991,84.55
ADH_RDPC,7083,2000,173.81
ADH_RDPC,7083,2010,331.14
ADH_RDPC,7084,1991,114.45000000000002
ADH_RDPC,7084,2000,162.27
ADH_RDPC,7084,2010,251.09
ADH_RDPC,7085,1991,359.97
ADH_RDPC,7085,2000,474.83000000000004
ADH_RDPC,7085,2010,593.9
ADH_RDPC,7086,1991,121.09010562069606
ADH_RDPC,7086,2000,130.20709624796083
ADH_RDPC,7086,2010,244.15945640723103
ADH_RDPC,7087,1991,144.96
ADH_RDPC,7087,2000,141.82
ADH_RDPC,7087,2010,244.26
ADH_RDPC,7088,1991,186.87050418638518
ADH_RDPC,7088,2000,226.6827547692004
ADH_RDPC,7088,2010,343.52602453987737
ADH_RDPC,7089,1991,148.45
ADH_RDPC,7089,2000,169.51000000000002
ADH_RDPC,7089,2010,276.15
ADH_RDPC,7090,1991,111.08
ADH_RDPC,7090,2000,162.41
ADH_RDPC,7090,2010,263.01
ADH_RDPC,7091,1991,101.86968337863688
ADH_RDPC,7091,2000,157.27767344714854
ADH_RDPC,7091,2010,248.05760911596528
ADH_RDPC,7092,1991,87.53000000000002
ADH_RDPC,7092,2000,167.15
ADH_RDPC,7092,2010,206.22
ADH_RDPC,7093,1991,115.87
ADH_RDPC,7093,2000,165.05
ADH_RDPC,7093,2010,252.8
ADH_RDPC,7094,1991,100.68
ADH_RDPC,7094,2000,118.67
ADH_RDPC,7094,2010,224.13000000000002
ADH_RDPC,7095,1991,103.45
ADH_RDPC,7095,2000,147.8
ADH_RDPC,7095,2010,253.4
ADH_RDPC,7096,1991,193.10887947246889
ADH_RDPC,7096,2000,212.81454015093396
ADH_RDPC,7096,2010,278.52000160784627
ADH_RDPC,7097,1991,184.67
ADH_RDPC,7097,2000,240.65
ADH_RDPC,7097,2010,333.52
ADH_RDPC,7098,1991,177.77
ADH_RDPC,7098,2000,239.49
ADH_RDPC,7098,2010,398.37
ADH_RDPC,7099,1991,126.08
ADH_RDPC,7099,2000,155.91
ADH_RDPC,7099,2010,278.93
ADH_RDPC,7100,1991,104.12
ADH_RDPC,7100,2000,173.17
ADH_RDPC,7100,2010,231.75
ADH_RDPC,7101,1991,100.62
ADH_RDPC,7101,2000,129.11
ADH_RDPC,7101,2010,193.86
ADH_RDPC,7102,1991,170.26
ADH_RDPC,7102,2000,201.82
ADH_RDPC,7102,2010,356.7
ADH_RDPC,7103,1991,202.36
ADH_RDPC,7103,2000,243.19
ADH_RDPC,7103,2010,351.46
ADH_RDPC,7104,1991,431.89
ADH_RDPC,7104,2000,514.93
ADH_RDPC,7104,2010,640.13
ADH_RDPC,7105,1991,117.36000000000001
ADH_RDPC,7105,2000,157.26
ADH_RDPC,7105,2010,237.64
ADH_RDPC,7106,1991,147.39
ADH_RDPC,7106,2000,201.72
ADH_RDPC,7106,2010,224.41
ADH_RDPC,7107,1991,123.38798688934828
ADH_RDPC,7107,2000,177.44012108048733
ADH_RDPC,7107,2010,261.97239643901315
ADH_RDPC,7108,1991,186.81
ADH_RDPC,7108,2000,272.07
ADH_RDPC,7108,2010,311.09
ADH_RDPC,7109,1991,108.11
ADH_RDPC,7109,2000,198.78
ADH_RDPC,7109,2010,251.44
ADH_RDPC,7110,1991,112.38000000000001
ADH_RDPC,7110,2000,143.22
ADH_RDPC,7110,2010,238.61
ADH_RDPC,7111,1991,120.48999999999998
ADH_RDPC,7111,2000,135.47
ADH_RDPC,7111,2010,213.74
ADH_RDPC,7112,1991,107.62
ADH_RDPC,7112,2000,169.29
ADH_RDPC,7112,2010,255.27
ADH_RDPC,7113,1991,110.24
ADH_RDPC,7113,2000,161.44
ADH_RDPC,7113,2010,259.04
ADH_RDPC,7114,1991,146.19
ADH_RDPC,7114,2000,211.43
ADH_RDPC,7114,2010,360.06000000000006
ADH_RDPC,7115,1991,137.96
ADH_RDPC,7115,2000,175.19
ADH_RDPC,7115,2010,244.48000000000002
ADH_RDPC,7116,1991,183.75
ADH_RDPC,7116,2000,225.33000000000004
ADH_RDPC,7116,2010,329.16
ADH_RDPC,7117,1991,134.36
ADH_RDPC,7117,2000,156.92
ADH_RDPC,7117,2010,233.90999999999997
ADH_RDPC,7118,1991,149.66
ADH_RDPC,7118,2000,214.66
ADH_RDPC,7118,2010,302.97
ADH_RDPC,7119,1991,107.41999999999999
ADH_RDPC,7119,2000,166.67
ADH_RDPC,7119,2010,281.27
ADH_RDPC,7120,1991,116.73999999999998
ADH_RDPC,7120,2000,145.05
ADH_RDPC,7120,2010,215.92000000000002
ADH_RDPC,7121,1991,594.62
ADH_RDPC,7121,2000,778.39
ADH_RDPC,7121,2010,1144.26
ADH_RDPC,7122,1991,143.36
ADH_RDPC,7122,2000,297.7
ADH_RDPC,7122,2010,306.61
ADH_RDPC,7123,1991,158.85
ADH_RDPC,7123,2000,227.8
ADH_RDPC,7123,2010,324.47
ADH_RDPC,7124,1991,110.47988886918486
ADH_RDPC,7124,2000,167.3928865816796
ADH_RDPC,7124,2010,282.0354222460692
ADH_RDPC,7125,1991,116.17
ADH_RDPC,7125,2000,165.56999999999996
ADH_RDPC,7125,2010,297.91
ADH_RDPC,7126,1991,91.27
ADH_RDPC,7126,2000,158.9
ADH_RDPC,7126,2010,198.91
ADH_RDPC,7127,1991,212.05
ADH_RDPC,7127,2000,281.71
ADH_RDPC,7127,2010,441.79
ADH_RDPC,7128,1991,174.5
ADH_RDPC,7128,2000,152.88
ADH_RDPC,7128,2010,259.1
ADH_RDPC,7129,1991,175
ADH_RDPC,7129,2000,271.29
ADH_RDPC,7129,2010,267.58
ADH_RDPC,7130,1991,144.99809069557364
ADH_RDPC,7130,2000,196.3728591586896
ADH_RDPC,7130,2010,330.90327631284083
ADH_RDPC,7131,1991,328.11
ADH_RDPC,7131,2000,411.88
ADH_RDPC,7131,2010,507.05
ADH_RDPC,7132,1991,97.01000000000002
ADH_RDPC,7132,2000,136.32
ADH_RDPC,7132,2010,279.1
ADH_RDPC,7133,1991,100.92
ADH_RDPC,7133,2000,146.02
ADH_RDPC,7133,2010,229.83
ADH_RDPC,7134,1991,96.18
ADH_RDPC,7134,2000,115.27000000000001
ADH_RDPC,7134,2010,178.27
ADH_RDPC,7135,1991,176.89
ADH_RDPC,7135,2000,309.1
ADH_RDPC,7135,2010,319.47
ADH_RDPC,7136,1991,137.46
ADH_RDPC,7136,2000,189.93
ADH_RDPC,7136,2010,300.16
ADH_RDPC,7137,1991,113.73000000000002
ADH_RDPC,7137,2000,150.57
ADH_RDPC,7137,2010,269.44
ADH_RDPC,7138,1991,123.27
ADH_RDPC,7138,2000,155.37
ADH_RDPC,7138,2010,244.22000000000003
ADH_RDPC,7139,1991,123
ADH_RDPC,7139,2000,196.91
ADH_RDPC,7139,2010,304.5
ADH_RDPC,7140,1991,96.41
ADH_RDPC,7140,2000,161.06
ADH_RDPC,7140,2010,275.14
ADH_RDPC,7141,1991,169.33
ADH_RDPC,7141,2000,203.46
ADH_RDPC,7141,2010,338.9
ADH_RDPC,7142,1991,134.95
ADH_RDPC,7142,2000,156.37
ADH_RDPC,7142,2010,257.47
ADH_RDPC,7143,1991,182.02
ADH_RDPC,7143,2000,250.29000000000002
ADH_RDPC,7143,2010,407.34
ADH_RDPC,7144,1991,92.6
ADH_RDPC,7144,2000,144.4
ADH_RDPC,7144,2010,233.56000000000003
ADH_RDPC,7145,1991,136.67
ADH_RDPC,7145,2000,204.52
ADH_RDPC,7145,2010,337.53
ADH_RDPC,7146,1991,99.37
ADH_RDPC,7146,2000,173.18
ADH_RDPC,7146,2010,273.75
ADH_RDPC,7147,1991,66.13
ADH_RDPC,7147,2000,114.89
ADH_RDPC,7147,2010,206.11
ADH_RDPC,7148,1991,50.92999999999999
ADH_RDPC,7148,2000,97.02999999999999
ADH_RDPC,7148,2010,240.64
ADH_RDPC,7149,1991,147.69
ADH_RDPC,7149,2000,170.68
ADH_RDPC,7149,2010,278.14
ADH_RDPC,7150,1991,112.42
ADH_RDPC,7150,2000,155.64
ADH_RDPC,7150,2010,225.21
ADH_RDPC,7151,1991,123.84999999999998
ADH_RDPC,7151,2000,138.11
ADH_RDPC,7151,2010,205.06
ADH_RDPC,7152,1991,214.31
ADH_RDPC,7152,2000,276.04
ADH_RDPC,7152,2010,419.74
ADH_RDPC,7153,1991,88.08
ADH_RDPC,7153,2000,92.91
ADH_RDPC,7153,2010,225.28
ADH_RDPC,7154,1991,158.3
ADH_RDPC,7154,2000,203.7
ADH_RDPC,7154,2010,237.89
ADH_RDPC,7155,1991,174
ADH_RDPC,7155,2000,233.83
ADH_RDPC,7155,2010,318.8
ADH_RDPC,7156,1991,339.33
ADH_RDPC,7156,2000,386.28
ADH_RDPC,7156,2010,470.44
ADH_RDPC,7157,1991,114.3
ADH_RDPC,7157,2000,165.52
ADH_RDPC,7157,2010,272.81
ADH_RDPC,7158,1991,138
ADH_RDPC,7158,2000,359.43
ADH_RDPC,7158,2010,338.39
ADH_RDPC,7159,1991,80.2
ADH_RDPC,7159,2000,102.39
ADH_RDPC,7159,2010,172.52
ADH_RDPC,7160,1991,145.83
ADH_RDPC,7160,2000,205.87
ADH_RDPC,7160,2010,360.29
ADH_RDPC,7161,1991,135.61
ADH_RDPC,7161,2000,204.55
ADH_RDPC,7161,2010,276.94
ADH_RDPC,7162,1991,99.19
ADH_RDPC,7162,2000,142.09
ADH_RDPC,7162,2010,260.66
ADH_RDPC,7163,1991,131.6
ADH_RDPC,7163,2000,193.4
ADH_RDPC,7163,2010,337.92
ADH_RDPC,7164,1991,121.65
ADH_RDPC,7164,2000,157.61
ADH_RDPC,7164,2010,246.44
ADH_RDPC,7165,1991,200.25
ADH_RDPC,7165,2000,264.24
ADH_RDPC,7165,2010,401.16
ADH_RDPC,8001,1991,78.69976883400474
ADH_RDPC,8001,2000,126.19928931245745
ADH_RDPC,8001,2010,212.35246179278704
ADH_RDPC,8002,1991,118.12
ADH_RDPC,8002,2000,170.3
ADH_RDPC,8002,2010,239.53
ADH_RDPC,8003,1991,207.68799641014135
ADH_RDPC,8003,2000,244.16135533521506
ADH_RDPC,8003,2010,401.8738662226861
ADH_RDPC,8004,1991,118.92
ADH_RDPC,8004,2000,152.85
ADH_RDPC,8004,2010,237.32999999999998
ADH_RDPC,8005,1991,95.26965259853505
ADH_RDPC,8005,2000,152.07434948453607
ADH_RDPC,8005,2010,282.023576259921
ADH_RDPC,8006,1991,154.82
ADH_RDPC,8006,2000,218
ADH_RDPC,8006,2010,422.78
ADH_RDPC,8007,1991,147.26
ADH_RDPC,8007,2000,246.02
ADH_RDPC,8007,2010,265.62
ADH_RDPC,8008,1991,126.56
ADH_RDPC,8008,2000,144.86
ADH_RDPC,8008,2010,309.5
ADH_RDPC,8009,1991,81.56
ADH_RDPC,8009,2000,108.35
ADH_RDPC,8009,2010,187.77
ADH_RDPC,8010,1991,131.36
ADH_RDPC,8010,2000,170.78
ADH_RDPC,8010,2010,260.2
ADH_RDPC,8011,1991,79.46
ADH_RDPC,8011,2000,121.11
ADH_RDPC,8011,2010,221.93
ADH_RDPC,8012,1991,131.92
ADH_RDPC,8012,2000,142.84
ADH_RDPC,8012,2010,259.72
ADH_RDPC,8013,1991,115.66
ADH_RDPC,8013,2000,127.46
ADH_RDPC,8013,2010,232.84999999999997
ADH_RDPC,8014,1991,133.85892603648426
ADH_RDPC,8014,2000,144.47579290103639
ADH_RDPC,8014,2010,259.99693333333335
ADH_RDPC,8015,1991,140.4
ADH_RDPC,8015,2000,147.16
ADH_RDPC,8015,2010,217.72
ADH_RDPC,8016,1991,73.75
ADH_RDPC,8016,2000,114.38
ADH_RDPC,8016,2010,181.54
ADH_RDPC,8017,1991,90.55
ADH_RDPC,8017,2000,83.83
ADH_RDPC,8017,2010,183.83
ADH_RDPC,8018,1991,108.3
ADH_RDPC,8018,2000,143.42
ADH_RDPC,8018,2010,251.36000000000004
ADH_RDPC,8019,1991,102.67
ADH_RDPC,8019,2000,117.4
ADH_RDPC,8019,2010,199.58
ADH_RDPC,8020,1991,99.58
ADH_RDPC,8020,2000,121.46
ADH_RDPC,8020,2010,226.6
ADH_RDPC,8021,1991,107.71000000000001
ADH_RDPC,8021,2000,123.33
ADH_RDPC,8021,2010,203.15
ADH_RDPC,8022,1991,98.44
ADH_RDPC,8022,2000,156.88
ADH_RDPC,8022,2010,242.28
ADH_RDPC,8023,1991,163.51
ADH_RDPC,8023,2000,192.9
ADH_RDPC,8023,2010,299.47
ADH_RDPC,8024,1991,158.9144843897094
ADH_RDPC,8024,2000,215.03827159143924
ADH_RDPC,8024,2010,304.0461650030021
ADH_RDPC,8025,1991,143.2
ADH_RDPC,8025,2000,226.71000000000004
ADH_RDPC,8025,2010,332.13
ADH_RDPC,8026,1991,98.28
ADH_RDPC,8026,2000,148.66
ADH_RDPC,8026,2010,194.80999999999997
ADH_RDPC,8027,1991,182.94883077520885
ADH_RDPC,8027,2000,208.6860070378313
ADH_RDPC,8027,2010,353.0854161768566
ADH_RDPC,8028,1991,98.17
ADH_RDPC,8028,2000,135.19
ADH_RDPC,8028,2010,193.07
ADH_RDPC,8029,1991,115.58
ADH_RDPC,8029,2000,120.65
ADH_RDPC,8029,2010,245.49
ADH_RDPC,8030,1991,99.04
ADH_RDPC,8030,2000,131.99
ADH_RDPC,8030,2010,213.44
ADH_RDPC,8031,1991,99.28000000000002
ADH_RDPC,8031,2000,110.69
ADH_RDPC,8031,2010,177.55
ADH_RDPC,8032,1991,94.49
ADH_RDPC,8032,2000,142.25
ADH_RDPC,8032,2010,199.68
ADH_RDPC,8033,1991,90.71
ADH_RDPC,8033,2000,93.96
ADH_RDPC,8033,2010,241.17
ADH_RDPC,8034,1991,90.97
ADH_RDPC,8034,2000,114.64999999999999
ADH_RDPC,8034,2010,254.34
ADH_RDPC,8035,1991,76.86
ADH_RDPC,8035,2000,102.21
ADH_RDPC,8035,2010,180.64
ADH_RDPC,8036,1991,122.98999999999998
ADH_RDPC,8036,2000,222.71999999999997
ADH_RDPC,8036,2010,235.11000000000004
ADH_RDPC,8037,1991,121.11
ADH_RDPC,8037,2000,118.77
ADH_RDPC,8037,2010,219.52000000000004
ADH_RDPC,8038,1991,121.44000000000001
ADH_RDPC,8038,2000,168.79
ADH_RDPC,8038,2010,260.92
ADH_RDPC,8039,1991,85.43
ADH_RDPC,8039,2000,124.11000000000001
ADH_RDPC,8039,2010,219.1
ADH_RDPC,8040,1991,95.55
ADH_RDPC,8040,2000,123.78
ADH_RDPC,8040,2010,190.23
ADH_RDPC,8041,1991,115.22
ADH_RDPC,8041,2000,160.89
ADH_RDPC,8041,2010,306.96
ADH_RDPC,8042,1991,100.05
ADH_RDPC,8042,2000,119.75
ADH_RDPC,8042,2010,231.56
ADH_RDPC,8043,1991,92.83
ADH_RDPC,8043,2000,125.03
ADH_RDPC,8043,2010,285.98
ADH_RDPC,8044,1991,455.25999999999993
ADH_RDPC,8044,2000,583.12
ADH_RDPC,8044,2010,792.54
ADH_RDPC,8045,1991,121.5
ADH_RDPC,8045,2000,124.09000000000002
ADH_RDPC,8045,2010,270.04
ADH_RDPC,8046,1991,109.95
ADH_RDPC,8046,2000,144.21
ADH_RDPC,8046,2010,253.86
ADH_RDPC,8047,1991,78.36
ADH_RDPC,8047,2000,85.79999999999998
ADH_RDPC,8047,2010,229.39
ADH_RDPC,8048,1991,140.73
ADH_RDPC,8048,2000,224.09
ADH_RDPC,8048,2010,431.43
ADH_RDPC,8049,1991,144.67999999999998
ADH_RDPC,8049,2000,206.13
ADH_RDPC,8049,2010,297.05
ADH_RDPC,8050,1991,98.35
ADH_RDPC,8050,2000,130.31
ADH_RDPC,8050,2010,229.81
ADH_RDPC,8051,1991,85.42
ADH_RDPC,8051,2000,122.37999999999998
ADH_RDPC,8051,2010,186.87
ADH_RDPC,8052,1991,102.61
ADH_RDPC,8052,2000,131.88
ADH_RDPC,8052,2010,231.82000000000002
ADH_RDPC,8053,1991,157.08
ADH_RDPC,8053,2000,152.81
ADH_RDPC,8053,2010,256.45
ADH_RDPC,8054,1991,105.59
ADH_RDPC,8054,2000,128.64
ADH_RDPC,8054,2010,231.37
ADH_RDPC,8055,1991,79.12
ADH_RDPC,8055,2000,197.95
ADH_RDPC,8055,2010,176.62
ADH_RDPC,8056,1991,115.1
ADH_RDPC,8056,2000,155.8
ADH_RDPC,8056,2010,233.16
ADH_RDPC,8057,1991,170.1
ADH_RDPC,8057,2000,200.13
ADH_RDPC,8057,2010,239.75
ADH_RDPC,8058,1991,149.47
ADH_RDPC,8058,2000,192.01
ADH_RDPC,8058,2010,274.46
ADH_RDPC,8059,1991,140.74
ADH_RDPC,8059,2000,170.87
ADH_RDPC,8059,2010,211.97
ADH_RDPC,8060,1991,73.67
ADH_RDPC,8060,2000,98.98
ADH_RDPC,8060,2010,151.62
ADH_RDPC,8061,1991,72.42
ADH_RDPC,8061,2000,82.3
ADH_RDPC,8061,2010,195.19000000000003
ADH_RDPC,8062,1991,80.04
ADH_RDPC,8062,2000,126.89
ADH_RDPC,8062,2010,227.56000000000003
ADH_RDPC,8063,1991,83.36
ADH_RDPC,8063,2000,109.76
ADH_RDPC,8063,2010,185.39
ADH_RDPC,8064,1991,145.98
ADH_RDPC,8064,2000,174.42999999999998
ADH_RDPC,8064,2010,224.32999999999998
ADH_RDPC,8065,1991,100.7
ADH_RDPC,8065,2000,133.65
ADH_RDPC,8065,2010,194.73
ADH_RDPC,8066,1991,77.56
ADH_RDPC,8066,2000,126.8
ADH_RDPC,8066,2010,247.2
ADH_RDPC,8067,1991,198.63
ADH_RDPC,8067,2000,255.31
ADH_RDPC,8067,2010,339.15
ADH_RDPC,8068,1991,153.88
ADH_RDPC,8068,2000,164.28
ADH_RDPC,8068,2010,227.65
ADH_RDPC,8069,1991,153.23
ADH_RDPC,8069,2000,185.83
ADH_RDPC,8069,2010,292.06
ADH_RDPC,8070,1991,132.07
ADH_RDPC,8070,2000,124.19
ADH_RDPC,8070,2010,292.88
ADH_RDPC,8071,1991,250.37
ADH_RDPC,8071,2000,257.64
ADH_RDPC,8071,2010,265.96
ADH_RDPC,8072,1991,67.71
ADH_RDPC,8072,2000,69.2
ADH_RDPC,8072,2010,162.21
ADH_RDPC,8073,1991,150.9
ADH_RDPC,8073,2000,138.44
ADH_RDPC,8073,2010,257.64
ADH_RDPC,8074,1991,89.28
ADH_RDPC,8074,2000,99.56
ADH_RDPC,8074,2010,233.72
ADH_RDPC,8075,1991,98.2
ADH_RDPC,8075,2000,120.15
ADH_RDPC,8075,2010,195.26
ADH_RDPC,8076,1991,116.1
ADH_RDPC,8076,2000,151.14
ADH_RDPC,8076,2010,224.78
ADH_RDPC,8077,1991,175.33
ADH_RDPC,8077,2000,232.77
ADH_RDPC,8077,2010,369.11
ADH_RDPC,8078,1991,110.91
ADH_RDPC,8078,2000,130.36
ADH_RDPC,8078,2010,208.84
ADH_RDPC,8079,1991,161.37
ADH_RDPC,8079,2000,174.56
ADH_RDPC,8079,2010,295.95
ADH_RDPC,8080,1991,114.3422230280653
ADH_RDPC,8080,2000,164.0312434535388
ADH_RDPC,8080,2010,263.64200607116373
ADH_RDPC,8081,1991,107.16
ADH_RDPC,8081,2000,142.69
ADH_RDPC,8081,2010,194.86999999999998
ADH_RDPC,8082,1991,86.85
ADH_RDPC,8082,2000,134.8
ADH_RDPC,8082,2010,220.92
ADH_RDPC,8083,1991,127.56000000000002
ADH_RDPC,8083,2000,170.31
ADH_RDPC,8083,2010,284.02
ADH_RDPC,8084,1991,63.2
ADH_RDPC,8084,2000,87.03
ADH_RDPC,8084,2010,188.84
ADH_RDPC,8085,1991,122.22
ADH_RDPC,8085,2000,141.55
ADH_RDPC,8085,2010,244.85
ADH_RDPC,8086,1991,103.23
ADH_RDPC,8086,2000,160.08
ADH_RDPC,8086,2010,237.77999999999997
ADH_RDPC,8087,1991,96.55
ADH_RDPC,8087,2000,139.48
ADH_RDPC,8087,2010,225.84
ADH_RDPC,8088,1991,196.95
ADH_RDPC,8088,2000,253.41
ADH_RDPC,8088,2010,377.41999999999996
ADH_RDPC,8089,1991,94.61
ADH_RDPC,8089,2000,130.62
ADH_RDPC,8089,2010,217.85
ADH_RDPC,8090,1991,99.05
ADH_RDPC,8090,2000,125.14999999999999
ADH_RDPC,8090,2010,215.16
ADH_RDPC,8091,1991,56.86999999999999
ADH_RDPC,8091,2000,83.2
ADH_RDPC,8091,2010,178.79
ADH_RDPC,8092,1991,142.26
ADH_RDPC,8092,2000,183.75
ADH_RDPC,8092,2010,313.92
ADH_RDPC,8093,1991,133.49
ADH_RDPC,8093,2000,185.4
ADH_RDPC,8093,2010,251.25
ADH_RDPC,9001,1991,94.58
ADH_RDPC,9001,2000,155.75
ADH_RDPC,9001,2010,275.32
ADH_RDPC,9002,1991,145.46
ADH_RDPC,9002,2000,176.37
ADH_RDPC,9002,2010,282.19
ADH_RDPC,9003,1991,513.29
ADH_RDPC,9003,2000,700.81
ADH_RDPC,9003,2010,1052.03
ADH_RDPC,9004,1991,145.72
ADH_RDPC,9004,2000,203.26
ADH_RDPC,9004,2010,245.70000000000002
ADH_RDPC,9005,1991,140.25
ADH_RDPC,9005,2000,171.68
ADH_RDPC,9005,2010,294.32
ADH_RDPC,9006,1991,212.92999999999998
ADH_RDPC,9006,2000,260.11
ADH_RDPC,9006,2010,448.81
ADH_RDPC,9007,1991,213.63
ADH_RDPC,9007,2000,187.71
ADH_RDPC,9007,2010,296.54
ADH_RDPC,9008,1991,105.92
ADH_RDPC,9008,2000,118.53
ADH_RDPC,9008,2010,197.69
ADH_RDPC,9009,1991,163.73000000000002
ADH_RDPC,9009,2000,216.94
ADH_RDPC,9009,2010,391.94
ADH_RDPC,9010,1991,116.64
ADH_RDPC,9010,2000,132.42
ADH_RDPC,9010,2010,249.3
ADH_RDPC,9011,1991,126.16999999999999
ADH_RDPC,9011,2000,187.14
ADH_RDPC,9011,2010,270.17
ADH_RDPC,9012,1991,147.16
ADH_RDPC,9012,2000,157.7
ADH_RDPC,9012,2010,326.55
ADH_RDPC,9013,1991,158.74
ADH_RDPC,9013,2000,181.37
ADH_RDPC,9013,2010,297.74
ADH_RDPC,9014,1991,188.1
ADH_RDPC,9014,2000,228.70999999999998
ADH_RDPC,9014,2010,385.16
ADH_RDPC,9015,1991,173.63
ADH_RDPC,9015,2000,202.16
ADH_RDPC,9015,2010,352.53
ADH_RDPC,9016,1991,127.51
ADH_RDPC,9016,2000,173.91
ADH_RDPC,9016,2010,229.99
ADH_RDPC,9017,1991,120.86
ADH_RDPC,9017,2000,121.95
ADH_RDPC,9017,2010,288.67
ADH_RDPC,9018,1991,122.19
ADH_RDPC,9018,2000,149.53
ADH_RDPC,9018,2010,278.62
ADH_RDPC,9019,1991,189.45
ADH_RDPC,9019,2000,246.08
ADH_RDPC,9019,2010,395.41
ADH_RDPC,9020,1991,111.41
ADH_RDPC,9020,2000,126.59999999999998
ADH_RDPC,9020,2010,238.41999999999996
ADH_RDPC,9021,1991,176.6
ADH_RDPC,9021,2000,246.89
ADH_RDPC,9021,2010,386.65
ADH_RDPC,9022,1991,102.87
ADH_RDPC,9022,2000,136.15
ADH_RDPC,9022,2010,236.05999999999997
ADH_RDPC,9023,1991,129.75
ADH_RDPC,9023,2000,188.1
ADH_RDPC,9023,2010,354.58
ADH_RDPC,9024,1991,107.87
ADH_RDPC,9024,2000,163.65
ADH_RDPC,9024,2010,264.86
ADH_RDPC,9025,1991,80.82
ADH_RDPC,9025,2000,132.81
ADH_RDPC,9025,2010,195.64
ADH_RDPC,9026,1991,100.97
ADH_RDPC,9026,2000,133.85
ADH_RDPC,9026,2010,220.89
ADH_RDPC,9027,1991,237.8
ADH_RDPC,9027,2000,269.07
ADH_RDPC,9027,2010,443.38999999999993
ADH_RDPC,9028,1991,109.21
ADH_RDPC,9028,2000,170.84
ADH_RDPC,9028,2010,253.21999999999997
ADH_RDPC,9029,1991,146.55
ADH_RDPC,9029,2000,165.58
ADH_RDPC,9029,2010,276.77
ADH_RDPC,9030,1991,97.47
ADH_RDPC,9030,2000,167.73
ADH_RDPC,9030,2010,242.62
ADH_RDPC,9031,1991,141.23
ADH_RDPC,9031,2000,192.94
ADH_RDPC,9031,2010,296.93
ADH_RDPC,9032,1991,104.64000000000001
ADH_RDPC,9032,2000,145.44
ADH_RDPC,9032,2010,246.68000000000004
ADH_RDPC,9033,1991,185.33
ADH_RDPC,9033,2000,217.56
ADH_RDPC,9033,2010,362.80000000000007
ADH_RDPC,9034,1991,139.9
ADH_RDPC,9034,2000,177.8
ADH_RDPC,9034,2010,313.29
ADH_RDPC,9035,1991,121.05000000000001
ADH_RDPC,9035,2000,177.62
ADH_RDPC,9035,2010,282.4
ADH_RDPC,9036,1991,112.1
ADH_RDPC,9036,2000,139.46
ADH_RDPC,9036,2010,261.05
ADH_RDPC,9037,1991,152.18
ADH_RDPC,9037,2000,181.17
ADH_RDPC,9037,2010,308.04
ADH_RDPC,9038,1991,139.5
ADH_RDPC,9038,2000,187.52
ADH_RDPC,9038,2010,314.55
ADH_RDPC,9039,1991,130.96
ADH_RDPC,9039,2000,180.15
ADH_RDPC,9039,2010,326.89
ADH_RDPC,9040,1991,101.65
ADH_RDPC,9040,2000,145.16
ADH_RDPC,9040,2010,229.3
ADH_RDPC,9041,1991,109.15
ADH_RDPC,9041,2000,165.67
ADH_RDPC,9041,2010,286.8
ADH_RDPC,9042,1991,146.75821221744815
ADH_RDPC,9042,2000,177.01903833710773
ADH_RDPC,9042,2010,272.79253993109927
ADH_RDPC,9043,1991,113.43
ADH_RDPC,9043,2000,134.68
ADH_RDPC,9043,2010,289.16
ADH_RDPC,9044,1991,142.06
ADH_RDPC,9044,2000,224.68
ADH_RDPC,9044,2010,316.84
ADH_RDPC,9045,1991,164.51
ADH_RDPC,9045,2000,187.89
ADH_RDPC,9045,2010,294.53
ADH_RDPC,9046,1991,182.1
ADH_RDPC,9046,2000,216.06999999999996
ADH_RDPC,9046,2010,261.29
ADH_RDPC,9047,1991,163.37
ADH_RDPC,9047,2000,234.39
ADH_RDPC,9047,2010,379.98
ADH_RDPC,9048,1991,97.93
ADH_RDPC,9048,2000,103.67999999999999
ADH_RDPC,9048,2010,195.47
ADH_RDPC,9049,1991,106.29
ADH_RDPC,9049,2000,172.23
ADH_RDPC,9049,2010,332.75
ADH_RDPC,9050,1991,151.54
ADH_RDPC,9050,2000,164.66
ADH_RDPC,9050,2010,273.91
ADH_RDPC,9051,1991,120.34000000000002
ADH_RDPC,9051,2000,173.49
ADH_RDPC,9051,2010,295.24
ADH_RDPC,9052,1991,136.67
ADH_RDPC,9052,2000,223.1
ADH_RDPC,9052,2010,257.65
ADH_RDPC,9053,1991,90.75
ADH_RDPC,9053,2000,103.75
ADH_RDPC,9053,2010,202.24
ADH_RDPC,9054,1991,108.55
ADH_RDPC,9054,2000,164.02
ADH_RDPC,9054,2010,266.56
ADH_RDPC,9055,1991,98.45
ADH_RDPC,9055,2000,119.70000000000002
ADH_RDPC,9055,2010,226.66000000000003
ADH_RDPC,9056,1991,196.88999999999996
ADH_RDPC,9056,2000,282.52
ADH_RDPC,9056,2010,400.3500000000001
ADH_RDPC,9057,1991,116.94
ADH_RDPC,9057,2000,127.34
ADH_RDPC,9057,2010,212.37
ADH_RDPC,9058,1991,145.7
ADH_RDPC,9058,2000,179.58
ADH_RDPC,9058,2010,317.28
ADH_RDPC,9059,1991,156.06
ADH_RDPC,9059,2000,229.15
ADH_RDPC,9059,2010,357.17
ADH_RDPC,9060,1991,167.18
ADH_RDPC,9060,2000,227.23
ADH_RDPC,9060,2010,341.06
ADH_RDPC,9061,1991,128.32
ADH_RDPC,9061,2000,171.2
ADH_RDPC,9061,2010,311.33
ADH_RDPC,9062,1991,86.6
ADH_RDPC,9062,2000,106.3
ADH_RDPC,9062,2010,194.24
ADH_RDPC,9063,1991,112.54999999999998
ADH_RDPC,9063,2000,154.02
ADH_RDPC,9063,2010,213.07
ADH_RDPC,9064,1991,107.01
ADH_RDPC,9064,2000,182.96
ADH_RDPC,9064,2010,362.46
ADH_RDPC,9065,1991,173.07
ADH_RDPC,9065,2000,261.6
ADH_RDPC,9065,2010,388.36
ADH_RDPC,9066,1991,132.14
ADH_RDPC,9066,2000,157.68
ADH_RDPC,9066,2010,281.44
ADH_RDPC,9067,1991,164.9
ADH_RDPC,9067,2000,163.18
ADH_RDPC,9067,2010,267.3
ADH_RDPC,9068,1991,123.22
ADH_RDPC,9068,2000,137.24
ADH_RDPC,9068,2010,279.25
ADH_RDPC,9069,1991,144.46
ADH_RDPC,9069,2000,170.89
ADH_RDPC,9069,2010,293.99
ADH_RDPC,9070,1991,127.9
ADH_RDPC,9070,2000,182.16
ADH_RDPC,9070,2010,268.51
ADH_RDPC,9071,1991,106.92
ADH_RDPC,9071,2000,160.38
ADH_RDPC,9071,2010,268.17
ADH_RDPC,9072,1991,147.81
ADH_RDPC,9072,2000,200.18
ADH_RDPC,9072,2010,353.87
ADH_RDPC,9073,1991,106.2
ADH_RDPC,9073,2000,115.06999999999998
ADH_RDPC,9073,2010,203.09
ADH_RDPC,9074,1991,175.59
ADH_RDPC,9074,2000,176.67
ADH_RDPC,9074,2010,272.53
ADH_RDPC,10001,1991,136.5
ADH_RDPC,10001,2000,204.01
ADH_RDPC,10001,2010,290.53
ADH_RDPC,10002,1991,143.36
ADH_RDPC,10002,2000,166.97
ADH_RDPC,10002,2010,220.16
ADH_RDPC,10003,1991,124.43999999999998
ADH_RDPC,10003,2000,155.56
ADH_RDPC,10003,2010,260.46
ADH_RDPC,10004,1991,157.06967640472055
ADH_RDPC,10004,2000,179.45319908052724
ADH_RDPC,10004,2010,250.89040202391902
ADH_RDPC,10005,1991,73.95
ADH_RDPC,10005,2000,113.81
ADH_RDPC,10005,2010,215.12
ADH_RDPC,10006,1991,98.21
ADH_RDPC,10006,2000,146.51
ADH_RDPC,10006,2010,258.28
ADH_RDPC,10007,1991,134.02
ADH_RDPC,10007,2000,185.75
ADH_RDPC,10007,2010,283.24
ADH_RDPC,10008,1991,262.1651038669994
ADH_RDPC,10008,2000,344.5701855447986
ADH_RDPC,10008,2010,528.888209758322
ADH_RDPC,10009,1991,258.6638154858009
ADH_RDPC,10009,2000,374.573083669559
ADH_RDPC,10009,2010,533.711464175626
ADH_RDPC,10010,1991,81.41
ADH_RDPC,10010,2000,165.85
ADH_RDPC,10010,2010,265.39
ADH_RDPC,10011,1991,151.69999999999996
ADH_RDPC,10011,2000,248.64
ADH_RDPC,10011,2010,369.84
ADH_RDPC,10012,1991,161.36
ADH_RDPC,10012,2000,248.2
ADH_RDPC,10012,2010,354.66
ADH_RDPC,10013,1991,166.02070667275242
ADH_RDPC,10013,2000,246.6922962821117
ADH_RDPC,10013,2010,352.5781719367589
ADH_RDPC,10014,1991,87.62
ADH_RDPC,10014,2000,116.86
ADH_RDPC,10014,2010,243.52
ADH_RDPC,10015,1991,123.21211275047757
ADH_RDPC,10015,2000,157.48827708703374
ADH_RDPC,10015,2010,227.42679003364555
ADH_RDPC,10016,1991,174.33013142328838
ADH_RDPC,10016,2000,303.01159502736624
ADH_RDPC,10016,2010,403.89265531953214
ADH_RDPC,10017,1991,117.98
ADH_RDPC,10017,2000,141.71
ADH_RDPC,10017,2010,266.89
ADH_RDPC,10018,1991,87.4
ADH_RDPC,10018,2000,137.73
ADH_RDPC,10018,2010,269
ADH_RDPC,10019,1991,110.62058189043427
ADH_RDPC,10019,2000,162.8872314404234
ADH_RDPC,10019,2010,241.8756355259471
ADH_RDPC,10020,1991,69.76
ADH_RDPC,10020,2000,151.88
ADH_RDPC,10020,2010,236.85999999999999
ADH_RDPC,10021,1991,94.94000000000001
ADH_RDPC,10021,2000,147
ADH_RDPC,10021,2010,295.7
ADH_RDPC,10022,1991,105.45
ADH_RDPC,10022,2000,141.06
ADH_RDPC,10022,2010,199.04
ADH_RDPC,10023,1991,139.57338735404838
ADH_RDPC,10023,2000,216.99856540396567
ADH_RDPC,10023,2010,300.09173217034373
ADH_RDPC,10024,1991,72.75
ADH_RDPC,10024,2000,134.64
ADH_RDPC,10024,2010,316.6000000000001
ADH_RDPC,10025,1991,80.04
ADH_RDPC,10025,2000,116.99000000000001
ADH_RDPC,10025,2010,221.97999999999996
ADH_RDPC,10026,1991,111.52
ADH_RDPC,10026,2000,198.28
ADH_RDPC,10026,2010,274.61
ADH_RDPC,10027,1991,111.43395143369656
ADH_RDPC,10027,2000,156.59206313707952
ADH_RDPC,10027,2010,289.4308353138948
ADH_RDPC,10028,1991,121.08
ADH_RDPC,10028,2000,164.95
ADH_RDPC,10028,2010,278.23
ADH_RDPC,10029,1991,100.11
ADH_RDPC,10029,2000,123.46000000000001
ADH_RDPC,10029,2010,253.19
ADH_RDPC,10030,1991,88.78
ADH_RDPC,10030,2000,148.44
ADH_RDPC,10030,2010,235.05
ADH_RDPC,10031,1991,81.05
ADH_RDPC,10031,2000,148.57
ADH_RDPC,10031,2010,243.98
ADH_RDPC,10032,1991,156.83013093077523
ADH_RDPC,10032,2000,206.0835133911469
ADH_RDPC,10032,2010,312.0881318681318
ADH_RDPC,10033,1991,83.83603907461801
ADH_RDPC,10033,2000,110.63544572988796
ADH_RDPC,10033,2010,181.2793033827039
ADH_RDPC,10034,1991,116.55
ADH_RDPC,10034,2000,186.71000000000004
ADH_RDPC,10034,2010,270.66
ADH_RDPC,10035,1991,129.95
ADH_RDPC,10035,2000,140.4
ADH_RDPC,10035,2010,266.13
ADH_RDPC,10036,1991,125.55
ADH_RDPC,10036,2000,174.25
ADH_RDPC,10036,2010,292.41
ADH_RDPC,10037,1991,90.64
ADH_RDPC,10037,2000,162.51
ADH_RDPC,10037,2010,304.56
ADH_RDPC,10038,1991,305.76218574929027
ADH_RDPC,10038,2000,432.9314572620402
ADH_RDPC,10038,2010,684.4582737986757
ADH_RDPC,10039,1991,143.40336209882244
ADH_RDPC,10039,2000,170.24343660219768
ADH_RDPC,10039,2010,250.5584004352557
ADH_RDPC,10040,1991,168.37906043623545
ADH_RDPC,10040,2000,223.53927241698412
ADH_RDPC,10040,2010,354.7299437071894
ADH_RDPC,10041,1991,68.77
ADH_RDPC,10041,2000,167.44
ADH_RDPC,10041,2010,287.6
ADH_RDPC,10042,1991,143.84
ADH_RDPC,10042,2000,231.77000000000004
ADH_RDPC,10042,2010,289.9
ADH_RDPC,10043,1991,126.25
ADH_RDPC,10043,2000,198.83
ADH_RDPC,10043,2010,263.52
ADH_RDPC,10044,1991,107.92000000000002
ADH_RDPC,10044,2000,159.21000000000004
ADH_RDPC,10044,2010,209.37000000000003
ADH_RDPC,10045,1991,95.68722872683692
ADH_RDPC,10045,2000,108.53898019031658
ADH_RDPC,10045,2010,217.27747279882706
ADH_RDPC,10046,1991,77.42
ADH_RDPC,10046,2000,120.13
ADH_RDPC,10046,2010,195.71
ADH_RDPC,10047,1991,126.07574476992058
ADH_RDPC,10047,2000,189.79838680611095
ADH_RDPC,10047,2010,296.9323540609137
ADH_RDPC,10048,1991,116.13682891935623
ADH_RDPC,10048,2000,173.19195925712853
ADH_RDPC,10048,2010,274.0686022526405
ADH_RDPC,10049,1991,108.12
ADH_RDPC,10049,2000,157.73
ADH_RDPC,10049,2010,267.7
ADH_RDPC,10050,1991,136.47880492870644
ADH_RDPC,10050,2000,193.23731285340534
ADH_RDPC,10050,2010,250.32221928877155
ADH_RDPC,10051,1991,99.29
ADH_RDPC,10051,2000,160.09
ADH_RDPC,10051,2010,266.71
ADH_RDPC,10052,1991,82.42043580863648
ADH_RDPC,10052,2000,125.65560862654827
ADH_RDPC,10052,2010,264.6598311418685
ADH_RDPC,10053,1991,119.96
ADH_RDPC,10053,2000,203.07
ADH_RDPC,10053,2010,261.14
ADH_RDPC,10054,1991,99.56
ADH_RDPC,10054,2000,126.81
ADH_RDPC,10054,2010,221.22
ADH_RDPC,10055,1991,96.93
ADH_RDPC,10055,2000,124.8
ADH_RDPC,10055,2010,247.49
ADH_RDPC,10056,1991,277.65
ADH_RDPC,10056,2000,269.09
ADH_RDPC,10056,2010,403.22
ADH_RDPC,10057,1991,114.88471949201201
ADH_RDPC,10057,2000,167.17154611497156
ADH_RDPC,10057,2010,321.4204132401316
ADH_RDPC,10058,1991,142.55
ADH_RDPC,10058,2000,131.52
ADH_RDPC,10058,2010,293.78
ADH_RDPC,10059,1991,127.76285198555956
ADH_RDPC,10059,2000,201.7441878287978
ADH_RDPC,10059,2010,329.28838770388955
ADH_RDPC,10060,1991,159.84000000000003
ADH_RDPC,10060,2000,239.23
ADH_RDPC,10060,2010,368.11
ADH_RDPC,10061,1991,126.18999999999998
ADH_RDPC,10061,2000,299.03
ADH_RDPC,10061,2010,382.15000000000003
ADH_RDPC,10062,1991,83.12
ADH_RDPC,10062,2000,121.08
ADH_RDPC,10062,2010,223.47999999999996
ADH_RDPC,10063,1991,113.33052104832741
ADH_RDPC,10063,2000,187.87893216166313
ADH_RDPC,10063,2010,363.99484759719445
ADH_RDPC,10064,1991,102.58876990344325
ADH_RDPC,10064,2000,140.73982455577652
ADH_RDPC,10064,2010,229.9497199402539
ADH_RDPC,10065,1991,128.83
ADH_RDPC,10065,2000,165.54
ADH_RDPC,10065,2010,334.19
ADH_RDPC,10066,1991,87.87936154732311
ADH_RDPC,10066,2000,123.09145476173815
ADH_RDPC,10066,2010,221.49149151701906
ADH_RDPC,10067,1991,174.87
ADH_RDPC,10067,2000,258.72
ADH_RDPC,10067,2010,351.84
ADH_RDPC,10068,1991,262.4209968322763
ADH_RDPC,10068,2000,328.06989350912784
ADH_RDPC,10068,2010,533.3001796968424
ADH_RDPC,10069,1991,109.97649357778023
ADH_RDPC,10069,2000,144.63396886119165
ADH_RDPC,10069,2010,265.92516991941966
ADH_RDPC,10070,1991,174.75
ADH_RDPC,10070,2000,185.85
ADH_RDPC,10070,2010,199.01
ADH_RDPC,10071,1991,98.81747324968768
ADH_RDPC,10071,2000,170.6364044057727
ADH_RDPC,10071,2010,245.26646574818218
ADH_RDPC,10072,1991,84.07
ADH_RDPC,10072,2000,164.6
ADH_RDPC,10072,2010,217.86
ADH_RDPC,10073,1991,127.96208561352304
ADH_RDPC,10073,2000,212.80892026545746
ADH_RDPC,10073,2010,308.7459649737303
ADH_RDPC,10074,1991,97.74
ADH_RDPC,10074,2000,143.49
ADH_RDPC,10074,2010,251.54
ADH_RDPC,10075,1991,249.12999999999997
ADH_RDPC,10075,2000,300.03
ADH_RDPC,10075,2010,462.57000000000005
ADH_RDPC,10076,1991,91.09000000000002
ADH_RDPC,10076,2000,140.48
ADH_RDPC,10076,2010,290.99
ADH_RDPC,10077,1991,135.52
ADH_RDPC,10077,2000,223
ADH_RDPC,10077,2010,268.57
ADH_RDPC,10078,1991,139.37
ADH_RDPC,10078,2000,112.83
ADH_RDPC,10078,2010,216.24
ADH_RDPC,10079,1991,100.93323786866746
ADH_RDPC,10079,2000,157.4532619814919
ADH_RDPC,10079,2010,265.65033115341356
ADH_RDPC,10080,1991,148.13167407092422
ADH_RDPC,10080,2000,192.48904222510447
ADH_RDPC,10080,2010,293.74259438638234
ADH_RDPC,10081,1991,149.82721805147705
ADH_RDPC,10081,2000,228.37600596195384
ADH_RDPC,10081,2010,355.23089270973065
ADH_RDPC,10082,1991,88.57378975102093
ADH_RDPC,10082,2000,152.95452194765926
ADH_RDPC,10082,2010,252.55554071410228
ADH_RDPC,10083,1991,146.4
ADH_RDPC,10083,2000,376.79
ADH_RDPC,10083,2010,394.43
ADH_RDPC,10084,1991,117.37
ADH_RDPC,10084,2000,142.49
ADH_RDPC,10084,2010,207.42
ADH_RDPC,10085,1991,111.21865268898082
ADH_RDPC,10085,2000,144.9435562718238
ADH_RDPC,10085,2010,209.99485823400067
ADH_RDPC,10086,1991,143.02
ADH_RDPC,10086,2000,175.6
ADH_RDPC,10086,2010,289.24
ADH_RDPC,10087,1991,119.43006137190339
ADH_RDPC,10087,2000,142.1118265474892
ADH_RDPC,10087,2010,277.62137617396456
ADH_RDPC,10088,1991,93.18
ADH_RDPC,10088,2000,125.66
ADH_RDPC,10088,2010,251.21
ADH_RDPC,10089,1991,193.1
ADH_RDPC,10089,2000,294.78
ADH_RDPC,10089,2010,486.05
ADH_RDPC,10090,1991,119.62
ADH_RDPC,10090,2000,168.62
ADH_RDPC,10090,2010,231.1
ADH_RDPC,10091,1991,115.29
ADH_RDPC,10091,2000,140.19
ADH_RDPC,10091,2010,248.5
ADH_RDPC,10092,1991,108.83495855984316
ADH_RDPC,10092,2000,185.13062195320114
ADH_RDPC,10092,2010,292.3652346252402
ADH_RDPC,10093,1991,140.68
ADH_RDPC,10093,2000,185.12
ADH_RDPC,10093,2010,312.03
ADH_RDPC,10094,1991,136.38
ADH_RDPC,10094,2000,203.09
ADH_RDPC,10094,2010,366.33
ADH_RDPC,10095,1991,116.62
ADH_RDPC,10095,2000,160.51
ADH_RDPC,10095,2010,258.27
ADH_RDPC,10096,1991,155.31
ADH_RDPC,10096,2000,190.72
ADH_RDPC,10096,2010,348.39
ADH_RDPC,10097,1991,128.84
ADH_RDPC,10097,2000,181.79
ADH_RDPC,10097,2010,290.98
ADH_RDPC,10098,1991,130.13
ADH_RDPC,10098,2000,187.56
ADH_RDPC,10098,2010,309.61
ADH_RDPC,10099,1991,201.29000000000002
ADH_RDPC,10099,2000,275.12
ADH_RDPC,10099,2010,403.18
ADH_RDPC,10100,1991,96.7
ADH_RDPC,10100,2000,158.34
ADH_RDPC,10100,2010,246.81
ADH_RDPC,10101,1991,123.91558792372882
ADH_RDPC,10101,2000,183.6130223747693
ADH_RDPC,10101,2010,253.06258293665326
ADH_RDPC,10102,1991,130.8
ADH_RDPC,10102,2000,181.91
ADH_RDPC,10102,2010,293.12
ADH_RDPC,10103,1991,172.45
ADH_RDPC,10103,2000,181.35
ADH_RDPC,10103,2010,257.21
ADH_RDPC,10104,1991,94.26
ADH_RDPC,10104,2000,157.64
ADH_RDPC,10104,2010,263.24
ADH_RDPC,10105,1991,141.47331518613657
ADH_RDPC,10105,2000,149.66858693228275
ADH_RDPC,10105,2010,284.18977919941506
ADH_RDPC,10106,1991,107.85
ADH_RDPC,10106,2000,110.41999999999999
ADH_RDPC,10106,2010,238.18
ADH_RDPC,10107,1991,123.19108522054563
ADH_RDPC,10107,2000,167.18472804678132
ADH_RDPC,10107,2010,284.8847212968027
ADH_RDPC,10108,1991,114.43227974116476
ADH_RDPC,10108,2000,177.1621844354809
ADH_RDPC,10108,2010,255.78705256307185
ADH_RDPC,10109,1991,82.07
ADH_RDPC,10109,2000,151.57
ADH_RDPC,10109,2010,259.87
ADH_RDPC,10110,1991,130.13
ADH_RDPC,10110,2000,158.54
ADH_RDPC,10110,2010,232.6
ADH_RDPC,10111,1991,130.66
ADH_RDPC,10111,2000,149.21
ADH_RDPC,10111,2010,239.23
ADH_RDPC,10112,1991,213.47
ADH_RDPC,10112,2000,317.61
ADH_RDPC,10112,2010,481.8
ADH_RDPC,10113,1991,141.15
ADH_RDPC,10113,2000,184.44
ADH_RDPC,10113,2010,236.77
ADH_RDPC,10114,1991,82.26
ADH_RDPC,10114,2000,105.61
ADH_RDPC,10114,2010,206.16
ADH_RDPC,10115,1991,124.86
ADH_RDPC,10115,2000,167.57
ADH_RDPC,10115,2010,240.83000000000004
ADH_RDPC,10116,1991,115.23
ADH_RDPC,10116,2000,190.34
ADH_RDPC,10116,2010,329.93
ADH_RDPC,10117,1991,112.71
ADH_RDPC,10117,2000,208.82
ADH_RDPC,10117,2010,315.04
ADH_RDPC,10118,1991,113.23379103183451
ADH_RDPC,10118,2000,156.86487818027248
ADH_RDPC,10118,2010,233.7342857142857
ADH_RDPC,10119,1991,129.68
ADH_RDPC,10119,2000,215.62
ADH_RDPC,10119,2010,338.53
ADH_RDPC,10120,1991,152.59
ADH_RDPC,10120,2000,171.92
ADH_RDPC,10120,2010,312.58
ADH_RDPC,10121,1991,230.814987026466
ADH_RDPC,10121,2000,387.8515754388564
ADH_RDPC,10121,2010,536.5694461489799
ADH_RDPC,10122,1991,317.02
ADH_RDPC,10122,2000,412.85
ADH_RDPC,10122,2010,662.24
ADH_RDPC,10123,1991,88.14406422845447
ADH_RDPC,10123,2000,135.29164341692788
ADH_RDPC,10123,2010,229.5774428257508
ADH_RDPC,10124,1991,149.76
ADH_RDPC,10124,2000,203.36000000000004
ADH_RDPC,10124,2010,325.51
ADH_RDPC,10125,1991,119.75
ADH_RDPC,10125,2000,181.52
ADH_RDPC,10125,2010,242.04
ADH_RDPC,10126,1991,193.84
ADH_RDPC,10126,2000,280.66
ADH_RDPC,10126,2010,287.94
ADH_RDPC,10127,1991,222.47607607607608
ADH_RDPC,10127,2000,276.3153388102313
ADH_RDPC,10127,2010,430.8172485399092
ADH_RDPC,10128,1991,177.64
ADH_RDPC,10128,2000,191.14
ADH_RDPC,10128,2010,207.34999999999997
ADH_RDPC,10129,1991,120.3
ADH_RDPC,10129,2000,176.64
ADH_RDPC,10129,2010,266.14
ADH_RDPC,10130,1991,81.06
ADH_RDPC,10130,2000,119.21
ADH_RDPC,10130,2010,234.7
ADH_RDPC,10131,1991,106.18
ADH_RDPC,10131,2000,188.57
ADH_RDPC,10131,2010,322.02
ADH_RDPC,10132,1991,208.98
ADH_RDPC,10132,2000,307.55
ADH_RDPC,10132,2010,496.04999999999995
ADH_RDPC,10133,1991,169.76000000000002
ADH_RDPC,10133,2000,161.67
ADH_RDPC,10133,2010,258.74
ADH_RDPC,10134,1991,87.87081207046369
ADH_RDPC,10134,2000,138.31935100514605
ADH_RDPC,10134,2010,211.09080530071355
ADH_RDPC,10135,1991,118.1
ADH_RDPC,10135,2000,173.42
ADH_RDPC,10135,2010,311.24
ADH_RDPC,10136,1991,94.18
ADH_RDPC,10136,2000,190.18
ADH_RDPC,10136,2010,350.98
ADH_RDPC,10137,1991,145.18
ADH_RDPC,10137,2000,211.44
ADH_RDPC,10137,2010,354.75
ADH_RDPC,10138,1991,92.95
ADH_RDPC,10138,2000,259.9
ADH_RDPC,10138,2010,300.89
ADH_RDPC,10139,1991,245.04
ADH_RDPC,10139,2000,216.34
ADH_RDPC,10139,2010,307.49
ADH_RDPC,10140,1991,123.96999999999998
ADH_RDPC,10140,2000,163.66
ADH_RDPC,10140,2010,290.82
ADH_RDPC,10141,1991,129.15
ADH_RDPC,10141,2000,187.73
ADH_RDPC,10141,2010,249.32
ADH_RDPC,10142,1991,89.67
ADH_RDPC,10142,2000,133.85
ADH_RDPC,10142,2010,199.55
ADH_RDPC,10143,1991,91.85
ADH_RDPC,10143,2000,140.03
ADH_RDPC,10143,2010,261.88
ADH_RDPC,10144,1991,143.49
ADH_RDPC,10144,2000,236.49
ADH_RDPC,10144,2010,431.31
ADH_RDPC,10145,1991,134.21
ADH_RDPC,10145,2000,182.38
ADH_RDPC,10145,2010,278.69
ADH_RDPC,10146,1991,110.15476904972053
ADH_RDPC,10146,2000,184.89810764872522
ADH_RDPC,10146,2010,249.75131583973112
ADH_RDPC,10147,1991,117.44
ADH_RDPC,10147,2000,164.04
ADH_RDPC,10147,2010,250.63000000000002
ADH_RDPC,10148,1991,148.05
ADH_RDPC,10148,2000,285.06
ADH_RDPC,10148,2010,337.12
ADH_RDPC,10149,1991,129.97
ADH_RDPC,10149,2000,194.72
ADH_RDPC,10149,2010,296.17
ADH_RDPC,10150,1991,104.19
ADH_RDPC,10150,2000,195.13000000000002
ADH_RDPC,10150,2010,306.74
ADH_RDPC,10151,1991,132.81
ADH_RDPC,10151,2000,185.02000000000004
ADH_RDPC,10151,2010,258.8
ADH_RDPC,10152,1991,209.98
ADH_RDPC,10152,2000,348.88000000000005
ADH_RDPC,10152,2010,579.46
ADH_RDPC,10153,1991,107.63999999999999
ADH_RDPC,10153,2000,156.39
ADH_RDPC,10153,2010,254.98999999999998
ADH_RDPC,10154,1991,102.83
ADH_RDPC,10154,2000,136.22
ADH_RDPC,10154,2010,186.54
ADH_RDPC,10155,1991,226.77
ADH_RDPC,10155,2000,291.77
ADH_RDPC,10155,2010,573.36
ADH_RDPC,10156,1991,126.52768285507068
ADH_RDPC,10156,2000,175.21586902976347
ADH_RDPC,10156,2010,275.89809743847314
ADH_RDPC,10157,1991,115.24
ADH_RDPC,10157,2000,166.64
ADH_RDPC,10157,2010,258.3
ADH_RDPC,10158,1991,84.07
ADH_RDPC,10158,2000,138.64
ADH_RDPC,10158,2010,236.16
ADH_RDPC,10159,1991,89.53
ADH_RDPC,10159,2000,131.81
ADH_RDPC,10159,2010,234.91
ADH_RDPC,10160,1991,96.11
ADH_RDPC,10160,2000,147.54
ADH_RDPC,10160,2010,242.58
ADH_RDPC,10161,1991,118.6
ADH_RDPC,10161,2000,186.05
ADH_RDPC,10161,2010,308.34
ADH_RDPC,10162,1991,203.1893028157596
ADH_RDPC,10162,2000,349.36943935389854
ADH_RDPC,10162,2010,497.4927874889742
ADH_RDPC,10163,1991,149.65
ADH_RDPC,10163,2000,244.74
ADH_RDPC,10163,2010,422.79
ADH_RDPC,10164,1991,320.0421275684269
ADH_RDPC,10164,2000,410.1962942452419
ADH_RDPC,10164,2010,595.4645441671679
ADH_RDPC,10165,1991,150.26
ADH_RDPC,10165,2000,165.24
ADH_RDPC,10165,2010,323.3
ADH_RDPC,10166,1991,80.75999999999999
ADH_RDPC,10166,2000,120.76
ADH_RDPC,10166,2010,224.79
ADH_RDPC,10167,1991,97.98
ADH_RDPC,10167,2000,183.4
ADH_RDPC,10167,2010,234.8
ADH_RDPC,10168,1991,107.93000000000002
ADH_RDPC,10168,2000,148.3
ADH_RDPC,10168,2010,270.27
ADH_RDPC,10169,1991,156.04
ADH_RDPC,10169,2000,282.54
ADH_RDPC,10169,2010,339.65
ADH_RDPC,10170,1991,103.22894808885192
ADH_RDPC,10170,2000,145.40460510111197
ADH_RDPC,10170,2010,260.84962328708826
ADH_RDPC,10171,1991,87.77
ADH_RDPC,10171,2000,190.09
ADH_RDPC,10171,2010,276.93
ADH_RDPC,10172,1991,146.12
ADH_RDPC,10172,2000,198.67000000000002
ADH_RDPC,10172,2010,354.2
ADH_RDPC,10173,1991,195.59200249003985
ADH_RDPC,10173,2000,276.64344794239486
ADH_RDPC,10173,2010,398.70330225330224
ADH_RDPC,10174,1991,156.24
ADH_RDPC,10174,2000,203.73
ADH_RDPC,10174,2010,325
ADH_RDPC,10175,1991,134.11
ADH_RDPC,10175,2000,155.1
ADH_RDPC,10175,2010,312.32
ADH_RDPC,10176,1991,98.84
ADH_RDPC,10176,2000,162.29
ADH_RDPC,10176,2010,289.16
ADH_RDPC,10177,1991,164.42
ADH_RDPC,10177,2000,236.21999999999997
ADH_RDPC,10177,2010,388.04
ADH_RDPC,10178,1991,138.52
ADH_RDPC,10178,2000,257.05
ADH_RDPC,10178,2010,476.99
ADH_RDPC,10179,1991,80.25
ADH_RDPC,10179,2000,151.96
ADH_RDPC,10179,2010,285.13
ADH_RDPC,10180,1991,106.30999999999999
ADH_RDPC,10180,2000,173.48
ADH_RDPC,10180,2010,273.69
ADH_RDPC,10181,1991,239.94
ADH_RDPC,10181,2000,318.7
ADH_RDPC,10181,2010,506.75999999999993
ADH_RDPC,10182,1991,108.73
ADH_RDPC,10182,2000,123.75
ADH_RDPC,10182,2010,185.7
ADH_RDPC,10183,1991,135.31
ADH_RDPC,10183,2000,164.5
ADH_RDPC,10183,2010,225.09999999999997
ADH_RDPC,10184,1991,107.2
ADH_RDPC,10184,2000,154.13
ADH_RDPC,10184,2010,229.04
ADH_RDPC,10185,1991,108.69
ADH_RDPC,10185,2000,196.31
ADH_RDPC,10185,2010,352.74
ADH_RDPC,10186,1991,116.03856077041115
ADH_RDPC,10186,2000,168.55883342680875
ADH_RDPC,10186,2010,244.43992800992967
ADH_RDPC,10187,1991,122.75999999999999
ADH_RDPC,10187,2000,215.5
ADH_RDPC,10187,2010,309.83
ADH_RDPC,10188,1991,117.02
ADH_RDPC,10188,2000,136.12
ADH_RDPC,10188,2010,205.18
ADH_RDPC,10189,1991,142.99
ADH_RDPC,10189,2000,216.77999999999997
ADH_RDPC,10189,2010,330
ADH_RDPC,10190,1991,150.74
ADH_RDPC,10190,2000,233.56
ADH_RDPC,10190,2010,269.3
ADH_RDPC,10191,1991,124.34113458848216
ADH_RDPC,10191,2000,167.62165526405064
ADH_RDPC,10191,2010,310.5304234679857
ADH_RDPC,10192,1991,95.34502245595179
ADH_RDPC,10192,2000,127.11733670459334
ADH_RDPC,10192,2010,231.0771063387085
ADH_RDPC,10193,1991,103.12999999999998
ADH_RDPC,10193,2000,184.53
ADH_RDPC,10193,2010,283.51
ADH_RDPC,10194,1991,138.61
ADH_RDPC,10194,2000,211.42
ADH_RDPC,10194,2010,439.23
ADH_RDPC,10195,1991,135.33
ADH_RDPC,10195,2000,144.45
ADH_RDPC,10195,2010,247.75
ADH_RDPC,10196,1991,97.18
ADH_RDPC,10196,2000,114.93999999999998
ADH_RDPC,10196,2010,192.11
ADH_RDPC,10197,1991,199.95
ADH_RDPC,10197,2000,275.94
ADH_RDPC,10197,2010,473.92
ADH_RDPC,10198,1991,135.6061846769243
ADH_RDPC,10198,2000,178.32710820644115
ADH_RDPC,10198,2010,258.967772119669
ADH_RDPC,10199,1991,108.54
ADH_RDPC,10199,2000,186.22
ADH_RDPC,10199,2010,257.95
ADH_RDPC,10200,1991,105.24
ADH_RDPC,10200,2000,134.77
ADH_RDPC,10200,2010,266.56
ADH_RDPC,10201,1991,218.01058909818303
ADH_RDPC,10201,2000,345.2074230698549
ADH_RDPC,10201,2010,463.3939022117155
ADH_RDPC,10202,1991,110.58
ADH_RDPC,10202,2000,148.78
ADH_RDPC,10202,2010,236.05
ADH_RDPC,10203,1991,148.04
ADH_RDPC,10203,2000,187.16
ADH_RDPC,10203,2010,334.07
ADH_RDPC,10204,1991,85.56
ADH_RDPC,10204,2000,161.54
ADH_RDPC,10204,2010,288.05
ADH_RDPC,10205,1991,149.45
ADH_RDPC,10205,2000,199.14
ADH_RDPC,10205,2010,241.63
ADH_RDPC,10206,1991,337.35
ADH_RDPC,10206,2000,308.16
ADH_RDPC,10206,2010,463.94
ADH_RDPC,10207,1991,76.5
ADH_RDPC,10207,2000,126.63
ADH_RDPC,10207,2010,205.65
ADH_RDPC,10208,1991,116.62471840618497
ADH_RDPC,10208,2000,151.52292436467837
ADH_RDPC,10208,2010,276.80908256880736
ADH_RDPC,10209,1991,74.89
ADH_RDPC,10209,2000,144.98
ADH_RDPC,10209,2010,180.82
ADH_RDPC,10210,1991,437.59
ADH_RDPC,10210,2000,651.63
ADH_RDPC,10210,2010,1031.78
ADH_RDPC,10211,1991,151.76
ADH_RDPC,10211,2000,227.73
ADH_RDPC,10211,2010,362.74
ADH_RDPC,10212,1991,114.42
ADH_RDPC,10212,2000,214.99
ADH_RDPC,10212,2010,299.47
ADH_RDPC,10213,1991,165.93
ADH_RDPC,10213,2000,229.32
ADH_RDPC,10213,2010,309.16
ADH_RDPC,10214,1991,94.87
ADH_RDPC,10214,2000,129.13
ADH_RDPC,10214,2010,197.25
ADH_RDPC,10215,1991,140.57
ADH_RDPC,10215,2000,197.21
ADH_RDPC,10215,2010,350.25
ADH_RDPC,10216,1991,95.99
ADH_RDPC,10216,2000,157.83
ADH_RDPC,10216,2010,255.36
ADH_RDPC,10217,1991,68.12
ADH_RDPC,10217,2000,138.74
ADH_RDPC,10217,2010,240.32
ADH_RDPC,10218,1991,569.1341240256451
ADH_RDPC,10218,2000,684.1384857053132
ADH_RDPC,10218,2010,970.0625682279303
ADH_RDPC,10219,1991,96.37341012885337
ADH_RDPC,10219,2000,128.87252416127038
ADH_RDPC,10219,2010,236.55374867085547
ADH_RDPC,10220,1991,101.56
ADH_RDPC,10220,2000,186.15
ADH_RDPC,10220,2010,306.24
ADH_RDPC,10221,1991,102.79960867405092
ADH_RDPC,10221,2000,141.01106293374457
ADH_RDPC,10221,2010,262.4320173955062
ADH_RDPC,10222,1991,121.26
ADH_RDPC,10222,2000,129.78
ADH_RDPC,10222,2010,244.02
ADH_RDPC,10223,1991,80.63
ADH_RDPC,10223,2000,136.09
ADH_RDPC,10223,2010,226.95
ADH_RDPC,10224,1991,88.15989561586639
ADH_RDPC,10224,2000,132.61747718978103
ADH_RDPC,10224,2010,239.87124246949182
ADH_RDPC,10225,1991,117.89
ADH_RDPC,10225,2000,170.15
ADH_RDPC,10225,2010,300.1
ADH_RDPC,10226,1991,190.08
ADH_RDPC,10226,2000,204.51
ADH_RDPC,10226,2010,437.51
ADH_RDPC,10227,1991,81.71
ADH_RDPC,10227,2000,166.14
ADH_RDPC,10227,2010,201.52
ADH_RDPC,10228,1991,97.57
ADH_RDPC,10228,2000,143.91
ADH_RDPC,10228,2010,272.97
ADH_RDPC,10229,1991,185.79
ADH_RDPC,10229,2000,261.1
ADH_RDPC,10229,2010,451.9
ADH_RDPC,10230,1991,102.10944481217938
ADH_RDPC,10230,2000,131.84464549312074
ADH_RDPC,10230,2010,266.6543861118423
ADH_RDPC,10231,1991,207.13
ADH_RDPC,10231,2000,304.05
ADH_RDPC,10231,2010,392.49
ADH_RDPC,10232,1991,125.54000000000002
ADH_RDPC,10232,2000,172.51999999999998
ADH_RDPC,10232,2010,279.05
ADH_RDPC,10233,1991,136.6
ADH_RDPC,10233,2000,207.62
ADH_RDPC,10233,2010,313.88
ADH_RDPC,10234,1991,89.17
ADH_RDPC,10234,2000,124.74
ADH_RDPC,10234,2010,193.47
ADH_RDPC,10235,1991,92.65
ADH_RDPC,10235,2000,95.43
ADH_RDPC,10235,2010,197.43
ADH_RDPC,10236,1991,101.1
ADH_RDPC,10236,2000,159.08
ADH_RDPC,10236,2010,224.53
ADH_RDPC,10237,1991,111.13
ADH_RDPC,10237,2000,181.62999999999997
ADH_RDPC,10237,2010,330.3
ADH_RDPC,10238,1991,140.07
ADH_RDPC,10238,2000,148.27
ADH_RDPC,10238,2010,312.35
ADH_RDPC,10239,1991,205.7
ADH_RDPC,10239,2000,350.61
ADH_RDPC,10239,2010,546.41
ADH_RDPC,10240,1991,111.97
ADH_RDPC,10240,2000,172.29
ADH_RDPC,10240,2010,346.88999999999993
ADH_RDPC,10241,1991,112.84000000000002
ADH_RDPC,10241,2000,171.73
ADH_RDPC,10241,2010,297.78
ADH_RDPC,10242,1991,118.10999999999999
ADH_RDPC,10242,2000,336.68
ADH_RDPC,10242,2010,374.8
ADH_RDPC,10243,1991,172.86
ADH_RDPC,10243,2000,214.99
ADH_RDPC,10243,2010,421.82
ADH_RDPC,10244,1991,119.93999999999998
ADH_RDPC,10244,2000,139.29
ADH_RDPC,10244,2010,218.32000000000002
ADH_RDPC,10245,1991,93.13334513655818
ADH_RDPC,10245,2000,146.01271688682615
ADH_RDPC,10245,2010,226.13285424498957
ADH_RDPC,10246,1991,128.82
ADH_RDPC,10246,2000,157.81
ADH_RDPC,10246,2010,251.9
ADH_RDPC,10247,1991,86.86
ADH_RDPC,10247,2000,143.41
ADH_RDPC,10247,2010,188.86
ADH_RDPC,10248,1991,129.33
ADH_RDPC,10248,2000,144.22
ADH_RDPC,10248,2010,241.71
ADH_RDPC,10249,1991,209.73
ADH_RDPC,10249,2000,255.08
ADH_RDPC,10249,2010,476.7900000000001
ADH_RDPC,10250,1991,103.96000000000001
ADH_RDPC,10250,2000,172.17
ADH_RDPC,10250,2010,222.62
ADH_RDPC,10251,1991,82.8
ADH_RDPC,10251,2000,133.23
ADH_RDPC,10251,2010,220.72000000000003
ADH_RDPC,10252,1991,113.79
ADH_RDPC,10252,2000,133.08
ADH_RDPC,10252,2010,281.59
ADH_RDPC,10253,1991,117.53
ADH_RDPC,10253,2000,219.03
ADH_RDPC,10253,2010,262.69
ADH_RDPC,10254,1991,165.3
ADH_RDPC,10254,2000,230.73
ADH_RDPC,10254,2010,350.79
ADH_RDPC,10255,1991,99.78
ADH_RDPC,10255,2000,340
ADH_RDPC,10255,2010,343.78
ADH_RDPC,10256,1991,75.61
ADH_RDPC,10256,2000,96.99
ADH_RDPC,10256,2010,201.79
ADH_RDPC,10257,1991,116.8
ADH_RDPC,10257,2000,187.69999999999996
ADH_RDPC,10257,2010,296.08
ADH_RDPC,10258,1991,284.14
ADH_RDPC,10258,2000,342.92
ADH_RDPC,10258,2010,544.73
ADH_RDPC,10259,1991,122.44
ADH_RDPC,10259,2000,116.55
ADH_RDPC,10259,2010,221.53
ADH_RDPC,10260,1991,85.82
ADH_RDPC,10260,2000,101.44
ADH_RDPC,10260,2010,167.65
ADH_RDPC,10261,1991,80.07
ADH_RDPC,10261,2000,149.11
ADH_RDPC,10261,2010,234.44
ADH_RDPC,10262,1991,55.53
ADH_RDPC,10262,2000,90.26
ADH_RDPC,10262,2010,195.98
ADH_RDPC,10263,1991,122.69
ADH_RDPC,10263,2000,159.8
ADH_RDPC,10263,2010,270.15
ADH_RDPC,10264,1991,116.81
ADH_RDPC,10264,2000,153.91
ADH_RDPC,10264,2010,241.1
ADH_RDPC,10265,1991,111.08
ADH_RDPC,10265,2000,175.24
ADH_RDPC,10265,2010,271.4
ADH_RDPC,10266,1991,100.79
ADH_RDPC,10266,2000,143.01
ADH_RDPC,10266,2010,282.33
ADH_RDPC,10267,1991,111.46
ADH_RDPC,10267,2000,186.95
ADH_RDPC,10267,2010,256.26
ADH_RDPC,10268,1991,249.97
ADH_RDPC,10268,2000,281.47
ADH_RDPC,10268,2010,443.8
ADH_RDPC,10269,1991,116.13000000000001
ADH_RDPC,10269,2000,135.8
ADH_RDPC,10269,2010,323.92
ADH_RDPC,10270,1991,137.4359126355164
ADH_RDPC,10270,2000,255.2417462000707
ADH_RDPC,10270,2010,351.1561541813112
ADH_RDPC,10271,1991,120.81
ADH_RDPC,10271,2000,183.51
ADH_RDPC,10271,2010,280.86
ADH_RDPC,10272,1991,164.6277145297545
ADH_RDPC,10272,2000,241.15179936387682
ADH_RDPC,10272,2010,353.79099432095916
ADH_RDPC,10273,1991,71.78
ADH_RDPC,10273,2000,109.15000000000002
ADH_RDPC,10273,2010,228.71
ADH_RDPC,10274,1991,122.9
ADH_RDPC,10274,2000,190.69
ADH_RDPC,10274,2010,275.22
ADH_RDPC,10275,1991,106.02
ADH_RDPC,10275,2000,226.32000000000002
ADH_RDPC,10275,2010,293.01
ADH_RDPC,10276,1991,106.43
ADH_RDPC,10276,2000,119.96999999999998
ADH_RDPC,10276,2010,212.09
ADH_RDPC,10277,1991,121.76
ADH_RDPC,10277,2000,195.57
ADH_RDPC,10277,2010,294.83
ADH_RDPC,10278,1991,79.95000000000002
ADH_RDPC,10278,2000,150.84
ADH_RDPC,10278,2010,252.98
ADH_RDPC,10279,1991,104.55
ADH_RDPC,10279,2000,199.01000000000002
ADH_RDPC,10279,2010,274.58
ADH_RDPC,10280,1991,169
ADH_RDPC,10280,2000,190.26
ADH_RDPC,10280,2010,274.86
ADH_RDPC,10281,1991,206.09
ADH_RDPC,10281,2000,223.19
ADH_RDPC,10281,2010,271.59
ADH_RDPC,10282,1991,183.01
ADH_RDPC,10282,2000,171.4
ADH_RDPC,10282,2010,301.42
ADH_RDPC,10283,1991,122.67
ADH_RDPC,10283,2000,148.32
ADH_RDPC,10283,2010,286.45
ADH_RDPC,10284,1991,117.07
ADH_RDPC,10284,2000,149.12
ADH_RDPC,10284,2010,251.86999999999998
ADH_RDPC,10285,1991,93.75
ADH_RDPC,10285,2000,99.22
ADH_RDPC,10285,2010,220.77
ADH_RDPC,10286,1991,93.62
ADH_RDPC,10286,2000,148.95
ADH_RDPC,10286,2010,282.42
ADH_RDPC,10287,1991,98.78
ADH_RDPC,10287,2000,201.86
ADH_RDPC,10287,2010,280.25
ADH_RDPC,10288,1991,144.75
ADH_RDPC,10288,2000,231.13
ADH_RDPC,10288,2010,260.09
ADH_RDPC,10289,1991,157.26
ADH_RDPC,10289,2000,196.77
ADH_RDPC,10289,2010,318.31
ADH_RDPC,10290,1991,157.22
ADH_RDPC,10290,2000,209
ADH_RDPC,10290,2010,304.18
ADH_RDPC,10291,1991,92.82
ADH_RDPC,10291,2000,132.28
ADH_RDPC,10291,2010,263.19
ADH_RDPC,10292,1991,184.0239449305198
ADH_RDPC,10292,2000,239.75768128616613
ADH_RDPC,10292,2010,372.0398134809641
ADH_RDPC,10293,1991,225.94
ADH_RDPC,10293,2000,315.85
ADH_RDPC,10293,2010,540.38
ADH_RDPC,10294,1991,149.93
ADH_RDPC,10294,2000,180.13
ADH_RDPC,10294,2010,358.13
ADH_RDPC,10295,1991,125.52
ADH_RDPC,10295,2000,163.73
ADH_RDPC,10295,2010,302.2
ADH_RDPC,10296,1991,126.76133565786667
ADH_RDPC,10296,2000,195.4904891402226
ADH_RDPC,10296,2010,371.7720286509205
ADH_RDPC,10297,1991,161.74
ADH_RDPC,10297,2000,223.36
ADH_RDPC,10297,2010,299.6499999999999
ADH_RDPC,10298,1991,119.19
ADH_RDPC,10298,2000,203.42
ADH_RDPC,10298,2010,268.96
ADH_RDPC,10299,1991,204.7
ADH_RDPC,10299,2000,248.78999999999996
ADH_RDPC,10299,2010,433.23
ADH_RDPC,10300,1991,147.35
ADH_RDPC,10300,2000,221.05
ADH_RDPC,10300,2010,419.27
ADH_RDPC,10301,1991,132.17
ADH_RDPC,10301,2000,202.61
ADH_RDPC,10301,2010,274.08
ADH_RDPC,10302,1991,213.8
ADH_RDPC,10302,2000,249.07
ADH_RDPC,10302,2010,411.75
ADH_RDPC,10303,1991,142.7
ADH_RDPC,10303,2000,201.62
ADH_RDPC,10303,2010,338.34
ADH_RDPC,10304,1991,90.51999999999998
ADH_RDPC,10304,2000,103.39
ADH_RDPC,10304,2010,208.2
ADH_RDPC,10305,1991,100.42000000000002
ADH_RDPC,10305,2000,151.98
ADH_RDPC,10305,2010,238.81
ADH_RDPC,10306,1991,137.18
ADH_RDPC,10306,2000,223.28999999999996
ADH_RDPC,10306,2010,310.95
ADH_RDPC,10307,1991,217.64
ADH_RDPC,10307,2000,178.55
ADH_RDPC,10307,2010,276.29
ADH_RDPC,10308,1991,136.77
ADH_RDPC,10308,2000,144.4
ADH_RDPC,10308,2010,222.84
ADH_RDPC,10309,1991,76.5
ADH_RDPC,10309,2000,136.27
ADH_RDPC,10309,2010,228.74
ADH_RDPC,10310,1991,94.87
ADH_RDPC,10310,2000,142.27
ADH_RDPC,10310,2010,232.52
ADH_RDPC,10311,1991,105.86999999999999
ADH_RDPC,10311,2000,167.64
ADH_RDPC,10311,2010,261.29
ADH_RDPC,10312,1991,234.94000000000003
ADH_RDPC,10312,2000,304.53
ADH_RDPC,10312,2010,431.97
ADH_RDPC,10313,1991,78.9
ADH_RDPC,10313,2000,152.79
ADH_RDPC,10313,2010,220.67
ADH_RDPC,10314,1991,79.43
ADH_RDPC,10314,2000,149.13
ADH_RDPC,10314,2010,216.5
ADH_RDPC,10315,1991,134.27
ADH_RDPC,10315,2000,244.97999999999996
ADH_RDPC,10315,2010,268.62
ADH_RDPC,10316,1991,121.07999999999998
ADH_RDPC,10316,2000,216.89
ADH_RDPC,10316,2010,273.12
ADH_RDPC,10317,1991,94.91
ADH_RDPC,10317,2000,150.21
ADH_RDPC,10317,2010,270.97
ADH_RDPC,10318,1991,100.75
ADH_RDPC,10318,2000,161.6
ADH_RDPC,10318,2010,312.39
ADH_RDPC,10319,1991,161.07
ADH_RDPC,10319,2000,160.86
ADH_RDPC,10319,2010,272.86
ADH_RDPC,10320,1991,132.6
ADH_RDPC,10320,2000,168.95
ADH_RDPC,10320,2010,278.91
ADH_RDPC,10321,1991,128.52
ADH_RDPC,10321,2000,122.62000000000002
ADH_RDPC,10321,2010,231.92
ADH_RDPC,10322,1991,108.68
ADH_RDPC,10322,2000,163.44
ADH_RDPC,10322,2010,296.6
ADH_RDPC,10323,1991,122.12
ADH_RDPC,10323,2000,150.91
ADH_RDPC,10323,2010,325.69999999999993
ADH_RDPC,10324,1991,93.97
ADH_RDPC,10324,2000,154.14
ADH_RDPC,10324,2010,251.46
ADH_RDPC,10325,1991,95.39
ADH_RDPC,10325,2000,173.83
ADH_RDPC,10325,2010,296.48
ADH_RDPC,10326,1991,163.92
ADH_RDPC,10326,2000,200.76
ADH_RDPC,10326,2010,349.68
ADH_RDPC,10327,1991,182.59
ADH_RDPC,10327,2000,222.1
ADH_RDPC,10327,2010,306.52
ADH_RDPC,10328,1991,104.43
ADH_RDPC,10328,2000,188.40999999999997
ADH_RDPC,10328,2010,286.67
ADH_RDPC,10329,1991,249.82
ADH_RDPC,10329,2000,283
ADH_RDPC,10329,2010,325.07
ADH_RDPC,10330,1991,96.5
ADH_RDPC,10330,2000,170.07
ADH_RDPC,10330,2010,349.43
ADH_RDPC,10331,1991,130.17
ADH_RDPC,10331,2000,155.39
ADH_RDPC,10331,2010,327.96
ADH_RDPC,10332,1991,107
ADH_RDPC,10332,2000,177.6
ADH_RDPC,10332,2010,296.74
ADH_RDPC,10333,1991,198.27000000000004
ADH_RDPC,10333,2000,292.84
ADH_RDPC,10333,2010,408.64
ADH_RDPC,10334,1991,285.21
ADH_RDPC,10334,2000,410.96
ADH_RDPC,10334,2010,555.66
ADH_RDPC,10335,1991,113.49
ADH_RDPC,10335,2000,210.7
ADH_RDPC,10335,2010,283.34
ADH_RDPC,10336,1991,100.26
ADH_RDPC,10336,2000,140
ADH_RDPC,10336,2010,257.12
